sheet,row,lang,box,name,link_col,url,res_path,downloaded
Arch Nemesis Events,2,EN,BigBox,Man the Walls,Name,https://uprising-tts.s3.amazonaws.com/Events/Arch/Walls.png,res://assets/images/Events/Arch/Walls.png,False
Arch Nemesis Events,4,EN,BigBox,Imperial Propaganda,Name,https://uprising-tts.s3.amazonaws.com/Events/Arch/Propaganda.png,res://assets/images/Events/Arch/Propaganda.png,False
Arch Nemesis Events,6,EN,BigBox,Onslaught,Name,https://uprising-tts.s3.amazonaws.com/Events/Arch/Onslaught.png,res://assets/images/Events/Arch/Onslaught.png,False
Arch Nemesis Events,8,EN,BigBox,Dark Harbinger,Name,https://uprising-tts.s3.amazonaws.com/Events/Arch/Harbinger.png,res://assets/images/Events/Arch/Harbinger.png,False
Arch Nemesis Events,10,EN,BigBox,Dawn of a Red Sun,Name,https://uprising-tts.s3.amazonaws.com/Events/Arch/Dawn.png,res://assets/images/Events/Arch/Dawn.png,False
Other,2,EN,Core,Dice Distribution,Front,https://uprising-tts.s3.amazonaws.com/TTS/Dice-Distribution.jpg,res://assets/images/TTS/Dice-Distribution.jpg,True
Other,2,EN,Core,Dice Distribution,Back,https://uprising-tts.s3.amazonaws.com/Uprising+Final+EN/CORE_BOX_EN/PLAYERAIDS_EN/Playeraid_Back.jpg,res://assets/images/Uprising+Final+EN/CORE_BOX_EN/PLAYERAIDS_EN/Playeraid_Back.jpg,True
Other,3,DE,Core,Dice Distribution,Front,https://uprising-tts.s3.amazonaws.com/Uprising+Final+DE/CORE+BOX_DE/PLAYERAIDS_DE/Dice+Distribution+Front.jpg,res://assets/images/Uprising+Final+DE/CORE+BOX_DE/PLAYERAIDS_DE/Dice+Distribution+Front.jpg,True
Other,3,DE,Core,Dice Distribution,Back,https://uprising-tts.s3.amazonaws.com/Uprising+Final+DE/CORE+BOX_DE/PLAYERAIDS_DE/Dice+Distribution+Back.jpg,res://assets/images/Uprising+Final+DE/CORE+BOX_DE/PLAYERAIDS_DE/Dice+Distribution+Back.jpg,True
Other,4,EN,Core,Playeraid_Front,Front,https://uprising-tts.s3.amazonaws.com/Uprising+Final+EN/CORE_BOX_EN/PLAYERAIDS_EN/Dice+Distribution+Front.jpg,res://assets/images/Uprising+Final+EN/CORE_BOX_EN/PLAYERAIDS_EN/Dice+Distribution+Front.jpg,True
Other,4,EN,Core,Playeraid_Front,Back,https://uprising-tts.s3.amazonaws.com/Uprising+Final+EN/CORE_BOX_EN/PLAYERAIDS_EN/Dice+Distribution+Back.jpg,res://assets/images/Uprising+Final+EN/CORE_BOX_EN/PLAYERAIDS_EN/Dice+Distribution+Back.jpg,True
Other,5,DE,Core,Playeraid_Front,Front,https://uprising-tts.s3.amazonaws.com/Uprising+Final+DE/CORE+BOX_DE/PLAYERAIDS_DE/Playeraid_Front.jpg,res://assets/images/Uprising+Final+DE/CORE+BOX_DE/PLAYERAIDS_DE/Playeraid_Front.jpg,True
Other,5,DE,Core,Playeraid_Front,Back,https://uprising-tts.s3.amazonaws.com/Uprising+Final+DE/CORE+BOX_DE/PLAYERAIDS_DE/Playeraid_Back.jpg,res://assets/images/Uprising+Final+DE/CORE+BOX_DE/PLAYERAIDS_DE/Playeraid_Back.jpg,True
Other,6,EN,Core,Story Board,Front,https://uprising-tts.s3.amazonaws.com/Uprising+Final+EN/CORE_BOX_EN/BOARDS_EN/Story_Board.jpg,res://assets/images/Uprising+Final+EN/CORE_BOX_EN/BOARDS_EN/Story_Board.jpg,True
Other,7,DE,Core,Story Board,Front,https://uprising-tts.s3.amazonaws.com/Uprising+Final+DE/CORE+BOX_DE/BOARDS_DE/Story_Board.jpg,res://assets/images/Uprising+Final+DE/CORE+BOX_DE/BOARDS_DE/Story_Board.jpg,True
Other,8,EN,Core,Nemesis Board,Front,https://uprising-tts.s3.amazonaws.com/Uprising+Final+EN/CORE_BOX_EN/BOARDS_EN/Nemesis_Board.jpg,res://assets/images/Uprising+Final+EN/CORE_BOX_EN/BOARDS_EN/Nemesis_Board.jpg,True
Other,9,DE,Core,Nemesis Board,Front,https://uprising-tts.s3.amazonaws.com/Uprising+Final+DE/CORE+BOX_DE/BOARDS_DE/Nemesis_Board.jpg,res://assets/images/Uprising+Final+DE/CORE+BOX_DE/BOARDS_DE/Nemesis_Board.jpg,True
Other,10,EN,Core,Game Board,Front,https://uprising-tts.s3.amazonaws.com/Uprising+Final+EN/CORE_BOX_EN/BOARDS_EN/Game+Board+4-Folder.jpg,res://assets/images/Uprising+Final+EN/CORE_BOX_EN/BOARDS_EN/Game+Board+4-Folder.jpg,True
Other,11,DE,Core,Game Board,Front,https://uprising-tts.s3.amazonaws.com/Uprising+Final+DE/CORE+BOX_DE/BOARDS_DE/Game+Board+4-Folder.jpg,res://assets/images/Uprising+Final+DE/CORE+BOX_DE/BOARDS_DE/Game+Board+4-Folder.jpg,True
Advanced Capitals,2,EN,Titans,The Iron Capital,Name,https://uprising-tts.s3.amazonaws.com/Uprising+Final+EN/TITANS_EN/CARDS_EN/BIG_CARDS_EN/ADVANCED_CAPITALS_EN/Advanced_Capital_02.jpg,res://assets/images/Uprising+Final+EN/TITANS_EN/CARDS_EN/BIG_CARDS_EN/ADVANCED_CAPITALS_EN/Advanced_Capital_02.jpg,True
Advanced Capitals,3,DE,Titans,Die Eiserne Hauptstadt,Name,https://uprising-tts.s3.amazonaws.com/Uprising+Final+DE/TITANS_DE/CARDS_DE/BIG_CARDS_DE/ADVANCED_CAPITALS_DE/Advanced_Capital_02.jpg,res://assets/images/Uprising+Final+DE/TITANS_DE/CARDS_DE/BIG_CARDS_DE/ADVANCED_CAPITALS_DE/Advanced_Capital_02.jpg,True
Advanced Capitals,4,EN,Titans,The Capital of Storms,Name,https://uprising-tts.s3.amazonaws.com/Uprising+Final+EN/TITANS_EN/CARDS_EN/BIG_CARDS_EN/ADVANCED_CAPITALS_EN/Advanced_Capital_01.jpg,res://assets/images/Uprising+Final+EN/TITANS_EN/CARDS_EN/BIG_CARDS_EN/ADVANCED_CAPITALS_EN/Advanced_Capital_01.jpg,True
Advanced Capitals,5,DE,Titans,Hauptstadt der Stürme,Name,https://uprising-tts.s3.amazonaws.com/Uprising+Final+DE/TITANS_DE/CARDS_DE/BIG_CARDS_DE/ADVANCED_CAPITALS_DE/Advanced_Capital_01.jpg,res://assets/images/Uprising+Final+DE/TITANS_DE/CARDS_DE/BIG_CARDS_DE/ADVANCED_CAPITALS_DE/Advanced_Capital_01.jpg,True
Advanced Capitals,6,EN,Titans,The Nethersea Capital,Name,https://uprising-tts.s3.amazonaws.com/Uprising+Final+EN/TITANS_EN/CARDS_EN/BIG_CARDS_EN/ADVANCED_CAPITALS_EN/Advanced_Capital_03.jpg,res://assets/images/Uprising+Final+EN/TITANS_EN/CARDS_EN/BIG_CARDS_EN/ADVANCED_CAPITALS_EN/Advanced_Capital_03.jpg,True
Advanced Capitals,7,DE,Titans,Die Untersee Hauptstadt,Name,https://uprising-tts.s3.amazonaws.com/Uprising+Final+DE/TITANS_DE/CARDS_DE/BIG_CARDS_DE/ADVANCED_CAPITALS_DE/Advanced_Capital_03.jpg,res://assets/images/Uprising+Final+DE/TITANS_DE/CARDS_DE/BIG_CARDS_DE/ADVANCED_CAPITALS_DE/Advanced_Capital_03.jpg,True
Arch-Nemesis,2,EN,Arch,The_Kraken_Front,Name,https://uprising-tts.s3.amazonaws.com/Uprising+Final+EN/ARCH-NEMESIS_EN/CARDS_EN/BIG_CARDS_EN/HORDES_EN/Arch_Nemesis_41_The_Kraken_Front.jpg,res://assets/images/Uprising+Final+EN/ARCH-NEMESIS_EN/CARDS_EN/BIG_CARDS_EN/HORDES_EN/Arch_Nemesis_41_The_Kraken_Front.jpg,True
Arch-Nemesis,3,DE,Arch,Der Kraken,Name,https://uprising-tts.s3.amazonaws.com/Uprising+Final+DE/ARCH-NEMESIS_DE/CARDS_DE/BIG_CARDS_DE/HORDES_DE/Arch_Nemesis_41_The_Kraken_Front.jpg,res://assets/images/Uprising+Final+DE/ARCH-NEMESIS_DE/CARDS_DE/BIG_CARDS_DE/HORDES_DE/Arch_Nemesis_41_The_Kraken_Front.jpg,True
Arch-Nemesis,4,EN,Arch,The_Kraken,Name,https://uprising-tts.s3.amazonaws.com/Uprising+Final+EN/ARCH-NEMESIS_EN/CARDS_EN/BIG_CARDS_EN/HORDES_EN/Arch_Nemesis_41_The_Kraken.jpg,res://assets/images/Uprising+Final+EN/ARCH-NEMESIS_EN/CARDS_EN/BIG_CARDS_EN/HORDES_EN/Arch_Nemesis_41_The_Kraken.jpg,True
Arch-Nemesis,5,DE,Arch,Der Kraken,Name,https://uprising-tts.s3.amazonaws.com/Uprising+Final+DE/ARCH-NEMESIS_DE/CARDS_DE/BIG_CARDS_DE/HORDES_DE/Arch_Nemesis_41_The_Kraken.jpg,res://assets/images/Uprising+Final+DE/ARCH-NEMESIS_DE/CARDS_DE/BIG_CARDS_DE/HORDES_DE/Arch_Nemesis_41_The_Kraken.jpg,True
Arch-Nemesis,6,EN,Arch,The_Harvester_Front,Name,https://uprising-tts.s3.amazonaws.com/Uprising+Final+EN/ARCH-NEMESIS_EN/CARDS_EN/BIG_CARDS_EN/HORDES_EN/Arch_Nemesis_43_The_Harvester_Front.jpg,res://assets/images/Uprising+Final+EN/ARCH-NEMESIS_EN/CARDS_EN/BIG_CARDS_EN/HORDES_EN/Arch_Nemesis_43_The_Harvester_Front.jpg,True
Arch-Nemesis,7,DE,Arch,Der Seelensammler,Name,https://uprising-tts.s3.amazonaws.com/Uprising+Final+DE/ARCH-NEMESIS_DE/CARDS_DE/BIG_CARDS_DE/HORDES_DE/Arch_Nemesis_43_The_Harvester_Front.jpg,res://assets/images/Uprising+Final+DE/ARCH-NEMESIS_DE/CARDS_DE/BIG_CARDS_DE/HORDES_DE/Arch_Nemesis_43_The_Harvester_Front.jpg,True
Arch-Nemesis,8,EN,Arch,The_Harvester,Name,https://uprising-tts.s3.amazonaws.com/Uprising+Final+EN/ARCH-NEMESIS_EN/CARDS_EN/BIG_CARDS_EN/HORDES_EN/Arch_Nemesis_43_The_Harvester.jpg,res://assets/images/Uprising+Final+EN/ARCH-NEMESIS_EN/CARDS_EN/BIG_CARDS_EN/HORDES_EN/Arch_Nemesis_43_The_Harvester.jpg,True
Arch-Nemesis,9,DE,Arch,Der Seelensammler,Name,https://uprising-tts.s3.amazonaws.com/Uprising+Final+DE/ARCH-NEMESIS_DE/CARDS_DE/BIG_CARDS_DE/HORDES_DE/Arch_Nemesis_43_The_Harvester.jpg,res://assets/images/Uprising+Final+DE/ARCH-NEMESIS_DE/CARDS_DE/BIG_CARDS_DE/HORDES_DE/Arch_Nemesis_43_The_Harvester.jpg,True
Arch-Nemesis,10,EN,Arch,Drakolich_Front,Name,https://uprising-tts.s3.amazonaws.com/Uprising+Final+EN/ARCH-NEMESIS_EN/CARDS_EN/BIG_CARDS_EN/LEGIONS_EN/Arch_Nemesis_46_Drakoliche_Front.jpg,res://assets/images/Uprising+Final+EN/ARCH-NEMESIS_EN/CARDS_EN/BIG_CARDS_EN/LEGIONS_EN/Arch_Nemesis_46_Drakoliche_Front.jpg,True
Arch-Nemesis,11,DE,Arch,Der Drakoliche,Name,https://uprising-tts.s3.amazonaws.com/Uprising+Final+DE/ARCH-NEMESIS_DE/CARDS_DE/BIG_CARDS_DE/LEGIONS_DE/Arch_Nemesis_46_Drakoliche_Front.jpg,res://assets/images/Uprising+Final+DE/ARCH-NEMESIS_DE/CARDS_DE/BIG_CARDS_DE/LEGIONS_DE/Arch_Nemesis_46_Drakoliche_Front.jpg,True
Arch-Nemesis,12,EN,Arch,Drakoliche,Name,https://uprising-tts.s3.amazonaws.com/Uprising+Final+EN/ARCH-NEMESIS_EN/CARDS_EN/BIG_CARDS_EN/LEGIONS_EN/Arch_Nemesis_46_Drakoliche.jpg,res://assets/images/Uprising+Final+EN/ARCH-NEMESIS_EN/CARDS_EN/BIG_CARDS_EN/LEGIONS_EN/Arch_Nemesis_46_Drakoliche.jpg,True
Arch-Nemesis,13,DE,Arch,Der Drakoliche,Name,https://uprising-tts.s3.amazonaws.com/Uprising+Final+DE/ARCH-NEMESIS_DE/CARDS_DE/BIG_CARDS_DE/LEGIONS_DE/Arch_Nemesis_46_Drakoliche.jpg,res://assets/images/Uprising+Final+DE/ARCH-NEMESIS_DE/CARDS_DE/BIG_CARDS_DE/LEGIONS_DE/Arch_Nemesis_46_Drakoliche.jpg,True
Arch-Nemesis,14,EN,Arch,The Empress_Front,Name,https://uprising-tts.s3.amazonaws.com/Uprising+Final+EN/ARCH-NEMESIS_EN/CARDS_EN/BIG_CARDS_EN/LEGIONS_EN/Arch_Nemesis_49_TheEmpress_Front.jpg,res://assets/images/Uprising+Final+EN/ARCH-NEMESIS_EN/CARDS_EN/BIG_CARDS_EN/LEGIONS_EN/Arch_Nemesis_49_TheEmpress_Front.jpg,True
Arch-Nemesis,15,DE,Arch,Die Imperatorin,Name,https://uprising-tts.s3.amazonaws.com/Uprising+Final+DE/ARCH-NEMESIS_DE/CARDS_DE/BIG_CARDS_DE/LEGIONS_DE/Arch_Nemesis_49_TheEmpress_Front.jpg,res://assets/images/Uprising+Final+DE/ARCH-NEMESIS_DE/CARDS_DE/BIG_CARDS_DE/LEGIONS_DE/Arch_Nemesis_49_TheEmpress_Front.jpg,True
Arch-Nemesis,16,EN,Arch,The Empress,Name,https://uprising-tts.s3.amazonaws.com/Uprising+Final+EN/ARCH-NEMESIS_EN/CARDS_EN/BIG_CARDS_EN/LEGIONS_EN/Arch_Nemesis_49_TheEmpress.jpg,res://assets/images/Uprising+Final+EN/ARCH-NEMESIS_EN/CARDS_EN/BIG_CARDS_EN/LEGIONS_EN/Arch_Nemesis_49_TheEmpress.jpg,True
Arch-Nemesis,17,DE,Arch,Die Imperatorin,Name,https://uprising-tts.s3.amazonaws.com/Uprising+Final+DE/ARCH-NEMESIS_DE/CARDS_DE/BIG_CARDS_DE/LEGIONS_DE/Arch_Nemesis_49_TheEmpress.jpg,res://assets/images/Uprising+Final+DE/ARCH-NEMESIS_DE/CARDS_DE/BIG_CARDS_DE/LEGIONS_DE/Arch_Nemesis_49_TheEmpress.jpg,True
Allies,2,,DE,Altruist,Name,https://uprising-tts.s3.amazonaws.com/Uprising+Final+DE/ALLIES_FEATS_DE/Allies_Feat_Azyr.jpg,res://assets/images/Uprising+Final+DE/ALLIES_FEATS_DE/Allies_Feat_Azyr.jpg,True
Allies,3,,EN,Altruist,Name,https://uprising-tts.s3.amazonaws.com/Uprising+Final+EN/ALLIES_FEATS_EN/Allies_Feat_Azyr.jpg,res://assets/images/Uprising+Final+EN/ALLIES_FEATS_EN/Allies_Feat_Azyr.jpg,True
Allies,4,,DE,Unbeugsame Verteidiger,Name,https://uprising-tts.s3.amazonaws.com/Uprising+Final+DE/ALLIES_FEATS_DE/Allies_Feat_Baranth.jpg,res://assets/images/Uprising+Final+DE/ALLIES_FEATS_DE/Allies_Feat_Baranth.jpg,True
Allies,5,,EN,Tenacious Defender,Name,https://uprising-tts.s3.amazonaws.com/Uprising+Final+EN/ALLIES_FEATS_EN/Allies_Feat_Baranth.jpg,res://assets/images/Uprising+Final+EN/ALLIES_FEATS_EN/Allies_Feat_Baranth.jpg,True
Allies,6,,DE,Schlachtopfer,Name,https://uprising-tts.s3.amazonaws.com/Uprising+Final+DE/ALLIES_FEATS_DE/Allies_Feat_Dugpa.jpg,res://assets/images/Uprising+Final+DE/ALLIES_FEATS_DE/Allies_Feat_Dugpa.jpg,True
Allies,7,,EN,Blood for Blood,Name,https://uprising-tts.s3.amazonaws.com/Uprising+Final+EN/ALLIES_FEATS_EN/Allies_Feat_Dugpa.jpg,res://assets/images/Uprising+Final+EN/ALLIES_FEATS_EN/Allies_Feat_Dugpa.jpg,True
Allies,8,,DE,Hasardeur,Name,https://uprising-tts.s3.amazonaws.com/Uprising+Final+DE/ALLIES_FEATS_DE/Allies_Feat_Eyvind.jpg,res://assets/images/Uprising+Final+DE/ALLIES_FEATS_DE/Allies_Feat_Eyvind.jpg,True
Allies,9,,EN,Fifty-Fifty,Name,https://uprising-tts.s3.amazonaws.com/Uprising+Final+EN/ALLIES_FEATS_EN/Allies_Feat_Eyvind.jpg,res://assets/images/Uprising+Final+EN/ALLIES_FEATS_EN/Allies_Feat_Eyvind.jpg,True
Allies,10,,EN,Artificer,Name,https://uprising-tts.s3.amazonaws.com/Uprising+Final+EN/ALLIES_FEATS_EN/Allies_Feat_Fhayanor.jpg,res://assets/images/Uprising+Final+EN/ALLIES_FEATS_EN/Allies_Feat_Fhayanor.jpg,True
Allies,11,,DE,Seelenschmied,Name,https://uprising-tts.s3.amazonaws.com/Uprising+Final+DE/ALLIES_FEATS_DE/Allies_Feat_Fhayanor.jpg,res://assets/images/Uprising+Final+DE/ALLIES_FEATS_DE/Allies_Feat_Fhayanor.jpg,True
Allies,12,,DE,Füllhorn des Hirten,Name,https://uprising-tts.s3.amazonaws.com/Uprising+Final+DE/ALLIES_FEATS_DE/Allies_Feat_Fjalka.jpg,res://assets/images/Uprising+Final+DE/ALLIES_FEATS_DE/Allies_Feat_Fjalka.jpg,True
Allies,13,,EN,Shepherd's Bounty,Name,https://uprising-tts.s3.amazonaws.com/Uprising+Final+EN/ALLIES_FEATS_EN/Allies_Feat_Fjalka.jpg,res://assets/images/Uprising+Final+EN/ALLIES_FEATS_EN/Allies_Feat_Fjalka.jpg,True
Allies,14,,DE,Hehlerware,Name,https://uprising-tts.s3.amazonaws.com/Uprising+Final+DE/ALLIES_FEATS_DE/Allies_Feat_Hanzo.jpg,res://assets/images/Uprising+Final+DE/ALLIES_FEATS_DE/Allies_Feat_Hanzo.jpg,True
Allies,15,,EN,Fenced Goods,Name,https://uprising-tts.s3.amazonaws.com/Uprising+Final+EN/ALLIES_FEATS_EN/Allies_Feat_Hanzo.jpg,res://assets/images/Uprising+Final+EN/ALLIES_FEATS_EN/Allies_Feat_Hanzo.jpg,True
Allies,16,,EN,Marauders,Name,https://uprising-tts.s3.amazonaws.com/Uprising+Final+EN/ALLIES_FEATS_EN/Allies_Feat_Khaal.jpg,res://assets/images/Uprising+Final+EN/ALLIES_FEATS_EN/Allies_Feat_Khaal.jpg,True
Allies,17,,DE,Plünderer,Name,https://uprising-tts.s3.amazonaws.com/Uprising+Final+DE/ALLIES_FEATS_DE/Allies_Feat_Khaal.jpg,res://assets/images/Uprising+Final+DE/ALLIES_FEATS_DE/Allies_Feat_Khaal.jpg,True
Allies,18,,DE,Wahnsinn der Untersee,Name,https://uprising-tts.s3.amazonaws.com/Uprising+Final+DE/ALLIES_FEATS_DE/Allies_Feat_Kyushi.jpg,res://assets/images/Uprising+Final+DE/ALLIES_FEATS_DE/Allies_Feat_Kyushi.jpg,True
Allies,19,,EN,Nethersea Voyage,Name,https://uprising-tts.s3.amazonaws.com/Uprising+Final+EN/ALLIES_FEATS_EN/Allies_Feat_Kyushi.jpg,res://assets/images/Uprising+Final+EN/ALLIES_FEATS_EN/Allies_Feat_Kyushi.jpg,True
Allies,20,,DE,Aspekt der Nacht,Name,https://uprising-tts.s3.amazonaws.com/Uprising+Final+DE/ALLIES_FEATS_DE/Allies_Feat_Mother+of+Night.jpg,res://assets/images/Uprising+Final+DE/ALLIES_FEATS_DE/Allies_Feat_Mother+of+Night.jpg,True
Allies,21,,EN,Aspect of Night,Name,https://uprising-tts.s3.amazonaws.com/Uprising+Final+EN/ALLIES_FEATS_EN/Allies_Feat_Mother+of+Night.jpg,res://assets/images/Uprising+Final+EN/ALLIES_FEATS_EN/Allies_Feat_Mother+of+Night.jpg,True
Allies,22,,DE,Durchhalten,Name,https://uprising-tts.s3.amazonaws.com/Uprising+Final+DE/ALLIES_FEATS_DE/Allies_Feat_Mjor.jpg,res://assets/images/Uprising+Final+DE/ALLIES_FEATS_DE/Allies_Feat_Mjor.jpg,True
Allies,23,,EN,Hold the Line,Name,https://uprising-tts.s3.amazonaws.com/Uprising+Final+EN/ALLIES_FEATS_EN/Allies_Feat_Mjor.jpg,res://assets/images/Uprising+Final+EN/ALLIES_FEATS_EN/Allies_Feat_Mjor.jpg,True
Allies,24,,DE,Imperiale Befestigung,Name,https://uprising-tts.s3.amazonaws.com/Uprising+Final+DE/ALLIES_FEATS_DE/Allies_Feat_Mukla.jpg,res://assets/images/Uprising+Final+DE/ALLIES_FEATS_DE/Allies_Feat_Mukla.jpg,True
Allies,25,,EN,Imperial Fortification,Name,https://uprising-tts.s3.amazonaws.com/Uprising+Final+EN/ALLIES_FEATS_EN/Allies_Feat_Mukla.jpg,res://assets/images/Uprising+Final+EN/ALLIES_FEATS_EN/Allies_Feat_Mukla.jpg,True
Allies,26,,DE,Zorn des Titanen,Name,https://uprising-tts.s3.amazonaws.com/Uprising+Final+DE/ALLIES_FEATS_DE/Allies_Feat_Father+of+Thunder.jpg,res://assets/images/Uprising+Final+DE/ALLIES_FEATS_DE/Allies_Feat_Father+of+Thunder.jpg,True
Allies,27,,EN,Wrath of the Titan,Name,https://uprising-tts.s3.amazonaws.com/Uprising+Final+EN/ALLIES_FEATS_EN/Allies_Feat_Father+of+Thunder.jpg,res://assets/images/Uprising+Final+EN/ALLIES_FEATS_EN/Allies_Feat_Father+of+Thunder.jpg,True
Allies,28,,EN,Reparations,Name,https://uprising-tts.s3.amazonaws.com/Uprising+Final+EN/ALLIES_FEATS_EN/Allies_Feat_Ronja.jpg,res://assets/images/Uprising+Final+EN/ALLIES_FEATS_EN/Allies_Feat_Ronja.jpg,True
Allies,29,,DE,Reparationen,Name,https://uprising-tts.s3.amazonaws.com/Uprising+Final+DE/ALLIES_FEATS_DE/Allies_Feat_Ronja.jpg,res://assets/images/Uprising+Final+DE/ALLIES_FEATS_DE/Allies_Feat_Ronja.jpg,True
Allies,30,,EN,Omnipresence,Name,https://uprising-tts.s3.amazonaws.com/Uprising+Final+EN/ALLIES_FEATS_EN/Allies_Feat_Syndra.jpg,res://assets/images/Uprising+Final+EN/ALLIES_FEATS_EN/Allies_Feat_Syndra.jpg,True
Allies,31,,DE,Allgegenwärtig,Name,https://uprising-tts.s3.amazonaws.com/Uprising+Final+DE/ALLIES_FEATS_DE/Allies_Feat_Syndra.jpg,res://assets/images/Uprising+Final+DE/ALLIES_FEATS_DE/Allies_Feat_Syndra.jpg,True
Allies,32,,EN,Oathbreakers Will,Name,https://uprising-tts.s3.amazonaws.com/Uprising+Final+EN/ALLIES_FEATS_EN/Allies_Feat_Tlak.jpg,res://assets/images/Uprising+Final+EN/ALLIES_FEATS_EN/Allies_Feat_Tlak.jpg,True
Allies,33,,DE,Eidbrechers Wille,Name,https://uprising-tts.s3.amazonaws.com/Uprising+Final+DE/ALLIES_FEATS_DE/Allies_Feat_Tlak.jpg,res://assets/images/Uprising+Final+DE/ALLIES_FEATS_DE/Allies_Feat_Tlak.jpg,True
Allies,34,,EN,Pathfinder,Name,https://uprising-tts.s3.amazonaws.com/Uprising+Final+EN/ALLIES_FEATS_EN/Allies_Feat_Tzadani.jpg,res://assets/images/Uprising+Final+EN/ALLIES_FEATS_EN/Allies_Feat_Tzadani.jpg,True
Allies,35,,DE,Pfadfinder,Name,https://uprising-tts.s3.amazonaws.com/Uprising+Final+DE/ALLIES_FEATS_DE/Allies_Feat_Tzadani.jpg,res://assets/images/Uprising+Final+DE/ALLIES_FEATS_DE/Allies_Feat_Tzadani.jpg,True
Allies,36,,EN,Ruler of the Wastes,Name,https://uprising-tts.s3.amazonaws.com/Uprising+Final+EN/ALLIES_FEATS_EN/Allies_Feat_Xaidine.jpg,res://assets/images/Uprising+Final+EN/ALLIES_FEATS_EN/Allies_Feat_Xaidine.jpg,True
Allies,37,,DE,Herrscher der Ödnis,Name,https://uprising-tts.s3.amazonaws.com/Uprising+Final+DE/ALLIES_FEATS_DE/Allies_Feat_Xaidine.jpg,res://assets/images/Uprising+Final+DE/ALLIES_FEATS_DE/Allies_Feat_Xaidine.jpg,True
Allies,38,,EN,Wisdom,Name,https://uprising-tts.s3.amazonaws.com/Uprising+Final+EN/ALLIES_FEATS_EN/Allies_Feat_Yanny.jpg,res://assets/images/Uprising+Final+EN/ALLIES_FEATS_EN/Allies_Feat_Yanny.jpg,True
Allies,39,,DE,Weisheit des Windes,Name,https://uprising-tts.s3.amazonaws.com/Uprising+Final+DE/ALLIES_FEATS_DE/Allies_Feat_Yanny.jpg,res://assets/images/Uprising+Final+DE/ALLIES_FEATS_DE/Allies_Feat_Yanny.jpg,True
Allies,40,,EN,Torrent of the Than,Name,https://uprising-tts.s3.amazonaws.com/Uprising+Final+EN/ALLIES_FEATS_EN/Allies_Feat_Yvaj.jpg,res://assets/images/Uprising+Final+EN/ALLIES_FEATS_EN/Allies_Feat_Yvaj.jpg,True
Allies,41,,DE,Strömung des Thans,Name,https://uprising-tts.s3.amazonaws.com/Uprising+Final+DE/ALLIES_FEATS_DE/Allies_Feat_Yvaj.jpg,res://assets/images/Uprising+Final+DE/ALLIES_FEATS_DE/Allies_Feat_Yvaj.jpg,True
Allies,42,,EN,Rules,Name,https://uprising-tts.s3.amazonaws.com/Uprising+Final+EN/ALLIES_FEATS_EN/Allies_Rules.jpg,res://assets/images/Uprising+Final+EN/ALLIES_FEATS_EN/Allies_Rules.jpg,True
Allies,43,,DE,Regeln,Name,https://uprising-tts.s3.amazonaws.com/Uprising+Final+DE/ALLIES_FEATS_DE/Allies_Rules.jpg,res://assets/images/Uprising+Final+DE/ALLIES_FEATS_DE/Allies_Rules.jpg,True
Banes,2,EN,,Blitz,Name,https://uprising-tts.s3.amazonaws.com/Uprising+Final+EN/TITANS_EN/CHIPS_EN/Chaos_Banes_EN/Blitz.png,res://assets/images/Uprising+Final+EN/TITANS_EN/CHIPS_EN/Chaos_Banes_EN/Blitz.png,True
Banes,3,DE,,Blitz,Name,https://uprising-tts.s3.amazonaws.com/Uprising+Final+DE/TITANS_DE/CHIPS_DE/CHAOS+BANES/Blitz.png,res://assets/images/Uprising+Final+DE/TITANS_DE/CHIPS_DE/CHAOS+BANES/Blitz.png,True
Banes,4,EN,,Dark Prophet,Name,https://uprising-tts.s3.amazonaws.com/Uprising+Final+EN/TITANS_EN/CHIPS_EN/Chaos_Banes_EN/Dark+Prophet.png,res://assets/images/Uprising+Final+EN/TITANS_EN/CHIPS_EN/Chaos_Banes_EN/Dark+Prophet.png,True
Banes,5,DE,,Dunkler Prophet,Name,https://uprising-tts.s3.amazonaws.com/Uprising+Final+DE/TITANS_DE/CHIPS_DE/CHAOS+BANES/Dark+Prophet.png,res://assets/images/Uprising+Final+DE/TITANS_DE/CHIPS_DE/CHAOS+BANES/Dark+Prophet.png,True
Banes,6,EN,,Demonic Spores,Name,https://uprising-tts.s3.amazonaws.com/Uprising+Final+EN/TITANS_EN/CHIPS_EN/Chaos_Banes_EN/Demon+Spores.png,res://assets/images/Uprising+Final+EN/TITANS_EN/CHIPS_EN/Chaos_Banes_EN/Demon+Spores.png,True
Banes,7,DE,,Dämonische Sporen,Name,https://uprising-tts.s3.amazonaws.com/Uprising+Final+DE/TITANS_DE/CHIPS_DE/CHAOS+BANES/Demonic+Spores.png,res://assets/images/Uprising+Final+DE/TITANS_DE/CHIPS_DE/CHAOS+BANES/Demonic+Spores.png,True
Banes,8,EN,,Hellcats,Name,https://uprising-tts.s3.amazonaws.com/Uprising+Final+EN/TITANS_EN/CHIPS_EN/Chaos_Banes_EN/Hellcats.png,res://assets/images/Uprising+Final+EN/TITANS_EN/CHIPS_EN/Chaos_Banes_EN/Hellcats.png,True
Banes,9,DE,,Höllenbiester,Name,https://uprising-tts.s3.amazonaws.com/Uprising+Final+DE/TITANS_DE/CHIPS_DE/CHAOS+BANES/Hellcats.png,res://assets/images/Uprising+Final+DE/TITANS_DE/CHIPS_DE/CHAOS+BANES/Hellcats.png,True
Banes,10,EN,,Eye of Yssat,Name,https://uprising-tts.s3.amazonaws.com/Uprising+Final+EN/TITANS_EN/CHIPS_EN/Chaos_Banes_EN/Eye+of+Yssat.png,res://assets/images/Uprising+Final+EN/TITANS_EN/CHIPS_EN/Chaos_Banes_EN/Eye+of+Yssat.png,True
Banes,11,DE,,Yssat's Auge,Name,https://uprising-tts.s3.amazonaws.com/Uprising+Final+DE/TITANS_DE/CHIPS_DE/CHAOS+BANES/Eye+of+Yssat.png,res://assets/images/Uprising+Final+DE/TITANS_DE/CHIPS_DE/CHAOS+BANES/Eye+of+Yssat.png,True
Banes,12,EN,,Skeletal Archers,Name,https://uprising-tts.s3.amazonaws.com/Uprising+Final+EN/TITANS_EN/CHIPS_EN/Chaos_Banes_EN/Skeletal+Archers.png,res://assets/images/Uprising+Final+EN/TITANS_EN/CHIPS_EN/Chaos_Banes_EN/Skeletal+Archers.png,True
Banes,13,DE,,Skelettschützen,Name,https://uprising-tts.s3.amazonaws.com/Uprising+Final+DE/TITANS_DE/CHIPS_DE/CHAOS+BANES/Skeletal+Archers.png,res://assets/images/Uprising+Final+DE/TITANS_DE/CHIPS_DE/CHAOS+BANES/Skeletal+Archers.png,True
Banes,14,EN,,Undead Shieldbearer,Name,https://uprising-tts.s3.amazonaws.com/Uprising+Final+EN/TITANS_EN/CHIPS_EN/Chaos_Banes_EN/Undead+Orgon+Shieldbearer.png,res://assets/images/Uprising+Final+EN/TITANS_EN/CHIPS_EN/Chaos_Banes_EN/Undead+Orgon+Shieldbearer.png,True
Banes,15,DE,,Untoter Schildträger,Name,https://uprising-tts.s3.amazonaws.com/Uprising+Final+DE/TITANS_DE/CHIPS_DE/CHAOS+BANES/Undead+Orgon+Shieldbearer.png,res://assets/images/Uprising+Final+DE/TITANS_DE/CHIPS_DE/CHAOS+BANES/Undead+Orgon+Shieldbearer.png,True
Banes,16,EN,,Vermin Plague,Name,https://uprising-tts.s3.amazonaws.com/Uprising+Final+EN/TITANS_EN/CHIPS_EN/Chaos_Banes_EN/Vermin+Plague.png,res://assets/images/Uprising+Final+EN/TITANS_EN/CHIPS_EN/Chaos_Banes_EN/Vermin+Plague.png,True
Banes,17,DE,,Ungezieferplage,Name,https://uprising-tts.s3.amazonaws.com/Uprising+Final+DE/TITANS_DE/CHIPS_DE/CHAOS+BANES/Vermin+Plague.png,res://assets/images/Uprising+Final+DE/TITANS_DE/CHIPS_DE/CHAOS+BANES/Vermin+Plague.png,True
Banes,18,EN,,Zombies,Name,https://uprising-tts.s3.amazonaws.com/Uprising+Final+EN/TITANS_EN/CHIPS_EN/Chaos_Banes_EN/Zombies.png,res://assets/images/Uprising+Final+EN/TITANS_EN/CHIPS_EN/Chaos_Banes_EN/Zombies.png,True
Banes,19,DE,,Zombies,Name,https://uprising-tts.s3.amazonaws.com/Uprising+Final+DE/TITANS_DE/CHIPS_DE/CHAOS+BANES/Zombies.png,res://assets/images/Uprising+Final+DE/TITANS_DE/CHIPS_DE/CHAOS+BANES/Zombies.png,True
Banes,20,EN,,Call of Chaos,Name,https://uprising-tts.s3.amazonaws.com/Uprising+Final+EN/TITANS_EN/CHIPS_EN/Chaos_Banes_EN/Call+of+Chaos.png,res://assets/images/Uprising+Final+EN/TITANS_EN/CHIPS_EN/Chaos_Banes_EN/Call+of+Chaos.png,True
Banes,21,DE,,Ruf des Chaos,Name,https://uprising-tts.s3.amazonaws.com/Uprising+Final+DE/TITANS_DE/CHIPS_DE/CHAOS+BANES/Call+of+Chaos.png,res://assets/images/Uprising+Final+DE/TITANS_DE/CHIPS_DE/CHAOS+BANES/Call+of+Chaos.png,True
Banes,22,EN,,Shattered Earth,Name,https://uprising-tts.s3.amazonaws.com/Uprising+Final+EN/TITANS_EN/CHIPS_EN/Chaos_Banes_EN/Shattered+Earth.png,res://assets/images/Uprising+Final+EN/TITANS_EN/CHIPS_EN/Chaos_Banes_EN/Shattered+Earth.png,True
Banes,23,DE,,Verfaultes Erdreich,Name,https://uprising-tts.s3.amazonaws.com/Uprising+Final+DE/TITANS_DE/CHIPS_DE/CHAOS+BANES/Shattered+Earth.png,res://assets/images/Uprising+Final+DE/TITANS_DE/CHIPS_DE/CHAOS+BANES/Shattered+Earth.png,True
Banes,24,EN,,Trail of Bones,Name,https://uprising-tts.s3.amazonaws.com/Uprising+Final+EN/TITANS_EN/CHIPS_EN/Chaos_Banes_EN/Wind+of+Rot.png,res://assets/images/Uprising+Final+EN/TITANS_EN/CHIPS_EN/Chaos_Banes_EN/Wind+of+Rot.png,True
Banes,25,DE,,Knochenspur,Name,https://uprising-tts.s3.amazonaws.com/Uprising+Final+DE/TITANS_DE/CHIPS_DE/CHAOS+BANES/Trail+of+Bones.png,res://assets/images/Uprising+Final+DE/TITANS_DE/CHIPS_DE/CHAOS+BANES/Trail+of+Bones.png,True
Banes,26,EN,,Conqeurer,Name,https://uprising-tts.s3.amazonaws.com/Uprising+Final+EN/TITANS_EN/CHIPS_EN/Chaos_Banes_EN/Conquerer.png,res://assets/images/Uprising+Final+EN/TITANS_EN/CHIPS_EN/Chaos_Banes_EN/Conquerer.png,True
Banes,27,DE,,Eroberer,Name,https://uprising-tts.s3.amazonaws.com/Uprising+Final+DE/TITANS_DE/CHIPS_DE/CHAOS+BANES/Conquerer.png,res://assets/images/Uprising+Final+DE/TITANS_DE/CHIPS_DE/CHAOS+BANES/Conquerer.png,True
Banes,28,EN,,Drakorean Adepts,Name,https://uprising-tts.s3.amazonaws.com/Uprising+Final+EN/TITANS_EN/CHIPS_EN/Imperial+Banes_EN/Drakorean+Adepts.png,res://assets/images/Uprising+Final+EN/TITANS_EN/CHIPS_EN/Imperial+Banes_EN/Drakorean+Adepts.png,True
Banes,29,DE,,Drakoreanische Sänger,Name,https://uprising-tts.s3.amazonaws.com/Uprising+Final+DE/TITANS_DE/CHIPS_DE/IMPERIAL+BANES/Drakorean+Adepts.png,res://assets/images/Uprising+Final+DE/TITANS_DE/CHIPS_DE/IMPERIAL+BANES/Drakorean+Adepts.png,True
Banes,30,EN,,Imperial Engineers,Name,https://uprising-tts.s3.amazonaws.com/Uprising+Final+EN/TITANS_EN/CHIPS_EN/Imperial+Banes_EN/Imperial+Engineers.png,res://assets/images/Uprising+Final+EN/TITANS_EN/CHIPS_EN/Imperial+Banes_EN/Imperial+Engineers.png,True
Banes,31,DE,,Imperiale Pioniere,Name,https://uprising-tts.s3.amazonaws.com/Uprising+Final+DE/TITANS_DE/CHIPS_DE/IMPERIAL+BANES/Imperial+Engineers.png,res://assets/images/Uprising+Final+DE/TITANS_DE/CHIPS_DE/IMPERIAL+BANES/Imperial+Engineers.png,True
Banes,32,EN,,Imperial Harper,Name,https://uprising-tts.s3.amazonaws.com/Uprising+Final+EN/TITANS_EN/CHIPS_EN/Imperial+Banes_EN/Imperial+Harper.png,res://assets/images/Uprising+Final+EN/TITANS_EN/CHIPS_EN/Imperial+Banes_EN/Imperial+Harper.png,True
Banes,33,DE,,Imperialer Harfner,Name,https://uprising-tts.s3.amazonaws.com/Uprising+Final+DE/TITANS_DE/CHIPS_DE/IMPERIAL+BANES/Imperial+Harper.png,res://assets/images/Uprising+Final+DE/TITANS_DE/CHIPS_DE/IMPERIAL+BANES/Imperial+Harper.png,True
Banes,34,EN,,Imperial Mandate,Name,https://uprising-tts.s3.amazonaws.com/Uprising+Final+EN/TITANS_EN/CHIPS_EN/Imperial+Banes_EN/Imperial+Mandate.png,res://assets/images/Uprising+Final+EN/TITANS_EN/CHIPS_EN/Imperial+Banes_EN/Imperial+Mandate.png,True
Banes,35,DE,,Imperiales Mandat,Name,https://uprising-tts.s3.amazonaws.com/Uprising+Final+DE/TITANS_DE/CHIPS_DE/IMPERIAL+BANES/Imperial+Mandate.png,res://assets/images/Uprising+Final+DE/TITANS_DE/CHIPS_DE/IMPERIAL+BANES/Imperial+Mandate.png,True
Banes,36,EN,,Master Marksmen,Name,https://uprising-tts.s3.amazonaws.com/Uprising+Final+EN/TITANS_EN/CHIPS_EN/Imperial+Banes_EN/Master+Marksmen.png,res://assets/images/Uprising+Final+EN/TITANS_EN/CHIPS_EN/Imperial+Banes_EN/Master+Marksmen.png,True
Banes,37,DE,,Scharfschützen,Name,https://uprising-tts.s3.amazonaws.com/Uprising+Final+DE/TITANS_DE/CHIPS_DE/IMPERIAL+BANES/Master+Marksmen.png,res://assets/images/Uprising+Final+DE/TITANS_DE/CHIPS_DE/IMPERIAL+BANES/Master+Marksmen.png,True
Banes,38,EN,,Imperial War Lizard,Name,https://uprising-tts.s3.amazonaws.com/Uprising+Final+EN/TITANS_EN/CHIPS_EN/Imperial+Banes_EN/Imperial+War+Lizard.png,res://assets/images/Uprising+Final+EN/TITANS_EN/CHIPS_EN/Imperial+Banes_EN/Imperial+War+Lizard.png,True
Banes,39,DE,,Imperiale Kriegsechse,Name,https://uprising-tts.s3.amazonaws.com/Uprising+Final+DE/TITANS_DE/CHIPS_DE/IMPERIAL+BANES/Imperial+War+Lizard.png,res://assets/images/Uprising+Final+DE/TITANS_DE/CHIPS_DE/IMPERIAL+BANES/Imperial+War+Lizard.png,True
Banes,40,EN,,Infiltrators,Name,https://uprising-tts.s3.amazonaws.com/Uprising+Final+EN/TITANS_EN/CHIPS_EN/Imperial+Banes_EN/Infiltrators.png,res://assets/images/Uprising+Final+EN/TITANS_EN/CHIPS_EN/Imperial+Banes_EN/Infiltrators.png,True
Banes,41,DE,,Infiltratoren,Name,https://uprising-tts.s3.amazonaws.com/Uprising+Final+DE/TITANS_DE/CHIPS_DE/IMPERIAL+BANES/Infiltrators.png,res://assets/images/Uprising+Final+DE/TITANS_DE/CHIPS_DE/IMPERIAL+BANES/Infiltrators.png,True
Banes,42,EN,,Lizard Riders,Name,https://uprising-tts.s3.amazonaws.com/Uprising+Final+EN/TITANS_EN/CHIPS_EN/Imperial+Banes_EN/Lizard+Riders.png,res://assets/images/Uprising+Final+EN/TITANS_EN/CHIPS_EN/Imperial+Banes_EN/Lizard+Riders.png,True
Banes,43,DE,,Echsenreiter,Name,https://uprising-tts.s3.amazonaws.com/Uprising+Final+DE/TITANS_DE/CHIPS_DE/IMPERIAL+BANES/Lizard+Riders.png,res://assets/images/Uprising+Final+DE/TITANS_DE/CHIPS_DE/IMPERIAL+BANES/Lizard+Riders.png,True
Banes,44,EN,,Nethersea Ambush,Name,https://uprising-tts.s3.amazonaws.com/Uprising+Final+EN/TITANS_EN/CHIPS_EN/Imperial+Banes_EN/Nethersea+Ambush.png,res://assets/images/Uprising+Final+EN/TITANS_EN/CHIPS_EN/Imperial+Banes_EN/Nethersea+Ambush.png,True
Banes,45,DE,,Imperialer Hinterhalt,Name,https://uprising-tts.s3.amazonaws.com/Uprising+Final+DE/TITANS_DE/CHIPS_DE/IMPERIAL+BANES/Nethersea+Ambush.png,res://assets/images/Uprising+Final+DE/TITANS_DE/CHIPS_DE/IMPERIAL+BANES/Nethersea+Ambush.png,True
Banes,46,EN,,Imperial Arsenal,Name,https://uprising-tts.s3.amazonaws.com/Uprising+Final+EN/TITANS_EN/CHIPS_EN/Imperial+Banes_EN/Imperial+Arsenal.png,res://assets/images/Uprising+Final+EN/TITANS_EN/CHIPS_EN/Imperial+Banes_EN/Imperial+Arsenal.png,True
Banes,47,DE,,Imperiale Waffenkammer,Name,https://uprising-tts.s3.amazonaws.com/Uprising+Final+DE/TITANS_DE/CHIPS_DE/IMPERIAL+BANES/Imperial+Arsenal.png,res://assets/images/Uprising+Final+DE/TITANS_DE/CHIPS_DE/IMPERIAL+BANES/Imperial+Arsenal.png,True
Banes,48,EN,,Supply Lines,Name,https://uprising-tts.s3.amazonaws.com/Uprising+Final+EN/TITANS_EN/CHIPS_EN/Imperial+Banes_EN/Supply+Lines.png,res://assets/images/Uprising+Final+EN/TITANS_EN/CHIPS_EN/Imperial+Banes_EN/Supply+Lines.png,True
Banes,49,DE,,Versorgungslinien,Name,https://uprising-tts.s3.amazonaws.com/Uprising+Final+DE/TITANS_DE/CHIPS_DE/IMPERIAL+BANES/Supply+Lines.png,res://assets/images/Uprising+Final+DE/TITANS_DE/CHIPS_DE/IMPERIAL+BANES/Supply+Lines.png,True
Banes,50,EN,,Hail of Arrows,Name,https://uprising-tts.s3.amazonaws.com/Uprising+Final+EN/TITANS_EN/CHIPS_EN/Imperial+Banes_EN/Hail+of+Arrows.png,res://assets/images/Uprising+Final+EN/TITANS_EN/CHIPS_EN/Imperial+Banes_EN/Hail+of+Arrows.png,True
Banes,51,DE,,Pfeilhagel,Name,https://uprising-tts.s3.amazonaws.com/Uprising+Final+DE/TITANS_DE/CHIPS_DE/IMPERIAL+BANES/Hail+of+Arrows.png,res://assets/images/Uprising+Final+DE/TITANS_DE/CHIPS_DE/IMPERIAL+BANES/Hail+of+Arrows.png,True
Banes,52,EN,,Scorched Earth,Name,https://uprising-tts.s3.amazonaws.com/Uprising+Final+EN/TITANS_EN/CHIPS_EN/Imperial+Banes_EN/Scorched+Earth.png,res://assets/images/Uprising+Final+EN/TITANS_EN/CHIPS_EN/Imperial+Banes_EN/Scorched+Earth.png,True
Banes,53,DE,,Verbrannte Erde,Name,https://uprising-tts.s3.amazonaws.com/Uprising+Final+DE/TITANS_DE/CHIPS_DE/IMPERIAL+BANES/Scorched+Earth.png,res://assets/images/Uprising+Final+DE/TITANS_DE/CHIPS_DE/IMPERIAL+BANES/Scorched+Earth.png,True
Blessings,2,EN,,Rules,Name,https://uprising-tts.s3.amazonaws.com/Uprising+Final+EN/BLESSINGS_EN/Blessings_10_Rules.jpg,res://assets/images/Uprising+Final+EN/BLESSINGS_EN/Blessings_10_Rules.jpg,True
Blessings,3,DE,,Regeln,Name,https://uprising-tts.s3.amazonaws.com/Uprising+Final+DE/BLESSINGS_DE/Blessings_10_Rules.jpg,res://assets/images/Uprising+Final+DE/BLESSINGS_DE/Blessings_10_Rules.jpg,True
Blessings,4,EN,,Astral Touch,Name,https://uprising-tts.s3.amazonaws.com/Uprising+Final+EN/BLESSINGS_EN/Blessings_05_Watcher.jpg,res://assets/images/Uprising+Final+EN/BLESSINGS_EN/Blessings_05_Watcher.jpg,True
Blessings,5,DE,,Astrale Berührung,Name,https://uprising-tts.s3.amazonaws.com/Uprising+Final+DE/BLESSINGS_DE/Blessings_05_Watcher.jpg,res://assets/images/Uprising+Final+DE/BLESSINGS_DE/Blessings_05_Watcher.jpg,True
Blessings,6,EN,,Dancing Shadows,Name,https://uprising-tts.s3.amazonaws.com/Uprising+Final+EN/BLESSINGS_EN/Blessings_07_Shapeshifter.jpg,res://assets/images/Uprising+Final+EN/BLESSINGS_EN/Blessings_07_Shapeshifter.jpg,True
Blessings,7,DE,,Tanzende Schatten,Name,https://uprising-tts.s3.amazonaws.com/Uprising+Final+DE/BLESSINGS_DE/Blessings_07_Shapeshifter.jpg,res://assets/images/Uprising+Final+DE/BLESSINGS_DE/Blessings_07_Shapeshifter.jpg,True
Blessings,8,EN,,Festival of Springs,Name,https://uprising-tts.s3.amazonaws.com/Uprising+Final+EN/BLESSINGS_EN/Blessings_04_Treemother.jpg,res://assets/images/Uprising+Final+EN/BLESSINGS_EN/Blessings_04_Treemother.jpg,True
Blessings,9,DE,,Frühlingsfest,Name,https://uprising-tts.s3.amazonaws.com/Uprising+Final+DE/BLESSINGS_DE/Blessings_04_Treemother.jpg,res://assets/images/Uprising+Final+DE/BLESSINGS_DE/Blessings_04_Treemother.jpg,True
Blessings,10,EN,,Fountain of Time,Name,https://uprising-tts.s3.amazonaws.com/Uprising+Final+EN/BLESSINGS_EN/Blessings_01_DeepDweller.jpg,res://assets/images/Uprising+Final+EN/BLESSINGS_EN/Blessings_01_DeepDweller.jpg,True
Blessings,11,DE,,Quell der Zeit,Name,https://uprising-tts.s3.amazonaws.com/Uprising+Final+DE/BLESSINGS_DE/Blessings_01_DeepDweller.jpg,res://assets/images/Uprising+Final+DE/BLESSINGS_DE/Blessings_01_DeepDweller.jpg,True
Blessings,12,EN,,Ghostly Fog,Name,https://uprising-tts.s3.amazonaws.com/Uprising+Final+EN/BLESSINGS_EN/Blessings_02_TheSilence.jpg,res://assets/images/Uprising+Final+EN/BLESSINGS_EN/Blessings_02_TheSilence.jpg,True
Blessings,13,DE,,Geisterhafter Nebel,Name,https://uprising-tts.s3.amazonaws.com/Uprising+Final+DE/BLESSINGS_DE/Blessings_02_TheSilence.jpg,res://assets/images/Uprising+Final+DE/BLESSINGS_DE/Blessings_02_TheSilence.jpg,True
Blessings,14,EN,,Gift of the Outlander,Name,https://uprising-tts.s3.amazonaws.com/Uprising+Final+EN/BLESSINGS_EN/Blessings_08_Wanderer.jpg,res://assets/images/Uprising+Final+EN/BLESSINGS_EN/Blessings_08_Wanderer.jpg,True
Blessings,15,DE,,Gabe des Fremden,Name,https://uprising-tts.s3.amazonaws.com/Uprising+Final+DE/BLESSINGS_DE/Blessings_08_Wanderer.jpg,res://assets/images/Uprising+Final+DE/BLESSINGS_DE/Blessings_08_Wanderer.jpg,True
Blessings,16,EN,,Obsidian Skin,Name,https://uprising-tts.s3.amazonaws.com/Uprising+Final+EN/BLESSINGS_EN/Blessings_09_Mountain+Heart.jpg,res://assets/images/Uprising+Final+EN/BLESSINGS_EN/Blessings_09_Mountain+Heart.jpg,True
Blessings,17,DE,,Obsidianhaut,Name,https://uprising-tts.s3.amazonaws.com/Uprising+Final+DE/BLESSINGS_DE/Blessings_09_Mountain+Heart.jpg,res://assets/images/Uprising+Final+DE/BLESSINGS_DE/Blessings_09_Mountain+Heart.jpg,True
Blessings,18,EN,,Phantasmogoria,Name,https://uprising-tts.s3.amazonaws.com/Uprising+Final+EN/BLESSINGS_EN/Blessings_03_TheFacelessOne.jpg,res://assets/images/Uprising+Final+EN/BLESSINGS_EN/Blessings_03_TheFacelessOne.jpg,True
Blessings,19,DE,,Phantasmagorie,Name,https://uprising-tts.s3.amazonaws.com/Uprising+Final+DE/BLESSINGS_DE/Blessings_03_TheFacelessOne.jpg,res://assets/images/Uprising+Final+DE/BLESSINGS_DE/Blessings_03_TheFacelessOne.jpg,True
Blessings,20,EN,,Red Song,Name,https://uprising-tts.s3.amazonaws.com/Uprising+Final+EN/BLESSINGS_EN/Blessings_06_Red+Hand.jpg,res://assets/images/Uprising+Final+EN/BLESSINGS_EN/Blessings_06_Red+Hand.jpg,True
Blessings,21,DE,,Das Rote Lied,Name,https://uprising-tts.s3.amazonaws.com/Uprising+Final+DE/BLESSINGS_DE/Blessings_06_Red+Hand.jpg,res://assets/images/Uprising+Final+DE/BLESSINGS_DE/Blessings_06_Red+Hand.jpg,True
Druids,2,,EN,Deep Dweller,Name,https://uprising-tts.s3.amazonaws.com/Uprising+Final+EN/CORE_BOX_EN/CARDS_EN/SMALL_CARDS_EN/DRUIDS_EN/Druids_Deep+Dweller.jpg,res://assets/images/Uprising+Final+EN/CORE_BOX_EN/CARDS_EN/SMALL_CARDS_EN/DRUIDS_EN/Druids_Deep+Dweller.jpg,True
Druids,2,,EN,Deep Dweller,Advanced,https://uprising-tts.s3.amazonaws.com/Uprising+Final+EN/TITANS_EN/CARDS_EN/BIG_CARDS_EN/ADVANCED_DRUIDS_EN/Advanced_Druids_The+Deep+Dweller.jpg,res://assets/images/Uprising+Final+EN/TITANS_EN/CARDS_EN/BIG_CARDS_EN/ADVANCED_DRUIDS_EN/Advanced_Druids_The+Deep+Dweller.jpg,True
Druids,3,,DE,Der Tiefenwandler,Name,https://uprising-tts.s3.amazonaws.com/Uprising+Final+DE/CORE+BOX_DE/CARDS_DE/SMALL+CARDS_DE/DRUIDS_DE/Druids_Deep+Dweller.jpg,res://assets/images/Uprising+Final+DE/CORE+BOX_DE/CARDS_DE/SMALL+CARDS_DE/DRUIDS_DE/Druids_Deep+Dweller.jpg,True
Druids,3,,DE,Der Tiefenwandler,Advanced,https://uprising-tts.s3.amazonaws.com/Uprising+Final+DE/TITANS_DE/CARDS_DE/BIG_CARDS_DE/ADVANCED_DRUIDS_DE/Advanced_Druids_The+Deep+Dweller.jpg,res://assets/images/Uprising+Final+DE/TITANS_DE/CARDS_DE/BIG_CARDS_DE/ADVANCED_DRUIDS_DE/Advanced_Druids_The+Deep+Dweller.jpg,True
Druids,4,,EN,Faceless One,Name,https://uprising-tts.s3.amazonaws.com/Uprising+Final+EN/CORE_BOX_EN/CARDS_EN/SMALL_CARDS_EN/DRUIDS_EN/Druids_Faceless+One.jpg,res://assets/images/Uprising+Final+EN/CORE_BOX_EN/CARDS_EN/SMALL_CARDS_EN/DRUIDS_EN/Druids_Faceless+One.jpg,True
Druids,4,,EN,Faceless One,Advanced,https://uprising-tts.s3.amazonaws.com/Uprising+Final+EN/TITANS_EN/CARDS_EN/BIG_CARDS_EN/ADVANCED_DRUIDS_EN/Advanced_Druids_The+Faceless+One.jpg,res://assets/images/Uprising+Final+EN/TITANS_EN/CARDS_EN/BIG_CARDS_EN/ADVANCED_DRUIDS_EN/Advanced_Druids_The+Faceless+One.jpg,True
Druids,5,,DE,Der Gesichtslose,Name,https://uprising-tts.s3.amazonaws.com/Uprising+Final+DE/CORE+BOX_DE/CARDS_DE/SMALL+CARDS_DE/DRUIDS_DE/Druids_Faceless+One.jpg,res://assets/images/Uprising+Final+DE/CORE+BOX_DE/CARDS_DE/SMALL+CARDS_DE/DRUIDS_DE/Druids_Faceless+One.jpg,True
Druids,5,,DE,Der Gesichtslose,Advanced,https://uprising-tts.s3.amazonaws.com/Uprising+Final+DE/TITANS_DE/CARDS_DE/BIG_CARDS_DE/ADVANCED_DRUIDS_DE/Advanced_Druids_The+Faceless+One.jpg,res://assets/images/Uprising+Final+DE/TITANS_DE/CARDS_DE/BIG_CARDS_DE/ADVANCED_DRUIDS_DE/Advanced_Druids_The+Faceless+One.jpg,True
Druids,6,,EN,Mountain Heart,Name,https://uprising-tts.s3.amazonaws.com/Uprising+Final+EN/CORE_BOX_EN/CARDS_EN/SMALL_CARDS_EN/DRUIDS_EN/Druids_Mountain+Heart.jpg,res://assets/images/Uprising+Final+EN/CORE_BOX_EN/CARDS_EN/SMALL_CARDS_EN/DRUIDS_EN/Druids_Mountain+Heart.jpg,True
Druids,6,,EN,Mountain Heart,Advanced,https://uprising-tts.s3.amazonaws.com/Uprising+Final+EN/TITANS_EN/CARDS_EN/BIG_CARDS_EN/ADVANCED_DRUIDS_EN/Advanced_Druids_The+Mountain+Heart.jpg,res://assets/images/Uprising+Final+EN/TITANS_EN/CARDS_EN/BIG_CARDS_EN/ADVANCED_DRUIDS_EN/Advanced_Druids_The+Mountain+Heart.jpg,True
Druids,7,,DE,Das Bergherz,Name,https://uprising-tts.s3.amazonaws.com/Uprising+Final+DE/CORE+BOX_DE/CARDS_DE/SMALL+CARDS_DE/DRUIDS_DE/Druids_Mountain+Heart.jpg,res://assets/images/Uprising+Final+DE/CORE+BOX_DE/CARDS_DE/SMALL+CARDS_DE/DRUIDS_DE/Druids_Mountain+Heart.jpg,True
Druids,7,,DE,Das Bergherz,Advanced,https://uprising-tts.s3.amazonaws.com/Uprising+Final+DE/TITANS_DE/CARDS_DE/BIG_CARDS_DE/ADVANCED_DRUIDS_DE/Advanced_Druids_The+Mountain+Heart.jpg,res://assets/images/Uprising+Final+DE/TITANS_DE/CARDS_DE/BIG_CARDS_DE/ADVANCED_DRUIDS_DE/Advanced_Druids_The+Mountain+Heart.jpg,True
Druids,8,,EN,Red Hand,Name,https://uprising-tts.s3.amazonaws.com/Uprising+Final+EN/CORE_BOX_EN/CARDS_EN/SMALL_CARDS_EN/DRUIDS_EN/Druids_The+Red+Hand.jpg,res://assets/images/Uprising+Final+EN/CORE_BOX_EN/CARDS_EN/SMALL_CARDS_EN/DRUIDS_EN/Druids_The+Red+Hand.jpg,True
Druids,8,,EN,Red Hand,Advanced,https://uprising-tts.s3.amazonaws.com/Uprising+Final+EN/TITANS_EN/CARDS_EN/BIG_CARDS_EN/ADVANCED_DRUIDS_EN/Advanced_Druids_The+Red+Hand.jpg,res://assets/images/Uprising+Final+EN/TITANS_EN/CARDS_EN/BIG_CARDS_EN/ADVANCED_DRUIDS_EN/Advanced_Druids_The+Red+Hand.jpg,True
Druids,9,,DE,Die Rote Hand,Name,https://uprising-tts.s3.amazonaws.com/Uprising+Final+DE/CORE+BOX_DE/CARDS_DE/SMALL+CARDS_DE/DRUIDS_DE/Druids_The+Red+Hand.jpg,res://assets/images/Uprising+Final+DE/CORE+BOX_DE/CARDS_DE/SMALL+CARDS_DE/DRUIDS_DE/Druids_The+Red+Hand.jpg,True
Druids,9,,DE,Die Rote Hand,Advanced,https://uprising-tts.s3.amazonaws.com/Uprising+Final+DE/TITANS_DE/CARDS_DE/BIG_CARDS_DE/ADVANCED_DRUIDS_DE/Advanced_Druids_The+Red+Hand.jpg,res://assets/images/Uprising+Final+DE/TITANS_DE/CARDS_DE/BIG_CARDS_DE/ADVANCED_DRUIDS_DE/Advanced_Druids_The+Red+Hand.jpg,True
Druids,10,,EN,Shapeshifter,Name,https://uprising-tts.s3.amazonaws.com/Uprising+Final+EN/CORE_BOX_EN/CARDS_EN/SMALL_CARDS_EN/DRUIDS_EN/Druids_Shapeshifter.jpg,res://assets/images/Uprising+Final+EN/CORE_BOX_EN/CARDS_EN/SMALL_CARDS_EN/DRUIDS_EN/Druids_Shapeshifter.jpg,True
Druids,10,,EN,Shapeshifter,Advanced,https://uprising-tts.s3.amazonaws.com/Uprising+Final+EN/TITANS_EN/CARDS_EN/BIG_CARDS_EN/ADVANCED_DRUIDS_EN/Advanced_Druids_The+Shapeshifter.jpg,res://assets/images/Uprising+Final+EN/TITANS_EN/CARDS_EN/BIG_CARDS_EN/ADVANCED_DRUIDS_EN/Advanced_Druids_The+Shapeshifter.jpg,True
Druids,11,,DE,Der Tausendförmige,Name,https://uprising-tts.s3.amazonaws.com/Uprising+Final+DE/CORE+BOX_DE/CARDS_DE/SMALL+CARDS_DE/DRUIDS_DE/Druids_Shapeshifter.jpg,res://assets/images/Uprising+Final+DE/CORE+BOX_DE/CARDS_DE/SMALL+CARDS_DE/DRUIDS_DE/Druids_Shapeshifter.jpg,True
Druids,11,,DE,Der Tausendförmige,Advanced,https://uprising-tts.s3.amazonaws.com/Uprising+Final+DE/TITANS_DE/CARDS_DE/BIG_CARDS_DE/ADVANCED_DRUIDS_DE/Advanced_Druids_The+Shapeshifter.jpg,res://assets/images/Uprising+Final+DE/TITANS_DE/CARDS_DE/BIG_CARDS_DE/ADVANCED_DRUIDS_DE/Advanced_Druids_The+Shapeshifter.jpg,True
Druids,12,,EN,Silence,Name,https://uprising-tts.s3.amazonaws.com/Uprising+Final+EN/CORE_BOX_EN/CARDS_EN/SMALL_CARDS_EN/DRUIDS_EN/Druids_The+Silence.jpg,res://assets/images/Uprising+Final+EN/CORE_BOX_EN/CARDS_EN/SMALL_CARDS_EN/DRUIDS_EN/Druids_The+Silence.jpg,True
Druids,12,,EN,Silence,Advanced,https://uprising-tts.s3.amazonaws.com/Uprising+Final+EN/TITANS_EN/CARDS_EN/BIG_CARDS_EN/ADVANCED_DRUIDS_EN/Advanced_Druids_The+Silence.jpg,res://assets/images/Uprising+Final+EN/TITANS_EN/CARDS_EN/BIG_CARDS_EN/ADVANCED_DRUIDS_EN/Advanced_Druids_The+Silence.jpg,True
Druids,13,,DE,Die Stille,Name,https://uprising-tts.s3.amazonaws.com/Uprising+Final+DE/CORE+BOX_DE/CARDS_DE/SMALL+CARDS_DE/DRUIDS_DE/Druids_The+Silence.jpg,res://assets/images/Uprising+Final+DE/CORE+BOX_DE/CARDS_DE/SMALL+CARDS_DE/DRUIDS_DE/Druids_The+Silence.jpg,True
Druids,13,,DE,Die Stille,Advanced,https://uprising-tts.s3.amazonaws.com/Uprising+Final+DE/TITANS_DE/CARDS_DE/BIG_CARDS_DE/ADVANCED_DRUIDS_DE/Advanced_Druids_The+Silence.jpg,res://assets/images/Uprising+Final+DE/TITANS_DE/CARDS_DE/BIG_CARDS_DE/ADVANCED_DRUIDS_DE/Advanced_Druids_The+Silence.jpg,True
Druids,14,,EN,Treemother,Name,https://uprising-tts.s3.amazonaws.com/Uprising+Final+EN/CORE_BOX_EN/CARDS_EN/SMALL_CARDS_EN/DRUIDS_EN/Druids_Treemother.jpg,res://assets/images/Uprising+Final+EN/CORE_BOX_EN/CARDS_EN/SMALL_CARDS_EN/DRUIDS_EN/Druids_Treemother.jpg,True
Druids,14,,EN,Treemother,Advanced,https://uprising-tts.s3.amazonaws.com/Uprising+Final+EN/TITANS_EN/CARDS_EN/BIG_CARDS_EN/ADVANCED_DRUIDS_EN/Advanced_Druids_The+Treemother.jpg,res://assets/images/Uprising+Final+EN/TITANS_EN/CARDS_EN/BIG_CARDS_EN/ADVANCED_DRUIDS_EN/Advanced_Druids_The+Treemother.jpg,True
Druids,15,,DE,Die Baummutter,Name,https://uprising-tts.s3.amazonaws.com/Uprising+Final+DE/CORE+BOX_DE/CARDS_DE/SMALL+CARDS_DE/DRUIDS_DE/Druids_Treemother.jpg,res://assets/images/Uprising+Final+DE/CORE+BOX_DE/CARDS_DE/SMALL+CARDS_DE/DRUIDS_DE/Druids_Treemother.jpg,True
Druids,15,,DE,Die Baummutter,Advanced,https://uprising-tts.s3.amazonaws.com/Uprising+Final+DE/TITANS_DE/CARDS_DE/BIG_CARDS_DE/ADVANCED_DRUIDS_DE/Advanced_Druids_The+Treemother.jpg,res://assets/images/Uprising+Final+DE/TITANS_DE/CARDS_DE/BIG_CARDS_DE/ADVANCED_DRUIDS_DE/Advanced_Druids_The+Treemother.jpg,True
Druids,16,,EN,Wanderer,Name,https://uprising-tts.s3.amazonaws.com/Uprising+Final+EN/CORE_BOX_EN/CARDS_EN/SMALL_CARDS_EN/DRUIDS_EN/Druids_Wanderer.jpg,res://assets/images/Uprising+Final+EN/CORE_BOX_EN/CARDS_EN/SMALL_CARDS_EN/DRUIDS_EN/Druids_Wanderer.jpg,True
Druids,16,,EN,Wanderer,Advanced,https://uprising-tts.s3.amazonaws.com/Uprising+Final+EN/TITANS_EN/CARDS_EN/BIG_CARDS_EN/ADVANCED_DRUIDS_EN/Advanced_Druids_The+Wanderer.jpg,res://assets/images/Uprising+Final+EN/TITANS_EN/CARDS_EN/BIG_CARDS_EN/ADVANCED_DRUIDS_EN/Advanced_Druids_The+Wanderer.jpg,True
Druids,17,,DE,Der Wanderer,Name,https://uprising-tts.s3.amazonaws.com/Uprising+Final+DE/CORE+BOX_DE/CARDS_DE/SMALL+CARDS_DE/DRUIDS_DE/Druids_Wanderer.jpg,res://assets/images/Uprising+Final+DE/CORE+BOX_DE/CARDS_DE/SMALL+CARDS_DE/DRUIDS_DE/Druids_Wanderer.jpg,True
Druids,17,,DE,Der Wanderer,Advanced,https://uprising-tts.s3.amazonaws.com/Uprising+Final+DE/TITANS_DE/CARDS_DE/BIG_CARDS_DE/ADVANCED_DRUIDS_DE/Advanced_Druids_The+Wanderer.jpg,res://assets/images/Uprising+Final+DE/TITANS_DE/CARDS_DE/BIG_CARDS_DE/ADVANCED_DRUIDS_DE/Advanced_Druids_The+Wanderer.jpg,True
Druids,18,,EN,Watcher,Name,https://uprising-tts.s3.amazonaws.com/Uprising+Final+EN/CORE_BOX_EN/CARDS_EN/SMALL_CARDS_EN/DRUIDS_EN/Druids_Watcher.jpg,res://assets/images/Uprising+Final+EN/CORE_BOX_EN/CARDS_EN/SMALL_CARDS_EN/DRUIDS_EN/Druids_Watcher.jpg,True
Druids,18,,EN,Watcher,Advanced,https://uprising-tts.s3.amazonaws.com/Uprising+Final+EN/TITANS_EN/CARDS_EN/BIG_CARDS_EN/ADVANCED_DRUIDS_EN/Advanced_Druids_The+Watcher.jpg,res://assets/images/Uprising+Final+EN/TITANS_EN/CARDS_EN/BIG_CARDS_EN/ADVANCED_DRUIDS_EN/Advanced_Druids_The+Watcher.jpg,True
Druids,19,,DE,Das Schattenauge,Name,https://uprising-tts.s3.amazonaws.com/Uprising+Final+DE/CORE+BOX_DE/CARDS_DE/SMALL+CARDS_DE/DRUIDS_DE/Druids_Watcher.jpg,res://assets/images/Uprising+Final+DE/CORE+BOX_DE/CARDS_DE/SMALL+CARDS_DE/DRUIDS_DE/Druids_Watcher.jpg,True
Druids,19,,DE,Das Schattenauge,Advanced,https://uprising-tts.s3.amazonaws.com/Uprising+Final+DE/TITANS_DE/CARDS_DE/BIG_CARDS_DE/ADVANCED_DRUIDS_DE/Advanced_Druids_The+Watcher.jpg,res://assets/images/Uprising+Final+DE/TITANS_DE/CARDS_DE/BIG_CARDS_DE/ADVANCED_DRUIDS_DE/Advanced_Druids_The+Watcher.jpg,True
Events,2,EN,Core,Aezhers Essence,Name,https://uprising-tts.s3.amazonaws.com/Uprising+Final+EN/CORE_BOX_EN/CARDS_EN/BIG_CARDS_EN/EVENTS_EN/Events_Core_01_Aezhers+Essence.jpg,res://assets/images/Uprising+Final+EN/CORE_BOX_EN/CARDS_EN/BIG_CARDS_EN/EVENTS_EN/Events_Core_01_Aezhers+Essence.jpg,True
Events,3,DE,Core,Aezhers Essenz,Name,https://uprising-tts.s3.amazonaws.com/Uprising+Final+DE/CORE+BOX_DE/CARDS_DE/BIG_CARDS_DE/EVENTS_DE/Events_Core_01_Aezhers+Essence.jpg,res://assets/images/Uprising+Final+DE/CORE+BOX_DE/CARDS_DE/BIG_CARDS_DE/EVENTS_DE/Events_Core_01_Aezhers+Essence.jpg,True
Events,4,EN,Core,Exiles from the South,Name,https://uprising-tts.s3.amazonaws.com/Uprising+Final+EN/CORE_BOX_EN/CARDS_EN/BIG_CARDS_EN/EVENTS_EN/Events_Core_01_Exiles+from+the+South.jpg,res://assets/images/Uprising+Final+EN/CORE_BOX_EN/CARDS_EN/BIG_CARDS_EN/EVENTS_EN/Events_Core_01_Exiles+from+the+South.jpg,True
Events,5,DE,Core,Flüchtlinge des Südens,Name,https://uprising-tts.s3.amazonaws.com/Uprising+Final+DE/CORE+BOX_DE/CARDS_DE/BIG_CARDS_DE/EVENTS_DE/Events_Core_01_Exiles+from+the+South.jpg,res://assets/images/Uprising+Final+DE/CORE+BOX_DE/CARDS_DE/BIG_CARDS_DE/EVENTS_DE/Events_Core_01_Exiles+from+the+South.jpg,True
Events,6,EN,Core,Starving Mobs,Name,https://uprising-tts.s3.amazonaws.com/Uprising+Final+EN/CORE_BOX_EN/CARDS_EN/BIG_CARDS_EN/EVENTS_EN/Events_Core_01_Starving+Mobs.jpg,res://assets/images/Uprising+Final+EN/CORE_BOX_EN/CARDS_EN/BIG_CARDS_EN/EVENTS_EN/Events_Core_01_Starving+Mobs.jpg,True
Events,7,DE,Core,Verhungernde Meute,Name,https://uprising-tts.s3.amazonaws.com/Uprising+Final+DE/CORE+BOX_DE/CARDS_DE/BIG_CARDS_DE/EVENTS_DE/Events_Core_01_Starving+Mobs.jpg,res://assets/images/Uprising+Final+DE/CORE+BOX_DE/CARDS_DE/BIG_CARDS_DE/EVENTS_DE/Events_Core_01_Starving+Mobs.jpg,True
Events,8,EN,Core,The Last Harvest,Name,https://uprising-tts.s3.amazonaws.com/Uprising+Final+EN/CORE_BOX_EN/CARDS_EN/BIG_CARDS_EN/EVENTS_EN/Events_Core_01_The+Last+Harvest.jpg,res://assets/images/Uprising+Final+EN/CORE_BOX_EN/CARDS_EN/BIG_CARDS_EN/EVENTS_EN/Events_Core_01_The+Last+Harvest.jpg,True
Events,9,DE,Core,Die letzte Ernte,Name,https://uprising-tts.s3.amazonaws.com/Uprising+Final+DE/CORE+BOX_DE/CARDS_DE/BIG_CARDS_DE/EVENTS_DE/Events_Core_01_The+Last+Harvest.jpg,res://assets/images/Uprising+Final+DE/CORE+BOX_DE/CARDS_DE/BIG_CARDS_DE/EVENTS_DE/Events_Core_01_The+Last+Harvest.jpg,True
Events,10,EN,Core,Three Bloody Comets,Name,https://uprising-tts.s3.amazonaws.com/Uprising+Final+EN/CORE_BOX_EN/CARDS_EN/BIG_CARDS_EN/EVENTS_EN/Events_Core_01_Three+Bloody+Comets.jpg,res://assets/images/Uprising+Final+EN/CORE_BOX_EN/CARDS_EN/BIG_CARDS_EN/EVENTS_EN/Events_Core_01_Three+Bloody+Comets.jpg,True
Events,11,DE,Core,Drei Blutige Kometen,Name,https://uprising-tts.s3.amazonaws.com/Uprising+Final+DE/CORE+BOX_DE/CARDS_DE/BIG_CARDS_DE/EVENTS_DE/Events_Core_01_Three+Bloody+Comets.jpg,res://assets/images/Uprising+Final+DE/CORE+BOX_DE/CARDS_DE/BIG_CARDS_DE/EVENTS_DE/Events_Core_01_Three+Bloody+Comets.jpg,True
Events,12,EN,Core,Turmoil grips the Lands,Name,https://uprising-tts.s3.amazonaws.com/Uprising+Final+EN/CORE_BOX_EN/CARDS_EN/BIG_CARDS_EN/EVENTS_EN/Events_Core_01_Turmoil+grips+the+Land.jpg,res://assets/images/Uprising+Final+EN/CORE_BOX_EN/CARDS_EN/BIG_CARDS_EN/EVENTS_EN/Events_Core_01_Turmoil+grips+the+Land.jpg,True
Events,13,DE,Core,Tage der Verzweiflung,Name,https://uprising-tts.s3.amazonaws.com/Uprising+Final+DE/CORE+BOX_DE/CARDS_DE/BIG_CARDS_DE/EVENTS_DE/Events_Core_01_Turmoil+grips+the+Land.jpg,res://assets/images/Uprising+Final+DE/CORE+BOX_DE/CARDS_DE/BIG_CARDS_DE/EVENTS_DE/Events_Core_01_Turmoil+grips+the+Land.jpg,True
Events,14,EN,Core,Uprising,Name,https://uprising-tts.s3.amazonaws.com/Uprising+Final+EN/CORE_BOX_EN/CARDS_EN/BIG_CARDS_EN/EVENTS_EN/Events_Core_01_Uprising.jpg,res://assets/images/Uprising+Final+EN/CORE_BOX_EN/CARDS_EN/BIG_CARDS_EN/EVENTS_EN/Events_Core_01_Uprising.jpg,True
Events,15,DE,Core,Funke des Aufstandes,Name,https://uprising-tts.s3.amazonaws.com/Uprising+Final+DE/CORE+BOX_DE/CARDS_DE/BIG_CARDS_DE/EVENTS_DE/Events_Core_01_Uprising.jpg,res://assets/images/Uprising+Final+DE/CORE+BOX_DE/CARDS_DE/BIG_CARDS_DE/EVENTS_DE/Events_Core_01_Uprising.jpg,True
Events,16,EN,Core,Long live the Emperor,Name,https://uprising-tts.s3.amazonaws.com/Uprising+Final+EN/CORE_BOX_EN/CARDS_EN/BIG_CARDS_EN/EVENTS_EN/Events_Core_02_Long+live+the+Emperor.jpg,res://assets/images/Uprising+Final+EN/CORE_BOX_EN/CARDS_EN/BIG_CARDS_EN/EVENTS_EN/Events_Core_02_Long+live+the+Emperor.jpg,True
Events,17,DE,Core,Lang lebe der Imperator,Name,https://uprising-tts.s3.amazonaws.com/Uprising+Final+DE/CORE+BOX_DE/CARDS_DE/BIG_CARDS_DE/EVENTS_DE/Events_Core_02_Long+live+the+Emperor.jpg,res://assets/images/Uprising+Final+DE/CORE+BOX_DE/CARDS_DE/BIG_CARDS_DE/EVENTS_DE/Events_Core_02_Long+live+the+Emperor.jpg,True
Events,18,EN,Core,Madness sweeps the Land,Name,https://uprising-tts.s3.amazonaws.com/Uprising+Final+EN/CORE_BOX_EN/CARDS_EN/BIG_CARDS_EN/EVENTS_EN/Events_Core_02_Madness+sweeps+the+Land.jpg,res://assets/images/Uprising+Final+EN/CORE_BOX_EN/CARDS_EN/BIG_CARDS_EN/EVENTS_EN/Events_Core_02_Madness+sweeps+the+Land.jpg,True
Events,19,DE,Core,Wahnsinn überschwemmt das Land,Name,https://uprising-tts.s3.amazonaws.com/Uprising+Final+DE/CORE+BOX_DE/CARDS_DE/BIG_CARDS_DE/EVENTS_DE/Events_Core_02_Prolonged+Eclipse.jpg,res://assets/images/Uprising+Final+DE/CORE+BOX_DE/CARDS_DE/BIG_CARDS_DE/EVENTS_DE/Events_Core_02_Prolonged+Eclipse.jpg,True
Events,20,EN,Core,Prolonged Eclipse,Name,https://uprising-tts.s3.amazonaws.com/Uprising+Final+EN/CORE_BOX_EN/CARDS_EN/BIG_CARDS_EN/EVENTS_EN/Events_Core_02_Prolonged+Eclipse.jpg,res://assets/images/Uprising+Final+EN/CORE_BOX_EN/CARDS_EN/BIG_CARDS_EN/EVENTS_EN/Events_Core_02_Prolonged+Eclipse.jpg,True
Events,21,DE,Core,Sonnenfinsternis,Name,https://uprising-tts.s3.amazonaws.com/Uprising+Final+DE/CORE+BOX_DE/CARDS_DE/BIG_CARDS_DE/EVENTS_DE/Events_Core_02_Prolonged+Eclipse.jpg,res://assets/images/Uprising+Final+DE/CORE+BOX_DE/CARDS_DE/BIG_CARDS_DE/EVENTS_DE/Events_Core_02_Prolonged+Eclipse.jpg,True
Events,22,EN,Core,Slave Revolts,Name,https://uprising-tts.s3.amazonaws.com/Uprising+Final+EN/CORE_BOX_EN/CARDS_EN/BIG_CARDS_EN/EVENTS_EN/Events_Core_02_Slave+Revolts.jpg,res://assets/images/Uprising+Final+EN/CORE_BOX_EN/CARDS_EN/BIG_CARDS_EN/EVENTS_EN/Events_Core_02_Slave+Revolts.jpg,True
Events,23,DE,Core,Sklavenaufstände,Name,https://uprising-tts.s3.amazonaws.com/Uprising+Final+DE/CORE+BOX_DE/CARDS_DE/BIG_CARDS_DE/EVENTS_DE/Events_Core_02_Slave+Revolts.jpg,res://assets/images/Uprising+Final+DE/CORE+BOX_DE/CARDS_DE/BIG_CARDS_DE/EVENTS_DE/Events_Core_02_Slave+Revolts.jpg,True
Events,24,EN,Core,The Frozen Fleet,Name,https://uprising-tts.s3.amazonaws.com/Uprising+Final+EN/CORE_BOX_EN/CARDS_EN/BIG_CARDS_EN/EVENTS_EN/Events_Core_02_The+Frozen+Fleet.jpg,res://assets/images/Uprising+Final+EN/CORE_BOX_EN/CARDS_EN/BIG_CARDS_EN/EVENTS_EN/Events_Core_02_The+Frozen+Fleet.jpg,True
Events,25,DE,Core,Gefrorene Flotte,Name,https://uprising-tts.s3.amazonaws.com/Uprising+Final+DE/CORE+BOX_DE/CARDS_DE/BIG_CARDS_DE/EVENTS_DE/Events_Core_02_The+Frozen+Fleet.jpg,res://assets/images/Uprising+Final+DE/CORE+BOX_DE/CARDS_DE/BIG_CARDS_DE/EVENTS_DE/Events_Core_02_The+Frozen+Fleet.jpg,True
Events,26,EN,Core,The God Touched,Name,https://uprising-tts.s3.amazonaws.com/Uprising+Final+EN/CORE_BOX_EN/CARDS_EN/BIG_CARDS_EN/EVENTS_EN/Events_Core_02_The+God-Touched.jpg,res://assets/images/Uprising+Final+EN/CORE_BOX_EN/CARDS_EN/BIG_CARDS_EN/EVENTS_EN/Events_Core_02_The+God-Touched.jpg,True
Events,27,DE,Core,Die Gottberührten,Name,https://uprising-tts.s3.amazonaws.com/Uprising+Final+DE/CORE+BOX_DE/CARDS_DE/BIG_CARDS_DE/EVENTS_DE/Events_Core_02_The+God-Touched.jpg,res://assets/images/Uprising+Final+DE/CORE+BOX_DE/CARDS_DE/BIG_CARDS_DE/EVENTS_DE/Events_Core_02_The+God-Touched.jpg,True
Events,28,EN,Core,Unholy Omens,Name,https://uprising-tts.s3.amazonaws.com/Uprising+Final+EN/CORE_BOX_EN/CARDS_EN/BIG_CARDS_EN/EVENTS_EN/Events_Core_02_Unholy+Omens.jpg,res://assets/images/Uprising+Final+EN/CORE_BOX_EN/CARDS_EN/BIG_CARDS_EN/EVENTS_EN/Events_Core_02_Unholy+Omens.jpg,True
Events,29,DE,Core,Unheilige Vorzeichen,Name,https://uprising-tts.s3.amazonaws.com/Uprising+Final+DE/CORE+BOX_DE/CARDS_DE/BIG_CARDS_DE/EVENTS_DE/Events_Core_02_Unholy+Omens.jpg,res://assets/images/Uprising+Final+DE/CORE+BOX_DE/CARDS_DE/BIG_CARDS_DE/EVENTS_DE/Events_Core_02_Unholy+Omens.jpg,True
Events,30,EN,Core,A new Dawn,Name,https://uprising-tts.s3.amazonaws.com/Uprising+Final+EN/CORE_BOX_EN/CARDS_EN/BIG_CARDS_EN/EVENTS_EN/Events_Core_03_A+New+Dawn.jpg,res://assets/images/Uprising+Final+EN/CORE_BOX_EN/CARDS_EN/BIG_CARDS_EN/EVENTS_EN/Events_Core_03_A+New+Dawn.jpg,True
Events,31,DE,Core,Ein neuer Morgen,Name,https://uprising-tts.s3.amazonaws.com/Uprising+Final+DE/CORE+BOX_DE/CARDS_DE/BIG_CARDS_DE/EVENTS_DE/Events_Core_03_A+New+Dawn.jpg,res://assets/images/Uprising+Final+DE/CORE+BOX_DE/CARDS_DE/BIG_CARDS_DE/EVENTS_DE/Events_Core_03_A+New+Dawn.jpg,True
Events,32,EN,Core,Guidance from the Druids,Name,https://uprising-tts.s3.amazonaws.com/Uprising+Final+EN/CORE_BOX_EN/CARDS_EN/BIG_CARDS_EN/EVENTS_EN/Events_Core_03_Guidance+from+the+Druids.jpg,res://assets/images/Uprising+Final+EN/CORE_BOX_EN/CARDS_EN/BIG_CARDS_EN/EVENTS_EN/Events_Core_03_Guidance+from+the+Druids.jpg,True
Events,33,DE,Core,Weisung der Druiden,Name,https://uprising-tts.s3.amazonaws.com/Uprising+Final+DE/CORE+BOX_DE/CARDS_DE/BIG_CARDS_DE/EVENTS_DE/Events_Core_03_Guidance+from+the+Druids.jpg,res://assets/images/Uprising+Final+DE/CORE+BOX_DE/CARDS_DE/BIG_CARDS_DE/EVENTS_DE/Events_Core_03_Guidance+from+the+Druids.jpg,True
Events,34,EN,Core,Imperial Inspection,Name,https://uprising-tts.s3.amazonaws.com/Uprising+Final+EN/CORE_BOX_EN/CARDS_EN/BIG_CARDS_EN/EVENTS_EN/Events_Core_03_Imperial+Inspection.jpg,res://assets/images/Uprising+Final+EN/CORE_BOX_EN/CARDS_EN/BIG_CARDS_EN/EVENTS_EN/Events_Core_03_Imperial+Inspection.jpg,True
Events,35,DE,Core,Imperiale Inspektion,Name,https://uprising-tts.s3.amazonaws.com/Uprising+Final+DE/CORE+BOX_DE/CARDS_DE/BIG_CARDS_DE/EVENTS_DE/Events_Core_03_Imperial+Inspection.jpg,res://assets/images/Uprising+Final+DE/CORE+BOX_DE/CARDS_DE/BIG_CARDS_DE/EVENTS_DE/Events_Core_03_Imperial+Inspection.jpg,True
Events,36,EN,Core,Imperial Spy Network,Name,https://uprising-tts.s3.amazonaws.com/Uprising+Final+EN/CORE_BOX_EN/CARDS_EN/BIG_CARDS_EN/EVENTS_EN/Events_Core_03_Imperial+Spy+Network.jpg,res://assets/images/Uprising+Final+EN/CORE_BOX_EN/CARDS_EN/BIG_CARDS_EN/EVENTS_EN/Events_Core_03_Imperial+Spy+Network.jpg,True
Events,37,DE,Core,Netz der Spione,Name,https://uprising-tts.s3.amazonaws.com/Uprising+Final+DE/CORE+BOX_DE/CARDS_DE/BIG_CARDS_DE/EVENTS_DE/Events_Core_03_Imperial+Spy+Network.jpg,res://assets/images/Uprising+Final+DE/CORE+BOX_DE/CARDS_DE/BIG_CARDS_DE/EVENTS_DE/Events_Core_03_Imperial+Spy+Network.jpg,True
Events,38,EN,Core,Ravening Hunger,Name,https://uprising-tts.s3.amazonaws.com/Uprising+Final+EN/CORE_BOX_EN/CARDS_EN/BIG_CARDS_EN/EVENTS_EN/Events_Core_03_Ravening+Hunger.jpg,res://assets/images/Uprising+Final+EN/CORE_BOX_EN/CARDS_EN/BIG_CARDS_EN/EVENTS_EN/Events_Core_03_Ravening+Hunger.jpg,True
Events,39,DE,Core,Unstillbarer Hunger,Name,https://uprising-tts.s3.amazonaws.com/Uprising+Final+DE/CORE+BOX_DE/CARDS_DE/BIG_CARDS_DE/EVENTS_DE/Events_Core_03_Ravening+Hunger.jpg,res://assets/images/Uprising+Final+DE/CORE+BOX_DE/CARDS_DE/BIG_CARDS_DE/EVENTS_DE/Events_Core_03_Ravening+Hunger.jpg,True
Events,40,EN,Core,The Empire strikes,Name,https://uprising-tts.s3.amazonaws.com/Uprising+Final+EN/CORE_BOX_EN/CARDS_EN/BIG_CARDS_EN/EVENTS_EN/Events_Core_03_The+Empire+strikes.jpg,res://assets/images/Uprising+Final+EN/CORE_BOX_EN/CARDS_EN/BIG_CARDS_EN/EVENTS_EN/Events_Core_03_The+Empire+strikes.jpg,True
Events,41,DE,Core,Imperiale Offensive,Name,https://uprising-tts.s3.amazonaws.com/Uprising+Final+DE/CORE+BOX_DE/CARDS_DE/BIG_CARDS_DE/EVENTS_DE/Events_Core_03_The+Empire+strikes.jpg,res://assets/images/Uprising+Final+DE/CORE+BOX_DE/CARDS_DE/BIG_CARDS_DE/EVENTS_DE/Events_Core_03_The+Empire+strikes.jpg,True
Events,42,EN,Core,Corruption of the Witches,Name,https://uprising-tts.s3.amazonaws.com/Uprising+Final+EN/CORE_BOX_EN/CARDS_EN/BIG_CARDS_EN/EVENTS_EN/Events_Core_03_Corruption+of+the+Witches.jpg,res://assets/images/Uprising+Final+EN/CORE_BOX_EN/CARDS_EN/BIG_CARDS_EN/EVENTS_EN/Events_Core_03_Corruption+of+the+Witches.jpg,True
Events,43,DE,Core,Fäulnis der Hexen,Name,https://uprising-tts.s3.amazonaws.com/Uprising+Final+DE/CORE+BOX_DE/CARDS_DE/BIG_CARDS_DE/EVENTS_DE/Events_Core_03_Corruption+of+the+Witches.jpg,res://assets/images/Uprising+Final+DE/CORE+BOX_DE/CARDS_DE/BIG_CARDS_DE/EVENTS_DE/Events_Core_03_Corruption+of+the+Witches.jpg,True
Events,44,EN,Core,Designs of the Empress,Name,https://uprising-tts.s3.amazonaws.com/Uprising+Final+EN/CORE_BOX_EN/CARDS_EN/BIG_CARDS_EN/EVENTS_EN/Events_Core_04_Designs+of+the+Empress.jpg,res://assets/images/Uprising+Final+EN/CORE_BOX_EN/CARDS_EN/BIG_CARDS_EN/EVENTS_EN/Events_Core_04_Designs+of+the+Empress.jpg,True
Events,45,DE,Core,List der Imperatorin,Name,https://uprising-tts.s3.amazonaws.com/Uprising+Final+DE/CORE+BOX_DE/CARDS_DE/BIG_CARDS_DE/EVENTS_DE/Events_Core_04_Designs+of+the+Empress.jpg,res://assets/images/Uprising+Final+DE/CORE+BOX_DE/CARDS_DE/BIG_CARDS_DE/EVENTS_DE/Events_Core_04_Designs+of+the+Empress.jpg,True
Events,46,EN,Core,Endless Snowfall,Name,https://uprising-tts.s3.amazonaws.com/Uprising+Final+EN/CORE_BOX_EN/CARDS_EN/BIG_CARDS_EN/EVENTS_EN/Events_Core_04_Endless+Snowfall.jpg,res://assets/images/Uprising+Final+EN/CORE_BOX_EN/CARDS_EN/BIG_CARDS_EN/EVENTS_EN/Events_Core_04_Endless+Snowfall.jpg,True
Events,47,DE,Core,Enfloser Schneefall,Name,https://uprising-tts.s3.amazonaws.com/Uprising+Final+DE/CORE+BOX_DE/CARDS_DE/BIG_CARDS_DE/EVENTS_DE/Events_Core_04_Endless+Snowfall.jpg,res://assets/images/Uprising+Final+DE/CORE+BOX_DE/CARDS_DE/BIG_CARDS_DE/EVENTS_DE/Events_Core_04_Endless+Snowfall.jpg,True
Events,48,EN,Core,Famine,Name,https://uprising-tts.s3.amazonaws.com/Uprising+Final+EN/CORE_BOX_EN/CARDS_EN/BIG_CARDS_EN/EVENTS_EN/Events_Core_04_Famine.jpg,res://assets/images/Uprising+Final+EN/CORE_BOX_EN/CARDS_EN/BIG_CARDS_EN/EVENTS_EN/Events_Core_04_Famine.jpg,True
Events,49,DE,Core,Hungersnot,Name,https://uprising-tts.s3.amazonaws.com/Uprising+Final+DE/CORE+BOX_DE/CARDS_DE/BIG_CARDS_DE/EVENTS_DE/Events_Core_04_Famine.jpg,res://assets/images/Uprising+Final+DE/CORE+BOX_DE/CARDS_DE/BIG_CARDS_DE/EVENTS_DE/Events_Core_04_Famine.jpg,True
Events,50,EN,Core,Mass Executions,Name,https://uprising-tts.s3.amazonaws.com/Uprising+Final+EN/CORE_BOX_EN/CARDS_EN/BIG_CARDS_EN/EVENTS_EN/Events_Core_04_Mass+Executions.jpg,res://assets/images/Uprising+Final+EN/CORE_BOX_EN/CARDS_EN/BIG_CARDS_EN/EVENTS_EN/Events_Core_04_Mass+Executions.jpg,True
Events,51,DE,Core,Massenhinrichtungen,Name,https://uprising-tts.s3.amazonaws.com/Uprising+Final+DE/CORE+BOX_DE/CARDS_DE/BIG_CARDS_DE/EVENTS_DE/Events_Core_04_Mass+Executions.jpg,res://assets/images/Uprising+Final+DE/CORE+BOX_DE/CARDS_DE/BIG_CARDS_DE/EVENTS_DE/Events_Core_04_Mass+Executions.jpg,True
Events,52,EN,Core,Rain of Ashe and Fire,Name,https://uprising-tts.s3.amazonaws.com/Uprising+Final+EN/CORE_BOX_EN/CARDS_EN/BIG_CARDS_EN/EVENTS_EN/Events_Core_04_Rain+of+Ash+and+Fire.jpg,res://assets/images/Uprising+Final+EN/CORE_BOX_EN/CARDS_EN/BIG_CARDS_EN/EVENTS_EN/Events_Core_04_Rain+of+Ash+and+Fire.jpg,True
Events,53,DE,Core,Regen aus Asche und Feuer,Name,https://uprising-tts.s3.amazonaws.com/Uprising+Final+DE/CORE+BOX_DE/CARDS_DE/BIG_CARDS_DE/EVENTS_DE/Events_Core_04_Rain+of+Ash+and+Fire.jpg,res://assets/images/Uprising+Final+DE/CORE+BOX_DE/CARDS_DE/BIG_CARDS_DE/EVENTS_DE/Events_Core_04_Rain+of+Ash+and+Fire.jpg,True
Events,54,EN,Core,The Invasion begins,Name,https://uprising-tts.s3.amazonaws.com/Uprising+Final+EN/CORE_BOX_EN/CARDS_EN/BIG_CARDS_EN/EVENTS_EN/Events_Core_04_The+Invasion+begins.jpg,res://assets/images/Uprising+Final+EN/CORE_BOX_EN/CARDS_EN/BIG_CARDS_EN/EVENTS_EN/Events_Core_04_The+Invasion+begins.jpg,True
Events,55,DE,Core,Die Invasion beginnt,Name,https://uprising-tts.s3.amazonaws.com/Uprising+Final+DE/CORE+BOX_DE/CARDS_DE/BIG_CARDS_DE/EVENTS_DE/Events_Core_04_The+Invasion+begins.jpg,res://assets/images/Uprising+Final+DE/CORE+BOX_DE/CARDS_DE/BIG_CARDS_DE/EVENTS_DE/Events_Core_04_The+Invasion+begins.jpg,True
Events,56,EN,Core,Vision from the Old Gods,Name,https://uprising-tts.s3.amazonaws.com/Uprising+Final+EN/CORE_BOX_EN/CARDS_EN/BIG_CARDS_EN/EVENTS_EN/Events_Core_04_Visions+from+the+Old+Gods.jpg,res://assets/images/Uprising+Final+EN/CORE_BOX_EN/CARDS_EN/BIG_CARDS_EN/EVENTS_EN/Events_Core_04_Visions+from+the+Old+Gods.jpg,True
Events,57,DE,Core,Visionen der Alten Götter,Name,https://uprising-tts.s3.amazonaws.com/Uprising+Final+DE/CORE+BOX_DE/CARDS_DE/BIG_CARDS_DE/EVENTS_DE/Events_Core_04_Visions+from+the+Old+Gods.jpg,res://assets/images/Uprising+Final+DE/CORE+BOX_DE/CARDS_DE/BIG_CARDS_DE/EVENTS_DE/Events_Core_04_Visions+from+the+Old+Gods.jpg,True
Events,58,EN,Titans,Shifting Ice,Name,https://uprising-tts.s3.amazonaws.com/Uprising+Final+EN/TITANS_EN/CARDS_EN/BIG_CARDS_EN/EVENTS_EN/Events_Titans_01_Shifting+Ice.jpg,res://assets/images/Uprising+Final+EN/TITANS_EN/CARDS_EN/BIG_CARDS_EN/EVENTS_EN/Events_Titans_01_Shifting+Ice.jpg,True
Events,59,DE,Titans,Treibeis,Name,https://uprising-tts.s3.amazonaws.com/Uprising+Final+DE/TITANS_DE/CARDS_DE/BIG_CARDS_DE/EVENTS_DE/Events_Titans_01_Shifting+Ice.jpg,res://assets/images/Uprising+Final+DE/TITANS_DE/CARDS_DE/BIG_CARDS_DE/EVENTS_DE/Events_Titans_01_Shifting+Ice.jpg,True
Events,60,EN,Titans,Power of the Small,Name,https://uprising-tts.s3.amazonaws.com/Uprising+Final+EN/TITANS_EN/CARDS_EN/BIG_CARDS_EN/EVENTS_EN/Events_Titans_02_Power+of+the+small.jpg,res://assets/images/Uprising+Final+EN/TITANS_EN/CARDS_EN/BIG_CARDS_EN/EVENTS_EN/Events_Titans_02_Power+of+the+small.jpg,True
Events,61,DE,Titans,Macht des Kleinen,Name,https://uprising-tts.s3.amazonaws.com/Uprising+Final+DE/TITANS_DE/CARDS_DE/BIG_CARDS_DE/EVENTS_DE/Events_Titans_02_Power+of+the+small.jpg,res://assets/images/Uprising+Final+DE/TITANS_DE/CARDS_DE/BIG_CARDS_DE/EVENTS_DE/Events_Titans_02_Power+of+the+small.jpg,True
Events,62,EN,Titans,Library of Trollward,Name,https://uprising-tts.s3.amazonaws.com/Uprising+Final+EN/TITANS_EN/CARDS_EN/BIG_CARDS_EN/EVENTS_EN/Events_Titans_03_Library+of+Trollward.jpg,res://assets/images/Uprising+Final+EN/TITANS_EN/CARDS_EN/BIG_CARDS_EN/EVENTS_EN/Events_Titans_03_Library+of+Trollward.jpg,True
Events,63,DE,Titans,Bücherei von Trollward,Name,https://uprising-tts.s3.amazonaws.com/Uprising+Final+DE/TITANS_DE/CARDS_DE/BIG_CARDS_DE/EVENTS_DE/Events_Titans_03_Library+of+Trollward.jpg,res://assets/images/Uprising+Final+DE/TITANS_DE/CARDS_DE/BIG_CARDS_DE/EVENTS_DE/Events_Titans_03_Library+of+Trollward.jpg,True
Events,64,EN,Titans,Pact of the Red Hand,Name,https://uprising-tts.s3.amazonaws.com/Uprising+Final+EN/TITANS_EN/CARDS_EN/BIG_CARDS_EN/EVENTS_EN/Events_Titans_04_Pact+of+the+Red+Hand.jpg,res://assets/images/Uprising+Final+EN/TITANS_EN/CARDS_EN/BIG_CARDS_EN/EVENTS_EN/Events_Titans_04_Pact+of+the+Red+Hand.jpg,True
Events,65,DE,Titans,Pakt der roten Hand,Name,https://uprising-tts.s3.amazonaws.com/Uprising+Final+DE/TITANS_DE/CARDS_DE/BIG_CARDS_DE/EVENTS_DE/Events_Titans_04_Pact+of+the+Red+Hand.jpg,res://assets/images/Uprising+Final+DE/TITANS_DE/CARDS_DE/BIG_CARDS_DE/EVENTS_DE/Events_Titans_04_Pact+of+the+Red+Hand.jpg,True
Feats,2,EN,Core,Guile Leadership,Name,https://uprising-tts.s3.amazonaws.com/Uprising+Final+EN/CORE_BOX_EN/CARDS_EN/SMALL_CARDS_EN/FEATS_EN/Druwhn/Fhayanor_Guile_Leadership.jpg,res://assets/images/Uprising+Final+EN/CORE_BOX_EN/CARDS_EN/SMALL_CARDS_EN/FEATS_EN/Druwhn/Fhayanor_Guile_Leadership.jpg,True
Feats,3,DE,Core,Gerissenheit Charisma,Name,https://uprising-tts.s3.amazonaws.com/Uprising+Final+DE/CORE+BOX_DE/CARDS_DE/SMALL+CARDS_DE/FEATS_DE/Druwhn/Fhayanor_Guile_Leadership.jpg,res://assets/images/Uprising+Final+DE/CORE+BOX_DE/CARDS_DE/SMALL+CARDS_DE/FEATS_DE/Druwhn/Fhayanor_Guile_Leadership.jpg,True
Feats,4,EN,Core,Might Magic,Name,https://uprising-tts.s3.amazonaws.com/Uprising+Final+EN/CORE_BOX_EN/CARDS_EN/SMALL_CARDS_EN/FEATS_EN/Druwhn/Fhayanor_Strength_Magic.jpg,res://assets/images/Uprising+Final+EN/CORE_BOX_EN/CARDS_EN/SMALL_CARDS_EN/FEATS_EN/Druwhn/Fhayanor_Strength_Magic.jpg,True
Feats,5,DE,Core,Macht Magie,Name,https://uprising-tts.s3.amazonaws.com/Uprising+Final+DE/CORE+BOX_DE/CARDS_DE/SMALL+CARDS_DE/FEATS_DE/Druwhn/Fhayanor_Strength_Magic.jpg,res://assets/images/Uprising+Final+DE/CORE+BOX_DE/CARDS_DE/SMALL+CARDS_DE/FEATS_DE/Druwhn/Fhayanor_Strength_Magic.jpg,True
Feats,6,EN,Core,Ambush,Name,https://uprising-tts.s3.amazonaws.com/Uprising+Final+EN/CORE_BOX_EN/CARDS_EN/SMALL_CARDS_EN/FEATS_EN/Druwhn/Fhayanor_Ambush.jpg,res://assets/images/Uprising+Final+EN/CORE_BOX_EN/CARDS_EN/SMALL_CARDS_EN/FEATS_EN/Druwhn/Fhayanor_Ambush.jpg,True
Feats,7,DE,Core,Hinterhalt,Name,https://uprising-tts.s3.amazonaws.com/Uprising+Final+DE/CORE+BOX_DE/CARDS_DE/SMALL+CARDS_DE/FEATS_DE/Druwhn/Fhayanor_Ambush.jpg,res://assets/images/Uprising+Final+DE/CORE+BOX_DE/CARDS_DE/SMALL+CARDS_DE/FEATS_DE/Druwhn/Fhayanor_Ambush.jpg,True
Feats,8,EN,Core,Assasins,Name,https://uprising-tts.s3.amazonaws.com/Uprising+Final+EN/CORE_BOX_EN/CARDS_EN/SMALL_CARDS_EN/FEATS_EN/Druwhn/Fhayanor_Assasins.jpg,res://assets/images/Uprising+Final+EN/CORE_BOX_EN/CARDS_EN/SMALL_CARDS_EN/FEATS_EN/Druwhn/Fhayanor_Assasins.jpg,True
Feats,9,DE,Core,Assassinen,Name,https://uprising-tts.s3.amazonaws.com/Uprising+Final+DE/CORE+BOX_DE/CARDS_DE/SMALL+CARDS_DE/FEATS_DE/Druwhn/Fhayanor_Assasins.jpg,res://assets/images/Uprising+Final+DE/CORE+BOX_DE/CARDS_DE/SMALL+CARDS_DE/FEATS_DE/Druwhn/Fhayanor_Assasins.jpg,True
Feats,10,EN,Core,Beastmasters,Name,https://uprising-tts.s3.amazonaws.com/Uprising+Final+EN/CORE_BOX_EN/CARDS_EN/SMALL_CARDS_EN/FEATS_EN/Druwhn/Fhayanor_Beastmasters.jpg,res://assets/images/Uprising+Final+EN/CORE_BOX_EN/CARDS_EN/SMALL_CARDS_EN/FEATS_EN/Druwhn/Fhayanor_Beastmasters.jpg,True
Feats,11,DE,Core,Bezwinger,Name,https://uprising-tts.s3.amazonaws.com/Uprising+Final+DE/CORE+BOX_DE/CARDS_DE/SMALL+CARDS_DE/FEATS_DE/Druwhn/Fhayanor_Beastmasters.jpg,res://assets/images/Uprising+Final+DE/CORE+BOX_DE/CARDS_DE/SMALL+CARDS_DE/FEATS_DE/Druwhn/Fhayanor_Beastmasters.jpg,True
Feats,12,EN,Core,Caravans,Name,https://uprising-tts.s3.amazonaws.com/Uprising+Final+EN/CORE_BOX_EN/CARDS_EN/SMALL_CARDS_EN/FEATS_EN/Druwhn/Fhayanor_Caravans.jpg,res://assets/images/Uprising+Final+EN/CORE_BOX_EN/CARDS_EN/SMALL_CARDS_EN/FEATS_EN/Druwhn/Fhayanor_Caravans.jpg,True
Feats,13,DE,Core,Karawanen,Name,https://uprising-tts.s3.amazonaws.com/Uprising+Final+DE/CORE+BOX_DE/CARDS_DE/SMALL+CARDS_DE/FEATS_DE/Druwhn/Fhayanor_Caravans.jpg,res://assets/images/Uprising+Final+DE/CORE+BOX_DE/CARDS_DE/SMALL+CARDS_DE/FEATS_DE/Druwhn/Fhayanor_Caravans.jpg,True
Feats,14,EN,Core,Hit and Run,Name,https://uprising-tts.s3.amazonaws.com/Uprising+Final+EN/CORE_BOX_EN/CARDS_EN/SMALL_CARDS_EN/FEATS_EN/Druwhn/Fhayanor_Hit+and+Run.jpg,res://assets/images/Uprising+Final+EN/CORE_BOX_EN/CARDS_EN/SMALL_CARDS_EN/FEATS_EN/Druwhn/Fhayanor_Hit+and+Run.jpg,True
Feats,15,DE,Core,Nadelstiche,Name,https://uprising-tts.s3.amazonaws.com/Uprising+Final+DE/CORE+BOX_DE/CARDS_DE/SMALL+CARDS_DE/FEATS_DE/Druwhn/Fhayanor_Hit+and+Run.jpg,res://assets/images/Uprising+Final+DE/CORE+BOX_DE/CARDS_DE/SMALL+CARDS_DE/FEATS_DE/Druwhn/Fhayanor_Hit+and+Run.jpg,True
Feats,16,EN,Core,Illusionist,Name,https://uprising-tts.s3.amazonaws.com/Uprising+Final+EN/CORE_BOX_EN/CARDS_EN/SMALL_CARDS_EN/FEATS_EN/Druwhn/Syndra_Illusionist.jpg,res://assets/images/Uprising+Final+EN/CORE_BOX_EN/CARDS_EN/SMALL_CARDS_EN/FEATS_EN/Druwhn/Syndra_Illusionist.jpg,True
Feats,17,DE,Core,Trugbilder,Name,https://uprising-tts.s3.amazonaws.com/Uprising+Final+DE/CORE+BOX_DE/CARDS_DE/SMALL+CARDS_DE/FEATS_DE/Druwhn/Syndra_Illusionist.jpg,res://assets/images/Uprising+Final+DE/CORE+BOX_DE/CARDS_DE/SMALL+CARDS_DE/FEATS_DE/Druwhn/Syndra_Illusionist.jpg,True
Feats,18,EN,Core,Informants,Name,https://uprising-tts.s3.amazonaws.com/Uprising+Final+EN/CORE_BOX_EN/CARDS_EN/SMALL_CARDS_EN/FEATS_EN/Druwhn/Fhayanor_Informants.jpg,res://assets/images/Uprising+Final+EN/CORE_BOX_EN/CARDS_EN/SMALL_CARDS_EN/FEATS_EN/Druwhn/Fhayanor_Informants.jpg,True
Feats,19,DE,Core,Kundschafter,Name,https://uprising-tts.s3.amazonaws.com/Uprising+Final+DE/CORE+BOX_DE/CARDS_DE/SMALL+CARDS_DE/FEATS_DE/Druwhn/Fhayanor_Informants.jpg,res://assets/images/Uprising+Final+DE/CORE+BOX_DE/CARDS_DE/SMALL+CARDS_DE/FEATS_DE/Druwhn/Fhayanor_Informants.jpg,True
Feats,20,EN,Core,Intuition,Name,https://uprising-tts.s3.amazonaws.com/Uprising+Final+EN/CORE_BOX_EN/CARDS_EN/SMALL_CARDS_EN/FEATS_EN/Druwhn/Fhayanor_Intuition.jpg,res://assets/images/Uprising+Final+EN/CORE_BOX_EN/CARDS_EN/SMALL_CARDS_EN/FEATS_EN/Druwhn/Fhayanor_Intuition.jpg,True
Feats,21,DE,Core,Intuition,Name,https://uprising-tts.s3.amazonaws.com/Uprising+Final+DE/CORE+BOX_DE/CARDS_DE/SMALL+CARDS_DE/FEATS_DE/Druwhn/Fhayanor_Intuition.jpg,res://assets/images/Uprising+Final+DE/CORE+BOX_DE/CARDS_DE/SMALL+CARDS_DE/FEATS_DE/Druwhn/Fhayanor_Intuition.jpg,True
Feats,22,EN,Core,Swordsisters,Name,https://uprising-tts.s3.amazonaws.com/Uprising+Final+EN/CORE_BOX_EN/CARDS_EN/SMALL_CARDS_EN/FEATS_EN/Druwhn/Fhayanor_Swordsisters.jpg,res://assets/images/Uprising+Final+EN/CORE_BOX_EN/CARDS_EN/SMALL_CARDS_EN/FEATS_EN/Druwhn/Fhayanor_Swordsisters.jpg,True
Feats,23,DE,Core,Schwertschwestern,Name,https://uprising-tts.s3.amazonaws.com/Uprising+Final+DE/CORE+BOX_DE/CARDS_DE/SMALL+CARDS_DE/FEATS_DE/Druwhn/Fhayanor_Swordsisters.jpg,res://assets/images/Uprising+Final+DE/CORE+BOX_DE/CARDS_DE/SMALL+CARDS_DE/FEATS_DE/Druwhn/Fhayanor_Swordsisters.jpg,True
Feats,24,EN,Core,Teleport,Name,https://uprising-tts.s3.amazonaws.com/Uprising+Final+EN/CORE_BOX_EN/CARDS_EN/SMALL_CARDS_EN/FEATS_EN/Druwhn/Syndra_Teleport.jpg,res://assets/images/Uprising+Final+EN/CORE_BOX_EN/CARDS_EN/SMALL_CARDS_EN/FEATS_EN/Druwhn/Syndra_Teleport.jpg,True
Feats,25,DE,Core,Teleport,Name,https://uprising-tts.s3.amazonaws.com/Uprising+Final+DE/CORE+BOX_DE/CARDS_DE/SMALL+CARDS_DE/FEATS_DE/Druwhn/Syndra_Teleport.jpg,res://assets/images/Uprising+Final+DE/CORE+BOX_DE/CARDS_DE/SMALL+CARDS_DE/FEATS_DE/Druwhn/Syndra_Teleport.jpg,True
Feats,26,EN,Core,Astute,Name,https://uprising-tts.s3.amazonaws.com/Uprising+Final+EN/CORE_BOX_EN/CARDS_EN/SMALL_CARDS_EN/FEATS_EN/Duerkhar/Baranth_Astute.jpg,res://assets/images/Uprising+Final+EN/CORE_BOX_EN/CARDS_EN/SMALL_CARDS_EN/FEATS_EN/Duerkhar/Baranth_Astute.jpg,True
Feats,27,DE,Core,Scharfsinn,Name,https://uprising-tts.s3.amazonaws.com/Uprising+Final+DE/CORE+BOX_DE/CARDS_DE/SMALL+CARDS_DE/FEATS_DE/Duerkhar/Baranth_Astute.jpg,res://assets/images/Uprising+Final+DE/CORE+BOX_DE/CARDS_DE/SMALL+CARDS_DE/FEATS_DE/Duerkhar/Baranth_Astute.jpg,True
Feats,28,EN,Core,Asheforge,Name,https://uprising-tts.s3.amazonaws.com/Uprising+Final+EN/CORE_BOX_EN/CARDS_EN/SMALL_CARDS_EN/FEATS_EN/Duerkhar/Baranth_Asheforge.jpg,res://assets/images/Uprising+Final+EN/CORE_BOX_EN/CARDS_EN/SMALL_CARDS_EN/FEATS_EN/Duerkhar/Baranth_Asheforge.jpg,True
Feats,29,DE,Core,Aschenschmiede,Name,https://uprising-tts.s3.amazonaws.com/Uprising+Final+DE/CORE+BOX_DE/CARDS_DE/SMALL+CARDS_DE/FEATS_DE/Duerkhar/Baranth_Asheforge.jpg,res://assets/images/Uprising+Final+DE/CORE+BOX_DE/CARDS_DE/SMALL+CARDS_DE/FEATS_DE/Duerkhar/Baranth_Asheforge.jpg,True
Feats,30,EN,Core,Call to Arms,Name,https://uprising-tts.s3.amazonaws.com/Uprising+Final+EN/CORE_BOX_EN/CARDS_EN/SMALL_CARDS_EN/FEATS_EN/Duerkhar/Baranth_Call+to+Arms.jpg,res://assets/images/Uprising+Final+EN/CORE_BOX_EN/CARDS_EN/SMALL_CARDS_EN/FEATS_EN/Duerkhar/Baranth_Call+to+Arms.jpg,True
Feats,31,DE,Core,Zu den Waffen!,Name,https://uprising-tts.s3.amazonaws.com/Uprising+Final+DE/CORE+BOX_DE/CARDS_DE/SMALL+CARDS_DE/FEATS_DE/Duerkhar/Baranth_Call+to+Arms.jpg,res://assets/images/Uprising+Final+DE/CORE+BOX_DE/CARDS_DE/SMALL+CARDS_DE/FEATS_DE/Duerkhar/Baranth_Call+to+Arms.jpg,True
Feats,32,EN,Core,Elder,Name,https://uprising-tts.s3.amazonaws.com/Uprising+Final+EN/CORE_BOX_EN/CARDS_EN/SMALL_CARDS_EN/FEATS_EN/Duerkhar/Yanny_Elder.jpg,res://assets/images/Uprising+Final+EN/CORE_BOX_EN/CARDS_EN/SMALL_CARDS_EN/FEATS_EN/Duerkhar/Yanny_Elder.jpg,True
Feats,33,DE,Core,Ältestenrat,Name,https://uprising-tts.s3.amazonaws.com/Uprising+Final+DE/CORE+BOX_DE/CARDS_DE/SMALL+CARDS_DE/FEATS_DE/Duerkhar/Yanny_Elder.jpg,res://assets/images/Uprising+Final+DE/CORE+BOX_DE/CARDS_DE/SMALL+CARDS_DE/FEATS_DE/Duerkhar/Yanny_Elder.jpg,True
Feats,34,EN,Core,Glory,Name,https://uprising-tts.s3.amazonaws.com/Uprising+Final+EN/CORE_BOX_EN/CARDS_EN/SMALL_CARDS_EN/FEATS_EN/Duerkhar/Baranth_Glory.jpg,res://assets/images/Uprising+Final+EN/CORE_BOX_EN/CARDS_EN/SMALL_CARDS_EN/FEATS_EN/Duerkhar/Baranth_Glory.jpg,True
Feats,35,DE,Core,Kampfesruhm,Name,https://uprising-tts.s3.amazonaws.com/Uprising+Final+DE/CORE+BOX_DE/CARDS_DE/SMALL+CARDS_DE/FEATS_DE/Duerkhar/Baranth_Glory.jpg,res://assets/images/Uprising+Final+DE/CORE+BOX_DE/CARDS_DE/SMALL+CARDS_DE/FEATS_DE/Duerkhar/Baranth_Glory.jpg,True
Feats,36,EN,Core,Koloth,Name,https://uprising-tts.s3.amazonaws.com/Uprising+Final+EN/CORE_BOX_EN/CARDS_EN/SMALL_CARDS_EN/FEATS_EN/Duerkhar/Baranth_Koloth.jpg,res://assets/images/Uprising+Final+EN/CORE_BOX_EN/CARDS_EN/SMALL_CARDS_EN/FEATS_EN/Duerkhar/Baranth_Koloth.jpg,True
Feats,37,DE,Core,Koloth,Name,https://uprising-tts.s3.amazonaws.com/Uprising+Final+DE/CORE+BOX_DE/CARDS_DE/SMALL+CARDS_DE/FEATS_DE/Duerkhar/Baranth_Koloth.jpg,res://assets/images/Uprising+Final+DE/CORE+BOX_DE/CARDS_DE/SMALL+CARDS_DE/FEATS_DE/Duerkhar/Baranth_Koloth.jpg,True
Feats,38,EN,Core,Phalanx,Name,https://uprising-tts.s3.amazonaws.com/Uprising+Final+EN/CORE_BOX_EN/CARDS_EN/SMALL_CARDS_EN/FEATS_EN/Duerkhar/Baranth_Phalanx.jpg,res://assets/images/Uprising+Final+EN/CORE_BOX_EN/CARDS_EN/SMALL_CARDS_EN/FEATS_EN/Duerkhar/Baranth_Phalanx.jpg,True
Feats,39,DE,Core,Phalanx,Name,https://uprising-tts.s3.amazonaws.com/Uprising+Final+DE/CORE+BOX_DE/CARDS_DE/SMALL+CARDS_DE/FEATS_DE/Duerkhar/Baranth_Phalanx.jpg,res://assets/images/Uprising+Final+DE/CORE+BOX_DE/CARDS_DE/SMALL+CARDS_DE/FEATS_DE/Duerkhar/Baranth_Phalanx.jpg,True
Feats,40,EN,Core,Traps,Name,https://uprising-tts.s3.amazonaws.com/Uprising+Final+EN/CORE_BOX_EN/CARDS_EN/SMALL_CARDS_EN/FEATS_EN/Duerkhar/Yanny_Traps.jpg,res://assets/images/Uprising+Final+EN/CORE_BOX_EN/CARDS_EN/SMALL_CARDS_EN/FEATS_EN/Duerkhar/Yanny_Traps.jpg,True
Feats,41,DE,Core,Fallen,Name,https://uprising-tts.s3.amazonaws.com/Uprising+Final+DE/CORE+BOX_DE/CARDS_DE/SMALL+CARDS_DE/FEATS_DE/Duerkhar/Yanny_Traps.jpg,res://assets/images/Uprising+Final+DE/CORE+BOX_DE/CARDS_DE/SMALL+CARDS_DE/FEATS_DE/Duerkhar/Yanny_Traps.jpg,True
Feats,42,EN,Core,Warsong,Name,https://uprising-tts.s3.amazonaws.com/Uprising+Final+EN/CORE_BOX_EN/CARDS_EN/SMALL_CARDS_EN/FEATS_EN/Duerkhar/Baranth_Warsong.jpg,res://assets/images/Uprising+Final+EN/CORE_BOX_EN/CARDS_EN/SMALL_CARDS_EN/FEATS_EN/Duerkhar/Baranth_Warsong.jpg,True
Feats,43,DE,Core,Kriegslied,Name,https://uprising-tts.s3.amazonaws.com/Uprising+Final+DE/CORE+BOX_DE/CARDS_DE/SMALL+CARDS_DE/FEATS_DE/Duerkhar/Baranth_Warsong.jpg,res://assets/images/Uprising+Final+DE/CORE+BOX_DE/CARDS_DE/SMALL+CARDS_DE/FEATS_DE/Duerkhar/Baranth_Warsong.jpg,True
Feats,44,EN,Core,Younglings,Name,https://uprising-tts.s3.amazonaws.com/Uprising+Final+EN/CORE_BOX_EN/CARDS_EN/SMALL_CARDS_EN/FEATS_EN/Duerkhar/Baranth_Younglings.jpg,res://assets/images/Uprising+Final+EN/CORE_BOX_EN/CARDS_EN/SMALL_CARDS_EN/FEATS_EN/Duerkhar/Baranth_Younglings.jpg,True
Feats,45,DE,Core,Frischlinge,Name,https://uprising-tts.s3.amazonaws.com/Uprising+Final+DE/CORE+BOX_DE/CARDS_DE/SMALL+CARDS_DE/FEATS_DE/Duerkhar/Baranth_Younglings.jpg,res://assets/images/Uprising+Final+DE/CORE+BOX_DE/CARDS_DE/SMALL+CARDS_DE/FEATS_DE/Duerkhar/Baranth_Younglings.jpg,True
Feats,46,EN,Arch,Farstrider,Name,https://uprising-tts.s3.amazonaws.com/Uprising+Final+EN/ARCH-NEMESIS_EN/CARDS_EN/SMALL_CARDS_EN/FEATS_EN/Hokqan/Azyr_Farstrider.jpg,res://assets/images/Uprising+Final+EN/ARCH-NEMESIS_EN/CARDS_EN/SMALL_CARDS_EN/FEATS_EN/Hokqan/Azyr_Farstrider.jpg,True
Feats,47,DE,Arch,Weitläufer,Name,https://uprising-tts.s3.amazonaws.com/Uprising+Final+DE/ARCH-NEMESIS_DE/CARDS_DE/SMALL_CARDS_DE/FEATS_DE/Hokqan/Tzadani_Farstrider.jpg,res://assets/images/Uprising+Final+DE/ARCH-NEMESIS_DE/CARDS_DE/SMALL_CARDS_DE/FEATS_DE/Hokqan/Tzadani_Farstrider.jpg,True
Feats,48,EN,Arch,Hide in Plain Sight,Name,https://uprising-tts.s3.amazonaws.com/Uprising+Final+EN/ARCH-NEMESIS_EN/CARDS_EN/SMALL_CARDS_EN/FEATS_EN/Hokqan/Azyr_Hide+in+Plain+Sight.jpg,res://assets/images/Uprising+Final+EN/ARCH-NEMESIS_EN/CARDS_EN/SMALL_CARDS_EN/FEATS_EN/Hokqan/Azyr_Hide+in+Plain+Sight.jpg,True
Feats,49,DE,Arch,Taktischer Rückzug,Name,https://uprising-tts.s3.amazonaws.com/Uprising+Final+DE/ARCH-NEMESIS_DE/CARDS_DE/SMALL_CARDS_DE/FEATS_DE/Hokqan/Azyr_Hide+in+Plain+Sight.jpg,res://assets/images/Uprising+Final+DE/ARCH-NEMESIS_DE/CARDS_DE/SMALL_CARDS_DE/FEATS_DE/Hokqan/Azyr_Hide+in+Plain+Sight.jpg,True
Feats,50,EN,Arch,Into the Wild,Name,https://uprising-tts.s3.amazonaws.com/Uprising+Final+EN/ARCH-NEMESIS_EN/CARDS_EN/SMALL_CARDS_EN/FEATS_EN/Hokqan/Azyr_Into+the+Wild.jpg,res://assets/images/Uprising+Final+EN/ARCH-NEMESIS_EN/CARDS_EN/SMALL_CARDS_EN/FEATS_EN/Hokqan/Azyr_Into+the+Wild.jpg,True
Feats,51,DE,Arch,Herrscher der Wildnis,Name,https://uprising-tts.s3.amazonaws.com/Uprising+Final+DE/ARCH-NEMESIS_DE/CARDS_DE/SMALL_CARDS_DE/FEATS_DE/Hokqan/Tzadani_Into+the+Wild.jpg,res://assets/images/Uprising+Final+DE/ARCH-NEMESIS_DE/CARDS_DE/SMALL_CARDS_DE/FEATS_DE/Hokqan/Tzadani_Into+the+Wild.jpg,True
Feats,52,EN,Arch,Nimble Reflexes,Name,https://uprising-tts.s3.amazonaws.com/Uprising+Final+EN/ARCH-NEMESIS_EN/CARDS_EN/SMALL_CARDS_EN/FEATS_EN/Hokqan/Tzadani_Nimble+Reflexes.jpg,res://assets/images/Uprising+Final+EN/ARCH-NEMESIS_EN/CARDS_EN/SMALL_CARDS_EN/FEATS_EN/Hokqan/Tzadani_Nimble+Reflexes.jpg,True
Feats,53,DE,Arch,Flinke Reflexe,Name,https://uprising-tts.s3.amazonaws.com/Uprising+Final+DE/ARCH-NEMESIS_DE/CARDS_DE/SMALL_CARDS_DE/FEATS_DE/Hokqan/Tzadani_Nimble+Reflexes.jpg,res://assets/images/Uprising+Final+DE/ARCH-NEMESIS_DE/CARDS_DE/SMALL_CARDS_DE/FEATS_DE/Hokqan/Tzadani_Nimble+Reflexes.jpg,True
Feats,54,EN,Arch,Ranger Veil,Name,https://uprising-tts.s3.amazonaws.com/Uprising+Final+EN/ARCH-NEMESIS_EN/CARDS_EN/SMALL_CARDS_EN/FEATS_EN/Hokqan/Tzadani_Ranger+Veil.jpg,res://assets/images/Uprising+Final+EN/ARCH-NEMESIS_EN/CARDS_EN/SMALL_CARDS_EN/FEATS_EN/Hokqan/Tzadani_Ranger+Veil.jpg,True
Feats,55,DE,Arch,Schleier des Waldläufers,Name,https://uprising-tts.s3.amazonaws.com/Uprising+Final+DE/ARCH-NEMESIS_DE/CARDS_DE/SMALL_CARDS_DE/FEATS_DE/Hokqan/Tzadani_Ranger+Veil.jpg,res://assets/images/Uprising+Final+DE/ARCH-NEMESIS_DE/CARDS_DE/SMALL_CARDS_DE/FEATS_DE/Hokqan/Tzadani_Ranger+Veil.jpg,True
Feats,56,EN,Arch,Stalkers,Name,https://uprising-tts.s3.amazonaws.com/Uprising+Final+EN/ARCH-NEMESIS_EN/CARDS_EN/SMALL_CARDS_EN/FEATS_EN/Hokqan/Azyr_Stalkers.jpg,res://assets/images/Uprising+Final+EN/ARCH-NEMESIS_EN/CARDS_EN/SMALL_CARDS_EN/FEATS_EN/Hokqan/Azyr_Stalkers.jpg,True
Feats,57,DE,Arch,Pirscher,Name,https://uprising-tts.s3.amazonaws.com/Uprising+Final+DE/ARCH-NEMESIS_DE/CARDS_DE/SMALL_CARDS_DE/FEATS_DE/Hokqan/Tzadani_Stalkers.jpg,res://assets/images/Uprising+Final+DE/ARCH-NEMESIS_DE/CARDS_DE/SMALL_CARDS_DE/FEATS_DE/Hokqan/Tzadani_Stalkers.jpg,True
Feats,58,EN,Arch,Stealthy,Name,https://uprising-tts.s3.amazonaws.com/Uprising+Final+EN/ARCH-NEMESIS_EN/CARDS_EN/SMALL_CARDS_EN/FEATS_EN/Hokqan/Azyr_Stealthy.jpg,res://assets/images/Uprising+Final+EN/ARCH-NEMESIS_EN/CARDS_EN/SMALL_CARDS_EN/FEATS_EN/Hokqan/Azyr_Stealthy.jpg,True
Feats,59,DE,Arch,Listenreich,Name,https://uprising-tts.s3.amazonaws.com/Uprising+Final+DE/ARCH-NEMESIS_DE/CARDS_DE/SMALL_CARDS_DE/FEATS_DE/Hokqan/Tzadani_Stealthy.jpg,res://assets/images/Uprising+Final+DE/ARCH-NEMESIS_DE/CARDS_DE/SMALL_CARDS_DE/FEATS_DE/Hokqan/Tzadani_Stealthy.jpg,True
Feats,60,EN,Arch,Tireless Hunt,Name,https://uprising-tts.s3.amazonaws.com/Uprising+Final+EN/ARCH-NEMESIS_EN/CARDS_EN/SMALL_CARDS_EN/FEATS_EN/Hokqan/Azyr_Tireless+Hunt.jpg,res://assets/images/Uprising+Final+EN/ARCH-NEMESIS_EN/CARDS_EN/SMALL_CARDS_EN/FEATS_EN/Hokqan/Azyr_Tireless+Hunt.jpg,True
Feats,61,DE,Arch,Unermüdliche Jagd,Name,https://uprising-tts.s3.amazonaws.com/Uprising+Final+DE/ARCH-NEMESIS_DE/CARDS_DE/SMALL_CARDS_DE/FEATS_DE/Hokqan/Tzadani_Tireless+Hunt.jpg,res://assets/images/Uprising+Final+DE/ARCH-NEMESIS_DE/CARDS_DE/SMALL_CARDS_DE/FEATS_DE/Hokqan/Tzadani_Tireless+Hunt.jpg,True
Feats,62,EN,Arch,Flanking Strike,Name,https://uprising-tts.s3.amazonaws.com/Uprising+Final+EN/ARCH-NEMESIS_EN/CARDS_EN/SMALL_CARDS_EN/FEATS_EN/Hokqan/Azyr_Flanking+Strike.jpg,res://assets/images/Uprising+Final+EN/ARCH-NEMESIS_EN/CARDS_EN/SMALL_CARDS_EN/FEATS_EN/Hokqan/Azyr_Flanking+Strike.jpg,True
Feats,63,DE,Arch,Zangenangriff,Name,https://uprising-tts.s3.amazonaws.com/Uprising+Final+DE/ARCH-NEMESIS_DE/CARDS_DE/SMALL_CARDS_DE/FEATS_DE/Hokqan/Azyr_Flanking+Strike.jpg,res://assets/images/Uprising+Final+DE/ARCH-NEMESIS_DE/CARDS_DE/SMALL_CARDS_DE/FEATS_DE/Hokqan/Azyr_Flanking+Strike.jpg,True
Feats,64,EN,Arch,Zealots,Name,https://uprising-tts.s3.amazonaws.com/Uprising+Final+EN/ARCH-NEMESIS_EN/CARDS_EN/SMALL_CARDS_EN/FEATS_EN/Hokqan/Azyr_Zealots.jpg,res://assets/images/Uprising+Final+EN/ARCH-NEMESIS_EN/CARDS_EN/SMALL_CARDS_EN/FEATS_EN/Hokqan/Azyr_Zealots.jpg,True
Feats,65,DE,Arch,Fanatiker,Name,https://uprising-tts.s3.amazonaws.com/Uprising+Final+DE/ARCH-NEMESIS_DE/CARDS_DE/SMALL_CARDS_DE/FEATS_DE/Hokqan/Azyr_Zealots.jpg,res://assets/images/Uprising+Final+DE/ARCH-NEMESIS_DE/CARDS_DE/SMALL_CARDS_DE/FEATS_DE/Hokqan/Azyr_Zealots.jpg,True
Feats,66,EN,Core,Bloodlust,Name,https://uprising-tts.s3.amazonaws.com/Uprising+Final+EN/CORE_BOX_EN/CARDS_EN/SMALL_CARDS_EN/FEATS_EN/Krowh/Khaal_Bloodlust.jpg,res://assets/images/Uprising+Final+EN/CORE_BOX_EN/CARDS_EN/SMALL_CARDS_EN/FEATS_EN/Krowh/Khaal_Bloodlust.jpg,True
Feats,67,DE,Core,Blutrausch,Name,https://uprising-tts.s3.amazonaws.com/Uprising+Final+DE/CORE+BOX_DE/CARDS_DE/SMALL+CARDS_DE/FEATS_DE/Krowh/Khaal_Bloodlust.jpg,res://assets/images/Uprising+Final+DE/CORE+BOX_DE/CARDS_DE/SMALL+CARDS_DE/FEATS_DE/Krowh/Khaal_Bloodlust.jpg,True
Feats,68,EN,Core,Bonefires,Name,https://uprising-tts.s3.amazonaws.com/Uprising+Final+EN/CORE_BOX_EN/CARDS_EN/SMALL_CARDS_EN/FEATS_EN/Krowh/Khaal_Bonefires.jpg,res://assets/images/Uprising+Final+EN/CORE_BOX_EN/CARDS_EN/SMALL_CARDS_EN/FEATS_EN/Krowh/Khaal_Bonefires.jpg,True
Feats,69,DE,Core,Knochenfeuer,Name,https://uprising-tts.s3.amazonaws.com/Uprising+Final+DE/CORE+BOX_DE/CARDS_DE/SMALL+CARDS_DE/FEATS_DE/Krowh/Dugpa_Bonefires.jpg,res://assets/images/Uprising+Final+DE/CORE+BOX_DE/CARDS_DE/SMALL+CARDS_DE/FEATS_DE/Krowh/Dugpa_Bonefires.jpg,True
Feats,70,EN,Core,Dark Ritual,Name,https://uprising-tts.s3.amazonaws.com/Uprising+Final+EN/CORE_BOX_EN/CARDS_EN/SMALL_CARDS_EN/FEATS_EN/Krowh/Dugpa_Dark+Ritual.jpg,res://assets/images/Uprising+Final+EN/CORE_BOX_EN/CARDS_EN/SMALL_CARDS_EN/FEATS_EN/Krowh/Dugpa_Dark+Ritual.jpg,True
Feats,71,DE,Core,Dunkles Ritual,Name,https://uprising-tts.s3.amazonaws.com/Uprising+Final+DE/CORE+BOX_DE/CARDS_DE/SMALL+CARDS_DE/FEATS_DE/Krowh/Dugpa_Dark+Ritual.jpg,res://assets/images/Uprising+Final+DE/CORE+BOX_DE/CARDS_DE/SMALL+CARDS_DE/FEATS_DE/Krowh/Dugpa_Dark+Ritual.jpg,True
Feats,72,EN,Core,Deathsworn,Name,https://uprising-tts.s3.amazonaws.com/Uprising+Final+EN/CORE_BOX_EN/CARDS_EN/SMALL_CARDS_EN/FEATS_EN/Krowh/Dugpa_Deathsworn.jpg,res://assets/images/Uprising+Final+EN/CORE_BOX_EN/CARDS_EN/SMALL_CARDS_EN/FEATS_EN/Krowh/Dugpa_Deathsworn.jpg,True
Feats,73,DE,Core,Todesgerschworene,Name,https://uprising-tts.s3.amazonaws.com/Uprising+Final+DE/CORE+BOX_DE/CARDS_DE/SMALL+CARDS_DE/FEATS_DE/Krowh/Dugpa_Deathsworn.jpg,res://assets/images/Uprising+Final+DE/CORE+BOX_DE/CARDS_DE/SMALL+CARDS_DE/FEATS_DE/Krowh/Dugpa_Deathsworn.jpg,True
Feats,74,EN,Core,Trolls,Name,https://uprising-tts.s3.amazonaws.com/Uprising+Final+EN/CORE_BOX_EN/CARDS_EN/SMALL_CARDS_EN/FEATS_EN/Krowh/Dugpa_Trolls.jpg,res://assets/images/Uprising+Final+EN/CORE_BOX_EN/CARDS_EN/SMALL_CARDS_EN/FEATS_EN/Krowh/Dugpa_Trolls.jpg,True
Feats,75,DE,Core,Trolle,Name,https://uprising-tts.s3.amazonaws.com/Uprising+Final+DE/CORE+BOX_DE/CARDS_DE/SMALL+CARDS_DE/FEATS_DE/Krowh/Dugpa_Trolls.jpg,res://assets/images/Uprising+Final+DE/CORE+BOX_DE/CARDS_DE/SMALL+CARDS_DE/FEATS_DE/Krowh/Dugpa_Trolls.jpg,True
Feats,76,EN,Core,Frenzy,Name,https://uprising-tts.s3.amazonaws.com/Uprising+Final+EN/CORE_BOX_EN/CARDS_EN/SMALL_CARDS_EN/FEATS_EN/Krowh/Dugpa_Frenzy.jpg,res://assets/images/Uprising+Final+EN/CORE_BOX_EN/CARDS_EN/SMALL_CARDS_EN/FEATS_EN/Krowh/Dugpa_Frenzy.jpg,True
Feats,77,DE,Core,Raserei,Name,https://uprising-tts.s3.amazonaws.com/Uprising+Final+DE/CORE+BOX_DE/CARDS_DE/SMALL+CARDS_DE/FEATS_DE/Krowh/Dugpa_Frenzy.jpg,res://assets/images/Uprising+Final+DE/CORE+BOX_DE/CARDS_DE/SMALL+CARDS_DE/FEATS_DE/Krowh/Dugpa_Frenzy.jpg,True
Feats,78,EN,Core,Gravedigger,Name,https://uprising-tts.s3.amazonaws.com/Uprising+Final+EN/CORE_BOX_EN/CARDS_EN/SMALL_CARDS_EN/FEATS_EN/Krowh/Dugpa_Gravedigger.jpg,res://assets/images/Uprising+Final+EN/CORE_BOX_EN/CARDS_EN/SMALL_CARDS_EN/FEATS_EN/Krowh/Dugpa_Gravedigger.jpg,True
Feats,79,DE,Core,Totengräber,Name,https://uprising-tts.s3.amazonaws.com/Uprising+Final+DE/CORE+BOX_DE/CARDS_DE/SMALL+CARDS_DE/FEATS_DE/Krowh/Dugpa_Gravedigger.jpg,res://assets/images/Uprising+Final+DE/CORE+BOX_DE/CARDS_DE/SMALL+CARDS_DE/FEATS_DE/Krowh/Dugpa_Gravedigger.jpg,True
Feats,80,EN,Core,Necromancy,Name,https://uprising-tts.s3.amazonaws.com/Uprising+Final+EN/CORE_BOX_EN/CARDS_EN/SMALL_CARDS_EN/FEATS_EN/Krowh/Dugpa_Necromantrix.jpg,res://assets/images/Uprising+Final+EN/CORE_BOX_EN/CARDS_EN/SMALL_CARDS_EN/FEATS_EN/Krowh/Dugpa_Necromantrix.jpg,True
Feats,81,DE,Core,Nekromantie,Name,https://uprising-tts.s3.amazonaws.com/Uprising+Final+DE/CORE+BOX_DE/CARDS_DE/SMALL+CARDS_DE/FEATS_DE/Krowh/Dugpa_Necromantrix.jpg,res://assets/images/Uprising+Final+DE/CORE+BOX_DE/CARDS_DE/SMALL+CARDS_DE/FEATS_DE/Krowh/Dugpa_Necromantrix.jpg,True
Feats,82,EN,Core,Pillage,Name,https://uprising-tts.s3.amazonaws.com/Uprising+Final+EN/CORE_BOX_EN/CARDS_EN/SMALL_CARDS_EN/FEATS_EN/Krowh/Khaal_Pillage.jpg,res://assets/images/Uprising+Final+EN/CORE_BOX_EN/CARDS_EN/SMALL_CARDS_EN/FEATS_EN/Krowh/Khaal_Pillage.jpg,True
Feats,83,DE,Core,Plünderung,Name,https://uprising-tts.s3.amazonaws.com/Uprising+Final+DE/CORE+BOX_DE/CARDS_DE/SMALL+CARDS_DE/FEATS_DE/Krowh/Khaal_Pillage.jpg,res://assets/images/Uprising+Final+DE/CORE+BOX_DE/CARDS_DE/SMALL+CARDS_DE/FEATS_DE/Krowh/Khaal_Pillage.jpg,True
Feats,84,EN,Core,Vargs,Name,https://uprising-tts.s3.amazonaws.com/Uprising+Final+EN/CORE_BOX_EN/CARDS_EN/SMALL_CARDS_EN/FEATS_EN/Krowh/Dugpa_Vargs.jpg,res://assets/images/Uprising+Final+EN/CORE_BOX_EN/CARDS_EN/SMALL_CARDS_EN/FEATS_EN/Krowh/Dugpa_Vargs.jpg,True
Feats,85,DE,Core,Varge,Name,https://uprising-tts.s3.amazonaws.com/Uprising+Final+DE/CORE+BOX_DE/CARDS_DE/SMALL+CARDS_DE/FEATS_DE/Krowh/Dugpa_Vargs.jpg,res://assets/images/Uprising+Final+DE/CORE+BOX_DE/CARDS_DE/SMALL+CARDS_DE/FEATS_DE/Krowh/Dugpa_Vargs.jpg,True
Feats,86,EN,Core,Berserkers,Name,https://uprising-tts.s3.amazonaws.com/Uprising+Final+EN/CORE_BOX_EN/CARDS_EN/SMALL_CARDS_EN/FEATS_EN/Mohyar/Hanzo_Berserkers.jpg,res://assets/images/Uprising+Final+EN/CORE_BOX_EN/CARDS_EN/SMALL_CARDS_EN/FEATS_EN/Mohyar/Hanzo_Berserkers.jpg,True
Feats,87,DE,Core,Berseker,Name,https://uprising-tts.s3.amazonaws.com/Uprising+Final+DE/CORE+BOX_DE/CARDS_DE/SMALL+CARDS_DE/FEATS_DE/Mohyar/Hanzo_Berserkers.jpg,res://assets/images/Uprising+Final+DE/CORE+BOX_DE/CARDS_DE/SMALL+CARDS_DE/FEATS_DE/Mohyar/Hanzo_Berserkers.jpg,True
Feats,88,EN,Core,Crossfire,Name,https://uprising-tts.s3.amazonaws.com/Uprising+Final+EN/CORE_BOX_EN/CARDS_EN/SMALL_CARDS_EN/FEATS_EN/Mohyar/Hanzo_Crossfire.jpg,res://assets/images/Uprising+Final+EN/CORE_BOX_EN/CARDS_EN/SMALL_CARDS_EN/FEATS_EN/Mohyar/Hanzo_Crossfire.jpg,True
Feats,89,DE,Core,Kreuzfeuer,Name,https://uprising-tts.s3.amazonaws.com/Uprising+Final+DE/CORE+BOX_DE/CARDS_DE/SMALL+CARDS_DE/FEATS_DE/Mohyar/Hanzo_Crossfire.jpg,res://assets/images/Uprising+Final+DE/CORE+BOX_DE/CARDS_DE/SMALL+CARDS_DE/FEATS_DE/Mohyar/Hanzo_Crossfire.jpg,True
Feats,90,EN,Core,Imperial Connections,Name,https://uprising-tts.s3.amazonaws.com/Uprising+Final+EN/CORE_BOX_EN/CARDS_EN/SMALL_CARDS_EN/FEATS_EN/Mohyar/Hanzo_Imperial+Connections.jpg,res://assets/images/Uprising+Final+EN/CORE_BOX_EN/CARDS_EN/SMALL_CARDS_EN/FEATS_EN/Mohyar/Hanzo_Imperial+Connections.jpg,True
Feats,91,DE,Core,Imperiale Verbindungen,Name,https://uprising-tts.s3.amazonaws.com/Uprising+Final+DE/CORE+BOX_DE/CARDS_DE/SMALL+CARDS_DE/FEATS_DE/Mohyar/Hanzo_Imperial+Connections.jpg,res://assets/images/Uprising+Final+DE/CORE+BOX_DE/CARDS_DE/SMALL+CARDS_DE/FEATS_DE/Mohyar/Hanzo_Imperial+Connections.jpg,True
Feats,92,EN,Core,Rebel Marksmen,Name,https://uprising-tts.s3.amazonaws.com/Uprising+Final+EN/CORE_BOX_EN/CARDS_EN/SMALL_CARDS_EN/FEATS_EN/Mohyar/Hanzo_Rebel+Marksmen.jpg,res://assets/images/Uprising+Final+EN/CORE_BOX_EN/CARDS_EN/SMALL_CARDS_EN/FEATS_EN/Mohyar/Hanzo_Rebel+Marksmen.jpg,True
Feats,93,DE,Core,Treffsicher,Name,https://uprising-tts.s3.amazonaws.com/Uprising+Final+DE/CORE+BOX_DE/CARDS_DE/SMALL+CARDS_DE/FEATS_DE/Mohyar/Hanzo_Rebel+Marksmen.jpg,res://assets/images/Uprising+Final+DE/CORE+BOX_DE/CARDS_DE/SMALL+CARDS_DE/FEATS_DE/Mohyar/Hanzo_Rebel+Marksmen.jpg,True
Feats,94,EN,Core,Slavers,Name,https://uprising-tts.s3.amazonaws.com/Uprising+Final+EN/CORE_BOX_EN/CARDS_EN/SMALL_CARDS_EN/FEATS_EN/Mohyar/Hanzo_Slavers.jpg,res://assets/images/Uprising+Final+EN/CORE_BOX_EN/CARDS_EN/SMALL_CARDS_EN/FEATS_EN/Mohyar/Hanzo_Slavers.jpg,True
Feats,95,DE,Core,Sklavenhändler,Name,https://uprising-tts.s3.amazonaws.com/Uprising+Final+DE/CORE+BOX_DE/CARDS_DE/SMALL+CARDS_DE/FEATS_DE/Mohyar/Hanzo_Slavers.jpg,res://assets/images/Uprising+Final+DE/CORE+BOX_DE/CARDS_DE/SMALL+CARDS_DE/FEATS_DE/Mohyar/Hanzo_Slavers.jpg,True
Feats,96,EN,Core,Spoils of War,Name,https://uprising-tts.s3.amazonaws.com/Uprising+Final+EN/CORE_BOX_EN/CARDS_EN/SMALL_CARDS_EN/FEATS_EN/Mohyar/Hanzo_Spoils+of+War.jpg,res://assets/images/Uprising+Final+EN/CORE_BOX_EN/CARDS_EN/SMALL_CARDS_EN/FEATS_EN/Mohyar/Hanzo_Spoils+of+War.jpg,True
Feats,97,DE,Core,Kriegsbeute,Name,https://uprising-tts.s3.amazonaws.com/Uprising+Final+DE/CORE+BOX_DE/CARDS_DE/SMALL+CARDS_DE/FEATS_DE/Mohyar/Hanzo_Spoils+of+War.jpg,res://assets/images/Uprising+Final+DE/CORE+BOX_DE/CARDS_DE/SMALL+CARDS_DE/FEATS_DE/Mohyar/Hanzo_Spoils+of+War.jpg,True
Feats,98,EN,Core,Tomb Raiders,Name,https://uprising-tts.s3.amazonaws.com/Uprising+Final+EN/CORE_BOX_EN/CARDS_EN/SMALL_CARDS_EN/FEATS_EN/Mohyar/Hanzo_Tomb+Raiders.jpg,res://assets/images/Uprising+Final+EN/CORE_BOX_EN/CARDS_EN/SMALL_CARDS_EN/FEATS_EN/Mohyar/Hanzo_Tomb+Raiders.jpg,True
Feats,99,DE,Core,Grabräuber,Name,https://uprising-tts.s3.amazonaws.com/Uprising+Final+DE/CORE+BOX_DE/CARDS_DE/SMALL+CARDS_DE/FEATS_DE/Mohyar/Hanzo_Tomb+Raiders.jpg,res://assets/images/Uprising+Final+DE/CORE+BOX_DE/CARDS_DE/SMALL+CARDS_DE/FEATS_DE/Mohyar/Hanzo_Tomb+Raiders.jpg,True
Feats,100,EN,Core,Treachery,Name,https://uprising-tts.s3.amazonaws.com/Uprising+Final+EN/CORE_BOX_EN/CARDS_EN/SMALL_CARDS_EN/FEATS_EN/Mohyar/Hanzo_Treachery.jpg,res://assets/images/Uprising+Final+EN/CORE_BOX_EN/CARDS_EN/SMALL_CARDS_EN/FEATS_EN/Mohyar/Hanzo_Treachery.jpg,True
Feats,101,DE,Core,Verrätter,Name,https://uprising-tts.s3.amazonaws.com/Uprising+Final+DE/CORE+BOX_DE/CARDS_DE/SMALL+CARDS_DE/FEATS_DE/Mohyar/Hanzo_Treachery.jpg,res://assets/images/Uprising+Final+DE/CORE+BOX_DE/CARDS_DE/SMALL+CARDS_DE/FEATS_DE/Mohyar/Hanzo_Treachery.jpg,True
Feats,102,EN,Core,Tricky,Name,https://uprising-tts.s3.amazonaws.com/Uprising+Final+EN/CORE_BOX_EN/CARDS_EN/SMALL_CARDS_EN/FEATS_EN/Mohyar/Ronja_Tricky.jpg,res://assets/images/Uprising+Final+EN/CORE_BOX_EN/CARDS_EN/SMALL_CARDS_EN/FEATS_EN/Mohyar/Ronja_Tricky.jpg,True
Feats,103,DE,Core,Trickreich,Name,https://uprising-tts.s3.amazonaws.com/Uprising+Final+DE/CORE+BOX_DE/CARDS_DE/SMALL+CARDS_DE/FEATS_DE/Mohyar/Ronja_Tricky.jpg,res://assets/images/Uprising+Final+DE/CORE+BOX_DE/CARDS_DE/SMALL+CARDS_DE/FEATS_DE/Mohyar/Ronja_Tricky.jpg,True
Feats,104,EN,Core,Wiles,Name,https://uprising-tts.s3.amazonaws.com/Uprising+Final+EN/CORE_BOX_EN/CARDS_EN/SMALL_CARDS_EN/FEATS_EN/Mohyar/Ronja_Wiles.jpg,res://assets/images/Uprising+Final+EN/CORE_BOX_EN/CARDS_EN/SMALL_CARDS_EN/FEATS_EN/Mohyar/Ronja_Wiles.jpg,True
Feats,105,DE,Core,List,Name,https://uprising-tts.s3.amazonaws.com/Uprising+Final+DE/CORE+BOX_DE/CARDS_DE/SMALL+CARDS_DE/FEATS_DE/Mohyar/Ronja_Wiles.jpg,res://assets/images/Uprising+Final+DE/CORE+BOX_DE/CARDS_DE/SMALL+CARDS_DE/FEATS_DE/Mohyar/Ronja_Wiles.jpg,True
Feats,106,EN,Titans,Asgari Ballista,Name,https://uprising-tts.s3.amazonaws.com/Uprising+Final+EN/TITANS_EN/CARDS_EN/SMALL_CARDS_EN/FEATS_EN/Nethersea+Pirates/Eyvind_Asgari+Balistae.jpg,res://assets/images/Uprising+Final+EN/TITANS_EN/CARDS_EN/SMALL_CARDS_EN/FEATS_EN/Nethersea+Pirates/Eyvind_Asgari+Balistae.jpg,True
Feats,107,DE,Titans,Asgari Ballista,Name,https://uprising-tts.s3.amazonaws.com/Uprising+Final+DE/TITANS_DE/CARDS_DE/SMALL_CARDS_DE/FEATS_DE/Nethersea+Pirates/Xaidine_Asgari+Ballista.jpg,res://assets/images/Uprising+Final+DE/TITANS_DE/CARDS_DE/SMALL_CARDS_DE/FEATS_DE/Nethersea+Pirates/Xaidine_Asgari+Ballista.jpg,True
Feats,108,EN,Titans,Cardshark,Name,https://uprising-tts.s3.amazonaws.com/Uprising+Final+EN/TITANS_EN/CARDS_EN/SMALL_CARDS_EN/FEATS_EN/Nethersea+Pirates/Eyvind_Cardshark.jpg,res://assets/images/Uprising+Final+EN/TITANS_EN/CARDS_EN/SMALL_CARDS_EN/FEATS_EN/Nethersea+Pirates/Eyvind_Cardshark.jpg,True
Feats,109,DE,Titans,Kartenhai,Name,https://uprising-tts.s3.amazonaws.com/Uprising+Final+DE/TITANS_DE/CARDS_DE/SMALL_CARDS_DE/FEATS_DE/Nethersea+Pirates/Eyvind_Cardshark.jpg,res://assets/images/Uprising+Final+DE/TITANS_DE/CARDS_DE/SMALL_CARDS_DE/FEATS_DE/Nethersea+Pirates/Eyvind_Cardshark.jpg,True
Feats,110,EN,Titans,Krakens Lash,Name,https://uprising-tts.s3.amazonaws.com/Uprising+Final+EN/TITANS_EN/CARDS_EN/SMALL_CARDS_EN/FEATS_EN/Nethersea+Pirates/Xaidine_Kraken's+Lash.jpg,res://assets/images/Uprising+Final+EN/TITANS_EN/CARDS_EN/SMALL_CARDS_EN/FEATS_EN/Nethersea+Pirates/Xaidine_Kraken's+Lash.jpg,True
Feats,111,DE,Titans,Krakenpeitsche,Name,https://uprising-tts.s3.amazonaws.com/Uprising+Final+DE/TITANS_DE/CARDS_DE/SMALL_CARDS_DE/FEATS_DE/Nethersea+Pirates/Xaidine_Kraken's+Lash.jpg,res://assets/images/Uprising+Final+DE/TITANS_DE/CARDS_DE/SMALL_CARDS_DE/FEATS_DE/Nethersea+Pirates/Xaidine_Kraken's+Lash.jpg,True
Feats,112,EN,Titans,Nethersea Queen,Name,https://uprising-tts.s3.amazonaws.com/Uprising+Final+EN/TITANS_EN/CARDS_EN/SMALL_CARDS_EN/FEATS_EN/Nethersea+Pirates/Xaidine_Nethersea+Queen.jpg,res://assets/images/Uprising+Final+EN/TITANS_EN/CARDS_EN/SMALL_CARDS_EN/FEATS_EN/Nethersea+Pirates/Xaidine_Nethersea+Queen.jpg,True
Feats,113,DE,Titans,Wille der Königin,Name,https://uprising-tts.s3.amazonaws.com/Uprising+Final+DE/TITANS_DE/CARDS_DE/SMALL_CARDS_DE/FEATS_DE/Nethersea+Pirates/Xaidine_Pirate+Queen.jpg,res://assets/images/Uprising+Final+DE/TITANS_DE/CARDS_DE/SMALL_CARDS_DE/FEATS_DE/Nethersea+Pirates/Xaidine_Pirate+Queen.jpg,True
Feats,114,EN,Titans,Raiders,Name,https://uprising-tts.s3.amazonaws.com/Uprising+Final+EN/TITANS_EN/CARDS_EN/SMALL_CARDS_EN/FEATS_EN/Nethersea+Pirates/Eyvind_Raiders.jpg,res://assets/images/Uprising+Final+EN/TITANS_EN/CARDS_EN/SMALL_CARDS_EN/FEATS_EN/Nethersea+Pirates/Eyvind_Raiders.jpg,True
Feats,115,DE,Titans,Seeräuber,Name,https://uprising-tts.s3.amazonaws.com/Uprising+Final+DE/TITANS_DE/CARDS_DE/SMALL_CARDS_DE/FEATS_DE/Nethersea+Pirates/Xaidine_Raiders.jpg,res://assets/images/Uprising+Final+DE/TITANS_DE/CARDS_DE/SMALL_CARDS_DE/FEATS_DE/Nethersea+Pirates/Xaidine_Raiders.jpg,True
Feats,116,EN,Titans,Sharkskald,Name,https://uprising-tts.s3.amazonaws.com/Uprising+Final+EN/TITANS_EN/CARDS_EN/SMALL_CARDS_EN/FEATS_EN/Nethersea+Pirates/Eyvind_Shark+Skald.jpg,res://assets/images/Uprising+Final+EN/TITANS_EN/CARDS_EN/SMALL_CARDS_EN/FEATS_EN/Nethersea+Pirates/Eyvind_Shark+Skald.jpg,True
Feats,117,DE,Titans,Haiskalde,Name,https://uprising-tts.s3.amazonaws.com/Uprising+Final+DE/TITANS_DE/CARDS_DE/SMALL_CARDS_DE/FEATS_DE/Nethersea+Pirates/Xaidine_Shark+Skald.jpg,res://assets/images/Uprising+Final+DE/TITANS_DE/CARDS_DE/SMALL_CARDS_DE/FEATS_DE/Nethersea+Pirates/Xaidine_Shark+Skald.jpg,True
Feats,118,EN,Titans,Shoot FIrst,Name,https://uprising-tts.s3.amazonaws.com/Uprising+Final+EN/TITANS_EN/CARDS_EN/SMALL_CARDS_EN/FEATS_EN/Nethersea+Pirates/Eyvind_Shoot+FIrst.jpg,res://assets/images/Uprising+Final+EN/TITANS_EN/CARDS_EN/SMALL_CARDS_EN/FEATS_EN/Nethersea+Pirates/Eyvind_Shoot+FIrst.jpg,True
Feats,119,DE,Titans,Schnellfeuer,Name,https://uprising-tts.s3.amazonaws.com/Uprising+Final+DE/TITANS_DE/CARDS_DE/SMALL_CARDS_DE/FEATS_DE/Nethersea+Pirates/Eyvind_Shoot+FIrst.jpg,res://assets/images/Uprising+Final+DE/TITANS_DE/CARDS_DE/SMALL_CARDS_DE/FEATS_DE/Nethersea+Pirates/Eyvind_Shoot+FIrst.jpg,True
Feats,120,EN,Titans,Smugglers Guild,Name,https://uprising-tts.s3.amazonaws.com/Uprising+Final+EN/TITANS_EN/CARDS_EN/SMALL_CARDS_EN/FEATS_EN/Nethersea+Pirates/Eyvind_Smugglers'+Guild.jpg,res://assets/images/Uprising+Final+EN/TITANS_EN/CARDS_EN/SMALL_CARDS_EN/FEATS_EN/Nethersea+Pirates/Eyvind_Smugglers'+Guild.jpg,True
Feats,121,DE,Titans,Gilde der Schmuggler,Name,https://uprising-tts.s3.amazonaws.com/Uprising+Final+DE/TITANS_DE/CARDS_DE/SMALL_CARDS_DE/FEATS_DE/Nethersea+Pirates/Xaidine_Smugglers'+Guild.jpg,res://assets/images/Uprising+Final+DE/TITANS_DE/CARDS_DE/SMALL_CARDS_DE/FEATS_DE/Nethersea+Pirates/Xaidine_Smugglers'+Guild.jpg,True
Feats,122,EN,Titans,Third Eye Navigators,Name,https://uprising-tts.s3.amazonaws.com/Uprising+Final+EN/TITANS_EN/CARDS_EN/SMALL_CARDS_EN/FEATS_EN/Nethersea+Pirates/Eyvind_Third+Eye+Navigators.jpg,res://assets/images/Uprising+Final+EN/TITANS_EN/CARDS_EN/SMALL_CARDS_EN/FEATS_EN/Nethersea+Pirates/Eyvind_Third+Eye+Navigators.jpg,True
Feats,123,DE,Titans,Navigatoren des Dritten Auges,Name,https://uprising-tts.s3.amazonaws.com/Uprising+Final+DE/TITANS_DE/CARDS_DE/SMALL_CARDS_DE/FEATS_DE/Nethersea+Pirates/Xaidine_Third+Eye+Navigators.jpg,res://assets/images/Uprising+Final+DE/TITANS_DE/CARDS_DE/SMALL_CARDS_DE/FEATS_DE/Nethersea+Pirates/Xaidine_Third+Eye+Navigators.jpg,True
Feats,124,EN,Titans,Nethersea Throne,Name,https://uprising-tts.s3.amazonaws.com/Uprising+Final+EN/TITANS_EN/CARDS_EN/SMALL_CARDS_EN/FEATS_EN/Nethersea+Pirates/Eyvind_Undernest.jpg,res://assets/images/Uprising+Final+EN/TITANS_EN/CARDS_EN/SMALL_CARDS_EN/FEATS_EN/Nethersea+Pirates/Eyvind_Undernest.jpg,True
Feats,125,DE,Titans,Unternest,Name,https://uprising-tts.s3.amazonaws.com/Uprising+Final+DE/TITANS_DE/CARDS_DE/SMALL_CARDS_DE/FEATS_DE/Nethersea+Pirates/Xaidine_Undernest.jpg,res://assets/images/Uprising+Final+DE/TITANS_DE/CARDS_DE/SMALL_CARDS_DE/FEATS_DE/Nethersea+Pirates/Xaidine_Undernest.jpg,True
Feats,126,EN,Arch,Imperial Engineers,Name,https://uprising-tts.s3.amazonaws.com/Uprising+Final+EN/ARCH-NEMESIS_EN/CARDS_EN/SMALL_CARDS_EN/FEATS_EN/Renegade+Legion/Mukla_Imperial+Engineers.jpg,res://assets/images/Uprising+Final+EN/ARCH-NEMESIS_EN/CARDS_EN/SMALL_CARDS_EN/FEATS_EN/Renegade+Legion/Mukla_Imperial+Engineers.jpg,True
Feats,127,DE,Arch,Imperiale Pioniere,Name,https://uprising-tts.s3.amazonaws.com/Uprising+Final+DE/ARCH-NEMESIS_DE/CARDS_DE/SMALL_CARDS_DE/FEATS_DE/Renegade+Legion/Tlak_Imperial+Engineers.jpg,res://assets/images/Uprising+Final+DE/ARCH-NEMESIS_DE/CARDS_DE/SMALL_CARDS_DE/FEATS_DE/Renegade+Legion/Tlak_Imperial+Engineers.jpg,True
Feats,128,EN,Arch,Know your Enemy,Name,https://uprising-tts.s3.amazonaws.com/Uprising+Final+EN/ARCH-NEMESIS_EN/CARDS_EN/SMALL_CARDS_EN/FEATS_EN/Renegade+Legion/Mukla_Know+your+Enemy.jpg,res://assets/images/Uprising+Final+EN/ARCH-NEMESIS_EN/CARDS_EN/SMALL_CARDS_EN/FEATS_EN/Renegade+Legion/Mukla_Know+your+Enemy.jpg,True
Feats,129,DE,Arch,Kenne deinen Gegner,Name,https://uprising-tts.s3.amazonaws.com/Uprising+Final+DE/ARCH-NEMESIS_DE/CARDS_DE/SMALL_CARDS_DE/FEATS_DE/Renegade+Legion/Tlak_Know+your+Enemy.jpg,res://assets/images/Uprising+Final+DE/ARCH-NEMESIS_DE/CARDS_DE/SMALL_CARDS_DE/FEATS_DE/Renegade+Legion/Tlak_Know+your+Enemy.jpg,True
Feats,130,EN,Arch,Legionnaires,Name,https://uprising-tts.s3.amazonaws.com/Uprising+Final+EN/ARCH-NEMESIS_EN/CARDS_EN/SMALL_CARDS_EN/FEATS_EN/Renegade+Legion/Mukla_Legionnaires.jpg,res://assets/images/Uprising+Final+EN/ARCH-NEMESIS_EN/CARDS_EN/SMALL_CARDS_EN/FEATS_EN/Renegade+Legion/Mukla_Legionnaires.jpg,True
Feats,131,DE,Arch,Legionäre,Name,https://uprising-tts.s3.amazonaws.com/Uprising+Final+DE/ARCH-NEMESIS_DE/CARDS_DE/SMALL_CARDS_DE/FEATS_DE/Renegade+Legion/Tlak_Legionnaires.jpg,res://assets/images/Uprising+Final+DE/ARCH-NEMESIS_DE/CARDS_DE/SMALL_CARDS_DE/FEATS_DE/Renegade+Legion/Tlak_Legionnaires.jpg,True
Feats,132,EN,Arch,Imperial Marksmen,Name,https://uprising-tts.s3.amazonaws.com/Uprising+Final+EN/ARCH-NEMESIS_EN/CARDS_EN/SMALL_CARDS_EN/FEATS_EN/Renegade+Legion/Mukla_Marksmen.jpg,res://assets/images/Uprising+Final+EN/ARCH-NEMESIS_EN/CARDS_EN/SMALL_CARDS_EN/FEATS_EN/Renegade+Legion/Mukla_Marksmen.jpg,True
Feats,133,DE,Arch,Scharfschützen,Name,https://uprising-tts.s3.amazonaws.com/Uprising+Final+DE/ARCH-NEMESIS_DE/CARDS_DE/SMALL_CARDS_DE/FEATS_DE/Renegade+Legion/Tlak_Marksmen.jpg,res://assets/images/Uprising+Final+DE/ARCH-NEMESIS_DE/CARDS_DE/SMALL_CARDS_DE/FEATS_DE/Renegade+Legion/Tlak_Marksmen.jpg,True
Feats,134,EN,Arch,Mutant Instincts,Name,https://uprising-tts.s3.amazonaws.com/Uprising+Final+EN/ARCH-NEMESIS_EN/CARDS_EN/SMALL_CARDS_EN/FEATS_EN/Renegade+Legion/Mukla_Mutant+Instincts.jpg,res://assets/images/Uprising+Final+EN/ARCH-NEMESIS_EN/CARDS_EN/SMALL_CARDS_EN/FEATS_EN/Renegade+Legion/Mukla_Mutant+Instincts.jpg,True
Feats,135,DE,Arch,Mutanteninstinkte,Name,https://uprising-tts.s3.amazonaws.com/Uprising+Final+DE/ARCH-NEMESIS_DE/CARDS_DE/SMALL_CARDS_DE/FEATS_DE/Renegade+Legion/Mukla_Mutant+Instincts.jpg,res://assets/images/Uprising+Final+DE/ARCH-NEMESIS_DE/CARDS_DE/SMALL_CARDS_DE/FEATS_DE/Renegade+Legion/Mukla_Mutant+Instincts.jpg,True
Feats,136,EN,Arch,Oda s Vestiges,Name,https://uprising-tts.s3.amazonaws.com/Uprising+Final+EN/ARCH-NEMESIS_EN/CARDS_EN/SMALL_CARDS_EN/FEATS_EN/Renegade+Legion/Mukla_Oda's+Vestiges.jpg,res://assets/images/Uprising+Final+EN/ARCH-NEMESIS_EN/CARDS_EN/SMALL_CARDS_EN/FEATS_EN/Renegade+Legion/Mukla_Oda's+Vestiges.jpg,True
Feats,137,DE,Arch,Odas Vermächtnis,Name,https://uprising-tts.s3.amazonaws.com/Uprising+Final+DE/ARCH-NEMESIS_DE/CARDS_DE/SMALL_CARDS_DE/FEATS_DE/Renegade+Legion/Tlak_Oda's+Vestiges.jpg,res://assets/images/Uprising+Final+DE/ARCH-NEMESIS_DE/CARDS_DE/SMALL_CARDS_DE/FEATS_DE/Renegade+Legion/Tlak_Oda's+Vestiges.jpg,True
Feats,138,EN,Arch,Prismatic Magic,Name,https://uprising-tts.s3.amazonaws.com/Uprising+Final+EN/ARCH-NEMESIS_EN/CARDS_EN/SMALL_CARDS_EN/FEATS_EN/Renegade+Legion/Tlak_Prismatic+Magic.jpg,res://assets/images/Uprising+Final+EN/ARCH-NEMESIS_EN/CARDS_EN/SMALL_CARDS_EN/FEATS_EN/Renegade+Legion/Tlak_Prismatic+Magic.jpg,True
Feats,139,DE,Arch,Prismatische Magie,Name,https://uprising-tts.s3.amazonaws.com/Uprising+Final+DE/ARCH-NEMESIS_DE/CARDS_DE/SMALL_CARDS_DE/FEATS_DE/Renegade+Legion/Tlak_Prismatic+Magic.jpg,res://assets/images/Uprising+Final+DE/ARCH-NEMESIS_DE/CARDS_DE/SMALL_CARDS_DE/FEATS_DE/Renegade+Legion/Tlak_Prismatic+Magic.jpg,True
Feats,140,EN,Arch,Sneak Attack,Name,https://uprising-tts.s3.amazonaws.com/Uprising+Final+EN/ARCH-NEMESIS_EN/CARDS_EN/SMALL_CARDS_EN/FEATS_EN/Renegade+Legion/Mukla_Sneak+Attack.jpg,res://assets/images/Uprising+Final+EN/ARCH-NEMESIS_EN/CARDS_EN/SMALL_CARDS_EN/FEATS_EN/Renegade+Legion/Mukla_Sneak+Attack.jpg,True
Feats,141,DE,Arch,Überraschungsangriff,Name,https://uprising-tts.s3.amazonaws.com/Uprising+Final+DE/ARCH-NEMESIS_DE/CARDS_DE/SMALL_CARDS_DE/FEATS_DE/Renegade+Legion/Mukla_Sneak+Attack.jpg,res://assets/images/Uprising+Final+DE/ARCH-NEMESIS_DE/CARDS_DE/SMALL_CARDS_DE/FEATS_DE/Renegade+Legion/Mukla_Sneak+Attack.jpg,True
Feats,142,EN,Arch,Imperial Arsenal,Name,https://uprising-tts.s3.amazonaws.com/Uprising+Final+EN/ARCH-NEMESIS_EN/CARDS_EN/SMALL_CARDS_EN/FEATS_EN/Renegade+Legion/Tlak_Imperial+Arsenal.jpg,res://assets/images/Uprising+Final+EN/ARCH-NEMESIS_EN/CARDS_EN/SMALL_CARDS_EN/FEATS_EN/Renegade+Legion/Tlak_Imperial+Arsenal.jpg,True
Feats,143,DE,Arch,Imperiales Arsenal,Name,https://uprising-tts.s3.amazonaws.com/Uprising+Final+DE/ARCH-NEMESIS_DE/CARDS_DE/SMALL_CARDS_DE/FEATS_DE/Renegade+Legion/Tlak_Imperial+Arsenal.jpg,res://assets/images/Uprising+Final+DE/ARCH-NEMESIS_DE/CARDS_DE/SMALL_CARDS_DE/FEATS_DE/Renegade+Legion/Tlak_Imperial+Arsenal.jpg,True
Feats,144,EN,Arch,Insatiable Courtesans,Name,https://uprising-tts.s3.amazonaws.com/Uprising+Final+EN/ARCH-NEMESIS_EN/CARDS_EN/SMALL_CARDS_EN/FEATS_EN/Renegade+Legion/Mukla_Insatiable+Courtesans.jpg,res://assets/images/Uprising+Final+EN/ARCH-NEMESIS_EN/CARDS_EN/SMALL_CARDS_EN/FEATS_EN/Renegade+Legion/Mukla_Insatiable+Courtesans.jpg,True
Feats,145,DE,Arch,Unersättliche Kurtisanen,Name,https://uprising-tts.s3.amazonaws.com/Uprising+Final+DE/ARCH-NEMESIS_DE/CARDS_DE/SMALL_CARDS_DE/FEATS_DE/Renegade+Legion/Tlak_Insatiable+Courtesans.jpg,res://assets/images/Uprising+Final+DE/ARCH-NEMESIS_DE/CARDS_DE/SMALL_CARDS_DE/FEATS_DE/Renegade+Legion/Tlak_Insatiable+Courtesans.jpg,True
Feats,146,EN,Titans,Blood of the Gods,Name,https://uprising-tts.s3.amazonaws.com/Uprising+Final+EN/TITANS_EN/CARDS_EN/SMALL_CARDS_EN/FEATS_EN/Titans+of+the+First+Age/Laga_Blood+of+the+Gods.jpg,res://assets/images/Uprising+Final+EN/TITANS_EN/CARDS_EN/SMALL_CARDS_EN/FEATS_EN/Titans+of+the+First+Age/Laga_Blood+of+the+Gods.jpg,True
Feats,147,DE,Titans,Blut der Götter,Name,https://uprising-tts.s3.amazonaws.com/Uprising+Final+DE/TITANS_DE/CARDS_DE/SMALL_CARDS_DE/FEATS_DE/Titans+of+the+First+Age/Ragnar_Blood+of+the+Gods.jpg,res://assets/images/Uprising+Final+DE/TITANS_DE/CARDS_DE/SMALL_CARDS_DE/FEATS_DE/Titans+of+the+First+Age/Ragnar_Blood+of+the+Gods.jpg,True
Feats,148,EN,Titans,Father of Thunder,Name,https://uprising-tts.s3.amazonaws.com/Uprising+Final+EN/TITANS_EN/CARDS_EN/SMALL_CARDS_EN/FEATS_EN/Titans+of+the+First+Age/Ragnar_Father+of+Thunder.jpg,res://assets/images/Uprising+Final+EN/TITANS_EN/CARDS_EN/SMALL_CARDS_EN/FEATS_EN/Titans+of+the+First+Age/Ragnar_Father+of+Thunder.jpg,True
Feats,149,DE,Titans,Vater des Donners,Name,https://uprising-tts.s3.amazonaws.com/Uprising+Final+DE/TITANS_DE/CARDS_DE/SMALL_CARDS_DE/FEATS_DE/Titans+of+the+First+Age/Ragnar_Father+of+Thunder.jpg,res://assets/images/Uprising+Final+DE/TITANS_DE/CARDS_DE/SMALL_CARDS_DE/FEATS_DE/Titans+of+the+First+Age/Ragnar_Father+of+Thunder.jpg,True
Feats,150,EN,Titans,Huntress Prime,Name,https://uprising-tts.s3.amazonaws.com/Uprising+Final+EN/TITANS_EN/CARDS_EN/SMALL_CARDS_EN/FEATS_EN/Titans+of+the+First+Age/Laga_Huntress+Prime.jpg,res://assets/images/Uprising+Final+EN/TITANS_EN/CARDS_EN/SMALL_CARDS_EN/FEATS_EN/Titans+of+the+First+Age/Laga_Huntress+Prime.jpg,True
Feats,151,DE,Titans,Geborene Jägerin,Name,https://uprising-tts.s3.amazonaws.com/Uprising+Final+DE/TITANS_DE/CARDS_DE/SMALL_CARDS_DE/FEATS_DE/Titans+of+the+First+Age/Laga_Huntress+Prime.jpg,res://assets/images/Uprising+Final+DE/TITANS_DE/CARDS_DE/SMALL_CARDS_DE/FEATS_DE/Titans+of+the+First+Age/Laga_Huntress+Prime.jpg,True
Feats,152,EN,Titans,Ley Lines,Name,https://uprising-tts.s3.amazonaws.com/Uprising+Final+EN/TITANS_EN/CARDS_EN/SMALL_CARDS_EN/FEATS_EN/Titans+of+the+First+Age/Laga_Ley+Lines.jpg,res://assets/images/Uprising+Final+EN/TITANS_EN/CARDS_EN/SMALL_CARDS_EN/FEATS_EN/Titans+of+the+First+Age/Laga_Ley+Lines.jpg,True
Feats,153,DE,Titans,Ley-Linien,Name,https://uprising-tts.s3.amazonaws.com/Uprising+Final+DE/TITANS_DE/CARDS_DE/SMALL_CARDS_DE/FEATS_DE/Titans+of+the+First+Age/Ragnar_Ley+Lines.jpg,res://assets/images/Uprising+Final+DE/TITANS_DE/CARDS_DE/SMALL_CARDS_DE/FEATS_DE/Titans+of+the+First+Age/Ragnar_Ley+Lines.jpg,True
Feats,154,EN,Titans,Maw of the Titan,Name,https://uprising-tts.s3.amazonaws.com/Uprising+Final+EN/TITANS_EN/CARDS_EN/SMALL_CARDS_EN/FEATS_EN/Titans+of+the+First+Age/Laga_Maw+of+the+Titan.jpg,res://assets/images/Uprising+Final+EN/TITANS_EN/CARDS_EN/SMALL_CARDS_EN/FEATS_EN/Titans+of+the+First+Age/Laga_Maw+of+the+Titan.jpg,True
Feats,155,DE,Titans,Maul des Titanen,Name,https://uprising-tts.s3.amazonaws.com/Uprising+Final+DE/TITANS_DE/CARDS_DE/SMALL_CARDS_DE/FEATS_DE/Titans+of+the+First+Age/Laga_Maw+of+the+Titan.jpg,res://assets/images/Uprising+Final+DE/TITANS_DE/CARDS_DE/SMALL_CARDS_DE/FEATS_DE/Titans+of+the+First+Age/Laga_Maw+of+the+Titan.jpg,True
Feats,156,EN,Titans,Eyes of the Titan,Name,https://uprising-tts.s3.amazonaws.com/Uprising+Final+EN/TITANS_EN/CARDS_EN/SMALL_CARDS_EN/FEATS_EN/Titans+of+the+First+Age/Laga_Eyes+of+the+Titan.jpg,res://assets/images/Uprising+Final+EN/TITANS_EN/CARDS_EN/SMALL_CARDS_EN/FEATS_EN/Titans+of+the+First+Age/Laga_Eyes+of+the+Titan.jpg,True
Feats,157,DE,Titans,Auge des Titans,Name,https://uprising-tts.s3.amazonaws.com/Uprising+Final+DE/TITANS_DE/CARDS_DE/SMALL_CARDS_DE/FEATS_DE/Titans+of+the+First+Age/Ragnar_Eyes+of+the+Titan.jpg,res://assets/images/Uprising+Final+DE/TITANS_DE/CARDS_DE/SMALL_CARDS_DE/FEATS_DE/Titans+of+the+First+Age/Ragnar_Eyes+of+the+Titan.jpg,True
Feats,158,EN,Titans,Mother of Night,Name,https://uprising-tts.s3.amazonaws.com/Uprising+Final+EN/TITANS_EN/CARDS_EN/SMALL_CARDS_EN/FEATS_EN/Titans+of+the+First+Age/Laga_Mother+of+Night.jpg,res://assets/images/Uprising+Final+EN/TITANS_EN/CARDS_EN/SMALL_CARDS_EN/FEATS_EN/Titans+of+the+First+Age/Laga_Mother+of+Night.jpg,True
Feats,159,DE,Titans,Mutter der Nacht,Name,https://uprising-tts.s3.amazonaws.com/Uprising+Final+DE/TITANS_DE/CARDS_DE/SMALL_CARDS_DE/FEATS_DE/Titans+of+the+First+Age/Laga_Mother+of+Night.jpg,res://assets/images/Uprising+Final+DE/TITANS_DE/CARDS_DE/SMALL_CARDS_DE/FEATS_DE/Titans+of+the+First+Age/Laga_Mother+of+Night.jpg,True
Feats,160,EN,Titans,Primordial,Name,https://uprising-tts.s3.amazonaws.com/Uprising+Final+EN/TITANS_EN/CARDS_EN/SMALL_CARDS_EN/FEATS_EN/Titans+of+the+First+Age/Laga_Primordial.jpg,res://assets/images/Uprising+Final+EN/TITANS_EN/CARDS_EN/SMALL_CARDS_EN/FEATS_EN/Titans+of+the+First+Age/Laga_Primordial.jpg,True
Feats,161,DE,Titans,Urzeitlich,Name,https://uprising-tts.s3.amazonaws.com/Uprising+Final+DE/TITANS_DE/CARDS_DE/SMALL_CARDS_DE/FEATS_DE/Titans+of+the+First+Age/Ragnar_Primordial.jpg,res://assets/images/Uprising+Final+DE/TITANS_DE/CARDS_DE/SMALL_CARDS_DE/FEATS_DE/Titans+of+the+First+Age/Ragnar_Primordial.jpg,True
Feats,162,EN,Titans,Skaga the Splitter,Name,https://uprising-tts.s3.amazonaws.com/Uprising+Final+EN/TITANS_EN/CARDS_EN/SMALL_CARDS_EN/FEATS_EN/Titans+of+the+First+Age/Ragnar_Skaga+the+Splitter.jpg,res://assets/images/Uprising+Final+EN/TITANS_EN/CARDS_EN/SMALL_CARDS_EN/FEATS_EN/Titans+of+the+First+Age/Ragnar_Skaga+the+Splitter.jpg,True
Feats,163,DE,Titans,Skaga der Spalter,Name,https://uprising-tts.s3.amazonaws.com/Uprising+Final+DE/TITANS_DE/CARDS_DE/SMALL_CARDS_DE/FEATS_DE/Titans+of+the+First+Age/Ragnar_Skaga+the+Splitter.jpg,res://assets/images/Uprising+Final+DE/TITANS_DE/CARDS_DE/SMALL_CARDS_DE/FEATS_DE/Titans+of+the+First+Age/Ragnar_Skaga+the+Splitter.jpg,True
Feats,164,EN,Titans,Souldrinker,Name,https://uprising-tts.s3.amazonaws.com/Uprising+Final+EN/TITANS_EN/CARDS_EN/SMALL_CARDS_EN/FEATS_EN/Titans+of+the+First+Age/Ragnar_Souldrinker.jpg,res://assets/images/Uprising+Final+EN/TITANS_EN/CARDS_EN/SMALL_CARDS_EN/FEATS_EN/Titans+of+the+First+Age/Ragnar_Souldrinker.jpg,True
Feats,165,DE,Titans,Seelentrinker,Name,https://uprising-tts.s3.amazonaws.com/Uprising+Final+DE/TITANS_DE/CARDS_DE/SMALL_CARDS_DE/FEATS_DE/Titans+of+the+First+Age/Ragnar_Souldrinker.jpg,res://assets/images/Uprising+Final+DE/TITANS_DE/CARDS_DE/SMALL_CARDS_DE/FEATS_DE/Titans+of+the+First+Age/Ragnar_Souldrinker.jpg,True
Feats,166,EN,Titans,Soulsworn,Name,https://uprising-tts.s3.amazonaws.com/Uprising+Final+EN/TITANS_EN/CARDS_EN/SMALL_CARDS_EN/FEATS_EN/Titans+of+the+First+Age/Laga_Soulsworn.jpg,res://assets/images/Uprising+Final+EN/TITANS_EN/CARDS_EN/SMALL_CARDS_EN/FEATS_EN/Titans+of+the+First+Age/Laga_Soulsworn.jpg,True
Feats,167,DE,Titans,Seelengeschworen,Name,https://uprising-tts.s3.amazonaws.com/Uprising+Final+DE/TITANS_DE/CARDS_DE/SMALL_CARDS_DE/FEATS_DE/Titans+of+the+First+Age/Ragnar_Soulsworn.jpg,res://assets/images/Uprising+Final+DE/TITANS_DE/CARDS_DE/SMALL_CARDS_DE/FEATS_DE/Titans+of+the+First+Age/Ragnar_Soulsworn.jpg,True
Feats,168,EN,Titans,Stoneskin,Name,https://uprising-tts.s3.amazonaws.com/Uprising+Final+EN/TITANS_EN/CARDS_EN/SMALL_CARDS_EN/FEATS_EN/Titans+of+the+First+Age/Ragnar_Stoneskin.jpg,res://assets/images/Uprising+Final+EN/TITANS_EN/CARDS_EN/SMALL_CARDS_EN/FEATS_EN/Titans+of+the+First+Age/Ragnar_Stoneskin.jpg,True
Feats,169,DE,Titans,Steinhaut,Name,https://uprising-tts.s3.amazonaws.com/Uprising+Final+DE/TITANS_DE/CARDS_DE/SMALL_CARDS_DE/FEATS_DE/Titans+of+the+First+Age/Ragnar_Stoneskin.jpg,res://assets/images/Uprising+Final+DE/TITANS_DE/CARDS_DE/SMALL_CARDS_DE/FEATS_DE/Titans+of+the+First+Age/Ragnar_Stoneskin.jpg,True
Feats,170,EN,Titans,Vargmother,Name,https://uprising-tts.s3.amazonaws.com/Uprising+Final+EN/TITANS_EN/CARDS_EN/SMALL_CARDS_EN/FEATS_EN/Titans+of+the+First+Age/Laga_Vargmother.jpg,res://assets/images/Uprising+Final+EN/TITANS_EN/CARDS_EN/SMALL_CARDS_EN/FEATS_EN/Titans+of+the+First+Age/Laga_Vargmother.jpg,True
Feats,171,DE,Titans,Vargmutter,Name,https://uprising-tts.s3.amazonaws.com/Uprising+Final+DE/TITANS_DE/CARDS_DE/SMALL_CARDS_DE/FEATS_DE/Titans+of+the+First+Age/Laga_Vargmother.jpg,res://assets/images/Uprising+Final+DE/TITANS_DE/CARDS_DE/SMALL_CARDS_DE/FEATS_DE/Titans+of+the+First+Age/Laga_Vargmother.jpg,True
Feats,172,EN,Titans,Mortal Worshippers,Name,https://uprising-tts.s3.amazonaws.com/Uprising+Final+EN/TITANS_EN/CARDS_EN/SMALL_CARDS_EN/FEATS_EN/Titans+of+the+First+Age/Laga_Mortal+Worshippers.jpg,res://assets/images/Uprising+Final+EN/TITANS_EN/CARDS_EN/SMALL_CARDS_EN/FEATS_EN/Titans+of+the+First+Age/Laga_Mortal+Worshippers.jpg,True
Feats,173,DE,Titans,Sterbliche Anbeter,Name,https://uprising-tts.s3.amazonaws.com/Uprising+Final+DE/TITANS_DE/CARDS_DE/SMALL_CARDS_DE/FEATS_DE/Titans+of+the+First+Age/Ragnar_Mortal+Worshippers.jpg,res://assets/images/Uprising+Final+DE/TITANS_DE/CARDS_DE/SMALL_CARDS_DE/FEATS_DE/Titans+of+the+First+Age/Ragnar_Mortal+Worshippers.jpg,True
Feats,174,EN,Arch,Blood of the Than,Name,https://uprising-tts.s3.amazonaws.com/Uprising+Final+EN/ARCH-NEMESIS_EN/CARDS_EN/SMALL_CARDS_EN/FEATS_EN/Tua+Than/Kyushi_Blood+of+the+Than.jpg,res://assets/images/Uprising+Final+EN/ARCH-NEMESIS_EN/CARDS_EN/SMALL_CARDS_EN/FEATS_EN/Tua+Than/Kyushi_Blood+of+the+Than.jpg,True
Feats,175,DE,Arch,Blut des Than,Name,https://uprising-tts.s3.amazonaws.com/Uprising+Final+DE/ARCH-NEMESIS_DE/CARDS_DE/SMALL_CARDS_DE/FEATS_DE/Tua+Than/Yvai_Blood+of+the+Than.jpg,res://assets/images/Uprising+Final+DE/ARCH-NEMESIS_DE/CARDS_DE/SMALL_CARDS_DE/FEATS_DE/Tua+Than/Yvai_Blood+of+the+Than.jpg,True
Feats,176,EN,Arch,Cartographer,Name,https://uprising-tts.s3.amazonaws.com/Uprising+Final+EN/ARCH-NEMESIS_EN/CARDS_EN/SMALL_CARDS_EN/FEATS_EN/Tua+Than/Kyushi_Cartograper.jpg,res://assets/images/Uprising+Final+EN/ARCH-NEMESIS_EN/CARDS_EN/SMALL_CARDS_EN/FEATS_EN/Tua+Than/Kyushi_Cartograper.jpg,True
Feats,177,DE,Arch,Kartograph,Name,https://uprising-tts.s3.amazonaws.com/Uprising+Final+DE/ARCH-NEMESIS_DE/CARDS_DE/SMALL_CARDS_DE/FEATS_DE/Tua+Than/Kyushi_Cartograper.jpg,res://assets/images/Uprising+Final+DE/ARCH-NEMESIS_DE/CARDS_DE/SMALL_CARDS_DE/FEATS_DE/Tua+Than/Kyushi_Cartograper.jpg,True
Feats,178,EN,Arch,Coral Spikes,Name,https://uprising-tts.s3.amazonaws.com/Uprising+Final+EN/ARCH-NEMESIS_EN/CARDS_EN/SMALL_CARDS_EN/FEATS_EN/Tua+Than/Kyushi_Coral+Spikes.jpg,res://assets/images/Uprising+Final+EN/ARCH-NEMESIS_EN/CARDS_EN/SMALL_CARDS_EN/FEATS_EN/Tua+Than/Kyushi_Coral+Spikes.jpg,True
Feats,179,DE,Arch,Korallenwall,Name,https://uprising-tts.s3.amazonaws.com/Uprising+Final+DE/ARCH-NEMESIS_DE/CARDS_DE/SMALL_CARDS_DE/FEATS_DE/Tua+Than/Yvai_Coral+Spikes.jpg,res://assets/images/Uprising+Final+DE/ARCH-NEMESIS_DE/CARDS_DE/SMALL_CARDS_DE/FEATS_DE/Tua+Than/Yvai_Coral+Spikes.jpg,True
Feats,180,EN,Arch,Dream of the Than,Name,https://uprising-tts.s3.amazonaws.com/Uprising+Final+EN/ARCH-NEMESIS_EN/CARDS_EN/SMALL_CARDS_EN/FEATS_EN/Tua+Than/Yvai_Dream+of+the+Than.jpg,res://assets/images/Uprising+Final+EN/ARCH-NEMESIS_EN/CARDS_EN/SMALL_CARDS_EN/FEATS_EN/Tua+Than/Yvai_Dream+of+the+Than.jpg,True
Feats,181,DE,Arch,Traum des Than,Name,https://uprising-tts.s3.amazonaws.com/Uprising+Final+DE/ARCH-NEMESIS_DE/CARDS_DE/SMALL_CARDS_DE/FEATS_DE/Tua+Than/Yvai_Dream+of+the+Than.jpg,res://assets/images/Uprising+Final+DE/ARCH-NEMESIS_DE/CARDS_DE/SMALL_CARDS_DE/FEATS_DE/Tua+Than/Yvai_Dream+of+the+Than.jpg,True
Feats,182,EN,Arch,Harponeers,Name,https://uprising-tts.s3.amazonaws.com/Uprising+Final+EN/ARCH-NEMESIS_EN/CARDS_EN/SMALL_CARDS_EN/FEATS_EN/Tua+Than/Kyushi_Harpooneers.jpg,res://assets/images/Uprising+Final+EN/ARCH-NEMESIS_EN/CARDS_EN/SMALL_CARDS_EN/FEATS_EN/Tua+Than/Kyushi_Harpooneers.jpg,True
Feats,183,DE,Arch,Harpuniere,Name,https://uprising-tts.s3.amazonaws.com/Uprising+Final+DE/ARCH-NEMESIS_DE/CARDS_DE/SMALL_CARDS_DE/FEATS_DE/Tua+Than/Yvai_Harpooneers.jpg,res://assets/images/Uprising+Final+DE/ARCH-NEMESIS_DE/CARDS_DE/SMALL_CARDS_DE/FEATS_DE/Tua+Than/Yvai_Harpooneers.jpg,True
Feats,184,EN,Arch,Kyunnections,Name,https://uprising-tts.s3.amazonaws.com/Uprising+Final+EN/ARCH-NEMESIS_EN/CARDS_EN/SMALL_CARDS_EN/FEATS_EN/Tua+Than/Kyushi_Kyunnections.jpg,res://assets/images/Uprising+Final+EN/ARCH-NEMESIS_EN/CARDS_EN/SMALL_CARDS_EN/FEATS_EN/Tua+Than/Kyushi_Kyunnections.jpg,True
Feats,185,DE,Arch,Verbindungen,Name,https://uprising-tts.s3.amazonaws.com/Uprising+Final+DE/ARCH-NEMESIS_DE/CARDS_DE/SMALL_CARDS_DE/FEATS_DE/Tua+Than/Kyushi_Kyunnections.jpg,res://assets/images/Uprising+Final+DE/ARCH-NEMESIS_DE/CARDS_DE/SMALL_CARDS_DE/FEATS_DE/Tua+Than/Kyushi_Kyunnections.jpg,True
Feats,186,EN,Arch,Song of the Than,Name,https://uprising-tts.s3.amazonaws.com/Uprising+Final+EN/ARCH-NEMESIS_EN/CARDS_EN/SMALL_CARDS_EN/FEATS_EN/Tua+Than/Kyushi_Song+of+the+Than.jpg,res://assets/images/Uprising+Final+EN/ARCH-NEMESIS_EN/CARDS_EN/SMALL_CARDS_EN/FEATS_EN/Tua+Than/Kyushi_Song+of+the+Than.jpg,True
Feats,187,DE,Arch,Das Lied des Than,Name,https://uprising-tts.s3.amazonaws.com/Uprising+Final+DE/ARCH-NEMESIS_DE/CARDS_DE/SMALL_CARDS_DE/FEATS_DE/Tua+Than/Yvai_Song+of+the+Than.jpg,res://assets/images/Uprising+Final+DE/ARCH-NEMESIS_DE/CARDS_DE/SMALL_CARDS_DE/FEATS_DE/Tua+Than/Yvai_Song+of+the+Than.jpg,True
Feats,188,EN,Arch,Light of the Than,Name,https://uprising-tts.s3.amazonaws.com/Uprising+Final+EN/ARCH-NEMESIS_EN/CARDS_EN/SMALL_CARDS_EN/FEATS_EN/Tua+Than/Yvai_Light+of+the+Than.jpg,res://assets/images/Uprising+Final+EN/ARCH-NEMESIS_EN/CARDS_EN/SMALL_CARDS_EN/FEATS_EN/Tua+Than/Yvai_Light+of+the+Than.jpg,True
Feats,189,DE,Arch,Licht des Than,Name,https://uprising-tts.s3.amazonaws.com/Uprising+Final+DE/ARCH-NEMESIS_DE/CARDS_DE/SMALL_CARDS_DE/FEATS_DE/Tua+Than/Yvai_Light+of+the+Than.jpg,res://assets/images/Uprising+Final+DE/ARCH-NEMESIS_DE/CARDS_DE/SMALL_CARDS_DE/FEATS_DE/Tua+Than/Yvai_Light+of+the+Than.jpg,True
Feats,190,EN,Arch,Stoneshells,Name,https://uprising-tts.s3.amazonaws.com/Uprising+Final+EN/ARCH-NEMESIS_EN/CARDS_EN/SMALL_CARDS_EN/FEATS_EN/Tua+Than/Kyushi_Stoneshells.jpg,res://assets/images/Uprising+Final+EN/ARCH-NEMESIS_EN/CARDS_EN/SMALL_CARDS_EN/FEATS_EN/Tua+Than/Kyushi_Stoneshells.jpg,True
Feats,191,DE,Arch,Steinpanzer,Name,https://uprising-tts.s3.amazonaws.com/Uprising+Final+DE/ARCH-NEMESIS_DE/CARDS_DE/SMALL_CARDS_DE/FEATS_DE/Tua+Than/Yvai_Stoneshells.jpg,res://assets/images/Uprising+Final+DE/ARCH-NEMESIS_DE/CARDS_DE/SMALL_CARDS_DE/FEATS_DE/Tua+Than/Yvai_Stoneshells.jpg,True
Feats,192,EN,Arch,Tua-Tsugo,Name,https://uprising-tts.s3.amazonaws.com/Uprising+Final+EN/ARCH-NEMESIS_EN/CARDS_EN/SMALL_CARDS_EN/FEATS_EN/Tua+Than/Kyushi_Tua-Tsugo.jpg,res://assets/images/Uprising+Final+EN/ARCH-NEMESIS_EN/CARDS_EN/SMALL_CARDS_EN/FEATS_EN/Tua+Than/Kyushi_Tua-Tsugo.jpg,True
Feats,193,DE,Arch,Tua-Tsugo,Name,https://uprising-tts.s3.amazonaws.com/Uprising+Final+DE/ARCH-NEMESIS_DE/CARDS_DE/SMALL_CARDS_DE/FEATS_DE/Tua+Than/Yvai_Tua-Tsugo.jpg,res://assets/images/Uprising+Final+DE/ARCH-NEMESIS_DE/CARDS_DE/SMALL_CARDS_DE/FEATS_DE/Tua+Than/Yvai_Tua-Tsugo.jpg,True
Feats,194,EN,Arch,Drivers,Name,https://uprising-tts.s3.amazonaws.com/Uprising+Final+EN/ARCH-NEMESIS_EN/CARDS_EN/SMALL_CARDS_EN/FEATS_EN/Ytuma/Fjalka_Drivers.jpg,res://assets/images/Uprising+Final+EN/ARCH-NEMESIS_EN/CARDS_EN/SMALL_CARDS_EN/FEATS_EN/Ytuma/Fjalka_Drivers.jpg,True
Feats,195,DE,Arch,Treiber,Name,https://uprising-tts.s3.amazonaws.com/Uprising+Final+DE/ARCH-NEMESIS_DE/CARDS_DE/SMALL_CARDS_DE/FEATS_DE/Ytuma/Mjor_Drivers.jpg,res://assets/images/Uprising+Final+DE/ARCH-NEMESIS_DE/CARDS_DE/SMALL_CARDS_DE/FEATS_DE/Ytuma/Mjor_Drivers.jpg,True
Feats,196,EN,Arch,Eyes of Stone,Name,https://uprising-tts.s3.amazonaws.com/Uprising+Final+EN/ARCH-NEMESIS_EN/CARDS_EN/SMALL_CARDS_EN/FEATS_EN/Ytuma/Mjor_Eyes+of+Stone.jpg,res://assets/images/Uprising+Final+EN/ARCH-NEMESIS_EN/CARDS_EN/SMALL_CARDS_EN/FEATS_EN/Ytuma/Mjor_Eyes+of+Stone.jpg,True
Feats,197,DE,Arch,Augen aus Stein,Name,https://uprising-tts.s3.amazonaws.com/Uprising+Final+DE/ARCH-NEMESIS_DE/CARDS_DE/SMALL_CARDS_DE/FEATS_DE/Ytuma/Mjor_Eyes+of+Stone.jpg,res://assets/images/Uprising+Final+DE/ARCH-NEMESIS_DE/CARDS_DE/SMALL_CARDS_DE/FEATS_DE/Ytuma/Mjor_Eyes+of+Stone.jpg,True
Feats,198,EN,Arch,Fertility of the Herd,Name,https://uprising-tts.s3.amazonaws.com/Uprising+Final+EN/ARCH-NEMESIS_EN/CARDS_EN/SMALL_CARDS_EN/FEATS_EN/Ytuma/Fjalka_Fertility+of+the+Herd.jpg,res://assets/images/Uprising+Final+EN/ARCH-NEMESIS_EN/CARDS_EN/SMALL_CARDS_EN/FEATS_EN/Ytuma/Fjalka_Fertility+of+the+Herd.jpg,True
Feats,199,DE,Arch,Fruchtbarkeit der Herde,Name,https://uprising-tts.s3.amazonaws.com/Uprising+Final+DE/ARCH-NEMESIS_DE/CARDS_DE/SMALL_CARDS_DE/FEATS_DE/Ytuma/Mjor_Fertility+of+the+Herd.jpg,res://assets/images/Uprising+Final+DE/ARCH-NEMESIS_DE/CARDS_DE/SMALL_CARDS_DE/FEATS_DE/Ytuma/Mjor_Fertility+of+the+Herd.jpg,True
Feats,200,EN,Arch,Shepherd,Name,https://uprising-tts.s3.amazonaws.com/Uprising+Final+EN/ARCH-NEMESIS_EN/CARDS_EN/SMALL_CARDS_EN/FEATS_EN/Ytuma/Fjalka_Shepherd.jpg,res://assets/images/Uprising+Final+EN/ARCH-NEMESIS_EN/CARDS_EN/SMALL_CARDS_EN/FEATS_EN/Ytuma/Fjalka_Shepherd.jpg,True
Feats,201,DE,Arch,Hirte,Name,https://uprising-tts.s3.amazonaws.com/Uprising+Final+DE/ARCH-NEMESIS_DE/CARDS_DE/SMALL_CARDS_DE/FEATS_DE/Ytuma/Fjalka_Shepherd.jpg,res://assets/images/Uprising+Final+DE/ARCH-NEMESIS_DE/CARDS_DE/SMALL_CARDS_DE/FEATS_DE/Ytuma/Fjalka_Shepherd.jpg,True
Feats,202,EN,Arch,Heedless Charge,Name,https://uprising-tts.s3.amazonaws.com/Uprising+Final+EN/ARCH-NEMESIS_EN/CARDS_EN/SMALL_CARDS_EN/FEATS_EN/Ytuma/Fjalka_Heedless+Charge.jpg,res://assets/images/Uprising+Final+EN/ARCH-NEMESIS_EN/CARDS_EN/SMALL_CARDS_EN/FEATS_EN/Ytuma/Fjalka_Heedless+Charge.jpg,True
Feats,203,DE,Arch,Zerstampfen,Name,https://uprising-tts.s3.amazonaws.com/Uprising+Final+DE/ARCH-NEMESIS_DE/CARDS_DE/SMALL_CARDS_DE/FEATS_DE/Ytuma/Mjor_Heedless+Charge.jpg,res://assets/images/Uprising+Final+DE/ARCH-NEMESIS_DE/CARDS_DE/SMALL_CARDS_DE/FEATS_DE/Ytuma/Mjor_Heedless+Charge.jpg,True
Feats,204,EN,Arch,Lore of the Herd,Name,https://uprising-tts.s3.amazonaws.com/Uprising+Final+EN/ARCH-NEMESIS_EN/CARDS_EN/SMALL_CARDS_EN/FEATS_EN/Ytuma/Fjalka_Lore+of+the+Herd.jpg,res://assets/images/Uprising+Final+EN/ARCH-NEMESIS_EN/CARDS_EN/SMALL_CARDS_EN/FEATS_EN/Ytuma/Fjalka_Lore+of+the+Herd.jpg,True
Feats,205,DE,Arch,Erbe der Herde,Name,https://uprising-tts.s3.amazonaws.com/Uprising+Final+DE/ARCH-NEMESIS_DE/CARDS_DE/SMALL_CARDS_DE/FEATS_DE/Ytuma/Fjalka_Lore+of+the+Herd.jpg,res://assets/images/Uprising+Final+DE/ARCH-NEMESIS_DE/CARDS_DE/SMALL_CARDS_DE/FEATS_DE/Ytuma/Fjalka_Lore+of+the+Herd.jpg,True
Feats,206,EN,Arch,Migration,Name,https://uprising-tts.s3.amazonaws.com/Uprising+Final+EN/ARCH-NEMESIS_EN/CARDS_EN/SMALL_CARDS_EN/FEATS_EN/Ytuma/Fjalka_Migration.jpg,res://assets/images/Uprising+Final+EN/ARCH-NEMESIS_EN/CARDS_EN/SMALL_CARDS_EN/FEATS_EN/Ytuma/Fjalka_Migration.jpg,True
Feats,207,DE,Arch,Migration,Name,https://uprising-tts.s3.amazonaws.com/Uprising+Final+DE/ARCH-NEMESIS_DE/CARDS_DE/SMALL_CARDS_DE/FEATS_DE/Ytuma/Mjor_Migration.jpg,res://assets/images/Uprising+Final+DE/ARCH-NEMESIS_DE/CARDS_DE/SMALL_CARDS_DE/FEATS_DE/Ytuma/Mjor_Migration.jpg,True
Feats,208,EN,Arch,Herdmaster,Name,https://uprising-tts.s3.amazonaws.com/Uprising+Final+EN/ARCH-NEMESIS_EN/CARDS_EN/SMALL_CARDS_EN/FEATS_EN/Ytuma/Fjalka_Herdmaster.jpg,res://assets/images/Uprising+Final+EN/ARCH-NEMESIS_EN/CARDS_EN/SMALL_CARDS_EN/FEATS_EN/Ytuma/Fjalka_Herdmaster.jpg,True
Feats,209,DE,Arch,Herdenvater,Name,https://uprising-tts.s3.amazonaws.com/Uprising+Final+DE/ARCH-NEMESIS_DE/CARDS_DE/SMALL_CARDS_DE/FEATS_DE/Ytuma/Mjor_Herdmaster.jpg,res://assets/images/Uprising+Final+DE/ARCH-NEMESIS_DE/CARDS_DE/SMALL_CARDS_DE/FEATS_DE/Ytuma/Mjor_Herdmaster.jpg,True
Feats,210,EN,Arch,Stampede,Name,https://uprising-tts.s3.amazonaws.com/Uprising+Final+EN/ARCH-NEMESIS_EN/CARDS_EN/SMALL_CARDS_EN/FEATS_EN/Ytuma/Mjor_Stampede.jpg,res://assets/images/Uprising+Final+EN/ARCH-NEMESIS_EN/CARDS_EN/SMALL_CARDS_EN/FEATS_EN/Ytuma/Mjor_Stampede.jpg,True
Feats,211,DE,Arch,Ansturm,Name,https://uprising-tts.s3.amazonaws.com/Uprising+Final+DE/ARCH-NEMESIS_DE/CARDS_DE/SMALL_CARDS_DE/FEATS_DE/Ytuma/Mjor_Stampede.jpg,res://assets/images/Uprising+Final+DE/ARCH-NEMESIS_DE/CARDS_DE/SMALL_CARDS_DE/FEATS_DE/Ytuma/Mjor_Stampede.jpg,True
Feats,212,EN,Arch,Nomads,Name,https://uprising-tts.s3.amazonaws.com/Uprising+Final+EN/ARCH-NEMESIS_EN/CARDS_EN/SMALL_CARDS_EN/FEATS_EN/Ytuma/Fjalka_Nomads.jpg,res://assets/images/Uprising+Final+EN/ARCH-NEMESIS_EN/CARDS_EN/SMALL_CARDS_EN/FEATS_EN/Ytuma/Fjalka_Nomads.jpg,True
Feats,213,DE,Arch,Nomaden,Name,https://uprising-tts.s3.amazonaws.com/Uprising+Final+DE/ARCH-NEMESIS_DE/CARDS_DE/SMALL_CARDS_DE/FEATS_DE/Ytuma/Mjor_Nomads.jpg,res://assets/images/Uprising+Final+DE/ARCH-NEMESIS_DE/CARDS_DE/SMALL_CARDS_DE/FEATS_DE/Ytuma/Mjor_Nomads.jpg,True
Feats,214,EN,Arch,The Herd Card Back,Name,https://uprising-tts.s3.amazonaws.com/Uprising+Final+EN/ARCH-NEMESIS_EN/CARDS_EN/SMALL_CARDS_EN/FEATS_EN/Ytuma/The+Herd+Card_Back.jpg,res://assets/images/Uprising+Final+EN/ARCH-NEMESIS_EN/CARDS_EN/SMALL_CARDS_EN/FEATS_EN/Ytuma/The+Herd+Card_Back.jpg,True
Feats,215,DE,Arch,Die Herde Rückseite,Name,https://uprising-tts.s3.amazonaws.com/Uprising+Final+DE/ARCH-NEMESIS_DE/CARDS_DE/BIG_CARDS_DE/The+Herd+Card_Back.jpg,res://assets/images/Uprising+Final+DE/ARCH-NEMESIS_DE/CARDS_DE/BIG_CARDS_DE/The+Herd+Card_Back.jpg,True
Feats,216,EN,Arch,The Herd Card,Name,https://uprising-tts.s3.amazonaws.com/Uprising+Final+EN/ARCH-NEMESIS_EN/CARDS_EN/SMALL_CARDS_EN/FEATS_EN/Ytuma/The+Herd+Card.jpg,res://assets/images/Uprising+Final+EN/ARCH-NEMESIS_EN/CARDS_EN/SMALL_CARDS_EN/FEATS_EN/Ytuma/The+Herd+Card.jpg,True
Feats,217,DE,Arch,Die Herde,Name,https://uprising-tts.s3.amazonaws.com/Uprising+Final+DE/ARCH-NEMESIS_DE/CARDS_DE/BIG_CARDS_DE/The+Herd+Card.jpg,res://assets/images/Uprising+Final+DE/ARCH-NEMESIS_DE/CARDS_DE/BIG_CARDS_DE/The+Herd+Card.jpg,True
Heros,2,EN,Core,Fhayanor,Name,https://uprising-tts.s3.amazonaws.com/Uprising+Final+EN/CORE_BOX_EN/CARDS_EN/BIG_CARDS_EN/HEROS_EN/Hero_Core_Fhayanor.jpg,res://assets/images/Uprising+Final+EN/CORE_BOX_EN/CARDS_EN/BIG_CARDS_EN/HEROS_EN/Hero_Core_Fhayanor.jpg,True
Heros,3,DE,Core,Fhayanor,Name,https://uprising-tts.s3.amazonaws.com/Uprising+Final+DE/CORE+BOX_DE/CARDS_DE/BIG_CARDS_DE/HEROS_DE/Hero_Core_Fhayanor.jpg,res://assets/images/Uprising+Final+DE/CORE+BOX_DE/CARDS_DE/BIG_CARDS_DE/HEROS_DE/Hero_Core_Fhayanor.jpg,True
Heros,4,EN,Core,Syndra,Name,https://uprising-tts.s3.amazonaws.com/Uprising+Final+EN/CORE_BOX_EN/CARDS_EN/BIG_CARDS_EN/HEROS_EN/Hero_Core_Syndra.jpg,res://assets/images/Uprising+Final+EN/CORE_BOX_EN/CARDS_EN/BIG_CARDS_EN/HEROS_EN/Hero_Core_Syndra.jpg,True
Heros,5,DE,Core,Syndra,Name,https://uprising-tts.s3.amazonaws.com/Uprising+Final+DE/CORE+BOX_DE/CARDS_DE/BIG_CARDS_DE/HEROS_DE/Hero_Core_Syndra.jpg,res://assets/images/Uprising+Final+DE/CORE+BOX_DE/CARDS_DE/BIG_CARDS_DE/HEROS_DE/Hero_Core_Syndra.jpg,True
Heros,6,EN,Core,Dugpa,Name,https://uprising-tts.s3.amazonaws.com/Uprising+Final+EN/CORE_BOX_EN/CARDS_EN/BIG_CARDS_EN/HEROS_EN/Hero_Core_Dugpa.jpg,res://assets/images/Uprising+Final+EN/CORE_BOX_EN/CARDS_EN/BIG_CARDS_EN/HEROS_EN/Hero_Core_Dugpa.jpg,True
Heros,7,DE,Core,Dugpa,Name,https://uprising-tts.s3.amazonaws.com/Uprising+Final+DE/CORE+BOX_DE/CARDS_DE/BIG_CARDS_DE/HEROS_DE/Hero_Core_Dugpa.jpg,res://assets/images/Uprising+Final+DE/CORE+BOX_DE/CARDS_DE/BIG_CARDS_DE/HEROS_DE/Hero_Core_Dugpa.jpg,True
Heros,8,EN,Core,Kha'al,Name,https://uprising-tts.s3.amazonaws.com/Uprising+Final+EN/CORE_BOX_EN/CARDS_EN/BIG_CARDS_EN/HEROS_EN/Hero_Core_Khaal.jpg,res://assets/images/Uprising+Final+EN/CORE_BOX_EN/CARDS_EN/BIG_CARDS_EN/HEROS_EN/Hero_Core_Khaal.jpg,True
Heros,9,DE,Core,Kha'al,Name,https://uprising-tts.s3.amazonaws.com/Uprising+Final+DE/CORE+BOX_DE/CARDS_DE/BIG_CARDS_DE/HEROS_DE/Hero_Core_Khaal.jpg,res://assets/images/Uprising+Final+DE/CORE+BOX_DE/CARDS_DE/BIG_CARDS_DE/HEROS_DE/Hero_Core_Khaal.jpg,True
Heros,10,EN,Core,Baranth,Name,https://uprising-tts.s3.amazonaws.com/Uprising+Final+EN/CORE_BOX_EN/CARDS_EN/BIG_CARDS_EN/HEROS_EN/Hero_Core_Baranth.jpg,res://assets/images/Uprising+Final+EN/CORE_BOX_EN/CARDS_EN/BIG_CARDS_EN/HEROS_EN/Hero_Core_Baranth.jpg,True
Heros,11,DE,Core,Baranth,Name,https://uprising-tts.s3.amazonaws.com/Uprising+Final+DE/CORE+BOX_DE/CARDS_DE/BIG_CARDS_DE/HEROS_DE/Hero_Core_Baranth.jpg,res://assets/images/Uprising+Final+DE/CORE+BOX_DE/CARDS_DE/BIG_CARDS_DE/HEROS_DE/Hero_Core_Baranth.jpg,True
Heros,12,EN,Core,Yanny,Name,https://uprising-tts.s3.amazonaws.com/Uprising+Final+EN/CORE_BOX_EN/CARDS_EN/BIG_CARDS_EN/HEROS_EN/Hero_Core_Yanny.jpg,res://assets/images/Uprising+Final+EN/CORE_BOX_EN/CARDS_EN/BIG_CARDS_EN/HEROS_EN/Hero_Core_Yanny.jpg,True
Heros,13,DE,Core,Yanny,Name,https://uprising-tts.s3.amazonaws.com/Uprising+Final+DE/CORE+BOX_DE/CARDS_DE/BIG_CARDS_DE/HEROS_DE/Hero_Core_Yanny.jpg,res://assets/images/Uprising+Final+DE/CORE+BOX_DE/CARDS_DE/BIG_CARDS_DE/HEROS_DE/Hero_Core_Yanny.jpg,True
Heros,14,EN,Core,Hanzo,Name,https://uprising-tts.s3.amazonaws.com/Uprising+Final+EN/CORE_BOX_EN/CARDS_EN/BIG_CARDS_EN/HEROS_EN/Hero_Core_Hanzo.jpg,res://assets/images/Uprising+Final+EN/CORE_BOX_EN/CARDS_EN/BIG_CARDS_EN/HEROS_EN/Hero_Core_Hanzo.jpg,True
Heros,15,DE,Core,Hanzo,Name,https://uprising-tts.s3.amazonaws.com/Uprising+Final+DE/CORE+BOX_DE/CARDS_DE/BIG_CARDS_DE/HEROS_DE/Hero_Core_Hanzo.jpg,res://assets/images/Uprising+Final+DE/CORE+BOX_DE/CARDS_DE/BIG_CARDS_DE/HEROS_DE/Hero_Core_Hanzo.jpg,True
Heros,16,EN,Core,Ronja,Name,https://uprising-tts.s3.amazonaws.com/Uprising+Final+EN/CORE_BOX_EN/CARDS_EN/BIG_CARDS_EN/HEROS_EN/Hero_Core_Ronja.jpg,res://assets/images/Uprising+Final+EN/CORE_BOX_EN/CARDS_EN/BIG_CARDS_EN/HEROS_EN/Hero_Core_Ronja.jpg,True
Heros,17,DE,Core,Ronja,Name,https://uprising-tts.s3.amazonaws.com/Uprising+Final+DE/CORE+BOX_DE/CARDS_DE/BIG_CARDS_DE/HEROS_DE/Hero_Core_Ronja.jpg,res://assets/images/Uprising+Final+DE/CORE+BOX_DE/CARDS_DE/BIG_CARDS_DE/HEROS_DE/Hero_Core_Ronja.jpg,True
Heros,18,EN,Arch,Fjalka,Name,https://uprising-tts.s3.amazonaws.com/Uprising+Final+EN/ARCH-NEMESIS_EN/CARDS_EN/BIG_CARDS_EN/HEROS_EN/Hero_Arch_Fjalka.jpg,res://assets/images/Uprising+Final+EN/ARCH-NEMESIS_EN/CARDS_EN/BIG_CARDS_EN/HEROS_EN/Hero_Arch_Fjalka.jpg,True
Heros,19,DE,Arch,Fjalka,Name,https://uprising-tts.s3.amazonaws.com/Uprising+Final+DE/ARCH-NEMESIS_DE/CARDS_DE/BIG_CARDS_DE/HEROS_DE/Hero_Arch_Fjalka.jpg,res://assets/images/Uprising+Final+DE/ARCH-NEMESIS_DE/CARDS_DE/BIG_CARDS_DE/HEROS_DE/Hero_Arch_Fjalka.jpg,True
Heros,20,EN,Arch,Mjor,Name,https://uprising-tts.s3.amazonaws.com/Uprising+Final+EN/ARCH-NEMESIS_EN/CARDS_EN/BIG_CARDS_EN/HEROS_EN/Hero_Arch_Mjor.jpg,res://assets/images/Uprising+Final+EN/ARCH-NEMESIS_EN/CARDS_EN/BIG_CARDS_EN/HEROS_EN/Hero_Arch_Mjor.jpg,True
Heros,21,DE,Arch,Mjor,Name,https://uprising-tts.s3.amazonaws.com/Uprising+Final+DE/ARCH-NEMESIS_DE/CARDS_DE/BIG_CARDS_DE/HEROS_DE/Hero_Arch_Mjor.jpg,res://assets/images/Uprising+Final+DE/ARCH-NEMESIS_DE/CARDS_DE/BIG_CARDS_DE/HEROS_DE/Hero_Arch_Mjor.jpg,True
Heros,22,EN,Arch,Mukla,Name,https://uprising-tts.s3.amazonaws.com/Uprising+Final+EN/ARCH-NEMESIS_EN/CARDS_EN/BIG_CARDS_EN/HEROS_EN/Hero_Arch_Mukla.jpg,res://assets/images/Uprising+Final+EN/ARCH-NEMESIS_EN/CARDS_EN/BIG_CARDS_EN/HEROS_EN/Hero_Arch_Mukla.jpg,True
Heros,23,DE,Arch,Mukla,Name,https://uprising-tts.s3.amazonaws.com/Uprising+Final+DE/ARCH-NEMESIS_DE/CARDS_DE/BIG_CARDS_DE/HEROS_DE/Hero_Arch_Mukla.jpg,res://assets/images/Uprising+Final+DE/ARCH-NEMESIS_DE/CARDS_DE/BIG_CARDS_DE/HEROS_DE/Hero_Arch_Mukla.jpg,True
Heros,24,EN,Arch,Tlak,Name,https://uprising-tts.s3.amazonaws.com/Uprising+Final+EN/ARCH-NEMESIS_EN/CARDS_EN/BIG_CARDS_EN/HEROS_EN/Hero_Arch_Tlak.jpg,res://assets/images/Uprising+Final+EN/ARCH-NEMESIS_EN/CARDS_EN/BIG_CARDS_EN/HEROS_EN/Hero_Arch_Tlak.jpg,True
Heros,25,DE,Arch,Tlak,Name,https://uprising-tts.s3.amazonaws.com/Uprising+Final+DE/ARCH-NEMESIS_DE/CARDS_DE/BIG_CARDS_DE/HEROS_DE/Hero_Arch_Tlak.jpg,res://assets/images/Uprising+Final+DE/ARCH-NEMESIS_DE/CARDS_DE/BIG_CARDS_DE/HEROS_DE/Hero_Arch_Tlak.jpg,True
Heros,26,EN,Arch,Kyushi,Name,https://uprising-tts.s3.amazonaws.com/Uprising+Final+EN/ARCH-NEMESIS_EN/CARDS_EN/BIG_CARDS_EN/HEROS_EN/Hero_Arch_Kyushi.jpg,res://assets/images/Uprising+Final+EN/ARCH-NEMESIS_EN/CARDS_EN/BIG_CARDS_EN/HEROS_EN/Hero_Arch_Kyushi.jpg,True
Heros,27,DE,Arch,Kyushi,Name,https://uprising-tts.s3.amazonaws.com/Uprising+Final+DE/ARCH-NEMESIS_DE/CARDS_DE/BIG_CARDS_DE/HEROS_DE/Hero_Arch_Kyushi.jpg,res://assets/images/Uprising+Final+DE/ARCH-NEMESIS_DE/CARDS_DE/BIG_CARDS_DE/HEROS_DE/Hero_Arch_Kyushi.jpg,True
Heros,28,EN,Arch,Yvaj,Name,https://uprising-tts.s3.amazonaws.com/Uprising+Final+EN/ARCH-NEMESIS_EN/CARDS_EN/BIG_CARDS_EN/HEROS_EN/Hero_Arch_Yvai.jpg,res://assets/images/Uprising+Final+EN/ARCH-NEMESIS_EN/CARDS_EN/BIG_CARDS_EN/HEROS_EN/Hero_Arch_Yvai.jpg,True
Heros,29,DE,Arch,Yvaj,Name,https://uprising-tts.s3.amazonaws.com/Uprising+Final+DE/ARCH-NEMESIS_DE/CARDS_DE/BIG_CARDS_DE/HEROS_DE/Hero_Arch_Yvai.jpg,res://assets/images/Uprising+Final+DE/ARCH-NEMESIS_DE/CARDS_DE/BIG_CARDS_DE/HEROS_DE/Hero_Arch_Yvai.jpg,True
Heros,30,EN,Arch,Azyr,Name,https://uprising-tts.s3.amazonaws.com/Uprising+Final+EN/ARCH-NEMESIS_EN/CARDS_EN/BIG_CARDS_EN/HEROS_EN/Hero_Arch_Azyr.jpg,res://assets/images/Uprising+Final+EN/ARCH-NEMESIS_EN/CARDS_EN/BIG_CARDS_EN/HEROS_EN/Hero_Arch_Azyr.jpg,True
Heros,31,DE,Arch,Azyr,Name,https://uprising-tts.s3.amazonaws.com/Uprising+Final+DE/ARCH-NEMESIS_DE/CARDS_DE/BIG_CARDS_DE/HEROS_DE/Hero_Arch_Azyr.jpg,res://assets/images/Uprising+Final+DE/ARCH-NEMESIS_DE/CARDS_DE/BIG_CARDS_DE/HEROS_DE/Hero_Arch_Azyr.jpg,True
Heros,32,EN,Arch,Tzadani,Name,https://uprising-tts.s3.amazonaws.com/Uprising+Final+EN/ARCH-NEMESIS_EN/CARDS_EN/BIG_CARDS_EN/HEROS_EN/Hero_Arch_Tzadani.jpg,res://assets/images/Uprising+Final+EN/ARCH-NEMESIS_EN/CARDS_EN/BIG_CARDS_EN/HEROS_EN/Hero_Arch_Tzadani.jpg,True
Heros,33,DE,Arch,Tzadani,Name,https://uprising-tts.s3.amazonaws.com/Uprising+Final+DE/ARCH-NEMESIS_DE/CARDS_DE/BIG_CARDS_DE/HEROS_DE/Hero_Arch_Tzadani.jpg,res://assets/images/Uprising+Final+DE/ARCH-NEMESIS_DE/CARDS_DE/BIG_CARDS_DE/HEROS_DE/Hero_Arch_Tzadani.jpg,True
Heros,34,EN,Titans,Eyvind,Name,https://uprising-tts.s3.amazonaws.com/Uprising+Final+EN/TITANS_EN/CARDS_EN/BIG_CARDS_EN/HEROS_EN/Hero_Titans_Eyvind.jpg,res://assets/images/Uprising+Final+EN/TITANS_EN/CARDS_EN/BIG_CARDS_EN/HEROS_EN/Hero_Titans_Eyvind.jpg,True
Heros,35,DE,Titans,Eyvind,Name,https://uprising-tts.s3.amazonaws.com/Uprising+Final+DE/TITANS_DE/CARDS_DE/BIG_CARDS_DE/HEROS_DE/Hero_Titans_Eyvind.jpg,res://assets/images/Uprising+Final+DE/TITANS_DE/CARDS_DE/BIG_CARDS_DE/HEROS_DE/Hero_Titans_Eyvind.jpg,True
Heros,36,EN,Titans,Xaidine,Name,https://uprising-tts.s3.amazonaws.com/Uprising+Final+EN/TITANS_EN/CARDS_EN/BIG_CARDS_EN/HEROS_EN/Hero_Titans_Xaidine.jpg,res://assets/images/Uprising+Final+EN/TITANS_EN/CARDS_EN/BIG_CARDS_EN/HEROS_EN/Hero_Titans_Xaidine.jpg,True
Heros,37,DE,Titans,Xaidine,Name,https://uprising-tts.s3.amazonaws.com/Uprising+Final+DE/TITANS_DE/CARDS_DE/BIG_CARDS_DE/HEROS_DE/Hero_Titans_Xaidine.jpg,res://assets/images/Uprising+Final+DE/TITANS_DE/CARDS_DE/BIG_CARDS_DE/HEROS_DE/Hero_Titans_Xaidine.jpg,True
Heros,38,EN,Titans,Mother of Night,Name,https://uprising-tts.s3.amazonaws.com/Uprising+Final+EN/TITANS_EN/CARDS_EN/BIG_CARDS_EN/HEROS_EN/Hero_Titans_Mother+of+Night.jpg,res://assets/images/Uprising+Final+EN/TITANS_EN/CARDS_EN/BIG_CARDS_EN/HEROS_EN/Hero_Titans_Mother+of+Night.jpg,True
Heros,39,DE,Titans,Mother of Night,Name,https://uprising-tts.s3.amazonaws.com/Uprising+Final+DE/TITANS_DE/CARDS_DE/BIG_CARDS_DE/HEROS_DE/Hero_Titans_Mother_of_Night.jpg,res://assets/images/Uprising+Final+DE/TITANS_DE/CARDS_DE/BIG_CARDS_DE/HEROS_DE/Hero_Titans_Mother_of_Night.jpg,True
Heros,40,EN,Titans,Father of Thunder,Name,https://uprising-tts.s3.amazonaws.com/Uprising+Final+EN/TITANS_EN/CARDS_EN/BIG_CARDS_EN/HEROS_EN/Hero_Titans_Father+of+Thunder.jpg,res://assets/images/Uprising+Final+EN/TITANS_EN/CARDS_EN/BIG_CARDS_EN/HEROS_EN/Hero_Titans_Father+of+Thunder.jpg,True
Heros,41,DE,Titans,Father of Thunder,Name,https://uprising-tts.s3.amazonaws.com/Uprising+Final+DE/TITANS_DE/CARDS_DE/BIG_CARDS_DE/HEROS_DE/Hero_Titans_Father_of_Thunder.jpg,res://assets/images/Uprising+Final+DE/TITANS_DE/CARDS_DE/BIG_CARDS_DE/HEROS_DE/Hero_Titans_Father_of_Thunder.jpg,True
Hexes,2,EN,Titans,New Winterholm,Name,https://uprising-tts.s3.amazonaws.com/Uprising+Final+EN/TITANS_EN/HEXES_EN/Highlands_New+Winterholm.jpg,res://assets/images/Uprising+Final+EN/TITANS_EN/HEXES_EN/Highlands_New+Winterholm.jpg,True
Hexes,3,DE,Arch,"Sjalt, Hjutar & Sköke",Name,https://uprising-tts.s3.amazonaws.com/Uprising+Final+DE/ARCH-NEMESIS_DE/HEXES_DE/HomeHex_Hokqan.jpg,res://assets/images/Uprising+Final+DE/ARCH-NEMESIS_DE/HEXES_DE/HomeHex_Hokqan.jpg,True
Hexes,4,EN,Titans,The Maelstrom,Name,https://uprising-tts.s3.amazonaws.com/Uprising+Final+EN/TITANS_EN/HEXES_EN/Marshes_Maelstrom.jpg,res://assets/images/Uprising+Final+EN/TITANS_EN/HEXES_EN/Marshes_Maelstrom.jpg,True
Hexes,5,DE,Arch,Trifuths Tor,Name,https://uprising-tts.s3.amazonaws.com/Uprising+Final+DE/ARCH-NEMESIS_DE/HEXES_DE/HomeHex_RenegadeLegion.jpg,res://assets/images/Uprising+Final+DE/ARCH-NEMESIS_DE/HEXES_DE/HomeHex_RenegadeLegion.jpg,True
Hexes,6,EN,Core,Yfelskog,Name,https://uprising-tts.s3.amazonaws.com/Uprising+Final+EN/CORE_BOX_EN/HEXES_EN/HomeHex_Druwhn.jpg,res://assets/images/Uprising+Final+EN/CORE_BOX_EN/HEXES_EN/HomeHex_Druwhn.jpg,True
Hexes,7,DE,Arch,Tjurfalheim,Name,https://uprising-tts.s3.amazonaws.com/Uprising+Final+DE/ARCH-NEMESIS_DE/HEXES_DE/HomeHex_Tua+Than.jpg,res://assets/images/Uprising+Final+DE/ARCH-NEMESIS_DE/HEXES_DE/HomeHex_Tua+Than.jpg,True
Hexes,8,EN,Core,Khatrak Kautil,Name,https://uprising-tts.s3.amazonaws.com/Uprising+Final+EN/CORE_BOX_EN/HEXES_EN/HomeHex_Duerkhar.jpg,res://assets/images/Uprising+Final+EN/CORE_BOX_EN/HEXES_EN/HomeHex_Duerkhar.jpg,True
Hexes,9,DE,Arch,Hromark,Name,https://uprising-tts.s3.amazonaws.com/Uprising+Final+DE/ARCH-NEMESIS_DE/HEXES_DE/HomeHex_Ytuma.jpg,res://assets/images/Uprising+Final+DE/ARCH-NEMESIS_DE/HEXES_DE/HomeHex_Ytuma.jpg,True
Hexes,10,EN,Arch,"Sjalt, Hjutar & Sköke",Name,https://uprising-tts.s3.amazonaws.com/Uprising+Final+EN/ARCH-NEMESIS_EN/HEXES_EN/HomeHex_Hokqan.jpg,res://assets/images/Uprising+Final+EN/ARCH-NEMESIS_EN/HEXES_EN/HomeHex_Hokqan.jpg,True
Hexes,11,DE,Arch,Der Schwarze Turm,Name,https://uprising-tts.s3.amazonaws.com/Uprising+Final+DE/ARCH-NEMESIS_DE/HEXES_DE/SeaTower_Black+Spire.jpg,res://assets/images/Uprising+Final+DE/ARCH-NEMESIS_DE/HEXES_DE/SeaTower_Black+Spire.jpg,True
Hexes,12,EN,Core,Pak Glandris,Name,https://uprising-tts.s3.amazonaws.com/Uprising+Final+EN/CORE_BOX_EN/HEXES_EN/HomeHex_Krowh.jpg,res://assets/images/Uprising+Final+EN/CORE_BOX_EN/HEXES_EN/HomeHex_Krowh.jpg,True
Hexes,13,DE,Arch,Geisterstein,Name,https://uprising-tts.s3.amazonaws.com/Uprising+Final+DE/ARCH-NEMESIS_DE/HEXES_DE/SeaTower_Ghost+Monolith.jpg,res://assets/images/Uprising+Final+DE/ARCH-NEMESIS_DE/HEXES_DE/SeaTower_Ghost+Monolith.jpg,True
Hexes,14,EN,Core,Winterholm,Name,https://uprising-tts.s3.amazonaws.com/Uprising+Final+EN/CORE_BOX_EN/HEXES_EN/HomeHex_Mohyar.jpg,res://assets/images/Uprising+Final+EN/CORE_BOX_EN/HEXES_EN/HomeHex_Mohyar.jpg,True
Hexes,15,DE,Core,Yfelskorg,Name,https://uprising-tts.s3.amazonaws.com/Uprising+Final+DE/CORE+BOX_DE/HEXES_DE/HomeHex_Druwhn.jpg,res://assets/images/Uprising+Final+DE/CORE+BOX_DE/HEXES_DE/HomeHex_Druwhn.jpg,True
Hexes,16,EN,Arch,Trifuth Gate,Name,https://uprising-tts.s3.amazonaws.com/Uprising+Final+EN/ARCH-NEMESIS_EN/HEXES_EN/HomeHex_RenegadeLegion.jpg,res://assets/images/Uprising+Final+EN/ARCH-NEMESIS_EN/HEXES_EN/HomeHex_RenegadeLegion.jpg,True
Hexes,17,DE,Core,Kathrak Kautil,Name,https://uprising-tts.s3.amazonaws.com/Uprising+Final+DE/CORE+BOX_DE/HEXES_DE/HomeHex_Duerkhar.jpg,res://assets/images/Uprising+Final+DE/CORE+BOX_DE/HEXES_DE/HomeHex_Duerkhar.jpg,True
Hexes,18,EN,Arch,Tjurfalheim,Name,https://uprising-tts.s3.amazonaws.com/Uprising+Final+EN/ARCH-NEMESIS_EN/HEXES_EN/HomeHex_Tua+Than.jpg,res://assets/images/Uprising+Final+EN/ARCH-NEMESIS_EN/HEXES_EN/HomeHex_Tua+Than.jpg,True
Hexes,19,DE,Core,Pak Glandris,Name,https://uprising-tts.s3.amazonaws.com/Uprising+Final+DE/CORE+BOX_DE/HEXES_DE/HomeHex_Krowh.jpg,res://assets/images/Uprising+Final+DE/CORE+BOX_DE/HEXES_DE/HomeHex_Krowh.jpg,True
Hexes,20,EN,Arch,Hromark,Name,https://uprising-tts.s3.amazonaws.com/Uprising+Final+EN/ARCH-NEMESIS_EN/HEXES_EN/HomeHex_Ytuma.jpg,res://assets/images/Uprising+Final+EN/ARCH-NEMESIS_EN/HEXES_EN/HomeHex_Ytuma.jpg,True
Hexes,21,DE,Core,Winterholm,Name,https://uprising-tts.s3.amazonaws.com/Uprising+Final+DE/CORE+BOX_DE/HEXES_DE/HomeHex_Mohyar.jpg,res://assets/images/Uprising+Final+DE/CORE+BOX_DE/HEXES_DE/HomeHex_Mohyar.jpg,True
Hexes,22,EN,Titans,The Drorslokh,Name,https://uprising-tts.s3.amazonaws.com/Uprising+Final+EN/TITANS_EN/HEXES_EN/HomeHex_NetherseaPirates.jpg,res://assets/images/Uprising+Final+EN/TITANS_EN/HEXES_EN/HomeHex_NetherseaPirates.jpg,True
Hexes,23,EN,Titans,The Drorslokh Reverse,Name,https://uprising-tts.s3.amazonaws.com/Uprising+Final+EN/TITANS_EN/HEXES_EN/HomeHex_NetherseaPirates.jpg,res://assets/images/Uprising+Final+EN/TITANS_EN/HEXES_EN/HomeHex_NetherseaPirates.jpg,True
Hexes,24,DE,Core,Bruthgaard,Name,https://uprising-tts.s3.amazonaws.com/Uprising+Final+DE/CORE+BOX_DE/HEXES_DE/Badlands_Bruthgaard.jpg,res://assets/images/Uprising+Final+DE/CORE+BOX_DE/HEXES_DE/Badlands_Bruthgaard.jpg,True
Hexes,25,EN,Titans,Titans Hex,Name,https://uprising-tts.s3.amazonaws.com/Uprising+Final+EN/TITANS_EN/HEXES_EN/HomeHex_NetherseaPirates_Flipped.jpg,res://assets/images/Uprising+Final+EN/TITANS_EN/HEXES_EN/HomeHex_NetherseaPirates_Flipped.jpg,True
Hexes,26,DE,Core,Golgardei,Name,https://uprising-tts.s3.amazonaws.com/Uprising+Final+DE/CORE+BOX_DE/HEXES_DE/Badlands_Golgardei.jpg,res://assets/images/Uprising+Final+DE/CORE+BOX_DE/HEXES_DE/Badlands_Golgardei.jpg,True
Hexes,27,EN,Titans,The Undernest,Name,https://uprising-tts.s3.amazonaws.com/Uprising+Final+EN/TITANS_EN/HEXES_EN/Special_Undernest.jpg,res://assets/images/Uprising+Final+EN/TITANS_EN/HEXES_EN/Special_Undernest.jpg,True
Hexes,28,EN,Titans,Iron Capital,Name,https://uprising-tts.s3.amazonaws.com/Uprising+Final+EN/TITANS_EN/HEXES_EN/Special_Iron_Capital.jpg,res://assets/images/Uprising+Final+EN/TITANS_EN/HEXES_EN/Special_Iron_Capital.jpg,True
Hexes,29,,,Iron Capital Reverse,Name,https://uprising-tts.s3.amazonaws.com/Uprising+Final+EN/TITANS_EN/HEXES_EN/Special_Iron_Capital_Flipside.jpg,res://assets/images/Uprising+Final+EN/TITANS_EN/HEXES_EN/Special_Iron_Capital_Flipside.jpg,True
Hexes,30,EN,Titans,Capital of Storms,Name,https://uprising-tts.s3.amazonaws.com/Uprising+Final+EN/TITANS_EN/HEXES_EN/Special_Capital_of_Storms.jpg,res://assets/images/Uprising+Final+EN/TITANS_EN/HEXES_EN/Special_Capital_of_Storms.jpg,True
Hexes,31,,,Capital of Storms Reverse,Name,https://uprising-tts.s3.amazonaws.com/Uprising+Final+EN/TITANS_EN/HEXES_EN/Special_Capital_of_Storms_Flipside.jpg,res://assets/images/Uprising+Final+EN/TITANS_EN/HEXES_EN/Special_Capital_of_Storms_Flipside.jpg,True
Hexes,32,EN,Titans,Nethersea Capital,Name,https://uprising-tts.s3.amazonaws.com/Uprising+Final+EN/TITANS_EN/HEXES_EN/Special_Nethersea_Capital.jpg,res://assets/images/Uprising+Final+EN/TITANS_EN/HEXES_EN/Special_Nethersea_Capital.jpg,True
Hexes,33,,,Nethersea Capital Reverse,Name,https://uprising-tts.s3.amazonaws.com/Uprising+Final+EN/TITANS_EN/HEXES_EN/Special_Nethersea_Capital_Flipside.jpg,res://assets/images/Uprising+Final+EN/TITANS_EN/HEXES_EN/Special_Nethersea_Capital_Flipside.jpg,True
Hexes,34,DE,Core,Die Ebenen von Rhun,Name,https://uprising-tts.s3.amazonaws.com/Uprising+Final+DE/CORE+BOX_DE/HEXES_DE/Badlands_Plains+of+Rhun.jpg,res://assets/images/Uprising+Final+DE/CORE+BOX_DE/HEXES_DE/Badlands_Plains+of+Rhun.jpg,True
Hexes,35,EN,Core,Bruthgaard,Name,https://uprising-tts.s3.amazonaws.com/Uprising+Final+EN/CORE_BOX_EN/HEXES_EN/Badlands_Bruthgaard.jpg,res://assets/images/Uprising+Final+EN/CORE_BOX_EN/HEXES_EN/Badlands_Bruthgaard.jpg,True
Hexes,36,DE,Core,Frosthold Pass,Name,https://uprising-tts.s3.amazonaws.com/Uprising+Final+DE/CORE+BOX_DE/HEXES_DE/Highlands_Frosthold+Pass.jpg,res://assets/images/Uprising+Final+DE/CORE+BOX_DE/HEXES_DE/Highlands_Frosthold+Pass.jpg,True
Hexes,37,EN,Core,Golgardei,Name,https://uprising-tts.s3.amazonaws.com/Uprising+Final+EN/CORE_BOX_EN/HEXES_EN/Badlands_Golgardei.jpg,res://assets/images/Uprising+Final+EN/CORE_BOX_EN/HEXES_EN/Badlands_Golgardei.jpg,True
Hexes,38,DE,Core,Sklavenminen,Name,https://uprising-tts.s3.amazonaws.com/Uprising+Final+DE/CORE+BOX_DE/HEXES_DE/Highlands_Imperial+Slave+Mines.jpg,res://assets/images/Uprising+Final+DE/CORE+BOX_DE/HEXES_DE/Highlands_Imperial+Slave+Mines.jpg,True
Hexes,39,EN,Core,Plains of Rhun,Name,https://uprising-tts.s3.amazonaws.com/Uprising+Final+EN/CORE_BOX_EN/HEXES_EN/Badlands_Plains+of+Rhun.jpg,res://assets/images/Uprising+Final+EN/CORE_BOX_EN/HEXES_EN/Badlands_Plains+of+Rhun.jpg,True
Hexes,40,DE,Core,Grab der Alten Könige,Name,https://uprising-tts.s3.amazonaws.com/Uprising+Final+DE/CORE+BOX_DE/HEXES_DE/Highlands_Tombs+of+the+Elder+Kings.jpg,res://assets/images/Uprising+Final+DE/CORE+BOX_DE/HEXES_DE/Highlands_Tombs+of+the+Elder+Kings.jpg,True
Hexes,41,EN,Core,Frosthold Pass,Name,https://uprising-tts.s3.amazonaws.com/Uprising+Final+EN/CORE_BOX_EN/HEXES_EN/Highlands_Frosthold+Pass.jpg,res://assets/images/Uprising+Final+EN/CORE_BOX_EN/HEXES_EN/Highlands_Frosthold+Pass.jpg,True
Hexes,42,DE,Core,Schwarzeis,Name,https://uprising-tts.s3.amazonaws.com/Uprising+Final+DE/CORE+BOX_DE/HEXES_DE/IceWaste_Black+Ice.jpg,res://assets/images/Uprising+Final+DE/CORE+BOX_DE/HEXES_DE/IceWaste_Black+Ice.jpg,True
Hexes,43,EN,Core,Imperial Slave Mines,Name,https://uprising-tts.s3.amazonaws.com/Uprising+Final+EN/CORE_BOX_EN/HEXES_EN/Highlands_Imperial+Slave+Mines.jpg,res://assets/images/Uprising+Final+EN/CORE_BOX_EN/HEXES_EN/Highlands_Imperial+Slave+Mines.jpg,True
Hexes,44,DE,Core,Grimmfänge,Name,https://uprising-tts.s3.amazonaws.com/Uprising+Final+DE/CORE+BOX_DE/HEXES_DE/IceWaste_Grim+Fangs.jpg,res://assets/images/Uprising+Final+DE/CORE+BOX_DE/HEXES_DE/IceWaste_Grim+Fangs.jpg,True
Hexes,45,EN,Core,Tomb of the Elder Kings,Name,https://uprising-tts.s3.amazonaws.com/Uprising+Final+EN/CORE_BOX_EN/HEXES_EN/Highlands_Tombs+of+the+Elder+Kings.jpg,res://assets/images/Uprising+Final+EN/CORE_BOX_EN/HEXES_EN/Highlands_Tombs+of+the+Elder+Kings.jpg,True
Hexes,46,DE,Core,Raufrost,Name,https://uprising-tts.s3.amazonaws.com/Uprising+Final+DE/CORE+BOX_DE/HEXES_DE/IceWaste_Raufrost.jpg,res://assets/images/Uprising+Final+DE/CORE+BOX_DE/HEXES_DE/IceWaste_Raufrost.jpg,True
Hexes,47,EN,Core,Black Ice,Name,https://uprising-tts.s3.amazonaws.com/Uprising+Final+EN/CORE_BOX_EN/HEXES_EN/IceWaste_Black+Ice.jpg,res://assets/images/Uprising+Final+EN/CORE_BOX_EN/HEXES_EN/IceWaste_Black+Ice.jpg,True
Hexes,48,DE,Core,Schattendämmerung,Name,https://uprising-tts.s3.amazonaws.com/Uprising+Final+DE/CORE+BOX_DE/HEXES_DE/IceWaste_Shadowdawn.jpg,res://assets/images/Uprising+Final+DE/CORE+BOX_DE/HEXES_DE/IceWaste_Shadowdawn.jpg,True
Hexes,49,EN,Core,Grim Fangs,Name,https://uprising-tts.s3.amazonaws.com/Uprising+Final+EN/CORE_BOX_EN/HEXES_EN/IceWaste_Grim+Fangs.jpg,res://assets/images/Uprising+Final+EN/CORE_BOX_EN/HEXES_EN/IceWaste_Grim+Fangs.jpg,True
Hexes,50,DE,Core,Taurel Karawanenweg,Name,https://uprising-tts.s3.amazonaws.com/Uprising+Final+DE/CORE+BOX_DE/HEXES_DE/Ice+Waste_Taurel+Caravan+Passage.jpg,res://assets/images/Uprising+Final+DE/CORE+BOX_DE/HEXES_DE/Ice+Waste_Taurel+Caravan+Passage.jpg,True
Hexes,51,EN,Core,Raufrost,Name,https://uprising-tts.s3.amazonaws.com/Uprising+Final+EN/CORE_BOX_EN/HEXES_EN/IceWaste_Raufrost.jpg,res://assets/images/Uprising+Final+EN/CORE_BOX_EN/HEXES_EN/IceWaste_Raufrost.jpg,True
Hexes,52,DE,Core,Tal der Qualen,Name,https://uprising-tts.s3.amazonaws.com/Uprising+Final+DE/CORE+BOX_DE/HEXES_DE/IceWaste_Torment.jpg,res://assets/images/Uprising+Final+DE/CORE+BOX_DE/HEXES_DE/IceWaste_Torment.jpg,True
Hexes,53,EN,Core,Shadowdawn,Name,https://uprising-tts.s3.amazonaws.com/Uprising+Final+EN/CORE_BOX_EN/HEXES_EN/IceWaste_Shadowdawn.jpg,res://assets/images/Uprising+Final+EN/CORE_BOX_EN/HEXES_EN/IceWaste_Shadowdawn.jpg,True
Hexes,54,DE,Core,Fyrnhalla,Name,https://uprising-tts.s3.amazonaws.com/Uprising+Final+DE/CORE+BOX_DE/HEXES_DE/Marshes_Fyrnhalla.jpg,res://assets/images/Uprising+Final+DE/CORE+BOX_DE/HEXES_DE/Marshes_Fyrnhalla.jpg,True
Hexes,55,EN,Core,Taurel Caravan Passage,Name,https://uprising-tts.s3.amazonaws.com/Uprising+Final+EN/CORE_BOX_EN/HEXES_EN/Ice+Waste_Taurel+Caravan+Passage.jpg,res://assets/images/Uprising+Final+EN/CORE_BOX_EN/HEXES_EN/Ice+Waste_Taurel+Caravan+Passage.jpg,True
Hexes,56,DE,Core,Kyushis Taverne,Name,https://uprising-tts.s3.amazonaws.com/Uprising+Final+DE/CORE+BOX_DE/HEXES_DE/Marshes_Kyushis+Tavern.jpg,res://assets/images/Uprising+Final+DE/CORE+BOX_DE/HEXES_DE/Marshes_Kyushis+Tavern.jpg,True
Hexes,57,EN,Core,Torment,Name,https://uprising-tts.s3.amazonaws.com/Uprising+Final+EN/CORE_BOX_EN/HEXES_EN/IceWaste_Torment.jpg,res://assets/images/Uprising+Final+EN/CORE_BOX_EN/HEXES_EN/IceWaste_Torment.jpg,True
Hexes,58,DE,Core,Rigga,Name,https://uprising-tts.s3.amazonaws.com/Uprising+Final+DE/CORE+BOX_DE/HEXES_DE/Marshes_Rigga.jpg,res://assets/images/Uprising+Final+DE/CORE+BOX_DE/HEXES_DE/Marshes_Rigga.jpg,True
Hexes,59,EN,Core,Fyrnhalla,Name,https://uprising-tts.s3.amazonaws.com/Uprising+Final+EN/CORE_BOX_EN/HEXES_EN/Marshes_Fyrnhalla.jpg,res://assets/images/Uprising+Final+EN/CORE_BOX_EN/HEXES_EN/Marshes_Fyrnhalla.jpg,True
Hexes,60,DE,Core,Die Hauptstadt,Name,https://uprising-tts.s3.amazonaws.com/Uprising+Final+DE/CORE+BOX_DE/HEXES_DE/Special_Capital.jpg,res://assets/images/Uprising+Final+DE/CORE+BOX_DE/HEXES_DE/Special_Capital.jpg,True
Hexes,61,EN,Core,Kyushis Tavern,Name,https://uprising-tts.s3.amazonaws.com/Uprising+Final+EN/CORE_BOX_EN/HEXES_EN/Marshes_Kyushis+Tavern.jpg,res://assets/images/Uprising+Final+EN/CORE_BOX_EN/HEXES_EN/Marshes_Kyushis+Tavern.jpg,True
Hexes,62,DE,Core,Die Hauptstadt Rückseite,Name,https://uprising-tts.s3.amazonaws.com/Uprising+Final+DE/CORE+BOX_DE/HEXES_DE/Special_Capital_Flipside.jpg,res://assets/images/Uprising+Final+DE/CORE+BOX_DE/HEXES_DE/Special_Capital_Flipside.jpg,True
Hexes,63,EN,Core,Rigga,Name,https://uprising-tts.s3.amazonaws.com/Uprising+Final+EN/CORE_BOX_EN/HEXES_EN/Marshes_Rigga.jpg,res://assets/images/Uprising+Final+EN/CORE_BOX_EN/HEXES_EN/Marshes_Rigga.jpg,True
Hexes,64,DE,Core,Dunkelholm,Name,https://uprising-tts.s3.amazonaws.com/Uprising+Final+DE/CORE+BOX_DE/HEXES_DE/Woods_Dunkelholm.jpg,res://assets/images/Uprising+Final+DE/CORE+BOX_DE/HEXES_DE/Woods_Dunkelholm.jpg,True
Hexes,65,EN,Core,Capital,Name,https://uprising-tts.s3.amazonaws.com/Uprising+Final+EN/CORE_BOX_EN/HEXES_EN/Special_Capital.jpg,res://assets/images/Uprising+Final+EN/CORE_BOX_EN/HEXES_EN/Special_Capital.jpg,True
Hexes,66,DE,Core,Fjoelja Steinkreis,Name,https://uprising-tts.s3.amazonaws.com/Uprising+Final+DE/CORE+BOX_DE/HEXES_DE/Woods_Fjoelja+Stone+Circle.jpg,res://assets/images/Uprising+Final+DE/CORE+BOX_DE/HEXES_DE/Woods_Fjoelja+Stone+Circle.jpg,True
Hexes,67,DE,Core,Unterwald,Name,https://uprising-tts.s3.amazonaws.com/Uprising+Final+DE/CORE+BOX_DE/HEXES_DE/Woods_Netherwood.jpg,res://assets/images/Uprising+Final+DE/CORE+BOX_DE/HEXES_DE/Woods_Netherwood.jpg,True
Hexes,68,EN,Core,Dunkelholm,Name,https://uprising-tts.s3.amazonaws.com/Uprising+Final+EN/CORE_BOX_EN/HEXES_EN/Woods_Dunkelholm.jpg,res://assets/images/Uprising+Final+EN/CORE_BOX_EN/HEXES_EN/Woods_Dunkelholm.jpg,True
Hexes,69,DE,Core,Trollward,Name,https://uprising-tts.s3.amazonaws.com/Uprising+Final+DE/CORE+BOX_DE/HEXES_DE/Woods_Trollward.jpg,res://assets/images/Uprising+Final+DE/CORE+BOX_DE/HEXES_DE/Woods_Trollward.jpg,True
Hexes,70,EN,Core,Fjoelja Stone Circle,Name,https://uprising-tts.s3.amazonaws.com/Uprising+Final+EN/CORE_BOX_EN/HEXES_EN/Woods_Fjoelja+Stone+Circle.jpg,res://assets/images/Uprising+Final+EN/CORE_BOX_EN/HEXES_EN/Woods_Fjoelja+Stone+Circle.jpg,True
Hexes,71,DE,Core,Dämmergaard,Name,https://uprising-tts.s3.amazonaws.com/Uprising+Final+DE/CORE+BOX_DE/HEXES_DE/SeaTower_Dawngaard.jpg,res://assets/images/Uprising+Final+DE/CORE+BOX_DE/HEXES_DE/SeaTower_Dawngaard.jpg,True
Hexes,72,EN,Core,Netherwood,Name,https://uprising-tts.s3.amazonaws.com/Uprising+Final+EN/CORE_BOX_EN/HEXES_EN/Woods_Netherwood.jpg,res://assets/images/Uprising+Final+EN/CORE_BOX_EN/HEXES_EN/Woods_Netherwood.jpg,True
Hexes,73,DE,Core,Guragis Turm,Name,https://uprising-tts.s3.amazonaws.com/Uprising+Final+DE/CORE+BOX_DE/HEXES_DE/SeaTower_Guragi+Tower.jpg,res://assets/images/Uprising+Final+DE/CORE+BOX_DE/HEXES_DE/SeaTower_Guragi+Tower.jpg,True
Hexes,74,EN,Core,Trollward,Name,https://uprising-tts.s3.amazonaws.com/Uprising+Final+EN/CORE_BOX_EN/HEXES_EN/Woods_Trollward.jpg,res://assets/images/Uprising+Final+EN/CORE_BOX_EN/HEXES_EN/Woods_Trollward.jpg,True
Hexes,75,DE,Core,Höllenhund Turm,Name,https://uprising-tts.s3.amazonaws.com/Uprising+Final+DE/CORE+BOX_DE/HEXES_DE/SeaTower_Hellhound+Tower.jpg,res://assets/images/Uprising+Final+DE/CORE+BOX_DE/HEXES_DE/SeaTower_Hellhound+Tower.jpg,True
Hexes,76,EN,Arch,Black Spire,Name,https://uprising-tts.s3.amazonaws.com/Uprising+Final+EN/ARCH-NEMESIS_EN/HEXES_EN/SeaTower_Black+Spire.jpg,res://assets/images/Uprising+Final+EN/ARCH-NEMESIS_EN/HEXES_EN/SeaTower_Black+Spire.jpg,True
Hexes,77,DE,Core,Zeegaard,Name,https://uprising-tts.s3.amazonaws.com/Uprising+Final+DE/CORE+BOX_DE/HEXES_DE/SeaTower_Zeegard.jpg,res://assets/images/Uprising+Final+DE/CORE+BOX_DE/HEXES_DE/SeaTower_Zeegard.jpg,True
Hexes,78,EN,Core,Dawngaard,Name,https://uprising-tts.s3.amazonaws.com/Uprising+Final+EN/CORE_BOX_EN/HEXES_EN/SeaTower_Dawngaard.jpg,res://assets/images/Uprising+Final+EN/CORE_BOX_EN/HEXES_EN/SeaTower_Dawngaard.jpg,True
Hexes,79,DE,Core,Mitternachtsturm,Name,https://uprising-tts.s3.amazonaws.com/Uprising+Final+DE/CORE+BOX_DE/HEXES_DE/SeaTower_Midnight+Tower.jpg,res://assets/images/Uprising+Final+DE/CORE+BOX_DE/HEXES_DE/SeaTower_Midnight+Tower.jpg,True
Hexes,80,EN,Arch,Ghost Monolith,Name,https://uprising-tts.s3.amazonaws.com/Uprising+Final+EN/ARCH-NEMESIS_EN/HEXES_EN/SeaTower_Ghost+Monolith.jpg,res://assets/images/Uprising+Final+EN/ARCH-NEMESIS_EN/HEXES_EN/SeaTower_Ghost+Monolith.jpg,True
Hexes,81,DE,Core,Friedhof der Armada,Name,https://uprising-tts.s3.amazonaws.com/Uprising+Final+DE/CORE+BOX_DE/HEXES_DE/IceWaste_Graveyard+of+the+Armada.jpg,res://assets/images/Uprising+Final+DE/CORE+BOX_DE/HEXES_DE/IceWaste_Graveyard+of+the+Armada.jpg,True
Hexes,82,EN,Core,Guragi Tower,Name,https://uprising-tts.s3.amazonaws.com/Uprising+Final+EN/CORE_BOX_EN/HEXES_EN/SeaTower_Guragi+Tower.jpg,res://assets/images/Uprising+Final+EN/CORE_BOX_EN/HEXES_EN/SeaTower_Guragi+Tower.jpg,True
Hexes,83,DE,Core,Verfluchte Tiefen,Name,https://uprising-tts.s3.amazonaws.com/Uprising+Final+DE/CORE+BOX_DE/HEXES_DE/IceWaste_Haunted+Hollows.jpg,res://assets/images/Uprising+Final+DE/CORE+BOX_DE/HEXES_DE/IceWaste_Haunted+Hollows.jpg,True
Hexes,84,EN,Core,Hellhound Tower,Name,https://uprising-tts.s3.amazonaws.com/Uprising+Final+EN/CORE_BOX_EN/HEXES_EN/SeaTower_Hellhound+Tower.jpg,res://assets/images/Uprising+Final+EN/CORE_BOX_EN/HEXES_EN/SeaTower_Hellhound+Tower.jpg,True
Hexes,85,DE,Core,Klagender Abgrund,Name,https://uprising-tts.s3.amazonaws.com/Uprising+Final+DE/CORE+BOX_DE/HEXES_DE/IceWaste_Shriek+of+the+Abyss.jpg,res://assets/images/Uprising+Final+DE/CORE+BOX_DE/HEXES_DE/IceWaste_Shriek+of+the+Abyss.jpg,True
Hexes,86,EN,Core,Zeegard,Name,https://uprising-tts.s3.amazonaws.com/Uprising+Final+EN/CORE_BOX_EN/HEXES_EN/SeaTower_Zeegard.jpg,res://assets/images/Uprising+Final+EN/CORE_BOX_EN/HEXES_EN/SeaTower_Zeegard.jpg,True
Hexes,87,DE,Core,O-Meido Kerker,Name,https://uprising-tts.s3.amazonaws.com/Uprising+Final+DE/CORE+BOX_DE/HEXES_DE/Badlands_O-Meido+Prison.jpg,res://assets/images/Uprising+Final+DE/CORE+BOX_DE/HEXES_DE/Badlands_O-Meido+Prison.jpg,True
Hexes,88,EN,Core,Midnight Tower,Name,https://uprising-tts.s3.amazonaws.com/Uprising+Final+EN/CORE_BOX_EN/HEXES_EN/SeaTower_Midnight+Tower.jpg,res://assets/images/Uprising+Final+EN/CORE_BOX_EN/HEXES_EN/SeaTower_Midnight+Tower.jpg,True
Hexes,89,DE,Titans,Neu Winterholm,Name,https://uprising-tts.s3.amazonaws.com/Uprising+Final+DE/TITANS_DE/HEXES_DE/Highlands_New+Winterholm.jpg,res://assets/images/Uprising+Final+DE/TITANS_DE/HEXES_DE/Highlands_New+Winterholm.jpg,True
Hexes,90,EN,Core,Graveyard of the Armada,Name,https://uprising-tts.s3.amazonaws.com/Uprising+Final+EN/CORE_BOX_EN/HEXES_EN/IceWaste_Graveyard+of+the+Armada.jpg,res://assets/images/Uprising+Final+EN/CORE_BOX_EN/HEXES_EN/IceWaste_Graveyard+of+the+Armada.jpg,True
Hexes,91,DE,Titans,Der Maelstrom,Name,https://uprising-tts.s3.amazonaws.com/Uprising+Final+DE/TITANS_DE/HEXES_DE/Marshes_Maelstrom.jpg,res://assets/images/Uprising+Final+DE/TITANS_DE/HEXES_DE/Marshes_Maelstrom.jpg,True
Hexes,92,EN,Core,Haunted Hollows,Name,https://uprising-tts.s3.amazonaws.com/Uprising+Final+EN/CORE_BOX_EN/HEXES_EN/IceWaste_Haunted+Hollows.jpg,res://assets/images/Uprising+Final+EN/CORE_BOX_EN/HEXES_EN/IceWaste_Haunted+Hollows.jpg,True
Hexes,93,DE,Titans,Das Drorslokh,Name,https://uprising-tts.s3.amazonaws.com/Uprising+Final+DE/TITANS_DE/HEXES_DE/HomeHex_NetherseaPirates.jpg,res://assets/images/Uprising+Final+DE/TITANS_DE/HEXES_DE/HomeHex_NetherseaPirates.jpg,True
Hexes,94,EN,Core,Shriek of the Abyss,Name,https://uprising-tts.s3.amazonaws.com/Uprising+Final+EN/CORE_BOX_EN/HEXES_EN/IceWaste_Shriek+of+the+Abyss.jpg,res://assets/images/Uprising+Final+EN/CORE_BOX_EN/HEXES_EN/IceWaste_Shriek+of+the+Abyss.jpg,True
Hexes,95,DE,Titans,Titans of the first Age,Name,https://uprising-tts.s3.amazonaws.com/Uprising+Final+DE/TITANS_DE/HEXES_DE/HomeHex_Titans.jpg,res://assets/images/Uprising+Final+DE/TITANS_DE/HEXES_DE/HomeHex_Titans.jpg,True
Hexes,96,EN,Core,O-Meido Prison,Name,https://uprising-tts.s3.amazonaws.com/Uprising+Final+EN/CORE_BOX_EN/HEXES_EN/Badlands_O-Meido+Prison.jpg,res://assets/images/Uprising+Final+EN/CORE_BOX_EN/HEXES_EN/Badlands_O-Meido+Prison.jpg,True
Hexes,97,DE,Titans,Das Unternest,Name,https://uprising-tts.s3.amazonaws.com/Uprising+Final+DE/TITANS_DE/HEXES_DE/Special_Undernest.jpg,res://assets/images/Uprising+Final+DE/TITANS_DE/HEXES_DE/Special_Undernest.jpg,True
Hexes,98,DE,Titans,Die Eiserne Hauptstadt,Name,https://uprising-tts.s3.amazonaws.com/Uprising+Final+DE/TITANS_DE/HEXES_DE/Special_Iron_Capital.jpg,res://assets/images/Uprising+Final+DE/TITANS_DE/HEXES_DE/Special_Iron_Capital.jpg,True
Hexes,99,DE,Titans,Die Untersee Hauptstadt,Name,https://uprising-tts.s3.amazonaws.com/Uprising+Final+DE/TITANS_DE/HEXES_DE/Special_Nethersea_Capital.jpg,res://assets/images/Uprising+Final+DE/TITANS_DE/HEXES_DE/Special_Nethersea_Capital.jpg,True
Hexes,100,DE,Titans,Die Hauptstadt der Stürme,Name,https://uprising-tts.s3.amazonaws.com/Uprising+Final+DE/TITANS_DE/HEXES_DE/Special_Capital_of_Storms.jpg,res://assets/images/Uprising+Final+DE/TITANS_DE/HEXES_DE/Special_Capital_of_Storms.jpg,True
Hexes,101,DE,Titans,Die Eiserne Hauptstadt Rückseite,Name,https://uprising-tts.s3.amazonaws.com/Uprising+Final+DE/TITANS_DE/HEXES_DE/Special_Iron_Capital_Flipside.jpg,res://assets/images/Uprising+Final+DE/TITANS_DE/HEXES_DE/Special_Iron_Capital_Flipside.jpg,True
Hexes,102,DE,Titans,Die Untersee Hauptstadt Rückseite,Name,https://uprising-tts.s3.amazonaws.com/Uprising+Final+DE/TITANS_DE/HEXES_DE/Special_Nethersea_Capital_Flipside.jpg,res://assets/images/Uprising+Final+DE/TITANS_DE/HEXES_DE/Special_Nethersea_Capital_Flipside.jpg,True
Hexes,103,DE,Titans,Die Hauptstadt der Stürme Rückseite,Name,https://uprising-tts.s3.amazonaws.com/Uprising+Final+DE/TITANS_DE/HEXES_DE/Special_Capital_of_Storms_Flipside.jpg,res://assets/images/Uprising+Final+DE/TITANS_DE/HEXES_DE/Special_Capital_of_Storms_Flipside.jpg,True
Hordes,2,EN,Core,Lichqueen,Name,https://uprising-tts.s3.amazonaws.com/Uprising+Final+EN/CORE_BOX_EN/CARDS_EN/BIG_CARDS_EN/HORDES_EN/Horde_Core_03_Lich+Queen.jpg,res://assets/images/Uprising+Final+EN/CORE_BOX_EN/CARDS_EN/BIG_CARDS_EN/HORDES_EN/Horde_Core_03_Lich+Queen.jpg,True
Hordes,3,DE,Core,Die Königin der Untoten,Name,https://uprising-tts.s3.amazonaws.com/Uprising+Final+DE/CORE+BOX_DE/CARDS_DE/BIG_CARDS_DE/HORDES_DE/Horde_Core_03_Lich+Queen.jpg,res://assets/images/Uprising+Final+DE/CORE+BOX_DE/CARDS_DE/BIG_CARDS_DE/HORDES_DE/Horde_Core_03_Lich+Queen.jpg,True
Hordes,4,EN,Arch,King of Plagues,Name,https://uprising-tts.s3.amazonaws.com/Uprising+Final+EN/ARCH-NEMESIS_EN/CARDS_EN/BIG_CARDS_EN/HORDES_EN/Horde_Arch_06_King+of+Plagues.jpg,res://assets/images/Uprising+Final+EN/ARCH-NEMESIS_EN/CARDS_EN/BIG_CARDS_EN/HORDES_EN/Horde_Arch_06_King+of+Plagues.jpg,True
Hordes,5,DE,Arch,Der König der Plagen,Name,https://uprising-tts.s3.amazonaws.com/Uprising+Final+DE/ARCH-NEMESIS_DE/CARDS_DE/BIG_CARDS_DE/HORDES_DE/Horde_Arch_06_King+of+Plagues.jpg,res://assets/images/Uprising+Final+DE/ARCH-NEMESIS_DE/CARDS_DE/BIG_CARDS_DE/HORDES_DE/Horde_Arch_06_King+of+Plagues.jpg,True
Hordes,6,EN,Core,Coven of Yssat,Name,https://uprising-tts.s3.amazonaws.com/Uprising+Final+EN/CORE_BOX_EN/CARDS_EN/BIG_CARDS_EN/HORDES_EN/Horde_Core_09_Coven+of+Yssat.jpg,res://assets/images/Uprising+Final+EN/CORE_BOX_EN/CARDS_EN/BIG_CARDS_EN/HORDES_EN/Horde_Core_09_Coven+of+Yssat.jpg,True
Hordes,7,DE,Core,Der Zirkel von Yssat,Name,https://uprising-tts.s3.amazonaws.com/Uprising+Final+DE/CORE+BOX_DE/CARDS_DE/BIG_CARDS_DE/HORDES_DE/Horde_Core_09_Coven+of+Yssat.jpg,res://assets/images/Uprising+Final+DE/CORE+BOX_DE/CARDS_DE/BIG_CARDS_DE/HORDES_DE/Horde_Core_09_Coven+of+Yssat.jpg,True
Hordes,8,EN,Core,Counter of Omens,Name,https://uprising-tts.s3.amazonaws.com/Uprising+Final+EN/CORE_BOX_EN/CARDS_EN/BIG_CARDS_EN/HORDES_EN/Horde_Core_13_Counter+of+Omens.jpg,res://assets/images/Uprising+Final+EN/CORE_BOX_EN/CARDS_EN/BIG_CARDS_EN/HORDES_EN/Horde_Core_13_Counter+of+Omens.jpg,True
Hordes,9,DE,Core,Der Bote des Untergangs,Name,https://uprising-tts.s3.amazonaws.com/Uprising+Final+DE/CORE+BOX_DE/CARDS_DE/BIG_CARDS_DE/HORDES_DE/Horde_Core_13_Counter+of+Omens.jpg,res://assets/images/Uprising+Final+DE/CORE+BOX_DE/CARDS_DE/BIG_CARDS_DE/HORDES_DE/Horde_Core_13_Counter+of+Omens.jpg,True
Hordes,10,EN,Titans,Shapeshifter,Name,https://uprising-tts.s3.amazonaws.com/Uprising+Final+EN/TITANS_EN/CARDS_EN/BIG_CARDS_EN/HORDES_EN/Horde_Titans_16_The+Shapeshifter.jpg,res://assets/images/Uprising+Final+EN/TITANS_EN/CARDS_EN/BIG_CARDS_EN/HORDES_EN/Horde_Titans_16_The+Shapeshifter.jpg,True
Hordes,11,DE,Titans,Der Formwandler,Name,https://uprising-tts.s3.amazonaws.com/Uprising+Final+DE/TITANS_DE/CARDS_DE/BIG_CARDS_DE/HORDES_DE/Horde_Titans_16_The+Shapeshifter.jpg,res://assets/images/Uprising+Final+DE/TITANS_DE/CARDS_DE/BIG_CARDS_DE/HORDES_DE/Horde_Titans_16_The+Shapeshifter.jpg,True
Hordes,12,EN,Arch,Stormbringer,Name,https://uprising-tts.s3.amazonaws.com/Uprising+Final+EN/ARCH-NEMESIS_EN/CARDS_EN/BIG_CARDS_EN/HORDES_EN/Horde_Arch_17_Stormbringer.jpg,res://assets/images/Uprising+Final+EN/ARCH-NEMESIS_EN/CARDS_EN/BIG_CARDS_EN/HORDES_EN/Horde_Arch_17_Stormbringer.jpg,True
Hordes,13,DE,Arch,Der Sturmbringer,Name,https://uprising-tts.s3.amazonaws.com/Uprising+Final+DE/ARCH-NEMESIS_DE/CARDS_DE/BIG_CARDS_DE/HORDES_DE/Horde_Arch_17_Stormbringer.jpg,res://assets/images/Uprising+Final+DE/ARCH-NEMESIS_DE/CARDS_DE/BIG_CARDS_DE/HORDES_DE/Horde_Arch_17_Stormbringer.jpg,True
Hordes,14,EN,Core,Bloodwyrm,Name,https://uprising-tts.s3.amazonaws.com/Uprising+Final+EN/CORE_BOX_EN/CARDS_EN/BIG_CARDS_EN/HORDES_EN/Horde_Core_21_Bloodwyrm.jpg,res://assets/images/Uprising+Final+EN/CORE_BOX_EN/CARDS_EN/BIG_CARDS_EN/HORDES_EN/Horde_Core_21_Bloodwyrm.jpg,True
Hordes,15,DE,Core,Der Blutwyrm,Name,https://uprising-tts.s3.amazonaws.com/Uprising+Final+DE/CORE+BOX_DE/CARDS_DE/BIG_CARDS_DE/HORDES_DE/Horde_Core_21_Bloodwyrm.jpg,res://assets/images/Uprising+Final+DE/CORE+BOX_DE/CARDS_DE/BIG_CARDS_DE/HORDES_DE/Horde_Core_21_Bloodwyrm.jpg,True
Hordes,16,EN,Core,Siren,Name,https://uprising-tts.s3.amazonaws.com/Uprising+Final+EN/CORE_BOX_EN/CARDS_EN/BIG_CARDS_EN/HORDES_EN/Horde_Core_25_The+Siren.jpg,res://assets/images/Uprising+Final+EN/CORE_BOX_EN/CARDS_EN/BIG_CARDS_EN/HORDES_EN/Horde_Core_25_The+Siren.jpg,True
Hordes,17,DE,Core,Die Sirene,Name,https://uprising-tts.s3.amazonaws.com/Uprising+Final+DE/CORE+BOX_DE/CARDS_DE/BIG_CARDS_DE/HORDES_DE/Horde_Core_25_The+Siren.jpg,res://assets/images/Uprising+Final+DE/CORE+BOX_DE/CARDS_DE/BIG_CARDS_DE/HORDES_DE/Horde_Core_25_The+Siren.jpg,True
Hordes,18,EN,Core,Banished,Name,https://uprising-tts.s3.amazonaws.com/Uprising+Final+EN/CORE_BOX_EN/CARDS_EN/BIG_CARDS_EN/HORDES_EN/Horde_Core_26_The_Banished.jpg,res://assets/images/Uprising+Final+EN/CORE_BOX_EN/CARDS_EN/BIG_CARDS_EN/HORDES_EN/Horde_Core_26_The_Banished.jpg,True
Hordes,19,DE,Core,Der Verbannte,Name,https://uprising-tts.s3.amazonaws.com/Uprising+Final+DE/CORE+BOX_DE/CARDS_DE/BIG_CARDS_DE/HORDES_DE/Horde_Core_26_The_Banished.jpg,res://assets/images/Uprising+Final+DE/CORE+BOX_DE/CARDS_DE/BIG_CARDS_DE/HORDES_DE/Horde_Core_26_The_Banished.jpg,True
Hordes,20,EN,Core,False Messiah,Name,https://uprising-tts.s3.amazonaws.com/Uprising+Final+EN/CORE_BOX_EN/CARDS_EN/BIG_CARDS_EN/HORDES_EN/Horde_Core_28_The+false+Messiah.jpg,res://assets/images/Uprising+Final+EN/CORE_BOX_EN/CARDS_EN/BIG_CARDS_EN/HORDES_EN/Horde_Core_28_The+false+Messiah.jpg,True
Hordes,21,DE,Core,Der Falsche Messias,Name,https://uprising-tts.s3.amazonaws.com/Uprising+Final+DE/CORE+BOX_DE/CARDS_DE/BIG_CARDS_DE/HORDES_DE/Horde_Core_28_The+false+Messiah.jpg,res://assets/images/Uprising+Final+DE/CORE+BOX_DE/CARDS_DE/BIG_CARDS_DE/HORDES_DE/Horde_Core_28_The+false+Messiah.jpg,True
Hordes,22,EN,Core,Oda the Fallen,Name,https://uprising-tts.s3.amazonaws.com/Uprising+Final+EN/CORE_BOX_EN/CARDS_EN/BIG_CARDS_EN/HORDES_EN/Horde_Core_30_Oda+the+Fallen.jpg,res://assets/images/Uprising+Final+EN/CORE_BOX_EN/CARDS_EN/BIG_CARDS_EN/HORDES_EN/Horde_Core_30_Oda+the+Fallen.jpg,True
Hordes,23,DE,Core,Oda der Gefallene,Name,https://uprising-tts.s3.amazonaws.com/Uprising+Final+DE/CORE+BOX_DE/CARDS_DE/BIG_CARDS_DE/HORDES_DE/Horde_Core_30_Oda+the+Fallen.jpg,res://assets/images/Uprising+Final+DE/CORE+BOX_DE/CARDS_DE/BIG_CARDS_DE/HORDES_DE/Horde_Core_30_Oda+the+Fallen.jpg,True
Hordes,24,EN,Titans,The Unsister,Name,https://uprising-tts.s3.amazonaws.com/Uprising+Final+EN/TITANS_EN/CARDS_EN/BIG_CARDS_EN/HORDES_EN/Horde_Titans_27_The+Unsister.jpg,res://assets/images/Uprising+Final+EN/TITANS_EN/CARDS_EN/BIG_CARDS_EN/HORDES_EN/Horde_Titans_27_The+Unsister.jpg,True
Hordes,25,DE,Titans,Die Unschwester,Name,https://uprising-tts.s3.amazonaws.com/Uprising+Final+DE/TITANS_DE/CARDS_DE/BIG_CARDS_DE/HORDES_DE/Horde_Titans_27_The+Unsister.jpg,res://assets/images/Uprising+Final+DE/TITANS_DE/CARDS_DE/BIG_CARDS_DE/HORDES_DE/Horde_Titans_27_The+Unsister.jpg,True
Items,2,DE,Core,Abad Kriegsbemalung,Name,https://uprising-tts.s3.amazonaws.com/Uprising+Final+DE/CORE+BOX_DE/CARDS_DE/SMALL+CARDS_DE/ITEMS_DE/Items_Core_Abad+Warpaint.jpg,res://assets/images/Uprising+Final+DE/CORE+BOX_DE/CARDS_DE/SMALL+CARDS_DE/ITEMS_DE/Items_Core_Abad+Warpaint.jpg,True
Items,3,EN,Core,Abad Warpaint,Name,https://uprising-tts.s3.amazonaws.com/Uprising+Final+EN/CORE_BOX_EN/CARDS_EN/SMALL_CARDS_EN/ITEMS_EN/Items_Core_Abad+Warpaint.jpg,res://assets/images/Uprising+Final+EN/CORE_BOX_EN/CARDS_EN/SMALL_CARDS_EN/ITEMS_EN/Items_Core_Abad+Warpaint.jpg,True
Items,4,EN,Core,Assassins Dagger,Name,https://uprising-tts.s3.amazonaws.com/Uprising+Final+EN/CORE_BOX_EN/CARDS_EN/SMALL_CARDS_EN/ITEMS_EN/Items_Core_Assassins+Dagger.jpg,res://assets/images/Uprising+Final+EN/CORE_BOX_EN/CARDS_EN/SMALL_CARDS_EN/ITEMS_EN/Items_Core_Assassins+Dagger.jpg,True
Items,5,EN,Core,Axe of the Giants,Name,https://uprising-tts.s3.amazonaws.com/Uprising+Final+EN/CORE_BOX_EN/CARDS_EN/SMALL_CARDS_EN/ITEMS_EN/Items_Core_Axe+of+the+Giants.jpg,res://assets/images/Uprising+Final+EN/CORE_BOX_EN/CARDS_EN/SMALL_CARDS_EN/ITEMS_EN/Items_Core_Axe+of+the+Giants.jpg,True
Items,6,DE,Core,Axt der Giganten,Name,https://uprising-tts.s3.amazonaws.com/Uprising+Final+DE/CORE+BOX_DE/CARDS_DE/SMALL+CARDS_DE/ITEMS_DE/Items_Core_Axe+of+the+Giants.jpg,res://assets/images/Uprising+Final+DE/CORE+BOX_DE/CARDS_DE/SMALL+CARDS_DE/ITEMS_DE/Items_Core_Axe+of+the+Giants.jpg,True
Items,7,EN,Titans,Beacon of Hope,Name,https://uprising-tts.s3.amazonaws.com/Uprising+Final+EN/TITANS_EN/CARDS_EN/SMALL_CARDS_EN/ITEMS_EN/Item_Titans_Beacon+of+Hope.jpg,res://assets/images/Uprising+Final+EN/TITANS_EN/CARDS_EN/SMALL_CARDS_EN/ITEMS_EN/Item_Titans_Beacon+of+Hope.jpg,True
Items,8,EN,Core,Blackfire,Name,https://uprising-tts.s3.amazonaws.com/Uprising+Final+EN/CORE_BOX_EN/CARDS_EN/SMALL_CARDS_EN/ITEMS_EN/Items_Core_Black+Fire.jpg,res://assets/images/Uprising+Final+EN/CORE_BOX_EN/CARDS_EN/SMALL_CARDS_EN/ITEMS_EN/Items_Core_Black+Fire.jpg,True
Items,9,EN,Armory,Blackheart,Name,https://uprising-tts.s3.amazonaws.com/Uprising+Final+EN/ARMORY+OF+AZUHL_EN/Item_Armory_Blackheart.jpg,res://assets/images/Uprising+Final+EN/ARMORY+OF+AZUHL_EN/Item_Armory_Blackheart.jpg,True
Items,10,EN,Armory,Blooddagger,Name,https://uprising-tts.s3.amazonaws.com/Uprising+Final+EN/ARMORY+OF+AZUHL_EN/Item_Armory_Blooddagger.jpg,res://assets/images/Uprising+Final+EN/ARMORY+OF+AZUHL_EN/Item_Armory_Blooddagger.jpg,True
Items,11,DE,Armory,Blutdolch,Name,https://uprising-tts.s3.amazonaws.com/Uprising+Final+DE/ARMORY+OF+AZUHL_DE/Item_Armory_Blooddagger.jpg,res://assets/images/Uprising+Final+DE/ARMORY+OF+AZUHL_DE/Item_Armory_Blooddagger.jpg,True
Items,12,DE,Core,Bogen der Eisgeborenen,Name,https://uprising-tts.s3.amazonaws.com/Uprising+Final+DE/CORE+BOX_DE/CARDS_DE/SMALL+CARDS_DE/ITEMS_DE/Items_Core_Bow+of+the+Iceborn.jpg,res://assets/images/Uprising+Final+DE/CORE+BOX_DE/CARDS_DE/SMALL+CARDS_DE/ITEMS_DE/Items_Core_Bow+of+the+Iceborn.jpg,True
Items,13,DE,Core,Bogen des Zwielichts,Name,https://uprising-tts.s3.amazonaws.com/Uprising+Final+DE/CORE+BOX_DE/CARDS_DE/SMALL+CARDS_DE/ITEMS_DE/Items_Core_Twilight+Bow.jpg,res://assets/images/Uprising+Final+DE/CORE+BOX_DE/CARDS_DE/SMALL+CARDS_DE/ITEMS_DE/Items_Core_Twilight+Bow.jpg,True
Items,14,EN,Core,Bottled Demon,Name,https://uprising-tts.s3.amazonaws.com/Uprising+Final+EN/CORE_BOX_EN/CARDS_EN/SMALL_CARDS_EN/ITEMS_EN/Items_Core_Bottled+Demon.jpg,res://assets/images/Uprising+Final+EN/CORE_BOX_EN/CARDS_EN/SMALL_CARDS_EN/ITEMS_EN/Items_Core_Bottled+Demon.jpg,True
Items,15,EN,Core,Bow of the Iceborn,Name,https://uprising-tts.s3.amazonaws.com/Uprising+Final+EN/CORE_BOX_EN/CARDS_EN/SMALL_CARDS_EN/ITEMS_EN/Items_Core_Bow+of+the+Iceborn.jpg,res://assets/images/Uprising+Final+EN/CORE_BOX_EN/CARDS_EN/SMALL_CARDS_EN/ITEMS_EN/Items_Core_Bow+of+the+Iceborn.jpg,True
Items,16,DE,Core,Buddeldämon,Name,https://uprising-tts.s3.amazonaws.com/Uprising+Final+EN/CORE+BOX_DE/CARDS_DE/SMALL+CARDS_DE/ITEMS_DE/Items_Core_Bottled+Demon.jpg,res://assets/images/Uprising+Final+EN/CORE+BOX_DE/CARDS_DE/SMALL+CARDS_DE/ITEMS_DE/Items_Core_Bottled+Demon.jpg,False
Items,17,EN,Core,Censer of Shadows,Name,https://uprising-tts.s3.amazonaws.com/Uprising+Final+EN/CORE_BOX_EN/CARDS_EN/SMALL_CARDS_EN/ITEMS_EN/Items_Core_Censer+of+Shadows.jpg,res://assets/images/Uprising+Final+EN/CORE_BOX_EN/CARDS_EN/SMALL_CARDS_EN/ITEMS_EN/Items_Core_Censer+of+Shadows.jpg,True
Items,18,EN,Core,Cursed Dice,Name,https://uprising-tts.s3.amazonaws.com/Uprising+Final+EN/CORE_BOX_EN/CARDS_EN/SMALL_CARDS_EN/ITEMS_EN/Items_Core_Cursed+Dice.jpg,res://assets/images/Uprising+Final+EN/CORE_BOX_EN/CARDS_EN/SMALL_CARDS_EN/ITEMS_EN/Items_Core_Cursed+Dice.jpg,True
Items,19,DE,Core,Dämmergaards Laterne,Name,https://uprising-tts.s3.amazonaws.com/Uprising+Final+DE/CORE+BOX_DE/CARDS_DE/SMALL+CARDS_DE/ITEMS_DE/Items_Core_Dawngaard+Lantern.jpg,res://assets/images/Uprising+Final+DE/CORE+BOX_DE/CARDS_DE/SMALL+CARDS_DE/ITEMS_DE/Items_Core_Dawngaard+Lantern.jpg,True
Items,20,EN,Core,Darkstrider Boots,Name,https://uprising-tts.s3.amazonaws.com/Uprising+Final+EN/CORE_BOX_EN/CARDS_EN/SMALL_CARDS_EN/ITEMS_EN/Items_Core_Darkstrider+Boots.jpg,res://assets/images/Uprising+Final+EN/CORE_BOX_EN/CARDS_EN/SMALL_CARDS_EN/ITEMS_EN/Items_Core_Darkstrider+Boots.jpg,True
Items,21,EN,Core,Dawngaard Lantern,Name,https://uprising-tts.s3.amazonaws.com/Uprising+Final+EN/CORE_BOX_EN/CARDS_EN/SMALL_CARDS_EN/ITEMS_EN/Items_Core_Dawngaard+Lantern.jpg,res://assets/images/Uprising+Final+EN/CORE_BOX_EN/CARDS_EN/SMALL_CARDS_EN/ITEMS_EN/Items_Core_Dawngaard+Lantern.jpg,True
Items,22,EN,Armory,Deepling Glowshroom,Name,https://uprising-tts.s3.amazonaws.com/Uprising+Final+EN/ARMORY+OF+AZUHL_EN/Item_Armory_Deepling+Glowshroom.jpg,res://assets/images/Uprising+Final+EN/ARMORY+OF+AZUHL_EN/Item_Armory_Deepling+Glowshroom.jpg,True
Items,23,DE,Core,Der Erste Götze,Name,https://uprising-tts.s3.amazonaws.com/Uprising+Final+DE/CORE+BOX_DE/CARDS_DE/SMALL+CARDS_DE/ITEMS_DE/Items_Core_First+Idol.jpg,res://assets/images/Uprising+Final+DE/CORE+BOX_DE/CARDS_DE/SMALL+CARDS_DE/ITEMS_DE/Items_Core_First+Idol.jpg,True
Items,24,DE,Armory,Der Geist von Vyoth,Name,https://uprising-tts.s3.amazonaws.com/Uprising+Final+DE/ARMORY+OF+AZUHL_DE/Item_Armory_Ghost+of+Vyoth.jpg,res://assets/images/Uprising+Final+DE/ARMORY+OF+AZUHL_DE/Item_Armory_Ghost+of+Vyoth.jpg,True
Items,25,DE,Core,Dolch des Assassinen,Name,https://uprising-tts.s3.amazonaws.com/Uprising+Final+DE/CORE+BOX_DE/CARDS_DE/SMALL+CARDS_DE/ITEMS_DE/Items_Core_Assassins+Dagger.jpg,res://assets/images/Uprising+Final+DE/CORE+BOX_DE/CARDS_DE/SMALL+CARDS_DE/ITEMS_DE/Items_Core_Assassins+Dagger.jpg,True
Items,26,DE,Core,Dornenpeitsche,Name,https://uprising-tts.s3.amazonaws.com/Uprising+Final+DE/CORE+BOX_DE/CARDS_DE/SMALL+CARDS_DE/ITEMS_DE/Items_Core_Whip+of+Thorns.jpg,res://assets/images/Uprising+Final+DE/CORE+BOX_DE/CARDS_DE/SMALL+CARDS_DE/ITEMS_DE/Items_Core_Whip+of+Thorns.jpg,True
Items,27,DE,Core,Drachenfrüchte,Name,https://uprising-tts.s3.amazonaws.com/Uprising+Final+DE/CORE+BOX_DE/CARDS_DE/SMALL+CARDS_DE/ITEMS_DE/Items_Core_Dragonfruits.jpg,res://assets/images/Uprising+Final+DE/CORE+BOX_DE/CARDS_DE/SMALL+CARDS_DE/ITEMS_DE/Items_Core_Dragonfruits.jpg,True
Items,28,EN,Core,Dragonfruits,Name,https://uprising-tts.s3.amazonaws.com/Uprising+Final+EN/CORE_BOX_EN/CARDS_EN/SMALL_CARDS_EN/ITEMS_EN/Items_Core_Dragonfruits.jpg,res://assets/images/Uprising+Final+EN/CORE_BOX_EN/CARDS_EN/SMALL_CARDS_EN/ITEMS_EN/Items_Core_Dragonfruits.jpg,True
Items,29,EN,Core,Drakh Architect,Name,https://uprising-tts.s3.amazonaws.com/Uprising+Final+EN/CORE_BOX_EN/CARDS_EN/SMALL_CARDS_EN/ITEMS_EN/Items_Core_Drakh+Architect.jpg,res://assets/images/Uprising+Final+EN/CORE_BOX_EN/CARDS_EN/SMALL_CARDS_EN/ITEMS_EN/Items_Core_Drakh+Architect.jpg,True
Items,30,DE,Core,Drakh Architekt,Name,https://uprising-tts.s3.amazonaws.com/Uprising+Final+DE/CORE+BOX_DE/CARDS_DE/SMALL+CARDS_DE/ITEMS_DE/Items_Core_Drakh+Architect.jpg,res://assets/images/Uprising+Final+DE/CORE+BOX_DE/CARDS_DE/SMALL+CARDS_DE/ITEMS_DE/Items_Core_Drakh+Architect.jpg,True
Items,31,EN,Armory,Drakhforge Shield,Name,https://uprising-tts.s3.amazonaws.com/Uprising+Final+EN/ARMORY+OF+AZUHL_EN/Item_Armory_Drakhforge+Shield.jpg,res://assets/images/Uprising+Final+EN/ARMORY+OF+AZUHL_EN/Item_Armory_Drakhforge+Shield.jpg,True
Items,32,EN,Armory,Drakhtower Ruins,Name,https://uprising-tts.s3.amazonaws.com/Uprising+Final+EN/ARMORY+OF+AZUHL_EN/Item_Armory_Drakhtower+Ruins.jpg,res://assets/images/Uprising+Final+EN/ARMORY+OF+AZUHL_EN/Item_Armory_Drakhtower+Ruins.jpg,True
Items,33,DE,Armory,Drakoeanischer Kriegshelm,Name,https://uprising-tts.s3.amazonaws.com/Uprising+Final+DE/ARMORY+OF+AZUHL_DE/Item_Armory_Drakorean+Warhelm.jpg,res://assets/images/Uprising+Final+DE/ARMORY+OF+AZUHL_DE/Item_Armory_Drakorean+Warhelm.jpg,True
Items,34,EN,Armory,Drakorean Warhelm,Name,https://uprising-tts.s3.amazonaws.com/Uprising+Final+EN/ARMORY+OF+AZUHL_EN/Item_Armory_Drakorean+Warhelm.jpg,res://assets/images/Uprising+Final+EN/ARMORY+OF+AZUHL_EN/Item_Armory_Drakorean+Warhelm.jpg,True
Items,35,EN,Core,Druid's Ale,Name,https://uprising-tts.s3.amazonaws.com/Uprising+Final+EN/CORE_BOX_EN/CARDS_EN/SMALL_CARDS_EN/ITEMS_EN/Items_Core_Druids+Ale.jpg,res://assets/images/Uprising+Final+EN/CORE_BOX_EN/CARDS_EN/SMALL_CARDS_EN/ITEMS_EN/Items_Core_Druids+Ale.jpg,True
Items,36,EN,Core,Drums of Terror,Name,https://uprising-tts.s3.amazonaws.com/Uprising+Final+EN/CORE_BOX_EN/CARDS_EN/SMALL_CARDS_EN/ITEMS_EN/Items_Core_Drums+of+Terror.jpg,res://assets/images/Uprising+Final+EN/CORE_BOX_EN/CARDS_EN/SMALL_CARDS_EN/ITEMS_EN/Items_Core_Drums+of+Terror.jpg,True
Items,37,DE,Core,Druwhn Hexer,Name,https://uprising-tts.s3.amazonaws.com/Uprising+Final+DE/CORE+BOX_DE/CARDS_DE/SMALL+CARDS_DE/ITEMS_DE/Items_Core_Druwhn+Witcher.jpg,res://assets/images/Uprising+Final+DE/CORE+BOX_DE/CARDS_DE/SMALL+CARDS_DE/ITEMS_DE/Items_Core_Druwhn+Witcher.jpg,True
Items,38,EN,Core,Druwhn Witcher,Name,https://uprising-tts.s3.amazonaws.com/Uprising+Final+EN/CORE_BOX_EN/CARDS_EN/SMALL_CARDS_EN/ITEMS_EN/Items_Core_Druwhn+Witcher.jpg,res://assets/images/Uprising+Final+EN/CORE_BOX_EN/CARDS_EN/SMALL_CARDS_EN/ITEMS_EN/Items_Core_Druwhn+Witcher.jpg,True
Items,39,DE,Armory,Dunkelherz,Name,https://uprising-tts.s3.amazonaws.com/Uprising+Final+DE/ARMORY+OF+AZUHL_DE/Item_Armory_Blackheart.jpg,res://assets/images/Uprising+Final+DE/ARMORY+OF+AZUHL_DE/Item_Armory_Blackheart.jpg,True
Items,40,DE,Core,Dunkelschreiters Stiefel,Name,https://uprising-tts.s3.amazonaws.com/Uprising+Final+DE/CORE+BOX_DE/CARDS_DE/SMALL+CARDS_DE/ITEMS_DE/Items_Core_Darkstrider+Boots.jpg,res://assets/images/Uprising+Final+DE/CORE+BOX_DE/CARDS_DE/SMALL+CARDS_DE/ITEMS_DE/Items_Core_Darkstrider+Boots.jpg,True
Items,41,DE,Core,Eiswasserpfeife,Name,https://uprising-tts.s3.amazonaws.com/Uprising+Final+DE/CORE+BOX_DE/CARDS_DE/SMALL+CARDS_DE/ITEMS_DE/Items_Core_Icewaterpipe.jpg,res://assets/images/Uprising+Final+DE/CORE+BOX_DE/CARDS_DE/SMALL+CARDS_DE/ITEMS_DE/Items_Core_Icewaterpipe.jpg,True
Items,42,DE,Core,Gebräu der Druiden,Name,https://uprising-tts.s3.amazonaws.com/Uprising+Final+DE/CORE+BOX_DE/CARDS_DE/SMALL+CARDS_DE/ITEMS_DE/Items_Core_Druids+Ale.jpg,res://assets/images/Uprising+Final+DE/CORE+BOX_DE/CARDS_DE/SMALL+CARDS_DE/ITEMS_DE/Items_Core_Druids+Ale.jpg,True
Items,43,DE,Armory,Geisterstein,Name,https://uprising-tts.s3.amazonaws.com/Uprising+Final+DE/ARMORY+OF+AZUHL_DE/Item_Armory_Ghoststone.jpg,res://assets/images/Uprising+Final+DE/ARMORY+OF+AZUHL_DE/Item_Armory_Ghoststone.jpg,True
Items,44,EN,Armory,Ghost of Vyoth,Name,https://uprising-tts.s3.amazonaws.com/Uprising+Final+EN/ARMORY+OF+AZUHL_EN/Item_Armory_Ghost+of+Vyoth.jpg,res://assets/images/Uprising+Final+EN/ARMORY+OF+AZUHL_EN/Item_Armory_Ghost+of+Vyoth.jpg,True
Items,45,EN,Armory,Ghoststone,Name,https://uprising-tts.s3.amazonaws.com/Uprising+Final+EN/ARMORY+OF+AZUHL_EN/Item_Armory_Ghoststone.jpg,res://assets/images/Uprising+Final+EN/ARMORY+OF+AZUHL_EN/Item_Armory_Ghoststone.jpg,True
Items,46,DE,Armory,Glühpilz der Tieflinge,Name,https://uprising-tts.s3.amazonaws.com/Uprising+Final+DE/ARMORY+OF+AZUHL_DE/Item_Armory_Deepling+Glowshroom.jpg,res://assets/images/Uprising+Final+DE/ARMORY+OF+AZUHL_DE/Item_Armory_Deepling+Glowshroom.jpg,True
Items,47,DE,Armory,Handelsguilde von Norngaard,Name,https://uprising-tts.s3.amazonaws.com/Uprising+Final+DE/ARMORY+OF+AZUHL_DE/Item_Armory_Tradersguild+of+Norngaard.jpg,res://assets/images/Uprising+Final+DE/ARMORY+OF+AZUHL_DE/Item_Armory_Tradersguild+of+Norngaard.jpg,True
Items,48,DE,Core,Harpune des Leviathan,Name,https://uprising-tts.s3.amazonaws.com/Uprising+Final+DE/CORE+BOX_DE/CARDS_DE/SMALL+CARDS_DE/ITEMS_DE/Items_Core_Leviathans+Harpoon.jpg,res://assets/images/Uprising+Final+DE/CORE+BOX_DE/CARDS_DE/SMALL+CARDS_DE/ITEMS_DE/Items_Core_Leviathans+Harpoon.jpg,True
Items,49,EN,Core,Healing Potion,Name,https://uprising-tts.s3.amazonaws.com/Uprising+Final+EN/CORE_BOX_EN/CARDS_EN/SMALL_CARDS_EN/ITEMS_EN/Items_Core_Healing+Potion.jpg,res://assets/images/Uprising+Final+EN/CORE_BOX_EN/CARDS_EN/SMALL_CARDS_EN/ITEMS_EN/Items_Core_Healing+Potion.jpg,True
Items,50,DE,Armory,Heiligtümer,Name,https://uprising-tts.s3.amazonaws.com/Uprising+Final+DE/ARMORY+OF+AZUHL_DE/Item_Armory_Sanctuaries.jpg,res://assets/images/Uprising+Final+DE/ARMORY+OF+AZUHL_DE/Item_Armory_Sanctuaries.jpg,True
Items,51,DE,Core,Heiltrank,Name,https://uprising-tts.s3.amazonaws.com/Uprising+Final+DE/CORE+BOX_DE/CARDS_DE/SMALL+CARDS_DE/ITEMS_DE/Items_Core_Healing+Potion.jpg,res://assets/images/Uprising+Final+DE/CORE+BOX_DE/CARDS_DE/SMALL+CARDS_DE/ITEMS_DE/Items_Core_Healing+Potion.jpg,True
Items,52,EN,Armory,Hidden Village,Name,https://uprising-tts.s3.amazonaws.com/Uprising+Final+EN/ARMORY+OF+AZUHL_EN/Item_Armory_Hidden+Village.jpg,res://assets/images/Uprising+Final+EN/ARMORY+OF+AZUHL_EN/Item_Armory_Hidden+Village.jpg,True
Items,53,DE,Core,Horn der Bruderschaft,Name,https://uprising-tts.s3.amazonaws.com/Uprising+Final+DE/CORE+BOX_DE/CARDS_DE/SMALL+CARDS_DE/ITEMS_DE/Items_Core_Horn+of+Brotherhood.jpg,res://assets/images/Uprising+Final+DE/CORE+BOX_DE/CARDS_DE/SMALL+CARDS_DE/ITEMS_DE/Items_Core_Horn+of+Brotherhood.jpg,True
Items,54,DE,Core,Horn des Yor,Name,https://uprising-tts.s3.amazonaws.com/Uprising+Final+DE/CORE+BOX_DE/CARDS_DE/SMALL+CARDS_DE/ITEMS_DE/Items_Core_Horn+of+Yor.jpg,res://assets/images/Uprising+Final+DE/CORE+BOX_DE/CARDS_DE/SMALL+CARDS_DE/ITEMS_DE/Items_Core_Horn+of+Yor.jpg,True
Items,55,EN,Core,Horn of Brotherhood,Name,https://uprising-tts.s3.amazonaws.com/Uprising+Final+EN/CORE_BOX_EN/CARDS_EN/SMALL_CARDS_EN/ITEMS_EN/Items_Core_Horn+of+Brotherhood.jpg,res://assets/images/Uprising+Final+EN/CORE_BOX_EN/CARDS_EN/SMALL_CARDS_EN/ITEMS_EN/Items_Core_Horn+of+Brotherhood.jpg,True
Items,56,EN,Core,Horn of Yor,Name,https://uprising-tts.s3.amazonaws.com/Uprising+Final+EN/CORE_BOX_EN/CARDS_EN/SMALL_CARDS_EN/ITEMS_EN/Items_Core_Horn+of+Yor.jpg,res://assets/images/Uprising+Final+EN/CORE_BOX_EN/CARDS_EN/SMALL_CARDS_EN/ITEMS_EN/Items_Core_Horn+of+Yor.jpg,True
Items,57,EN,Core,Icewaterpipe,Name,https://uprising-tts.s3.amazonaws.com/Uprising+Final+EN/CORE_BOX_EN/CARDS_EN/SMALL_CARDS_EN/ITEMS_EN/Items_Core_Icewaterpipe.jpg,res://assets/images/Uprising+Final+EN/CORE_BOX_EN/CARDS_EN/SMALL_CARDS_EN/ITEMS_EN/Items_Core_Icewaterpipe.jpg,True
Items,58,EN,Armory,Imperial Armory,Name,https://uprising-tts.s3.amazonaws.com/Uprising+Final+EN/ARMORY+OF+AZUHL_EN/Item_Armory_Imperial+Armory.jpg,res://assets/images/Uprising+Final+EN/ARMORY+OF+AZUHL_EN/Item_Armory_Imperial+Armory.jpg,True
Items,59,EN,Core,Imperial Defectors,Name,https://uprising-tts.s3.amazonaws.com/Uprising+Final+EN/CORE_BOX_EN/CARDS_EN/SMALL_CARDS_EN/ITEMS_EN/Items_Core_Imperial+Defectors.jpg,res://assets/images/Uprising+Final+EN/CORE_BOX_EN/CARDS_EN/SMALL_CARDS_EN/ITEMS_EN/Items_Core_Imperial+Defectors.jpg,True
Items,60,DE,Core,Imperiale Überläufer,Name,https://uprising-tts.s3.amazonaws.com/Uprising+Final+DE/CORE+BOX_DE/CARDS_DE/SMALL+CARDS_DE/ITEMS_DE/Items_Core_Imperial+Defectors.jpg,res://assets/images/Uprising+Final+DE/CORE+BOX_DE/CARDS_DE/SMALL+CARDS_DE/ITEMS_DE/Items_Core_Imperial+Defectors.jpg,True
Items,61,DE,Armory,Imperiale Waffenkammer,Name,https://uprising-tts.s3.amazonaws.com/Uprising+Final+DE/ARMORY+OF+AZUHL_DE/Item_Armory_Imperial+Armory.jpg,res://assets/images/Uprising+Final+DE/ARMORY+OF+AZUHL_DE/Item_Armory_Imperial+Armory.jpg,True
Items,62,DE,Armory,Jitaka,Name,https://uprising-tts.s3.amazonaws.com/Uprising+Final+DE/ARMORY+OF+AZUHL_DE/Item_Armory_Jikata.jpg,res://assets/images/Uprising+Final+DE/ARMORY+OF+AZUHL_DE/Item_Armory_Jikata.jpg,True
Items,63,EN,Armory,Jitaka,Name,https://uprising-tts.s3.amazonaws.com/Uprising+Final+EN/ARMORY+OF+AZUHL_EN/Item_Armory_Jikata.jpg,res://assets/images/Uprising+Final+EN/ARMORY+OF+AZUHL_EN/Item_Armory_Jikata.jpg,True
Items,64,EN,Core,Leeching Orb,Name,https://uprising-tts.s3.amazonaws.com/Uprising+Final+EN/CORE_BOX_EN/CARDS_EN/SMALL_CARDS_EN/ITEMS_EN/Items_Core_Leeching+Orb.jpg,res://assets/images/Uprising+Final+EN/CORE_BOX_EN/CARDS_EN/SMALL_CARDS_EN/ITEMS_EN/Items_Core_Leeching+Orb.jpg,True
Items,65,DE,Titans,Leuchtfeuer der Hoffnung,Name,https://uprising-tts.s3.amazonaws.com/Uprising+Final+DE/TITANS_DE/CARDS_DE/SMALL_CARDS_DE/ITEMS_DE/Item_Titans_Beacon+of+Hope.jpg,res://assets/images/Uprising+Final+DE/TITANS_DE/CARDS_DE/SMALL_CARDS_DE/ITEMS_DE/Item_Titans_Beacon+of+Hope.jpg,True
Items,66,EN,Core,Leviathans Harpoon,Name,https://uprising-tts.s3.amazonaws.com/Uprising+Final+EN/CORE_BOX_EN/CARDS_EN/SMALL_CARDS_EN/ITEMS_EN/Items_Core_Leviathans+Harpoon.jpg,res://assets/images/Uprising+Final+EN/CORE_BOX_EN/CARDS_EN/SMALL_CARDS_EN/ITEMS_EN/Items_Core_Leviathans+Harpoon.jpg,True
Items,67,EN,Armory,Mask of Aezher,Name,https://uprising-tts.s3.amazonaws.com/Uprising+Final+EN/ARMORY+OF+AZUHL_EN/Item_Armory_Mask+of+Aezher.jpg,res://assets/images/Uprising+Final+EN/ARMORY+OF+AZUHL_EN/Item_Armory_Mask+of+Aezher.jpg,True
Items,68,EN,Core,Mask of Jein,Name,https://uprising-tts.s3.amazonaws.com/Uprising+Final+EN/CORE_BOX_EN/CARDS_EN/SMALL_CARDS_EN/ITEMS_EN/Items_Core_Mask+of+Jein.jpg,res://assets/images/Uprising+Final+EN/CORE_BOX_EN/CARDS_EN/SMALL_CARDS_EN/ITEMS_EN/Items_Core_Mask+of+Jein.jpg,True
Items,69,DE,Core,Maske des Jein,Name,https://uprising-tts.s3.amazonaws.com/Uprising+Final+DE/CORE+BOX_DE/CARDS_DE/SMALL+CARDS_DE/ITEMS_DE/Items_Core_Mask+of+Jein.jpg,res://assets/images/Uprising+Final+DE/CORE+BOX_DE/CARDS_DE/SMALL+CARDS_DE/ITEMS_DE/Items_Core_Mask+of+Jein.jpg,True
Items,70,DE,Armory,Maske von Aezher,Name,https://uprising-tts.s3.amazonaws.com/Uprising+Final+DE/ARMORY+OF+AZUHL_DE/Item_Armory_Mask+of+Aezher.jpg,res://assets/images/Uprising+Final+DE/ARMORY+OF+AZUHL_DE/Item_Armory_Mask+of+Aezher.jpg,True
Items,71,DE,Core,Mohyar Pirat,Name,https://uprising-tts.s3.amazonaws.com/Uprising+Final+DE/CORE+BOX_DE/CARDS_DE/SMALL+CARDS_DE/ITEMS_DE/Items_Core_Mohyar+Pirate.jpg,res://assets/images/Uprising+Final+DE/CORE+BOX_DE/CARDS_DE/SMALL+CARDS_DE/ITEMS_DE/Items_Core_Mohyar+Pirate.jpg,True
Items,72,EN,Core,Mohyar Pirate,Name,https://uprising-tts.s3.amazonaws.com/Uprising+Final+EN/CORE_BOX_EN/CARDS_EN/SMALL_CARDS_EN/ITEMS_EN/Items_Core_Mohyar+Pirate.jpg,res://assets/images/Uprising+Final+EN/CORE_BOX_EN/CARDS_EN/SMALL_CARDS_EN/ITEMS_EN/Items_Core_Mohyar+Pirate.jpg,True
Items,73,DE,Armory,Mondstab,Name,https://uprising-tts.s3.amazonaws.com/Uprising+Final+DE/ARMORY+OF+AZUHL_DE/Item_Armory_Moonstaff.jpg,res://assets/images/Uprising+Final+DE/ARMORY+OF+AZUHL_DE/Item_Armory_Moonstaff.jpg,True
Items,74,EN,Armory,Moonstaff,Name,https://uprising-tts.s3.amazonaws.com/Uprising+Final+EN/ARMORY+OF+AZUHL_EN/Item_Armory_Moonstaff.jpg,res://assets/images/Uprising+Final+EN/ARMORY+OF+AZUHL_EN/Item_Armory_Moonstaff.jpg,True
Items,75,DE,Titans,Nachtstein,Name,https://uprising-tts.s3.amazonaws.com/Uprising+Final+DE/TITANS_DE/CARDS_DE/SMALL_CARDS_DE/ITEMS_DE/Item_Titans_Nightstone.jpg,res://assets/images/Uprising+Final+DE/TITANS_DE/CARDS_DE/SMALL_CARDS_DE/ITEMS_DE/Item_Titans_Nightstone.jpg,True
Items,76,EN,Core,Nethersea Compass,Name,https://uprising-tts.s3.amazonaws.com/Uprising+Final+EN/CORE_BOX_EN/CARDS_EN/SMALL_CARDS_EN/ITEMS_EN/Items_Core_Nethersea+Compass.jpg,res://assets/images/Uprising+Final+EN/CORE_BOX_EN/CARDS_EN/SMALL_CARDS_EN/ITEMS_EN/Items_Core_Nethersea+Compass.jpg,True
Items,77,EN,Core,Nethersea Map,Name,https://uprising-tts.s3.amazonaws.com/Uprising+Final+EN/CORE_BOX_EN/CARDS_EN/SMALL_CARDS_EN/ITEMS_EN/Items_Core_Nethersea+Map.jpg,res://assets/images/Uprising+Final+EN/CORE_BOX_EN/CARDS_EN/SMALL_CARDS_EN/ITEMS_EN/Items_Core_Nethersea+Map.jpg,True
Items,78,EN,Titans,Nightstone,Name,https://uprising-tts.s3.amazonaws.com/Uprising+Final+EN/TITANS_EN/CARDS_EN/SMALL_CARDS_EN/ITEMS_EN/Item_Titans_Nightstone.jpg,res://assets/images/Uprising+Final+EN/TITANS_EN/CARDS_EN/SMALL_CARDS_EN/ITEMS_EN/Item_Titans_Nightstone.jpg,True
Items,79,EN,Armory,Nobu's Mask,Name,https://uprising-tts.s3.amazonaws.com/Uprising+Final+EN/ARMORY+OF+AZUHL_EN/Item_Armory_Mask+of+Ne'h.jpg,res://assets/images/Uprising+Final+EN/ARMORY+OF+AZUHL_EN/Item_Armory_Mask+of+Ne'h.jpg,True
Items,80,DE,Armory,Nobus Maske,Name,https://uprising-tts.s3.amazonaws.com/Uprising+Final+DE/ARMORY+OF+AZUHL_DE/Item_Armory_Mask+of+Ne'h.jpg,res://assets/images/Uprising+Final+DE/ARMORY+OF+AZUHL_DE/Item_Armory_Mask+of+Ne'h.jpg,True
Items,81,EN,Core,Orb of Storms,Name,https://uprising-tts.s3.amazonaws.com/Uprising+Final+EN/CORE_BOX_EN/CARDS_EN/SMALL_CARDS_EN/ITEMS_EN/Items_Core_Orb+of+Storms.jpg,res://assets/images/Uprising+Final+EN/CORE_BOX_EN/CARDS_EN/SMALL_CARDS_EN/ITEMS_EN/Items_Core_Orb+of+Storms.jpg,True
Items,82,EN,Core,Ptetee,Name,https://uprising-tts.s3.amazonaws.com/Uprising+Final+EN/CORE_BOX_EN/CARDS_EN/SMALL_CARDS_EN/ITEMS_EN/Items_Core_Ptetee.jpg,res://assets/images/Uprising+Final+EN/CORE_BOX_EN/CARDS_EN/SMALL_CARDS_EN/ITEMS_EN/Items_Core_Ptetee.jpg,True
Items,83,DE,Core,Ptetee,Name,https://uprising-tts.s3.amazonaws.com/Uprising+Final+DE/CORE+BOX_DE/CARDS_DE/SMALL+CARDS_DE/ITEMS_DE/Items_Core_Ptetee.jpg,res://assets/images/Uprising+Final+DE/CORE+BOX_DE/CARDS_DE/SMALL+CARDS_DE/ITEMS_DE/Items_Core_Ptetee.jpg,True
Items,84,DE,Armory,Ruinen der Drakh,Name,https://uprising-tts.s3.amazonaws.com/Uprising+Final+DE/ARMORY+OF+AZUHL_DE/Item_Armory_Drakhtower+Ruins.jpg,res://assets/images/Uprising+Final+DE/ARMORY+OF+AZUHL_DE/Item_Armory_Drakhtower+Ruins.jpg,True
Items,85,DE,Armory,Runenkette,Name,https://uprising-tts.s3.amazonaws.com/Uprising+Final+DE/ARMORY+OF+AZUHL_DE/Item_Armory_Runestrings.jpg,res://assets/images/Uprising+Final+DE/ARMORY+OF+AZUHL_DE/Item_Armory_Runestrings.jpg,True
Items,86,DE,Core,Runensteine,Name,https://uprising-tts.s3.amazonaws.com/Uprising+Final+DE/CORE+BOX_DE/CARDS_DE/SMALL+CARDS_DE/ITEMS_DE/Items_Core_Runestones.jpg,res://assets/images/Uprising+Final+DE/CORE+BOX_DE/CARDS_DE/SMALL+CARDS_DE/ITEMS_DE/Items_Core_Runestones.jpg,True
Items,87,EN,Core,Runestones,Name,https://uprising-tts.s3.amazonaws.com/Uprising+Final+EN/CORE_BOX_EN/CARDS_EN/SMALL_CARDS_EN/ITEMS_EN/Items_Core_Runestones.jpg,res://assets/images/Uprising+Final+EN/CORE_BOX_EN/CARDS_EN/SMALL_CARDS_EN/ITEMS_EN/Items_Core_Runestones.jpg,True
Items,88,EN,Armory,Runestrings,Name,https://uprising-tts.s3.amazonaws.com/Uprising+Final+EN/ARMORY+OF+AZUHL_EN/Item_Armory_Runestrings.jpg,res://assets/images/Uprising+Final+EN/ARMORY+OF+AZUHL_EN/Item_Armory_Runestrings.jpg,True
Items,89,EN,Armory,Sanctuaries,Name,https://uprising-tts.s3.amazonaws.com/Uprising+Final+EN/ARMORY+OF+AZUHL_EN/Item_Armory_Sanctuaries.jpg,res://assets/images/Uprising+Final+EN/ARMORY+OF+AZUHL_EN/Item_Armory_Sanctuaries.jpg,True
Items,90,DE,Armory,Schattenwall,Name,https://uprising-tts.s3.amazonaws.com/Uprising+Final+DE/ARMORY+OF+AZUHL_DE/Item_Armory_Wall+of+Shadows.jpg,res://assets/images/Uprising+Final+DE/ARMORY+OF+AZUHL_DE/Item_Armory_Wall+of+Shadows.jpg,True
Items,91,DE,Armory,Schild der Drakh,Name,https://uprising-tts.s3.amazonaws.com/Uprising+Final+DE/ARMORY+OF+AZUHL_DE/Item_Armory_Drakhforge+Shield.jpg,res://assets/images/Uprising+Final+DE/ARMORY+OF+AZUHL_DE/Item_Armory_Drakhforge+Shield.jpg,True
Items,92,DE,Core,Schwarzfeuer,Name,https://uprising-tts.s3.amazonaws.com/Uprising+Final+DE/CORE+BOX_DE/CARDS_DE/SMALL+CARDS_DE/ITEMS_DE/Items_Core_Black+Fire.jpg,res://assets/images/Uprising+Final+DE/CORE+BOX_DE/CARDS_DE/SMALL+CARDS_DE/ITEMS_DE/Items_Core_Black+Fire.jpg,True
Items,93,EN,Armory,Scout Network,Name,https://uprising-tts.s3.amazonaws.com/Uprising+Final+EN/ARMORY+OF+AZUHL_EN/Item_Armory_Scout+Network.jpg,res://assets/images/Uprising+Final+EN/ARMORY+OF+AZUHL_EN/Item_Armory_Scout+Network.jpg,True
Items,94,EN,Armory,Screamer,Name,https://uprising-tts.s3.amazonaws.com/Uprising+Final+EN/ARMORY+OF+AZUHL_EN/Item_Armory_Screamer.jpg,res://assets/images/Uprising+Final+EN/ARMORY+OF+AZUHL_EN/Item_Armory_Screamer.jpg,True
Items,95,DE,Armory,Sklavenkuss,Name,https://uprising-tts.s3.amazonaws.com/Uprising+Final+DE/ARMORY+OF+AZUHL_DE/Item_Armory_Slavers+Kiss.jpg,res://assets/images/Uprising+Final+DE/ARMORY+OF+AZUHL_DE/Item_Armory_Slavers+Kiss.jpg,True
Items,96,EN,Armory,Slaver's Kiss,Name,https://uprising-tts.s3.amazonaws.com/Uprising+Final+EN/ARMORY+OF+AZUHL_EN/Item_Armory_Slavers+Kiss.jpg,res://assets/images/Uprising+Final+EN/ARMORY+OF+AZUHL_EN/Item_Armory_Slavers+Kiss.jpg,True
Items,97,DE,Armory,Sonnenstab,Name,https://uprising-tts.s3.amazonaws.com/Uprising+Final+DE/ARMORY+OF+AZUHL_DE/Item_Armory_Sunstaff.jpg,res://assets/images/Uprising+Final+DE/ARMORY+OF+AZUHL_DE/Item_Armory_Sunstaff.jpg,True
Items,98,DE,Armory,Spähernetzwerk,Name,https://uprising-tts.s3.amazonaws.com/Uprising+Final+DE/ARMORY+OF+AZUHL_DE/Item_Armory_Scout+Network.jpg,res://assets/images/Uprising+Final+DE/ARMORY+OF+AZUHL_DE/Item_Armory_Scout+Network.jpg,True
Items,99,DE,Core,Speckschneider,Name,https://uprising-tts.s3.amazonaws.com/Uprising+Final+DE/CORE+BOX_DE/CARDS_DE/SMALL+CARDS_DE/ITEMS_DE/Items_Core_The+Flenser.jpg,res://assets/images/Uprising+Final+DE/CORE+BOX_DE/CARDS_DE/SMALL+CARDS_DE/ITEMS_DE/Items_Core_The+Flenser.jpg,True
Items,100,DE,Core,Sphäre der Stürme,Name,https://uprising-tts.s3.amazonaws.com/Uprising+Final+DE/CORE+BOX_DE/CARDS_DE/SMALL+CARDS_DE/ITEMS_DE/Items_Core_Orb+of+Storms.jpg,res://assets/images/Uprising+Final+DE/CORE+BOX_DE/CARDS_DE/SMALL+CARDS_DE/ITEMS_DE/Items_Core_Orb+of+Storms.jpg,True
Items,101,EN,Core,Spikeshell,Name,https://uprising-tts.s3.amazonaws.com/Uprising+Final+EN/CORE_BOX_EN/CARDS_EN/SMALL_CARDS_EN/ITEMS_EN/Items_Core_Spikeshell.jpg,res://assets/images/Uprising+Final+EN/CORE_BOX_EN/CARDS_EN/SMALL_CARDS_EN/ITEMS_EN/Items_Core_Spikeshell.jpg,True
Items,102,DE,Core,Stachel,Name,https://uprising-tts.s3.amazonaws.com/Uprising+Final+DE/CORE+BOX_DE/CARDS_DE/SMALL+CARDS_DE/ITEMS_DE/Items_Core_Spikeshell.jpg,res://assets/images/Uprising+Final+DE/CORE+BOX_DE/CARDS_DE/SMALL+CARDS_DE/ITEMS_DE/Items_Core_Spikeshell.jpg,True
Items,103,EN,Armory,Sunstaff,Name,https://uprising-tts.s3.amazonaws.com/Uprising+Final+EN/ARMORY+OF+AZUHL_EN/Item_Armory_Sunstaff.jpg,res://assets/images/Uprising+Final+EN/ARMORY+OF+AZUHL_EN/Item_Armory_Sunstaff.jpg,True
Items,104,EN,Core,Survivors,Name,https://uprising-tts.s3.amazonaws.com/Uprising+Final+EN/CORE_BOX_EN/CARDS_EN/SMALL_CARDS_EN/ITEMS_EN/Items_Core_Survivors.jpg,res://assets/images/Uprising+Final+EN/CORE_BOX_EN/CARDS_EN/SMALL_CARDS_EN/ITEMS_EN/Items_Core_Survivors.jpg,True
Items,105,EN,Core,The First Idol,Name,https://uprising-tts.s3.amazonaws.com/Uprising+Final+EN/CORE_BOX_EN/CARDS_EN/SMALL_CARDS_EN/ITEMS_EN/Items_Core_First+Idol.jpg,res://assets/images/Uprising+Final+EN/CORE_BOX_EN/CARDS_EN/SMALL_CARDS_EN/ITEMS_EN/Items_Core_First+Idol.jpg,True
Items,106,EN,Core,The Flenser,Name,https://uprising-tts.s3.amazonaws.com/Uprising+Final+EN/CORE_BOX_EN/CARDS_EN/SMALL_CARDS_EN/ITEMS_EN/Items_Core_The+Flenser.jpg,res://assets/images/Uprising+Final+EN/CORE_BOX_EN/CARDS_EN/SMALL_CARDS_EN/ITEMS_EN/Items_Core_The+Flenser.jpg,True
Items,107,DE,Armory,Tobende Klinge,Name,https://uprising-tts.s3.amazonaws.com/Uprising+Final+DE/ARMORY+OF+AZUHL_DE/Item_Armory_Screamer.jpg,res://assets/images/Uprising+Final+DE/ARMORY+OF+AZUHL_DE/Item_Armory_Screamer.jpg,True
Items,108,EN,Armory,Tradersguild of Norngaard,Name,https://uprising-tts.s3.amazonaws.com/Uprising+Final+EN/ARMORY+OF+AZUHL_EN/Item_Armory_Tradersguild+of+Norngaard.jpg,res://assets/images/Uprising+Final+EN/ARMORY+OF+AZUHL_EN/Item_Armory_Tradersguild+of+Norngaard.jpg,True
Items,109,EN,Titans,Traveling Merchants,Name,https://uprising-tts.s3.amazonaws.com/Uprising+Final+EN/TITANS_EN/CARDS_EN/SMALL_CARDS_EN/ITEMS_EN/Item_Titans_Traveling+Merchants.jpg,res://assets/images/Uprising+Final+EN/TITANS_EN/CARDS_EN/SMALL_CARDS_EN/ITEMS_EN/Item_Titans_Traveling+Merchants.jpg,True
Items,110,DE,Core,Trommeln des Schreckens,Name,https://uprising-tts.s3.amazonaws.com/Uprising+Final+DE/CORE+BOX_DE/CARDS_DE/SMALL+CARDS_DE/ITEMS_DE/Items_Core_Drums+of+Terror.jpg,res://assets/images/Uprising+Final+DE/CORE+BOX_DE/CARDS_DE/SMALL+CARDS_DE/ITEMS_DE/Items_Core_Drums+of+Terror.jpg,True
Items,111,EN,Core,Twilight Bow,Name,https://uprising-tts.s3.amazonaws.com/Uprising+Final+EN/CORE_BOX_EN/CARDS_EN/SMALL_CARDS_EN/ITEMS_EN/Items_Core_Twilight+Bow.jpg,res://assets/images/Uprising+Final+EN/CORE_BOX_EN/CARDS_EN/SMALL_CARDS_EN/ITEMS_EN/Items_Core_Twilight+Bow.jpg,True
Items,112,DE,Core,Überlebende,Name,https://uprising-tts.s3.amazonaws.com/Uprising+Final+DE/CORE+BOX_DE/CARDS_DE/SMALL+CARDS_DE/ITEMS_DE/Items_Core_Survivors.jpg,res://assets/images/Uprising+Final+DE/CORE+BOX_DE/CARDS_DE/SMALL+CARDS_DE/ITEMS_DE/Items_Core_Survivors.jpg,True
Items,113,DE,Core,Untersee Kompass,Name,https://uprising-tts.s3.amazonaws.com/Uprising+Final+DE/CORE+BOX_DE/CARDS_DE/SMALL+CARDS_DE/ITEMS_DE/Items_Core_Nethersea+Compass.jpg,res://assets/images/Uprising+Final+DE/CORE+BOX_DE/CARDS_DE/SMALL+CARDS_DE/ITEMS_DE/Items_Core_Nethersea+Compass.jpg,True
Items,114,DE,Core,Unterseekarte,Name,https://uprising-tts.s3.amazonaws.com/Uprising+Final+DE/CORE+BOX_DE/CARDS_DE/SMALL+CARDS_DE/ITEMS_DE/Items_Core_Nethersea+Map.jpg,res://assets/images/Uprising+Final+DE/CORE+BOX_DE/CARDS_DE/SMALL+CARDS_DE/ITEMS_DE/Items_Core_Nethersea+Map.jpg,True
Items,115,EN,Core,Urn of Malice,Name,https://uprising-tts.s3.amazonaws.com/Uprising+Final+EN/CORE_BOX_EN/CARDS_EN/SMALL_CARDS_EN/ITEMS_EN/Items_Core_Urn+of+Malice.jpg,res://assets/images/Uprising+Final+EN/CORE_BOX_EN/CARDS_EN/SMALL_CARDS_EN/ITEMS_EN/Items_Core_Urn+of+Malice.jpg,True
Items,116,DE,Core,Urne der Bosheit,Name,https://uprising-tts.s3.amazonaws.com/Uprising+Final+DE/CORE+BOX_DE/CARDS_DE/SMALL+CARDS_DE/ITEMS_DE/Items_Core_Urn+of+Malice.jpg,res://assets/images/Uprising+Final+DE/CORE+BOX_DE/CARDS_DE/SMALL+CARDS_DE/ITEMS_DE/Items_Core_Urn+of+Malice.jpg,True
Items,117,DE,Core,Vampirsphäre,Name,https://uprising-tts.s3.amazonaws.com/Uprising+Final+DE/CORE+BOX_DE/CARDS_DE/SMALL+CARDS_DE/ITEMS_DE/Items_Core_Leeching+Orb.jpg,res://assets/images/Uprising+Final+DE/CORE+BOX_DE/CARDS_DE/SMALL+CARDS_DE/ITEMS_DE/Items_Core_Leeching+Orb.jpg,True
Items,118,DE,Armory,Verborgene Zuflucht,Name,https://uprising-tts.s3.amazonaws.com/Uprising+Final+DE/ARMORY+OF+AZUHL_DE/Item_Armory_Hidden+Village.jpg,res://assets/images/Uprising+Final+DE/ARMORY+OF+AZUHL_DE/Item_Armory_Hidden+Village.jpg,True
Items,119,DE,Core,Verfluchte Würfel,Name,https://uprising-tts.s3.amazonaws.com/Uprising+Final+DE/CORE+BOX_DE/CARDS_DE/SMALL+CARDS_DE/ITEMS_DE/Items_Core_Cursed+Dice.jpg,res://assets/images/Uprising+Final+DE/CORE+BOX_DE/CARDS_DE/SMALL+CARDS_DE/ITEMS_DE/Items_Core_Cursed+Dice.jpg,True
Items,120,DE,Titans,Wachtürme,Name,https://uprising-tts.s3.amazonaws.com/Uprising+Final+DE/TITANS_DE/CARDS_DE/SMALL_CARDS_DE/ITEMS_DE/Item_Titans_Watchtowers.jpg,res://assets/images/Uprising+Final+DE/TITANS_DE/CARDS_DE/SMALL_CARDS_DE/ITEMS_DE/Item_Titans_Watchtowers.jpg,True
Items,121,EN,Armory,Wall of Shadows,Name,https://uprising-tts.s3.amazonaws.com/Uprising+Final+EN/ARMORY+OF+AZUHL_EN/Item_Armory_Wall+of+Shadows.jpg,res://assets/images/Uprising+Final+EN/ARMORY+OF+AZUHL_EN/Item_Armory_Wall+of+Shadows.jpg,True
Items,122,DE,Titans,Wandernde Händler,Name,https://uprising-tts.s3.amazonaws.com/Uprising+Final+DE/TITANS_DE/CARDS_DE/SMALL_CARDS_DE/ITEMS_DE/Item_Titans_Traveling+Merchants.jpg,res://assets/images/Uprising+Final+DE/TITANS_DE/CARDS_DE/SMALL_CARDS_DE/ITEMS_DE/Item_Titans_Traveling+Merchants.jpg,True
Items,123,EN,Titans,Watchtowers,Name,https://uprising-tts.s3.amazonaws.com/Uprising+Final+EN/TITANS_EN/CARDS_EN/SMALL_CARDS_EN/ITEMS_EN/Item_Titans_Watchtowers.jpg,res://assets/images/Uprising+Final+EN/TITANS_EN/CARDS_EN/SMALL_CARDS_EN/ITEMS_EN/Item_Titans_Watchtowers.jpg,True
Items,124,DE,Core,Weihrauch der Schatten,Name,https://uprising-tts.s3.amazonaws.com/Uprising+Final+DE/CORE+BOX_DE/CARDS_DE/SMALL+CARDS_DE/ITEMS_DE/Items_Core_Censer+of+Shadows.jpg,res://assets/images/Uprising+Final+DE/CORE+BOX_DE/CARDS_DE/SMALL+CARDS_DE/ITEMS_DE/Items_Core_Censer+of+Shadows.jpg,True
Items,125,EN,Core,Whip of Thorns,Name,https://uprising-tts.s3.amazonaws.com/Uprising+Final+EN/CORE_BOX_EN/CARDS_EN/SMALL_CARDS_EN/ITEMS_EN/Items_Core_Whip+of+Thorns.jpg,res://assets/images/Uprising+Final+EN/CORE_BOX_EN/CARDS_EN/SMALL_CARDS_EN/ITEMS_EN/Items_Core_Whip+of+Thorns.jpg,True
Items,126,EN,Core,Wyrmscale,Name,https://uprising-tts.s3.amazonaws.com/Uprising+Final+EN/CORE_BOX_EN/CARDS_EN/SMALL_CARDS_EN/ITEMS_EN/Items_Core_Wyrmscale.jpg,res://assets/images/Uprising+Final+EN/CORE_BOX_EN/CARDS_EN/SMALL_CARDS_EN/ITEMS_EN/Items_Core_Wyrmscale.jpg,True
Items,127,DE,Core,Wyrmschuppe,Name,https://uprising-tts.s3.amazonaws.com/Uprising+Final+DE/CORE+BOX_DE/CARDS_DE/SMALL+CARDS_DE/ITEMS_DE/Items_Core_Wyrmscale.jpg,res://assets/images/Uprising+Final+DE/CORE+BOX_DE/CARDS_DE/SMALL+CARDS_DE/ITEMS_DE/Items_Core_Wyrmscale.jpg,True
Items,128,DE,Core,Wytens Augenklappe,Name,https://uprising-tts.s3.amazonaws.com/Uprising+Final+DE/CORE+BOX_DE/CARDS_DE/SMALL+CARDS_DE/ITEMS_DE/Items_Core_Wytens+Eyepatch.jpg,res://assets/images/Uprising+Final+DE/CORE+BOX_DE/CARDS_DE/SMALL+CARDS_DE/ITEMS_DE/Items_Core_Wytens+Eyepatch.jpg,True
Items,129,EN,Core,Wytens Eyepatch,Name,https://uprising-tts.s3.amazonaws.com/Uprising+Final+EN/CORE_BOX_EN/CARDS_EN/SMALL_CARDS_EN/ITEMS_EN/Items_Core_Wytens+Eyepatch.jpg,res://assets/images/Uprising+Final+EN/CORE_BOX_EN/CARDS_EN/SMALL_CARDS_EN/ITEMS_EN/Items_Core_Wytens+Eyepatch.jpg,True
Items,130,DE,Core,Xyxrit Blätter,Name,https://uprising-tts.s3.amazonaws.com/Uprising+Final+DE/CORE+BOX_DE/CARDS_DE/SMALL+CARDS_DE/ITEMS_DE/Items_Core_Xyxrit+Leaves.jpg,res://assets/images/Uprising+Final+DE/CORE+BOX_DE/CARDS_DE/SMALL+CARDS_DE/ITEMS_DE/Items_Core_Xyxrit+Leaves.jpg,True
Items,131,EN,Core,Xyxrit Leaves,Name,https://uprising-tts.s3.amazonaws.com/Uprising+Final+EN/CORE_BOX_EN/CARDS_EN/SMALL_CARDS_EN/ITEMS_EN/Items_Core_Xyxrit+Leaves.jpg,res://assets/images/Uprising+Final+EN/CORE_BOX_EN/CARDS_EN/SMALL_CARDS_EN/ITEMS_EN/Items_Core_Xyxrit+Leaves.jpg,True
Items,132,EN,Core,Ziyoya Bard,Name,https://uprising-tts.s3.amazonaws.com/Uprising+Final+EN/CORE_BOX_EN/CARDS_EN/SMALL_CARDS_EN/ITEMS_EN/Items_Core_Ziyoya+Bard.jpg,res://assets/images/Uprising+Final+EN/CORE_BOX_EN/CARDS_EN/SMALL_CARDS_EN/ITEMS_EN/Items_Core_Ziyoya+Bard.jpg,True
Items,133,DE,Core,Ziyoya Barde,Name,https://uprising-tts.s3.amazonaws.com/Uprising+Final+DE/CORE+BOX_DE/CARDS_DE/SMALL+CARDS_DE/ITEMS_DE/Items_Core_Ziyoya+Bard.jpg,res://assets/images/Uprising+Final+DE/CORE+BOX_DE/CARDS_DE/SMALL+CARDS_DE/ITEMS_DE/Items_Core_Ziyoya+Bard.jpg,True
Legions,2,EN,Titans,The Imperial Juggernaut,Name,https://uprising-tts.s3.amazonaws.com/Uprising+Final+EN/TITANS_EN/CARDS_EN/BIG_CARDS_EN/LEGIONS_EN/Legion_Titans_01_Imperial+Juggernaut.jpg,res://assets/images/Uprising+Final+EN/TITANS_EN/CARDS_EN/BIG_CARDS_EN/LEGIONS_EN/Legion_Titans_01_Imperial+Juggernaut.jpg,True
Legions,3,DE,Titans,Imperialer Zerstörer,Name,https://uprising-tts.s3.amazonaws.com/Uprising+Final+DE/TITANS_DE/CARDS_DE/BIG_CARDS_DE/LEGIONS_DE/Legion_Titans_01_Imperial+Juggernaut.jpg,res://assets/images/Uprising+Final+DE/TITANS_DE/CARDS_DE/BIG_CARDS_DE/LEGIONS_DE/Legion_Titans_01_Imperial+Juggernaut.jpg,True
Legions,4,EN,Core,The Courtesan,Name,https://uprising-tts.s3.amazonaws.com/Uprising+Final+EN/CORE_BOX_EN/CARDS_EN/BIG_CARDS_EN/LEGIONS_EN/Legions_Core_02_Courtesan.jpg,res://assets/images/Uprising+Final+EN/CORE_BOX_EN/CARDS_EN/BIG_CARDS_EN/LEGIONS_EN/Legions_Core_02_Courtesan.jpg,True
Legions,5,DE,Core,Die Kurtisane,Name,https://uprising-tts.s3.amazonaws.com/Uprising+Final+DE/CORE+BOX_DE/CARDS_DE/BIG_CARDS_DE/LEGIONS_DE/Legions_Core_02_Courtesan.jpg,res://assets/images/Uprising+Final+DE/CORE+BOX_DE/CARDS_DE/BIG_CARDS_DE/LEGIONS_DE/Legions_Core_02_Courtesan.jpg,True
Legions,6,EN,Core,The Warlock,Name,https://uprising-tts.s3.amazonaws.com/Uprising+Final+EN/CORE_BOX_EN/CARDS_EN/BIG_CARDS_EN/LEGIONS_EN/Legions_Core_05_Warlock.jpg,res://assets/images/Uprising+Final+EN/CORE_BOX_EN/CARDS_EN/BIG_CARDS_EN/LEGIONS_EN/Legions_Core_05_Warlock.jpg,True
Legions,7,DE,Core,Der Hexenmeister,Name,https://uprising-tts.s3.amazonaws.com/Uprising+Final+DE/CORE+BOX_DE/CARDS_DE/BIG_CARDS_DE/LEGIONS_DE/Legions_Core_05_Warlock.jpg,res://assets/images/Uprising+Final+DE/CORE+BOX_DE/CARDS_DE/BIG_CARDS_DE/LEGIONS_DE/Legions_Core_05_Warlock.jpg,True
Legions,8,EN,Core,The Spymaster,Name,https://uprising-tts.s3.amazonaws.com/Uprising+Final+EN/CORE_BOX_EN/CARDS_EN/BIG_CARDS_EN/LEGIONS_EN/Legions_Core_08_Spymaster.jpg,res://assets/images/Uprising+Final+EN/CORE_BOX_EN/CARDS_EN/BIG_CARDS_EN/LEGIONS_EN/Legions_Core_08_Spymaster.jpg,True
Legions,9,DE,Core,Der Meister der Spione,Name,https://uprising-tts.s3.amazonaws.com/Uprising+Final+DE/CORE+BOX_DE/CARDS_DE/BIG_CARDS_DE/LEGIONS_DE/Legions_Core_08_Spymaster.jpg,res://assets/images/Uprising+Final+DE/CORE+BOX_DE/CARDS_DE/BIG_CARDS_DE/LEGIONS_DE/Legions_Core_08_Spymaster.jpg,True
Legions,10,EN,Core,The Assassin,Name,https://uprising-tts.s3.amazonaws.com/Uprising+Final+EN/CORE_BOX_EN/CARDS_EN/BIG_CARDS_EN/LEGIONS_EN/Legions_Core_10_Assasin.jpg,res://assets/images/Uprising+Final+EN/CORE_BOX_EN/CARDS_EN/BIG_CARDS_EN/LEGIONS_EN/Legions_Core_10_Assasin.jpg,True
Legions,11,DE,Core,Die Assassine,Name,https://uprising-tts.s3.amazonaws.com/Uprising+Final+DE/CORE+BOX_DE/CARDS_DE/BIG_CARDS_DE/LEGIONS_DE/Legions_Core_10_Assasin.jpg,res://assets/images/Uprising+Final+DE/CORE+BOX_DE/CARDS_DE/BIG_CARDS_DE/LEGIONS_DE/Legions_Core_10_Assasin.jpg,True
Legions,12,EN,Core,The Imperial Guard,Name,https://uprising-tts.s3.amazonaws.com/Uprising+Final+EN/CORE_BOX_EN/CARDS_EN/BIG_CARDS_EN/LEGIONS_EN/Legions_Core_12_Imperial+Guard.jpg,res://assets/images/Uprising+Final+EN/CORE_BOX_EN/CARDS_EN/BIG_CARDS_EN/LEGIONS_EN/Legions_Core_12_Imperial+Guard.jpg,True
Legions,13,DE,Core,Die Imperiale Garde,Name,https://uprising-tts.s3.amazonaws.com/Uprising+Final+DE/CORE+BOX_DE/CARDS_DE/BIG_CARDS_DE/LEGIONS_DE/Legions_Core_12_Imperial+Guard.jpg,res://assets/images/Uprising+Final+DE/CORE+BOX_DE/CARDS_DE/BIG_CARDS_DE/LEGIONS_DE/Legions_Core_12_Imperial+Guard.jpg,True
Legions,14,EN,Arch,The Butcher,Name,https://uprising-tts.s3.amazonaws.com/Uprising+Final+EN/ARCH-NEMESIS_EN/CARDS_EN/BIG_CARDS_EN/LEGIONS_EN/Legion_Arch_15_Butcher.jpg,res://assets/images/Uprising+Final+EN/ARCH-NEMESIS_EN/CARDS_EN/BIG_CARDS_EN/LEGIONS_EN/Legion_Arch_15_Butcher.jpg,True
Legions,15,DE,Arch,Der Schlächter,Name,https://uprising-tts.s3.amazonaws.com/Uprising+Final+DE/ARCH-NEMESIS_DE/CARDS_DE/BIG_CARDS_DE/LEGIONS_DE/Legion_Arch_15_Butcher.jpg,res://assets/images/Uprising+Final+DE/ARCH-NEMESIS_DE/CARDS_DE/BIG_CARDS_DE/LEGIONS_DE/Legion_Arch_15_Butcher.jpg,True
Legions,16,EN,Core,The Mage Breaker,Name,https://uprising-tts.s3.amazonaws.com/Uprising+Final+EN/CORE_BOX_EN/CARDS_EN/BIG_CARDS_EN/LEGIONS_EN/Legions_Core_18_Mage+Breaker.jpg,res://assets/images/Uprising+Final+EN/CORE_BOX_EN/CARDS_EN/BIG_CARDS_EN/LEGIONS_EN/Legions_Core_18_Mage+Breaker.jpg,True
Legions,17,DE,Core,Die Hexenjägerin,Name,https://uprising-tts.s3.amazonaws.com/Uprising+Final+DE/CORE+BOX_DE/CARDS_DE/BIG_CARDS_DE/LEGIONS_DE/Legions_Core_18_Mage+Breaker.jpg,res://assets/images/Uprising+Final+DE/CORE+BOX_DE/CARDS_DE/BIG_CARDS_DE/LEGIONS_DE/Legions_Core_18_Mage+Breaker.jpg,True
Legions,18,EN,Core,The Executioner,Name,https://uprising-tts.s3.amazonaws.com/Uprising+Final+EN/CORE_BOX_EN/CARDS_EN/BIG_CARDS_EN/LEGIONS_EN/Legions_Core_20_The+Exectioner.jpg,res://assets/images/Uprising+Final+EN/CORE_BOX_EN/CARDS_EN/BIG_CARDS_EN/LEGIONS_EN/Legions_Core_20_The+Exectioner.jpg,True
Legions,19,DE,Core,Die Henkerin,Name,https://uprising-tts.s3.amazonaws.com/Uprising+Final+DE/CORE+BOX_DE/CARDS_DE/BIG_CARDS_DE/LEGIONS_DE/Legions_Core_20_The+Exectioner.jpg,res://assets/images/Uprising+Final+DE/CORE+BOX_DE/CARDS_DE/BIG_CARDS_DE/LEGIONS_DE/Legions_Core_20_The+Exectioner.jpg,True
Legions,20,EN,Arch,The Inquisitor,Name,https://uprising-tts.s3.amazonaws.com/Uprising+Final+EN/ARCH-NEMESIS_EN/CARDS_EN/BIG_CARDS_EN/LEGIONS_EN/Legion_Arch_23_The+Inquisitor.jpg,res://assets/images/Uprising+Final+EN/ARCH-NEMESIS_EN/CARDS_EN/BIG_CARDS_EN/LEGIONS_EN/Legion_Arch_23_The+Inquisitor.jpg,True
Legions,21,DE,Arch,Die Inquisitorin,Name,https://uprising-tts.s3.amazonaws.com/Uprising+Final+DE/ARCH-NEMESIS_DE/CARDS_DE/BIG_CARDS_DE/LEGIONS_DE/Legion_Arch_23_The+Inquisitor.jpg,res://assets/images/Uprising+Final+DE/ARCH-NEMESIS_DE/CARDS_DE/BIG_CARDS_DE/LEGIONS_DE/Legion_Arch_23_The+Inquisitor.jpg,True
Legions,22,EN,Core,The New Emperor,Name,https://uprising-tts.s3.amazonaws.com/Uprising+Final+EN/CORE_BOX_EN/CARDS_EN/BIG_CARDS_EN/LEGIONS_EN/Legions_Core_29_The+New+Emperor.jpg,res://assets/images/Uprising+Final+EN/CORE_BOX_EN/CARDS_EN/BIG_CARDS_EN/LEGIONS_EN/Legions_Core_29_The+New+Emperor.jpg,True
Legions,23,DE,Core,Der Neue Imperator,Name,https://uprising-tts.s3.amazonaws.com/Uprising+Final+DE/CORE+BOX_DE/CARDS_DE/BIG_CARDS_DE/LEGIONS_DE/Legions_Core_29_The+New+Emperor.jpg,res://assets/images/Uprising+Final+DE/CORE+BOX_DE/CARDS_DE/BIG_CARDS_DE/LEGIONS_DE/Legions_Core_29_The+New+Emperor.jpg,True
Legions,24,EN,Titans,The Crimson Shield,Name,https://uprising-tts.s3.amazonaws.com/Uprising+Final+EN/TITANS_EN/CARDS_EN/BIG_CARDS_EN/LEGIONS_EN/Legion_Titans_04_Crimson+Shield.jpg,res://assets/images/Uprising+Final+EN/TITANS_EN/CARDS_EN/BIG_CARDS_EN/LEGIONS_EN/Legion_Titans_04_Crimson+Shield.jpg,True
Legions,25,DE,Titans,Das Karmesinrote Schild,Name,https://uprising-tts.s3.amazonaws.com/Uprising+Final+DE/TITANS_DE/CARDS_DE/BIG_CARDS_DE/LEGIONS_DE/Legion_Titans_04_Crimson+Shield.jpg,res://assets/images/Uprising+Final+DE/TITANS_DE/CARDS_DE/BIG_CARDS_DE/LEGIONS_DE/Legion_Titans_04_Crimson+Shield.jpg,True
Mercs,2,EN,,Argent Company,Name,https://uprising-tts.s3.amazonaws.com/Uprising+Final+EN/TITANS_EN/CARDS_EN/SMALL_CARDS_EN/MERCENARIES_EN/Mercenaries_Argent+Company.jpg,res://assets/images/Uprising+Final+EN/TITANS_EN/CARDS_EN/SMALL_CARDS_EN/MERCENARIES_EN/Mercenaries_Argent+Company.jpg,True
Mercs,3,DE,,Die Silberne Kompanie,Name,https://uprising-tts.s3.amazonaws.com/Uprising+Final+DE/TITANS_DE/CARDS_DE/SMALL_CARDS_DE/MERCENARIES_DE/Mercenaries_Argent+Company.jpg,res://assets/images/Uprising+Final+DE/TITANS_DE/CARDS_DE/SMALL_CARDS_DE/MERCENARIES_DE/Mercenaries_Argent+Company.jpg,True
Mercs,4,EN,,Avatar of the Old Gods,Name,https://uprising-tts.s3.amazonaws.com/Uprising+Final+EN/TITANS_EN/CARDS_EN/SMALL_CARDS_EN/MERCENARIES_EN/Mercenaries_Avatar+of+the+Old+Gods.jpg,res://assets/images/Uprising+Final+EN/TITANS_EN/CARDS_EN/SMALL_CARDS_EN/MERCENARIES_EN/Mercenaries_Avatar+of+the+Old+Gods.jpg,True
Mercs,5,DE,,Avatar der Alten Götter,Name,https://uprising-tts.s3.amazonaws.com/Uprising+Final+DE/TITANS_DE/CARDS_DE/SMALL_CARDS_DE/MERCENARIES_DE/Mercenaries_Avatar+of+the+Old+Gods.jpg,res://assets/images/Uprising+Final+DE/TITANS_DE/CARDS_DE/SMALL_CARDS_DE/MERCENARIES_DE/Mercenaries_Avatar+of+the+Old+Gods.jpg,True
Mercs,6,EN,,Cabal of Ykka,Name,https://uprising-tts.s3.amazonaws.com/Uprising+Final+EN/TITANS_EN/CARDS_EN/SMALL_CARDS_EN/MERCENARIES_EN/Mercenaries_Cabal+of+Ykkam.jpg,res://assets/images/Uprising+Final+EN/TITANS_EN/CARDS_EN/SMALL_CARDS_EN/MERCENARIES_EN/Mercenaries_Cabal+of+Ykkam.jpg,True
Mercs,7,DE,,Ykkas Kabal,Name,https://uprising-tts.s3.amazonaws.com/Uprising+Final+DE/TITANS_DE/CARDS_DE/SMALL_CARDS_DE/MERCENARIES_DE/Mercenaries_Cabal+of+Ykkam.jpg,res://assets/images/Uprising+Final+DE/TITANS_DE/CARDS_DE/SMALL_CARDS_DE/MERCENARIES_DE/Mercenaries_Cabal+of+Ykkam.jpg,True
Mercs,8,EN,,Darvesh,Name,https://uprising-tts.s3.amazonaws.com/Uprising+Final+EN/TITANS_EN/CARDS_EN/SMALL_CARDS_EN/MERCENARIES_EN/Mercenaries_Darvish.jpg,res://assets/images/Uprising+Final+EN/TITANS_EN/CARDS_EN/SMALL_CARDS_EN/MERCENARIES_EN/Mercenaries_Darvish.jpg,True
Mercs,9,DE,,Darvesh,Name,https://uprising-tts.s3.amazonaws.com/Uprising+Final+DE/TITANS_DE/CARDS_DE/SMALL_CARDS_DE/MERCENARIES_DE/Mercenaries_Darvish.jpg,res://assets/images/Uprising+Final+DE/TITANS_DE/CARDS_DE/SMALL_CARDS_DE/MERCENARIES_DE/Mercenaries_Darvish.jpg,True
Mercs,10,EN,,Drakes-of-Shaan,Name,https://uprising-tts.s3.amazonaws.com/Uprising+Final+EN/TITANS_EN/CARDS_EN/SMALL_CARDS_EN/MERCENARIES_EN/Mercenaries_Drakes+of+Shaan.jpg,res://assets/images/Uprising+Final+EN/TITANS_EN/CARDS_EN/SMALL_CARDS_EN/MERCENARIES_EN/Mercenaries_Drakes+of+Shaan.jpg,True
Mercs,11,DE,,Lindwurm aus Shaan,Name,https://uprising-tts.s3.amazonaws.com/Uprising+Final+DE/TITANS_DE/CARDS_DE/SMALL_CARDS_DE/MERCENARIES_DE/Mercenaries_Drakes+of+Shaan.jpg,res://assets/images/Uprising+Final+DE/TITANS_DE/CARDS_DE/SMALL_CARDS_DE/MERCENARIES_DE/Mercenaries_Drakes+of+Shaan.jpg,True
Mercs,12,EN,,Druid Fanatic,Name,https://uprising-tts.s3.amazonaws.com/Uprising+Final+EN/TITANS_EN/CARDS_EN/SMALL_CARDS_EN/MERCENARIES_EN/Mercenaries_Druid+Fanatic.jpg,res://assets/images/Uprising+Final+EN/TITANS_EN/CARDS_EN/SMALL_CARDS_EN/MERCENARIES_EN/Mercenaries_Druid+Fanatic.jpg,True
Mercs,13,DE,,Druidenfanatiker,Name,https://uprising-tts.s3.amazonaws.com/Uprising+Final+DE/TITANS_DE/CARDS_DE/SMALL_CARDS_DE/MERCENARIES_DE/Mercenaries_Druid+Fanatic.jpg,res://assets/images/Uprising+Final+DE/TITANS_DE/CARDS_DE/SMALL_CARDS_DE/MERCENARIES_DE/Mercenaries_Druid+Fanatic.jpg,True
Mercs,14,EN,,Hill Giant,Name,https://uprising-tts.s3.amazonaws.com/Uprising+Final+EN/TITANS_EN/CARDS_EN/SMALL_CARDS_EN/MERCENARIES_EN/Mercenaries_Hill+Giant.jpg,res://assets/images/Uprising+Final+EN/TITANS_EN/CARDS_EN/SMALL_CARDS_EN/MERCENARIES_EN/Mercenaries_Hill+Giant.jpg,True
Mercs,15,DE,,Hügelriese,Name,https://uprising-tts.s3.amazonaws.com/Uprising+Final+DE/TITANS_DE/CARDS_DE/SMALL_CARDS_DE/MERCENARIES_DE/Mercenaries_Hill+Giant.jpg,res://assets/images/Uprising+Final+DE/TITANS_DE/CARDS_DE/SMALL_CARDS_DE/MERCENARIES_DE/Mercenaries_Hill+Giant.jpg,True
Mercs,16,EN,,Jortsaal Master,Name,https://uprising-tts.s3.amazonaws.com/Uprising+Final+EN/TITANS_EN/CARDS_EN/SMALL_CARDS_EN/MERCENARIES_EN/Mercenaries_Jortsaal+Master.jpg,res://assets/images/Uprising+Final+EN/TITANS_EN/CARDS_EN/SMALL_CARDS_EN/MERCENARIES_EN/Mercenaries_Jortsaal+Master.jpg,True
Mercs,17,DE,,Jortsaal Meister,Name,https://uprising-tts.s3.amazonaws.com/Uprising+Final+DE/TITANS_DE/CARDS_DE/SMALL_CARDS_DE/MERCENARIES_DE/Mercenaries_Jortsaal+Master.jpg,res://assets/images/Uprising+Final+DE/TITANS_DE/CARDS_DE/SMALL_CARDS_DE/MERCENARIES_DE/Mercenaries_Jortsaal+Master.jpg,True
Mercs,18,EN,,Salvaged Juggernaut,Name,https://uprising-tts.s3.amazonaws.com/Uprising+Final+EN/TITANS_EN/CARDS_EN/SMALL_CARDS_EN/MERCENARIES_EN/Mercenaries_Salvaged+Imperial+Juggernaut.jpg,res://assets/images/Uprising+Final+EN/TITANS_EN/CARDS_EN/SMALL_CARDS_EN/MERCENARIES_EN/Mercenaries_Salvaged+Imperial+Juggernaut.jpg,True
Mercs,19,DE,,Geborgener Zerstörer,Name,https://uprising-tts.s3.amazonaws.com/Uprising+Final+DE/TITANS_DE/CARDS_DE/SMALL_CARDS_DE/MERCENARIES_DE/Mercenaries_Salvaged+Imperial+Juggernaut.jpg,res://assets/images/Uprising+Final+DE/TITANS_DE/CARDS_DE/SMALL_CARDS_DE/MERCENARIES_DE/Mercenaries_Salvaged+Imperial+Juggernaut.jpg,True
Mercs,20,EN,,Swamp Terror,Name,https://uprising-tts.s3.amazonaws.com/Uprising+Final+EN/TITANS_EN/CARDS_EN/SMALL_CARDS_EN/MERCENARIES_EN/Mercenaries_Swamp+Terror.jpg,res://assets/images/Uprising+Final+EN/TITANS_EN/CARDS_EN/SMALL_CARDS_EN/MERCENARIES_EN/Mercenaries_Swamp+Terror.jpg,True
Mercs,21,DE,,Sumpfschrecken,Name,https://uprising-tts.s3.amazonaws.com/Uprising+Final+DE/TITANS_DE/CARDS_DE/SMALL_CARDS_DE/MERCENARIES_DE/Mercenaries_Swamp+Terror.jpg,res://assets/images/Uprising+Final+DE/TITANS_DE/CARDS_DE/SMALL_CARDS_DE/MERCENARIES_DE/Mercenaries_Swamp+Terror.jpg,True
Mercs,22,EN,,Vakqar Blitzer,Name,https://uprising-tts.s3.amazonaws.com/Uprising+Final+EN/TITANS_EN/CARDS_EN/SMALL_CARDS_EN/MERCENARIES_EN/Mercenaries_Vakqar+Blitzer.jpg,res://assets/images/Uprising+Final+EN/TITANS_EN/CARDS_EN/SMALL_CARDS_EN/MERCENARIES_EN/Mercenaries_Vakqar+Blitzer.jpg,True
Mercs,23,DE,,Vakqar Sturmläufer,Name,https://uprising-tts.s3.amazonaws.com/Uprising+Final+DE/TITANS_DE/CARDS_DE/SMALL_CARDS_DE/MERCENARIES_DE/Mercenaries_Vakqar+Blitzer.jpg,res://assets/images/Uprising+Final+DE/TITANS_DE/CARDS_DE/SMALL_CARDS_DE/MERCENARIES_DE/Mercenaries_Vakqar+Blitzer.jpg,True
Mercs,24,EN,,Wild Bunch,Name,https://uprising-tts.s3.amazonaws.com/Uprising+Final+EN/TITANS_EN/CARDS_EN/SMALL_CARDS_EN/MERCENARIES_EN/Mercenaries_Wild+Bunch.jpg,res://assets/images/Uprising+Final+EN/TITANS_EN/CARDS_EN/SMALL_CARDS_EN/MERCENARIES_EN/Mercenaries_Wild+Bunch.jpg,True
Mercs,25,DE,,Der Wilde Haufen,Name,https://uprising-tts.s3.amazonaws.com/Uprising+Final+DE/TITANS_DE/CARDS_DE/SMALL_CARDS_DE/MERCENARIES_DE/Mercenaries_Wild+Bunch.jpg,res://assets/images/Uprising+Final+DE/TITANS_DE/CARDS_DE/SMALL_CARDS_DE/MERCENARIES_DE/Mercenaries_Wild+Bunch.jpg,True
Mercs,26,EN,,Ziyoya Bard,Name,https://uprising-tts.s3.amazonaws.com/Uprising+Final+EN/TITANS_EN/CARDS_EN/SMALL_CARDS_EN/MERCENARIES_EN/Mercenaries_Ziyoya+Trappers.jpg,res://assets/images/Uprising+Final+EN/TITANS_EN/CARDS_EN/SMALL_CARDS_EN/MERCENARIES_EN/Mercenaries_Ziyoya+Trappers.jpg,True
Mercs,27,DE,,Ziyoya Barde,Name,https://uprising-tts.s3.amazonaws.com/Uprising+Final+DE/TITANS_DE/CARDS_DE/SMALL_CARDS_DE/MERCENARIES_DE/Mercenaries_Ziyoya+Trappers.jpg,res://assets/images/Uprising+Final+DE/TITANS_DE/CARDS_DE/SMALL_CARDS_DE/MERCENARIES_DE/Mercenaries_Ziyoya+Trappers.jpg,True
Omen,2,EN,,Drakoliche Greater,Name,https://uprising-tts.s3.amazonaws.com/Uprising+Final+EN/ARCH-NEMESIS_EN/OMENS_EN/Drakoliche_Greater_Omen.jpg,res://assets/images/Uprising+Final+EN/ARCH-NEMESIS_EN/OMENS_EN/Drakoliche_Greater_Omen.jpg,True
Omen,3,DE,,Grosses Omen des Drakoliche,Name,https://uprising-tts.s3.amazonaws.com/Uprising+Final+DE/ARCH-NEMESIS_DE/OMENS_DE/Omen_Arch_Drakoliche_Greater.jpg,res://assets/images/Uprising+Final+DE/ARCH-NEMESIS_DE/OMENS_DE/Omen_Arch_Drakoliche_Greater.jpg,True
Omen,4,EN,,Drakoliche Lesser,Name,https://uprising-tts.s3.amazonaws.com/Uprising+Final+EN/ARCH-NEMESIS_EN/OMENS_EN/Drakoliche_Lesser_Omen.jpg,res://assets/images/Uprising+Final+EN/ARCH-NEMESIS_EN/OMENS_EN/Drakoliche_Lesser_Omen.jpg,True
Omen,5,DE,,Kleines Omen des Drakoliche,Name,https://uprising-tts.s3.amazonaws.com/Uprising+Final+DE/ARCH-NEMESIS_DE/OMENS_DE/Omen_Arch_Drakoliche_Lesser.jpg,res://assets/images/Uprising+Final+DE/ARCH-NEMESIS_DE/OMENS_DE/Omen_Arch_Drakoliche_Lesser.jpg,True
Omen,6,EN,,Empress Greater,Name,https://uprising-tts.s3.amazonaws.com/Uprising+Final+EN/ARCH-NEMESIS_EN/OMENS_EN/Empress_Greater_Omen.jpg,res://assets/images/Uprising+Final+EN/ARCH-NEMESIS_EN/OMENS_EN/Empress_Greater_Omen.jpg,True
Omen,7,DE,,Grosses Omen der Imperatorin,Name,https://uprising-tts.s3.amazonaws.com/Uprising+Final+DE/ARCH-NEMESIS_DE/OMENS_DE/Omen_Arch_Empress_Greater.jpg,res://assets/images/Uprising+Final+DE/ARCH-NEMESIS_DE/OMENS_DE/Omen_Arch_Empress_Greater.jpg,True
Omen,8,EN,,Empress Lesser,Name,https://uprising-tts.s3.amazonaws.com/Uprising+Final+EN/ARCH-NEMESIS_EN/OMENS_EN/Empress_Lesser_Omen.jpg,res://assets/images/Uprising+Final+EN/ARCH-NEMESIS_EN/OMENS_EN/Empress_Lesser_Omen.jpg,True
Omen,9,DE,,Kleines Omen der Imperatorin,Name,https://uprising-tts.s3.amazonaws.com/Uprising+Final+DE/ARCH-NEMESIS_DE/OMENS_DE/Omen_Arch_Empress_Lesser.jpg,res://assets/images/Uprising+Final+DE/ARCH-NEMESIS_DE/OMENS_DE/Omen_Arch_Empress_Lesser.jpg,True
Omen,10,EN,,Harvester Greater,Name,https://uprising-tts.s3.amazonaws.com/Uprising+Final+EN/ARCH-NEMESIS_EN/OMENS_EN/Harvester_Greater_Omen.jpg,res://assets/images/Uprising+Final+EN/ARCH-NEMESIS_EN/OMENS_EN/Harvester_Greater_Omen.jpg,True
Omen,11,DE,,Grosses Omen des Seelensammlers,Name,https://uprising-tts.s3.amazonaws.com/Uprising+Final+DE/ARCH-NEMESIS_DE/OMENS_DE/Omen_Arch_Harvester_Greater.jpg,res://assets/images/Uprising+Final+DE/ARCH-NEMESIS_DE/OMENS_DE/Omen_Arch_Harvester_Greater.jpg,True
Omen,12,EN,,Harvester Lesser,Name,https://uprising-tts.s3.amazonaws.com/Uprising+Final+EN/ARCH-NEMESIS_EN/OMENS_EN/Harvester_Lesser_Omen.jpg,res://assets/images/Uprising+Final+EN/ARCH-NEMESIS_EN/OMENS_EN/Harvester_Lesser_Omen.jpg,True
Omen,13,DE,,Kleines Omen des Seelensammlers,Name,https://uprising-tts.s3.amazonaws.com/Uprising+Final+DE/ARCH-NEMESIS_DE/OMENS_DE/Omen_Arch_Harvester_Lesser.jpg,res://assets/images/Uprising+Final+DE/ARCH-NEMESIS_DE/OMENS_DE/Omen_Arch_Harvester_Lesser.jpg,True
Omen,14,EN,,Kraken Greater,Name,https://uprising-tts.s3.amazonaws.com/Uprising+Final+EN/ARCH-NEMESIS_EN/OMENS_EN/Kraken_Greater_Omen.jpg,res://assets/images/Uprising+Final+EN/ARCH-NEMESIS_EN/OMENS_EN/Kraken_Greater_Omen.jpg,True
Omen,15,DE,,Grosses Omen des Kraken,Name,https://uprising-tts.s3.amazonaws.com/Uprising+Final+DE/ARCH-NEMESIS_DE/OMENS_DE/Omen_Arch_Kraken_Greater.jpg,res://assets/images/Uprising+Final+DE/ARCH-NEMESIS_DE/OMENS_DE/Omen_Arch_Kraken_Greater.jpg,True
Omen,16,EN,,Kraken Lesser,Name,https://uprising-tts.s3.amazonaws.com/Uprising+Final+EN/ARCH-NEMESIS_EN/OMENS_EN/Kraken_Lesser_Omen.jpg,res://assets/images/Uprising+Final+EN/ARCH-NEMESIS_EN/OMENS_EN/Kraken_Lesser_Omen.jpg,True
Omen,17,DE,,Kleines Omen des Kraken,Name,https://uprising-tts.s3.amazonaws.com/Uprising+Final+DE/ARCH-NEMESIS_DE/OMENS_DE/Omen_Arch_Kraken_Lesser.jpg,res://assets/images/Uprising+Final+DE/ARCH-NEMESIS_DE/OMENS_DE/Omen_Arch_Kraken_Lesser.jpg,True
Omen,18,EN,,Omen of the Void,Name,https://uprising-tts.s3.amazonaws.com/Uprising+Final+EN/ARCH-NEMESIS_EN/OMENS_EN/Void.jpg,res://assets/images/Uprising+Final+EN/ARCH-NEMESIS_EN/OMENS_EN/Void.jpg,True
Omen,19,DE,,Omen der Leere,Name,https://uprising-tts.s3.amazonaws.com/Uprising+Final+DE/ARCH-NEMESIS_DE/OMENS_DE/Omen_Arch_Void.jpg,res://assets/images/Uprising+Final+DE/ARCH-NEMESIS_DE/OMENS_DE/Omen_Arch_Void.jpg,True
Omen,20,EN,,Phase Tarot,Name,https://uprising-tts.s3.amazonaws.com/Uprising+Final+EN/ARCH-NEMESIS_EN/OMENS_EN/Omen_Reverse.jpg,res://assets/images/Uprising+Final+EN/ARCH-NEMESIS_EN/OMENS_EN/Omen_Reverse.jpg,True
Omen,21,DE,,Omen Rückseite,Name,https://uprising-tts.s3.amazonaws.com/Uprising+Final+DE/ARCH-NEMESIS_DE/OMENS_DE/Omens_Arch_Reverse.jpg,res://assets/images/Uprising+Final+DE/ARCH-NEMESIS_DE/OMENS_DE/Omens_Arch_Reverse.jpg,True
Omen,22,EN,,Phase Tarot,Name,https://uprising-tts.s3.amazonaws.com/Uprising+Final+EN/ARCH-NEMESIS_EN/OMENS_EN/Omens_Phase.jpg,res://assets/images/Uprising+Final+EN/ARCH-NEMESIS_EN/OMENS_EN/Omens_Phase.jpg,True
Omen,23,DE,,Omen Phase,Name,https://uprising-tts.s3.amazonaws.com/Uprising+Final+DE/ARCH-NEMESIS_DE/OMENS_DE/Omens_Phase.jpg,res://assets/images/Uprising+Final+DE/ARCH-NEMESIS_DE/OMENS_DE/Omens_Phase.jpg,True
Playerboards,2,EN,Core,Druwhn,Front,https://uprising-tts.s3.amazonaws.com/Uprising+Final+EN/CORE_BOX_EN/PLAYERBOARDS_EN/Playerboards_Core_Druwhn_Front.jpg,res://assets/images/Uprising+Final+EN/CORE_BOX_EN/PLAYERBOARDS_EN/Playerboards_Core_Druwhn_Front.jpg,True
Playerboards,2,EN,Core,Druwhn,Back,https://uprising-tts.s3.amazonaws.com/Uprising+Final+EN/CORE_BOX_EN/PLAYERBOARDS_EN/Playerboards_Core_Druwhn_Back.jpg,res://assets/images/Uprising+Final+EN/CORE_BOX_EN/PLAYERBOARDS_EN/Playerboards_Core_Druwhn_Back.jpg,True
Playerboards,3,DE,Core,Druwhn,Front,https://uprising-tts.s3.amazonaws.com/Uprising+Final+DE/CORE+BOX_DE/PLAYERBOARDS_DE/Playerboards_Core_Druwhn_Front.jpg,res://assets/images/Uprising+Final+DE/CORE+BOX_DE/PLAYERBOARDS_DE/Playerboards_Core_Druwhn_Front.jpg,True
Playerboards,3,DE,Core,Druwhn,Back,https://uprising-tts.s3.amazonaws.com/Uprising+Final+DE/CORE+BOX_DE/PLAYERBOARDS_DE/Playerboards_Core_Druwhn_Back.jpg,res://assets/images/Uprising+Final+DE/CORE+BOX_DE/PLAYERBOARDS_DE/Playerboards_Core_Druwhn_Back.jpg,True
Playerboards,4,EN,Core,Duerkhar,Front,https://uprising-tts.s3.amazonaws.com/Uprising+Final+EN/CORE_BOX_EN/PLAYERBOARDS_EN/Playerboards_Core_Duerkhar_Front.jpg,res://assets/images/Uprising+Final+EN/CORE_BOX_EN/PLAYERBOARDS_EN/Playerboards_Core_Duerkhar_Front.jpg,True
Playerboards,4,EN,Core,Duerkhar,Back,https://uprising-tts.s3.amazonaws.com/Uprising+Final+EN/CORE_BOX_EN/PLAYERBOARDS_EN/Playerboards_Core_Duerkhar_Back.jpg,res://assets/images/Uprising+Final+EN/CORE_BOX_EN/PLAYERBOARDS_EN/Playerboards_Core_Duerkhar_Back.jpg,True
Playerboards,5,DE,Core,Duerkhar,Front,https://uprising-tts.s3.amazonaws.com/Uprising+Final+DE/CORE+BOX_DE/PLAYERBOARDS_DE/Playerboards_Core_Duerkhar_Front.jpg,res://assets/images/Uprising+Final+DE/CORE+BOX_DE/PLAYERBOARDS_DE/Playerboards_Core_Duerkhar_Front.jpg,True
Playerboards,5,DE,Core,Duerkhar,Back,https://uprising-tts.s3.amazonaws.com/Uprising+Final+DE/CORE+BOX_DE/PLAYERBOARDS_DE/Playerboards_Core_Duerkhar_Back.jpg,res://assets/images/Uprising+Final+DE/CORE+BOX_DE/PLAYERBOARDS_DE/Playerboards_Core_Duerkhar_Back.jpg,True
Playerboards,6,EN,Core,Mohyar,Front,https://uprising-tts.s3.amazonaws.com/Uprising+Final+EN/CORE_BOX_EN/PLAYERBOARDS_EN/Playerboards_Core_Mohyar_Front.jpg,res://assets/images/Uprising+Final+EN/CORE_BOX_EN/PLAYERBOARDS_EN/Playerboards_Core_Mohyar_Front.jpg,True
Playerboards,6,EN,Core,Mohyar,Back,https://uprising-tts.s3.amazonaws.com/Uprising+Final+EN/CORE_BOX_EN/PLAYERBOARDS_EN/Playerboards_Core_Mohyar_Back.jpg,res://assets/images/Uprising+Final+EN/CORE_BOX_EN/PLAYERBOARDS_EN/Playerboards_Core_Mohyar_Back.jpg,True
Playerboards,7,DE,Core,Mohyar,Front,https://uprising-tts.s3.amazonaws.com/Uprising+Final+DE/CORE+BOX_DE/PLAYERBOARDS_DE/Playerboards_Core_Mohyar_Front.jpg,res://assets/images/Uprising+Final+DE/CORE+BOX_DE/PLAYERBOARDS_DE/Playerboards_Core_Mohyar_Front.jpg,True
Playerboards,7,DE,Core,Mohyar,Back,https://uprising-tts.s3.amazonaws.com/Uprising+Final+DE/CORE+BOX_DE/PLAYERBOARDS_DE/Playerboards_Core_Mohyar_Back.jpg,res://assets/images/Uprising+Final+DE/CORE+BOX_DE/PLAYERBOARDS_DE/Playerboards_Core_Mohyar_Back.jpg,True
Playerboards,8,EN,Core,Krowh,Front,https://uprising-tts.s3.amazonaws.com/Uprising+Final+EN/CORE_BOX_EN/PLAYERBOARDS_EN/Playerboards_Core_Krowh_Front.jpg,res://assets/images/Uprising+Final+EN/CORE_BOX_EN/PLAYERBOARDS_EN/Playerboards_Core_Krowh_Front.jpg,True
Playerboards,8,EN,Core,Krowh,Back,https://uprising-tts.s3.amazonaws.com/Uprising+Final+EN/CORE_BOX_EN/PLAYERBOARDS_EN/Playerboards_Core_Krowh_Back.jpg,res://assets/images/Uprising+Final+EN/CORE_BOX_EN/PLAYERBOARDS_EN/Playerboards_Core_Krowh_Back.jpg,True
Playerboards,9,DE,Core,Krowh,Front,https://uprising-tts.s3.amazonaws.com/Uprising+Final+DE/CORE+BOX_DE/PLAYERBOARDS_DE/Playerboards_Core_Krowh_Front.jpg,res://assets/images/Uprising+Final+DE/CORE+BOX_DE/PLAYERBOARDS_DE/Playerboards_Core_Krowh_Front.jpg,True
Playerboards,9,DE,Core,Krowh,Back,https://uprising-tts.s3.amazonaws.com/Uprising+Final+DE/CORE+BOX_DE/PLAYERBOARDS_DE/Playerboards_Core_Krowh_Back.jpg,res://assets/images/Uprising+Final+DE/CORE+BOX_DE/PLAYERBOARDS_DE/Playerboards_Core_Krowh_Back.jpg,True
Playerboards,10,EN,Arch,TuaThan,Front,https://uprising-tts.s3.amazonaws.com/Uprising+Final+EN/ARCH-NEMESIS_EN/PLAYERBOARDS_EN/Playerboards_Arch_Tua+Than_Front.jpg,res://assets/images/Uprising+Final+EN/ARCH-NEMESIS_EN/PLAYERBOARDS_EN/Playerboards_Arch_Tua+Than_Front.jpg,True
Playerboards,10,EN,Arch,TuaThan,Back,https://uprising-tts.s3.amazonaws.com/Uprising+Final+EN/ARCH-NEMESIS_EN/PLAYERBOARDS_EN/Playerboards_Arch_Tua+Than_Back.jpg,res://assets/images/Uprising+Final+EN/ARCH-NEMESIS_EN/PLAYERBOARDS_EN/Playerboards_Arch_Tua+Than_Back.jpg,True
Playerboards,11,DE,Arch,TuaThan,Front,https://uprising-tts.s3.amazonaws.com/Uprising+Final+DE/ARCH-NEMESIS_DE/PLAYERBOARDS_DE/Playerboards_Arch_Tua+Than_Front.jpg,res://assets/images/Uprising+Final+DE/ARCH-NEMESIS_DE/PLAYERBOARDS_DE/Playerboards_Arch_Tua+Than_Front.jpg,True
Playerboards,11,DE,Arch,TuaThan,Back,https://uprising-tts.s3.amazonaws.com/Uprising+Final+DE/ARCH-NEMESIS_DE/PLAYERBOARDS_DE/Playerboards_Arch_Tua+Than_Back.jpg,res://assets/images/Uprising+Final+DE/ARCH-NEMESIS_DE/PLAYERBOARDS_DE/Playerboards_Arch_Tua+Than_Back.jpg,True
Playerboards,12,EN,Arch,Renegade,Front,https://uprising-tts.s3.amazonaws.com/Uprising+Final+EN/ARCH-NEMESIS_EN/PLAYERBOARDS_EN/Playerboards_Arch_Renegade+Legion_Front.jpg,res://assets/images/Uprising+Final+EN/ARCH-NEMESIS_EN/PLAYERBOARDS_EN/Playerboards_Arch_Renegade+Legion_Front.jpg,True
Playerboards,12,EN,Arch,Renegade,Back,https://uprising-tts.s3.amazonaws.com/Uprising+Final+EN/ARCH-NEMESIS_EN/PLAYERBOARDS_EN/Playerboards_Arch_Renegade+Legion_Back.jpg,res://assets/images/Uprising+Final+EN/ARCH-NEMESIS_EN/PLAYERBOARDS_EN/Playerboards_Arch_Renegade+Legion_Back.jpg,True
Playerboards,13,DE,Arch,Renegade,Front,https://uprising-tts.s3.amazonaws.com/Uprising+Final+DE/ARCH-NEMESIS_DE/PLAYERBOARDS_DE/Playerboards_Arch_Renegade+Legion_Front.jpg,res://assets/images/Uprising+Final+DE/ARCH-NEMESIS_DE/PLAYERBOARDS_DE/Playerboards_Arch_Renegade+Legion_Front.jpg,True
Playerboards,13,DE,Arch,Renegade,Back,https://uprising-tts.s3.amazonaws.com/Uprising+Final+DE/ARCH-NEMESIS_DE/PLAYERBOARDS_DE/Playerboards_Arch_Renegade+Legion_Back.jpg,res://assets/images/Uprising+Final+DE/ARCH-NEMESIS_DE/PLAYERBOARDS_DE/Playerboards_Arch_Renegade+Legion_Back.jpg,True
Playerboards,14,EN,Arch,Hoqkan,Front,https://uprising-tts.s3.amazonaws.com/Uprising+Final+EN/ARCH-NEMESIS_EN/PLAYERBOARDS_EN/Playerboards_Arch_Hokqan_Front.jpg,res://assets/images/Uprising+Final+EN/ARCH-NEMESIS_EN/PLAYERBOARDS_EN/Playerboards_Arch_Hokqan_Front.jpg,True
Playerboards,14,EN,Arch,Hoqkan,Back,https://uprising-tts.s3.amazonaws.com/Uprising+Final+EN/ARCH-NEMESIS_EN/PLAYERBOARDS_EN/Playerboards_Arch_Hokqan_Back.jpg,res://assets/images/Uprising+Final+EN/ARCH-NEMESIS_EN/PLAYERBOARDS_EN/Playerboards_Arch_Hokqan_Back.jpg,True
Playerboards,15,DE,Arch,Hoqkan,Front,https://uprising-tts.s3.amazonaws.com/Uprising+Final+DE/ARCH-NEMESIS_DE/PLAYERBOARDS_DE/Playerboards_Arch_Hokqan_Front.jpg,res://assets/images/Uprising+Final+DE/ARCH-NEMESIS_DE/PLAYERBOARDS_DE/Playerboards_Arch_Hokqan_Front.jpg,True
Playerboards,15,DE,Arch,Hoqkan,Back,https://uprising-tts.s3.amazonaws.com/Uprising+Final+DE/ARCH-NEMESIS_DE/PLAYERBOARDS_DE/Playerboards_Arch_Hokqan_Back.jpg,res://assets/images/Uprising+Final+DE/ARCH-NEMESIS_DE/PLAYERBOARDS_DE/Playerboards_Arch_Hokqan_Back.jpg,True
Playerboards,16,EN,Arch,Ytuma,Front,https://uprising-tts.s3.amazonaws.com/Uprising+Final+EN/ARCH-NEMESIS_EN/PLAYERBOARDS_EN/Playerboards_Arch_Ytuma_Front.jpg,res://assets/images/Uprising+Final+EN/ARCH-NEMESIS_EN/PLAYERBOARDS_EN/Playerboards_Arch_Ytuma_Front.jpg,True
Playerboards,16,EN,Arch,Ytuma,Back,https://uprising-tts.s3.amazonaws.com/Uprising+Final+EN/ARCH-NEMESIS_EN/PLAYERBOARDS_EN/Playerboards_Arch_Ytuma_Back.jpg,res://assets/images/Uprising+Final+EN/ARCH-NEMESIS_EN/PLAYERBOARDS_EN/Playerboards_Arch_Ytuma_Back.jpg,True
Playerboards,17,DE,Arch,Ytuma,Front,https://uprising-tts.s3.amazonaws.com/Uprising+Final+DE/ARCH-NEMESIS_DE/PLAYERBOARDS_DE/Playerboards_Arch_Ytuma_Front.jpg,res://assets/images/Uprising+Final+DE/ARCH-NEMESIS_DE/PLAYERBOARDS_DE/Playerboards_Arch_Ytuma_Front.jpg,True
Playerboards,17,DE,Arch,Ytuma,Back,https://uprising-tts.s3.amazonaws.com/Uprising+Final+DE/ARCH-NEMESIS_DE/PLAYERBOARDS_DE/Playerboards_Arch_Ytuma_Back.jpg,res://assets/images/Uprising+Final+DE/ARCH-NEMESIS_DE/PLAYERBOARDS_DE/Playerboards_Arch_Ytuma_Back.jpg,True
Playerboards,18,EN,Titans,Titans,Front,https://uprising-tts.s3.amazonaws.com/Uprising+Final+EN/TITANS_EN/PLAYERBOARDS_EN/Playerboards_Titans_Titans_Front.jpg,res://assets/images/Uprising+Final+EN/TITANS_EN/PLAYERBOARDS_EN/Playerboards_Titans_Titans_Front.jpg,True
Playerboards,18,EN,Titans,Titans,Back,https://uprising-tts.s3.amazonaws.com/Uprising+Final+EN/TITANS_EN/PLAYERBOARDS_EN/Playerboards_Titans_Titans_Back.jpg,res://assets/images/Uprising+Final+EN/TITANS_EN/PLAYERBOARDS_EN/Playerboards_Titans_Titans_Back.jpg,True
Playerboards,19,DE,Titans,Titans,Front,https://uprising-tts.s3.amazonaws.com/Uprising+Final+DE/TITANS_DE/PLAYERBOARDS_DE/Playerboards_Titans_Titans_Front.jpg,res://assets/images/Uprising+Final+DE/TITANS_DE/PLAYERBOARDS_DE/Playerboards_Titans_Titans_Front.jpg,True
Playerboards,19,DE,Titans,Titans,Back,https://uprising-tts.s3.amazonaws.com/Uprising+Final+DE/TITANS_DE/PLAYERBOARDS_DE/Playerboards_Titans_Titans_Back.jpg,res://assets/images/Uprising+Final+DE/TITANS_DE/PLAYERBOARDS_DE/Playerboards_Titans_Titans_Back.jpg,True
Playerboards,20,EN,Titans,Pirates,Front,https://uprising-tts.s3.amazonaws.com/Uprising+Final+EN/TITANS_EN/PLAYERBOARDS_EN/Playerboards_Titans_Nethersea_Pirates_Front.jpg,res://assets/images/Uprising+Final+EN/TITANS_EN/PLAYERBOARDS_EN/Playerboards_Titans_Nethersea_Pirates_Front.jpg,True
Playerboards,20,EN,Titans,Pirates,Back,https://uprising-tts.s3.amazonaws.com/Uprising+Final+EN/TITANS_EN/PLAYERBOARDS_EN/Playerboards_Titans_Nethersea_Pirates_Back.jpg,res://assets/images/Uprising+Final+EN/TITANS_EN/PLAYERBOARDS_EN/Playerboards_Titans_Nethersea_Pirates_Back.jpg,True
Playerboards,21,DE,Titans,Pirates,Front,https://uprising-tts.s3.amazonaws.com/Uprising+Final+DE/TITANS_DE/PLAYERBOARDS_DE/Playerboards_Titans_Nethersea_Pirates_Front.jpg,res://assets/images/Uprising+Final+DE/TITANS_DE/PLAYERBOARDS_DE/Playerboards_Titans_Nethersea_Pirates_Front.jpg,True
Playerboards,21,DE,Titans,Pirates,Back,https://uprising-tts.s3.amazonaws.com/Uprising+Final+DE/TITANS_DE/PLAYERBOARDS_DE/Playerboards_Titans_Nethersea_Pirates_Back.jpg,res://assets/images/Uprising+Final+DE/TITANS_DE/PLAYERBOARDS_DE/Playerboards_Titans_Nethersea_Pirates_Back.jpg,True
Quests,2,,Titans,Necromancy,Name,https://uprising-tts.s3.amazonaws.com/Uprising+Final+EN/TITANS_EN/CARDS_EN/BIG_CARDS_EN/QUESTS_EN/Quest_Titans_Necromancy.jpg,res://assets/images/Uprising+Final+EN/TITANS_EN/CARDS_EN/BIG_CARDS_EN/QUESTS_EN/Quest_Titans_Necromancy.jpg,True
Quests,3,,Titans,Nekromantie,Name,https://uprising-tts.s3.amazonaws.com/Uprising+Final+DE/TITANS_DE/CARDS_DE/BIG_CARDS_DE/QUESTS_DE/Quest_Titans_Necromancy.jpg,res://assets/images/Uprising+Final+DE/TITANS_DE/CARDS_DE/BIG_CARDS_DE/QUESTS_DE/Quest_Titans_Necromancy.jpg,True
Quests,4,,Titans,Dogs of War,Name,https://uprising-tts.s3.amazonaws.com/Uprising+Final+EN/TITANS_EN/CARDS_EN/BIG_CARDS_EN/QUESTS_EN/Quest_Titans_Dogs+of+War.jpg,res://assets/images/Uprising+Final+EN/TITANS_EN/CARDS_EN/BIG_CARDS_EN/QUESTS_EN/Quest_Titans_Dogs+of+War.jpg,True
Quests,5,,Titans,Hunde des Krieges,Name,https://uprising-tts.s3.amazonaws.com/Uprising+Final+DE/TITANS_DE/CARDS_DE/BIG_CARDS_DE/QUESTS_DE/Quest_Titans_Dogs+of+War.jpg,res://assets/images/Uprising+Final+DE/TITANS_DE/CARDS_DE/BIG_CARDS_DE/QUESTS_DE/Quest_Titans_Dogs+of+War.jpg,True
Quests,6,,Titans,For the Greater Good,Name,https://uprising-tts.s3.amazonaws.com/Uprising+Final+EN/TITANS_EN/CARDS_EN/BIG_CARDS_EN/QUESTS_EN/Quest_Titans_For+the+greater+Good.jpg,res://assets/images/Uprising+Final+EN/TITANS_EN/CARDS_EN/BIG_CARDS_EN/QUESTS_EN/Quest_Titans_For+the+greater+Good.jpg,True
Quests,7,,Titans,Für das große Ganze,Name,https://uprising-tts.s3.amazonaws.com/Uprising+Final+DE/TITANS_DE/CARDS_DE/BIG_CARDS_DE/QUESTS_DE/Quest_Titans_For+the+greater+Good.jpg,res://assets/images/Uprising+Final+DE/TITANS_DE/CARDS_DE/BIG_CARDS_DE/QUESTS_DE/Quest_Titans_For+the+greater+Good.jpg,True
Quests,8,,Titans,Boon of the Fallen Comrades,Name,https://uprising-tts.s3.amazonaws.com/Uprising+Final+EN/TITANS_EN/CARDS_EN/BIG_CARDS_EN/QUESTS_EN/Quest_Titans_Boon+of+fallen+Comrades.jpg,res://assets/images/Uprising+Final+EN/TITANS_EN/CARDS_EN/BIG_CARDS_EN/QUESTS_EN/Quest_Titans_Boon+of+fallen+Comrades.jpg,True
Quests,9,,Titans,Segen gefallener Kameraden,Name,https://uprising-tts.s3.amazonaws.com/Uprising+Final+DE/TITANS_DE/CARDS_DE/BIG_CARDS_DE/QUESTS_DE/Quest_Titans_Boon+of+fallen+Comrades.jpg,res://assets/images/Uprising+Final+DE/TITANS_DE/CARDS_DE/BIG_CARDS_DE/QUESTS_DE/Quest_Titans_Boon+of+fallen+Comrades.jpg,True
Quests,10,,Core,A Deal with Demons,Name,https://uprising-tts.s3.amazonaws.com/Uprising+Final+EN/CORE_BOX_EN/CARDS_EN/BIG_CARDS_EN/QUESTS_EN/Quest_Core_A+Deal+with+Demons.jpg,res://assets/images/Uprising+Final+EN/CORE_BOX_EN/CARDS_EN/BIG_CARDS_EN/QUESTS_EN/Quest_Core_A+Deal+with+Demons.jpg,True
Quests,11,,Core,Ein Handel mit Dämonen,Name,https://uprising-tts.s3.amazonaws.com/Uprising+Final+DE/CORE+BOX_DE/CARDS_DE/BIG_CARDS_DE/QUESTS_DE/Quest_Core_A+Deal+with+Demons.jpg,res://assets/images/Uprising+Final+DE/CORE+BOX_DE/CARDS_DE/BIG_CARDS_DE/QUESTS_DE/Quest_Core_A+Deal+with+Demons.jpg,True
Quests,12,,Core,Break the Shackles,Name,https://uprising-tts.s3.amazonaws.com/Uprising+Final+EN/CORE_BOX_EN/CARDS_EN/BIG_CARDS_EN/QUESTS_EN/Quest_Core_Break+the+Shackles.jpg,res://assets/images/Uprising+Final+EN/CORE_BOX_EN/CARDS_EN/BIG_CARDS_EN/QUESTS_EN/Quest_Core_Break+the+Shackles.jpg,True
Quests,13,,Core,Gesprengte Ketten,Name,https://uprising-tts.s3.amazonaws.com/Uprising+Final+DE/CORE+BOX_DE/CARDS_DE/BIG_CARDS_DE/QUESTS_DE/Quest_Core_Break+the+Shackles.jpg,res://assets/images/Uprising+Final+DE/CORE+BOX_DE/CARDS_DE/BIG_CARDS_DE/QUESTS_DE/Quest_Core_Break+the+Shackles.jpg,True
Quests,14,,Core,Cleanse the Wastes,Name,https://uprising-tts.s3.amazonaws.com/Uprising+Final+EN/CORE_BOX_EN/CARDS_EN/BIG_CARDS_EN/QUESTS_EN/Quest_Core_Cleanse+the+Wastes.jpg,res://assets/images/Uprising+Final+EN/CORE_BOX_EN/CARDS_EN/BIG_CARDS_EN/QUESTS_EN/Quest_Core_Cleanse+the+Wastes.jpg,True
Quests,15,,Core,Läuterung der Eiswüste,Name,https://uprising-tts.s3.amazonaws.com/Uprising+Final+DE/CORE+BOX_DE/CARDS_DE/BIG_CARDS_DE/QUESTS_DE/Quest_Core_Cleanse+the+Wastes.jpg,res://assets/images/Uprising+Final+DE/CORE+BOX_DE/CARDS_DE/BIG_CARDS_DE/QUESTS_DE/Quest_Core_Cleanse+the+Wastes.jpg,True
Quests,16,,Core,Corrupted Druid,Name,https://uprising-tts.s3.amazonaws.com/Uprising+Final+EN/CORE_BOX_EN/CARDS_EN/BIG_CARDS_EN/QUESTS_EN/Quest_Core_Corrupted+Druid.jpg,res://assets/images/Uprising+Final+EN/CORE_BOX_EN/CARDS_EN/BIG_CARDS_EN/QUESTS_EN/Quest_Core_Corrupted+Druid.jpg,True
Quests,17,,Core,Druide des Chaos,Name,https://uprising-tts.s3.amazonaws.com/Uprising+Final+DE/CORE+BOX_DE/CARDS_DE/BIG_CARDS_DE/QUESTS_DE/Quest_Core_Corrupted+Druid.jpg,res://assets/images/Uprising+Final+DE/CORE+BOX_DE/CARDS_DE/BIG_CARDS_DE/QUESTS_DE/Quest_Core_Corrupted+Druid.jpg,True
Quests,18,,Core,Deepling Allies,Name,https://uprising-tts.s3.amazonaws.com/Uprising+Final+EN/CORE_BOX_EN/CARDS_EN/BIG_CARDS_EN/QUESTS_EN/Quest_Core_Deepling+Allies.jpg,res://assets/images/Uprising+Final+EN/CORE_BOX_EN/CARDS_EN/BIG_CARDS_EN/QUESTS_EN/Quest_Core_Deepling+Allies.jpg,True
Quests,19,,Core,Tiefling-Verbündete,Name,https://uprising-tts.s3.amazonaws.com/Uprising+Final+DE/CORE+BOX_DE/CARDS_DE/BIG_CARDS_DE/QUESTS_DE/Quest_Core_Deepling+Allies.jpg,res://assets/images/Uprising+Final+DE/CORE+BOX_DE/CARDS_DE/BIG_CARDS_DE/QUESTS_DE/Quest_Core_Deepling+Allies.jpg,True
Quests,20,,Core,Druid Sacrifice,Name,https://uprising-tts.s3.amazonaws.com/Uprising+Final+EN/CORE_BOX_EN/CARDS_EN/BIG_CARDS_EN/QUESTS_EN/Quest_Core_Druid+Sacrifice.jpg,res://assets/images/Uprising+Final+EN/CORE_BOX_EN/CARDS_EN/BIG_CARDS_EN/QUESTS_EN/Quest_Core_Druid+Sacrifice.jpg,True
Quests,21,,Core,Das Opfer der Druiden,Name,https://uprising-tts.s3.amazonaws.com/Uprising+Final+DE/CORE+BOX_DE/CARDS_DE/BIG_CARDS_DE/QUESTS_DE/Quest_Core_Druid+Sacrifice.jpg,res://assets/images/Uprising+Final+DE/CORE+BOX_DE/CARDS_DE/BIG_CARDS_DE/QUESTS_DE/Quest_Core_Druid+Sacrifice.jpg,True
Quests,22,,Core,Druidic Prophetess,Name,https://uprising-tts.s3.amazonaws.com/Uprising+Final+EN/CORE_BOX_EN/CARDS_EN/BIG_CARDS_EN/QUESTS_EN/Quest_Core_Druidic+Prophetess.jpg,res://assets/images/Uprising+Final+EN/CORE_BOX_EN/CARDS_EN/BIG_CARDS_EN/QUESTS_EN/Quest_Core_Druidic+Prophetess.jpg,True
Quests,23,,Core,Druidische Prophetin,Name,https://uprising-tts.s3.amazonaws.com/Uprising+Final+DE/CORE+BOX_DE/CARDS_DE/BIG_CARDS_DE/QUESTS_DE/Quest_Core_Druidic+Prophetess.jpg,res://assets/images/Uprising+Final+DE/CORE+BOX_DE/CARDS_DE/BIG_CARDS_DE/QUESTS_DE/Quest_Core_Druidic+Prophetess.jpg,True
Quests,24,,Core,Expedition to the Mainland,Name,https://uprising-tts.s3.amazonaws.com/Uprising+Final+EN/CORE_BOX_EN/CARDS_EN/BIG_CARDS_EN/QUESTS_EN/Quest_Core_Expedition+to+the+Mainland.jpg,res://assets/images/Uprising+Final+EN/CORE_BOX_EN/CARDS_EN/BIG_CARDS_EN/QUESTS_EN/Quest_Core_Expedition+to+the+Mainland.jpg,True
Quests,25,,Core,Raubzug zum Festland,Name,https://uprising-tts.s3.amazonaws.com/Uprising+Final+DE/CORE+BOX_DE/CARDS_DE/BIG_CARDS_DE/QUESTS_DE/Quest_Core_Expedition+to+the+Mainland.jpg,res://assets/images/Uprising+Final+DE/CORE+BOX_DE/CARDS_DE/BIG_CARDS_DE/QUESTS_DE/Quest_Core_Expedition+to+the+Mainland.jpg,True
Quests,26,,Core,Forest Spirit,Name,https://uprising-tts.s3.amazonaws.com/Uprising+Final+EN/CORE_BOX_EN/CARDS_EN/BIG_CARDS_EN/QUESTS_EN/Quest_Core_Forest+Spirit.jpg,res://assets/images/Uprising+Final+EN/CORE_BOX_EN/CARDS_EN/BIG_CARDS_EN/QUESTS_EN/Quest_Core_Forest+Spirit.jpg,True
Quests,27,,Core,Waldgeister,Name,https://uprising-tts.s3.amazonaws.com/Uprising+Final+DE/CORE+BOX_DE/CARDS_DE/BIG_CARDS_DE/QUESTS_DE/Quest_Core_Forest+Spirit.jpg,res://assets/images/Uprising+Final+DE/CORE+BOX_DE/CARDS_DE/BIG_CARDS_DE/QUESTS_DE/Quest_Core_Forest+Spirit.jpg,True
Quests,28,,Core,Hokqhan Scout,Name,https://uprising-tts.s3.amazonaws.com/Uprising+Final+EN/CORE_BOX_EN/CARDS_EN/BIG_CARDS_EN/QUESTS_EN/Quest_Core_Hokqhan+Scout.jpg,res://assets/images/Uprising+Final+EN/CORE_BOX_EN/CARDS_EN/BIG_CARDS_EN/QUESTS_EN/Quest_Core_Hokqhan+Scout.jpg,True
Quests,29,,Core,Hokqan Späher,Name,https://uprising-tts.s3.amazonaws.com/Uprising+Final+DE/CORE+BOX_DE/CARDS_DE/BIG_CARDS_DE/QUESTS_DE/Quest_Core_Hokqhan+Scout.jpg,res://assets/images/Uprising+Final+DE/CORE+BOX_DE/CARDS_DE/BIG_CARDS_DE/QUESTS_DE/Quest_Core_Hokqhan+Scout.jpg,True
Quests,30,,Core,Hungry Giant,Name,https://uprising-tts.s3.amazonaws.com/Uprising+Final+EN/CORE_BOX_EN/CARDS_EN/BIG_CARDS_EN/QUESTS_EN/Quest_Core_Hungry+Giant.jpg,res://assets/images/Uprising+Final+EN/CORE_BOX_EN/CARDS_EN/BIG_CARDS_EN/QUESTS_EN/Quest_Core_Hungry+Giant.jpg,True
Quests,31,,Core,Der Hungrige Riese,Name,https://uprising-tts.s3.amazonaws.com/Uprising+Final+DE/CORE+BOX_DE/CARDS_DE/BIG_CARDS_DE/QUESTS_DE/Quest_Core_Hungry+Giant.jpg,res://assets/images/Uprising+Final+DE/CORE+BOX_DE/CARDS_DE/BIG_CARDS_DE/QUESTS_DE/Quest_Core_Hungry+Giant.jpg,True
Quests,32,,Core,Imperial Inquisition,Name,https://uprising-tts.s3.amazonaws.com/Uprising+Final+EN/CORE_BOX_EN/CARDS_EN/BIG_CARDS_EN/QUESTS_EN/Quest_Core_Imperial+Inquisition.jpg,res://assets/images/Uprising+Final+EN/CORE_BOX_EN/CARDS_EN/BIG_CARDS_EN/QUESTS_EN/Quest_Core_Imperial+Inquisition.jpg,True
Quests,33,,Core,Imperiale Inquisition,Name,https://uprising-tts.s3.amazonaws.com/Uprising+Final+DE/CORE+BOX_DE/CARDS_DE/BIG_CARDS_DE/QUESTS_DE/Quest_Core_Imperial+Inquisition.jpg,res://assets/images/Uprising+Final+DE/CORE+BOX_DE/CARDS_DE/BIG_CARDS_DE/QUESTS_DE/Quest_Core_Imperial+Inquisition.jpg,True
Quests,34,,Core,Imperial Spy,Name,https://uprising-tts.s3.amazonaws.com/Uprising+Final+EN/CORE_BOX_EN/CARDS_EN/BIG_CARDS_EN/QUESTS_EN/Quest_Core_Imperial+Spy.jpg,res://assets/images/Uprising+Final+EN/CORE_BOX_EN/CARDS_EN/BIG_CARDS_EN/QUESTS_EN/Quest_Core_Imperial+Spy.jpg,True
Quests,35,,Core,Imperialer Spion,Name,https://uprising-tts.s3.amazonaws.com/Uprising+Final+DE/CORE+BOX_DE/CARDS_DE/BIG_CARDS_DE/QUESTS_DE/Quest_Core_Imperial+Spy.jpg,res://assets/images/Uprising+Final+DE/CORE+BOX_DE/CARDS_DE/BIG_CARDS_DE/QUESTS_DE/Quest_Core_Imperial+Spy.jpg,True
Quests,36,,Core,Instruction of the Druids,Name,https://uprising-tts.s3.amazonaws.com/Uprising+Final+EN/CORE_BOX_EN/CARDS_EN/BIG_CARDS_EN/QUESTS_EN/Quest_Core_Instruction+of+the+Druids.jpg,res://assets/images/Uprising+Final+EN/CORE_BOX_EN/CARDS_EN/BIG_CARDS_EN/QUESTS_EN/Quest_Core_Instruction+of+the+Druids.jpg,True
Quests,37,,Core,Ritual der Reinigung,Name,https://uprising-tts.s3.amazonaws.com/Uprising+Final+DE/CORE+BOX_DE/CARDS_DE/BIG_CARDS_DE/QUESTS_DE/Quest_Core_Instruction+of+the+Druids.jpg,res://assets/images/Uprising+Final+DE/CORE+BOX_DE/CARDS_DE/BIG_CARDS_DE/QUESTS_DE/Quest_Core_Instruction+of+the+Druids.jpg,True
Quests,38,,Core,Intercept the Empress,Name,https://uprising-tts.s3.amazonaws.com/Uprising+Final+EN/CORE_BOX_EN/CARDS_EN/BIG_CARDS_EN/QUESTS_EN/Quest_Core_Intercept+the+Empress+Caravan.jpg,res://assets/images/Uprising+Final+EN/CORE_BOX_EN/CARDS_EN/BIG_CARDS_EN/QUESTS_EN/Quest_Core_Intercept+the+Empress+Caravan.jpg,True
Quests,39,,Core,Karawane der Imperatorin,Name,https://uprising-tts.s3.amazonaws.com/Uprising+Final+DE/CORE+BOX_DE/CARDS_DE/BIG_CARDS_DE/QUESTS_DE/Quest_Core_Intercept+the+Empress+Caravan.jpg,res://assets/images/Uprising+Final+DE/CORE+BOX_DE/CARDS_DE/BIG_CARDS_DE/QUESTS_DE/Quest_Core_Intercept+the+Empress+Caravan.jpg,True
Quests,40,,Core,Koloth Migration,Name,https://uprising-tts.s3.amazonaws.com/Uprising+Final+EN/CORE_BOX_EN/CARDS_EN/BIG_CARDS_EN/QUESTS_EN/Quest_Core_Koloth+Migration.jpg,res://assets/images/Uprising+Final+EN/CORE_BOX_EN/CARDS_EN/BIG_CARDS_EN/QUESTS_EN/Quest_Core_Koloth+Migration.jpg,True
Quests,41,,Core,Koloth Herden,Name,https://uprising-tts.s3.amazonaws.com/Uprising+Final+DE/CORE+BOX_DE/CARDS_DE/BIG_CARDS_DE/QUESTS_DE/Quest_Core_Koloth+Migration.jpg,res://assets/images/Uprising+Final+DE/CORE+BOX_DE/CARDS_DE/BIG_CARDS_DE/QUESTS_DE/Quest_Core_Koloth+Migration.jpg,True
Quests,42,,Core,Mad Krowh Shaman,Name,https://uprising-tts.s3.amazonaws.com/Uprising+Final+EN/CORE_BOX_EN/CARDS_EN/BIG_CARDS_EN/QUESTS_EN/Quest_Core_Mad+Krowh+Necromancer.jpg,res://assets/images/Uprising+Final+EN/CORE_BOX_EN/CARDS_EN/BIG_CARDS_EN/QUESTS_EN/Quest_Core_Mad+Krowh+Necromancer.jpg,True
Quests,43,,Core,Wahnsinniger Krowh Schamane,Name,https://uprising-tts.s3.amazonaws.com/Uprising+Final+DE/CORE+BOX_DE/CARDS_DE/BIG_CARDS_DE/QUESTS_DE/Quest_Core_Mad+Krowh+Necromancer.jpg,res://assets/images/Uprising+Final+DE/CORE+BOX_DE/CARDS_DE/BIG_CARDS_DE/QUESTS_DE/Quest_Core_Mad+Krowh+Necromancer.jpg,True
Quests,44,,Core,Nethersea Navigators,Name,https://uprising-tts.s3.amazonaws.com/Uprising+Final+EN/CORE_BOX_EN/CARDS_EN/BIG_CARDS_EN/QUESTS_EN/Quest_Core_Nethersea+Navigators.jpg,res://assets/images/Uprising+Final+EN/CORE_BOX_EN/CARDS_EN/BIG_CARDS_EN/QUESTS_EN/Quest_Core_Nethersea+Navigators.jpg,True
Quests,45,,Core,Untersee Navigatoren,Name,https://uprising-tts.s3.amazonaws.com/Uprising+Final+DE/CORE+BOX_DE/CARDS_DE/BIG_CARDS_DE/QUESTS_DE/Quest_Core_Nethersea+Navigators.jpg,res://assets/images/Uprising+Final+DE/CORE+BOX_DE/CARDS_DE/BIG_CARDS_DE/QUESTS_DE/Quest_Core_Nethersea+Navigators.jpg,True
Quests,46,,Core,Ramparts,Name,https://uprising-tts.s3.amazonaws.com/Uprising+Final+EN/CORE_BOX_EN/CARDS_EN/BIG_CARDS_EN/QUESTS_EN/Quest_Core_Ramparts.jpg,res://assets/images/Uprising+Final+EN/CORE_BOX_EN/CARDS_EN/BIG_CARDS_EN/QUESTS_EN/Quest_Core_Ramparts.jpg,True
Quests,47,,Core,Festungsmauern,Name,https://uprising-tts.s3.amazonaws.com/Uprising+Final+DE/CORE+BOX_DE/CARDS_DE/BIG_CARDS_DE/QUESTS_DE/Quest_Core_Ramparts.jpg,res://assets/images/Uprising+Final+DE/CORE+BOX_DE/CARDS_DE/BIG_CARDS_DE/QUESTS_DE/Quest_Core_Ramparts.jpg,True
Quests,48,,Core,Rebel Council,Name,https://uprising-tts.s3.amazonaws.com/Uprising+Final+EN/CORE_BOX_EN/CARDS_EN/BIG_CARDS_EN/QUESTS_EN/Quest_Core_Rebel+Council.jpg,res://assets/images/Uprising+Final+EN/CORE_BOX_EN/CARDS_EN/BIG_CARDS_EN/QUESTS_EN/Quest_Core_Rebel+Council.jpg,True
Quests,49,,Core,Der Rat der Rebellen,Name,https://uprising-tts.s3.amazonaws.com/Uprising+Final+DE/CORE+BOX_DE/CARDS_DE/BIG_CARDS_DE/QUESTS_DE/Quest_Core_Rebel+Council.jpg,res://assets/images/Uprising+Final+DE/CORE+BOX_DE/CARDS_DE/BIG_CARDS_DE/QUESTS_DE/Quest_Core_Rebel+Council.jpg,True
Quests,50,,Core,Release the Kraken,Name,https://uprising-tts.s3.amazonaws.com/Uprising+Final+EN/CORE_BOX_EN/CARDS_EN/BIG_CARDS_EN/QUESTS_EN/Quest_Core_Release+the+Kraken.jpg,res://assets/images/Uprising+Final+EN/CORE_BOX_EN/CARDS_EN/BIG_CARDS_EN/QUESTS_EN/Quest_Core_Release+the+Kraken.jpg,True
Quests,51,,Core,Den Kraken entfesseln,Name,https://uprising-tts.s3.amazonaws.com/Uprising+Final+DE/CORE+BOX_DE/CARDS_DE/BIG_CARDS_DE/QUESTS_DE/Quest_Core_Release+the+Kraken.jpg,res://assets/images/Uprising+Final+DE/CORE+BOX_DE/CARDS_DE/BIG_CARDS_DE/QUESTS_DE/Quest_Core_Release+the+Kraken.jpg,True
Quests,52,,Core,Strike at Dawn,Name,https://uprising-tts.s3.amazonaws.com/Uprising+Final+EN/CORE_BOX_EN/CARDS_EN/BIG_CARDS_EN/QUESTS_EN/Quest_Core_Strike+at+Dawn.jpg,res://assets/images/Uprising+Final+EN/CORE_BOX_EN/CARDS_EN/BIG_CARDS_EN/QUESTS_EN/Quest_Core_Strike+at+Dawn.jpg,True
Quests,53,,Core,Überfall im Morgengrauen,Name,https://uprising-tts.s3.amazonaws.com/Uprising+Final+DE/CORE+BOX_DE/CARDS_DE/BIG_CARDS_DE/QUESTS_DE/Quest_Core_Strike+at+Dawn.jpg,res://assets/images/Uprising+Final+DE/CORE+BOX_DE/CARDS_DE/BIG_CARDS_DE/QUESTS_DE/Quest_Core_Strike+at+Dawn.jpg,True
Quests,54,,Core,Thieves Guild,Name,https://uprising-tts.s3.amazonaws.com/Uprising+Final+EN/CORE_BOX_EN/CARDS_EN/BIG_CARDS_EN/QUESTS_EN/Quest_Core_Thieves+Guild.jpg,res://assets/images/Uprising+Final+EN/CORE_BOX_EN/CARDS_EN/BIG_CARDS_EN/QUESTS_EN/Quest_Core_Thieves+Guild.jpg,True
Quests,55,,Core,Diebesgilde,Name,https://uprising-tts.s3.amazonaws.com/Uprising+Final+DE/CORE+BOX_DE/CARDS_DE/BIG_CARDS_DE/QUESTS_DE/Quest_Core_Thieves+Guild.jpg,res://assets/images/Uprising+Final+DE/CORE+BOX_DE/CARDS_DE/BIG_CARDS_DE/QUESTS_DE/Quest_Core_Thieves+Guild.jpg,True
Quests,56,,Core,Tua Than Allies,Name,https://uprising-tts.s3.amazonaws.com/Uprising+Final+EN/CORE_BOX_EN/CARDS_EN/BIG_CARDS_EN/QUESTS_EN/Quest_Core_Tua+Than+Allies.jpg,res://assets/images/Uprising+Final+EN/CORE_BOX_EN/CARDS_EN/BIG_CARDS_EN/QUESTS_EN/Quest_Core_Tua+Than+Allies.jpg,True
Quests,57,,Core,Tua-Than-Verbündete,Name,https://uprising-tts.s3.amazonaws.com/Uprising+Final+DE/CORE+BOX_DE/CARDS_DE/BIG_CARDS_DE/QUESTS_DE/Quest_Core_Tua+Than+Allies.jpg,res://assets/images/Uprising+Final+DE/CORE+BOX_DE/CARDS_DE/BIG_CARDS_DE/QUESTS_DE/Quest_Core_Tua+Than+Allies.jpg,True
Quests,58,,Core,Willing to Fight,Name,https://uprising-tts.s3.amazonaws.com/Uprising+Final+EN/CORE_BOX_EN/CARDS_EN/BIG_CARDS_EN/QUESTS_EN/Quest_Core_Willing+to+fight.jpg,res://assets/images/Uprising+Final+EN/CORE_BOX_EN/CARDS_EN/BIG_CARDS_EN/QUESTS_EN/Quest_Core_Willing+to+fight.jpg,True
Quests,59,,Core,Freiwillige ausbilden,Name,https://uprising-tts.s3.amazonaws.com/Uprising+Final+DE/CORE+BOX_DE/CARDS_DE/BIG_CARDS_DE/QUESTS_DE/Quest_Core_Willing+to+fight.jpg,res://assets/images/Uprising+Final+DE/CORE+BOX_DE/CARDS_DE/BIG_CARDS_DE/QUESTS_DE/Quest_Core_Willing+to+fight.jpg,True
