mtllib materials.mtl
g Siren
v -1.85046756 -0.100000001 0.299999952
v -1.81668973 -0.100000001 0.299999952
v -1.81668973 0.100000001 0.299999952
v -1.85046756 0.100000001 0.299999952
v -1.86983001 -0.0961490422 0.299999952
v -1.86983001 0.0961490422 0.299999952
v -1.88624465 -0.0851824582 0.299999952
v -1.88624465 0.0851824507 0.299999952
v -1.89721262 -0.0687697902 0.299999952
v -1.89721262 0.0687697902 0.299999952
v -1.90106404 -0.0494097359 0.299999952
v -1.90106404 0.0494097434 0.299999952
v 1.89702606 -0.068766728 0.299999952
v 1.90088558 -0.0494064353 0.299999952
v 1.90088558 0.0494064391 0.299999952
v 1.89702606 0.068766728 0.299999952
v 1.88603532 -0.0851798654 0.299999952
v 1.88603532 0.0851798654 0.299999952
v 1.86958635 -0.0961470902 0.299999952
v 1.86958635 0.0961470827 0.299999952
v 1.85018349 -0.0999987423 0.299999952
v 1.85018349 0.0999987423 0.299999952
v 1.81459463 -0.100000001 0.299999952
v 1.81459463 0.100000001 0.299999952
v -1.48367226 0.0999983624 0.0522242002
v -1.46672702 -0.100000001 0.0137193203
v -1.46672702 0.100000001 0.0137193203
v -1.48367226 -0.0999983624 0.0522242039
v -1.48961067 -0.0999978259 0.0676026344
v -1.48961067 0.0999978259 0.0676026344
v -1.49538505 -0.099997364 0.086089626
v -1.49538505 0.099997364 0.086089626
v -1.50011611 -0.0999970585 0.104870692
v -1.50011611 0.0999970585 0.104870699
v -1.50308371 -0.0999969542 0.121086612
v -1.50308371 0.0999969542 0.121086612
v -1.48367226 0.0999983624 0.0522242002
v -1.46672702 0.100000001 0.0137193203
v 1.4665488 0.100000001 0.0137193203
v 1.48349404 0.100000001 0.052224189
v 1.46191978 0.0999999642 0.0852894783
v 1.48943269 0.100000001 0.0676026195
v 1.49520695 0.100000001 0.0860896111
v 1.49993801 0.100000001 0.104870692
v 1.50290549 0.100000001 0.121086597
v -1.46209812 0.0999969915 0.0852894783
v -1.48961067 0.0999978259 0.0676026344
v -1.49538505 0.099997364 0.086089626
v -1.50011611 0.0999970585 0.104870699
v -1.50308371 0.0999969542 0.121086612
v 1.50290549 0.100000001 0.121086612
v -1.47183931 0.0999969915 0.156859636
v -1.50457263 0.0999970734 0.137499422
v -1.50509548 0.0999974012 0.156859636
v -1.50457263 0.099997893 0.176219851
v -1.50308371 0.0999984741 0.19263266
v 1.47166109 0.0999999642 0.156859636
v 1.50439441 0.100000001 0.137499437
v 1.50491726 0.100000001 0.156859651
v 1.50439441 0.100000001 0.176219866
v 1.50290549 0.100000001 0.192632645
v 1.50290549 0.100000001 0.192632675
v -1.50308371 0.0999984741 0.192632675
v -1.46209812 0.100000001 0.228429794
v -1.50011611 0.0999990553 0.208848581
v -1.49538505 0.0999995545 0.227629647
v -1.48961067 0.0999998823 0.246116638
v -1.48367226 0.100000001 0.261495054
v 1.46191978 0.100000001 0.228429794
v 1.49993801 0.100000001 0.208848581
v 1.49520695 0.100000001 0.227629647
v 1.48943269 0.100000001 0.246116638
v 1.48349404 0.100000001 0.261495054
v -1.46672702 0.100000001 0.299999952
v 1.4665488 0.100000001 0.299999952
v 1.48349404 -0.100000001 0.0522242114
v 1.4665488 -0.100000001 0.0137193203
v -1.46672702 -0.100000001 0.0137193203
v -1.48367226 -0.0999983624 0.0522242039
v -1.46209812 -0.0999969915 0.0852894783
v -1.48961067 -0.0999978259 0.0676026344
v -1.49538505 -0.099997364 0.086089626
v -1.50011611 -0.0999970585 0.104870692
v -1.50308371 -0.0999969542 0.121086612
v 1.46191978 -0.0999999642 0.0852894783
v 1.48943269 -0.100000001 0.0676026419
v 1.49520695 -0.100000001 0.086089626
v 1.49993801 -0.100000001 0.104870692
v 1.50290549 -0.100000001 0.121086597
v 1.50290549 -0.100000001 0.12108662
v -1.47183931 -0.0999969915 0.156859636
v -1.50457263 -0.0999970734 0.137499422
v -1.50509548 -0.0999974012 0.156859636
v -1.50457263 -0.099997893 0.176219851
v -1.50308371 -0.0999984741 0.19263266
v 1.47166109 -0.0999999642 0.156859636
v 1.50439441 -0.100000001 0.137499422
v 1.50491726 -0.100000001 0.156859636
v 1.50439441 -0.100000001 0.176219851
v 1.50290549 -0.100000001 0.19263266
v 1.50290549 -0.100000001 0.192632675
v -1.46209812 -0.100000001 0.228429794
v -1.50011611 -0.0999990553 0.208848596
v -1.49538505 -0.0999995545 0.227629662
v -1.48961067 -0.0999998823 0.246116638
v -1.48367226 -0.100000001 0.261495054
v 1.46191978 -0.100000001 0.228429794
v 1.49993801 -0.100000001 0.208848581
v 1.49520695 -0.100000001 0.227629662
v 1.48943269 -0.100000001 0.246116653
v 1.48349404 -0.100000001 0.261495084
v -1.46672702 -0.100000001 0.299999952
v 1.4665488 -0.100000001 0.299999952
v -1.81748414 0.0999999791 0.472202301
v -1.85046756 0.100000001 0.299999952
v -1.81668973 0.100000001 0.299999952
v -1.84773195 0.0999988392 0.473660231
v -1.80990267 0.0999999642 0.566094875
v -1.86983001 0.0961490422 0.299999952
v -1.83974791 0.0999988243 0.572538435
v -1.78792906 0.0999999568 0.627296686
v -1.86707985 0.0961471573 0.474592775
v -1.88624465 0.0851824507 0.299999952
v -1.81532037 0.0999999568 0.640575111
v -1.75051045 0.0999999493 0.687236309
v -1.8834821 0.0851799473 0.475383371
v -1.89721262 0.0687697902 0.299999952
v -1.85883808 0.0961471349 0.576660037
v -1.77576971 0.0999999493 0.703929722
v -1.70616305 0.0999999419 0.750701427
v -1.89444172 0.0687668696 0.475911617
v -1.90106404 0.0494097434 0.299999952
v -1.87502205 0.0851799175 0.580154181
v -1.83284116 0.0961489975 0.649068594
v -1.73101485 0.0999999419 0.767977834
v -1.67417455 0.0999999344 0.796954155
v -1.89829016 0.0494066663 0.476097107
v -1.90106404 -0.0494097359 0.299999952
v -1.88583589 0.0687668324 0.582488894
v -1.8476944 0.0851823911 0.656269014
v -1.79192674 0.0961489677 0.714607596
v -1.70316184 0.0999987945 0.808251083
v -1.66776705 0.099999927 0.843036175
v -1.89829016 -0.049406711 0.476097107
v -1.89721262 -0.0687697902 0.299999952
v -1.88963318 0.0494066291 0.583308697
v -1.85761905 0.0687697083 0.661080182
v -1.80562401 0.0851823539 0.723659754
v -1.74691129 0.0961489677 0.779028714
v -1.69799757 0.099999927 0.845391929
v -1.66711903 0.099999927 0.880324125
v -1.89444172 -0.0687669143 0.475911617
v -1.88624465 -0.0851824582 0.299999952
v -1.88963318 -0.0494066998 0.583308697
v -1.86110401 0.0494096167 0.662769556
v -1.81477618 0.0687696561 0.729708314
v -1.76038766 0.0851823539 0.788397133
v -1.72170365 0.0961470976 0.815477192
v -1.8834821 -0.085179992 0.475383371
v -1.86983001 -0.0961490422 0.299999952
v -1.88583589 -0.0687669069 0.582488894
v -1.86110401 -0.0494097024 0.662769556
v -1.81799006 0.0494095609 0.731832266
v -1.76939225 0.0687696412 0.794656873
v -1.73742235 0.0851798505 0.821603119
v -1.71733439 0.0961489528 0.846898735
v -1.86707985 -0.096147202 0.474592775
v -1.85046756 -0.100000001 0.299999952
v -1.87502205 -0.0851799995 0.580154181
v -1.85761905 -0.0687697828 0.661080182
v -1.81799006 -0.0494096763 0.731832266
v -1.77255416 0.0494095348 0.796854973
v -1.7479254 0.068766728 0.825696349
v -1.73372722 0.0851823241 0.848176181
v -1.84773195 -0.0999988839 0.473660231
v -1.85883808 -0.0961472094 0.576660037
v -1.8476944 -0.0851824731 0.656269014
v -1.81477618 -0.0687697753 0.729708314
v -1.77255416 -0.0494096689 0.796854973
v -1.75161338 0.0494064763 0.827133656
v -1.81748414 -0.100000024 0.472202301
v -1.81668973 -0.100000001 0.299999952
v -1.80990267 -0.100000039 0.566094875
v -1.83974791 -0.0999988988 0.572538435
v -1.78792906 -0.100000046 0.627296686
v -1.83284116 -0.0961490721 0.649068594
v -1.81532037 -0.100000046 0.640575111
v -1.75051045 -0.100000054 0.687236309
v -1.80562401 -0.0851824731 0.723659754
v -1.76939225 -0.0687697753 0.794656873
v -1.77576971 -0.100000054 0.703929722
v -1.70616305 -0.100000061 0.750701427
v -1.79192674 -0.096149087 0.714607596
v -1.73101485 -0.100000061 0.767977834
v -1.67417455 -0.100000069 0.796954155
v -1.76038766 -0.0851824731 0.788397133
v -1.74691129 -0.0961491019 0.779028714
v -1.75161338 -0.0494066067 0.827133656
v -1.70316184 -0.0999989286 0.808251083
v -1.66776705 -0.100000076 0.843036175
v -1.7479254 -0.0687668622 0.825696349
v -1.72170365 -0.0961472392 0.815477192
v -1.73742235 -0.0851799995 0.821603119
v -1.69799757 -0.100000076 0.845391929
v -1.66711903 -0.100000076 0.880324125
v -1.71733439 -0.0961491019 0.846898735
v -1.73372722 -0.0851824731 0.848176181
v -1.74468076 -0.068769753 0.84902972
v -1.74852717 -0.0494096205 0.849329472
v -1.69728839 -0.100000076 0.886189342
v -1.66389894 -0.100000076 0.888709068
v -1.71658611 -0.0961491019 0.889941037
v -1.73294616 -0.0851824582 0.893121541
v -1.74387741 -0.0687697232 0.895246685
v -1.68951237 -0.100000076 0.90643847
v -1.64729726 -0.100000083 0.903462648
v -1.70589602 -0.0961490944 0.917779088
v -1.71978545 -0.0851824433 0.927393198
v -1.66540146 -0.100000083 0.927865148
v -1.57886565 -0.100000083 0.945425034
v -1.67698181 -0.0961491019 0.943474293
v -1.60137236 -0.100000083 0.9671278
v -1.52980387 -0.100000098 1.03237772
v -1.74771619 -0.049409572 0.895992994
v -1.72906601 -0.0687697008 0.933817148
v -1.68679917 -0.0851824582 0.956707001
v -1.61576879 -0.0961491093 0.981010079
v -1.55745161 -0.0999989584 1.04496932
v -1.50296748 -0.100000106 1.10799885
v -1.73232484 -0.0494095534 0.936072826
v -1.6933589 -0.0687697008 0.965548873
v -1.62797356 -0.0851824582 0.992778897
v -1.57513654 -0.0961472541 1.05302358
v -1.53031838 -0.100000106 1.12142682
v -1.457865 -0.0999970734 1.17809486
v -1.69566238 -0.0494095422 0.968653679
v -1.63612854 -0.0687697083 1.00064254
v -1.59012914 -0.0851799771 1.05985165
v -1.54781342 -0.0961491317 1.13001597
v -1.48381865 -0.0999982134 1.19369423
v -1.38588953 -0.100000136 1.30657983
v -1.63899219 -0.0494095385 1.0034039
v -1.60014677 -0.0687668025 1.06441391
v -1.56264496 -0.0851824731 1.13729751
v -1.50042009 -0.0961479545 1.20367241
v -1.41261947 -0.100000136 1.32079315
v -1.31857252 -0.100000151 1.44016087
v -1.6036644 -0.0494064987 1.06601596
v -1.57255507 -0.0687696934 1.14216292
v -1.51449394 -0.0851819068 1.2121315
v -1.42971742 -0.096149154 1.32988477
v -1.34571648 -0.100000151 1.45355272
v -1.29208446 -0.100000158 1.49501574
v -1.57603502 -0.0494095124 1.14387143
v -1.52389789 -0.0687695369 1.21778369
v -1.44421244 -0.085182488 1.33759224
v -1.36307919 -0.0961491764 1.46211886
v -1.31695592 -0.100000158 1.51311409
v -1.27314353 -0.100000165 1.51310956
v -1.52719998 -0.0494094864 1.2197684
v -1.45389771 -0.0687697083 1.3427422
v -1.37779868 -0.0851825103 1.46938086
v -1.332865 -0.0961491913 1.52469075
v -1.29178822 -0.0999990255 1.53715611
v -1.21386921 -0.100000165 1.54998672
v -1.45729864 -0.0494095162 1.34455061
v -1.3876338 -0.0687697455 1.47423315
v -1.3463521 -0.0851825327 1.53450501
v -1.30371428 -0.0961473286 1.55253744
v -1.24319947 -0.100000165 1.5673852
v -1.2088685 -0.10000018 1.63833082
v -1.39108753 -0.0494095609 1.47593713
v -1.35536373 -0.0687697828 1.54106259
v -1.31382489 -0.0851800665 1.56557727
v -1.26196063 -0.0961491913 1.57851422
v -1.23957276 -0.10000018 1.63146007
v -1.25445795 -0.100000188 1.7224133
v -1.35852826 -0.0494096056 1.54336536
v -1.32058048 -0.0687669069 1.57429004
v -1.27786565 -0.0851825476 1.58794892
v -1.25921273 -0.0961492062 1.62706518
v -1.27932048 -0.100000188 1.70476842
v -1.33309567 -0.100000203 1.80895638
v -1.32295275 -0.0494065993 1.57734966
v -1.28849292 -0.0687697977 1.59425306
v -1.27586246 -0.0851825625 1.62333941
v -1.29522371 -0.0961492211 1.69348192
v -1.3501184 -0.100000203 1.78268349
v -1.4424336 -0.10000021 1.84477866
v -1.29222488 -0.049409654 1.59646678
v -1.29222488 0.049409315 1.59646678
v -1.32295275 0.0494062603 1.57734966
v -1.28849292 0.0687694624 1.59425306
v -1.35852826 0.0494092852 1.54336536
v -1.36100698 -0.096149236 1.7658782
v -1.44831109 -0.0999990627 1.81485415
v -1.55570793 -0.10000021 1.85286558
v -1.32058048 0.0687665641 1.57429004
v -1.39108753 0.0494092554 1.47593713
v -1.45207059 -0.0961473584 1.79571319
v -1.55886924 -0.0999990627 1.82274723
v -1.69324517 -0.10000021 1.87195158
v -1.35536373 0.068769455 1.54106259
v -1.45729864 0.0494092368 1.34455061
v -1.56089139 -0.0961473733 1.80348217
v -1.70046496 -0.10000021 1.84239638
v -1.88719249 -0.100000218 1.94083953
v -1.3876338 0.0687694401 1.47423315
v -1.52719998 0.0494092517 1.2197684
v -1.70508313 -0.0961492434 1.82349157
v -1.89908206 -0.0999990776 1.91294301
v -2.04339886 -0.100000232 2.0191071
v -1.45389771 0.0687694252 1.3427422
v -1.57603502 0.0494092964 1.14387143
v -1.90668714 -0.0961473882 1.89509916
v -2.05908346 -0.0999990851 1.99311221
v -2.14954424 -0.0999971926 2.09509468
v -1.52389789 0.0687692985 1.21778369
v -1.6036644 0.0494062975 1.06601596
v -2.06911612 -0.0961473808 1.97648478
v -2.16862822 -0.0999971926 2.07153368
v -2.2306211 -0.100000247 2.169168
v -1.57255507 0.0687694699 1.14216292
v -1.63899219 0.0494093671 1.0034039
v -2.18083525 -0.096146211 2.056463
v -2.25416899 -0.100000247 2.14968538
v -2.27958083 -0.099997215 2.24868393
v -1.60014677 0.0687666088 1.06441391
v -1.69566238 0.0494093709 0.968653679
v -2.26923132 -0.0961492658 2.13722324
v -2.30727911 -0.0999983549 2.23594213
v -2.30854464 -0.10000027 2.33897138
v -1.63612854 0.0687695369 1.00064254
v -1.73232484 0.0494093932 0.936072826
v -2.32499647 -0.0961480886 2.22779155
v -2.33769274 -0.10000027 2.33074999
v -2.32675362 -0.0999972373 2.41357398
v -1.6933589 0.0687695369 0.965548873
v -1.74771619 0.0494094305 0.895992994
v -2.35633779 -0.0961492732 2.32549095
v -2.35717058 -0.0999983773 2.41054893
v -2.32402825 -0.100000292 2.47977901
v -1.72906601 0.0687695518 0.933817148
v -1.74852717 0.0494094752 0.849329472
v -1.74387753 0.0687695742 0.895246685
v -1.74468076 0.0687695965 0.84902972
v -1.73294616 0.0851823092 0.893121541
v -1.71978545 0.0851823092 0.927393198
v -1.68679917 0.0851822942 0.95670706
v -1.71658623 0.0961489528 0.889941037
v -1.70589602 0.0961489528 0.917779088
v -1.69728839 0.099999927 0.886189342
v -1.66389894 0.099999927 0.888709068
v -1.68951237 0.099999927 0.90643847
v -1.64729726 0.0999999195 0.903462648
v -1.66540146 0.0999999195 0.927865148
v -1.57886565 0.0999999195 0.945425034
v -1.67698181 0.0961489379 0.943474293
v -1.60137236 0.0999999195 0.96712786
v -1.52980387 0.0999999046 1.03237772
v -1.61576879 0.0961489528 0.981010079
v -1.55745161 0.0999987647 1.04496932
v -1.50296748 0.0999998972 1.10799885
v -1.62797356 0.0851822942 0.992778897
v -1.53031838 0.0999998972 1.12142682
v -1.457865 0.099996835 1.17809486
v -1.57513654 0.0961470529 1.05302358
v -1.59012914 0.085179776 1.05985165
v -1.48381865 0.0999979749 1.19369423
v -1.38588953 0.0999998674 1.30657983
v -1.54781342 0.0961489081 1.13001597
v -1.56264496 0.0851822495 1.13729751
v -1.41261947 0.0999998674 1.32079315
v -1.31857252 0.0999998525 1.44016087
v -1.50042009 0.096147716 1.20367241
v -1.51449394 0.0851816684 1.2121315
v -1.34571648 0.0999998525 1.45355272
v -1.29208446 0.099999845 1.49501574
v -1.42971742 0.0961488783 1.32988477
v -1.44421244 0.0851822048 1.33759224
v -1.31695592 0.099999845 1.51311409
v -1.27314353 0.0999998376 1.51310956
v -1.36307919 0.0961488783 1.46211886
v -1.37779868 0.0851822197 1.46938086
v -1.29178822 0.0999986976 1.53715611
v -1.21386921 0.0999998376 1.54998672
v -1.332865 0.0961488634 1.52469075
v -1.34635198 0.0851822123 1.53450489
v -1.24319947 0.0999998376 1.5673852
v -1.2088685 0.0999998227 1.63833082
v -1.30371428 0.0961469859 1.55253744
v -1.31382489 0.0851797238 1.56557727
v -1.23957276 0.0999998227 1.63146007
v -1.25445795 0.0999998152 1.7224133
v -1.26196063 0.096148856 1.57851422
v -1.27786565 0.0851822048 1.58794892
v -1.27932048 0.0999998152 1.70476842
v -1.33309567 0.0999998003 1.80895638
v -1.25921273 0.0961488485 1.62706518
v -1.27586246 0.0851822048 1.62333941
v -1.3501184 0.0999998003 1.78268349
v -1.4424336 0.0999997929 1.84477866
v -1.29522371 0.0961488485 1.69348192
v -1.28698766 0.0687694699 1.62084997
v -1.29222488 0.049409315 1.59646678
v -1.44831109 0.0999986604 1.81485415
v -1.55570793 0.0999997929 1.85286558
v -1.30870581 0.0851822048 1.68391371
v -1.36100698 0.0961488336 1.7658782
v -1.29089427 0.0494093224 1.61997581
v -1.29222488 -0.049409654 1.59646678
v -1.55886924 0.0999986604 1.82274723
v -1.69324517 0.0999997929 1.87195158
v -1.31771421 0.0687694773 1.67752039
v -1.37023783 0.0851822048 1.75163138
v -1.45207059 0.096146971 1.79571319
v -1.29089427 -0.0494096801 1.61997581
v -1.70046496 0.0999997929 1.8423965
v -1.88719249 0.0999997854 1.94083953
v -1.32087755 0.0494093448 1.67527533
v -1.3764056 0.0687694922 1.74211192
v -1.45525765 0.0851797312 1.77948618
v -1.56089139 0.0961469635 1.80348217
v -1.28698766 -0.0687698275 1.62084997
v -1.32087755 -0.0494097173 1.67527533
v -1.37857151 0.049409382 1.73876917
v -1.45738721 0.0687666237 1.76864362
v -1.56260562 0.0851797312 1.78715014
v -1.70508301 0.0961488336 1.82349169
v -1.31771421 -0.0687698498 1.67752039
v -1.37857151 -0.0494097732 1.73876917
v -1.45813501 0.0494063906 1.76483643
v -1.5637511 0.0687666386 1.77623737
v -1.30870581 -0.0851825774 1.68391371
v -1.3764056 -0.0687698945 1.74211192
v -1.37023783 -0.0851826072 1.75163138
v -1.45813501 -0.0494067818 1.76483643
v -1.45525765 -0.0851801187 1.77948618
v -1.45738721 -0.0687670112 1.76864362
v -1.56415331 0.0494064093 1.77240539
v -1.56260562 -0.0851801485 1.78715014
v -1.5637511 -0.068767041 1.77623737
v -1.56415331 -0.0494068004 1.77240539
v -1.70899808 -0.085182637 1.80746484
v -1.71161401 -0.0687699318 1.79675627
v -1.71253264 -0.049409844 1.79299593
v -1.71253264 0.0494094379 1.79299593
v -1.71161401 0.0687695295 1.79675627
v -1.91313446 -0.0851801485 1.87997198
v -1.91744232 -0.0687670335 1.86986423
v -1.91895509 -0.0494067855 1.86631489
v -1.91895509 0.0494063646 1.86631489
v -2.07762122 -0.0851801336 1.96238875
v -2.08330441 -0.0687670037 1.95296991
v -2.08529997 -0.0494067371 1.94966245
v -2.19118404 -0.0851795673 2.04368663
v -2.19809866 -0.0687668175 2.03514957
v -2.28200054 -0.0851825923 2.12665844
v -1.91744232 0.0687666014 1.86986423
v -2.08529997 0.0494063012 1.94966245
v -2.20052695 -0.0494066589 2.0321517
v -2.29053307 -0.0687698126 2.1195991
v -2.34001684 -0.0851820111 2.22088194
v -2.08330441 0.0687665716 1.95296991
v -2.20052695 0.0494061932 2.0321517
v -2.29352927 -0.0494096093 2.11712003
v -2.35005283 -0.0687696189 2.2162652
v -2.37214422 -0.0851825774 2.32103276
v -2.19809866 0.0687663555 2.03514957
v -2.29352927 0.0494091287 2.11712003
v -2.3535769 -0.049409546 2.21464396
v -2.38270593 -0.068769753 2.31805372
v -2.29053307 0.0687693208 2.1195991
v -2.3535769 0.0494090356 2.21464396
v -2.38641453 -0.0494095199 2.31700778
v -2.35005283 0.0687691122 2.2162652
v -2.38641453 0.0494089834 2.31700778
v -2.38270593 0.0687692165 2.31805372
v -2.40414238 -0.0687696338 2.40587711
v -2.40801239 -0.0494095273 2.40549231
v -2.40801239 0.0494089611 2.40549231
v -2.40414238 0.0687690675 2.40587711
v -2.39312124 -0.0851820409 2.40697336
v -2.37662697 -0.0961481184 2.40861392
v -2.37214422 0.0851820409 2.32103276
v -2.39312124 0.0851814747 2.40697336
v -2.34001684 0.0851815045 2.22088194
v -2.28200054 0.0851821005 2.12665844
v -2.19118404 0.0851791054 2.04368663
v -2.07762122 0.0851797014 1.96238875
v -1.91313446 0.0851797163 1.87997186
v -1.70899808 0.0851822272 1.80746496
v -1.90668714 0.0961469412 1.89509916
v -2.06911612 0.0961469412 1.97648478
v -2.18083525 0.0961457491 2.056463
v -2.26923132 0.096148774 2.13722324
v -1.89908206 0.0999986455 1.91294301
v -2.04339886 0.0999997705 2.0191071
v -2.05908346 0.099998638 1.99311221
v -2.14954424 0.0999967158 2.09509468
v -2.16862822 0.0999967158 2.07153368
v -2.2306211 0.0999997556 2.169168
v -2.25416899 0.0999997556 2.14968538
v -2.27958083 0.0999966934 2.24868393
v -2.30727911 0.0999978334 2.23594213
v -2.30854464 0.0999997333 2.33897138
v -2.32499647 0.0961475745 2.22779155
v -2.33769274 0.0999997333 2.33074999
v -2.32675362 0.0999966711 2.41357398
v -2.35633779 0.0961487368 2.32549095
v -2.35717058 0.099997811 2.41054893
v -2.32402825 0.0999997109 2.47977901
v -2.37662697 0.0961475521 2.40861392
v -2.35405397 0.0999997109 2.48624754
v -2.3061142 0.0999997035 2.52421212
v -2.37326026 0.0961487219 2.49038529
v -2.3304863 0.0999997035 2.54470468
v -2.28321934 0.0999997035 2.53843093
v -2.38954282 0.0851820335 2.49389291
v -2.29366755 0.0999997035 2.56757069
v -2.23602176 0.0999997035 2.54473567
v -2.34607601 0.096148707 2.55781269
v -2.4004221 0.0687692165 2.4962368
v -2.23536921 0.099999696 2.57535839
v -2.17863321 0.0999997035 2.53456402
v -2.35929227 0.085182026 2.56892538
v -2.30035067 0.0961487144 2.58621025
v -2.40424252 0.0494089834 2.49705982
v -2.16798615 0.0999997035 2.56341553
v -2.10664892 0.0999997109 2.49222851
v -2.36812305 0.068769224 2.57635045
v -2.30601645 0.0851820409 2.60201168
v -2.23495173 0.0961486995 2.59494615
v -2.40424252 -0.0494095609 2.49705982
v -2.09266877 0.0999985635 2.51911974
v -1.98330534 0.0999997184 2.43607712
v -2.37122393 0.0494090132 2.5789578
v -2.30980206 0.0687692538 2.61257029
v -2.23459768 0.0851820409 2.611552
v -2.16117573 0.0961487293 2.58187008
v -2.4004221 -0.0687698051 2.4962368
v -1.97270226 0.0999997109 2.46450567
v -1.83803737 0.0999997258 2.39323688
v -2.37122393 -0.0494096205 2.5789578
v -2.31113148 0.0494090579 2.61627793
v -2.23436117 0.0687692761 2.62264776
v -2.15540218 0.0851820856 2.59751511
v -2.08372641 0.0961468667 2.53632092
v -1.8317554 0.0999997184 2.42293978
v -1.73090994 0.0999997258 2.3792243
v -1.96592009 0.0961487293 2.48268986
v -2.07614541 0.0851796046 2.55090332
v -2.15154433 0.0687693283 2.60796905
v -2.2342782 0.0494090989 2.62654424
v -1.72923911 0.0999985784 2.4095304
v -1.63062859 0.0999997258 2.38122153
v -1.82773709 0.0961487442 2.44193935
v -1.96017039 0.0851821005 2.49810576
v -2.07107997 0.0687664598 2.56064677
v -1.63087106 0.0999985784 2.41148949
v -1.52509093 0.0999997258 2.38081074
v -1.72817039 0.0961468667 2.4289155
v -1.82433069 0.0851821154 2.45804644
v -1.5219717 0.0999997184 2.41106582
v -1.39648497 0.0999997258 2.35452986
v -1.63102615 0.0961468816 2.43085051
v -1.39005697 0.0999997258 2.38410854
v -1.29376364 0.0999997333 2.33086753
v -2.15018964 0.049409166 2.61164021
v -1.95632863 0.0687693655 2.5084064
v -1.7272644 0.0851796269 2.44534945
v -1.5199765 0.0961487442 2.43041825
v -1.29677176 0.0999997258 2.36261988
v -1.24163389 0.0999997258 2.35385466
v -2.06930137 0.0494061671 2.56406808
v -1.82205462 0.0687693954 2.46880865
v -1.63115764 0.0851796418 2.44726372
v -1.38594532 0.0961487517 2.40302849
v -1.25699258 0.0999997258 2.38016081
v -1.1819427 0.0999997184 2.39844608
v -1.95497942 0.0494092442 2.51202369
v -1.72665894 0.0687665045 2.4563303
v -1.51828516 0.0851821005 2.44682455
v -1.29869592 0.0961487442 2.38293052
v -1.20247698 0.0999997184 2.42088604
v -1.12112999 0.0999997109 2.46636772
v -1.82125533 0.049409274 2.47258782
v -1.63124549 0.0687665045 2.45823097
v -1.38245952 0.0851821005 2.41906834
v -1.26681685 0.0961487368 2.39698768
v -1.15454912 0.0999997109 2.47441626
v -1.13836658 0.0999997035 2.53180408
v -1.72644639 0.0494062528 2.46018648
v -1.51715493 0.0687693655 2.4577868
v -1.30032706 0.0851820856 2.40014887
v -1.2156117 0.0961487368 2.43523979
v -1.16712523 0.0999997035 2.52215934
v -1.14721441 0.0999997035 2.55335259
v -1.63127637 0.0494062416 2.46208191
v -1.38013053 0.0687693506 2.42978549
v -1.27514541 0.0851820707 2.41125274
v -1.17592597 0.0961487293 2.47956467
v -1.17636442 0.0999997035 2.54466128
v -1.14979064 0.0999966487 2.56675363
v -1.51675808 0.0494092368 2.4616363
v -1.30141711 0.0687693208 2.411654
v -1.2267468 0.0851820707 2.4474082
v -1.18552077 0.0961487144 2.51599002
v -1.18003535 0.0999977887 2.56375623
v -1.15011799 0.099999696 2.60959315
v -1.37931263 0.0494091921 2.43354893
v -1.28071046 0.0687693059 2.42078447
v -1.19404829 0.0851820558 2.48392916
v -1.19501042 0.0961487219 2.53910184
v -1.18031359 0.0999985561 2.60016012
v -1.18586016 0.0999996886 2.66206932
v -1.30179977 0.0494091548 2.41569352
v -1.23418713 0.068769291 2.45553899
v -1.20111561 0.0851820409 2.51075983
v -1.19938135 0.0961475372 2.56183887
v -1.2040956 0.0999996886 2.635077
v -1.25881481 0.0999996811 2.67803431
v -1.28266454 0.049409125 2.42413139
v -1.20615721 0.0687692761 2.48684549
v -1.21081769 0.0851820484 2.53438878
v -1.19962835 0.0961468369 2.59412646
v -1.26669621 0.0999985486 2.64877605
v -1.32170367 0.0999996811 2.69823599
v -1.23679972 0.0494090952 2.45839405
v -1.21153581 0.0687692538 2.50726509
v -1.21578228 0.0851814896 2.56021333
v -1.21575999 0.096148707 2.61781144
v -1.3365643 0.0999996811 2.67121983
v -1.34888625 0.0999966338 2.72089863
v -1.21040916 0.0494090766 2.4878695
v -1.21040916 0.0494090766 2.4878695
v -1.22137976 0.0687692612 2.53123951
v -1.21519494 0.0494090579 2.50603795
v -1.21040916 -0.049409654 2.4878695
v -1.23679972 -0.0494096689 2.45839405
v -1.21040916 -0.049409654 2.4878695
v -1.21519494 -0.0494096503 2.50603795
v -1.20615721 -0.0687698573 2.48684549
v -1.2250886 0.0494090505 2.53013372
v -1.22674084 0.0687691122 2.55912733
v -1.28266454 -0.0494096838 2.42413139
v -1.23418713 -0.0687698573 2.45553899
v -1.21600246 0.0851795599 2.58901119
v -1.30179977 -0.0494097136 2.41569352
v -1.28071046 -0.0687698722 2.42078447
v -1.37931263 -0.0494097508 2.43354893
v -1.30141711 -0.0687698871 2.411654
v -1.51675808 -0.0494098105 2.4616363
v -1.38013053 -0.068769902 2.42978549
v -1.63127637 -0.0494068153 2.46208191
v -1.51715493 -0.0687699541 2.4577868
v -1.72644639 -0.0494068265 2.46018648
v -1.63124549 -0.0687670782 2.45823097
v -1.82125533 -0.0494098477 2.47258782
v -1.72665894 -0.0687670857 2.4563303
v -1.95497942 -0.0494098291 2.51202369
v -1.82205462 -0.0687699616 2.46880865
v -2.06930137 -0.0494067706 2.56406808
v -1.95632863 -0.068769969 2.5084064
v -2.15018964 -0.0494097658 2.61164021
v -2.07107997 -0.0687670559 2.56064677
v -2.2342782 -0.0494097173 2.62654424
v -2.15154433 -0.0687699318 2.60796905
v -2.31113148 -0.0494096652 2.61627793
v -2.23436117 -0.068769902 2.62264776
v -2.36812258 -0.0687698349 2.57635021
v -2.30980206 -0.0687698647 2.61257029
v -2.38954282 -0.0851826221 2.49389291
v -2.35929203 -0.085182637 2.56892514
v -2.37326026 -0.0961493105 2.49038529
v -2.30601645 -0.0851826519 2.60201168
v -2.23459768 -0.0851826668 2.611552
v -2.35405397 -0.100000292 2.48624754
v -2.3061142 -0.1000003 2.52421212
v -2.34607553 -0.0961493105 2.55781269
v -2.33048606 -0.1000003 2.54470468
v -2.28321934 -0.1000003 2.53843093
v -2.30035067 -0.0961493179 2.58621025
v -2.29366755 -0.1000003 2.56757069
v -2.23602176 -0.1000003 2.54473567
v -2.15540218 -0.0851826817 2.59751511
v -2.23495173 -0.0961493254 2.59494615
v -2.23536921 -0.100000307 2.57535839
v -2.17863321 -0.1000003 2.53456402
v -2.07614541 -0.0851802006 2.55090332
v -2.16117573 -0.0961493254 2.58187008
v -2.16798615 -0.1000003 2.56341553
v -2.10664892 -0.100000292 2.49222851
v -1.96017039 -0.0851826966 2.49810576
v -2.08372641 -0.0961474553 2.53632092
v -2.09266877 -0.0999991596 2.51911974
v -1.98330534 -0.100000285 2.43607712
v -1.82433069 -0.0851826817 2.45804644
v -1.96592009 -0.0961493254 2.48268986
v -1.97270226 -0.100000292 2.46450567
v -1.83803737 -0.100000277 2.39323688
v -1.7272644 -0.0851802081 2.44534945
v -1.82773709 -0.0961493105 2.44193935
v -1.8317554 -0.100000285 2.42293978
v -1.73090994 -0.100000277 2.3792243
v -1.63115764 -0.0851802081 2.44726372
v -1.72817039 -0.0961474478 2.4289155
v -1.72923911 -0.0999991447 2.4095304
v -1.63062859 -0.100000277 2.38122153
v -1.51828516 -0.0851826817 2.44682455
v -1.63102615 -0.0961474478 2.43085051
v -1.63087106 -0.0999991447 2.41148949
v -1.52509093 -0.100000277 2.38081074
v -1.38245952 -0.0851826519 2.41906834
v -1.5199765 -0.0961493179 2.43041825
v -1.5219717 -0.100000285 2.41106582
v -1.39648497 -0.100000277 2.35452986
v -1.30032706 -0.0851826519 2.40014887
v -1.38594532 -0.0961492956 2.40302849
v -1.39005697 -0.100000277 2.38410854
v -1.29376364 -0.10000027 2.33086753
v -1.27514541 -0.085182637 2.41125274
v -1.29869592 -0.0961493105 2.38293052
v -1.29677176 -0.100000277 2.36261988
v -1.24163389 -0.100000277 2.35385466
v -1.2267468 -0.085182637 2.4474082
v -1.26681685 -0.096149303 2.39698768
v -1.25699258 -0.100000277 2.38016081
v -1.1819427 -0.100000285 2.39844608
v -1.2156117 -0.096149303 2.43523979
v -1.20247698 -0.100000285 2.42088604
v -1.12112999 -0.100000292 2.46636772
v -1.19404829 -0.085182637 2.48392916
v -1.15454912 -0.100000292 2.47441626
v -1.13836658 -0.1000003 2.53180408
v -1.17592597 -0.0961493105 2.47956467
v -1.21153581 -0.0687698573 2.50726509
v -1.16712523 -0.1000003 2.52215934
v -1.14721441 -0.1000003 2.55335259
v -1.18552077 -0.0961493105 2.51599002
v -1.20111561 -0.085182637 2.51075983
v -1.2250886 -0.0494096428 2.53013372
v -1.17636442 -0.1000003 2.54466128
v -1.14979064 -0.0999972597 2.56675363
v -1.22137976 -0.0687698573 2.53123951
v -1.19501042 -0.0961493254 2.53910184
v -1.21081769 -0.0851826444 2.53438878
v -1.23058915 0.0494090617 2.55874586
v -1.18003535 -0.0999983996 2.56375623
v -1.15011799 -0.100000307 2.60959315
v -1.23058915 -0.0494096577 2.55874586
v -1.22674084 -0.0687697083 2.55912733
v -1.19938135 -0.0961481407 2.56183887
v -1.21578228 -0.0851820856 2.56021333
v -1.22694325 0.0687663704 2.58559346
v -1.18031359 -0.099999167 2.60016012
v -1.18586016 -0.100000314 2.66206932
v -1.23078513 0.0494060479 2.58439326
v -1.23078513 -0.0494066589 2.58439326
v -1.22694325 -0.0687669814 2.58559346
v -1.19962835 -0.0961474553 2.59412646
v -1.21600246 -0.0851801708 2.58901119
v -1.22564864 0.0851820484 2.60317421
v -1.23225594 0.068769291 2.5933938
v -1.23457623 0.0494091175 2.58995938
v -1.23457623 -0.0494097322 2.58995938
v -1.23225594 -0.068769902 2.5933938
v -1.22564864 -0.0851826668 2.60317421
v -1.27173758 0.0961468369 2.63006115
v -1.27601147 0.0851795748 2.61419511
v -1.27886713 0.0687664002 2.60359383
v -1.27986991 0.0494060814 2.59987116
v -1.27986991 -0.0494066961 2.59987116
v -1.34606981 0.0961487144 2.65393901
v -1.35412836 0.0851820558 2.63928866
v -1.35951281 0.068769291 2.62949991
v -1.37211132 0.0999977738 2.70085573
v -1.36605227 0.0999996737 2.74901462
v -1.38696742 0.0961475223 2.68803525
v -1.39315641 0.0999996737 2.73532534
v -1.38337159 0.0999996662 2.79147983
v -1.39956176 0.0851814747 2.67716646
v -1.3614037 0.0494090989 2.62606215
v -1.4098419 0.0999996662 2.77623653
v -1.42131352 0.0999996588 2.84059906
v -1.41049337 0.0961486995 2.72656894
v -1.40797687 0.0687691197 2.66990423
v -1.438398 0.0999985263 2.813205
v -1.49197221 0.0999996588 2.85508299
v -1.42519116 0.0851820409 2.71914554
v -1.42677379 0.0961486995 2.76648617
v -1.49723279 0.0999985263 2.82526517
v -1.54905605 0.0999996588 2.86353946
v -1.44932616 0.0961468294 2.79568243
v -1.4411279 0.0851820558 2.7582202
v -1.43501186 0.068769291 2.71418548
v -1.41093183 0.049409084 2.66735435
v -1.55774474 0.0999996588 2.83422947
v -1.57128942 0.0999996588 2.87371755
v -1.50059772 0.0961468294 2.8061924
v -1.45859051 0.0851795822 2.78082752
v -1.45071888 0.0687693208 2.75269699
v -1.58890212 0.0999996588 2.84849286
v -1.58826113 0.0999996588 2.89083838
v -1.56330252 0.0961486921 2.81548119
v -1.50345027 0.0851795822 2.79002309
v -1.6123023 0.0999996588 2.87209845
v -1.60652614 0.0999996513 2.92108917
v -1.60016799 0.0961486846 2.83235812
v -1.63409734 0.0999996513 2.90819597
v -1.61958611 0.0999996439 2.95901418
v -1.43846059 0.0494091101 2.71244359
v -1.46478081 0.0687664449 2.77090168
v -1.56801403 0.0851820558 2.79958749
v -1.62768018 0.0961486846 2.86011147
v -1.64839661 0.0999996439 2.94971967
v -1.6341753 0.0999996439 3.0074625
v -1.45408678 0.049409166 2.75075769
v -1.50535631 0.0687664598 2.77921915
v -1.6097188 0.0851820484 2.81867957
v -1.65173328 0.0961486846 2.89994884
v -1.66067505 0.0999985039 2.99049497
v -1.66027725 0.0999996364 3.03055263
v -1.46695459 0.0494061783 2.76741624
v -1.57116222 0.0687693357 2.78896761
v -1.64071679 0.0851820409 2.84994936
v -1.66682529 0.0961486697 2.94377446
v -1.6809622 0.0999996364 3.00844097
v -1.69010937 0.0999996364 3.06005836
v -1.50602567 0.0494061932 2.7754252
v -1.61610055 0.0687693134 2.80953979
v -1.66668439 0.0851820409 2.89295721
v -1.67762566 0.0961468071 2.97964144
v -1.71519601 0.0999996364 3.04230022
v -1.72858644 0.0999996215 3.14156103
v -1.57226777 0.0494092032 2.78523827
v -1.64942765 0.0687693059 2.84315944
v -1.68244827 0.0851820409 2.93873429
v -1.69419336 0.0961486697 2.99429703
v -1.75734878 0.0999996215 3.13158894
v -1.76077139 0.0999996066 3.28128195
v -1.61834157 0.0494091772 2.8063302
v -1.67667437 0.0687693059 2.88828564
v -1.69199562 0.0851795524 2.97044039
v -1.73124266 0.0961486548 3.03094149
v -1.7906146 0.0999996066 3.27600265
v -1.76966357 0.0999995917 3.35274935
v -1.65248656 0.0494091548 2.84077501
v -1.69288719 0.0687693059 2.93536663
v -1.70541 0.085182026 2.98230672
v -1.77574646 0.0961486474 3.12521029
v -1.80060947 0.0999995917 3.35633254
v -1.74586058 0.0999995843 3.41709042
v -1.68018222 0.0494091623 2.88664508
v -1.70159745 0.0687664151 2.96429253
v -1.74484634 0.0851820111 3.02131176
v -1.80970383 0.0961486325 3.27262568
v -1.7729218 0.0999995843 3.43117404
v -1.67514014 0.0999995694 3.51927471
v -1.69655287 0.0494091734 2.93418407
v -1.71290481 0.068769291 2.9742949
v -1.79134333 0.0851819962 3.11980271
v -1.82040405 0.0961486101 3.35862446
v -1.69842267 0.0999995694 3.5388186
v -1.62563729 0.0999995619 3.56820154
v -1.70496917 0.0494061336 2.96213365
v -1.75393605 0.0687692612 3.01487756
v -1.82588696 0.0851819813 3.26976275
v -1.7902317 0.0961486101 3.44018292
v -1.64230049 0.0999995619 3.59428763
v -1.5848577 0.0999995619 3.58342767
v -1.71553659 0.0494091511 2.97148156
v -1.80176497 0.0687692463 3.11618948
v -1.83718538 0.0851819515 3.36056757
v -1.71331525 0.0961485952 3.55131984
v -1.59110224 0.099998422 3.61340404
v -1.51026845 0.0999995619 3.58741546
v -1.757128 0.0494091064 3.01261806
v -1.8367002 0.0687692165 3.26784968
v -1.80490613 0.0851819515 3.44781995
v -1.65295911 0.0961485878 3.61097336
v -1.51329827 0.099998422 3.61756372
v -1.41814673 0.0999995619 3.60104775
v -1.80542457 0.0494090766 3.11492062
v -1.84839797 0.0687691867 3.361866
v -1.7259407 0.0851819441 3.56191802
v -1.59509659 0.0961467028 3.63257837
v -1.42374158 0.0999995545 3.63081598
v -1.34751534 0.0999995545 3.61718702
v -1.84049726 0.049409043 3.26717806
v -1.81471145 0.0687691942 3.45292306
v -1.66199505 0.0851819441 3.62511921
v -1.51523638 0.0961467177 3.63684821
v -1.35688365 0.0999995545 3.64609313
v -1.30295479 0.0999995545 3.63614154
v -1.85233533 0.0494090244 3.36232185
v -1.73437667 0.0687691867 3.56899929
v -1.59848273 0.0851794481 3.64883327
v -1.42732036 0.0961485729 3.64985776
v -1.32026362 0.0999995545 3.66166997
v -1.28034961 0.0999965072 3.65893149
v -1.81815445 0.049409017 3.45471501
v -1.66803265 0.0687692016 3.63457084
v -1.51687932 0.0851794481 3.65319633
v -1.36287606 0.0961485654 3.66458297
v -1.29851735 0.0999976471 3.68359399
v -1.26112378 0.0999995545 3.66894913
v -1.7373389 0.0494090207 3.571486
v -1.60074532 0.0687662959 3.65969467
v -1.43035436 0.0851819217 3.66600037
v -1.33133543 0.0961485654 3.67799926
v -1.27182674 0.099999547 3.69750094
v -1.18942153 0.099999547 3.68626451
v -1.6701529 0.049409043 3.6378901
v -1.51797712 0.0687662959 3.66411996
v -1.36795616 0.0851818919 3.68025804
v -1.31013846 0.0961473882 3.69936943
v -1.20263016 0.099999547 3.71421123
v -1.12116194 0.0999995396 3.73773503
v -1.60153985 0.0494060218 3.66350865
v -1.43238151 0.0687691569 3.67678642
v -1.34072149 0.085181877 3.69184279
v -1.27867305 0.0961485505 3.71576428
v -1.14006352 0.0999995396 3.76138926
v -1.05318832 0.0999995321 3.79525399
v -1.51836264 0.0494060032 3.66795564
v -1.37135065 0.0687691048 3.69073176
v -1.3199904 0.0851813108 3.71274328
v -1.21107912 0.0961485505 3.73208761
v -1.07119012 0.0999995321 3.81966949
v -0.952003479 0.0999995247 3.8598783
v -1.43309331 0.0494089797 3.6805737
v -1.34699321 0.0687690675 3.70109248
v -1.284477 0.0851818547 3.73124743
v -1.15215421 0.0961485505 3.77651978
v -0.970592797 0.0999995247 3.88391876
v -0.801685929 0.0999995098 3.99936962
v -1.37254262 0.0494089089 3.69440961
v -1.32657313 0.0687688962 3.72167921
v -1.21824193 0.0851818621 3.74724245
v -1.08270514 0.0961485356 3.83528709
v -0.866193473 0.0999995098 3.98079896
v -1.00216091 0.0999995023 4.03739548
v -1.34919548 0.0494088419 3.7043407
v -1.28835523 0.0687690377 3.74159288
v -1.16240406 0.0851818621 3.78934693
v -0.982483506 0.0961485282 3.89929628
v -1.00832939 0.0999995023 4.00775909
v -1.06712604 0.0999995023 4.05212545
v -1.32888484 0.0494087972 3.72481728
v -1.22302794 0.0687690452 3.75736856
v -1.09246707 0.0851818472 3.84852719
v -0.907455921 0.0961485207 3.96892023
v -1.08225656 0.0999995023 4.02452135
v -1.0884676 0.0999994949 4.07323074
v -1.28971696 0.0494087934 3.74522567
v -1.16925275 0.0687690452 3.7979176
v -0.992563963 0.0851818472 3.91233277
v -1.0122751 0.0961485207 3.98880243
v -1.11513686 0.0999994949 4.05703735
v -1.09938931 0.0999994949 4.10848618
v -0.942436695 0.0851818323 3.95884991
v -0.942436695 0.0851818323 3.95884991
v -1.09898973 0.0687690377 3.85737371
v -0.999299645 0.0687690377 3.92104363
v -0.965810061 0.0687690377 3.95212078
v -1.09193492 0.0961485207 4.00686407
v -1.01562011 0.0851818323 3.97273111
v -0.965810061 0.0687690377 3.95212078
v -1.00166476 0.0494088195 3.92410231
v -0.974017799 0.0494088195 3.94975805
v -1.10128009 0.0494088158 3.86048031
v -1.01785517 0.0687690377 3.96199298
v -0.974017799 0.0494088195 3.94975805
v -1.10013986 0.0851818472 3.99189496
v -1.13219619 0.0961485058 4.0466795
v -1.00166476 -0.0494097807 3.92410231
v -0.974017799 -0.0494097993 3.94975805
v -1.01864004 0.0494088233 3.95822191
v -0.974017799 -0.0494097993 3.94975805
v -1.10562205 0.0687690526 3.98189306
v -1.01864004 -0.0494098067 3.95822191
v -0.965810061 -0.0687700212 3.95212078
v -1.12916553 0.0999994949 4.10232162
v -1.10387588 0.0999994874 4.14992142
v -1.14665818 0.0851818323 4.03789806
v -1.10754728 0.0494088344 3.97838068
v -1.01785517 -0.0687700212 3.96199298
v -0.942436695 -0.0851828158 3.95884991
v -1.13398325 0.0999994874 4.14681721
v -1.10878515 0.0999994799 4.20004368
v -1.14821184 0.0961485207 4.09837866
v -1.15632141 0.0687690377 4.03203106
v -1.10754728 -0.0494098179 3.97838068
v -1.01562011 -0.0851828307 3.97273111
v -0.907455921 -0.0961495042 3.96892023
v -1.13874149 0.0999994799 4.1953969
v -1.11983395 0.0999994725 4.2518425
v -1.16435862 0.0851818398 4.09503603
v -1.15324175 0.0961485058 4.14483166
v -1.15971446 0.0494088344 4.02997065
v -1.10562205 -0.0687700361 3.98189306
v -1.14910829 0.0999994725 4.24399853
v -1.130826 0.099999465 4.28575373
v -1.17514753 0.0687690526 4.09280252
v -1.16956818 0.0851818398 4.14314795
v -1.15790343 0.0961485058 4.1924243
v -1.15971446 -0.0494098328 4.02997065
v -1.16130304 0.0999983251 4.28161955
v -1.12897241 0.099999465 4.32802486
v -1.17893624 0.0494088382 4.09201813
v -1.18047726 0.0687690526 4.14202309
v -1.17414796 0.0851818323 4.18990469
v -1.16783369 0.096148476 4.23898077
v -1.15897179 0.099999465 4.33478451
v -1.10856473 0.0999994576 4.37637138
v -1.1807977 0.0961466134 4.27897549
v -1.18370843 0.0851818174 4.23472738
v -1.18500221 0.0687690526 4.18822098
v -1.18430781 0.0494088456 4.14162827
v -1.13349807 0.0999994576 4.39513206
v -1.06709301 0.0999994501 4.40991497
v -1.17816091 0.0961484909 4.33910799
v -1.19732451 0.0851793364 4.2767334
v -1.19431555 0.0687690526 4.23188496
v -1.08002293 0.0999994501 4.43838406
v -1.00089586 0.0999994501 4.42145061
v -1.14944696 0.0961484686 4.40713263
v -1.19442868 0.0851818323 4.34277344
v -1.00148702 0.0999994427 4.45207024
v -0.931166291 0.0999994501 4.41205597
v -1.08829379 0.096148476 4.45659447
v -0.923589349 0.0999994501 4.44157505
v -0.886768818 0.0999994501 4.39490795
v -1.18881357 0.0494088568 4.1876297
v -1.20836747 0.0687661618 4.27523565
v -1.16296768 0.0851818025 4.41730595
v -1.00186515 0.0961484537 4.47165632
v -0.877408028 0.0999994501 4.423738
v -0.816060781 0.0999994576 4.37615013
v -1.19804037 0.0494088754 4.23088694
v -1.20529854 0.0687690526 4.34522247
v -1.09530544 0.0851818025 4.47203255
v -0.918742657 0.0961484611 4.46045732
v -0.823314667 0.0999994501 4.40938759
v -0.750673532 0.0999964029 4.43001366
v -1.21224523 0.0494058505 4.2747097
v -1.17200196 0.0687690228 4.42410374
v -1.00218582 0.0851817876 4.48826027
v -0.871420145 0.0961484611 4.44217968
v -0.772480667 0.0999975428 4.45126343
v -0.699266434 0.0999994427 4.49581814
v -1.20911562 0.049408868 4.34608269
v -1.09999061 0.0687690228 4.48234844
v -0.91463387 0.0851817951 4.47646427
v -0.82795471 0.0961484611 4.43064833
v -0.722784758 0.0999983028 4.51487732
v -0.664985061 0.0999994352 4.53660679
v -1.17517424 0.0494088419 4.42649078
v -1.00240004 0.0687690005 4.49935484
v -0.866343975 0.0851817951 4.45781374
v -0.786429644 0.0961472988 4.46485567
v -0.690234244 0.0999994352 4.55360699
v -0.637518764 0.0999994278 4.58857155
v -1.10163569 0.0494088233 4.4859705
v -0.911888361 0.0687690079 4.48716068
v -0.831888378 0.0851817951 4.44867277
v -0.737828255 0.096146591 4.52706861
v -0.670025587 0.0999982879 4.59184074
v -0.652874231 0.0999994203 4.64083576
v -1.00247526 0.0494088084 4.50325108
v -0.862952232 0.0687690079 4.46825981
v -0.798254967 0.0851812512 4.47637892
v -0.706384778 0.0961484611 4.56448126
v -0.682118356 0.0999994203 4.63299942
v -0.659793973 0.0999994129 4.66937637
v -0.910924315 0.0494088121 4.49091625
v -0.834516764 0.0687690079 4.46071577
v -0.750581503 0.0851793215 4.53740406
v -0.690818429 0.0961466059 4.59393215
v -0.690201998 0.099998273 4.6663413
v -0.658919811 0.0999994129 4.69184589
v -0.861761332 0.0494088121 4.47192764
v -0.806156278 0.0687688962 4.48407841
v -0.720076442 0.0851818249 4.57369995
v -0.700824022 0.0961484611 4.62798691
v -0.688877702 0.0999994129 4.70038033
v -0.635653853 0.0999994054 4.73284531
v -0.835439682 0.0494088158 4.46494484
v -0.835439682 0.0494088158 4.46494484
v -0.759103 0.0687661618 4.54430962
v -0.808930993 0.0494088531 4.48678207
v -0.835439682 -0.0494099297 4.46494484
v -0.861761332 -0.0494099222 4.47192764
v -0.835439682 -0.0494099297 4.46494484
v -0.808930993 -0.0494099632 4.48678207
v -0.834516764 -0.0687701255 4.46071577
v -0.762095332 0.0494058691 4.54673481
v -0.729225039 0.0687690973 4.57985973
v -0.910924315 -0.0494099222 4.49091625
v -0.862952232 -0.0687701181 4.46825981
v -0.708445668 0.0851793587 4.59570456
v -1.00247526 -0.0494099334 4.50325108
v -0.911888361 -0.0687701181 4.48716068
v -1.10163569 -0.0494099334 4.4859705
v -1.00240004 -0.0687701255 4.49935484
v -1.17517424 -0.0494099371 4.42649078
v -1.09999061 -0.0687701255 4.48234844
v -1.20911562 -0.049409952 4.34608269
v -1.17200184 -0.068770133 4.42410374
v -1.21224523 -0.049406901 4.2747097
v -1.20529854 -0.0687701255 4.34522247
v -1.19804037 -0.0494099297 4.23088694
v -1.20836735 -0.0687672198 4.27523565
v -1.18881357 -0.0494098999 4.1876297
v -1.19431555 -0.0687701106 4.23188496
v -1.18430781 -0.0494098738 4.14162827
v -1.18500221 -0.0687700957 4.18822098
v -1.17893624 -0.0494098514 4.09201813
v -1.18047726 -0.0687700808 4.14202309
v -1.15632141 -0.0687700361 4.03203106
v -1.17514753 -0.0687700659 4.09280252
v -1.10013986 -0.0851828307 3.99189496
v -1.14665818 -0.0851828381 4.03789806
v -1.16435862 -0.085182853 4.09503603
v -1.16956818 -0.0851828679 4.14314795
v -1.0122751 -0.0961495042 3.98880243
v -1.09193492 -0.0961495116 4.00686407
v -1.13219619 -0.0961495191 4.0466795
v -1.17414796 -0.0851828754 4.18990469
v -1.14821184 -0.096149534 4.09837866
v -1.15324175 -0.096149534 4.14483166
v -1.18370843 -0.0851828828 4.23472738
v -1.15790343 -0.0961495489 4.1924243
v -1.1973244 -0.0851804018 4.2767334
v -1.16783369 -0.0961495489 4.23898077
v -1.19442868 -0.0851828903 4.34277344
v -1.18079758 -0.0961476862 4.27897549
v -1.16296768 -0.0851829052 4.41730595
v -1.17816091 -0.0961495563 4.33910799
v -1.09530544 -0.0851829052 4.47203255
v -1.14944696 -0.0961495712 4.40713263
v -1.00218582 -0.0851829052 4.48826027
v -1.08829379 -0.0961495712 4.45659447
v -0.91463387 -0.0851828977 4.47646427
v -1.00186515 -0.0961495712 4.47165632
v -0.866343975 -0.0851828977 4.45781374
v -0.918742657 -0.0961495638 4.46045732
v -1.15897179 -0.100000538 4.33478451
v -1.13349807 -0.100000545 4.39513206
v -1.08002293 -0.100000553 4.43838406
v -1.00148702 -0.10000056 4.45207024
v -1.16130292 -0.099999398 4.28161955
v -1.14910829 -0.10000053 4.24399853
v -1.13874149 -0.100000523 4.1953969
v -1.13398325 -0.100000516 4.14681721
v -1.12916553 -0.100000508 4.10232162
v -1.11513686 -0.100000508 4.05703735
v -1.08225656 -0.100000501 4.02452135
v -1.00832939 -0.100000501 4.00775909
v -0.866193473 -0.100000493 3.98079896
v -1.11983395 -0.10000053 4.2518425
v -1.10878515 -0.100000523 4.20004368
v -1.130826 -0.100000538 4.28575373
v -1.10387588 -0.100000516 4.14992142
v -1.12897241 -0.100000538 4.32802486
v -1.09938931 -0.100000508 4.10848618
v -1.10856473 -0.100000545 4.37637138
v -1.0884676 -0.100000508 4.07323074
v -1.06709301 -0.100000553 4.40991497
v -1.06712604 -0.100000501 4.05212545
v -1.00089586 -0.100000553 4.42145061
v -1.00216091 -0.100000501 4.03739548
v -0.931166291 -0.100000553 4.41205597
v -0.801685929 -0.100000493 3.99936962
v -0.923589349 -0.100000553 4.44157505
v -0.886768818 -0.100000553 4.39490795
v -0.970592797 -0.100000478 3.88391876
v -0.952003479 -0.100000478 3.8598783
v -0.877408028 -0.100000553 4.423738
v -0.816060781 -0.100000545 4.37615013
v -0.871420145 -0.0961495638 4.44217968
v -1.07119012 -0.100000471 3.81966949
v -1.05318832 -0.100000471 3.79525399
v -0.982483506 -0.0961494967 3.89929628
v -0.942436695 -0.0851828158 3.95884991
v -0.823314667 -0.100000553 4.40938759
v -0.750673532 -0.0999975055 4.43001366
v -0.831888378 -0.0851829052 4.44867277
v -0.82795471 -0.0961495787 4.43064833
v -1.14006352 -0.100000463 3.76138926
v -1.12116194 -0.100000463 3.73773503
v -1.08270514 -0.0961494818 3.83528709
v -0.772480607 -0.0999986455 4.45126343
v -0.699266434 -0.10000056 4.49581814
v -0.806156278 -0.0687699988 4.48407841
v -0.786429644 -0.0961484015 4.46485615
v -0.798254967 -0.0851823539 4.47637892
v -1.20263016 -0.100000456 3.71421123
v -1.18942153 -0.100000456 3.68626451
v -0.722784758 -0.0999994203 4.51487732
v -0.664985061 -0.100000568 4.53660679
v -0.762095332 -0.0494069941 4.54673481
v -0.759103 -0.0687672943 4.54430962
v -0.737828255 -0.096147716 4.52706861
v -0.750581503 -0.085180454 4.53740406
v -0.690234244 -0.100000568 4.55360699
v -0.637518764 -0.100000575 4.58857155
v -0.732437491 0.0494089685 4.58202267
v -0.732437491 -0.0494101085 4.58202267
v -0.729225039 -0.0687702447 4.57985973
v -0.706384778 -0.096149601 4.56448126
v -0.720076442 -0.0851829723 4.57369995
v -0.670025587 -0.0999994352 4.59184074
v -0.652874231 -0.100000583 4.64083576
v -0.720223784 0.0687662289 4.5968895
v -0.724359751 0.0494059622 4.5973053
v -0.724359751 -0.0494071059 4.5973053
v -0.720223784 -0.0687673688 4.5968895
v -0.690818429 -0.0961477384 4.59393215
v -0.708445668 -0.0851804912 4.59570456
v -0.716681838 0.0851818323 4.62373734
v -0.727277756 0.0687691271 4.62089777
v -0.730998516 0.0494090058 4.6199007
v -0.730998516 -0.0494101644 4.6199007
v -0.727277756 -0.0687702894 4.62089777
v -0.716681838 -0.0851829946 4.62373734
v -0.709652185 0.0961465836 4.6644001
v -0.726141334 0.0851793438 4.66275406
v -0.737159014 0.0687662214 4.66165447
v -0.741027951 0.0494059473 4.66126823
v -0.741027951 -0.0494071059 4.66126823
v -0.708040059 0.0961484462 4.70583916
v -0.724285126 0.0851818174 4.71046734
v -0.735139668 0.0687690824 4.71355963
v -0.663618028 0.0999982655 4.7448926
v -0.616897583 0.099999398 4.79404354
v -0.681505561 0.0961465687 4.75259876
v -0.647632062 0.099999398 4.79705143
v -0.621701241 0.0999963433 4.8408432
v -0.696669698 0.0851792991 4.75913143
v -0.738951325 0.0494089499 4.71464539
v -0.65200454 0.0999974832 4.83965111
v -0.620417833 0.0999963358 4.89507198
v -0.667291403 0.0961484164 4.79897547
v -0.706802011 0.0687661394 4.7634964
v -0.650721908 0.0999974757 4.89385366
v -0.625696778 0.0999993831 4.94563389
v -0.683957815 0.0851817578 4.80060673
v -0.671388149 0.0961472243 4.83888865
v -0.655786395 0.0999982432 4.94236231
v -0.628688455 0.0999993756 4.97209454
v -0.670105934 0.0961472243 4.89307451
v -0.687820792 0.0851811618 4.83824253
v -0.69509393 0.0687689781 4.8016963
v -0.710359812 0.0494058393 4.76502895
v -0.659320235 0.0999993756 4.97361755
v -0.62349987 0.0999993756 4.9962101
v -0.675033331 0.096146524 4.94026947
v -0.686538935 0.0851811543 4.89241362
v -0.698800802 0.0687687844 4.83781052
v -0.652121186 0.0999993756 5.00707579
v -0.616770387 0.0999993682 5.00813484
v -0.678913832 0.0961483866 4.97459173
v -0.691350102 0.0851792246 4.93849516
v -0.641277671 0.0999993682 5.02629232
v -0.590011835 0.0999993682 5.03620148
v -0.670429111 0.0961483866 5.01402617
v -0.618587375 0.0999993682 5.05009079
v -0.582523108 0.0999993607 5.08809662
v -0.699004531 0.0494087897 4.8020792
v -0.697519183 0.0687687695 4.89197206
v -0.695524573 0.0851817131 4.97541761
v -0.656953752 0.0961483866 5.03790712
v -0.612746954 0.0999993607 5.0905652
v -0.581973553 0.0999993533 5.11604595
v -0.702656507 0.0494087078 4.83765888
v -0.702252626 0.0687660202 4.93730974
v -0.685949802 0.0851817131 5.01991844
v -0.636866093 0.0961483717 5.05897522
v -0.612186134 0.0999993533 5.11908436
v -0.577065349 0.0999993533 5.14289284
v -0.701374888 0.0494086891 4.89181709
v -0.706623554 0.0687689185 4.97596931
v -0.670243204 0.0851816982 5.04775333
v -0.632079959 0.0961483717 5.09214401
v -0.606238186 0.0999993533 5.15161848
v -0.555134654 0.0999993458 5.19469929
v -0.706081033 0.0494056717 4.93689346
v -0.696320236 0.0687689111 5.02385569
v -0.652362227 0.0851816833 5.06650734
v -0.631511927 0.0961483568 5.12102795
v -0.583305717 0.0999993458 5.20579195
v -0.521796465 0.0999993309 5.28609371
v -0.710520983 0.0494087115 4.97616291
v -0.679122925 0.0687688962 5.05433226
v -0.648469687 0.0851816833 5.09348297
v -0.624898791 0.0961483568 5.15719986
v -0.558330715 0.0999993309 5.27425861
v -0.583215714 0.0999962837 5.32761669
v -0.699961782 0.0494086891 5.02523804
v -0.662716269 0.0687688738 5.07153988
v -0.647895575 0.0851816535 5.1226759
v -0.601325333 0.0961483419 5.21288729
v -0.601287305 0.0999962837 5.3032999
v -0.601263285 0.0999962762 5.3423233
v -0.682240844 0.0494086668 5.05664253
v -0.659420967 0.0687688738 5.09437704
v -0.640718579 0.085181661 5.16193151
v -0.581700325 0.0961483419 5.26668835
v -0.624782681 0.0999974161 5.32244587
v -0.61471343 0.0999993235 5.36601734
v -0.666352153 0.0494086519 5.07330704
v -0.658842742 0.068768844 5.12377691
v -0.616601825 0.0851816386 5.21890211
v -0.61284703 0.0961452872 5.28774548
v -0.643297851 0.0999981835 5.35506296
v -0.624668241 0.0999962687 5.41146374
v -0.66326642 0.0494086333 5.09469128
v -0.651289105 0.0687688366 5.16509342
v -0.601511955 0.0851816237 5.2602706
v -0.639827192 0.0961471424 5.30973101
v -0.654754281 0.0999974087 5.40736437
v -0.62758708 0.0999962613 5.46427345
v -0.662686825 0.0494086072 5.12416363
v -0.626809359 0.0687687919 5.22292137
v -0.622646928 0.085178569 5.27455902
v -0.66158241 0.096146442 5.34805536
v -0.658003211 0.0999974012 5.46614456
v -0.619950891 0.0999993011 5.50668907
v -0.614749789 0.0687687844 5.2559824
v -0.614749789 0.0687687844 5.2559824
v -0.655001044 0.0494085811 5.1662035
v -0.630393863 0.0494085364 5.22433281
v -0.619398236 0.0494084954 5.25447655
v -0.629194915 0.0687657148 5.2657485
v -0.619398236 0.0494084954 5.25447655
v -0.630393863 -0.0494098589 5.22433281
v -0.619398236 -0.0494098179 5.25447655
v -0.655001044 -0.0494098738 5.1662035
v -0.662686825 -0.0494098999 5.12416363
v -0.626809359 -0.0687701255 5.22292137
v -0.614749789 -0.0687700957 5.2559824
v -0.651289105 -0.0687701181 5.16509342
v -0.616601825 -0.0851829574 5.21890211
v -0.601511955 -0.0851829499 5.2602706
v -0.631494403 0.0494054258 5.2626543
v -0.619398236 -0.0494098179 5.25447655
v -0.66326642 -0.049409911 5.09469128
v -0.658842683 -0.0687701404 5.12377691
v -0.640718579 -0.0851829499 5.16193151
v -0.631494403 -0.049406752 5.2626543
v -0.614749789 -0.0687700957 5.2559824
v -0.666352153 -0.0494099297 5.07330704
v -0.659420967 -0.0687701404 5.09437704
v -0.647895515 -0.0851829574 5.1226759
v -0.629194915 -0.068767041 5.2657485
v -0.682240844 -0.0494099446 5.05664253
v -0.662716269 -0.0687701553 5.07153988
v -0.648469687 -0.0851829499 5.09348297
v -0.699961782 -0.049409952 5.02523804
v -0.679122925 -0.0687701628 5.05433226
v -0.652362227 -0.0851829574 5.06650734
v -0.710520983 -0.0494099632 4.97616291
v -0.696320236 -0.0687701628 5.02385569
v -0.670243204 -0.0851829648 5.04775333
v -0.706081033 -0.0494069047 4.93689346
v -0.706623554 -0.0687701702 4.97596931
v -0.685949802 -0.0851829574 5.01991844
v -0.701374888 -0.0494099222 4.89181709
v -0.702252626 -0.0687672645 4.93730974
v -0.695524573 -0.0851829648 4.97541761
v -0.702656507 -0.0494099297 4.83765888
v -0.697519183 -0.0687700063 4.89197206
v -0.691350102 -0.0851804689 4.93849516
v -0.699004531 -0.0494099967 4.8020792
v -0.698800802 -0.0687700063 4.83781052
v -0.686538935 -0.0851823911 4.89241362
v -0.710359812 -0.0494070314 4.76502895
v -0.69509393 -0.0687701851 4.8016963
v -0.687820792 -0.0851823837 4.83824253
v -0.738951325 -0.0494101271 4.71464539
v -0.70680207 -0.0687673315 4.7634964
v -0.683957815 -0.0851829648 4.80060673
v -0.737159014 -0.0687673688 4.66165447
v -0.735139668 -0.0687702596 4.71355963
v -0.696669698 -0.0851804912 4.75913143
v -0.726141334 -0.0851804987 4.66275406
v -0.724285126 -0.0851829946 4.71046734
v -0.700824022 -0.0961496234 4.62798691
v -0.709652185 -0.0961477458 4.6644001
v -0.682118356 -0.100000583 4.63299942
v -0.659793973 -0.10000059 4.66937637
v -0.690201998 -0.0999994501 4.6663413
v -0.658919811 -0.10000059 4.69184589
v -0.708040059 -0.0961496234 4.70583916
v -0.688877702 -0.10000059 4.70038033
v -0.635653853 -0.100000598 4.73284531
v -0.68150568 -0.0961477607 4.75259876
v -0.663618028 -0.0999994576 4.7448926
v -0.616897583 -0.100000605 4.79404354
v -0.667291403 -0.0961496234 4.79897547
v -0.647632062 -0.100000605 4.79705143
v -0.621701241 -0.0999975652 4.8408432
v -0.671388149 -0.0961484462 4.83888865
v -0.65200454 -0.0999987051 4.83965111
v -0.620417833 -0.0999975726 4.89507198
v -0.670105934 -0.0961484611 4.89307451
v -0.650721908 -0.0999987125 4.89385366
v -0.625696778 -0.10000062 4.94563389
v -0.675033331 -0.0961477607 4.94026947
v -0.655786395 -0.0999994799 4.94236231
v -0.628688455 -0.100000627 4.97209454
v -0.678913832 -0.0961496383 4.97459173
v -0.659320235 -0.100000627 4.97361755
v -0.62349987 -0.100000627 4.9962101
v -0.670429111 -0.0961496383 5.01402617
v -0.652121186 -0.100000627 5.00707579
v -0.616770387 -0.100000635 5.00813484
v -0.656953752 -0.0961496457 5.03790712
v -0.641277671 -0.100000635 5.02629232
v -0.590011835 -0.100000635 5.03620148
v -0.636866093 -0.0961496457 5.05897522
v -0.618587375 -0.100000635 5.05009079
v -0.582523108 -0.100000642 5.08809662
v -0.632079959 -0.0961496383 5.09214401
v -0.612746954 -0.100000642 5.0905652
v -0.581973553 -0.10000065 5.11604595
v -0.631511867 -0.0961496532 5.12102795
v -0.612186074 -0.10000065 5.11908436
v -0.577065349 -0.10000065 5.14289284
v -0.624898791 -0.0961496457 5.15719986
v -0.606238186 -0.10000065 5.15161848
v -0.555134654 -0.100000657 5.19469929
v -0.601325333 -0.0961496681 5.21288729
v -0.583305717 -0.100000657 5.20579195
v -0.521796465 -0.100000672 5.28609371
v -0.581700325 -0.0961496681 5.26668835
v -0.558330715 -0.100000672 5.27425861
v -0.583215714 -0.0999976248 5.32761669
v -0.622646928 -0.0851798952 5.27455902
v -0.601287305 -0.0999976248 5.3032999
v -0.601263285 -0.0999976322 5.3423233
v -0.61284703 -0.0961466208 5.28774548
v -0.624782681 -0.0999987721 5.32244587
v -0.61471343 -0.100000679 5.36601734
v -0.639827251 -0.0961484984 5.30973101
v -0.652581334 -0.0851823986 5.2989521
v -0.661103249 -0.0687699467 5.29174995
v -0.643297851 -0.0999995396 5.35506296
v -0.624668241 -0.0999976397 5.41146374
v -0.66158241 -0.096147798 5.34805536
v -0.677083135 -0.0851804614 5.34211493
v -0.654754281 -0.0999987796 5.40736437
v -0.62758708 -0.0999976471 5.46427345
v -0.673999131 -0.0961485133 5.40474176
v -0.658003151 -0.099998787 5.46614456
v -0.619950891 -0.100000702 5.50668907
v -0.664095879 -0.0494098067 5.28922081
v -0.687440515 -0.0687672049 5.33814573
v -0.690314174 -0.0851824135 5.40251875
v -0.677459121 -0.0961485207 5.46734142
v -0.64850837 -0.100000702 5.51888514
v -0.597340822 -0.100000702 5.53775692
v -0.664095879 0.0494084693 5.28922081
v -0.701215565 -0.068769969 5.4010334
v -0.693953156 -0.0851824209 5.46835661
v -0.666775465 -0.0961496979 5.52668667
v -0.616773665 -0.100000702 5.56248999
v -0.513617039 -0.100000709 5.57219601
v -0.661103249 0.0687686056 5.29174995
v -0.704974055 -0.0687699839 5.46903467
v -0.682261527 -0.0851830021 5.5333004
v -0.629204512 -0.0961497203 5.57831144
v -0.521982849 -0.0999995694 5.60148191
v -0.406100154 -0.100000709 5.59023666
v -0.652581334 0.0851810426 5.2989521
v -0.677083135 0.0851791054 5.34211493
v -0.639742434 -0.0851830393 5.59172344
v -0.527333856 -0.0961478502 5.62021446
v -0.409030795 -0.0999995768 5.62043476
v -0.306631088 -0.100000709 5.59294701
v -0.687440395 0.0687658489 5.33814573
v -0.673999131 0.0961471349 5.40474176
v -0.690314174 0.0851810426 5.40251875
v -0.691077352 0.0494054258 5.33675194
v -0.67745924 0.0961471274 5.46734142
v -0.701215565 0.0687685981 5.4010334
v -0.691077352 -0.0494067818 5.33675194
v -0.705043674 0.0494084582 5.40051174
v -0.705043674 -0.0494098254 5.40051174
v -0.693953156 0.0851810277 5.46835661
v -0.64850837 0.0999993011 5.51888514
v -0.597340822 0.0999993011 5.53775692
v -0.704974174 0.0687685981 5.46903467
v -0.708844185 0.0494084693 5.46927261
v -0.708844185 -0.0494098514 5.46927261
v -0.666775465 0.0961483121 5.52668667
v -0.616773665 0.0999993011 5.56248999
v -0.513617039 0.0999992937 5.57219601
v -0.682261527 0.0851816088 5.5333004
v -0.692608953 0.0687687844 5.53771973
v -0.696242332 0.0494085252 5.53927135
v -0.696242332 -0.0494099222 5.53927135
v -0.521982849 0.0999981537 5.60148191
v -0.406100154 0.0999992937 5.59023666
v -0.629204512 0.0961483121 5.57831144
v -0.639742434 0.0851816237 5.59172344
v -0.646783829 0.0687688142 5.6006856
v -0.409030795 0.0999981463 5.62043476
v -0.306631088 0.0999992937 5.59294701
v -0.527333856 0.0961464345 5.62021446
v -0.311166823 0.0999992862 5.62310123
v -0.246975541 0.0999992937 5.60954475
v -0.531870484 0.0851791501 5.63609552
v -0.410905391 0.0961464345 5.63975096
v -0.64925611 0.0494085923 5.60383224
v -0.258927137 0.0999992862 5.63763523
v -0.207614541 0.0999962389 5.63277435
v -0.534901738 0.0687659457 5.64670658
v -0.4124946 0.0851791352 5.6561265
v -0.314068168 0.0961482972 5.64238977
v -0.222383931 0.0999973789 5.6592021
v -0.181287885 0.0999992862 5.64668369
v -0.266572237 0.0961482897 5.65560389
v -0.316527784 0.0851816088 5.65874147
v -0.413556457 0.0687659383 5.66706848
v -0.535966277 0.0494055934 5.65043354
v -0.192165524 0.0999992788 5.67516851
v -0.14204371 0.0999962389 5.65643406
v -0.231831565 0.0961470976 5.67610741
v -0.273053229 0.0851815939 5.67083645
v -0.318171233 0.0687687993 5.66966724
v -0.158054292 0.0999973714 5.68364286
v -0.0829640627 0.0999962315 5.71977997
v -0.199123472 0.0961482674 5.69338894
v -0.239840657 0.0851809978 5.69043875
v -0.105460227 0.0999973714 5.74003458
v -0.024130106 0.0999992639 5.78747749
v -0.168295413 0.0961470976 5.70104694
v -0.0428695232 0.0999992639 5.81205511
v 0.0419932604 0.0999992639 5.81921673
v -0.413929343 0.049405586 5.67091084
v -0.277383804 0.0687687546 5.68101501
v -0.205022186 0.0851815492 5.7088356
v -0.119850546 0.0961470902 5.75299072
v 0.0326982774 0.0999992564 5.84832764
v 0.0929137468 0.0999992639 5.82798958
v -0.318748355 0.0494085737 5.67350388
v -0.245192111 0.0687685609 5.70001459
v -0.176977724 0.0851809829 5.71580219
v -0.054856196 0.0961482674 5.82777596
v 0.0938974023 0.0999981165 5.85887146
v 0.116462827 0.0999992639 5.82236862
v -0.278904557 0.0494084992 5.68458939
v -0.208963394 0.0687686801 5.71915627
v -0.132049844 0.0851809829 5.76397419
v 0.0267525986 0.0961482525 5.86694908
v 0.129819483 0.0999992564 5.85029793
v 0.142058015 0.0999992639 5.80259132
v -0.247071147 0.0494084358 5.70337677
v -0.182778925 0.0687685311 5.7256608
v -0.0650182292 0.0851815492 5.84110403
v 0.0945266038 0.0961463898 5.87862539
v 0.166284218 0.0999992639 5.82212067
v 0.154987216 0.0999992713 5.77541065
v -0.210347295 0.0494083948 5.72278023
v -0.140201256 0.0687685236 5.77131367
v 0.0217121691 0.0851815492 5.88273478
v 0.138363138 0.0961482674 5.86816311
v 0.18547602 0.0999992713 5.781775
v 0.153845429 0.099996224 5.74020958
v -0.184816241 0.0494083725 5.72912312
v -0.0718082339 0.068768695 5.85000944
v 0.0950600207 0.0851790681 5.89537239
v 0.181780949 0.0961482674 5.83461285
v 0.183923766 0.099997364 5.73392487
v 0.13951242 0.0999962315 5.70427895
v -0.143063426 0.0494083837 5.7738905
v 0.0183441341 0.0687687173 5.89328289
v 0.145605981 0.0851815641 5.88330793
v 0.204978436 0.0961482674 5.78584623
v 0.16774492 0.0999973714 5.69336557
v 0.119226813 0.0999992862 5.65008068
v -0.0741928816 0.0494084135 5.85313702
v 0.0954164416 0.068765834 5.90656185
v 0.194918409 0.0851815492 5.84520292
v 0.203163922 0.0961470902 5.72990465
v 0.149741858 0.0999981463 5.64526653
v 0.12267077 0.0999962464 5.57392883
v 0.0171614885 0.0494084582 5.89698696
v 0.150445595 0.0687687248 5.89342785
v 0.22151196 0.0851815492 5.78929758
v 0.185803995 0.0961470976 5.68638515
v 0.152430534 0.0999973863 5.58581305
v 0.164049268 0.0999962538 5.52624035
v 0.0955415964 0.0494054407 5.91049099
v 0.203696668 0.0687687099 5.85227919
v 0.219474837 0.085180968 5.72649622
v 0.169261262 0.0961464047 5.64218712
v 0.184372604 0.0999973938 5.54900074
v 0.204940915 0.0999993086 5.49816513
v 0.152145028 0.0494084693 5.89698124
v 0.232559234 0.0687686801 5.79160404
v 0.20111388 0.0851809755 5.68046713
v 0.171466768 0.0961471125 5.59341478
v 0.223653004 0.0999993011 5.52203131
v 0.237363219 0.0999993086 5.46925449
v 0.206779122 0.0494084321 5.85476398
v 0.230373487 0.0687685087 5.72421885
v 0.185809046 0.0851790532 5.63957644
v 0.197372556 0.0961471125 5.56355953
v 0.262633413 0.0999993086 5.48727322
v 0.259074092 0.0999962687 5.41736031
v 0.236438632 0.0494083799 5.79241371
v 0.211343572 0.0687685013 5.67651272
v 0.187604979 0.0851809904 5.59985924
v 0.235622674 0.0961482972 5.53729773
v 0.287262201 0.0999974087 5.42840385
v 0.287745118 0.0999993235 5.33895397
v 0.234200597 0.0494083352 5.72341919
v 0.196865886 0.0687657595 5.63783216
v 0.208393276 0.0851809904 5.57590199
v 0.278797865 0.0961482972 5.49879885
v 0.315042585 0.0999993235 5.35243273
v 0.338334441 0.0999993384 5.2594595
v 0.214935899 0.0494083278 5.67512417
v 0.198388189 0.0687685162 5.60416508
v 0.245769843 0.0851815641 5.55024004
v 0.305293143 0.09614712 5.43546772
v 0.35980776 0.0999993384 5.28209066
v 0.400984645 0.0999993384 5.22406387
v 0.200748563 0.0494052917 5.63721943
v 0.215757072 0.0687685013 5.58414888
v 0.292501241 0.0851815641 5.50856972
v 0.332504064 0.0961483121 5.3610549
v 0.41608718 0.0999993384 5.25029516
v 0.477434278 0.0999993458 5.17921638
v 0.202175021 0.0494083241 5.6056776
v 0.252550006 0.0687686726 5.55888748
v 0.320579052 0.0851810127 5.44145679
v 0.373543203 0.0961483344 5.29656649
v 0.494103253 0.0999993458 5.20452738
v 0.588018775 0.0999993607 5.09787369
v 0.2183429 0.0494083203 5.58704472
v 0.301657677 0.0687686801 5.51509857
v 0.347307146 0.0851815939 5.36836386
v 0.425747514 0.0961483419 5.26707411
v 0.605383277 0.0999993607 5.12267399
v 0.661111712 0.0999993682 5.04920006
v 0.254930615 0.0494083464 5.56192398
v 0.330792725 0.0687685534 5.44545794
v 0.385187805 0.0851816237 5.30883884
v 0.504765511 0.0961483419 5.22071743
v 0.679629624 0.0999993607 5.07323217
v 0.685830235 0.0999993682 5.02727509
v 0.30487287 0.0494083762 5.5173912
v 0.35719806 0.0687687397 5.3732481
v 0.433937132 0.0851816386 5.28129864
v 0.616490483 0.0961483642 5.13853741
v 0.711165547 0.0999993682 5.04526043
v 0.690970778 0.0999993682 5.01475048
v 0.334379315 0.049408406 5.44686317
v 0.392968357 0.068768777 5.31703854
v 0.513804793 0.085181646 5.23444366
v 0.691474915 0.0961483642 5.08860445
v 0.721104741 0.0999993682 5.02104235
v 0.691684604 0.0999993756 4.98265839
v 0.360671163 0.0494084582 5.37496281
v 0.439409256 0.0687688068 5.29080296
v 0.625906825 0.0851816759 5.15198612
v 0.727371216 0.0961483866 5.0567646
v 0.722012758 0.0999993756 4.98023462
v 0.685688376 0.0999993756 4.95003414
v 0.395700812 0.0494085141 5.31991863
v 0.51984477 0.0687688217 5.24361467
v 0.701516628 0.0851816759 5.10163641
v 0.740380108 0.0961483791 5.02506685
v 0.715374887 0.0999993756 4.94411945
v 0.676094651 0.0999993831 4.90536308
v 0.441330552 0.0494085476 5.29413986
v 0.632198572 0.0687688589 5.16097164
v 0.741109967 0.0851816982 5.06651783
v 0.741412282 0.0961483866 4.97868395
v 0.707140148 0.0999993831 4.90577602
v 0.701299548 0.099999398 4.80153656
v 0.521965861 0.0494085848 5.24683571
v 0.708226442 0.0687688664 5.11034393
v 0.756721079 0.0851816982 5.02847862
v 0.734364033 0.096148394 4.94033623
v 0.730694354 0.099999398 4.80874968
v 0.721007943 0.0999994129 4.72207546
v 0.634407878 0.0494086221 5.16412735
v 0.750289798 0.0687688962 5.07303476
v 0.757858455 0.0851817131 4.97736979
v 0.726998448 0.0961484015 4.90604019
v 0.751019001 0.099998273 4.72680283
v 0.72330153 0.0999963656 4.68906212
v 0.710582376 0.0494086407 5.11340141
v 0.767639756 0.0687689036 5.03075838
v 0.750462174 0.085181728 4.93712902
v 0.749496937 0.0961484164 4.81336355
v 0.7536484 0.0999963656 4.68895626
v 0.720372081 0.0999994203 4.65075493
v 0.753513217 0.0494086668 5.0753231
v 0.768847406 0.0687689185 4.97649145
v 0.743833601 0.085181728 4.90626431
v 0.770215809 0.0961465612 4.72982693
v 0.750662565 0.0999994203 4.64991331
v 0.721780419 0.0999994278 4.58293438
v 0.771474004 0.0494086891 5.03155899
v 0.761218667 0.0687689409 4.93498611
v 0.765436888 0.0851817578 4.81727505
v 0.773060024 0.0961453915 4.68888855
v 0.751782358 0.0999994278 4.59598255
v 0.778739572 0.0999994352 4.52758408
v 0.772706151 0.0494087115 4.97618294
v 0.755082428 0.0687689558 4.90641403
v 0.786490083 0.0851792842 4.7323904
v 0.770038188 0.0961484462 4.64937496
v 0.794310272 0.0999994352 4.55465746
v 0.865586877 0.0999994352 4.50328636
v 0.764995933 0.0494087413 4.93423367
v 0.776087642 0.068768993 4.81988859
v 0.789516389 0.0851787329 4.68883133
v 0.770973444 0.0961484462 4.60432911
v 0.875512123 0.0999994352 4.53193855
v 0.92912662 0.0999994427 4.476861
v 0.759032607 0.0494087636 4.90646648
v 0.797364175 0.0687661096 4.73410368
v 0.786464036 0.0851817802 4.64891815
v 0.804269671 0.0961484611 4.5719738
v 0.945928454 0.0999983028 4.50265265
v 0.972286105 0.0999994501 4.43578815
v 0.779827476 0.0494088084 4.8208065
v 0.800512135 0.0687659681 4.68879318
v 0.787243009 0.0851817802 4.6114049
v 0.881860733 0.0961484462 4.55026579
v 0.994100988 0.0999994501 4.45680952
v 1.02270925 0.0999994576 4.3787117
v 0.801182628 0.0494057909 4.73470497
v 0.797439396 0.0687690079 4.64861345
v 0.812713027 0.0851818025 4.58665466
v 0.956675649 0.096146591 4.51915026
v 1.04585874 0.0999994576 4.39822197
v 1.06173646 0.099999465 4.33015537
v 0.804373384 0.0494057909 4.68877983
v 0.798113823 0.0687690079 4.61613274
v 0.887242913 0.0851817876 4.56580305
v 1.00805473 0.0961484611 4.47025537
v 1.085253 0.099999465 4.34920883
v 1.09659612 0.099999465 4.2874732
v 0.801293492 0.049408827 4.64850616
v 0.818354666 0.0687690228 4.59646416
v 0.965786934 0.0851793215 4.53313684
v 1.06066644 0.0961484686 4.41070175
v 1.11524463 0.099999465 4.31248713
v 1.17622006 0.0999994725 4.25424767
v 0.801931262 0.0494088233 4.61779308
v 0.8908391 0.0687690228 4.57618475
v 1.01988447 0.0851818025 4.48165464
v 1.10029578 0.096148476 4.36139679
v 1.18471324 0.0999994725 4.28349924
v 1.26264966 0.0999994725 4.23942518
v 0.820335984 0.0494088382 4.59990883
v 0.971874774 0.0687661394 4.5424819
v 1.07322001 0.0851818025 4.42128181
v 1.12717342 0.0961484686 4.32848787
v 1.26578236 0.0999994725 4.2695961
v 1.32927096 0.0999964252 4.23695374
v 0.892101884 0.0494088493 4.57983017
v 1.02778876 0.0687690303 4.48927116
v 1.11304832 0.0851818025 4.3717289
v 1.19014597 0.0961484835 4.30220985
v 1.33569777 0.0999975652 4.26700211
v 1.39516962 0.0999994799 4.21030188
v 0.974012733 0.0494058169 4.54576397
v 1.08160794 0.0687690154 4.4283514
v 1.13728619 0.0851817876 4.34205246
v 1.26778626 0.096148476 4.28889561
v 1.40912259 0.0999994725 4.23730659
v 1.47737181 0.0999964401 4.15767288
v 1.03056467 0.0494088456 4.49194622
v 1.1215694 0.0687690079 4.37863255
v 1.19475162 0.0851818025 4.31807232
v 1.3398087 0.0961472988 4.28622293
v 1.49432623 0.0999964401 4.18275642
v 1.56521213 0.0999994949 4.09505939
v 1.08455336 0.0494088233 4.43083382
v 1.14404321 0.0687689856 4.35111618
v 1.26948512 0.0851817876 4.30525637
v 1.4180479 0.096148476 4.2545805
v 1.58148384 0.0999983549 4.12062979
v 1.64296758 0.0999995023 4.05113888
v 1.12456143 0.0494088009 4.38105679
v 1.19782913 0.0687689856 4.32867146
v 1.34329391 0.0851812214 4.30251789
v 1.50517106 0.0961454511 4.19880104
v 1.6590085 0.0999994949 4.07683992
v 1.70424521 0.0999995023 4.00905609
v 1.14641583 0.0494087748 4.35429859
v 1.27062023 0.0687689707 4.31618881
v 1.42561412 0.0851817876 4.26922512
v 1.59189224 0.0961466432 4.13698578
v 1.72495461 0.0999995023 4.03155041
v 1.75372708 0.0999995098 3.94841075
v 1.19890988 0.0494087599 4.33239365
v 1.34562254 0.0687688142 4.31340599
v 1.51436496 0.0851787627 4.2124033
v 1.66926885 0.0961485058 4.09327936
v 1.78214622 0.0999995098 3.96145582
v 1.76558077 0.0999995247 3.88187146
v 1.27101886 0.0494087301 4.32002735
v 1.43066978 0.0687689781 4.27900982
v 1.60071611 0.0851793438 4.1508522
v 1.73820138 0.0961485058 4.04593897
v 1.79636121 0.0999995247 3.88166261
v 1.74994171 0.0999964848 3.80049706
v 1.3464402 0.0494087227 4.31722927
v 1.52050817 0.0687659681 4.22149229
v 1.67796707 0.0851818323 4.10721588
v 1.80032468 0.0961485207 3.96980023
v 1.77919829 0.0999976248 3.79235935
v 1.72739208 0.0999995396 3.73923755
v 1.43244517 0.0494087487 4.28244591
v 1.60661197 0.0687661469 4.16011715
v 1.74943149 0.0851818249 4.05813742
v 1.81605005 0.0961485356 3.88152885
v 1.75323033 0.0999983996 3.72181368
v 1.7031709 0.0999964997 3.71725869
v 1.52266538 0.0494057648 4.22468376
v 1.68377924 0.0687690377 4.11652851
v 1.81573558 0.0851818323 3.97687435
v 1.79791236 0.0961473584 3.7871542
v 1.7194221 0.0999976397 3.69113517
v 1.65042603 0.099999547 3.69642925
v 1.60868204 0.0494057983 4.16337013
v 1.75693512 0.0687690228 4.06628799
v 1.8327415 0.0851818398 3.88141561
v 1.76975787 0.0961466879 3.71066833
v 1.66988432 0.099999547 3.67157245
v 1.6169194 0.0999995545 3.64935207
v 1.68582046 0.0494088307 4.11979866
v 1.82603288 0.0687690228 3.981601
v 1.81377745 0.085181281 3.78274131
v 1.72981739 0.0961473733 3.67442513
v 1.64404225 0.0999995545 3.63526368
v 1.59042203 0.0999995619 3.57434607
v 1.75957024 0.0494088121 4.06914997
v 1.84389448 0.0687690228 3.88134003
v 1.78376937 0.0851793736 3.7012198
v 1.68233085 0.0961485654 3.65567279
v 1.61822474 0.0999995619 3.56218243
v 1.55744779 0.0999995694 3.51180911
v 1.82964897 0.0494088009 3.98326087
v 1.82437813 0.0687688738 3.77979279
v 1.73862994 0.0851812959 3.66025901
v 1.6613915 0.0961485654 3.62625194
v 1.58080101 0.0999984294 3.49120665
v 1.51265967 0.0999995768 3.48049116
v 1.84781075 0.049408786 3.88131332
v 1.79313147 0.0687661469 3.69490647
v 1.69288278 0.085181877 3.64219332
v 1.63600886 0.0961485654 3.55440187
v 1.53059506 0.0999995768 3.45610023
v 1.46020162 0.0999995843 3.4399569
v 1.82810068 0.049408786 3.77875733
v 1.74451828 0.0687688887 3.65079355
v 1.67609942 0.0851818845 3.61861205
v 1.59573913 0.0961467102 3.47802806
v 1.48600698 0.0999995843 3.42164707
v 1.43745053 0.0999995917 3.37159228
v 1.79641902 0.0494057499 3.69268942
v 1.69993329 0.0687690601 3.63318682
v 1.65108562 0.0851818919 3.54780602
v 1.54206729 0.0961485952 3.44049859
v 1.46636772 0.0999995917 3.36263323
v 1.41274059 0.0999995992 3.28553796
v 1.74658597 0.0494087972 3.64746976
v 1.68592691 0.0687690824 3.61350727
v 1.60840297 0.0851794332 3.466856
v 1.50251341 0.0961486101 3.40993524
v 1.44043279 0.0999995992 3.27231336
v 1.3686403 0.0999996141 3.22263455
v 1.70240915 0.0494088158 3.63002396
v 1.66115952 0.0687691048 3.54339862
v 1.5517931 0.0851819217 3.42727232
v 1.48486495 0.0961486027 3.35690236
v 1.39050221 0.0999996141 3.20109344
v 1.31490481 0.0999965668 3.18376493
v 1.6893779 0.0494088605 3.61171484
v 1.61686468 0.0687662289 3.45939088
v 1.51650703 0.0851819366 3.40000629
v 1.45814621 0.0961486176 3.26385403
v 1.32924879 0.0999977142 3.15678573
v 1.26069057 0.0999996215 3.16390848
v 1.66469705 0.0494089052 3.54185104
v 1.55829179 0.068769142 3.41843438
v 1.50054598 0.0851819217 3.35204411
v 1.40448618 0.0961486325 3.18731451
v 1.27491009 0.0999996215 3.1368835
v 1.1972214 0.0999996215 3.11882424
v 1.61983573 0.0494058952 3.4567697
v 1.52585721 0.068769142 3.39337206
v 1.47316301 0.0851819366 3.25668263
v 1.33842397 0.0961474627 3.13952827
v 1.22535825 0.0999984816 3.10168505
v 1.18546569 0.0999996364 3.03603053
v 1.56057394 0.0494089387 3.41533089
v 1.51102352 0.0687691271 3.3487978
v 1.4163413 0.0851819515 3.17563343
v 1.28400576 0.0961486399 3.11959672
v 1.21567845 0.0999996364 3.03351283
v 1.18297184 0.0999996513 2.93719459
v 1.52914059 0.0494089276 3.39104247
v 1.48319697 0.068769142 3.2518909
v 1.34620225 0.0851813927 3.12489796
v 1.24335587 0.0961467773 3.09072208
v 1.21327209 0.0999996513 2.9381423
v 1.19022548 0.0999996588 2.85474896
v 1.51470268 0.0494089127 3.34765792
v 1.42426264 0.068769142 3.16782832
v 1.29171658 0.0851819664 3.10494184
v 1.23500407 0.0961486548 3.03190255
v 1.21950686 0.0999996588 2.86727643
v 1.23014128 0.0999996662 2.80930901
v 1.48672044 0.0494089164 3.25020814
v 1.35139966 0.0687690079 3.11512256
v 1.25861382 0.0851795077 3.08142805
v 1.23265386 0.0961486697 2.93874836
v 1.25267923 0.0999996662 2.82951331
v 1.27049983 0.0999996737 2.76519132
v 1.42704427 0.0494089164 3.16508746
v 1.2968688 0.0687691793 3.09514976
v 1.2513876 0.0851819813 3.03053737
v 1.2382369 0.0961486772 2.87528968
v 1.29712939 0.0999996737 2.78092289
v 1.29034531 0.0999996811 2.70653892
v 1.35322464 0.0494089276 3.11168981
v 1.2688086 0.0687663108 3.0752182
v 1.24908471 0.0851820111 2.93926215
v 1.26709557 0.0961486846 2.84243679
v 1.32096016 0.0999985412 2.71049166
v 1.28624833 0.0999966413 2.64765382
v 1.2986778 0.0494089723 3.09171152
v 1.2623347 0.0687692165 3.02962518
v 1.25411534 0.0851820111 2.8820827
v 1.31416297 0.0961486995 2.79098558
v 1.31584799 0.0999966413 2.63701415
v 1.25082862 0.0999966487 2.59811187
v 1.27238858 0.0494059771 3.07303739
v 1.26006365 0.0687692314 2.93960547
v 1.27931738 0.085182026 2.85339308
v 1.34054303 0.096146822 2.71302009
v 1.27760196 0.0999977887 2.58351898
v 1.22048128 0.0999997035 2.52155256
v 1.26617897 0.0494090393 3.02930474
v 1.26472497 0.0687692389 2.88662195
v 1.32860339 0.0851820409 2.79951644
v 1.33478165 0.0961456746 2.63020825
v 1.25127554 0.0999985635 2.51710296
v 1.22748911 0.0999997184 2.44423819
v 1.26391876 0.0494090468 2.93972611
v 1.28748369 0.0687692463 2.86071372
v 1.35714459 0.085179545 2.71516347
v 1.2947278 0.0961475298 2.57418442
v 1.25775814 0.0999997184 2.44558191
v 1.22734463 0.0999997258 2.35770011
v 1.26845062 0.0494090542 2.88821578
v 1.33825207 0.0687692612 2.80521631
v 1.3508327 0.0851790011 2.62443876
v 1.27097309 0.0961468518 2.51425695
v 1.25760746 0.0999997258 2.35529184
v 1.21944129 0.0999997333 2.30782509
v 1.29035127 0.0494090579 2.86328435
v 1.3682375 0.0687663704 2.71659565
v 1.3092463 0.0851814747 2.56627131
v 1.27711964 0.0961487442 2.44644141
v 1.24887455 0.0999997333 2.30018258
v 1.20303738 0.0999997407 2.26301622
v 1.34164035 0.0494090766 2.80721807
v 1.3615576 0.0687662214 2.62058353
v 1.28767192 0.0851795599 2.51184392
v 1.27696502 0.0961487368 2.35375142
v 1.23433554 0.0999997407 2.26046801
v 1.22113431 0.0999997556 2.1681335
v 1.37213266 0.0494060516 2.71709847
v 1.3189472 0.0687691197 2.56098366
v 1.29353368 0.0851820707 2.44717002
v 1.26770163 0.0961487442 2.29529405
v 1.24859738 0.0999997556 2.18569326
v 1.3051995 0.0999997631 2.10792828
v 1.36532366 0.0494060293 2.61922979
v 1.29882956 0.0687663704 2.51023173
v 1.29337573 0.0851820633 2.35244536
v 1.25435567 0.0961487591 2.25883818
v 1.31799948 0.0999997556 2.13598943
v 1.39961994 0.0999997631 2.08538127
v 1.32235348 0.0494090691 2.55912709
v 1.30450118 0.068769291 2.44765687
v 1.28366256 0.0851820707 2.29114962
v 1.26616454 0.0961487591 2.19692564
v 1.40489376 0.0999997631 2.11523962
v 1.4619354 0.0999997631 2.07816792
v 1.30274761 0.0494060405 2.50966573
v 1.30434084 0.0687692761 2.35157275
v 1.27132785 0.0851820707 2.2574563
v 1.32618701 0.0961487591 2.15393877
v 1.47174752 0.0999997631 2.10750079
v 1.49126494 0.0999997705 2.0609684
v 1.30835259 0.0494090915 2.44782782
v 1.29432726 0.0687692761 2.28838062
v 1.28105688 0.0851820707 2.2064476
v 1.40826714 0.0961487666 2.13433862
v 1.51255715 0.0999997631 2.08356929
v 1.51134956 0.0999967232 2.03097057
v 1.30819142 0.0494090803 2.35126638
v 1.28266835 0.0687692761 2.25653315
v 1.33312798 0.0851820707 2.1691556
v 1.47802377 0.0961487591 2.12626362
v 1.53922677 0.0999978632 2.04373598
v 1.5184046 0.099999778 2.00536537
v 1.29807222 0.0494090691 2.28740811
v 1.29100788 0.0687692687 2.21281028
v 1.41112697 0.0851820782 2.1505301
v 1.52617693 0.0961487591 2.09802604
v 1.54750478 0.099999778 2.01369143
v 1.5304991 0.099999778 1.96461189
v 1.28665054 0.0494090579 2.2562089
v 1.33776593 0.0687692612 2.1793232
v 1.48334479 0.0851820633 2.14216995
v 1.55705857 0.0961475894 2.05190158
v 1.55944133 0.099999778 1.97347069
v 1.54493606 0.0999997854 1.91884446
v 1.2945019 0.0494090505 2.21504426
v 1.41303778 0.0687692612 2.16134882
v 1.53772318 0.0851820558 2.11028194
v 1.56611896 0.096148774 2.01901722
v 1.57488871 0.0999997854 1.92450047
v 1.54932177 0.0999967456 1.85416579
v 1.33939445 0.0494090356 2.18289351
v 1.48690009 0.0687692389 2.15279841
v 1.57217574 0.0851815045 2.05882406
v 1.57795429 0.0961487889 1.97913718
v 1.57971144 0.0999978855 1.85337555
v 1.53301728 0.0999998152 1.71860468
v 1.41370881 0.0494090244 2.16514778
v 1.54543805 0.0687692165 2.11847091
v 1.5818994 0.0851820707 2.02353239
v 1.59404814 0.0961487889 1.92811835
v 1.56288648 0.0999986753 1.71348488
v 1.49804699 0.0999998376 1.56208885
v 1.48814857 0.0494090021 2.15653086
v 1.5822767 0.068769075 2.06344938
v 1.59364903 0.0851820931 1.98394108
v 1.59915042 0.0961476266 1.85286999
v 1.52644694 0.0999986976 1.55039382
v 1.47238886 0.0999998376 1.52129519
v 1.54814708 0.0494089723 2.12134647
v 1.59244347 0.0687692314 2.02654934
v 1.61029077 0.0851821005 1.93118548
v 1.58199215 0.0961469561 1.71020997
v 1.49379456 0.0999998376 1.49848008
v 1.42950523 0.0999967977 1.49799407
v 1.58582366 0.0494089611 2.06507373
v 1.60413587 0.0687692687 1.98715091
v 1.61563003 0.0851815641 1.85244155
v 1.54461312 0.0961469859 1.54291296
v 1.44385648 0.0999979377 1.47134578
v 1.33447635 0.0999998525 1.44727325
v 1.59614623 0.0494089834 2.02760863
v 1.62114358 0.0687692836 1.93323481
v 1.59818935 0.0851796716 1.70743358
v 1.50748682 0.0961488485 1.48388636
v 1.36040175 0.0999998525 1.42680264
v 1.30692613 0.0999998599 1.34210575
v 1.60781848 0.0494090207 1.98827815
v 1.62664127 0.0687691718 1.85215509
v 1.56001353 0.0851797014 1.53657103
v 1.45303631 0.0961476788 1.45430017
v 1.33819556 0.09999872 1.34203446
v 1.32902968 0.0999998748 1.2561326
v 1.62495458 0.0494090505 1.93395448
v 1.60901189 0.0687664747 1.70557857
v 1.51909447 0.0851821825 1.47151434
v 1.37698507 0.0961488634 1.41370857
v 1.3567369 0.0999998748 1.26991653
v 1.38383162 0.0999998823 1.18719006
v 1.63050783 0.0494090989 1.8520546
v 1.57030392 0.0687665194 1.53233349
v 1.46081853 0.0851816237 1.4398495
v 1.35819721 0.0961470157 1.34198892
v 1.40177417 0.0999998823 1.21325827
v 1.46764362 0.0999998897 1.16066885
v 1.6128124 0.0494061336 1.70492709
v 1.52685046 0.0687694028 1.46324766
v 1.39104366 0.0851821899 1.40260792
v 1.37445974 0.0961488783 1.27873349
v 1.47413242 0.0999998823 1.19036138
v 1.55463898 0.0999998897 1.14984012
v 1.57391727 0.049406182 1.53084552
v 1.46601844 0.0687692463 1.4301939
v 1.37515354 0.0851797238 1.3419503
v 1.41325116 0.0961488932 1.22993279
v 1.55852342 0.0999998897 1.1798569
v 1.63871133 0.0999968424 1.13854527
v 1.52957404 0.049409207 1.46034479
v 1.40043736 0.0687694103 1.39519072
v 1.38948464 0.0851822123 1.28620815
v 1.47828305 0.0961488858 1.20935416
v 1.64622545 0.0999968424 1.16807437
v 1.68525755 0.0999998897 1.1207695
v 1.46784437 0.0494091883 1.42680335
v 1.38648367 0.0687665343 1.34192443
v 1.42298079 0.0851822197 1.24406886
v 1.5610081 0.0961488932 1.19905734
v 1.7003969 0.0999998897 1.14738643
v 1.74106872 0.0999998972 1.07659841
v 1.403736 0.049409207 1.39258611
v 1.39952397 0.0687694252 1.29120255
v 1.48180175 0.0851822048 1.22545564
v 1.65103185 0.0961458385 1.18696284
v 1.76194048 0.0999998972 1.09867847
v 1.80437911 0.0999968648 1.00524616
v 1.39046204 0.0494061895 1.34191537
v 1.42948198 0.0687694252 1.25351429
v 1.56311452 0.0851822123 1.21533465
v 1.71008086 0.0961489007 1.16441214
v 1.83052051 0.0999980047 1.02138674
v 1.83240223 0.0999999195 0.935193062
v 1.40304935 0.0494092293 1.29295635
v 1.48415291 0.0687694028 1.23621428
v 1.65510654 0.0851791501 1.20297563
v 1.7752912 0.0961488932 1.11280227
v 1.86164415 0.0999999195 0.943583429
v 1.84331608 0.099999927 0.874637842
v 1.43176496 0.0494092144 1.25683117
v 1.56452191 0.0687694028 1.22621071
v 1.71829057 0.0851822048 1.17884588
v 1.84724224 0.0961477309 1.03171134
v 1.87317729 0.099999927 0.879591346
v 1.85239506 0.0999999344 0.814752817
v 1.48497856 0.0494091921 1.23999238
v 1.65782917 0.0687663332 1.21367514
v 1.78660941 0.0851821899 1.12477565
v 1.88034916 0.0961489156 0.94895041
v 1.8819977 0.0999999344 0.821413994
v 1.88255692 0.0999999493 0.714486837
v 1.56501615 0.0494091772 1.23002982
v 1.7237761 0.0687693805 1.18849015
v 1.86141825 0.0851816386 1.04046404
v 1.89227843 0.096148923 0.882759929
v 1.91246223 0.0999999493 0.72014159
v 1.89036894 0.0999999642 0.618913174
v 1.65878522 0.0494061112 1.21743226
v 1.79417205 0.0687693506 1.13277614
v 1.89620638 0.0851822123 0.95350033
v 1.90093303 0.0961489454 0.825674832
v 1.92095232 0.0999999642 0.616272032
v 1.86752605 0.0999969244 0.530867815
v 1.7257024 0.0494091287 1.19187677
v 1.87089038 0.0687692165 1.04631245
v 1.90847158 0.0851822272 0.885446131
v 1.93159139 0.0961489603 0.723758698
v 1.89649642 0.0999980643 0.522009432
v 1.84151411 0.0999999791 0.457249403
v 1.79682767 0.0494091064 1.13558555
v 1.90680194 0.0687693805 0.956540465
v 1.91698587 0.0851822495 0.829286993
v 1.94051528 0.0961489677 0.614582658
v 1.87087762 0.0999999791 0.449503452
v 1.82361937 0.099999994 0.356740475
v 1.87421656 0.0494091026 1.04836607
v 1.9192915 0.0687694028 0.887241006
v 1.94780827 0.0851822719 0.726825118
v 1.91502738 0.0961478055 0.516343117
v 1.85370922 0.0999988541 0.353073657
v 1.81459463 0.100000001 0.299999952
v 1.85018349 0.0999987423 0.299999952
v 1.88966012 0.0961490124 0.444548666
v 1.87295628 0.0961471424 0.350728154
v 1.86958635 0.0961470827 0.299999952
v 1.95709991 0.0851822793 0.613150418
v 1.92771196 0.0687694326 0.831700563
v 1.93073738 0.0851817429 0.511539459
v 1.90558314 0.085182339 0.440348268
v 1.88927317 0.0851798803 0.348739743
v 1.88603532 0.0851798654 0.299999952
v 1.95864403 0.068769455 0.728874028
v 1.96818137 0.0687694699 0.612193465
v 1.94123435 0.0687693655 0.508329749
v 1.91622257 0.0687695667 0.437541604
v 1.90017557 0.0687667131 0.347411126
v 1.89702606 0.068766728 0.299999952
v 1.9040041 0.0494064055 0.346944571
v 1.90088558 0.0494064391 0.299999952
v 1.91995859 0.0494093671 0.436556101
v 1.94492054 0.0494092926 0.507202625
v 1.9720726 0.0494092479 0.611857414
v 1.96244907 0.0494092219 0.729593515
v 1.9040041 -0.0494064204 0.346944571
v 1.90088558 -0.0494064353 0.299999952
v 1.91995859 -0.0494093969 0.436556101
v 1.94492054 -0.0494093373 0.507202625
v 1.9720726 -0.0494093224 0.611857414
v 1.90017557 -0.068766728 0.347411126
v 1.89702606 -0.068766728 0.299999952
v 1.91622257 -0.0687695816 0.437541604
v 1.94123435 -0.0687694103 0.508329749
v 1.88927317 -0.0851798952 0.348739743
v 1.88603532 -0.0851798654 0.299999952
v 1.90558314 -0.0851823539 0.440348268
v 1.87295628 -0.0961471573 0.350728154
v 1.86958635 -0.0961470902 0.299999952
v 1.96244907 -0.0494093224 0.729593515
v 1.96818137 -0.0687695444 0.612193465
v 1.93073738 -0.0851818025 0.511539459
v 1.88966012 -0.0961490273 0.444548666
v 1.85370922 -0.099998869 0.353073657
v 1.85018349 -0.0999987423 0.299999952
v 1.81459463 -0.100000001 0.299999952
v 1.82361937 -0.100000009 0.356740475
v 1.87087762 -0.100000024 0.449503452
v 1.84151411 -0.100000024 0.457249403
v 1.89649642 -0.0999981239 0.522009432
v 1.86752605 -0.099996984 0.530867815
v 1.91502738 -0.0961478651 0.516343117
v 1.92095232 -0.100000039 0.616272032
v 1.89036894 -0.100000039 0.618913174
v 1.94051528 -0.0961490422 0.614582658
v 1.91246223 -0.100000054 0.72014159
v 1.88255692 -0.100000054 0.714486837
v 1.95709991 -0.0851823539 0.613150418
v 1.8819977 -0.100000069 0.821413994
v 1.85239506 -0.100000069 0.814752817
v 1.93159139 -0.0961490721 0.723758698
v 1.94780827 -0.0851823837 0.726825118
v 1.87317729 -0.100000076 0.879591346
v 1.84331608 -0.100000076 0.874637842
v 1.90093303 -0.0961490721 0.825674832
v 1.95864403 -0.0687695667 0.728874028
v 1.86164415 -0.100000083 0.943583429
v 1.83240223 -0.100000083 0.935193062
v 1.89227843 -0.0961490795 0.882759929
v 1.91698587 -0.0851823688 0.829286993
v 1.92771196 -0.0687695593 0.831700563
v 1.83052051 -0.0999981835 1.02138674
v 1.80437911 -0.0999970436 1.00524616
v 1.88034916 -0.096149087 0.94895041
v 1.90847158 -0.0851823837 0.885446131
v 1.9314785 -0.0494093224 0.832548141
v 1.76194048 -0.100000106 1.09867847
v 1.74106872 -0.100000106 1.07659841
v 1.84724224 -0.0961479247 1.03171134
v 1.89620638 -0.0851823837 0.95350033
v 1.9192915 -0.0687695593 0.887241006
v 1.9314785 0.0494091921 0.832548141
v 1.7003969 -0.100000113 1.14738643
v 1.68525755 -0.100000113 1.1207695
v 1.7752912 -0.0961491093 1.11280227
v 1.86141825 -0.0851818323 1.04046404
v 1.90680194 -0.0687695593 0.956540465
v 1.92309093 -0.0494093113 0.887871265
v 1.92309093 0.049409166 0.887871265
v 1.64622545 -0.099997066 1.16807437
v 1.63871133 -0.099997066 1.13854527
v 1.71008086 -0.0961491168 1.16441214
v 1.78660941 -0.085182406 1.12477565
v 1.87089038 -0.0687694103 1.04631245
v 1.91052246 -0.0494093001 0.957607985
v 1.91052246 0.049409125 0.957607985
v 1.87421656 -0.0494092926 1.04836607
v 1.79417205 -0.0687695742 1.13277614
v 1.79682767 -0.0494093262 1.13558555
v 1.71829057 -0.0851824284 1.17884588
v 1.7257024 -0.0494093634 1.19187677
v 1.7237761 -0.068769604 1.18849015
v 1.65103185 -0.0961460769 1.18696284
v 1.65878522 -0.0494063459 1.21743226
v 1.65510654 -0.0851793885 1.20297563
v 1.65782917 -0.068766579 1.21367514
v 1.55852342 -0.100000113 1.1798569
v 1.55463898 -0.100000113 1.14984012
v 1.56501615 -0.0494094081 1.23002982
v 1.5610081 -0.0961491168 1.19905734
v 1.47413242 -0.100000121 1.19036138
v 1.46764362 -0.100000113 1.16066885
v 1.56311452 -0.0851824358 1.21533465
v 1.56452191 -0.0687696338 1.22621071
v 1.48497856 -0.0494094379 1.23999238
v 1.40177417 -0.100000121 1.21325827
v 1.38383162 -0.100000121 1.18719006
v 1.47828305 -0.0961491391 1.20935416
v 1.48180175 -0.0851824582 1.22545564
v 1.48415291 -0.0687696636 1.23621428
v 1.43176496 -0.049409464 1.25683117
v 1.3567369 -0.100000128 1.26991653
v 1.32902968 -0.100000128 1.2561326
v 1.41325116 -0.0961491466 1.2299329
v 1.42298079 -0.0851824731 1.24406886
v 1.42948198 -0.0687696785 1.25351429
v 1.40304935 -0.0494094975 1.29295635
v 1.33819556 -0.0999990031 1.34203446
v 1.30692613 -0.100000143 1.34210575
v 1.37445974 -0.0961491466 1.27873349
v 1.38948464 -0.0851824731 1.28620815
v 1.39952397 -0.0687696934 1.29120255
v 1.39046204 -0.0494064689 1.34191537
v 1.36040175 -0.100000151 1.42680264
v 1.33447635 -0.100000151 1.44727325
v 1.35819721 -0.0961472988 1.34198892
v 1.37515354 -0.0851800144 1.3419503
v 1.38648367 -0.0687668175 1.34192443
v 1.403736 -0.0494094938 1.39258611
v 1.44385648 -0.0999982506 1.47134578
v 1.42950523 -0.0999971107 1.49799407
v 1.37698507 -0.0961491764 1.41370857
v 1.39104366 -0.085182488 1.40260792
v 1.40043736 -0.0687697083 1.39519072
v 1.46784437 -0.0494094864 1.42680335
v 1.49379456 -0.100000165 1.49848008
v 1.47238886 -0.100000165 1.52129519
v 1.45303631 -0.0961479992 1.45430017
v 1.46081853 -0.0851819366 1.4398495
v 1.46601844 -0.0687695593 1.4301939
v 1.52957404 -0.0494095199 1.46034479
v 1.52644694 -0.0999990255 1.55039382
v 1.49804699 -0.100000165 1.56208885
v 1.50748682 -0.0961491764 1.48388636
v 1.51909447 -0.0851825029 1.47151434
v 1.52685046 -0.0687697157 1.46324766
v 1.57391727 -0.0494065098 1.53084552
v 1.56288648 -0.0999990478 1.71348488
v 1.53301728 -0.100000188 1.71860468
v 1.54461312 -0.0961473137 1.54291296
v 1.56001353 -0.0851800293 1.53657103
v 1.57030392 -0.0687668473 1.53233349
v 1.6128124 -0.0494065098 1.70492709
v 1.57971144 -0.0999983028 1.85337555
v 1.54932177 -0.0999971628 1.85416579
v 1.58199215 -0.0961473286 1.71020997
v 1.59818935 -0.0851800442 1.70743358
v 1.60901189 -0.0687668473 1.70557857
v 1.63050783 -0.0494095162 1.8520546
v 1.57488871 -0.100000218 1.92450047
v 1.54493606 -0.100000218 1.91884446
v 1.59915042 -0.0961480439 1.85286999
v 1.61563003 -0.0851819813 1.85244155
v 1.62664127 -0.0687695891 1.85215509
v 1.62495458 -0.0494094826 1.93395448
v 1.55944133 -0.100000225 1.97347069
v 1.5304991 -0.100000225 1.96461189
v 1.59404814 -0.0961492211 1.92811835
v 1.61029077 -0.0851825327 1.93118548
v 1.62114358 -0.0687697157 1.93323481
v 1.60781848 -0.049409464 1.98827815
v 1.54750478 -0.100000225 2.01369143
v 1.5184046 -0.100000225 2.00536537
v 1.57795429 -0.0961492211 1.97913718
v 1.59364903 -0.0851825252 1.98394108
v 1.60413587 -0.0687697008 1.98715091
v 1.59614623 -0.0494094416 2.02760863
v 1.53922677 -0.0999983251 2.04373598
v 1.51134956 -0.0999971852 2.03097057
v 1.56611896 -0.096149236 2.01901722
v 1.5818994 -0.0851825327 2.02353239
v 1.59244347 -0.0687697008 2.02654934
v 1.58582366 -0.0494094342 2.06507373
v 1.51255715 -0.10000024 2.08356929
v 1.49126494 -0.100000232 2.0609684
v 1.55705857 -0.0961480588 2.05190158
v 1.57217574 -0.0851819739 2.05882406
v 1.5822767 -0.0687695518 2.06344938
v 1.54814708 -0.0494094566 2.12134647
v 1.47174752 -0.10000024 2.10750079
v 1.4619354 -0.10000024 2.07816792
v 1.52617693 -0.0961492509 2.09802604
v 1.53772318 -0.0851825476 2.11028194
v 1.54543805 -0.0687697157 2.11847091
v 1.48814857 -0.0494094864 2.15653086
v 1.40489376 -0.10000024 2.11523962
v 1.39961994 -0.10000024 2.08538127
v 1.47802377 -0.0961492509 2.12626362
v 1.48334479 -0.0851825476 2.14216995
v 1.48690009 -0.0687697306 2.15279841
v 1.41370881 -0.0494095087 2.16514778
v 1.31799948 -0.100000247 2.13598943
v 1.3051995 -0.10000024 2.10792828
v 1.40826714 -0.0961492434 2.13433862
v 1.41112697 -0.0851825476 2.1505301
v 1.41303778 -0.0687697381 2.16134882
v 1.33939445 -0.0494095348 2.18289351
v 1.24859738 -0.100000247 2.18569326
v 1.22113431 -0.100000247 2.1681335
v 1.32618701 -0.0961492658 2.15393877
v 1.33312798 -0.0851825774 2.1691556
v 1.33776593 -0.0687697679 2.1793232
v 1.2945019 -0.0494095534 2.21504426
v 1.23433554 -0.100000262 2.26046801
v 1.20303738 -0.100000262 2.26301622
v 1.26616454 -0.0961492658 2.19692564
v 1.28105688 -0.0851825774 2.2064476
v 1.29100788 -0.0687697753 2.21281028
v 1.28665054 -0.0494095758 2.2562089
v 1.24887455 -0.10000027 2.30018258
v 1.21944129 -0.10000027 2.30782509
v 1.25435567 -0.0961492658 2.25883818
v 1.27132785 -0.0851825848 2.2574563
v 1.28266835 -0.0687697828 2.25653315
v 1.29807222 -0.0494096018 2.28740811
v 1.25760746 -0.100000277 2.35529184
v 1.22734463 -0.100000277 2.35770011
v 1.26770163 -0.0961492881 2.29529405
v 1.28366256 -0.0851826072 2.29114962
v 1.29432726 -0.0687698126 2.28838038
v 1.30819142 -0.0494096279 2.35126638
v 1.25775814 -0.100000285 2.44558191
v 1.22748911 -0.100000285 2.44423819
v 1.27696502 -0.0961492956 2.35375142
v 1.29337573 -0.0851826221 2.35244536
v 1.30434084 -0.0687698275 2.35157275
v 1.30835259 -0.0494096577 2.44782782
v 1.25127542 -0.0999991596 2.51710296
v 1.22048128 -0.1000003 2.52155256
v 1.27711964 -0.0961493105 2.44644141
v 1.29353368 -0.085182637 2.44717002
v 1.30450118 -0.0687698573 2.44765687
v 1.30274761 -0.0494066328 2.50966573
v 1.27760196 -0.0999983996 2.58351898
v 1.25082862 -0.0999972597 2.59811187
v 1.27097297 -0.0961474478 2.51425695
v 1.2876718 -0.0851801559 2.51184416
v 1.29882956 -0.0687669665 2.51023173
v 1.32235348 -0.0494096652 2.55912709
v 1.31584799 -0.0999972671 2.63701415
v 1.28624833 -0.0999972671 2.64765382
v 1.2947278 -0.0961481556 2.57418442
v 1.3092463 -0.0851821005 2.56627131
v 1.3189472 -0.0687697306 2.56098366
v 1.36532366 -0.0494066551 2.61922979
v 1.32096004 -0.0999991819 2.71049166
v 1.29034531 -0.100000322 2.70653892
v 1.33478165 -0.096146293 2.63020825
v 1.3508327 -0.0851796269 2.62443876
v 1.3615576 -0.0687668473 2.62058353
v 1.37213266 -0.0494066887 2.71709847
v 1.29712939 -0.100000329 2.78092289
v 1.27049983 -0.100000329 2.76519132
v 1.34054303 -0.0961474627 2.71302009
v 1.35714459 -0.0851801932 2.71516347
v 1.3682375 -0.0687670112 2.71659565
v 1.34164035 -0.0494097471 2.80721807
v 1.25267923 -0.100000337 2.82951331
v 1.23014128 -0.100000337 2.80930901
v 1.31416297 -0.0961493403 2.79098558
v 1.32860339 -0.0851826817 2.79951644
v 1.33825207 -0.0687699169 2.80521631
v 1.29035127 -0.0494097397 2.86328435
v 1.21950686 -0.100000344 2.86727643
v 1.19022548 -0.100000344 2.85474896
v 1.26709557 -0.0961493552 2.84243679
v 1.27931738 -0.0851826891 2.85339308
v 1.28748369 -0.0687699169 2.86071372
v 1.26845062 -0.0494097359 2.88821578
v 1.21327209 -0.100000352 2.9381423
v 1.18297184 -0.100000352 2.93719459
v 1.2382369 -0.0961493701 2.87528968
v 1.25411534 -0.0851826966 2.8820827
v 1.26472497 -0.0687699243 2.88662195
v 1.26391876 -0.0494097471 2.93972611
v 1.21567845 -0.100000367 3.03351283
v 1.18546569 -0.100000367 3.03603053
v 1.23265386 -0.0961493701 2.93874836
v 1.24908471 -0.0851827115 2.93926215
v 1.26006365 -0.0687699318 2.93960547
v 1.26617897 -0.0494097695 3.02930474
v 1.22535825 -0.0999992415 3.10168505
v 1.1972214 -0.100000381 3.11882424
v 1.23500407 -0.096149385 3.03190255
v 1.2513876 -0.0851827115 3.03053737
v 1.2623347 -0.0687699467 3.02962518
v 1.27238858 -0.0494067259 3.07303739
v 1.27491009 -0.100000381 3.1368835
v 1.26069057 -0.100000381 3.16390848
v 1.24335587 -0.0961475298 3.09072208
v 1.25861382 -0.0851802528 3.08142805
v 1.2688086 -0.0687670559 3.0752182
v 1.2986778 -0.049409721 3.09171152
v 1.32924879 -0.0999984741 3.15678573
v 1.31490481 -0.0999973416 3.18376493
v 1.28400576 -0.096149385 3.11959672
v 1.29171658 -0.0851827115 3.10494184
v 1.2968688 -0.0687699243 3.09514976
v 1.35322464 -0.0494096763 3.11168981
v 1.39050221 -0.100000389 3.20109344
v 1.3686403 -0.100000389 3.22263455
v 1.33842397 -0.0961482078 3.13952827
v 1.34620225 -0.0851821452 3.12489796
v 1.35139966 -0.068769753 3.11512256
v 1.42704427 -0.0494096801 3.16508746
v 1.44043279 -0.100000404 3.27231336
v 1.41274059 -0.100000404 3.28553796
v 1.40448618 -0.0961493999 3.18731451
v 1.4163413 -0.0851827115 3.17563343
v 1.42426264 -0.068769902 3.16782832
v 1.48672044 -0.0494097099 3.25020814
v 1.46636772 -0.100000411 3.36263323
v 1.43745053 -0.100000411 3.37159228
v 1.45814621 -0.0961494148 3.26385403
v 1.47316301 -0.0851827264 3.25668263
v 1.48319697 -0.0687699243 3.2518909
v 1.51470268 -0.0494097397 3.34765792
v 1.48600698 -0.100000419 3.42164707
v 1.46020162 -0.100000419 3.4399569
v 1.48486495 -0.0961494297 3.35690236
v 1.50054598 -0.0851827562 3.35204411
v 1.51102352 -0.0687699616 3.3487978
v 1.52914059 -0.0494097546 3.39104247
v 1.53059506 -0.100000426 3.45610023
v 1.51265967 -0.100000426 3.48049116
v 1.50251341 -0.0961494297 3.40993524
v 1.51650703 -0.0851827562 3.40000629
v 1.52585721 -0.0687699616 3.39337206
v 1.56057394 -0.0494097807 3.41533089
v 1.58080101 -0.0999992937 3.49120665
v 1.55744779 -0.100000434 3.51180911
v 1.54206729 -0.0961494297 3.44049859
v 1.5517931 -0.0851827636 3.42727232
v 1.55829179 -0.0687699765 3.41843438
v 1.61983573 -0.0494067483 3.4567697
v 1.61822474 -0.100000441 3.56218243
v 1.59042203 -0.100000441 3.57434607
v 1.59573913 -0.0961475819 3.47802806
v 1.60840297 -0.0851802975 3.466856
v 1.61686468 -0.0687670931 3.45939088
v 1.66469705 -0.0494097769 3.54185104
v 1.64404225 -0.100000449 3.63526368
v 1.6169194 -0.100000449 3.64935207
v 1.63600886 -0.0961494446 3.55440187
v 1.65108562 -0.0851827711 3.54780602
v 1.66115952 -0.0687699765 3.54339862
v 1.6893779 -0.0494097471 3.61171484
v 1.66988432 -0.100000456 3.67157245
v 1.65042603 -0.100000456 3.69642925
v 1.6613915 -0.0961494446 3.62625194
v 1.6760993 -0.0851827711 3.61861229
v 1.68592691 -0.0687699616 3.61350727
v 1.70240915 -0.0494097136 3.63002396
v 1.7194221 -0.0999985486 3.69113517
v 1.7031709 -0.0999974087 3.71725869
v 1.68233085 -0.0961494595 3.65567279
v 1.69288278 -0.0851827711 3.64219332
v 1.69993329 -0.0687699541 3.63318682
v 1.74658597 -0.049409695 3.64746976
v 1.75323033 -0.0999993235 3.72181368
v 1.72739208 -0.100000463 3.73923755
v 1.72981739 -0.0961482897 3.67442513
v 1.73862994 -0.0851822123 3.66025901
v 1.74451828 -0.0687697977 3.65079355
v 1.79641902 -0.0494066626 3.69268942
v 1.77919829 -0.0999985635 3.79235935
v 1.74994171 -0.0999974236 3.80049706
v 1.76975787 -0.0961475968 3.71066833
v 1.78376937 -0.0851802826 3.7012198
v 1.79313147 -0.0687670484 3.69490647
v 1.82810068 -0.0494097136 3.77875733
v 1.79636121 -0.100000478 3.88166261
v 1.76558077 -0.100000478 3.88187146
v 1.79791236 -0.0961482972 3.7871542
v 1.81377745 -0.0851822197 3.78274131
v 1.82437813 -0.0687698126 3.77979279
v 1.84781075 -0.0494097397 3.88131332
v 1.78214622 -0.100000493 3.96145582
v 1.75372708 -0.100000493 3.94841075
v 1.81605005 -0.0961494893 3.88152885
v 1.8327415 -0.0851827934 3.88141561
v 1.84389448 -0.0687699765 3.88134003
v 1.82964897 -0.0494097807 3.98326087
v 1.72495461 -0.100000501 4.03155041
v 1.70424521 -0.100000501 4.00905609
v 1.80032468 -0.0961495042 3.96980023
v 1.81573558 -0.0851828158 3.97687435
v 1.82603288 -0.0687700137 3.981601
v 1.75957024 -0.0494098216 4.06914997
v 1.6590085 -0.100000508 4.07683992
v 1.64296758 -0.100000501 4.05113888
v 1.73820138 -0.0961495191 4.04593897
v 1.74943149 -0.0851828307 4.05813742
v 1.75693512 -0.0687700361 4.06628799
v 1.68582046 -0.0494098552 4.11979866
v 1.58148384 -0.0999993682 4.12062979
v 1.56521213 -0.100000508 4.09505939
v 1.66926885 -0.096149534 4.09327936
v 1.67796707 -0.085182853 4.10721588
v 1.68377924 -0.0687700659 4.11652851
v 1.60868204 -0.049406819 4.16337013
v 1.49432623 -0.0999974683 4.18275642
v 1.47737181 -0.0999974683 4.15767288
v 1.59189224 -0.0961476639 4.13698578
v 1.60071611 -0.085180372 4.1508522
v 1.60661197 -0.0687671751 4.16011715
v 1.52266538 -0.0494068004 4.22468376
v 1.40912259 -0.10000053 4.23730659
v 1.39516962 -0.100000523 4.21030188
v 1.50517106 -0.0961464867 4.19880104
v 1.51436496 -0.0851798058 4.2124033
v 1.52050817 -0.0687670112 4.22149229
v 1.43244517 -0.0494098142 4.28244591
v 1.33569777 -0.0999986231 4.26700211
v 1.32927096 -0.0999974832 4.23695374
v 1.4180479 -0.096149534 4.2545805
v 1.42561412 -0.0851828456 4.26922512
v 1.43066978 -0.0687700361 4.27900982
v 1.3464402 -0.0494097881 4.31722927
v 1.26578236 -0.10000053 4.2695961
v 1.26264966 -0.10000053 4.23942518
v 1.3398087 -0.0961483717 4.28622293
v 1.34329391 -0.0851822942 4.30251789
v 1.34562254 -0.0687698871 4.31340599
v 1.27101886 -0.0494097956 4.32002735
v 1.18471324 -0.10000053 4.28349924
v 1.17622006 -0.10000053 4.25424767
v 1.26778626 -0.096149534 4.28889561
v 1.26948512 -0.0851828456 4.30525637
v 1.27062023 -0.0687700287 4.31618881
v 1.19890988 -0.0494098216 4.33239365
v 1.11524463 -0.100000538 4.31248713
v 1.09659612 -0.100000538 4.2874732
v 1.19014597 -0.0961495489 4.30220985
v 1.19475162 -0.0851828605 4.31807232
v 1.19782913 -0.068770051 4.32867146
v 1.14641583 -0.0494098552 4.35429859
v 1.085253 -0.100000538 4.34920883
v 1.06173646 -0.100000538 4.33015537
v 1.12717342 -0.0961495563 4.32848787
v 1.13728619 -0.0851828754 4.34205246
v 1.14404321 -0.0687700808 4.35111618
v 1.12456143 -0.0494098812 4.38105679
v 1.04585874 -0.100000545 4.39822197
v 1.02270925 -0.100000545 4.3787117
v 1.10029578 -0.0961495638 4.36139679
v 1.11304832 -0.0851828903 4.3717289
v 1.1215694 -0.0687700957 4.37863255
v 1.08455336 -0.0494099185 4.43083382
v 0.994100988 -0.100000553 4.45680904
v 0.972286105 -0.100000553 4.43578815
v 1.06066644 -0.0961495563 4.41070175
v 1.07322001 -0.0851828903 4.42128181
v 1.08160794 -0.0687701106 4.4283514
v 1.03056467 -0.0494099595 4.49194622
v 0.945928454 -0.0999994203 4.50265265
v 0.92912662 -0.10000056 4.476861
v 1.00805485 -0.0961495787 4.47025537
v 1.01988459 -0.0851829201 4.48165464
v 1.027789 -0.0687701479 4.48927164
v 0.974012733 -0.0494069457 4.54576397
v 0.875512123 -0.100000568 4.53193855
v 0.865586877 -0.100000568 4.50328636
v 0.956675649 -0.096147716 4.51915026
v 0.965786934 -0.0851804465 4.53313684
v 0.971874774 -0.0687672645 4.5424819
v 0.892101884 -0.049409993 4.57983017
v 0.794310272 -0.100000568 4.55465746
v 0.778739572 -0.100000568 4.52758408
v 0.881860733 -0.0961495936 4.55026579
v 0.887242913 -0.085182935 4.56580305
v 0.8908391 -0.0687701702 4.57618475
v 0.820335984 -0.0494099781 4.59990883
v 0.751782358 -0.100000575 4.59598255
v 0.721780419 -0.100000575 4.58293438
v 0.804269671 -0.0961495936 4.5719738
v 0.812713027 -0.0851829275 4.58665466
v 0.818354726 -0.0687701628 4.59646416
v 0.801931262 -0.0494099818 4.61779308
v 0.750662565 -0.100000583 4.64991331
v 0.720372081 -0.100000583 4.65075493
v 0.770973444 -0.096149601 4.60432911
v 0.787243009 -0.085182935 4.6114049
v 0.798113823 -0.0687701702 4.61613274
v 0.801293492 -0.0494099855 4.64850616
v 0.7536484 -0.0999975428 4.68895626
v 0.72330153 -0.0999975428 4.68906212
v 0.770038188 -0.0961496085 4.64937496
v 0.786464036 -0.0851829499 4.64891815
v 0.797439396 -0.0687701702 4.64861345
v 0.804373384 -0.0494069643 4.68877983
v 0.751019001 -0.0999994501 4.72680283
v 0.721007943 -0.10000059 4.72207546
v 0.773060024 -0.0961465687 4.68888855
v 0.789516389 -0.0851799101 4.68883133
v 0.800512135 -0.0687671453 4.68879318
v 0.801182628 -0.049406983 4.73470497
v 0.730694354 -0.100000605 4.80874968
v 0.701299548 -0.100000605 4.80153656
v 0.770215809 -0.0961477458 4.72982693
v 0.786490083 -0.0851804763 4.7323904
v 0.797364175 -0.0687673017 4.73410368
v 0.779827476 -0.0494100153 4.8208065
v 0.707140148 -0.10000062 4.90577602
v 0.676094651 -0.10000062 4.90536308
v 0.749496996 -0.0961496234 4.81336355
v 0.765436888 -0.0851829648 4.81727505
v 0.776087642 -0.0687702 4.81988859
v 0.759032607 -0.0494100004 4.90646648
v 0.715374887 -0.100000627 4.94411945
v 0.685688376 -0.100000627 4.95003414
v 0.726998448 -0.0961496383 4.90604019
v 0.743833601 -0.0851829648 4.90626431
v 0.755082428 -0.0687701926 4.90641403
v 0.764995933 -0.0494099744 4.93423367
v 0.722012758 -0.100000627 4.98023462
v 0.691684604 -0.100000627 4.98265839
v 0.734364033 -0.0961496383 4.94033623
v 0.750462174 -0.0851829648 4.93712902
v 0.761218667 -0.0687701777 4.93498611
v 0.772706151 -0.0494099632 4.97618294
v 0.721104741 -0.100000635 5.02104235
v 0.690970778 -0.100000635 5.01475048
v 0.741412282 -0.0961496383 4.97868395
v 0.757858455 -0.0851829648 4.97736979
v 0.768847406 -0.0687701702 4.97649145
v 0.771474004 -0.049409952 5.03155899
v 0.711165547 -0.100000635 5.04526043
v 0.685830235 -0.100000635 5.02727509
v 0.740380108 -0.0961496532 5.02506685
v 0.756721079 -0.0851829648 5.02847862
v 0.767639756 -0.0687701702 5.03075838
v 0.753513217 -0.0494099408 5.0753231
v 0.679629624 -0.100000642 5.07323217
v 0.661111712 -0.100000635 5.04920006
v 0.727371216 -0.0961496532 5.0567646
v 0.741109967 -0.0851829648 5.06651783
v 0.750289798 -0.0687701628 5.07303476
v 0.710582376 -0.0494099297 5.11340141
v 0.605383277 -0.100000642 5.12267399
v 0.588018775 -0.100000642 5.09787369
v 0.691474915 -0.0961496606 5.08860445
v 0.701516628 -0.0851829648 5.10163641
v 0.708226442 -0.0687701628 5.11034393
v 0.634407878 -0.049409911 5.16412735
v 0.494103253 -0.100000657 5.20452738
v 0.477434278 -0.100000657 5.17921638
v 0.616490483 -0.0961496457 5.13853741
v 0.625906825 -0.0851829499 5.15198612
v 0.632198572 -0.0687701404 5.16097164
v 0.521965861 -0.0494099036 5.24683571
v 0.41608718 -0.100000665 5.25029516
v 0.400984645 -0.100000665 5.22406387
v 0.504765511 -0.0961496681 5.22071743
v 0.513804793 -0.0851829648 5.23444366
v 0.51984477 -0.0687701479 5.24361467
v 0.441330552 -0.0494098812 5.29413986
v 0.35980776 -0.100000665 5.28209066
v 0.338334441 -0.100000665 5.2594595
v 0.425747514 -0.0961496681 5.26707411
v 0.433937132 -0.0851829648 5.28129864
v 0.439409256 -0.0687701404 5.29080296
v 0.395700812 -0.0494098477 5.31991863
v 0.315042555 -0.100000679 5.35243273
v 0.287745118 -0.100000679 5.33895397
v 0.373543203 -0.0961496681 5.29656649
v 0.385187805 -0.0851829648 5.30883884
v 0.392968357 -0.0687701255 5.31703854
v 0.360671163 -0.0494098105 5.37496281
v 0.287262201 -0.0999987796 5.42840385
v 0.259074092 -0.0999976397 5.41736031
v 0.332504034 -0.0961496755 5.3610549
v 0.347307086 -0.0851829499 5.36836386
v 0.35719806 -0.0687700957 5.3732481
v 0.334379315 -0.0494097844 5.44686317
v 0.262633383 -0.100000694 5.48727322
v 0.237363219 -0.100000694 5.46925449
v 0.305293143 -0.0961485058 5.43546772
v 0.320579052 -0.0851823986 5.44145679
v 0.330792725 -0.0687699392 5.44545794
v 0.30487287 -0.0494097695 5.5173912
v 0.223653004 -0.100000702 5.52203131
v 0.204940915 -0.100000694 5.49816513
v 0.278797805 -0.096149683 5.49879885
v 0.292501211 -0.0851829499 5.50856972
v 0.301657617 -0.0687700734 5.51509857
v 0.254930615 -0.0494097583 5.56192398
v 0.184372604 -0.0999987945 5.54900074
v 0.164049268 -0.0999976546 5.52624035
v 0.235622674 -0.0961496979 5.53729773
v 0.245769843 -0.0851829499 5.55024004
v 0.252550006 -0.0687700734 5.55888748
v 0.2183429 -0.0494097285 5.58704472
v 0.152430534 -0.0999988019 5.58581305
v 0.12267077 -0.099997662 5.57392883
v 0.197372556 -0.0961485133 5.56355953
v 0.208393276 -0.0851823837 5.57590199
v 0.215757072 -0.0687699094 5.58414888
v 0.202175021 -0.0494097359 5.6056776
v 0.149741858 -0.0999995768 5.64526653
v 0.119226813 -0.100000717 5.65008068
v 0.171466768 -0.0961485207 5.59341478
v 0.187604979 -0.0851823986 5.59985924
v 0.198388189 -0.0687699169 5.60416508
v 0.200748563 -0.0494067185 5.63721943
v 0.16774492 -0.0999988168 5.69336557
v 0.13951242 -0.0999976769 5.70427895
v 0.169261262 -0.0961478353 5.64218712
v 0.185809046 -0.0851804912 5.63957644
v 0.196865886 -0.06876719 5.63783216
v 0.214935899 -0.0494097695 5.67512417
v 0.183923766 -0.0999988243 5.73392487
v 0.153845429 -0.0999976844 5.74020958
v 0.185803995 -0.0961485356 5.68638515
v 0.20111388 -0.0851824135 5.68046713
v 0.211343572 -0.0687699392 5.67651272
v 0.234200597 -0.0494097918 5.72341919
v 0.185476005 -0.100000732 5.781775
v 0.154987216 -0.100000732 5.77541065
v 0.203163922 -0.0961485356 5.72990465
v 0.219474837 -0.0851824209 5.72649622
v 0.230373487 -0.0687699541 5.72421885
v 0.236438632 -0.0494098514 5.79241371
v 0.166284218 -0.100000739 5.82212067
v 0.142058015 -0.100000739 5.80259132
v 0.204978436 -0.0961497277 5.78584623
v 0.22151196 -0.0851829946 5.78929758
v 0.232559264 -0.0687701404 5.79160404
v 0.206779122 -0.0494099148 5.85476398
v 0.129819483 -0.100000747 5.85029793
v 0.116462827 -0.100000739 5.82236862
v 0.181780949 -0.0961497426 5.83461285
v 0.194918424 -0.0851830244 5.84520292
v 0.203696668 -0.0687701851 5.85227919
v 0.152145028 -0.0494099669 5.89698124
v 0.0938974023 -0.0999996066 5.85887146
v 0.0929137468 -0.100000739 5.82798958
v 0.138363138 -0.0961497575 5.86816311
v 0.145605981 -0.0851830542 5.88330793
v 0.150445595 -0.0687702149 5.89342785
v 0.0955415964 -0.049406942 5.91049099
v 0.0326982811 -0.100000747 5.84832764
v 0.0419932604 -0.100000739 5.81921673
v 0.0945266038 -0.0961478949 5.87862539
v 0.0950600207 -0.0851805732 5.89537239
v 0.0954164416 -0.068767339 5.90656185
v 0.0171614885 -0.0494099595 5.89698696
v -0.0428695194 -0.100000739 5.81205511
v -0.024130106 -0.100000739 5.78747749
v 0.0267525986 -0.0961497575 5.86694908
v 0.0217121691 -0.0851830542 5.88273478
v 0.0183441341 -0.0687702224 5.89328289
v -0.0741928816 -0.0494098999 5.85313702
v -0.105460219 -0.0999988168 5.74003458
v -0.0829640627 -0.0999976769 5.71977997
v -0.054856196 -0.0961497426 5.82777596
v -0.0650182292 -0.0851830244 5.84110403
v -0.0718082413 -0.0687701702 5.85000944
v -0.143063426 -0.0494098365 5.7738905
v -0.158054292 -0.0999988168 5.68364286
v -0.14204371 -0.0999976695 5.65643406
v -0.119850546 -0.0961485505 5.75299072
v -0.132049844 -0.0851824433 5.76397467
v -0.140201271 -0.0687699914 5.77131367
v -0.184816241 -0.0494098291 5.72912312
v -0.192165524 -0.100000724 5.67516851
v -0.181287885 -0.100000717 5.64668369
v -0.168295413 -0.0961485356 5.70104694
v -0.176977724 -0.0851824284 5.71580219
v -0.182778925 -0.0687699765 5.7256608
v -0.210347295 -0.0494098514 5.72278023
v -0.222383916 -0.0999988094 5.6592021
v -0.207614541 -0.0999976695 5.63277435
v -0.199123472 -0.0961497277 5.69338894
v -0.205022186 -0.0851830021 5.7088356
v -0.208963394 -0.0687701404 5.71915627
v -0.247071147 -0.0494098775 5.70337677
v -0.258927137 -0.100000717 5.63763523
v -0.246975541 -0.100000709 5.60954475
v -0.231831565 -0.0961485356 5.67610741
v -0.239840657 -0.0851824433 5.69043875
v -0.245192111 -0.0687700063 5.70001459
v -0.278904557 -0.0494099371 5.68458939
v -0.311166823 -0.100000717 5.62310123
v -0.266572237 -0.0961497203 5.65560389
v -0.273053229 -0.085183017 5.67083645
v -0.277383804 -0.0687701851 5.68101501
v -0.314068168 -0.0961497277 5.64238977
v -0.318748355 -0.0494100116 5.67350388
v -0.316527784 -0.0851830393 5.65874147
v -0.410905391 -0.0961478651 5.63975096
v -0.318171233 -0.0687702373 5.66966724
v -0.4124946 -0.0851805657 5.6561265
v -0.413929343 -0.0494070239 5.67091084
v -0.413556457 -0.0687673688 5.66706848
v -0.531870484 -0.0851805583 5.63609552
v -0.534901738 -0.0687673613 5.64670658
v -0.535966277 -0.0494070202 5.65043354
v -0.646783829 -0.0687702298 5.6006856
v -0.64925611 -0.0494100042 5.60383224
v -0.692608953 -0.0687701702 5.53771973
v 1.48349404 0.100000001 0.261495054
v 1.4665488 -0.100000001 0.299999952
v 1.4665488 0.100000001 0.299999952
v 1.48349404 -0.100000001 0.261495084
v 1.48943269 -0.100000001 0.246116653
v 1.48943269 0.100000001 0.246116638
v 1.49520695 -0.100000001 0.227629662
v 1.49520695 0.100000001 0.227629647
v 1.49993801 -0.100000001 0.208848581
v 1.49993801 0.100000001 0.208848581
v 1.50290549 -0.100000001 0.192632675
v 1.50290549 0.100000001 0.192632675
v 1.50290549 0.100000001 0.192632645
v 1.50290549 -0.100000001 0.19263266
v 1.50439441 -0.100000001 0.176219851
v 1.50439441 0.100000001 0.176219866
v 1.50491726 -0.100000001 0.156859636
v 1.50491726 0.100000001 0.156859651
v 1.50439441 -0.100000001 0.137499422
v 1.50439441 0.100000001 0.137499437
v 1.50290549 -0.100000001 0.12108662
v 1.50290549 0.100000001 0.121086612
v 1.50290549 0.100000001 0.121086597
v 1.50290549 -0.100000001 0.121086597
v 1.49993801 -0.100000001 0.104870692
v 1.49993801 0.100000001 0.104870692
v 1.49520695 -0.100000001 0.086089626
v 1.49520695 0.100000001 0.0860896111
v 1.48943269 -0.100000001 0.0676026419
v 1.48943269 0.100000001 0.0676026195
v 1.48349404 -0.100000001 0.0522242114
v 1.48349404 0.100000001 0.052224189
v 1.4665488 0.100000001 0.0137193203
v 1.4665488 -0.100000001 0.0137193203
v -1.46672702 0.100000001 0.299999952
v -1.46672702 -0.100000001 0.299999952
v -1.48367226 -0.100000001 0.261495054
v -1.48367226 0.100000001 0.261495054
v -1.48961067 0.0999998823 0.246116638
v -1.48961067 -0.0999998823 0.246116638
v -1.49538505 0.0999995545 0.227629647
v -1.49538505 -0.0999995545 0.227629662
v -1.50011611 0.0999990553 0.208848581
v -1.50011611 -0.0999990553 0.208848596
v -1.50308371 0.0999984741 0.192632675
v -1.50308371 -0.0999984741 0.19263266
v -1.50308371 0.0999984741 0.19263266
v -1.50457263 0.099997893 0.176219851
v -1.50457263 -0.099997893 0.176219851
v -1.50509548 0.0999974012 0.156859636
v -1.50509548 -0.0999974012 0.156859636
v -1.50457263 0.0999970734 0.137499422
v -1.50457263 -0.0999970734 0.137499422
v -1.50308371 0.0999969542 0.121086612
v -1.50308371 -0.0999969542 0.121086612
v -1.46672702 0.100000001 0.0137193203
v -1.46672702 -0.100000001 0.0137193203
v 1.4665488 -0.100000001 0.0137193203
v 1.4665488 0.100000001 0.0137193203
v 1.80000007 0.697714031 0.299999952
v 1.80000007 0.250000179 0.299999952
v 1.50333297 0.103333324 0.299999952
v 0.250000119 0.697714031 0.299999952
v 0.250000119 0.697714031 0.149999857
v 1.80000007 0.697714031 0.149999857
v 1.80000007 0.697714031 0.299999952
v 0.250000119 0.697714031 0.299999952
v -0 0.94771409 0.149999857
v 0.250000119 0.697714031 0.149999857
v 0.250000119 0.697714031 0.299999952
v -0 0.94771409 0.299999952
v 0.250000119 0.697714031 0.299999952
v 1.50333297 0.103333324 0.299999952
v -0 0.103333324 0.299999952
v -0 0.94771409 0.299999952
v 1.80000007 0.697714031 0.149999857
v 1.80000007 0.249999881 0.149999857
v 1.80000007 0.250000179 0.299999952
v 1.80000007 0.697714031 0.299999952
v 1.80000007 0.249999881 0.149999857
v 2.05000019 0 0.149999857
v 2.05000019 0 0.299999952
v 1.80000007 0.250000179 0.299999952
v 1.50333297 0 0.149999857
v 1.50333297 0.103333324 0.149999857
v 1.50333297 0.103333324 0.299999952
v 1.50333297 0 0.299999952
v -0 0.103333324 0.299999952
v 1.50333297 0.103333324 0.299999952
v 1.50333297 0.103333324 0.149999857
v -0 0.103333324 0.149999857
v -1.50333309 0.103333324 0.149999857
v -1.50333309 0.103333324 0.299999952
v -0 0.103333324 -2.38418579E-07
v 1.50333297 0.103333324 -2.38418579E-07
v -1.50333309 0.103333324 -2.38418579E-07
v 1.80000007 0.250000179 0.299999952
v 2.05000019 0 0.299999952
v 1.50333297 0 0.299999952
v 1.50333297 0.103333324 0.299999952
v -1.79999995 0.697714031 0.299999952
v -0.25 0.697714031 0.299999952
v -1.50333309 0.103333324 0.299999952
v -1.79999995 0.250000179 0.299999952
v -0.25 0.697714031 0.149999857
v -0.25 0.697714031 0.299999952
v -1.79999995 0.697714031 0.299999952
v -1.79999995 0.697714031 0.149999857
v -0 0.94771409 0.149999857
v -0 0.94771409 0.299999952
v -0.25 0.697714031 0.299999952
v -0.25 0.697714031 0.149999857
v -0.25 0.697714031 0.299999952
v -0 0.94771409 0.299999952
v -0 0.103333324 0.299999952
v -1.50333309 0.103333324 0.299999952
v -1.79999995 0.697714031 0.149999857
v -1.79999995 0.697714031 0.299999952
v -1.79999995 0.250000179 0.299999952
v -1.79999995 0.249999881 0.149999857
v -1.79999995 0.249999881 0.149999857
v -1.79999995 0.250000179 0.299999952
v -2.05000019 0 0.299999952
v -2.05000019 0 0.149999857
v -1.50333309 0 0.149999857
v -1.50333309 0 0.299999952
v -1.50333309 0.103333324 0.299999952
v -1.50333309 0.103333324 0.149999857
v -1.79999995 0.250000179 0.299999952
v -1.50333309 0.103333324 0.299999952
v -1.50333309 0 0.299999952
v -2.05000019 0 0.299999952
v 1.80000007 -0.697714031 0.299999952
v 0.250000119 -0.697714031 0.299999952
v 1.50333297 -0.103333324 0.299999952
v 1.80000007 -0.250000179 0.299999952
v 0.250000119 -0.697714031 0.149999857
v 0.250000119 -0.697714031 0.299999952
v 1.80000007 -0.697714031 0.299999952
v 1.80000007 -0.697714031 0.149999857
v -0 -0.94771409 0.149999857
v -0 -0.94771409 0.299999952
v 0.250000119 -0.697714031 0.299999952
v 0.250000119 -0.697714031 0.149999857
v 0.250000119 -0.697714031 0.299999952
v -0 -0.94771409 0.299999952
v -0 -0.103333324 0.299999952
v 1.50333297 -0.103333324 0.299999952
v 1.80000007 -0.697714031 0.149999857
v 1.80000007 -0.697714031 0.299999952
v 1.80000007 -0.250000179 0.299999952
v 1.80000007 -0.249999866 0.149999857
v 1.80000007 -0.249999866 0.149999857
v 1.80000007 -0.250000179 0.299999952
v 2.05000019 0 0.299999952
v 2.05000019 0 0.149999857
v 1.50333297 0 0.149999857
v 1.50333297 0 0.299999952
v 1.50333297 -0.103333324 0.299999952
v 1.50333297 -0.103333324 0.149999857
v -0 -0.103333324 0.299999952
v 1.50333297 -0.103333324 0.149999857
v 1.50333297 -0.103333324 0.299999952
v -0 -0.103333324 0.149999857
v -1.50333309 -0.103333324 0.149999857
v -1.50333309 -0.103333324 0.299999952
v -0 -0.103333324 -2.38418579E-07
v 1.50333297 -0.103333324 -2.38418579E-07
v -1.50333309 -0.103333324 -2.38418579E-07
v 1.80000007 -0.250000179 0.299999952
v 1.50333297 -0.103333324 0.299999952
v 1.50333297 0 0.299999952
v 2.05000019 0 0.299999952
v -1.79999995 -0.697714031 0.299999952
v -1.79999995 -0.250000179 0.299999952
v -1.50333309 -0.103333324 0.299999952
v -0.25 -0.697714031 0.299999952
v -0.25 -0.697714031 0.149999857
v -1.79999995 -0.697714031 0.149999857
v -1.79999995 -0.697714031 0.299999952
v -0.25 -0.697714031 0.299999952
v -0 -0.94771409 0.149999857
v -0.25 -0.697714031 0.149999857
v -0.25 -0.697714031 0.299999952
v -0 -0.94771409 0.299999952
v -0.25 -0.697714031 0.299999952
v -1.50333309 -0.103333324 0.299999952
v -0 -0.103333324 0.299999952
v -0 -0.94771409 0.299999952
v -1.79999995 -0.697714031 0.149999857
v -1.79999995 -0.249999866 0.149999857
v -1.79999995 -0.250000179 0.299999952
v -1.79999995 -0.697714031 0.299999952
v -1.79999995 -0.249999866 0.149999857
v -2.05000019 0 0.149999857
v -2.05000019 0 0.299999952
v -1.79999995 -0.250000179 0.299999952
v -1.50333309 0 0.149999857
v -1.50333309 -0.103333324 0.149999857
v -1.50333309 -0.103333324 0.299999952
v -1.50333309 0 0.299999952
v -1.79999995 -0.250000179 0.299999952
v -2.05000019 0 0.299999952
v -1.50333309 0 0.299999952
v -1.50333309 -0.103333324 0.299999952
v 1.80000007 0.697714031 -2.38418579E-07
v 0.250000119 0.697714031 -2.38418579E-07
v 1.50333297 0.103333324 -2.38418579E-07
v 1.80000007 0.250000179 -2.38418579E-07
v 1.50333297 0 -2.38418579E-07
v 2.05000019 0 -2.38418579E-07
v 0.250000119 0.697714031 0.149999857
v 0.250000119 0.697714031 -2.38418579E-07
v 1.80000007 0.697714031 -2.38418579E-07
v 1.80000007 0.697714031 0.149999857
v -0 0.94771409 0.149999857
v -0 0.94771409 -2.38418579E-07
v 0.250000119 0.697714031 -2.38418579E-07
v 0.250000119 0.697714031 0.149999857
v 0.250000119 0.697714031 -2.38418579E-07
v -0 0.94771409 -2.38418579E-07
v -0 0.103333324 -2.38418579E-07
v 1.50333297 0.103333324 -2.38418579E-07
v 1.80000007 0.697714031 0.149999857
v 1.80000007 0.697714031 -2.38418579E-07
v 1.80000007 0.250000179 -2.38418579E-07
v 1.80000007 0.249999881 0.149999857
v 1.80000007 0.249999881 0.149999857
v 1.80000007 0.250000179 -2.38418579E-07
v 2.05000019 0 -2.38418579E-07
v 2.05000019 0 0.149999857
v 1.50333297 0 0.149999857
v 1.50333297 0 -2.38418579E-07
v 1.50333297 0.103333324 -2.38418579E-07
v 1.50333297 0.103333324 0.149999857
v -1.79999995 0.697714031 -2.38418579E-07
v -1.79999995 0.250000179 -2.38418579E-07
v -1.50333309 0.103333324 -2.38418579E-07
v -0.25 0.697714031 -2.38418579E-07
v -0.25 0.697714031 0.149999857
v -1.79999995 0.697714031 0.149999857
v -1.79999995 0.697714031 -2.38418579E-07
v -0.25 0.697714031 -2.38418579E-07
v -0 0.94771409 0.149999857
v -0.25 0.697714031 0.149999857
v -0.25 0.697714031 -2.38418579E-07
v -0 0.94771409 -2.38418579E-07
v -0.25 0.697714031 -2.38418579E-07
v -1.50333309 0.103333324 -2.38418579E-07
v -0 0.103333324 -2.38418579E-07
v -0 0.94771409 -2.38418579E-07
v -1.79999995 0.697714031 0.149999857
v -1.79999995 0.249999881 0.149999857
v -1.79999995 0.250000179 -2.38418579E-07
v -1.79999995 0.697714031 -2.38418579E-07
v -1.79999995 0.249999881 0.149999857
v -2.05000019 0 0.149999857
v -2.05000019 0 -2.38418579E-07
v -1.79999995 0.250000179 -2.38418579E-07
v -1.50333309 0 0.149999857
v -1.50333309 0.103333324 0.149999857
v -1.50333309 0.103333324 -2.38418579E-07
v -1.50333309 0 -2.38418579E-07
v -1.79999995 0.250000179 -2.38418579E-07
v -2.05000019 0 -2.38418579E-07
v -1.50333309 0 -2.38418579E-07
v -1.50333309 0.103333324 -2.38418579E-07
v 1.80000007 -0.697714031 -2.38418579E-07
v 1.80000007 -0.250000179 -2.38418579E-07
v 1.50333297 -0.103333324 -2.38418579E-07
v 0.250000119 -0.697714031 -2.38418579E-07
v 0.250000119 -0.697714031 0.149999857
v 1.80000007 -0.697714031 0.149999857
v 1.80000007 -0.697714031 -2.38418579E-07
v 0.250000119 -0.697714031 -2.38418579E-07
v -0 -0.94771409 0.149999857
v 0.250000119 -0.697714031 0.149999857
v 0.250000119 -0.697714031 -2.38418579E-07
v -0 -0.94771409 -2.38418579E-07
v 0.250000119 -0.697714031 -2.38418579E-07
v 1.50333297 -0.103333324 -2.38418579E-07
v -0 -0.103333324 -2.38418579E-07
v -0 -0.94771409 -2.38418579E-07
v 1.80000007 -0.697714031 0.149999857
v 1.80000007 -0.249999866 0.149999857
v 1.80000007 -0.250000179 -2.38418579E-07
v 1.80000007 -0.697714031 -2.38418579E-07
v 1.80000007 -0.249999866 0.149999857
v 2.05000019 0 0.149999857
v 2.05000019 0 -2.38418579E-07
v 1.80000007 -0.250000179 -2.38418579E-07
v 1.50333297 0 0.149999857
v 1.50333297 -0.103333324 0.149999857
v 1.50333297 -0.103333324 -2.38418579E-07
v 1.50333297 0 -2.38418579E-07
v 1.80000007 -0.250000179 -2.38418579E-07
v 2.05000019 0 -2.38418579E-07
v 1.50333297 0 -2.38418579E-07
v 1.50333297 -0.103333324 -2.38418579E-07
v -1.79999995 -0.697714031 -2.38418579E-07
v -0.25 -0.697714031 -2.38418579E-07
v -1.50333309 -0.103333324 -2.38418579E-07
v -1.79999995 -0.250000179 -2.38418579E-07
v -1.50333309 0 -2.38418579E-07
v -2.05000019 0 -2.38418579E-07
v -0.25 -0.697714031 0.149999857
v -0.25 -0.697714031 -2.38418579E-07
v -1.79999995 -0.697714031 -2.38418579E-07
v -1.79999995 -0.697714031 0.149999857
v -0 -0.94771409 0.149999857
v -0 -0.94771409 -2.38418579E-07
v -0.25 -0.697714031 -2.38418579E-07
v -0.25 -0.697714031 0.149999857
v -0.25 -0.697714031 -2.38418579E-07
v -0 -0.94771409 -2.38418579E-07
v -0 -0.103333324 -2.38418579E-07
v -1.50333309 -0.103333324 -2.38418579E-07
v -1.79999995 -0.697714031 0.149999857
v -1.79999995 -0.697714031 -2.38418579E-07
v -1.79999995 -0.250000179 -2.38418579E-07
v -1.79999995 -0.249999866 0.149999857
v -1.79999995 -0.249999866 0.149999857
v -1.79999995 -0.250000179 -2.38418579E-07
v -2.05000019 0 -2.38418579E-07
v -2.05000019 0 0.149999857
v -1.50333309 0 0.149999857
v -1.50333309 0 -2.38418579E-07
v -1.50333309 -0.103333324 -2.38418579E-07
v -1.50333309 -0.103333324 0.149999857
v -1.2040956 -0.100000314 2.635077
v -1.25881481 -0.100000322 2.67803431
v -1.21575999 -0.0961493254 2.61781144
v -1.26669621 -0.0999991745 2.64877605
v -1.32170367 -0.100000322 2.69823599
v -1.27173758 -0.0961474627 2.63006115
v -1.27601147 -0.0851801857 2.61419511
v -1.3365643 -0.100000322 2.67121983
v -1.34888625 -0.0999972746 2.72089863
v -1.34606981 -0.0961493403 2.65393901
v -1.37211132 -0.0999984145 2.70085573
v -1.36605227 -0.100000329 2.74901462
v -1.27886713 -0.0687670112 2.60359383
v -1.35412836 -0.0851826817 2.63928866
v -1.38696742 -0.0961481631 2.68803525
v -1.39315641 -0.100000329 2.73532534
v -1.38337159 -0.100000337 2.79147983
v -1.3614037 -0.0494097285 2.62606215
v -1.35951281 -0.0687699094 2.62949991
v -1.41093183 -0.0494097136 2.66735435
v -1.40797687 -0.068769753 2.66990423
v -1.43846059 -0.0494097546 2.71244359
v -1.39956176 -0.0851821154 2.67716646
v -1.45408678 -0.0494098291 2.75075769
v -1.43501186 -0.0687699243 2.71418548
v -1.42519116 -0.0851826891 2.71914554
v -1.46695459 -0.0494068414 2.76741624
v -1.450719 -0.0687699765 2.75269699
v -1.41049337 -0.0961493477 2.72656894
v -1.50602567 -0.0494068526 2.7754252
v -1.4411279 -0.0851827115 2.7582202
v -1.46478081 -0.0687671155 2.77090168
v -1.42677367 -0.0961493552 2.76648617
v -1.57226777 -0.0494098812 2.78523827
v -1.45859051 -0.0851802528 2.78082752
v -1.50535631 -0.0687671155 2.77921915
v -1.4098419 -0.100000337 2.77623653
v -1.42131352 -0.100000344 2.84059906
v -1.61834157 -0.0494098514 2.8063302
v -1.44932616 -0.0961475 2.79568243
v -1.438398 -0.0999991968 2.813205
v -1.49197221 -0.100000344 2.85508299
v -1.50345027 -0.0851802528 2.79002309
v -1.57116222 -0.0687700063 2.78896761
v -1.65248656 -0.0494098477 2.84077501
v -1.49723279 -0.0999991968 2.82526517
v -1.54905605 -0.100000344 2.86353946
v -1.50059772 -0.0961474925 2.8061924
v -1.56801403 -0.0851827264 2.79958749
v -1.61610055 -0.0687699839 2.80953979
v -1.68018222 -0.0494098514 2.88664508
v -1.55774474 -0.100000344 2.83422947
v -1.57128942 -0.100000344 2.87371755
v -1.56330252 -0.0961493626 2.81548119
v -1.6097188 -0.0851827264 2.81867957
v -1.64942765 -0.0687699914 2.84315944
v -1.69655287 -0.0494098775 2.93418407
v -1.58890212 -0.100000344 2.84849286
v -1.58826113 -0.100000344 2.89083838
v -1.60016799 -0.0961493552 2.83235812
v -1.64071679 -0.0851827264 2.84994936
v -1.67667437 -0.0687699914 2.88828564
v -1.70496917 -0.0494068526 2.96213365
v -1.6123023 -0.100000344 2.87209845
v -1.60652614 -0.100000352 2.92108917
v -1.62768018 -0.0961493701 2.86011147
v -1.66668439 -0.0851827338 2.89295721
v -1.69288719 -0.0687700063 2.93536663
v -1.71553659 -0.0494098701 2.97148156
v -1.63409734 -0.100000352 2.90819597
v -1.61958611 -0.100000359 2.95901418
v -1.65173328 -0.0961493701 2.89994884
v -1.68244827 -0.0851827413 2.93873429
v -1.70159745 -0.0687671304 2.96429253
v -1.757128 -0.0494098403 3.01261806
v -1.64839661 -0.100000359 2.94971967
v -1.6341753 -0.100000359 3.0074625
v -1.66682529 -0.096149385 2.94377446
v -1.69199562 -0.0851802677 2.97044039
v -1.71290481 -0.0687700063 2.9742949
v -1.80542457 -0.0494098216 3.11492062
v -1.66067505 -0.0999992192 2.99049497
v -1.66027725 -0.100000367 3.03055263
v -1.67762566 -0.0961475223 2.97964144
v -1.70541 -0.0851827487 2.98230672
v -1.75393605 -0.0687699914 3.01487756
v -1.84049726 -0.0494098328 3.26717806
v -1.6809622 -0.100000367 3.00844097
v -1.69010937 -0.100000367 3.06005836
v -1.69419336 -0.096149385 2.99429703
v -1.74484634 -0.0851827413 3.02131176
v -1.80176497 -0.0687699914 3.11618948
v -1.85233533 -0.049409844 3.36232185
v -1.71519601 -0.100000367 3.04230022
v -1.72858644 -0.100000381 3.14156103
v -1.73124266 -0.096149385 3.03094149
v -1.79134333 -0.0851827487 3.11980271
v -1.8367002 -0.0687700063 3.26784968
v -1.81815445 -0.0494098626 3.45471501
v -1.75734878 -0.100000381 3.13158894
v -1.76077139 -0.100000396 3.28128195
v -1.77574646 -0.0961493999 3.12521029
v -1.82588696 -0.0851827711 3.26976275
v -1.84839797 -0.0687700063 3.361866
v -1.7373389 -0.0494098961 3.571486
v -1.7906146 -0.100000396 3.27600265
v -1.76966357 -0.100000411 3.35274935
v -1.80970383 -0.0961494222 3.27262568
v -1.83718526 -0.0851827711 3.36056757
v -1.81471145 -0.0687700287 3.45292306
v -1.6701529 -0.0494099297 3.6378901
v -1.80060947 -0.100000411 3.35633254
v -1.74586058 -0.100000419 3.41709042
v -1.82040405 -0.0961494297 3.35862446
v -1.80490613 -0.085182786 3.44781995
v -1.73437667 -0.0687700659 3.56899929
v -1.60153985 -0.0494069122 3.66350865
v -1.7729218 -0.100000419 3.43117404
v -1.67514014 -0.100000434 3.51927471
v -1.7902317 -0.0961494446 3.44018292
v -1.7259407 -0.0851828158 3.56191802
v -1.66803265 -0.0687700808 3.63457084
v -1.51836264 -0.0494068898 3.66795564
v -1.69842267 -0.100000434 3.5388186
v -1.62563729 -0.100000441 3.56820154
v -1.71331525 -0.0961494669 3.55131984
v -1.66199505 -0.0851828158 3.62511921
v -1.60074532 -0.0687671974 3.65969467
v -1.43309331 -0.0494098812 3.6805737
v -1.64230049 -0.100000441 3.59428763
v -1.5848577 -0.100000441 3.58342767
v -1.65295911 -0.0961494669 3.61097336
v -1.59848273 -0.0851803422 3.64883327
v -1.51797712 -0.06876719 3.66411996
v -1.37254262 -0.0494098067 3.69440961
v -1.59110224 -0.0999993011 3.61340404
v -1.51026845 -0.100000441 3.58741546
v -1.59509659 -0.0961475968 3.63257837
v -1.51687932 -0.0851803422 3.65319633
v -1.43238151 -0.0687700659 3.67678642
v -1.34919548 -0.0494097397 3.7043407
v -1.51329827 -0.0999993011 3.61756372
v -1.41814673 -0.100000441 3.60104775
v -1.51523638 -0.0961476043 3.63684821
v -1.43035436 -0.0851828232 3.66600037
v -1.37135065 -0.0687700063 3.69073176
v -1.32888484 -0.0494096987 3.72481728
v -1.42374158 -0.100000449 3.63081598
v -1.34751534 -0.100000449 3.61718702
v -1.42732036 -0.0961494818 3.64985776
v -1.36795616 -0.085182786 3.68025804
v -1.34699321 -0.068769969 3.70109248
v -1.35688365 -0.100000449 3.64609313
v -1.30295479 -0.100000449 3.63614154
v -1.36287606 -0.0961494595 3.66458297
v -1.34072149 -0.0851827711 3.69184279
v -1.32657313 -0.0687697977 3.72167921
v -1.32026362 -0.100000449 3.66166997
v -1.28034961 -0.0999974012 3.65893149
v -1.33133543 -0.0961494595 3.67799926
v -1.29851735 -0.0999985412 3.68359399
v -1.26112378 -0.100000449 3.66894913
v -1.3199904 -0.0851822048 3.71274328
v -1.31013846 -0.0961482823 3.69936943
v -1.28971696 -0.0494097099 3.74522567
v -1.27182674 -0.100000456 3.69750094
v -1.28835523 -0.0687699467 3.74159288
v -1.27867305 -0.0961494595 3.71576428
v -1.284477 -0.0851827636 3.73124743
v -1.22470856 0.0494088084 3.76092458
v -1.21107912 -0.0961494744 3.73208761
v -1.22470856 -0.0494097248 3.76092458
v -1.17165768 0.0494088158 3.80092716
v -1.21824193 -0.085182786 3.74724245
v -1.22302794 -0.068769969 3.75736856
v -1.17165768 -0.0494097471 3.80092716
v -1.15215421 -0.0961494818 3.77651978
v -1.16240406 -0.0851827934 3.78934693
v -1.16925275 -0.0687699839 3.7979176
v -1.10128009 -0.0494097658 3.86048031
v -1.09898973 -0.0687699914 3.85737371
v -1.09246707 -0.0851827934 3.84852719
v -0.999299645 -0.0687700063 3.92104363
v -0.965810061 -0.0687700212 3.95212078
v -0.992563963 -0.0851828158 3.91233277
v -1.81748414 0.0999999791 0.472202301
v -1.81668973 0.100000001 0.299999952
v -1.46672702 0.100000001 0.299999952
v 1.4665488 0.100000001 0.299999952
v 1.81459463 0.100000001 0.299999952
v 1.82361937 0.099999994 0.356740475
v 1.84151411 0.0999999791 0.457249403
v 1.86752605 0.0999969244 0.530867815
v -1.80990267 0.0999999642 0.566094875
v 1.89036894 0.0999999642 0.618913174
v -1.78792906 0.0999999568 0.627296686
v 1.88255692 0.0999999493 0.714486837
v -1.75051045 0.0999999493 0.687236309
v -1.70616305 0.0999999419 0.750701427
v 1.85239506 0.0999999344 0.814752817
v -1.67417455 0.0999999344 0.796954155
v -1.66776705 0.099999927 0.843036175
v 1.84331608 0.099999927 0.874637842
v -1.66711903 0.099999927 0.880324125
v 1.83240223 0.0999999195 0.935193062
v -1.66389894 0.099999927 0.888709068
v -1.64729726 0.0999999195 0.903462648
v -1.57886565 0.0999999195 0.945425034
v 1.80437911 0.0999968648 1.00524616
v -1.52980387 0.0999999046 1.03237772
v 1.74106872 0.0999998972 1.07659841
v -1.50296748 0.0999998972 1.10799885
v 1.68525755 0.0999998897 1.1207695
v -1.457865 0.099996835 1.17809486
v 1.63871133 0.0999968424 1.13854527
v 1.55463898 0.0999998897 1.14984012
v 1.46764362 0.0999998897 1.16066885
v 1.38383162 0.0999998823 1.18719006
v -1.38588953 0.0999998674 1.30657983
v 1.32902968 0.0999998748 1.2561326
v 1.30692613 0.0999998599 1.34210575
v -1.31857252 0.0999998525 1.44016087
v 1.33447635 0.0999998525 1.44727325
v -1.29208446 0.099999845 1.49501574
v 1.42950523 0.0999967977 1.49799407
v -1.27314353 0.0999998376 1.51310956
v 1.47238886 0.0999998376 1.52129519
v -1.21386921 0.0999998376 1.54998672
v 1.49804699 0.0999998376 1.56208885
v -1.2088685 0.0999998227 1.63833082
v 1.53301728 0.0999998152 1.71860468
v -1.25445795 0.0999998152 1.7224133
v 1.54932177 0.0999967456 1.85416579
v -1.33309567 0.0999998003 1.80895638
v -1.4424336 0.0999997929 1.84477866
v -1.55570793 0.0999997929 1.85286558
v -1.69324517 0.0999997929 1.87195158
v 1.54493606 0.0999997854 1.91884446
v -1.88719249 0.0999997854 1.94083953
v 1.5304991 0.099999778 1.96461189
v -2.04339886 0.0999997705 2.0191071
v 1.5184046 0.099999778 2.00536537
v 1.51134956 0.0999967232 2.03097057
v -2.14954424 0.0999967158 2.09509468
v 1.49126494 0.0999997705 2.0609684
v 1.4619354 0.0999997631 2.07816792
v 1.39961994 0.0999997631 2.08538127
v 1.3051995 0.0999997631 2.10792828
v -2.2306211 0.0999997556 2.169168
v 1.22113431 0.0999997556 2.1681335
v 1.20303738 0.0999997407 2.26301622
v -2.27958083 0.0999966934 2.24868393
v -2.30854464 0.0999997333 2.33897138
v 1.21944129 0.0999997333 2.30782509
v -1.29376364 0.0999997333 2.33086753
v 1.22734463 0.0999997258 2.35770011
v -1.24163389 0.0999997258 2.35385466
v -1.1819427 0.0999997184 2.39844608
v 1.22748911 0.0999997184 2.44423819
v -1.12112999 0.0999997109 2.46636772
v 1.22048128 0.0999997035 2.52155256
v -1.13836658 0.0999997035 2.53180408
v -1.39648497 0.0999997258 2.35452986
v 1.25082862 0.0999966487 2.59811187
v -1.14721441 0.0999997035 2.55335259
v -1.14979064 0.0999966487 2.56675363
v -1.15011799 0.099999696 2.60959315
v 1.28624833 0.0999966413 2.64765382
v -1.18586016 0.0999996886 2.66206932
v 1.29034531 0.0999996811 2.70653892
v -1.25881481 0.0999996811 2.67803431
v -1.32170367 0.0999996811 2.69823599
v -1.34888625 0.0999966338 2.72089863
v 1.27049983 0.0999996737 2.76519132
v -1.36605227 0.0999996737 2.74901462
v -1.38337159 0.0999996662 2.79147983
v 1.23014128 0.0999996662 2.80930901
v -1.42131352 0.0999996588 2.84059906
v 1.19022548 0.0999996588 2.85474896
v -1.49197221 0.0999996588 2.85508299
v 1.18297184 0.0999996513 2.93719459
v -1.54905605 0.0999996588 2.86353946
v -1.57128942 0.0999996588 2.87371755
v -1.58826113 0.0999996588 2.89083838
v -1.60652614 0.0999996513 2.92108917
v -1.61958611 0.0999996439 2.95901418
v 1.18546569 0.0999996364 3.03603053
v -1.6341753 0.0999996439 3.0074625
v -1.66027725 0.0999996364 3.03055263
v -1.69010937 0.0999996364 3.06005836
v 1.1972214 0.0999996215 3.11882424
v -1.72858644 0.0999996215 3.14156103
v 1.26069057 0.0999996215 3.16390848
v -1.76077139 0.0999996066 3.28128195
v 1.31490481 0.0999965668 3.18376493
v 1.3686403 0.0999996141 3.22263455
v 1.41274059 0.0999995992 3.28553796
v -1.76966357 0.0999995917 3.35274935
v 1.43745053 0.0999995917 3.37159228
v -1.74586058 0.0999995843 3.41709042
v 1.46020162 0.0999995843 3.4399569
v -1.67514014 0.0999995694 3.51927471
v 1.51265967 0.0999995768 3.48049116
v 1.55744779 0.0999995694 3.51180911
v 1.59042203 0.0999995619 3.57434607
v -1.62563729 0.0999995619 3.56820154
v -1.5848577 0.0999995619 3.58342767
v 1.6169194 0.0999995545 3.64935207
v -1.51026845 0.0999995619 3.58741546
v -1.41814673 0.0999995619 3.60104775
v -1.34751534 0.0999995545 3.61718702
v -1.30295479 0.0999995545 3.63614154
v -1.28034961 0.0999965072 3.65893149
v 1.65042603 0.099999547 3.69642925
v -1.26112378 0.0999995545 3.66894913
v -1.18942153 0.099999547 3.68626451
v -1.12116194 0.0999995396 3.73773503
v 1.7031709 0.0999964997 3.71725869
v 1.72739208 0.0999995396 3.73923755
v -1.05318832 0.0999995321 3.79525399
v 1.74994171 0.0999964848 3.80049706
v -0.952003479 0.0999995247 3.8598783
v 1.76558077 0.0999995247 3.88187146
v -0.801685929 0.0999995098 3.99936962
v 1.75372708 0.0999995098 3.94841075
v 1.70424521 0.0999995023 4.00905609
v -1.00216091 0.0999995023 4.03739548
v 1.64296758 0.0999995023 4.05113888
v -1.06712604 0.0999995023 4.05212545
v 1.56521213 0.0999994949 4.09505939
v -1.0884676 0.0999994949 4.07323074
v -1.09938931 0.0999994949 4.10848618
v 1.47737181 0.0999964401 4.15767288
v -1.10387588 0.0999994874 4.14992142
v -1.10878515 0.0999994799 4.20004368
v 1.39516962 0.0999994799 4.21030188
v -1.11983395 0.0999994725 4.2518425
v 1.32927096 0.0999964252 4.23695374
v 1.26264966 0.0999994725 4.23942518
v 1.17622006 0.0999994725 4.25424767
v -1.130826 0.099999465 4.28575373
v 1.09659612 0.099999465 4.2874732
v -1.12897241 0.099999465 4.32802486
v 1.06173646 0.099999465 4.33015537
v -1.10856473 0.0999994576 4.37637138
v -0.816060781 0.0999994576 4.37615013
v 1.02270925 0.0999994576 4.3787117
v -0.886768818 0.0999994501 4.39490795
v -0.750673532 0.0999964029 4.43001366
v -1.06709301 0.0999994501 4.40991497
v -0.931166291 0.0999994501 4.41205597
v -1.00089586 0.0999994501 4.42145061
v 0.972286105 0.0999994501 4.43578815
v -0.699266434 0.0999994427 4.49581814
v 0.92912662 0.0999994427 4.476861
v 0.865586877 0.0999994352 4.50328636
v -0.664985061 0.0999994352 4.53660679
v 0.778739572 0.0999994352 4.52758408
v 0.721780419 0.0999994278 4.58293438
v -0.637518764 0.0999994278 4.58857155
v 0.720372081 0.0999994203 4.65075493
v -0.652874231 0.0999994203 4.64083576
v -0.659793973 0.0999994129 4.66937637
v 0.72330153 0.0999963656 4.68906212
v -0.658919811 0.0999994129 4.69184589
v 0.721007943 0.0999994129 4.72207546
v -0.635653853 0.0999994054 4.73284531
v 0.701299548 0.099999398 4.80153656
v -0.616897583 0.099999398 4.79404354
v -0.621701241 0.0999963433 4.8408432
v 0.676094651 0.0999993831 4.90536308
v -0.620417833 0.0999963358 4.89507198
v -0.625696778 0.0999993831 4.94563389
v 0.685688376 0.0999993756 4.95003414
v -0.628688455 0.0999993756 4.97209454
v 0.691684604 0.0999993756 4.98265839
v -0.62349987 0.0999993756 4.9962101
v 0.690970778 0.0999993682 5.01475048
v -0.616770387 0.0999993682 5.00813484
v -0.590011835 0.0999993682 5.03620148
v 0.685830235 0.0999993682 5.02727509
v 0.661111712 0.0999993682 5.04920006
v -0.582523108 0.0999993607 5.08809662
v 0.588018775 0.0999993607 5.09787369
v -0.581973553 0.0999993533 5.11604595
v 0.477434278 0.0999993458 5.17921638
v -0.577065349 0.0999993533 5.14289284
v -0.555134654 0.0999993458 5.19469929
v 0.400984645 0.0999993384 5.22406387
v -0.521796465 0.0999993309 5.28609371
v 0.338334441 0.0999993384 5.2594595
v 0.287745118 0.0999993235 5.33895397
v -0.583215714 0.0999962837 5.32761669
v -0.601263285 0.0999962762 5.3423233
v 0.259074092 0.0999962687 5.41736031
v -0.61471343 0.0999993235 5.36601734
v -0.624668241 0.0999962687 5.41146374
v -0.62758708 0.0999962613 5.46427345
v 0.237363219 0.0999993086 5.46925449
v -0.619950891 0.0999993011 5.50668907
v 0.204940915 0.0999993086 5.49816513
v 0.164049268 0.0999962538 5.52624035
v -0.597340822 0.0999993011 5.53775692
v 0.12267077 0.0999962464 5.57392883
v -0.513617039 0.0999992937 5.57219601
v -0.406100154 0.0999992937 5.59023666
v -0.306631088 0.0999992937 5.59294701
v 0.119226813 0.0999992862 5.65008068
v -0.246975541 0.0999992937 5.60954475
v -0.207614541 0.0999962389 5.63277435
v -0.181287885 0.0999992862 5.64668369
v -0.14204371 0.0999962389 5.65643406
v 0.13951242 0.0999962315 5.70427895
v -0.0829640627 0.0999962315 5.71977997
v 0.153845429 0.099996224 5.74020958
v -0.024130106 0.0999992639 5.78747749
v 0.154987216 0.0999992713 5.77541065
v 0.142058015 0.0999992639 5.80259132
v 0.0419932604 0.0999992639 5.81921673
v 0.116462827 0.0999992639 5.82236862
v 0.0929137468 0.0999992639 5.82798958
v -2.17863321 0.0999997035 2.53456402
v -2.23602176 0.0999997035 2.54473567
v -2.28321934 0.0999997035 2.53843093
v -2.3061142 0.0999997035 2.52421212
v -2.10664892 0.0999997109 2.49222851
v -2.32402825 0.0999997109 2.47977901
v -1.98330534 0.0999997184 2.43607712
v -2.32675362 0.0999966711 2.41357398
v -1.83803737 0.0999997258 2.39323688
v -1.73090994 0.0999997258 2.3792243
v -1.52509093 0.0999997258 2.38081074
v -1.63062859 0.0999997258 2.38122153
v 0.0419932604 -0.100000739 5.81921673
v 0.0929137468 -0.100000739 5.82798958
v 0.116462827 -0.100000739 5.82236862
v 0.142058015 -0.100000739 5.80259132
v -0.024130106 -0.100000739 5.78747749
v 0.154987216 -0.100000732 5.77541065
v 0.153845429 -0.0999976844 5.74020958
v -0.0829640627 -0.0999976769 5.71977997
v 0.13951242 -0.0999976769 5.70427895
v -0.14204371 -0.0999976695 5.65643406
v 0.119226813 -0.100000717 5.65008068
v -0.181287885 -0.100000717 5.64668369
v -0.207614541 -0.0999976695 5.63277435
v -0.246975541 -0.100000709 5.60954475
v -0.306631088 -0.100000709 5.59294701
v 0.12267077 -0.099997662 5.57392883
v -0.406100154 -0.100000709 5.59023666
v -0.513617039 -0.100000709 5.57219601
v -0.597340822 -0.100000702 5.53775692
v 0.164049268 -0.0999976546 5.52624035
v -0.619950891 -0.100000702 5.50668907
v 0.204940915 -0.100000694 5.49816513
v 0.237363219 -0.100000694 5.46925449
v -0.62758708 -0.0999976471 5.46427345
v 0.259074092 -0.0999976397 5.41736031
v -0.624668241 -0.0999976397 5.41146374
v -0.61471343 -0.100000679 5.36601734
v -0.601263285 -0.0999976322 5.3423233
v 0.287745118 -0.100000679 5.33895397
v -0.583215714 -0.0999976248 5.32761669
v -0.521796465 -0.100000672 5.28609371
v 0.338334441 -0.100000665 5.2594595
v 0.400984645 -0.100000665 5.22406387
v -0.555134654 -0.100000657 5.19469929
v 0.477434278 -0.100000657 5.17921638
v -0.577065349 -0.10000065 5.14289284
v -0.581973553 -0.10000065 5.11604595
v 0.588018775 -0.100000642 5.09787369
v -0.582523108 -0.100000642 5.08809662
v 0.661111712 -0.100000635 5.04920006
v -0.590011835 -0.100000635 5.03620148
v 0.685830235 -0.100000635 5.02727509
v 0.690970778 -0.100000635 5.01475048
v -0.616770387 -0.100000635 5.00813484
v -0.62349987 -0.100000627 4.9962101
v 0.691684604 -0.100000627 4.98265839
v -0.628688455 -0.100000627 4.97209454
v 0.685688376 -0.100000627 4.95003414
v -0.625696778 -0.10000062 4.94563389
v 0.676094651 -0.10000062 4.90536308
v -0.620417833 -0.0999975726 4.89507198
v -0.621701241 -0.0999975652 4.8408432
v 0.701299548 -0.100000605 4.80153656
v -0.616897583 -0.100000605 4.79404354
v -0.635653853 -0.100000598 4.73284531
v 0.721007943 -0.10000059 4.72207546
v -0.658919811 -0.10000059 4.69184589
v 0.72330153 -0.0999975428 4.68906212
v -0.659793973 -0.10000059 4.66937637
v 0.720372081 -0.100000583 4.65075493
v -0.652874231 -0.100000583 4.64083576
v -0.637518764 -0.100000575 4.58857155
v 0.721780419 -0.100000575 4.58293438
v -0.664985061 -0.100000568 4.53660679
v 0.778739572 -0.100000568 4.52758408
v 0.865586877 -0.100000568 4.50328636
v -0.699266434 -0.10000056 4.49581814
v 0.92912662 -0.10000056 4.476861
v 0.972286105 -0.100000553 4.43578815
v -0.750673532 -0.0999975055 4.43001366
v 1.02270925 -0.100000545 4.3787117
v -0.816060781 -0.100000545 4.37615013
v 1.06173646 -0.100000538 4.33015537
v -1.10856473 -0.100000545 4.37637138
v -0.886768818 -0.100000553 4.39490795
v -1.12897241 -0.100000538 4.32802486
v -1.06709301 -0.100000553 4.40991497
v -0.931166291 -0.100000553 4.41205597
v -1.00089586 -0.100000553 4.42145061
v 1.09659612 -0.100000538 4.2874732
v -1.130826 -0.100000538 4.28575373
v 1.17622006 -0.10000053 4.25424767
v -1.11983395 -0.10000053 4.2518425
v 1.26264966 -0.10000053 4.23942518
v 1.32927096 -0.0999974832 4.23695374
v 1.39516962 -0.100000523 4.21030188
v -1.10878515 -0.100000523 4.20004368
v 1.47737181 -0.0999974683 4.15767288
v -1.10387588 -0.100000516 4.14992142
v -1.09938931 -0.100000508 4.10848618
v 1.56521213 -0.100000508 4.09505939
v -1.0884676 -0.100000508 4.07323074
v -1.06712604 -0.100000501 4.05212545
v 1.64296758 -0.100000501 4.05113888
v -1.00216091 -0.100000501 4.03739548
v 1.70424521 -0.100000501 4.00905609
v -0.801685929 -0.100000493 3.99936962
v 1.75372708 -0.100000493 3.94841075
v 1.76558077 -0.100000478 3.88187146
v -0.952003479 -0.100000478 3.8598783
v 1.74994171 -0.0999974236 3.80049706
v -1.05318832 -0.100000471 3.79525399
v 1.72739208 -0.100000463 3.73923755
v -1.12116194 -0.100000463 3.73773503
v 1.7031709 -0.0999974087 3.71725869
v 1.65042603 -0.100000456 3.69642925
v -1.18942153 -0.100000456 3.68626451
v -1.26112378 -0.100000449 3.66894913
v -1.28034961 -0.0999974012 3.65893149
v 1.6169194 -0.100000449 3.64935207
v -1.30295479 -0.100000449 3.63614154
v -1.34751534 -0.100000449 3.61718702
v -1.41814673 -0.100000441 3.60104775
v -1.51026845 -0.100000441 3.58741546
v -1.5848577 -0.100000441 3.58342767
v 1.59042203 -0.100000441 3.57434607
v -1.62563729 -0.100000441 3.56820154
v -1.67514014 -0.100000434 3.51927471
v 1.55744779 -0.100000434 3.51180911
v 1.51265967 -0.100000426 3.48049116
v 1.46020162 -0.100000419 3.4399569
v -1.74586058 -0.100000419 3.41709042
v 1.43745053 -0.100000411 3.37159228
v -1.76966357 -0.100000411 3.35274935
v 1.41274059 -0.100000404 3.28553796
v -1.76077139 -0.100000396 3.28128195
v 1.3686403 -0.100000389 3.22263455
v 1.31490481 -0.0999973416 3.18376493
v 1.26069057 -0.100000381 3.16390848
v -1.72858644 -0.100000381 3.14156103
v 1.1972214 -0.100000381 3.11882424
v -1.69010937 -0.100000367 3.06005836
v 1.18546569 -0.100000367 3.03603053
v -1.66027725 -0.100000367 3.03055263
v -1.6341753 -0.100000359 3.0074625
v -1.61958611 -0.100000359 2.95901418
v 1.18297184 -0.100000352 2.93719459
v -1.60652614 -0.100000352 2.92108917
v -1.58826113 -0.100000344 2.89083838
v -1.57128942 -0.100000344 2.87371755
v -1.54905605 -0.100000344 2.86353946
v -1.49197221 -0.100000344 2.85508299
v 1.19022548 -0.100000344 2.85474896
v -1.42131352 -0.100000344 2.84059906
v 1.23014128 -0.100000337 2.80930901
v -1.38337159 -0.100000337 2.79147983
v 1.27049983 -0.100000329 2.76519132
v -1.36605227 -0.100000329 2.74901462
v -1.34888625 -0.0999972746 2.72089863
v 1.29034531 -0.100000322 2.70653892
v -1.32170367 -0.100000322 2.69823599
v -1.25881481 -0.100000322 2.67803431
v -1.18586016 -0.100000314 2.66206932
v 1.28624833 -0.0999972671 2.64765382
v -1.15011799 -0.100000307 2.60959315
v 1.25082862 -0.0999972597 2.59811187
v -1.14979064 -0.0999972597 2.56675363
v -1.14721441 -0.1000003 2.55335259
v -1.13836658 -0.1000003 2.53180408
v 1.22048128 -0.1000003 2.52155256
v -1.12112999 -0.100000292 2.46636772
v 1.22748911 -0.100000285 2.44423819
v -1.1819427 -0.100000285 2.39844608
v 1.22734463 -0.100000277 2.35770011
v -1.24163389 -0.100000277 2.35385466
v -1.29376364 -0.10000027 2.33086753
v 1.21944129 -0.10000027 2.30782509
v -2.30854464 -0.10000027 2.33897138
v 1.20303738 -0.100000262 2.26301622
v -1.39648497 -0.100000277 2.35452986
v -2.27958083 -0.099997215 2.24868393
v -2.2306211 -0.100000247 2.169168
v 1.22113431 -0.100000247 2.1681335
v 1.3051995 -0.10000024 2.10792828
v -2.14954424 -0.0999971926 2.09509468
v 1.39961994 -0.10000024 2.08538127
v 1.4619354 -0.10000024 2.07816792
v 1.49126494 -0.100000232 2.0609684
v 1.51134956 -0.0999971852 2.03097057
v -2.04339886 -0.100000232 2.0191071
v 1.5184046 -0.100000225 2.00536537
v 1.5304991 -0.100000225 1.96461189
v -1.88719249 -0.100000218 1.94083953
v 1.54493606 -0.100000218 1.91884446
v -1.69324517 -0.10000021 1.87195158
v 1.54932177 -0.0999971628 1.85416579
v -1.55570793 -0.10000021 1.85286558
v -1.4424336 -0.10000021 1.84477866
v -1.33309567 -0.100000203 1.80895638
v -1.25445795 -0.100000188 1.7224133
v 1.53301728 -0.100000188 1.71860468
v -1.2088685 -0.10000018 1.63833082
v 1.49804699 -0.100000165 1.56208885
v -1.21386921 -0.100000165 1.54998672
v 1.47238886 -0.100000165 1.52129519
v -1.27314353 -0.100000165 1.51310956
v 1.42950523 -0.0999971107 1.49799407
v -1.29208446 -0.100000158 1.49501574
v 1.33447635 -0.100000151 1.44727325
v -1.31857252 -0.100000151 1.44016087
v 1.30692613 -0.100000143 1.34210575
v -1.38588953 -0.100000136 1.30657983
v 1.32902968 -0.100000128 1.2561326
v 1.38383162 -0.100000121 1.18719006
v -1.457865 -0.0999970734 1.17809486
v 1.46764362 -0.100000113 1.16066885
v 1.55463898 -0.100000113 1.14984012
v 1.63871133 -0.099997066 1.13854527
v 1.68525755 -0.100000113 1.1207695
v -1.50296748 -0.100000106 1.10799885
v 1.74106872 -0.100000106 1.07659841
v -1.52980387 -0.100000098 1.03237772
v 1.80437911 -0.0999970436 1.00524616
v -1.57886565 -0.100000083 0.945425034
v 1.83240223 -0.100000083 0.935193062
v -1.64729726 -0.100000083 0.903462648
v -1.66389894 -0.100000076 0.888709068
v -1.66711903 -0.100000076 0.880324125
v 1.84331608 -0.100000076 0.874637842
v -1.66776705 -0.100000076 0.843036175
v 1.85239506 -0.100000069 0.814752817
v -1.67417455 -0.100000069 0.796954155
v -1.70616305 -0.100000061 0.750701427
v 1.88255692 -0.100000054 0.714486837
v -1.75051045 -0.100000054 0.687236309
v -1.78792906 -0.100000046 0.627296686
v 1.89036894 -0.100000039 0.618913174
v -1.80990267 -0.100000039 0.566094875
v 1.86752605 -0.099996984 0.530867815
v -1.81748414 -0.100000024 0.472202301
v 1.84151411 -0.100000024 0.457249403
v 1.82361937 -0.100000009 0.356740475
v -1.81668973 -0.100000001 0.299999952
v -1.46672702 -0.100000001 0.299999952
v 1.4665488 -0.100000001 0.299999952
v 1.81459463 -0.100000001 0.299999952
v -1.73090994 -0.100000277 2.3792243
v -1.63062859 -0.100000277 2.38122153
v -1.52509093 -0.100000277 2.38081074
v -2.32675362 -0.0999972373 2.41357398
v -1.83803737 -0.100000277 2.39323688
v -1.98330534 -0.100000285 2.43607712
v -2.32402825 -0.100000292 2.47977901
v -2.10664892 -0.100000292 2.49222851
v -2.3061142 -0.1000003 2.52421212
v -2.17863321 -0.1000003 2.53456402
v -2.28321934 -0.1000003 2.53843093
v -2.23602176 -0.1000003 2.54473567
v -1.81668973 0.100000001 0.299999952
v -1.81668973 -0.100000001 0.299999952
v -1.46672702 -0.100000001 0.299999952
v -1.46672702 0.100000001 0.299999952
v 1.4665488 0.100000001 0.299999952
v 1.4665488 -0.100000001 0.299999952
v 1.81459463 -0.100000001 0.299999952
v 1.81459463 0.100000001 0.299999952
vt 0 0
vt 0 0
vt 0 0
vt 0 0
vt 0 0
vt 0 0
vt 0 0
vt 0 0
vt 0 0
vt 0 0
vt 0 0
vt 0 0
vt 0 0
vt 0 0
vt 0 0
vt 0 0
vt 0 0
vt 0 0
vt 0 0
vt 0 0
vt 0 0
vt 0 0
vt 0 0
vt 0 0
vt 0 0
vt 0 0
vt 0 0
vt 0 0
vt 0 0
vt 0 0
vt 0 0
vt 0 0
vt 0 0
vt 0 0
vt 0 0
vt 0 0
vt 0 0
vt 0 0
vt 0 0
vt 0 0
vt 0 0
vt 0 0
vt 0 0
vt 0 0
vt 0 0
vt 0 0
vt 0 0
vt 0 0
vt 0 0
vt 0 0
vt 0 0
vt 0 0
vt 0 0
vt 0 0
vt 0 0
vt 0 0
vt 0 0
vt 0 0
vt 0 0
vt 0 0
vt 0 0
vt 0 0
vt 0 0
vt 0 0
vt 0 0
vt 0 0
vt 0 0
vt 0 0
vt 0 0
vt 0 0
vt 0 0
vt 0 0
vt 0 0
vt 0 0
vt 0 0
vt 0 0
vt 0 0
vt 0 0
vt 0 0
vt 0 0
vt 0 0
vt 0 0
vt 0 0
vt 0 0
vt 0 0
vt 0 0
vt 0 0
vt 0 0
vt 0 0
vt 0 0
vt 0 0
vt 0 0
vt 0 0
vt 0 0
vt 0 0
vt 0 0
vt 0 0
vt 0 0
vt 0 0
vt 0 0
vt 0 0
vt 0 0
vt 0 0
vt 0 0
vt 0 0
vt 0 0
vt 0 0
vt 0 0
vt 0 0
vt 0 0
vt 0 0
vt 0 0
vt 0 0
vt 0 0
vt 0 0
vt 0 0
vt 0 0
vt 0 0
vt 0 0
vt 0 0
vt 0 0
vt 0 0
vt 0 0
vt 0 0
vt 0 0
vt 0 0
vt 0 0
vt 0 0
vt 0 0
vt 0 0
vt 0 0
vt 0 0
vt 0 0
vt 0 0
vt 0 0
vt 0 0
vt 0 0
vt 0 0
vt 0 0
vt 0 0
vt 0 0
vt 0 0
vt 0 0
vt 0 0
vt 0 0
vt 0 0
vt 0 0
vt 0 0
vt 0 0
vt 0 0
vt 0 0
vt 0 0
vt 0 0
vt 0 0
vt 0 0
vt 0 0
vt 0 0
vt 0 0
vt 0 0
vt 0 0
vt 0 0
vt 0 0
vt 0 0
vt 0 0
vt 0 0
vt 0 0
vt 0 0
vt 0 0
vt 0 0
vt 0 0
vt 0 0
vt 0 0
vt 0 0
vt 0 0
vt 0 0
vt 0 0
vt 0 0
vt 0 0
vt 0 0
vt 0 0
vt 0 0
vt 0 0
vt 0 0
vt 0 0
vt 0 0
vt 0 0
vt 0 0
vt 0 0
vt 0 0
vt 0 0
vt 0 0
vt 0 0
vt 0 0
vt 0 0
vt 0 0
vt 0 0
vt 0 0
vt 0 0
vt 0 0
vt 0 0
vt 0 0
vt 0 0
vt 0 0
vt 0 0
vt 0 0
vt 0 0
vt 0 0
vt 0 0
vt 0 0
vt 0 0
vt 0 0
vt 0 0
vt 0 0
vt 0 0
vt 0 0
vt 0 0
vt 0 0
vt 0 0
vt 0 0
vt 0 0
vt 0 0
vt 0 0
vt 0 0
vt 0 0
vt 0 0
vt 0 0
vt 0 0
vt 0 0
vt 0 0
vt 0 0
vt 0 0
vt 0 0
vt 0 0
vt 0 0
vt 0 0
vt 0 0
vt 0 0
vt 0 0
vt 0 0
vt 0 0
vt 0 0
vt 0 0
vt 0 0
vt 0 0
vt 0 0
vt 0 0
vt 0 0
vt 0 0
vt 0 0
vt 0 0
vt 0 0
vt 0 0
vt 0 0
vt 0 0
vt 0 0
vt 0 0
vt 0 0
vt 0 0
vt 0 0
vt 0 0
vt 0 0
vt 0 0
vt 0 0
vt 0 0
vt 0 0
vt 0 0
vt 0 0
vt 0 0
vt 0 0
vt 0 0
vt 0 0
vt 0 0
vt 0 0
vt 0 0
vt 0 0
vt 0 0
vt 0 0
vt 0 0
vt 0 0
vt 0 0
vt 0 0
vt 0 0
vt 0 0
vt 0 0
vt 0 0
vt 0 0
vt 0 0
vt 0 0
vt 0 0
vt 0 0
vt 0 0
vt 0 0
vt 0 0
vt 0 0
vt 0 0
vt 0 0
vt 0 0
vt 0 0
vt 0 0
vt 0 0
vt 0 0
vt 0 0
vt 0 0
vt 0 0
vt 0 0
vt 0 0
vt 0 0
vt 0 0
vt 0 0
vt 0 0
vt 0 0
vt 0 0
vt 0 0
vt 0 0
vt 0 0
vt 0 0
vt 0 0
vt 0 0
vt 0 0
vt 0 0
vt 0 0
vt 0 0
vt 0 0
vt 0 0
vt 0 0
vt 0 0
vt 0 0
vt 0 0
vt 0 0
vt 0 0
vt 0 0
vt 0 0
vt 0 0
vt 0 0
vt 0 0
vt 0 0
vt 0 0
vt 0 0
vt 0 0
vt 0 0
vt 0 0
vt 0 0
vt 0 0
vt 0 0
vt 0 0
vt 0 0
vt 0 0
vt 0 0
vt 0 0
vt 0 0
vt 0 0
vt 0 0
vt 0 0
vt 0 0
vt 0 0
vt 0 0
vt 0 0
vt 0 0
vt 0 0
vt 0 0
vt 0 0
vt 0 0
vt 0 0
vt 0 0
vt 0 0
vt 0 0
vt 0 0
vt 0 0
vt 0 0
vt 0 0
vt 0 0
vt 0 0
vt 0 0
vt 0 0
vt 0 0
vt 0 0
vt 0 0
vt 0 0
vt 0 0
vt 0 0
vt 0 0
vt 0 0
vt 0 0
vt 0 0
vt 0 0
vt 0 0
vt 0 0
vt 0 0
vt 0 0
vt 0 0
vt 0 0
vt 0 0
vt 0 0
vt 0 0
vt 0 0
vt 0 0
vt 0 0
vt 0 0
vt 0 0
vt 0 0
vt 0 0
vt 0 0
vt 0 0
vt 0 0
vt 0 0
vt 0 0
vt 0 0
vt 0 0
vt 0 0
vt 0 0
vt 0 0
vt 0 0
vt 0 0
vt 0 0
vt 0 0
vt 0 0
vt 0 0
vt 0 0
vt 0 0
vt 0 0
vt 0 0
vt 0 0
vt 0 0
vt 0 0
vt 0 0
vt 0 0
vt 0 0
vt 0 0
vt 0 0
vt 0 0
vt 0 0
vt 0 0
vt 0 0
vt 0 0
vt 0 0
vt 0 0
vt 0 0
vt 0 0
vt 0 0
vt 0 0
vt 0 0
vt 0 0
vt 0 0
vt 0 0
vt 0 0
vt 0 0
vt 0 0
vt 0 0
vt 0 0
vt 0 0
vt 0 0
vt 0 0
vt 0 0
vt 0 0
vt 0 0
vt 0 0
vt 0 0
vt 0 0
vt 0 0
vt 0 0
vt 0 0
vt 0 0
vt 0 0
vt 0 0
vt 0 0
vt 0 0
vt 0 0
vt 0 0
vt 0 0
vt 0 0
vt 0 0
vt 0 0
vt 0 0
vt 0 0
vt 0 0
vt 0 0
vt 0 0
vt 0 0
vt 0 0
vt 0 0
vt 0 0
vt 0 0
vt 0 0
vt 0 0
vt 0 0
vt 0 0
vt 0 0
vt 0 0
vt 0 0
vt 0 0
vt 0 0
vt 0 0
vt 0 0
vt 0 0
vt 0 0
vt 0 0
vt 0 0
vt 0 0
vt 0 0
vt 0 0
vt 0 0
vt 0 0
vt 0 0
vt 0 0
vt 0 0
vt 0 0
vt 0 0
vt 0 0
vt 0 0
vt 0 0
vt 0 0
vt 0 0
vt 0 0
vt 0 0
vt 0 0
vt 0 0
vt 0 0
vt 0 0
vt 0 0
vt 0 0
vt 0 0
vt 0 0
vt 0 0
vt 0 0
vt 0 0
vt 0 0
vt 0 0
vt 0 0
vt 0 0
vt 0 0
vt 0 0
vt 0 0
vt 0 0
vt 0 0
vt 0 0
vt 0 0
vt 0 0
vt 0 0
vt 0 0
vt 0 0
vt 0 0
vt 0 0
vt 0 0
vt 0 0
vt 0 0
vt 0 0
vt 0 0
vt 0 0
vt 0 0
vt 0 0
vt 0 0
vt 0 0
vt 0 0
vt 0 0
vt 0 0
vt 0 0
vt 0 0
vt 0 0
vt 0 0
vt 0 0
vt 0 0
vt 0 0
vt 0 0
vt 0 0
vt 0 0
vt 0 0
vt 0 0
vt 0 0
vt 0 0
vt 0 0
vt 0 0
vt 0 0
vt 0 0
vt 0 0
vt 0 0
vt 0 0
vt 0 0
vt 0 0
vt 0 0
vt 0 0
vt 0 0
vt 0 0
vt 0 0
vt 0 0
vt 0 0
vt 0 0
vt 0 0
vt 0 0
vt 0 0
vt 0 0
vt 0 0
vt 0 0
vt 0 0
vt 0 0
vt 0 0
vt 0 0
vt 0 0
vt 0 0
vt 0 0
vt 0 0
vt 0 0
vt 0 0
vt 0 0
vt 0 0
vt 0 0
vt 0 0
vt 0 0
vt 0 0
vt 0 0
vt 0 0
vt 0 0
vt 0 0
vt 0 0
vt 0 0
vt 0 0
vt 0 0
vt 0 0
vt 0 0
vt 0 0
vt 0 0
vt 0 0
vt 0 0
vt 0 0
vt 0 0
vt 0 0
vt 0 0
vt 0 0
vt 0 0
vt 0 0
vt 0 0
vt 0 0
vt 0 0
vt 0 0
vt 0 0
vt 0 0
vt 0 0
vt 0 0
vt 0 0
vt 0 0
vt 0 0
vt 0 0
vt 0 0
vt 0 0
vt 0 0
vt 0 0
vt 0 0
vt 0 0
vt 0 0
vt 0 0
vt 0 0
vt 0 0
vt 0 0
vt 0 0
vt 0 0
vt 0 0
vt 0 0
vt 0 0
vt 0 0
vt 0 0
vt 0 0
vt 0 0
vt 0 0
vt 0 0
vt 0 0
vt 0 0
vt 0 0
vt 0 0
vt 0 0
vt 0 0
vt 0 0
vt 0 0
vt 0 0
vt 0 0
vt 0 0
vt 0 0
vt 0 0
vt 0 0
vt 0 0
vt 0 0
vt 0 0
vt 0 0
vt 0 0
vt 0 0
vt 0 0
vt 0 0
vt 0 0
vt 0 0
vt 0 0
vt 0 0
vt 0 0
vt 0 0
vt 0 0
vt 0 0
vt 0 0
vt 0 0
vt 0 0
vt 0 0
vt 0 0
vt 0 0
vt 0 0
vt 0 0
vt 0 0
vt 0 0
vt 0 0
vt 0 0
vt 0 0
vt 0 0
vt 0 0
vt 0 0
vt 0 0
vt 0 0
vt 0 0
vt 0 0
vt 0 0
vt 0 0
vt 0 0
vt 0 0
vt 0 0
vt 0 0
vt 0 0
vt 0 0
vt 0 0
vt 0 0
vt 0 0
vt 0 0
vt 0 0
vt 0 0
vt 0 0
vt 0 0
vt 0 0
vt 0 0
vt 0 0
vt 0 0
vt 0 0
vt 0 0
vt 0 0
vt 0 0
vt 0 0
vt 0 0
vt 0 0
vt 0 0
vt 0 0
vt 0 0
vt 0 0
vt 0 0
vt 0 0
vt 0 0
vt 0 0
vt 0 0
vt 0 0
vt 0 0
vt 0 0
vt 0 0
vt 0 0
vt 0 0
vt 0 0
vt 0 0
vt 0 0
vt 0 0
vt 0 0
vt 0 0
vt 0 0
vt 0 0
vt 0 0
vt 0 0
vt 0 0
vt 0 0
vt 0 0
vt 0 0
vt 0 0
vt 0 0
vt 0 0
vt 0 0
vt 0 0
vt 0 0
vt 0 0
vt 0 0
vt 0 0
vt 0 0
vt 0 0
vt 0 0
vt 0 0
vt 0 0
vt 0 0
vt 0 0
vt 0 0
vt 0 0
vt 0 0
vt 0 0
vt 0 0
vt 0 0
vt 0 0
vt 0 0
vt 0 0
vt 0 0
vt 0 0
vt 0 0
vt 0 0
vt 0 0
vt 0 0
vt 0 0
vt 0 0
vt 0 0
vt 0 0
vt 0 0
vt 0 0
vt 0 0
vt 0 0
vt 0 0
vt 0 0
vt 0 0
vt 0 0
vt 0 0
vt 0 0
vt 0 0
vt 0 0
vt 0 0
vt 0 0
vt 0 0
vt 0 0
vt 0 0
vt 0 0
vt 0 0
vt 0 0
vt 0 0
vt 0 0
vt 0 0
vt 0 0
vt 0 0
vt 0 0
vt 0 0
vt 0 0
vt 0 0
vt 0 0
vt 0 0
vt 0 0
vt 0 0
vt 0 0
vt 0 0
vt 0 0
vt 0 0
vt 0 0
vt 0 0
vt 0 0
vt 0 0
vt 0 0
vt 0 0
vt 0 0
vt 0 0
vt 0 0
vt 0 0
vt 0 0
vt 0 0
vt 0 0
vt 0 0
vt 0 0
vt 0 0
vt 0 0
vt 0 0
vt 0 0
vt 0 0
vt 0 0
vt 0 0
vt 0 0
vt 0 0
vt 0 0
vt 0 0
vt 0 0
vt 0 0
vt 0 0
vt 0 0
vt 0 0
vt 0 0
vt 0 0
vt 0 0
vt 0 0
vt 0 0
vt 0 0
vt 0 0
vt 0 0
vt 0 0
vt 0 0
vt 0 0
vt 0 0
vt 0 0
vt 0 0
vt 0 0
vt 0 0
vt 0 0
vt 0 0
vt 0 0
vt 0 0
vt 0 0
vt 0 0
vt 0 0
vt 0 0
vt 0 0
vt 0 0
vt 0 0
vt 0 0
vt 0 0
vt 0 0
vt 0 0
vt 0 0
vt 0 0
vt 0 0
vt 0 0
vt 0 0
vt 0 0
vt 0 0
vt 0 0
vt 0 0
vt 0 0
vt 0 0
vt 0 0
vt 0 0
vt 0 0
vt 0 0
vt 0 0
vt 0 0
vt 0 0
vt 0 0
vt 0 0
vt 0 0
vt 0 0
vt 0 0
vt 0 0
vt 0 0
vt 0 0
vt 0 0
vt 0 0
vt 0 0
vt 0 0
vt 0 0
vt 0 0
vt 0 0
vt 0 0
vt 0 0
vt 0 0
vt 0 0
vt 0 0
vt 0 0
vt 0 0
vt 0 0
vt 0 0
vt 0 0
vt 0 0
vt 0 0
vt 0 0
vt 0 0
vt 0 0
vt 0 0
vt 0 0
vt 0 0
vt 0 0
vt 0 0
vt 0 0
vt 0 0
vt 0 0
vt 0 0
vt 0 0
vt 0 0
vt 0 0
vt 0 0
vt 0 0
vt 0 0
vt 0 0
vt 0 0
vt 0 0
vt 0 0
vt 0 0
vt 0 0
vt 0 0
vt 0 0
vt 0 0
vt 0 0
vt 0 0
vt 0 0
vt 0 0
vt 0 0
vt 0 0
vt 0 0
vt 0 0
vt 0 0
vt 0 0
vt 0 0
vt 0 0
vt 0 0
vt 0 0
vt 0 0
vt 0 0
vt 0 0
vt 0 0
vt 0 0
vt 0 0
vt 0 0
vt 0 0
vt 0 0
vt 0 0
vt 0 0
vt 0 0
vt 0 0
vt 0 0
vt 0 0
vt 0 0
vt 0 0
vt 0 0
vt 0 0
vt 0 0
vt 0 0
vt 0 0
vt 0 0
vt 0 0
vt 0 0
vt 0 0
vt 0 0
vt 0 0
vt 0 0
vt 0 0
vt 0 0
vt 0 0
vt 0 0
vt 0 0
vt 0 0
vt 0 0
vt 0 0
vt 0 0
vt 0 0
vt 0 0
vt 0 0
vt 0 0
vt 0 0
vt 0 0
vt 0 0
vt 0 0
vt 0 0
vt 0 0
vt 0 0
vt 0 0
vt 0 0
vt 0 0
vt 0 0
vt 0 0
vt 0 0
vt 0 0
vt 0 0
vt 0 0
vt 0 0
vt 0 0
vt 0 0
vt 0 0
vt 0 0
vt 0 0
vt 0 0
vt 0 0
vt 0 0
vt 0 0
vt 0 0
vt 0 0
vt 0 0
vt 0 0
vt 0 0
vt 0 0
vt 0 0
vt 0 0
vt 0 0
vt 0 0
vt 0 0
vt 0 0
vt 0 0
vt 0 0
vt 0 0
vt 0 0
vt 0 0
vt 0 0
vt 0 0
vt 0 0
vt 0 0
vt 0 0
vt 0 0
vt 0 0
vt 0 0
vt 0 0
vt 0 0
vt 0 0
vt 0 0
vt 0 0
vt 0 0
vt 0 0
vt 0 0
vt 0 0
vt 0 0
vt 0 0
vt 0 0
vt 0 0
vt 0 0
vt 0 0
vt 0 0
vt 0 0
vt 0 0
vt 0 0
vt 0 0
vt 0 0
vt 0 0
vt 0 0
vt 0 0
vt 0 0
vt 0 0
vt 0 0
vt 0 0
vt 0 0
vt 0 0
vt 0 0
vt 0 0
vt 0 0
vt 0 0
vt 0 0
vt 0 0
vt 0 0
vt 0 0
vt 0 0
vt 0 0
vt 0 0
vt 0 0
vt 0 0
vt 0 0
vt 0 0
vt 0 0
vt 0 0
vt 0 0
vt 0 0
vt 0 0
vt 0 0
vt 0 0
vt 0 0
vt 0 0
vt 0 0
vt 0 0
vt 0 0
vt 0 0
vt 0 0
vt 0 0
vt 0 0
vt 0 0
vt 0 0
vt 0 0
vt 0 0
vt 0 0
vt 0 0
vt 0 0
vt 0 0
vt 0 0
vt 0 0
vt 0 0
vt 0 0
vt 0 0
vt 0 0
vt 0 0
vt 0 0
vt 0 0
vt 0 0
vt 0 0
vt 0 0
vt 0 0
vt 0 0
vt 0 0
vt 0 0
vt 0 0
vt 0 0
vt 0 0
vt 0 0
vt 0 0
vt 0 0
vt 0 0
vt 0 0
vt 0 0
vt 0 0
vt 0 0
vt 0 0
vt 0 0
vt 0 0
vt 0 0
vt 0 0
vt 0 0
vt 0 0
vt 0 0
vt 0 0
vt 0 0
vt 0 0
vt 0 0
vt 0 0
vt 0 0
vt 0 0
vt 0 0
vt 0 0
vt 0 0
vt 0 0
vt 0 0
vt 0 0
vt 0 0
vt 0 0
vt 0 0
vt 0 0
vt 0 0
vt 0 0
vt 0 0
vt 0 0
vt 0 0
vt 0 0
vt 0 0
vt 0 0
vt 0 0
vt 0 0
vt 0 0
vt 0 0
vt 0 0
vt 0 0
vt 0 0
vt 0 0
vt 0 0
vt 0 0
vt 0 0
vt 0 0
vt 0 0
vt 0 0
vt 0 0
vt 0 0
vt 0 0
vt 0 0
vt 0 0
vt 0 0
vt 0 0
vt 0 0
vt 0 0
vt 0 0
vt 0 0
vt 0 0
vt 0 0
vt 0 0
vt 0 0
vt 0 0
vt 0 0
vt 0 0
vt 0 0
vt 0 0
vt 0 0
vt 0 0
vt 0 0
vt 0 0
vt 0 0
vt 0 0
vt 0 0
vt 0 0
vt 0 0
vt 0 0
vt 0 0
vt 0 0
vt 0 0
vt 0 0
vt 0 0
vt 0 0
vt 0 0
vt 0 0
vt 0 0
vt 0 0
vt 0 0
vt 0 0
vt 0 0
vt 0 0
vt 0 0
vt 0 0
vt 0 0
vt 0 0
vt 0 0
vt 0 0
vt 0 0
vt 0 0
vt 0 0
vt 0 0
vt 0 0
vt 0 0
vt 0 0
vt 0 0
vt 0 0
vt 0 0
vt 0 0
vt 0 0
vt 0 0
vt 0 0
vt 0 0
vt 0 0
vt 0 0
vt 0 0
vt 0 0
vt 0 0
vt 0 0
vt 0 0
vt 0 0
vt 0 0
vt 0 0
vt 0 0
vt 0 0
vt 0 0
vt 0 0
vt 0 0
vt 0 0
vt 0 0
vt 0 0
vt 0 0
vt 0 0
vt 0 0
vt 0 0
vt 0 0
vt 0 0
vt 0 0
vt 0 0
vt 0 0
vt 0 0
vt 0 0
vt 0 0
vt 0 0
vt 0 0
vt 0 0
vt 0 0
vt 0 0
vt 0 0
vt 0 0
vt 0 0
vt 0 0
vt 0 0
vt 0 0
vt 0 0
vt 0 0
vt 0 0
vt 0 0
vt 0 0
vt 0 0
vt 0 0
vt 0 0
vt 0 0
vt 0 0
vt 0 0
vt 0 0
vt 0 0
vt 0 0
vt 0 0
vt 0 0
vt 0 0
vt 0 0
vt 0 0
vt 0 0
vt 0 0
vt 0 0
vt 0 0
vt 0 0
vt 0 0
vt 0 0
vt 0 0
vt 0 0
vt 0 0
vt 0 0
vt 0 0
vt 0 0
vt 0 0
vt 0 0
vt 0 0
vt 0 0
vt 0 0
vt 0 0
vt 0 0
vt 0 0
vt 0 0
vt 0 0
vt 0 0
vt 0 0
vt 0 0
vt 0 0
vt 0 0
vt 0 0
vt 0 0
vt 0 0
vt 0 0
vt 0 0
vt 0 0
vt 0 0
vt 0 0
vt 0 0
vt 0 0
vt 0 0
vt 0 0
vt 0 0
vt 0 0
vt 0 0
vt 0 0
vt 0 0
vt 0 0
vt 0 0
vt 0 0
vt 0 0
vt 0 0
vt 0 0
vt 0 0
vt 0 0
vt 0 0
vt 0 0
vt 0 0
vt 0 0
vt 0 0
vt 0 0
vt 0 0
vt 0 0
vt 0 0
vt 0 0
vt 0 0
vt 0 0
vt 0 0
vt 0 0
vt 0 0
vt 0 0
vt 0 0
vt 0 0
vt 0 0
vt 0 0
vt 0 0
vt 0 0
vt 0 0
vt 0 0
vt 0 0
vt 0 0
vt 0 0
vt 0 0
vt 0 0
vt 0 0
vt 0 0
vt 0 0
vt 0 0
vt 0 0
vt 0 0
vt 0 0
vt 0 0
vt 0 0
vt 0 0
vt 0 0
vt 0 0
vt 0 0
vt 0 0
vt 0 0
vt 0 0
vt 0 0
vt 0 0
vt 0 0
vt 0 0
vt 0 0
vt 0 0
vt 0 0
vt 0 0
vt 0 0
vt 0 0
vt 0 0
vt 0 0
vt 0 0
vt 0 0
vt 0 0
vt 0 0
vt 0 0
vt 0 0
vt 0 0
vt 0 0
vt 0 0
vt 0 0
vt 0 0
vt 0 0
vt 0 0
vt 0 0
vt 0 0
vt 0 0
vt 0 0
vt 0 0
vt 0 0
vt 0 0
vt 0 0
vt 0 0
vt 0 0
vt 0 0
vt 0 0
vt 0 0
vt 0 0
vt 0 0
vt 0 0
vt 0 0
vt 0 0
vt 0 0
vt 0 0
vt 0 0
vt 0 0
vt 0 0
vt 0 0
vt 0 0
vt 0 0
vt 0 0
vt 0 0
vt 0 0
vt 0 0
vt 0 0
vt 0 0
vt 0 0
vt 0 0
vt 0 0
vt 0 0
vt 0 0
vt 0 0
vt 0 0
vt 0 0
vt 0 0
vt 0 0
vt 0 0
vt 0 0
vt 0 0
vt 0 0
vt 0 0
vt 0 0
vt 0 0
vt 0 0
vt 0 0
vt 0 0
vt 0 0
vt 0 0
vt 0 0
vt 0 0
vt 0 0
vt 0 0
vt 0 0
vt 0 0
vt 0 0
vt 0 0
vt 0 0
vt 0 0
vt 0 0
vt 0 0
vt 0 0
vt 0 0
vt 0 0
vt 0 0
vt 0 0
vt 0 0
vt 0 0
vt 0 0
vt 0 0
vt 0 0
vt 0 0
vt 0 0
vt 0 0
vt 0 0
vt 0 0
vt 0 0
vt 0 0
vt 0 0
vt 0 0
vt 0 0
vt 0 0
vt 0 0
vt 0 0
vt 0 0
vt 0 0
vt 0 0
vt 0 0
vt 0 0
vt 0 0
vt 0 0
vt 0 0
vt 0 0
vt 0 0
vt 0 0
vt 0 0
vt 0 0
vt 0 0
vt 0 0
vt 0 0
vt 0 0
vt 0 0
vt 0 0
vt 0 0
vt 0 0
vt 0 0
vt 0 0
vt 0 0
vt 0 0
vt 0 0
vt 0 0
vt 0 0
vt 0 0
vt 0 0
vt 0 0
vt 0 0
vt 0 0
vt 0 0
vt 0 0
vt 0 0
vt 0 0
vt 0 0
vt 0 0
vt 0 0
vt 0 0
vt 0 0
vt 0 0
vt 0 0
vt 0 0
vt 0 0
vt 0 0
vt 0 0
vt 0 0
vt 0 0
vt 0 0
vt 0 0
vt 0 0
vt 0 0
vt 0 0
vt 0 0
vt 0 0
vt 0 0
vt 0 0
vt 0 0
vt 0 0
vt 0 0
vt 0 0
vt 0 0
vt 0 0
vt 0 0
vt 0 0
vt 0 0
vt 0 0
vt 0 0
vt 0 0
vt 0 0
vt 0 0
vt 0 0
vt 0 0
vt 0 0
vt 0 0
vt 0 0
vt 0 0
vt 0 0
vt 0 0
vt 0 0
vt 0 0
vt 0 0
vt 0 0
vt 0 0
vt 0 0
vt 0 0
vt 0 0
vt 0 0
vt 0 0
vt 0 0
vt 0 0
vt 0 0
vt 0 0
vt 0 0
vt 0 0
vt 0 0
vt 0 0
vt 0 0
vt 0 0
vt 0 0
vt 0 0
vt 0 0
vt 0 0
vt 0 0
vt 0 0
vt 0 0
vt 0 0
vt 0 0
vt 0 0
vt 0 0
vt 0 0
vt 0 0
vt 0 0
vt 0 0
vt 0 0
vt 0 0
vt 0 0
vt 0 0
vt 0 0
vt 0 0
vt 0 0
vt 0 0
vt 0 0
vt 0 0
vt 0 0
vt 0 0
vt 0 0
vt 0 0
vt 0 0
vt 0 0
vt 0 0
vt 0 0
vt 0 0
vt 0 0
vt 0 0
vt 0 0
vt 0 0
vt 0 0
vt 0 0
vt 0 0
vt 0 0
vt 0 0
vt 0 0
vt 0 0
vt 0 0
vt 0 0
vt 0 0
vt 0 0
vt 0 0
vt 0 0
vt 0 0
vt 0 0
vt 0 0
vt 0 0
vt 0 0
vt 0 0
vt 0 0
vt 0 0
vt 0 0
vt 0 0
vt 0 0
vt 0 0
vt 0 0
vt 0 0
vt 0 0
vt 0 0
vt 0 0
vt 0 0
vt 0 0
vt 0 0
vt 0 0
vt 0 0
vt 0 0
vt 0 0
vt 0 0
vt 0 0
vt 0 0
vt 0 0
vt 0 0
vt 0 0
vt 0 0
vt 0 0
vt 0 0
vt 0 0
vt 0 0
vt 0 0
vt 0 0
vt 0 0
vt 0 0
vt 0 0
vt 0 0
vt 0 0
vt 0 0
vt 0 0
vt 0 0
vt 0 0
vt 0 0
vt 0 0
vt 0 0
vt 0 0
vt 0 0
vt 0 0
vt 0 0
vt 0 0
vt 0 0
vt 0 0
vt 0 0
vt 0 0
vt 0 0
vt 0 0
vt 0 0
vt 0 0
vt 0 0
vt 0 0
vt 0 0
vt 0 0
vt 0 0
vt 0 0
vt 0 0
vt 0 0
vt 0 0
vt 0 0
vt 0 0
vt 0 0
vt 0 0
vt 0 0
vt 0 0
vt 0 0
vt 0 0
vt 0 0
vt 0 0
vt 0 0
vt 0 0
vt 0 0
vt 0 0
vt 0 0
vt 0 0
vt 0 0
vt 0 0
vt 0 0
vt 0 0
vt 0 0
vt 0 0
vt 0 0
vt 0 0
vt 0 0
vt 0 0
vt 0 0
vt 0 0
vt 0 0
vt 0 0
vt 0 0
vt 0 0
vt 0 0
vt 0 0
vt 0 0
vt 0 0
vt 0 0
vt 0 0
vt 0 0
vt 0 0
vt 0 0
vt 0 0
vt 0 0
vt 0 0
vt 0 0
vt 0 0
vt 0 0
vt 0 0
vt 0 0
vt 0 0
vt 0 0
vt 0 0
vt 0 0
vt 0 0
vt 0 0
vt 0 0
vt 0 0
vt 0 0
vt 0 0
vt 0 0
vt 0 0
vt 0 0
vt 0 0
vt 0 0
vt 0 0
vt 0 0
vt 0 0
vt 0 0
vt 0 0
vt 0 0
vt 0 0
vt 0 0
vt 0 0
vt 0 0
vt 0 0
vt 0 0
vt 0 0
vt 0 0
vt 0 0
vt 0 0
vt 0 0
vt 0 0
vt 0 0
vt 0 0
vt 0 0
vt 0 0
vt 0 0
vt 0 0
vt 0 0
vt 0 0
vt 0 0
vt 0 0
vt 0 0
vt 0 0
vt 0 0
vt 0 0
vt 0 0
vt 0 0
vt 0 0
vt 0 0
vt 0 0
vt 0 0
vt 0 0
vt 0 0
vt 0 0
vt 0 0
vt 0 0
vt 0 0
vt 0 0
vt 0 0
vt 0 0
vt 0 0
vt 0 0
vt 0 0
vt 0 0
vt 0 0
vt 0 0
vt 0 0
vt 0 0
vt 0 0
vt 0 0
vt 0 0
vt 0 0
vt 0 0
vt 0 0
vt 0 0
vt 0 0
vt 0 0
vt 0 0
vt 0 0
vt 0 0
vt 0 0
vt 0 0
vt 0 0
vt 0 0
vt 0 0
vt 0 0
vt 0 0
vt 0 0
vt 0 0
vt 0 0
vt 0 0
vt 0 0
vt 0 0
vt 0 0
vt 0 0
vt 0 0
vt 0 0
vt 0 0
vt 0 0
vt 0 0
vt 0 0
vt 0 0
vt 0 0
vt 0 0
vt 0 0
vt 0 0
vt 0 0
vt 0 0
vt 0 0
vt 0 0
vt 0 0
vt 0 0
vt 0 0
vt 0 0
vt 0 0
vt 0 0
vt 0 0
vt 0 0
vt 0 0
vt 0 0
vt 0 0
vt 0 0
vt 0 0
vt 0 0
vt 0 0
vt 0 0
vt 0 0
vt 0 0
vt 0 0
vt 0 0
vt 0 0
vt 0 0
vt 0 0
vt 0 0
vt 0 0
vt 0 0
vt 0 0
vt 0 0
vt 0 0
vt 0 0
vt 0 0
vt 0 0
vt 0 0
vt 0 0
vt 0 0
vt 0 0
vt 0 0
vt 0 0
vt 0 0
vt 0 0
vt 0 0
vt 0 0
vt 0 0
vt 0 0
vt 0 0
vt 0 0
vt 0 0
vt 0 0
vt 0 0
vt 0 0
vt 0 0
vt 0 0
vt 0 0
vt 0 0
vt 0 0
vt 0 0
vt 0 0
vt 0 0
vt 0 0
vt 0 0
vt 0 0
vt 0 0
vt 0 0
vt 0 0
vt 0 0
vt 0 0
vt 0 0
vt 0 0
vt 0 0
vt 0 0
vt 0 0
vt 0 0
vt 0 0
vt 0 0
vt 0 0
vt 0 0
vt 0 0
vt 0 0
vt 0 0
vt 0 0
vt 0 0
vt 0 0
vt 0 0
vt 0 0
vt 0 0
vt 0 0
vt 0 0
vt 0 0
vt 0 0
vt 0 0
vt 0 0
vt 0 0
vt 0 0
vt 0 0
vt 0 0
vt 0 0
vt 0 0
vt 0 0
vt 0 0
vt 0 0
vt 0 0
vt 0 0
vt 0 0
vt 0 0
vt 0 0
vt 0 0
vt 0 0
vt 0 0
vt 0 0
vt 0 0
vt 0 0
vt 0 0
vt 0 0
vt 0 0
vt 0 0
vt 0 0
vt 0 0
vt 0 0
vt 0 0
vt 0 0
vt 0 0
vt 0 0
vt 0 0
vt 0 0
vt 0 0
vt 0 0
vt 0 0
vt 0 0
vt 0 0
vt 0 0
vt 0 0
vt 0 0
vt 0 0
vt 0 0
vt 0 0
vt 0 0
vt 0 0
vt 0 0
vt 0 0
vt 0 0
vt 0 0
vt 0 0
vt 0 0
vt 0 0
vt 0 0
vt 0 0
vt 0 0
vt 0 0
vt 0 0
vt 0 0
vt 0 0
vt 0 0
vt 0 0
vt 0 0
vt 0 0
vt 0 0
vt 0 0
vt 0 0
vt 0 0
vt 0 0
vt 0 0
vt 0 0
vt 0 0
vt 0 0
vt 0 0
vt 0 0
vt 0 0
vt 0 0
vt 0 0
vt 0 0
vt 0 0
vt 0 0
vt 0 0
vt 0 0
vt 0 0
vt 0 0
vt 0 0
vt 0 0
vt 0 0
vt 0 0
vt 0 0
vt 0 0
vt 0 0
vt 0 0
vt 0 0
vt 0 0
vt 0 0
vt 0 0
vt 0 0
vt 0 0
vt 0 0
vt 0 0
vt 0 0
vt 0 0
vt 0 0
vt 0 0
vt 0 0
vt 0 0
vt 0 0
vt 0 0
vt 0 0
vt 0 0
vt 0 0
vt 0 0
vt 0 0
vt 0 0
vt 0 0
vt 0 0
vt 0 0
vt 0 0
vt 0 0
vt 0 0
vt 0 0
vt 0 0
vt 0 0
vt 0 0
vt 0 0
vt 0 0
vt 0 0
vt 0 0
vt 0 0
vt 0 0
vt 0 0
vt 0 0
vt 0 0
vt 0 0
vt 0 0
vt 0 0
vt 0 0
vt 0 0
vt 0 0
vt 0 0
vt 0 0
vt 0 0
vt 0 0
vt 0 0
vt 0 0
vt 0 0
vt 0 0
vt 0 0
vt 0 0
vt 0 0
vt 0 0
vt 0 0
vt 0 0
vt 0 0
vt 0 0
vt 0 0
vt 0 0
vt 0 0
vt 0 0
vt 0 0
vt 0 0
vt 0 0
vt 0 0
vt 0 0
vt 0 0
vt 0 0
vt 0 0
vt 0 0
vt 0 0
vt 0 0
vt 0 0
vt 0 0
vt 0 0
vt 0 0
vt 0 0
vt 0 0
vt 0 0
vt 0 0
vt 0 0
vt 0 0
vt 0 0
vt 0 0
vt 0 0
vt 0 0
vt 0 0
vt 0 0
vt 0 0
vt 0 0
vt 0 0
vt 0 0
vt 0 0
vt 0 0
vt 0 0
vt 0 0
vt 0 0
vt 0 0
vt 0 0
vt 0 0
vt 0 0
vt 0 0
vt 0 0
vt 0 0
vt 0 0
vt 0 0
vt 0 0
vt 0 0
vt 0 0
vt 0 0
vt 0 0
vt 0 0
vt 0 0
vt 0 0
vt 0 0
vt 0 0
vt 0 0
vt 0 0
vt 0 0
vt 0 0
vt 0 0
vt 0 0
vt 0 0
vt 0 0
vt 0 0
vt 0 0
vt 0 0
vt 0 0
vt 0 0
vt 0 0
vt 0 0
vt 0 0
vt 0 0
vt 0 0
vt 0 0
vt 0 0
vt 0 0
vt 0 0
vt 0 0
vt 0 0
vt 0 0
vt 0 0
vt 0 0
vt 0 0
vt 0 0
vt 0 0
vt 0 0
vt 0 0
vt 0 0
vt 0 0
vt 0 0
vt 0 0
vt 0 0
vt 0 0
vt 0 0
vt 0 0
vt 0 0
vt 0 0
vt 0 0
vt 0 0
vt 0 0
vt 0 0
vt 0 0
vt 0 0
vt 0 0
vt 0 0
vt 0 0
vt 0 0
vt 0 0
vt 0 0
vt 0 0
vt 0 0
vt 0 0
vt 0 0
vt 0 0
vt 0 0
vt 0 0
vt 0 0
vt 0 0
vt 0 0
vt 0 0
vt 0 0
vt 0 0
vt 0 0
vt 0 0
vt 0 0
vt 0 0
vt 0 0
vt 0 0
vt 0 0
vt 0 0
vt 0 0
vt 0 0
vt 0 0
vt 0 0
vt 0 0
vt 0 0
vt 0 0
vt 0 0
vt 0 0
vt 0 0
vt 0 0
vt 0 0
vt 0 0
vt 0 0
vt 0 0
vt 0 0
vt 0 0
vt 0 0
vt 0 0
vt 0 0
vt 0 0
vt 0 0
vt 0 0
vt 0 0
vt 0 0
vt 0 0
vt 0 0
vt 0 0
vt 0 0
vt 0 0
vt 0 0
vt 0 0
vt 0 0
vt 0 0
vt 0 0
vt 0 0
vt 0 0
vt 0 0
vt 0 0
vt 0 0
vt 0 0
vt 0 0
vt 0 0
vt 0 0
vt 0 0
vt 0 0
vt 0 0
vt 0 0
vt 0 0
vt 0 0
vt 0 0
vt 0 0
vt 0 0
vt 0 0
vt 0 0
vt 0 0
vt 0 0
vt 0 0
vt 0 0
vt 0 0
vt 0 0
vt 0 0
vt 0 0
vt 0 0
vt 0 0
vt 0 0
vt 0 0
vt 0 0
vt 0 0
vt 0 0
vt 0 0
vt 0 0
vt 0 0
vt 0 0
vt 0 0
vt 0 0
vt 0 0
vt 0 0
vt 0 0
vt 0 0
vt 0 0
vt 0 0
vt 0 0
vt 0 0
vt 0 0
vt 0 0
vt 0 0
vt 0 0
vt 0 0
vt 0 0
vt 0 0
vt 0 0
vt 0 0
vt 0 0
vt 0 0
vt 0 0
vt 0 0
vt 0 0
vt 0 0
vt 0 0
vt 0 0
vt 0 0
vt 0 0
vt 0 0
vt 0 0
vt 0 0
vt 0 0
vt 0 0
vt 0 0
vt 0 0
vt 0 0
vt 0 0
vt 0 0
vt 0 0
vt 0 0
vt 0 0
vt 0 0
vt 0 0
vt 0 0
vt 0 0
vt 0 0
vt 0 0
vt 0 0
vt 0 0
vt 0 0
vt 0 0
vt 0 0
vt 0 0
vt 0 0
vt 0 0
vt 0 0
vt 0 0
vt 0 0
vt 0 0
vt 0 0
vt 0 0
vt 0 0
vt 0 0
vt 0 0
vt 0 0
vt 0 0
vt 0 0
vt 0 0
vt 0 0
vt 0 0
vt 0 0
vt 0 0
vt 0 0
vt 0 0
vt 0 0
vt 0 0
vt 0 0
vt 0 0
vt 0 0
vt 0 0
vt 0 0
vt 0 0
vt 0 0
vt 0 0
vt 0 0
vt 0 0
vt 0 0
vt 0 0
vt 0 0
vt 0 0
vt 0 0
vt 0 0
vt 0 0
vt 0 0
vt 0 0
vt 0 0
vt 0 0
vt 0 0
vt 0 0
vt 0 0
vt 0 0
vt 0 0
vt 0 0
vt 0 0
vt 0 0
vt 0 0
vt 0 0
vt 0 0
vt 0 0
vt 0 0
vt 0 0
vt 0 0
vt 0 0
vt 0 0
vt 0 0
vt 0 0
vt 0 0
vt 0 0
vt 0 0
vt 0 0
vt 0 0
vt 0 0
vt 0 0
vt 0 0
vt 0 0
vt 0 0
vt 0 0
vt 0 0
vt 0 0
vt 0 0
vt 0 0
vt 0 0
vt 0 0
vt 0 0
vt 0 0
vt 0 0
vt 0 0
vt 0 0
vt 0 0
vt 0 0
vt 0 0
vt 0 0
vt 0 0
vt 0 0
vt 0 0
vt 0 0
vt 0 0
vt 0 0
vt 0 0
vt 0 0
vt 0 0
vt 0 0
vt 0 0
vt 0 0
vt 0 0
vt 0 0
vt 0 0
vt 0 0
vt 0 0
vt 0 0
vt 0 0
vt 0 0
vt 0 0
vt 0 0
vt 0 0
vt 0 0
vt 0 0
vt 0 0
vt 0 0
vt 0 0
vt 0 0
vt 0 0
vt 0 0
vt 0 0
vt 0 0
vt 0 0
vt 0 0
vt 0 0
vt 0 0
vt 0 0
vt 0 0
vt 0 0
vt 0 0
vt 0 0
vt 0 0
vt 0 0
vt 0 0
vt 0 0
vt 0 0
vt 0 0
vt 0 0
vt 0 0
vt 0 0
vt 0 0
vt 0 0
vt 0 0
vt 0 0
vt 0 0
vt 0 0
vt 0 0
vt 0 0
vt 0 0
vt 0 0
vt 0 0
vt 0 0
vt 0 0
vt 0 0
vt 0 0
vt 0 0
vt 0 0
vt 0 0
vt 0 0
vt 0 0
vt 0 0
vt 0 0
vt 0 0
vt 0 0
vt 0 0
vt 0 0
vt 0 0
vt 0 0
vt 0 0
vt 0 0
vt 0 0
vt 0 0
vt 0 0
vt 0 0
vt 0 0
vt 0 0
vt 0 0
vt 0 0
vt 0 0
vt 0 0
vt 0 0
vt 0 0
vt 0 0
vt 0 0
vt 0 0
vt 0 0
vt 0 0
vt 0 0
vt 0 0
vt 0 0
vt 0 0
vt 0 0
vt 0 0
vt 0 0
vt 0 0
vt 0 0
vt 0 0
vt 0 0
vt 0 0
vt 0 0
vt 0 0
vt 0 0
vt 0 0
vt 0 0
vt 0 0
vt 0 0
vt 0 0
vt 0 0
vt 0 0
vt 0 0
vt 0 0
vt 0 0
vt 0 0
vt 0 0
vt 0 0
vt 0 0
vt 0 0
vt 0 0
vt 0 0
vt 0 0
vt 0 0
vt 0 0
vt 0 0
vt 0 0
vt 0 0
vt 0 0
vt 0 0
vt 0 0
vt 0 0
vt 0 0
vt 0 0
vt 0 0
vt 0 0
vt 0 0
vt 0 0
vt 0 0
vt 0 0
vt 0 0
vt 0 0
vt 0 0
vt 0 0
vt 0 0
vt 0 0
vt 0 0
vt 0 0
vt 0 0
vt 0 0
vt 0 0
vt 0 0
vt 0 0
vt 0 0
vt 0 0
vt 0 0
vt 0 0
vt 0 0
vt 0 0
vt 0 0
vt 0 0
vt 0 0
vt 0 0
vt 0 0
vt 0 0
vt 0 0
vt 0 0
vt 0 0
vt 0 0
vt 0 0
vt 0 0
vt 0 0
vt 0 0
vt 0 0
vt 0 0
vt 0 0
vt 0 0
vt 0 0
vt 0 0
vt 0 0
vt 0 0
vt 0 0
vt 0 0
vt 0 0
vt 0 0
vt 0 0
vt 0 0
vt 0 0
vt 0 0
vt 0 0
vt 0 0
vt 0 0
vt 0 0
vt 0 0
vt 0 0
vt 0 0
vt 0 0
vt 0 0
vt 0 0
vt 0 0
vt 0 0
vt 0 0
vt 0 0
vt 0 0
vt 0 0
vt 0 0
vt 0 0
vt 0 0
vt 0 0
vt 0 0
vt 0 0
vt 0 0
vt 0 0
vt 0 0
vt 0 0
vt 0 0
vt 0 0
vt 0 0
vt 0 0
vt 0 0
vt 0 0
vt 0 0
vt 0 0
vt 0 0
vt 0 0
vt 0 0
vt 0 0
vt 0 0
vt 0 0
vt 0 0
vt 0 0
vt 0 0
vt 0 0
vt 0 0
vt 0 0
vt 0 0
vt 0 0
vt 0 0
vt 0 0
vt 0 0
vt 0 0
vt 0 0
vt 0 0
vt 0 0
vt 0 0
vt 0 0
vt 0 0
vt 0 0
vt 0 0
vt 0 0
vt 0 0
vt 0 0
vt 0 0
vt 0 0
vt 0 0
vt 0 0
vt 0 0
vt 0 0
vt 0 0
vt 0 0
vt 0 0
vt 0 0
vt 0 0
vt 0 0
vt 0 0
vt 0 0
vt 0 0
vt 0 0
vt 0 0
vt 0 0
vt 0 0
vt 0 0
vt 0 0
vt 0 0
vt 0 0
vt 0 0
vt 0 0
vt 0 0
vt 0 0
vt 0 0
vt 0 0
vt 0 0
vt 0 0
vt 0 0
vt 0 0
vt 0 0
vt 0 0
vt 0 0
vt 0 0
vt 0 0
vt 0 0
vt 0 0
vt 0 0
vt 0 0
vt 0 0
vt 0 0
vt 0 0
vt 0 0
vt 0 0
vt 0 0
vt 0 0
vt 0 0
vt 0 0
vt 0 0
vt 0 0
vt 0 0
vt 0 0
vt 0 0
vt 0 0
vt 0 0
vt 0 0
vt 0 0
vt 0 0
vt 0 0
vt 0 0
vt 0 0
vt 0 0
vt 0 0
vt 0 0
vt 0 0
vt 0 0
vt 0 0
vt 0 0
vt 0 0
vt 0 0
vt 0 0
vt 0 0
vt 0 0
vt 0 0
vt 0 0
vt 0 0
vt 0 0
vt 0 0
vt 0 0
vt 0 0
vt 0 0
vt 0 0
vt 0 0
vt 0 0
vt 0 0
vt 0 0
vt 0 0
vt 0 0
vt 0 0
vt 0 0
vt 0 0
vt 0 0
vt 0 0
vt 0 0
vt 0 0
vt 0 0
vt 0 0
vt 0 0
vt 0 0
vt 0 0
vt 0 0
vt 0 0
vt 0 0
vt 0 0
vt 0 0
vt 0 0
vt 0 0
vt 0 0
vt 0 0
vt 0 0
vt 0 0
vt 0 0
vt 0 0
vt 0 0
vt 0 0
vt 0 0
vt 0 0
vt 0 0
vt 0 0
vt 0 0
vt 0 0
vt 0 0
vt 0 0
vt 0 0
vt 0 0
vt 0 0
vt 0 0
vt 0 0
vt 0 0
vt 0 0
vt 0 0
vt 0 0
vt 0 0
vt 0 0
vt 0 0
vt 0 0
vt 0 0
vt 0 0
vt 0 0
vt 0 0
vt 0 0
vt 0 0
vt 0 0
vt 0 0
vt 0 0
vt 0 0
vt 0 0
vt 0 0
vt 0.625 0.5
vt 0.625 0.583496094
vt 0.6875 0.583496094
vt 0.6875 0.5
vt 0.375 0.4375
vt 0.375 0.5
vt 0.625 0.5
vt 0.625 0.4375
vt 0.375 0.375
vt 0.375 0.4375
vt 0.625 0.4375
vt 0.625 0.375
vt 0.6875 0.5
vt 0.6875 0.583496094
vt 0.75 0.583496094
vt 0.75 0.5
vt 0.375 0.5
vt 0.375 0.583496094
vt 0.625 0.583496094
vt 0.625 0.5
vt 0.375 0.583496094
vt 0.375 0.625
vt 0.625 0.625
vt 0.625 0.583496094
vt 0.3125 0.625
vt 0.3125 0.583496094
vt 0.6875 0.583496094
vt 0.6875 0.625
vt 0.75 0.583496094
vt 0.6875 0.583496094
vt 0.3125 0.583496094
vt 0.25 0.583496094
vt 0.3125 0.583496094
vt 0.6875 0.583496094
vt 0.75 0.583496094
vt 0.6875 0.583496094
vt 0.6875 0.583496094
vt 0.625 0.583496094
vt 0.625 0.625
vt 0.6875 0.625
vt 0.6875 0.583496094
vt 0.625 0.5
vt 0.6875 0.5
vt 0.6875 0.583496094
vt 0.625 0.583496094
vt 0.375 0.4375
vt 0.625 0.4375
vt 0.625 0.5
vt 0.375 0.5
vt 0.375 0.375
vt 0.625 0.375
vt 0.625 0.4375
vt 0.375 0.4375
vt 0.6875 0.5
vt 0.75 0.5
vt 0.75 0.583496094
vt 0.6875 0.583496094
vt 0.375 0.5
vt 0.625 0.5
vt 0.625 0.583496094
vt 0.375 0.583496094
vt 0.375 0.583496094
vt 0.625 0.583496094
vt 0.625 0.625
vt 0.375 0.625
vt 0.3125 0.625
vt 0.6875 0.625
vt 0.6875 0.583496094
vt 0.3125 0.583496094
vt 0.625 0.583496094
vt 0.6875 0.583496094
vt 0.6875 0.625
vt 0.625 0.625
vt 0.625 0.5
vt 0.6875 0.5
vt 0.6875 0.583496094
vt 0.625 0.583496094
vt 0.375 0.4375
vt 0.625 0.4375
vt 0.625 0.5
vt 0.375 0.5
vt 0.375 0.375
vt 0.625 0.375
vt 0.625 0.4375
vt 0.375 0.4375
vt 0.6875 0.5
vt 0.75 0.5
vt 0.75 0.583496094
vt 0.6875 0.583496094
vt 0.375 0.5
vt 0.625 0.5
vt 0.625 0.583496094
vt 0.375 0.583496094
vt 0.375 0.583496094
vt 0.625 0.583496094
vt 0.625 0.625
vt 0.375 0.625
vt 0.3125 0.625
vt 0.6875 0.625
vt 0.6875 0.583496094
vt 0.3125 0.583496094
vt 0.75 0.583496094
vt 0.3125 0.583496094
vt 0.6875 0.583496094
vt 0.25 0.583496094
vt 0.3125 0.583496094
vt 0.6875 0.583496094
vt 0.75 0.583496094
vt 0.6875 0.583496094
vt 0.6875 0.583496094
vt 0.625 0.583496094
vt 0.6875 0.583496094
vt 0.6875 0.625
vt 0.625 0.625
vt 0.625 0.5
vt 0.625 0.583496094
vt 0.6875 0.583496094
vt 0.6875 0.5
vt 0.375 0.4375
vt 0.375 0.5
vt 0.625 0.5
vt 0.625 0.4375
vt 0.375 0.375
vt 0.375 0.4375
vt 0.625 0.4375
vt 0.625 0.375
vt 0.6875 0.5
vt 0.6875 0.583496094
vt 0.75 0.583496094
vt 0.75 0.5
vt 0.375 0.5
vt 0.375 0.583496094
vt 0.625 0.583496094
vt 0.625 0.5
vt 0.375 0.583496094
vt 0.375 0.625
vt 0.625 0.625
vt 0.625 0.583496094
vt 0.3125 0.625
vt 0.3125 0.583496094
vt 0.6875 0.583496094
vt 0.6875 0.625
vt 0.625 0.583496094
vt 0.625 0.625
vt 0.6875 0.625
vt 0.6875 0.583496094
vt 0.625 0.5
vt 0.6875 0.5
vt 0.6875 0.583496094
vt 0.625 0.583496094
vt 0.6875 0.625
vt 0.625 0.625
vt 0.375 0.4375
vt 0.625 0.4375
vt 0.625 0.5
vt 0.375 0.5
vt 0.375 0.375
vt 0.625 0.375
vt 0.625 0.4375
vt 0.375 0.4375
vt 0.6875 0.5
vt 0.75 0.5
vt 0.75 0.583496094
vt 0.6875 0.583496094
vt 0.375 0.5
vt 0.625 0.5
vt 0.625 0.583496094
vt 0.375 0.583496094
vt 0.375 0.583496094
vt 0.625 0.583496094
vt 0.625 0.625
vt 0.375 0.625
vt 0.3125 0.625
vt 0.6875 0.625
vt 0.6875 0.583496094
vt 0.3125 0.583496094
vt 0.625 0.5
vt 0.625 0.583496094
vt 0.6875 0.583496094
vt 0.6875 0.5
vt 0.375 0.4375
vt 0.375 0.5
vt 0.625 0.5
vt 0.625 0.4375
vt 0.375 0.375
vt 0.375 0.4375
vt 0.625 0.4375
vt 0.625 0.375
vt 0.6875 0.5
vt 0.6875 0.583496094
vt 0.75 0.583496094
vt 0.75 0.5
vt 0.375 0.5
vt 0.375 0.583496094
vt 0.625 0.583496094
vt 0.625 0.5
vt 0.375 0.583496094
vt 0.375 0.625
vt 0.625 0.625
vt 0.625 0.583496094
vt 0.3125 0.625
vt 0.3125 0.583496094
vt 0.6875 0.583496094
vt 0.6875 0.625
vt 0.625 0.583496094
vt 0.625 0.625
vt 0.6875 0.625
vt 0.6875 0.583496094
vt 0.625 0.5
vt 0.625 0.583496094
vt 0.6875 0.583496094
vt 0.6875 0.5
vt 0.375 0.4375
vt 0.375 0.5
vt 0.625 0.5
vt 0.625 0.4375
vt 0.375 0.375
vt 0.375 0.4375
vt 0.625 0.4375
vt 0.625 0.375
vt 0.6875 0.5
vt 0.6875 0.583496094
vt 0.75 0.583496094
vt 0.75 0.5
vt 0.375 0.5
vt 0.375 0.583496094
vt 0.625 0.583496094
vt 0.625 0.5
vt 0.375 0.583496094
vt 0.375 0.625
vt 0.625 0.625
vt 0.625 0.583496094
vt 0.3125 0.625
vt 0.3125 0.583496094
vt 0.6875 0.583496094
vt 0.6875 0.625
vt 0.625 0.583496094
vt 0.625 0.625
vt 0.6875 0.625
vt 0.6875 0.583496094
vt 0.625 0.5
vt 0.6875 0.5
vt 0.6875 0.583496094
vt 0.625 0.583496094
vt 0.6875 0.625
vt 0.625 0.625
vt 0.375 0.4375
vt 0.625 0.4375
vt 0.625 0.5
vt 0.375 0.5
vt 0.375 0.375
vt 0.625 0.375
vt 0.625 0.4375
vt 0.375 0.4375
vt 0.6875 0.5
vt 0.75 0.5
vt 0.75 0.583496094
vt 0.6875 0.583496094
vt 0.375 0.5
vt 0.625 0.5
vt 0.625 0.583496094
vt 0.375 0.583496094
vt 0.375 0.583496094
vt 0.625 0.583496094
vt 0.625 0.625
vt 0.375 0.625
vt 0.3125 0.625
vt 0.6875 0.625
vt 0.6875 0.583496094
vt 0.3125 0.583496094
vt 0 0
vt 0 0
vt 0 0
vt 0 0
vt 0 0
vt 0 0
vt 0 0
vt 0 0
vt 0 0
vt 0 0
vt 0 0
vt 0 0
vt 0 0
vt 0 0
vt 0 0
vt 0 0
vt 0 0
vt 0 0
vt 0 0
vt 0 0
vt 0 0
vt 0 0
vt 0 0
vt 0 0
vt 0 0
vt 0 0
vt 0 0
vt 0 0
vt 0 0
vt 0 0
vt 0 0
vt 0 0
vt 0 0
vt 0 0
vt 0 0
vt 0 0
vt 0 0
vt 0 0
vt 0 0
vt 0 0
vt 0 0
vt 0 0
vt 0 0
vt 0 0
vt 0 0
vt 0 0
vt 0 0
vt 0 0
vt 0 0
vt 0 0
vt 0 0
vt 0 0
vt 0 0
vt 0 0
vt 0 0
vt 0 0
vt 0 0
vt 0 0
vt 0 0
vt 0 0
vt 0 0
vt 0 0
vt 0 0
vt 0 0
vt 0 0
vt 0 0
vt 0 0
vt 0 0
vt 0 0
vt 0 0
vt 0 0
vt 0 0
vt 0 0
vt 0 0
vt 0 0
vt 0 0
vt 0 0
vt 0 0
vt 0 0
vt 0 0
vt 0 0
vt 0 0
vt 0 0
vt 0 0
vt 0 0
vt 0 0
vt 0 0
vt 0 0
vt 0 0
vt 0 0
vt 0 0
vt 0 0
vt 0 0
vt 0 0
vt 0 0
vt 0 0
vt 0 0
vt 0 0
vt 0 0
vt 0 0
vt 0 0
vt 0 0
vt 0 0
vt 0 0
vt 0 0
vt 0 0
vt 0 0
vt 0 0
vt 0 0
vt 0 0
vt 0 0
vt 0 0
vt 0 0
vt 0 0
vt 0 0
vt 0 0
vt 0 0
vt 0 0
vt 0 0
vt 0 0
vt 0 0
vt 0 0
vt 0 0
vt 0 0
vt 0 0
vt 0 0
vt 0 0
vt 0 0
vt 0 0
vt 0 0
vt 0 0
vt 0 0
vt 0 0
vt 0 0
vt 0 0
vt 0 0
vt 0 0
vt 0 0
vt 0 0
vt 0 0
vt 0 0
vt 0 0
vt 0 0
vt 0 0
vt 0 0
vt 0 0
vt 0 0
vt 0 0
vt 0 0
vt 0 0
vt 0 0
vt 0 0
vt 0 0
vt 0 0
vt 0 0
vt 0 0
vt 0 0
vt 0 0
vt 0 0
vt 0 0
vt 0 0
vt 0 0
vt 0 0
vt 0 0
vt 0 0
vt 0 0
vt 0 0
vt 0 0
vt 0 0
vt 0 0
vt 0 0
vt 0 0
vt 0 0
vt 0 0
vt 0 0
vt 0 0
vt 0 0
vt 0 0
vt 0 0
vt 0 0
vt 0 0
vt 0 0
vt 0 0
vt 0 0
vt 0 0
vt 0.874511719 0.0333251953
vt 0.874023438 0.00274848938
vt 0.79296875 0.00274848938
vt 0.110351562 0.00274848938
vt 0.0293731689 0.00274848938
vt 0.0272827148 0.0128173828
vt 0.0231170654 0.0306549072
vt 0.0170593262 0.0437316895
vt 0.872558594 0.049987793
vt 0.0117492676 0.0593566895
vt 0.867675781 0.0608520508
vt 0.0135650635 0.0762939453
vt 0.858886719 0.071472168
vt 0.848632812 0.0827636719
vt 0.0205841064 0.0941162109
vt 0.840820312 0.0909423828
vt 0.839355469 0.0991210938
vt 0.0226898193 0.104736328
vt 0.839355469 0.105773926
vt 0.0252380371 0.115478516
vt 0.838867188 0.10723877
vt 0.834960938 0.109863281
vt 0.818847656 0.11730957
vt 0.0317382812 0.127929688
vt 0.807617188 0.13269043
vt 0.0464782715 0.140625
vt 0.801269531 0.146118164
vt 0.0594787598 0.1484375
vt 0.790527344 0.158569336
vt 0.0703125 0.151611328
vt 0.08984375 0.153564453
vt 0.110107422 0.155517578
vt 0.129638672 0.16015625
vt 0.773925781 0.181396484
vt 0.142333984 0.172485352
vt 0.147460938 0.187744141
vt 0.758300781 0.205078125
vt 0.141113281 0.206420898
vt 0.751953125 0.21484375
vt 0.11895752 0.215332031
vt 0.747558594 0.218017578
vt 0.109008789 0.219482422
vt 0.733886719 0.224609375
vt 0.103027344 0.22668457
vt 0.732910156 0.240234375
vt 0.094909668 0.254638672
vt 0.743164062 0.255126953
vt 0.0910644531 0.278564453
vt 0.76171875 0.270507812
vt 0.787109375 0.276855469
vt 0.813476562 0.278320312
vt 0.845703125 0.281738281
vt 0.0921020508 0.290039062
vt 0.890625 0.293945312
vt 0.0954589844 0.298095703
vt 0.926757812 0.307861328
vt 0.0982666016 0.305419922
vt 0.0999145508 0.310058594
vt 0.951660156 0.321289062
vt 0.104614258 0.315185547
vt 0.111450195 0.318359375
vt 0.125976562 0.319580078
vt 0.147827148 0.323730469
vt 0.970703125 0.334472656
vt 0.167480469 0.334228516
vt 0.171630859 0.351074219
vt 0.981933594 0.348632812
vt 0.988769531 0.364746094
vt 0.16784668 0.359130859
vt 0.752441406 0.36328125
vt 0.166015625 0.367919922
vt 0.740234375 0.3671875
vt 0.7265625 0.375244141
vt 0.166015625 0.383300781
vt 0.712402344 0.387207031
vt 0.167602539 0.396972656
vt 0.716308594 0.398925781
vt 0.776367188 0.367431641
vt 0.160522461 0.410644531
vt 0.718261719 0.402587891
vt 0.719238281 0.405029297
vt 0.719238281 0.412597656
vt 0.15234375 0.419433594
vt 0.727539062 0.421875
vt 0.151367188 0.429931641
vt 0.744628906 0.424804688
vt 0.759277344 0.428466797
vt 0.765136719 0.432373047
vt 0.156005859 0.440185547
vt 0.76953125 0.4375
vt 0.7734375 0.444824219
vt 0.165405273 0.447998047
vt 0.782226562 0.453613281
vt 0.174682617 0.456054688
vt 0.798828125 0.456298828
vt 0.176269531 0.470703125
vt 0.812011719 0.457763672
vt 0.816894531 0.459472656
vt 0.821289062 0.462646484
vt 0.825195312 0.468017578
vt 0.828125 0.474609375
vt 0.17578125 0.48828125
vt 0.831542969 0.483154297
vt 0.837890625 0.487304688
vt 0.844726562 0.492675781
vt 0.172973633 0.502929688
vt 0.853515625 0.506835938
vt 0.158203125 0.511230469
vt 0.861328125 0.531738281
vt 0.145629883 0.514648438
vt 0.133178711 0.521484375
vt 0.12286377 0.532714844
vt 0.86328125 0.544433594
vt 0.117126465 0.547851562
vt 0.857910156 0.556152344
vt 0.111816406 0.560058594
vt 0.841308594 0.57421875
vt 0.099609375 0.567382812
vt 0.0891723633 0.572753906
vt 0.0815429688 0.583984375
vt 0.829589844 0.583007812
vt 0.8203125 0.585449219
vt 0.075378418 0.597167969
vt 0.802734375 0.586425781
vt 0.78125 0.588378906
vt 0.765136719 0.591308594
vt 0.754882812 0.594726562
vt 0.749511719 0.599121094
vt 0.067565918 0.60546875
vt 0.745117188 0.600585938
vt 0.728027344 0.603515625
vt 0.712402344 0.612792969
vt 0.0552978516 0.609375
vt 0.0496520996 0.61328125
vt 0.696777344 0.623046875
vt 0.0444030762 0.624023438
vt 0.672851562 0.634765625
vt 0.0407714844 0.638671875
vt 0.638183594 0.659179688
vt 0.043548584 0.650390625
vt 0.0550537109 0.661132812
vt 0.684570312 0.666015625
vt 0.0692749023 0.668457031
vt 0.699707031 0.668457031
vt 0.0874023438 0.676269531
vt 0.704589844 0.672363281
vt 0.707519531 0.678710938
vt 0.107849121 0.6875
vt 0.708496094 0.686035156
vt 0.709472656 0.694824219
vt 0.126953125 0.696777344
vt 0.711914062 0.704101562
vt 0.142333984 0.701660156
vt 0.157836914 0.702148438
vt 0.177856445 0.704589844
vt 0.71484375 0.709960938
vt 0.196411133 0.710449219
vt 0.714355469 0.717773438
vt 0.204467773 0.718261719
vt 0.709472656 0.726074219
vt 0.641601562 0.726074219
vt 0.213623047 0.7265625
vt 0.657714844 0.729492188
vt 0.625976562 0.735839844
vt 0.699707031 0.732421875
vt 0.66796875 0.732421875
vt 0.684570312 0.734375
vt 0.225341797 0.736816406
vt 0.614257812 0.747558594
vt 0.235351562 0.744140625
vt 0.250244141 0.748535156
vt 0.606445312 0.754882812
vt 0.270263672 0.752929688
vt 0.283691406 0.762695312
vt 0.600097656 0.763671875
vt 0.283935547 0.774902344
vt 0.603515625 0.772949219
vt 0.604980469 0.778320312
vt 0.283203125 0.781738281
vt 0.604980469 0.782226562
vt 0.283691406 0.787597656
vt 0.599609375 0.789550781
vt 0.288330078 0.801757812
vt 0.595214844 0.800292969
vt 0.596191406 0.80859375
vt 0.294189453 0.8203125
vt 0.595703125 0.818359375
vt 0.597167969 0.827148438
vt 0.291992188 0.828125
vt 0.59765625 0.83203125
vt 0.290527344 0.833984375
vt 0.596679688 0.836425781
vt 0.290771484 0.839355469
vt 0.595214844 0.838378906
vt 0.588867188 0.843261719
vt 0.291992188 0.841796875
vt 0.297851562 0.845703125
vt 0.586914062 0.852539062
vt 0.314697266 0.854492188
vt 0.586914062 0.857421875
vt 0.340576172 0.868652344
vt 0.5859375 0.862304688
vt 0.580566406 0.871582031
vt 0.358154297 0.876464844
vt 0.572753906 0.887695312
vt 0.372802734 0.8828125
vt 0.384521484 0.896972656
vt 0.587402344 0.895019531
vt 0.591308594 0.897460938
vt 0.391357422 0.911132812
vt 0.594726562 0.901855469
vt 0.596679688 0.91015625
vt 0.59765625 0.919433594
vt 0.396240234 0.920410156
vt 0.595703125 0.926757812
vt 0.403808594 0.925292969
vt 0.413330078 0.930175781
vt 0.590332031 0.932128906
vt 0.423095703 0.938964844
vt 0.570800781 0.938476562
vt 0.545898438 0.941894531
vt 0.522949219 0.942382812
vt 0.423828125 0.952148438
vt 0.508789062 0.9453125
vt 0.499755859 0.94921875
vt 0.493652344 0.951660156
vt 0.484619141 0.953613281
vt 0.419189453 0.961914062
vt 0.470947266 0.96484375
vt 0.415771484 0.968261719
vt 0.457275391 0.9765625
vt 0.415527344 0.974609375
vt 0.418457031 0.979492188
vt 0.441650391 0.982421875
vt 0.424560547 0.982910156
vt 0.429931641 0.983886719
vt 0.958496094 0.399414062
vt 0.971679688 0.401123047
vt 0.982910156 0.400146484
vt 0.98828125 0.397460938
vt 0.941894531 0.391845703
vt 0.9921875 0.389648438
vt 0.913085938 0.381835938
vt 0.992675781 0.377929688
vt 0.879394531 0.374267578
vt 0.854003906 0.371826172
vt 0.806152344 0.372070312
vt 0.831054688 0.372070312
vt 0.55859375 0.982421875
vt 0.570800781 0.983886719
vt 0.576171875 0.982910156
vt 0.58203125 0.979492188
vt 0.543457031 0.9765625
vt 0.584960938 0.974609375
vt 0.584960938 0.968261719
vt 0.529785156 0.96484375
vt 0.581542969 0.961914062
vt 0.516113281 0.953613281
vt 0.576660156 0.952148438
vt 0.506835938 0.951660156
vt 0.500488281 0.94921875
vt 0.491455078 0.9453125
vt 0.477539062 0.942382812
vt 0.577636719 0.938964844
vt 0.454345703 0.941894531
vt 0.429443359 0.938476562
vt 0.409912109 0.932128906
vt 0.586914062 0.930175781
vt 0.404785156 0.926757812
vt 0.596679688 0.925292969
vt 0.604003906 0.920410156
vt 0.402832031 0.919433594
vt 0.609375 0.911132812
vt 0.403564453 0.91015625
vt 0.406005859 0.901855469
vt 0.409179688 0.897460938
vt 0.615722656 0.896972656
vt 0.413330078 0.895019531
vt 0.427490234 0.887695312
vt 0.627441406 0.8828125
vt 0.642089844 0.876464844
vt 0.419677734 0.871582031
vt 0.66015625 0.868652344
vt 0.414794922 0.862304688
vt 0.413574219 0.857421875
vt 0.685546875 0.854492188
vt 0.413330078 0.852539062
vt 0.702636719 0.845703125
vt 0.411621094 0.843261719
vt 0.708496094 0.841796875
vt 0.709472656 0.839355469
vt 0.405517578 0.838378906
vt 0.403808594 0.836425781
vt 0.709960938 0.833984375
vt 0.402587891 0.83203125
vt 0.708496094 0.828125
vt 0.403320312 0.827148438
vt 0.706054688 0.8203125
vt 0.404541016 0.818359375
vt 0.404296875 0.80859375
vt 0.711914062 0.801757812
vt 0.405517578 0.800292969
vt 0.401123047 0.789550781
vt 0.716796875 0.787597656
vt 0.395751953 0.782226562
vt 0.717285156 0.781738281
vt 0.395507812 0.778320312
vt 0.716308594 0.774902344
vt 0.396972656 0.772949219
vt 0.400634766 0.763671875
vt 0.716796875 0.762695312
vt 0.394287109 0.754882812
vt 0.729980469 0.752929688
vt 0.750488281 0.748535156
vt 0.386230469 0.747558594
vt 0.765136719 0.744140625
vt 0.775390625 0.736816406
vt 0.374267578 0.735839844
vt 0.787109375 0.7265625
vt 0.359130859 0.726074219
vt 0.795898438 0.718261719
vt 0.291015625 0.726074219
vt 0.342529297 0.729492188
vt 0.286376953 0.717773438
vt 0.30078125 0.732421875
vt 0.332275391 0.732421875
vt 0.316162109 0.734375
vt 0.804199219 0.710449219
vt 0.285888672 0.709960938
vt 0.822753906 0.704589844
vt 0.288330078 0.704101562
vt 0.842773438 0.702148438
vt 0.858398438 0.701660156
vt 0.873535156 0.696777344
vt 0.291015625 0.694824219
vt 0.892578125 0.6875
vt 0.292236328 0.686035156
vt 0.293212891 0.678710938
vt 0.913085938 0.676269531
vt 0.295654297 0.672363281
vt 0.30078125 0.668457031
vt 0.931152344 0.668457031
vt 0.315673828 0.666015625
vt 0.9453125 0.661132812
vt 0.362548828 0.659179688
vt 0.95703125 0.650390625
vt 0.959472656 0.638671875
vt 0.327392578 0.634765625
vt 0.956054688 0.624023438
vt 0.303955078 0.623046875
vt 0.950683594 0.61328125
vt 0.288085938 0.612792969
vt 0.9453125 0.609375
vt 0.933105469 0.60546875
vt 0.272216797 0.603515625
vt 0.255615234 0.600585938
vt 0.250976562 0.599121094
vt 0.925292969 0.597167969
vt 0.245849609 0.594726562
vt 0.235473633 0.591308594
vt 0.218994141 0.588378906
vt 0.197631836 0.586425781
vt 0.180175781 0.585449219
vt 0.918945312 0.583984375
vt 0.170776367 0.583007812
vt 0.159179688 0.57421875
vt 0.911132812 0.572753906
vt 0.900878906 0.567382812
vt 0.888671875 0.560058594
vt 0.142822266 0.556152344
vt 0.883300781 0.547851562
vt 0.137207031 0.544433594
vt 0.877441406 0.532714844
vt 0.139282227 0.531738281
vt 0.8671875 0.521484375
vt 0.854980469 0.514648438
vt 0.842285156 0.511230469
vt 0.146850586 0.506835938
vt 0.827636719 0.502929688
vt 0.155761719 0.492675781
vt 0.824707031 0.48828125
vt 0.162719727 0.487304688
vt 0.168701172 0.483154297
vt 0.172119141 0.474609375
vt 0.82421875 0.470703125
vt 0.175170898 0.468017578
vt 0.179443359 0.462646484
vt 0.183349609 0.459472656
vt 0.188598633 0.457763672
vt 0.201782227 0.456298828
vt 0.825683594 0.456054688
vt 0.218261719 0.453613281
vt 0.834960938 0.447998047
vt 0.227050781 0.444824219
vt 0.844726562 0.440185547
vt 0.231079102 0.4375
vt 0.235107422 0.432373047
vt 0.849121094 0.429931641
vt 0.241455078 0.428466797
vt 0.256103516 0.424804688
vt 0.272949219 0.421875
vt 0.848144531 0.419433594
vt 0.28125 0.412597656
vt 0.83984375 0.410644531
vt 0.281494141 0.405029297
vt 0.281982422 0.402587891
vt 0.284179688 0.398925781
vt 0.833007812 0.396972656
vt 0.288085938 0.387207031
vt 0.834472656 0.383300781
vt 0.273925781 0.375244141
vt 0.834472656 0.367919922
vt 0.260009766 0.3671875
vt 0.247924805 0.36328125
vt 0.832519531 0.359130859
vt 0.0118637085 0.364746094
vt 0.828613281 0.351074219
vt 0.223999023 0.367431641
vt 0.0186004639 0.348632812
vt 0.0299987793 0.334472656
vt 0.833007812 0.334228516
vt 0.852539062 0.323730469
vt 0.0488586426 0.321289062
vt 0.874511719 0.319580078
vt 0.889160156 0.318359375
vt 0.895996094 0.315185547
vt 0.900390625 0.310058594
vt 0.0735473633 0.307861328
vt 0.90234375 0.305419922
vt 0.904785156 0.298095703
vt 0.109863281 0.293945312
vt 0.908203125 0.290039062
vt 0.155029297 0.281738281
vt 0.909179688 0.278564453
vt 0.187011719 0.278320312
vt 0.213378906 0.276855469
vt 0.238769531 0.270507812
vt 0.257080078 0.255126953
vt 0.905761719 0.254638672
vt 0.267822266 0.240234375
vt 0.897460938 0.22668457
vt 0.266601562 0.224609375
vt 0.891601562 0.219482422
vt 0.252685547 0.218017578
vt 0.881347656 0.215332031
vt 0.248291016 0.21484375
vt 0.859375 0.206420898
vt 0.2421875 0.205078125
vt 0.853027344 0.187744141
vt 0.2265625 0.181396484
vt 0.857910156 0.172485352
vt 0.87109375 0.16015625
vt 0.209716797 0.158569336
vt 0.890625 0.155517578
vt 0.910644531 0.153564453
vt 0.930175781 0.151611328
vt 0.940917969 0.1484375
vt 0.19934082 0.146118164
vt 0.954101562 0.140625
vt 0.192993164 0.13269043
vt 0.96875 0.127929688
vt 0.181640625 0.11730957
vt 0.975097656 0.115478516
vt 0.165649414 0.109863281
vt 0.161865234 0.10723877
vt 0.161132812 0.105773926
vt 0.978027344 0.104736328
vt 0.160888672 0.0991210938
vt 0.979980469 0.0941162109
vt 0.159423828 0.0909423828
vt 0.151977539 0.0827636719
vt 0.986816406 0.0762939453
vt 0.141723633 0.071472168
vt 0.13293457 0.0608520508
vt 0.988769531 0.0593566895
vt 0.127929688 0.049987793
vt 0.983398438 0.0437316895
vt 0.126098633 0.0333251953
vt 0.977539062 0.0306549072
vt 0.973144531 0.0128173828
vt 0.126342773 0.00274848938
vt 0.207763672 0.00274848938
vt 0.890136719 0.00274848938
vt 0.971191406 0.00274848938
vt 0.146240234 0.371826172
vt 0.169555664 0.372070312
vt 0.194091797 0.372070312
vt 0.00762557983 0.377929688
vt 0.121337891 0.374267578
vt 0.0875244141 0.381835938
vt 0.00826263428 0.389648438
vt 0.0588378906 0.391845703
vt 0.0124282837 0.397460938
vt 0.0420837402 0.399414062
vt 0.0177612305 0.400146484
vt 0.0287322998 0.401123047
vt 0.126342773 0.00274848938
vt 0.126342773 0.00274848938
vt 0.207763672 0.00274848938
vt 0.207763672 0.00274848938
vt 0.890136719 0.00274848938
vt 0.890136719 0.00274848938
vt 0.971191406 0.00274848938
vt 0.971191406 0.00274848938
vn -0 0 -1
vn -0 0 -1
vn -0 0 -1
vn -0 0 -1
vn -0 0 -1
vn -0 0 -1
vn -0 0 -1
vn -0 0 -1
vn -0 0 -1
vn -0 0 -1
vn -0 0 -1
vn -0 0 -1
vn -0 0 -1
vn -0 0 -1
vn -0 0 -1
vn -0 0 -1
vn -0 0 -1
vn -0 0 -1
vn -0 0 -1
vn -0 0 -1
vn -0 0 -1
vn -0 0 -1
vn -0 0 -1
vn -0 0 -1
vn -0.924316406 0 -0.381591797
vn -0.915527344 0 -0.402832031
vn -0.915527344 0 -0.402832031
vn -0.924316406 0 -0.381591797
vn -0.944335938 0 -0.329345703
vn -0.944335938 0 -0.329345703
vn -0.962402344 0 -0.271240234
vn -0.962402344 0 -0.271240234
vn -0.977050781 0 -0.212280273
vn -0.977050781 0 -0.212280273
vn -0.983886719 0 -0.180053711
vn -0.983886719 0 -0.180053711
vn -0 1 2.61068344E-05
vn -0 1 2.13384628E-05
vn -0 1 2.13384628E-05
vn -0 1 1.47819519E-05
vn -0 1 0
vn -0 1 0
vn -0 1 0
vn -0 1 0
vn -0 1 0
vn -0 1 1.41263008E-05
vn -0 1 3.33189964E-05
vn 1.1742115E-05 1 2.30073929E-05
vn -0 1 1.13844872E-05
vn -0 1 0
vn -0 1 0
vn -0 1 -1.3589859E-05
vn -0 1 -1.0073185E-05
vn 1.23381615E-05 1 -2.13384628E-05
vn -0 1 -3.21269035E-05
vn -0 1 -2.47955322E-05
vn -0 1 0
vn -0 1 0
vn -0 1 0
vn -0 1 0
vn -0 1 -1.61528587E-05
vn -0 1 -1.6450882E-05
vn -0 1 -2.43782997E-05
vn -0 1 -1.28149986E-05
vn -0 1 -3.15904617E-05
vn -1.29342079E-05 1 -1.92523003E-05
vn -0 1 0
vn -0 1 0
vn -0 1 0
vn -0 1 0
vn -0 1 0
vn -0 1 0
vn -0 1 0
vn -0 1 0
vn -0 1 0
vn -0 -1 1.47819519E-05
vn -0 -1 2.12788582E-05
vn -0 -1 2.12788582E-05
vn -0 -1 2.6345253E-05
vn -0 -1 1.41859055E-05
vn -0 -1 3.37958336E-05
vn 1.1742115E-05 -1 2.30073929E-05
vn -0 -1 1.20401382E-05
vn -0 -1 0
vn -0 -1 0
vn -0 -1 0
vn -0 -1 0
vn -0 -1 0
vn -0 -1 0
vn -0 -1 0
vn -0 -1 -1.3589859E-05
vn -0 -1 -1.0073185E-05
vn 1.23381615E-05 -1 -2.13384628E-05
vn -0 -1 -3.21269035E-05
vn -0 -1 -2.54511833E-05
vn -0 -1 0
vn -0 -1 0
vn -0 -1 0
vn -0 -1 0
vn -0 -1 -1.62124634E-05
vn -0 -1 -1.65104866E-05
vn -0 -1 -1.29342079E-05
vn -0 -1 -3.15904617E-05
vn -1.29342079E-05 -1 -1.92523003E-05
vn -0 -1 0
vn -0 -1 0
vn -0 -1 0
vn -0 -1 0
vn -0 -1 0
vn -0 -1 0
vn -0 -1 0
vn -0 -1 0
vn -0 -1 0
vn -1.41263008E-05 1 0
vn -0.0989990234 0.995117188 0.00156497955
vn -0 1 0
vn -0.0998535156 0.995117188 0.00481796265
vn -1.56760216E-05 1 0
vn -0.384277344 0.923339844 0.00606155396
vn -0.102905273 0.994628906 0.0222167969
vn -0 1 0
vn -0.385498047 0.922363281 0.0185852051
vn -0.708007812 0.706054688 0.0111618042
vn -0.0936279297 0.994628906 0.0453796387
vn -0 1 0
vn -0.708007812 0.705078125 0.0341491699
vn -0.923828125 0.382080078 0.0145645142
vn -0.385009766 0.918945312 0.0831298828
vn -0.0830688477 0.995117188 0.054901123
vn -0 1 0
vn -0.923339844 0.381347656 0.0444946289
vn -0.995117188 0.0979003906 0.0156707764
vn -0.696289062 0.701660156 0.150268555
vn -0.352783203 0.919921875 0.171020508
vn -0.0803833008 0.995117188 0.0558776855
vn -0 1 0
vn -0.994140625 0.0978393555 0.0479125977
vn -0.995117188 -0.0979003906 0.0156707764
vn -0.904296875 0.379638672 0.19519043
vn -0.640625 0.702636719 0.310546875
vn -0.321533203 0.922851562 0.212402344
vn -0.0758056641 0.996582031 0.0295410156
vn -0 1 0
vn -0.994140625 -0.0978393555 0.0479125977
vn -0.923828125 -0.382080078 0.0145645142
vn -0.97265625 0.0980224609 0.209960938
vn -0.832519531 0.379882812 0.403564453
vn -0.591308594 0.705566406 0.390625
vn -0.313964844 0.923828125 0.218261719
vn -0.0938720703 0.995605469 0.00730133057
vn -0 1 0
vn -0.923339844 -0.381347656 0.0444946289
vn -0.708007812 -0.706054688 0.0111618042
vn -0.97265625 -0.0980224609 0.209960938
vn -0.895507812 0.0979003906 0.434082031
vn -0.770996094 0.381591797 0.509765625
vn -0.580566406 0.70703125 0.403564453
vn -0.325683594 0.937011719 0.126953125
vn -0.708007812 -0.705078125 0.0341491699
vn -0.384277344 -0.923339844 0.00606155396
vn -0.904296875 -0.379638672 0.19519043
vn -0.895507812 -0.0979003906 0.434082031
vn -0.830078125 0.0979003906 0.548828125
vn -0.758300781 0.3828125 0.52734375
vn -0.636230469 0.730957031 0.247924805
vn -0.374511719 0.926757812 0.0291595459
vn -0.385498047 -0.922363281 0.0185852051
vn -0.0989990234 -0.995117188 0.00156497955
vn -0.696289062 -0.701660156 0.150268555
vn -0.832519531 -0.379882812 0.403564453
vn -0.830078125 -0.0979003906 0.548828125
vn -0.816894531 0.0980224609 0.567871094
vn -0.853027344 0.401855469 0.332519531
vn -0.700683594 0.711425781 0.0545654297
vn -0.0998535156 -0.995117188 0.00481796265
vn -0.385009766 -0.918945312 0.0831298828
vn -0.640625 -0.702636719 0.310546875
vn -0.770996094 -0.381591797 0.509765625
vn -0.816894531 -0.0980224609 0.567871094
vn -0.926757812 0.102172852 0.361328125
vn -1.41263008E-05 -1 0
vn -0 -1 0
vn -1.57356262E-05 -1 0
vn -0.102905273 -0.994628906 0.0222167969
vn -0 -1 0
vn -0.352783203 -0.919921875 0.171020508
vn -0.0936279297 -0.994628906 0.0453796387
vn -0 -1 0
vn -0.591308594 -0.705566406 0.390625
vn -0.758300781 -0.3828125 0.52734375
vn -0.0830688477 -0.995117188 0.054901123
vn -0 -1 0
vn -0.321533203 -0.922851562 0.212402344
vn -0.0803833008 -0.995117188 0.0558776855
vn -0 -1 0
vn -0.580566406 -0.70703125 0.403564453
vn -0.313964844 -0.923828125 0.218261719
vn -0.926757812 -0.102172852 0.361328125
vn -0.0758056641 -0.996582031 0.0295410156
vn -0 -1 0
vn -0.853027344 -0.401855469 0.332519531
vn -0.325683594 -0.937011719 0.126953125
vn -0.636230469 -0.730957031 0.247924805
vn -0.0938720703 -0.995605469 0.00730133057
vn -0 -1 0
vn -0.374511719 -0.926757812 0.0291595459
vn -0.700683594 -0.711425781 0.0545654297
vn -0.919921875 -0.385986328 0.0716552734
vn -0.9921875 -0.0985717773 0.077331543
vn -0.105224609 -0.994140625 0.0204467773
vn -0 -1 0
vn -0.388916016 -0.91796875 0.0756225586
vn -0.699707031 -0.701660156 0.135986328
vn -0.908203125 -0.379638672 0.176513672
vn -0.0901489258 -0.994140625 0.0624084473
vn -0 -1 0
vn -0.327636719 -0.916992188 0.226806641
vn -0.585449219 -0.702148438 0.405273438
vn -0.0614013672 -0.994628906 0.0827636719
vn -0 -1 0
vn -0.232788086 -0.920410156 0.313720703
vn -0.0574035645 -0.996582031 0.0553588867
vn -0 -1 0
vn -0.977050781 -0.0983886719 0.189941406
vn -0.760253906 -0.381103516 0.526367188
vn -0.423828125 -0.703125 0.571289062
vn -0.249023438 -0.938476562 0.240112305
vn -0.0840454102 -0.995605469 0.038269043
vn -0 -1 0
vn -0.818359375 -0.0993041992 0.56640625
vn -0.551269531 -0.380126953 0.742675781
vn -0.489257812 -0.733398438 0.471679688
vn -0.338867188 -0.928222656 0.154296875
vn -0.09375 -0.994628906 0.0460510254
vn -0 -1 0
vn -0.592773438 -0.0978393555 0.799316406
vn -0.658203125 -0.404541016 0.634765625
vn -0.637207031 -0.713867188 0.290283203
vn -0.352539062 -0.919433594 0.173095703
vn -0.0823364258 -0.995605469 0.0494995117
vn -0 -1 0
vn -0.715820312 -0.102844238 0.690429688
vn -0.838867188 -0.387695312 0.382080078
vn -0.639160156 -0.702148438 0.313720703
vn -0.325195312 -0.925292969 0.19543457
vn -0.0853271484 -0.995117188 0.0453491211
vn -0 -1 0
vn -0.905761719 -0.0988769531 0.412353516
vn -0.830566406 -0.379638672 0.407714844
vn -0.604492188 -0.708984375 0.36328125
vn -0.335693359 -0.924804688 0.178588867
vn -0.0874023438 -0.995117188 0.0431213379
vn -0 -1 0
vn -0.893554688 -0.0979614258 0.438476562
vn -0.791503906 -0.384277344 0.475585938
vn -0.623046875 -0.708496094 0.331298828
vn -0.342285156 -0.924316406 0.168945312
vn -0.0867919922 -0.994140625 0.0631713867
vn -0 -1 0
vn -0.853027344 -0.0982666016 0.512695312
vn -0.815429688 -0.383789062 0.43359375
vn -0.633789062 -0.707519531 0.3125
vn -0.320556641 -0.91796875 0.233276367
vn -0.063659668 -0.994628906 0.0820922852
vn -0 -1 0
vn -0.87890625 -0.0981445312 0.467285156
vn -0.828613281 -0.383056641 0.408691406
vn -0.576171875 -0.701660156 0.419433594
vn -0.240112305 -0.919921875 0.309814453
vn -0.0522766113 -0.998046875 0.0310058594
vn -0 -1 0
vn -0.892578125 -0.0980834961 0.440429688
vn -0.748046875 -0.379882812 0.544433594
vn -0.436035156 -0.702636719 0.5625
vn -0.256347656 -0.954589844 0.151977539
vn -0.0759887695 -0.997070312 -0.016998291
vn -0 -1 0
vn -0.8046875 -0.098449707 0.585449219
vn -0.566894531 -0.379882812 0.730957031
vn -0.543945312 -0.774902344 0.322509766
vn -0.333251953 -0.939941406 -0.0745849609
vn -0.0733642578 -0.99609375 -0.0520629883
vn -0 -1 0
vn -0.609863281 -0.0979003906 0.786621094
vn -0.770019531 -0.4453125 0.456787109
vn -0.659667969 -0.737304688 -0.147583008
vn -0.299804688 -0.930175781 -0.212768555
vn -0.0431518555 -0.997070312 -0.0665893555
vn -0 -1 -1.34706497E-05
vn -0.525390625 -0.101074219 0.844726562
vn -0.525390625 0.101074219 0.844726562
vn -0.609863281 0.0979003906 0.786621094
vn -0.770019531 0.4453125 0.456787109
vn -0.8046875 0.098449707 0.585449219
vn -0.18762207 -0.938476562 -0.289550781
vn -0.0173034668 -0.99609375 -0.0881347656
vn -0 -1 -1.47223473E-05
vn -0.566894531 0.379882812 0.730957031
vn -0.892578125 0.0980834961 0.440429688
vn -0.0708007812 -0.930175781 -0.360351562
vn -0.0104370117 -0.995117188 -0.0994873047
vn -0 -1 0
vn -0.748046875 0.379882812 0.544433594
vn -0.87890625 0.0981445312 0.467285156
vn -0.0402832031 -0.922363281 -0.384033203
vn -0.0246276855 -0.994628906 -0.100830078
vn -0 -1 -1.32918358E-05
vn -0.828613281 0.383056641 0.408691406
vn -0.853027344 0.0982666016 0.512695312
vn -0.092956543 -0.919921875 -0.380615234
vn -0.039855957 -0.994628906 -0.0935058594
vn -1.13248825E-05 -1 -1.01327896E-05
vn -0.815429688 0.383789062 0.43359375
vn -0.893554688 0.0979614258 0.438476562
vn -0.15234375 -0.921386719 -0.357421875
vn -0.0530090332 -0.994628906 -0.0878295898
vn -0 -1 0
vn -0.791503906 0.384277344 0.475585938
vn -0.905761719 0.0988769531 0.412353516
vn -0.201538086 -0.920898438 -0.333984375
vn -0.0639038086 -0.994628906 -0.078918457
vn -0 -1 0
vn -0.830566406 0.379638672 0.407714844
vn -0.715820312 0.102844238 0.690429688
vn -0.244506836 -0.921386719 -0.301757812
vn -0.0813598633 -0.994628906 -0.0673217773
vn -0 -1 0
vn -0.838867188 0.387695312 0.382080078
vn -0.592773438 0.0978393555 0.799316406
vn -0.303710938 -0.918945312 -0.251220703
vn -0.0951538086 -0.994628906 -0.043762207
vn 1.0073185E-05 -1 0
vn -0.658203125 0.404541016 0.634765625
vn -0.818359375 0.0993041992 0.56640625
vn -0.357177734 -0.919433594 -0.164306641
vn -0.0963745117 -0.995117188 -0.0271759033
vn -0 -1 0
vn -0.551269531 0.380126953 0.742675781
vn -0.977050781 0.0983886719 0.189941406
vn -0.371826172 -0.922363281 -0.104858398
vn -0.105102539 -0.994628906 -0.0104522705
vn -0 -1 -1.00135803E-05
vn -0.760253906 0.381103516 0.526367188
vn -0.9921875 0.0985717773 0.077331543
vn -0.908203125 0.379638672 0.176513672
vn -0.919921875 0.385986328 0.0716552734
vn -0.699707031 0.701660156 0.135986328
vn -0.585449219 0.702148438 0.405273438
vn -0.423828125 0.703125 0.571289062
vn -0.388916016 0.91796875 0.0756225586
vn -0.327636719 0.916992188 0.226806641
vn -0.105224609 0.994140625 0.0204467773
vn -0 1 0
vn -0.0901489258 0.994140625 0.0624084473
vn -0 1 0
vn -0.0614013672 0.994628906 0.0827636719
vn -0 1 0
vn -0.232788086 0.920410156 0.313720703
vn -0.0574035645 0.996582031 0.0553588867
vn -0 1 0
vn -0.249023438 0.938476562 0.240112305
vn -0.0840454102 0.995605469 0.038269043
vn -0 1 0
vn -0.489257812 0.733398438 0.471679688
vn -0.09375 0.994628906 0.0460510254
vn -0 1 0
vn -0.338867188 0.928222656 0.154296875
vn -0.637207031 0.713867188 0.290283203
vn -0.0823364258 0.995605469 0.0494995117
vn -0 1 0
vn -0.352539062 0.919433594 0.173095703
vn -0.639160156 0.702148438 0.313720703
vn -0.0853271484 0.995117188 0.0453491211
vn -0 1 0
vn -0.325195312 0.925292969 0.19543457
vn -0.604492188 0.708984375 0.36328125
vn -0.0874023438 0.995117188 0.0431213379
vn -0 1 0
vn -0.335693359 0.924804688 0.178588867
vn -0.623046875 0.708496094 0.331298828
vn -0.0867919922 0.994140625 0.0631713867
vn -0 1 0
vn -0.342285156 0.924316406 0.168945312
vn -0.633789062 0.707519531 0.3125
vn -0.063659668 0.994628906 0.0820922852
vn -0 1 0
vn -0.320556641 0.91796875 0.233276367
vn -0.576171875 0.701660156 0.419433594
vn -0.0522766113 0.998046875 0.0310058594
vn -0 1 0
vn -0.240112305 0.919921875 0.309814453
vn -0.436035156 0.702636719 0.5625
vn -0.0759887695 0.997070312 -0.016998291
vn -0 1 0
vn -0.256347656 0.954589844 0.151977539
vn -0.543945312 0.774902344 0.322509766
vn -0.0733642578 0.99609375 -0.0520324707
vn -0 1 0
vn -0.333251953 0.939941406 -0.0745849609
vn -0.659667969 0.737304688 -0.147583008
vn -0.0431518555 0.997070312 -0.0665893555
vn -0 1 -1.32322311E-05
vn -0.299804688 0.930175781 -0.212768555
vn -0.891113281 0.407714844 -0.19934082
vn -0.993164062 0.101074219 0.0562133789
vn -0.0173034668 0.99609375 -0.0881347656
vn -0 1 -1.4424324E-05
vn -0.568359375 0.716796875 -0.403320312
vn -0.18762207 0.938476562 -0.289550781
vn -0.970703125 0.103637695 -0.217163086
vn -0.993164062 -0.101074219 0.0562133789
vn -0.0104370117 0.995117188 -0.0994873047
vn -0 1 0
vn -0.750976562 0.390380859 -0.532714844
vn -0.369140625 0.734375 -0.569824219
vn -0.0708007812 0.930175781 -0.360351562
vn -0.970703125 -0.103637695 -0.217163086
vn -0.0246276855 0.994628906 -0.100830078
vn -0 1 -1.29938126E-05
vn -0.811523438 0.0994873047 -0.575683594
vn -0.497070312 0.405273438 -0.767089844
vn -0.134277344 0.717285156 -0.68359375
vn -0.0402832031 0.922363281 -0.384033203
vn -0.891113281 -0.407714844 -0.19934082
vn -0.811523438 -0.0994873047 -0.575683594
vn -0.541015625 0.102966309 -0.834960938
vn -0.177490234 0.390380859 -0.903320312
vn -0.0740356445 0.705078125 -0.705078125
vn -0.092956543 0.919921875 -0.380615234
vn -0.750976562 -0.390380859 -0.532714844
vn -0.541015625 -0.102966309 -0.834960938
vn -0.191772461 0.0994873047 -0.9765625
vn -0.096496582 0.381347656 -0.919433594
vn -0.568359375 -0.716796875 -0.403320312
vn -0.497070312 -0.405273438 -0.767089844
vn -0.369140625 -0.734375 -0.569824219
vn -0.191772461 -0.0994873047 -0.9765625
vn -0.134277344 -0.717285156 -0.68359375
vn -0.177490234 -0.390380859 -0.903320312
vn -0.103881836 0.0978393555 -0.989746094
vn -0.0740356445 -0.705078125 -0.705078125
vn -0.096496582 -0.381347656 -0.919433594
vn -0.103881836 -0.0978393555 -0.989746094
vn -0.168823242 -0.702636719 -0.69140625
vn -0.219482422 -0.379882812 -0.8984375
vn -0.236206055 -0.0979003906 -0.966796875
vn -0.236206055 0.0979003906 -0.966796875
vn -0.219482422 0.379882812 -0.8984375
vn -0.278564453 -0.704101562 -0.653320312
vn -0.362548828 -0.380615234 -0.850585938
vn -0.390136719 -0.0978393555 -0.915527344
vn -0.390136719 0.0978393555 -0.915527344
vn -0.3671875 -0.703125 -0.608886719
vn -0.477783203 -0.380126953 -0.791992188
vn -0.514160156 -0.0978393555 -0.852050781
vn -0.447021484 -0.704101562 -0.551757812
vn -0.58203125 -0.380615234 -0.71875
vn -0.548828125 -0.701660156 -0.454101562
vn -0.362548828 0.380615234 -0.850585938
vn -0.514160156 0.0978393555 -0.852050781
vn -0.626464844 -0.0978393555 -0.7734375
vn -0.712890625 -0.379638672 -0.58984375
vn -0.646972656 -0.702148438 -0.297607422
vn -0.477783203 0.380126953 -0.791992188
vn -0.626464844 0.0978393555 -0.7734375
vn -0.766601562 -0.0980834961 -0.634277344
vn -0.840332031 -0.379638672 -0.38671875
vn -0.682617188 -0.705078125 -0.192504883
vn -0.58203125 0.380615234 -0.71875
vn -0.766601562 0.0980834961 -0.634277344
vn -0.904296875 -0.0979614258 -0.416015625
vn -0.889648438 -0.381347656 -0.250976562
vn -0.712890625 0.379638672 -0.58984375
vn -0.904296875 0.0979614258 -0.416015625
vn -0.958007812 -0.0978393555 -0.270263672
vn -0.840332031 0.379638672 -0.38671875
vn -0.958007812 0.0978393555 -0.270263672
vn -0.889648438 0.381347656 -0.250976562
vn -0.920410156 -0.379638672 -0.0915527344
vn -0.990234375 -0.0980834961 -0.0985107422
vn -0.990234375 0.0980834961 -0.0985107422
vn -0.920410156 0.379638672 -0.0915527344
vn -0.708984375 -0.701660156 -0.0704956055
vn -0.392333984 -0.918945312 -0.0390319824
vn -0.682617188 0.705078125 -0.192504883
vn -0.708984375 0.701660156 -0.0704956055
vn -0.646972656 0.702148438 -0.297607422
vn -0.548828125 0.701660156 -0.454101562
vn -0.447021484 0.704101562 -0.551757812
vn -0.3671875 0.703125 -0.608886719
vn -0.278564453 0.704101562 -0.653320312
vn -0.168823242 0.702636719 -0.69140625
vn -0.15234375 0.921386719 -0.357421875
vn -0.201538086 0.920898438 -0.333984375
vn -0.244506836 0.921386719 -0.301757812
vn -0.303710938 0.918945312 -0.251220703
vn -0.039855957 0.994628906 -0.0935058594
vn -1.13248825E-05 1 0
vn -0.0530090332 0.994628906 -0.0878295898
vn -0 1 0
vn -0.0639038086 0.994628906 -0.078918457
vn -0 1 0
vn -0.0813598633 0.994628906 -0.0673217773
vn -0 1 0
vn -0.0951538086 0.994628906 -0.043762207
vn 1.00135803E-05 1 0
vn -0.357177734 0.919433594 -0.164306641
vn -0.0963745117 0.995117188 -0.0271759033
vn -0 1 0
vn -0.371826172 0.922363281 -0.104858398
vn -0.105102539 0.994628906 -0.0104522705
vn -0 1 0
vn -0.392333984 0.918945312 -0.0390319824
vn -0.104614258 0.994140625 0.0225219727
vn -0 1 0
vn -0.387207031 0.918457031 0.0833740234
vn -0.0855712891 0.993652344 0.0719604492
vn -0 1 0
vn -0.696777344 0.701660156 0.150146484
vn -0.0366821289 0.994140625 0.102294922
vn -0 1 0
vn -0.305664062 0.916992188 0.257080078
vn -0.904296875 0.379638672 0.194824219
vn 0.00226402283 0.994140625 0.106262207
vn -0 1 0
vn -0.54296875 0.704589844 0.456787109
vn -0.134277344 0.917480469 0.374267578
vn -0.97265625 0.0983886719 0.209594727
vn 0.0371704102 0.994140625 0.100708008
vn -0 1 0
vn -0.706542969 0.384277344 0.594238281
vn -0.240478516 0.701660156 0.670898438
vn 0.00842285156 0.918457031 0.395019531
vn -0.97265625 -0.0983886719 0.209594727
vn 0.0436706543 0.995605469 0.083984375
vn -0 1 0
vn -0.76171875 0.100952148 0.640136719
vn -0.312255859 0.380371094 0.870605469
vn 0.0151824951 0.701660156 0.712402344
vn 0.137207031 0.91796875 0.371826172
vn -0.904296875 -0.379638672 0.194824219
vn 0.0326538086 0.995605469 0.0875854492
vn -0 1 0
vn -0.76171875 -0.100952148 0.640136719
vn -0.3359375 0.0988769531 0.936523438
vn 0.0197143555 0.379638672 0.924804688
vn 0.246704102 0.701660156 0.668457031
vn 0.173828125 0.926269531 0.334228516
vn 0.0192260742 0.995605469 0.0908813477
vn -0 1 1.40666962E-05
vn 0.130859375 0.927246094 0.350830078
vn 0.324462891 0.7109375 0.624023438
vn 0.3203125 0.379882812 0.867675781
vn 0.0212097168 0.0982055664 0.995117188
vn 0.00513076782 0.995605469 0.0930175781
vn -0 1 1.45435333E-05
vn 0.0772705078 0.927734375 0.365234375
vn 0.245239258 0.712402344 0.657714844
vn 0.425537109 0.385498047 0.818847656
vn -0.000796318054 0.995117188 0.0987548828
vn -0 1 0
vn 0.0205841064 0.927246094 0.373291016
vn 0.145141602 0.712890625 0.686035156
vn 0.0106201172 0.994628906 0.103088379
vn -0 1 0
vn -0.00308418274 0.923339844 0.384033203
vn 0.020980835 0.995117188 0.096496582
vn -0 1 0
vn 0.344482422 0.098449707 0.93359375
vn 0.322265625 0.386474609 0.864257812
vn 0.0386352539 0.712890625 0.700195312
vn 0.0401611328 0.919921875 0.389404297
vn -0.00699996948 0.997070312 0.0739135742
vn -0 1 0
vn 0.458984375 0.098449707 0.8828125
vn 0.190795898 0.387207031 0.901855469
vn -0.00568008423 0.706542969 0.708007812
vn 0.0815429688 0.923339844 0.375244141
vn -0.0455932617 0.99609375 0.078125
vn -0 1 0
vn 0.34765625 0.0986938477 0.932617188
vn 0.05078125 0.386962891 0.920898438
vn 0.0729370117 0.702636719 0.708007812
vn -0.0314025879 0.942871094 0.331542969
vn -0.061706543 0.995605469 0.0674438477
vn -0 1 0
vn 0.205932617 0.098815918 0.973632812
vn -0.00740814209 0.382080078 0.923828125
vn 0.150268555 0.706542969 0.691894531
vn -0.185913086 0.9296875 0.318359375
vn -0.057800293 0.998046875 0.013923645
vn -0 1 0
vn 0.0547790527 0.0987548828 0.993652344
vn 0.0948486328 0.379882812 0.919921875
vn -0.0629882812 0.744140625 0.665039062
vn -0.250244141 0.928710938 0.2734375
vn -0.0888671875 0.995605469 -0.029800415
vn -0 1 4.01139259E-05
vn -0.00797271729 0.0979614258 0.995117188
vn 0.196289062 0.382080078 0.902832031
vn -0.351806641 0.716308594 0.602539062
vn -0.286132812 0.955566406 0.0689086914
vn -0.0993652344 0.994628906 -0.0295715332
vn -0 1 2.7179718E-05
vn 0.102050781 0.0979003906 0.989746094
vn -0.0858154297 0.414306641 0.90625
vn -0.471923828 0.71484375 0.515625
vn -0.35546875 0.927246094 -0.119262695
vn -0.102722168 0.994628906 -0.0101394653
vn -0 1 -1.67489052E-05
vn 0.211303711 0.0979614258 0.97265625
vn -0.464355469 0.389648438 0.795410156
vn -0.610839844 0.777832031 0.147094727
vn -0.375244141 0.919921875 -0.111877441
vn -0.0728759766 0.997070312 -0.0227966309
vn -0 1 0
vn -0.0938110352 0.105285645 0.990234375
vn -0.622070312 0.388671875 0.6796875
vn -0.666015625 0.711914062 -0.223266602
vn -0.389160156 0.920410156 -0.0385131836
vn -0.038848877 0.997558594 -0.0574951172
vn -0 1 0
vn -0.501464844 0.0993041992 0.859375
vn -0.868652344 0.448730469 0.209228516
vn -0.682128906 0.702636719 -0.203369141
vn -0.322753906 0.940917969 -0.100830078
vn -0.0262451172 0.995117188 -0.0974121094
vn -0 1 0
vn -0.671875 0.0991210938 0.733886719
vn -0.874511719 0.386230469 -0.293212891
vn -0.708007812 0.702636719 -0.0701293945
vn -0.1796875 0.947265625 -0.265869141
vn -0.0520019531 0.994140625 -0.094543457
vn -0 1 0
vn -0.741210938 0.101196289 0.663574219
vn -0.961914062 0.101196289 -0.253417969
vn -0.88671875 0.379882812 -0.264404297
vn -0.943359375 0.0986328125 -0.31640625
vn -0.961914062 -0.101196289 -0.253417969
vn -0.671875 -0.0991210938 0.733886719
vn -0.741210938 -0.101196289 0.663574219
vn -0.943359375 -0.0986328125 -0.31640625
vn -0.868652344 -0.448730469 0.209228516
vn -0.953613281 0.0979003906 -0.284423828
vn -0.920410156 0.379882812 -0.0911865234
vn -0.501464844 -0.0993041992 0.859375
vn -0.622070312 -0.388671875 0.6796875
vn -0.642089844 0.739746094 -0.200561523
vn -0.0938110352 -0.105285645 0.990234375
vn -0.464355469 -0.389648438 0.795410156
vn 0.211303711 -0.0979614258 0.97265625
vn -0.0858154297 -0.414306641 0.90625
vn 0.102050781 -0.0979003906 0.989746094
vn 0.196289062 -0.382080078 0.902832031
vn -0.00797271729 -0.0979614258 0.995117188
vn 0.0948486328 -0.379882812 0.919921875
vn 0.0547790527 -0.0987548828 0.993652344
vn -0.00740814209 -0.382080078 0.923828125
vn 0.205932617 -0.098815918 0.973632812
vn 0.05078125 -0.386962891 0.920898438
vn 0.34765625 -0.0986938477 0.932617188
vn 0.190795898 -0.387207031 0.901855469
vn 0.458984375 -0.098449707 0.8828125
vn 0.322265625 -0.386474609 0.864257812
vn 0.344482422 -0.098449707 0.93359375
vn 0.425537109 -0.385498047 0.818847656
vn 0.0212097168 -0.0982055664 0.995117188
vn 0.3203125 -0.379882812 0.867675781
vn -0.3359375 -0.0988769531 0.936523438
vn 0.0197143555 -0.379638672 0.924804688
vn -0.706542969 -0.384277344 0.594238281
vn -0.312255859 -0.380371094 0.870605469
vn -0.696777344 -0.701660156 0.150146484
vn -0.54296875 -0.704589844 0.456787109
vn -0.387207031 -0.918457031 0.0833740234
vn -0.240478516 -0.701660156 0.670898438
vn 0.0151824951 -0.701660156 0.712402344
vn -0.104614258 -0.994140625 0.0225219727
vn -0 -1 0
vn -0.305664062 -0.916992188 0.257080078
vn -0.0855712891 -0.993652344 0.0719604492
vn -0 -1 0
vn -0.134277344 -0.917480469 0.374267578
vn -0.0366821289 -0.994140625 0.102294922
vn -0 -1 0
vn 0.246704102 -0.701660156 0.668457031
vn 0.00842285156 -0.918457031 0.395019531
vn 0.00226402283 -0.994140625 0.106262207
vn -0 -1 0
vn 0.324462891 -0.7109375 0.624023438
vn 0.137207031 -0.91796875 0.371826172
vn 0.0371704102 -0.994140625 0.100708008
vn -0 -1 0
vn 0.245239258 -0.712402344 0.657714844
vn 0.173828125 -0.926269531 0.334228516
vn 0.0436706543 -0.995605469 0.083984375
vn -0 -1 0
vn 0.145141602 -0.712890625 0.686035156
vn 0.130859375 -0.927246094 0.350830078
vn 0.0326538086 -0.995605469 0.0875854492
vn -0 -1 0
vn 0.0386352539 -0.712890625 0.700195312
vn 0.0772705078 -0.927734375 0.365234375
vn 0.0192260742 -0.995605469 0.0908813477
vn -0 -1 1.38282776E-05
vn -0.00568008423 -0.706542969 0.708007812
vn 0.0205841064 -0.927246094 0.373291016
vn 0.00513076782 -0.995605469 0.0930175781
vn -0 -1 1.43051147E-05
vn 0.0729370117 -0.702636719 0.708007812
vn -0.00308418274 -0.923339844 0.384033203
vn -0.000796318054 -0.995117188 0.0987548828
vn -0 -1 0
vn 0.150268555 -0.706542969 0.691894531
vn 0.0401611328 -0.919921875 0.389404297
vn 0.0106201172 -0.994628906 0.103088379
vn -0 -1 0
vn -0.0629882812 -0.744140625 0.665039062
vn 0.0815429688 -0.923339844 0.375244141
vn 0.020980835 -0.995117188 0.096496582
vn -0 -1 0
vn -0.351806641 -0.716308594 0.602539062
vn -0.0314025879 -0.942871094 0.331542969
vn -0.00699996948 -0.997070312 0.0739135742
vn -0 -1 0
vn -0.471923828 -0.71484375 0.515625
vn -0.185913086 -0.9296875 0.318359375
vn -0.0455932617 -0.99609375 0.078125
vn -0 -1 0
vn -0.250244141 -0.928710938 0.2734375
vn -0.061706543 -0.995605469 0.0674438477
vn -0 -1 0
vn -0.610839844 -0.777832031 0.147094727
vn -0.057800293 -0.998046875 0.013923645
vn -0 -1 0
vn -0.286132812 -0.955566406 0.0689086914
vn -0.874511719 -0.386230469 -0.293212891
vn -0.0888671875 -0.995605469 -0.029800415
vn -0 -1 3.97562981E-05
vn -0.35546875 -0.927246094 -0.119262695
vn -0.666015625 -0.711914062 -0.223266602
vn -0.953613281 -0.0979003906 -0.284423828
vn -0.0993652344 -0.994628906 -0.0295715332
vn -0 -1 2.68816948E-05
vn -0.88671875 -0.379882812 -0.264404297
vn -0.375244141 -0.919921875 -0.111877441
vn -0.682128906 -0.702636719 -0.203369141
vn -0.990234375 0.0978393555 -0.0981445312
vn -0.102722168 -0.994628906 -0.0101394653
vn -0 -1 -1.68681145E-05
vn -0.990234375 -0.0978393555 -0.0981445312
vn -0.920410156 -0.379882812 -0.0911865234
vn -0.389160156 -0.920410156 -0.0385131836
vn -0.708007812 -0.702636719 -0.0701293945
vn -0.870605469 0.410400391 -0.271972656
vn -0.0728759766 -0.997070312 -0.0227966309
vn -0 -1 0
vn -0.94921875 0.104248047 -0.296630859
vn -0.94921875 -0.104248047 -0.296630859
vn -0.870605469 -0.410400391 -0.271972656
vn -0.322753906 -0.940917969 -0.100830078
vn -0.642089844 -0.739746094 -0.200561523
vn -0.367431641 0.754394531 -0.543945312
vn -0.506835938 0.424316406 -0.750488281
vn -0.556640625 0.107971191 -0.823730469
vn -0.556640625 -0.107971191 -0.823730469
vn -0.506835938 -0.424316406 -0.750488281
vn -0.367431641 -0.754394531 -0.543945312
vn -0.100769043 0.921875 -0.374023438
vn -0.184570312 0.704589844 -0.685058594
vn -0.240478516 0.380859375 -0.892578125
vn -0.258789062 0.0978393555 -0.9609375
vn -0.258789062 -0.0978393555 -0.9609375
vn -0.19128418 0.91796875 -0.347900391
vn -0.343505859 0.701660156 -0.624511719
vn -0.445800781 0.379882812 -0.810546875
vn -0.0808105469 0.994140625 -0.0697021484
vn 1.40666962E-05 1 -1.19805336E-05
vn -0.299560547 0.918457031 -0.258544922
vn -0.0916137695 0.994628906 -0.046295166
vn -0 1 0
vn -0.539550781 0.701660156 -0.465576172
vn -0.479492188 0.0986328125 -0.872070312
vn -0.0770263672 0.99609375 -0.044342041
vn -0 1 -1.0073185E-05
vn -0.348144531 0.920898438 -0.17590332
vn -0.700195312 0.379638672 -0.604492188
vn -0.0377502441 0.997558594 -0.060546875
vn -0 1 -1.42455101E-05
vn -0.634765625 0.703125 -0.320556641
vn -0.316650391 0.930664062 -0.182373047
vn -0.0167236328 0.995117188 -0.0948486328
vn -0 1 0
vn -0.172485352 0.9453125 -0.276367188
vn -0.602539062 0.71875 -0.346923828
vn -0.825683594 0.380126953 -0.416992188
vn -0.753417969 0.0983276367 -0.650390625
vn -0.0300292969 0.994628906 -0.101318359
vn -0 1 0
vn -0.0659790039 0.925292969 -0.373779297
vn -0.349853516 0.75 -0.561035156
vn -0.797363281 0.391601562 -0.459228516
vn -0.0614929199 0.994140625 -0.0880737305
vn -0 1 0
vn -0.112060547 0.918945312 -0.378173828
vn -0.122497559 0.708984375 -0.694335938
vn -0.0825195312 0.994628906 -0.0643310547
vn -0 1 0
vn -0.226928711 0.91796875 -0.324951172
vn -0.0941772461 0.994628906 -0.0440368652
vn -0 1 0
vn -0.888183594 0.0978393555 -0.448730469
vn -0.480224609 0.420166016 -0.770019531
vn -0.202514648 0.701660156 -0.683105469
vn -0.309814453 0.919433594 -0.241577148
vn -0.0944213867 0.995117188 -0.030456543
vn -0 1 0
vn -0.862304688 0.0997314453 -0.496582031
vn -0.160400391 0.384033203 -0.909179688
vn -0.407958984 0.701660156 -0.584472656
vn -0.355224609 0.919921875 -0.166137695
vn -0.0655517578 0.997070312 -0.0419921875
vn -0 1 0
vn -0.526367188 0.106811523 -0.84375
vn -0.262939453 0.379638672 -0.887207031
vn -0.561523438 0.702148438 -0.437744141
vn -0.366210938 0.922851562 -0.118103027
vn -0.0681152344 0.995117188 -0.0728149414
vn -0 1 0
vn -0.172851562 0.0982055664 -0.979980469
vn -0.529785156 0.379882812 -0.758300781
vn -0.64453125 0.702636719 -0.301513672
vn -0.287597656 0.939941406 -0.184204102
vn -0.0874633789 0.994140625 -0.061920166
vn -0 1 0
vn -0.282958984 0.0981445312 -0.954101562
vn -0.729492188 0.379638672 -0.568847656
vn -0.673828125 0.706054688 -0.217407227
vn -0.263427734 0.922851562 -0.281494141
vn -0.0983276367 0.994628906 -0.0340881348
vn -0 1 0
vn -0.569824219 0.098449707 -0.815917969
vn -0.837890625 0.379882812 -0.391845703
vn -0.568847656 0.737304688 -0.364501953
vn -0.323242188 0.91796875 -0.228881836
vn -0.0994873047 0.995117188 -0.0176086426
vn -0 1 0
vn -0.784667969 0.0979614258 -0.611816406
vn -0.879394531 0.381835938 -0.283691406
vn -0.484130859 0.705566406 -0.517578125
vn -0.370605469 0.919921875 -0.128417969
vn -0.108886719 0.994140625 0.0126113892
vn -0 1 0
vn -0.901367188 0.0979003906 -0.421630859
vn -0.769042969 0.407714844 -0.492431641
vn -0.581542969 0.701660156 -0.411865234
vn -0.381835938 0.921875 -0.067565918
vn -0.0930786133 0.994628906 0.0484619141
vn -0 1 0
vn -0.947265625 0.0979003906 -0.305664062
vn -0.631347656 0.381591797 -0.674804688
vn -0.672363281 0.702148438 -0.233154297
vn -0.395751953 0.916992188 0.0458374023
vn -0.0791625977 0.994628906 0.06640625
vn -0 1 0
vn -0.837402344 0.103637695 -0.536132812
vn -0.754882812 0.379638672 -0.534667969
vn -0.69921875 0.704589844 -0.123657227
vn -0.348876953 0.919433594 0.181640625
vn -0.0584716797 0.994140625 0.0915527344
vn -0 1 1.6272068E-05
vn -0.6796875 0.0979003906 -0.7265625
vn -0.874023438 0.379882812 -0.302978516
vn -0.707519531 0.702148438 0.0819091797
vn -0.299560547 0.920410156 0.251464844
vn -0.0216522217 0.994140625 0.104003906
vn -0 1 1.38878822E-05
vn -0.812011719 0.0983886719 -0.575195312
vn -0.910644531 0.380859375 -0.161132812
vn -0.631835938 0.702148438 0.328857422
vn -0.214111328 0.917480469 0.335205078
vn -0.00950622559 0.995605469 0.0946044922
vn -0 1 0
vn -0.940429688 0.0979003906 -0.325927734
vn -0.918457031 0.381103516 0.106323242
vn -0.544921875 0.702636719 0.457275391
vn -0.0805664062 0.918457031 0.38671875
vn -0.0176544189 0.995605469 0.0939331055
vn -0 1 0
vn -0.979980469 0.0978393555 -0.173339844
vn -0.820800781 0.379638672 0.427001953
vn -0.383544922 0.701660156 0.600585938
vn -0.0377502441 0.926269531 0.375488281
vn -0.0284118652 0.995605469 0.0877075195
vn 1.96695328E-05 1 0
vn -0.98828125 0.0993041992 0.114440918
vn -0.708496094 0.379882812 0.594726562
vn -0.145263672 0.701660156 0.697753906
vn -0.0698852539 0.92578125 0.371826172
vn -0.0473632812 0.996582031 0.0699462891
vn -0 1 0
vn -0.8828125 0.0980224609 0.459472656
vn -0.497802734 0.380371094 0.779296875
vn -0.0703735352 0.710449219 0.700195312
vn -0.114685059 0.928222656 0.354003906
vn -0.0630493164 0.994140625 0.0855712891
vn -2.02655792E-05 1 -1.65700912E-05
vn -0.762207031 0.0978393555 0.639648438
vn -0.188720703 0.379638672 0.905761719
vn -0.130126953 0.709960938 0.692382812
vn -0.199951172 0.934570312 0.294921875
vn -0.0368041992 0.994628906 0.0980834961
vn -0 1 0
vn -0.535644531 0.0988769531 0.838378906
vn -0.0922851562 0.385009766 0.918457031
vn -0.215820312 0.713867188 0.666015625
vn -0.234375 0.918457031 0.318115234
vn -0.035736084 0.996582031 0.0756225586
vn -0 1 0
vn -0.20300293 0.0982055664 0.974121094
vn -0.170532227 0.384521484 0.907226562
vn -0.386230469 0.725585938 0.569824219
vn -0.138061523 0.919433594 0.368164062
vn -0.0600891113 0.995117188 0.0751953125
vn -0 1 0
vn -0.0994873047 0.0983886719 0.990234375
vn -0.284179688 0.387939453 0.876953125
vn -0.422607422 0.701660156 0.573730469
vn -0.151489258 0.935058594 0.320556641
vn -0.0604858398 0.994628906 0.08203125
vn -0 1 0
vn -0.183837891 0.0983276367 0.978027344
vn -0.515136719 0.397460938 0.759765625
vn -0.25 0.702148438 0.666992188
vn -0.236938477 0.925292969 0.296630859
vn -0.0563354492 0.995605469 0.0728759766
vn -0 1 0
vn -0.306884766 0.0989379883 0.946777344
vn -0.548828125 0.379638672 0.744628906
vn -0.293457031 0.727050781 0.62109375
vn -0.230834961 0.921386719 0.313232422
vn -0.012802124 1 -0.00368499756
vn -0 1 0
vn -0.558105469 0.101074219 0.823242188
vn -0.324707031 0.379638672 0.866210938
vn -0.440185547 0.708984375 0.55078125
vn -0.227539062 0.928222656 0.294189453
vn -0.0201873779 0.995117188 -0.0970458984
vn -0 1 0
vn -0.590332031 0.0982055664 0.801269531
vn -0.391845703 0.3984375 0.829101562
vn -0.421630859 0.703613281 0.571777344
vn -0.11541748 0.992675781 -0.0332336426
vn -0.0532836914 0.993652344 -0.0972290039
vn -0 1 0
vn -0.349365234 0.0979614258 0.931640625
vn -0.576171875 0.384033203 0.721191406
vn -0.428222656 0.713867188 0.553710938
vn -0.0783691406 0.923339844 -0.376464844
vn -0.0938720703 0.994140625 -0.0570068359
vn -0 1 0
vn -0.425048828 0.780761719 0.458007812
vn -0.116455078 0.780761719 -0.613769531
vn -0.548828125 0.380371094 0.744140625
vn -0.563964844 0.387939453 0.729003906
vn -0.609863281 0.442871094 0.657226562
vn -0.191894531 0.916992188 -0.350097656
vn -0.144287109 0.706054688 -0.693359375
vn -0.167114258 0.442871094 -0.880859375
vn -0.608886719 0.0989379883 0.787109375
vn -0.676269531 0.108276367 0.728515625
vn -0.590820312 0.0978393555 0.80078125
vn -0.188354492 0.381835938 -0.904785156
vn -0.185302734 0.108276367 -0.9765625
vn -0.341796875 0.703125 -0.623535156
vn -0.340820312 0.916992188 -0.20690918
vn -0.608886719 -0.0989379883 0.787109375
vn -0.676269531 -0.108276367 0.728515625
vn -0.202758789 0.0979003906 -0.974121094
vn -0.185302734 -0.108276367 -0.9765625
vn -0.444091797 0.382324219 -0.810058594
vn -0.202758789 -0.0979003906 -0.974121094
vn -0.167114258 -0.442871094 -0.880859375
vn -0.101318359 0.994628906 -0.020980835
vn -0 1 0
vn -0.608886719 0.702148438 -0.369628906
vn -0.478271484 0.100097656 -0.872558594
vn -0.188354492 -0.381835938 -0.904785156
vn -0.116455078 -0.780761719 -0.613769531
vn -0.0978393555 0.995117188 -0.0100860596
vn -0 1 0
vn -0.383300781 0.920410156 -0.0793457031
vn -0.790039062 0.381103516 -0.479736328
vn -0.478271484 -0.100097656 -0.872558594
vn -0.144287109 -0.706054688 -0.693359375
vn -0.11541748 -0.992675781 -0.0332336426
vn -0.0932617188 0.995605469 -0.014465332
vn -0 1 0
vn -0.696777344 0.702636719 -0.144287109
vn -0.381103516 0.923828125 -0.0393066406
vn -0.850585938 0.0994262695 -0.516601562
vn -0.444091797 -0.382324219 -0.810058594
vn -0.0914916992 0.995605469 -0.0245056152
vn -1.12056732E-05 1 0
vn -0.905761719 0.379882812 -0.1875
vn -0.703613281 0.70703125 -0.0725708008
vn -0.371826172 0.926757812 -0.0576782227
vn -0.850585938 -0.0994262695 -0.516601562
vn -0.106384277 0.994140625 -0.0144271851
vn -0 1 0
vn -0.974609375 0.0979003906 -0.201782227
vn -0.918945312 0.382568359 -0.0947875977
vn -0.694824219 0.7109375 -0.107788086
vn -0.364013672 0.926269531 -0.0974731445
vn -0.104675293 0.994140625 0.0235748291
vn -0 1 0
vn -0.392822266 0.91796875 -0.0532531738
vn -0.6796875 0.7109375 -0.182006836
vn -0.911621094 0.385742188 -0.141479492
vn -0.989746094 0.0979614258 -0.102050781
vn -0.0877685547 0.994140625 0.0660400391
vn -0 1 0
vn -0.38671875 0.91796875 0.087097168
vn -0.706054688 0.701660156 -0.0957641602
vn -0.891113281 0.385498047 -0.238769531
vn -0.0455322266 0.994140625 0.100280762
vn -0 1 0
vn -0.318603516 0.916992188 0.239624023
vn -0.6953125 0.701660156 0.156616211
vn -0.00205039978 0.994140625 0.106201172
vn -0 1 0
vn -0.164916992 0.916992188 0.363037109
vn 0.0260009766 0.994628906 0.101257324
vn -0 1 0
vn -0.983398438 0.0985107422 -0.152587891
vn -0.916503906 0.379882812 -0.124328613
vn -0.568847656 0.702148438 0.428222656
vn -0.00762557983 0.918457031 0.395019531
vn 0.0291900635 0.995605469 0.0899047852
vn 1.03712082E-05 1 0
vn -0.961425781 0.098449707 -0.257568359
vn -0.90234375 0.379882812 0.203369141
vn -0.294433594 0.702148438 0.647949219
vn 0.09765625 0.919433594 0.380615234
vn -0.0130233765 0.998046875 0.059753418
vn -0 1 0
vn -0.986328125 0.098449707 -0.133789062
vn -0.738769531 0.381103516 0.555664062
vn -0.0137557983 0.701660156 0.712402344
vn 0.116271973 0.926269531 0.357910156
vn -0.0649414062 0.99609375 0.063293457
vn -0 1 0
vn -0.970703125 0.098449707 0.21875
vn -0.382324219 0.381591797 0.841796875
vn 0.177001953 0.702148438 0.689453125
vn -0.0637817383 0.954101562 0.292236328
vn -0.0770263672 0.995117188 0.0623779297
vn -0 1 0
vn -0.794921875 0.0994262695 0.598144531
vn -0.0178527832 0.379638672 0.924804688
vn 0.217163086 0.7109375 0.668945312
vn -0.264404297 0.929199219 0.257568359
vn -0.0754394531 0.99609375 0.0508117676
vn -0 1 0
vn -0.411376953 0.0995483398 0.905761719
vn 0.229980469 0.379638672 0.895996094
vn -0.135131836 0.773925781 0.619140625
vn -0.298828125 0.923339844 0.24206543
vn -0.0684204102 0.997558594 0.00687789917
vn -0 1 0
vn -0.0192108154 0.0982055664 0.995117188
vn 0.284912109 0.385498047 0.877441406
vn -0.5 0.715820312 0.487304688
vn -0.306640625 0.929199219 0.206420898
vn -0.0961303711 0.995117188 -0.0257415771
vn -1.14440918E-05 1 0
vn 0.247436523 0.0979614258 0.963867188
vn -0.191040039 0.444091797 0.875488281
vn -0.550292969 0.706054688 0.445800781
vn -0.317626953 0.947753906 0.0319519043
vn -0.105041504 0.994628906 -0.0104904175
vn -0 1 0
vn 0.307373047 0.0985107422 0.946289062
vn -0.659667969 0.389404297 0.642578125
vn -0.579589844 0.715820312 0.390136719
vn -0.372070312 0.922851562 -0.0996704102
vn -0.10546875 0.994140625 0.0300292969
vn -0 1 0
vn 0.255126953 0.101013184 0.961425781
vn -0.632324219 0.101013184 0.768066406
vn -0.717773438 0.381835938 0.58203125
vn -0.712890625 0.0992431641 0.694335938
vn -0.632324219 -0.101013184 0.768066406
vn 0.307373047 -0.0985107422 0.946289062
vn 0.255126953 -0.101013184 0.961425781
vn -0.712890625 -0.0992431641 0.694335938
vn -0.191040039 -0.444091797 0.875488281
vn -0.772949219 0.0979003906 0.626464844
vn -0.764160156 0.389160156 0.514648438
vn 0.247436523 -0.0979614258 0.963867188
vn 0.284912109 -0.385498047 0.877441406
vn -0.651367188 0.755859375 0.0655517578
vn -0.0192108154 -0.0982055664 0.995117188
vn 0.229980469 -0.379638672 0.895996094
vn -0.411376953 -0.0995483398 0.905761719
vn -0.0178527832 -0.379638672 0.924804688
vn -0.794921875 -0.0994262695 0.598144531
vn -0.382324219 -0.381591797 0.841796875
vn -0.970703125 -0.098449707 0.21875
vn -0.738769531 -0.381103516 0.555664062
vn -0.986328125 -0.098449707 -0.133789062
vn -0.90234375 -0.379882812 0.203369141
vn -0.961425781 -0.098449707 -0.257568359
vn -0.916503906 -0.379882812 -0.124328613
vn -0.983398438 -0.0985107422 -0.152587891
vn -0.891113281 -0.385498047 -0.238769531
vn -0.989746094 -0.0979614258 -0.102050781
vn -0.911621094 -0.385742188 -0.141479492
vn -0.974609375 -0.0979003906 -0.201782227
vn -0.918945312 -0.382568359 -0.0947875977
vn -0.790039062 -0.381103516 -0.479736328
vn -0.905761719 -0.379882812 -0.1875
vn -0.341796875 -0.703125 -0.623535156
vn -0.608886719 -0.702148438 -0.369628906
vn -0.696777344 -0.702636719 -0.144287109
vn -0.703613281 -0.70703125 -0.0725708008
vn -0.0783691406 -0.923339844 -0.376464844
vn -0.191894531 -0.916992188 -0.350097656
vn -0.340820312 -0.916992188 -0.20690918
vn -0.694824219 -0.7109375 -0.107788086
vn -0.383300781 -0.920410156 -0.0793457031
vn -0.381103516 -0.923828125 -0.0393066406
vn -0.6796875 -0.7109375 -0.182006836
vn -0.371826172 -0.926757812 -0.0576782227
vn -0.706054688 -0.701660156 -0.0958251953
vn -0.364013672 -0.926269531 -0.0974731445
vn -0.6953125 -0.701660156 0.156616211
vn -0.392822266 -0.91796875 -0.0532531738
vn -0.568847656 -0.702148438 0.428222656
vn -0.38671875 -0.91796875 0.087097168
vn -0.294433594 -0.702148438 0.647949219
vn -0.318603516 -0.916992188 0.239624023
vn -0.0137557983 -0.701660156 0.712402344
vn -0.164916992 -0.916992188 0.363037109
vn 0.177001953 -0.702148438 0.689453125
vn -0.00762557983 -0.918457031 0.395019531
vn 0.217163086 -0.7109375 0.668945312
vn 0.09765625 -0.919433594 0.380615234
vn -0.104675293 -0.994140625 0.0235748291
vn -0.0877685547 -0.994140625 0.0660400391
vn -0.0455322266 -0.994140625 0.100280762
vn -0.00205039978 -0.994140625 0.106201172
vn -0.106384277 -0.994140625 -0.0144271851
vn -0.0914916992 -0.995605469 -0.0245056152
vn -0.0932617188 -0.995605469 -0.014465332
vn -0.0978393555 -0.995117188 -0.0100860596
vn -0.101318359 -0.994628906 -0.020980835
vn -0.0938720703 -0.994140625 -0.0570068359
vn -0.0532836914 -0.993652344 -0.0972290039
vn -0.0201873779 -0.995117188 -0.0970458984
vn -0.012802124 -1 -0.00368499756
vn -0 -1 0
vn -0 -1 0
vn -1.12056732E-05 -1 0
vn -0 -1 0
vn -0 -1 0
vn -0 -1 0
vn -0 -1 0
vn -0 -1 0
vn -0 -1 0
vn -0 -1 0
vn -0 -1 0
vn -0 -1 0
vn -0 -1 0
vn -0 -1 0
vn 0.0260009766 -0.994628906 0.101257324
vn -0 -1 0
vn -0.0563354492 -0.995605469 0.0728759766
vn -0 -1 0
vn 0.0291900635 -0.995605469 0.0899047852
vn 1.04308128E-05 -1 0
vn 0.116271973 -0.926269531 0.357910156
vn -0.0604858398 -0.994628906 0.08203125
vn -0 -1 0
vn -0.227539062 -0.928222656 0.294189453
vn -0.425048828 -0.780761719 0.458007812
vn -0.0130233765 -0.998046875 0.059753418
vn -0 -1 0
vn -0.135131836 -0.773925781 0.619140625
vn -0.0637817383 -0.954101562 0.292236328
vn -0.0600891113 -0.995117188 0.0751953125
vn -0 -1 0
vn -0.230834961 -0.921386719 0.313232422
vn -0.0649414062 -0.99609375 0.063293457
vn -0 -1 0
vn -0.659667969 -0.389404297 0.642578125
vn -0.264404297 -0.929199219 0.257568359
vn -0.5 -0.715820312 0.487304688
vn -0.035736084 -0.996582031 0.0756225586
vn -0 -1 0
vn -0.0770263672 -0.995117188 0.0623779297
vn -0 -1 0
vn -0.772949219 -0.0979003906 0.626464844
vn -0.717773438 -0.381835938 0.58203125
vn -0.298828125 -0.923339844 0.24206543
vn -0.550292969 -0.706054688 0.445800781
vn -0.0754394531 -0.99609375 0.0508117676
vn -0 -1 0
vn -0.825195312 0.0992431641 0.555664062
vn -0.825195312 -0.0992431641 0.555664062
vn -0.764160156 -0.389160156 0.514648438
vn -0.306640625 -0.929199219 0.206420898
vn -0.579589844 -0.715820312 0.390136719
vn -0.0684204102 -0.997558594 0.00687789917
vn -0 -1 0
vn -0.900390625 0.425537109 0.0905761719
vn -0.989257812 0.108276367 0.0994873047
vn -0.989257812 -0.108276367 0.0994873047
vn -0.900390625 -0.425537109 0.0905761719
vn -0.317626953 -0.947753906 0.0319519043
vn -0.651367188 -0.755859375 0.0655517578
vn -0.684570312 0.705566406 -0.183349609
vn -0.892578125 0.381835938 -0.239257812
vn -0.961425781 0.0979003906 -0.257568359
vn -0.961425781 -0.0979003906 -0.257568359
vn -0.892578125 -0.381835938 -0.239257812
vn -0.684570312 -0.705566406 -0.183349609
vn -0.392333984 0.918945312 -0.0391540527
vn -0.708984375 0.701660156 -0.0707397461
vn -0.920410156 0.379638672 -0.0918579102
vn -0.990234375 0.0980834961 -0.098815918
vn -0.990234375 -0.0980834961 -0.098815918
vn -0.383300781 0.916992188 0.109191895
vn -0.685058594 0.702148438 0.195068359
vn -0.889160156 0.381103516 0.253417969
vn -0.0833129883 0.99609375 0.0358886719
vn -0 1 1.3589859E-05
vn -0.339111328 0.929199219 0.146118164
vn -0.0835571289 0.996582031 0.00820159912
vn 1.50799751E-05 1 1.48415565E-05
vn -0.641113281 0.715820312 0.276123047
vn -0.95703125 0.0993041992 0.272705078
vn -0.101623535 0.994628906 -0.00397491455
vn 1.01327896E-05 1 0
vn -0.353515625 0.934570312 0.0346069336
vn -0.845703125 0.389404297 0.364501953
vn -0.0938110352 0.995605469 -0.00378227234
vn -0 1 -1.47819519E-05
vn -0.684082031 0.726074219 0.0669555664
vn -0.388427734 0.921386719 -0.0152664185
vn -0.0971679688 0.995117188 -0.0105895996
vn -0 1 0
vn -0.375 0.926757812 -0.0150680542
vn -0.709960938 0.704101562 -0.0279083252
vn -0.913085938 0.397949219 0.0893554688
vn -0.9140625 0.0992431641 0.393798828
vn -0.106506348 0.994140625 0.00527572632
vn -0 1 0
vn -0.379882812 0.923828125 -0.0413208008
vn -0.701660156 0.711914062 -0.028213501
vn -0.923828125 0.380615234 -0.0363464355
vn -0.0992431641 0.994140625 0.0376586914
vn -0 1 0
vn -0.395019531 0.918457031 0.0196075439
vn -0.702636719 0.707519531 -0.0764160156
vn -0.0842895508 0.994628906 0.0624389648
vn -0 1 0
vn -0.369140625 0.918945312 0.140136719
vn -0.0676269531 0.997070312 0.0328674316
vn -0 1 0
vn -0.990234375 0.101257324 0.0969238281
vn -0.921875 0.386230469 -0.0370483398
vn -0.711914062 0.701660156 0.035369873
vn -0.315917969 0.919433594 0.234130859
vn -0.0936889648 0.995605469 0.00765228271
vn -0 1 0
vn -0.994628906 0.0978393555 -0.0391235352
vn -0.918457031 0.3828125 -0.0998535156
vn -0.666015625 0.701660156 0.252929688
vn -0.301513672 0.941894531 0.146606445
vn -0.102172852 0.994628906 0.0102767944
vn -0 1 0
vn -0.994140625 0.0986328125 -0.0399780273
vn -0.923828125 0.379638672 0.0459289551
vn -0.572265625 0.702148438 0.424072266
vn -0.374267578 0.926757812 0.0305633545
vn -0.0997924805 0.994628906 0.0298614502
vn -0 1 0
vn -0.989257812 0.0980224609 -0.107543945
vn -0.864746094 0.379638672 0.328369141
vn -0.602539062 0.7421875 0.29296875
vn -0.388183594 0.920898438 0.0390625
vn -0.0897216797 0.995117188 0.0353393555
vn -0 1 1.10268593E-05
vn -0.994140625 0.0982666016 0.049407959
vn -0.743164062 0.379638672 0.55078125
vn -0.700195312 0.711425781 0.0571899414
vn -0.375976562 0.919921875 0.112426758
vn -0.0427856445 0.999023438 -0.0138320923
vn -0 1 1.13248825E-05
vn -0.930175781 0.0982055664 0.353271484
vn -0.819335938 0.412597656 0.398193359
vn -0.707519531 0.703125 0.0711669922
vn -0.353515625 0.924804688 0.139160156
vn -0.0600585938 0.995117188 -0.0808105469
vn 1.60336494E-05 1 -1.41263008E-05
vn -0.799804688 0.0980224609 0.592285156
vn -0.919433594 0.385986328 0.0750732422
vn -0.682128906 0.702148438 0.203979492
vn -0.238037109 0.968261719 -0.0770874023
vn -0.0821533203 0.994140625 -0.069519043
vn -0 1 0
vn -0.89453125 0.104858398 0.434814453
vn -0.920410156 0.380126953 0.092590332
vn -0.65625 0.708984375 0.258544922
vn -0.230957031 0.921875 -0.310791016
vn -0.0990600586 0.994140625 -0.0379638672
vn -0 1 1.04308128E-05
vn -0.991699219 0.0985717773 0.0809936523
vn -0.886230469 0.379638672 0.265136719
vn -0.545410156 0.819335938 -0.176635742
vn -0.302978516 0.91796875 -0.256103516
vn -0.10168457 0.994628906 -0.0138473511
vn 1.1920929E-05 1 -1.3589859E-05
vn -0.990234375 0.0978393555 0.099609375
vn -0.859375 0.383789062 0.338378906
vn -0.423339844 0.704589844 -0.569335938
vn -0.368652344 0.918945312 -0.141357422
vn -0.104309082 0.994628906 0.00640106201
vn -0 1 -1.50799751E-05
vn -0.85546875 0.412841797 0.312011719
vn -0.510253906 0.412841797 -0.754394531
vn -0.953613281 0.0979003906 0.28515625
vn -0.92578125 0.0982055664 0.364501953
vn -0.934570312 0.102539062 0.340820312
vn -0.551269531 0.381103516 -0.7421875
vn -0.557128906 0.102539062 -0.82421875
vn -0.92578125 -0.0982055664 0.364501953
vn -0.934570312 -0.102539062 0.340820312
vn -0.953613281 -0.0979003906 0.28515625
vn -0.990234375 -0.0978393555 0.099609375
vn -0.859375 -0.383789062 0.338378906
vn -0.85546875 -0.412841797 0.312011719
vn -0.886230469 -0.379638672 0.265136719
vn -0.65625 -0.708984375 0.258544922
vn -0.545410156 -0.819335938 -0.176635742
vn -0.59375 0.0978393555 -0.798828125
vn -0.557128906 -0.102539062 -0.82421875
vn -0.991699219 -0.0985717773 0.0809936523
vn -0.920410156 -0.380126953 0.092590332
vn -0.682128906 -0.702148438 0.203979492
vn -0.59375 -0.0978393555 -0.798828125
vn -0.510253906 -0.412841797 -0.754394531
vn -0.89453125 -0.104858398 0.434814453
vn -0.919433594 -0.385986328 0.0750732422
vn -0.707519531 -0.703125 0.0711669922
vn -0.551269531 -0.381103516 -0.7421875
vn -0.799804688 -0.0980224609 0.592285156
vn -0.819335938 -0.412597656 0.398193359
vn -0.700195312 -0.711425781 0.0571899414
vn -0.930175781 -0.0982055664 0.353271484
vn -0.743164062 -0.379638672 0.55078125
vn -0.602539062 -0.7421875 0.29296875
vn -0.994140625 -0.0982666016 0.049407959
vn -0.864746094 -0.379638672 0.328369141
vn -0.572265625 -0.702148438 0.424072266
vn -0.989257812 -0.0980224609 -0.107543945
vn -0.923828125 -0.379638672 0.0459289551
vn -0.666015625 -0.701660156 0.252929688
vn -0.994140625 -0.0986328125 -0.0399780273
vn -0.918457031 -0.3828125 -0.0998535156
vn -0.711914062 -0.701660156 0.035369873
vn -0.994628906 -0.0978393555 -0.0391235352
vn -0.921875 -0.386230469 -0.0370483398
vn -0.702636719 -0.707519531 -0.0764160156
vn -0.990234375 -0.101257324 0.0969238281
vn -0.923828125 -0.380615234 -0.0363464355
vn -0.701660156 -0.711914062 -0.028213501
vn -0.9140625 -0.0992431641 0.393798828
vn -0.913085938 -0.397949219 0.0893554688
vn -0.709960938 -0.704101562 -0.0279083252
vn -0.95703125 -0.0993041992 0.272705078
vn -0.845703125 -0.389404297 0.364501953
vn -0.684082031 -0.726074219 0.0669555664
vn -0.920410156 -0.379638672 -0.0918579102
vn -0.889160156 -0.381103516 0.253417969
vn -0.641113281 -0.715820312 0.276123047
vn -0.708984375 -0.701660156 -0.0707397461
vn -0.685058594 -0.702148438 0.195068359
vn -0.372070312 -0.922851562 -0.0996704102
vn -0.392333984 -0.918945312 -0.0391540527
vn -0.0960693359 -0.995117188 -0.0257415771
vn -1.14440918E-05 -1 0
vn -0.105041504 -0.994628906 -0.0104904175
vn -0 -1 0
vn -0.383300781 -0.916992188 0.109191895
vn -0.10546875 -0.994140625 0.0300292969
vn -0 -1 0
vn -0.339111328 -0.929199219 0.146118164
vn -0.0833129883 -0.99609375 0.0358886719
vn -0 -1 1.32918358E-05
vn -0.353515625 -0.934570312 0.0346069336
vn -0.0835571289 -0.996582031 0.00820159912
vn 1.50799751E-05 -1 1.45435333E-05
vn -0.388427734 -0.921386719 -0.0152664185
vn -0.101623535 -0.994628906 -0.00397491455
vn 1.01327896E-05 -1 0
vn -0.375 -0.926757812 -0.0150680542
vn -0.0938110352 -0.995605469 -0.00378227234
vn -0 -1 -1.50203705E-05
vn -0.379882812 -0.923828125 -0.0413513184
vn -0.0971679688 -0.995117188 -0.010597229
vn -0 -1 0
vn -0.395019531 -0.918457031 0.0196075439
vn -0.106506348 -0.994140625 0.00527572632
vn -0 -1 0
vn -0.369140625 -0.918945312 0.140136719
vn -0.0992431641 -0.994140625 0.0376586914
vn -0 -1 0
vn -0.315917969 -0.919433594 0.234130859
vn -0.0842895508 -0.994628906 0.0624389648
vn -0 -1 0
vn -0.301513672 -0.941894531 0.146606445
vn -0.0676269531 -0.997070312 0.0328674316
vn -0 -1 0
vn -0.374267578 -0.926757812 0.0305633545
vn -0.0936889648 -0.995605469 0.00765228271
vn -0 -1 0
vn -0.388183594 -0.920898438 0.0390319824
vn -0.102172852 -0.994628906 0.0102767944
vn -0 -1 0
vn -0.375976562 -0.919921875 0.112426758
vn -0.0997924805 -0.994628906 0.0298614502
vn -0 -1 0
vn -0.353515625 -0.924804688 0.139160156
vn -0.0897216797 -0.995117188 0.0353393555
vn -0 -1 1.090765E-05
vn -0.238037109 -0.968261719 -0.0770874023
vn -0.0427856445 -0.999023438 -0.0138320923
vn -0 -1 1.10864639E-05
vn -0.423339844 -0.704589844 -0.569335938
vn -0.0600585938 -0.995117188 -0.0808105469
vn 1.60932541E-05 -1 -1.43647194E-05
vn -0.230957031 -0.921875 -0.310791016
vn -0.0821533203 -0.994140625 -0.069519043
vn -0 -1 0
vn -0.302978516 -0.91796875 -0.256103516
vn -0.544433594 -0.701660156 -0.459960938
vn -0.706542969 -0.379882812 -0.597167969
vn -0.0990600586 -0.994140625 -0.0379638672
vn -0 -1 1.01327896E-05
vn -0.368652344 -0.918945312 -0.141357422
vn -0.665527344 -0.701660156 -0.254882812
vn -0.10168457 -0.994628906 -0.0138473511
vn 1.18613243E-05 -1 -1.38878822E-05
vn -0.386474609 -0.920898438 -0.0526733398
vn -0.104309082 -0.994628906 0.00640106201
vn -0 -1 -1.53183937E-05
vn -0.760253906 -0.0985107422 -0.642578125
vn -0.863769531 -0.379638672 -0.331054688
vn -0.704589844 -0.703125 -0.0960083008
vn -0.392089844 -0.919433594 0.0241088867
vn -0.100402832 -0.994140625 0.0428466797
vn -0 -1 0
vn -0.760253906 0.0985107422 -0.642578125
vn -0.916503906 -0.380126953 -0.12487793
vn -0.710449219 -0.702148438 0.0437316895
vn -0.366210938 -0.917480469 0.15637207
vn -0.0684204102 -0.993652344 0.087097168
vn -0 -1 1.51991844E-05
vn -0.706542969 0.379882812 -0.597167969
vn -0.923339844 -0.379638672 0.0568237305
vn -0.655273438 -0.701660156 0.279785156
vn -0.246582031 -0.916992188 0.313964844
vn -0.0286407471 -0.994628906 0.100280762
vn -0 -1 1.41859055E-05
vn -0.544433594 0.701660156 -0.459960938
vn -0.665527344 0.701660156 -0.254882812
vn -0.439453125 -0.703125 0.559082031
vn -0.107788086 -0.919921875 0.377441406
vn -0.00986480713 -0.994628906 0.101623535
vn -0 -1 0
vn -0.863769531 0.379638672 -0.331054688
vn -0.386474609 0.920898438 -0.0526733398
vn -0.704589844 0.703125 -0.0960083008
vn -0.929199219 0.0982055664 -0.356201172
vn -0.392089844 0.919433594 0.0241088867
vn -0.916503906 0.380126953 -0.12487793
vn -0.929199219 -0.0982055664 -0.356201172
vn -0.986328125 0.0978393555 -0.134399414
vn -0.986328125 -0.0978393555 -0.134399414
vn -0.710449219 0.702148438 0.0437316895
vn -0.100402832 0.994140625 0.0428466797
vn -0 1 0
vn -0.923339844 0.379638672 0.0568237305
vn -0.993164062 0.0979614258 0.061126709
vn -0.993164062 -0.0979614258 0.061126709
vn -0.366210938 0.917480469 0.15637207
vn -0.0684204102 0.993652344 0.087097168
vn -0 1 1.54972076E-05
vn -0.655273438 0.701660156 0.279785156
vn -0.850585938 0.380615234 0.36328125
vn -0.915039062 0.0990600586 0.390869141
vn -0.915039062 -0.0990600586 0.390869141
vn -0.0286407471 0.994628906 0.100280762
vn -0 1 1.46627426E-05
vn -0.246582031 0.916992188 0.313964844
vn -0.439453125 0.703125 0.559082031
vn -0.570800781 0.382324219 0.7265625
vn -0.00986480713 0.994628906 0.101623535
vn -0 1 0
vn -0.107788086 0.919921875 0.377441406
vn -0.0133666992 0.99609375 0.0888061523
vn 1.50203705E-05 1 0
vn -0.195556641 0.702148438 0.684570312
vn -0.0375976562 0.920898438 0.387451172
vn -0.614746094 0.100036621 0.782226562
vn -0.0348815918 0.99609375 0.08203125
vn -0 1 -1.01923943E-05
vn -0.254150391 0.379638672 0.889648438
vn -0.0686645508 0.703613281 0.707519531
vn -0.0546569824 0.930175781 0.36328125
vn -0.0485229492 0.995117188 0.0867919922
vn -0 1 -1.02519989E-05
vn -0.143310547 0.930664062 0.336914062
vn -0.103637695 0.717285156 0.688964844
vn -0.0893554688 0.380371094 0.920410156
vn -0.2734375 0.0979614258 0.95703125
vn -0.0373535156 0.994628906 0.0978393555
vn 2.30669975E-05 1 0
vn -0.187866211 0.922851562 0.336181641
vn -0.272460938 0.718261719 0.640136719
vn -0.136962891 0.390380859 0.91015625
vn -0.0389709473 0.997070312 0.0662841797
vn -0 1 -1.39474869E-05
vn -0.140258789 0.919433594 0.3671875
vn -0.345703125 0.705566406 0.618652344
vn -0.0720214844 0.995117188 0.0648193359
vn -0 1 0
vn -0.172119141 0.940429688 0.292480469
vn -0.0657348633 0.994140625 0.0861816406
vn -0 1 0
vn -0.0961303711 0.0978393555 0.990722656
vn -0.360351562 0.391113281 0.846679688
vn -0.254150391 0.702148438 0.665039062
vn -0.282958984 0.924804688 0.254882812
vn -0.0321044922 0.994628906 0.100585938
vn -0 1 1.23977661E-05
vn -0.147949219 0.0994873047 0.983886719
vn -0.450927734 0.381835938 0.806640625
vn -0.341796875 0.738769531 0.580566406
vn -0.240966797 0.917480469 0.315917969
vn 0.00344276428 0.994140625 0.108276367
vn -0 1 0
vn -0.389648438 0.0996704102 0.915527344
vn -0.330078125 0.379638672 0.864257812
vn -0.524414062 0.708496094 0.472412109
vn -0.119873047 0.918945312 0.375488281
vn 0.046875 0.994140625 0.0980224609
vn -0 1 0
vn -0.485595703 0.0979003906 0.868652344
vn -0.462646484 0.409423828 0.786132812
vn -0.432128906 0.701660156 0.566894531
vn 0.0126419067 0.917480469 0.397216797
vn 0.0852050781 0.994140625 0.0687255859
vn -0 1 -1.69873238E-05
vn -0.354980469 0.0979614258 0.9296875
vn -0.686523438 0.383544922 0.618164062
vn -0.216674805 0.701660156 0.678710938
vn 0.171508789 0.917480469 0.358886719
vn 0.107299805 0.994140625 0.0223693848
vn -1.49011612E-05 1 -1.23381615E-05
vn -0.504394531 0.104064941 0.857421875
vn -0.561035156 0.380126953 0.735351562
vn 0.0226745605 0.701660156 0.712402344
vn 0.310058594 0.916992188 0.25
vn 0.104858398 0.994140625 -0.0219268799
vn -0 1 1.20997429E-05
vn -0.739746094 0.0981445312 0.666015625
vn -0.281494141 0.379638672 0.881347656
vn 0.307373047 0.701660156 0.643066406
vn 0.390136719 0.916992188 0.0814208984
vn 0.0907592773 0.995117188 -0.0350952148
vn -0 1 0
vn -0.603515625 0.0987548828 0.791503906
vn 0.0294342041 0.380126953 0.924316406
vn 0.5546875 0.702148438 0.447021484
vn 0.387695312 0.91796875 -0.0809936523
vn 0.082824707 0.996582031 -0.0130615234
vn -0 1 -1.29938126E-05
vn -0.302734375 0.0980834961 0.948242188
vn 0.398925781 0.380371094 0.834472656
vn 0.697265625 0.702148438 0.145507812
vn 0.355957031 0.924316406 -0.137573242
vn 0.0678710938 0.997558594 0.0270843506
vn -1.96099281E-05 1 0
vn 0.0316772461 0.0987548828 0.994628906
vn 0.719726562 0.380859375 0.580078125
vn 0.697753906 0.701660156 -0.145751953
vn 0.350585938 0.935058594 -0.0553283691
vn 0.0595397949 0.99609375 0.0667114258
vn -1.29342079E-05 1 0
vn 0.429443359 0.0988769531 0.897949219
vn 0.905273438 0.381103516 0.188964844
vn 0.658691406 0.708007812 -0.254638672
vn 0.306640625 0.943847656 0.122436523
vn 0.0627441406 0.994628906 0.080078125
vn -0 1 -1.23977661E-05
vn 0.774902344 0.0992431641 0.624511719
vn 0.905761719 0.379638672 -0.189208984
vn 0.678710938 0.7265625 -0.107116699
vn 0.244140625 0.930175781 0.2734375
vn 0.0888061523 0.994140625 0.063293457
vn -0 1 0
vn 0.974121094 0.0993041992 0.203369141
vn 0.861328125 0.383300781 -0.333007812
vn 0.617675781 0.746582031 0.246704102
vn 0.239868164 0.921386719 0.305908203
vn 0.0925292969 0.995117188 0.0362548828
vn -0 1 0
vn 0.974121094 0.0983886719 -0.203491211
vn 0.90625 0.398193359 -0.142944336
vn 0.463867188 0.717773438 0.51953125
vn 0.323974609 0.917480469 0.231079102
vn 0.0814208984 0.99609375 0.040222168
vn -0 1 0
vn 0.928222656 0.0980834961 -0.358886719
vn 0.844238281 0.416503906 0.337158203
vn 0.438232422 0.703613281 0.559082031
vn 0.358398438 0.922851562 0.14050293
vn 0.0553588867 0.996582031 0.0583496094
vn -0 1 0
vn 0.982910156 0.101257324 -0.155029297
vn 0.61328125 0.390869141 0.686523438
vn 0.580078125 0.701660156 0.413574219
vn 0.331298828 0.929199219 0.163574219
vn 0.0491638184 0.995117188 0.0853881836
vn -0 1 0
vn 0.923339844 0.105895996 0.368896484
vn 0.570800781 0.380615234 0.727539062
vn 0.659667969 0.705566406 0.258544922
vn 0.239135742 0.9375 0.251953125
vn 0.0556030273 0.995117188 0.0844116211
vn -0 1 0
vn 0.662597656 0.099609375 0.7421875
vn 0.752929688 0.380615234 0.537109375
vn 0.625976562 0.715820312 0.309082031
vn 0.19140625 0.923339844 0.332275391
vn 0.0553894043 0.995117188 0.0791015625
vn -0 1 0
vn 0.614257812 0.0978393555 0.783203125
vn 0.860351562 0.381835938 0.337158203
vn 0.46875 0.732421875 0.493896484
vn 0.213256836 0.921875 0.323730469
vn 0.062286377 0.994628906 0.0808105469
vn -0 1 0
vn 0.810058594 0.0990600586 0.577636719
vn 0.825683594 0.389404297 0.407714844
vn 0.353027344 0.706542969 0.61328125
vn 0.218017578 0.924804688 0.311279297
vn 0.0891113281 0.994140625 0.0632324219
vn -0 1 0
vn 0.926757812 0.0979003906 0.363037109
vn 0.629882812 0.403320312 0.663574219
vn 0.390380859 0.704101562 0.592773438
vn 0.237548828 0.920898438 0.308349609
vn 0.105285645 0.994140625 0.021987915
vn -0 1 0
vn 0.892089844 0.0992431641 0.440673828
vn 0.4609375 0.382324219 0.80078125
vn 0.404785156 0.708496094 0.578125
vn 0.324707031 0.917480469 0.23046875
vn 0.10345459 0.994628906 -0.00827026367
vn -0 1 0
vn 0.684570312 0.102539062 0.721679688
vn 0.508789062 0.380859375 0.772460938
vn 0.43359375 0.703613281 0.562988281
vn 0.388183594 0.91796875 0.0810546875
vn 0.0970458984 0.995117188 -0.0193328857
vn -0 1 0
vn 0.496582031 0.0979614258 0.862304688
vn 0.529785156 0.383789062 0.756347656
vn 0.581054688 0.701660156 0.412353516
vn 0.390625 0.919921875 -0.0312194824
vn 0.08203125 0.996582031 0.00109100342
vn -0 1 0
vn 0.547363281 0.0978393555 0.831054688
vn 0.564453125 0.380371094 0.732421875
vn 0.697753906 0.701660156 0.145629883
vn 0.376708984 0.923339844 -0.0750732422
vn 0.0950317383 0.995117188 0.0233154297
vn 1.15633011E-05 1 -1.84774399E-05
vn 0.570800781 0.0982055664 0.815429688
vn 0.75390625 0.380615234 0.53515625
vn 0.709472656 0.702636719 -0.0567016602
vn 0.351074219 0.936523438 0.00466918945
vn 0.101745605 0.994628906 0.0159912109
vn -0 1 0
vn 0.607421875 0.0978393555 0.788085938
vn 0.905761719 0.379882812 0.189086914
vn 0.694335938 0.706054688 -0.138305664
vn 0.371337891 0.923828125 0.0911254883
vn 0.102233887 0.994628906 -0.000343084335
vn -0 1 1.98483467E-05
vn 0.811523438 0.0991210938 0.576171875
vn 0.921875 0.379882812 -0.0737304688
vn 0.684082031 0.729492188 0.00909423828
vn 0.385986328 0.920410156 0.060760498
vn 0.0948486328 0.995605469 -0.00259780884
vn -0 1 0
vn 0.974121094 0.0985107422 0.203369141
vn 0.90625 0.382080078 -0.180541992
vn 0.686523438 0.70703125 0.168457031
vn 0.389648438 0.920898438 -0.00133419037
vn 0.0627441406 0.997558594 0.0272979736
vn -0 1 0
vn 0.9921875 0.0979003906 -0.079284668
vn 0.916015625 0.400878906 0.0121841431
vn 0.702636719 0.703125 0.110656738
vn 0.376953125 0.926269531 -0.0104446411
vn 0.0399169922 0.996582031 0.0694580078
vn -0 1 0
vn 0.976074219 0.0979614258 -0.194458008
vn 0.897460938 0.3828125 0.220214844
vn 0.7109375 0.703613281 -0.00245285034
vn 0.291992188 0.947753906 0.127075195
vn 0.0332641602 0.994628906 0.0960083008
vn -0 1 0
vn 0.994628906 0.101928711 0.0132369995
vn 0.913574219 0.380126953 0.143920898
vn 0.703613281 0.710449219 -0.0195159912
vn 0.172851562 0.937988281 0.300537109
vn 0.0587158203 0.994140625 0.0901489258
vn -0 1 0
vn 0.966308594 0.0980224609 0.237182617
vn 0.924804688 0.380371094 -0.00320625305
vn 0.599609375 0.756347656 0.260742188
vn 0.127197266 0.921386719 0.3671875
vn 0.0724487305 0.995117188 0.0698242188
vn -0 1 0
vn 0.982910156 0.0978393555 0.154907227
vn 0.922363281 0.385253906 -0.0256195068
vn 0.339111328 0.732910156 0.58984375
vn 0.216430664 0.91796875 0.332275391
vn 0.0760498047 0.995117188 0.0640869141
vn -0 1 0
vn 0.995117188 0.0978393555 -0.00345993042
vn 0.829589844 0.426269531 0.360839844
vn 0.232543945 0.704101562 0.670898438
vn 0.278564453 0.921875 0.268554688
vn 0.0759887695 0.995117188 0.0615539551
vn -0 1 0
vn 0.994628906 0.098449707 -0.027633667
vn 0.456054688 0.404052734 0.79296875
vn 0.389160156 0.701660156 0.597167969
vn 0.294433594 0.922851562 0.248168945
vn 0.0480651855 0.996582031 0.064453125
vn -0 1 0
vn 0.911621094 0.108520508 0.396484375
vn 0.302734375 0.380615234 0.874023438
vn 0.510742188 0.704589844 0.4921875
vn 0.297119141 0.923828125 0.240600586
vn 0.0252227783 0.99609375 0.0869140625
vn -0 1 0
vn 0.495849609 0.102661133 0.862304688
vn 0.504882812 0.379882812 0.774902344
vn 0.541503906 0.705566406 0.456542969
vn 0.207641602 0.9375 0.278564453
vn 0.00968933105 0.995605469 0.0932006836
vn -0 1 0
vn 0.325683594 0.0978393555 0.940429688
vn 0.665527344 0.381103516 0.641601562
vn 0.549316406 0.707519531 0.445068359
vn 0.102783203 0.9296875 0.354003906
vn 0.0223999023 0.994140625 0.104736328
vn -0 1 0
vn 0.54296875 0.0985107422 0.833984375
vn 0.706542969 0.381835938 0.595703125
vn 0.406982422 0.732421875 0.545898438
vn 0.0387268066 0.927246094 0.373046875
vn 0.0474243164 0.994628906 0.0917358398
vn -0 1 0
vn 0.716796875 0.0978393555 0.690429688
vn 0.717773438 0.3828125 0.581542969
vn 0.194580078 0.716308594 0.670410156
vn 0.082824707 0.91796875 0.387451172
vn 0.0557556152 0.995117188 0.0824584961
vn -0 1 1.21593475E-05
vn 0.760742188 0.0979003906 0.641113281
vn 0.546875 0.403564453 0.733398438
vn 0.0725097656 0.711914062 0.698242188
vn 0.17956543 0.920410156 0.347412109
vn 0.0508117676 0.995605469 0.0798950195
vn -0 1 0
vn 0.7734375 0.0980224609 0.626464844
vn 0.256835938 0.389648438 0.884277344
vn 0.149047852 0.701660156 0.696777344
vn 0.215698242 0.922851562 0.319091797
vn 0.0532836914 0.995117188 0.0853881836
vn -0 1 0
vn 0.594726562 0.102539062 0.797363281
vn 0.0952758789 0.386230469 0.917480469
vn 0.326660156 0.702636719 0.631835938
vn 0.202270508 0.926269531 0.317871094
vn 0.0716552734 0.994628906 0.0778198242
vn -0 1 0
vn 0.27734375 0.0993041992 0.955566406
vn 0.193481445 0.379638672 0.904785156
vn 0.396728516 0.705566406 0.586914062
vn 0.204956055 0.921875 0.328369141
vn 0.100097656 0.994140625 0.0459289551
vn -0 1 0
vn 0.102783203 0.0986328125 0.989746094
vn 0.424560547 0.379882812 0.821777344
vn 0.377685547 0.7109375 0.593261719
vn 0.267089844 0.918945312 0.290283203
vn 0.107543945 0.994140625 -0.000738620758
vn -0 1 0
vn 0.208129883 0.0983886719 0.973144531
vn 0.517578125 0.381591797 0.765625
vn 0.375732422 0.704589844 0.602050781
vn 0.362548828 0.916992188 0.166381836
vn 0.0989379883 0.994628906 -0.0275268555
vn -0 1 0
vn 0.456787109 0.0978393555 0.884277344
vn 0.495361328 0.385498047 0.778320312
vn 0.482666016 0.701660156 0.523925781
vn 0.396484375 0.91796875 -0.00269508362
vn 0.0909423828 0.994140625 -0.061340332
vn -0 1 0
vn 0.557128906 0.0979003906 0.824707031
vn 0.489501953 0.381103516 0.784179688
vn 0.646972656 0.702148438 0.296875
vn 0.375976562 0.920898438 -0.104553223
vn 0.0567321777 0.994140625 -0.0911865234
vn -0 1 1.10864639E-05
vn 0.534179688 0.098449707 0.839355469
vn 0.626464844 0.379638672 0.680664062
vn 0.712890625 0.701660156 -0.00484085083
vn 0.330322266 0.916992188 -0.22277832
vn 0.0474243164 0.997070312 -0.0605773926
vn -0 1 0
vn 0.526855469 0.0978393555 0.844238281
vn 0.840332031 0.381591797 0.385742188
vn 0.685058594 0.703125 -0.190551758
vn 0.209350586 0.91796875 -0.336669922
vn 0.0785522461 0.99609375 -0.040802002
vn -0 1 0
vn 0.673828125 0.0981445312 0.731933594
vn 0.924804688 0.379882812 -0.0062789917
vn 0.590332031 0.702148438 -0.398193359
vn 0.209228516 0.940429688 -0.267333984
vn 0.0936889648 0.994628906 -0.0409851074
vn -0 1 0
vn 0.904296875 0.0995483398 0.415039062
vn 0.891113281 0.380126953 -0.247802734
vn 0.376464844 0.701660156 -0.604980469
vn 0.323730469 0.931152344 -0.168212891
vn 0.0822143555 0.994140625 -0.0725097656
vn -0 1 0
vn 0.995117188 0.0985107422 -0.00675582886
vn 0.766601562 0.381103516 -0.517089844
vn 0.415283203 0.738769531 -0.530761719
vn 0.356933594 0.920898438 -0.15612793
vn 0.0571899414 0.995117188 -0.0777587891
vn -0 1 0
vn 0.958984375 0.0978393555 -0.266601562
vn 0.488525391 0.379882812 -0.785644531
vn 0.616699219 0.719238281 -0.3203125
vn 0.298828125 0.916992188 -0.263671875
vn 0.0622253418 0.997070312 -0.0441589355
vn -0 1 0
vn 0.825195312 0.0993652344 -0.556152344
vn 0.5625 0.409423828 -0.718261719
vn 0.651367188 0.703613281 -0.284912109
vn 0.225219727 0.924804688 -0.306152344
vn 0.0924072266 0.995117188 -0.0286254883
vn -0 1 0
vn 0.525878906 0.0985107422 -0.845214844
vn 0.81640625 0.391845703 -0.424072266
vn 0.534179688 0.702148438 -0.471191406
vn 0.275634766 0.94140625 -0.195556641
vn 0.0963745117 0.994140625 -0.0460205078
vn -1.07884407E-05 1 0
vn 0.61328125 0.104003906 -0.783203125
vn 0.847167969 0.380371094 -0.370605469
vn 0.41796875 0.708496094 -0.568359375
vn 0.36328125 0.924804688 -0.112548828
vn 0.0761108398 0.994140625 -0.075012207
vn -0 1 0
vn 0.8828125 0.0998535156 -0.458740234
vn 0.693359375 0.380859375 -0.611816406
vn 0.548339844 0.740234375 -0.389160156
vn 0.357177734 0.918457031 -0.170532227
vn 0.0495300293 0.994628906 -0.0931396484
vn -0 1 0
vn 0.911621094 0.0978393555 -0.398925781
vn 0.546875 0.383789062 -0.744140625
vn 0.674316406 0.708496094 -0.208862305
vn 0.281982422 0.918457031 -0.277832031
vn 0.0414428711 0.99609375 -0.0787353516
vn -0 1 0
vn 0.74609375 0.0993041992 -0.658203125
vn 0.743652344 0.410400391 -0.527832031
vn 0.643066406 0.701660156 -0.307128906
vn 0.185058594 0.918945312 -0.347900391
vn 0.0572509766 0.997558594 -0.0348815918
vn -0 1 0
vn 0.589355469 0.0982055664 -0.801757812
vn 0.882324219 0.383544922 -0.273193359
vn 0.5078125 0.701660156 -0.5
vn 0.170288086 0.930664062 -0.323730469
vn 0.0939941406 0.995605469 -0.00782012939
vn -0 1 0
vn 0.811035156 0.104309082 -0.575683594
vn 0.834960938 0.379638672 -0.398681641
vn 0.334472656 0.701660156 -0.62890625
vn 0.269042969 0.94921875 -0.163818359
vn 0.0943603516 0.995605469 0.00295066833
vn -0 1 0
vn 0.950683594 0.0981445312 -0.294433594
vn 0.659179688 0.379638672 -0.649414062
vn 0.323974609 0.718261719 -0.615722656
vn 0.374755859 0.926757812 -0.0312042236
vn 0.0686035156 0.997070312 0.0293426514
vn -0 1 0
vn 0.897949219 0.0983276367 -0.428955078
vn 0.434326172 0.379638672 -0.816894531
vn 0.555175781 0.759765625 -0.338378906
vn 0.375976562 0.926757812 0.011756897
vn 0.0725097656 0.995117188 0.0650024414
vn -0 1 0
vn 0.708984375 0.0983276367 -0.698242188
vn 0.428466797 0.391357422 -0.814453125
vn 0.700683594 0.711425781 -0.0583496094
vn 0.306884766 0.942871094 0.131347656
vn 0.0934448242 0.994140625 0.0551757812
vn -0 1 -1.12056732E-05
vn 0.467285156 0.0980834961 -0.87890625
vn 0.771484375 0.429443359 -0.469726562
vn 0.702636719 0.7109375 0.0219726562
vn 0.284179688 0.924316406 0.254638672
vn 0.10723877 0.994140625 0.0138244629
vn -0 1 0
vn 0.463378906 0.0997314453 -0.880371094
vn 0.919433594 0.385742188 -0.0765991211
vn 0.614746094 0.743652344 0.262939453
vn 0.342285156 0.917480469 0.202148438
vn 0.104248047 0.993652344 -0.0374755859
vn -0 1 1.08480453E-05
vn 0.849121094 0.109375 -0.517089844
vn 0.922363281 0.385742188 0.0288391113
vn 0.525878906 0.707519531 0.471679688
vn 0.393798828 0.91796875 0.0508422852
vn 0.0788574219 0.99609375 -0.04296875
vn -0 1 0
vn 0.991699219 0.0985107422 -0.0826416016
vn 0.836914062 0.413574219 0.358154297
vn 0.613769531 0.701660156 0.362548828
vn 0.375732422 0.916992188 -0.135009766
vn 0.0805053711 0.996582031 -0.0116119385
vn -0 1 0
vn 0.994628906 0.0985107422 0.0311126709
vn 0.687988281 0.383056641 0.616699219
vn 0.70703125 0.701660156 0.0912475586
vn 0.322753906 0.930175781 -0.17590332
vn 0.100646973 0.995117188 0.00447845459
vn -0 1 0
vn 0.9140625 0.105163574 0.391113281
vn 0.796386719 0.380126953 0.470458984
vn 0.669433594 0.703125 -0.240600586
vn 0.345947266 0.937011719 -0.0499572754
vn 0.102172852 0.994628906 -0.00813293457
vn -0 1 0
vn 0.741210938 0.0980834961 0.6640625
vn 0.917480469 0.380126953 0.118408203
vn 0.611816406 0.717285156 -0.333496094
vn 0.386962891 0.921875 0.0171813965
vn 0.100219727 0.994628906 -0.0260162354
vn -0 1 0
vn 0.856933594 0.098815918 0.506347656
vn 0.869628906 0.382324219 -0.3125
vn 0.67578125 0.730957031 -0.0975952148
vn 0.388671875 0.920898438 -0.0309295654
vn 0.0781860352 0.997070312 -0.00636291504
vn -0 1 0
vn 0.986816406 0.0986938477 0.127441406
vn 0.80859375 0.390380859 -0.440673828
vn 0.708984375 0.704589844 0.0314941406
vn 0.37890625 0.920410156 -0.0983886719
vn 0.0583190918 0.997558594 0.0372924805
vn -0 1 0
vn 0.936523438 0.0999755859 -0.336669922
vn 0.90625 0.402099609 -0.130981445
vn 0.708496094 0.703125 -0.0563964844
vn 0.341796875 0.939453125 -0.0278167725
vn 0.0350646973 0.996582031 0.0768432617
vn -0 1 0
vn 0.873535156 0.0994873047 -0.476318359
vn 0.923828125 0.381103516 0.041015625
vn 0.688476562 0.702636719 -0.178833008
vn 0.270019531 0.947265625 0.172607422
vn 0.0163726807 0.995605469 0.0927124023
vn -0 1 0
vn 0.984375 0.102172852 -0.142211914
vn 0.921875 0.380126953 -0.0733642578
vn 0.674804688 0.735839844 -0.0549316406
vn 0.147827148 0.934570312 0.32421875
vn 0.0344238281 0.994140625 0.102905273
vn -0 1 -1.65104866E-05
vn 0.994140625 0.0978393555 0.044128418
vn 0.895507812 0.379882812 -0.232421875
vn 0.552734375 0.754882812 0.353271484
vn 0.0653686523 0.926757812 0.370117188
vn 0.0748291016 0.994140625 0.0794067383
vn -0 1 0
vn 0.9921875 0.0978393555 -0.078918457
vn 0.910644531 0.406738281 -0.0741577148
vn 0.285644531 0.725585938 0.626464844
vn 0.126098633 0.917480469 0.376953125
vn 0.096862793 0.994140625 0.0443725586
vn -1.20401382E-05 1 1.90734863E-05
vn 0.963378906 0.0979003906 -0.25
vn 0.762695312 0.424560547 0.487792969
vn 0.122253418 0.711425781 0.691894531
vn 0.272949219 0.917480469 0.289794922
vn 0.0936279297 0.995117188 0.0268249512
vn -0 1 0
vn 0.991210938 0.103393555 -0.0806884766
vn 0.380859375 0.397216797 0.834960938
vn 0.226074219 0.701660156 0.67578125
vn 0.359619141 0.918457031 0.164672852
vn 0.0932006836 0.995117188 0.0285339355
vn -0 1 0
vn 0.837402344 0.108032227 0.535644531
vn 0.160522461 0.385986328 0.908691406
vn 0.488525391 0.701660156 0.518554688
vn 0.366943359 0.924316406 0.104980469
vn 0.102783203 0.994628906 0.0193939209
vn -0 1 0
vn 0.412841797 0.101074219 0.905273438
vn 0.293457031 0.380126953 0.876953125
vn 0.647949219 0.701660156 0.296630859
vn 0.364990234 0.924316406 0.111755371
vn 0.10333252 0.994628906 -0.00269889832
vn -0 1 0
vn 0.173095703 0.0985717773 0.979980469
vn 0.634277344 0.380615234 0.672851562
vn 0.679199219 0.707519531 0.194335938
vn 0.386230469 0.919433594 0.0729370117
vn 0.0995483398 0.995117188 -0.0170593262
vn 1.6272068E-05 1 0
vn 0.315673828 0.098815918 0.943847656
vn 0.841308594 0.379638672 0.385253906
vn 0.67578125 0.707519531 0.206787109
vn 0.391113281 0.920410156 -0.0101776123
vn 0.0989990234 0.994140625 -0.0407409668
vn -0 1 0
vn 0.682128906 0.0990600586 0.724121094
vn 0.888183594 0.383056641 0.254150391
vn 0.699707031 0.702148438 0.132080078
vn 0.382080078 0.921875 -0.0654907227
vn 0.075378418 0.994140625 -0.0803833008
vn -0 1 0
vn 0.904785156 0.0982666016 0.414306641
vn 0.883300781 0.383056641 0.270263672
vn 0.7109375 0.702636719 -0.0184936523
vn 0.366210938 0.918457031 -0.150756836
vn 0.0465698242 0.995117188 -0.0864868164
vn -0 1 0
vn 0.956542969 0.0980834961 0.273681641
vn 0.909179688 0.379638672 0.171630859
vn 0.699707031 0.704589844 -0.119934082
vn 0.272949219 0.916992188 -0.290771484
vn 0.0522155762 0.997558594 -0.0411987305
vn -0 1 0
vn 0.951660156 0.0980834961 0.291259766
vn 0.924804688 0.379882812 -0.0240478516
vn 0.659179688 0.701660156 -0.271484375
vn 0.181640625 0.923828125 -0.337158203
vn 0.0797119141 0.996582031 -0.000180482864
vn -0 1 0
vn 0.978027344 0.0979614258 0.184692383
vn 0.911132812 0.380859375 -0.15625
vn 0.487060547 0.702148438 -0.519042969
vn 0.24609375 0.949707031 -0.194335938
vn 0.0744628906 0.996582031 0.0370483398
vn -0 1 0
vn 0.994628906 0.0978393555 -0.0258636475
vn 0.85546875 0.379638672 -0.352294922
vn 0.335449219 0.70703125 -0.622558594
vn 0.345703125 0.938476562 -0.000786781311
vn 0.0432434082 0.997070312 0.0628051758
vn -0 1 0
vn 0.980957031 0.0978393555 -0.16809082
vn 0.632324219 0.381591797 -0.674316406
vn 0.509277344 0.760742188 -0.402099609
vn 0.316650391 0.935546875 0.157470703
vn 0.0196380615 0.995605469 0.08984375
vn -0 1 0
vn 0.920410156 0.0983886719 -0.37890625
vn 0.437988281 0.382568359 -0.813476562
vn 0.6796875 0.733886719 -0.00154781342
vn 0.19152832 0.94140625 0.278320312
vn 0.0126342773 0.995117188 0.0974731445
vn -0 1 0
vn 0.680664062 0.099609375 -0.725585938
vn 0.708496094 0.430664062 -0.559082031
vn 0.614257812 0.727539062 0.305664062
vn 0.0793457031 0.928222656 0.363037109
vn 0.0257568359 0.994628906 0.101257324
vn -1.43647194E-05 1 0
vn 0.471923828 0.0980224609 -0.875976562
vn 0.914550781 0.404541016 -0.00208282471
vn 0.381347656 0.740234375 0.553710938
vn 0.0491943359 0.923828125 0.380126953
vn 0.0524902344 0.994140625 0.0923461914
vn -0 1 0
vn 0.780273438 0.109680176 -0.615722656
vn 0.820800781 0.399169922 0.408447266
vn 0.149414062 0.714355469 0.68359375
vn 0.096862793 0.919433594 0.380615234
vn 0.0708007812 0.994628906 0.0748901367
vn -0 1 0
vn 0.994628906 0.102844238 -0.00226783752
vn 0.517089844 0.410644531 0.750976562
vn 0.0908203125 0.70703125 0.701660156
vn 0.1953125 0.918457031 0.343261719
vn 0.0911254883 0.994140625 0.0562438965
vn -0 1 0
vn 0.890625 0.101501465 0.443115234
vn 0.196777344 0.387939453 0.900390625
vn 0.175537109 0.702148438 0.689941406
vn 0.268310547 0.920410156 0.283935547
vn 0.0997314453 0.994628906 0.0286254883
vn -0 1 0
vn 0.563964844 0.104370117 0.819335938
vn 0.118591309 0.382568359 0.916503906
vn 0.352294922 0.701660156 0.619628906
vn 0.336914062 0.918457031 0.208129883
vn 0.0975341797 0.995117188 0.0161743164
vn -0 1 0
vn 0.212402344 0.0989990234 0.972167969
vn 0.228149414 0.379638672 0.896484375
vn 0.488525391 0.703125 0.517089844
vn 0.376464844 0.919921875 0.108032227
vn 0.0911254883 0.995605469 0.0205078125
vn -0 1 0
vn 0.127685547 0.0979614258 0.986816406
vn 0.457275391 0.379638672 0.804199219
vn 0.606445312 0.701660156 0.374511719
vn 0.37890625 0.923339844 0.0628662109
vn 0.102172852 0.994628906 0.019317627
vn -0 1 0
vn 0.245361328 0.0979614258 0.964355469
vn 0.635253906 0.380126953 0.672363281
vn 0.684082031 0.702636719 0.196289062
vn 0.365234375 0.927246094 0.0822143555
vn 0.106506348 0.994140625 -0.0092010498
vn -0 1 0
vn 0.491943359 0.0982055664 0.865234375
vn 0.787109375 0.379638672 0.486083984
vn 0.698242188 0.706054688 0.115844727
vn 0.385253906 0.919921875 0.0728149414
vn 0.0961914062 0.995117188 -0.0294036865
vn -0 1 0
vn 0.68359375 0.0978393555 0.723144531
vn 0.889160156 0.379882812 0.255126953
vn 0.684570312 0.712402344 0.154052734
vn 0.394287109 0.918457031 -0.0340576172
vn 0.0895996094 0.995605469 -0.0236206055
vn 1.3589859E-05 1 0
vn 0.846679688 0.0983886719 0.522949219
vn 0.911621094 0.382080078 0.151245117
vn 0.69921875 0.702636719 0.132202148
vn 0.370117188 0.921875 -0.11315918
vn 0.0938110352 0.995605469 -0.0114364624
vn 1.63316727E-05 1 0
vn 0.09375 0.995605469 -0.00622940063
vn 0.360595703 0.927734375 -0.0951538086
vn 0.373535156 0.926269531 -0.0455322266
vn 0.374755859 0.926757812 -0.0249023438
vn 0.709960938 0.701660156 -0.0613098145
vn 0.899902344 0.38671875 0.202514648
vn 0.678222656 0.704589844 -0.207397461
vn 0.677734375 0.713378906 -0.178710938
vn 0.698242188 0.7109375 -0.0850830078
vn 0.701660156 0.7109375 -0.0466003418
vn 0.909179688 0.379882812 0.171875
vn 0.921875 0.379638672 -0.0795898438
vn 0.884277344 0.381103516 -0.270263672
vn 0.891601562 0.387451172 -0.235107422
vn 0.916015625 0.385498047 -0.111633301
vn 0.920410156 0.385498047 -0.0611572266
vn 0.987792969 0.0985107422 -0.120361328
vn 0.993164062 0.098449707 -0.0659790039
vn 0.962402344 0.098815918 -0.25390625
vn 0.951660156 0.0978393555 -0.291015625
vn 0.991699219 0.0983276367 -0.0856323242
vn 0.978027344 0.0979003906 0.184936523
vn 0.987792969 -0.0985107422 -0.120361328
vn 0.993164062 -0.098449707 -0.0659790039
vn 0.962402344 -0.098815918 -0.25390625
vn 0.951660156 -0.0978393555 -0.291015625
vn 0.991699219 -0.0983276367 -0.0856323242
vn 0.916015625 -0.385498047 -0.111633301
vn 0.920410156 -0.385498047 -0.0611572266
vn 0.891601562 -0.387451172 -0.235107422
vn 0.884277344 -0.381103516 -0.270263672
vn 0.698242188 -0.7109375 -0.0850830078
vn 0.701660156 -0.7109375 -0.0466003418
vn 0.677734375 -0.713378906 -0.178710938
vn 0.373535156 -0.926269531 -0.0455322266
vn 0.374755859 -0.926757812 -0.0249023438
vn 0.978027344 -0.0979003906 0.184936523
vn 0.921875 -0.379638672 -0.0795898438
vn 0.678222656 -0.704589844 -0.207397461
vn 0.360595703 -0.927734375 -0.0951538086
vn 0.0938110352 -0.995605469 -0.0114364624
vn 0.09375 -0.995605469 -0.00622940063
vn 1.63316727E-05 -1 0
vn 1.3589859E-05 -1 0
vn 0.0895996094 -0.995605469 -0.0236206055
vn -0 -1 0
vn 0.0961914062 -0.995117188 -0.0294036865
vn -0 -1 0
vn 0.370117188 -0.921875 -0.11315918
vn 0.106506348 -0.994140625 -0.0092010498
vn -0 -1 0
vn 0.394287109 -0.918457031 -0.0340576172
vn 0.102172852 -0.994628906 0.019317627
vn -0 -1 0
vn 0.709960938 -0.701660156 -0.0613098145
vn 0.0911254883 -0.995605469 0.0205078125
vn -0 -1 0
vn 0.385253906 -0.919921875 0.0728149414
vn 0.69921875 -0.702636719 0.132202148
vn 0.0975341797 -0.995117188 0.0161743164
vn -0 -1 0
vn 0.365234375 -0.927246094 0.0822143555
vn 0.909179688 -0.379882812 0.171875
vn 0.0997314453 -0.994628906 0.0286254883
vn -0 -1 0
vn 0.37890625 -0.923339844 0.0628662109
vn 0.684570312 -0.712402344 0.154052734
vn 0.899902344 -0.38671875 0.202514648
vn 0.0911254883 -0.994140625 0.0562438965
vn -0 -1 0
vn 0.376464844 -0.919921875 0.108032227
vn 0.698242188 -0.706054688 0.115844727
vn 0.970703125 -0.0986938477 0.218505859
vn 0.0708007812 -0.994628906 0.0748901367
vn -0 -1 0
vn 0.336914062 -0.918457031 0.208129883
vn 0.684082031 -0.702636719 0.196289062
vn 0.911621094 -0.382080078 0.151245117
vn 0.970703125 0.0986938477 0.218505859
vn 0.0524902344 -0.994140625 0.0923461914
vn -1.43647194E-05 -1 0
vn 0.268310547 -0.920410156 0.283935547
vn 0.606445312 -0.701660156 0.374511719
vn 0.889160156 -0.379882812 0.255126953
vn 0.981933594 -0.0979614258 0.162841797
vn 0.981933594 0.0979614258 0.162841797
vn 0.0257568359 -0.994628906 0.101257324
vn -0 -1 0
vn 0.1953125 -0.918457031 0.343261719
vn 0.488525391 -0.703125 0.517089844
vn 0.787109375 -0.379638672 0.486083984
vn 0.956542969 -0.0979003906 0.274414062
vn 0.956542969 0.0979003906 0.274414062
vn 0.846679688 -0.0983886719 0.522949219
vn 0.635253906 -0.380126953 0.672363281
vn 0.68359375 -0.0978393555 0.723144531
vn 0.352294922 -0.701660156 0.619628906
vn 0.491943359 -0.0982055664 0.865234375
vn 0.457275391 -0.379638672 0.804199219
vn 0.096862793 -0.919433594 0.380615234
vn 0.245361328 -0.0979614258 0.964355469
vn 0.175537109 -0.702148438 0.689941406
vn 0.228149414 -0.379638672 0.896484375
vn 0.0126342773 -0.995117188 0.0974731445
vn -0 -1 0
vn 0.127685547 -0.0979614258 0.986816406
vn 0.0491943359 -0.923828125 0.380126953
vn 0.0196380615 -0.995605469 0.08984375
vn -0 -1 0
vn 0.0908203125 -0.70703125 0.701660156
vn 0.118591309 -0.382568359 0.916503906
vn 0.212402344 -0.0989990234 0.972167969
vn 0.0432434082 -0.997070312 0.0628051758
vn -0 -1 0
vn 0.0793457031 -0.928222656 0.363037109
vn 0.149414062 -0.714355469 0.68359375
vn 0.196777344 -0.387939453 0.900390625
vn 0.563964844 -0.104370117 0.819335938
vn 0.0744628906 -0.996582031 0.0370483398
vn -0 -1 0
vn 0.19152832 -0.94140625 0.278320312
vn 0.381347656 -0.740234375 0.553710938
vn 0.517089844 -0.410644531 0.750976562
vn 0.890625 -0.101501465 0.443115234
vn 0.0797119141 -0.996582031 -0.000180840492
vn -0 -1 0
vn 0.316650391 -0.935546875 0.157470703
vn 0.614257812 -0.727539062 0.305664062
vn 0.820800781 -0.399169922 0.408447266
vn 0.994628906 -0.102844238 -0.00226783752
vn 0.0522155762 -0.997558594 -0.0411987305
vn -0 -1 0
vn 0.345703125 -0.938476562 -0.000787258148
vn 0.6796875 -0.733886719 -0.00154876709
vn 0.914550781 -0.404541016 -0.00208282471
vn 0.780273438 -0.109680176 -0.615722656
vn 0.0465698242 -0.995117188 -0.0864868164
vn -0 -1 0
vn 0.24609375 -0.949707031 -0.194335938
vn 0.509277344 -0.760742188 -0.402099609
vn 0.708496094 -0.430664062 -0.559082031
vn 0.471923828 -0.0980224609 -0.875976562
vn 0.075378418 -0.994140625 -0.0803833008
vn -0 -1 0
vn 0.181640625 -0.923828125 -0.337158203
vn 0.335449219 -0.70703125 -0.622558594
vn 0.437988281 -0.382568359 -0.813476562
vn 0.680664062 -0.099609375 -0.725585938
vn 0.0989990234 -0.994140625 -0.0407409668
vn 1.6272068E-05 -1 0
vn 0.272949219 -0.916992188 -0.290771484
vn 0.487060547 -0.702148438 -0.519042969
vn 0.632324219 -0.381591797 -0.674316406
vn 0.920410156 -0.0983886719 -0.37890625
vn 0.0995483398 -0.995117188 -0.0170593262
vn -0 -1 0
vn 0.366210938 -0.918457031 -0.150756836
vn 0.659179688 -0.701660156 -0.271484375
vn 0.85546875 -0.379638672 -0.352294922
vn 0.980957031 -0.0978393555 -0.16809082
vn 0.10333252 -0.994628906 -0.00269889832
vn -0 -1 0
vn 0.382080078 -0.921875 -0.0654907227
vn 0.699707031 -0.704589844 -0.119934082
vn 0.911132812 -0.380859375 -0.15625
vn 0.994628906 -0.0978393555 -0.0258636475
vn 0.102783203 -0.994628906 0.0193939209
vn -0 -1 -1.02519989E-05
vn 0.391113281 -0.920410156 -0.0101776123
vn 0.7109375 -0.702636719 -0.0184936523
vn 0.924804688 -0.379882812 -0.0240478516
vn 0.978027344 -0.0979614258 0.184692383
vn 0.0932006836 -0.995117188 0.0285339355
vn -0 -1 0
vn 0.386230469 -0.919433594 0.0729370117
vn 0.699707031 -0.702148438 0.132080078
vn 0.909179688 -0.379638672 0.171630859
vn 0.951660156 -0.0980834961 0.291259766
vn 0.0936279297 -0.995117188 0.0268249512
vn -1.19805336E-05 -1 1.88946724E-05
vn 0.364990234 -0.924316406 0.111755371
vn 0.67578125 -0.707519531 0.206787109
vn 0.883300781 -0.383056641 0.270263672
vn 0.956542969 -0.0980834961 0.273681641
vn 0.096862793 -0.994140625 0.0443725586
vn -0 -1 0
vn 0.366943359 -0.924316406 0.104980469
vn 0.679199219 -0.707519531 0.194335938
vn 0.888183594 -0.383056641 0.254150391
vn 0.904785156 -0.0982666016 0.414306641
vn 0.0748291016 -0.994140625 0.0794067383
vn -0 -1 -1.68681145E-05
vn 0.359619141 -0.918457031 0.164672852
vn 0.647949219 -0.701660156 0.296630859
vn 0.841308594 -0.379638672 0.385253906
vn 0.682128906 -0.0990600586 0.724121094
vn 0.0344238281 -0.994140625 0.102905273
vn -0 -1 0
vn 0.272949219 -0.917480469 0.289794922
vn 0.488525391 -0.701660156 0.518554688
vn 0.634277344 -0.380615234 0.672851562
vn 0.315673828 -0.098815918 0.943847656
vn 0.0163726807 -0.995605469 0.0927124023
vn -0 -1 0
vn 0.126098633 -0.917480469 0.376953125
vn 0.226074219 -0.701660156 0.67578125
vn 0.293457031 -0.380126953 0.876953125
vn 0.173095703 -0.0985717773 0.979980469
vn 0.0350646973 -0.996582031 0.0768432617
vn -0 -1 0
vn 0.0653686523 -0.926757812 0.370117188
vn 0.122253418 -0.711425781 0.691894531
vn 0.160522461 -0.385986328 0.908691406
vn 0.412841797 -0.101074219 0.905273438
vn 0.0583190918 -0.997558594 0.0372924805
vn -0 -1 0
vn 0.147827148 -0.934570312 0.32421875
vn 0.285644531 -0.725585938 0.626464844
vn 0.380859375 -0.397216797 0.834960938
vn 0.837402344 -0.108032227 0.535644531
vn 0.0781860352 -0.997070312 -0.00636291504
vn -0 -1 0
vn 0.270019531 -0.947265625 0.172607422
vn 0.552734375 -0.754882812 0.353271484
vn 0.762695312 -0.424560547 0.487792969
vn 0.991210938 -0.103393555 -0.0806884766
vn 0.100219727 -0.994628906 -0.0260162354
vn -0 -1 0
vn 0.341796875 -0.939453125 -0.0278167725
vn 0.674804688 -0.735839844 -0.0549316406
vn 0.910644531 -0.406738281 -0.0741577148
vn 0.963378906 -0.0979003906 -0.25
vn 0.102172852 -0.994628906 -0.00813293457
vn -0 -1 0
vn 0.37890625 -0.920410156 -0.0983886719
vn 0.688476562 -0.702636719 -0.178833008
vn 0.895507812 -0.379882812 -0.232421875
vn 0.9921875 -0.0978393555 -0.078918457
vn 0.100646973 -0.995117188 0.00447463989
vn -0 -1 0
vn 0.388671875 -0.920898438 -0.0309295654
vn 0.708496094 -0.703125 -0.0563964844
vn 0.921875 -0.380126953 -0.0733642578
vn 0.994140625 -0.0978393555 0.044128418
vn 0.0805053711 -0.996582031 -0.0116119385
vn -0 -1 0
vn 0.386962891 -0.921875 0.0171813965
vn 0.708984375 -0.704589844 0.0314941406
vn 0.923828125 -0.381103516 0.041015625
vn 0.984375 -0.102172852 -0.142211914
vn 0.0788574219 -0.99609375 -0.04296875
vn -0 -1 1.06096268E-05
vn 0.345947266 -0.937011719 -0.0499572754
vn 0.67578125 -0.730957031 -0.0975952148
vn 0.90625 -0.402099609 -0.130981445
vn 0.873535156 -0.0994873047 -0.476318359
vn 0.104248047 -0.993652344 -0.0374755859
vn -0 -1 0
vn 0.322753906 -0.930175781 -0.17590332
vn 0.611816406 -0.717285156 -0.333496094
vn 0.80859375 -0.390380859 -0.440673828
vn 0.936523438 -0.0999755859 -0.336669922
vn 0.10723877 -0.994140625 0.0138244629
vn -0 -1 -1.13844872E-05
vn 0.375732422 -0.916992188 -0.135009766
vn 0.669433594 -0.703125 -0.240600586
vn 0.869628906 -0.382324219 -0.3125
vn 0.986816406 -0.0986938477 0.127441406
vn 0.0934448242 -0.994140625 0.0551757812
vn -0 -1 0
vn 0.393798828 -0.91796875 0.0508422852
vn 0.70703125 -0.701660156 0.0912475586
vn 0.917480469 -0.380126953 0.118408203
vn 0.856933594 -0.098815918 0.506347656
vn 0.0725097656 -0.995117188 0.0650024414
vn -0 -1 0
vn 0.342285156 -0.917480469 0.202148438
vn 0.613769531 -0.701660156 0.362548828
vn 0.796386719 -0.380126953 0.470458984
vn 0.741210938 -0.0980834961 0.6640625
vn 0.0686035156 -0.997070312 0.0293426514
vn -0 -1 0
vn 0.284179688 -0.924316406 0.254638672
vn 0.525878906 -0.707519531 0.471679688
vn 0.687988281 -0.383056641 0.616699219
vn 0.9140625 -0.105163574 0.391113281
vn 0.0943603516 -0.995605469 0.00295066833
vn -0 -1 0
vn 0.306884766 -0.942871094 0.131347656
vn 0.614746094 -0.743652344 0.262939453
vn 0.836914062 -0.413574219 0.358154297
vn 0.994628906 -0.0985107422 0.0311126709
vn 0.0939941406 -0.995605469 -0.00782012939
vn -0 -1 0
vn 0.375976562 -0.926757812 0.011756897
vn 0.702636719 -0.7109375 0.0219726562
vn 0.922363281 -0.385742188 0.0288391113
vn 0.991699219 -0.0985107422 -0.0826416016
vn 0.0572509766 -0.997558594 -0.0348815918
vn -0 -1 0
vn 0.374755859 -0.926757812 -0.0312042236
vn 0.700683594 -0.711425781 -0.0583496094
vn 0.919433594 -0.385742188 -0.0765991211
vn 0.849121094 -0.109375 -0.517089844
vn 0.0414428711 -0.99609375 -0.0787353516
vn -0 -1 0
vn 0.269042969 -0.94921875 -0.163818359
vn 0.555175781 -0.759765625 -0.338378906
vn 0.771484375 -0.429443359 -0.469726562
vn 0.463378906 -0.0997314453 -0.880371094
vn 0.0495300293 -0.994628906 -0.0931396484
vn -0 -1 0
vn 0.170288086 -0.930664062 -0.323730469
vn 0.323974609 -0.718261719 -0.615722656
vn 0.428466797 -0.391357422 -0.814453125
vn 0.467285156 -0.0980834961 -0.87890625
vn 0.0761108398 -0.994140625 -0.075012207
vn -1.07884407E-05 -1 0
vn 0.185058594 -0.918945312 -0.347900391
vn 0.334472656 -0.701660156 -0.62890625
vn 0.434326172 -0.379638672 -0.816894531
vn 0.708984375 -0.0983276367 -0.698242188
vn 0.0963745117 -0.994140625 -0.0460205078
vn -0 -1 0
vn 0.281982422 -0.918457031 -0.277832031
vn 0.5078125 -0.701660156 -0.5
vn 0.659179688 -0.379638672 -0.649414062
vn 0.897949219 -0.0983276367 -0.428955078
vn 0.0924072266 -0.995117188 -0.0286254883
vn -0 -1 0
vn 0.357177734 -0.918457031 -0.170532227
vn 0.643066406 -0.701660156 -0.307128906
vn 0.834960938 -0.379638672 -0.398681641
vn 0.950683594 -0.0981445312 -0.294433594
vn 0.0622253418 -0.997070312 -0.0441589355
vn -0 -1 0
vn 0.36328125 -0.924804688 -0.112548828
vn 0.674316406 -0.708496094 -0.208862305
vn 0.882324219 -0.383544922 -0.273193359
vn 0.811035156 -0.104309082 -0.575683594
vn 0.0571899414 -0.995117188 -0.0777587891
vn -0 -1 0
vn 0.275634766 -0.94140625 -0.195556641
vn 0.548339844 -0.740234375 -0.389160156
vn 0.743652344 -0.410400391 -0.527832031
vn 0.589355469 -0.0982055664 -0.801757812
vn 0.0822143555 -0.994140625 -0.0725097656
vn -0 -1 0
vn 0.225219727 -0.924804688 -0.306152344
vn 0.41796875 -0.708496094 -0.568359375
vn 0.546875 -0.383789062 -0.744140625
vn 0.74609375 -0.0993041992 -0.658203125
vn 0.0936889648 -0.994628906 -0.0409851074
vn -0 -1 0
vn 0.298828125 -0.916992188 -0.263671875
vn 0.534179688 -0.702148438 -0.471191406
vn 0.693359375 -0.380859375 -0.611816406
vn 0.911621094 -0.0978393555 -0.398925781
vn 0.0785522461 -0.99609375 -0.040802002
vn -0 -1 0
vn 0.356933594 -0.920898438 -0.15612793
vn 0.651367188 -0.703613281 -0.284912109
vn 0.847167969 -0.380371094 -0.370605469
vn 0.8828125 -0.0998535156 -0.458740234
vn 0.0474243164 -0.997070312 -0.0605773926
vn -0 -1 1.09672546E-05
vn 0.323730469 -0.931152344 -0.168212891
vn 0.616699219 -0.719238281 -0.3203125
vn 0.81640625 -0.391845703 -0.424072266
vn 0.61328125 -0.104003906 -0.783203125
vn 0.0567321777 -0.994140625 -0.0911865234
vn -0 -1 0
vn 0.209228516 -0.940429688 -0.267333984
vn 0.415283203 -0.738769531 -0.530761719
vn 0.5625 -0.409423828 -0.718261719
vn 0.525878906 -0.0985107422 -0.845214844
vn 0.0909423828 -0.994140625 -0.061340332
vn -0 -1 0
vn 0.209350586 -0.91796875 -0.336669922
vn 0.376464844 -0.701660156 -0.604980469
vn 0.488525391 -0.379882812 -0.785644531
vn 0.825195312 -0.0993652344 -0.556152344
vn 0.0989379883 -0.994628906 -0.0275268555
vn -0 -1 0
vn 0.330322266 -0.916992188 -0.22277832
vn 0.590332031 -0.702148438 -0.398193359
vn 0.766601562 -0.381103516 -0.517089844
vn 0.958984375 -0.0978393555 -0.266601562
vn 0.107543945 -0.994140625 -0.000739097595
vn -0 -1 0
vn 0.375976562 -0.920898438 -0.104553223
vn 0.685058594 -0.703125 -0.190551758
vn 0.891113281 -0.380126953 -0.247802734
vn 0.995117188 -0.0985107422 -0.00675582886
vn 0.100097656 -0.994140625 0.0459289551
vn -0 -1 0
vn 0.396484375 -0.91796875 -0.00269699097
vn 0.712890625 -0.701660156 -0.00484085083
vn 0.924804688 -0.379882812 -0.0062789917
vn 0.904296875 -0.0995483398 0.415039062
vn 0.0716552734 -0.994628906 0.0778198242
vn -0 -1 0
vn 0.362548828 -0.916992188 0.166381836
vn 0.646972656 -0.702148438 0.296875
vn 0.840332031 -0.381591797 0.385742188
vn 0.673828125 -0.0981445312 0.731933594
vn 0.0532836914 -0.995117188 0.0853881836
vn -0 -1 0
vn 0.267089844 -0.918945312 0.290283203
vn 0.482666016 -0.701660156 0.523925781
vn 0.626464844 -0.379638672 0.680664062
vn 0.526855469 -0.0978393555 0.844238281
vn 0.0508117676 -0.995605469 0.0798950195
vn -0 -1 1.1920929E-05
vn 0.204956055 -0.921875 0.328369141
vn 0.375732422 -0.704589844 0.602050781
vn 0.489501953 -0.381103516 0.784179688
vn 0.534179688 -0.098449707 0.839355469
vn 0.0557556152 -0.995117188 0.0824584961
vn -0 -1 0
vn 0.202270508 -0.926269531 0.317871094
vn 0.377685547 -0.7109375 0.593261719
vn 0.495361328 -0.385498047 0.778320312
vn 0.557128906 -0.0979003906 0.824707031
vn 0.0474243164 -0.994628906 0.0917358398
vn -0 -1 0
vn 0.215698242 -0.922851562 0.319091797
vn 0.396728516 -0.705566406 0.586914062
vn 0.517578125 -0.381591797 0.765625
vn 0.456787109 -0.0978393555 0.884277344
vn 0.0223999023 -0.994140625 0.104736328
vn -0 -1 0
vn 0.17956543 -0.920410156 0.347412109
vn 0.326660156 -0.702636719 0.631835938
vn 0.424560547 -0.379882812 0.821777344
vn 0.208129883 -0.0983886719 0.973144531
vn 0.00968933105 -0.995605469 0.0932006836
vn -0 -1 0
vn 0.082824707 -0.91796875 0.387451172
vn 0.149047852 -0.701660156 0.696777344
vn 0.193481445 -0.379638672 0.904785156
vn 0.102783203 -0.0986328125 0.989746094
vn 0.0252227783 -0.99609375 0.0869140625
vn -0 -1 0
vn 0.0387268066 -0.927246094 0.373046875
vn 0.0725097656 -0.711914062 0.698242188
vn 0.0952758789 -0.386230469 0.917480469
vn 0.27734375 -0.0993041992 0.955566406
vn 0.0480651855 -0.996582031 0.064453125
vn -0 -1 0
vn 0.102783203 -0.9296875 0.354003906
vn 0.194580078 -0.716308594 0.670410156
vn 0.256835938 -0.389648438 0.884277344
vn 0.594726562 -0.102539062 0.797363281
vn 0.0759887695 -0.995117188 0.0615539551
vn -0 -1 0
vn 0.207641602 -0.9375 0.278564453
vn 0.406982422 -0.732421875 0.545898438
vn 0.546875 -0.403564453 0.733398438
vn 0.7734375 -0.0980224609 0.626464844
vn 0.0760498047 -0.995117188 0.0640869141
vn -0 -1 0
vn 0.297119141 -0.923828125 0.240600586
vn 0.549316406 -0.707519531 0.445068359
vn 0.717773438 -0.3828125 0.581542969
vn 0.760742188 -0.0979003906 0.641113281
vn 0.0724487305 -0.995117188 0.0698242188
vn -0 -1 0
vn 0.294433594 -0.922851562 0.248168945
vn 0.541503906 -0.705566406 0.456542969
vn 0.706542969 -0.381835938 0.595703125
vn 0.716796875 -0.0978393555 0.690429688
vn 0.0587158203 -0.994140625 0.0901489258
vn -0 -1 0
vn 0.278564453 -0.921875 0.268554688
vn 0.510742188 -0.704589844 0.4921875
vn 0.665527344 -0.381103516 0.641601562
vn 0.54296875 -0.0985107422 0.833984375
vn 0.0332641602 -0.994628906 0.0960083008
vn -0 -1 0
vn 0.216430664 -0.91796875 0.332275391
vn 0.389160156 -0.701660156 0.597167969
vn 0.504882812 -0.379882812 0.774902344
vn 0.325683594 -0.0978393555 0.940429688
vn 0.0399475098 -0.996582031 0.0694580078
vn -0 -1 0
vn 0.127197266 -0.921386719 0.3671875
vn 0.232543945 -0.704101562 0.670898438
vn 0.302734375 -0.380615234 0.874023438
vn 0.495849609 -0.102661133 0.862304688
vn 0.0627441406 -0.997558594 0.0272979736
vn -0 -1 0
vn 0.172851562 -0.937988281 0.300537109
vn 0.339111328 -0.732910156 0.58984375
vn 0.456054688 -0.404052734 0.79296875
vn 0.911621094 -0.108520508 0.396484375
vn 0.0948486328 -0.995605469 -0.00259780884
vn -0 -1 1.95503235E-05
vn 0.291992188 -0.947753906 0.127075195
vn 0.599609375 -0.756347656 0.260742188
vn 0.829589844 -0.426269531 0.360839844
vn 0.994628906 -0.098449707 -0.027633667
vn 0.102233887 -0.994628906 -0.000343322754
vn -0 -1 0
vn 0.376953125 -0.926269531 -0.0104446411
vn 0.703613281 -0.710449219 -0.0195159912
vn 0.922363281 -0.385253906 -0.0256195068
vn 0.995117188 -0.0978393555 -0.00345993042
vn 0.101745605 -0.994628906 0.0159912109
vn 1.15633011E-05 -1 -1.86562538E-05
vn 0.389648438 -0.920898438 -0.00133419037
vn 0.7109375 -0.703613281 -0.00245285034
vn 0.924804688 -0.380371094 -0.00320625305
vn 0.982910156 -0.0978393555 0.154907227
vn 0.0950317383 -0.995117188 0.0233154297
vn -0 -1 0
vn 0.385986328 -0.920410156 0.060760498
vn 0.702636719 -0.703125 0.110656738
vn 0.913574219 -0.380126953 0.143920898
vn 0.966308594 -0.0980224609 0.237182617
vn 0.08203125 -0.996582031 0.00109100342
vn -0 -1 0
vn 0.371337891 -0.923828125 0.0911254883
vn 0.686523438 -0.70703125 0.168457031
vn 0.897460938 -0.3828125 0.220214844
vn 0.994628906 -0.101928711 0.0132369995
vn 0.0970458984 -0.995117188 -0.0193328857
vn -0 -1 0
vn 0.351074219 -0.936523438 0.00466918945
vn 0.684082031 -0.729492188 0.00909423828
vn 0.916015625 -0.400878906 0.0121841431
vn 0.976074219 -0.0979614258 -0.194458008
vn 0.10345459 -0.994628906 -0.00827026367
vn -0 -1 0
vn 0.376708984 -0.923339844 -0.0750732422
vn 0.694335938 -0.706054688 -0.138305664
vn 0.90625 -0.382080078 -0.180541992
vn 0.9921875 -0.0979003906 -0.079284668
vn 0.105285645 -0.994140625 0.021987915
vn -0 -1 0
vn 0.390625 -0.919921875 -0.0312194824
vn 0.709472656 -0.702636719 -0.0567016602
vn 0.921875 -0.379882812 -0.0737304688
vn 0.974121094 -0.0985107422 0.203369141
vn 0.0891113281 -0.994140625 0.0632324219
vn -0 -1 0
vn 0.388183594 -0.91796875 0.0810546875
vn 0.697753906 -0.701660156 0.145629883
vn 0.905761719 -0.379882812 0.189086914
vn 0.811523438 -0.0991210938 0.576171875
vn 0.062286377 -0.994628906 0.0808105469
vn -0 -1 0
vn 0.324707031 -0.917480469 0.23046875
vn 0.581054688 -0.701660156 0.412353516
vn 0.75390625 -0.380615234 0.53515625
vn 0.607421875 -0.0978393555 0.788085938
vn 0.0553894043 -0.995117188 0.0791015625
vn -0 -1 0
vn 0.237548828 -0.920898438 0.308349609
vn 0.43359375 -0.703613281 0.562988281
vn 0.564453125 -0.380371094 0.732421875
vn 0.570800781 -0.0982055664 0.815429688
vn 0.0556030273 -0.995117188 0.0844116211
vn -0 -1 0
vn 0.218017578 -0.924804688 0.311279297
vn 0.404785156 -0.708496094 0.578125
vn 0.529785156 -0.383789062 0.756347656
vn 0.547363281 -0.0978393555 0.831054688
vn 0.0491638184 -0.995117188 0.0853881836
vn -0 -1 0
vn 0.213256836 -0.921875 0.323730469
vn 0.390380859 -0.704101562 0.592773438
vn 0.508789062 -0.380859375 0.772460938
vn 0.496582031 -0.0979614258 0.862304688
vn 0.0553588867 -0.996582031 0.0583496094
vn -0 -1 0
vn 0.19140625 -0.923339844 0.332275391
vn 0.353027344 -0.706542969 0.61328125
vn 0.4609375 -0.382324219 0.80078125
vn 0.684570312 -0.102539062 0.721679688
vn 0.0814208984 -0.99609375 0.040222168
vn -0 -1 0
vn 0.239135742 -0.9375 0.251953125
vn 0.46875 -0.732421875 0.493896484
vn 0.629882812 -0.403320312 0.663574219
vn 0.892089844 -0.0992431641 0.440673828
vn 0.0925292969 -0.995117188 0.0362548828
vn -0 -1 0
vn 0.331298828 -0.929199219 0.163574219
vn 0.625976562 -0.715820312 0.309082031
vn 0.825683594 -0.389404297 0.407714844
vn 0.926757812 -0.0979003906 0.363037109
vn 0.0888061523 -0.994140625 0.063293457
vn -0 -1 -1.257658E-05
vn 0.358398438 -0.922851562 0.14050293
vn 0.659667969 -0.705566406 0.258544922
vn 0.860351562 -0.381835938 0.337158203
vn 0.810058594 -0.0990600586 0.577636719
vn 0.0627441406 -0.994628906 0.080078125
vn -1.29938126E-05 -1 0
vn 0.32421875 -0.917480469 0.231079102
vn 0.580078125 -0.701660156 0.413574219
vn 0.752929688 -0.380615234 0.537109375
vn 0.614257812 -0.0978393555 0.783203125
vn 0.0595397949 -0.99609375 0.0667114258
vn -1.95503235E-05 -1 0
vn 0.239868164 -0.921386719 0.305908203
vn 0.438232422 -0.703613281 0.559082031
vn 0.570800781 -0.380615234 0.727539062
vn 0.662597656 -0.099609375 0.7421875
vn 0.0678710938 -0.997558594 0.0270843506
vn -0 -1 -1.32918358E-05
vn 0.244140625 -0.930175781 0.2734375
vn 0.463867188 -0.717773438 0.51953125
vn 0.61328125 -0.390869141 0.686523438
vn 0.923339844 -0.105895996 0.368896484
vn 0.082824707 -0.996582031 -0.0130615234
vn -0 -1 0
vn 0.306640625 -0.943847656 0.122436523
vn 0.617675781 -0.746582031 0.246704102
vn 0.844238281 -0.416503906 0.337158203
vn 0.982910156 -0.101257324 -0.155029297
vn 0.0907592773 -0.995117188 -0.0350952148
vn -0 -1 1.18613243E-05
vn 0.350585938 -0.935058594 -0.0553283691
vn 0.678710938 -0.7265625 -0.107116699
vn 0.90625 -0.398193359 -0.142944336
vn 0.928222656 -0.0980834961 -0.358886719
vn 0.104858398 -0.994140625 -0.0219268799
vn -1.49011612E-05 -1 -1.26361847E-05
vn 0.355957031 -0.924316406 -0.137573242
vn 0.658691406 -0.708007812 -0.254638672
vn 0.861328125 -0.383300781 -0.333007812
vn 0.974121094 -0.0983886719 -0.203491211
vn 0.107299805 -0.994140625 0.0223693848
vn -0 -1 -1.71065331E-05
vn 0.387695312 -0.91796875 -0.0809936523
vn 0.697753906 -0.701660156 -0.145751953
vn 0.905761719 -0.379638672 -0.189208984
vn 0.974121094 -0.0993041992 0.203369141
vn 0.0852050781 -0.994140625 0.0687255859
vn -0 -1 0
vn 0.390136719 -0.916992188 0.0814208984
vn 0.697265625 -0.702148438 0.145507812
vn 0.905273438 -0.381103516 0.188964844
vn 0.774902344 -0.0992431641 0.624511719
vn 0.046875 -0.994140625 0.0980224609
vn -0 -1 0
vn 0.310058594 -0.916992188 0.25
vn 0.5546875 -0.702148438 0.447021484
vn 0.719726562 -0.380859375 0.580078125
vn 0.429443359 -0.0988769531 0.897949219
vn 0.00344276428 -0.994140625 0.108276367
vn -0 -1 1.1920929E-05
vn 0.171508789 -0.917480469 0.358886719
vn 0.307373047 -0.701660156 0.643066406
vn 0.398925781 -0.380371094 0.834472656
vn 0.0316772461 -0.0987548828 0.994628906
vn -0.0321044922 -0.994628906 0.100585938
vn -0 -1 0
vn 0.0126419067 -0.917480469 0.397216797
vn 0.0226745605 -0.701660156 0.712402344
vn 0.0294342041 -0.380126953 0.924316406
vn -0.302734375 -0.0980834961 0.948242188
vn -0.0657348633 -0.994140625 0.0861816406
vn -0 -1 0
vn -0.119873047 -0.918945312 0.375488281
vn -0.216674805 -0.701660156 0.678710938
vn -0.281494141 -0.379638672 0.881347656
vn -0.603515625 -0.0987548828 0.791503906
vn -0.0720214844 -0.995117188 0.0648193359
vn -0 -1 -1.43051147E-05
vn -0.240966797 -0.917480469 0.315917969
vn -0.432128906 -0.701660156 0.566894531
vn -0.561035156 -0.380126953 0.735351562
vn -0.739746094 -0.0981445312 0.666015625
vn -0.0389709473 -0.997070312 0.0662841797
vn 2.31266022E-05 -1 0
vn -0.282958984 -0.924804688 0.254882812
vn -0.524414062 -0.708496094 0.472412109
vn -0.686523438 -0.383544922 0.618164062
vn -0.504394531 -0.104064941 0.857421875
vn -0.0373535156 -0.994628906 0.0978393555
vn -0 -1 -1.07288361E-05
vn -0.172119141 -0.940429688 0.292480469
vn -0.341796875 -0.738769531 0.580566406
vn -0.462646484 -0.409423828 0.786132812
vn -0.354980469 -0.0979614258 0.9296875
vn -0.0485229492 -0.995117188 0.0867919922
vn -0 -1 -1.05500221E-05
vn -0.140258789 -0.919433594 0.3671875
vn -0.254150391 -0.702148438 0.665039062
vn -0.330078125 -0.379638672 0.864257812
vn -0.485595703 -0.0979003906 0.868652344
vn -0.0348815918 -0.99609375 0.08203125
vn 1.50799751E-05 -1 0
vn -0.187866211 -0.922851562 0.336181641
vn -0.345703125 -0.705566406 0.618652344
vn -0.450927734 -0.381835938 0.806640625
vn -0.389648438 -0.0996704102 0.915527344
vn -0.0133666992 -0.99609375 0.0888061523
vn -0.143310547 -0.930664062 0.336914062
vn -0.272460938 -0.718261719 0.640136719
vn -0.360351562 -0.391113281 0.846679688
vn -0.0546569824 -0.930175781 0.36328125
vn -0.147949219 -0.0994873047 0.983886719
vn -0.103637695 -0.717285156 0.688964844
vn -0.0375976562 -0.920898438 0.387451172
vn -0.136962891 -0.390380859 0.91015625
vn -0.0686645508 -0.703613281 0.707519531
vn -0.0961303711 -0.0978393555 0.990722656
vn -0.0893554688 -0.380371094 0.920410156
vn -0.195556641 -0.702148438 0.684570312
vn -0.254150391 -0.379638672 0.889648438
vn -0.2734375 -0.0979614258 0.95703125
vn -0.570800781 -0.382324219 0.7265625
vn -0.614746094 -0.100036621 0.782226562
vn -0.850585938 -0.380615234 0.36328125
vn 0.924316406 0 0.381591797
vn 0.915527344 0 0.402832031
vn 0.915527344 0 0.402832031
vn 0.924316406 0 0.381591797
vn 0.944335938 0 0.329345703
vn 0.944335938 0 0.329345703
vn 0.962402344 0 0.271240234
vn 0.962402344 0 0.271240234
vn 0.977050781 0 0.212280273
vn 0.977050781 0 0.212280273
vn 0.99609375 0 0.0903930664
vn 0.99609375 0 0.0903930664
vn 0.999023438 0 0.0452270508
vn 0.999023438 0 0.0452270508
vn 0.998046875 0 0.0587158203
vn 0.998046875 0 0.0587158203
vn 1 0 0
vn 1 0 0
vn 0.998046875 0 -0.0587158203
vn 0.998046875 0 -0.0587158203
vn 0.999023438 0 -0.0452270508
vn 0.999023438 0 -0.0452270508
vn 0.99609375 0 -0.0903930664
vn 0.99609375 0 -0.0903930664
vn 0.977050781 0 -0.212280273
vn 0.977050781 0 -0.212280273
vn 0.962402344 0 -0.271240234
vn 0.962402344 0 -0.271240234
vn 0.944335938 0 -0.329345703
vn 0.944335938 0 -0.329345703
vn 0.924316406 0 -0.381591797
vn 0.924316406 0 -0.381591797
vn 0.915527344 0 -0.402832031
vn 0.915527344 0 -0.402832031
vn -0.915527344 0 0.402832031
vn -0.915527344 0 0.402832031
vn -0.924316406 0 0.381591797
vn -0.924316406 0 0.381591797
vn -0.944335938 0 0.329345703
vn -0.944335938 0 0.329345703
vn -0.962402344 0 0.271240234
vn -0.962402344 0 0.271240234
vn -0.977050781 0 0.212280273
vn -0.977050781 0 0.212280273
vn -0.99609375 0 0.0903930664
vn -0.999023438 0 0.0452270508
vn -0.999023438 0 0.0452270508
vn -0.998046875 0 0.0587158203
vn -0.998046875 0 0.0587158203
vn -1 0 0
vn -1 0 0
vn -0.998046875 0 -0.0587158203
vn -0.998046875 0 -0.0587158203
vn -0.99609375 0 -0.0903320312
vn -0.99609375 0 -0.0903320312
vn -0 0 -1
vn -0 0 -1
vn -0 0 -1
vn -0 0 -1
vn -0 0 1
vn -0 0 1
vn -0 0 1
vn -0 0 1
vn -0 1 0
vn -0 1 0
vn -0 1 0
vn -0 1 0
vn 0.70703125 0.70703125 0
vn 0.70703125 0.70703125 0
vn 0.70703125 0.70703125 0
vn 0.70703125 0.70703125 0
vn -0 0 1
vn -0 0 1
vn -0 0 1
vn -0 0 1
vn 1 0 0
vn 1 0 0
vn 1 0 0
vn 1 0 0
vn 0.70703125 0.70703125 0
vn 0.70703125 0.70703125 0
vn 0.70703125 0.70703125 0
vn 0.70703125 0.70703125 0
vn -1 0 0
vn -1 0 0
vn -1 0 0
vn -1 0 0
vn -0 -1 0
vn -0 -1 0
vn -0 -1 0
vn -0 -1 0
vn -0 -1 0
vn -0 -1 0
vn -0 -1 0
vn -0 -1 0
vn -0 -1 0
vn -0 0 1
vn -0 0 1
vn -0 0 1
vn -0 0 1
vn -0 0 1
vn -0 0 1
vn -0 0 1
vn -0 0 1
vn -0 1 0
vn -0 1 0
vn -0 1 0
vn -0 1 0
vn -0.70703125 0.70703125 0
vn -0.70703125 0.70703125 0
vn -0.70703125 0.70703125 0
vn -0.70703125 0.70703125 0
vn -0 0 1
vn -0 0 1
vn -0 0 1
vn -0 0 1
vn -1 0 0
vn -1 0 0
vn -1 0 0
vn -1 0 0
vn -0.70703125 0.70703125 0
vn -0.70703125 0.70703125 0
vn -0.70703125 0.70703125 0
vn -0.70703125 0.70703125 0
vn 1 0 0
vn 1 0 0
vn 1 0 0
vn 1 0 0
vn -0 0 1
vn -0 0 1
vn -0 0 1
vn -0 0 1
vn -0 0 1
vn -0 0 1
vn -0 0 1
vn -0 0 1
vn -0 -1 0
vn -0 -1 0
vn -0 -1 0
vn -0 -1 0
vn 0.70703125 -0.70703125 0
vn 0.70703125 -0.70703125 0
vn 0.70703125 -0.70703125 0
vn 0.70703125 -0.70703125 0
vn -0 0 1
vn -0 0 1
vn -0 0 1
vn -0 0 1
vn 1 0 0
vn 1 0 0
vn 1 0 0
vn 1 0 0
vn 0.70703125 -0.70703125 0
vn 0.70703125 -0.70703125 0
vn 0.70703125 -0.70703125 0
vn 0.70703125 -0.70703125 0
vn -1 0 0
vn -1 0 0
vn -1 0 0
vn -1 0 0
vn -0 1 0
vn -0 1 0
vn -0 1 0
vn -0 1 0
vn -0 1 0
vn -0 1 0
vn -0 1 0
vn -0 1 0
vn -0 1 0
vn -0 0 1
vn -0 0 1
vn -0 0 1
vn -0 0 1
vn -0 0 1
vn -0 0 1
vn -0 0 1
vn -0 0 1
vn -0 -1 0
vn -0 -1 0
vn -0 -1 0
vn -0 -1 0
vn -0.70703125 -0.70703125 0
vn -0.70703125 -0.70703125 0
vn -0.70703125 -0.70703125 0
vn -0.70703125 -0.70703125 0
vn -0 0 1
vn -0 0 1
vn -0 0 1
vn -0 0 1
vn -1 0 0
vn -1 0 0
vn -1 0 0
vn -1 0 0
vn -0.70703125 -0.70703125 0
vn -0.70703125 -0.70703125 0
vn -0.70703125 -0.70703125 0
vn -0.70703125 -0.70703125 0
vn 1 0 0
vn 1 0 0
vn 1 0 0
vn 1 0 0
vn -0 0 1
vn -0 0 1
vn -0 0 1
vn -0 0 1
vn -0 0 -1
vn -0 0 -1
vn -0 0 -1
vn -0 0 -1
vn -0 0 -1
vn -0 0 -1
vn -0 1 0
vn -0 1 0
vn -0 1 0
vn -0 1 0
vn 0.70703125 0.70703125 0
vn 0.70703125 0.70703125 0
vn 0.70703125 0.70703125 0
vn 0.70703125 0.70703125 0
vn -0 0 -1
vn -0 0 -1
vn -0 0 -1
vn -0 0 -1
vn 1 0 0
vn 1 0 0
vn 1 0 0
vn 1 0 0
vn 0.70703125 0.70703125 0
vn 0.70703125 0.70703125 0
vn 0.70703125 0.70703125 0
vn 0.70703125 0.70703125 0
vn -1 0 0
vn -1 0 0
vn -1 0 0
vn -1 0 0
vn -0 0 -1
vn -0 0 -1
vn -0 0 -1
vn -0 0 -1
vn -0 1 0
vn -0 1 0
vn -0 1 0
vn -0 1 0
vn -0.70703125 0.70703125 0
vn -0.70703125 0.70703125 0
vn -0.70703125 0.70703125 0
vn -0.70703125 0.70703125 0
vn -0 0 -1
vn -0 0 -1
vn -0 0 -1
vn -0 0 -1
vn -1 0 0
vn -1 0 0
vn -1 0 0
vn -1 0 0
vn -0.70703125 0.70703125 0
vn -0.70703125 0.70703125 0
vn -0.70703125 0.70703125 0
vn -0.70703125 0.70703125 0
vn 1 0 0
vn 1 0 0
vn 1 0 0
vn 1 0 0
vn -0 0 -1
vn -0 0 -1
vn -0 0 -1
vn -0 0 -1
vn -0 0 -1
vn -0 0 -1
vn -0 0 -1
vn -0 0 -1
vn -0 -1 0
vn -0 -1 0
vn -0 -1 0
vn -0 -1 0
vn 0.70703125 -0.70703125 0
vn 0.70703125 -0.70703125 0
vn 0.70703125 -0.70703125 0
vn 0.70703125 -0.70703125 0
vn -0 0 -1
vn -0 0 -1
vn -0 0 -1
vn -0 0 -1
vn 1 0 0
vn 1 0 0
vn 1 0 0
vn 1 0 0
vn 0.70703125 -0.70703125 0
vn 0.70703125 -0.70703125 0
vn 0.70703125 -0.70703125 0
vn 0.70703125 -0.70703125 0
vn -1 0 0
vn -1 0 0
vn -1 0 0
vn -1 0 0
vn -0 0 -1
vn -0 0 -1
vn -0 0 -1
vn -0 0 -1
vn -0 0 -1
vn -0 0 -1
vn -0 0 -1
vn -0 0 -1
vn -0 0 -1
vn -0 0 -1
vn -0 -1 0
vn -0 -1 0
vn -0 -1 0
vn -0 -1 0
vn -0.70703125 -0.70703125 0
vn -0.70703125 -0.70703125 0
vn -0.70703125 -0.70703125 0
vn -0.70703125 -0.70703125 0
vn -0 0 -1
vn -0 0 -1
vn -0 0 -1
vn -0 0 -1
vn -1 0 0
vn -1 0 0
vn -1 0 0
vn -1 0 0
vn -0.70703125 -0.70703125 0
vn -0.70703125 -0.70703125 0
vn -0.70703125 -0.70703125 0
vn -0.70703125 -0.70703125 0
vn 1 0 0
vn 1 0 0
vn 1 0 0
vn 1 0 0
vn -0.038848877 -0.997558594 -0.0574951172
vn -0 -1 0
vn -0.1796875 -0.947265625 -0.265869141
vn -0.0262451172 -0.995117188 -0.0974121094
vn -0 -1 0
vn -0.100769043 -0.921875 -0.374023438
vn -0.184570312 -0.704589844 -0.685058594
vn -0.0520019531 -0.994140625 -0.094543457
vn -0 -1 0
vn -0.19128418 -0.91796875 -0.347900391
vn -0.0808105469 -0.994140625 -0.0697021484
vn 1.41859055E-05 -1 -1.22189522E-05
vn -0.240478516 -0.380859375 -0.892578125
vn -0.343505859 -0.701660156 -0.624511719
vn -0.299560547 -0.918457031 -0.258544922
vn -0.0916137695 -0.994628906 -0.046295166
vn -0 -1 0
vn -0.479492188 -0.0986328125 -0.872070312
vn -0.445800781 -0.379882812 -0.810546875
vn -0.753417969 -0.0983276367 -0.650390625
vn -0.700195312 -0.379638672 -0.604492188
vn -0.888183594 -0.0978393555 -0.448730469
vn -0.539550781 -0.701660156 -0.465576172
vn -0.862304688 -0.0997314453 -0.496582031
vn -0.825683594 -0.380126953 -0.416992188
vn -0.634765625 -0.703125 -0.320556641
vn -0.526367188 -0.106811523 -0.84375
vn -0.797363281 -0.391601562 -0.459228516
vn -0.348144531 -0.920898438 -0.17590332
vn -0.172851562 -0.0982055664 -0.979980469
vn -0.602539062 -0.71875 -0.346923828
vn -0.480224609 -0.420166016 -0.770019531
vn -0.316650391 -0.930664062 -0.182373047
vn -0.282958984 -0.0981445312 -0.954101562
vn -0.349853516 -0.75 -0.561035156
vn -0.160400391 -0.384033203 -0.909179688
vn -0.0770263672 -0.99609375 -0.044342041
vn -0 -1 -1.03116035E-05
vn -0.569824219 -0.098449707 -0.815917969
vn -0.172485352 -0.9453125 -0.276367188
vn -0.0377502441 -0.997558594 -0.060546875
vn -0 -1 -1.4603138E-05
vn -0.122497559 -0.708984375 -0.694335938
vn -0.262939453 -0.379638672 -0.887207031
vn -0.784667969 -0.0979614258 -0.611816406
vn -0.0167236328 -0.995117188 -0.0948486328
vn -0 -1 0
vn -0.0659790039 -0.925292969 -0.373779297
vn -0.202514648 -0.701660156 -0.683105469
vn -0.529785156 -0.379882812 -0.758300781
vn -0.901367188 -0.0979003906 -0.421630859
vn -0.0300292969 -0.994628906 -0.101318359
vn -0 -1 0
vn -0.112060547 -0.918945312 -0.378173828
vn -0.407958984 -0.701660156 -0.584472656
vn -0.729492188 -0.379638672 -0.568847656
vn -0.947265625 -0.0979003906 -0.305664062
vn -0.0614929199 -0.994140625 -0.0880737305
vn -0 -1 0
vn -0.226928711 -0.91796875 -0.324951172
vn -0.561523438 -0.702148438 -0.437744141
vn -0.837890625 -0.379882812 -0.391845703
vn -0.837402344 -0.103637695 -0.536132812
vn -0.0825195312 -0.994628906 -0.0643310547
vn -0 -1 0
vn -0.309814453 -0.919433594 -0.241577148
vn -0.64453125 -0.702636719 -0.301513672
vn -0.879394531 -0.381835938 -0.283691406
vn -0.6796875 -0.0979003906 -0.7265625
vn -0.0941772461 -0.994628906 -0.0440368652
vn -0 -1 0
vn -0.355224609 -0.919921875 -0.166137695
vn -0.673828125 -0.706054688 -0.217407227
vn -0.769042969 -0.407714844 -0.492431641
vn -0.812011719 -0.0983886719 -0.575195312
vn -0.0944213867 -0.995117188 -0.030456543
vn -0 -1 0
vn -0.366210938 -0.922851562 -0.118103027
vn -0.568847656 -0.737304688 -0.364501953
vn -0.631347656 -0.381591797 -0.674804688
vn -0.940429688 -0.0979003906 -0.325927734
vn -0.0655517578 -0.997070312 -0.0419921875
vn -0 -1 0
vn -0.287597656 -0.939941406 -0.184204102
vn -0.484130859 -0.705566406 -0.517578125
vn -0.754882812 -0.379638672 -0.534667969
vn -0.979980469 -0.0978393555 -0.173339844
vn -0.0681152344 -0.995117188 -0.0728149414
vn -0 -1 0
vn -0.263427734 -0.922851562 -0.281494141
vn -0.581542969 -0.701660156 -0.411865234
vn -0.874023438 -0.379882812 -0.302978516
vn -0.98828125 -0.0993041992 0.114440918
vn -0.0874633789 -0.994140625 -0.061920166
vn -0 -1 0
vn -0.323242188 -0.91796875 -0.228881836
vn -0.672363281 -0.702148438 -0.233154297
vn -0.910644531 -0.380859375 -0.161132812
vn -0.8828125 -0.0980224609 0.459472656
vn -0.0983276367 -0.994628906 -0.0340881348
vn -0 -1 0
vn -0.370605469 -0.919921875 -0.128417969
vn -0.69921875 -0.704589844 -0.123657227
vn -0.918457031 -0.381103516 0.106323242
vn -0.762207031 -0.0978393555 0.639648438
vn -0.0994873047 -0.995117188 -0.0176086426
vn -0 -1 0
vn -0.381835938 -0.921875 -0.067565918
vn -0.707519531 -0.702148438 0.0819091797
vn -0.820800781 -0.379638672 0.427001953
vn -0.535644531 -0.0988769531 0.838378906
vn -0.108886719 -0.994140625 0.0126113892
vn -0 -1 0
vn -0.395751953 -0.916992188 0.0458374023
vn -0.631835938 -0.702148438 0.328857422
vn -0.708496094 -0.379882812 0.594726562
vn -0.20300293 -0.0982055664 0.974121094
vn -0.0930786133 -0.994628906 0.0484619141
vn -0 -1 0
vn -0.348876953 -0.919433594 0.181640625
vn -0.544921875 -0.702636719 0.457275391
vn -0.497802734 -0.380371094 0.779296875
vn -0.0994873047 -0.0983886719 0.990234375
vn -0.0791625977 -0.994628906 0.06640625
vn -0 -1 0
vn -0.299560547 -0.920410156 0.251464844
vn -0.383544922 -0.701660156 0.600585938
vn -0.188720703 -0.379638672 0.905761719
vn -0.183837891 -0.0983276367 0.978027344
vn -0.0584716797 -0.994140625 0.0915527344
vn -0 -1 1.63316727E-05
vn -0.214111328 -0.917480469 0.335205078
vn -0.145263672 -0.701660156 0.697753906
vn -0.0922851562 -0.385009766 0.918457031
vn -0.306884766 -0.0989379883 0.946777344
vn -0.0216522217 -0.994140625 0.104003906
vn -0 -1 1.37686729E-05
vn -0.0805664062 -0.918457031 0.38671875
vn -0.0703735352 -0.710449219 0.700195312
vn -0.170532227 -0.384521484 0.907226562
vn -0.558105469 -0.101074219 0.823242188
vn -0.00950622559 -0.995605469 0.0946044922
vn -0 -1 0
vn -0.0377502441 -0.926269531 0.375488281
vn -0.130126953 -0.709960938 0.692382812
vn -0.284179688 -0.387939453 0.876953125
vn -0.590332031 -0.0982055664 0.801269531
vn -0.0176544189 -0.995605469 0.0939331055
vn -0 -1 0
vn -0.0698852539 -0.92578125 0.371826172
vn -0.215820312 -0.713867188 0.666015625
vn -0.515136719 -0.397460938 0.759765625
vn -0.0284118652 -0.995605469 0.0877075195
vn 1.96695328E-05 -1 0
vn -0.114685059 -0.928222656 0.354003906
vn -0.386230469 -0.725585938 0.569824219
vn -0.548828125 -0.379638672 0.744628906
vn -0.0473632812 -0.996582031 0.0699462891
vn -0 -1 0
vn -0.199951172 -0.934570312 0.294921875
vn -0.0630493164 -0.994140625 0.0855712891
vn -2.03251839E-05 -1 -1.69873238E-05
vn -0.422607422 -0.701660156 0.573730469
vn -0.234375 -0.918457031 0.318115234
vn -0.349365234 -0.0979614258 0.931640625
vn -0.0368041992 -0.994628906 0.0980834961
vn -0.324707031 -0.379638672 0.866210938
vn -0.138061523 -0.919433594 0.368164062
vn -0.25 -0.702148438 0.666992188
vn -0.425048828 0.101379395 0.899414062
vn -0.151489258 -0.935058594 0.320556641
vn -0.425048828 -0.101379395 0.899414062
vn -0.62109375 0.0982055664 0.77734375
vn -0.293457031 -0.727050781 0.62109375
vn -0.391845703 -0.398681641 0.829101562
vn -0.62109375 -0.0982055664 0.77734375
vn -0.236938477 -0.925292969 0.296630859
vn -0.440185547 -0.708984375 0.55078125
vn -0.576171875 -0.384033203 0.721191406
vn -0.590820312 -0.0978393555 0.80078125
vn -0.548828125 -0.380371094 0.744140625
vn -0.421630859 -0.703613281 0.571777344
vn -0.563964844 -0.387939453 0.729003906
vn -0.609863281 -0.442871094 0.657226562
vn -0.428222656 -0.713867188 0.553710938
vn -1.41263008E-05 1 0
vn -0 1 0
vn -0 1 0
vn -0 1 0
vn 1.63316727E-05 1 0
vn 1.3589859E-05 1 0
vn -0 1 0
vn -0 1 0
vn -1.56760216E-05 1 0
vn -0 1 0
vn -0 1 0
vn -0 1 0
vn -0 1 0
vn -0 1 0
vn -0 1 0
vn -0 1 0
vn -0 1 0
vn -0 1 0
vn -0 1 0
vn -0 1 0
vn -0 1 0
vn -0 1 0
vn -0 1 0
vn -0 1 0
vn -0 1 0
vn -0 1 0
vn -0 1 0
vn -1.43647194E-05 1 0
vn -0 1 0
vn -0 1 0
vn -0 1 0
vn -0 1 0
vn -0 1 0
vn -0 1 0
vn -0 1 0
vn -0 1 0
vn -0 1 0
vn -0 1 0
vn -0 1 0
vn -0 1 0
vn -0 1 0
vn -0 1 0
vn -0 1 0
vn 1.6272068E-05 1 0
vn -0 1 0
vn -0 1 0
vn -0 1 0
vn -0 1 0
vn -0 1 0
vn -0 1 -1.32322311E-05
vn -0 1 -1.4424324E-05
vn -0 1 0
vn -0 1 0
vn -0 1 -1.29938126E-05
vn -0 1 0
vn -1.13248825E-05 1 0
vn -1.20401382E-05 1 1.90734863E-05
vn -0 1 0
vn -0 1 0
vn -0 1 -1.65104866E-05
vn -0 1 0
vn -0 1 0
vn -0 1 0
vn -0 1 0
vn -0 1 0
vn -0 1 0
vn -0 1 0
vn 1.00135803E-05 1 0
vn -0 1 0
vn -0 1 0
vn -0 1 0
vn -0 1 0
vn -0 1 0
vn -0 1 0
vn -0 1 0
vn -0 1 0
vn -0 1 0
vn -0 1 0
vn -0 1 1.08480453E-05
vn -0 1 4.01139259E-05
vn -0 1 2.7179718E-05
vn -0 1 -1.67489052E-05
vn -0 1 0
vn -0 1 0
vn -0 1 -1.12056732E-05
vn -0 1 0
vn -0 1 0
vn -0 1 0
vn -0 1 0
vn 1.40666962E-05 1 -1.19805336E-05
vn -0 1 0
vn -0 1 0
vn -0 1 -1.0073185E-05
vn -0 1 0
vn -0 1 -1.42455101E-05
vn -0 1 0
vn -0 1 0
vn -0 1 0
vn -0 1 0
vn -0 1 0
vn -0 1 0
vn -0 1 0
vn -0 1 0
vn -0 1 0
vn -0 1 0
vn -0 1 0
vn -0 1 0
vn -0 1 0
vn -0 1 0
vn -0 1 0
vn -1.07884407E-05 1 0
vn -0 1 0
vn -0 1 0
vn -0 1 0
vn -0 1 0
vn -0 1 0
vn -0 1 0
vn -0 1 0
vn -0 1 0
vn -0 1 0
vn -0 1 0
vn -0 1 1.6272068E-05
vn -0 1 0
vn -0 1 1.38878822E-05
vn -0 1 0
vn -0 1 0
vn 1.96695328E-05 1 0
vn -0 1 0
vn -0 1 1.10864639E-05
vn -2.02655792E-05 1 -1.65700912E-05
vn -0 1 0
vn -0 1 0
vn -0 1 0
vn -0 1 0
vn -0 1 0
vn -0 1 0
vn -0 1 0
vn -0 1 0
vn -0 1 0
vn -0 1 0
vn -0 1 0
vn -0 1 0
vn -0 1 0
vn -0 1 0
vn -0 1 1.21593475E-05
vn -0 1 0
vn -0 1 0
vn -0 1 0
vn -0 1 0
vn -0 1 0
vn -0 1 0
vn -0 1 0
vn -0 1 0
vn -0 1 0
vn -0 1 0
vn -1.12056732E-05 1 0
vn -0 1 0
vn -0 1 0
vn -0 1 0
vn -0 1 0
vn 1.03712082E-05 1 0
vn -0 1 0
vn -0 1 0
vn -0 1 0
vn -0 1 0
vn -0 1 0
vn -0 1 0
vn -0 1 0
vn -0 1 0
vn -0 1 0
vn -0 1 0
vn -0 1 0
vn -0 1 0
vn -0 1 0
vn -0 1 0
vn -0 1 1.98483467E-05
vn -0 1 0
vn -1.14440918E-05 1 0
vn -0 1 0
vn -0 1 0
vn 1.15633011E-05 1 -1.84774399E-05
vn -0 1 0
vn -0 1 0
vn -0 1 1.3589859E-05
vn 1.50799751E-05 1 1.48415565E-05
vn -0 1 0
vn 1.01327896E-05 1 0
vn -0 1 -1.47819519E-05
vn -0 1 0
vn -0 1 0
vn -0 1 0
vn -0 1 0
vn -0 1 0
vn -0 1 0
vn -0 1 0
vn -0 1 0
vn -0 1 0
vn -0 1 0
vn -0 1 0
vn -0 1 0
vn -0 1 0
vn -0 1 0
vn -0 1 0
vn -0 1 0
vn -0 1 1.10268593E-05
vn -0 1 0
vn -0 1 0
vn -0 1 1.13248825E-05
vn 1.60336494E-05 1 -1.41263008E-05
vn -0 1 0
vn -0 1 0
vn -0 1 1.04308128E-05
vn 1.1920929E-05 1 -1.3589859E-05
vn -0 1 -1.23977661E-05
vn -0 1 -1.50799751E-05
vn -1.29342079E-05 1 0
vn -1.96099281E-05 1 0
vn -0 1 0
vn -0 1 -1.29938126E-05
vn -0 1 1.54972076E-05
vn -0 1 1.46627426E-05
vn -0 1 0
vn -0 1 0
vn 1.50203705E-05 1 0
vn -0 1 -1.01923943E-05
vn -0 1 -1.02519989E-05
vn 2.30669975E-05 1 0
vn -0 1 1.20997429E-05
vn -0 1 -1.39474869E-05
vn -1.49011612E-05 1 -1.23381615E-05
vn -0 1 0
vn -0 1 -1.69873238E-05
vn -0 1 0
vn -0 1 0
vn -0 1 0
vn -0 1 1.23977661E-05
vn -0 1 0
vn -0 1 0
vn -0 1 0
vn -0 1 0
vn -0 1 0
vn -0 1 0
vn -0 1 0
vn -0 1 0
vn -0 1 0
vn -0 1 1.40666962E-05
vn -0 1 0
vn -0 1 1.45435333E-05
vn -0 -1 0
vn -0 -1 1.1920929E-05
vn -0 -1 0
vn -0 -1 0
vn -0 -1 0
vn -0 -1 -1.71065331E-05
vn -1.49011612E-05 -1 -1.26361847E-05
vn -0 -1 -1.43051147E-05
vn -0 -1 1.18613243E-05
vn 2.31266022E-05 -1 0
vn -0 -1 0
vn -0 -1 -1.07288361E-05
vn -0 -1 -1.05500221E-05
vn 1.50799751E-05 -1 0
vn -0 -1 0
vn -0 -1 -1.32918358E-05
vn -0 -1 1.41859055E-05
vn -0 -1 1.51991844E-05
vn -0 -1 0
vn -1.95503235E-05 -1 0
vn -0 -1 -1.53183937E-05
vn -1.29938126E-05 -1 0
vn -0 -1 -1.257658E-05
vn 1.18613243E-05 -1 -1.38878822E-05
vn -0 -1 0
vn -0 -1 1.01327896E-05
vn -0 -1 0
vn 1.60932541E-05 -1 -1.43647194E-05
vn -0 -1 0
vn -0 -1 1.10864639E-05
vn -0 -1 1.090765E-05
vn -0 -1 0
vn -0 -1 0
vn -0 -1 0
vn -0 -1 0
vn -0 -1 0
vn -0 -1 0
vn -0 -1 0
vn -0 -1 0
vn -0 -1 0
vn -0 -1 0
vn -0 -1 0
vn -0 -1 0
vn -0 -1 0
vn -0 -1 0
vn -0 -1 0
vn -0 -1 0
vn -0 -1 0
vn -0 -1 -1.50203705E-05
vn -0 -1 0
vn 1.01327896E-05 -1 0
vn 1.50799751E-05 -1 1.45435333E-05
vn -0 -1 0
vn -0 -1 1.32918358E-05
vn -0 -1 0
vn 1.15633011E-05 -1 -1.86562538E-05
vn -0 -1 0
vn -0 -1 0
vn -1.14440918E-05 -1 0
vn -0 -1 1.95503235E-05
vn -0 -1 0
vn -0 -1 0
vn -0 -1 0
vn -0 -1 0
vn -0 -1 0
vn -0 -1 0
vn -0 -1 0
vn -0 -1 0
vn -0 -1 0
vn -0 -1 0
vn -0 -1 0
vn 1.04308128E-05 -1 0
vn -0 -1 0
vn -0 -1 0
vn -0 -1 0
vn -0 -1 0
vn -0 -1 0
vn -0 -1 0
vn -0 -1 0
vn -0 -1 0
vn -1.12056732E-05 -1 0
vn -0 -1 0
vn -0 -1 0
vn -0 -1 0
vn -0 -1 0
vn -0 -1 0
vn -0 -1 0
vn -0 -1 0
vn -0 -1 0
vn -0 -1 0
vn -0 -1 1.1920929E-05
vn -0 -1 0
vn -0 -1 0
vn -0 -1 0
vn -0 -1 0
vn -0 -1 0
vn -0 -1 0
vn -0 -1 0
vn -0 -1 0
vn -0 -1 0
vn -0 -1 0
vn -0 -1 0
vn -0 -1 0
vn -0 -1 0
vn -0 -1 0
vn -0 -1 1.09672546E-05
vn -0 -1 0
vn -2.03251839E-05 -1 -1.69873238E-05
vn -0 -1 0
vn -0 -1 0
vn 1.96695328E-05 -1 0
vn -0 -1 0
vn -0 -1 0
vn -0 -1 1.37686729E-05
vn -0 -1 1.63316727E-05
vn -0 -1 0
vn -0 -1 0
vn -0 -1 0
vn -0 -1 0
vn -0 -1 0
vn -0 -1 0
vn -0 -1 0
vn -0 -1 0
vn -0 -1 0
vn -0 -1 0
vn -0 -1 0
vn -1.07884407E-05 -1 0
vn -0 -1 0
vn -0 -1 0
vn -0 -1 0
vn -0 -1 0
vn -0 -1 0
vn -0 -1 0
vn -0 -1 0
vn -0 -1 0
vn -0 -1 0
vn -0 -1 0
vn -0 -1 0
vn -0 -1 0
vn -0 -1 0
vn -0 -1 0
vn -0 -1 -1.4603138E-05
vn -0 -1 0
vn -0 -1 -1.03116035E-05
vn -0 -1 0
vn -0 -1 0
vn -0 -1 0
vn 1.41859055E-05 -1 -1.22189522E-05
vn -0 -1 0
vn -0 -1 -1.13844872E-05
vn -0 -1 0
vn -0 -1 0
vn -0 -1 0
vn -0 -1 0
vn -0 -1 -1.68681145E-05
vn -0 -1 1.06096268E-05
vn -0 -1 2.68816948E-05
vn -0 -1 3.97562981E-05
vn -0 -1 0
vn -0 -1 0
vn -0 -1 0
vn -0 -1 0
vn -0 -1 0
vn -0 -1 0
vn -0 -1 0
vn -0 -1 0
vn -0 -1 0
vn 1.0073185E-05 -1 0
vn -0 -1 0
vn -0 -1 0
vn -0 -1 0
vn -0 -1 0
vn -0 -1 0
vn -0 -1 0
vn -0 -1 0
vn -0 -1 0
vn -0 -1 0
vn -0 -1 -1.68681145E-05
vn -0 -1 0
vn -1.13248825E-05 -1 -1.01327896E-05
vn -1.19805336E-05 -1 1.88946724E-05
vn -0 -1 0
vn -0 -1 -1.32918358E-05
vn -0 -1 -1.02519989E-05
vn -0 -1 0
vn -0 -1 0
vn -0 -1 -1.47223473E-05
vn -0 -1 -1.34706497E-05
vn -0 -1 0
vn -0 -1 0
vn -0 -1 0
vn -0 -1 0
vn 1.6272068E-05 -1 0
vn -0 -1 0
vn -0 -1 0
vn -0 -1 0
vn -0 -1 0
vn -0 -1 0
vn -0 -1 0
vn -0 -1 0
vn -0 -1 0
vn -0 -1 0
vn -0 -1 0
vn -0 -1 0
vn -0 -1 0
vn -0 -1 0
vn -0 -1 0
vn -0 -1 0
vn -1.43647194E-05 -1 0
vn -0 -1 0
vn -0 -1 0
vn -0 -1 0
vn -0 -1 0
vn -0 -1 0
vn -0 -1 0
vn -0 -1 0
vn -0 -1 0
vn -0 -1 0
vn -0 -1 0
vn -0 -1 0
vn -0 -1 0
vn -0 -1 0
vn -0 -1 0
vn -0 -1 0
vn -0 -1 0
vn -0 -1 0
vn -0 -1 0
vn -1.57356262E-05 -1 0
vn -0 -1 0
vn -1.41263008E-05 -1 0
vn -0 -1 0
vn 1.3589859E-05 -1 0
vn -0 -1 0
vn -0 -1 0
vn -0 -1 0
vn 1.63316727E-05 -1 0
vn -0 -1 1.38282776E-05
vn -0 -1 1.43051147E-05
vn -0 -1 0
vn -0 -1 0
vn -0 -1 0
vn -0 -1 0
vn -0 -1 -1.00135803E-05
vn -0 -1 0
vn -0 -1 0
vn -0 -1 0
vn -0 -1 0
vn -0 -1 0
vn -0 0 -1
vn -0 0 -1
vn -0 0 -1
vn -0 0 -1
vn -0 0 -1
vn -0 0 -1
vn -0 0 -1
vn -0 0 -1
g Siren_0
usemtl GameObject_Green
f 3/3/3 2/2/2 1/1/1
f 1/1/1 4/4/4 3/3/3
f 1/1/1 5/5/5 4/4/4
f 5/5/5 6/6/6 4/4/4
f 5/5/5 7/7/7 6/6/6
f 7/7/7 8/8/8 6/6/6
f 7/7/7 9/9/9 8/8/8
f 9/9/9 10/10/10 8/8/8
f 9/9/9 11/11/11 10/10/10
f 11/11/11 12/12/12 10/10/10
f 15/15/15 14/14/14 13/13/13
f 13/13/13 16/16/16 15/15/15
f 13/13/13 17/17/17 16/16/16
f 17/17/17 18/18/18 16/16/16
f 17/17/17 19/19/19 18/18/18
f 19/19/19 20/20/20 18/18/18
f 19/19/19 21/21/21 20/20/20
f 21/21/21 22/22/22 20/20/20
f 21/21/21 23/23/23 22/22/22
f 23/23/23 24/24/24 22/22/22
f 27/27/27 26/26/26 25/25/25
f 26/26/26 28/28/28 25/25/25
f 28/28/28 29/29/29 25/25/25
f 29/29/29 30/30/30 25/25/25
f 29/29/29 31/31/31 30/30/30
f 31/31/31 32/32/32 30/30/30
f 31/31/31 33/33/33 32/32/32
f 33/33/33 34/34/34 32/32/32
f 33/33/33 35/35/35 34/34/34
f 35/35/35 36/36/36 34/34/34
f 39/39/39 38/38/38 37/37/37
f 37/37/37 40/40/40 39/39/39
f 37/37/37 41/41/41 40/40/40
f 40/40/40 41/41/41 42/42/42
f 42/42/42 41/41/41 43/43/43
f 43/43/43 41/41/41 44/44/44
f 44/44/44 41/41/41 45/45/45
f 37/37/37 46/46/46 41/41/41
f 47/47/47 46/46/46 37/37/37
f 48/48/48 46/46/46 47/47/47
f 49/49/49 46/46/46 48/48/48
f 50/50/50 46/46/46 49/49/49
f 41/41/41 46/46/46 50/50/50
f 50/50/50 45/45/45 41/41/41
f 50/50/50 51/51/51 45/45/45
f 50/50/50 52/52/52 51/51/51
f 53/53/53 52/52/52 50/50/50
f 54/54/54 52/52/52 53/53/53
f 55/55/55 52/52/52 54/54/54
f 56/56/56 52/52/52 55/55/55
f 52/52/52 57/57/57 51/51/51
f 57/57/57 52/52/52 56/56/56
f 51/51/51 57/57/57 58/58/58
f 58/58/58 57/57/57 59/59/59
f 59/59/59 57/57/57 60/60/60
f 60/60/60 57/57/57 61/61/61
f 56/56/56 61/61/61 57/57/57
f 56/56/56 62/62/62 61/61/61
f 56/56/56 63/63/63 62/62/62
f 63/63/63 64/64/64 62/62/62
f 65/65/65 64/64/64 63/63/63
f 66/66/66 64/64/64 65/65/65
f 67/67/67 64/64/64 66/66/66
f 68/68/68 64/64/64 67/67/67
f 64/64/64 69/69/69 62/62/62
f 69/69/69 64/64/64 68/68/68
f 62/62/62 69/69/69 70/70/70
f 70/70/70 69/69/69 71/71/71
f 71/71/71 69/69/69 72/72/72
f 72/72/72 69/69/69 73/73/73
f 68/68/68 73/73/73 69/69/69
f 68/68/68 74/74/74 73/73/73
f 74/74/74 75/75/75 73/73/73
f 78/78/78 77/77/77 76/76/76
f 76/76/76 79/79/79 78/78/78
f 76/76/76 80/80/80 79/79/79
f 79/79/79 80/80/80 81/81/81
f 81/81/81 80/80/80 82/82/82
f 82/82/82 80/80/80 83/83/83
f 83/83/83 80/80/80 84/84/84
f 76/76/76 85/85/85 80/80/80
f 86/86/86 85/85/85 76/76/76
f 87/87/87 85/85/85 86/86/86
f 88/88/88 85/85/85 87/87/87
f 89/89/89 85/85/85 88/88/88
f 80/80/80 85/85/85 89/89/89
f 89/89/89 84/84/84 80/80/80
f 89/89/89 90/90/90 84/84/84
f 90/90/90 91/91/91 84/84/84
f 84/84/84 91/91/91 92/92/92
f 92/92/92 91/91/91 93/93/93
f 93/93/93 91/91/91 94/94/94
f 94/94/94 91/91/91 95/95/95
f 90/90/90 96/96/96 91/91/91
f 97/97/97 96/96/96 90/90/90
f 98/98/98 96/96/96 97/97/97
f 99/99/99 96/96/96 98/98/98
f 100/100/100 96/96/96 99/99/99
f 91/91/91 96/96/96 100/100/100
f 100/100/100 95/95/95 91/91/91
f 100/100/100 101/101/101 95/95/95
f 101/101/101 102/102/102 95/95/95
f 95/95/95 102/102/102 103/103/103
f 103/103/103 102/102/102 104/104/104
f 104/104/104 102/102/102 105/105/105
f 105/105/105 102/102/102 106/106/106
f 101/101/101 107/107/107 102/102/102
f 108/108/108 107/107/107 101/101/101
f 109/109/109 107/107/107 108/108/108
f 110/110/110 107/107/107 109/109/109
f 111/111/111 107/107/107 110/110/110
f 102/102/102 107/107/107 111/111/111
f 111/111/111 106/106/106 102/102/102
f 111/111/111 112/112/112 106/106/106
f 111/111/111 113/113/113 112/112/112
f 116/116/116 115/115/115 114/114/114
f 115/115/115 117/117/117 114/114/114
f 114/114/114 117/117/117 118/118/118
f 117/117/117 115/115/115 119/119/119
f 117/117/117 120/120/120 118/118/118
f 118/118/118 120/120/120 121/121/121
f 122/122/122 117/117/117 119/119/119
f 120/120/120 117/117/117 122/122/122
f 122/122/122 119/119/119 123/123/123
f 120/120/120 124/124/124 121/121/121
f 121/121/121 124/124/124 125/125/125
f 126/126/126 122/122/122 123/123/123
f 126/126/126 123/123/123 127/127/127
f 128/128/128 120/120/120 122/122/122
f 124/124/124 120/120/120 128/128/128
f 128/128/128 122/122/122 126/126/126
f 124/124/124 129/129/129 125/125/125
f 125/125/125 129/129/129 130/130/130
f 131/131/131 126/126/126 127/127/127
f 131/131/131 127/127/127 132/132/132
f 133/133/133 128/128/128 126/126/126
f 133/133/133 126/126/126 131/131/131
f 134/134/134 124/124/124 128/128/128
f 129/129/129 124/124/124 134/134/134
f 134/134/134 128/128/128 133/133/133
f 129/129/129 135/135/135 130/130/130
f 130/130/130 135/135/135 136/136/136
f 137/137/137 131/131/131 132/132/132
f 132/132/132 138/138/138 137/137/137
f 139/139/139 133/133/133 131/131/131
f 139/139/139 131/131/131 137/137/137
f 140/140/140 134/134/134 133/133/133
f 140/140/140 133/133/133 139/139/139
f 141/141/141 129/129/129 134/134/134
f 135/135/135 129/129/129 141/141/141
f 141/141/141 134/134/134 140/140/140
f 135/135/135 142/142/142 136/136/136
f 136/136/136 142/142/142 143/143/143
f 138/138/138 144/144/144 137/137/137
f 144/144/144 138/138/138 145/145/145
f 146/146/146 139/139/139 137/137/137
f 137/137/137 144/144/144 146/146/146
f 147/147/147 140/140/140 139/139/139
f 147/147/147 139/139/139 146/146/146
f 148/148/148 141/141/141 140/140/140
f 148/148/148 140/140/140 147/147/147
f 149/149/149 135/135/135 141/141/141
f 142/142/142 135/135/135 149/149/149
f 149/149/149 141/141/141 148/148/148
f 142/142/142 150/150/150 143/143/143
f 143/143/143 150/150/150 151/151/151
f 152/152/152 144/144/144 145/145/145
f 152/152/152 145/145/145 153/153/153
f 144/144/144 154/154/154 146/146/146
f 154/154/154 144/144/144 152/152/152
f 155/155/155 147/147/147 146/146/146
f 146/146/146 154/154/154 155/155/155
f 156/156/156 148/148/148 147/147/147
f 156/156/156 147/147/147 155/155/155
f 157/157/157 149/149/149 148/148/148
f 157/157/157 148/148/148 156/156/156
f 158/158/158 142/142/142 149/149/149
f 150/150/150 142/142/142 158/158/158
f 158/158/158 149/149/149 157/157/157
f 159/159/159 152/152/152 153/153/153
f 159/159/159 153/153/153 160/160/160
f 161/161/161 154/154/154 152/152/152
f 161/161/161 152/152/152 159/159/159
f 154/154/154 162/162/162 155/155/155
f 162/162/162 154/154/154 161/161/161
f 163/163/163 156/156/156 155/155/155
f 155/155/155 162/162/162 163/163/163
f 164/164/164 157/157/157 156/156/156
f 164/164/164 156/156/156 163/163/163
f 165/165/165 158/158/158 157/157/157
f 165/165/165 157/157/157 164/164/164
f 166/166/166 150/150/150 158/158/158
f 166/166/166 158/158/158 165/165/165
f 167/167/167 159/159/159 160/160/160
f 167/167/167 160/160/160 168/168/168
f 169/169/169 161/161/161 159/159/159
f 169/169/169 159/159/159 167/167/167
f 170/170/170 162/162/162 161/161/161
f 170/170/170 161/161/161 169/169/169
f 162/162/162 171/171/171 163/163/163
f 171/171/171 162/162/162 170/170/170
f 172/172/172 164/164/164 163/163/163
f 163/163/163 171/171/171 172/172/172
f 173/173/173 165/165/165 164/164/164
f 173/173/173 164/164/164 172/172/172
f 174/174/174 166/166/166 165/165/165
f 174/174/174 165/165/165 173/173/173
f 175/175/175 167/167/167 168/168/168
f 176/176/176 169/169/169 167/167/167
f 176/176/176 167/167/167 175/175/175
f 177/177/177 170/170/170 169/169/169
f 177/177/177 169/169/169 176/176/176
f 178/178/178 171/171/171 170/170/170
f 178/178/178 170/170/170 177/177/177
f 171/171/171 179/179/179 172/172/172
f 179/179/179 171/171/171 178/178/178
f 180/180/180 173/173/173 172/172/172
f 172/172/172 179/179/179 180/180/180
f 175/175/175 168/168/168 181/181/181
f 168/168/168 182/182/182 181/181/181
f 175/175/175 181/181/181 183/183/183
f 184/184/184 175/175/175 183/183/183
f 184/184/184 176/176/176 175/175/175
f 184/184/184 183/183/183 185/185/185
f 186/186/186 177/177/177 176/176/176
f 186/186/186 176/176/176 184/184/184
f 187/187/187 184/184/184 185/185/185
f 187/187/187 186/186/186 184/184/184
f 187/187/187 185/185/185 188/188/188
f 189/189/189 177/177/177 186/186/186
f 189/189/189 178/178/178 177/177/177
f 190/190/190 179/179/179 178/178/178
f 190/190/190 178/178/178 189/189/189
f 191/191/191 187/187/187 188/188/188
f 191/191/191 188/188/188 192/192/192
f 193/193/193 186/186/186 187/187/187
f 193/193/193 189/189/189 186/186/186
f 191/191/191 193/193/193 187/187/187
f 194/194/194 191/191/191 192/192/192
f 194/194/194 192/192/192 195/195/195
f 196/196/196 189/189/189 193/193/193
f 196/196/196 190/190/190 189/189/189
f 197/197/197 193/193/193 191/191/191
f 194/194/194 197/197/197 191/191/191
f 197/197/197 196/196/196 193/193/193
f 198/198/198 179/179/179 190/190/190
f 179/179/179 198/198/198 180/180/180
f 199/199/199 194/194/194 195/195/195
f 199/199/199 195/195/195 200/200/200
f 201/201/201 190/190/190 196/196/196
f 201/201/201 198/198/198 190/190/190
f 202/202/202 197/197/197 194/194/194
f 199/199/199 202/202/202 194/194/194
f 203/203/203 196/196/196 197/197/197
f 203/203/203 201/201/201 196/196/196
f 202/202/202 203/203/203 197/197/197
f 204/204/204 199/199/199 200/200/200
f 204/204/204 200/200/200 205/205/205
f 206/206/206 202/202/202 199/199/199
f 204/204/204 206/206/206 199/199/199
f 207/207/207 203/203/203 202/202/202
f 206/206/206 207/207/207 202/202/202
f 208/208/208 201/201/201 203/203/203
f 207/207/207 208/208/208 203/203/203
f 209/209/209 198/198/198 201/201/201
f 208/208/208 209/209/209 201/201/201
f 210/210/210 204/204/204 205/205/205
f 210/210/210 205/205/205 211/211/211
f 212/212/212 206/206/206 204/204/204
f 210/210/210 212/212/212 204/204/204
f 213/213/213 207/207/207 206/206/206
f 212/212/212 213/213/213 206/206/206
f 214/214/214 208/208/208 207/207/207
f 213/213/213 214/214/214 207/207/207
f 215/215/215 210/210/210 211/211/211
f 215/215/215 211/211/211 216/216/216
f 217/217/217 212/212/212 210/210/210
f 215/215/215 217/217/217 210/210/210
f 218/218/218 213/213/213 212/212/212
f 217/217/217 218/218/218 212/212/212
f 219/219/219 215/215/215 216/216/216
f 219/219/219 216/216/216 220/220/220
f 221/221/221 217/217/217 215/215/215
f 219/219/219 221/221/221 215/215/215
f 222/222/222 219/219/219 220/220/220
f 222/222/222 220/220/220 223/223/223
f 214/214/214 224/224/224 208/208/208
f 224/224/224 209/209/209 208/208/208
f 225/225/225 214/214/214 213/213/213
f 218/218/218 225/225/225 213/213/213
f 226/226/226 218/218/218 217/217/217
f 221/221/221 226/226/226 217/217/217
f 227/227/227 221/221/221 219/219/219
f 222/222/222 227/227/227 219/219/219
f 228/228/228 222/222/222 223/223/223
f 228/228/228 223/223/223 229/229/229
f 230/230/230 224/224/224 214/214/214
f 225/225/225 230/230/230 214/214/214
f 231/231/231 225/225/225 218/218/218
f 226/226/226 231/231/231 218/218/218
f 232/232/232 226/226/226 221/221/221
f 227/227/227 232/232/232 221/221/221
f 233/233/233 227/227/227 222/222/222
f 228/228/228 233/233/233 222/222/222
f 234/234/234 228/228/228 229/229/229
f 234/234/234 229/229/229 235/235/235
f 236/236/236 230/230/230 225/225/225
f 231/231/231 236/236/236 225/225/225
f 237/237/237 231/231/231 226/226/226
f 232/232/232 237/237/237 226/226/226
f 238/238/238 232/232/232 227/227/227
f 233/233/233 238/238/238 227/227/227
f 239/239/239 233/233/233 228/228/228
f 234/234/234 239/239/239 228/228/228
f 240/240/240 234/234/234 235/235/235
f 240/240/240 235/235/235 241/241/241
f 242/242/242 236/236/236 231/231/231
f 237/237/237 242/242/242 231/231/231
f 243/243/243 237/237/237 232/232/232
f 238/238/238 243/243/243 232/232/232
f 244/244/244 238/238/238 233/233/233
f 239/239/239 244/244/244 233/233/233
f 245/245/245 239/239/239 234/234/234
f 240/240/240 245/245/245 234/234/234
f 246/246/246 240/240/240 241/241/241
f 246/246/246 241/241/241 247/247/247
f 248/248/248 242/242/242 237/237/237
f 243/243/243 248/248/248 237/237/237
f 249/249/249 243/243/243 238/238/238
f 244/244/244 249/249/249 238/238/238
f 250/250/250 244/244/244 239/239/239
f 245/245/245 250/250/250 239/239/239
f 251/251/251 245/245/245 240/240/240
f 246/246/246 251/251/251 240/240/240
f 252/252/252 246/246/246 247/247/247
f 252/252/252 247/247/247 253/253/253
f 254/254/254 248/248/248 243/243/243
f 249/249/249 254/254/254 243/243/243
f 255/255/255 249/249/249 244/244/244
f 250/250/250 255/255/255 244/244/244
f 256/256/256 250/250/250 245/245/245
f 251/251/251 256/256/256 245/245/245
f 257/257/257 251/251/251 246/246/246
f 252/252/252 257/257/257 246/246/246
f 258/258/258 252/252/252 253/253/253
f 258/258/258 253/253/253 259/259/259
f 260/260/260 254/254/254 249/249/249
f 255/255/255 260/260/260 249/249/249
f 261/261/261 255/255/255 250/250/250
f 256/256/256 261/261/261 250/250/250
f 262/262/262 256/256/256 251/251/251
f 257/257/257 262/262/262 251/251/251
f 263/263/263 257/257/257 252/252/252
f 258/258/258 263/263/263 252/252/252
f 264/264/264 258/258/258 259/259/259
f 264/264/264 259/259/259 265/265/265
f 266/266/266 260/260/260 255/255/255
f 261/261/261 266/266/266 255/255/255
f 267/267/267 261/261/261 256/256/256
f 262/262/262 267/267/267 256/256/256
f 268/268/268 262/262/262 257/257/257
f 263/263/263 268/268/268 257/257/257
f 269/269/269 263/263/263 258/258/258
f 264/264/264 269/269/269 258/258/258
f 270/270/270 264/264/264 265/265/265
f 270/270/270 265/265/265 271/271/271
f 272/272/272 266/266/266 261/261/261
f 267/267/267 272/272/272 261/261/261
f 273/273/273 267/267/267 262/262/262
f 268/268/268 273/273/273 262/262/262
f 274/274/274 268/268/268 263/263/263
f 269/269/269 274/274/274 263/263/263
f 275/275/275 269/269/269 264/264/264
f 270/270/270 275/275/275 264/264/264
f 276/276/276 270/270/270 271/271/271
f 276/276/276 271/271/271 277/277/277
f 278/278/278 272/272/272 267/267/267
f 273/273/273 278/278/278 267/267/267
f 279/279/279 273/273/273 268/268/268
f 274/274/274 279/279/279 268/268/268
f 280/280/280 274/274/274 269/269/269
f 275/275/275 280/280/280 269/269/269
f 281/281/281 275/275/275 270/270/270
f 276/276/276 281/281/281 270/270/270
f 282/282/282 276/276/276 277/277/277
f 282/282/282 277/277/277 283/283/283
f 284/284/284 278/278/278 273/273/273
f 279/279/279 284/284/284 273/273/273
f 285/285/285 279/279/279 274/274/274
f 280/280/280 285/285/285 274/274/274
f 286/286/286 280/280/280 275/275/275
f 281/281/281 286/286/286 275/275/275
f 287/287/287 281/281/281 276/276/276
f 282/282/282 287/287/287 276/276/276
f 288/288/288 282/282/282 283/283/283
f 288/288/288 283/283/283 289/289/289
f 290/290/290 284/284/284 279/279/279
f 285/285/285 290/290/290 279/279/279
f 284/284/284 290/290/290 291/291/291
f 292/292/292 284/284/284 291/291/291
f 278/278/278 284/284/284 292/292/292
f 291/291/291 293/293/293 292/292/292
f 294/294/294 278/278/278 292/292/292
f 272/272/272 278/278/278 294/294/294
f 295/295/295 287/287/287 282/282/282
f 288/288/288 295/295/295 282/282/282
f 296/296/296 288/288/288 289/289/289
f 296/296/296 289/289/289 297/297/297
f 293/293/293 298/298/298 292/292/292
f 292/292/292 298/298/298 294/294/294
f 299/299/299 272/272/272 294/294/294
f 266/266/266 272/272/272 299/299/299
f 300/300/300 295/295/295 288/288/288
f 296/296/296 300/300/300 288/288/288
f 301/301/301 296/296/296 297/297/297
f 301/301/301 297/297/297 302/302/302
f 298/298/298 303/303/303 294/294/294
f 294/294/294 303/303/303 299/299/299
f 304/304/304 266/266/266 299/299/299
f 260/260/260 266/266/266 304/304/304
f 305/305/305 300/300/300 296/296/296
f 301/301/301 305/305/305 296/296/296
f 306/306/306 301/301/301 302/302/302
f 306/306/306 302/302/302 307/307/307
f 303/303/303 308/308/308 299/299/299
f 299/299/299 308/308/308 304/304/304
f 309/309/309 260/260/260 304/304/304
f 254/254/254 260/260/260 309/309/309
f 310/310/310 305/305/305 301/301/301
f 306/306/306 310/310/310 301/301/301
f 311/311/311 306/306/306 307/307/307
f 311/311/311 307/307/307 312/312/312
f 308/308/308 313/313/313 304/304/304
f 304/304/304 313/313/313 309/309/309
f 314/314/314 254/254/254 309/309/309
f 248/248/248 254/254/254 314/314/314
f 315/315/315 310/310/310 306/306/306
f 311/311/311 315/315/315 306/306/306
f 316/316/316 311/311/311 312/312/312
f 316/316/316 312/312/312 317/317/317
f 313/313/313 318/318/318 309/309/309
f 309/309/309 318/318/318 314/314/314
f 319/319/319 248/248/248 314/314/314
f 242/242/242 248/248/248 319/319/319
f 320/320/320 315/315/315 311/311/311
f 316/316/316 320/320/320 311/311/311
f 321/321/321 316/316/316 317/317/317
f 321/321/321 317/317/317 322/322/322
f 318/318/318 323/323/323 314/314/314
f 314/314/314 323/323/323 319/319/319
f 324/324/324 242/242/242 319/319/319
f 236/236/236 242/242/242 324/324/324
f 325/325/325 320/320/320 316/316/316
f 321/321/321 325/325/325 316/316/316
f 326/326/326 321/321/321 322/322/322
f 326/326/326 322/322/322 327/327/327
f 323/323/323 328/328/328 319/319/319
f 319/319/319 328/328/328 324/324/324
f 329/329/329 236/236/236 324/324/324
f 230/230/230 236/236/236 329/329/329
f 330/330/330 325/325/325 321/321/321
f 326/326/326 330/330/330 321/321/321
f 331/331/331 326/326/326 327/327/327
f 331/331/331 327/327/327 332/332/332
f 328/328/328 333/333/333 324/324/324
f 324/324/324 333/333/333 329/329/329
f 334/334/334 230/230/230 329/329/329
f 224/224/224 230/230/230 334/334/334
f 335/335/335 330/330/330 326/326/326
f 331/331/331 335/335/335 326/326/326
f 336/336/336 331/331/331 332/332/332
f 336/336/336 332/332/332 337/337/337
f 333/333/333 338/338/338 329/329/329
f 329/329/329 338/338/338 334/334/334
f 339/339/339 224/224/224 334/334/334
f 209/209/209 224/224/224 339/339/339
f 340/340/340 335/335/335 331/331/331
f 336/336/336 340/340/340 331/331/331
f 341/341/341 336/336/336 337/337/337
f 341/341/341 337/337/337 342/342/342
f 338/338/338 343/343/343 334/334/334
f 334/334/334 343/343/343 339/339/339
f 344/344/344 209/209/209 339/339/339
f 198/198/198 209/209/209 344/344/344
f 180/180/180 198/198/198 344/344/344
f 339/339/339 345/345/345 344/344/344
f 343/343/343 345/345/345 339/339/339
f 344/344/344 346/346/346 180/180/180
f 345/345/345 346/346/346 344/344/344
f 346/346/346 173/173/173 180/180/180
f 346/346/346 174/174/174 173/173/173
f 345/345/345 347/347/347 346/346/346
f 347/347/347 174/174/174 346/346/346
f 343/343/343 348/348/348 345/345/345
f 348/348/348 347/347/347 345/345/345
f 338/338/338 349/349/349 343/343/343
f 349/349/349 348/348/348 343/343/343
f 347/347/347 350/350/350 174/174/174
f 350/350/350 166/166/166 174/174/174
f 348/348/348 351/351/351 347/347/347
f 351/351/351 350/350/350 347/347/347
f 350/350/350 352/352/352 166/166/166
f 352/352/352 150/150/150 166/166/166
f 150/150/150 352/352/352 151/151/151
f 151/151/151 352/352/352 353/353/353
f 354/354/354 352/352/352 350/350/350
f 352/352/352 354/354/354 353/353/353
f 351/351/351 354/354/354 350/350/350
f 353/353/353 354/354/354 355/355/355
f 354/354/354 356/356/356 355/355/355
f 356/356/356 354/354/354 351/351/351
f 355/355/355 356/356/356 357/357/357
f 358/358/358 351/351/351 348/348/348
f 358/358/358 356/356/356 351/351/351
f 349/349/349 358/358/358 348/348/348
f 356/356/356 359/359/359 357/357/357
f 359/359/359 356/356/356 358/358/358
f 357/357/357 359/359/359 360/360/360
f 361/361/361 358/358/358 349/349/349
f 361/361/361 359/359/359 358/358/358
f 359/359/359 362/362/362 360/360/360
f 362/362/362 359/359/359 361/361/361
f 360/360/360 362/362/362 363/363/363
f 364/364/364 361/361/361 349/349/349
f 364/364/364 349/349/349 338/338/338
f 333/333/333 364/364/364 338/338/338
f 362/362/362 365/365/365 363/363/363
f 363/363/363 365/365/365 366/366/366
f 367/367/367 362/362/362 361/361/361
f 367/367/367 361/361/361 364/364/364
f 365/365/365 362/362/362 367/367/367
f 368/368/368 364/364/364 333/333/333
f 368/368/368 367/367/367 364/364/364
f 328/328/328 368/368/368 333/333/333
f 365/365/365 369/369/369 366/366/366
f 366/366/366 369/369/369 370/370/370
f 371/371/371 365/365/365 367/367/367
f 371/371/371 367/367/367 368/368/368
f 369/369/369 365/365/365 371/371/371
f 372/372/372 368/368/368 328/328/328
f 372/372/372 371/371/371 368/368/368
f 323/323/323 372/372/372 328/328/328
f 369/369/369 373/373/373 370/370/370
f 370/370/370 373/373/373 374/374/374
f 375/375/375 369/369/369 371/371/371
f 375/375/375 371/371/371 372/372/372
f 373/373/373 369/369/369 375/375/375
f 376/376/376 372/372/372 323/323/323
f 376/376/376 375/375/375 372/372/372
f 318/318/318 376/376/376 323/323/323
f 373/373/373 377/377/377 374/374/374
f 374/374/374 377/377/377 378/378/378
f 379/379/379 373/373/373 375/375/375
f 379/379/379 375/375/375 376/376/376
f 377/377/377 373/373/373 379/379/379
f 380/380/380 376/376/376 318/318/318
f 380/380/380 379/379/379 376/376/376
f 313/313/313 380/380/380 318/318/318
f 377/377/377 381/381/381 378/378/378
f 378/378/378 381/381/381 382/382/382
f 383/383/383 377/377/377 379/379/379
f 383/383/383 379/379/379 380/380/380
f 381/381/381 377/377/377 383/383/383
f 384/384/384 380/380/380 313/313/313
f 384/384/384 383/383/383 380/380/380
f 308/308/308 384/384/384 313/313/313
f 381/381/381 385/385/385 382/382/382
f 382/382/382 385/385/385 386/386/386
f 387/387/387 381/381/381 383/383/383
f 387/387/387 383/383/383 384/384/384
f 385/385/385 381/381/381 387/387/387
f 388/388/388 384/384/384 308/308/308
f 388/388/388 387/387/387 384/384/384
f 303/303/303 388/388/388 308/308/308
f 385/385/385 389/389/389 386/386/386
f 386/386/386 389/389/389 390/390/390
f 391/391/391 385/385/385 387/387/387
f 391/391/391 387/387/387 388/388/388
f 389/389/389 385/385/385 391/391/391
f 392/392/392 388/388/388 303/303/303
f 392/392/392 391/391/391 388/388/388
f 298/298/298 392/392/392 303/303/303
f 389/389/389 393/393/393 390/390/390
f 390/390/390 393/393/393 394/394/394
f 395/395/395 389/389/389 391/391/391
f 395/395/395 391/391/391 392/392/392
f 393/393/393 389/389/389 395/395/395
f 396/396/396 392/392/392 298/298/298
f 396/396/396 395/395/395 392/392/392
f 293/293/293 396/396/396 298/298/298
f 393/393/393 397/397/397 394/394/394
f 394/394/394 397/397/397 398/398/398
f 399/399/399 393/393/393 395/395/395
f 399/399/399 395/395/395 396/396/396
f 397/397/397 393/393/393 399/399/399
f 400/400/400 396/396/396 293/293/293
f 400/400/400 399/399/399 396/396/396
f 397/397/397 401/401/401 398/398/398
f 398/398/398 401/401/401 402/402/402
f 403/403/403 397/397/397 399/399/399
f 403/403/403 399/399/399 400/400/400
f 401/401/401 397/397/397 403/403/403
f 404/404/404 400/400/400 293/293/293
f 404/404/404 293/293/293 405/405/405
f 401/401/401 406/406/406 402/402/402
f 402/402/402 406/406/406 407/407/407
f 408/408/408 403/403/403 400/400/400
f 408/408/408 400/400/400 404/404/404
f 409/409/409 401/401/401 403/403/403
f 406/406/406 401/401/401 409/409/409
f 409/409/409 403/403/403 408/408/408
f 410/410/410 404/404/404 405/405/405
f 405/405/405 411/411/411 410/410/410
f 406/406/406 412/412/412 407/407/407
f 407/407/407 412/412/412 413/413/413
f 414/414/414 408/408/408 404/404/404
f 414/414/414 404/404/404 410/410/410
f 415/415/415 409/409/409 408/408/408
f 415/415/415 408/408/408 414/414/414
f 416/416/416 406/406/406 409/409/409
f 412/412/412 406/406/406 416/416/416
f 416/416/416 409/409/409 415/415/415
f 411/411/411 417/417/417 410/410/410
f 417/417/417 411/411/411 285/285/285
f 412/412/412 418/418/418 413/413/413
f 413/413/413 418/418/418 419/419/419
f 420/420/420 414/414/414 410/410/410
f 410/410/410 417/417/417 420/420/420
f 421/421/421 415/415/415 414/414/414
f 421/421/421 414/414/414 420/420/420
f 422/422/422 416/416/416 415/415/415
f 422/422/422 415/415/415 421/421/421
f 423/423/423 412/412/412 416/416/416
f 418/418/418 412/412/412 423/423/423
f 423/423/423 416/416/416 422/422/422
f 424/424/424 417/417/417 285/285/285
f 424/424/424 285/285/285 280/280/280
f 286/286/286 424/424/424 280/280/280
f 417/417/417 425/425/425 420/420/420
f 425/425/425 417/417/417 424/424/424
f 426/426/426 421/421/421 420/420/420
f 420/420/420 425/425/425 426/426/426
f 427/427/427 422/422/422 421/421/421
f 427/427/427 421/421/421 426/426/426
f 428/428/428 423/423/423 422/422/422
f 428/428/428 422/422/422 427/427/427
f 429/429/429 418/418/418 423/423/423
f 429/429/429 423/423/423 428/428/428
f 430/430/430 424/424/424 286/286/286
f 430/430/430 425/425/425 424/424/424
f 425/425/425 431/431/431 426/426/426
f 431/431/431 425/425/425 430/430/430
f 432/432/432 427/427/427 426/426/426
f 426/426/426 431/431/431 432/432/432
f 433/433/433 428/428/428 427/427/427
f 433/433/433 427/427/427 432/432/432
f 434/434/434 430/430/430 286/286/286
f 434/434/434 286/286/286 281/281/281
f 287/287/287 434/434/434 281/281/281
f 435/435/435 431/431/431 430/430/430
f 435/435/435 430/430/430 434/434/434
f 436/436/436 434/434/434 287/287/287
f 436/436/436 435/435/435 434/434/434
f 295/295/295 436/436/436 287/287/287
f 431/431/431 437/437/437 432/432/432
f 437/437/437 431/431/431 435/435/435
f 438/438/438 436/436/436 295/295/295
f 300/300/300 438/438/438 295/295/295
f 439/439/439 435/435/435 436/436/436
f 439/439/439 437/437/437 435/435/435
f 438/438/438 439/439/439 436/436/436
f 432/432/432 437/437/437 440/440/440
f 440/440/440 433/433/433 432/432/432
f 441/441/441 438/438/438 300/300/300
f 305/305/305 441/441/441 300/300/300
f 442/442/442 439/439/439 438/438/438
f 441/441/441 442/442/442 438/438/438
f 443/443/443 437/437/437 439/439/439
f 437/437/437 443/443/443 440/440/440
f 442/442/442 443/443/443 439/439/439
f 444/444/444 441/441/441 305/305/305
f 310/310/310 444/444/444 305/305/305
f 445/445/445 442/442/442 441/441/441
f 444/444/444 445/445/445 441/441/441
f 446/446/446 443/443/443 442/442/442
f 445/445/445 446/446/446 442/442/442
f 440/440/440 443/443/443 447/447/447
f 443/443/443 446/446/446 447/447/447
f 448/448/448 433/433/433 440/440/440
f 447/447/447 448/448/448 440/440/440
f 449/449/449 444/444/444 310/310/310
f 315/315/315 449/449/449 310/310/310
f 450/450/450 445/445/445 444/444/444
f 449/449/449 450/450/450 444/444/444
f 451/451/451 446/446/446 445/445/445
f 450/450/450 451/451/451 445/445/445
f 447/447/447 446/446/446 452/452/452
f 446/446/446 451/451/451 452/452/452
f 453/453/453 449/449/449 315/315/315
f 320/320/320 453/453/453 315/315/315
f 454/454/454 450/450/450 449/449/449
f 453/453/453 454/454/454 449/449/449
f 455/455/455 451/451/451 450/450/450
f 454/454/454 455/455/455 450/450/450
f 456/456/456 453/453/453 320/320/320
f 325/325/325 456/456/456 320/320/320
f 457/457/457 454/454/454 453/453/453
f 456/456/456 457/457/457 453/453/453
f 458/458/458 456/456/456 325/325/325
f 330/330/330 458/458/458 325/325/325
f 452/452/452 459/459/459 447/447/447
f 459/459/459 448/448/448 447/447/447
f 452/452/452 451/451/451 460/460/460
f 451/451/451 455/455/455 460/460/460
f 461/461/461 455/455/455 454/454/454
f 457/457/457 461/461/461 454/454/454
f 462/462/462 457/457/457 456/456/456
f 458/458/458 462/462/462 456/456/456
f 463/463/463 458/458/458 330/330/330
f 335/335/335 463/463/463 330/330/330
f 464/464/464 459/459/459 452/452/452
f 460/460/460 464/464/464 452/452/452
f 460/460/460 455/455/455 465/465/465
f 455/455/455 461/461/461 465/465/465
f 466/466/466 461/461/461 457/457/457
f 462/462/462 466/466/466 457/457/457
f 467/467/467 462/462/462 458/458/458
f 463/463/463 467/467/467 458/458/458
f 468/468/468 463/463/463 335/335/335
f 340/340/340 468/468/468 335/335/335
f 469/469/469 464/464/464 460/460/460
f 465/465/465 469/469/469 460/460/460
f 465/465/465 461/461/461 470/470/470
f 461/461/461 466/466/466 470/470/470
f 471/471/471 466/466/466 462/462/462
f 467/467/467 471/471/471 462/462/462
f 472/472/472 467/467/467 463/463/463
f 468/468/468 472/472/472 463/463/463
f 473/473/473 469/469/469 465/465/465
f 470/470/470 473/473/473 465/465/465
f 470/470/470 466/466/466 474/474/474
f 466/466/466 471/471/471 474/474/474
f 475/475/475 471/471/471 467/467/467
f 472/472/472 475/475/475 467/467/467
f 476/476/476 473/473/473 470/470/470
f 474/474/474 476/476/476 470/470/470
f 474/474/474 471/471/471 477/477/477
f 471/471/471 475/475/475 477/477/477
f 478/478/478 476/476/476 474/474/474
f 477/477/477 478/478/478 474/474/474
f 479/479/479 472/472/472 468/468/468
f 480/480/480 475/475/475 472/472/472
f 479/479/479 480/480/480 472/472/472
f 477/477/477 475/475/475 481/481/481
f 475/475/475 480/480/480 481/481/481
f 482/482/482 478/478/478 477/477/477
f 481/481/481 482/482/482 477/477/477
f 483/483/483 479/479/479 468/468/468
f 483/483/483 468/468/468 340/340/340
f 484/484/484 483/483/483 340/340/340
f 484/484/484 340/340/340 336/336/336
f 341/341/341 484/484/484 336/336/336
f 478/478/478 485/485/485 476/476/476
f 482/482/482 486/486/486 478/478/478
f 486/486/486 485/485/485 478/478/478
f 485/485/485 487/487/487 476/476/476
f 476/476/476 487/487/487 473/473/473
f 487/487/487 488/488/488 473/473/473
f 473/473/473 488/488/488 469/469/469
f 488/488/488 489/489/489 469/469/469
f 469/469/469 489/489/489 464/464/464
f 489/489/489 490/490/490 464/464/464
f 464/464/464 490/490/490 459/459/459
f 490/490/490 491/491/491 459/459/459
f 459/459/459 491/491/491 448/448/448
f 491/491/491 492/492/492 448/448/448
f 448/448/448 492/492/492 433/433/433
f 492/492/492 428/428/428 433/433/433
f 492/492/492 429/429/429 428/428/428
f 491/491/491 493/493/493 492/492/492
f 493/493/493 429/429/429 492/492/492
f 490/490/490 494/494/494 491/491/491
f 494/494/494 493/493/493 491/491/491
f 489/489/489 495/495/495 490/490/490
f 495/495/495 494/494/494 490/490/490
f 488/488/488 496/496/496 489/489/489
f 496/496/496 495/495/495 489/489/489
f 493/493/493 497/497/497 429/429/429
f 497/497/497 418/418/418 429/429/429
f 418/418/418 497/497/497 419/419/419
f 419/419/419 497/497/497 498/498/498
f 499/499/499 497/497/497 493/493/493
f 497/497/497 499/499/499 498/498/498
f 494/494/494 499/499/499 493/493/493
f 498/498/498 499/499/499 500/500/500
f 501/501/501 499/499/499 494/494/494
f 499/499/499 501/501/501 500/500/500
f 495/495/495 501/501/501 494/494/494
f 500/500/500 501/501/501 502/502/502
f 503/503/503 501/501/501 495/495/495
f 501/501/501 503/503/503 502/502/502
f 496/496/496 503/503/503 495/495/495
f 502/502/502 503/503/503 504/504/504
f 503/503/503 505/505/505 504/504/504
f 505/505/505 503/503/503 496/496/496
f 504/504/504 505/505/505 506/506/506
f 507/507/507 505/505/505 496/496/496
f 507/507/507 496/496/496 488/488/488
f 487/487/487 507/507/507 488/488/488
f 505/505/505 508/508/508 506/506/506
f 508/508/508 505/505/505 507/507/507
f 506/506/506 508/508/508 509/509/509
f 510/510/510 507/507/507 487/487/487
f 510/510/510 508/508/508 507/507/507
f 485/485/485 510/510/510 487/487/487
f 508/508/508 511/511/511 509/509/509
f 511/511/511 508/508/508 510/510/510
f 509/509/509 511/511/511 512/512/512
f 513/513/513 510/510/510 485/485/485
f 513/513/513 511/511/511 510/510/510
f 486/486/486 513/513/513 485/485/485
f 511/511/511 514/514/514 512/512/512
f 514/514/514 511/511/511 513/513/513
f 512/512/512 514/514/514 515/515/515
f 516/516/516 513/513/513 486/486/486
f 516/516/516 514/514/514 513/513/513
f 514/514/514 517/517/517 515/515/515
f 517/517/517 514/514/514 516/516/516
f 515/515/515 517/517/517 518/518/518
f 519/519/519 516/516/516 486/486/486
f 519/519/519 486/486/486 482/482/482
f 517/517/517 520/520/520 518/518/518
f 518/518/518 520/520/520 521/521/521
f 522/522/522 517/517/517 516/516/516
f 522/522/522 516/516/516 519/519/519
f 520/520/520 517/517/517 522/522/522
f 523/523/523 519/519/519 482/482/482
f 523/523/523 482/482/482 481/481/481
f 520/520/520 524/524/524 521/521/521
f 521/521/521 524/524/524 525/525/525
f 526/526/526 522/522/522 519/519/519
f 526/526/526 519/519/519 523/523/523
f 527/527/527 520/520/520 522/522/522
f 524/524/524 520/520/520 527/527/527
f 527/527/527 522/522/522 526/526/526
f 528/528/528 523/523/523 481/481/481
f 481/481/481 480/480/480 528/528/528
f 524/524/524 529/529/529 525/525/525
f 525/525/525 529/529/529 530/530/530
f 531/531/531 526/526/526 523/523/523
f 531/531/531 523/523/523 528/528/528
f 532/532/532 527/527/527 526/526/526
f 532/532/532 526/526/526 531/531/531
f 533/533/533 524/524/524 527/527/527
f 529/529/529 524/524/524 533/533/533
f 533/533/533 527/527/527 532/532/532
f 480/480/480 534/534/534 528/528/528
f 534/534/534 480/480/480 479/479/479
f 529/529/529 535/535/535 530/530/530
f 530/530/530 535/535/535 536/536/536
f 537/537/537 531/531/531 528/528/528
f 528/528/528 534/534/534 537/537/537
f 538/538/538 532/532/532 531/531/531
f 538/538/538 531/531/531 537/537/537
f 539/539/539 533/533/533 532/532/532
f 539/539/539 532/532/532 538/538/538
f 540/540/540 529/529/529 533/533/533
f 535/535/535 529/529/529 540/540/540
f 540/540/540 533/533/533 539/539/539
f 541/541/541 534/534/534 479/479/479
f 541/541/541 479/479/479 483/483/483
f 535/535/535 542/542/542 536/536/536
f 536/536/536 542/542/542 543/543/543
f 534/534/534 544/544/544 537/537/537
f 544/544/544 534/534/534 541/541/541
f 545/545/545 538/538/538 537/537/537
f 537/537/537 544/544/544 545/545/545
f 546/546/546 539/539/539 538/538/538
f 546/546/546 538/538/538 545/545/545
f 547/547/547 540/540/540 539/539/539
f 547/547/547 539/539/539 546/546/546
f 548/548/548 535/535/535 540/540/540
f 542/542/542 535/535/535 548/548/548
f 548/548/548 540/540/540 547/547/547
f 542/542/542 549/549/549 543/543/543
f 543/543/543 549/549/549 550/550/550
f 551/551/551 542/542/542 548/548/548
f 549/549/549 542/542/542 551/551/551
f 552/552/552 548/548/548 547/547/547
f 551/551/551 548/548/548 552/552/552
f 553/553/553 547/547/547 546/546/546
f 552/552/552 547/547/547 553/553/553
f 554/554/554 546/546/546 545/545/545
f 553/553/553 546/546/546 554/554/554
f 549/549/549 555/555/555 550/550/550
f 550/550/550 555/555/555 556/556/556
f 557/557/557 549/549/549 551/551/551
f 555/555/555 549/549/549 557/557/557
f 558/558/558 551/551/551 552/552/552
f 557/557/557 551/551/551 558/558/558
f 559/559/559 552/552/552 553/553/553
f 558/558/558 552/552/552 559/559/559
f 555/555/555 560/560/560 556/556/556
f 556/556/556 560/560/560 561/561/561
f 562/562/562 555/555/555 557/557/557
f 560/560/560 555/555/555 562/562/562
f 563/563/563 557/557/557 558/558/558
f 562/562/562 557/557/557 563/563/563
f 560/560/560 564/564/564 561/561/561
f 561/561/561 564/564/564 565/565/565
f 566/566/566 560/560/560 562/562/562
f 564/564/564 560/560/560 566/566/566
f 564/564/564 567/567/567 565/565/565
f 565/565/565 567/567/567 568/568/568
f 559/559/559 553/553/553 569/569/569
f 569/569/569 553/553/553 554/554/554
f 570/570/570 558/558/558 559/559/559
f 563/563/563 558/558/558 570/570/570
f 571/571/571 562/562/562 563/563/563
f 566/566/566 562/562/562 571/571/571
f 572/572/572 564/564/564 566/566/566
f 567/567/567 564/564/564 572/572/572
f 567/567/567 573/573/573 568/568/568
f 568/568/568 573/573/573 574/574/574
f 575/575/575 559/559/559 569/569/569
f 570/570/570 559/559/559 575/575/575
f 576/576/576 563/563/563 570/570/570
f 571/571/571 563/563/563 576/576/576
f 577/577/577 566/566/566 571/571/571
f 572/572/572 566/566/566 577/577/577
f 578/578/578 567/567/567 572/572/572
f 573/573/573 567/567/567 578/578/578
f 573/573/573 579/579/579 574/574/574
f 574/574/574 579/579/579 580/580/580
f 581/581/581 570/570/570 575/575/575
f 576/576/576 570/570/570 581/581/581
f 582/582/582 571/571/571 576/576/576
f 577/577/577 571/571/571 582/582/582
f 583/583/583 572/572/572 577/577/577
f 578/578/578 572/572/572 583/583/583
f 584/584/584 573/573/573 578/578/578
f 579/579/579 573/573/573 584/584/584
f 579/579/579 585/585/585 580/580/580
f 580/580/580 585/585/585 586/586/586
f 587/587/587 576/576/576 581/581/581
f 582/582/582 576/576/576 587/587/587
f 588/588/588 577/577/577 582/582/582
f 583/583/583 577/577/577 588/588/588
f 589/589/589 578/578/578 583/583/583
f 584/584/584 578/578/578 589/589/589
f 590/590/590 579/579/579 584/584/584
f 585/585/585 579/579/579 590/590/590
f 585/585/585 591/591/591 586/586/586
f 586/586/586 591/591/591 592/592/592
f 593/593/593 582/582/582 587/587/587
f 588/588/588 582/582/582 593/593/593
f 594/594/594 583/583/583 588/588/588
f 589/589/589 583/583/583 594/594/594
f 595/595/595 584/584/584 589/589/589
f 590/590/590 584/584/584 595/595/595
f 596/596/596 585/585/585 590/590/590
f 591/591/591 585/585/585 596/596/596
f 591/591/591 597/597/597 592/592/592
f 592/592/592 597/597/597 598/598/598
f 599/599/599 588/588/588 593/593/593
f 594/594/594 588/588/588 599/599/599
f 600/600/600 589/589/589 594/594/594
f 595/595/595 589/589/589 600/600/600
f 601/601/601 590/590/590 595/595/595
f 596/596/596 590/590/590 601/601/601
f 602/602/602 591/591/591 596/596/596
f 597/597/597 591/591/591 602/602/602
f 597/597/597 603/603/603 598/598/598
f 598/598/598 603/603/603 604/604/604
f 605/605/605 594/594/594 599/599/599
f 600/600/600 594/594/594 605/605/605
f 606/606/606 595/595/595 600/600/600
f 601/601/601 595/595/595 606/606/606
f 607/607/607 596/596/596 601/601/601
f 602/602/602 596/596/596 607/607/607
f 608/608/608 597/597/597 602/602/602
f 603/603/603 597/597/597 608/608/608
f 603/603/603 609/609/609 604/604/604
f 604/604/604 609/609/609 610/610/610
f 611/611/611 600/600/600 605/605/605
f 606/606/606 600/600/600 611/611/611
f 612/612/612 601/601/601 606/606/606
f 607/607/607 601/601/601 612/612/612
f 613/613/613 602/602/602 607/607/607
f 608/608/608 602/602/602 613/613/613
f 614/614/614 603/603/603 608/608/608
f 609/609/609 603/603/603 614/614/614
f 609/609/609 615/615/615 610/610/610
f 610/610/610 615/615/615 616/616/616
f 617/617/617 606/606/606 611/611/611
f 612/612/612 606/606/606 617/617/617
f 618/618/618 607/607/607 612/612/612
f 613/613/613 607/607/607 618/618/618
f 619/619/619 608/608/608 613/613/613
f 614/614/614 608/608/608 619/619/619
f 620/620/620 609/609/609 614/614/614
f 615/615/615 609/609/609 620/620/620
f 615/615/615 621/621/621 616/616/616
f 616/616/616 621/621/621 622/622/622
f 623/623/623 612/612/612 617/617/617
f 618/618/618 612/612/612 623/623/623
f 624/624/624 613/613/613 618/618/618
f 619/619/619 613/613/613 624/624/624
f 625/625/625 614/614/614 619/619/619
f 620/620/620 614/614/614 625/625/625
f 626/626/626 615/615/615 620/620/620
f 621/621/621 615/615/615 626/626/626
f 621/621/621 627/627/627 622/622/622
f 622/622/622 627/627/627 628/628/628
f 629/629/629 618/618/618 623/623/623
f 624/624/624 618/618/618 629/629/629
f 630/630/630 619/619/619 624/624/624
f 625/625/625 619/619/619 630/630/630
f 631/631/631 620/620/620 625/625/625
f 626/626/626 620/620/620 631/631/631
f 632/632/632 621/621/621 626/626/626
f 627/627/627 621/621/621 632/632/632
f 627/627/627 633/633/633 628/628/628
f 628/628/628 633/633/633 634/634/634
f 635/635/635 624/624/624 629/629/629
f 630/630/630 624/624/624 636/636/636
f 637/637/637 625/625/625 630/630/630
f 631/631/631 625/625/625 637/637/637
f 638/638/638 630/630/630 636/636/636
f 637/637/637 630/630/630 638/638/638
f 636/636/636 639/639/639 638/638/638
f 629/629/629 640/640/640 635/635/635
f 640/640/640 641/641/641 635/635/635
f 639/639/639 642/642/642 638/638/638
f 642/642/642 639/639/639 643/643/643
f 644/644/644 637/637/637 638/638/638
f 638/638/638 642/642/642 644/644/644
f 645/645/645 631/631/631 637/637/637
f 645/645/645 637/637/637 644/644/644
f 646/646/646 640/640/640 629/629/629
f 623/623/623 646/646/646 629/629/629
f 641/641/641 640/640/640 647/647/647
f 643/643/643 641/641/641 647/647/647
f 648/648/648 631/631/631 645/645/645
f 648/648/648 626/626/626 631/631/631
f 632/632/632 626/626/626 648/648/648
f 649/649/649 646/646/646 623/623/623
f 617/617/617 649/649/649 623/623/623
f 640/640/640 646/646/646 650/650/650
f 647/647/647 640/640/640 650/650/650
f 651/651/651 649/649/649 617/617/617
f 611/611/611 651/651/651 617/617/617
f 646/646/646 649/649/649 652/652/652
f 650/650/650 646/646/646 652/652/652
f 653/653/653 651/651/651 611/611/611
f 605/605/605 653/653/653 611/611/611
f 649/649/649 651/651/651 654/654/654
f 652/652/652 649/649/649 654/654/654
f 655/655/655 653/653/653 605/605/605
f 599/599/599 655/655/655 605/605/605
f 651/651/651 653/653/653 656/656/656
f 654/654/654 651/651/651 656/656/656
f 657/657/657 655/655/655 599/599/599
f 593/593/593 657/657/657 599/599/599
f 653/653/653 655/655/655 658/658/658
f 656/656/656 653/653/653 658/658/658
f 659/659/659 657/657/657 593/593/593
f 587/587/587 659/659/659 593/593/593
f 655/655/655 657/657/657 660/660/660
f 658/658/658 655/655/655 660/660/660
f 661/661/661 659/659/659 587/587/587
f 581/581/581 661/661/661 587/587/587
f 657/657/657 659/659/659 662/662/662
f 660/660/660 657/657/657 662/662/662
f 663/663/663 661/661/661 581/581/581
f 575/575/575 663/663/663 581/581/581
f 659/659/659 661/661/661 664/664/664
f 662/662/662 659/659/659 664/664/664
f 665/665/665 663/663/663 575/575/575
f 569/569/569 665/665/665 575/575/575
f 661/661/661 663/663/663 666/666/666
f 664/664/664 661/661/661 666/666/666
f 667/667/667 665/665/665 569/569/569
f 554/554/554 667/667/667 569/569/569
f 663/663/663 665/665/665 668/668/668
f 666/666/666 663/663/663 668/668/668
f 669/669/669 667/667/667 554/554/554
f 545/545/545 669/669/669 554/554/554
f 544/544/544 669/669/669 545/545/545
f 665/665/665 667/667/667 670/670/670
f 668/668/668 665/665/665 670/670/670
f 669/669/669 544/544/544 671/671/671
f 671/671/671 544/544/544 541/541/541
f 667/667/667 669/669/669 672/672/672
f 670/670/670 667/667/667 672/672/672
f 672/672/672 669/669/669 671/671/671
f 671/671/671 541/541/541 673/673/673
f 673/673/673 541/541/541 483/483/483
f 673/673/673 483/483/483 484/484/484
f 672/672/672 671/671/671 674/674/674
f 674/674/674 671/671/671 673/673/673
f 675/675/675 673/673/673 484/484/484
f 674/674/674 673/673/673 675/675/675
f 675/675/675 484/484/484 341/341/341
f 670/670/670 672/672/672 676/676/676
f 676/676/676 672/672/672 674/674/674
f 668/668/668 670/670/670 677/677/677
f 677/677/677 670/670/670 676/676/676
f 678/678/678 675/675/675 341/341/341
f 678/678/678 341/341/341 342/342/342
f 678/678/678 342/342/342 679/679/679
f 680/680/680 674/674/674 675/675/675
f 676/676/676 674/674/674 680/680/680
f 680/680/680 675/675/675 678/678/678
f 681/681/681 678/678/678 679/679/679
f 681/681/681 680/680/680 678/678/678
f 681/681/681 679/679/679 682/682/682
f 683/683/683 676/676/676 680/680/680
f 683/683/683 680/680/680 681/681/681
f 677/677/677 676/676/676 683/683/683
f 684/684/684 681/681/681 682/682/682
f 684/684/684 683/683/683 681/681/681
f 684/684/684 682/682/682 685/685/685
f 686/686/686 668/668/668 677/677/677
f 666/666/666 668/668/668 686/686/686
f 687/687/687 677/677/677 683/683/683
f 687/687/687 683/683/683 684/684/684
f 686/686/686 677/677/677 687/687/687
f 688/688/688 684/684/684 685/685/685
f 688/688/688 687/687/687 684/684/684
f 688/688/688 685/685/685 689/689/689
f 690/690/690 666/666/666 686/686/686
f 664/664/664 666/666/666 690/690/690
f 691/691/691 686/686/686 687/687/687
f 691/691/691 687/687/687 688/688/688
f 690/690/690 686/686/686 691/691/691
f 692/692/692 688/688/688 689/689/689
f 692/692/692 691/691/691 688/688/688
f 692/692/692 689/689/689 693/693/693
f 694/694/694 664/664/664 690/690/690
f 662/662/662 664/664/664 694/694/694
f 695/695/695 690/690/690 691/691/691
f 695/695/695 691/691/691 692/692/692
f 694/694/694 690/690/690 695/695/695
f 696/696/696 692/692/692 693/693/693
f 696/696/696 695/695/695 692/692/692
f 696/696/696 693/693/693 697/697/697
f 698/698/698 662/662/662 694/694/694
f 660/660/660 662/662/662 698/698/698
f 699/699/699 694/694/694 695/695/695
f 699/699/699 695/695/695 696/696/696
f 698/698/698 694/694/694 699/699/699
f 700/700/700 696/696/696 697/697/697
f 700/700/700 699/699/699 696/696/696
f 700/700/700 697/697/697 701/701/701
f 702/702/702 660/660/660 698/698/698
f 658/658/658 660/660/660 702/702/702
f 703/703/703 698/698/698 699/699/699
f 703/703/703 699/699/699 700/700/700
f 702/702/702 698/698/698 703/703/703
f 704/704/704 700/700/700 701/701/701
f 704/704/704 703/703/703 700/700/700
f 704/704/704 701/701/701 705/705/705
f 706/706/706 658/658/658 702/702/702
f 656/656/656 658/658/658 706/706/706
f 707/707/707 702/702/702 703/703/703
f 707/707/707 703/703/703 704/704/704
f 706/706/706 702/702/702 707/707/707
f 708/708/708 704/704/704 705/705/705
f 708/708/708 707/707/707 704/704/704
f 708/708/708 705/705/705 709/709/709
f 710/710/710 656/656/656 706/706/706
f 654/654/654 656/656/656 710/710/710
f 711/711/711 706/706/706 707/707/707
f 711/711/711 707/707/707 708/708/708
f 710/710/710 706/706/706 711/711/711
f 712/712/712 708/708/708 709/709/709
f 712/712/712 711/711/711 708/708/708
f 712/712/712 709/709/709 713/713/713
f 714/714/714 654/654/654 710/710/710
f 652/652/652 654/654/654 714/714/714
f 715/715/715 710/710/710 711/711/711
f 715/715/715 711/711/711 712/712/712
f 714/714/714 710/710/710 715/715/715
f 716/716/716 712/712/712 713/713/713
f 716/716/716 715/715/715 712/712/712
f 716/716/716 713/713/713 717/717/717
f 718/718/718 652/652/652 714/714/714
f 650/650/650 652/652/652 718/718/718
f 719/719/719 714/714/714 715/715/715
f 719/719/719 715/715/715 716/716/716
f 718/718/718 714/714/714 719/719/719
f 720/720/720 716/716/716 717/717/717
f 720/720/720 719/719/719 716/716/716
f 720/720/720 717/717/717 721/721/721
f 722/722/722 650/650/650 718/718/718
f 647/647/647 650/650/650 722/722/722
f 723/723/723 718/718/718 719/719/719
f 723/723/723 719/719/719 720/720/720
f 722/722/722 718/718/718 723/723/723
f 724/724/724 720/720/720 721/721/721
f 724/724/724 723/723/723 720/720/720
f 724/724/724 721/721/721 725/725/725
f 726/726/726 647/647/647 722/722/722
f 643/643/643 647/647/647 726/726/726
f 727/727/727 722/722/722 723/723/723
f 727/727/727 723/723/723 724/724/724
f 726/726/726 722/722/722 727/727/727
f 728/728/728 724/724/724 725/725/725
f 728/728/728 727/727/727 724/724/724
f 728/728/728 725/725/725 729/729/729
f 730/730/730 726/726/726 727/727/727
f 730/730/730 727/727/727 728/728/728
f 731/731/731 728/728/728 729/729/729
f 731/731/731 730/730/730 728/728/728
f 731/731/731 729/729/729 732/732/732
f 733/733/733 643/643/643 726/726/726
f 733/733/733 726/726/726 730/730/730
f 734/734/734 731/731/731 732/732/732
f 734/734/734 732/732/732 735/735/735
f 736/736/736 730/730/730 731/731/731
f 736/736/736 733/733/733 730/730/730
f 734/734/734 736/736/736 731/731/731
f 737/737/737 643/643/643 733/733/733
f 737/737/737 642/642/642 643/643/643
f 738/738/738 734/734/734 735/735/735
f 738/738/738 735/735/735 739/739/739
f 740/740/740 736/736/736 734/734/734
f 738/738/738 740/740/740 734/734/734
f 741/741/741 733/733/733 736/736/736
f 741/741/741 737/737/737 733/733/733
f 740/740/740 741/741/741 736/736/736
f 742/742/742 642/642/642 737/737/737
f 642/642/642 742/742/742 644/644/644
f 743/743/743 738/738/738 739/739/739
f 743/743/743 739/739/739 744/744/744
f 745/745/745 737/737/737 741/741/741
f 745/745/745 742/742/742 737/737/737
f 746/746/746 740/740/740 738/738/738
f 743/743/743 746/746/746 738/738/738
f 747/747/747 741/741/741 740/740/740
f 747/747/747 745/745/745 741/741/741
f 746/746/746 747/747/747 740/740/740
f 644/644/644 742/742/742 748/748/748
f 748/748/748 645/645/645 644/644/644
f 749/749/749 743/743/743 744/744/744
f 749/749/749 744/744/744 750/750/750
f 751/751/751 742/742/742 745/745/745
f 742/742/742 751/751/751 748/748/748
f 752/752/752 745/745/745 747/747/747
f 752/752/752 751/751/751 745/745/745
f 753/753/753 746/746/746 743/743/743
f 749/749/749 753/753/753 743/743/743
f 754/754/754 747/747/747 746/746/746
f 754/754/754 752/752/752 747/747/747
f 753/753/753 754/754/754 746/746/746
f 755/755/755 645/645/645 748/748/748
f 755/755/755 648/648/648 645/645/645
f 756/756/756 749/749/749 750/750/750
f 756/756/756 750/750/750 757/757/757
f 748/748/748 751/751/751 758/758/758
f 758/758/758 755/755/755 748/748/748
f 759/759/759 751/751/751 752/752/752
f 751/751/751 759/759/759 758/758/758
f 760/760/760 752/752/752 754/754/754
f 760/760/760 759/759/759 752/752/752
f 761/761/761 753/753/753 749/749/749
f 756/756/756 761/761/761 749/749/749
f 762/762/762 754/754/754 753/753/753
f 762/762/762 760/760/760 754/754/754
f 761/761/761 762/762/762 753/753/753
f 763/763/763 648/648/648 755/755/755
f 763/763/763 632/632/632 648/648/648
f 764/764/764 755/755/755 758/758/758
f 764/764/764 763/763/763 755/755/755
f 758/758/758 759/759/759 765/765/765
f 765/765/765 764/764/764 758/758/758
f 766/766/766 759/759/759 760/760/760
f 759/759/759 766/766/766 765/765/765
f 767/767/767 760/760/760 762/762/762
f 767/767/767 766/766/766 760/760/760
f 768/768/768 762/762/762 761/761/761
f 768/768/768 767/767/767 762/762/762
f 769/769/769 632/632/632 763/763/763
f 769/769/769 627/627/627 632/632/632
f 633/633/633 627/627/627 769/769/769
f 770/770/770 763/763/763 764/764/764
f 770/770/770 769/769/769 763/763/763
f 771/771/771 764/764/764 765/765/765
f 771/771/771 770/770/770 764/764/764
f 765/765/765 766/766/766 772/772/772
f 772/772/772 771/771/771 765/765/765
f 773/773/773 766/766/766 767/767/767
f 766/766/766 773/773/773 772/772/772
f 774/774/774 633/633/633 769/769/769
f 774/774/774 769/769/769 770/770/770
f 775/775/775 770/770/770 771/771/771
f 775/775/775 774/774/774 770/770/770
f 776/776/776 771/771/771 772/772/772
f 776/776/776 775/775/775 771/771/771
f 777/777/777 633/633/633 774/774/774
f 633/633/633 777/777/777 634/634/634
f 634/634/634 777/777/777 778/778/778
f 779/779/779 774/774/774 775/775/775
f 779/779/779 777/777/777 774/774/774
f 777/777/777 780/780/780 778/778/778
f 780/780/780 777/777/777 779/779/779
f 778/778/778 780/780/780 781/781/781
f 782/782/782 779/779/779 775/775/775
f 782/782/782 775/775/775 776/776/776
f 783/783/783 776/776/776 772/772/772
f 772/772/772 773/773/773 783/783/783
f 780/780/780 784/784/784 781/781/781
f 781/781/781 784/784/784 785/785/785
f 786/786/786 780/780/780 779/779/779
f 786/786/786 779/779/779 782/782/782
f 784/784/784 780/780/780 786/786/786
f 787/787/787 782/782/782 776/776/776
f 787/787/787 776/776/776 783/783/783
f 784/784/784 788/788/788 785/785/785
f 785/785/785 788/788/788 789/789/789
f 790/790/790 786/786/786 782/782/782
f 790/790/790 782/782/782 787/787/787
f 791/791/791 784/784/784 786/786/786
f 788/788/788 784/784/784 791/791/791
f 791/791/791 786/786/786 790/790/790
f 788/788/788 792/792/792 789/789/789
f 789/789/789 792/792/792 793/793/793
f 794/794/794 788/788/788 791/791/791
f 792/792/792 788/788/788 794/794/794
f 795/795/795 791/791/791 790/790/790
f 794/794/794 791/791/791 795/795/795
f 796/796/796 790/790/790 787/787/787
f 795/795/795 790/790/790 796/796/796
f 797/797/797 787/787/787 783/783/783
f 796/796/796 787/787/787 797/797/797
f 792/792/792 798/798/798 793/793/793
f 793/793/793 798/798/798 799/799/799
f 800/800/800 792/792/792 794/794/794
f 798/798/798 792/792/792 800/800/800
f 801/801/801 794/794/794 795/795/795
f 800/800/800 794/794/794 801/801/801
f 802/802/802 795/795/795 796/796/796
f 801/801/801 795/795/795 802/802/802
f 798/798/798 803/803/803 799/799/799
f 799/799/799 803/803/803 804/804/804
f 805/805/805 798/798/798 800/800/800
f 803/803/803 798/798/798 805/805/805
f 806/806/806 800/800/800 801/801/801
f 805/805/805 800/800/800 806/806/806
f 803/803/803 807/807/807 804/804/804
f 804/804/804 807/807/807 808/808/808
f 809/809/809 803/803/803 805/805/805
f 807/807/807 803/803/803 809/809/809
f 807/807/807 810/810/810 808/808/808
f 808/808/808 810/810/810 811/811/811
f 802/802/802 796/796/796 812/812/812
f 812/812/812 796/796/796 797/797/797
f 813/813/813 801/801/801 802/802/802
f 806/806/806 801/801/801 813/813/813
f 814/814/814 805/805/805 806/806/806
f 809/809/809 805/805/805 814/814/814
f 815/815/815 807/807/807 809/809/809
f 810/810/810 807/807/807 815/815/815
f 810/810/810 816/816/816 811/811/811
f 811/811/811 816/816/816 817/817/817
f 818/818/818 802/802/802 812/812/812
f 813/813/813 802/802/802 818/818/818
f 819/819/819 806/806/806 813/813/813
f 814/814/814 806/806/806 819/819/819
f 820/820/820 809/809/809 814/814/814
f 815/815/815 809/809/809 820/820/820
f 821/821/821 810/810/810 815/815/815
f 816/816/816 810/810/810 821/821/821
f 816/816/816 822/822/822 817/817/817
f 817/817/817 822/822/822 823/823/823
f 824/824/824 813/813/813 818/818/818
f 819/819/819 813/813/813 824/824/824
f 825/825/825 814/814/814 819/819/819
f 820/820/820 814/814/814 825/825/825
f 826/826/826 815/815/815 820/820/820
f 821/821/821 815/815/815 826/826/826
f 827/827/827 816/816/816 821/821/821
f 822/822/822 816/816/816 827/827/827
f 822/822/822 828/828/828 823/823/823
f 823/823/823 828/828/828 829/829/829
f 830/830/830 819/819/819 824/824/824
f 825/825/825 819/819/819 830/830/830
f 831/831/831 820/820/820 825/825/825
f 826/826/826 820/820/820 831/831/831
f 832/832/832 821/821/821 826/826/826
f 827/827/827 821/821/821 832/832/832
f 833/833/833 822/822/822 827/827/827
f 828/828/828 822/822/822 833/833/833
f 828/828/828 834/834/834 829/829/829
f 829/829/829 834/834/834 835/835/835
f 836/836/836 825/825/825 830/830/830
f 831/831/831 825/825/825 836/836/836
f 837/837/837 826/826/826 831/831/831
f 832/832/832 826/826/826 837/837/837
f 838/838/838 827/827/827 832/832/832
f 833/833/833 827/827/827 838/838/838
f 839/839/839 828/828/828 833/833/833
f 834/834/834 828/828/828 839/839/839
f 834/834/834 840/840/840 835/835/835
f 835/835/835 840/840/840 841/841/841
f 842/842/842 831/831/831 836/836/836
f 837/837/837 831/831/831 842/842/842
f 843/843/843 832/832/832 837/837/837
f 838/838/838 832/832/832 843/843/843
f 844/844/844 833/833/833 838/838/838
f 839/839/839 833/833/833 844/844/844
f 845/845/845 834/834/834 839/839/839
f 840/840/840 834/834/834 845/845/845
f 840/840/840 846/846/846 841/841/841
f 841/841/841 846/846/846 847/847/847
f 848/848/848 837/837/837 842/842/842
f 843/843/843 837/837/837 848/848/848
f 849/849/849 838/838/838 843/843/843
f 844/844/844 838/838/838 849/849/849
f 850/850/850 839/839/839 844/844/844
f 845/845/845 839/839/839 850/850/850
f 851/851/851 840/840/840 845/845/845
f 846/846/846 840/840/840 851/851/851
f 846/846/846 852/852/852 847/847/847
f 847/847/847 852/852/852 853/853/853
f 854/854/854 843/843/843 848/848/848
f 849/849/849 843/843/843 854/854/854
f 855/855/855 844/844/844 849/849/849
f 850/850/850 844/844/844 855/855/855
f 856/856/856 845/845/845 850/850/850
f 851/851/851 845/845/845 856/856/856
f 857/857/857 846/846/846 851/851/851
f 852/852/852 846/846/846 857/857/857
f 852/852/852 858/858/858 853/853/853
f 853/853/853 858/858/858 859/859/859
f 860/860/860 849/849/849 854/854/854
f 855/855/855 849/849/849 860/860/860
f 861/861/861 850/850/850 855/855/855
f 856/856/856 850/850/850 861/861/861
f 862/862/862 851/851/851 856/856/856
f 857/857/857 851/851/851 862/862/862
f 863/863/863 852/852/852 857/857/857
f 858/858/858 852/852/852 863/863/863
f 858/858/858 864/864/864 859/859/859
f 859/859/859 864/864/864 865/865/865
f 866/866/866 855/855/855 860/860/860
f 861/861/861 855/855/855 866/866/866
f 867/867/867 856/856/856 861/861/861
f 862/862/862 856/856/856 867/867/867
f 868/868/868 857/857/857 862/862/862
f 863/863/863 857/857/857 868/868/868
f 869/869/869 858/858/858 863/863/863
f 864/864/864 858/858/858 869/869/869
f 864/864/864 870/870/870 865/865/865
f 865/865/865 870/870/870 871/871/871
f 872/872/872 861/861/861 866/866/866
f 867/867/867 861/861/861 872/872/872
f 873/873/873 862/862/862 867/867/867
f 868/868/868 862/862/862 873/873/873
f 874/874/874 863/863/863 868/868/868
f 869/869/869 863/863/863 874/874/874
f 875/875/875 864/864/864 869/869/869
f 870/870/870 864/864/864 875/875/875
f 870/870/870 876/876/876 871/871/871
f 871/871/871 876/876/876 877/877/877
f 878/878/878 867/867/867 872/872/872
f 873/873/873 867/867/867 878/878/878
f 879/879/879 868/868/868 873/873/873
f 874/874/874 868/868/868 879/879/879
f 880/880/880 869/869/869 874/874/874
f 875/875/875 869/869/869 880/880/880
f 881/881/881 870/870/870 875/875/875
f 876/876/876 870/870/870 881/881/881
f 876/876/876 882/882/882 877/877/877
f 877/877/877 882/882/882 883/883/883
f 884/884/884 873/873/873 878/878/878
f 879/879/879 873/873/873 884/884/884
f 885/885/885 874/874/874 879/879/879
f 880/880/880 874/874/874 885/885/885
f 886/886/886 875/875/875 880/880/880
f 881/881/881 875/875/875 886/886/886
f 887/887/887 876/876/876 881/881/881
f 882/882/882 876/876/876 887/887/887
f 882/882/882 888/888/888 883/883/883
f 883/883/883 888/888/888 889/889/889
f 890/890/890 879/879/879 884/884/884
f 885/885/885 879/879/879 890/890/890
f 891/891/891 880/880/880 885/885/885
f 886/886/886 880/880/880 891/891/891
f 892/892/892 881/881/881 886/886/886
f 887/887/887 881/881/881 892/892/892
f 893/893/893 882/882/882 887/887/887
f 888/888/888 882/882/882 893/893/893
f 888/888/888 894/894/894 889/889/889
f 889/889/889 894/894/894 895/895/895
f 896/896/896 885/885/885 890/890/890
f 891/891/891 885/885/885 896/896/896
f 897/897/897 886/886/886 891/891/891
f 892/892/892 886/886/886 897/897/897
f 898/898/898 887/887/887 892/892/892
f 893/893/893 887/887/887 898/898/898
f 899/899/899 888/888/888 893/893/893
f 894/894/894 888/888/888 899/899/899
f 894/894/894 900/900/900 895/895/895
f 895/895/895 900/900/900 901/901/901
f 902/902/902 891/891/891 896/896/896
f 897/897/897 891/891/891 902/902/902
f 903/903/903 892/892/892 897/897/897
f 898/898/898 892/892/892 903/903/903
f 904/904/904 893/893/893 898/898/898
f 899/899/899 893/893/893 904/904/904
f 905/905/905 894/894/894 899/899/899
f 900/900/900 894/894/894 905/905/905
f 900/900/900 906/906/906 901/901/901
f 901/901/901 906/906/906 907/907/907
f 908/908/908 897/897/897 902/902/902
f 903/903/903 897/897/897 908/908/908
f 909/909/909 898/898/898 903/903/903
f 904/904/904 898/898/898 909/909/909
f 910/910/910 899/899/899 904/904/904
f 905/905/905 899/899/899 910/910/910
f 911/911/911 900/900/900 905/905/905
f 906/906/906 900/900/900 911/911/911
f 906/906/906 912/912/912 907/907/907
f 907/907/907 912/912/912 913/913/913
f 914/914/914 903/903/903 908/908/908
f 909/909/909 903/903/903 914/914/914
f 915/915/915 904/904/904 909/909/909
f 910/910/910 904/904/904 915/915/915
f 916/916/916 905/905/905 910/910/910
f 911/911/911 905/905/905 916/916/916
f 917/917/917 906/906/906 911/911/911
f 912/912/912 906/906/906 917/917/917
f 912/912/912 918/918/918 913/913/913
f 913/913/913 918/918/918 919/919/919
f 920/920/920 909/909/909 914/914/914
f 915/915/915 909/909/909 920/920/920
f 921/921/921 910/910/910 915/915/915
f 916/916/916 910/910/910 921/921/921
f 922/922/922 911/911/911 916/916/916
f 917/917/917 911/911/911 922/922/922
f 923/923/923 912/912/912 917/917/917
f 918/918/918 912/912/912 923/923/923
f 918/918/918 924/924/924 919/919/919
f 919/919/919 924/924/924 925/925/925
f 926/926/926 915/915/915 920/920/920
f 921/921/921 915/915/915 926/926/926
f 927/927/927 916/916/916 921/921/921
f 922/922/922 916/916/916 927/927/927
f 928/928/928 917/917/917 922/922/922
f 923/923/923 917/917/917 928/928/928
f 929/929/929 918/918/918 923/923/923
f 924/924/924 918/918/918 929/929/929
f 924/924/924 930/930/930 925/925/925
f 925/925/925 930/930/930 931/931/931
f 932/932/932 921/921/921 926/926/926
f 927/927/927 921/921/921 932/932/932
f 933/933/933 922/922/922 927/927/927
f 928/928/928 922/922/922 933/933/933
f 934/934/934 923/923/923 928/928/928
f 929/929/929 923/923/923 934/934/934
f 935/935/935 924/924/924 929/929/929
f 930/930/930 924/924/924 935/935/935
f 930/930/930 936/936/936 931/931/931
f 931/931/931 936/936/936 937/937/937
f 938/938/938 927/927/927 932/932/932
f 933/933/933 927/927/927 938/938/938
f 939/939/939 928/928/928 933/933/933
f 934/934/934 928/928/928 939/939/939
f 940/940/940 929/929/929 934/934/934
f 935/935/935 929/929/929 940/940/940
f 941/941/941 930/930/930 935/935/935
f 936/936/936 930/930/930 941/941/941
f 936/936/936 942/942/942 937/937/937
f 937/937/937 942/942/942 943/943/943
f 944/944/944 933/933/933 938/938/938
f 939/939/939 933/933/933 944/944/944
f 945/945/945 934/934/934 939/939/939
f 940/940/940 934/934/934 945/945/945
f 946/946/946 935/935/935 940/940/940
f 941/941/941 935/935/935 946/946/946
f 947/947/947 936/936/936 941/941/941
f 942/942/942 936/936/936 947/947/947
f 942/942/942 948/948/948 943/943/943
f 943/943/943 948/948/948 949/949/949
f 950/950/950 939/939/939 944/944/944
f 945/945/945 939/939/939 950/950/950
f 951/951/951 940/940/940 945/945/945
f 946/946/946 940/940/940 951/951/951
f 952/952/952 941/941/941 946/946/946
f 947/947/947 941/941/941 952/952/952
f 953/953/953 942/942/942 947/947/947
f 948/948/948 942/942/942 953/953/953
f 948/948/948 954/954/954 949/949/949
f 949/949/949 954/954/954 955/955/955
f 956/956/956 945/945/945 950/950/950
f 951/951/951 945/945/945 956/956/956
f 957/957/957 946/946/946 951/951/951
f 952/952/952 946/946/946 957/957/957
f 958/958/958 947/947/947 952/952/952
f 953/953/953 947/947/947 958/958/958
f 959/959/959 948/948/948 953/953/953
f 954/954/954 948/948/948 959/959/959
f 954/954/954 960/960/960 955/955/955
f 955/955/955 960/960/960 961/961/961
f 962/962/962 953/953/953 958/958/958
f 959/959/959 953/953/953 963/963/963
f 958/958/958 952/952/952 964/964/964
f 964/964/964 952/952/952 957/957/957
f 962/962/962 958/958/958 965/965/965
f 965/965/965 958/958/958 964/964/964
f 966/966/966 962/962/962 965/965/965
f 967/967/967 954/954/954 959/959/959
f 960/960/960 954/954/954 967/967/967
f 968/968/968 959/959/959 963/963/963
f 967/967/967 959/959/959 968/968/968
f 968/968/968 963/963/963 969/969/969
f 966/966/966 965/965/965 970/970/970
f 971/971/971 966/966/966 970/970/970
f 965/965/965 964/964/964 972/972/972
f 970/970/970 965/965/965 972/972/972
f 973/973/973 968/968/968 969/969/969
f 973/973/973 969/969/969 974/974/974
f 975/975/975 967/967/967 968/968/968
f 975/975/975 968/968/968 973/973/973
f 976/976/976 960/960/960 967/967/967
f 976/976/976 967/967/967 975/975/975
f 970/970/970 977/977/977 971/971/971
f 977/977/977 978/978/978 971/971/971
f 979/979/979 973/973/973 974/974/974
f 974/974/974 980/980/980 979/979/979
f 981/981/981 975/975/975 973/973/973
f 981/981/981 973/973/973 979/979/979
f 980/980/980 982/982/982 979/979/979
f 982/982/982 980/980/980 983/983/983
f 984/984/984 960/960/960 976/976/976
f 960/960/960 984/984/984 961/961/961
f 961/961/961 984/984/984 985/985/985
f 986/986/986 976/976/976 975/975/975
f 986/986/986 975/975/975 981/981/981
f 987/987/987 981/981/981 979/979/979
f 979/979/979 982/982/982 987/987/987
f 988/988/988 982/982/982 983/983/983
f 988/988/988 983/983/983 989/989/989
f 984/984/984 990/990/990 985/985/985
f 985/985/985 990/990/990 991/991/991
f 992/992/992 984/984/984 976/976/976
f 992/992/992 976/976/976 986/986/986
f 990/990/990 984/984/984 992/992/992
f 993/993/993 986/986/986 981/981/981
f 993/993/993 981/981/981 987/987/987
f 982/982/982 994/994/994 987/987/987
f 994/994/994 982/982/982 988/988/988
f 995/995/995 988/988/988 989/989/989
f 995/995/995 989/989/989 996/996/996
f 990/990/990 997/997/997 991/991/991
f 991/991/991 997/997/997 998/998/998
f 999/999/999 992/992/992 986/986/986
f 999/999/999 986/986/986 993/993/993
f 1000/1000/1000 990/990/990 992/992/992
f 997/997/997 990/990/990 1000/1000/1000
f 1000/1000/1000 992/992/992 999/999/999
f 1001/1001/1001 993/993/993 987/987/987
f 987/987/987 994/994/994 1001/1001/1001
f 1002/1002/1002 994/994/994 988/988/988
f 1002/1002/1002 988/988/988 995/995/995
f 997/997/997 1003/1003/1003 998/998/998
f 998/998/998 1003/1003/1003 1004/1004/1004
f 1005/1005/1005 999/999/999 993/993/993
f 1005/1005/1005 993/993/993 1001/1001/1001
f 1006/1006/1006 1000/1000/1000 999/999/999
f 1006/1006/1006 999/999/999 1005/1005/1005
f 1007/1007/1007 997/997/997 1000/1000/1000
f 1003/1003/1003 997/997/997 1007/1007/1007
f 1007/1007/1007 1000/1000/1000 1006/1006/1006
f 994/994/994 1008/1008/1008 1001/1001/1001
f 1008/1008/1008 994/994/994 1002/1002/1002
f 1003/1003/1003 1009/1009/1009 1004/1004/1004
f 1004/1004/1004 1009/1009/1009 1010/1010/1010
f 1011/1011/1011 1005/1005/1005 1001/1001/1001
f 1001/1001/1001 1008/1008/1008 1011/1011/1011
f 1012/1012/1012 1006/1006/1006 1005/1005/1005
f 1012/1012/1012 1005/1005/1005 1011/1011/1011
f 1013/1013/1013 1007/1007/1007 1006/1006/1006
f 1013/1013/1013 1006/1006/1006 1012/1012/1012
f 1014/1014/1014 1003/1003/1003 1007/1007/1007
f 1009/1009/1009 1003/1003/1003 1014/1014/1014
f 1014/1014/1014 1007/1007/1007 1013/1013/1013
f 1009/1009/1009 1015/1015/1015 1010/1010/1010
f 1010/1010/1010 1015/1015/1015 1016/1016/1016
f 1017/1017/1017 1009/1009/1009 1014/1014/1014
f 1015/1015/1015 1009/1009/1009 1017/1017/1017
f 1018/1018/1018 1014/1014/1014 1013/1013/1013
f 1017/1017/1017 1014/1014/1014 1018/1018/1018
f 1019/1019/1019 1013/1013/1013 1012/1012/1012
f 1018/1018/1018 1013/1013/1013 1019/1019/1019
f 1020/1020/1020 1012/1012/1012 1011/1011/1011
f 1019/1019/1019 1012/1012/1012 1020/1020/1020
f 1015/1015/1015 1021/1021/1021 1016/1016/1016
f 1016/1016/1016 1021/1021/1021 1022/1022/1022
f 1023/1023/1023 1015/1015/1015 1017/1017/1017
f 1021/1021/1021 1015/1015/1015 1023/1023/1023
f 1024/1024/1024 1017/1017/1017 1018/1018/1018
f 1023/1023/1023 1017/1017/1017 1024/1024/1024
f 1025/1025/1025 1018/1018/1018 1019/1019/1019
f 1024/1024/1024 1018/1018/1018 1025/1025/1025
f 1021/1021/1021 1026/1026/1026 1022/1022/1022
f 1022/1022/1022 1026/1026/1026 1027/1027/1027
f 1028/1028/1028 1021/1021/1021 1023/1023/1023
f 1026/1026/1026 1021/1021/1021 1028/1028/1028
f 1029/1029/1029 1023/1023/1023 1024/1024/1024
f 1028/1028/1028 1023/1023/1023 1029/1029/1029
f 1026/1026/1026 1030/1030/1030 1027/1027/1027
f 1027/1027/1027 1030/1030/1030 1031/1031/1031
f 1032/1032/1032 1026/1026/1026 1028/1028/1028
f 1030/1030/1030 1026/1026/1026 1032/1032/1032
f 1030/1030/1030 1033/1033/1033 1031/1031/1031
f 1031/1031/1031 1033/1033/1033 1034/1034/1034
f 1025/1025/1025 1019/1019/1019 1035/1035/1035
f 1035/1035/1035 1019/1019/1019 1020/1020/1020
f 1036/1036/1036 1024/1024/1024 1025/1025/1025
f 1029/1029/1029 1024/1024/1024 1036/1036/1036
f 1037/1037/1037 1028/1028/1028 1029/1029/1029
f 1032/1032/1032 1028/1028/1028 1037/1037/1037
f 1038/1038/1038 1030/1030/1030 1032/1032/1032
f 1033/1033/1033 1030/1030/1030 1038/1038/1038
f 1033/1033/1033 1039/1039/1039 1034/1034/1034
f 1034/1034/1034 1039/1039/1039 1040/1040/1040
f 1041/1041/1041 1025/1025/1025 1035/1035/1035
f 1036/1036/1036 1025/1025/1025 1041/1041/1041
f 1042/1042/1042 1029/1029/1029 1036/1036/1036
f 1037/1037/1037 1029/1029/1029 1042/1042/1042
f 1043/1043/1043 1032/1032/1032 1037/1037/1037
f 1038/1038/1038 1032/1032/1032 1043/1043/1043
f 1044/1044/1044 1033/1033/1033 1038/1038/1038
f 1039/1039/1039 1033/1033/1033 1044/1044/1044
f 1039/1039/1039 1045/1045/1045 1040/1040/1040
f 1040/1040/1040 1045/1045/1045 1046/1046/1046
f 1047/1047/1047 1036/1036/1036 1041/1041/1041
f 1042/1042/1042 1036/1036/1036 1047/1047/1047
f 1048/1048/1048 1037/1037/1037 1042/1042/1042
f 1043/1043/1043 1037/1037/1037 1048/1048/1048
f 1049/1049/1049 1038/1038/1038 1043/1043/1043
f 1044/1044/1044 1038/1038/1038 1049/1049/1049
f 1050/1050/1050 1039/1039/1039 1044/1044/1044
f 1045/1045/1045 1039/1039/1039 1050/1050/1050
f 1045/1045/1045 1051/1051/1051 1046/1046/1046
f 1046/1046/1046 1051/1051/1051 1052/1052/1052
f 1053/1053/1053 1042/1042/1042 1047/1047/1047
f 1048/1048/1048 1042/1042/1042 1053/1053/1053
f 1054/1054/1054 1043/1043/1043 1048/1048/1048
f 1049/1049/1049 1043/1043/1043 1054/1054/1054
f 1055/1055/1055 1044/1044/1044 1049/1049/1049
f 1050/1050/1050 1044/1044/1044 1055/1055/1055
f 1056/1056/1056 1045/1045/1045 1050/1050/1050
f 1051/1051/1051 1045/1045/1045 1056/1056/1056
f 1051/1051/1051 1057/1057/1057 1052/1052/1052
f 1052/1052/1052 1057/1057/1057 1058/1058/1058
f 1059/1059/1059 1048/1048/1048 1053/1053/1053
f 1054/1054/1054 1048/1048/1048 1059/1059/1059
f 1060/1060/1060 1049/1049/1049 1054/1054/1054
f 1055/1055/1055 1049/1049/1049 1060/1060/1060
f 1061/1061/1061 1050/1050/1050 1055/1055/1055
f 1056/1056/1056 1050/1050/1050 1061/1061/1061
f 1062/1062/1062 1051/1051/1051 1056/1056/1056
f 1057/1057/1057 1051/1051/1051 1062/1062/1062
f 1057/1057/1057 1063/1063/1063 1058/1058/1058
f 1058/1058/1058 1063/1063/1063 1064/1064/1064
f 1065/1065/1065 1054/1054/1054 1059/1059/1059
f 1060/1060/1060 1054/1054/1054 1065/1065/1065
f 1066/1066/1066 1055/1055/1055 1060/1060/1060
f 1061/1061/1061 1055/1055/1055 1066/1066/1066
f 1067/1067/1067 1056/1056/1056 1061/1061/1061
f 1062/1062/1062 1056/1056/1056 1067/1067/1067
f 1068/1068/1068 1057/1057/1057 1062/1062/1062
f 1063/1063/1063 1057/1057/1057 1068/1068/1068
f 1063/1063/1063 1069/1069/1069 1064/1064/1064
f 1064/1064/1064 1069/1069/1069 1070/1070/1070
f 1071/1071/1071 1060/1060/1060 1065/1065/1065
f 1066/1066/1066 1060/1060/1060 1071/1071/1071
f 1072/1072/1072 1061/1061/1061 1066/1066/1066
f 1067/1067/1067 1061/1061/1061 1072/1072/1072
f 1073/1073/1073 1062/1062/1062 1067/1067/1067
f 1068/1068/1068 1062/1062/1062 1073/1073/1073
f 1074/1074/1074 1063/1063/1063 1068/1068/1068
f 1069/1069/1069 1063/1063/1063 1074/1074/1074
f 1069/1069/1069 1075/1075/1075 1070/1070/1070
f 1070/1070/1070 1075/1075/1075 1076/1076/1076
f 1077/1077/1077 1066/1066/1066 1071/1071/1071
f 1072/1072/1072 1066/1066/1066 1077/1077/1077
f 1078/1078/1078 1067/1067/1067 1072/1072/1072
f 1073/1073/1073 1067/1067/1067 1078/1078/1078
f 1079/1079/1079 1068/1068/1068 1073/1073/1073
f 1074/1074/1074 1068/1068/1068 1079/1079/1079
f 1080/1080/1080 1069/1069/1069 1074/1074/1074
f 1075/1075/1075 1069/1069/1069 1080/1080/1080
f 1075/1075/1075 1081/1081/1081 1076/1076/1076
f 1076/1076/1076 1081/1081/1081 1082/1082/1082
f 1083/1083/1083 1072/1072/1072 1077/1077/1077
f 1078/1078/1078 1072/1072/1072 1083/1083/1083
f 1084/1084/1084 1073/1073/1073 1078/1078/1078
f 1079/1079/1079 1073/1073/1073 1084/1084/1084
f 1085/1085/1085 1074/1074/1074 1079/1079/1079
f 1080/1080/1080 1074/1074/1074 1085/1085/1085
f 1086/1086/1086 1075/1075/1075 1080/1080/1080
f 1081/1081/1081 1075/1075/1075 1086/1086/1086
f 1081/1081/1081 1087/1087/1087 1082/1082/1082
f 1082/1082/1082 1087/1087/1087 1088/1088/1088
f 1089/1089/1089 1078/1078/1078 1083/1083/1083
f 1084/1084/1084 1078/1078/1078 1090/1090/1090
f 1091/1091/1091 1079/1079/1079 1084/1084/1084
f 1085/1085/1085 1079/1079/1079 1091/1091/1091
f 1092/1092/1092 1084/1084/1084 1090/1090/1090
f 1091/1091/1091 1084/1084/1084 1092/1092/1092
f 1090/1090/1090 1093/1093/1093 1092/1092/1092
f 1083/1083/1083 1094/1094/1094 1089/1089/1089
f 1094/1094/1094 1095/1095/1095 1089/1089/1089
f 1093/1093/1093 1096/1096/1096 1092/1092/1092
f 1096/1096/1096 1093/1093/1093 1097/1097/1097
f 1098/1098/1098 1091/1091/1091 1092/1092/1092
f 1092/1092/1092 1096/1096/1096 1098/1098/1098
f 1099/1099/1099 1085/1085/1085 1091/1091/1091
f 1099/1099/1099 1091/1091/1091 1098/1098/1098
f 1100/1100/1100 1094/1094/1094 1083/1083/1083
f 1077/1077/1077 1100/1100/1100 1083/1083/1083
f 1095/1095/1095 1094/1094/1094 1101/1101/1101
f 1097/1097/1097 1095/1095/1095 1101/1101/1101
f 1102/1102/1102 1085/1085/1085 1099/1099/1099
f 1102/1102/1102 1080/1080/1080 1085/1085/1085
f 1086/1086/1086 1080/1080/1080 1102/1102/1102
f 1103/1103/1103 1100/1100/1100 1077/1077/1077
f 1071/1071/1071 1103/1103/1103 1077/1077/1077
f 1094/1094/1094 1100/1100/1100 1104/1104/1104
f 1101/1101/1101 1094/1094/1094 1104/1104/1104
f 1105/1105/1105 1103/1103/1103 1071/1071/1071
f 1065/1065/1065 1105/1105/1105 1071/1071/1071
f 1100/1100/1100 1103/1103/1103 1106/1106/1106
f 1104/1104/1104 1100/1100/1100 1106/1106/1106
f 1107/1107/1107 1105/1105/1105 1065/1065/1065
f 1059/1059/1059 1107/1107/1107 1065/1065/1065
f 1103/1103/1103 1105/1105/1105 1108/1108/1108
f 1106/1106/1106 1103/1103/1103 1108/1108/1108
f 1109/1109/1109 1107/1107/1107 1059/1059/1059
f 1053/1053/1053 1109/1109/1109 1059/1059/1059
f 1105/1105/1105 1107/1107/1107 1110/1110/1110
f 1108/1108/1108 1105/1105/1105 1110/1110/1110
f 1111/1111/1111 1109/1109/1109 1053/1053/1053
f 1047/1047/1047 1111/1111/1111 1053/1053/1053
f 1107/1107/1107 1109/1109/1109 1112/1112/1112
f 1110/1110/1110 1107/1107/1107 1112/1112/1112
f 1113/1113/1113 1111/1111/1111 1047/1047/1047
f 1041/1041/1041 1113/1113/1113 1047/1047/1047
f 1109/1109/1109 1111/1111/1111 1114/1114/1114
f 1112/1112/1112 1109/1109/1109 1114/1114/1114
f 1115/1115/1115 1113/1113/1113 1041/1041/1041
f 1035/1035/1035 1115/1115/1115 1041/1041/1041
f 1111/1111/1111 1113/1113/1113 1116/1116/1116
f 1114/1114/1114 1111/1111/1111 1116/1116/1116
f 1117/1117/1117 1115/1115/1115 1035/1035/1035
f 1020/1020/1020 1117/1117/1117 1035/1035/1035
f 1113/1113/1113 1115/1115/1115 1118/1118/1118
f 1116/1116/1116 1113/1113/1113 1118/1118/1118
f 1119/1119/1119 1117/1117/1117 1020/1020/1020
f 1011/1011/1011 1119/1119/1119 1020/1020/1020
f 1008/1008/1008 1119/1119/1119 1011/1011/1011
f 1115/1115/1115 1117/1117/1117 1120/1120/1120
f 1118/1118/1118 1115/1115/1115 1120/1120/1120
f 1119/1119/1119 1008/1008/1008 1121/1121/1121
f 1121/1121/1121 1008/1008/1008 1002/1002/1002
f 1117/1117/1117 1119/1119/1119 1122/1122/1122
f 1120/1120/1120 1117/1117/1117 1122/1122/1122
f 1122/1122/1122 1119/1119/1119 1121/1121/1121
f 1121/1121/1121 1002/1002/1002 1123/1123/1123
f 1123/1123/1123 1002/1002/1002 995/995/995
f 1122/1122/1122 1121/1121/1121 1124/1124/1124
f 1124/1124/1124 1121/1121/1121 1123/1123/1123
f 1120/1120/1120 1122/1122/1122 1125/1125/1125
f 1125/1125/1125 1122/1122/1122 1124/1124/1124
f 1118/1118/1118 1120/1120/1120 1126/1126/1126
f 1126/1126/1126 1120/1120/1120 1125/1125/1125
f 1123/1123/1123 995/995/995 1127/1127/1127
f 1127/1127/1127 995/995/995 996/996/996
f 1124/1124/1124 1123/1123/1123 1128/1128/1128
f 1128/1128/1128 1123/1123/1123 1127/1127/1127
f 1125/1125/1125 1124/1124/1124 1129/1129/1129
f 1129/1129/1129 1124/1124/1124 1128/1128/1128
f 1130/1130/1130 1118/1118/1118 1126/1126/1126
f 1116/1116/1116 1118/1118/1118 1130/1130/1130
f 1126/1126/1126 1125/1125/1125 1131/1131/1131
f 1131/1131/1131 1125/1125/1125 1129/1129/1129
f 1130/1130/1130 1126/1126/1126 1132/1132/1132
f 1132/1132/1132 1126/1126/1126 1131/1131/1131
f 1133/1133/1133 1116/1116/1116 1130/1130/1130
f 1114/1114/1114 1116/1116/1116 1133/1133/1133
f 1134/1134/1134 1130/1130/1130 1132/1132/1132
f 1133/1133/1133 1130/1130/1130 1134/1134/1134
f 1135/1135/1135 1114/1114/1114 1133/1133/1133
f 1112/1112/1112 1114/1114/1114 1135/1135/1135
f 1136/1136/1136 1133/1133/1133 1134/1134/1134
f 1135/1135/1135 1133/1133/1133 1136/1136/1136
f 1137/1137/1137 1112/1112/1112 1135/1135/1135
f 1110/1110/1110 1112/1112/1112 1137/1137/1137
f 1138/1138/1138 1135/1135/1135 1136/1136/1136
f 1137/1137/1137 1135/1135/1135 1138/1138/1138
f 1139/1139/1139 1110/1110/1110 1137/1137/1137
f 1108/1108/1108 1110/1110/1110 1139/1139/1139
f 1140/1140/1140 1137/1137/1137 1138/1138/1138
f 1139/1139/1139 1137/1137/1137 1140/1140/1140
f 1141/1141/1141 1108/1108/1108 1139/1139/1139
f 1106/1106/1106 1108/1108/1108 1141/1141/1141
f 1142/1142/1142 1139/1139/1139 1140/1140/1140
f 1141/1141/1141 1139/1139/1139 1142/1142/1142
f 1143/1143/1143 1106/1106/1106 1141/1141/1141
f 1104/1104/1104 1106/1106/1106 1143/1143/1143
f 1144/1144/1144 1141/1141/1141 1142/1142/1142
f 1143/1143/1143 1141/1141/1141 1144/1144/1144
f 1145/1145/1145 1104/1104/1104 1143/1143/1143
f 1101/1101/1101 1104/1104/1104 1145/1145/1145
f 1146/1146/1146 1143/1143/1143 1144/1144/1144
f 1145/1145/1145 1143/1143/1143 1146/1146/1146
f 1147/1147/1147 1101/1101/1101 1145/1145/1145
f 1097/1097/1097 1101/1101/1101 1147/1147/1147
f 1148/1148/1148 1145/1145/1145 1146/1146/1146
f 1147/1147/1147 1145/1145/1145 1148/1148/1148
f 1142/1142/1142 1140/1140/1140 1149/1149/1149
f 1144/1144/1144 1142/1142/1142 1150/1150/1150
f 1150/1150/1150 1142/1142/1142 1149/1149/1149
f 1146/1146/1146 1144/1144/1144 1151/1151/1151
f 1151/1151/1151 1144/1144/1144 1150/1150/1150
f 1148/1148/1148 1146/1146/1146 1152/1152/1152
f 1152/1152/1152 1146/1146/1146 1151/1151/1151
f 1149/1149/1149 1140/1140/1140 1153/1153/1153
f 1140/1140/1140 1138/1138/1138 1153/1153/1153
f 1153/1153/1153 1138/1138/1138 1154/1154/1154
f 1138/1138/1138 1136/1136/1136 1154/1154/1154
f 1154/1154/1154 1136/1136/1136 1155/1155/1155
f 1136/1136/1136 1134/1134/1134 1155/1155/1155
f 1155/1155/1155 1134/1134/1134 1156/1156/1156
f 1134/1134/1134 1132/1132/1132 1156/1156/1156
f 1156/1156/1156 1132/1132/1132 1157/1157/1157
f 1132/1132/1132 1131/1131/1131 1157/1157/1157
f 1157/1157/1157 1131/1131/1131 1158/1158/1158
f 1131/1131/1131 1129/1129/1129 1158/1158/1158
f 1158/1158/1158 1129/1129/1129 1159/1159/1159
f 1129/1129/1129 1128/1128/1128 1159/1159/1159
f 1159/1159/1159 1128/1128/1128 1160/1160/1160
f 1128/1128/1128 1127/1127/1127 1160/1160/1160
f 1160/1160/1160 1127/1127/1127 1161/1161/1161
f 1127/1127/1127 996/996/996 1161/1161/1161
f 1154/1154/1154 1155/1155/1155 1162/1162/1162
f 1155/1155/1155 1163/1163/1163 1162/1162/1162
f 1155/1155/1155 1156/1156/1156 1163/1163/1163
f 1154/1154/1154 1162/1162/1162 1164/1164/1164
f 1156/1156/1156 1165/1165/1165 1163/1163/1163
f 1153/1153/1153 1154/1154/1154 1164/1164/1164
f 1156/1156/1156 1157/1157/1157 1165/1165/1165
f 1153/1153/1153 1164/1164/1164 1166/1166/1166
f 1157/1157/1157 1167/1167/1167 1165/1165/1165
f 1149/1149/1149 1153/1153/1153 1166/1166/1166
f 1157/1157/1157 1158/1158/1158 1167/1167/1167
f 1149/1149/1149 1166/1166/1166 1168/1168/1168
f 1158/1158/1158 1169/1169/1169 1167/1167/1167
f 1150/1150/1150 1149/1149/1149 1168/1168/1168
f 1158/1158/1158 1159/1159/1159 1169/1169/1169
f 1150/1150/1150 1168/1168/1168 1170/1170/1170
f 1159/1159/1159 1171/1171/1171 1169/1169/1169
f 1151/1151/1151 1150/1150/1150 1170/1170/1170
f 1159/1159/1159 1160/1160/1160 1171/1171/1171
f 1151/1151/1151 1170/1170/1170 1172/1172/1172
f 1160/1160/1160 1173/1173/1173 1171/1171/1171
f 1152/1152/1152 1151/1151/1151 1172/1172/1172
f 1160/1160/1160 1161/1161/1161 1173/1173/1173
f 1152/1152/1152 1172/1172/1172 1174/1174/1174
f 1161/1161/1161 1175/1175/1175 1173/1173/1173
f 1176/1176/1176 1152/1152/1152 1174/1174/1174
f 1176/1176/1176 1174/1174/1174 1177/1177/1177
f 1176/1176/1176 1148/1148/1148 1152/1152/1152
f 1161/1161/1161 1178/1178/1178 1175/1175/1175
f 1178/1178/1178 1179/1179/1179 1175/1175/1175
f 1161/1161/1161 996/996/996 1178/1178/1178
f 1180/1180/1180 1176/1176/1176 1177/1177/1177
f 1180/1180/1180 1177/1177/1177 1181/1181/1181
f 1182/1182/1182 1148/1148/1148 1176/1176/1176
f 1180/1180/1180 1182/1182/1182 1176/1176/1176
f 1182/1182/1182 1147/1147/1147 1148/1148/1148
f 1178/1178/1178 1183/1183/1183 1179/1179/1179
f 1183/1183/1183 1184/1184/1184 1179/1179/1179
f 996/996/996 1185/1185/1185 1178/1178/1178
f 1178/1178/1178 1185/1185/1185 1183/1183/1183
f 996/996/996 1186/1186/1186 1185/1185/1185
f 1187/1187/1187 1180/1180/1180 1181/1181/1181
f 1187/1187/1187 1181/1181/1181 1188/1188/1188
f 1189/1189/1189 1147/1147/1147 1182/1182/1182
f 1189/1189/1189 1097/1097/1097 1147/1147/1147
f 1190/1190/1190 1182/1182/1182 1180/1180/1180
f 1187/1187/1187 1190/1190/1190 1180/1180/1180
f 1190/1190/1190 1189/1189/1189 1182/1182/1182
f 1183/1183/1183 1191/1191/1191 1184/1184/1184
f 1191/1191/1191 1192/1192/1192 1184/1184/1184
f 1185/1185/1185 1193/1193/1193 1183/1183/1183
f 1183/1183/1183 1193/1193/1193 1191/1191/1191
f 1194/1194/1194 1187/1187/1187 1188/1188/1188
f 1194/1194/1194 1188/1188/1188 1195/1195/1195
f 1196/1196/1196 1097/1097/1097 1189/1189/1189
f 1196/1196/1196 1096/1096/1096 1097/1097/1097
f 1197/1197/1197 1190/1190/1190 1187/1187/1187
f 1194/1194/1194 1197/1197/1197 1187/1187/1187
f 1198/1198/1198 1189/1189/1189 1190/1190/1190
f 1198/1198/1198 1196/1196/1196 1189/1189/1189
f 1197/1197/1197 1198/1198/1198 1190/1190/1190
f 1191/1191/1191 1199/1199/1199 1192/1192/1192
f 1199/1199/1199 1200/1200/1200 1192/1192/1192
f 1201/1201/1201 1194/1194/1194 1195/1195/1195
f 1201/1201/1201 1195/1195/1195 1202/1202/1202
f 1203/1203/1203 1096/1096/1096 1196/1196/1196
f 1096/1096/1096 1203/1203/1203 1098/1098/1098
f 1204/1204/1204 1196/1196/1196 1198/1198/1198
f 1204/1204/1204 1203/1203/1203 1196/1196/1196
f 1205/1205/1205 1197/1197/1197 1194/1194/1194
f 1201/1201/1201 1205/1205/1205 1194/1194/1194
f 1206/1206/1206 1198/1198/1198 1197/1197/1197
f 1206/1206/1206 1204/1204/1204 1198/1198/1198
f 1205/1205/1205 1206/1206/1206 1197/1197/1197
f 1207/1207/1207 1201/1201/1201 1202/1202/1202
f 1207/1207/1207 1202/1202/1202 1208/1208/1208
f 1098/1098/1098 1203/1203/1203 1209/1209/1209
f 1209/1209/1209 1099/1099/1099 1098/1098/1098
f 1210/1210/1210 1203/1203/1203 1204/1204/1204
f 1203/1203/1203 1210/1210/1210 1209/1209/1209
f 1211/1211/1211 1204/1204/1204 1206/1206/1206
f 1211/1211/1211 1210/1210/1210 1204/1204/1204
f 1212/1212/1212 1205/1205/1205 1201/1201/1201
f 1207/1207/1207 1212/1212/1212 1201/1201/1201
f 1213/1213/1213 1206/1206/1206 1205/1205/1205
f 1213/1213/1213 1211/1211/1211 1206/1206/1206
f 1212/1212/1212 1213/1213/1213 1205/1205/1205
f 1214/1214/1214 1207/1207/1207 1208/1208/1208
f 1214/1214/1214 1208/1208/1208 1215/1215/1215
f 1216/1216/1216 1099/1099/1099 1209/1209/1209
f 1216/1216/1216 1102/1102/1102 1099/1099/1099
f 1209/1209/1209 1210/1210/1210 1217/1217/1217
f 1217/1217/1217 1216/1216/1216 1209/1209/1209
f 1218/1218/1218 1210/1210/1210 1211/1211/1211
f 1210/1210/1210 1218/1218/1218 1217/1217/1217
f 1219/1219/1219 1211/1211/1211 1213/1213/1213
f 1219/1219/1219 1218/1218/1218 1211/1211/1211
f 1220/1220/1220 1212/1212/1212 1207/1207/1207
f 1214/1214/1214 1220/1220/1220 1207/1207/1207
f 1221/1221/1221 1213/1213/1213 1212/1212/1212
f 1221/1221/1221 1219/1219/1219 1213/1213/1213
f 1220/1220/1220 1221/1221/1221 1212/1212/1212
f 1222/1222/1222 1102/1102/1102 1216/1216/1216
f 1222/1222/1222 1086/1086/1086 1102/1102/1102
f 1223/1223/1223 1216/1216/1216 1217/1217/1217
f 1223/1223/1223 1222/1222/1222 1216/1216/1216
f 1217/1217/1217 1218/1218/1218 1224/1224/1224
f 1224/1224/1224 1223/1223/1223 1217/1217/1217
f 1225/1225/1225 1218/1218/1218 1219/1219/1219
f 1218/1218/1218 1225/1225/1225 1224/1224/1224
f 1226/1226/1226 1219/1219/1219 1221/1221/1221
f 1226/1226/1226 1225/1225/1225 1219/1219/1219
f 1227/1227/1227 1221/1221/1221 1220/1220/1220
f 1227/1227/1227 1226/1226/1226 1221/1221/1221
f 1228/1228/1228 1086/1086/1086 1222/1222/1222
f 1228/1228/1228 1081/1081/1081 1086/1086/1086
f 1087/1087/1087 1081/1081/1081 1228/1228/1228
f 1229/1229/1229 1222/1222/1222 1223/1223/1223
f 1229/1229/1229 1228/1228/1228 1222/1222/1222
f 1230/1230/1230 1223/1223/1223 1224/1224/1224
f 1230/1230/1230 1229/1229/1229 1223/1223/1223
f 1224/1224/1224 1225/1225/1225 1231/1231/1231
f 1231/1231/1231 1230/1230/1230 1224/1224/1224
f 1232/1232/1232 1225/1225/1225 1226/1226/1226
f 1225/1225/1225 1232/1232/1232 1231/1231/1231
f 1233/1233/1233 1087/1087/1087 1228/1228/1228
f 1233/1233/1233 1228/1228/1228 1229/1229/1229
f 1234/1234/1234 1229/1229/1229 1230/1230/1230
f 1234/1234/1234 1233/1233/1233 1229/1229/1229
f 1235/1235/1235 1230/1230/1230 1231/1231/1231
f 1235/1235/1235 1234/1234/1234 1230/1230/1230
f 1236/1236/1236 1087/1087/1087 1233/1233/1233
f 1087/1087/1087 1236/1236/1236 1088/1088/1088
f 1088/1088/1088 1236/1236/1236 1237/1237/1237
f 1238/1238/1238 1233/1233/1233 1234/1234/1234
f 1238/1238/1238 1236/1236/1236 1233/1233/1233
f 1236/1236/1236 1239/1239/1239 1237/1237/1237
f 1239/1239/1239 1236/1236/1236 1238/1238/1238
f 1237/1237/1237 1239/1239/1239 1240/1240/1240
f 1241/1241/1241 1238/1238/1238 1234/1234/1234
f 1241/1241/1241 1234/1234/1234 1235/1235/1235
f 1242/1242/1242 1235/1235/1235 1231/1231/1231
f 1231/1231/1231 1232/1232/1232 1242/1242/1242
f 1239/1239/1239 1243/1243/1243 1240/1240/1240
f 1240/1240/1240 1243/1243/1243 1244/1244/1244
f 1245/1245/1245 1239/1239/1239 1238/1238/1238
f 1245/1245/1245 1238/1238/1238 1241/1241/1241
f 1243/1243/1243 1239/1239/1239 1245/1245/1245
f 1246/1246/1246 1241/1241/1241 1235/1235/1235
f 1246/1246/1246 1235/1235/1235 1242/1242/1242
f 1243/1243/1243 1247/1247/1247 1244/1244/1244
f 1244/1244/1244 1247/1247/1247 1248/1248/1248
f 1249/1249/1249 1245/1245/1245 1241/1241/1241
f 1249/1249/1249 1241/1241/1241 1246/1246/1246
f 1250/1250/1250 1243/1243/1243 1245/1245/1245
f 1247/1247/1247 1243/1243/1243 1250/1250/1250
f 1250/1250/1250 1245/1245/1245 1249/1249/1249
f 1247/1247/1247 1251/1251/1251 1248/1248/1248
f 1248/1248/1248 1251/1251/1251 1252/1252/1252
f 1253/1253/1253 1247/1247/1247 1250/1250/1250
f 1251/1251/1251 1247/1247/1247 1253/1253/1253
f 1254/1254/1254 1250/1250/1250 1249/1249/1249
f 1253/1253/1253 1250/1250/1250 1254/1254/1254
f 1255/1255/1255 1249/1249/1249 1246/1246/1246
f 1254/1254/1254 1249/1249/1249 1255/1255/1255
f 1256/1256/1256 1246/1246/1246 1242/1242/1242
f 1255/1255/1255 1246/1246/1246 1256/1256/1256
f 1251/1251/1251 1257/1257/1257 1252/1252/1252
f 1252/1252/1252 1257/1257/1257 1258/1258/1258
f 1259/1259/1259 1251/1251/1251 1253/1253/1253
f 1257/1257/1257 1251/1251/1251 1259/1259/1259
f 1260/1260/1260 1253/1253/1253 1254/1254/1254
f 1259/1259/1259 1253/1253/1253 1260/1260/1260
f 1261/1261/1261 1254/1254/1254 1255/1255/1255
f 1260/1260/1260 1254/1254/1254 1261/1261/1261
f 1257/1257/1257 1262/1262/1262 1258/1258/1258
f 1258/1258/1258 1262/1262/1262 1263/1263/1263
f 1264/1264/1264 1257/1257/1257 1259/1259/1259
f 1262/1262/1262 1257/1257/1257 1264/1264/1264
f 1265/1265/1265 1259/1259/1259 1260/1260/1260
f 1264/1264/1264 1259/1259/1259 1265/1265/1265
f 1262/1262/1262 1266/1266/1266 1263/1263/1263
f 1263/1263/1263 1266/1266/1266 1267/1267/1267
f 1268/1268/1268 1262/1262/1262 1264/1264/1264
f 1266/1266/1266 1262/1262/1262 1268/1268/1268
f 1266/1266/1266 1269/1269/1269 1267/1267/1267
f 1267/1267/1267 1269/1269/1269 1270/1270/1270
f 1261/1261/1261 1255/1255/1255 1271/1271/1271
f 1271/1271/1271 1255/1255/1255 1256/1256/1256
f 1272/1272/1272 1260/1260/1260 1261/1261/1261
f 1265/1265/1265 1260/1260/1260 1272/1272/1272
f 1273/1273/1273 1264/1264/1264 1265/1265/1265
f 1268/1268/1268 1264/1264/1264 1273/1273/1273
f 1274/1274/1274 1266/1266/1266 1268/1268/1268
f 1269/1269/1269 1266/1266/1266 1274/1274/1274
f 1269/1269/1269 1275/1275/1275 1270/1270/1270
f 1270/1270/1270 1275/1275/1275 1276/1276/1276
f 1277/1277/1277 1261/1261/1261 1271/1271/1271
f 1272/1272/1272 1261/1261/1261 1277/1277/1277
f 1278/1278/1278 1265/1265/1265 1272/1272/1272
f 1273/1273/1273 1265/1265/1265 1278/1278/1278
f 1279/1279/1279 1268/1268/1268 1273/1273/1273
f 1274/1274/1274 1268/1268/1268 1279/1279/1279
f 1280/1280/1280 1269/1269/1269 1274/1274/1274
f 1275/1275/1275 1269/1269/1269 1280/1280/1280
f 1275/1275/1275 1281/1281/1281 1276/1276/1276
f 1276/1276/1276 1281/1281/1281 1282/1282/1282
f 1283/1283/1283 1272/1272/1272 1277/1277/1277
f 1278/1278/1278 1272/1272/1272 1283/1283/1283
f 1284/1284/1284 1273/1273/1273 1278/1278/1278
f 1279/1279/1279 1273/1273/1273 1284/1284/1284
f 1285/1285/1285 1274/1274/1274 1279/1279/1279
f 1280/1280/1280 1274/1274/1274 1285/1285/1285
f 1286/1286/1286 1275/1275/1275 1280/1280/1280
f 1281/1281/1281 1275/1275/1275 1286/1286/1286
f 1281/1281/1281 1287/1287/1287 1282/1282/1282
f 1282/1282/1282 1287/1287/1287 1288/1288/1288
f 1289/1289/1289 1278/1278/1278 1283/1283/1283
f 1284/1284/1284 1278/1278/1278 1289/1289/1289
f 1290/1290/1290 1279/1279/1279 1284/1284/1284
f 1285/1285/1285 1279/1279/1279 1290/1290/1290
f 1291/1291/1291 1280/1280/1280 1285/1285/1285
f 1286/1286/1286 1280/1280/1280 1291/1291/1291
f 1292/1292/1292 1281/1281/1281 1286/1286/1286
f 1287/1287/1287 1281/1281/1281 1292/1292/1292
f 1287/1287/1287 1293/1293/1293 1288/1288/1288
f 1288/1288/1288 1293/1293/1293 1294/1294/1294
f 1295/1295/1295 1284/1284/1284 1289/1289/1289
f 1290/1290/1290 1284/1284/1284 1295/1295/1295
f 1296/1296/1296 1285/1285/1285 1290/1290/1290
f 1291/1291/1291 1285/1285/1285 1296/1296/1296
f 1297/1297/1297 1286/1286/1286 1291/1291/1291
f 1292/1292/1292 1286/1286/1286 1297/1297/1297
f 1298/1298/1298 1287/1287/1287 1292/1292/1292
f 1293/1293/1293 1287/1287/1287 1298/1298/1298
f 1293/1293/1293 1299/1299/1299 1294/1294/1294
f 1294/1294/1294 1299/1299/1299 1300/1300/1300
f 1301/1301/1301 1290/1290/1290 1295/1295/1295
f 1296/1296/1296 1290/1290/1290 1301/1301/1301
f 1302/1302/1302 1291/1291/1291 1296/1296/1296
f 1297/1297/1297 1291/1291/1291 1302/1302/1302
f 1303/1303/1303 1292/1292/1292 1297/1297/1297
f 1298/1298/1298 1292/1292/1292 1303/1303/1303
f 1304/1304/1304 1293/1293/1293 1298/1298/1298
f 1299/1299/1299 1293/1293/1293 1304/1304/1304
f 1299/1299/1299 1305/1305/1305 1300/1300/1300
f 1300/1300/1300 1305/1305/1305 1306/1306/1306
f 1307/1307/1307 1296/1296/1296 1301/1301/1301
f 1302/1302/1302 1296/1296/1296 1307/1307/1307
f 1308/1308/1308 1297/1297/1297 1302/1302/1302
f 1303/1303/1303 1297/1297/1297 1308/1308/1308
f 1309/1309/1309 1298/1298/1298 1303/1303/1303
f 1304/1304/1304 1298/1298/1298 1309/1309/1309
f 1310/1310/1310 1299/1299/1299 1304/1304/1304
f 1305/1305/1305 1299/1299/1299 1310/1310/1310
f 1305/1305/1305 1311/1311/1311 1306/1306/1306
f 1306/1306/1306 1311/1311/1311 1312/1312/1312
f 1313/1313/1313 1302/1302/1302 1307/1307/1307
f 1308/1308/1308 1302/1302/1302 1313/1313/1313
f 1314/1314/1314 1303/1303/1303 1308/1308/1308
f 1309/1309/1309 1303/1303/1303 1314/1314/1314
f 1315/1315/1315 1304/1304/1304 1309/1309/1309
f 1310/1310/1310 1304/1304/1304 1315/1315/1315
f 1316/1316/1316 1305/1305/1305 1310/1310/1310
f 1311/1311/1311 1305/1305/1305 1316/1316/1316
f 1311/1311/1311 1317/1317/1317 1312/1312/1312
f 1312/1312/1312 1317/1317/1317 1318/1318/1318
f 1319/1319/1319 1308/1308/1308 1313/1313/1313
f 1314/1314/1314 1308/1308/1308 1319/1319/1319
f 1320/1320/1320 1309/1309/1309 1314/1314/1314
f 1315/1315/1315 1309/1309/1309 1320/1320/1320
f 1321/1321/1321 1310/1310/1310 1315/1315/1315
f 1316/1316/1316 1310/1310/1310 1321/1321/1321
f 1322/1322/1322 1311/1311/1311 1316/1316/1316
f 1317/1317/1317 1311/1311/1311 1322/1322/1322
f 1317/1317/1317 1323/1323/1323 1318/1318/1318
f 1318/1318/1318 1323/1323/1323 1324/1324/1324
f 1325/1325/1325 1314/1314/1314 1319/1319/1319
f 1320/1320/1320 1314/1314/1314 1325/1325/1325
f 1326/1326/1326 1315/1315/1315 1320/1320/1320
f 1321/1321/1321 1315/1315/1315 1326/1326/1326
f 1327/1327/1327 1316/1316/1316 1321/1321/1321
f 1322/1322/1322 1316/1316/1316 1327/1327/1327
f 1328/1328/1328 1317/1317/1317 1322/1322/1322
f 1323/1323/1323 1317/1317/1317 1328/1328/1328
f 1323/1323/1323 1329/1329/1329 1324/1324/1324
f 1324/1324/1324 1329/1329/1329 1330/1330/1330
f 1331/1331/1331 1321/1321/1321 1326/1326/1326
f 1327/1327/1327 1321/1321/1321 1332/1332/1332
f 1326/1326/1326 1320/1320/1320 1333/1333/1333
f 1333/1333/1333 1320/1320/1320 1325/1325/1325
f 1331/1331/1331 1326/1326/1326 1334/1334/1334
f 1334/1334/1334 1326/1326/1326 1333/1333/1333
f 1335/1335/1335 1331/1331/1331 1334/1334/1334
f 1336/1336/1336 1327/1327/1327 1332/1332/1332
f 1336/1336/1336 1332/1332/1332 1337/1337/1337
f 1334/1334/1334 1338/1338/1338 1335/1335/1335
f 1338/1338/1338 1339/1339/1339 1335/1335/1335
f 1333/1333/1333 1340/1340/1340 1334/1334/1334
f 1340/1340/1340 1338/1338/1338 1334/1334/1334
f 1325/1325/1325 1341/1341/1341 1333/1333/1333
f 1341/1341/1341 1340/1340/1340 1333/1333/1333
f 1339/1339/1339 1338/1338/1338 1342/1342/1342
f 1343/1343/1343 1339/1339/1339 1342/1342/1342
f 1338/1338/1338 1340/1340/1340 1344/1344/1344
f 1342/1342/1342 1338/1338/1338 1344/1344/1344
f 1343/1343/1343 1342/1342/1342 1345/1345/1345
f 1346/1346/1346 1343/1343/1343 1345/1345/1345
f 1347/1347/1347 1336/1336/1336 1337/1337/1337
f 1337/1337/1337 1348/1348/1348 1347/1347/1347
f 1349/1349/1349 1341/1341/1341 1325/1325/1325
f 1319/1319/1319 1349/1349/1349 1325/1325/1325
f 1340/1340/1340 1341/1341/1341 1350/1350/1350
f 1344/1344/1344 1340/1340/1340 1350/1350/1350
f 1342/1342/1342 1344/1344/1344 1351/1351/1351
f 1345/1345/1345 1342/1342/1342 1351/1351/1351
f 1348/1348/1348 1352/1352/1352 1347/1347/1347
f 1352/1352/1352 1348/1348/1348 1353/1353/1353
f 1354/1354/1354 1349/1349/1349 1319/1319/1319
f 1313/1313/1313 1354/1354/1354 1319/1319/1319
f 1341/1341/1341 1349/1349/1349 1355/1355/1355
f 1350/1350/1350 1341/1341/1341 1355/1355/1355
f 1344/1344/1344 1350/1350/1350 1356/1356/1356
f 1351/1351/1351 1344/1344/1344 1356/1356/1356
f 1357/1357/1357 1352/1352/1352 1353/1353/1353
f 1357/1357/1357 1353/1353/1353 1346/1346/1346
f 1358/1358/1358 1354/1354/1354 1313/1313/1313
f 1307/1307/1307 1358/1358/1358 1313/1313/1313
f 1349/1349/1349 1354/1354/1354 1359/1359/1359
f 1355/1355/1355 1349/1349/1349 1359/1359/1359
f 1350/1350/1350 1355/1355/1355 1360/1360/1360
f 1356/1356/1356 1350/1350/1350 1360/1360/1360
f 1361/1361/1361 1358/1358/1358 1307/1307/1307
f 1301/1301/1301 1361/1361/1361 1307/1307/1307
f 1354/1354/1354 1358/1358/1358 1362/1362/1362
f 1359/1359/1359 1354/1354/1354 1362/1362/1362
f 1355/1355/1355 1359/1359/1359 1363/1363/1363
f 1360/1360/1360 1355/1355/1355 1363/1363/1363
f 1364/1364/1364 1361/1361/1361 1301/1301/1301
f 1295/1295/1295 1364/1364/1364 1301/1301/1301
f 1358/1358/1358 1361/1361/1361 1365/1365/1365
f 1362/1362/1362 1358/1358/1358 1365/1365/1365
f 1359/1359/1359 1362/1362/1362 1366/1366/1366
f 1363/1363/1363 1359/1359/1359 1366/1366/1366
f 1367/1367/1367 1364/1364/1364 1295/1295/1295
f 1289/1289/1289 1367/1367/1367 1295/1295/1295
f 1361/1361/1361 1364/1364/1364 1368/1368/1368
f 1365/1365/1365 1361/1361/1361 1368/1368/1368
f 1362/1362/1362 1365/1365/1365 1369/1369/1369
f 1366/1366/1366 1362/1362/1362 1369/1369/1369
f 1370/1370/1370 1367/1367/1367 1289/1289/1289
f 1283/1283/1283 1370/1370/1370 1289/1289/1289
f 1364/1364/1364 1367/1367/1367 1371/1371/1371
f 1368/1368/1368 1364/1364/1364 1371/1371/1371
f 1365/1365/1365 1368/1368/1368 1372/1372/1372
f 1369/1369/1369 1365/1365/1365 1372/1372/1372
f 1373/1373/1373 1370/1370/1370 1283/1283/1283
f 1277/1277/1277 1373/1373/1373 1283/1283/1283
f 1367/1367/1367 1370/1370/1370 1374/1374/1374
f 1371/1371/1371 1367/1367/1367 1374/1374/1374
f 1368/1368/1368 1371/1371/1371 1375/1375/1375
f 1372/1372/1372 1368/1368/1368 1375/1375/1375
f 1376/1376/1376 1373/1373/1373 1277/1277/1277
f 1271/1271/1271 1376/1376/1376 1277/1277/1277
f 1370/1370/1370 1373/1373/1373 1377/1377/1377
f 1374/1374/1374 1370/1370/1370 1377/1377/1377
f 1371/1371/1371 1374/1374/1374 1378/1378/1378
f 1375/1375/1375 1371/1371/1371 1378/1378/1378
f 1379/1379/1379 1376/1376/1376 1271/1271/1271
f 1256/1256/1256 1379/1379/1379 1271/1271/1271
f 1373/1373/1373 1376/1376/1376 1380/1380/1380
f 1377/1377/1377 1373/1373/1373 1380/1380/1380
f 1374/1374/1374 1377/1377/1377 1381/1381/1381
f 1378/1378/1378 1374/1374/1374 1381/1381/1381
f 1382/1382/1382 1379/1379/1379 1256/1256/1256
f 1242/1242/1242 1382/1382/1382 1256/1256/1256
f 1232/1232/1232 1382/1382/1382 1242/1242/1242
f 1376/1376/1376 1379/1379/1379 1383/1383/1383
f 1380/1380/1380 1376/1376/1376 1383/1383/1383
f 1377/1377/1377 1380/1380/1380 1384/1384/1384
f 1381/1381/1381 1377/1377/1377 1384/1384/1384
f 1382/1382/1382 1232/1232/1232 1385/1385/1385
f 1385/1385/1385 1232/1232/1232 1226/1226/1226
f 1385/1385/1385 1226/1226/1226 1227/1227/1227
f 1379/1379/1379 1382/1382/1382 1386/1386/1386
f 1386/1386/1386 1382/1382/1382 1385/1385/1385
f 1383/1383/1383 1379/1379/1379 1386/1386/1386
f 1380/1380/1380 1383/1383/1383 1387/1387/1387
f 1384/1384/1384 1380/1380/1380 1387/1387/1387
f 1388/1388/1388 1385/1385/1385 1227/1227/1227
f 1386/1386/1386 1385/1385/1385 1388/1388/1388
f 1383/1383/1383 1386/1386/1386 1389/1389/1389
f 1387/1387/1387 1383/1383/1383 1389/1389/1389
f 1389/1389/1389 1386/1386/1386 1388/1388/1388
f 1388/1388/1388 1227/1227/1227 1390/1390/1390
f 1390/1390/1390 1227/1227/1227 1220/1220/1220
f 1390/1390/1390 1220/1220/1220 1214/1214/1214
f 1389/1389/1389 1388/1388/1388 1391/1391/1391
f 1391/1391/1391 1388/1388/1388 1390/1390/1390
f 1392/1392/1392 1390/1390/1390 1214/1214/1214
f 1391/1391/1391 1390/1390/1390 1392/1392/1392
f 1392/1392/1392 1214/1214/1214 1215/1215/1215
f 1392/1392/1392 1215/1215/1215 1393/1393/1393
f 1394/1394/1394 1392/1392/1392 1393/1393/1393
f 1394/1394/1394 1391/1391/1391 1392/1392/1392
f 1394/1394/1394 1393/1393/1393 1395/1395/1395
f 1396/1396/1396 1389/1389/1389 1391/1391/1391
f 1387/1387/1387 1389/1389/1389 1396/1396/1396
f 1396/1396/1396 1391/1391/1391 1394/1394/1394
f 1397/1397/1397 1394/1394/1394 1395/1395/1395
f 1397/1397/1397 1396/1396/1396 1394/1394/1394
f 1397/1397/1397 1395/1395/1395 1398/1398/1398
f 1399/1399/1399 1387/1387/1387 1396/1396/1396
f 1399/1399/1399 1396/1396/1396 1397/1397/1397
f 1384/1384/1384 1387/1387/1387 1399/1399/1399
f 1400/1400/1400 1397/1397/1397 1398/1398/1398
f 1400/1400/1400 1399/1399/1399 1397/1397/1397
f 1400/1400/1400 1398/1398/1398 1401/1401/1401
f 1402/1402/1402 1384/1384/1384 1399/1399/1399
f 1402/1402/1402 1399/1399/1399 1400/1400/1400
f 1381/1381/1381 1384/1384/1384 1402/1402/1402
f 1403/1403/1403 1400/1400/1400 1401/1401/1401
f 1403/1403/1403 1402/1402/1402 1400/1400/1400
f 1403/1403/1403 1401/1401/1401 1404/1404/1404
f 1405/1405/1405 1381/1381/1381 1402/1402/1402
f 1405/1405/1405 1402/1402/1402 1403/1403/1403
f 1378/1378/1378 1381/1381/1381 1405/1405/1405
f 1406/1406/1406 1403/1403/1403 1404/1404/1404
f 1406/1406/1406 1405/1405/1405 1403/1403/1403
f 1406/1406/1406 1404/1404/1404 1407/1407/1407
f 1408/1408/1408 1378/1378/1378 1405/1405/1405
f 1408/1408/1408 1405/1405/1405 1406/1406/1406
f 1375/1375/1375 1378/1378/1378 1408/1408/1408
f 1409/1409/1409 1406/1406/1406 1407/1407/1407
f 1409/1409/1409 1408/1408/1408 1406/1406/1406
f 1409/1409/1409 1407/1407/1407 1410/1410/1410
f 1411/1411/1411 1375/1375/1375 1408/1408/1408
f 1411/1411/1411 1408/1408/1408 1409/1409/1409
f 1372/1372/1372 1375/1375/1375 1411/1411/1411
f 1412/1412/1412 1409/1409/1409 1410/1410/1410
f 1412/1412/1412 1411/1411/1411 1409/1409/1409
f 1412/1412/1412 1410/1410/1410 1413/1413/1413
f 1414/1414/1414 1372/1372/1372 1411/1411/1411
f 1414/1414/1414 1411/1411/1411 1412/1412/1412
f 1369/1369/1369 1372/1372/1372 1414/1414/1414
f 1415/1415/1415 1412/1412/1412 1413/1413/1413
f 1415/1415/1415 1414/1414/1414 1412/1412/1412
f 1415/1415/1415 1413/1413/1413 1416/1416/1416
f 1417/1417/1417 1369/1369/1369 1414/1414/1414
f 1417/1417/1417 1414/1414/1414 1415/1415/1415
f 1366/1366/1366 1369/1369/1369 1417/1417/1417
f 1418/1418/1418 1415/1415/1415 1416/1416/1416
f 1418/1418/1418 1417/1417/1417 1415/1415/1415
f 1418/1418/1418 1416/1416/1416 1419/1419/1419
f 1420/1420/1420 1366/1366/1366 1417/1417/1417
f 1420/1420/1420 1417/1417/1417 1418/1418/1418
f 1363/1363/1363 1366/1366/1366 1420/1420/1420
f 1421/1421/1421 1418/1418/1418 1419/1419/1419
f 1421/1421/1421 1420/1420/1420 1418/1418/1418
f 1421/1421/1421 1419/1419/1419 1422/1422/1422
f 1423/1423/1423 1363/1363/1363 1420/1420/1420
f 1423/1423/1423 1420/1420/1420 1421/1421/1421
f 1360/1360/1360 1363/1363/1363 1423/1423/1423
f 1424/1424/1424 1421/1421/1421 1422/1422/1422
f 1424/1424/1424 1423/1423/1423 1421/1421/1421
f 1424/1424/1424 1422/1422/1422 1425/1425/1425
f 1426/1426/1426 1360/1360/1360 1423/1423/1423
f 1426/1426/1426 1423/1423/1423 1424/1424/1424
f 1356/1356/1356 1360/1360/1360 1426/1426/1426
f 1427/1427/1427 1424/1424/1424 1425/1425/1425
f 1427/1427/1427 1426/1426/1426 1424/1424/1424
f 1427/1427/1427 1425/1425/1425 1428/1428/1428
f 1429/1429/1429 1356/1356/1356 1426/1426/1426
f 1429/1429/1429 1426/1426/1426 1427/1427/1427
f 1351/1351/1351 1356/1356/1356 1429/1429/1429
f 1430/1430/1430 1427/1427/1427 1428/1428/1428
f 1430/1430/1430 1429/1429/1429 1427/1427/1427
f 1430/1430/1430 1428/1428/1428 1431/1431/1431
f 1432/1432/1432 1351/1351/1351 1429/1429/1429
f 1432/1432/1432 1429/1429/1429 1430/1430/1430
f 1345/1345/1345 1351/1351/1351 1432/1432/1432
f 1433/1433/1433 1430/1430/1430 1431/1431/1431
f 1433/1433/1433 1432/1432/1432 1430/1430/1430
f 1433/1433/1433 1431/1431/1431 1434/1434/1434
f 1435/1435/1435 1345/1345/1345 1432/1432/1432
f 1435/1435/1435 1432/1432/1432 1433/1433/1433
f 1346/1346/1346 1345/1345/1345 1435/1435/1435
f 1436/1436/1436 1433/1433/1433 1434/1434/1434
f 1436/1436/1436 1435/1435/1435 1433/1433/1433
f 1436/1436/1436 1434/1434/1434 1437/1437/1437
f 1438/1438/1438 1346/1346/1346 1435/1435/1435
f 1438/1438/1438 1435/1435/1435 1436/1436/1436
f 1439/1439/1439 1436/1436/1436 1437/1437/1437
f 1439/1439/1439 1438/1438/1438 1436/1436/1436
f 1439/1439/1439 1437/1437/1437 1440/1440/1440
f 1441/1441/1441 1346/1346/1346 1438/1438/1438
f 1441/1441/1441 1357/1357/1357 1346/1346/1346
f 1442/1442/1442 1439/1439/1439 1440/1440/1440
f 1442/1442/1442 1440/1440/1440 1443/1443/1443
f 1444/1444/1444 1438/1438/1438 1439/1439/1439
f 1444/1444/1444 1441/1441/1441 1438/1438/1438
f 1442/1442/1442 1444/1444/1444 1439/1439/1439
f 1445/1445/1445 1442/1442/1442 1443/1443/1443
f 1445/1445/1445 1443/1443/1443 1446/1446/1446
f 1447/1447/1447 1444/1444/1444 1442/1442/1442
f 1445/1445/1445 1447/1447/1447 1442/1442/1442
f 1448/1448/1448 1441/1441/1441 1444/1444/1444
f 1447/1447/1447 1448/1448/1448 1444/1444/1444
f 1449/1449/1449 1357/1357/1357 1441/1441/1441
f 1448/1448/1448 1449/1449/1449 1441/1441/1441
f 1450/1450/1450 1445/1445/1445 1446/1446/1446
f 1450/1450/1450 1446/1446/1446 1451/1451/1451
f 1452/1452/1452 1447/1447/1447 1445/1445/1445
f 1450/1450/1450 1452/1452/1452 1445/1445/1445
f 1453/1453/1453 1448/1448/1448 1447/1447/1447
f 1452/1452/1452 1453/1453/1453 1447/1447/1447
f 1454/1454/1454 1450/1450/1450 1451/1451/1451
f 1454/1454/1454 1451/1451/1451 1455/1455/1455
f 1456/1456/1456 1452/1452/1452 1450/1450/1450
f 1454/1454/1454 1456/1456/1456 1450/1450/1450
f 1457/1457/1457 1454/1454/1454 1455/1455/1455
f 1457/1457/1457 1455/1455/1455 1458/1458/1458
f 1449/1449/1449 1459/1459/1459 1357/1357/1357
f 1459/1459/1459 1352/1352/1352 1357/1357/1357
f 1460/1460/1460 1449/1449/1449 1448/1448/1448
f 1453/1453/1453 1460/1460/1460 1448/1448/1448
f 1461/1461/1461 1453/1453/1453 1452/1452/1452
f 1456/1456/1456 1461/1461/1461 1452/1452/1452
f 1462/1462/1462 1456/1456/1456 1454/1454/1454
f 1457/1457/1457 1462/1462/1462 1454/1454/1454
f 1463/1463/1463 1457/1457/1457 1458/1458/1458
f 1463/1463/1463 1458/1458/1458 1464/1464/1464
f 1352/1352/1352 1459/1459/1459 1465/1465/1465
f 1347/1347/1347 1352/1352/1352 1465/1465/1465
f 1466/1466/1466 1460/1460/1460 1453/1453/1453
f 1461/1461/1461 1466/1466/1466 1453/1453/1453
f 1467/1467/1467 1461/1461/1461 1456/1456/1456
f 1462/1462/1462 1467/1467/1467 1456/1456/1456
f 1468/1468/1468 1462/1462/1462 1457/1457/1457
f 1463/1463/1463 1468/1468/1468 1457/1457/1457
f 1469/1469/1469 1463/1463/1463 1464/1464/1464
f 1469/1469/1469 1464/1464/1464 1470/1470/1470
f 1465/1465/1465 1471/1471/1471 1347/1347/1347
f 1471/1471/1471 1336/1336/1336 1347/1347/1347
f 1472/1472/1472 1466/1466/1466 1461/1461/1461
f 1467/1467/1467 1472/1472/1472 1461/1461/1461
f 1473/1473/1473 1467/1467/1467 1462/1462/1462
f 1468/1468/1468 1473/1473/1473 1462/1462/1462
f 1474/1474/1474 1468/1468/1468 1463/1463/1463
f 1469/1469/1469 1474/1474/1474 1463/1463/1463
f 1475/1475/1475 1469/1469/1469 1470/1470/1470
f 1475/1475/1475 1470/1470/1470 1476/1476/1476
f 1471/1471/1471 1477/1477/1477 1336/1336/1336
f 1477/1477/1477 1327/1327/1327 1336/1336/1336
f 1477/1477/1477 1322/1322/1322 1327/1327/1327
f 1328/1328/1328 1322/1322/1322 1477/1477/1477
f 1478/1478/1478 1477/1477/1477 1471/1471/1471
f 1478/1478/1478 1328/1328/1328 1477/1477/1477
f 1479/1479/1479 1473/1473/1473 1468/1468/1468
f 1474/1474/1474 1479/1479/1479 1468/1468/1468
f 1480/1480/1480 1474/1474/1474 1469/1469/1469
f 1475/1475/1475 1480/1480/1480 1469/1469/1469
f 1481/1481/1481 1475/1475/1475 1476/1476/1476
f 1481/1481/1481 1476/1476/1476 1482/1482/1482
f 1483/1483/1483 1478/1478/1478 1471/1471/1471
f 1483/1483/1483 1471/1471/1471 1465/1465/1465
f 1484/1484/1484 1328/1328/1328 1478/1478/1478
f 1484/1484/1484 1323/1323/1323 1328/1328/1328
f 1329/1329/1329 1323/1323/1323 1484/1484/1484
f 1485/1485/1485 1484/1484/1484 1478/1478/1478
f 1485/1485/1485 1478/1478/1478 1483/1483/1483
f 1486/1486/1486 1483/1483/1483 1465/1465/1465
f 1465/1465/1465 1459/1459/1459 1486/1486/1486
f 1487/1487/1487 1329/1329/1329 1484/1484/1484
f 1487/1487/1487 1484/1484/1484 1485/1485/1485
f 1488/1488/1488 1485/1485/1485 1483/1483/1483
f 1488/1488/1488 1483/1483/1483 1486/1486/1486
f 1459/1459/1459 1489/1489/1489 1486/1486/1486
f 1489/1489/1489 1459/1459/1459 1449/1449/1449
f 1460/1460/1460 1489/1489/1489 1449/1449/1449
f 1486/1486/1486 1489/1489/1489 1490/1490/1490
f 1490/1490/1490 1488/1488/1488 1486/1486/1486
f 1491/1491/1491 1489/1489/1489 1460/1460/1460
f 1489/1489/1489 1491/1491/1491 1490/1490/1490
f 1466/1466/1466 1491/1491/1491 1460/1460/1460
f 1492/1492/1492 1485/1485/1485 1488/1488/1488
f 1492/1492/1492 1487/1487/1487 1485/1485/1485
f 1493/1493/1493 1329/1329/1329 1487/1487/1487
f 1329/1329/1329 1493/1493/1493 1330/1330/1330
f 1330/1330/1330 1493/1493/1493 1494/1494/1494
f 1495/1495/1495 1488/1488/1488 1490/1490/1490
f 1495/1495/1495 1492/1492/1492 1488/1488/1488
f 1490/1490/1490 1491/1491/1491 1496/1496/1496
f 1496/1496/1496 1495/1495/1495 1490/1490/1490
f 1497/1497/1497 1491/1491/1491 1466/1466/1466
f 1491/1491/1491 1497/1497/1497 1496/1496/1496
f 1472/1472/1472 1497/1497/1497 1466/1466/1466
f 1498/1498/1498 1487/1487/1487 1492/1492/1492
f 1498/1498/1498 1493/1493/1493 1487/1487/1487
f 1493/1493/1493 1499/1499/1499 1494/1494/1494
f 1499/1499/1499 1493/1493/1493 1498/1498/1498
f 1494/1494/1494 1499/1499/1499 1500/1500/1500
f 1501/1501/1501 1492/1492/1492 1495/1495/1495
f 1501/1501/1501 1498/1498/1498 1492/1492/1492
f 1502/1502/1502 1495/1495/1495 1496/1496/1496
f 1502/1502/1502 1501/1501/1501 1495/1495/1495
f 1496/1496/1496 1497/1497/1497 1503/1503/1503
f 1503/1503/1503 1502/1502/1502 1496/1496/1496
f 1504/1504/1504 1497/1497/1497 1472/1472/1472
f 1497/1497/1497 1504/1504/1504 1503/1503/1503
f 1499/1499/1499 1505/1505/1505 1500/1500/1500
f 1500/1500/1500 1505/1505/1505 1506/1506/1506
f 1507/1507/1507 1499/1499/1499 1498/1498/1498
f 1507/1507/1507 1498/1498/1498 1501/1501/1501
f 1505/1505/1505 1499/1499/1499 1507/1507/1507
f 1508/1508/1508 1501/1501/1501 1502/1502/1502
f 1508/1508/1508 1507/1507/1507 1501/1501/1501
f 1509/1509/1509 1502/1502/1502 1503/1503/1503
f 1509/1509/1509 1508/1508/1508 1502/1502/1502
f 1505/1505/1505 1510/1510/1510 1506/1506/1506
f 1506/1506/1506 1510/1510/1510 1511/1511/1511
f 1512/1512/1512 1505/1505/1505 1507/1507/1507
f 1512/1512/1512 1507/1507/1507 1508/1508/1508
f 1510/1510/1510 1505/1505/1505 1512/1512/1512
f 1510/1510/1510 1513/1513/1513 1511/1511/1511
f 1511/1511/1511 1513/1513/1513 1514/1514/1514
f 1515/1515/1515 1512/1512/1512 1508/1508/1508
f 1515/1515/1515 1508/1508/1508 1509/1509/1509
f 1516/1516/1516 1510/1510/1510 1512/1512/1512
f 1513/1513/1513 1510/1510/1510 1516/1516/1516
f 1516/1516/1516 1512/1512/1512 1515/1515/1515
f 1517/1517/1517 1509/1509/1509 1503/1503/1503
f 1503/1503/1503 1504/1504/1504 1517/1517/1517
f 1513/1513/1513 1518/1518/1518 1514/1514/1514
f 1514/1514/1514 1518/1518/1518 1519/1519/1519
f 1520/1520/1520 1515/1515/1515 1509/1509/1509
f 1520/1520/1520 1509/1509/1509 1517/1517/1517
f 1521/1521/1521 1516/1516/1516 1515/1515/1515
f 1521/1521/1521 1515/1515/1515 1520/1520/1520
f 1522/1522/1522 1513/1513/1513 1516/1516/1516
f 1518/1518/1518 1513/1513/1513 1522/1522/1522
f 1522/1522/1522 1516/1516/1516 1521/1521/1521
f 1518/1518/1518 1523/1523/1523 1519/1519/1519
f 1519/1519/1519 1523/1523/1523 1524/1524/1524
f 1525/1525/1525 1518/1518/1518 1522/1522/1522
f 1523/1523/1523 1518/1518/1518 1525/1525/1525
f 1526/1526/1526 1522/1522/1522 1521/1521/1521
f 1525/1525/1525 1522/1522/1522 1526/1526/1526
f 1527/1527/1527 1521/1521/1521 1520/1520/1520
f 1526/1526/1526 1521/1521/1521 1527/1527/1527
f 1528/1528/1528 1520/1520/1520 1517/1517/1517
f 1527/1527/1527 1520/1520/1520 1528/1528/1528
f 1523/1523/1523 1529/1529/1529 1524/1524/1524
f 1524/1524/1524 1529/1529/1529 1530/1530/1530
f 1531/1531/1531 1523/1523/1523 1525/1525/1525
f 1529/1529/1529 1523/1523/1523 1531/1531/1531
f 1532/1532/1532 1525/1525/1525 1526/1526/1526
f 1531/1531/1531 1525/1525/1525 1532/1532/1532
f 1533/1533/1533 1526/1526/1526 1527/1527/1527
f 1532/1532/1532 1526/1526/1526 1533/1533/1533
f 1529/1529/1529 1534/1534/1534 1530/1530/1530
f 1530/1530/1530 1534/1534/1534 1535/1535/1535
f 1536/1536/1536 1529/1529/1529 1531/1531/1531
f 1534/1534/1534 1529/1529/1529 1536/1536/1536
f 1537/1537/1537 1531/1531/1531 1532/1532/1532
f 1536/1536/1536 1531/1531/1531 1537/1537/1537
f 1534/1534/1534 1538/1538/1538 1535/1535/1535
f 1535/1535/1535 1538/1538/1538 1539/1539/1539
f 1540/1540/1540 1534/1534/1534 1536/1536/1536
f 1538/1538/1538 1534/1534/1534 1540/1540/1540
f 1538/1538/1538 1541/1541/1541 1539/1539/1539
f 1539/1539/1539 1541/1541/1541 1542/1542/1542
f 1533/1533/1533 1527/1527/1527 1543/1543/1543
f 1543/1543/1543 1527/1527/1527 1528/1528/1528
f 1544/1544/1544 1532/1532/1532 1533/1533/1533
f 1537/1537/1537 1532/1532/1532 1544/1544/1544
f 1545/1545/1545 1536/1536/1536 1537/1537/1537
f 1540/1540/1540 1536/1536/1536 1545/1545/1545
f 1546/1546/1546 1538/1538/1538 1540/1540/1540
f 1541/1541/1541 1538/1538/1538 1546/1546/1546
f 1541/1541/1541 1547/1547/1547 1542/1542/1542
f 1542/1542/1542 1547/1547/1547 1548/1548/1548
f 1549/1549/1549 1533/1533/1533 1543/1543/1543
f 1544/1544/1544 1533/1533/1533 1549/1549/1549
f 1550/1550/1550 1537/1537/1537 1544/1544/1544
f 1545/1545/1545 1537/1537/1537 1550/1550/1550
f 1551/1551/1551 1540/1540/1540 1545/1545/1545
f 1546/1546/1546 1540/1540/1540 1551/1551/1551
f 1552/1552/1552 1541/1541/1541 1546/1546/1546
f 1547/1547/1547 1541/1541/1541 1552/1552/1552
f 1547/1547/1547 1553/1553/1553 1548/1548/1548
f 1548/1548/1548 1553/1553/1553 1554/1554/1554
f 1555/1555/1555 1544/1544/1544 1549/1549/1549
f 1550/1550/1550 1544/1544/1544 1555/1555/1555
f 1556/1556/1556 1545/1545/1545 1550/1550/1550
f 1551/1551/1551 1545/1545/1545 1556/1556/1556
f 1557/1557/1557 1546/1546/1546 1551/1551/1551
f 1552/1552/1552 1546/1546/1546 1557/1557/1557
f 1558/1558/1558 1547/1547/1547 1552/1552/1552
f 1553/1553/1553 1547/1547/1547 1558/1558/1558
f 1553/1553/1553 1559/1559/1559 1554/1554/1554
f 1554/1554/1554 1559/1559/1559 1560/1560/1560
f 1561/1561/1561 1550/1550/1550 1555/1555/1555
f 1556/1556/1556 1550/1550/1550 1561/1561/1561
f 1562/1562/1562 1551/1551/1551 1556/1556/1556
f 1557/1557/1557 1551/1551/1551 1562/1562/1562
f 1563/1563/1563 1552/1552/1552 1557/1557/1557
f 1558/1558/1558 1552/1552/1552 1563/1563/1563
f 1564/1564/1564 1553/1553/1553 1558/1558/1558
f 1559/1559/1559 1553/1553/1553 1564/1564/1564
f 1559/1559/1559 1565/1565/1565 1560/1560/1560
f 1560/1560/1560 1565/1565/1565 1566/1566/1566
f 1567/1567/1567 1556/1556/1556 1561/1561/1561
f 1562/1562/1562 1556/1556/1556 1567/1567/1567
f 1568/1568/1568 1557/1557/1557 1562/1562/1562
f 1563/1563/1563 1557/1557/1557 1568/1568/1568
f 1569/1569/1569 1558/1558/1558 1563/1563/1563
f 1564/1564/1564 1558/1558/1558 1569/1569/1569
f 1570/1570/1570 1559/1559/1559 1564/1564/1564
f 1565/1565/1565 1559/1559/1559 1570/1570/1570
f 1565/1565/1565 1571/1571/1571 1566/1566/1566
f 1566/1566/1566 1571/1571/1571 1572/1572/1572
f 1573/1573/1573 1562/1562/1562 1567/1567/1567
f 1568/1568/1568 1562/1562/1562 1573/1573/1573
f 1574/1574/1574 1563/1563/1563 1568/1568/1568
f 1569/1569/1569 1563/1563/1563 1574/1574/1574
f 1575/1575/1575 1564/1564/1564 1569/1569/1569
f 1570/1570/1570 1564/1564/1564 1575/1575/1575
f 1576/1576/1576 1565/1565/1565 1570/1570/1570
f 1571/1571/1571 1565/1565/1565 1576/1576/1576
f 1571/1571/1571 1577/1577/1577 1572/1572/1572
f 1572/1572/1572 1577/1577/1577 1578/1578/1578
f 1579/1579/1579 1568/1568/1568 1573/1573/1573
f 1574/1574/1574 1568/1568/1568 1579/1579/1579
f 1580/1580/1580 1569/1569/1569 1574/1574/1574
f 1575/1575/1575 1569/1569/1569 1580/1580/1580
f 1581/1581/1581 1570/1570/1570 1575/1575/1575
f 1576/1576/1576 1570/1570/1570 1581/1581/1581
f 1582/1582/1582 1571/1571/1571 1576/1576/1576
f 1577/1577/1577 1571/1571/1571 1582/1582/1582
f 1577/1577/1577 1583/1583/1583 1578/1578/1578
f 1578/1578/1578 1583/1583/1583 1584/1584/1584
f 1585/1585/1585 1574/1574/1574 1579/1579/1579
f 1580/1580/1580 1574/1574/1574 1585/1585/1585
f 1586/1586/1586 1575/1575/1575 1580/1580/1580
f 1581/1581/1581 1575/1575/1575 1586/1586/1586
f 1587/1587/1587 1576/1576/1576 1581/1581/1581
f 1582/1582/1582 1576/1576/1576 1587/1587/1587
f 1588/1588/1588 1577/1577/1577 1582/1582/1582
f 1583/1583/1583 1577/1577/1577 1588/1588/1588
f 1583/1583/1583 1589/1589/1589 1584/1584/1584
f 1584/1584/1584 1589/1589/1589 1590/1590/1590
f 1591/1591/1591 1580/1580/1580 1585/1585/1585
f 1586/1586/1586 1580/1580/1580 1591/1591/1591
f 1592/1592/1592 1581/1581/1581 1586/1586/1586
f 1587/1587/1587 1581/1581/1581 1592/1592/1592
f 1593/1593/1593 1582/1582/1582 1587/1587/1587
f 1588/1588/1588 1582/1582/1582 1593/1593/1593
f 1594/1594/1594 1583/1583/1583 1588/1588/1588
f 1589/1589/1589 1583/1583/1583 1594/1594/1594
f 1589/1589/1589 1595/1595/1595 1590/1590/1590
f 1590/1590/1590 1595/1595/1595 1596/1596/1596
f 1597/1597/1597 1586/1586/1586 1591/1591/1591
f 1592/1592/1592 1586/1586/1586 1597/1597/1597
f 1598/1598/1598 1587/1587/1587 1592/1592/1592
f 1593/1593/1593 1587/1587/1587 1598/1598/1598
f 1599/1599/1599 1588/1588/1588 1593/1593/1593
f 1594/1594/1594 1588/1588/1588 1599/1599/1599
f 1600/1600/1600 1589/1589/1589 1594/1594/1594
f 1595/1595/1595 1589/1589/1589 1600/1600/1600
f 1595/1595/1595 1601/1601/1601 1596/1596/1596
f 1596/1596/1596 1601/1601/1601 1602/1602/1602
f 1603/1603/1603 1592/1592/1592 1597/1597/1597
f 1598/1598/1598 1592/1592/1592 1603/1603/1603
f 1604/1604/1604 1593/1593/1593 1598/1598/1598
f 1599/1599/1599 1593/1593/1593 1604/1604/1604
f 1605/1605/1605 1594/1594/1594 1599/1599/1599
f 1600/1600/1600 1594/1594/1594 1605/1605/1605
f 1606/1606/1606 1595/1595/1595 1600/1600/1600
f 1601/1601/1601 1595/1595/1595 1606/1606/1606
f 1601/1601/1601 1607/1607/1607 1602/1602/1602
f 1602/1602/1602 1607/1607/1607 1608/1608/1608
f 1609/1609/1609 1598/1598/1598 1603/1603/1603
f 1604/1604/1604 1598/1598/1598 1609/1609/1609
f 1610/1610/1610 1599/1599/1599 1604/1604/1604
f 1605/1605/1605 1599/1599/1599 1610/1610/1610
f 1611/1611/1611 1600/1600/1600 1605/1605/1605
f 1606/1606/1606 1600/1600/1600 1611/1611/1611
f 1612/1612/1612 1601/1601/1601 1606/1606/1606
f 1607/1607/1607 1601/1601/1601 1612/1612/1612
f 1607/1607/1607 1613/1613/1613 1608/1608/1608
f 1608/1608/1608 1613/1613/1613 1614/1614/1614
f 1615/1615/1615 1604/1604/1604 1609/1609/1609
f 1610/1610/1610 1604/1604/1604 1615/1615/1615
f 1616/1616/1616 1605/1605/1605 1610/1610/1610
f 1611/1611/1611 1605/1605/1605 1616/1616/1616
f 1617/1617/1617 1606/1606/1606 1611/1611/1611
f 1612/1612/1612 1606/1606/1606 1617/1617/1617
f 1618/1618/1618 1607/1607/1607 1612/1612/1612
f 1613/1613/1613 1607/1607/1607 1618/1618/1618
f 1613/1613/1613 1619/1619/1619 1614/1614/1614
f 1614/1614/1614 1619/1619/1619 1620/1620/1620
f 1621/1621/1621 1610/1610/1610 1615/1615/1615
f 1616/1616/1616 1610/1610/1610 1621/1621/1621
f 1622/1622/1622 1611/1611/1611 1616/1616/1616
f 1617/1617/1617 1611/1611/1611 1622/1622/1622
f 1623/1623/1623 1612/1612/1612 1617/1617/1617
f 1618/1618/1618 1612/1612/1612 1623/1623/1623
f 1624/1624/1624 1613/1613/1613 1618/1618/1618
f 1619/1619/1619 1613/1613/1613 1624/1624/1624
f 1619/1619/1619 1625/1625/1625 1620/1620/1620
f 1620/1620/1620 1625/1625/1625 1626/1626/1626
f 1627/1627/1627 1616/1616/1616 1621/1621/1621
f 1622/1622/1622 1616/1616/1616 1627/1627/1627
f 1628/1628/1628 1617/1617/1617 1622/1622/1622
f 1623/1623/1623 1617/1617/1617 1628/1628/1628
f 1629/1629/1629 1618/1618/1618 1623/1623/1623
f 1624/1624/1624 1618/1618/1618 1629/1629/1629
f 1630/1630/1630 1619/1619/1619 1624/1624/1624
f 1625/1625/1625 1619/1619/1619 1630/1630/1630
f 1625/1625/1625 1631/1631/1631 1626/1626/1626
f 1626/1626/1626 1631/1631/1631 1632/1632/1632
f 1633/1633/1633 1622/1622/1622 1627/1627/1627
f 1628/1628/1628 1622/1622/1622 1633/1633/1633
f 1634/1634/1634 1623/1623/1623 1628/1628/1628
f 1629/1629/1629 1623/1623/1623 1634/1634/1634
f 1635/1635/1635 1624/1624/1624 1629/1629/1629
f 1630/1630/1630 1624/1624/1624 1635/1635/1635
f 1636/1636/1636 1625/1625/1625 1630/1630/1630
f 1631/1631/1631 1625/1625/1625 1636/1636/1636
f 1631/1631/1631 1637/1637/1637 1632/1632/1632
f 1632/1632/1632 1637/1637/1637 1638/1638/1638
f 1639/1639/1639 1628/1628/1628 1633/1633/1633
f 1634/1634/1634 1628/1628/1628 1639/1639/1639
f 1640/1640/1640 1629/1629/1629 1634/1634/1634
f 1635/1635/1635 1629/1629/1629 1640/1640/1640
f 1641/1641/1641 1630/1630/1630 1635/1635/1635
f 1636/1636/1636 1630/1630/1630 1641/1641/1641
f 1642/1642/1642 1631/1631/1631 1636/1636/1636
f 1637/1637/1637 1631/1631/1631 1642/1642/1642
f 1637/1637/1637 1643/1643/1643 1638/1638/1638
f 1638/1638/1638 1643/1643/1643 1644/1644/1644
f 1645/1645/1645 1634/1634/1634 1639/1639/1639
f 1640/1640/1640 1634/1634/1634 1645/1645/1645
f 1646/1646/1646 1635/1635/1635 1640/1640/1640
f 1641/1641/1641 1635/1635/1635 1646/1646/1646
f 1647/1647/1647 1636/1636/1636 1641/1641/1641
f 1642/1642/1642 1636/1636/1636 1647/1647/1647
f 1648/1648/1648 1637/1637/1637 1642/1642/1642
f 1643/1643/1643 1637/1637/1637 1648/1648/1648
f 1643/1643/1643 1649/1649/1649 1644/1644/1644
f 1644/1644/1644 1649/1649/1649 1650/1650/1650
f 1651/1651/1651 1640/1640/1640 1645/1645/1645
f 1646/1646/1646 1640/1640/1640 1651/1651/1651
f 1652/1652/1652 1641/1641/1641 1646/1646/1646
f 1647/1647/1647 1641/1641/1641 1652/1652/1652
f 1653/1653/1653 1642/1642/1642 1647/1647/1647
f 1648/1648/1648 1642/1642/1642 1653/1653/1653
f 1654/1654/1654 1643/1643/1643 1648/1648/1648
f 1649/1649/1649 1643/1643/1643 1654/1654/1654
f 1649/1649/1649 1655/1655/1655 1650/1650/1650
f 1650/1650/1650 1655/1655/1655 1656/1656/1656
f 1657/1657/1657 1646/1646/1646 1651/1651/1651
f 1652/1652/1652 1646/1646/1646 1657/1657/1657
f 1658/1658/1658 1647/1647/1647 1652/1652/1652
f 1653/1653/1653 1647/1647/1647 1658/1658/1658
f 1659/1659/1659 1648/1648/1648 1653/1653/1653
f 1654/1654/1654 1648/1648/1648 1659/1659/1659
f 1660/1660/1660 1649/1649/1649 1654/1654/1654
f 1655/1655/1655 1649/1649/1649 1660/1660/1660
f 1655/1655/1655 1661/1661/1661 1656/1656/1656
f 1656/1656/1656 1661/1661/1661 1662/1662/1662
f 1663/1663/1663 1652/1652/1652 1657/1657/1657
f 1658/1658/1658 1652/1652/1652 1663/1663/1663
f 1664/1664/1664 1653/1653/1653 1658/1658/1658
f 1659/1659/1659 1653/1653/1653 1664/1664/1664
f 1665/1665/1665 1654/1654/1654 1659/1659/1659
f 1660/1660/1660 1654/1654/1654 1665/1665/1665
f 1666/1666/1666 1655/1655/1655 1660/1660/1660
f 1661/1661/1661 1655/1655/1655 1666/1666/1666
f 1661/1661/1661 1667/1667/1667 1662/1662/1662
f 1662/1662/1662 1667/1667/1667 1668/1668/1668
f 1669/1669/1669 1658/1658/1658 1663/1663/1663
f 1664/1664/1664 1658/1658/1658 1669/1669/1669
f 1670/1670/1670 1659/1659/1659 1664/1664/1664
f 1665/1665/1665 1659/1659/1659 1670/1670/1670
f 1671/1671/1671 1660/1660/1660 1665/1665/1665
f 1666/1666/1666 1660/1660/1660 1671/1671/1671
f 1672/1672/1672 1661/1661/1661 1666/1666/1666
f 1667/1667/1667 1661/1661/1661 1672/1672/1672
f 1667/1667/1667 1673/1673/1673 1668/1668/1668
f 1668/1668/1668 1673/1673/1673 1674/1674/1674
f 1675/1675/1675 1664/1664/1664 1669/1669/1669
f 1670/1670/1670 1664/1664/1664 1675/1675/1675
f 1676/1676/1676 1665/1665/1665 1670/1670/1670
f 1671/1671/1671 1665/1665/1665 1676/1676/1676
f 1677/1677/1677 1666/1666/1666 1671/1671/1671
f 1672/1672/1672 1666/1666/1666 1677/1677/1677
f 1678/1678/1678 1667/1667/1667 1672/1672/1672
f 1673/1673/1673 1667/1667/1667 1678/1678/1678
f 1673/1673/1673 1679/1679/1679 1674/1674/1674
f 1674/1674/1674 1679/1679/1679 1680/1680/1680
f 1681/1681/1681 1670/1670/1670 1675/1675/1675
f 1676/1676/1676 1670/1670/1670 1681/1681/1681
f 1682/1682/1682 1671/1671/1671 1676/1676/1676
f 1677/1677/1677 1671/1671/1671 1682/1682/1682
f 1683/1683/1683 1672/1672/1672 1677/1677/1677
f 1678/1678/1678 1672/1672/1672 1683/1683/1683
f 1684/1684/1684 1673/1673/1673 1678/1678/1678
f 1679/1679/1679 1673/1673/1673 1684/1684/1684
f 1679/1679/1679 1685/1685/1685 1680/1680/1680
f 1680/1680/1680 1685/1685/1685 1686/1686/1686
f 1687/1687/1687 1676/1676/1676 1681/1681/1681
f 1682/1682/1682 1676/1676/1676 1687/1687/1687
f 1688/1688/1688 1677/1677/1677 1682/1682/1682
f 1683/1683/1683 1677/1677/1677 1688/1688/1688
f 1689/1689/1689 1678/1678/1678 1683/1683/1683
f 1684/1684/1684 1678/1678/1678 1689/1689/1689
f 1690/1690/1690 1679/1679/1679 1684/1684/1684
f 1685/1685/1685 1679/1679/1679 1690/1690/1690
f 1685/1685/1685 1691/1691/1691 1686/1686/1686
f 1686/1686/1686 1691/1691/1691 1692/1692/1692
f 1693/1693/1693 1682/1682/1682 1687/1687/1687
f 1688/1688/1688 1682/1682/1682 1693/1693/1693
f 1694/1694/1694 1683/1683/1683 1688/1688/1688
f 1689/1689/1689 1683/1683/1683 1694/1694/1694
f 1695/1695/1695 1684/1684/1684 1689/1689/1689
f 1690/1690/1690 1684/1684/1684 1695/1695/1695
f 1696/1696/1696 1685/1685/1685 1690/1690/1690
f 1691/1691/1691 1685/1685/1685 1696/1696/1696
f 1691/1691/1691 1697/1697/1697 1692/1692/1692
f 1692/1692/1692 1697/1697/1697 1698/1698/1698
f 1699/1699/1699 1688/1688/1688 1693/1693/1693
f 1694/1694/1694 1688/1688/1688 1699/1699/1699
f 1700/1700/1700 1689/1689/1689 1694/1694/1694
f 1695/1695/1695 1689/1689/1689 1700/1700/1700
f 1701/1701/1701 1690/1690/1690 1695/1695/1695
f 1696/1696/1696 1690/1690/1690 1701/1701/1701
f 1702/1702/1702 1691/1691/1691 1696/1696/1696
f 1697/1697/1697 1691/1691/1691 1702/1702/1702
f 1697/1697/1697 1703/1703/1703 1698/1698/1698
f 1698/1698/1698 1703/1703/1703 1704/1704/1704
f 1705/1705/1705 1694/1694/1694 1699/1699/1699
f 1700/1700/1700 1694/1694/1694 1705/1705/1705
f 1706/1706/1706 1695/1695/1695 1700/1700/1700
f 1701/1701/1701 1695/1695/1695 1706/1706/1706
f 1707/1707/1707 1696/1696/1696 1701/1701/1701
f 1702/1702/1702 1696/1696/1696 1707/1707/1707
f 1708/1708/1708 1697/1697/1697 1702/1702/1702
f 1703/1703/1703 1697/1697/1697 1708/1708/1708
f 1703/1703/1703 1709/1709/1709 1704/1704/1704
f 1704/1704/1704 1709/1709/1709 1710/1710/1710
f 1711/1711/1711 1700/1700/1700 1705/1705/1705
f 1706/1706/1706 1700/1700/1700 1711/1711/1711
f 1712/1712/1712 1701/1701/1701 1706/1706/1706
f 1707/1707/1707 1701/1701/1701 1712/1712/1712
f 1713/1713/1713 1702/1702/1702 1707/1707/1707
f 1708/1708/1708 1702/1702/1702 1713/1713/1713
f 1714/1714/1714 1703/1703/1703 1708/1708/1708
f 1709/1709/1709 1703/1703/1703 1714/1714/1714
f 1709/1709/1709 1715/1715/1715 1710/1710/1710
f 1710/1710/1710 1715/1715/1715 1716/1716/1716
f 1717/1717/1717 1706/1706/1706 1711/1711/1711
f 1712/1712/1712 1706/1706/1706 1717/1717/1717
f 1718/1718/1718 1707/1707/1707 1712/1712/1712
f 1713/1713/1713 1707/1707/1707 1718/1718/1718
f 1719/1719/1719 1708/1708/1708 1713/1713/1713
f 1714/1714/1714 1708/1708/1708 1719/1719/1719
f 1720/1720/1720 1709/1709/1709 1714/1714/1714
f 1715/1715/1715 1709/1709/1709 1720/1720/1720
f 1715/1715/1715 1721/1721/1721 1716/1716/1716
f 1716/1716/1716 1721/1721/1721 1722/1722/1722
f 1723/1723/1723 1712/1712/1712 1717/1717/1717
f 1718/1718/1718 1712/1712/1712 1723/1723/1723
f 1724/1724/1724 1713/1713/1713 1718/1718/1718
f 1719/1719/1719 1713/1713/1713 1724/1724/1724
f 1725/1725/1725 1714/1714/1714 1719/1719/1719
f 1720/1720/1720 1714/1714/1714 1725/1725/1725
f 1726/1726/1726 1715/1715/1715 1720/1720/1720
f 1721/1721/1721 1715/1715/1715 1726/1726/1726
f 1721/1721/1721 1727/1727/1727 1722/1722/1722
f 1722/1722/1722 1727/1727/1727 1728/1728/1728
f 1729/1729/1729 1718/1718/1718 1723/1723/1723
f 1724/1724/1724 1718/1718/1718 1729/1729/1729
f 1730/1730/1730 1719/1719/1719 1724/1724/1724
f 1725/1725/1725 1719/1719/1719 1730/1730/1730
f 1731/1731/1731 1720/1720/1720 1725/1725/1725
f 1726/1726/1726 1720/1720/1720 1731/1731/1731
f 1732/1732/1732 1721/1721/1721 1726/1726/1726
f 1727/1727/1727 1721/1721/1721 1732/1732/1732
f 1727/1727/1727 1733/1733/1733 1728/1728/1728
f 1728/1728/1728 1733/1733/1733 1734/1734/1734
f 1735/1735/1735 1724/1724/1724 1729/1729/1729
f 1730/1730/1730 1724/1724/1724 1735/1735/1735
f 1736/1736/1736 1725/1725/1725 1730/1730/1730
f 1731/1731/1731 1725/1725/1725 1736/1736/1736
f 1737/1737/1737 1726/1726/1726 1731/1731/1731
f 1732/1732/1732 1726/1726/1726 1737/1737/1737
f 1738/1738/1738 1727/1727/1727 1732/1732/1732
f 1733/1733/1733 1727/1727/1727 1738/1738/1738
f 1733/1733/1733 1739/1739/1739 1734/1734/1734
f 1734/1734/1734 1739/1739/1739 1740/1740/1740
f 1741/1741/1741 1730/1730/1730 1735/1735/1735
f 1736/1736/1736 1730/1730/1730 1741/1741/1741
f 1742/1742/1742 1731/1731/1731 1736/1736/1736
f 1737/1737/1737 1731/1731/1731 1742/1742/1742
f 1743/1743/1743 1732/1732/1732 1737/1737/1737
f 1738/1738/1738 1732/1732/1732 1743/1743/1743
f 1744/1744/1744 1733/1733/1733 1738/1738/1738
f 1739/1739/1739 1733/1733/1733 1744/1744/1744
f 1739/1739/1739 1745/1745/1745 1740/1740/1740
f 1740/1740/1740 1745/1745/1745 1746/1746/1746
f 1747/1747/1747 1736/1736/1736 1741/1741/1741
f 1742/1742/1742 1736/1736/1736 1747/1747/1747
f 1748/1748/1748 1737/1737/1737 1742/1742/1742
f 1743/1743/1743 1737/1737/1737 1748/1748/1748
f 1749/1749/1749 1738/1738/1738 1743/1743/1743
f 1744/1744/1744 1738/1738/1738 1749/1749/1749
f 1750/1750/1750 1739/1739/1739 1744/1744/1744
f 1745/1745/1745 1739/1739/1739 1750/1750/1750
f 1745/1745/1745 1751/1751/1751 1746/1746/1746
f 1746/1746/1746 1751/1751/1751 1752/1752/1752
f 1753/1753/1753 1742/1742/1742 1747/1747/1747
f 1748/1748/1748 1742/1742/1742 1753/1753/1753
f 1754/1754/1754 1743/1743/1743 1748/1748/1748
f 1749/1749/1749 1743/1743/1743 1754/1754/1754
f 1755/1755/1755 1744/1744/1744 1749/1749/1749
f 1750/1750/1750 1744/1744/1744 1755/1755/1755
f 1756/1756/1756 1745/1745/1745 1750/1750/1750
f 1751/1751/1751 1745/1745/1745 1756/1756/1756
f 1751/1751/1751 1757/1757/1757 1752/1752/1752
f 1752/1752/1752 1757/1757/1757 1758/1758/1758
f 1759/1759/1759 1748/1748/1748 1753/1753/1753
f 1754/1754/1754 1748/1748/1748 1759/1759/1759
f 1760/1760/1760 1749/1749/1749 1754/1754/1754
f 1755/1755/1755 1749/1749/1749 1760/1760/1760
f 1761/1761/1761 1750/1750/1750 1755/1755/1755
f 1756/1756/1756 1750/1750/1750 1761/1761/1761
f 1762/1762/1762 1751/1751/1751 1756/1756/1756
f 1757/1757/1757 1751/1751/1751 1762/1762/1762
f 1757/1757/1757 1763/1763/1763 1758/1758/1758
f 1758/1758/1758 1763/1763/1763 1764/1764/1764
f 1765/1765/1765 1754/1754/1754 1759/1759/1759
f 1760/1760/1760 1754/1754/1754 1765/1765/1765
f 1766/1766/1766 1755/1755/1755 1760/1760/1760
f 1761/1761/1761 1755/1755/1755 1766/1766/1766
f 1767/1767/1767 1756/1756/1756 1761/1761/1761
f 1762/1762/1762 1756/1756/1756 1767/1767/1767
f 1768/1768/1768 1757/1757/1757 1762/1762/1762
f 1763/1763/1763 1757/1757/1757 1768/1768/1768
f 1763/1763/1763 1769/1769/1769 1764/1764/1764
f 1764/1764/1764 1769/1769/1769 1770/1770/1770
f 1771/1771/1771 1760/1760/1760 1765/1765/1765
f 1766/1766/1766 1760/1760/1760 1771/1771/1771
f 1772/1772/1772 1761/1761/1761 1766/1766/1766
f 1767/1767/1767 1761/1761/1761 1772/1772/1772
f 1773/1773/1773 1762/1762/1762 1767/1767/1767
f 1768/1768/1768 1762/1762/1762 1773/1773/1773
f 1774/1774/1774 1763/1763/1763 1768/1768/1768
f 1769/1769/1769 1763/1763/1763 1774/1774/1774
f 1769/1769/1769 1775/1775/1775 1770/1770/1770
f 1770/1770/1770 1775/1775/1775 1776/1776/1776
f 1777/1777/1777 1766/1766/1766 1771/1771/1771
f 1772/1772/1772 1766/1766/1766 1777/1777/1777
f 1778/1778/1778 1767/1767/1767 1772/1772/1772
f 1773/1773/1773 1767/1767/1767 1778/1778/1778
f 1779/1779/1779 1768/1768/1768 1773/1773/1773
f 1774/1774/1774 1768/1768/1768 1779/1779/1779
f 1780/1780/1780 1769/1769/1769 1774/1774/1774
f 1775/1775/1775 1769/1769/1769 1780/1780/1780
f 1775/1775/1775 1781/1781/1781 1776/1776/1776
f 1776/1776/1776 1781/1781/1781 1782/1782/1782
f 1783/1783/1783 1772/1772/1772 1777/1777/1777
f 1778/1778/1778 1772/1772/1772 1783/1783/1783
f 1784/1784/1784 1773/1773/1773 1778/1778/1778
f 1779/1779/1779 1773/1773/1773 1784/1784/1784
f 1785/1785/1785 1774/1774/1774 1779/1779/1779
f 1780/1780/1780 1774/1774/1774 1785/1785/1785
f 1786/1786/1786 1775/1775/1775 1780/1780/1780
f 1781/1781/1781 1775/1775/1775 1786/1786/1786
f 1781/1781/1781 1787/1787/1787 1782/1782/1782
f 1782/1782/1782 1787/1787/1787 1788/1788/1788
f 1789/1789/1789 1778/1778/1778 1783/1783/1783
f 1784/1784/1784 1778/1778/1778 1789/1789/1789
f 1790/1790/1790 1779/1779/1779 1784/1784/1784
f 1785/1785/1785 1779/1779/1779 1790/1790/1790
f 1791/1791/1791 1780/1780/1780 1785/1785/1785
f 1786/1786/1786 1780/1780/1780 1791/1791/1791
f 1792/1792/1792 1781/1781/1781 1786/1786/1786
f 1787/1787/1787 1781/1781/1781 1792/1792/1792
f 1787/1787/1787 1793/1793/1793 1788/1788/1788
f 1788/1788/1788 1793/1793/1793 1794/1794/1794
f 1795/1795/1795 1784/1784/1784 1789/1789/1789
f 1790/1790/1790 1784/1784/1784 1795/1795/1795
f 1796/1796/1796 1785/1785/1785 1790/1790/1790
f 1791/1791/1791 1785/1785/1785 1796/1796/1796
f 1797/1797/1797 1786/1786/1786 1791/1791/1791
f 1792/1792/1792 1786/1786/1786 1797/1797/1797
f 1798/1798/1798 1787/1787/1787 1792/1792/1792
f 1793/1793/1793 1787/1787/1787 1798/1798/1798
f 1793/1793/1793 1799/1799/1799 1794/1794/1794
f 1794/1794/1794 1799/1799/1799 1800/1800/1800
f 1801/1801/1801 1790/1790/1790 1795/1795/1795
f 1796/1796/1796 1790/1790/1790 1801/1801/1801
f 1802/1802/1802 1791/1791/1791 1796/1796/1796
f 1797/1797/1797 1791/1791/1791 1802/1802/1802
f 1803/1803/1803 1792/1792/1792 1797/1797/1797
f 1798/1798/1798 1792/1792/1792 1803/1803/1803
f 1804/1804/1804 1793/1793/1793 1798/1798/1798
f 1799/1799/1799 1793/1793/1793 1804/1804/1804
f 1799/1799/1799 1805/1805/1805 1800/1800/1800
f 1800/1800/1800 1805/1805/1805 1806/1806/1806
f 1807/1807/1807 1796/1796/1796 1801/1801/1801
f 1802/1802/1802 1796/1796/1796 1807/1807/1807
f 1808/1808/1808 1797/1797/1797 1802/1802/1802
f 1803/1803/1803 1797/1797/1797 1808/1808/1808
f 1809/1809/1809 1798/1798/1798 1803/1803/1803
f 1804/1804/1804 1798/1798/1798 1809/1809/1809
f 1810/1810/1810 1799/1799/1799 1804/1804/1804
f 1805/1805/1805 1799/1799/1799 1810/1810/1810
f 1805/1805/1805 1811/1811/1811 1806/1806/1806
f 1806/1806/1806 1811/1811/1811 1812/1812/1812
f 1813/1813/1813 1802/1802/1802 1807/1807/1807
f 1808/1808/1808 1802/1802/1802 1813/1813/1813
f 1814/1814/1814 1803/1803/1803 1808/1808/1808
f 1809/1809/1809 1803/1803/1803 1814/1814/1814
f 1815/1815/1815 1804/1804/1804 1809/1809/1809
f 1810/1810/1810 1804/1804/1804 1815/1815/1815
f 1816/1816/1816 1805/1805/1805 1810/1810/1810
f 1811/1811/1811 1805/1805/1805 1816/1816/1816
f 1811/1811/1811 1817/1817/1817 1812/1812/1812
f 1812/1812/1812 1817/1817/1817 1818/1818/1818
f 1819/1819/1819 1808/1808/1808 1813/1813/1813
f 1814/1814/1814 1808/1808/1808 1819/1819/1819
f 1820/1820/1820 1809/1809/1809 1814/1814/1814
f 1815/1815/1815 1809/1809/1809 1820/1820/1820
f 1821/1821/1821 1810/1810/1810 1815/1815/1815
f 1816/1816/1816 1810/1810/1810 1821/1821/1821
f 1822/1822/1822 1811/1811/1811 1816/1816/1816
f 1817/1817/1817 1811/1811/1811 1822/1822/1822
f 1817/1817/1817 1823/1823/1823 1818/1818/1818
f 1818/1818/1818 1823/1823/1823 1824/1824/1824
f 1825/1825/1825 1814/1814/1814 1819/1819/1819
f 1820/1820/1820 1814/1814/1814 1825/1825/1825
f 1826/1826/1826 1815/1815/1815 1820/1820/1820
f 1821/1821/1821 1815/1815/1815 1826/1826/1826
f 1827/1827/1827 1816/1816/1816 1821/1821/1821
f 1822/1822/1822 1816/1816/1816 1827/1827/1827
f 1828/1828/1828 1817/1817/1817 1822/1822/1822
f 1823/1823/1823 1817/1817/1817 1828/1828/1828
f 1823/1823/1823 1829/1829/1829 1824/1824/1824
f 1824/1824/1824 1829/1829/1829 1830/1830/1830
f 1831/1831/1831 1820/1820/1820 1825/1825/1825
f 1826/1826/1826 1820/1820/1820 1831/1831/1831
f 1832/1832/1832 1821/1821/1821 1826/1826/1826
f 1827/1827/1827 1821/1821/1821 1832/1832/1832
f 1833/1833/1833 1822/1822/1822 1827/1827/1827
f 1828/1828/1828 1822/1822/1822 1833/1833/1833
f 1834/1834/1834 1823/1823/1823 1828/1828/1828
f 1829/1829/1829 1823/1823/1823 1834/1834/1834
f 1829/1829/1829 1835/1835/1835 1830/1830/1830
f 1830/1830/1830 1835/1835/1835 1836/1836/1836
f 1837/1837/1837 1826/1826/1826 1831/1831/1831
f 1832/1832/1832 1826/1826/1826 1837/1837/1837
f 1838/1838/1838 1827/1827/1827 1832/1832/1832
f 1833/1833/1833 1827/1827/1827 1838/1838/1838
f 1839/1839/1839 1828/1828/1828 1833/1833/1833
f 1834/1834/1834 1828/1828/1828 1839/1839/1839
f 1840/1840/1840 1829/1829/1829 1834/1834/1834
f 1835/1835/1835 1829/1829/1829 1840/1840/1840
f 1835/1835/1835 1841/1841/1841 1836/1836/1836
f 1836/1836/1836 1841/1841/1841 1842/1842/1842
f 1843/1843/1843 1832/1832/1832 1837/1837/1837
f 1838/1838/1838 1832/1832/1832 1843/1843/1843
f 1844/1844/1844 1833/1833/1833 1838/1838/1838
f 1839/1839/1839 1833/1833/1833 1844/1844/1844
f 1845/1845/1845 1834/1834/1834 1839/1839/1839
f 1840/1840/1840 1834/1834/1834 1845/1845/1845
f 1846/1846/1846 1835/1835/1835 1840/1840/1840
f 1841/1841/1841 1835/1835/1835 1846/1846/1846
f 1841/1841/1841 1847/1847/1847 1842/1842/1842
f 1842/1842/1842 1847/1847/1847 1848/1848/1848
f 1849/1849/1849 1838/1838/1838 1843/1843/1843
f 1844/1844/1844 1838/1838/1838 1849/1849/1849
f 1850/1850/1850 1839/1839/1839 1844/1844/1844
f 1845/1845/1845 1839/1839/1839 1850/1850/1850
f 1851/1851/1851 1840/1840/1840 1845/1845/1845
f 1846/1846/1846 1840/1840/1840 1851/1851/1851
f 1852/1852/1852 1841/1841/1841 1846/1846/1846
f 1847/1847/1847 1841/1841/1841 1852/1852/1852
f 1847/1847/1847 1853/1853/1853 1848/1848/1848
f 1848/1848/1848 1853/1853/1853 1854/1854/1854
f 1855/1855/1855 1844/1844/1844 1849/1849/1849
f 1850/1850/1850 1844/1844/1844 1855/1855/1855
f 1856/1856/1856 1845/1845/1845 1850/1850/1850
f 1851/1851/1851 1845/1845/1845 1856/1856/1856
f 1857/1857/1857 1846/1846/1846 1851/1851/1851
f 1852/1852/1852 1846/1846/1846 1857/1857/1857
f 1858/1858/1858 1847/1847/1847 1852/1852/1852
f 1853/1853/1853 1847/1847/1847 1858/1858/1858
f 1853/1853/1853 1859/1859/1859 1854/1854/1854
f 1854/1854/1854 1859/1859/1859 1860/1860/1860
f 1861/1861/1861 1850/1850/1850 1855/1855/1855
f 1856/1856/1856 1850/1850/1850 1861/1861/1861
f 1862/1862/1862 1851/1851/1851 1856/1856/1856
f 1857/1857/1857 1851/1851/1851 1862/1862/1862
f 1863/1863/1863 1852/1852/1852 1857/1857/1857
f 1858/1858/1858 1852/1852/1852 1863/1863/1863
f 1864/1864/1864 1853/1853/1853 1858/1858/1858
f 1859/1859/1859 1853/1853/1853 1864/1864/1864
f 1859/1859/1859 1865/1865/1865 1860/1860/1860
f 1860/1860/1860 1865/1865/1865 1866/1866/1866
f 1867/1867/1867 1856/1856/1856 1861/1861/1861
f 1862/1862/1862 1856/1856/1856 1867/1867/1867
f 1868/1868/1868 1857/1857/1857 1862/1862/1862
f 1863/1863/1863 1857/1857/1857 1868/1868/1868
f 1869/1869/1869 1858/1858/1858 1863/1863/1863
f 1864/1864/1864 1858/1858/1858 1869/1869/1869
f 1870/1870/1870 1859/1859/1859 1864/1864/1864
f 1865/1865/1865 1859/1859/1859 1870/1870/1870
f 1865/1865/1865 1871/1871/1871 1866/1866/1866
f 1866/1866/1866 1871/1871/1871 1872/1872/1872
f 1873/1873/1873 1862/1862/1862 1867/1867/1867
f 1868/1868/1868 1862/1862/1862 1873/1873/1873
f 1874/1874/1874 1863/1863/1863 1868/1868/1868
f 1869/1869/1869 1863/1863/1863 1874/1874/1874
f 1875/1875/1875 1864/1864/1864 1869/1869/1869
f 1870/1870/1870 1864/1864/1864 1875/1875/1875
f 1876/1876/1876 1865/1865/1865 1870/1870/1870
f 1871/1871/1871 1865/1865/1865 1876/1876/1876
f 1871/1871/1871 1877/1877/1877 1872/1872/1872
f 1872/1872/1872 1877/1877/1877 1878/1878/1878
f 1879/1879/1879 1868/1868/1868 1873/1873/1873
f 1874/1874/1874 1868/1868/1868 1879/1879/1879
f 1880/1880/1880 1869/1869/1869 1874/1874/1874
f 1875/1875/1875 1869/1869/1869 1880/1880/1880
f 1881/1881/1881 1870/1870/1870 1875/1875/1875
f 1876/1876/1876 1870/1870/1870 1881/1881/1881
f 1882/1882/1882 1871/1871/1871 1876/1876/1876
f 1877/1877/1877 1871/1871/1871 1882/1882/1882
f 1877/1877/1877 1883/1883/1883 1878/1878/1878
f 1878/1878/1878 1883/1883/1883 1884/1884/1884
f 1885/1885/1885 1874/1874/1874 1879/1879/1879
f 1880/1880/1880 1874/1874/1874 1885/1885/1885
f 1886/1886/1886 1875/1875/1875 1880/1880/1880
f 1881/1881/1881 1875/1875/1875 1886/1886/1886
f 1887/1887/1887 1876/1876/1876 1881/1881/1881
f 1882/1882/1882 1876/1876/1876 1887/1887/1887
f 1888/1888/1888 1877/1877/1877 1882/1882/1882
f 1883/1883/1883 1877/1877/1877 1888/1888/1888
f 1883/1883/1883 1889/1889/1889 1884/1884/1884
f 1884/1884/1884 1889/1889/1889 1890/1890/1890
f 1891/1891/1891 1880/1880/1880 1885/1885/1885
f 1886/1886/1886 1880/1880/1880 1891/1891/1891
f 1892/1892/1892 1881/1881/1881 1886/1886/1886
f 1887/1887/1887 1881/1881/1881 1892/1892/1892
f 1893/1893/1893 1882/1882/1882 1887/1887/1887
f 1888/1888/1888 1882/1882/1882 1893/1893/1893
f 1894/1894/1894 1883/1883/1883 1888/1888/1888
f 1889/1889/1889 1883/1883/1883 1894/1894/1894
f 1889/1889/1889 1895/1895/1895 1890/1890/1890
f 1890/1890/1890 1895/1895/1895 1896/1896/1896
f 1897/1897/1897 1886/1886/1886 1891/1891/1891
f 1892/1892/1892 1886/1886/1886 1897/1897/1897
f 1898/1898/1898 1887/1887/1887 1892/1892/1892
f 1893/1893/1893 1887/1887/1887 1898/1898/1898
f 1899/1899/1899 1888/1888/1888 1893/1893/1893
f 1894/1894/1894 1888/1888/1888 1899/1899/1899
f 1900/1900/1900 1889/1889/1889 1894/1894/1894
f 1895/1895/1895 1889/1889/1889 1900/1900/1900
f 1895/1895/1895 1901/1901/1901 1896/1896/1896
f 1896/1896/1896 1901/1901/1901 1902/1902/1902
f 1903/1903/1903 1892/1892/1892 1897/1897/1897
f 1898/1898/1898 1892/1892/1892 1903/1903/1903
f 1904/1904/1904 1893/1893/1893 1898/1898/1898
f 1899/1899/1899 1893/1893/1893 1904/1904/1904
f 1905/1905/1905 1894/1894/1894 1899/1899/1899
f 1900/1900/1900 1894/1894/1894 1905/1905/1905
f 1906/1906/1906 1895/1895/1895 1900/1900/1900
f 1901/1901/1901 1895/1895/1895 1906/1906/1906
f 1901/1901/1901 1907/1907/1907 1902/1902/1902
f 1902/1902/1902 1907/1907/1907 1908/1908/1908
f 1909/1909/1909 1898/1898/1898 1903/1903/1903
f 1904/1904/1904 1898/1898/1898 1909/1909/1909
f 1910/1910/1910 1899/1899/1899 1904/1904/1904
f 1905/1905/1905 1899/1899/1899 1910/1910/1910
f 1911/1911/1911 1900/1900/1900 1905/1905/1905
f 1906/1906/1906 1900/1900/1900 1911/1911/1911
f 1912/1912/1912 1901/1901/1901 1906/1906/1906
f 1907/1907/1907 1901/1901/1901 1912/1912/1912
f 1907/1907/1907 1913/1913/1913 1908/1908/1908
f 1908/1908/1908 1913/1913/1913 1914/1914/1914
f 1915/1915/1915 1904/1904/1904 1909/1909/1909
f 1910/1910/1910 1904/1904/1904 1915/1915/1915
f 1916/1916/1916 1905/1905/1905 1910/1910/1910
f 1911/1911/1911 1905/1905/1905 1916/1916/1916
f 1917/1917/1917 1906/1906/1906 1911/1911/1911
f 1912/1912/1912 1906/1906/1906 1917/1917/1917
f 1918/1918/1918 1907/1907/1907 1912/1912/1912
f 1913/1913/1913 1907/1907/1907 1918/1918/1918
f 1913/1913/1913 1919/1919/1919 1914/1914/1914
f 1914/1914/1914 1919/1919/1919 1920/1920/1920
f 1921/1921/1921 1910/1910/1910 1915/1915/1915
f 1916/1916/1916 1910/1910/1910 1921/1921/1921
f 1922/1922/1922 1911/1911/1911 1916/1916/1916
f 1917/1917/1917 1911/1911/1911 1922/1922/1922
f 1923/1923/1923 1912/1912/1912 1917/1917/1917
f 1918/1918/1918 1912/1912/1912 1923/1923/1923
f 1924/1924/1924 1913/1913/1913 1918/1918/1918
f 1919/1919/1919 1913/1913/1913 1924/1924/1924
f 1919/1919/1919 1925/1925/1925 1920/1920/1920
f 1920/1920/1920 1925/1925/1925 1926/1926/1926
f 1927/1927/1927 1916/1916/1916 1921/1921/1921
f 1922/1922/1922 1916/1916/1916 1927/1927/1927
f 1928/1928/1928 1917/1917/1917 1922/1922/1922
f 1923/1923/1923 1917/1917/1917 1928/1928/1928
f 1929/1929/1929 1918/1918/1918 1923/1923/1923
f 1924/1924/1924 1918/1918/1918 1929/1929/1929
f 1930/1930/1930 1919/1919/1919 1924/1924/1924
f 1925/1925/1925 1919/1919/1919 1930/1930/1930
f 1925/1925/1925 1931/1931/1931 1926/1926/1926
f 1926/1926/1926 1931/1931/1931 1932/1932/1932
f 1933/1933/1933 1922/1922/1922 1927/1927/1927
f 1928/1928/1928 1922/1922/1922 1933/1933/1933
f 1934/1934/1934 1923/1923/1923 1928/1928/1928
f 1929/1929/1929 1923/1923/1923 1934/1934/1934
f 1935/1935/1935 1924/1924/1924 1929/1929/1929
f 1930/1930/1930 1924/1924/1924 1935/1935/1935
f 1936/1936/1936 1925/1925/1925 1930/1930/1930
f 1931/1931/1931 1925/1925/1925 1936/1936/1936
f 1931/1931/1931 1937/1937/1937 1932/1932/1932
f 1932/1932/1932 1937/1937/1937 1938/1938/1938
f 1939/1939/1939 1928/1928/1928 1933/1933/1933
f 1934/1934/1934 1928/1928/1928 1939/1939/1939
f 1940/1940/1940 1929/1929/1929 1934/1934/1934
f 1935/1935/1935 1929/1929/1929 1940/1940/1940
f 1941/1941/1941 1930/1930/1930 1935/1935/1935
f 1936/1936/1936 1930/1930/1930 1941/1941/1941
f 1942/1942/1942 1931/1931/1931 1936/1936/1936
f 1937/1937/1937 1931/1931/1931 1942/1942/1942
f 1937/1937/1937 1943/1943/1943 1938/1938/1938
f 1938/1938/1938 1943/1943/1943 1944/1944/1944
f 1945/1945/1945 1934/1934/1934 1939/1939/1939
f 1940/1940/1940 1934/1934/1934 1945/1945/1945
f 1946/1946/1946 1935/1935/1935 1940/1940/1940
f 1941/1941/1941 1935/1935/1935 1946/1946/1946
f 1947/1947/1947 1936/1936/1936 1941/1941/1941
f 1942/1942/1942 1936/1936/1936 1947/1947/1947
f 1948/1948/1948 1937/1937/1937 1942/1942/1942
f 1943/1943/1943 1937/1937/1937 1948/1948/1948
f 1943/1943/1943 1949/1949/1949 1944/1944/1944
f 1944/1944/1944 1949/1949/1949 1950/1950/1950
f 1951/1951/1951 1940/1940/1940 1945/1945/1945
f 1946/1946/1946 1940/1940/1940 1951/1951/1951
f 1952/1952/1952 1941/1941/1941 1946/1946/1946
f 1947/1947/1947 1941/1941/1941 1952/1952/1952
f 1953/1953/1953 1942/1942/1942 1947/1947/1947
f 1948/1948/1948 1942/1942/1942 1953/1953/1953
f 1954/1954/1954 1943/1943/1943 1948/1948/1948
f 1949/1949/1949 1943/1943/1943 1954/1954/1954
f 1949/1949/1949 1955/1955/1955 1950/1950/1950
f 1950/1950/1950 1955/1955/1955 1956/1956/1956
f 1957/1957/1957 1946/1946/1946 1951/1951/1951
f 1952/1952/1952 1946/1946/1946 1957/1957/1957
f 1958/1958/1958 1947/1947/1947 1952/1952/1952
f 1953/1953/1953 1947/1947/1947 1958/1958/1958
f 1959/1959/1959 1948/1948/1948 1953/1953/1953
f 1954/1954/1954 1948/1948/1948 1959/1959/1959
f 1960/1960/1960 1949/1949/1949 1954/1954/1954
f 1955/1955/1955 1949/1949/1949 1960/1960/1960
f 1955/1955/1955 1961/1961/1961 1956/1956/1956
f 1956/1956/1956 1961/1961/1961 1962/1962/1962
f 1963/1963/1963 1952/1952/1952 1957/1957/1957
f 1958/1958/1958 1952/1952/1952 1963/1963/1963
f 1964/1964/1964 1953/1953/1953 1958/1958/1958
f 1959/1959/1959 1953/1953/1953 1964/1964/1964
f 1965/1965/1965 1954/1954/1954 1959/1959/1959
f 1960/1960/1960 1954/1954/1954 1965/1965/1965
f 1966/1966/1966 1955/1955/1955 1960/1960/1960
f 1961/1961/1961 1955/1955/1955 1966/1966/1966
f 1961/1961/1961 1967/1967/1967 1962/1962/1962
f 1962/1962/1962 1967/1967/1967 1968/1968/1968
f 1969/1969/1969 1958/1958/1958 1963/1963/1963
f 1964/1964/1964 1958/1958/1958 1969/1969/1969
f 1970/1970/1970 1959/1959/1959 1964/1964/1964
f 1965/1965/1965 1959/1959/1959 1970/1970/1970
f 1971/1971/1971 1960/1960/1960 1965/1965/1965
f 1966/1966/1966 1960/1960/1960 1971/1971/1971
f 1972/1972/1972 1961/1961/1961 1966/1966/1966
f 1967/1967/1967 1961/1961/1961 1972/1972/1972
f 1967/1967/1967 1973/1973/1973 1968/1968/1968
f 1968/1968/1968 1973/1973/1973 1974/1974/1974
f 1975/1975/1975 1964/1964/1964 1969/1969/1969
f 1970/1970/1970 1964/1964/1964 1975/1975/1975
f 1976/1976/1976 1965/1965/1965 1970/1970/1970
f 1971/1971/1971 1965/1965/1965 1976/1976/1976
f 1977/1977/1977 1966/1966/1966 1971/1971/1971
f 1972/1972/1972 1966/1966/1966 1977/1977/1977
f 1978/1978/1978 1967/1967/1967 1972/1972/1972
f 1973/1973/1973 1967/1967/1967 1978/1978/1978
f 1973/1973/1973 1979/1979/1979 1974/1974/1974
f 1974/1974/1974 1979/1979/1979 1980/1980/1980
f 1981/1981/1981 1970/1970/1970 1975/1975/1975
f 1976/1976/1976 1970/1970/1970 1981/1981/1981
f 1982/1982/1982 1971/1971/1971 1976/1976/1976
f 1977/1977/1977 1971/1971/1971 1982/1982/1982
f 1983/1983/1983 1972/1972/1972 1977/1977/1977
f 1978/1978/1978 1972/1972/1972 1983/1983/1983
f 1984/1984/1984 1973/1973/1973 1978/1978/1978
f 1979/1979/1979 1973/1973/1973 1984/1984/1984
f 1979/1979/1979 1985/1985/1985 1980/1980/1980
f 1980/1980/1980 1985/1985/1985 1986/1986/1986
f 1987/1987/1987 1976/1976/1976 1981/1981/1981
f 1982/1982/1982 1976/1976/1976 1987/1987/1987
f 1988/1988/1988 1977/1977/1977 1982/1982/1982
f 1983/1983/1983 1977/1977/1977 1988/1988/1988
f 1989/1989/1989 1978/1978/1978 1983/1983/1983
f 1984/1984/1984 1978/1978/1978 1989/1989/1989
f 1990/1990/1990 1979/1979/1979 1984/1984/1984
f 1985/1985/1985 1979/1979/1979 1990/1990/1990
f 1985/1985/1985 1991/1991/1991 1986/1986/1986
f 1986/1986/1986 1991/1991/1991 1992/1992/1992
f 1993/1993/1993 1982/1982/1982 1987/1987/1987
f 1988/1988/1988 1982/1982/1982 1993/1993/1993
f 1994/1994/1994 1983/1983/1983 1988/1988/1988
f 1989/1989/1989 1983/1983/1983 1994/1994/1994
f 1995/1995/1995 1984/1984/1984 1989/1989/1989
f 1990/1990/1990 1984/1984/1984 1995/1995/1995
f 1996/1996/1996 1985/1985/1985 1990/1990/1990
f 1991/1991/1991 1985/1985/1985 1996/1996/1996
f 1991/1991/1991 1997/1997/1997 1992/1992/1992
f 1992/1992/1992 1997/1997/1997 1998/1998/1998
f 1999/1999/1999 1988/1988/1988 1993/1993/1993
f 1994/1994/1994 1988/1988/1988 1999/1999/1999
f 2000/2000/2000 1989/1989/1989 1994/1994/1994
f 1995/1995/1995 1989/1989/1989 2000/2000/2000
f 2001/2001/2001 1990/1990/1990 1995/1995/1995
f 1996/1996/1996 1990/1990/1990 2001/2001/2001
f 2002/2002/2002 1991/1991/1991 1996/1996/1996
f 1997/1997/1997 1991/1991/1991 2002/2002/2002
f 1997/1997/1997 2003/2003/2003 1998/1998/1998
f 1998/1998/1998 2003/2003/2003 2004/2004/2004
f 2005/2005/2005 1994/1994/1994 1999/1999/1999
f 2000/2000/2000 1994/1994/1994 2005/2005/2005
f 2006/2006/2006 1995/1995/1995 2000/2000/2000
f 2001/2001/2001 1995/1995/1995 2006/2006/2006
f 2007/2007/2007 1996/1996/1996 2001/2001/2001
f 2002/2002/2002 1996/1996/1996 2007/2007/2007
f 2008/2008/2008 1997/1997/1997 2002/2002/2002
f 2003/2003/2003 1997/1997/1997 2008/2008/2008
f 2003/2003/2003 2009/2009/2009 2004/2004/2004
f 2004/2004/2004 2009/2009/2009 2010/2010/2010
f 2011/2011/2011 2000/2000/2000 2005/2005/2005
f 2006/2006/2006 2000/2000/2000 2011/2011/2011
f 2012/2012/2012 2001/2001/2001 2006/2006/2006
f 2007/2007/2007 2001/2001/2001 2012/2012/2012
f 2013/2013/2013 2002/2002/2002 2007/2007/2007
f 2008/2008/2008 2002/2002/2002 2013/2013/2013
f 2014/2014/2014 2003/2003/2003 2008/2008/2008
f 2009/2009/2009 2003/2003/2003 2014/2014/2014
f 2009/2009/2009 2015/2015/2015 2010/2010/2010
f 2010/2010/2010 2015/2015/2015 2016/2016/2016
f 2017/2017/2017 2006/2006/2006 2011/2011/2011
f 2012/2012/2012 2006/2006/2006 2017/2017/2017
f 2018/2018/2018 2007/2007/2007 2012/2012/2012
f 2013/2013/2013 2007/2007/2007 2018/2018/2018
f 2019/2019/2019 2008/2008/2008 2013/2013/2013
f 2014/2014/2014 2008/2008/2008 2019/2019/2019
f 2020/2020/2020 2009/2009/2009 2014/2014/2014
f 2015/2015/2015 2009/2009/2009 2020/2020/2020
f 2015/2015/2015 2021/2021/2021 2016/2016/2016
f 2016/2016/2016 2021/2021/2021 2022/2022/2022
f 2023/2023/2023 2012/2012/2012 2017/2017/2017
f 2018/2018/2018 2012/2012/2012 2023/2023/2023
f 2024/2024/2024 2013/2013/2013 2018/2018/2018
f 2019/2019/2019 2013/2013/2013 2024/2024/2024
f 2025/2025/2025 2014/2014/2014 2019/2019/2019
f 2020/2020/2020 2014/2014/2014 2025/2025/2025
f 2026/2026/2026 2015/2015/2015 2020/2020/2020
f 2021/2021/2021 2015/2015/2015 2026/2026/2026
f 2021/2021/2021 2027/2027/2027 2022/2022/2022
f 2022/2022/2022 2027/2027/2027 2028/2028/2028
f 2029/2029/2029 2018/2018/2018 2023/2023/2023
f 2024/2024/2024 2018/2018/2018 2029/2029/2029
f 2030/2030/2030 2019/2019/2019 2024/2024/2024
f 2025/2025/2025 2019/2019/2019 2030/2030/2030
f 2031/2031/2031 2020/2020/2020 2025/2025/2025
f 2026/2026/2026 2020/2020/2020 2031/2031/2031
f 2032/2032/2032 2021/2021/2021 2026/2026/2026
f 2027/2027/2027 2021/2021/2021 2032/2032/2032
f 2027/2027/2027 2033/2033/2033 2028/2028/2028
f 2028/2028/2028 2033/2033/2033 2034/2034/2034
f 2035/2035/2035 2024/2024/2024 2029/2029/2029
f 2030/2030/2030 2024/2024/2024 2035/2035/2035
f 2036/2036/2036 2025/2025/2025 2030/2030/2030
f 2031/2031/2031 2025/2025/2025 2036/2036/2036
f 2037/2037/2037 2026/2026/2026 2031/2031/2031
f 2032/2032/2032 2026/2026/2026 2037/2037/2037
f 2038/2038/2038 2027/2027/2027 2032/2032/2032
f 2033/2033/2033 2027/2027/2027 2038/2038/2038
f 2033/2033/2033 2039/2039/2039 2034/2034/2034
f 2034/2034/2034 2039/2039/2039 2040/2040/2040
f 2041/2041/2041 2030/2030/2030 2035/2035/2035
f 2036/2036/2036 2030/2030/2030 2041/2041/2041
f 2042/2042/2042 2031/2031/2031 2036/2036/2036
f 2037/2037/2037 2031/2031/2031 2042/2042/2042
f 2043/2043/2043 2032/2032/2032 2037/2037/2037
f 2038/2038/2038 2032/2032/2032 2043/2043/2043
f 2044/2044/2044 2033/2033/2033 2038/2038/2038
f 2039/2039/2039 2033/2033/2033 2044/2044/2044
f 2039/2039/2039 2045/2045/2045 2040/2040/2040
f 2040/2040/2040 2045/2045/2045 2046/2046/2046
f 2047/2047/2047 2036/2036/2036 2041/2041/2041
f 2042/2042/2042 2036/2036/2036 2047/2047/2047
f 2048/2048/2048 2037/2037/2037 2042/2042/2042
f 2043/2043/2043 2037/2037/2037 2048/2048/2048
f 2049/2049/2049 2038/2038/2038 2043/2043/2043
f 2044/2044/2044 2038/2038/2038 2049/2049/2049
f 2050/2050/2050 2039/2039/2039 2044/2044/2044
f 2045/2045/2045 2039/2039/2039 2050/2050/2050
f 2045/2045/2045 2051/2051/2051 2046/2046/2046
f 2046/2046/2046 2051/2051/2051 2052/2052/2052
f 2053/2053/2053 2042/2042/2042 2047/2047/2047
f 2048/2048/2048 2042/2042/2042 2053/2053/2053
f 2054/2054/2054 2043/2043/2043 2048/2048/2048
f 2049/2049/2049 2043/2043/2043 2054/2054/2054
f 2055/2055/2055 2044/2044/2044 2049/2049/2049
f 2050/2050/2050 2044/2044/2044 2055/2055/2055
f 2056/2056/2056 2045/2045/2045 2050/2050/2050
f 2051/2051/2051 2045/2045/2045 2056/2056/2056
f 2051/2051/2051 2057/2057/2057 2052/2052/2052
f 2052/2052/2052 2057/2057/2057 2058/2058/2058
f 2059/2059/2059 2048/2048/2048 2053/2053/2053
f 2054/2054/2054 2048/2048/2048 2059/2059/2059
f 2060/2060/2060 2049/2049/2049 2054/2054/2054
f 2055/2055/2055 2049/2049/2049 2060/2060/2060
f 2061/2061/2061 2050/2050/2050 2055/2055/2055
f 2056/2056/2056 2050/2050/2050 2061/2061/2061
f 2062/2062/2062 2051/2051/2051 2056/2056/2056
f 2057/2057/2057 2051/2051/2051 2062/2062/2062
f 2057/2057/2057 2063/2063/2063 2058/2058/2058
f 2058/2058/2058 2063/2063/2063 2064/2064/2064
f 2065/2065/2065 2054/2054/2054 2059/2059/2059
f 2060/2060/2060 2054/2054/2054 2065/2065/2065
f 2066/2066/2066 2055/2055/2055 2060/2060/2060
f 2061/2061/2061 2055/2055/2055 2066/2066/2066
f 2067/2067/2067 2056/2056/2056 2061/2061/2061
f 2062/2062/2062 2056/2056/2056 2067/2067/2067
f 2068/2068/2068 2057/2057/2057 2062/2062/2062
f 2063/2063/2063 2057/2057/2057 2068/2068/2068
f 2063/2063/2063 2069/2069/2069 2064/2064/2064
f 2064/2064/2064 2069/2069/2069 2070/2070/2070
f 2071/2071/2071 2060/2060/2060 2065/2065/2065
f 2066/2066/2066 2060/2060/2060 2071/2071/2071
f 2072/2072/2072 2061/2061/2061 2066/2066/2066
f 2067/2067/2067 2061/2061/2061 2072/2072/2072
f 2073/2073/2073 2062/2062/2062 2067/2067/2067
f 2068/2068/2068 2062/2062/2062 2073/2073/2073
f 2074/2074/2074 2063/2063/2063 2068/2068/2068
f 2069/2069/2069 2063/2063/2063 2074/2074/2074
f 2069/2069/2069 2075/2075/2075 2070/2070/2070
f 2070/2070/2070 2075/2075/2075 2076/2076/2076
f 2077/2077/2077 2066/2066/2066 2071/2071/2071
f 2072/2072/2072 2066/2066/2066 2077/2077/2077
f 2078/2078/2078 2067/2067/2067 2072/2072/2072
f 2073/2073/2073 2067/2067/2067 2078/2078/2078
f 2079/2079/2079 2068/2068/2068 2073/2073/2073
f 2074/2074/2074 2068/2068/2068 2079/2079/2079
f 2080/2080/2080 2069/2069/2069 2074/2074/2074
f 2075/2075/2075 2069/2069/2069 2080/2080/2080
f 2075/2075/2075 2081/2081/2081 2076/2076/2076
f 2076/2076/2076 2081/2081/2081 2082/2082/2082
f 2083/2083/2083 2072/2072/2072 2077/2077/2077
f 2078/2078/2078 2072/2072/2072 2083/2083/2083
f 2084/2084/2084 2073/2073/2073 2078/2078/2078
f 2079/2079/2079 2073/2073/2073 2084/2084/2084
f 2085/2085/2085 2074/2074/2074 2079/2079/2079
f 2080/2080/2080 2074/2074/2074 2085/2085/2085
f 2086/2086/2086 2075/2075/2075 2080/2080/2080
f 2081/2081/2081 2075/2075/2075 2086/2086/2086
f 2081/2081/2081 2087/2087/2087 2082/2082/2082
f 2082/2082/2082 2087/2087/2087 2088/2088/2088
f 2089/2089/2089 2078/2078/2078 2083/2083/2083
f 2084/2084/2084 2078/2078/2078 2089/2089/2089
f 2090/2090/2090 2079/2079/2079 2084/2084/2084
f 2085/2085/2085 2079/2079/2079 2090/2090/2090
f 2091/2091/2091 2080/2080/2080 2085/2085/2085
f 2086/2086/2086 2080/2080/2080 2091/2091/2091
f 2092/2092/2092 2081/2081/2081 2086/2086/2086
f 2087/2087/2087 2081/2081/2081 2092/2092/2092
f 2087/2087/2087 2093/2093/2093 2088/2088/2088
f 2088/2088/2088 2093/2093/2093 2094/2094/2094
f 2095/2095/2095 2084/2084/2084 2089/2089/2089
f 2090/2090/2090 2084/2084/2084 2095/2095/2095
f 2096/2096/2096 2085/2085/2085 2090/2090/2090
f 2091/2091/2091 2085/2085/2085 2096/2096/2096
f 2097/2097/2097 2086/2086/2086 2091/2091/2091
f 2092/2092/2092 2086/2086/2086 2097/2097/2097
f 2098/2098/2098 2087/2087/2087 2092/2092/2092
f 2093/2093/2093 2087/2087/2087 2098/2098/2098
f 2093/2093/2093 2099/2099/2099 2094/2094/2094
f 2094/2094/2094 2099/2099/2099 2100/2100/2100
f 2101/2101/2101 2090/2090/2090 2095/2095/2095
f 2096/2096/2096 2090/2090/2090 2101/2101/2101
f 2102/2102/2102 2091/2091/2091 2096/2096/2096
f 2097/2097/2097 2091/2091/2091 2102/2102/2102
f 2103/2103/2103 2092/2092/2092 2097/2097/2097
f 2098/2098/2098 2092/2092/2092 2103/2103/2103
f 2104/2104/2104 2093/2093/2093 2098/2098/2098
f 2099/2099/2099 2093/2093/2093 2104/2104/2104
f 2099/2099/2099 2105/2105/2105 2100/2100/2100
f 2100/2100/2100 2105/2105/2105 2106/2106/2106
f 2107/2107/2107 2096/2096/2096 2101/2101/2101
f 2102/2102/2102 2096/2096/2096 2107/2107/2107
f 2108/2108/2108 2097/2097/2097 2102/2102/2102
f 2103/2103/2103 2097/2097/2097 2108/2108/2108
f 2109/2109/2109 2098/2098/2098 2103/2103/2103
f 2104/2104/2104 2098/2098/2098 2109/2109/2109
f 2110/2110/2110 2099/2099/2099 2104/2104/2104
f 2105/2105/2105 2099/2099/2099 2110/2110/2110
f 2105/2105/2105 2111/2111/2111 2106/2106/2106
f 2106/2106/2106 2111/2111/2111 2112/2112/2112
f 2113/2113/2113 2102/2102/2102 2107/2107/2107
f 2108/2108/2108 2102/2102/2102 2113/2113/2113
f 2114/2114/2114 2103/2103/2103 2108/2108/2108
f 2109/2109/2109 2103/2103/2103 2114/2114/2114
f 2115/2115/2115 2104/2104/2104 2109/2109/2109
f 2110/2110/2110 2104/2104/2104 2115/2115/2115
f 2116/2116/2116 2105/2105/2105 2110/2110/2110
f 2111/2111/2111 2105/2105/2105 2116/2116/2116
f 2111/2111/2111 2117/2117/2117 2112/2112/2112
f 2112/2112/2112 2117/2117/2117 2118/2118/2118
f 2119/2119/2119 2108/2108/2108 2113/2113/2113
f 2114/2114/2114 2108/2108/2108 2119/2119/2119
f 2120/2120/2120 2109/2109/2109 2114/2114/2114
f 2115/2115/2115 2109/2109/2109 2120/2120/2120
f 2121/2121/2121 2110/2110/2110 2115/2115/2115
f 2116/2116/2116 2110/2110/2110 2121/2121/2121
f 2122/2122/2122 2111/2111/2111 2116/2116/2116
f 2117/2117/2117 2111/2111/2111 2122/2122/2122
f 2117/2117/2117 2123/2123/2123 2118/2118/2118
f 2118/2118/2118 2123/2123/2123 2124/2124/2124
f 2125/2125/2125 2114/2114/2114 2119/2119/2119
f 2120/2120/2120 2114/2114/2114 2125/2125/2125
f 2126/2126/2126 2115/2115/2115 2120/2120/2120
f 2121/2121/2121 2115/2115/2115 2126/2126/2126
f 2127/2127/2127 2116/2116/2116 2121/2121/2121
f 2122/2122/2122 2116/2116/2116 2127/2127/2127
f 2128/2128/2128 2117/2117/2117 2122/2122/2122
f 2123/2123/2123 2117/2117/2117 2128/2128/2128
f 2123/2123/2123 2129/2129/2129 2124/2124/2124
f 2124/2124/2124 2129/2129/2129 2130/2130/2130
f 2131/2131/2131 2120/2120/2120 2125/2125/2125
f 2126/2126/2126 2120/2120/2120 2131/2131/2131
f 2132/2132/2132 2121/2121/2121 2126/2126/2126
f 2127/2127/2127 2121/2121/2121 2132/2132/2132
f 2133/2133/2133 2122/2122/2122 2127/2127/2127
f 2128/2128/2128 2122/2122/2122 2133/2133/2133
f 2134/2134/2134 2123/2123/2123 2128/2128/2128
f 2129/2129/2129 2123/2123/2123 2134/2134/2134
f 2129/2129/2129 2135/2135/2135 2130/2130/2130
f 2130/2130/2130 2135/2135/2135 2136/2136/2136
f 2137/2137/2137 2126/2126/2126 2131/2131/2131
f 2132/2132/2132 2126/2126/2126 2137/2137/2137
f 2138/2138/2138 2127/2127/2127 2132/2132/2132
f 2133/2133/2133 2127/2127/2127 2138/2138/2138
f 2139/2139/2139 2128/2128/2128 2133/2133/2133
f 2134/2134/2134 2128/2128/2128 2139/2139/2139
f 2140/2140/2140 2129/2129/2129 2134/2134/2134
f 2135/2135/2135 2129/2129/2129 2140/2140/2140
f 2135/2135/2135 2141/2141/2141 2136/2136/2136
f 2136/2136/2136 2141/2141/2141 2142/2142/2142
f 2143/2143/2143 2132/2132/2132 2137/2137/2137
f 2138/2138/2138 2132/2132/2132 2143/2143/2143
f 2144/2144/2144 2133/2133/2133 2138/2138/2138
f 2139/2139/2139 2133/2133/2133 2144/2144/2144
f 2145/2145/2145 2134/2134/2134 2139/2139/2139
f 2140/2140/2140 2134/2134/2134 2145/2145/2145
f 2146/2146/2146 2135/2135/2135 2140/2140/2140
f 2141/2141/2141 2135/2135/2135 2146/2146/2146
f 2141/2141/2141 2147/2147/2147 2142/2142/2142
f 2142/2142/2142 2147/2147/2147 2148/2148/2148
f 2149/2149/2149 2138/2138/2138 2143/2143/2143
f 2144/2144/2144 2138/2138/2138 2149/2149/2149
f 2150/2150/2150 2139/2139/2139 2144/2144/2144
f 2145/2145/2145 2139/2139/2139 2150/2150/2150
f 2151/2151/2151 2140/2140/2140 2145/2145/2145
f 2146/2146/2146 2140/2140/2140 2151/2151/2151
f 2152/2152/2152 2141/2141/2141 2146/2146/2146
f 2147/2147/2147 2141/2141/2141 2152/2152/2152
f 2147/2147/2147 2153/2153/2153 2148/2148/2148
f 2148/2148/2148 2153/2153/2153 2154/2154/2154
f 2155/2155/2155 2144/2144/2144 2149/2149/2149
f 2150/2150/2150 2144/2144/2144 2155/2155/2155
f 2156/2156/2156 2145/2145/2145 2150/2150/2150
f 2151/2151/2151 2145/2145/2145 2156/2156/2156
f 2157/2157/2157 2146/2146/2146 2151/2151/2151
f 2152/2152/2152 2146/2146/2146 2157/2157/2157
f 2158/2158/2158 2147/2147/2147 2152/2152/2152
f 2153/2153/2153 2147/2147/2147 2158/2158/2158
f 2153/2153/2153 2159/2159/2159 2154/2154/2154
f 2154/2154/2154 2159/2159/2159 2160/2160/2160
f 2161/2161/2161 2150/2150/2150 2155/2155/2155
f 2156/2156/2156 2150/2150/2150 2161/2161/2161
f 2162/2162/2162 2151/2151/2151 2156/2156/2156
f 2157/2157/2157 2151/2151/2151 2162/2162/2162
f 2163/2163/2163 2152/2152/2152 2157/2157/2157
f 2158/2158/2158 2152/2152/2152 2163/2163/2163
f 2164/2164/2164 2153/2153/2153 2158/2158/2158
f 2159/2159/2159 2153/2153/2153 2164/2164/2164
f 2159/2159/2159 2165/2165/2165 2160/2160/2160
f 2160/2160/2160 2165/2165/2165 2166/2166/2166
f 2167/2167/2167 2156/2156/2156 2161/2161/2161
f 2162/2162/2162 2156/2156/2156 2167/2167/2167
f 2168/2168/2168 2157/2157/2157 2162/2162/2162
f 2163/2163/2163 2157/2157/2157 2168/2168/2168
f 2169/2169/2169 2158/2158/2158 2163/2163/2163
f 2164/2164/2164 2158/2158/2158 2169/2169/2169
f 2170/2170/2170 2159/2159/2159 2164/2164/2164
f 2165/2165/2165 2159/2159/2159 2170/2170/2170
f 2165/2165/2165 2171/2171/2171 2166/2166/2166
f 2166/2166/2166 2171/2171/2171 2172/2172/2172
f 2173/2173/2173 2162/2162/2162 2167/2167/2167
f 2168/2168/2168 2162/2162/2162 2173/2173/2173
f 2174/2174/2174 2163/2163/2163 2168/2168/2168
f 2169/2169/2169 2163/2163/2163 2174/2174/2174
f 2175/2175/2175 2164/2164/2164 2169/2169/2169
f 2170/2170/2170 2164/2164/2164 2175/2175/2175
f 2176/2176/2176 2165/2165/2165 2170/2170/2170
f 2171/2171/2171 2165/2165/2165 2176/2176/2176
f 2171/2171/2171 2177/2177/2177 2172/2172/2172
f 2172/2172/2172 2177/2177/2177 2178/2178/2178
f 2177/2177/2177 2179/2179/2179 2178/2178/2178
f 2177/2177/2177 2171/2171/2171 2180/2180/2180
f 2180/2180/2180 2171/2171/2171 2176/2176/2176
f 2179/2179/2179 2177/2177/2177 2181/2181/2181
f 2181/2181/2181 2177/2177/2177 2180/2180/2180
f 2182/2182/2182 2179/2179/2179 2181/2181/2181
f 2176/2176/2176 2170/2170/2170 2183/2183/2183
f 2183/2183/2183 2170/2170/2170 2175/2175/2175
f 2175/2175/2175 2169/2169/2169 2184/2184/2184
f 2184/2184/2184 2169/2169/2169 2174/2174/2174
f 2180/2180/2180 2176/2176/2176 2185/2185/2185
f 2185/2185/2185 2176/2176/2176 2183/2183/2183
f 2181/2181/2181 2180/2180/2180 2186/2186/2186
f 2186/2186/2186 2180/2180/2180 2185/2185/2185
f 2182/2182/2182 2181/2181/2181 2187/2187/2187
f 2187/2187/2187 2181/2181/2181 2186/2186/2186
f 2188/2188/2188 2182/2182/2182 2187/2187/2187
f 2183/2183/2183 2175/2175/2175 2189/2189/2189
f 2189/2189/2189 2175/2175/2175 2184/2184/2184
f 2185/2185/2185 2183/2183/2183 2190/2190/2190
f 2190/2190/2190 2183/2183/2183 2189/2189/2189
f 2186/2186/2186 2185/2185/2185 2191/2191/2191
f 2191/2191/2191 2185/2185/2185 2190/2190/2190
f 2187/2187/2187 2186/2186/2186 2192/2192/2192
f 2192/2192/2192 2186/2186/2186 2191/2191/2191
f 2188/2188/2188 2187/2187/2187 2193/2193/2193
f 2193/2193/2193 2187/2187/2187 2192/2192/2192
f 2194/2194/2194 2188/2188/2188 2193/2193/2193
f 2194/2194/2194 2193/2193/2193 2195/2195/2195
f 2196/2196/2196 2194/2194/2194 2195/2195/2195
f 2193/2193/2193 2192/2192/2192 2197/2197/2197
f 2195/2195/2195 2193/2193/2193 2197/2197/2197
f 2192/2192/2192 2191/2191/2191 2198/2198/2198
f 2197/2197/2197 2192/2192/2192 2198/2198/2198
f 2191/2191/2191 2190/2190/2190 2199/2199/2199
f 2198/2198/2198 2191/2191/2191 2199/2199/2199
f 2190/2190/2190 2189/2189/2189 2200/2200/2200
f 2199/2199/2199 2190/2190/2190 2200/2200/2200
f 2195/2195/2195 2201/2201/2201 2196/2196/2196
f 2201/2201/2201 2202/2202/2202 2196/2196/2196
f 2197/2197/2197 2203/2203/2203 2195/2195/2195
f 2203/2203/2203 2201/2201/2201 2195/2195/2195
f 2198/2198/2198 2204/2204/2204 2197/2197/2197
f 2204/2204/2204 2203/2203/2203 2197/2197/2197
f 2199/2199/2199 2205/2205/2205 2198/2198/2198
f 2205/2205/2205 2204/2204/2204 2198/2198/2198
f 2202/2202/2202 2201/2201/2201 2206/2206/2206
f 2207/2207/2207 2202/2202/2202 2206/2206/2206
f 2201/2201/2201 2203/2203/2203 2208/2208/2208
f 2206/2206/2206 2201/2201/2201 2208/2208/2208
f 2203/2203/2203 2204/2204/2204 2209/2209/2209
f 2208/2208/2208 2203/2203/2203 2209/2209/2209
f 2207/2207/2207 2206/2206/2206 2210/2210/2210
f 2211/2211/2211 2207/2207/2207 2210/2210/2210
f 2206/2206/2206 2208/2208/2208 2212/2212/2212
f 2210/2210/2210 2206/2206/2206 2212/2212/2212
f 2211/2211/2211 2210/2210/2210 2213/2213/2213
f 2214/2214/2214 2211/2211/2211 2213/2213/2213
f 2215/2215/2215 2205/2205/2205 2199/2199/2199
f 2200/2200/2200 2215/2215/2215 2199/2199/2199
f 2204/2204/2204 2205/2205/2205 2216/2216/2216
f 2209/2209/2209 2204/2204/2204 2216/2216/2216
f 2208/2208/2208 2209/2209/2209 2217/2217/2217
f 2212/2212/2212 2208/2208/2208 2217/2217/2217
f 2210/2210/2210 2212/2212/2212 2218/2218/2218
f 2213/2213/2213 2210/2210/2210 2218/2218/2218
f 2214/2214/2214 2213/2213/2213 2219/2219/2219
f 2220/2220/2220 2214/2214/2214 2219/2219/2219
f 2220/2220/2220 2219/2219/2219 2221/2221/2221
f 2219/2219/2219 2222/2222/2222 2221/2221/2221
f 2219/2219/2219 2213/2213/2213 2223/2223/2223
f 2219/2219/2219 2223/2223/2223 2222/2222/2222
f 2213/2213/2213 2218/2218/2218 2223/2223/2223
f 2223/2223/2223 2224/2224/2224 2222/2222/2222
f 2223/2223/2223 2225/2225/2225 2224/2224/2224
f 2223/2223/2223 2218/2218/2218 2225/2225/2225
f 2225/2225/2225 2226/2226/2226 2224/2224/2224
f 2218/2218/2218 2212/2212/2212 2227/2227/2227
f 2218/2218/2218 2227/2227/2227 2225/2225/2225
f 2212/2212/2212 2217/2217/2217 2227/2227/2227
f 2225/2225/2225 2228/2228/2228 2226/2226/2226
f 2225/2225/2225 2227/2227/2227 2228/2228/2228
f 2228/2228/2228 2229/2229/2229 2226/2226/2226
f 2227/2227/2227 2217/2217/2217 2230/2230/2230
f 2227/2227/2227 2230/2230/2230 2228/2228/2228
f 2228/2228/2228 2231/2231/2231 2229/2229/2229
f 2228/2228/2228 2230/2230/2230 2231/2231/2231
f 2231/2231/2231 2232/2232/2232 2229/2229/2229
f 2217/2217/2217 2233/2233/2233 2230/2230/2230
f 2217/2217/2217 2209/2209/2209 2233/2233/2233
f 2209/2209/2209 2216/2216/2216 2233/2233/2233
f 2231/2231/2231 2234/2234/2234 2232/2232/2232
f 2234/2234/2234 2235/2235/2235 2232/2232/2232
f 2230/2230/2230 2236/2236/2236 2231/2231/2231
f 2230/2230/2230 2233/2233/2233 2236/2236/2236
f 2231/2231/2231 2236/2236/2236 2234/2234/2234
f 2233/2233/2233 2216/2216/2216 2237/2237/2237
f 2233/2233/2233 2237/2237/2237 2236/2236/2236
f 2234/2234/2234 2238/2238/2238 2235/2235/2235
f 2238/2238/2238 2239/2239/2239 2235/2235/2235
f 2236/2236/2236 2240/2240/2240 2234/2234/2234
f 2236/2236/2236 2237/2237/2237 2240/2240/2240
f 2234/2234/2234 2240/2240/2240 2238/2238/2238
f 2216/2216/2216 2241/2241/2241 2237/2237/2237
f 2216/2216/2216 2205/2205/2205 2241/2241/2241
f 2205/2205/2205 2215/2215/2215 2241/2241/2241
f 2238/2238/2238 2242/2242/2242 2239/2239/2239
f 2242/2242/2242 2243/2243/2243 2239/2239/2239
f 2240/2240/2240 2244/2244/2244 2238/2238/2238
f 2238/2238/2238 2244/2244/2244 2242/2242/2242
f 2237/2237/2237 2245/2245/2245 2240/2240/2240
f 2237/2237/2237 2241/2241/2241 2245/2245/2245
f 2240/2240/2240 2245/2245/2245 2244/2244/2244
f 2241/2241/2241 2215/2215/2215 2246/2246/2246
f 2241/2241/2241 2246/2246/2246 2245/2245/2245
f 2242/2242/2242 2247/2247/2247 2243/2243/2243
f 2247/2247/2247 2248/2248/2248 2243/2243/2243
f 2244/2244/2244 2249/2249/2249 2242/2242/2242
f 2242/2242/2242 2249/2249/2249 2247/2247/2247
f 2245/2245/2245 2250/2250/2250 2244/2244/2244
f 2245/2245/2245 2246/2246/2246 2250/2250/2250
f 2244/2244/2244 2250/2250/2250 2249/2249/2249
f 2215/2215/2215 2251/2251/2251 2246/2246/2246
f 2251/2251/2251 2215/2215/2215 2200/2200/2200
f 2247/2247/2247 2252/2252/2252 2248/2248/2248
f 2252/2252/2252 2253/2253/2253 2248/2248/2248
f 2249/2249/2249 2254/2254/2254 2247/2247/2247
f 2247/2247/2247 2254/2254/2254 2252/2252/2252
f 2250/2250/2250 2255/2255/2255 2249/2249/2249
f 2249/2249/2249 2255/2255/2255 2254/2254/2254
f 2246/2246/2246 2256/2256/2256 2250/2250/2250
f 2246/2246/2246 2251/2251/2251 2256/2256/2256
f 2250/2250/2250 2256/2256/2256 2255/2255/2255
f 2257/2257/2257 2251/2251/2251 2200/2200/2200
f 2200/2200/2200 2189/2189/2189 2257/2257/2257
f 2189/2189/2189 2184/2184/2184 2257/2257/2257
f 2252/2252/2252 2258/2258/2258 2253/2253/2253
f 2258/2258/2258 2259/2259/2259 2253/2253/2253
f 2254/2254/2254 2260/2260/2260 2252/2252/2252
f 2252/2252/2252 2260/2260/2260 2258/2258/2258
f 2255/2255/2255 2261/2261/2261 2254/2254/2254
f 2254/2254/2254 2261/2261/2261 2260/2260/2260
f 2256/2256/2256 2262/2262/2262 2255/2255/2255
f 2255/2255/2255 2262/2262/2262 2261/2261/2261
f 2251/2251/2251 2263/2263/2263 2256/2256/2256
f 2263/2263/2263 2251/2251/2251 2257/2257/2257
f 2256/2256/2256 2263/2263/2263 2262/2262/2262
f 2257/2257/2257 2184/2184/2184 2264/2264/2264
f 2264/2264/2264 2263/2263/2263 2257/2257/2257
f 2184/2184/2184 2174/2174/2174 2264/2264/2264
f 2258/2258/2258 2265/2265/2265 2259/2259/2259
f 2265/2265/2265 2266/2266/2266 2259/2259/2259
f 2260/2260/2260 2267/2267/2267 2258/2258/2258
f 2258/2258/2258 2267/2267/2267 2265/2265/2265
f 2261/2261/2261 2268/2268/2268 2260/2260/2260
f 2260/2260/2260 2268/2268/2268 2267/2267/2267
f 2262/2262/2262 2269/2269/2269 2261/2261/2261
f 2261/2261/2261 2269/2269/2269 2268/2268/2268
f 2263/2263/2263 2270/2270/2270 2262/2262/2262
f 2270/2270/2270 2263/2263/2263 2264/2264/2264
f 2262/2262/2262 2270/2270/2270 2269/2269/2269
f 2264/2264/2264 2174/2174/2174 2271/2271/2271
f 2271/2271/2271 2270/2270/2270 2264/2264/2264
f 2174/2174/2174 2168/2168/2168 2271/2271/2271
f 2271/2271/2271 2168/2168/2168 2173/2173/2173
f 2272/2272/2272 2270/2270/2270 2271/2271/2271
f 2270/2270/2270 2272/2272/2272 2269/2269/2269
f 2173/2173/2173 2272/2272/2272 2271/2271/2271
f 2269/2269/2269 2273/2273/2273 2268/2268/2268
f 2269/2269/2269 2272/2272/2272 2273/2273/2273
f 2274/2274/2274 2272/2272/2272 2173/2173/2173
f 2272/2272/2272 2274/2274/2274 2273/2273/2273
f 2167/2167/2167 2274/2274/2274 2173/2173/2173
f 2268/2268/2268 2273/2273/2273 2275/2275/2275
f 2268/2268/2268 2275/2275/2275 2267/2267/2267
f 2276/2276/2276 2274/2274/2274 2167/2167/2167
f 2161/2161/2161 2276/2276/2276 2167/2167/2167
f 2273/2273/2273 2274/2274/2274 2277/2277/2277
f 2273/2273/2273 2277/2277/2277 2275/2275/2275
f 2274/2274/2274 2276/2276/2276 2277/2277/2277
f 2267/2267/2267 2275/2275/2275 2278/2278/2278
f 2267/2267/2267 2278/2278/2278 2265/2265/2265
f 2279/2279/2279 2276/2276/2276 2161/2161/2161
f 2155/2155/2155 2279/2279/2279 2161/2161/2161
f 2275/2275/2275 2277/2277/2277 2280/2280/2280
f 2275/2275/2275 2280/2280/2280 2278/2278/2278
f 2277/2277/2277 2276/2276/2276 2281/2281/2281
f 2276/2276/2276 2279/2279/2279 2281/2281/2281
f 2277/2277/2277 2281/2281/2281 2280/2280/2280
f 2265/2265/2265 2278/2278/2278 2282/2282/2282
f 2265/2265/2265 2282/2282/2282 2266/2266/2266
f 2282/2282/2282 2283/2283/2283 2266/2266/2266
f 2284/2284/2284 2279/2279/2279 2155/2155/2155
f 2149/2149/2149 2284/2284/2284 2155/2155/2155
f 2278/2278/2278 2280/2280/2280 2285/2285/2285
f 2278/2278/2278 2285/2285/2285 2282/2282/2282
f 2282/2282/2282 2286/2286/2286 2283/2283/2283
f 2282/2282/2282 2285/2285/2285 2286/2286/2286
f 2286/2286/2286 2287/2287/2287 2283/2283/2283
f 2280/2280/2280 2281/2281/2281 2288/2288/2288
f 2280/2280/2280 2288/2288/2288 2285/2285/2285
f 2281/2281/2281 2279/2279/2279 2289/2289/2289
f 2279/2279/2279 2284/2284/2284 2289/2289/2289
f 2281/2281/2281 2289/2289/2289 2288/2288/2288
f 2290/2290/2290 2284/2284/2284 2149/2149/2149
f 2143/2143/2143 2290/2290/2290 2149/2149/2149
f 2286/2286/2286 2291/2291/2291 2287/2287/2287
f 2291/2291/2291 2292/2292/2292 2287/2287/2287
f 2285/2285/2285 2293/2293/2293 2286/2286/2286
f 2285/2285/2285 2288/2288/2288 2293/2293/2293
f 2286/2286/2286 2293/2293/2293 2291/2291/2291
f 2288/2288/2288 2289/2289/2289 2294/2294/2294
f 2288/2288/2288 2294/2294/2294 2293/2293/2293
f 2289/2289/2289 2284/2284/2284 2295/2295/2295
f 2284/2284/2284 2290/2290/2290 2295/2295/2295
f 2289/2289/2289 2295/2295/2295 2294/2294/2294
f 2296/2296/2296 2290/2290/2290 2143/2143/2143
f 2137/2137/2137 2296/2296/2296 2143/2143/2143
f 2291/2291/2291 2297/2297/2297 2292/2292/2292
f 2297/2297/2297 2298/2298/2298 2292/2292/2292
f 2293/2293/2293 2299/2299/2299 2291/2291/2291
f 2293/2293/2293 2294/2294/2294 2299/2299/2299
f 2291/2291/2291 2299/2299/2299 2297/2297/2297
f 2294/2294/2294 2295/2295/2295 2300/2300/2300
f 2294/2294/2294 2300/2300/2300 2299/2299/2299
f 2295/2295/2295 2290/2290/2290 2301/2301/2301
f 2290/2290/2290 2296/2296/2296 2301/2301/2301
f 2295/2295/2295 2301/2301/2301 2300/2300/2300
f 2302/2302/2302 2296/2296/2296 2137/2137/2137
f 2131/2131/2131 2302/2302/2302 2137/2137/2137
f 2297/2297/2297 2303/2303/2303 2298/2298/2298
f 2303/2303/2303 2304/2304/2304 2298/2298/2298
f 2299/2299/2299 2305/2305/2305 2297/2297/2297
f 2299/2299/2299 2300/2300/2300 2305/2305/2305
f 2297/2297/2297 2305/2305/2305 2303/2303/2303
f 2300/2300/2300 2301/2301/2301 2306/2306/2306
f 2300/2300/2300 2306/2306/2306 2305/2305/2305
f 2301/2301/2301 2296/2296/2296 2307/2307/2307
f 2296/2296/2296 2302/2302/2302 2307/2307/2307
f 2301/2301/2301 2307/2307/2307 2306/2306/2306
f 2308/2308/2308 2302/2302/2302 2131/2131/2131
f 2125/2125/2125 2308/2308/2308 2131/2131/2131
f 2303/2303/2303 2309/2309/2309 2304/2304/2304
f 2309/2309/2309 2310/2310/2310 2304/2304/2304
f 2305/2305/2305 2311/2311/2311 2303/2303/2303
f 2305/2305/2305 2306/2306/2306 2311/2311/2311
f 2303/2303/2303 2311/2311/2311 2309/2309/2309
f 2306/2306/2306 2307/2307/2307 2312/2312/2312
f 2306/2306/2306 2312/2312/2312 2311/2311/2311
f 2307/2307/2307 2302/2302/2302 2313/2313/2313
f 2302/2302/2302 2308/2308/2308 2313/2313/2313
f 2307/2307/2307 2313/2313/2313 2312/2312/2312
f 2314/2314/2314 2308/2308/2308 2125/2125/2125
f 2119/2119/2119 2314/2314/2314 2125/2125/2125
f 2309/2309/2309 2315/2315/2315 2310/2310/2310
f 2315/2315/2315 2316/2316/2316 2310/2310/2310
f 2311/2311/2311 2317/2317/2317 2309/2309/2309
f 2311/2311/2311 2312/2312/2312 2317/2317/2317
f 2309/2309/2309 2317/2317/2317 2315/2315/2315
f 2312/2312/2312 2313/2313/2313 2318/2318/2318
f 2312/2312/2312 2318/2318/2318 2317/2317/2317
f 2313/2313/2313 2308/2308/2308 2319/2319/2319
f 2308/2308/2308 2314/2314/2314 2319/2319/2319
f 2313/2313/2313 2319/2319/2319 2318/2318/2318
f 2320/2320/2320 2314/2314/2314 2119/2119/2119
f 2113/2113/2113 2320/2320/2320 2119/2119/2119
f 2315/2315/2315 2321/2321/2321 2316/2316/2316
f 2321/2321/2321 2322/2322/2322 2316/2316/2316
f 2317/2317/2317 2323/2323/2323 2315/2315/2315
f 2317/2317/2317 2318/2318/2318 2323/2323/2323
f 2315/2315/2315 2323/2323/2323 2321/2321/2321
f 2318/2318/2318 2319/2319/2319 2324/2324/2324
f 2318/2318/2318 2324/2324/2324 2323/2323/2323
f 2319/2319/2319 2314/2314/2314 2325/2325/2325
f 2314/2314/2314 2320/2320/2320 2325/2325/2325
f 2319/2319/2319 2325/2325/2325 2324/2324/2324
f 2326/2326/2326 2320/2320/2320 2113/2113/2113
f 2107/2107/2107 2326/2326/2326 2113/2113/2113
f 2321/2321/2321 2327/2327/2327 2322/2322/2322
f 2327/2327/2327 2328/2328/2328 2322/2322/2322
f 2323/2323/2323 2329/2329/2329 2321/2321/2321
f 2323/2323/2323 2324/2324/2324 2329/2329/2329
f 2321/2321/2321 2329/2329/2329 2327/2327/2327
f 2324/2324/2324 2325/2325/2325 2330/2330/2330
f 2324/2324/2324 2330/2330/2330 2329/2329/2329
f 2325/2325/2325 2320/2320/2320 2331/2331/2331
f 2320/2320/2320 2326/2326/2326 2331/2331/2331
f 2325/2325/2325 2331/2331/2331 2330/2330/2330
f 2332/2332/2332 2326/2326/2326 2107/2107/2107
f 2101/2101/2101 2332/2332/2332 2107/2107/2107
f 2327/2327/2327 2333/2333/2333 2328/2328/2328
f 2333/2333/2333 2334/2334/2334 2328/2328/2328
f 2329/2329/2329 2335/2335/2335 2327/2327/2327
f 2329/2329/2329 2330/2330/2330 2335/2335/2335
f 2327/2327/2327 2335/2335/2335 2333/2333/2333
f 2330/2330/2330 2331/2331/2331 2336/2336/2336
f 2330/2330/2330 2336/2336/2336 2335/2335/2335
f 2331/2331/2331 2326/2326/2326 2337/2337/2337
f 2326/2326/2326 2332/2332/2332 2337/2337/2337
f 2331/2331/2331 2337/2337/2337 2336/2336/2336
f 2338/2338/2338 2332/2332/2332 2101/2101/2101
f 2095/2095/2095 2338/2338/2338 2101/2101/2101
f 2333/2333/2333 2339/2339/2339 2334/2334/2334
f 2339/2339/2339 2340/2340/2340 2334/2334/2334
f 2335/2335/2335 2341/2341/2341 2333/2333/2333
f 2335/2335/2335 2336/2336/2336 2341/2341/2341
f 2333/2333/2333 2341/2341/2341 2339/2339/2339
f 2336/2336/2336 2337/2337/2337 2342/2342/2342
f 2336/2336/2336 2342/2342/2342 2341/2341/2341
f 2337/2337/2337 2332/2332/2332 2343/2343/2343
f 2332/2332/2332 2338/2338/2338 2343/2343/2343
f 2337/2337/2337 2343/2343/2343 2342/2342/2342
f 2344/2344/2344 2338/2338/2338 2095/2095/2095
f 2089/2089/2089 2344/2344/2344 2095/2095/2095
f 2339/2339/2339 2345/2345/2345 2340/2340/2340
f 2345/2345/2345 2346/2346/2346 2340/2340/2340
f 2341/2341/2341 2347/2347/2347 2339/2339/2339
f 2341/2341/2341 2342/2342/2342 2347/2347/2347
f 2339/2339/2339 2347/2347/2347 2345/2345/2345
f 2342/2342/2342 2343/2343/2343 2348/2348/2348
f 2342/2342/2342 2348/2348/2348 2347/2347/2347
f 2343/2343/2343 2338/2338/2338 2349/2349/2349
f 2338/2338/2338 2344/2344/2344 2349/2349/2349
f 2343/2343/2343 2349/2349/2349 2348/2348/2348
f 2350/2350/2350 2344/2344/2344 2089/2089/2089
f 2083/2083/2083 2350/2350/2350 2089/2089/2089
f 2345/2345/2345 2351/2351/2351 2346/2346/2346
f 2351/2351/2351 2352/2352/2352 2346/2346/2346
f 2347/2347/2347 2353/2353/2353 2345/2345/2345
f 2347/2347/2347 2348/2348/2348 2353/2353/2353
f 2345/2345/2345 2353/2353/2353 2351/2351/2351
f 2348/2348/2348 2349/2349/2349 2354/2354/2354
f 2348/2348/2348 2354/2354/2354 2353/2353/2353
f 2349/2349/2349 2344/2344/2344 2355/2355/2355
f 2344/2344/2344 2350/2350/2350 2355/2355/2355
f 2349/2349/2349 2355/2355/2355 2354/2354/2354
f 2356/2356/2356 2350/2350/2350 2083/2083/2083
f 2077/2077/2077 2356/2356/2356 2083/2083/2083
f 2351/2351/2351 2357/2357/2357 2352/2352/2352
f 2357/2357/2357 2358/2358/2358 2352/2352/2352
f 2353/2353/2353 2359/2359/2359 2351/2351/2351
f 2353/2353/2353 2354/2354/2354 2359/2359/2359
f 2351/2351/2351 2359/2359/2359 2357/2357/2357
f 2354/2354/2354 2355/2355/2355 2360/2360/2360
f 2354/2354/2354 2360/2360/2360 2359/2359/2359
f 2355/2355/2355 2350/2350/2350 2361/2361/2361
f 2350/2350/2350 2356/2356/2356 2361/2361/2361
f 2355/2355/2355 2361/2361/2361 2360/2360/2360
f 2362/2362/2362 2356/2356/2356 2077/2077/2077
f 2071/2071/2071 2362/2362/2362 2077/2077/2077
f 2357/2357/2357 2363/2363/2363 2358/2358/2358
f 2363/2363/2363 2364/2364/2364 2358/2358/2358
f 2359/2359/2359 2365/2365/2365 2357/2357/2357
f 2359/2359/2359 2360/2360/2360 2365/2365/2365
f 2357/2357/2357 2365/2365/2365 2363/2363/2363
f 2360/2360/2360 2361/2361/2361 2366/2366/2366
f 2360/2360/2360 2366/2366/2366 2365/2365/2365
f 2361/2361/2361 2356/2356/2356 2367/2367/2367
f 2356/2356/2356 2362/2362/2362 2367/2367/2367
f 2361/2361/2361 2367/2367/2367 2366/2366/2366
f 2368/2368/2368 2362/2362/2362 2071/2071/2071
f 2065/2065/2065 2368/2368/2368 2071/2071/2071
f 2363/2363/2363 2369/2369/2369 2364/2364/2364
f 2369/2369/2369 2370/2370/2370 2364/2364/2364
f 2365/2365/2365 2371/2371/2371 2363/2363/2363
f 2365/2365/2365 2366/2366/2366 2371/2371/2371
f 2363/2363/2363 2371/2371/2371 2369/2369/2369
f 2366/2366/2366 2367/2367/2367 2372/2372/2372
f 2366/2366/2366 2372/2372/2372 2371/2371/2371
f 2367/2367/2367 2362/2362/2362 2373/2373/2373
f 2362/2362/2362 2368/2368/2368 2373/2373/2373
f 2367/2367/2367 2373/2373/2373 2372/2372/2372
f 2374/2374/2374 2368/2368/2368 2065/2065/2065
f 2059/2059/2059 2374/2374/2374 2065/2065/2065
f 2369/2369/2369 2375/2375/2375 2370/2370/2370
f 2375/2375/2375 2376/2376/2376 2370/2370/2370
f 2371/2371/2371 2377/2377/2377 2369/2369/2369
f 2371/2371/2371 2372/2372/2372 2377/2377/2377
f 2369/2369/2369 2377/2377/2377 2375/2375/2375
f 2372/2372/2372 2373/2373/2373 2378/2378/2378
f 2372/2372/2372 2378/2378/2378 2377/2377/2377
f 2373/2373/2373 2368/2368/2368 2379/2379/2379
f 2368/2368/2368 2374/2374/2374 2379/2379/2379
f 2373/2373/2373 2379/2379/2379 2378/2378/2378
f 2380/2380/2380 2374/2374/2374 2059/2059/2059
f 2053/2053/2053 2380/2380/2380 2059/2059/2059
f 2375/2375/2375 2381/2381/2381 2376/2376/2376
f 2381/2381/2381 2382/2382/2382 2376/2376/2376
f 2377/2377/2377 2383/2383/2383 2375/2375/2375
f 2377/2377/2377 2378/2378/2378 2383/2383/2383
f 2375/2375/2375 2383/2383/2383 2381/2381/2381
f 2378/2378/2378 2379/2379/2379 2384/2384/2384
f 2378/2378/2378 2384/2384/2384 2383/2383/2383
f 2379/2379/2379 2374/2374/2374 2385/2385/2385
f 2374/2374/2374 2380/2380/2380 2385/2385/2385
f 2379/2379/2379 2385/2385/2385 2384/2384/2384
f 2386/2386/2386 2380/2380/2380 2053/2053/2053
f 2047/2047/2047 2386/2386/2386 2053/2053/2053
f 2381/2381/2381 2387/2387/2387 2382/2382/2382
f 2387/2387/2387 2388/2388/2388 2382/2382/2382
f 2383/2383/2383 2389/2389/2389 2381/2381/2381
f 2383/2383/2383 2384/2384/2384 2389/2389/2389
f 2381/2381/2381 2389/2389/2389 2387/2387/2387
f 2384/2384/2384 2385/2385/2385 2390/2390/2390
f 2384/2384/2384 2390/2390/2390 2389/2389/2389
f 2385/2385/2385 2380/2380/2380 2391/2391/2391
f 2380/2380/2380 2386/2386/2386 2391/2391/2391
f 2385/2385/2385 2391/2391/2391 2390/2390/2390
f 2392/2392/2392 2386/2386/2386 2047/2047/2047
f 2041/2041/2041 2392/2392/2392 2047/2047/2047
f 2387/2387/2387 2393/2393/2393 2388/2388/2388
f 2393/2393/2393 2394/2394/2394 2388/2388/2388
f 2389/2389/2389 2395/2395/2395 2387/2387/2387
f 2389/2389/2389 2390/2390/2390 2395/2395/2395
f 2387/2387/2387 2395/2395/2395 2393/2393/2393
f 2390/2390/2390 2391/2391/2391 2396/2396/2396
f 2390/2390/2390 2396/2396/2396 2395/2395/2395
f 2391/2391/2391 2386/2386/2386 2397/2397/2397
f 2386/2386/2386 2392/2392/2392 2397/2397/2397
f 2391/2391/2391 2397/2397/2397 2396/2396/2396
f 2398/2398/2398 2392/2392/2392 2041/2041/2041
f 2035/2035/2035 2398/2398/2398 2041/2041/2041
f 2393/2393/2393 2399/2399/2399 2394/2394/2394
f 2399/2399/2399 2400/2400/2400 2394/2394/2394
f 2395/2395/2395 2401/2401/2401 2393/2393/2393
f 2395/2395/2395 2396/2396/2396 2401/2401/2401
f 2393/2393/2393 2401/2401/2401 2399/2399/2399
f 2396/2396/2396 2397/2397/2397 2402/2402/2402
f 2396/2396/2396 2402/2402/2402 2401/2401/2401
f 2397/2397/2397 2392/2392/2392 2403/2403/2403
f 2392/2392/2392 2398/2398/2398 2403/2403/2403
f 2397/2397/2397 2403/2403/2403 2402/2402/2402
f 2404/2404/2404 2398/2398/2398 2035/2035/2035
f 2029/2029/2029 2404/2404/2404 2035/2035/2035
f 2399/2399/2399 2405/2405/2405 2400/2400/2400
f 2405/2405/2405 2406/2406/2406 2400/2400/2400
f 2401/2401/2401 2407/2407/2407 2399/2399/2399
f 2401/2401/2401 2402/2402/2402 2407/2407/2407
f 2399/2399/2399 2407/2407/2407 2405/2405/2405
f 2402/2402/2402 2403/2403/2403 2408/2408/2408
f 2402/2402/2402 2408/2408/2408 2407/2407/2407
f 2403/2403/2403 2398/2398/2398 2409/2409/2409
f 2398/2398/2398 2404/2404/2404 2409/2409/2409
f 2403/2403/2403 2409/2409/2409 2408/2408/2408
f 2410/2410/2410 2404/2404/2404 2029/2029/2029
f 2023/2023/2023 2410/2410/2410 2029/2029/2029
f 2405/2405/2405 2411/2411/2411 2406/2406/2406
f 2411/2411/2411 2412/2412/2412 2406/2406/2406
f 2407/2407/2407 2413/2413/2413 2405/2405/2405
f 2407/2407/2407 2408/2408/2408 2413/2413/2413
f 2405/2405/2405 2413/2413/2413 2411/2411/2411
f 2408/2408/2408 2409/2409/2409 2414/2414/2414
f 2408/2408/2408 2414/2414/2414 2413/2413/2413
f 2409/2409/2409 2404/2404/2404 2415/2415/2415
f 2404/2404/2404 2410/2410/2410 2415/2415/2415
f 2409/2409/2409 2415/2415/2415 2414/2414/2414
f 2416/2416/2416 2410/2410/2410 2023/2023/2023
f 2017/2017/2017 2416/2416/2416 2023/2023/2023
f 2411/2411/2411 2417/2417/2417 2412/2412/2412
f 2417/2417/2417 2418/2418/2418 2412/2412/2412
f 2413/2413/2413 2419/2419/2419 2411/2411/2411
f 2413/2413/2413 2414/2414/2414 2419/2419/2419
f 2411/2411/2411 2419/2419/2419 2417/2417/2417
f 2414/2414/2414 2415/2415/2415 2420/2420/2420
f 2414/2414/2414 2420/2420/2420 2419/2419/2419
f 2415/2415/2415 2410/2410/2410 2421/2421/2421
f 2410/2410/2410 2416/2416/2416 2421/2421/2421
f 2415/2415/2415 2421/2421/2421 2420/2420/2420
f 2422/2422/2422 2416/2416/2416 2017/2017/2017
f 2011/2011/2011 2422/2422/2422 2017/2017/2017
f 2417/2417/2417 2423/2423/2423 2418/2418/2418
f 2423/2423/2423 2424/2424/2424 2418/2418/2418
f 2419/2419/2419 2425/2425/2425 2417/2417/2417
f 2419/2419/2419 2420/2420/2420 2425/2425/2425
f 2417/2417/2417 2425/2425/2425 2423/2423/2423
f 2420/2420/2420 2421/2421/2421 2426/2426/2426
f 2420/2420/2420 2426/2426/2426 2425/2425/2425
f 2421/2421/2421 2416/2416/2416 2427/2427/2427
f 2416/2416/2416 2422/2422/2422 2427/2427/2427
f 2421/2421/2421 2427/2427/2427 2426/2426/2426
f 2428/2428/2428 2422/2422/2422 2011/2011/2011
f 2005/2005/2005 2428/2428/2428 2011/2011/2011
f 2423/2423/2423 2429/2429/2429 2424/2424/2424
f 2429/2429/2429 2430/2430/2430 2424/2424/2424
f 2425/2425/2425 2431/2431/2431 2423/2423/2423
f 2425/2425/2425 2426/2426/2426 2431/2431/2431
f 2423/2423/2423 2431/2431/2431 2429/2429/2429
f 2426/2426/2426 2427/2427/2427 2432/2432/2432
f 2426/2426/2426 2432/2432/2432 2431/2431/2431
f 2427/2427/2427 2422/2422/2422 2433/2433/2433
f 2422/2422/2422 2428/2428/2428 2433/2433/2433
f 2427/2427/2427 2433/2433/2433 2432/2432/2432
f 2434/2434/2434 2428/2428/2428 2005/2005/2005
f 1999/1999/1999 2434/2434/2434 2005/2005/2005
f 2429/2429/2429 2435/2435/2435 2430/2430/2430
f 2435/2435/2435 2436/2436/2436 2430/2430/2430
f 2431/2431/2431 2437/2437/2437 2429/2429/2429
f 2431/2431/2431 2432/2432/2432 2437/2437/2437
f 2429/2429/2429 2437/2437/2437 2435/2435/2435
f 2432/2432/2432 2433/2433/2433 2438/2438/2438
f 2432/2432/2432 2438/2438/2438 2437/2437/2437
f 2433/2433/2433 2428/2428/2428 2439/2439/2439
f 2428/2428/2428 2434/2434/2434 2439/2439/2439
f 2433/2433/2433 2439/2439/2439 2438/2438/2438
f 2440/2440/2440 2434/2434/2434 1999/1999/1999
f 1993/1993/1993 2440/2440/2440 1999/1999/1999
f 2435/2435/2435 2441/2441/2441 2436/2436/2436
f 2441/2441/2441 2442/2442/2442 2436/2436/2436
f 2437/2437/2437 2443/2443/2443 2435/2435/2435
f 2437/2437/2437 2438/2438/2438 2443/2443/2443
f 2435/2435/2435 2443/2443/2443 2441/2441/2441
f 2438/2438/2438 2439/2439/2439 2444/2444/2444
f 2438/2438/2438 2444/2444/2444 2443/2443/2443
f 2439/2439/2439 2434/2434/2434 2445/2445/2445
f 2434/2434/2434 2440/2440/2440 2445/2445/2445
f 2439/2439/2439 2445/2445/2445 2444/2444/2444
f 2446/2446/2446 2440/2440/2440 1993/1993/1993
f 1987/1987/1987 2446/2446/2446 1993/1993/1993
f 2441/2441/2441 2447/2447/2447 2442/2442/2442
f 2447/2447/2447 2448/2448/2448 2442/2442/2442
f 2443/2443/2443 2449/2449/2449 2441/2441/2441
f 2443/2443/2443 2444/2444/2444 2449/2449/2449
f 2441/2441/2441 2449/2449/2449 2447/2447/2447
f 2444/2444/2444 2445/2445/2445 2450/2450/2450
f 2444/2444/2444 2450/2450/2450 2449/2449/2449
f 2445/2445/2445 2440/2440/2440 2451/2451/2451
f 2440/2440/2440 2446/2446/2446 2451/2451/2451
f 2445/2445/2445 2451/2451/2451 2450/2450/2450
f 2452/2452/2452 2446/2446/2446 1987/1987/1987
f 1981/1981/1981 2452/2452/2452 1987/1987/1987
f 2447/2447/2447 2453/2453/2453 2448/2448/2448
f 2453/2453/2453 2454/2454/2454 2448/2448/2448
f 2449/2449/2449 2455/2455/2455 2447/2447/2447
f 2449/2449/2449 2450/2450/2450 2455/2455/2455
f 2447/2447/2447 2455/2455/2455 2453/2453/2453
f 2450/2450/2450 2451/2451/2451 2456/2456/2456
f 2450/2450/2450 2456/2456/2456 2455/2455/2455
f 2451/2451/2451 2446/2446/2446 2457/2457/2457
f 2446/2446/2446 2452/2452/2452 2457/2457/2457
f 2451/2451/2451 2457/2457/2457 2456/2456/2456
f 2458/2458/2458 2452/2452/2452 1981/1981/1981
f 1975/1975/1975 2458/2458/2458 1981/1981/1981
f 2453/2453/2453 2459/2459/2459 2454/2454/2454
f 2459/2459/2459 2460/2460/2460 2454/2454/2454
f 2455/2455/2455 2461/2461/2461 2453/2453/2453
f 2455/2455/2455 2456/2456/2456 2461/2461/2461
f 2453/2453/2453 2461/2461/2461 2459/2459/2459
f 2456/2456/2456 2457/2457/2457 2462/2462/2462
f 2456/2456/2456 2462/2462/2462 2461/2461/2461
f 2457/2457/2457 2452/2452/2452 2463/2463/2463
f 2452/2452/2452 2458/2458/2458 2463/2463/2463
f 2457/2457/2457 2463/2463/2463 2462/2462/2462
f 2464/2464/2464 2458/2458/2458 1975/1975/1975
f 1969/1969/1969 2464/2464/2464 1975/1975/1975
f 2459/2459/2459 2465/2465/2465 2460/2460/2460
f 2465/2465/2465 2466/2466/2466 2460/2460/2460
f 2461/2461/2461 2467/2467/2467 2459/2459/2459
f 2461/2461/2461 2462/2462/2462 2467/2467/2467
f 2459/2459/2459 2467/2467/2467 2465/2465/2465
f 2462/2462/2462 2463/2463/2463 2468/2468/2468
f 2462/2462/2462 2468/2468/2468 2467/2467/2467
f 2463/2463/2463 2458/2458/2458 2469/2469/2469
f 2458/2458/2458 2464/2464/2464 2469/2469/2469
f 2463/2463/2463 2469/2469/2469 2468/2468/2468
f 2470/2470/2470 2464/2464/2464 1969/1969/1969
f 1963/1963/1963 2470/2470/2470 1969/1969/1969
f 2465/2465/2465 2471/2471/2471 2466/2466/2466
f 2471/2471/2471 2472/2472/2472 2466/2466/2466
f 2467/2467/2467 2473/2473/2473 2465/2465/2465
f 2467/2467/2467 2468/2468/2468 2473/2473/2473
f 2465/2465/2465 2473/2473/2473 2471/2471/2471
f 2468/2468/2468 2469/2469/2469 2474/2474/2474
f 2468/2468/2468 2474/2474/2474 2473/2473/2473
f 2469/2469/2469 2464/2464/2464 2475/2475/2475
f 2464/2464/2464 2470/2470/2470 2475/2475/2475
f 2469/2469/2469 2475/2475/2475 2474/2474/2474
f 2476/2476/2476 2470/2470/2470 1963/1963/1963
f 1957/1957/1957 2476/2476/2476 1963/1963/1963
f 2471/2471/2471 2477/2477/2477 2472/2472/2472
f 2477/2477/2477 2478/2478/2478 2472/2472/2472
f 2473/2473/2473 2479/2479/2479 2471/2471/2471
f 2473/2473/2473 2474/2474/2474 2479/2479/2479
f 2471/2471/2471 2479/2479/2479 2477/2477/2477
f 2474/2474/2474 2475/2475/2475 2480/2480/2480
f 2474/2474/2474 2480/2480/2480 2479/2479/2479
f 2475/2475/2475 2470/2470/2470 2481/2481/2481
f 2470/2470/2470 2476/2476/2476 2481/2481/2481
f 2475/2475/2475 2481/2481/2481 2480/2480/2480
f 2482/2482/2482 2476/2476/2476 1957/1957/1957
f 1951/1951/1951 2482/2482/2482 1957/1957/1957
f 2477/2477/2477 2483/2483/2483 2478/2478/2478
f 2483/2483/2483 2484/2484/2484 2478/2478/2478
f 2479/2479/2479 2485/2485/2485 2477/2477/2477
f 2479/2479/2479 2480/2480/2480 2485/2485/2485
f 2477/2477/2477 2485/2485/2485 2483/2483/2483
f 2480/2480/2480 2481/2481/2481 2486/2486/2486
f 2480/2480/2480 2486/2486/2486 2485/2485/2485
f 2481/2481/2481 2476/2476/2476 2487/2487/2487
f 2476/2476/2476 2482/2482/2482 2487/2487/2487
f 2481/2481/2481 2487/2487/2487 2486/2486/2486
f 2488/2488/2488 2482/2482/2482 1951/1951/1951
f 1945/1945/1945 2488/2488/2488 1951/1951/1951
f 2483/2483/2483 2489/2489/2489 2484/2484/2484
f 2489/2489/2489 2490/2490/2490 2484/2484/2484
f 2485/2485/2485 2491/2491/2491 2483/2483/2483
f 2485/2485/2485 2486/2486/2486 2491/2491/2491
f 2483/2483/2483 2491/2491/2491 2489/2489/2489
f 2486/2486/2486 2487/2487/2487 2492/2492/2492
f 2486/2486/2486 2492/2492/2492 2491/2491/2491
f 2487/2487/2487 2482/2482/2482 2493/2493/2493
f 2482/2482/2482 2488/2488/2488 2493/2493/2493
f 2487/2487/2487 2493/2493/2493 2492/2492/2492
f 2494/2494/2494 2488/2488/2488 1945/1945/1945
f 1939/1939/1939 2494/2494/2494 1945/1945/1945
f 2489/2489/2489 2495/2495/2495 2490/2490/2490
f 2495/2495/2495 2496/2496/2496 2490/2490/2490
f 2491/2491/2491 2497/2497/2497 2489/2489/2489
f 2491/2491/2491 2492/2492/2492 2497/2497/2497
f 2489/2489/2489 2497/2497/2497 2495/2495/2495
f 2492/2492/2492 2493/2493/2493 2498/2498/2498
f 2492/2492/2492 2498/2498/2498 2497/2497/2497
f 2493/2493/2493 2488/2488/2488 2499/2499/2499
f 2488/2488/2488 2494/2494/2494 2499/2499/2499
f 2493/2493/2493 2499/2499/2499 2498/2498/2498
f 2500/2500/2500 2494/2494/2494 1939/1939/1939
f 1933/1933/1933 2500/2500/2500 1939/1939/1939
f 2495/2495/2495 2501/2501/2501 2496/2496/2496
f 2501/2501/2501 2502/2502/2502 2496/2496/2496
f 2497/2497/2497 2503/2503/2503 2495/2495/2495
f 2497/2497/2497 2498/2498/2498 2503/2503/2503
f 2495/2495/2495 2503/2503/2503 2501/2501/2501
f 2498/2498/2498 2499/2499/2499 2504/2504/2504
f 2498/2498/2498 2504/2504/2504 2503/2503/2503
f 2499/2499/2499 2494/2494/2494 2505/2505/2505
f 2494/2494/2494 2500/2500/2500 2505/2505/2505
f 2499/2499/2499 2505/2505/2505 2504/2504/2504
f 2506/2506/2506 2500/2500/2500 1933/1933/1933
f 1927/1927/1927 2506/2506/2506 1933/1933/1933
f 2501/2501/2501 2507/2507/2507 2502/2502/2502
f 2507/2507/2507 2508/2508/2508 2502/2502/2502
f 2503/2503/2503 2509/2509/2509 2501/2501/2501
f 2503/2503/2503 2504/2504/2504 2509/2509/2509
f 2501/2501/2501 2509/2509/2509 2507/2507/2507
f 2504/2504/2504 2505/2505/2505 2510/2510/2510
f 2504/2504/2504 2510/2510/2510 2509/2509/2509
f 2505/2505/2505 2500/2500/2500 2511/2511/2511
f 2500/2500/2500 2506/2506/2506 2511/2511/2511
f 2505/2505/2505 2511/2511/2511 2510/2510/2510
f 2512/2512/2512 2506/2506/2506 1927/1927/1927
f 1921/1921/1921 2512/2512/2512 1927/1927/1927
f 2507/2507/2507 2513/2513/2513 2508/2508/2508
f 2513/2513/2513 2514/2514/2514 2508/2508/2508
f 2509/2509/2509 2515/2515/2515 2507/2507/2507
f 2509/2509/2509 2510/2510/2510 2515/2515/2515
f 2507/2507/2507 2515/2515/2515 2513/2513/2513
f 2510/2510/2510 2511/2511/2511 2516/2516/2516
f 2510/2510/2510 2516/2516/2516 2515/2515/2515
f 2511/2511/2511 2506/2506/2506 2517/2517/2517
f 2506/2506/2506 2512/2512/2512 2517/2517/2517
f 2511/2511/2511 2517/2517/2517 2516/2516/2516
f 2518/2518/2518 2512/2512/2512 1921/1921/1921
f 1915/1915/1915 2518/2518/2518 1921/1921/1921
f 2513/2513/2513 2519/2519/2519 2514/2514/2514
f 2519/2519/2519 2520/2520/2520 2514/2514/2514
f 2515/2515/2515 2521/2521/2521 2513/2513/2513
f 2515/2515/2515 2516/2516/2516 2521/2521/2521
f 2513/2513/2513 2521/2521/2521 2519/2519/2519
f 2516/2516/2516 2517/2517/2517 2522/2522/2522
f 2516/2516/2516 2522/2522/2522 2521/2521/2521
f 2517/2517/2517 2512/2512/2512 2523/2523/2523
f 2512/2512/2512 2518/2518/2518 2523/2523/2523
f 2517/2517/2517 2523/2523/2523 2522/2522/2522
f 2524/2524/2524 2518/2518/2518 1915/1915/1915
f 1909/1909/1909 2524/2524/2524 1915/1915/1915
f 2519/2519/2519 2525/2525/2525 2520/2520/2520
f 2525/2525/2525 2526/2526/2526 2520/2520/2520
f 2521/2521/2521 2527/2527/2527 2519/2519/2519
f 2521/2521/2521 2522/2522/2522 2527/2527/2527
f 2519/2519/2519 2527/2527/2527 2525/2525/2525
f 2522/2522/2522 2523/2523/2523 2528/2528/2528
f 2522/2522/2522 2528/2528/2528 2527/2527/2527
f 2523/2523/2523 2518/2518/2518 2529/2529/2529
f 2518/2518/2518 2524/2524/2524 2529/2529/2529
f 2523/2523/2523 2529/2529/2529 2528/2528/2528
f 2530/2530/2530 2524/2524/2524 1909/1909/1909
f 1903/1903/1903 2530/2530/2530 1909/1909/1909
f 2525/2525/2525 2531/2531/2531 2526/2526/2526
f 2531/2531/2531 2532/2532/2532 2526/2526/2526
f 2527/2527/2527 2533/2533/2533 2525/2525/2525
f 2527/2527/2527 2528/2528/2528 2533/2533/2533
f 2525/2525/2525 2533/2533/2533 2531/2531/2531
f 2528/2528/2528 2529/2529/2529 2534/2534/2534
f 2528/2528/2528 2534/2534/2534 2533/2533/2533
f 2529/2529/2529 2524/2524/2524 2535/2535/2535
f 2524/2524/2524 2530/2530/2530 2535/2535/2535
f 2529/2529/2529 2535/2535/2535 2534/2534/2534
f 2536/2536/2536 2530/2530/2530 1903/1903/1903
f 1897/1897/1897 2536/2536/2536 1903/1903/1903
f 2531/2531/2531 2537/2537/2537 2532/2532/2532
f 2537/2537/2537 2538/2538/2538 2532/2532/2532
f 2533/2533/2533 2539/2539/2539 2531/2531/2531
f 2533/2533/2533 2534/2534/2534 2539/2539/2539
f 2531/2531/2531 2539/2539/2539 2537/2537/2537
f 2534/2534/2534 2535/2535/2535 2540/2540/2540
f 2534/2534/2534 2540/2540/2540 2539/2539/2539
f 2535/2535/2535 2530/2530/2530 2541/2541/2541
f 2530/2530/2530 2536/2536/2536 2541/2541/2541
f 2535/2535/2535 2541/2541/2541 2540/2540/2540
f 2542/2542/2542 2536/2536/2536 1897/1897/1897
f 1891/1891/1891 2542/2542/2542 1897/1897/1897
f 2537/2537/2537 2543/2543/2543 2538/2538/2538
f 2543/2543/2543 2544/2544/2544 2538/2538/2538
f 2539/2539/2539 2545/2545/2545 2537/2537/2537
f 2539/2539/2539 2540/2540/2540 2545/2545/2545
f 2537/2537/2537 2545/2545/2545 2543/2543/2543
f 2540/2540/2540 2541/2541/2541 2546/2546/2546
f 2540/2540/2540 2546/2546/2546 2545/2545/2545
f 2541/2541/2541 2536/2536/2536 2547/2547/2547
f 2536/2536/2536 2542/2542/2542 2547/2547/2547
f 2541/2541/2541 2547/2547/2547 2546/2546/2546
f 2548/2548/2548 2542/2542/2542 1891/1891/1891
f 1885/1885/1885 2548/2548/2548 1891/1891/1891
f 2543/2543/2543 2549/2549/2549 2544/2544/2544
f 2549/2549/2549 2550/2550/2550 2544/2544/2544
f 2545/2545/2545 2551/2551/2551 2543/2543/2543
f 2545/2545/2545 2546/2546/2546 2551/2551/2551
f 2543/2543/2543 2551/2551/2551 2549/2549/2549
f 2546/2546/2546 2547/2547/2547 2552/2552/2552
f 2546/2546/2546 2552/2552/2552 2551/2551/2551
f 2547/2547/2547 2542/2542/2542 2553/2553/2553
f 2542/2542/2542 2548/2548/2548 2553/2553/2553
f 2547/2547/2547 2553/2553/2553 2552/2552/2552
f 2554/2554/2554 2548/2548/2548 1885/1885/1885
f 1879/1879/1879 2554/2554/2554 1885/1885/1885
f 2549/2549/2549 2555/2555/2555 2550/2550/2550
f 2555/2555/2555 2556/2556/2556 2550/2550/2550
f 2551/2551/2551 2557/2557/2557 2549/2549/2549
f 2551/2551/2551 2552/2552/2552 2557/2557/2557
f 2549/2549/2549 2557/2557/2557 2555/2555/2555
f 2552/2552/2552 2553/2553/2553 2558/2558/2558
f 2552/2552/2552 2558/2558/2558 2557/2557/2557
f 2553/2553/2553 2548/2548/2548 2559/2559/2559
f 2548/2548/2548 2554/2554/2554 2559/2559/2559
f 2553/2553/2553 2559/2559/2559 2558/2558/2558
f 2560/2560/2560 2554/2554/2554 1879/1879/1879
f 1873/1873/1873 2560/2560/2560 1879/1879/1879
f 2555/2555/2555 2561/2561/2561 2556/2556/2556
f 2561/2561/2561 2562/2562/2562 2556/2556/2556
f 2557/2557/2557 2563/2563/2563 2555/2555/2555
f 2557/2557/2557 2558/2558/2558 2563/2563/2563
f 2555/2555/2555 2563/2563/2563 2561/2561/2561
f 2558/2558/2558 2559/2559/2559 2564/2564/2564
f 2558/2558/2558 2564/2564/2564 2563/2563/2563
f 2559/2559/2559 2554/2554/2554 2565/2565/2565
f 2554/2554/2554 2560/2560/2560 2565/2565/2565
f 2559/2559/2559 2565/2565/2565 2564/2564/2564
f 2566/2566/2566 2560/2560/2560 1873/1873/1873
f 1867/1867/1867 2566/2566/2566 1873/1873/1873
f 2561/2561/2561 2567/2567/2567 2562/2562/2562
f 2567/2567/2567 2568/2568/2568 2562/2562/2562
f 2563/2563/2563 2569/2569/2569 2561/2561/2561
f 2563/2563/2563 2564/2564/2564 2569/2569/2569
f 2561/2561/2561 2569/2569/2569 2567/2567/2567
f 2564/2564/2564 2565/2565/2565 2570/2570/2570
f 2564/2564/2564 2570/2570/2570 2569/2569/2569
f 2565/2565/2565 2560/2560/2560 2571/2571/2571
f 2560/2560/2560 2566/2566/2566 2571/2571/2571
f 2565/2565/2565 2571/2571/2571 2570/2570/2570
f 2572/2572/2572 2566/2566/2566 1867/1867/1867
f 1861/1861/1861 2572/2572/2572 1867/1867/1867
f 2567/2567/2567 2573/2573/2573 2568/2568/2568
f 2573/2573/2573 2574/2574/2574 2568/2568/2568
f 2569/2569/2569 2575/2575/2575 2567/2567/2567
f 2569/2569/2569 2570/2570/2570 2575/2575/2575
f 2567/2567/2567 2575/2575/2575 2573/2573/2573
f 2570/2570/2570 2571/2571/2571 2576/2576/2576
f 2570/2570/2570 2576/2576/2576 2575/2575/2575
f 2571/2571/2571 2566/2566/2566 2577/2577/2577
f 2566/2566/2566 2572/2572/2572 2577/2577/2577
f 2571/2571/2571 2577/2577/2577 2576/2576/2576
f 2578/2578/2578 2572/2572/2572 1861/1861/1861
f 1855/1855/1855 2578/2578/2578 1861/1861/1861
f 2573/2573/2573 2579/2579/2579 2574/2574/2574
f 2579/2579/2579 2580/2580/2580 2574/2574/2574
f 2575/2575/2575 2581/2581/2581 2573/2573/2573
f 2575/2575/2575 2576/2576/2576 2581/2581/2581
f 2573/2573/2573 2581/2581/2581 2579/2579/2579
f 2576/2576/2576 2577/2577/2577 2582/2582/2582
f 2576/2576/2576 2582/2582/2582 2581/2581/2581
f 2577/2577/2577 2572/2572/2572 2583/2583/2583
f 2572/2572/2572 2578/2578/2578 2583/2583/2583
f 2577/2577/2577 2583/2583/2583 2582/2582/2582
f 2584/2584/2584 2578/2578/2578 1855/1855/1855
f 1849/1849/1849 2584/2584/2584 1855/1855/1855
f 2579/2579/2579 2585/2585/2585 2580/2580/2580
f 2585/2585/2585 2586/2586/2586 2580/2580/2580
f 2581/2581/2581 2587/2587/2587 2579/2579/2579
f 2581/2581/2581 2582/2582/2582 2587/2587/2587
f 2579/2579/2579 2587/2587/2587 2585/2585/2585
f 2582/2582/2582 2583/2583/2583 2588/2588/2588
f 2582/2582/2582 2588/2588/2588 2587/2587/2587
f 2583/2583/2583 2578/2578/2578 2589/2589/2589
f 2578/2578/2578 2584/2584/2584 2589/2589/2589
f 2583/2583/2583 2589/2589/2589 2588/2588/2588
f 2590/2590/2590 2584/2584/2584 1849/1849/1849
f 1843/1843/1843 2590/2590/2590 1849/1849/1849
f 2585/2585/2585 2591/2591/2591 2586/2586/2586
f 2591/2591/2591 2592/2592/2592 2586/2586/2586
f 2587/2587/2587 2593/2593/2593 2585/2585/2585
f 2587/2587/2587 2588/2588/2588 2593/2593/2593
f 2585/2585/2585 2593/2593/2593 2591/2591/2591
f 2588/2588/2588 2589/2589/2589 2594/2594/2594
f 2588/2588/2588 2594/2594/2594 2593/2593/2593
f 2589/2589/2589 2584/2584/2584 2595/2595/2595
f 2584/2584/2584 2590/2590/2590 2595/2595/2595
f 2589/2589/2589 2595/2595/2595 2594/2594/2594
f 2596/2596/2596 2590/2590/2590 1843/1843/1843
f 1837/1837/1837 2596/2596/2596 1843/1843/1843
f 2591/2591/2591 2597/2597/2597 2592/2592/2592
f 2597/2597/2597 2598/2598/2598 2592/2592/2592
f 2593/2593/2593 2599/2599/2599 2591/2591/2591
f 2593/2593/2593 2594/2594/2594 2599/2599/2599
f 2591/2591/2591 2599/2599/2599 2597/2597/2597
f 2594/2594/2594 2595/2595/2595 2600/2600/2600
f 2594/2594/2594 2600/2600/2600 2599/2599/2599
f 2595/2595/2595 2590/2590/2590 2601/2601/2601
f 2590/2590/2590 2596/2596/2596 2601/2601/2601
f 2595/2595/2595 2601/2601/2601 2600/2600/2600
f 2602/2602/2602 2596/2596/2596 1837/1837/1837
f 1831/1831/1831 2602/2602/2602 1837/1837/1837
f 2597/2597/2597 2603/2603/2603 2598/2598/2598
f 2603/2603/2603 2604/2604/2604 2598/2598/2598
f 2599/2599/2599 2605/2605/2605 2597/2597/2597
f 2599/2599/2599 2600/2600/2600 2605/2605/2605
f 2597/2597/2597 2605/2605/2605 2603/2603/2603
f 2600/2600/2600 2601/2601/2601 2606/2606/2606
f 2600/2600/2600 2606/2606/2606 2605/2605/2605
f 2601/2601/2601 2596/2596/2596 2607/2607/2607
f 2596/2596/2596 2602/2602/2602 2607/2607/2607
f 2601/2601/2601 2607/2607/2607 2606/2606/2606
f 2608/2608/2608 2602/2602/2602 1831/1831/1831
f 1825/1825/1825 2608/2608/2608 1831/1831/1831
f 2603/2603/2603 2609/2609/2609 2604/2604/2604
f 2609/2609/2609 2610/2610/2610 2604/2604/2604
f 2605/2605/2605 2611/2611/2611 2603/2603/2603
f 2605/2605/2605 2606/2606/2606 2611/2611/2611
f 2603/2603/2603 2611/2611/2611 2609/2609/2609
f 2606/2606/2606 2607/2607/2607 2612/2612/2612
f 2606/2606/2606 2612/2612/2612 2611/2611/2611
f 2607/2607/2607 2602/2602/2602 2613/2613/2613
f 2602/2602/2602 2608/2608/2608 2613/2613/2613
f 2607/2607/2607 2613/2613/2613 2612/2612/2612
f 2614/2614/2614 2608/2608/2608 1825/1825/1825
f 1819/1819/1819 2614/2614/2614 1825/1825/1825
f 2609/2609/2609 2615/2615/2615 2610/2610/2610
f 2615/2615/2615 2616/2616/2616 2610/2610/2610
f 2611/2611/2611 2617/2617/2617 2609/2609/2609
f 2611/2611/2611 2612/2612/2612 2617/2617/2617
f 2609/2609/2609 2617/2617/2617 2615/2615/2615
f 2612/2612/2612 2613/2613/2613 2618/2618/2618
f 2612/2612/2612 2618/2618/2618 2617/2617/2617
f 2613/2613/2613 2608/2608/2608 2619/2619/2619
f 2608/2608/2608 2614/2614/2614 2619/2619/2619
f 2613/2613/2613 2619/2619/2619 2618/2618/2618
f 2620/2620/2620 2614/2614/2614 1819/1819/1819
f 1813/1813/1813 2620/2620/2620 1819/1819/1819
f 2615/2615/2615 2621/2621/2621 2616/2616/2616
f 2621/2621/2621 2622/2622/2622 2616/2616/2616
f 2617/2617/2617 2623/2623/2623 2615/2615/2615
f 2617/2617/2617 2618/2618/2618 2623/2623/2623
f 2615/2615/2615 2623/2623/2623 2621/2621/2621
f 2618/2618/2618 2619/2619/2619 2624/2624/2624
f 2618/2618/2618 2624/2624/2624 2623/2623/2623
f 2619/2619/2619 2614/2614/2614 2625/2625/2625
f 2614/2614/2614 2620/2620/2620 2625/2625/2625
f 2619/2619/2619 2625/2625/2625 2624/2624/2624
f 2626/2626/2626 2620/2620/2620 1813/1813/1813
f 1807/1807/1807 2626/2626/2626 1813/1813/1813
f 2621/2621/2621 2627/2627/2627 2622/2622/2622
f 2627/2627/2627 2628/2628/2628 2622/2622/2622
f 2623/2623/2623 2629/2629/2629 2621/2621/2621
f 2623/2623/2623 2624/2624/2624 2629/2629/2629
f 2621/2621/2621 2629/2629/2629 2627/2627/2627
f 2624/2624/2624 2625/2625/2625 2630/2630/2630
f 2624/2624/2624 2630/2630/2630 2629/2629/2629
f 2625/2625/2625 2620/2620/2620 2631/2631/2631
f 2620/2620/2620 2626/2626/2626 2631/2631/2631
f 2625/2625/2625 2631/2631/2631 2630/2630/2630
f 2632/2632/2632 2626/2626/2626 1807/1807/1807
f 1801/1801/1801 2632/2632/2632 1807/1807/1807
f 2627/2627/2627 2633/2633/2633 2628/2628/2628
f 2633/2633/2633 2634/2634/2634 2628/2628/2628
f 2629/2629/2629 2635/2635/2635 2627/2627/2627
f 2629/2629/2629 2630/2630/2630 2635/2635/2635
f 2627/2627/2627 2635/2635/2635 2633/2633/2633
f 2630/2630/2630 2631/2631/2631 2636/2636/2636
f 2630/2630/2630 2636/2636/2636 2635/2635/2635
f 2631/2631/2631 2626/2626/2626 2637/2637/2637
f 2626/2626/2626 2632/2632/2632 2637/2637/2637
f 2631/2631/2631 2637/2637/2637 2636/2636/2636
f 2638/2638/2638 2632/2632/2632 1801/1801/1801
f 1795/1795/1795 2638/2638/2638 1801/1801/1801
f 2633/2633/2633 2639/2639/2639 2634/2634/2634
f 2639/2639/2639 2640/2640/2640 2634/2634/2634
f 2635/2635/2635 2641/2641/2641 2633/2633/2633
f 2635/2635/2635 2636/2636/2636 2641/2641/2641
f 2633/2633/2633 2641/2641/2641 2639/2639/2639
f 2636/2636/2636 2637/2637/2637 2642/2642/2642
f 2636/2636/2636 2642/2642/2642 2641/2641/2641
f 2637/2637/2637 2632/2632/2632 2643/2643/2643
f 2632/2632/2632 2638/2638/2638 2643/2643/2643
f 2637/2637/2637 2643/2643/2643 2642/2642/2642
f 2644/2644/2644 2638/2638/2638 1795/1795/1795
f 1789/1789/1789 2644/2644/2644 1795/1795/1795
f 2639/2639/2639 2645/2645/2645 2640/2640/2640
f 2645/2645/2645 2646/2646/2646 2640/2640/2640
f 2641/2641/2641 2647/2647/2647 2639/2639/2639
f 2641/2641/2641 2642/2642/2642 2647/2647/2647
f 2639/2639/2639 2647/2647/2647 2645/2645/2645
f 2642/2642/2642 2643/2643/2643 2648/2648/2648
f 2642/2642/2642 2648/2648/2648 2647/2647/2647
f 2643/2643/2643 2638/2638/2638 2649/2649/2649
f 2638/2638/2638 2644/2644/2644 2649/2649/2649
f 2643/2643/2643 2649/2649/2649 2648/2648/2648
f 2650/2650/2650 2644/2644/2644 1789/1789/1789
f 1783/1783/1783 2650/2650/2650 1789/1789/1789
f 2645/2645/2645 2651/2651/2651 2646/2646/2646
f 2651/2651/2651 2652/2652/2652 2646/2646/2646
f 2647/2647/2647 2653/2653/2653 2645/2645/2645
f 2647/2647/2647 2648/2648/2648 2653/2653/2653
f 2645/2645/2645 2653/2653/2653 2651/2651/2651
f 2648/2648/2648 2649/2649/2649 2654/2654/2654
f 2648/2648/2648 2654/2654/2654 2653/2653/2653
f 2649/2649/2649 2644/2644/2644 2655/2655/2655
f 2644/2644/2644 2650/2650/2650 2655/2655/2655
f 2649/2649/2649 2655/2655/2655 2654/2654/2654
f 2656/2656/2656 2650/2650/2650 1783/1783/1783
f 1777/1777/1777 2656/2656/2656 1783/1783/1783
f 2651/2651/2651 2657/2657/2657 2652/2652/2652
f 2657/2657/2657 2658/2658/2658 2652/2652/2652
f 2653/2653/2653 2659/2659/2659 2651/2651/2651
f 2653/2653/2653 2654/2654/2654 2659/2659/2659
f 2651/2651/2651 2659/2659/2659 2657/2657/2657
f 2654/2654/2654 2655/2655/2655 2660/2660/2660
f 2654/2654/2654 2660/2660/2660 2659/2659/2659
f 2655/2655/2655 2650/2650/2650 2661/2661/2661
f 2650/2650/2650 2656/2656/2656 2661/2661/2661
f 2655/2655/2655 2661/2661/2661 2660/2660/2660
f 2662/2662/2662 2656/2656/2656 1777/1777/1777
f 1771/1771/1771 2662/2662/2662 1777/1777/1777
f 2657/2657/2657 2663/2663/2663 2658/2658/2658
f 2663/2663/2663 2664/2664/2664 2658/2658/2658
f 2659/2659/2659 2665/2665/2665 2657/2657/2657
f 2659/2659/2659 2660/2660/2660 2665/2665/2665
f 2657/2657/2657 2665/2665/2665 2663/2663/2663
f 2660/2660/2660 2661/2661/2661 2666/2666/2666
f 2660/2660/2660 2666/2666/2666 2665/2665/2665
f 2661/2661/2661 2656/2656/2656 2667/2667/2667
f 2656/2656/2656 2662/2662/2662 2667/2667/2667
f 2661/2661/2661 2667/2667/2667 2666/2666/2666
f 2668/2668/2668 2662/2662/2662 1771/1771/1771
f 1765/1765/1765 2668/2668/2668 1771/1771/1771
f 2663/2663/2663 2669/2669/2669 2664/2664/2664
f 2669/2669/2669 2670/2670/2670 2664/2664/2664
f 2665/2665/2665 2671/2671/2671 2663/2663/2663
f 2665/2665/2665 2666/2666/2666 2671/2671/2671
f 2663/2663/2663 2671/2671/2671 2669/2669/2669
f 2666/2666/2666 2667/2667/2667 2672/2672/2672
f 2666/2666/2666 2672/2672/2672 2671/2671/2671
f 2667/2667/2667 2662/2662/2662 2673/2673/2673
f 2662/2662/2662 2668/2668/2668 2673/2673/2673
f 2667/2667/2667 2673/2673/2673 2672/2672/2672
f 2674/2674/2674 2668/2668/2668 1765/1765/1765
f 1759/1759/1759 2674/2674/2674 1765/1765/1765
f 2669/2669/2669 2675/2675/2675 2670/2670/2670
f 2675/2675/2675 2676/2676/2676 2670/2670/2670
f 2671/2671/2671 2677/2677/2677 2669/2669/2669
f 2671/2671/2671 2672/2672/2672 2677/2677/2677
f 2669/2669/2669 2677/2677/2677 2675/2675/2675
f 2672/2672/2672 2673/2673/2673 2678/2678/2678
f 2672/2672/2672 2678/2678/2678 2677/2677/2677
f 2673/2673/2673 2668/2668/2668 2679/2679/2679
f 2668/2668/2668 2674/2674/2674 2679/2679/2679
f 2673/2673/2673 2679/2679/2679 2678/2678/2678
f 2680/2680/2680 2674/2674/2674 1759/1759/1759
f 1753/1753/1753 2680/2680/2680 1759/1759/1759
f 2675/2675/2675 2681/2681/2681 2676/2676/2676
f 2681/2681/2681 2682/2682/2682 2676/2676/2676
f 2677/2677/2677 2683/2683/2683 2675/2675/2675
f 2677/2677/2677 2678/2678/2678 2683/2683/2683
f 2675/2675/2675 2683/2683/2683 2681/2681/2681
f 2678/2678/2678 2679/2679/2679 2684/2684/2684
f 2678/2678/2678 2684/2684/2684 2683/2683/2683
f 2679/2679/2679 2674/2674/2674 2685/2685/2685
f 2674/2674/2674 2680/2680/2680 2685/2685/2685
f 2679/2679/2679 2685/2685/2685 2684/2684/2684
f 2686/2686/2686 2680/2680/2680 1753/1753/1753
f 1747/1747/1747 2686/2686/2686 1753/1753/1753
f 2681/2681/2681 2687/2687/2687 2682/2682/2682
f 2687/2687/2687 2688/2688/2688 2682/2682/2682
f 2683/2683/2683 2689/2689/2689 2681/2681/2681
f 2683/2683/2683 2684/2684/2684 2689/2689/2689
f 2681/2681/2681 2689/2689/2689 2687/2687/2687
f 2684/2684/2684 2685/2685/2685 2690/2690/2690
f 2684/2684/2684 2690/2690/2690 2689/2689/2689
f 2685/2685/2685 2680/2680/2680 2691/2691/2691
f 2680/2680/2680 2686/2686/2686 2691/2691/2691
f 2685/2685/2685 2691/2691/2691 2690/2690/2690
f 2692/2692/2692 2686/2686/2686 1747/1747/1747
f 1741/1741/1741 2692/2692/2692 1747/1747/1747
f 2687/2687/2687 2693/2693/2693 2688/2688/2688
f 2693/2693/2693 2694/2694/2694 2688/2688/2688
f 2689/2689/2689 2695/2695/2695 2687/2687/2687
f 2689/2689/2689 2690/2690/2690 2695/2695/2695
f 2687/2687/2687 2695/2695/2695 2693/2693/2693
f 2690/2690/2690 2691/2691/2691 2696/2696/2696
f 2690/2690/2690 2696/2696/2696 2695/2695/2695
f 2691/2691/2691 2686/2686/2686 2697/2697/2697
f 2686/2686/2686 2692/2692/2692 2697/2697/2697
f 2691/2691/2691 2697/2697/2697 2696/2696/2696
f 2698/2698/2698 2692/2692/2692 1741/1741/1741
f 1735/1735/1735 2698/2698/2698 1741/1741/1741
f 2693/2693/2693 2699/2699/2699 2694/2694/2694
f 2699/2699/2699 2700/2700/2700 2694/2694/2694
f 2695/2695/2695 2701/2701/2701 2693/2693/2693
f 2695/2695/2695 2696/2696/2696 2701/2701/2701
f 2693/2693/2693 2701/2701/2701 2699/2699/2699
f 2696/2696/2696 2697/2697/2697 2702/2702/2702
f 2696/2696/2696 2702/2702/2702 2701/2701/2701
f 2697/2697/2697 2692/2692/2692 2703/2703/2703
f 2692/2692/2692 2698/2698/2698 2703/2703/2703
f 2697/2697/2697 2703/2703/2703 2702/2702/2702
f 2704/2704/2704 2698/2698/2698 1735/1735/1735
f 1729/1729/1729 2704/2704/2704 1735/1735/1735
f 2699/2699/2699 2705/2705/2705 2700/2700/2700
f 2705/2705/2705 2706/2706/2706 2700/2700/2700
f 2701/2701/2701 2707/2707/2707 2699/2699/2699
f 2701/2701/2701 2702/2702/2702 2707/2707/2707
f 2699/2699/2699 2707/2707/2707 2705/2705/2705
f 2702/2702/2702 2703/2703/2703 2708/2708/2708
f 2702/2702/2702 2708/2708/2708 2707/2707/2707
f 2703/2703/2703 2698/2698/2698 2709/2709/2709
f 2698/2698/2698 2704/2704/2704 2709/2709/2709
f 2703/2703/2703 2709/2709/2709 2708/2708/2708
f 2710/2710/2710 2704/2704/2704 1729/1729/1729
f 1723/1723/1723 2710/2710/2710 1729/1729/1729
f 2705/2705/2705 2711/2711/2711 2706/2706/2706
f 2711/2711/2711 2712/2712/2712 2706/2706/2706
f 2707/2707/2707 2713/2713/2713 2705/2705/2705
f 2707/2707/2707 2708/2708/2708 2713/2713/2713
f 2705/2705/2705 2713/2713/2713 2711/2711/2711
f 2708/2708/2708 2709/2709/2709 2714/2714/2714
f 2708/2708/2708 2714/2714/2714 2713/2713/2713
f 2709/2709/2709 2704/2704/2704 2715/2715/2715
f 2704/2704/2704 2710/2710/2710 2715/2715/2715
f 2709/2709/2709 2715/2715/2715 2714/2714/2714
f 2716/2716/2716 2710/2710/2710 1723/1723/1723
f 1717/1717/1717 2716/2716/2716 1723/1723/1723
f 2711/2711/2711 2717/2717/2717 2712/2712/2712
f 2717/2717/2717 2718/2718/2718 2712/2712/2712
f 2713/2713/2713 2719/2719/2719 2711/2711/2711
f 2713/2713/2713 2714/2714/2714 2719/2719/2719
f 2711/2711/2711 2719/2719/2719 2717/2717/2717
f 2714/2714/2714 2715/2715/2715 2720/2720/2720
f 2714/2714/2714 2720/2720/2720 2719/2719/2719
f 2715/2715/2715 2710/2710/2710 2721/2721/2721
f 2710/2710/2710 2716/2716/2716 2721/2721/2721
f 2715/2715/2715 2721/2721/2721 2720/2720/2720
f 2722/2722/2722 2716/2716/2716 1717/1717/1717
f 1711/1711/1711 2722/2722/2722 1717/1717/1717
f 2717/2717/2717 2723/2723/2723 2718/2718/2718
f 2723/2723/2723 2724/2724/2724 2718/2718/2718
f 2719/2719/2719 2725/2725/2725 2717/2717/2717
f 2719/2719/2719 2720/2720/2720 2725/2725/2725
f 2717/2717/2717 2725/2725/2725 2723/2723/2723
f 2720/2720/2720 2721/2721/2721 2726/2726/2726
f 2720/2720/2720 2726/2726/2726 2725/2725/2725
f 2721/2721/2721 2716/2716/2716 2727/2727/2727
f 2716/2716/2716 2722/2722/2722 2727/2727/2727
f 2721/2721/2721 2727/2727/2727 2726/2726/2726
f 2728/2728/2728 2722/2722/2722 1711/1711/1711
f 1705/1705/1705 2728/2728/2728 1711/1711/1711
f 2723/2723/2723 2729/2729/2729 2724/2724/2724
f 2729/2729/2729 2730/2730/2730 2724/2724/2724
f 2725/2725/2725 2731/2731/2731 2723/2723/2723
f 2725/2725/2725 2726/2726/2726 2731/2731/2731
f 2723/2723/2723 2731/2731/2731 2729/2729/2729
f 2726/2726/2726 2727/2727/2727 2732/2732/2732
f 2726/2726/2726 2732/2732/2732 2731/2731/2731
f 2727/2727/2727 2722/2722/2722 2733/2733/2733
f 2722/2722/2722 2728/2728/2728 2733/2733/2733
f 2727/2727/2727 2733/2733/2733 2732/2732/2732
f 2734/2734/2734 2728/2728/2728 1705/1705/1705
f 1699/1699/1699 2734/2734/2734 1705/1705/1705
f 2729/2729/2729 2735/2735/2735 2730/2730/2730
f 2735/2735/2735 2736/2736/2736 2730/2730/2730
f 2731/2731/2731 2737/2737/2737 2729/2729/2729
f 2731/2731/2731 2732/2732/2732 2737/2737/2737
f 2729/2729/2729 2737/2737/2737 2735/2735/2735
f 2732/2732/2732 2733/2733/2733 2738/2738/2738
f 2732/2732/2732 2738/2738/2738 2737/2737/2737
f 2733/2733/2733 2728/2728/2728 2739/2739/2739
f 2728/2728/2728 2734/2734/2734 2739/2739/2739
f 2733/2733/2733 2739/2739/2739 2738/2738/2738
f 2740/2740/2740 2734/2734/2734 1699/1699/1699
f 1693/1693/1693 2740/2740/2740 1699/1699/1699
f 2735/2735/2735 2741/2741/2741 2736/2736/2736
f 2741/2741/2741 2742/2742/2742 2736/2736/2736
f 2737/2737/2737 2743/2743/2743 2735/2735/2735
f 2737/2737/2737 2738/2738/2738 2743/2743/2743
f 2735/2735/2735 2743/2743/2743 2741/2741/2741
f 2738/2738/2738 2739/2739/2739 2744/2744/2744
f 2738/2738/2738 2744/2744/2744 2743/2743/2743
f 2739/2739/2739 2734/2734/2734 2745/2745/2745
f 2734/2734/2734 2740/2740/2740 2745/2745/2745
f 2739/2739/2739 2745/2745/2745 2744/2744/2744
f 2746/2746/2746 2740/2740/2740 1693/1693/1693
f 1687/1687/1687 2746/2746/2746 1693/1693/1693
f 2741/2741/2741 2747/2747/2747 2742/2742/2742
f 2747/2747/2747 2748/2748/2748 2742/2742/2742
f 2743/2743/2743 2749/2749/2749 2741/2741/2741
f 2743/2743/2743 2744/2744/2744 2749/2749/2749
f 2741/2741/2741 2749/2749/2749 2747/2747/2747
f 2744/2744/2744 2745/2745/2745 2750/2750/2750
f 2744/2744/2744 2750/2750/2750 2749/2749/2749
f 2745/2745/2745 2740/2740/2740 2751/2751/2751
f 2740/2740/2740 2746/2746/2746 2751/2751/2751
f 2745/2745/2745 2751/2751/2751 2750/2750/2750
f 2752/2752/2752 2746/2746/2746 1687/1687/1687
f 1681/1681/1681 2752/2752/2752 1687/1687/1687
f 2747/2747/2747 2753/2753/2753 2748/2748/2748
f 2753/2753/2753 2754/2754/2754 2748/2748/2748
f 2749/2749/2749 2755/2755/2755 2747/2747/2747
f 2749/2749/2749 2750/2750/2750 2755/2755/2755
f 2747/2747/2747 2755/2755/2755 2753/2753/2753
f 2750/2750/2750 2751/2751/2751 2756/2756/2756
f 2750/2750/2750 2756/2756/2756 2755/2755/2755
f 2751/2751/2751 2746/2746/2746 2757/2757/2757
f 2746/2746/2746 2752/2752/2752 2757/2757/2757
f 2751/2751/2751 2757/2757/2757 2756/2756/2756
f 2758/2758/2758 2752/2752/2752 1681/1681/1681
f 1675/1675/1675 2758/2758/2758 1681/1681/1681
f 2753/2753/2753 2759/2759/2759 2754/2754/2754
f 2759/2759/2759 2760/2760/2760 2754/2754/2754
f 2755/2755/2755 2761/2761/2761 2753/2753/2753
f 2755/2755/2755 2756/2756/2756 2761/2761/2761
f 2753/2753/2753 2761/2761/2761 2759/2759/2759
f 2756/2756/2756 2757/2757/2757 2762/2762/2762
f 2756/2756/2756 2762/2762/2762 2761/2761/2761
f 2757/2757/2757 2752/2752/2752 2763/2763/2763
f 2752/2752/2752 2758/2758/2758 2763/2763/2763
f 2757/2757/2757 2763/2763/2763 2762/2762/2762
f 2764/2764/2764 2758/2758/2758 1675/1675/1675
f 1669/1669/1669 2764/2764/2764 1675/1675/1675
f 2759/2759/2759 2765/2765/2765 2760/2760/2760
f 2765/2765/2765 2766/2766/2766 2760/2760/2760
f 2761/2761/2761 2767/2767/2767 2759/2759/2759
f 2761/2761/2761 2762/2762/2762 2767/2767/2767
f 2759/2759/2759 2767/2767/2767 2765/2765/2765
f 2762/2762/2762 2763/2763/2763 2768/2768/2768
f 2762/2762/2762 2768/2768/2768 2767/2767/2767
f 2763/2763/2763 2758/2758/2758 2769/2769/2769
f 2758/2758/2758 2764/2764/2764 2769/2769/2769
f 2763/2763/2763 2769/2769/2769 2768/2768/2768
f 2770/2770/2770 2764/2764/2764 1669/1669/1669
f 1663/1663/1663 2770/2770/2770 1669/1669/1669
f 2765/2765/2765 2771/2771/2771 2766/2766/2766
f 2771/2771/2771 2772/2772/2772 2766/2766/2766
f 2767/2767/2767 2773/2773/2773 2765/2765/2765
f 2767/2767/2767 2768/2768/2768 2773/2773/2773
f 2765/2765/2765 2773/2773/2773 2771/2771/2771
f 2768/2768/2768 2769/2769/2769 2774/2774/2774
f 2768/2768/2768 2774/2774/2774 2773/2773/2773
f 2769/2769/2769 2764/2764/2764 2775/2775/2775
f 2764/2764/2764 2770/2770/2770 2775/2775/2775
f 2769/2769/2769 2775/2775/2775 2774/2774/2774
f 2776/2776/2776 2770/2770/2770 1663/1663/1663
f 1657/1657/1657 2776/2776/2776 1663/1663/1663
f 2771/2771/2771 2777/2777/2777 2772/2772/2772
f 2777/2777/2777 2778/2778/2778 2772/2772/2772
f 2773/2773/2773 2779/2779/2779 2771/2771/2771
f 2773/2773/2773 2774/2774/2774 2779/2779/2779
f 2771/2771/2771 2779/2779/2779 2777/2777/2777
f 2774/2774/2774 2775/2775/2775 2780/2780/2780
f 2774/2774/2774 2780/2780/2780 2779/2779/2779
f 2775/2775/2775 2770/2770/2770 2781/2781/2781
f 2770/2770/2770 2776/2776/2776 2781/2781/2781
f 2775/2775/2775 2781/2781/2781 2780/2780/2780
f 2782/2782/2782 2776/2776/2776 1657/1657/1657
f 1651/1651/1651 2782/2782/2782 1657/1657/1657
f 2777/2777/2777 2783/2783/2783 2778/2778/2778
f 2783/2783/2783 2784/2784/2784 2778/2778/2778
f 2779/2779/2779 2785/2785/2785 2777/2777/2777
f 2779/2779/2779 2780/2780/2780 2785/2785/2785
f 2777/2777/2777 2785/2785/2785 2783/2783/2783
f 2780/2780/2780 2781/2781/2781 2786/2786/2786
f 2780/2780/2780 2786/2786/2786 2785/2785/2785
f 2781/2781/2781 2776/2776/2776 2787/2787/2787
f 2776/2776/2776 2782/2782/2782 2787/2787/2787
f 2781/2781/2781 2787/2787/2787 2786/2786/2786
f 2788/2788/2788 2782/2782/2782 1651/1651/1651
f 1645/1645/1645 2788/2788/2788 1651/1651/1651
f 2783/2783/2783 2789/2789/2789 2784/2784/2784
f 2789/2789/2789 2790/2790/2790 2784/2784/2784
f 2785/2785/2785 2791/2791/2791 2783/2783/2783
f 2785/2785/2785 2786/2786/2786 2791/2791/2791
f 2783/2783/2783 2791/2791/2791 2789/2789/2789
f 2786/2786/2786 2787/2787/2787 2792/2792/2792
f 2786/2786/2786 2792/2792/2792 2791/2791/2791
f 2787/2787/2787 2782/2782/2782 2793/2793/2793
f 2782/2782/2782 2788/2788/2788 2793/2793/2793
f 2787/2787/2787 2793/2793/2793 2792/2792/2792
f 2794/2794/2794 2788/2788/2788 1645/1645/1645
f 1639/1639/1639 2794/2794/2794 1645/1645/1645
f 2789/2789/2789 2795/2795/2795 2790/2790/2790
f 2795/2795/2795 2796/2796/2796 2790/2790/2790
f 2791/2791/2791 2797/2797/2797 2789/2789/2789
f 2791/2791/2791 2792/2792/2792 2797/2797/2797
f 2789/2789/2789 2797/2797/2797 2795/2795/2795
f 2792/2792/2792 2793/2793/2793 2798/2798/2798
f 2792/2792/2792 2798/2798/2798 2797/2797/2797
f 2793/2793/2793 2788/2788/2788 2799/2799/2799
f 2788/2788/2788 2794/2794/2794 2799/2799/2799
f 2793/2793/2793 2799/2799/2799 2798/2798/2798
f 2800/2800/2800 2794/2794/2794 1639/1639/1639
f 1633/1633/1633 2800/2800/2800 1639/1639/1639
f 2795/2795/2795 2801/2801/2801 2796/2796/2796
f 2801/2801/2801 2802/2802/2802 2796/2796/2796
f 2797/2797/2797 2803/2803/2803 2795/2795/2795
f 2797/2797/2797 2798/2798/2798 2803/2803/2803
f 2795/2795/2795 2803/2803/2803 2801/2801/2801
f 2798/2798/2798 2799/2799/2799 2804/2804/2804
f 2798/2798/2798 2804/2804/2804 2803/2803/2803
f 2799/2799/2799 2794/2794/2794 2805/2805/2805
f 2794/2794/2794 2800/2800/2800 2805/2805/2805
f 2799/2799/2799 2805/2805/2805 2804/2804/2804
f 2806/2806/2806 2800/2800/2800 1633/1633/1633
f 1627/1627/1627 2806/2806/2806 1633/1633/1633
f 2801/2801/2801 2807/2807/2807 2802/2802/2802
f 2807/2807/2807 2808/2808/2808 2802/2802/2802
f 2803/2803/2803 2809/2809/2809 2801/2801/2801
f 2803/2803/2803 2804/2804/2804 2809/2809/2809
f 2801/2801/2801 2809/2809/2809 2807/2807/2807
f 2804/2804/2804 2805/2805/2805 2810/2810/2810
f 2804/2804/2804 2810/2810/2810 2809/2809/2809
f 2805/2805/2805 2800/2800/2800 2811/2811/2811
f 2800/2800/2800 2806/2806/2806 2811/2811/2811
f 2805/2805/2805 2811/2811/2811 2810/2810/2810
f 2812/2812/2812 2806/2806/2806 1627/1627/1627
f 1621/1621/1621 2812/2812/2812 1627/1627/1627
f 2807/2807/2807 2813/2813/2813 2808/2808/2808
f 2813/2813/2813 2814/2814/2814 2808/2808/2808
f 2809/2809/2809 2815/2815/2815 2807/2807/2807
f 2809/2809/2809 2810/2810/2810 2815/2815/2815
f 2807/2807/2807 2815/2815/2815 2813/2813/2813
f 2810/2810/2810 2811/2811/2811 2816/2816/2816
f 2810/2810/2810 2816/2816/2816 2815/2815/2815
f 2811/2811/2811 2806/2806/2806 2817/2817/2817
f 2806/2806/2806 2812/2812/2812 2817/2817/2817
f 2811/2811/2811 2817/2817/2817 2816/2816/2816
f 2818/2818/2818 2812/2812/2812 1621/1621/1621
f 1615/1615/1615 2818/2818/2818 1621/1621/1621
f 2813/2813/2813 2819/2819/2819 2814/2814/2814
f 2819/2819/2819 2820/2820/2820 2814/2814/2814
f 2815/2815/2815 2821/2821/2821 2813/2813/2813
f 2815/2815/2815 2816/2816/2816 2821/2821/2821
f 2813/2813/2813 2821/2821/2821 2819/2819/2819
f 2816/2816/2816 2817/2817/2817 2822/2822/2822
f 2816/2816/2816 2822/2822/2822 2821/2821/2821
f 2817/2817/2817 2812/2812/2812 2823/2823/2823
f 2812/2812/2812 2818/2818/2818 2823/2823/2823
f 2817/2817/2817 2823/2823/2823 2822/2822/2822
f 2824/2824/2824 2818/2818/2818 1615/1615/1615
f 1609/1609/1609 2824/2824/2824 1615/1615/1615
f 2819/2819/2819 2825/2825/2825 2820/2820/2820
f 2825/2825/2825 2826/2826/2826 2820/2820/2820
f 2821/2821/2821 2827/2827/2827 2819/2819/2819
f 2821/2821/2821 2822/2822/2822 2827/2827/2827
f 2819/2819/2819 2827/2827/2827 2825/2825/2825
f 2822/2822/2822 2823/2823/2823 2828/2828/2828
f 2822/2822/2822 2828/2828/2828 2827/2827/2827
f 2823/2823/2823 2818/2818/2818 2829/2829/2829
f 2818/2818/2818 2824/2824/2824 2829/2829/2829
f 2823/2823/2823 2829/2829/2829 2828/2828/2828
f 2830/2830/2830 2824/2824/2824 1609/1609/1609
f 1603/1603/1603 2830/2830/2830 1609/1609/1609
f 2825/2825/2825 2831/2831/2831 2826/2826/2826
f 2831/2831/2831 2832/2832/2832 2826/2826/2826
f 2827/2827/2827 2833/2833/2833 2825/2825/2825
f 2827/2827/2827 2828/2828/2828 2833/2833/2833
f 2825/2825/2825 2833/2833/2833 2831/2831/2831
f 2828/2828/2828 2829/2829/2829 2834/2834/2834
f 2828/2828/2828 2834/2834/2834 2833/2833/2833
f 2829/2829/2829 2824/2824/2824 2835/2835/2835
f 2824/2824/2824 2830/2830/2830 2835/2835/2835
f 2829/2829/2829 2835/2835/2835 2834/2834/2834
f 2836/2836/2836 2830/2830/2830 1603/1603/1603
f 1597/1597/1597 2836/2836/2836 1603/1603/1603
f 2831/2831/2831 2837/2837/2837 2832/2832/2832
f 2837/2837/2837 2838/2838/2838 2832/2832/2832
f 2833/2833/2833 2839/2839/2839 2831/2831/2831
f 2833/2833/2833 2834/2834/2834 2839/2839/2839
f 2831/2831/2831 2839/2839/2839 2837/2837/2837
f 2834/2834/2834 2835/2835/2835 2840/2840/2840
f 2834/2834/2834 2840/2840/2840 2839/2839/2839
f 2835/2835/2835 2830/2830/2830 2841/2841/2841
f 2830/2830/2830 2836/2836/2836 2841/2841/2841
f 2835/2835/2835 2841/2841/2841 2840/2840/2840
f 2842/2842/2842 2836/2836/2836 1597/1597/1597
f 1591/1591/1591 2842/2842/2842 1597/1597/1597
f 2837/2837/2837 2843/2843/2843 2838/2838/2838
f 2843/2843/2843 2844/2844/2844 2838/2838/2838
f 2839/2839/2839 2845/2845/2845 2837/2837/2837
f 2839/2839/2839 2840/2840/2840 2845/2845/2845
f 2837/2837/2837 2845/2845/2845 2843/2843/2843
f 2840/2840/2840 2841/2841/2841 2846/2846/2846
f 2840/2840/2840 2846/2846/2846 2845/2845/2845
f 2841/2841/2841 2836/2836/2836 2847/2847/2847
f 2836/2836/2836 2842/2842/2842 2847/2847/2847
f 2841/2841/2841 2847/2847/2847 2846/2846/2846
f 2848/2848/2848 2842/2842/2842 1591/1591/1591
f 1585/1585/1585 2848/2848/2848 1591/1591/1591
f 2843/2843/2843 2849/2849/2849 2844/2844/2844
f 2849/2849/2849 2850/2850/2850 2844/2844/2844
f 2845/2845/2845 2851/2851/2851 2843/2843/2843
f 2845/2845/2845 2846/2846/2846 2851/2851/2851
f 2843/2843/2843 2851/2851/2851 2849/2849/2849
f 2846/2846/2846 2847/2847/2847 2852/2852/2852
f 2846/2846/2846 2852/2852/2852 2851/2851/2851
f 2847/2847/2847 2842/2842/2842 2853/2853/2853
f 2842/2842/2842 2848/2848/2848 2853/2853/2853
f 2847/2847/2847 2853/2853/2853 2852/2852/2852
f 2854/2854/2854 2848/2848/2848 1585/1585/1585
f 1579/1579/1579 2854/2854/2854 1585/1585/1585
f 2849/2849/2849 2855/2855/2855 2850/2850/2850
f 2855/2855/2855 2856/2856/2856 2850/2850/2850
f 2851/2851/2851 2857/2857/2857 2849/2849/2849
f 2851/2851/2851 2852/2852/2852 2857/2857/2857
f 2849/2849/2849 2857/2857/2857 2855/2855/2855
f 2852/2852/2852 2853/2853/2853 2858/2858/2858
f 2852/2852/2852 2858/2858/2858 2857/2857/2857
f 2853/2853/2853 2848/2848/2848 2859/2859/2859
f 2848/2848/2848 2854/2854/2854 2859/2859/2859
f 2853/2853/2853 2859/2859/2859 2858/2858/2858
f 2860/2860/2860 2854/2854/2854 1579/1579/1579
f 1573/1573/1573 2860/2860/2860 1579/1579/1579
f 2855/2855/2855 2861/2861/2861 2856/2856/2856
f 2861/2861/2861 2862/2862/2862 2856/2856/2856
f 2857/2857/2857 2863/2863/2863 2855/2855/2855
f 2857/2857/2857 2858/2858/2858 2863/2863/2863
f 2855/2855/2855 2863/2863/2863 2861/2861/2861
f 2858/2858/2858 2859/2859/2859 2864/2864/2864
f 2858/2858/2858 2864/2864/2864 2863/2863/2863
f 2859/2859/2859 2854/2854/2854 2865/2865/2865
f 2854/2854/2854 2860/2860/2860 2865/2865/2865
f 2859/2859/2859 2865/2865/2865 2864/2864/2864
f 2866/2866/2866 2860/2860/2860 1573/1573/1573
f 1567/1567/1567 2866/2866/2866 1573/1573/1573
f 2861/2861/2861 2867/2867/2867 2862/2862/2862
f 2867/2867/2867 2868/2868/2868 2862/2862/2862
f 2863/2863/2863 2869/2869/2869 2861/2861/2861
f 2863/2863/2863 2864/2864/2864 2869/2869/2869
f 2861/2861/2861 2869/2869/2869 2867/2867/2867
f 2864/2864/2864 2865/2865/2865 2870/2870/2870
f 2864/2864/2864 2870/2870/2870 2869/2869/2869
f 2865/2865/2865 2860/2860/2860 2871/2871/2871
f 2860/2860/2860 2866/2866/2866 2871/2871/2871
f 2865/2865/2865 2871/2871/2871 2870/2870/2870
f 2872/2872/2872 2866/2866/2866 1567/1567/1567
f 1561/1561/1561 2872/2872/2872 1567/1567/1567
f 2867/2867/2867 2873/2873/2873 2868/2868/2868
f 2873/2873/2873 2874/2874/2874 2868/2868/2868
f 2869/2869/2869 2875/2875/2875 2867/2867/2867
f 2869/2869/2869 2870/2870/2870 2875/2875/2875
f 2867/2867/2867 2875/2875/2875 2873/2873/2873
f 2870/2870/2870 2871/2871/2871 2876/2876/2876
f 2870/2870/2870 2876/2876/2876 2875/2875/2875
f 2871/2871/2871 2866/2866/2866 2877/2877/2877
f 2866/2866/2866 2872/2872/2872 2877/2877/2877
f 2871/2871/2871 2877/2877/2877 2876/2876/2876
f 2878/2878/2878 2872/2872/2872 1561/1561/1561
f 1555/1555/1555 2878/2878/2878 1561/1561/1561
f 2873/2873/2873 2879/2879/2879 2874/2874/2874
f 2879/2879/2879 1482/1482/1482 2874/2874/2874
f 2879/2879/2879 1481/1481/1481 1482/1482/1482
f 2875/2875/2875 2880/2880/2880 2873/2873/2873
f 2875/2875/2875 2876/2876/2876 2880/2880/2880
f 2873/2873/2873 2880/2880/2880 2879/2879/2879
f 2876/2876/2876 2877/2877/2877 2881/2881/2881
f 2876/2876/2876 2881/2881/2881 2880/2880/2880
f 2877/2877/2877 2872/2872/2872 2882/2882/2882
f 2872/2872/2872 2878/2878/2878 2882/2882/2882
f 2877/2877/2877 2882/2882/2882 2881/2881/2881
f 2880/2880/2880 2883/2883/2883 2879/2879/2879
f 2879/2879/2879 2883/2883/2883 1481/1481/1481
f 2880/2880/2880 2881/2881/2881 2883/2883/2883
f 2884/2884/2884 2878/2878/2878 1555/1555/1555
f 1549/1549/1549 2884/2884/2884 1555/1555/1555
f 2881/2881/2881 2882/2882/2882 2885/2885/2885
f 2881/2881/2881 2885/2885/2885 2883/2883/2883
f 2883/2883/2883 2886/2886/2886 1481/1481/1481
f 2883/2883/2883 2885/2885/2885 2886/2886/2886
f 1481/1481/1481 2886/2886/2886 1475/1475/1475
f 2886/2886/2886 1480/1480/1480 1475/1475/1475
f 2882/2882/2882 2878/2878/2878 2887/2887/2887
f 2882/2882/2882 2887/2887/2887 2885/2885/2885
f 2878/2878/2878 2884/2884/2884 2887/2887/2887
f 2885/2885/2885 2888/2888/2888 2886/2886/2886
f 2886/2886/2886 2888/2888/2888 1480/1480/1480
f 2885/2885/2885 2887/2887/2887 2888/2888/2888
f 2889/2889/2889 2884/2884/2884 1549/1549/1549
f 1543/1543/1543 2889/2889/2889 1549/1549/1549
f 2887/2887/2887 2884/2884/2884 2890/2890/2890
f 2887/2887/2887 2890/2890/2890 2888/2888/2888
f 2884/2884/2884 2889/2889/2889 2890/2890/2890
f 2888/2888/2888 2891/2891/2891 1480/1480/1480
f 2888/2888/2888 2890/2890/2890 2891/2891/2891
f 1480/1480/1480 2891/2891/2891 1474/1474/1474
f 2891/2891/2891 1479/1479/1479 1474/1474/1474
f 2890/2890/2890 2892/2892/2892 2891/2891/2891
f 2890/2890/2890 2889/2889/2889 2892/2892/2892
f 2891/2891/2891 2892/2892/2892 1479/1479/1479
f 2893/2893/2893 2889/2889/2889 1543/1543/1543
f 2889/2889/2889 2893/2893/2893 2892/2892/2892
f 1528/1528/1528 2893/2893/2893 1543/1543/1543
f 2892/2892/2892 2894/2894/2894 1479/1479/1479
f 2892/2892/2892 2893/2893/2893 2894/2894/2894
f 1479/1479/1479 2894/2894/2894 1473/1473/1473
f 2895/2895/2895 2893/2893/2893 1528/1528/1528
f 2893/2893/2893 2895/2895/2895 2894/2894/2894
f 1517/1517/1517 2895/2895/2895 1528/1528/1528
f 1504/1504/1504 2895/2895/2895 1517/1517/1517
f 2894/2894/2894 2896/2896/2896 1473/1473/1473
f 2894/2894/2894 2895/2895/2895 2896/2896/2896
f 2895/2895/2895 1504/1504/1504 2896/2896/2896
f 1473/1473/1473 2896/2896/2896 1467/1467/1467
f 2896/2896/2896 1504/1504/1504 1472/1472/1472
f 2896/2896/2896 1472/1472/1472 1467/1467/1467
f 2899/2899/2899 2898/2898/2898 2897/2897/2897
f 2898/2898/2898 2900/2900/2900 2897/2897/2897
f 2900/2900/2900 2901/2901/2901 2897/2897/2897
f 2901/2901/2901 2902/2902/2902 2897/2897/2897
f 2901/2901/2901 2903/2903/2903 2902/2902/2902
f 2903/2903/2903 2904/2904/2904 2902/2902/2902
f 2903/2903/2903 2905/2905/2905 2904/2904/2904
f 2905/2905/2905 2906/2906/2906 2904/2904/2904
f 2905/2905/2905 2907/2907/2907 2906/2906/2906
f 2907/2907/2907 2908/2908/2908 2906/2906/2906
f 2908/2908/2908 2907/2907/2907 2909/2909/2909
f 2907/2907/2907 2910/2910/2910 2909/2909/2909
f 2910/2910/2910 2911/2911/2911 2909/2909/2909
f 2911/2911/2911 2912/2912/2912 2909/2909/2909
f 2911/2911/2911 2913/2913/2913 2912/2912/2912
f 2913/2913/2913 2914/2914/2914 2912/2912/2912
f 2913/2913/2913 2915/2915/2915 2914/2914/2914
f 2915/2915/2915 2916/2916/2916 2914/2914/2914
f 2915/2915/2915 2917/2917/2917 2916/2916/2916
f 2917/2917/2917 2918/2918/2918 2916/2916/2916
f 2918/2918/2918 2917/2917/2917 2919/2919/2919
f 2917/2917/2917 2920/2920/2920 2919/2919/2919
f 2920/2920/2920 2921/2921/2921 2919/2919/2919
f 2921/2921/2921 2922/2922/2922 2919/2919/2919
f 2921/2921/2921 2923/2923/2923 2922/2922/2922
f 2923/2923/2923 2924/2924/2924 2922/2922/2922
f 2923/2923/2923 2925/2925/2925 2924/2924/2924
f 2925/2925/2925 2926/2926/2926 2924/2924/2924
f 2925/2925/2925 2927/2927/2927 2926/2926/2926
f 2927/2927/2927 2928/2928/2928 2926/2926/2926
f 2928/2928/2928 2927/2927/2927 2929/2929/2929
f 2927/2927/2927 2930/2930/2930 2929/2929/2929
f 2933/2933/2933 2932/2932/2932 2931/2931/2931
f 2934/2934/2934 2933/2933/2933 2931/2931/2931
f 2933/2933/2933 2934/2934/2934 2935/2935/2935
f 2936/2936/2936 2933/2933/2933 2935/2935/2935
f 2936/2936/2936 2935/2935/2935 2937/2937/2937
f 2938/2938/2938 2936/2936/2936 2937/2937/2937
f 2938/2938/2938 2937/2937/2937 2939/2939/2939
f 2940/2940/2940 2938/2938/2938 2939/2939/2939
f 2940/2940/2940 2939/2939/2939 2941/2941/2941
f 2942/2942/2942 2940/2940/2940 2941/2941/2941
f 2943/2943/2943 2942/2942/2942 2941/2941/2941
f 2942/2942/2942 2943/2943/2943 2944/2944/2944
f 2945/2945/2945 2942/2942/2942 2944/2944/2944
f 2945/2945/2945 2944/2944/2944 2946/2946/2946
f 2947/2947/2947 2945/2945/2945 2946/2946/2946
f 2947/2947/2947 2946/2946/2946 2948/2948/2948
f 2949/2949/2949 2947/2947/2947 2948/2948/2948
f 2949/2949/2949 2948/2948/2948 2950/2950/2950
f 2951/2951/2951 2949/2949/2949 2950/2950/2950
f 2954/2954/2954 2953/2953/2953 2952/2952/2952
f 2955/2955/2955 2954/2954/2954 2952/2952/2952
f 2958/2958/2958 2957/2957/2957 2956/2956/2956
f 2959/2959/2959 2958/2958/2958 2956/2956/2956
f 2962/2962/2962 2961/2961/2961 2960/2960/2960
f 2963/2963/2963 2962/2962/2962 2960/2960/2960
f 2966/2966/2966 2965/2965/2965 2964/2964/2964
f 2967/2967/2967 2966/2966/2966 2964/2964/2964
f 2970/2970/2970 2969/2969/2969 2968/2968/2968
f 2971/2971/2971 2970/2970/2970 2968/2968/2968
f 2974/2974/2974 2973/2973/2973 2972/2972/2972
f 2975/2975/2975 2974/2974/2974 2972/2972/2972
f 2978/2978/2978 2977/2977/2977 2976/2976/2976
f 2979/2979/2979 2978/2978/2978 2976/2976/2976
f 2982/2982/2982 2981/2981/2981 2980/2980/2980
f 2983/2983/2983 2982/2982/2982 2980/2980/2980
f 2986/2986/2986 2985/2985/2985 2984/2984/2984
f 2987/2987/2987 2986/2986/2986 2984/2984/2984
f 2988/2988/2988 2987/2987/2987 2984/2984/2984
f 2989/2989/2989 2988/2988/2988 2984/2984/2984
f 2986/2986/2986 2987/2987/2987 2990/2990/2990
f 2987/2987/2987 2988/2988/2988 2990/2990/2990
f 2991/2991/2991 2986/2986/2986 2990/2990/2990
f 2988/2988/2988 2992/2992/2992 2990/2990/2990
f 2995/2995/2995 2994/2994/2994 2993/2993/2993
f 2996/2996/2996 2995/2995/2995 2993/2993/2993
f 2999/2999/2999 2998/2998/2998 2997/2997/2997
f 3000/3000/3000 2999/2999/2999 2997/2997/2997
f 3003/3003/3003 3002/3002/3002 3001/3001/3001
f 3004/3004/3004 3003/3003/3003 3001/3001/3001
f 3007/3007/3007 3006/3006/3006 3005/3005/3005
f 3008/3008/3008 3007/3007/3007 3005/3005/3005
f 3011/3011/3011 3010/3010/3010 3009/3009/3009
f 3012/3012/3012 3011/3011/3011 3009/3009/3009
f 3015/3015/3015 3014/3014/3014 3013/3013/3013
f 3016/3016/3016 3015/3015/3015 3013/3013/3013
f 3019/3019/3019 3018/3018/3018 3017/3017/3017
f 3020/3020/3020 3019/3019/3019 3017/3017/3017
f 3023/3023/3023 3022/3022/3022 3021/3021/3021
f 3024/3024/3024 3023/3023/3023 3021/3021/3021
f 3027/3027/3027 3026/3026/3026 3025/3025/3025
f 3028/3028/3028 3027/3027/3027 3025/3025/3025
f 3031/3031/3031 3030/3030/3030 3029/3029/3029
f 3032/3032/3032 3031/3031/3031 3029/3029/3029
f 3035/3035/3035 3034/3034/3034 3033/3033/3033
f 3036/3036/3036 3035/3035/3035 3033/3033/3033
f 3039/3039/3039 3038/3038/3038 3037/3037/3037
f 3040/3040/3040 3039/3039/3039 3037/3037/3037
f 3043/3043/3043 3042/3042/3042 3041/3041/3041
f 3044/3044/3044 3043/3043/3043 3041/3041/3041
f 3047/3047/3047 3046/3046/3046 3045/3045/3045
f 3048/3048/3048 3047/3047/3047 3045/3045/3045
f 3051/3051/3051 3050/3050/3050 3049/3049/3049
f 3052/3052/3052 3051/3051/3051 3049/3049/3049
f 3055/3055/3055 3054/3054/3054 3053/3053/3053
f 3056/3056/3056 3055/3055/3055 3053/3053/3053
f 3059/3059/3059 3058/3058/3058 3057/3057/3057
f 3058/3058/3058 3060/3060/3060 3057/3057/3057
f 3060/3060/3060 3061/3061/3061 3057/3057/3057
f 3061/3061/3061 3062/3062/3062 3057/3057/3057
f 3060/3060/3060 3058/3058/3058 3063/3063/3063
f 3061/3061/3061 3060/3060/3060 3063/3063/3063
f 3058/3058/3058 3064/3064/3064 3063/3063/3063
f 3065/3065/3065 3061/3061/3061 3063/3063/3063
f 3068/3068/3068 3067/3067/3067 3066/3066/3066
f 3069/3069/3069 3068/3068/3068 3066/3066/3066
f 3072/3072/3072 3071/3071/3071 3070/3070/3070
f 3073/3073/3073 3072/3072/3072 3070/3070/3070
f 3076/3076/3076 3075/3075/3075 3074/3074/3074
f 3077/3077/3077 3076/3076/3076 3074/3074/3074
f 3080/3080/3080 3079/3079/3079 3078/3078/3078
f 3081/3081/3081 3080/3080/3080 3078/3078/3078
f 3084/3084/3084 3083/3083/3083 3082/3082/3082
f 3085/3085/3085 3084/3084/3084 3082/3082/3082
f 3088/3088/3088 3087/3087/3087 3086/3086/3086
f 3089/3089/3089 3088/3088/3088 3086/3086/3086
f 3092/3092/3092 3091/3091/3091 3090/3090/3090
f 3093/3093/3093 3092/3092/3092 3090/3090/3090
f 3096/3096/3096 3095/3095/3095 3094/3094/3094
f 3097/3097/3097 3096/3096/3096 3094/3094/3094
f 3100/3100/3100 3099/3099/3099 3098/3098/3098
f 3101/3101/3101 3100/3100/3100 3098/3098/3098
f 3104/3104/3104 3103/3103/3103 3102/3102/3102
f 3105/3105/3105 3104/3104/3104 3102/3102/3102
f 3106/3106/3106 3104/3104/3104 3105/3105/3105
f 3107/3107/3107 3106/3106/3106 3105/3105/3105
f 3110/3110/3110 3109/3109/3109 3108/3108/3108
f 3111/3111/3111 3110/3110/3110 3108/3108/3108
f 3114/3114/3114 3113/3113/3113 3112/3112/3112
f 3115/3115/3115 3114/3114/3114 3112/3112/3112
f 3118/3118/3118 3117/3117/3117 3116/3116/3116
f 3119/3119/3119 3118/3118/3118 3116/3116/3116
f 3122/3122/3122 3121/3121/3121 3120/3120/3120
f 3123/3123/3123 3122/3122/3122 3120/3120/3120
f 3126/3126/3126 3125/3125/3125 3124/3124/3124
f 3127/3127/3127 3126/3126/3126 3124/3124/3124
f 3130/3130/3130 3129/3129/3129 3128/3128/3128
f 3131/3131/3131 3130/3130/3130 3128/3128/3128
f 3134/3134/3134 3133/3133/3133 3132/3132/3132
f 3135/3135/3135 3134/3134/3134 3132/3132/3132
f 3138/3138/3138 3137/3137/3137 3136/3136/3136
f 3139/3139/3139 3138/3138/3138 3136/3136/3136
f 3142/3142/3142 3141/3141/3141 3140/3140/3140
f 3143/3143/3143 3142/3142/3142 3140/3140/3140
f 3146/3146/3146 3145/3145/3145 3144/3144/3144
f 3147/3147/3147 3146/3146/3146 3144/3144/3144
f 3150/3150/3150 3149/3149/3149 3148/3148/3148
f 3151/3151/3151 3150/3150/3150 3148/3148/3148
f 3154/3154/3154 3153/3153/3153 3152/3152/3152
f 3155/3155/3155 3154/3154/3154 3152/3152/3152
f 3158/3158/3158 3157/3157/3157 3156/3156/3156
f 3159/3159/3159 3158/3158/3158 3156/3156/3156
f 3162/3162/3162 3161/3161/3161 3160/3160/3160
f 3163/3163/3163 3162/3162/3162 3160/3160/3160
f 3166/3166/3166 3165/3165/3165 3164/3164/3164
f 3167/3167/3167 3166/3166/3166 3164/3164/3164
f 3170/3170/3170 3169/3169/3169 3168/3168/3168
f 3171/3171/3171 3170/3170/3170 3168/3168/3168
f 3174/3174/3174 3173/3173/3173 3172/3172/3172
f 3175/3175/3175 3174/3174/3174 3172/3172/3172
f 3178/3178/3178 3177/3177/3177 3176/3176/3176
f 3179/3179/3179 3178/3178/3178 3176/3176/3176
f 3182/3182/3182 3181/3181/3181 3180/3180/3180
f 3183/3183/3183 3182/3182/3182 3180/3180/3180
f 3186/3186/3186 3185/3185/3185 3184/3184/3184
f 3187/3187/3187 3186/3186/3186 3184/3184/3184
f 3190/3190/3190 3189/3189/3189 3188/3188/3188
f 3191/3191/3191 3190/3190/3190 3188/3188/3188
f 3194/3194/3194 3193/3193/3193 3192/3192/3192
f 3195/3195/3195 3194/3194/3194 3192/3192/3192
f 3198/3198/3198 3197/3197/3197 3196/3196/3196
f 3199/3199/3199 3198/3198/3198 3196/3196/3196
f 3200/3200/3200 3198/3198/3198 3199/3199/3199
f 3201/3201/3201 3200/3200/3200 3199/3199/3199
f 3204/3204/3204 3203/3203/3203 3202/3202/3202
f 3205/3205/3205 3204/3204/3204 3202/3202/3202
f 3208/3208/3208 3207/3207/3207 3206/3206/3206
f 3209/3209/3209 3208/3208/3208 3206/3206/3206
f 3212/3212/3212 3211/3211/3211 3210/3210/3210
f 3213/3213/3213 3212/3212/3212 3210/3210/3210
f 3216/3216/3216 3215/3215/3215 3214/3214/3214
f 3217/3217/3217 3216/3216/3216 3214/3214/3214
f 3220/3220/3220 3219/3219/3219 3218/3218/3218
f 3221/3221/3221 3220/3220/3220 3218/3218/3218
f 3224/3224/3224 3223/3223/3223 3222/3222/3222
f 3225/3225/3225 3224/3224/3224 3222/3222/3222
f 3226/3226/3226 756/756/756 757/757/757
f 3226/3226/3226 757/757/757 3227/3227/3227
f 3226/3226/3226 3228/3228/3228 756/756/756
f 3228/3228/3228 761/761/761 756/756/756
f 3228/3228/3228 768/768/768 761/761/761
f 3229/3229/3229 3226/3226/3226 3227/3227/3227
f 3229/3229/3229 3227/3227/3227 3230/3230/3230
f 3231/3231/3231 3228/3228/3228 3226/3226/3226
f 3229/3229/3229 3231/3231/3231 3226/3226/3226
f 3232/3232/3232 768/768/768 3228/3228/3228
f 3231/3231/3231 3232/3232/3232 3228/3228/3228
f 3233/3233/3233 3229/3229/3229 3230/3230/3230
f 3233/3233/3233 3230/3230/3230 3234/3234/3234
f 3235/3235/3235 3231/3231/3231 3229/3229/3229
f 3233/3233/3233 3235/3235/3235 3229/3229/3229
f 3236/3236/3236 3233/3233/3233 3234/3234/3234
f 3236/3236/3236 3234/3234/3234 3237/3237/3237
f 3232/3232/3232 3238/3238/3238 768/768/768
f 3238/3238/3238 767/767/767 768/768/768
f 3238/3238/3238 773/773/773 767/767/767
f 3239/3239/3239 3232/3232/3232 3231/3231/3231
f 3235/3235/3235 3239/3239/3239 3231/3231/3231
f 3240/3240/3240 3235/3235/3235 3233/3233/3233
f 3236/3236/3236 3240/3240/3240 3233/3233/3233
f 3241/3241/3241 3236/3236/3236 3237/3237/3237
f 3241/3241/3241 3237/3237/3237 3242/3242/3242
f 3243/3243/3243 773/773/773 3238/3238/3238
f 773/773/773 3243/3243/3243 783/783/783
f 783/783/783 3243/3243/3243 797/797/797
f 3244/3244/3244 3238/3238/3238 3232/3232/3232
f 3244/3244/3244 3243/3243/3243 3238/3238/3238
f 3239/3239/3239 3244/3244/3244 3232/3232/3232
f 3243/3243/3243 3245/3245/3245 797/797/797
f 3245/3245/3245 3243/3243/3243 3244/3244/3244
f 797/797/797 3245/3245/3245 812/812/812
f 3246/3246/3246 3244/3244/3244 3239/3239/3239
f 3246/3246/3246 3245/3245/3245 3244/3244/3244
f 3245/3245/3245 3247/3247/3247 812/812/812
f 3247/3247/3247 3245/3245/3245 3246/3246/3246
f 812/812/812 3247/3247/3247 818/818/818
f 3248/3248/3248 3246/3246/3246 3239/3239/3239
f 3248/3248/3248 3239/3239/3239 3235/3235/3235
f 3240/3240/3240 3248/3248/3248 3235/3235/3235
f 3247/3247/3247 3249/3249/3249 818/818/818
f 818/818/818 3249/3249/3249 824/824/824
f 3250/3250/3250 3247/3247/3247 3246/3246/3246
f 3250/3250/3250 3246/3246/3246 3248/3248/3248
f 3249/3249/3249 3247/3247/3247 3250/3250/3250
f 3251/3251/3251 3248/3248/3248 3240/3240/3240
f 3251/3251/3251 3250/3250/3250 3248/3248/3248
f 3249/3249/3249 3252/3252/3252 824/824/824
f 824/824/824 3252/3252/3252 830/830/830
f 3253/3253/3253 3249/3249/3249 3250/3250/3250
f 3253/3253/3253 3250/3250/3250 3251/3251/3251
f 3252/3252/3252 3249/3249/3249 3253/3253/3253
f 3254/3254/3254 3251/3251/3251 3240/3240/3240
f 3254/3254/3254 3240/3240/3240 3236/3236/3236
f 3241/3241/3241 3254/3254/3254 3236/3236/3236
f 3252/3252/3252 3255/3255/3255 830/830/830
f 830/830/830 3255/3255/3255 836/836/836
f 3256/3256/3256 3253/3253/3253 3251/3251/3251
f 3256/3256/3256 3251/3251/3251 3254/3254/3254
f 3257/3257/3257 3252/3252/3252 3253/3253/3253
f 3255/3255/3255 3252/3252/3252 3257/3257/3257
f 3257/3257/3257 3253/3253/3253 3256/3256/3256
f 3258/3258/3258 3254/3254/3254 3241/3241/3241
f 3258/3258/3258 3256/3256/3256 3254/3254/3254
f 3255/3255/3255 3259/3259/3259 836/836/836
f 836/836/836 3259/3259/3259 842/842/842
f 3260/3260/3260 3257/3257/3257 3256/3256/3256
f 3260/3260/3260 3256/3256/3256 3258/3258/3258
f 3261/3261/3261 3255/3255/3255 3257/3257/3257
f 3259/3259/3259 3255/3255/3255 3261/3261/3261
f 3261/3261/3261 3257/3257/3257 3260/3260/3260
f 3262/3262/3262 3258/3258/3258 3241/3241/3241
f 3262/3262/3262 3241/3241/3241 3242/3242/3242
f 3262/3262/3262 3242/3242/3242 3263/3263/3263
f 3259/3259/3259 3264/3264/3264 842/842/842
f 842/842/842 3264/3264/3264 848/848/848
f 3265/3265/3265 3260/3260/3260 3258/3258/3258
f 3265/3265/3265 3258/3258/3258 3262/3262/3262
f 3266/3266/3266 3262/3262/3262 3263/3263/3263
f 3266/3266/3266 3265/3265/3265 3262/3262/3262
f 3266/3266/3266 3263/3263/3263 3267/3267/3267
f 3268/3268/3268 3261/3261/3261 3260/3260/3260
f 3268/3268/3268 3260/3260/3260 3265/3265/3265
f 3269/3269/3269 3259/3259/3259 3261/3261/3261
f 3264/3264/3264 3259/3259/3259 3269/3269/3269
f 3269/3269/3269 3261/3261/3261 3268/3268/3268
f 3264/3264/3264 3270/3270/3270 848/848/848
f 848/848/848 3270/3270/3270 854/854/854
f 3271/3271/3271 3266/3266/3266 3267/3267/3267
f 3271/3271/3271 3267/3267/3267 3272/3272/3272
f 3273/3273/3273 3265/3265/3265 3266/3266/3266
f 3273/3273/3273 3268/3268/3268 3265/3265/3265
f 3271/3271/3271 3273/3273/3273 3266/3266/3266
f 3274/3274/3274 3269/3269/3269 3268/3268/3268
f 3274/3274/3274 3268/3268/3268 3273/3273/3273
f 3275/3275/3275 3264/3264/3264 3269/3269/3269
f 3270/3270/3270 3264/3264/3264 3275/3275/3275
f 3275/3275/3275 3269/3269/3269 3274/3274/3274
f 3270/3270/3270 3276/3276/3276 854/854/854
f 854/854/854 3276/3276/3276 860/860/860
f 3277/3277/3277 3271/3271/3271 3272/3272/3272
f 3277/3277/3277 3272/3272/3272 3278/3278/3278
f 3279/3279/3279 3273/3273/3273 3271/3271/3271
f 3279/3279/3279 3274/3274/3274 3273/3273/3273
f 3277/3277/3277 3279/3279/3279 3271/3271/3271
f 3280/3280/3280 3275/3275/3275 3274/3274/3274
f 3280/3280/3280 3274/3274/3274 3279/3279/3279
f 3281/3281/3281 3270/3270/3270 3275/3275/3275
f 3276/3276/3276 3270/3270/3270 3281/3281/3281
f 3281/3281/3281 3275/3275/3275 3280/3280/3280
f 3276/3276/3276 3282/3282/3282 860/860/860
f 860/860/860 3282/3282/3282 866/866/866
f 3283/3283/3283 3277/3277/3277 3278/3278/3278
f 3283/3283/3283 3278/3278/3278 3284/3284/3284
f 3285/3285/3285 3279/3279/3279 3277/3277/3277
f 3285/3285/3285 3280/3280/3280 3279/3279/3279
f 3283/3283/3283 3285/3285/3285 3277/3277/3277
f 3286/3286/3286 3281/3281/3281 3280/3280/3280
f 3286/3286/3286 3280/3280/3280 3285/3285/3285
f 3287/3287/3287 3276/3276/3276 3281/3281/3281
f 3282/3282/3282 3276/3276/3276 3287/3287/3287
f 3287/3287/3287 3281/3281/3281 3286/3286/3286
f 3282/3282/3282 3288/3288/3288 866/866/866
f 866/866/866 3288/3288/3288 872/872/872
f 3289/3289/3289 3283/3283/3283 3284/3284/3284
f 3289/3289/3289 3284/3284/3284 3290/3290/3290
f 3291/3291/3291 3285/3285/3285 3283/3283/3283
f 3291/3291/3291 3286/3286/3286 3285/3285/3285
f 3289/3289/3289 3291/3291/3291 3283/3283/3283
f 3292/3292/3292 3287/3287/3287 3286/3286/3286
f 3292/3292/3292 3286/3286/3286 3291/3291/3291
f 3293/3293/3293 3282/3282/3282 3287/3287/3287
f 3288/3288/3288 3282/3282/3282 3293/3293/3293
f 3293/3293/3293 3287/3287/3287 3292/3292/3292
f 3288/3288/3288 3294/3294/3294 872/872/872
f 872/872/872 3294/3294/3294 878/878/878
f 3295/3295/3295 3289/3289/3289 3290/3290/3290
f 3295/3295/3295 3290/3290/3290 3296/3296/3296
f 3297/3297/3297 3291/3291/3291 3289/3289/3289
f 3297/3297/3297 3292/3292/3292 3291/3291/3291
f 3295/3295/3295 3297/3297/3297 3289/3289/3289
f 3298/3298/3298 3293/3293/3293 3292/3292/3292
f 3298/3298/3298 3292/3292/3292 3297/3297/3297
f 3299/3299/3299 3288/3288/3288 3293/3293/3293
f 3294/3294/3294 3288/3288/3288 3299/3299/3299
f 3299/3299/3299 3293/3293/3293 3298/3298/3298
f 3294/3294/3294 3300/3300/3300 878/878/878
f 878/878/878 3300/3300/3300 884/884/884
f 3301/3301/3301 3295/3295/3295 3296/3296/3296
f 3301/3301/3301 3296/3296/3296 3302/3302/3302
f 3303/3303/3303 3297/3297/3297 3295/3295/3295
f 3303/3303/3303 3298/3298/3298 3297/3297/3297
f 3301/3301/3301 3303/3303/3303 3295/3295/3295
f 3304/3304/3304 3299/3299/3299 3298/3298/3298
f 3304/3304/3304 3298/3298/3298 3303/3303/3303
f 3305/3305/3305 3294/3294/3294 3299/3299/3299
f 3300/3300/3300 3294/3294/3294 3305/3305/3305
f 3305/3305/3305 3299/3299/3299 3304/3304/3304
f 3300/3300/3300 3306/3306/3306 884/884/884
f 884/884/884 3306/3306/3306 890/890/890
f 3307/3307/3307 3301/3301/3301 3302/3302/3302
f 3307/3307/3307 3302/3302/3302 3308/3308/3308
f 3309/3309/3309 3303/3303/3303 3301/3301/3301
f 3309/3309/3309 3304/3304/3304 3303/3303/3303
f 3307/3307/3307 3309/3309/3309 3301/3301/3301
f 3310/3310/3310 3305/3305/3305 3304/3304/3304
f 3310/3310/3310 3304/3304/3304 3309/3309/3309
f 3311/3311/3311 3300/3300/3300 3305/3305/3305
f 3306/3306/3306 3300/3300/3300 3311/3311/3311
f 3311/3311/3311 3305/3305/3305 3310/3310/3310
f 3306/3306/3306 3312/3312/3312 890/890/890
f 890/890/890 3312/3312/3312 896/896/896
f 3313/3313/3313 3307/3307/3307 3308/3308/3308
f 3313/3313/3313 3308/3308/3308 3314/3314/3314
f 3315/3315/3315 3309/3309/3309 3307/3307/3307
f 3315/3315/3315 3310/3310/3310 3309/3309/3309
f 3313/3313/3313 3315/3315/3315 3307/3307/3307
f 3316/3316/3316 3311/3311/3311 3310/3310/3310
f 3316/3316/3316 3310/3310/3310 3315/3315/3315
f 3317/3317/3317 3306/3306/3306 3311/3311/3311
f 3312/3312/3312 3306/3306/3306 3317/3317/3317
f 3317/3317/3317 3311/3311/3311 3316/3316/3316
f 3312/3312/3312 3318/3318/3318 896/896/896
f 896/896/896 3318/3318/3318 902/902/902
f 3319/3319/3319 3313/3313/3313 3314/3314/3314
f 3319/3319/3319 3314/3314/3314 3320/3320/3320
f 3321/3321/3321 3315/3315/3315 3313/3313/3313
f 3321/3321/3321 3316/3316/3316 3315/3315/3315
f 3319/3319/3319 3321/3321/3321 3313/3313/3313
f 3322/3322/3322 3317/3317/3317 3316/3316/3316
f 3322/3322/3322 3316/3316/3316 3321/3321/3321
f 3323/3323/3323 3312/3312/3312 3317/3317/3317
f 3318/3318/3318 3312/3312/3312 3323/3323/3323
f 3323/3323/3323 3317/3317/3317 3322/3322/3322
f 3318/3318/3318 3324/3324/3324 902/902/902
f 902/902/902 3324/3324/3324 908/908/908
f 3325/3325/3325 3319/3319/3319 3320/3320/3320
f 3325/3325/3325 3320/3320/3320 3326/3326/3326
f 3327/3327/3327 3321/3321/3321 3319/3319/3319
f 3327/3327/3327 3322/3322/3322 3321/3321/3321
f 3325/3325/3325 3327/3327/3327 3319/3319/3319
f 3328/3328/3328 3323/3323/3323 3322/3322/3322
f 3328/3328/3328 3322/3322/3322 3327/3327/3327
f 3329/3329/3329 3318/3318/3318 3323/3323/3323
f 3324/3324/3324 3318/3318/3318 3329/3329/3329
f 3329/3329/3329 3323/3323/3323 3328/3328/3328
f 3324/3324/3324 3330/3330/3330 908/908/908
f 908/908/908 3330/3330/3330 914/914/914
f 3331/3331/3331 3325/3325/3325 3326/3326/3326
f 3331/3331/3331 3326/3326/3326 3332/3332/3332
f 3333/3333/3333 3327/3327/3327 3325/3325/3325
f 3333/3333/3333 3328/3328/3328 3327/3327/3327
f 3331/3331/3331 3333/3333/3333 3325/3325/3325
f 3334/3334/3334 3329/3329/3329 3328/3328/3328
f 3334/3334/3334 3328/3328/3328 3333/3333/3333
f 3335/3335/3335 3324/3324/3324 3329/3329/3329
f 3330/3330/3330 3324/3324/3324 3335/3335/3335
f 3335/3335/3335 3329/3329/3329 3334/3334/3334
f 3330/3330/3330 3336/3336/3336 914/914/914
f 914/914/914 3336/3336/3336 920/920/920
f 3337/3337/3337 3331/3331/3331 3332/3332/3332
f 3337/3337/3337 3332/3332/3332 3338/3338/3338
f 3339/3339/3339 3333/3333/3333 3331/3331/3331
f 3339/3339/3339 3334/3334/3334 3333/3333/3333
f 3337/3337/3337 3339/3339/3339 3331/3331/3331
f 3340/3340/3340 3335/3335/3335 3334/3334/3334
f 3340/3340/3340 3334/3334/3334 3339/3339/3339
f 3341/3341/3341 3330/3330/3330 3335/3335/3335
f 3336/3336/3336 3330/3330/3330 3341/3341/3341
f 3341/3341/3341 3335/3335/3335 3340/3340/3340
f 3336/3336/3336 3342/3342/3342 920/920/920
f 920/920/920 3342/3342/3342 926/926/926
f 3343/3343/3343 3337/3337/3337 3338/3338/3338
f 3343/3343/3343 3338/3338/3338 3344/3344/3344
f 3345/3345/3345 3339/3339/3339 3337/3337/3337
f 3345/3345/3345 3340/3340/3340 3339/3339/3339
f 3343/3343/3343 3345/3345/3345 3337/3337/3337
f 3346/3346/3346 3341/3341/3341 3340/3340/3340
f 3346/3346/3346 3340/3340/3340 3345/3345/3345
f 3347/3347/3347 3336/3336/3336 3341/3341/3341
f 3342/3342/3342 3336/3336/3336 3347/3347/3347
f 3347/3347/3347 3341/3341/3341 3346/3346/3346
f 3342/3342/3342 3348/3348/3348 926/926/926
f 926/926/926 3348/3348/3348 932/932/932
f 3349/3349/3349 3343/3343/3343 3344/3344/3344
f 3349/3349/3349 3344/3344/3344 3350/3350/3350
f 3351/3351/3351 3345/3345/3345 3343/3343/3343
f 3351/3351/3351 3346/3346/3346 3345/3345/3345
f 3349/3349/3349 3351/3351/3351 3343/3343/3343
f 3352/3352/3352 3347/3347/3347 3346/3346/3346
f 3352/3352/3352 3346/3346/3346 3351/3351/3351
f 3353/3353/3353 3342/3342/3342 3347/3347/3347
f 3348/3348/3348 3342/3342/3342 3353/3353/3353
f 3353/3353/3353 3347/3347/3347 3352/3352/3352
f 3348/3348/3348 3354/3354/3354 932/932/932
f 932/932/932 3354/3354/3354 938/938/938
f 3355/3355/3355 3349/3349/3349 3350/3350/3350
f 3355/3355/3355 3350/3350/3350 3356/3356/3356
f 3357/3357/3357 3351/3351/3351 3349/3349/3349
f 3357/3357/3357 3352/3352/3352 3351/3351/3351
f 3355/3355/3355 3357/3357/3357 3349/3349/3349
f 3358/3358/3358 3353/3353/3353 3352/3352/3352
f 3358/3358/3358 3352/3352/3352 3357/3357/3357
f 3359/3359/3359 3348/3348/3348 3353/3353/3353
f 3354/3354/3354 3348/3348/3348 3359/3359/3359
f 3359/3359/3359 3353/3353/3353 3358/3358/3358
f 3354/3354/3354 3360/3360/3360 938/938/938
f 938/938/938 3360/3360/3360 944/944/944
f 3361/3361/3361 3355/3355/3355 3356/3356/3356
f 3361/3361/3361 3356/3356/3356 3362/3362/3362
f 3363/3363/3363 3357/3357/3357 3355/3355/3355
f 3363/3363/3363 3358/3358/3358 3357/3357/3357
f 3361/3361/3361 3363/3363/3363 3355/3355/3355
f 3364/3364/3364 3359/3359/3359 3358/3358/3358
f 3364/3364/3364 3358/3358/3358 3363/3363/3363
f 3365/3365/3365 3354/3354/3354 3359/3359/3359
f 3360/3360/3360 3354/3354/3354 3365/3365/3365
f 3365/3365/3365 3359/3359/3359 3364/3364/3364
f 3360/3360/3360 3366/3366/3366 944/944/944
f 944/944/944 3366/3366/3366 950/950/950
f 3367/3367/3367 3361/3361/3361 3362/3362/3362
f 3367/3367/3367 3362/3362/3362 3368/3368/3368
f 3369/3369/3369 3363/3363/3363 3361/3361/3361
f 3369/3369/3369 3364/3364/3364 3363/3363/3363
f 3367/3367/3367 3369/3369/3369 3361/3361/3361
f 3370/3370/3370 3365/3365/3365 3364/3364/3364
f 3370/3370/3370 3364/3364/3364 3369/3369/3369
f 3371/3371/3371 3360/3360/3360 3365/3365/3365
f 3366/3366/3366 3360/3360/3360 3371/3371/3371
f 3371/3371/3371 3365/3365/3365 3370/3370/3370
f 3366/3366/3366 3372/3372/3372 950/950/950
f 950/950/950 3372/3372/3372 956/956/956
f 3373/3373/3373 3367/3367/3367 3368/3368/3368
f 3373/3373/3373 3368/3368/3368 3374/3374/3374
f 3375/3375/3375 3369/3369/3369 3367/3367/3367
f 3375/3375/3375 3370/3370/3370 3369/3369/3369
f 3373/3373/3373 3375/3375/3375 3367/3367/3367
f 3376/3376/3376 3371/3371/3371 3370/3370/3370
f 3376/3376/3376 3370/3370/3370 3375/3375/3375
f 3377/3377/3377 3366/3366/3366 3371/3371/3371
f 3372/3372/3372 3366/3366/3366 3377/3377/3377
f 3377/3377/3377 3371/3371/3371 3376/3376/3376
f 3378/3378/3378 3373/3373/3373 3374/3374/3374
f 3378/3378/3378 3374/3374/3374 3379/3379/3379
f 3380/3380/3380 3375/3375/3375 3373/3373/3373
f 3380/3380/3380 3376/3376/3376 3375/3375/3375
f 3378/3378/3378 3380/3380/3380 3373/3373/3373
f 3381/3381/3381 3377/3377/3377 3376/3376/3376
f 3381/3381/3381 3376/3376/3376 3380/3380/3380
f 3382/3382/3382 3372/3372/3372 3377/3377/3377
f 3382/3382/3382 3377/3377/3377 3381/3381/3381
f 3383/3383/3383 3378/3378/3378 3379/3379/3379
f 3383/3383/3383 3379/3379/3379 3384/3384/3384
f 3385/3385/3385 3380/3380/3380 3378/3378/3378
f 3385/3385/3385 3381/3381/3381 3380/3380/3380
f 3383/3383/3383 3385/3385/3385 3378/3378/3378
f 3386/3386/3386 3383/3383/3383 3384/3384/3384
f 3386/3386/3386 3384/3384/3384 3387/3387/3387
f 3388/3388/3388 3381/3381/3381 3385/3385/3385
f 3388/3388/3388 3382/3382/3382 3381/3381/3381
f 3389/3389/3389 3385/3385/3385 3383/3383/3383
f 3386/3386/3386 3389/3389/3389 3383/3383/3383
f 3389/3389/3389 3388/3388/3388 3385/3385/3385
f 3390/3390/3390 3372/3372/3372 3382/3382/3382
f 3372/3372/3372 3390/3390/3390 956/956/956
f 3391/3391/3391 3386/3386/3386 3387/3387/3387
f 3391/3391/3391 3387/3387/3387 1200/1200/1200
f 1199/1199/1199 3391/3391/3391 1200/1200/1200
f 3392/3392/3392 3382/3382/3382 3388/3388/3388
f 3392/3392/3392 3390/3390/3390 3382/3382/3382
f 3393/3393/3393 3389/3389/3389 3386/3386/3386
f 3391/3391/3391 3393/3393/3393 3386/3386/3386
f 3394/3394/3394 3388/3388/3388 3389/3389/3389
f 3394/3394/3394 3392/3392/3392 3388/3388/3388
f 3393/3393/3393 3394/3394/3394 3389/3389/3389
f 956/956/956 3390/3390/3390 3395/3395/3395
f 3395/3395/3395 951/951/951 956/956/956
f 957/957/957 951/951/951 3395/3395/3395
f 1199/1199/1199 3396/3396/3396 3391/3391/3391
f 3396/3396/3396 3393/3393/3393 3391/3391/3391
f 3397/3397/3397 3390/3390/3390 3392/3392/3392
f 3390/3390/3390 3397/3397/3397 3395/3395/3395
f 3398/3398/3398 957/957/957 3395/3395/3395
f 3395/3395/3395 3397/3397/3397 3398/3398/3398
f 964/964/964 957/957/957 3398/3398/3398
f 972/972/972 964/964/964 3398/3398/3398
f 3399/3399/3399 3394/3394/3394 3393/3393/3393
f 3396/3396/3396 3399/3399/3399 3393/3393/3393
f 3400/3400/3400 3392/3392/3392 3394/3394/3394
f 3400/3400/3400 3397/3397/3397 3392/3392/3392
f 3399/3399/3399 3400/3400/3400 3394/3394/3394
f 3397/3397/3397 3401/3401/3401 3398/3398/3398
f 3398/3398/3398 3401/3401/3401 972/972/972
f 3401/3401/3401 3397/3397/3397 3400/3400/3400
f 3402/3402/3402 3396/3396/3396 1199/1199/1199
f 1191/1191/1191 3402/3402/3402 1199/1199/1199
f 1193/1193/1193 3402/3402/3402 1191/1191/1191
f 3403/3403/3403 3399/3399/3399 3396/3396/3396
f 3402/3402/3402 3403/3403/3403 3396/3396/3396
f 3404/3404/3404 3400/3400/3400 3399/3399/3399
f 3404/3404/3404 3401/3401/3401 3400/3400/3400
f 3403/3403/3403 3404/3404/3404 3399/3399/3399
f 3401/3401/3401 3405/3405/3405 972/972/972
f 3405/3405/3405 3401/3401/3401 3404/3404/3404
f 972/972/972 3405/3405/3405 970/970/970
f 3405/3405/3405 977/977/977 970/970/970
f 3406/3406/3406 3405/3405/3405 3404/3404/3404
f 3406/3406/3406 3404/3404/3404 3403/3403/3403
f 977/977/977 3405/3405/3405 3406/3406/3406
f 3407/3407/3407 3403/3403/3403 3402/3402/3402
f 1193/1193/1193 3407/3407/3407 3402/3402/3402
f 3407/3407/3407 3406/3406/3406 3403/3403/3403
f 3408/3408/3408 977/977/977 3406/3406/3406
f 3408/3408/3408 3406/3406/3406 3407/3407/3407
f 978/978/978 977/977/977 3408/3408/3408
f 3409/3409/3409 978/978/978 3408/3408/3408
f 3410/3410/3410 3407/3407/3407 1193/1193/1193
f 3410/3410/3410 3408/3408/3408 3407/3407/3407
f 3409/3409/3409 3408/3408/3408 3410/3410/3410
f 1185/1185/1185 3410/3410/3410 1193/1193/1193
f 1186/1186/1186 3409/3409/3409 3410/3410/3410
f 1186/1186/1186 3410/3410/3410 1185/1185/1185
g Siren_1
usemtl Horde_Siren_Back
f 3413/3413/3413 3412/3412/3412 3411/3411/3411
f 3411/3411/3411 3414/3414/3414 3413/3413/3413
f 3411/3411/3411 3415/3415/3415 3414/3414/3414
f 3411/3411/3411 3416/3416/3416 3415/3415/3415
f 3411/3411/3411 3417/3417/3417 3416/3416/3416
f 3411/3411/3411 3418/3418/3418 3417/3417/3417
f 3411/3411/3411 3419/3419/3419 3418/3418/3418
f 3419/3419/3419 3420/3420/3420 3418/3418/3418
f 3419/3419/3419 3421/3421/3421 3420/3420/3420
f 3421/3421/3421 3422/3422/3422 3420/3420/3420
f 3421/3421/3421 3423/3423/3423 3422/3422/3422
f 3423/3423/3423 3424/3424/3424 3422/3422/3422
f 3424/3424/3424 3425/3425/3425 3422/3422/3422
f 3424/3424/3424 3426/3426/3426 3425/3425/3425
f 3426/3426/3426 3427/3427/3427 3425/3425/3425
f 3427/3427/3427 3428/3428/3428 3425/3425/3425
f 3427/3427/3427 3429/3429/3429 3428/3428/3428
f 3429/3429/3429 3430/3430/3430 3428/3428/3428
f 3429/3429/3429 3431/3431/3431 3430/3430/3430
f 3431/3431/3431 3432/3432/3432 3430/3430/3430
f 3432/3432/3432 3433/3433/3433 3430/3430/3430
f 3433/3433/3433 3434/3434/3434 3430/3430/3430
f 3433/3433/3433 3435/3435/3435 3434/3434/3434
f 3435/3435/3435 3436/3436/3436 3434/3434/3434
f 3435/3435/3435 3437/3437/3437 3436/3436/3436
f 3437/3437/3437 3438/3438/3438 3436/3436/3436
f 3437/3437/3437 3439/3439/3439 3438/3438/3438
f 3439/3439/3439 3440/3440/3440 3438/3438/3438
f 3439/3439/3439 3441/3441/3441 3440/3440/3440
f 3439/3439/3439 3442/3442/3442 3441/3441/3441
f 3439/3439/3439 3443/3443/3443 3442/3442/3442
f 3439/3439/3439 3444/3444/3444 3443/3443/3443
f 3444/3444/3444 3445/3445/3445 3443/3443/3443
f 3444/3444/3444 3446/3446/3446 3445/3445/3445
f 3444/3444/3444 3447/3447/3447 3446/3446/3446
f 3447/3447/3447 3448/3448/3448 3446/3446/3446
f 3447/3447/3447 3449/3449/3449 3448/3448/3448
f 3449/3449/3449 3450/3450/3450 3448/3448/3448
f 3449/3449/3449 3451/3451/3451 3450/3450/3450
f 3451/3451/3451 3452/3452/3452 3450/3450/3450
f 3451/3451/3451 3453/3453/3453 3452/3452/3452
f 3453/3453/3453 3454/3454/3454 3452/3452/3452
f 3453/3453/3453 3455/3455/3455 3454/3454/3454
f 3455/3455/3455 3456/3456/3456 3454/3454/3454
f 3455/3455/3455 3457/3457/3457 3456/3456/3456
f 3457/3457/3457 3458/3458/3458 3456/3456/3456
f 3457/3457/3457 3459/3459/3459 3458/3458/3458
f 3459/3459/3459 3460/3460/3460 3458/3458/3458
f 3460/3460/3460 3461/3461/3461 3458/3458/3458
f 3461/3461/3461 3462/3462/3462 3458/3458/3458
f 3462/3462/3462 3463/3463/3463 3458/3458/3458
f 3462/3462/3462 3464/3464/3464 3463/3463/3463
f 3464/3464/3464 3465/3465/3465 3463/3463/3463
f 3464/3464/3464 3466/3466/3466 3465/3465/3465
f 3466/3466/3466 3467/3467/3467 3465/3465/3465
f 3466/3466/3466 3468/3468/3468 3467/3467/3467
f 3466/3466/3466 3469/3469/3469 3468/3468/3468
f 3469/3469/3469 3470/3470/3470 3468/3468/3468
f 3469/3469/3469 3471/3471/3471 3470/3470/3470
f 3469/3469/3469 3472/3472/3472 3471/3471/3471
f 3469/3469/3469 3473/3473/3473 3472/3472/3472
f 3469/3469/3469 3474/3474/3474 3473/3473/3473
f 3474/3474/3474 3475/3475/3475 3473/3473/3473
f 3474/3474/3474 3476/3476/3476 3475/3475/3475
f 3474/3474/3474 3477/3477/3477 3476/3476/3476
f 3477/3477/3477 3478/3478/3478 3476/3476/3476
f 3478/3478/3478 3479/3479/3479 3476/3476/3476
f 3478/3478/3478 3480/3480/3480 3479/3479/3479
f 3481/3481/3481 3479/3479/3479 3480/3480/3480
f 3480/3480/3480 3482/3482/3482 3481/3481/3481
f 3482/3482/3482 3483/3483/3483 3481/3481/3481
f 3483/3483/3483 3484/3484/3484 3481/3481/3481
f 3483/3483/3483 3485/3485/3485 3484/3484/3484
f 3485/3485/3485 3486/3486/3486 3484/3484/3484
f 3485/3485/3485 3487/3487/3487 3486/3486/3486
f 3478/3478/3478 3488/3488/3488 3480/3480/3480
f 3487/3487/3487 3489/3489/3489 3486/3486/3486
f 3487/3487/3487 3490/3490/3490 3489/3489/3489
f 3490/3490/3490 3491/3491/3491 3489/3489/3489
f 3491/3491/3491 3492/3492/3492 3489/3489/3489
f 3492/3492/3492 3493/3493/3493 3489/3489/3489
f 3492/3492/3492 3494/3494/3494 3493/3493/3493
f 3494/3494/3494 3495/3495/3495 3493/3493/3493
f 3494/3494/3494 3496/3496/3496 3495/3495/3495
f 3496/3496/3496 3497/3497/3497 3495/3495/3495
f 3497/3497/3497 3498/3498/3498 3495/3495/3495
f 3498/3498/3498 3499/3499/3499 3495/3495/3495
f 3498/3498/3498 3500/3500/3500 3499/3499/3499
f 3500/3500/3500 3501/3501/3501 3499/3499/3499
f 3501/3501/3501 3502/3502/3502 3499/3499/3499
f 3501/3501/3501 3503/3503/3503 3502/3502/3502
f 3503/3503/3503 3504/3504/3504 3502/3502/3502
f 3503/3503/3503 3505/3505/3505 3504/3504/3504
f 3505/3505/3505 3506/3506/3506 3504/3504/3504
f 3505/3505/3505 3507/3507/3507 3506/3506/3506
f 3507/3507/3507 3508/3508/3508 3506/3506/3506
f 3508/3508/3508 3509/3509/3509 3506/3506/3506
f 3509/3509/3509 3510/3510/3510 3506/3506/3506
f 3510/3510/3510 3511/3511/3511 3506/3506/3506
f 3511/3511/3511 3512/3512/3512 3506/3506/3506
f 3511/3511/3511 3513/3513/3513 3512/3512/3512
f 3513/3513/3513 3514/3514/3514 3512/3512/3512
f 3514/3514/3514 3515/3515/3515 3512/3512/3512
f 3515/3515/3515 3516/3516/3516 3512/3512/3512
f 3515/3515/3515 3517/3517/3517 3516/3516/3516
f 3517/3517/3517 3518/3518/3518 3516/3516/3516
f 3517/3517/3517 3519/3519/3519 3518/3518/3518
f 3519/3519/3519 3520/3520/3520 3518/3518/3518
f 3519/3519/3519 3521/3521/3521 3520/3520/3520
f 3519/3519/3519 3522/3522/3522 3521/3521/3521
f 3519/3519/3519 3523/3523/3523 3522/3522/3522
f 3523/3523/3523 3524/3524/3524 3522/3522/3522
f 3523/3523/3523 3525/3525/3525 3524/3524/3524
f 3525/3525/3525 3526/3526/3526 3524/3524/3524
f 3525/3525/3525 3527/3527/3527 3526/3526/3526
f 3527/3527/3527 3528/3528/3528 3526/3526/3526
f 3527/3527/3527 3529/3529/3529 3528/3528/3528
f 3527/3527/3527 3530/3530/3530 3529/3529/3529
f 3527/3527/3527 3531/3531/3531 3530/3530/3530
f 3531/3531/3531 3532/3532/3532 3530/3530/3530
f 3532/3532/3532 3533/3533/3533 3530/3530/3530
f 3532/3532/3532 3534/3534/3534 3533/3533/3533
f 3534/3534/3534 3535/3535/3535 3533/3533/3533
f 3535/3535/3535 3536/3536/3536 3533/3533/3533
f 3536/3536/3536 3537/3537/3537 3533/3533/3533
f 3537/3537/3537 3538/3538/3538 3533/3533/3533
f 3538/3538/3538 3539/3539/3539 3533/3533/3533
f 3538/3538/3538 3540/3540/3540 3539/3539/3539
f 3540/3540/3540 3541/3541/3541 3539/3539/3539
f 3541/3541/3541 3542/3542/3542 3539/3539/3539
f 3542/3542/3542 3543/3543/3543 3539/3539/3539
f 3542/3542/3542 3544/3544/3544 3543/3543/3543
f 3542/3542/3542 3545/3545/3545 3544/3544/3544
f 3545/3545/3545 3546/3546/3546 3544/3544/3544
f 3545/3545/3545 3547/3547/3547 3546/3546/3546
f 3547/3547/3547 3548/3548/3548 3546/3546/3546
f 3547/3547/3547 3549/3549/3549 3548/3548/3548
f 3549/3549/3549 3550/3550/3550 3548/3548/3548
f 3549/3549/3549 3551/3551/3551 3550/3550/3550
f 3549/3549/3549 3552/3552/3552 3551/3551/3551
f 3552/3552/3552 3553/3553/3553 3551/3551/3551
f 3552/3552/3552 3554/3554/3554 3553/3553/3553
f 3554/3554/3554 3555/3555/3555 3553/3553/3553
f 3554/3554/3554 3556/3556/3556 3555/3555/3555
f 3556/3556/3556 3557/3557/3557 3555/3555/3555
f 3557/3557/3557 3558/3558/3558 3555/3555/3555
f 3557/3557/3557 3559/3559/3559 3558/3558/3558
f 3559/3559/3559 3560/3560/3560 3558/3558/3558
f 3560/3560/3560 3561/3561/3561 3558/3558/3558
f 3560/3560/3560 3562/3562/3562 3561/3561/3561
f 3562/3562/3562 3563/3563/3563 3561/3561/3561
f 3562/3562/3562 3564/3564/3564 3563/3563/3563
f 3562/3562/3562 3565/3565/3565 3564/3564/3564
f 3562/3562/3562 3566/3566/3566 3565/3565/3565
f 3566/3566/3566 3567/3567/3567 3565/3565/3565
f 3566/3566/3566 3568/3568/3568 3567/3567/3567
f 3568/3568/3568 3569/3569/3569 3567/3567/3567
f 3568/3568/3568 3570/3570/3570 3569/3569/3569
f 3570/3570/3570 3571/3571/3571 3569/3569/3569
f 3572/3572/3572 3569/3569/3569 3571/3571/3571
f 3570/3570/3570 3573/3573/3573 3571/3571/3571
f 3571/3571/3571 3574/3574/3574 3572/3572/3572
f 3570/3570/3570 3575/3575/3575 3573/3573/3573
f 3575/3575/3575 3576/3576/3576 3573/3573/3573
f 3575/3575/3575 3577/3577/3577 3576/3576/3576
f 3574/3574/3574 3578/3578/3578 3572/3572/3572
f 3574/3574/3574 3579/3579/3579 3578/3578/3578
f 3579/3579/3579 3580/3580/3580 3578/3578/3578
f 3579/3579/3579 3581/3581/3581 3580/3580/3580
f 3579/3579/3579 3582/3582/3582 3581/3581/3581
f 3582/3582/3582 3583/3583/3583 3581/3581/3581
f 3582/3582/3582 3584/3584/3584 3583/3583/3583
f 3582/3582/3582 3585/3585/3585 3584/3584/3584
f 3585/3585/3585 3586/3586/3586 3584/3584/3584
f 3585/3585/3585 3587/3587/3587 3586/3586/3586
f 3587/3587/3587 3588/3588/3588 3586/3586/3586
f 3588/3588/3588 3589/3589/3589 3586/3586/3586
f 3588/3588/3588 3590/3590/3590 3589/3589/3589
f 3590/3590/3590 3591/3591/3591 3589/3589/3589
f 3590/3590/3590 3592/3592/3592 3591/3591/3591
f 3592/3592/3592 3593/3593/3593 3591/3591/3591
f 3592/3592/3592 3594/3594/3594 3593/3593/3593
f 3594/3594/3594 3595/3595/3595 3593/3593/3593
f 3595/3595/3595 3596/3596/3596 3593/3593/3593
f 3595/3595/3595 3597/3597/3597 3596/3596/3596
f 3597/3597/3597 3598/3598/3598 3596/3596/3596
f 3598/3598/3598 3599/3599/3599 3596/3596/3596
f 3598/3598/3598 3600/3600/3600 3599/3599/3599
f 3600/3600/3600 3601/3601/3601 3599/3599/3599
f 3600/3600/3600 3602/3602/3602 3601/3601/3601
f 3602/3602/3602 3603/3603/3603 3601/3601/3601
f 3602/3602/3602 3604/3604/3604 3603/3603/3603
f 3604/3604/3604 3605/3605/3605 3603/3603/3603
f 3605/3605/3605 3606/3606/3606 3603/3603/3603
f 3605/3605/3605 3607/3607/3607 3606/3606/3606
f 3605/3605/3605 3608/3608/3608 3607/3607/3607
f 3608/3608/3608 3609/3609/3609 3607/3607/3607
f 3608/3608/3608 3610/3610/3610 3609/3609/3609
f 3610/3610/3610 3611/3611/3611 3609/3609/3609
f 3610/3610/3610 3612/3612/3612 3611/3611/3611
f 3612/3612/3612 3613/3613/3613 3611/3611/3611
f 3613/3613/3613 3614/3614/3614 3611/3611/3611
f 3613/3613/3613 3615/3615/3615 3614/3614/3614
f 3615/3615/3615 3616/3616/3616 3614/3614/3614
f 3615/3615/3615 3617/3617/3617 3616/3616/3616
f 3615/3615/3615 3618/3618/3618 3617/3617/3617
f 3618/3618/3618 3619/3619/3619 3617/3617/3617
f 3619/3619/3619 3620/3620/3620 3617/3617/3617
f 3619/3619/3619 3621/3621/3621 3620/3620/3620
f 3621/3621/3621 3622/3622/3622 3620/3620/3620
f 3622/3622/3622 3623/3623/3623 3620/3620/3620
f 3623/3623/3623 3624/3624/3624 3620/3620/3620
f 3623/3623/3623 3625/3625/3625 3624/3624/3624
f 3625/3625/3625 3626/3626/3626 3624/3624/3624
f 3625/3625/3625 3627/3627/3627 3626/3626/3626
f 3625/3625/3625 3628/3628/3628 3627/3627/3627
f 3628/3628/3628 3629/3629/3629 3627/3627/3627
f 3628/3628/3628 3630/3630/3630 3629/3629/3629
f 3630/3630/3630 3631/3631/3631 3629/3629/3629
f 3631/3631/3631 3632/3632/3632 3629/3629/3629
f 3632/3632/3632 3633/3633/3633 3629/3629/3629
f 3632/3632/3632 3634/3634/3634 3633/3633/3633
f 3634/3634/3634 3635/3635/3635 3633/3633/3633
f 3635/3635/3635 3636/3636/3636 3633/3633/3633
f 3636/3636/3636 3637/3637/3637 3633/3633/3633
f 3637/3637/3637 3638/3638/3638 3633/3633/3633
f 3637/3637/3637 3639/3639/3639 3638/3638/3638
f 3639/3639/3639 3640/3640/3640 3638/3638/3638
f 3639/3639/3639 3641/3641/3641 3640/3640/3640
f 3641/3641/3641 3642/3642/3642 3640/3640/3640
f 3641/3641/3641 3643/3643/3643 3642/3642/3642
f 3641/3641/3641 3644/3644/3644 3643/3643/3643
f 3644/3644/3644 3645/3645/3645 3643/3643/3643
f 3644/3644/3644 3646/3646/3646 3645/3645/3645
f 3649/3649/3649 3648/3648/3648 3647/3647/3647
f 3650/3650/3650 3649/3649/3649 3647/3647/3647
f 3650/3650/3650 3647/3647/3647 3651/3651/3651
f 3652/3652/3652 3650/3650/3650 3651/3651/3651
f 3652/3652/3652 3651/3651/3651 3653/3653/3653
f 3654/3654/3654 3652/3652/3652 3653/3653/3653
f 3654/3654/3654 3653/3653/3653 3655/3655/3655
f 3654/3654/3654 3655/3655/3655 3656/3656/3656
f 3654/3654/3654 3656/3656/3656 3488/3488/3488
f 3478/3478/3478 3654/3654/3654 3488/3488/3488
f 3657/3657/3657 3488/3488/3488 3656/3656/3656
f 3656/3656/3656 3658/3658/3658 3657/3657/3657
g Siren_2
usemtl Horde_Siren_Front
f 3661/3661/3661 3660/3660/3660 3659/3659/3659
f 3662/3662/3662 3661/3661/3661 3659/3659/3659
f 3662/3662/3662 3659/3659/3659 3663/3663/3663
f 3664/3664/3664 3662/3662/3662 3663/3663/3663
f 3665/3665/3665 3664/3664/3664 3663/3663/3663
f 3665/3665/3665 3663/3663/3663 3666/3666/3666
f 3667/3667/3667 3665/3665/3665 3666/3666/3666
f 3667/3667/3667 3666/3666/3666 3668/3668/3668
f 3669/3669/3669 3667/3667/3667 3668/3668/3668
f 3669/3669/3669 3668/3668/3668 3670/3670/3670
f 3669/3669/3669 3670/3670/3670 3671/3671/3671
f 3669/3669/3669 3671/3671/3671 3672/3672/3672
f 3669/3669/3669 3672/3672/3672 3673/3673/3673
f 3674/3674/3674 3669/3669/3669 3673/3673/3673
f 3674/3674/3674 3673/3673/3673 3675/3675/3675
f 3674/3674/3674 3675/3675/3675 3676/3676/3676
f 3674/3674/3674 3676/3676/3676 3677/3677/3677
f 3678/3678/3678 3674/3674/3674 3677/3677/3677
f 3678/3678/3678 3677/3677/3677 3679/3679/3679
f 3680/3680/3680 3678/3678/3678 3679/3679/3679
f 3681/3681/3681 3680/3680/3680 3679/3679/3679
f 3681/3681/3681 3679/3679/3679 3682/3682/3682
f 3683/3683/3683 3681/3681/3681 3682/3682/3682
f 3683/3683/3683 3682/3682/3682 3684/3684/3684
f 3683/3683/3683 3684/3684/3684 3685/3685/3685
f 3683/3683/3683 3685/3685/3685 3686/3686/3686
f 3687/3687/3687 3683/3683/3683 3686/3686/3686
f 3687/3687/3687 3686/3686/3686 3688/3688/3688
f 3687/3687/3687 3688/3688/3688 3689/3689/3689
f 3690/3690/3690 3687/3687/3687 3689/3689/3689
f 3691/3691/3691 3690/3690/3690 3689/3689/3689
f 3691/3691/3691 3689/3689/3689 3692/3692/3692
f 3693/3693/3693 3691/3691/3691 3692/3692/3692
f 3693/3693/3693 3692/3692/3692 3694/3694/3694
f 3693/3693/3693 3694/3694/3694 3695/3695/3695
f 3696/3696/3696 3693/3693/3693 3695/3695/3695
f 3696/3696/3696 3695/3695/3695 3697/3697/3697
f 3698/3698/3698 3696/3696/3696 3697/3697/3697
f 3698/3698/3698 3697/3697/3697 3699/3699/3699
f 3700/3700/3700 3698/3698/3698 3699/3699/3699
f 3701/3701/3701 3700/3700/3700 3699/3699/3699
f 3701/3701/3701 3699/3699/3699 3702/3702/3702
f 3701/3701/3701 3702/3702/3702 3703/3703/3703
f 3704/3704/3704 3701/3701/3701 3703/3703/3703
f 3704/3704/3704 3703/3703/3703 3705/3705/3705
f 3706/3706/3706 3704/3704/3704 3705/3705/3705
f 3706/3706/3706 3705/3705/3705 3707/3707/3707
f 3708/3708/3708 3706/3706/3706 3707/3707/3707
f 3708/3708/3708 3707/3707/3707 3709/3709/3709
f 3708/3708/3708 3709/3709/3709 3710/3710/3710
f 3711/3711/3711 3708/3708/3708 3710/3710/3710
f 3711/3711/3711 3710/3710/3710 3712/3712/3712
f 3711/3711/3711 3712/3712/3712 3713/3713/3713
f 3714/3714/3714 3711/3711/3711 3713/3713/3713
f 3714/3714/3714 3713/3713/3713 3715/3715/3715
f 3716/3716/3716 3714/3714/3714 3715/3715/3715
f 3716/3716/3716 3715/3715/3715 3717/3717/3717
f 3718/3718/3718 3716/3716/3716 3717/3717/3717
f 3718/3718/3718 3717/3717/3717 3719/3719/3719
f 3718/3718/3718 3719/3719/3719 3720/3720/3720
f 3721/3721/3721 3718/3718/3718 3720/3720/3720
f 3721/3721/3721 3720/3720/3720 3722/3722/3722
f 3723/3723/3723 3721/3721/3721 3722/3722/3722
f 3724/3724/3724 3723/3723/3723 3722/3722/3722
f 3724/3724/3724 3722/3722/3722 3725/3725/3725
f 3726/3726/3726 3724/3724/3724 3725/3725/3725
f 3727/3727/3727 3726/3726/3726 3725/3725/3725
f 3727/3727/3727 3725/3725/3725 3728/3728/3728
f 3729/3729/3729 3727/3727/3727 3728/3728/3728
f 3729/3729/3729 3728/3728/3728 3730/3730/3730
f 3730/3730/3730 3731/3731/3731 3729/3729/3729
f 3731/3731/3731 3730/3730/3730 3732/3732/3732
f 3730/3730/3730 3733/3733/3733 3732/3732/3732
f 3731/3731/3731 3732/3732/3732 3734/3734/3734
f 3733/3733/3733 3735/3735/3735 3732/3732/3732
f 3733/3733/3733 3736/3736/3736 3735/3735/3735
f 3736/3736/3736 3737/3737/3737 3735/3735/3735
f 3738/3738/3738 3731/3731/3731 3734/3734/3734
f 3738/3738/3738 3734/3734/3734 3739/3739/3739
f 3740/3740/3740 3738/3738/3738 3739/3739/3739
f 3740/3740/3740 3739/3739/3739 3741/3741/3741
f 3742/3742/3742 3740/3740/3740 3741/3741/3741
f 3743/3743/3743 3742/3742/3742 3741/3741/3741
f 3744/3744/3744 3743/3743/3743 3741/3741/3741
f 3744/3744/3744 3741/3741/3741 3745/3745/3745
f 3746/3746/3746 3744/3744/3744 3745/3745/3745
f 3746/3746/3746 3745/3745/3745 3747/3747/3747
f 3746/3746/3746 3747/3747/3747 3748/3748/3748
f 3749/3749/3749 3746/3746/3746 3748/3748/3748
f 3749/3749/3749 3748/3748/3748 3750/3750/3750
f 3749/3749/3749 3750/3750/3750 3751/3751/3751
f 3752/3752/3752 3749/3749/3749 3751/3751/3751
f 3752/3752/3752 3751/3751/3751 3753/3753/3753
f 3754/3754/3754 3752/3752/3752 3753/3753/3753
f 3754/3754/3754 3753/3753/3753 3755/3755/3755
f 3756/3756/3756 3754/3754/3754 3755/3755/3755
f 3757/3757/3757 3756/3756/3756 3755/3755/3755
f 3757/3757/3757 3755/3755/3755 3758/3758/3758
f 3759/3759/3759 3757/3757/3757 3758/3758/3758
f 3759/3759/3759 3758/3758/3758 3760/3760/3760
f 3761/3761/3761 3759/3759/3759 3760/3760/3760
f 3761/3761/3761 3760/3760/3760 3762/3762/3762
f 3763/3763/3763 3761/3761/3761 3762/3762/3762
f 3764/3764/3764 3763/3763/3763 3762/3762/3762
f 3764/3764/3764 3762/3762/3762 3765/3765/3765
f 3764/3764/3764 3765/3765/3765 3766/3766/3766
f 3764/3764/3764 3766/3766/3766 3767/3767/3767
f 3768/3768/3768 3764/3764/3764 3767/3767/3767
f 3768/3768/3768 3767/3767/3767 3769/3769/3769
f 3768/3768/3768 3769/3769/3769 3770/3770/3770
f 3768/3768/3768 3770/3770/3770 3771/3771/3771
f 3768/3768/3768 3771/3771/3771 3772/3772/3772
f 3768/3768/3768 3772/3772/3772 3773/3773/3773
f 3774/3774/3774 3768/3768/3768 3773/3773/3773
f 3774/3774/3774 3773/3773/3773 3775/3775/3775
f 3774/3774/3774 3775/3775/3775 3776/3776/3776
f 3777/3777/3777 3774/3774/3774 3776/3776/3776
f 3778/3778/3778 3777/3777/3777 3776/3776/3776
f 3779/3779/3779 3778/3778/3778 3776/3776/3776
f 3779/3779/3779 3776/3776/3776 3780/3780/3780
f 3781/3781/3781 3779/3779/3779 3780/3780/3780
f 3781/3781/3781 3780/3780/3780 3782/3782/3782
f 3783/3783/3783 3781/3781/3781 3782/3782/3782
f 3783/3783/3783 3782/3782/3782 3784/3784/3784
f 3785/3785/3785 3783/3783/3783 3784/3784/3784
f 3786/3786/3786 3785/3785/3785 3784/3784/3784
f 3787/3787/3787 3786/3786/3786 3784/3784/3784
f 3787/3787/3787 3784/3784/3784 3788/3788/3788
f 3789/3789/3789 3787/3787/3787 3788/3788/3788
f 3789/3789/3789 3788/3788/3788 3790/3790/3790
f 3791/3791/3791 3789/3789/3789 3790/3790/3790
f 3791/3791/3791 3790/3790/3790 3792/3792/3792
f 3791/3791/3791 3792/3792/3792 3793/3793/3793
f 3791/3791/3791 3793/3793/3793 3794/3794/3794
f 3795/3795/3795 3791/3791/3791 3794/3794/3794
f 3795/3795/3795 3794/3794/3794 3796/3796/3796
f 3795/3795/3795 3796/3796/3796 3797/3797/3797
f 3795/3795/3795 3797/3797/3797 3798/3798/3798
f 3795/3795/3795 3798/3798/3798 3799/3799/3799
f 3795/3795/3795 3799/3799/3799 3800/3800/3800
f 3801/3801/3801 3795/3795/3795 3800/3800/3800
f 3801/3801/3801 3800/3800/3800 3802/3802/3802
f 3803/3803/3803 3801/3801/3801 3802/3802/3802
f 3803/3803/3803 3802/3802/3802 3804/3804/3804
f 3805/3805/3805 3803/3803/3803 3804/3804/3804
f 3805/3805/3805 3804/3804/3804 3806/3806/3806
f 3805/3805/3805 3806/3806/3806 3807/3807/3807
f 3808/3808/3808 3805/3805/3805 3807/3807/3807
f 3808/3808/3808 3807/3807/3807 3809/3809/3809
f 3808/3808/3808 3809/3809/3809 3810/3810/3810
f 3808/3808/3808 3810/3810/3810 3811/3811/3811
f 3812/3812/3812 3808/3808/3808 3811/3811/3811
f 3812/3812/3812 3811/3811/3811 3813/3813/3813
f 3814/3814/3814 3812/3812/3812 3813/3813/3813
f 3814/3814/3814 3813/3813/3813 3815/3815/3815
f 3814/3814/3814 3815/3815/3815 3816/3816/3816
f 3814/3814/3814 3816/3816/3816 3817/3817/3817
f 3818/3818/3818 3814/3814/3814 3817/3817/3817
f 3818/3818/3818 3817/3817/3817 3819/3819/3819
f 3820/3820/3820 3818/3818/3818 3819/3819/3819
f 3820/3820/3820 3819/3819/3819 3821/3821/3821
f 3822/3822/3822 3820/3820/3820 3821/3821/3821
f 3822/3822/3822 3821/3821/3821 3823/3823/3823
f 3822/3822/3822 3823/3823/3823 3824/3824/3824
f 3824/3824/3824 3825/3825/3825 3822/3822/3822
f 3825/3825/3825 3824/3824/3824 3826/3826/3826
f 3827/3827/3827 3825/3825/3825 3826/3826/3826
f 3824/3824/3824 3828/3828/3828 3826/3826/3826
f 3827/3827/3827 3826/3826/3826 3829/3829/3829
f 3827/3827/3827 3829/3829/3829 3830/3830/3830
f 3831/3831/3831 3827/3827/3827 3830/3830/3830
f 3832/3832/3832 3831/3831/3831 3830/3830/3830
f 3832/3832/3832 3830/3830/3830 3833/3833/3833
f 3834/3834/3834 3832/3832/3832 3833/3833/3833
f 3835/3835/3835 3834/3834/3834 3833/3833/3833
f 3836/3836/3836 3835/3835/3835 3833/3833/3833
f 3837/3837/3837 3836/3836/3836 3833/3833/3833
f 3837/3837/3837 3833/3833/3833 3838/3838/3838
f 3839/3839/3839 3837/3837/3837 3838/3838/3838
f 3840/3840/3840 3839/3839/3839 3838/3838/3838
f 3840/3840/3840 3838/3838/3838 3841/3841/3841
f 3842/3842/3842 3840/3840/3840 3841/3841/3841
f 3842/3842/3842 3841/3841/3841 3843/3843/3843
f 3844/3844/3844 3842/3842/3842 3843/3843/3843
f 3844/3844/3844 3843/3843/3843 3845/3845/3845
f 3844/3844/3844 3845/3845/3845 3846/3846/3846
f 3844/3844/3844 3846/3846/3846 3847/3847/3847
f 3844/3844/3844 3847/3847/3847 3848/3848/3848
f 3849/3849/3849 3844/3844/3844 3848/3848/3848
f 3849/3849/3849 3848/3848/3848 3850/3850/3850
f 3851/3851/3851 3849/3849/3849 3850/3850/3850
f 3851/3851/3851 3850/3850/3850 3852/3852/3852
f 3853/3853/3853 3851/3851/3851 3852/3852/3852
f 3853/3853/3853 3852/3852/3852 3854/3854/3854
f 3855/3855/3855 3853/3853/3853 3854/3854/3854
f 3855/3855/3855 3854/3854/3854 3856/3856/3856
f 3857/3857/3857 3855/3855/3855 3856/3856/3856
f 3857/3857/3857 3856/3856/3856 3858/3858/3858
f 3859/3859/3859 3857/3857/3857 3858/3858/3858
f 3859/3859/3859 3858/3858/3858 3860/3860/3860
f 3861/3861/3861 3859/3859/3859 3860/3860/3860
f 3862/3862/3862 3861/3861/3861 3860/3860/3860
f 3862/3862/3862 3860/3860/3860 3863/3863/3863
f 3864/3864/3864 3862/3862/3862 3863/3863/3863
f 3865/3865/3865 3864/3864/3864 3863/3863/3863
f 3866/3866/3866 3865/3865/3865 3863/3863/3863
f 3867/3867/3867 3866/3866/3866 3863/3863/3863
f 3867/3867/3867 3863/3863/3863 3868/3868/3868
f 3869/3869/3869 3867/3867/3867 3868/3868/3868
f 3869/3869/3869 3868/3868/3868 3870/3870/3870
f 3871/3871/3871 3869/3869/3869 3870/3870/3870
f 3871/3871/3871 3870/3870/3870 3872/3872/3872
f 3873/3873/3873 3871/3871/3871 3872/3872/3872
f 3873/3873/3873 3872/3872/3872 3874/3874/3874
f 3873/3873/3873 3874/3874/3874 3875/3875/3875
f 3873/3873/3873 3875/3875/3875 3876/3876/3876
f 3877/3877/3877 3873/3873/3873 3876/3876/3876
f 3877/3877/3877 3876/3876/3876 3878/3878/3878
f 3879/3879/3879 3877/3877/3877 3878/3878/3878
f 3879/3879/3879 3878/3878/3878 3880/3880/3880
f 3879/3879/3879 3880/3880/3880 3881/3881/3881
f 3882/3882/3882 3879/3879/3879 3881/3881/3881
f 3882/3882/3882 3881/3881/3881 3883/3883/3883
f 3882/3882/3882 3883/3883/3883 3884/3884/3884
f 3885/3885/3885 3882/3882/3882 3884/3884/3884
f 3885/3885/3885 3884/3884/3884 3886/3886/3886
f 3887/3887/3887 3885/3885/3885 3886/3886/3886
f 3887/3887/3887 3886/3886/3886 3888/3888/3888
f 3889/3889/3889 3887/3887/3887 3888/3888/3888
f 3890/3890/3890 3889/3889/3889 3888/3888/3888
f 3890/3890/3890 3888/3888/3888 3891/3891/3891
f 3890/3890/3890 3891/3891/3891 3892/3892/3892
f 3890/3890/3890 3892/3892/3892 3893/3893/3893
f 3893/3893/3893 3894/3894/3894 3890/3890/3890
f 3897/3897/3897 3896/3896/3896 3895/3895/3895
f 3895/3895/3895 3828/3828/3828 3897/3897/3897
f 3828/3828/3828 3895/3895/3895 3898/3898/3898
f 3828/3828/3828 3898/3898/3898 3826/3826/3826
f 3895/3895/3895 3899/3899/3899 3898/3898/3898
f 3899/3899/3899 3900/3900/3900 3898/3898/3898
f 3900/3900/3900 3901/3901/3901 3898/3898/3898
f 3900/3900/3900 3902/3902/3902 3901/3901/3901
f 3902/3902/3902 3903/3903/3903 3901/3901/3901
f 3902/3902/3902 3904/3904/3904 3903/3903/3903
f 3904/3904/3904 3905/3905/3905 3903/3903/3903
f 3904/3904/3904 3906/3906/3906 3905/3905/3905
f 3909/3909/3909 3908/3908/3908 3907/3907/3907
f 3910/3910/3910 3909/3909/3909 3907/3907/3907
f 3913/3913/3913 3912/3912/3912 3911/3911/3911
f 3914/3914/3914 3913/3913/3913 3911/3911/3911