mtllib materials.mtl
g Butcher
v -1.73502517 0.0999969617 0.327676177
v -1.73733103 0.100000009 0.300000012
v -1.54095876 0.0999989957 0.300000012
v 1.52420211 0.0999979824 0.300000012
v 1.72759283 0.0999969617 0.300000012
v 1.72728407 0.100000001 0.323508888
v 1.72724831 0.0999969542 0.345585495
v -1.73226607 0.100000001 0.35365513
v 1.72748971 0.100000001 0.365990698
v -1.72905362 0.100000001 0.3779369
v 1.72880423 0.099999994 0.401786864
v -1.71669543 0.0999999866 0.440598965
v 1.7328558 0.0999999866 0.44294554
v -1.70025659 0.0999999866 0.487986207
v 1.73940265 0.0999999866 0.469061524
v 1.74778497 0.0999999866 0.483588785
v 1.75542855 0.0999999791 0.500002027
v -1.67973697 0.0999999791 0.520098567
v 1.76207399 0.0999999791 0.519659281
v 1.76772141 0.0999999791 0.542560518
v -1.65627146 0.0999999791 0.543483257
v 1.7721709 0.0999999717 0.567627251
v -1.63123095 0.0999999717 0.566050529
v -1.60461891 0.0999999717 0.587817788
v 1.77449203 0.0999969244 0.589835525
v -1.57643473 0.0999999642 0.608785033
v 1.77456748 0.0999999642 0.60855031
v 1.77239704 0.0999999642 0.623771548
v -1.54885805 0.0999999642 0.632089019
v 1.76769173 0.0999969169 0.636199653
v -1.52503872 0.0999999568 0.662262976
v 1.75883019 0.0999999642 0.649763227
v 1.74556017 0.0999999568 0.665073633
v -1.50500214 0.0999999568 0.69934392
v 1.72788155 0.0999999568 0.682130694
v 1.70669711 0.0999999568 0.700852573
v -1.48874843 0.0999999493 0.743331671
v 1.68817461 0.0999999493 0.720678389
v 1.67347813 0.0999999493 0.741502404
v 1.66260803 0.0999999493 0.763324499
v -1.47097313 0.0999999419 0.789800167
v 1.65507376 0.0999999419 0.786035061
v 1.64673245 0.0999999419 0.808706343
v -1.44256818 0.0999999344 0.83114934
v 1.63664424 0.0999968871 0.83112812
v 1.62480915 0.0999968871 0.853300393
v -1.40337718 0.0999999344 0.867248535
v 1.61153018 0.0999999344 0.875074565
v -1.35339987 0.099999927 0.898097694
v 1.6000396 0.099999927 0.894864917
v 1.59121084 0.099999927 0.912243187
v -1.30087507 0.099999927 0.929073811
v 1.58504379 0.099999927 0.927209198
v 1.58154643 0.0999968722 0.940134704
v -1.26253879 0.0999999195 0.971100628
v 1.58083165 0.0999999195 0.956176162
v 1.58293509 0.0999999195 0.976984799
v -1.23887813 0.0999999121 1.02449584
v 1.58785689 0.0999999121 1.00256062
v 1.59539568 0.0999999121 1.03271294
v -1.22989261 0.0999999046 1.08925927
v 1.60177588 0.0999968573 1.06387162
v 1.60556889 0.0999999046 1.09468508
v -1.2338376 0.0999998972 1.15758884
v 1.60677481 0.0999998972 1.12515378
v 1.60554945 0.0999998972 1.15546393
v 1.60607731 0.0999998897 1.19061351
v -1.24652672 0.0999998897 1.21076775
v 1.61022747 0.0999998823 1.2328347
v -1.26777744 0.099996835 1.24797928
v 1.61799955 0.0999998748 1.28212774
v -1.29758942 0.0999998823 1.26922333
v -1.32913172 0.0999998748 1.28149605
v -1.34305131 0.0999998748 1.30461574
v 1.62922931 0.0999968201 1.3384738
v -1.33817136 0.0999998674 1.33978796
v 1.63702333 0.0999998599 1.40109468
v -1.31449139 0.0999998599 1.38701272
v -1.2786994 0.0999998525 1.4430654
v 1.63774574 0.0999998525 1.46957994
v -1.25321376 0.099999845 1.49713612
v 1.63139665 0.0999967977 1.54392934
v -1.23984504 0.0999998376 1.54835176
v 1.61806297 0.0999967828 1.62396526
v -1.23859322 0.0999998376 1.59671211
v -1.24989057 0.0999998301 1.64112735
v 1.6043787 0.0999998227 1.69621086
v -1.27545726 0.0999998227 1.67725444
v -1.31547236 0.0999998227 1.70464373
v 1.59448886 0.0999998152 1.75224352
v -1.36993539 0.0999998152 1.72329521
v -1.43760848 0.0999967679 1.7345314
v -1.51259577 0.0999998152 1.74464869
v -1.5941329 0.0999998152 1.75446367
v 1.58839381 0.0999967605 1.792063
v -1.68221986 0.0999998152 1.76397657
v -1.77424872 0.0999998078 1.77433324
v -1.85524487 0.0999998078 1.7921145
v 1.58610928 0.0999967605 1.81577229
v -1.92282069 0.0999998078 1.81836915
v 1.59070051 0.0999998003 1.84287381
v -1.97697651 0.0999998003 1.85309744
v 1.6044476 0.0999997929 1.8878746
v -2.01830959 0.0999997929 1.89427543
v 1.62735057 0.0999997854 1.95077515
v -2.05100918 0.0999997929 1.92771745
v -2.07588434 0.0999997854 1.95068216
v -2.09293556 0.0999997854 1.96316981
v 1.65940058 0.0999967307 2.03156734
v -2.10460711 0.0999997854 1.96615362
v -2.13216496 0.0999997854 1.9680984
v -2.18053865 0.0999997854 1.97096682
v -2.24972773 0.0999997854 1.97475839
v -2.33680534 0.0999967381 1.9800005
v -2.40950632 0.099999778 1.99250364
v -2.45892143 0.099999778 2.01387239
v -2.4850502 0.0999967307 2.04410625
v 1.68957376 0.0999997631 2.12041688
v -2.48911905 0.0999997705 2.08242106
v -2.48877144 0.0999997631 2.11752963
v -2.48978043 0.0999997631 2.14573812
v 1.70802796 0.0999967083 2.20854282
v -2.49214745 0.0999997556 2.16704631
v -2.49596548 0.0999997556 2.18172908
v -2.50306702 0.0999997556 2.19516373
v -2.51416111 0.0999997556 2.20943046
v 1.71476293 0.0999997407 2.29594541
v -2.52924728 0.0999997482 2.22452855
v -2.54806995 0.0999997482 2.24051571
v -2.56338167 0.0999997482 2.25900865
v -2.57187271 0.0999997407 2.28074503
v -2.57354355 0.0999997407 2.30572557
v 1.70977902 0.0999997258 2.38262415
v -2.56798935 0.0999997333 2.33435655
v -2.53703737 0.0999997258 2.38492918
v 1.69494712 0.0999997184 2.4724412
v -2.47088003 0.0999997184 2.46731329
v -2.36951828 0.0999997035 2.58150887
v 1.67229033 0.0999997035 2.56957269
v 1.6418097 0.0999966413 2.67402029
v -2.23345613 0.0999996811 2.72703862
v 1.60350525 0.0999996737 2.78578401
v -2.10528612 0.0999996662 2.86365724
v 1.5648818 0.0999996588 2.89218283
v -2.01225424 0.0999996513 2.9656198
v 1.53569913 0.0999996513 2.97672677
v -1.95436132 0.0999996439 3.03292656
v 1.51599813 0.0999965966 3.03934622
v -1.93150818 0.0999996364 3.06573987
v 1.50577879 0.0999996364 3.08004165
v -1.92149353 0.099999629 3.10061693
v 1.50288785 0.099999629 3.11308789
v -1.90738642 0.0999996215 3.16543722
v 1.50398791 0.0999965742 3.1606133
v 1.50904059 0.0999996141 3.22287178
v -1.88918722 0.0999996141 3.2602005
v 1.51804602 0.0999996066 3.29986262
v -1.86689472 0.0999965444 3.38489366
v 1.52759063 0.0999995917 3.38438463
v 1.53140175 0.0999995843 3.46320462
v -1.83806205 0.0999965295 3.51062417
v 1.52934408 0.0999995768 3.53603554
v -1.80044615 0.0999995619 3.6109035
v 1.52141714 0.0999995619 3.60287762
v 1.50758421 0.0999995545 3.6660924
v -1.75404704 0.0999965072 3.68573117
v 1.48776531 0.0999964997 3.73080635
v -1.69886458 0.099999547 3.73510718
v 1.46195722 0.0999995396 3.79719734
v -1.64685595 0.0999995396 3.77349329
v -1.61130679 0.0999995396 3.81695914
v 1.4301604 0.0999964848 3.86526513
v -1.59222615 0.0999995321 3.86551452
v 1.39607406 0.0999964699 3.93575597
v -1.58961451 0.0999995247 3.91916084
v -1.59716201 0.0999995172 3.97619224
v 1.36917794 0.0999995098 4.0105834
v -1.60644865 0.0999995098 4.03433323
v 1.34994745 0.0999995023 4.08984184
v -1.61743212 0.0999995023 4.09357166
v 1.33838296 0.0999994874 4.17353249
v -1.63011229 0.0999994949 4.15390778
v -1.6460954 0.0999994799 4.21308613
v 1.33128738 0.0999994799 4.26004171
v -1.66793478 0.0999994725 4.26751947
v 1.31898463 0.099999465 4.34449005
v -1.69566286 0.0999994725 4.31716204
v -1.72927964 0.099999465 4.36201334
v 1.3008126 0.0999994576 4.42654276
v -1.76381552 0.0999994576 4.41194487
v -1.78990722 0.0999994501 4.48555565
v 1.27677155 0.0999963954 4.50619936
v -1.80733526 0.0999994352 4.58328056
v 1.24798441 0.0999994352 4.58097076
v 1.21847796 0.0999994278 4.64192772
v -1.81609976 0.0999994203 4.70511961
v 1.1886121 0.0999994203 4.68827105
v 1.15838683 0.0999994129 4.7200017
v -1.82058764 0.099999398 4.85449409
v 1.12869787 0.0999994129 4.73963976
v 1.10336637 0.0999994129 4.75793743
v 1.0828259 0.0999994054 4.77611542
v 1.06707644 0.0999994054 4.79417372
v 1.05559278 0.0999994054 4.81255007
v 1.04568553 0.099999398 4.8334856
v 1.03697598 0.099999398 4.85729599
v -1.83056533 0.0999993756 5.03902102
v 1.02946424 0.0999993905 4.88398075
v 1.0209173 0.0999963433 4.91396093
v 0.997501731 0.0999993831 4.94984102
v 0.95683825 0.0999993756 4.99206972
v 0.898926735 0.0999993756 5.04064608
v -1.24633706 0.0999993607 5.11649418
v -1.84639204 0.0999993458 5.25898075
v 0.382545471 0.0999993682 5.06809425
v 0.825555801 0.0999963209 5.09292316
v 0.368721098 0.0999963209 5.07844734
v 0.398394346 0.0999993682 5.06927538
v 0.353459418 0.0999993607 5.10161638
v 0.428009987 0.0999993682 5.07764196
v 0.472358286 0.0999993682 5.09283543
v 0.531439185 0.0999993607 5.11485624
v 0.750321388 0.0999993607 5.1287756
v 0.602727294 0.0999993607 5.13867521
v 0.676045239 0.0999993607 5.1440258
v 0.336760402 0.0999993607 5.13760185
v -1.21685004 0.0999993607 5.12110376
v -1.18676901 0.0999993607 5.1398263
v 0.31838131 0.0999993533 5.18546391
v -1.15415061 0.0999993533 5.16421318
v -1.11829817 0.0999993533 5.19123507
v 0.294417262 0.0999993458 5.230093
v -1.07921183 0.0999993458 5.22089195
v -1.03719151 0.0999993458 5.25287628
v 0.263506055 0.0999993384 5.26621723
v -0.9993487 0.0999993384 5.27991486
v 0.225647762 0.0999993384 5.2938385
v -0.96869266 0.0999993384 5.29892826
v 0.181251317 0.0999993384 5.31322002
v -0.945223093 0.0999993384 5.30991602
v -0.928778231 0.0999993384 5.31317902
v -0.913555443 0.0999993309 5.31945944
v 0.139444128 0.0999993309 5.33028221
v -0.896655619 0.0999993309 5.33412409
v 0.103985161 0.0999993309 5.34746552
v -0.878079057 0.0999993309 5.35717392
v 0.0748744085 0.0999993309 5.36476851
v -0.857797563 0.0999993235 5.38845587
v 0.0519312248 0.0999962762 5.38217163
v 0.0291517936 0.0999993235 5.39904404
v -0.834097326 0.0999993235 5.4186554
v 0.00361747574 0.0999962762 5.41507721
v -0.0246717278 0.0999962687 5.43027306
v -0.805965364 0.0999962687 5.44226742
v -0.055676531 0.0999962687 5.44460011
v -0.773401618 0.099999316 5.45929193
v -0.0872162357 0.099999316 5.45640421
v -0.118037298 0.0999962687 5.46473551
v -0.736435473 0.0999962687 5.46980333
v -0.148139685 0.099999316 5.46959257
v -0.177536383 0.099999316 5.47106838
v -0.698989928 0.0999962687 5.48381948
v -0.207714677 0.099999316 5.47964287
v -0.239689663 0.0999993086 5.50247192
v -0.663820088 0.0999993086 5.50837612
v -0.273461282 0.0999993086 5.53955412
v -0.630926013 0.0999993011 5.54347324
v -0.309028268 0.0999962538 5.59084892
v -0.600302815 0.0999993011 5.58908892
v -0.569350183 0.0999992937 5.63325977
v -0.345863551 0.0999992937 5.64014912
v -0.535882115 0.0999992862 5.66593218
v -0.383537233 0.0999992862 5.6742382
v -0.499898642 0.0999992862 5.68710566
v -0.422049373 0.0999962389 5.69311523
v -0.461399972 0.0999962389 5.69678116
v -1.89530873 0.0999961793 6.14629793
v -1.90713 0.0999992192 6.14779282
v -1.91617179 0.0999992192 6.14232254
v -1.8815273 0.0999976993 6.14092731
v -1.867746 0.0999992266 6.13555622
v -1.91859591 0.0999992192 6.126091
v -1.82976282 0.0999992266 6.12122059
v -1.78393352 0.0999961793 6.10417414
v -1.91787696 0.0999992266 6.09861374
v -1.73973823 0.0999992341 6.08766413
v -1.69805789 0.0999992341 6.07199335
v -1.91644514 0.0999992341 6.07119942
v -1.65889311 0.0999992341 6.05716038
v -1.62285161 0.0999992341 6.0418067
v -1.59260476 0.0999992415 6.01996803
v -1.56846631 0.0999992415 5.99094296
v -1.55043614 0.0999962017 5.95473194
v -1.53677869 0.0999962091 5.91291666
v -1.518345 0.0999992564 5.87383986
v -1.49380255 0.0999992639 5.83871508
v -1.46315181 0.0999992713 5.8075428
v -1.42852664 0.099996224 5.77887726
v -1.89200437 0.0999992713 5.7770648
v -1.4035759 0.0999992788 5.74346876
v -1.39072216 0.0999992862 5.69967699
v -1.38996565 0.0999992937 5.64750099
v -1.39959311 0.0999962538 5.58769989
v -1.40611577 0.0999962613 5.52625895
v -1.8680675 0.0999993086 5.51437283
v -1.40664971 0.099999316 5.46445894
v -1.40119469 0.0999993235 5.40229988
v -1.38990295 0.0999993309 5.34028244
v -1.37427509 0.0999993384 5.28334999
v -1.35469472 0.0999993458 5.23276615
v -1.33116162 0.099996306 5.18853045
v -1.3038739 0.0999993607 5.15111399
v -1.27534509 0.0999993607 5.12649822
v 0.602727294 -0.100000657 5.13867521
v 0.676045239 -0.100000657 5.1440258
v 0.750321388 -0.100000657 5.1287756
v 0.531439185 -0.100000657 5.11485624
v 0.825555801 -0.0999976024 5.09292316
v 0.472358286 -0.10000065 5.09283543
v 0.428009987 -0.10000065 5.07764196
v 0.398394346 -0.10000065 5.06927538
v 0.382545471 -0.10000065 5.06809425
v 0.898926735 -0.100000642 5.04064608
v -1.24633706 -0.100000657 5.11649418
v -1.83056533 -0.100000642 5.03902102
v 0.368721098 -0.0999976024 5.07844734
v 0.95683825 -0.100000642 4.99206972
v 0.353459418 -0.100000657 5.10161638
v 0.997501731 -0.100000635 4.94984102
v 1.0209173 -0.0999975801 4.91396093
v 1.02946424 -0.100000627 4.88398075
v 1.03697598 -0.10000062 4.85729599
v -1.82058764 -0.10000062 4.85449409
v 1.04568553 -0.10000062 4.8334856
v 1.05559278 -0.100000612 4.81255007
v 1.06707644 -0.100000612 4.79417372
v 1.0828259 -0.100000612 4.77611542
v 1.10336637 -0.100000605 4.75793743
v 1.12869787 -0.100000605 4.73963976
v 1.15838683 -0.100000605 4.7200017
v -1.81609976 -0.100000598 4.70511961
v 1.1886121 -0.100000598 4.68827105
v 1.21847796 -0.10000059 4.64192772
v -1.80733526 -0.100000583 4.58328056
v 1.24798441 -0.100000583 4.58097076
v 1.27677155 -0.0999975279 4.50619936
v -1.78990722 -0.100000568 4.48555565
v 1.3008126 -0.10000056 4.42654276
v -1.76381552 -0.10000056 4.41194487
v -1.72927964 -0.100000553 4.36201334
v 1.31898463 -0.100000553 4.34449005
v -1.69566286 -0.100000545 4.31716204
v -1.66793478 -0.100000545 4.26751947
v 1.33128738 -0.100000538 4.26004171
v -1.6460954 -0.100000538 4.21308613
v 1.33838296 -0.10000053 4.17353249
v -1.63011229 -0.100000523 4.15390778
v -1.61743212 -0.100000516 4.09357166
v 1.34994745 -0.100000516 4.08984184
v -1.60644865 -0.100000508 4.03433323
v 1.36917794 -0.100000508 4.0105834
v -1.59716201 -0.100000501 3.97619224
v 1.39607406 -0.0999974534 3.93575597
v -1.58961451 -0.100000493 3.91916084
v -1.59222615 -0.100000486 3.86551452
v 1.4301604 -0.0999974385 3.86526513
v -1.61130679 -0.100000478 3.81695914
v 1.46195722 -0.100000478 3.79719734
v -1.64685595 -0.100000478 3.77349329
v -1.69886458 -0.100000471 3.73510718
v 1.48776531 -0.0999974236 3.73080635
v -1.75404704 -0.0999974161 3.68573117
v 1.50758421 -0.100000463 3.6660924
v -1.80044615 -0.100000456 3.6109035
v 1.52141714 -0.100000456 3.60287762
v 1.52934408 -0.100000441 3.53603554
v -1.83806205 -0.0999973938 3.51062417
v 1.53140175 -0.100000434 3.46320462
v -1.86689472 -0.0999973789 3.38489366
v 1.52759063 -0.100000426 3.38438463
v 1.51804602 -0.100000411 3.29986262
v -1.88918722 -0.100000404 3.2602005
v 1.50904059 -0.100000404 3.22287178
v -1.90738642 -0.100000396 3.16543722
v 1.50398791 -0.0999973491 3.1606133
v 1.50288785 -0.100000389 3.11308789
v -1.92149353 -0.100000389 3.10061693
v 1.50577879 -0.100000381 3.08004165
v -1.93150818 -0.100000381 3.06573987
v 1.51599813 -0.0999973267 3.03934622
v -1.95436132 -0.100000374 3.03292656
v 1.53569913 -0.100000367 2.97672677
v -2.01225424 -0.100000367 2.9656198
v 1.5648818 -0.100000359 2.89218283
v -2.10528612 -0.100000352 2.86365724
v 1.60350525 -0.100000344 2.78578401
v -2.23345613 -0.100000337 2.72703862
v 1.6418097 -0.099997282 2.67402029
v -2.36951828 -0.100000314 2.58150887
v 1.67229033 -0.100000314 2.56957269
v 1.69494712 -0.1000003 2.4724412
v -2.47088003 -0.1000003 2.46731329
v -2.53703737 -0.100000292 2.38492918
v 1.70977902 -0.100000292 2.38262415
v -2.56798935 -0.100000285 2.33435655
v -2.57354355 -0.100000277 2.30572557
v 1.71476293 -0.100000277 2.29594541
v -2.57187271 -0.100000277 2.28074503
v -2.56338167 -0.10000027 2.25900865
v -2.54806995 -0.10000027 2.24051571
v -2.52924728 -0.10000027 2.22452855
v -2.51416111 -0.100000262 2.20943046
v 1.70802796 -0.099997215 2.20854282
v -2.50306702 -0.100000262 2.19516373
v -2.49596548 -0.100000262 2.18172908
v -2.49214745 -0.100000262 2.16704631
v -2.48978043 -0.100000255 2.14573812
v 1.68957376 -0.100000255 2.12041688
v -2.48877144 -0.100000255 2.11752963
v -2.48911905 -0.100000247 2.08242106
v -2.4850502 -0.0999971926 2.04410625
v 1.65940058 -0.0999971926 2.03156734
v -2.45892143 -0.10000024 2.01387239
v -2.40950632 -0.10000024 1.99250364
v -2.33680534 -0.0999971852 1.9800005
v -2.24972773 -0.100000232 1.97475839
v -2.18053865 -0.100000232 1.97096682
v -2.13216496 -0.100000232 1.9680984
v -2.10460711 -0.100000232 1.96615362
v -2.09293556 -0.100000232 1.96316981
v 1.62735057 -0.100000232 1.95077515
v -2.07588434 -0.100000232 1.95068216
v -2.05100918 -0.100000225 1.92771745
v -2.01830959 -0.100000225 1.89427543
v 1.6044476 -0.100000225 1.8878746
v -1.97697651 -0.100000218 1.85309744
v 1.59070051 -0.100000218 1.84287381
v -1.92282069 -0.10000021 1.81836915
v 1.58610928 -0.0999971628 1.81577229
v -1.85524487 -0.10000021 1.7921145
v 1.58839381 -0.0999971628 1.792063
v -1.77424872 -0.10000021 1.77433324
v -1.68221986 -0.100000203 1.76397657
v -1.5941329 -0.100000203 1.75446367
v 1.59448886 -0.100000203 1.75224352
v -1.51259577 -0.100000203 1.74464869
v -1.43760848 -0.0999971554 1.7345314
v -1.36993539 -0.100000203 1.72329521
v -1.31547236 -0.100000195 1.70464373
v 1.6043787 -0.100000195 1.69621086
v -1.27545726 -0.100000195 1.67725444
v -1.24989057 -0.100000188 1.64112735
v 1.61806297 -0.0999971405 1.62396526
v -1.23859322 -0.10000018 1.59671211
v -1.23984504 -0.10000018 1.54835176
v 1.63139665 -0.0999971256 1.54392934
v -1.25321376 -0.100000173 1.49713612
v 1.63774574 -0.100000165 1.46957994
v -1.2786994 -0.100000165 1.4430654
v 1.63702333 -0.100000158 1.40109468
v -1.31449139 -0.100000158 1.38701272
v -1.33817136 -0.100000151 1.33978796
v 1.62922931 -0.0999971032 1.3384738
v -1.34305131 -0.100000143 1.30461574
v 1.61799955 -0.100000143 1.28212774
v -1.32913172 -0.100000143 1.28149605
v -1.29758942 -0.100000136 1.26922333
v -1.26777744 -0.0999970883 1.24797928
v 1.61022747 -0.100000136 1.2328347
v -1.24652672 -0.100000128 1.21076775
v 1.60607731 -0.100000128 1.19061351
v -1.2338376 -0.100000121 1.15758884
v 1.60554945 -0.100000121 1.15546393
v 1.60677481 -0.100000121 1.12515378
v 1.60556889 -0.100000113 1.09468508
v -1.22989261 -0.100000113 1.08925927
v 1.60177588 -0.099997066 1.06387162
v 1.59539568 -0.100000106 1.03271294
v -1.23887813 -0.100000106 1.02449584
v 1.58785689 -0.100000106 1.00256062
v 1.58293509 -0.100000098 0.976984799
v -1.26253879 -0.100000098 0.971100628
v 1.58083165 -0.100000098 0.956176162
v 1.58154643 -0.0999970511 0.940134704
v -1.30087507 -0.100000091 0.929073811
v 1.58504379 -0.100000091 0.927209198
v 1.59121084 -0.100000091 0.912243187
v -1.35339987 -0.100000091 0.898097694
v 1.6000396 -0.100000091 0.894864917
v 1.61153018 -0.100000083 0.875074565
v -1.40337718 -0.100000083 0.867248535
v 1.62480915 -0.0999970362 0.853300393
v -1.44256818 -0.100000083 0.83114934
v 1.63664424 -0.0999970362 0.83112812
v 1.64673245 -0.100000076 0.808706343
v -1.47097313 -0.100000076 0.789800167
v 1.65507376 -0.100000076 0.786035061
v 1.66260803 -0.100000069 0.763324499
v -1.48874843 -0.100000069 0.743331671
v 1.67347813 -0.100000069 0.741502404
v 1.68817461 -0.100000069 0.720678389
v 1.70669711 -0.100000061 0.700852573
v -1.50500214 -0.100000061 0.69934392
v 1.72788155 -0.100000061 0.682130694
v 1.74556017 -0.100000061 0.665073633
v -1.52503872 -0.100000061 0.662262976
v 1.75883019 -0.100000054 0.649763227
v 1.76769173 -0.0999970064 0.636199653
v -1.54885805 -0.100000054 0.632089019
v 1.77239704 -0.100000054 0.623771548
v -1.57643473 -0.100000054 0.608785033
v 1.77456748 -0.100000054 0.60855031
v 1.77449203 -0.0999969989 0.589835525
v -1.60461891 -0.100000046 0.587817788
v 1.7721709 -0.100000046 0.567627251
v -1.63123095 -0.100000046 0.566050529
v -1.65627146 -0.100000039 0.543483257
v 1.76772141 -0.100000039 0.542560518
v -1.67973697 -0.100000039 0.520098567
v 1.76207399 -0.100000039 0.519659281
v 1.75542855 -0.100000039 0.500002027
v -1.70025659 -0.100000031 0.487986207
v 1.74778497 -0.100000031 0.483588785
v 1.73940265 -0.100000031 0.469061524
v 1.7328558 -0.100000031 0.44294554
v -1.71669543 -0.100000031 0.440598965
v 1.72880423 -0.100000024 0.401786864
v -1.72905362 -0.100000016 0.3779369
v 1.72748971 -0.100000016 0.365990698
v -1.73226607 -0.100000016 0.35365513
v 1.72724831 -0.0999969691 0.345585495
v -1.73502517 -0.0999969617 0.327676177
v 1.72728407 -0.100000016 0.323508888
v -1.73733103 -0.100000009 0.300000012
v -0.499898642 -0.100000732 5.68710566
v -0.461399972 -0.0999976844 5.69678116
v -0.422049373 -0.0999976844 5.69311523
v -0.383537233 -0.100000732 5.6742382
v -0.535882115 -0.100000732 5.66593218
v -0.345863551 -0.100000724 5.64014912
v -0.569350183 -0.100000724 5.63325977
v -0.309028268 -0.0999976695 5.59084892
v -0.600302815 -0.100000717 5.58908892
v -0.630926013 -0.100000717 5.54347324
v -0.273461282 -0.100000709 5.53955412
v -0.663820088 -0.100000709 5.50837612
v -0.239689663 -0.100000709 5.50247192
v -0.698989928 -0.0999976546 5.48381948
v -0.207714677 -0.100000702 5.47964287
v -0.177536383 -0.100000702 5.47106838
v -0.736435473 -0.0999976546 5.46980333
v -0.148139685 -0.100000702 5.46959257
v -0.118037298 -0.0999976546 5.46473551
v -0.773401618 -0.100000702 5.45929193
v -0.0872162357 -0.100000702 5.45640421
v -0.055676531 -0.0999976546 5.44460011
v -0.805965364 -0.0999976546 5.44226742
v -0.0246717278 -0.0999976546 5.43027306
v -0.834097326 -0.100000694 5.4186554
v 0.00361747574 -0.0999976471 5.41507721
v 0.0291517936 -0.100000694 5.39904404
v -0.857797563 -0.100000694 5.38845587
v 0.0519312248 -0.0999976471 5.38217163
v 0.0748744085 -0.100000687 5.36476851
v -0.878079057 -0.100000687 5.35717392
v 0.103985161 -0.100000687 5.34746552
v -0.896655619 -0.100000687 5.33412409
v 0.139444128 -0.100000687 5.33028221
v -0.913555443 -0.100000687 5.31945944
v 0.181251317 -0.100000679 5.31322002
v -0.928778231 -0.100000679 5.31317902
v -0.945223093 -0.100000679 5.30991602
v -0.96869266 -0.100000679 5.29892826
v 0.225647762 -0.100000679 5.2938385
v -0.9993487 -0.100000679 5.27991486
v 0.263506055 -0.100000679 5.26621723
v -1.03719151 -0.100000672 5.25287628
v 0.294417262 -0.100000672 5.230093
v -1.07921183 -0.100000672 5.22089195
v -1.11829817 -0.100000665 5.19123507
v 0.31838131 -0.100000665 5.18546391
v -1.15415061 -0.100000665 5.16421318
v -1.18676901 -0.100000657 5.1398263
v 0.336760402 -0.100000657 5.13760185
v -1.21685004 -0.100000657 5.12110376
v -1.84639204 -0.100000672 5.25898075
v -1.27534509 -0.100000657 5.12649822
v -1.3038739 -0.100000657 5.15111399
v -1.33116162 -0.0999976173 5.18853045
v -1.35469472 -0.100000672 5.23276615
v -1.37427509 -0.100000679 5.28334999
v -1.8680675 -0.100000709 5.51437283
v -1.38990295 -0.100000687 5.34028244
v -1.40119469 -0.100000694 5.40229988
v -1.40664971 -0.100000702 5.46445894
v -1.40611577 -0.099997662 5.52625895
v -1.89200437 -0.100000747 5.7770648
v -1.39959311 -0.0999976695 5.58769989
v -1.38996565 -0.100000724 5.64750099
v -1.39072216 -0.100000732 5.69967699
v -1.4035759 -0.100000739 5.74346876
v -1.42852664 -0.0999976993 5.77887726
v -1.91644514 -0.100000784 6.07119942
v -1.46315181 -0.100000747 5.8075428
v -1.49380255 -0.100000754 5.83871508
v -1.518345 -0.100000761 5.87383986
v -1.53677869 -0.0999977142 5.91291666
v -1.55043614 -0.0999977216 5.95473194
v -1.56846631 -0.100000776 5.99094296
v -1.59260476 -0.100000776 6.01996803
v -1.62285161 -0.100000784 6.0418067
v -1.65889311 -0.100000784 6.05716038
v -1.69805789 -0.100000784 6.07199335
v -1.91787696 -0.100000791 6.09861374
v -1.73973823 -0.100000784 6.08766413
v -1.78393352 -0.099997744 6.10417414
v -1.91859591 -0.100000799 6.126091
v -1.82976282 -0.100000791 6.12122059
v -1.867746 -0.100000791 6.13555622
v -1.91617179 -0.100000799 6.14232254
v -1.8815273 -0.0999992639 6.14092731
v -1.89530873 -0.099997744 6.14629793
v -1.90713 -0.100000799 6.14779282
v 1.72728407 -0.100000016 0.323508888
v 1.72759283 -0.0999969617 0.300000012
v 1.52420211 -0.0999979824 0.300000012
v -1.54095876 -0.0999989957 0.300000012
v -1.73733103 -0.100000009 0.300000012
v 1.84153473 -0.0825366154 0.300000012
v 1.84366977 -0.0717126876 0.300000012
v 1.84366977 0.0717126876 0.300000012
v 1.84153473 0.0825366154 0.300000012
v 1.83545446 -0.0917126983 0.300000012
v 1.83545446 0.0917126983 0.300000012
v 1.82635498 -0.0978439525 0.300000012
v 1.82635498 0.0978439525 0.300000012
v 1.81562126 -0.0999969617 0.300000012
v 1.81562126 0.0999969617 0.300000012
v 1.72759283 -0.0999969617 0.300000012
v 1.72759283 0.0999969617 0.300000012
v 1.52420211 0.0999979824 0.300000012
v 1.52420211 -0.0999979824 0.300000012
v -1.57821953 -0.0999989957 0.0481877625
v -1.55577958 -0.0999989957 0.00176391006
v -1.55577958 0.0999989957 0.00176391006
v -1.57821953 0.0999989957 0.0481877625
v -1.57975972 -0.0999989957 0.0522487164
v -1.57975972 0.0999989957 0.0522487164
v -1.58130634 -0.0999989957 0.0569279641
v -1.58130634 0.0999989957 0.0569279641
v -1.58279967 -0.0999989957 0.0620456934
v -1.58279967 0.0999989957 0.0620456934
v -1.5841825 -0.0999989957 0.0674052238
v -1.5841825 0.0999989957 0.0674052238
v -1.58540154 -0.0999989957 0.0728005916
v -1.58540154 0.0999989957 0.0728005916
v -1.58640993 -0.0999989957 0.078024447
v -1.58640993 0.0999989957 0.078024447
v -1.58716917 -0.0999989957 0.0828760564
v -1.58716917 0.0999989957 0.0828760564
v -1.58764982 -0.0999989957 0.0871689767
v -1.58764982 0.0999989957 0.0871689767
v -1.59069955 -0.0999989957 0.123258695
v -1.59069955 0.0999989957 0.123258695
v -1.59095943 -0.0999989957 0.127561674
v -1.59095943 0.0999989957 0.127561674
v -1.59106612 -0.0999989957 0.132462233
v -1.59106612 0.0999989957 0.132462233
v -1.5910157 -0.0999989957 0.137772009
v -1.5910157 0.0999989957 0.137772009
v -1.59080994 -0.0999989957 0.143286973
v -1.59080994 0.0999989957 0.143286973
v -1.59045684 -0.0999989957 0.148795187
v -1.59045684 0.0999989957 0.148795187
v -1.58997011 -0.0999989957 0.154084951
v -1.58997011 0.0999989957 0.154084951
v -1.5893681 -0.0999989957 0.158952996
v -1.5893681 0.0999989957 0.158952996
v -1.58867419 -0.0999989957 0.16321227
v -1.58867419 0.0999989957 0.16321227
v -1.58074045 -0.0999989957 0.205506504
v -1.58074045 0.0999989957 0.205506504
v -1.579844 -0.0999989957 0.209730908
v -1.579844 0.0999989957 0.209730908
v -1.57864201 -0.0999989957 0.21449703
v -1.57864201 0.0999989957 0.21449703
v -1.57718039 -0.0999989957 0.219621718
v -1.57718039 0.0999989957 0.219621718
v -1.57551551 -0.0999989957 0.224908024
v -1.57551551 0.0999989957 0.224908024
v -1.5737114 -0.0999989957 0.230152816
v -1.5737114 0.0999989957 0.230152816
v -1.57183719 -0.0999989957 0.235154524
v -1.57183719 0.0999989957 0.235154539
v -1.569965 -0.0999989957 0.239720941
v -1.569965 0.0999989957 0.239720941
v -1.56816697 -0.0999989957 0.243676588
v -1.56816697 0.0999989957 0.243676603
v -1.54095876 -0.0999989957 0.300000012
v -1.54095876 0.0999989957 0.300000012
v -1.8505944 0.0999969617 0.338626146
v -1.85301697 -0.0717157423 0.300000012
v -1.85301697 0.100000009 0.300000012
v -1.8505944 -0.0717126951 0.338626146
v -1.84753644 0.100000001 0.367399096
v -1.84845054 -0.0825366154 0.338423014
v -1.85086036 -0.0825396627 0.300000012
v -1.84753644 -0.0717157498 0.367399096
v -1.84359932 0.100000001 0.396790028
v -1.84539807 -0.0825396702 0.367144167
v -1.84234512 -0.0917126909 0.337844551
v -1.84471869 -0.0917157382 0.300000012
v -1.83930862 -0.0917157456 0.366418064
v -1.83320796 -0.097843945 0.336978823
v -1.83552706 -0.0978469998 0.300000012
v -1.83019483 -0.0978469998 0.365331441
v -1.82242978 -0.0999969617 0.335957617
v -1.82468474 -0.100000009 0.300000012
v -1.73733103 -0.100000009 0.300000012
v -1.73502517 -0.0999969617 0.327676177
v -1.81944454 -0.100000016 0.364049643
v -1.73226607 -0.100000016 0.35365513
v -1.81567454 -0.100000016 0.392193884
v -1.72905362 -0.100000016 0.3779369
v -1.82636082 -0.0978470147 0.393952727
v -1.80138862 -0.100000031 0.463521183
v -1.71669543 -0.100000031 0.440598965
v -1.83542025 -0.0917157531 0.395443827
v -1.77913511 -0.100000031 0.526211143
v -1.70025659 -0.100000031 0.487986207
v -1.81185961 -0.0978470296 0.466355145
v -1.8414737 -0.0825396702 0.396440148
v -1.74802554 -0.100000039 0.575079799
v -1.67973697 -0.100000039 0.520098567
v -1.7889272 -0.0978470296 0.530956507
v -1.82073653 -0.091715768 0.468757689
v -1.84359932 -0.0717157423 0.396790028
v -1.71665871 -0.100000039 0.607199073
v -1.65627146 -0.100000039 0.543483257
v -1.75649559 -0.0978470147 0.581899405
v -1.79722857 -0.091715768 0.534979343
v -1.8266679 -0.0825396851 0.470363021
v -1.82875073 -0.0717157573 0.470926702
v -1.82875073 0.0999999866 0.470926702
v -1.68842578 -0.100000046 0.63265419
v -1.63123095 -0.100000046 0.566050529
v -1.72410893 -0.0978470147 0.615059972
v -1.76367617 -0.0917157605 0.587680697
v -1.80277538 -0.0825396851 0.537667394
v -1.80472314 -0.0717157573 0.538611293
v -1.80472314 0.0999999866 0.538611293
v -1.65862846 -0.100000046 0.657036066
v -1.60461891 -0.100000046 0.587817788
v -1.69548023 -0.0978470445 0.6408692
v -1.73042488 -0.0917157605 0.62172401
v -1.76847398 -0.0825396776 0.591543555
v -1.77015877 -0.0717157647 0.592900038
v -1.77015877 0.0999999791 0.592899978
v -1.63099635 -0.100000054 0.677567065
v -1.57643473 -0.100000054 0.608785033
v -1.66528845 -0.0978470445 0.665571451
v -1.70146072 -0.0917157829 0.647833526
v -1.73464501 -0.0825396776 0.626176834
v -1.7361269 -0.0717157647 0.627740383
v -1.7361269 0.0999999791 0.627740383
v -1.61180735 -0.100000054 0.692971587
v -1.54885805 -0.100000054 0.632089019
v -1.63772488 -0.0978470296 0.686049223
v -1.67093444 -0.0917157829 0.672807336
v -1.70545673 -0.0825397 0.65248692
v -1.70685995 -0.0717157722 0.654120922
v -1.70685995 0.0999999717 0.654120922
v -1.59827769 -0.100000061 0.710437894
v -1.52503872 -0.100000061 0.662262976
v -1.61965024 -0.0978470296 0.700557113
v -1.64342904 -0.0917157754 0.693240047
v -1.67470706 -0.0825397 0.677642286
v -1.67603183 -0.0717157722 0.679340124
v -1.67603183 0.0999999717 0.679340124
v -1.584934 -0.100000061 0.735488176
v -1.50500214 -0.100000061 0.69934392
v -1.60736537 -0.0978470594 0.716415584
v -1.62629926 -0.0917157754 0.706987798
v -1.64724052 -0.0825396925 0.698044837
v -1.64857888 -0.0717157796 0.699732065
v -1.64857888 0.0999999642 0.699732065
v -1.57093763 -0.100000069 0.774234891
v -1.48874843 -0.100000069 0.743331671
v -1.59482384 -0.0978470594 0.739960313
v -1.61506951 -0.0917157978 0.721483171
v -1.63074207 -0.0825396925 0.711284637
v -1.63230217 -0.0717157796 0.712793589
v -1.63230217 0.0999999642 0.712793589
v -1.54857314 -0.100000076 0.830558658
v -1.47097313 -0.100000076 0.789800167
v -1.58106732 -0.0978470445 0.778043628
v -1.60320795 -0.0917157978 0.743751526
v -1.6202172 -0.0825397149 0.724869251
v -1.62202489 -0.0717157871 0.726058245
v -1.62202489 0.0999999568 0.726058245
v -1.50881255 -0.100000083 0.888571322
v -1.44256818 -0.100000083 0.83114934
v -1.55820644 -0.0978470743 0.835618436
v -1.58965504 -0.0917157903 0.78127265
v -1.60881019 -0.0825397149 0.746284723
v -1.61077738 -0.0717157871 0.747174323
v -1.61077738 0.0999999568 0.747174382
v -1.45636427 -0.100000083 0.937139928
v -1.40337718 -0.100000083 0.867248535
v -1.51703036 -0.0978470594 0.895694733
v -1.56637311 -0.0917158127 0.839907885
v -1.59539306 -0.0825397074 0.783430159
v -1.59740818 -0.0717157945 0.784187794
v -1.59740818 0.0999999493 0.784187794
v -1.39877176 -0.100000091 0.973289073
v -1.35339987 -0.100000091 0.898097694
v -1.46292567 -0.0978470594 0.945794582
v -1.52399719 -0.0917158052 0.901733696
v -1.57182992 -0.0825397298 0.842773974
v -1.57374609 -0.071715802 0.843780458
v -1.57374609 0.0999999419 0.843780458
v -1.35597098 -0.100000091 0.996918857
v -1.30087507 -0.100000091 0.929073811
v -1.40436041 -0.0978470892 0.98255074
v -1.4684881 -0.0917158052 0.953131616
v -1.52865231 -0.0825397223 0.905768812
v -1.53028703 -0.0717158094 0.907185853
v -1.53028703 0.0999999344 0.907185853
v -1.33560836 -0.100000098 1.01879764
v -1.26253879 -0.100000098 0.971100628
v -1.36289179 -0.0978470892 1.00544119
v -1.40909827 -0.0917158276 0.9904024
v -1.4722048 -0.0825397223 0.958034098
v -1.47350991 -0.0717158094 0.959755599
v -1.47350991 0.0999999344 0.959755599
v -1.32302046 -0.100000106 1.04846299
v -1.23887813 -0.100000106 1.02449584
v -1.34484625 -0.0978470743 1.02482772
v -1.36875904 -0.0917158276 1.01266623
v -1.41226399 -0.0825397447 0.995648742
v -1.41337574 -0.0717158169 0.997491062
v -1.41337574 0.099999927 0.997491062
v -1.31755197 -0.100000113 1.09277594
v -1.22989261 -0.100000113 1.08925927
v -1.33354568 -0.0978471041 1.05146098
v -1.35267782 -0.0917158201 1.02993989
v -1.37267935 -0.0825397447 1.01749361
v -1.37405598 -0.0717158169 1.01918876
v -1.37405598 0.099999927 1.01918876
v -1.32066989 -0.100000121 1.14482474
v -1.2338376 -0.100000121 1.15758884
v -1.32841587 -0.100000136 1.1876806
v -1.24652672 -0.100000128 1.21076775
v -1.26777744 -0.0999970883 1.24797928
v -1.29758942 -0.100000136 1.26922333
v -1.35791075 -0.0825397372 1.03335571
v -1.35974824 -0.0717158243 1.0345552
v -1.35974824 0.0999999195 1.0345552
v -1.32839489 -0.0978470892 1.09321094
v -1.34246862 -0.0917158425 1.05400252
v -1.35052407 -0.0717158318 1.05629706
v -1.35052407 0.0999999121 1.05629706
v -1.34843051 -0.0825397596 1.05570078
v -1.33139265 -0.097847119 1.14324856
v -1.33758724 -0.091715835 1.09357977
v -1.34588611 -0.0717158392 1.0939126
v -1.34588611 0.0999999046 1.0939126
v -1.34372926 -0.0825397521 1.09382606
v -1.34048307 -0.0917158574 1.14191222
v -1.33809125 -0.0978471339 1.18031073
v -1.34869015 -0.0717158467 1.14070582
v -1.34869015 0.0999998972 1.14070582
v -1.34655702 -0.0825397745 1.14101946
v -1.35369909 -0.0717158616 1.16842198
v -1.35369909 0.099996835 1.16842198
v -1.34629369 -0.0917158723 1.17406273
v -1.35177445 -0.0825397968 1.16988802
v -1.38506866 -0.100000143 1.2150799
v -1.32913172 -0.100000143 1.28149605
v -1.40391338 -0.071715869 1.19270492
v -1.40391338 0.0999998748 1.19270492
v -1.39228022 -0.097847119 1.20651722
v -1.42811108 -0.100000143 1.28719282
v -1.34305131 -0.100000143 1.30461574
v -1.39839399 -0.0917158648 1.19925833
v -1.40247905 -0.0825397819 1.19440794
v -1.45677698 -0.071715869 1.28132105
v -1.45677686 0.0999998748 1.28132105
v -1.42161632 -0.100000151 1.36572194
v -1.33817136 -0.100000151 1.33978796
v -1.43908083 -0.097847119 1.28494573
v -1.44838083 -0.0917158648 1.28304088
v -1.45459473 -0.0825397819 1.28176808
v -1.44902766 -0.0717158765 1.37424111
v -1.44902766 0.0999998674 1.37424111
v -1.39072871 -0.100000158 1.43031335
v -1.31449139 -0.100000158 1.38701272
v -1.43210614 -0.0978471488 1.36898208
v -1.44099891 -0.0917158872 1.37174582
v -1.44694102 -0.0825398043 1.37359262
v -1.41543305 -0.0717158839 1.44434452
v -1.41543305 0.0999998599 1.44434452
v -1.35548663 -0.100000165 1.48545098
v -1.2786994 -0.100000165 1.4430654
v -1.40018249 -0.0978471339 1.43568277
v -1.40819716 -0.0917158797 1.4402349
v -1.4135524 -0.0825397968 1.44327641
v -1.38033104 -0.0717158914 1.49916482
v -1.38033104 0.0999998525 1.49916482
v -1.33562922 -0.100000173 1.52702355
v -1.25321376 -0.100000173 1.49713612
v -1.36499417 -0.0978471637 1.49069905
v -1.37305427 -0.0917159021 1.49514818
v -1.3784399 -0.0825398192 1.49812102
v -1.36234617 -0.0717158988 1.53671217
v -1.36234617 0.099999845 1.53671217
v -1.32657671 -0.10000018 1.5606277
v -1.23984504 -0.10000018 1.54835176
v -1.34585333 -0.0978471488 1.5307312
v -1.35452092 -0.0917158946 1.53387451
v -1.36031246 -0.0825398117 1.53597474
v -1.35478628 -0.0717159063 1.56462049
v -1.35478628 0.0999998376 1.56462049
v -1.32548392 -0.10000018 1.58697486
v -1.23859322 -0.10000018 1.59671211
v -1.33737195 -0.0978471786 1.56215549
v -1.34652388 -0.091715917 1.56345105
v -1.35263884 -0.0825398341 1.56431651
v -1.35395789 -0.0717159063 1.58378386
v -1.35395789 0.0999998376 1.58378386
v -1.32826924 -0.100000188 1.60494637
v -1.24989057 -0.100000188 1.64112735
v -1.33638036 -0.0978471786 1.58575368
v -1.34561789 -0.091715917 1.58471847
v -1.35179031 -0.0825398341 1.58402681
v -1.35528958 -0.0717159137 1.59247351
v -1.35528958 0.0999998301 1.59247351
v -1.33640063 -0.100000195 1.61535048
v -1.27545726 -0.100000195 1.67725444
v -1.33860958 -0.0978471637 1.60017323
v -1.34737551 -0.0917159095 1.59612679
v -1.35323274 -0.0825398266 1.59342289
v -1.35689878 -0.0717159212 1.59452939
v -1.35689878 0.0999998227 1.59452939
v -1.35475194 -0.100000195 1.62636662
v -1.31547236 -0.100000195 1.70464373
v -1.34424496 -0.0978471935 1.60738254
v -1.35089505 -0.0917159319 1.60062766
v -1.35533857 -0.0825398564 1.5961144
v -1.36753738 -0.0717159212 1.60088754
v -1.36753738 0.0999998227 1.60088754
v -1.39142907 -0.100000203 1.63813972
v -1.36993539 -0.100000203 1.72329521
v -1.35964477 -0.0978471935 1.61661625
v -1.36379266 -0.0917159319 1.60835004
v -1.36656415 -0.082539849 1.60282683
v -1.39834523 -0.0717159286 1.61073852
v -1.39834523 0.0999998152 1.61073852
v -1.45068562 -0.0999971554 1.64760637
v -1.43760848 -0.0999971554 1.7345314
v -1.39407575 -0.0978471786 1.6276536
v -1.39631951 -0.091715917 1.61876392
v -1.3978188 -0.0825398415 1.6128242
v -1.45487845 -0.0717128813 1.61973643
v -1.45487845 0.0999967679 1.61973643
v -1.52372253 -0.100000203 1.65747643
v -1.51259577 -0.100000203 1.74464869
v -1.45229018 -0.0978441462 1.63694096
v -1.45365036 -0.0917128921 1.62789941
v -1.45455933 -0.0825368091 1.62185788
v -1.52729392 -0.0717159286 1.6294961
v -1.52729392 0.0999998152 1.6294961
v -1.60409999 -0.100000203 1.66717148
v -1.5941329 -0.100000203 1.75446367
v -1.52508926 -0.0978471786 1.64676881
v -1.52624786 -0.0917159244 1.63769126
v -1.52702212 -0.0825398415 1.63162589
v -1.60730219 -0.0717159286 1.6391263
v -1.60730219 0.0999998152 1.6391263
v -1.69184768 -0.100000203 1.67666173
v -1.68221986 -0.100000203 1.76397657
v -1.60532546 -0.0978471786 1.65643907
v -1.60636425 -0.0917159244 1.64734054
v -1.60705841 -0.0825398415 1.6412611
v -1.69494307 -0.0717159286 1.64858913
v -1.69494307 0.0999998152 1.64858913
v -1.78859007 -0.10000021 1.68771648
v -1.77424872 -0.10000021 1.77433324
v -1.69303226 -0.0978471786 1.66591859
v -1.69403648 -0.0917159244 1.65681124
v -1.69470751 -0.0825398415 1.65072584
v -1.79321134 -0.0717159361 1.65980577
v -1.79321134 0.0999998078 1.65980577
v -1.8806169 -0.10000021 1.70811534
v -1.85524487 -0.10000021 1.7921145
v -1.79035854 -0.0978472084 1.67703533
v -1.79185784 -0.0917159468 1.66798043
v -1.79285955 -0.0825398639 1.66193032
v -1.88881123 -0.0717159361 1.6809864
v -1.88881123 0.0999998078 1.6809864
v -1.96256745 -0.10000021 1.74019814
v -1.92282069 -0.10000021 1.81836915
v -1.8837527 -0.0978472084 1.6977334
v -1.88641119 -0.0917159468 1.68893218
v -1.88818753 -0.0825398639 1.68305135
v -1.97543538 -0.0717159361 1.71489024
v -1.97543538 0.0999998078 1.71489024
v -2.0318923 -0.100000218 1.78475046
v -1.97697651 -0.100000218 1.85309744
v -1.96749187 -0.0978472084 1.7305131
v -1.97166646 -0.0917159468 1.72230268
v -1.97445595 -0.0825398639 1.71681666
v -2.04968786 -0.0717159435 1.76260304
v -2.04968786 0.0999998003 1.76260304
v -2.08068609 -0.100000225 1.83247948
v -2.01830959 -0.100000225 1.89427543
v -2.03870249 -0.0978471935 1.77627468
v -2.12446404 -0.100000232 1.88143539
v -2.05100918 -0.100000225 1.92771745
v -2.07588434 -0.100000232 1.95068216
v -2.09293556 -0.100000232 1.96316981
v -2.10460711 -0.100000232 1.96615362
v -2.13216496 -0.100000232 1.9680984
v -2.04447556 -0.0917159393 1.7690897
v -2.08837509 -0.0978472233 1.82486176
v -2.18553686 -0.100000232 1.88335252
v -2.18053865 -0.100000232 1.97096682
v -2.04833317 -0.0825398564 1.76428866
v -2.09489346 -0.0917159617 1.8184042
v -2.12940836 -0.0978472084 1.87074804
v -2.25476503 -0.100000232 1.887151
v -2.24972773 -0.100000232 1.97475839
v -2.09924889 -0.0825398788 1.8140893
v -2.18615437 -0.0978472084 1.87252855
v -2.13359976 -0.0917159542 1.86168766
v -2.34688807 -0.0999971852 1.89287853
v -2.33680534 -0.0999971852 1.9800005
v -2.1007781 -0.071715951 1.81257415
v -2.1007781 0.0999997929 1.81257415
v -2.25538778 -0.0978472084 1.87632585
v -2.18667793 -0.0917159542 1.86335254
v -2.13640022 -0.0825398713 1.8556335
v -2.13738394 -0.0717159584 1.85350752
v -2.13738394 0.0999997854 1.85350752
v -2.43448162 -0.10000024 1.90857482
v -2.40950632 -0.10000024 1.99250364
v -2.3481369 -0.0978441834 1.88208866
v -2.25591516 -0.0917159542 1.86714864
v -2.18702745 -0.0825398713 1.85722136
v -2.18715048 -0.0717159584 1.85506845
v -2.18715048 0.0999997854 1.85506845
v -2.51054287 -0.10000024 1.94353366
v -2.45892143 -0.10000024 2.01387239
v -2.43759441 -0.0978472382 1.89811373
v -2.34919548 -0.0917129219 1.87294149
v -2.25626802 -0.0825398713 1.86101651
v -2.25639153 -0.0717159584 1.85886312
v -2.25639153 0.0999997854 1.85886312
v -2.56487083 -0.0999971926 2.00948501
v -2.4850502 -0.0999971926 2.04410625
v -2.5170722 -0.0978472382 1.93463659
v -2.44023371 -0.0917159766 1.88924527
v -2.34990311 -0.0825368464 1.86682963
v -2.35015154 -0.0717129111 1.86468339
v -2.35015154 0.0999967381 1.86468339
v -2.57666063 -0.100000247 2.07822084
v -2.48911905 -0.100000247 2.08242106
v -2.57508087 -0.0978441834 2.00505638
v -2.5226078 -0.0917159766 1.92709422
v -2.44199705 -0.0825398937 1.88331962
v -2.44261599 -0.0717159659 1.8812387
v -2.44261599 0.099999778 1.8812387
v -2.57645512 -0.100000255 2.11639595
v -2.48877144 -0.100000255 2.11752963
v -2.58753347 -0.0978472382 2.07769918
v -2.57666254 -0.10000027 2.15264916
v -2.48978043 -0.100000255 2.14573812
v -2.49214745 -0.100000262 2.16704631
v -2.49596548 -0.100000262 2.18172908
v -2.50306702 -0.100000262 2.19516373
v -2.51416111 -0.100000262 2.20943046
v -2.52924728 -0.10000027 2.22452855
v -2.52760553 -0.0717159659 1.92028475
v -2.52760553 0.099999778 1.92028475
v -2.58373642 -0.0917129219 2.00130224
v -2.61039972 -0.10000027 2.1789639
v -2.54806995 -0.10000027 2.24051571
v -2.52630663 -0.0825398937 1.92205429
v -2.59155083 -0.0717129111 1.99791288
v -2.59155083 0.0999967307 1.99791288
v -2.58951998 -0.0825368389 1.9987936
v -2.59675121 -0.0917159766 2.07725668
v -2.6050725 -0.0717159659 2.07685757
v -2.6050725 0.0999997705 2.07685757
v -2.60291004 -0.0825398937 2.07696128
v -2.58732033 -0.0978472531 2.11625552
v -2.60484838 -0.0717159808 2.11602902
v -2.60484838 0.0999997631 2.11602902
v -2.59653187 -0.0917159915 2.11613655
v -2.58749771 -0.0978472531 2.14738965
v -2.60268688 -0.0825399086 2.11605692
v -2.5966835 -0.0917159915 2.14293098
v -2.61815643 -0.097847268 2.17130375
v -2.60282135 -0.082539916 2.13995171
v -2.60497665 0.0717154741 2.13890529
v -2.60484886 0.0999997631 2.11607885
v -2.63877535 -0.10000027 2.21463299
v -2.56338167 -0.10000027 2.25900865
v -2.62473249 -0.0917160064 2.16480994
v -2.60497665 -0.0717159882 2.13890529
v -2.65726805 -0.100000277 2.26168513
v -2.57187271 -0.100000277 2.28074503
v -2.64820814 -0.097847268 2.20908093
v -2.62912655 -0.0825399235 2.16047072
v -2.66091299 -0.100000277 2.31118536
v -2.57354355 -0.100000277 2.30572557
v -2.66794634 -0.0978472531 2.25930166
v -2.65620518 -0.0917160064 2.20437384
v -2.63066959 -0.0717159957 2.15894699
v -2.64950371 -0.100000285 2.36601138
v -2.56798935 -0.100000285 2.33435655
v -2.67181635 -0.0978472531 2.31186676
v -2.67699909 -0.0917159989 2.2572813
v -2.66154861 -0.0825399235 2.20122886
v -2.60879183 -0.100000292 2.43539047
v -2.53703737 -0.100000292 2.38492918
v -2.6597209 -0.0978472829 2.36997914
v -2.68105936 -0.0917159989 2.31244445
v -2.68304777 -0.082539916 2.25593114
v -2.66342545 -0.0717159957 2.20012426
v -2.53793955 -0.1000003 2.52394104
v -2.47088003 -0.1000003 2.46731329
v -2.61767101 -0.097847268 2.44163465
v -2.66838264 -0.0917160213 2.37334299
v -2.68723536 -0.082539916 2.31283021
v -2.43440771 -0.100000314 2.64062333
v -2.36951828 -0.100000314 2.58150887
v -2.5462184 -0.0978472978 2.53093243
v -2.62519836 -0.0917160138 2.44692826
v -2.29752731 -0.100000337 2.78704453
v -2.23345613 -0.100000337 2.72703862
v -2.44241571 -0.0978473127 2.6479187
v -2.1697197 -0.100000352 2.92327142
v -2.10528612 -0.100000352 2.86365724
v -2.6851716 -0.0717160031 2.25545716
v -2.67417049 -0.0825399384 2.37559056
v -2.55323744 -0.0917160362 2.53685927
v -2.3054328 -0.0978473127 2.79444861
v -2.07795572 -0.100000367 3.02382708
v -2.01225424 -0.100000367 2.9656198
v -2.68940401 -0.0717160031 2.31296587
v -2.63022804 -0.0825399309 2.45046544
v -2.44920492 -0.0917160511 2.65410352
v -2.17767096 -0.0978473276 2.93062758
v -2.02370691 -0.100000374 3.08667374
v -1.95436132 -0.100000374 3.03292656
v -2.67620325 -0.0717160106 2.37637997
v -2.55792713 -0.0825399533 2.54081964
v -2.31213522 -0.0917160586 2.8007257
v -2.08606482 -0.0978473425 3.03101134
v -2.00987959 -0.100000381 3.10301781
v -1.93150818 -0.100000381 3.06573987
v -2.63199425 -0.071716018 2.4517076
v -2.45374107 -0.0825399682 2.65823603
v -2.18441153 -0.0917160735 2.93686414
v -2.03228235 -0.0978473723 3.09332013
v -2.00662661 -0.100000389 3.12207913
v -1.92149353 -0.100000389 3.10061693
v -2.55957413 -0.0717160255 2.54221034
v -2.3166132 -0.0825399756 2.80491972
v -2.09293938 -0.0917160884 3.03710175
v -2.02000618 -0.0978473574 3.10783434
v -1.99340987 -0.100000396 3.18305564
v -1.90738642 -0.100000396 3.16543722
v -2.45533371 -0.0717160404 2.65968704
v -2.18891525 -0.0825399905 2.94103122
v -2.03955221 -0.0917161107 3.09895468
v -2.01712418 -0.0978473872 3.12472558
v -1.97552538 -0.100000404 3.27620816
v -1.88918722 -0.100000404 3.2602005
v -2.31818581 -0.0717160627 2.80639243
v -2.09753275 -0.0825400054 3.04117107
v -2.0285902 -0.0917161033 3.1119175
v -2.00401115 -0.0978473723 3.18522692
v -1.95292568 -0.0999973789 3.40243745
v -1.86689472 -0.0999973789 3.38489366
v -2.19049692 -0.0717160776 2.94249439
v -2.04440975 -0.0825400278 3.10271955
v -2.02602386 -0.0917161256 3.1269691
v -1.98616517 -0.0978474021 3.27818084
v -1.92209518 -0.0999973938 3.53589725
v -1.83806205 -0.0999973938 3.51062417
v -2.09914589 -0.0717160925 3.04260015
v -2.03432608 -0.0825400203 3.11464572
v -2.01299858 -0.0917161182 3.18706751
v -1.96353185 -0.0978443772 3.40460038
v -1.87913907 -0.100000456 3.64959431
v -1.80044615 -0.100000456 3.6109035
v -2.0461154 -0.0717161 3.10404158
v -2.03197002 -0.0825400427 3.12846828
v -1.99518538 -0.0917161405 3.27985311
v -1.93247926 -0.0978443921 3.5390203
v -1.82114387 -0.0999974161 3.74201298
v -1.75404704 -0.0999974161 3.68573117
v -2.03634024 -0.0717161074 3.11560369
v -2.01900339 -0.0825400352 3.18829727
v -1.97252309 -0.0917131156 3.40643382
v -1.88889098 -0.0978474319 3.65438914
v -1.75425744 -0.100000471 3.80320573
v -1.69886458 -0.100000471 3.73510718
v -2.03405857 -0.0717161149 3.1289947
v -2.00121212 -0.0825400576 3.28097057
v -1.94128251 -0.0917131305 3.54166794
v -1.82950282 -0.0978443995 3.74902463
v -1.70721924 -0.100000478 3.8369348
v -1.64685595 -0.100000478 3.77349329
v -2.02111244 -0.0717161223 3.18872929
v -1.978531 -0.0825370401 3.40765905
v -1.89715838 -0.0917161778 3.65845394
v -1.76109242 -0.0978474468 3.81160855
v -1.68661499 -0.100000478 3.86108184
v -1.61130679 -0.100000478 3.81695914
v -2.0033288 -0.0717161298 3.28136301
v -1.94716465 -0.0825370476 3.543437
v -1.83658934 -0.0917131379 3.75496888
v -1.71474183 -0.0978474766 3.844841
v -1.67744529 -0.100000486 3.88381529
v -1.59222615 -0.100000486 3.86551452
v -1.98064053 -0.0717131048 3.40808916
v -1.90268242 -0.0825400949 3.66117001
v -1.76688683 -0.0917161852 3.81873202
v -1.69612598 -0.0978474766 3.86665416
v -1.67727077 -0.100000493 3.91552401
v -1.58961451 -0.100000493 3.91916084
v -1.94923007 -0.0717131197 3.54405808
v -1.84132433 -0.082537055 3.7589407
v -1.72111881 -0.091716215 3.85154319
v -1.68826759 -0.0978474617 3.88613939
v -1.68410099 -0.100000501 3.96349859
v -1.59716201 -0.100000501 3.97619224
v -1.9046222 -0.0717161819 3.66212368
v -1.77075851 -0.0825401098 3.82349181
v -1.70418894 -0.091716215 3.87137842
v -1.68811238 -0.0978474915 3.91507411
v -1.69302237 -0.100000508 4.01939535
v -1.60644865 -0.100000508 4.03433323
v -1.84298718 -0.0717131421 3.76033545
v -1.72537994 -0.0825401321 3.85602164
v -1.69744229 -0.0917162076 3.88810945
v -1.69478917 -0.0978474766 3.96193814
v -1.70361221 -0.100000516 4.07652903
v -1.61743212 -0.100000516 4.09357166
v -1.77211809 -0.0717161968 3.82516313
v -1.70957649 -0.0825401321 3.87453485
v -1.69730365 -0.0917162299 3.91469288
v -1.70366967 -0.0978475064 4.01755857
v -1.7155273 -0.100000523 4.13341522
v -1.63011229 -0.100000523 4.15390778
v -1.72687614 -0.0717162043 3.85759401
v -1.70357263 -0.0825401247 3.88942599
v -1.70385027 -0.0917162225 3.96061516
v -1.71421301 -0.0978474915 4.07443237
v -1.72936189 -0.100000538 4.18524551
v -1.6460954 -0.100000538 4.21308613
v -1.71146822 -0.0717162043 3.87564325
v -1.70344508 -0.082540147 3.91443801
v -1.71269596 -0.0917162448 4.01600075
v -1.72603905 -0.0978475213 4.13089323
v -1.74716008 -0.100000545 4.22969103
v -1.66793478 -0.100000545 4.26751947
v -1.70572531 -0.0717162117 3.88988829
v -1.70990479 -0.0825401396 3.9597311
v -1.72319996 -0.0917162374 4.0726552
v -1.73962891 -0.0978475362 4.18181276
v -1.7692796 -0.100000545 4.26932001
v -1.69566286 -0.100000545 4.31716204
v -1.70560157 -0.0717162192 3.9143486
v -1.71872711 -0.0825401619 4.01496029
v -1.73495042 -0.0917162597 4.12875557
v -1.75693083 -0.0978475213 4.22502565
v -1.80058885 -0.100000553 4.31065702
v -1.72927964 -0.100000553 4.36201334
v -1.71203089 -0.0717162266 3.95942068
v -1.72920489 -0.0825401545 4.07146788
v -1.74833298 -0.0917162746 4.17890215
v -1.77835715 -0.0978475213 4.26342058
v -1.84190261 -0.10000056 4.3719964
v -1.76381552 -0.10000056 4.41194487
v -1.7208451 -0.0717162341 4.01459503
v -1.74090481 -0.0825401768 4.12732697
v -1.76521409 -0.0917162672 4.22107077
v -1.80934894 -0.0978475511 4.30434799
v -1.87484825 -0.100000568 4.46309042
v -1.78990722 -0.100000568 4.48555565
v -1.73131347 -0.0717162415 4.07105064
v -1.75414884 -0.0825401917 4.17695761
v -1.7860527 -0.0917162672 4.25841951
v -1.85156953 -0.0978475362 4.36705112
v -1.89461446 -0.100000583 4.57238913
v -1.80733526 -0.100000583 4.58328056
v -1.74299574 -0.071716249 4.12682533
v -1.77074873 -0.0825401843 4.21842813
v -1.8167752 -0.0917162895 4.29899979
v -1.88529038 -0.097847566 4.46032858
v -1.9040333 -0.100000598 4.70063782
v -1.81609976 -0.100000598 4.70511961
v -1.75619125 -0.0717162639 4.17627478
v -1.7911948 -0.0825401843 4.25507784
v -1.85976481 -0.0917162821 4.36285877
v -1.90529692 -0.0978475809 4.57105589
v -1.90864289 -0.10000062 4.85079098
v -1.82058764 -0.10000062 4.85449409
v -1.77269244 -0.0717162713 4.21749973
v -1.82173717 -0.0825402066 4.29542589
v -1.89414299 -0.0917163044 4.45798731
v -1.9147495 -0.0978475958 4.70009184
v -1.91863263 -0.100000642 5.03347206
v -1.83056533 -0.100000642 5.03902102
v -1.79300046 -0.0717162713 4.25390434
v -1.86524069 -0.0825401992 4.36005735
v -1.91435289 -0.0917163193 4.56992626
v -1.91933095 -0.0978476107 4.85034132
v -1.93450713 -0.100000672 5.25207186
v -1.84639204 -0.100000672 5.25898075
v -1.82347941 -0.0717162788 4.29417133
v -1.90005791 -0.0825402215 4.45642281
v -1.9238342 -0.0917163342 4.69962883
v -1.92926729 -0.0978476256 5.0328021
v -1.95630229 -0.100000709 5.50660849
v -1.8680675 -0.100000709 5.51437283
v -1.8671633 -0.0717162862 4.35907364
v -1.92040384 -0.0825402364 4.56917095
v -1.92839181 -0.0917163491 4.84996033
v -1.94507563 -0.0978476554 5.25124311
v -1.98048747 -0.100000747 5.76924944
v -1.89200437 -0.100000747 5.7770648
v -1.90213525 -0.0717162937 4.45587349
v -1.92990446 -0.0825402513 4.69931936
v -1.93828309 -0.0917163715 5.03223419
v -1.96678984 -0.0978477001 5.50568581
v -1.99866354 -0.100000784 6.06967592
v -1.91644514 -0.100000784 6.07119942
v -1.92252862 -0.0717163086 4.56890583
v -1.93444598 -0.0825402737 4.8497057
v -1.95403492 -0.0917164013 5.25054073
v -1.9908787 -0.0978477299 5.76833153
v -2.0000329 -0.100000799 6.13649321
v -1.91787696 -0.100000791 6.09861374
v -1.93203604 -0.0717163235 4.69921064
v -1.94430709 -0.082540296 5.03185463
v -1.97568071 -0.0917164385 5.50490332
v -2.00897026 -0.0978477821 6.06948471
v -1.99528646 -0.100000799 6.17887497
v -1.91859591 -0.100000799 6.126091
v -1.93657196 -0.0717163533 4.84961653
v -1.96002138 -0.0825403258 5.25007153
v -1.99968779 -0.0917164758 5.76755333
v -2.01023769 -0.097847797 6.14119816
v -1.97976136 -0.100000799 6.21142244
v -1.91617179 -0.100000799 6.14232254
v -1.94642246 -0.0717163756 5.03172112
v -1.9816215 -0.0825403631 5.5043807
v -2.01770735 -0.0917165205 6.06932306
v -2.00504923 -0.0978477895 6.18559408
v -1.95943129 -0.100000799 6.23074007
v -1.90713 -0.100000799 6.14779282
v -1.96212363 -0.0717164055 5.24990654
v -2.00557399 -0.0825404003 5.76703358
v -2.01888895 -0.0917165354 6.1451869
v -1.9881736 -0.0978477821 6.22056389
v -1.92074966 -0.099997744 6.23570633
v -1.89530873 -0.099997744 6.14629793
v -1.98370743 -0.0717164427 5.50419712
v -2.02354527 -0.0825404525 6.06921482
v -2.01332569 -0.0917165354 6.19129038
v -1.96615827 -0.0978477895 6.24140882
v -1.87855434 -0.0999992639 6.23140097
v -1.8815273 -0.0999992639 6.14092731
v -2.00764084 -0.07171648 5.76685095
v -2.02466917 -0.0825404674 6.14785194
v -1.99530542 -0.0917165279 6.22831345
v -1.92393064 -0.0978447199 6.2468853
v -1.83610928 -0.100000791 6.21803856
v -1.867746 -0.100000791 6.13555622
v -2.02559519 -0.0717165247 6.06917667
v -2.01885557 -0.0825404599 6.19509649
v -1.97186077 -0.0917165354 6.25045252
v -1.87819576 -0.0978462547 6.24231148
v -1.79881394 -0.100000791 6.20382023
v -1.82976282 -0.100000791 6.12122059
v -2.02669907 -0.0717165396 6.14878798
v -2.00007057 -0.0825404599 6.2334919
v -1.92662728 -0.0917134732 6.25636196
v -1.83230674 -0.0978477746 6.22795248
v -1.75315964 -0.099997744 6.18673038
v -1.78393352 -0.099997744 6.10417414
v -2.02079725 -0.071716547 6.19643307
v -1.97567129 -0.0825404674 6.25649595
v -1.8778919 -0.091715008 6.25156069
v -1.79507065 -0.0978477746 6.21381092
v -1.70884621 -0.100000784 6.17009306
v -1.73973823 -0.100000784 6.08766413
v -2.00174379 -0.0717165545 6.23531008
v -1.92842925 -0.0825373977 6.26269436
v -1.82908332 -0.0917165205 6.23635674
v -1.74941957 -0.0978447348 6.19676352
v -1.66700065 -0.100000784 6.15429592
v -1.69805789 -0.100000784 6.07199335
v -1.9770093 -0.0717165619 6.25861788
v -1.87768877 -0.0825389326 6.25774097
v -1.79189706 -0.0917165205 6.2222805
v -1.70507789 -0.0978477746 6.18014812
v -1.62608933 -0.100000784 6.13872671
v -1.65889311 -0.100000784 6.05716038
v -1.92906189 -0.0717134997 6.26491833
v -1.82692933 -0.082540445 6.24197245
v -1.74624896 -0.0917134732 6.20526934
v -1.66320169 -0.0978477746 6.16436338
v -1.57970226 -0.100000784 6.11822224
v -1.62285161 -0.100000784 6.0418067
v -1.87761748 -0.0717150047 6.25991058
v -1.78977656 -0.082540445 6.22793961
v -1.70188332 -0.091716513 6.18867207
v -1.62206662 -0.0978477746 6.14872932
v -1.53274751 -0.100000776 6.08406544
v -1.59260476 -0.100000776 6.01996803
v -1.82617319 -0.0717165247 6.24394369
v -1.74413025 -0.0825373977 6.21095276
v -1.65998089 -0.091716513 6.17289877
v -1.57437134 -0.0978477597 6.12766314
v -1.49500453 -0.100000776 6.03884888
v -1.56846631 -0.100000776 5.99094296
v -1.78903198 -0.0717165247 6.22992706
v -1.69974875 -0.0825404376 6.19436741
v -1.61865628 -0.091716513 6.15720892
v -1.52533352 -0.0978477746 6.09200478
v -1.46922362 -0.0999977216 5.98800468
v -1.55043614 -0.0999977216 5.95473194
v -1.74338615 -0.0717134774 6.21294928
v -1.65782893 -0.0825404376 6.17860126
v -1.56985223 -0.0917165056 6.13566685
v -1.48590577 -0.0978477746 6.04478216
v -1.45520747 -0.0999977142 5.94533062
v -1.53677869 -0.0999977142 5.91291666
v -1.69899917 -0.0717165172 6.19636774
v -1.61637783 -0.0825404376 6.16287422
v -1.51904821 -0.091716513 6.09873486
v -1.45919406 -0.0978447199 5.99211359
v -1.44247687 -0.100000761 5.91781664
v -1.518345 -0.100000761 5.87383986
v -1.65707314 -0.0717165172 6.18060446
v -1.56683254 -0.0825404227 6.1410141
v -1.47819221 -0.091716513 6.04981232
v -1.44513905 -0.0978446901 5.94933128
v -1.42636311 -0.100000754 5.89476347
v -1.49380255 -0.100000754 5.83871508
v -1.61557782 -0.0717165172 6.16486359
v -1.51484859 -0.0825404301 6.10323238
v -1.45069134 -0.0917134583 5.99559736
v -1.43307614 -0.0978477597 5.92326593
v -1.40379012 -0.100000747 5.87220669
v -1.46315181 -0.100000747 5.8075428
v -1.56577253 -0.0717165098 6.14289141
v -1.47303808 -0.0825404301 6.05317354
v -1.43660331 -0.0917134359 5.95272303
v -1.41800559 -0.0978477448 5.90170956
v -1.36422896 -0.0999976993 5.83836508
v -1.42852664 -0.0999976993 5.77887726
v -1.51337337 -0.0717165023 6.10481215
v -1.44501019 -0.0825373828 5.9979248
v -1.42510641 -0.0917164981 5.92788553
v -1.39646447 -0.0978477448 5.88018703
v -1.32475984 -0.100000739 5.78150892
v -1.4035759 -0.100000739 5.74346876
v -1.47122824 -0.0717165023 6.05435371
v -1.43089998 -0.082537353 5.95498943
v -1.4109205 -0.0917164832 5.90759754
v -1.35622561 -0.0978446826 5.84576988
v -1.30411911 -0.100000732 5.71276569
v -1.39072216 -0.100000732 5.69967699
v -1.44301522 -0.0717134476 5.9987421
v -1.41978133 -0.0825404227 5.9309721
v -1.3902539 -0.0917164832 5.88695192
v -1.31491315 -0.097847715 5.78626156
v -1.30250287 -0.100000724 5.6411438
v -1.38996565 -0.100000724 5.64750099
v -1.42889714 -0.0717134401 5.95578527
v -1.40618634 -0.0825404003 5.9115324
v -1.34944093 -0.0917134285 5.85204697
v -1.29333484 -0.0978477299 5.71439552
v -1.31258011 -0.0999976695 5.57608557
v -1.39959311 -0.0999976695 5.58769989
v -1.41791117 -0.0717164874 5.93205643
v -1.38610423 -0.0825404078 5.89147234
v -1.30656552 -0.0917164609 5.79029036
v -1.29166579 -0.097847715 5.64035606
v -1.31849837 -0.099997662 5.52124166
v -1.40611577 -0.099997662 5.52625895
v -1.40452397 -0.0717164725 5.9129138
v -1.34490752 -0.0825373381 5.85624123
v -1.28419256 -0.0917164683 5.7157774
v -1.30184448 -0.0978446603 5.57465267
v -1.31895351 -0.100000702 5.4679203
v -1.40664971 -0.100000702 5.46445894
v -1.38464689 -0.0717164725 5.89305973
v -1.30098784 -0.082540378 5.7929821
v -1.28247857 -0.0917164534 5.63968801
v -1.3076762 -0.0978446454 5.52062178
v -1.3142097 -0.100000694 5.41401005
v -1.40119469 -0.100000694 5.40229988
v -1.34331572 -0.0717134178 5.85771418
v -1.27808392 -0.0825403854 5.71670055
v -1.29274333 -0.0917133987 5.57343769
v -1.30812347 -0.0978476852 5.46834755
v -1.30432057 -0.100000687 5.35977983
v -1.38990295 -0.100000687 5.34028244
v -1.29902911 -0.0717164651 5.79392767
v -1.27633989 -0.082540378 5.63924217
v -1.29850173 -0.0917133838 5.52009678
v -1.30347002 -0.0978476852 5.41545582
v -1.29092622 -0.100000679 5.31084251
v -1.37427509 -0.100000679 5.28334999
v -1.27593887 -0.0717164576 5.7170248
v -1.28666222 -0.0825373232 5.57262611
v -1.29894221 -0.0917164311 5.46870995
v -1.2937566 -0.0978476703 5.36218643
v -1.27490139 -0.100000672 5.26927614
v -1.35469472 -0.100000672 5.23276615
v -1.24546516 -0.0999951661 5.21194506
v -1.33116162 -0.0999976173 5.18853045
v -1.3038739 -0.100000657 5.15111399
v -1.27534509 -0.100000657 5.12649822
v -1.24633706 -0.100000657 5.11649418
v -1.21685004 -0.100000657 5.12110376
v -1.18676901 -0.100000657 5.1398263
v -1.28063405 -0.0978476778 5.31423759
v -1.29436541 -0.0917164236 5.41668129
v -1.20683551 -0.100000665 5.23439741
v -1.15415061 -0.100000665 5.16421318
v -1.26504028 -0.0978476629 5.27378798
v -1.28480124 -0.0917164087 5.36422682
v -1.17123759 -0.100000665 5.26124001
v -1.11829817 -0.100000665 5.19123507
v -1.24101079 -0.0978430957 5.22698784
v -1.27190864 -0.0917164162 5.31711578
v -1.13232148 -0.100000672 5.29077721
v -1.07921183 -0.100000672 5.22089195
v -1.21334362 -0.097847648 5.24306726
v -1.25668049 -0.0917164087 5.27761316
v -1.08929443 -0.100000672 5.3235178
v -1.03719151 -0.100000672 5.25287628
v -1.17777383 -0.0978476554 5.26988316
v -1.23723471 -0.0917126387 5.23973989
v -1.0480181 -0.100000679 5.35295534
v -0.9993487 -0.100000679 5.27991486
v -1.13887703 -0.0978476554 5.29940319
v -1.21886098 -0.0917163938 5.25041723
v -1.01049137 -0.100000679 5.37607956
v -0.96869266 -0.100000679 5.29892826
v -0.957809687 -0.100000687 5.40131521
v -0.945223093 -0.100000679 5.30991602
v -0.928778231 -0.100000679 5.31317902
v -0.913555443 -0.100000687 5.31945944
v -0.896655619 -0.100000687 5.33412409
v -0.878079057 -0.100000687 5.35717392
v -1.1833154 -0.0917164013 5.27721119
v -0.929211497 -0.100000694 5.43947172
v -0.857797563 -0.100000694 5.38845587
v -0.8971048 -0.100000694 5.47962475
v -0.834097326 -0.100000694 5.4186554
v -0.854739666 -0.0999976546 5.51511383
v -0.805965364 -0.0999976546 5.44226742
v -0.805873275 -0.100000702 5.54073668
v -0.773401618 -0.100000702 5.45929193
v -0.763850212 -0.0999976546 5.55319929
v -0.736435473 -0.0999976546 5.46980333
v -0.739646494 -0.0999976546 5.56118441
v -0.698989928 -0.0999976546 5.48381948
v -0.721151292 -0.100000709 5.57458448
v -0.663820088 -0.100000709 5.50837612
v -0.699537337 -0.100000717 5.59806776
v -0.630926013 -0.100000717 5.54347324
v -0.672687292 -0.100000717 5.63874006
v -0.600302815 -0.100000717 5.58908892
v -0.636153698 -0.100000724 5.69002342
v -0.569350183 -0.100000724 5.63325977
v -0.589074075 -0.100000732 5.73552418
v -0.535882115 -0.100000732 5.66593218
v -0.533098638 -0.100000732 5.76809311
v -0.499898642 -0.100000732 5.68710566
v -0.468098164 -0.0999976844 5.7839756
v -0.461399972 -0.0999976844 5.69678116
v -0.398370236 -0.0999976844 5.77725792
v -0.422049373 -0.0999976844 5.69311523
v -0.33444339 -0.100000732 5.7466774
v -0.383537233 -0.100000732 5.6742382
v -0.281088173 -0.100000724 5.69911671
v -0.345863551 -0.100000724 5.64014912
v -0.237863332 -0.0999976695 5.64208269
v -0.309028268 -0.0999976695 5.59084892
v -0.204931155 -0.100000709 5.59412575
v -0.273461282 -0.100000709 5.53955412
v -0.181656927 -0.100000709 5.56783485
v -0.239689663 -0.100000709 5.50247192
v -0.162742987 -0.100000694 5.5581646
v -0.207714677 -0.100000702 5.47964287
v -0.177536383 -0.100000702 5.47106838
v -0.13893573 -0.100000702 5.55687237
v -0.148139685 -0.100000702 5.46959257
v -0.0995708704 -0.0999976546 5.55053759
v -0.118037298 -0.0999976546 5.46473551
v -0.0603517741 -0.100000702 5.53996372
v -0.0872162357 -0.100000702 5.45640421
v -0.0218576975 -0.0999976546 5.5256052
v -0.055676531 -0.0999976546 5.44460011
v 0.0145289414 -0.0999976546 5.50882149
v -0.0246717278 -0.0999976546 5.43027306
v 0.0477534793 -0.0999976471 5.49095917
v 0.00361747574 -0.0999976471 5.41507721
v 0.0786510259 -0.100000694 5.47153664
v 0.0291517936 -0.100000694 5.39904404
v 0.104590155 -0.0999976471 5.45242405
v 0.0519312248 -0.0999976471 5.38217163
v 0.123879671 -0.100000687 5.43754816
v 0.0748744085 -0.100000687 5.36476851
v 0.145582452 -0.100000687 5.42475033
v 0.103985161 -0.100000687 5.34746552
v 0.175186694 -0.100000687 5.41045618
v 0.139444128 -0.100000687 5.33028221
v 0.215402201 -0.100000679 5.39409542
v 0.181251317 -0.100000679 5.31322002
v 0.269276321 -0.100000679 5.36986685
v 0.225647762 -0.100000679 5.2938385
v 0.323030472 -0.100000679 5.33054161
v 0.263506055 -0.100000679 5.26621723
v 0.36675036 -0.100000672 5.27960873
v 0.294417262 -0.100000672 5.230093
v 0.398140907 -0.100000665 5.2220149
v 0.31838131 -0.100000665 5.18546391
v 0.417403162 -0.100000642 5.17154408
v 0.336760402 -0.100000657 5.13760185
v 0.353459418 -0.100000657 5.10161638
v 0.368721098 -0.0999976024 5.07844734
v 0.382545471 -0.10000065 5.06809425
v 0.398394346 -0.10000065 5.06927538
v 0.428009987 -0.10000065 5.07764196
v 0.472358286 -0.10000065 5.09283543
v 0.502197385 -0.100000657 5.1976223
v 0.531439185 -0.100000657 5.11485624
v 0.585524976 -0.100000657 5.22457123
v 0.602727294 -0.100000657 5.13867521
v 0.681717992 -0.100000657 5.23140907
v 0.676045239 -0.100000657 5.1440258
v 0.778181314 -0.100000657 5.21184206
v 0.750321388 -0.100000657 5.1287756
v 0.870031714 -0.0999976024 5.16850376
v 0.825555801 -0.0999976024 5.09292316
v 0.952638984 -0.100000642 5.11006641
v 0.898926735 -0.100000642 5.04064608
v 1.0167315 -0.100000642 5.05621672
v 0.95683825 -0.100000642 4.99206972
v 1.06611276 -0.100000635 5.0044632
v 0.997501731 -0.100000635 4.94984102
v 1.10060489 -0.0999975801 4.95031071
v 1.0209173 -0.0999975801 4.91396093
v 1.11394048 -0.100000627 4.90791225
v 1.02946424 -0.100000627 4.88398075
v 1.12050867 -0.10000062 4.88428736
v 1.03697598 -0.10000062 4.85729599
v 1.12666094 -0.10000062 4.86737204
v 1.04568553 -0.10000062 4.8334856
v 1.13259017 -0.100000612 4.85464096
v 1.05559278 -0.100000612 4.81255007
v 1.1374532 -0.100000612 4.84634018
v 1.06707644 -0.100000612 4.79417372
v 1.14506829 -0.100000612 4.83790874
v 1.0828259 -0.100000612 4.77611542
v 1.15820467 -0.100000605 4.82644796
v 1.10336637 -0.100000605 4.75793743
v 1.17862928 -0.100000605 4.81185102
v 1.12869787 -0.100000605 4.73963976
v 1.21465921 -0.100000605 4.7872138
v 1.15838683 -0.100000605 4.7200017
v 1.2575227 -0.100000598 4.74250603
v 1.1886121 -0.100000598 4.68827105
v 1.29499114 -0.10000059 4.68489027
v 1.21847796 -0.10000059 4.64192772
v 1.32851398 -0.100000583 4.61589098
v 1.24798441 -0.100000583 4.58097076
v 1.35980666 -0.0999975279 4.53466988
v 1.27677155 -0.0999975279 4.50619936
v 1.38574314 -0.10000056 4.44873047
v 1.3008126 -0.10000056 4.42654276
v 1.40532827 -0.100000553 4.36031866
v 1.31898463 -0.100000553 4.34449005
v 1.4185127 -0.100000538 4.26996279
v 1.33128738 -0.100000538 4.26004171
v 1.42564785 -0.10000053 4.18313313
v 1.33838296 -0.10000053 4.17353249
v 1.43617022 -0.100000516 4.10621595
v 1.34994745 -0.100000516 4.08984184
v 1.45323324 -0.100000508 4.03580809
v 1.36917794 -0.100000508 4.0105834
v 1.4769839 -0.0999974534 3.96974802
v 1.39607406 -0.0999974534 3.93575597
v 1.50945997 -0.0999974385 3.90295768
v 1.4301604 -0.0999974385 3.86526513
v 1.54268181 -0.100000478 3.83169723
v 1.46195722 -0.100000478 3.79719734
v 1.57069957 -0.0999974236 3.75958157
v 1.48776531 -0.0999974236 3.73080635
v 1.59249735 -0.100000463 3.68834543
v 1.50758421 -0.100000463 3.6660924
v 1.60797226 -0.100000456 3.61744452
v 1.52141714 -0.100000456 3.60287762
v 1.6168865 -0.100000441 3.54245019
v 1.52934408 -0.100000441 3.53603554
v 1.61918211 -0.100000434 3.46232367
v 1.53140175 -0.100000434 3.46320462
v 1.6150986 -0.100000426 3.37733531
v 1.52759063 -0.100000426 3.38438463
v 1.60527802 -0.100000411 3.28983569
v 1.51804602 -0.100000411 3.29986262
v 1.59641659 -0.100000404 3.21421885
v 1.50904059 -0.100000404 3.22287178
v 1.59166634 -0.0999973491 3.15604448
v 1.50398791 -0.0999973491 3.1606133
v 1.59060299 -0.100000389 3.11590099
v 1.50288785 -0.100000389 3.11308789
v 1.59223926 -0.100000381 3.09458447
v 1.50577879 -0.100000381 3.08004165
v 1.60047615 -0.0999973267 3.06321979
v 1.51599813 -0.0999973267 3.03934622
v 1.61907828 -0.100000367 3.0042274
v 1.53569913 -0.100000367 2.97672677
v 1.64764678 -0.100000359 2.92148709
v 1.5648818 -0.100000359 2.89218283
v 1.68630207 -0.100000344 2.81499767
v 1.60350525 -0.100000344 2.78578401
v 1.72549653 -0.099997282 2.70055652
v 1.6418097 -0.099997282 2.67402029
v 1.75720727 -0.100000314 2.59184909
v 1.67229033 -0.100000314 2.56957269
v 1.78104508 -0.1000003 2.48957253
v 1.69494712 -0.1000003 2.4724412
v 1.79700649 -0.100000292 2.39230633
v 1.70977902 -0.100000292 2.38262415
v 1.80250096 -0.100000277 2.29509115
v 1.71476293 -0.100000277 2.29594541
v 1.79489481 -0.099997215 2.19615388
v 1.70802796 -0.099997215 2.20854282
v 1.77421916 -0.100000255 2.09727263
v 1.68957376 -0.100000255 2.12041688
v 1.74179327 -0.0999971926 2.00125647
v 1.65940058 -0.0999971926 2.03156734
v 1.70941341 -0.100000232 1.9195652
v 1.62735057 -0.100000232 1.95077515
v 1.68770194 -0.100000225 1.86002278
v 1.6044476 -0.100000225 1.8878746
v 1.67607319 -0.100000218 1.82269049
v 1.59070051 -0.100000218 1.84287381
v 1.67266142 -0.0999971628 1.81266522
v 1.58610928 -0.0999971628 1.81577229
v 1.67543447 -0.0999971628 1.80290937
v 1.58839381 -0.0999971628 1.792063
v 1.68106449 -0.100000203 1.7665081
v 1.59448886 -0.100000203 1.75224352
v 1.69070423 -0.100000195 1.71200418
v 1.6043787 -0.100000195 1.69621086
v 1.70447266 -0.0999971405 1.63934469
v 1.61806297 -0.0999971405 1.62396526
v 1.71846652 -0.0999971256 1.55488205
v 1.63139665 -0.0999971256 1.54392934
v 1.72543788 -0.100000165 1.47285414
v 1.63774574 -0.100000165 1.46957994
v 1.72457218 -0.100000158 1.39520359
v 1.63702333 -0.100000158 1.40109468
v 1.71587753 -0.0999971032 1.32446623
v 1.62922931 -0.0999971032 1.3384738
v 1.70442355 -0.100000143 1.26670885
v 1.61799955 -0.100000143 1.28212774
v 1.6973021 -0.100000136 1.22170019
v 1.61022747 -0.100000136 1.2328347
v 1.69370723 -0.100000128 1.18565726
v 1.60607731 -0.100000128 1.19061351
v 1.69333088 -0.100000121 1.1565783
v 1.60554945 -0.100000121 1.15546393
v 1.69455278 -0.100000121 1.12519097
v 1.60677481 -0.100000121 1.12515378
v 1.69305813 -0.100000113 1.0875814
v 1.60556889 -0.100000113 1.09468508
v 1.68840241 -0.099997066 1.04969382
v 1.60177588 -0.099997066 1.06387162
v 1.68100464 -0.100000106 1.01325548
v 1.59539568 -0.100000106 1.03271294
v 1.67357552 -0.100000106 0.983611882
v 1.58785689 -0.100000106 1.00256062
v 1.66613865 -0.100000091 0.954683542
v 1.58293509 -0.100000098 0.976984799
v 1.58083165 -0.100000098 0.956176162
v 1.58154643 -0.0999970511 0.940134704
v 1.58504379 -0.100000091 0.927209198
v 1.59121084 -0.100000091 0.912243187
v 1.67715538 -0.100000091 0.936798334
v 1.6000396 -0.100000091 0.894864917
v 1.68697274 -0.100000083 0.919973314
v 1.61153018 -0.100000083 0.875074565
v 1.70103419 -0.0999970362 0.896839559
v 1.62480915 -0.0999970362 0.853300393
v 1.71543336 -0.0999970362 0.8698259
v 1.63664424 -0.0999970362 0.83112812
v 1.72799623 -0.100000076 0.841889322
v 1.64673245 -0.100000076 0.808706343
v 1.73793912 -0.100000076 0.815016091
v 1.65507376 -0.100000076 0.786035061
v 1.74367476 -0.100000069 0.796764493
v 1.66260803 -0.100000069 0.763324499
v 1.74873149 -0.100000069 0.78644377
v 1.67347813 -0.100000069 0.741502404
v 1.75619435 -0.100000069 0.776021481
v 1.68817461 -0.100000069 0.720678389
v 1.76787877 -0.100000061 0.763750315
v 1.70669711 -0.100000061 0.700852573
v 1.7874217 -0.100000061 0.746604443
v 1.72788155 -0.100000061 0.682130694
v 1.80922616 -0.100000061 0.72542882
v 1.74556017 -0.100000061 0.665073633
v 1.82882369 -0.100000054 0.702579021
v 1.75883019 -0.100000054 0.649763227
v 1.8457942 -0.0999970064 0.675904393
v 1.76769173 -0.0999970064 0.636199653
v 1.8572222 -0.100000054 0.645591319
v 1.77239704 -0.100000054 0.623771548
v 1.86195588 -0.100000054 0.614572704
v 1.77456748 -0.100000054 0.60855031
v 1.86194074 -0.0999969989 0.585101306
v 1.77449203 -0.0999969989 0.589835525
v 1.85884774 -0.100000046 0.555420637
v 1.7721709 -0.100000046 0.567627251
v 1.85328078 -0.100000039 0.524438143
v 1.76772141 -0.100000039 0.542560518
v 1.84592521 -0.100000039 0.495194018
v 1.76207399 -0.100000039 0.519659281
v 1.83637691 -0.100000039 0.467584193
v 1.75542855 -0.100000039 0.500002027
v 1.82499278 -0.100000031 0.443434238
v 1.74778497 -0.100000031 0.483588785
v 1.81915832 -0.100000031 0.436790884
v 1.73940265 -0.100000031 0.469061524
v 1.81977057 -0.100000031 0.427858472
v 1.7328558 -0.100000031 0.44294554
v 1.81679726 -0.100000024 0.39584589
v 1.72880423 -0.100000024 0.401786864
v 1.81559217 -0.100000016 0.363852143
v 1.72748971 -0.100000016 0.365990698
v 1.81532586 -0.0999969691 0.345135868
v 1.72724831 -0.0999969691 0.345585495
v 1.81533122 -0.100000016 0.32415837
v 1.72728407 -0.100000016 0.323508888
v 1.81562126 -0.0999969617 0.300000012
v 1.72759283 -0.0999969617 0.300000012
v 1.82606018 -0.0978470147 0.324237525
v 1.82635498 -0.0978439525 0.300000012
v 1.82604396 -0.0978439525 0.345081151
v 1.82628834 -0.0978470147 0.363592535
v 1.82744741 -0.0978469998 0.395126849
v 1.83515584 -0.0917157531 0.32430461
v 1.83545446 -0.0917126983 0.300000012
v 1.83513033 -0.0917126909 0.345034778
v 1.835356 -0.0917157531 0.363372445
v 1.84123337 -0.0825396776 0.324349433
v 1.84153473 -0.0825366154 0.300000012
v 1.84120166 -0.0825366154 0.345003784
v 1.8433677 -0.0717157423 0.324365169
v 1.84366977 -0.0717126876 0.300000012
v 1.84366977 0.0717126876 0.300000012
v 1.8433336 -0.0717126951 0.344992876
v 1.84141481 -0.0825396776 0.363225371
v 1.83647609 -0.0917157456 0.394517273
v 1.8433677 0.0717157274 0.324365169
v 1.84354234 -0.0717157423 0.363173723
v 1.84250903 -0.0825396627 0.394109964
v 1.84123337 0.0825396627 0.324349433
v 1.84153473 0.0825366154 0.300000012
v 1.8433336 0.0717126802 0.344992876
v 1.84462738 -0.0717157498 0.393966913
v 1.83515584 0.0917157382 0.32430461
v 1.83545446 0.0917126983 0.300000012
v 1.84120166 0.0825366005 0.345003784
v 1.84354234 0.0717157274 0.363173723
v 1.82606018 0.0978469998 0.324237525
v 1.82635498 0.0978439525 0.300000012
v 1.83513033 0.091712676 0.345034778
v 1.84141481 0.0825396627 0.363225371
v 1.81533122 0.100000001 0.32415837
v 1.81562126 0.0999969617 0.300000012
v 1.72759283 0.0999969617 0.300000012
v 1.72728407 0.100000001 0.323508888
v 1.81532586 0.0999969542 0.345135868
v 1.72724831 0.0999969542 0.345585495
v 1.82604396 0.0978439376 0.345081151
v 1.81559217 0.100000001 0.363852143
v 1.72748971 0.100000001 0.365990698
v 1.82628834 0.0978469998 0.363592535
v 1.81679726 0.099999994 0.39584589
v 1.72880423 0.099999994 0.401786864
v 1.835356 0.0917157382 0.363372445
v 1.81977057 0.0999999866 0.427858472
v 1.7328558 0.0999999866 0.44294554
v 1.82744741 0.09784697 0.395126849
v 1.83647609 0.0917157158 0.394517273
v 1.81915832 0.0999999866 0.436790913
v 1.73940265 0.0999999866 0.469061524
v 1.83027971 0.0978469849 0.426034242
v 1.84250903 0.0825396329 0.394109964
v 1.82499278 0.0999999866 0.443434238
v 1.74778497 0.0999999866 0.483588785
v 1.83918893 0.0917157233 0.42448774
v 1.82981849 0.0978469849 0.432477623
v 1.84462738 0.07171572 0.393966913
v 1.83637691 0.0999999791 0.467584193
v 1.75542855 0.0999999791 0.500002027
v 1.84514201 0.0825396404 0.423454404
v 1.83885562 0.0917157233 0.428821027
v 1.83485949 0.0978469849 0.438302755
v 1.84723222 0.0717157125 0.423091561
v 1.84592521 0.0999999791 0.495194048
v 1.76207399 0.0999999791 0.519659281
v 1.84489405 0.0825396404 0.426377773
v 1.84322393 0.0917157233 0.43395251
v 1.84663975 0.0978469551 0.463474154
v 1.84723222 -0.0717157573 0.423091561
v 1.85328078 0.0999999791 0.524438143
v 1.76772141 0.0999999791 0.542560518
v 1.84701431 0.0717157125 0.425519854
v 1.84881306 0.0825396404 0.431045741
v 1.85534012 0.0917157009 0.459989905
v 1.8564831 0.0978469551 0.49211359
v 1.84514201 -0.0825396851 0.423454404
v 1.85884774 0.0999999717 0.555420637
v 1.7721709 0.0999999717 0.567627251
v 1.84701431 -0.0717157573 0.425519854
v 1.8507756 0.0717157125 0.430025041
v 1.8611536 0.082539618 0.457661748
v 1.86543357 0.0917157009 0.489502072
v 1.86399877 0.0978469551 0.522167981
v 1.86194074 0.0999969244 0.585101306
v 1.77449203 0.0999969244 0.589835525
v 1.86966825 0.09784697 0.553896844
v 1.87308514 0.0917157009 0.520243406
v 1.87141418 0.082539618 0.487757117
v 1.86319482 0.0717157051 0.45684427
v 1.861956 0.0999999642 0.614572763
v 1.77456748 0.0999999642 0.60855031
v 1.87283516 0.0978439003 0.584511518
v 1.87884152 0.0917157084 0.552604973
v 1.87915659 0.082539618 0.518957376
v 1.8572222 0.0999999642 0.645591319
v 1.77239704 0.0999999642 0.623771548
v 1.87283337 0.0978469402 0.615322351
v 1.8820709 0.0917126387 0.584011555
v 1.8457942 0.0999969169 0.675904393
v 1.76769173 0.0999969169 0.636199653
v 1.86778498 0.0978469402 0.648308396
v 1.82882369 0.0999999642 0.702579021
v 1.75883019 0.0999999642 0.649763227
v 1.87351429 0.0717157051 0.487144381
v 1.8849709 0.0825396255 0.551741779
v 1.88205469 0.091715686 0.615957856
v 1.85550678 0.0978439078 0.680841923
v 1.80922616 0.0999999568 0.725428879
v 1.74556017 0.0999999568 0.665073633
v 1.88128865 0.0717157051 0.518505812
v 1.88824213 0.0825365633 0.583677411
v 1.87673962 0.091715686 0.650611818
v 1.83749974 0.0978469402 0.709125757
v 1.7874217 0.0999999568 0.746604443
v 1.72788155 0.0999999568 0.682130694
v 1.88712335 0.0717156976 0.551438689
v 1.88821614 0.0825396031 0.61638248
v 1.86374068 0.0917126536 0.685027719
v 1.81710231 0.0978469551 0.732895374
v 1.76787877 0.0999999568 0.763750315
v 1.70669711 0.0999999568 0.700852573
v 1.89040911 0.0717126504 0.583560109
v 1.88272297 0.0825396031 0.652150929
v 1.84485495 0.0917156786 0.714675903
v 1.79477608 0.0978469551 0.75456816
v 1.75619435 0.0999999493 0.776021481
v 1.68817461 0.0999999493 0.720678389
v 1.89037967 0.0717156902 0.616531551
v 1.86924231 0.0825365707 0.687824607
v 1.82377923 0.0917156935 0.739225149
v 1.77544105 0.0978469402 0.771524668
v 1.74873149 0.0999999493 0.78644377
v 1.67347813 0.0999999493 0.741502404
v 1.88482392 0.0717156902 0.652691364
v 1.84976959 0.0825396031 0.718384385
v 1.80101073 0.0917156935 0.761319458
v 1.76462364 0.0978469402 0.782879829
v 1.74367476 0.0999999493 0.796764493
v 1.66260803 0.0999999493 0.763324499
v 1.87117434 0.0717126429 0.688806772
v 1.82824075 0.0825396106 0.743454576
v 1.78185201 0.091715686 0.778115451
v 1.75807393 0.0978469402 0.792023122
v 1.73793912 0.0999999419 0.815016091
v 1.65507376 0.0999999419 0.786035061
v 1.8514955 0.0717156902 0.719686627
v 1.80517662 0.0825396106 0.765830517
v 1.77176964 0.0917156786 0.788694084
v 1.75371969 0.0978469402 0.800908029
v 1.72799623 0.0999999419 0.841889322
v 1.64673245 0.0999999419 0.808706343
v 1.82980728 0.0717156827 0.744939685
v 1.78613555 0.0825396106 0.782519221
v 1.76599419 0.0917156786 0.796753049
v 1.74816179 0.0978469253 0.818591356
v 1.71543336 0.0999968871 0.869825959
v 1.63664424 0.0999968871 0.83112812
v 1.80663943 0.0717156827 0.76741457
v 1.77654457 0.0825396031 0.792579114
v 1.76223516 0.0917156786 0.80442065
v 1.73802578 0.0978469253 0.845984757
v 1.70103419 0.0999968871 0.896839559
v 1.62480915 0.0999968871 0.853300393
v 1.78763986 0.0717156902 0.784065604
v 1.77128625 0.0825396031 0.799913526
v 1.75682819 0.0917156637 0.821622252
v 1.72515655 0.0978438854 0.874601543
v 1.68697286 0.0999999344 0.919973314
v 1.61153018 0.0999999344 0.875074565
v 1.77822125 0.0717156827 0.793943346
v 1.76792514 0.0825396031 0.806767762
v 1.74652839 0.0917156637 0.849456668
v 1.71043932 0.0978438854 0.902211666
v 1.67715538 0.099999927 0.936798334
v 1.6000396 0.099999927 0.894864917
v 1.66613877 0.0999952182 0.954683542
v 1.59121084 0.099999927 0.912243187
v 1.58504379 0.099999927 0.927209198
v 1.58154643 0.0999968722 0.940134704
v 1.58083165 0.0999999195 0.956176162
v 1.58293509 0.0999999195 0.976984799
v 1.69627738 0.0978469327 0.925510824
v 1.73339951 0.0917126387 0.878650129
v 1.67357564 0.0999999121 0.983611882
v 1.58785689 0.0999999121 1.00256062
v 1.68667209 0.0978469253 0.941973269
v 1.71841252 0.0917126387 0.906765938
v 1.68100464 0.0999999121 1.01325536
v 1.59539568 0.0999999121 1.03271294
v 1.6777643 0.0978428572 0.956435263
v 1.70416558 0.0917156786 0.930205405
v 1.68840253 0.0999968573 1.04969382
v 1.60177588 0.0999968573 1.06387162
v 1.68414962 0.0978469104 0.981274426
v 1.69474006 0.0917156786 0.946360409
v 1.69305825 0.0999999046 1.0875814
v 1.60556889 0.0999999046 1.09468508
v 1.69156301 0.0978468955 1.01085567
v 1.68761992 0.091712147 0.957920313
v 1.69455278 0.0999998972 1.12519097
v 1.60677481 0.0999998972 1.12515378
v 1.69909322 0.0978438482 1.04794419
v 1.69311404 0.0917156637 0.97929281
v 1.69333088 0.0999998972 1.1565783
v 1.60554945 0.0999998972 1.15546393
v 1.70385623 0.0978468955 1.08670473
v 1.7005142 0.0917156488 1.00882125
v 1.69370723 0.0999998897 1.18565726
v 1.60607731 0.0999998897 1.19061351
v 1.70538604 0.097846888 1.12519562
v 1.70815623 0.0917126015 1.04646087
v 1.6973021 0.0999998823 1.22170019
v 1.61022747 0.0999998823 1.2328347
v 1.70415926 0.0978468806 1.15671563
v 1.71301043 0.0917156339 1.08596134
v 1.70442355 0.0999998748 1.26670885
v 1.61799955 0.0999998748 1.28212774
v 1.70452631 0.097846888 1.18504524
v 1.71457016 0.0917156339 1.12519956
v 1.71587753 0.0999968201 1.32446623
v 1.62922931 0.0999968201 1.3384738
v 1.7080456 0.0978468657 1.22032642
v 1.71333921 0.091715619 1.15683222
v 1.72457218 0.0999998599 1.39520359
v 1.63702333 0.0999998599 1.40109468
v 1.71508443 0.0978468657 1.26480687
v 1.71369827 0.0917156264 1.18452644
v 1.72543788 0.0999998525 1.47285414
v 1.63774574 0.0999998525 1.46957994
v 1.72657382 0.0978438035 1.32273698
v 1.71715379 0.0917156041 1.21916175
v 1.71846652 0.0999967977 1.55488205
v 1.63139665 0.0999967977 1.54392934
v 1.73539305 0.0978468582 1.39447546
v 1.72412241 0.0917156041 1.26319432
v 1.70447266 0.0999967828 1.63934469
v 1.61806297 0.0999967828 1.62396526
v 1.73627317 0.0978468359 1.47325873
v 1.73564172 0.0917125493 1.32127118
v 1.69070423 0.0999998227 1.71200418
v 1.6043787 0.0999998227 1.69621086
v 1.72922349 0.0978437811 1.55623507
v 1.74456656 0.0917156041 1.39385819
v 1.68106449 0.0999998152 1.7665081
v 1.59448886 0.0999998152 1.75224352
v 1.71514237 0.0978437737 1.6412437
v 1.74545884 0.0917155743 1.47360182
v 1.67543447 0.0999967605 1.80290937
v 1.58839381 0.0999967605 1.792063
v 1.70136797 0.097846821 1.71395516
v 1.73834288 0.0917125195 1.55738211
v 1.67266142 0.0999967605 1.81266522
v 1.58610928 0.0999967605 1.81577229
v 1.6917671 0.097846806 1.76827145
v 1.72418761 0.0917125195 1.64285374
v 1.67607319 0.0999998003 1.82269049
v 1.59070051 0.0999998003 1.84287381
v 1.68620908 0.0978437513 1.80425191
v 1.71040833 0.0917155668 1.71560907
v 1.68770194 0.0999997929 1.86002278
v 1.6044476 0.0999997929 1.8878746
v 1.68393528 0.0978437513 1.81226063
v 1.70084012 0.0917155519 1.76976633
v 1.70941341 0.0999997854 1.9195652
v 1.62735057 0.0999997854 1.95077515
v 1.68663514 0.0978467911 1.82019353
v 1.69534338 0.0917125046 1.80539036
v 1.74179327 0.0999967307 2.00125647
v 1.65940058 0.0999967307 2.03156734
v 1.69797122 0.0978467762 1.85658717
v 1.69349277 0.0917125046 1.81191754
v 1.77421916 0.0999997631 2.09727263
v 1.68957376 0.0999997631 2.12041688
v 1.71953225 0.0978467762 1.91571665
v 1.69558918 0.0917155445 1.81807661
v 1.79489481 0.0999967083 2.19615388
v 1.70802796 0.0999967083 2.20854282
v 1.75195563 0.0978437141 1.99751782
v 1.70667732 0.0917155296 1.85367465
v 1.80250096 0.0999997407 2.29509115
v 1.71476293 0.0999997407 2.29594541
v 1.78467834 0.0978467539 2.0944128
v 1.72811067 0.0917155296 1.91245437
v 1.79700649 0.0999997258 2.39230633
v 1.70977902 0.0999997258 2.38262415
v 1.80563176 0.0978436917 2.19462252
v 1.76057088 0.0917124599 1.99434853
v 1.78104508 0.0999997184 2.48957253
v 1.69494712 0.0999997184 2.4724412
v 1.81334758 0.097846739 2.29498553
v 1.79354525 0.0917154923 2.09198856
v 1.75720727 0.0999997035 2.59184909
v 1.67229033 0.0999997035 2.56957269
v 1.80777931 0.0978467166 2.393502
v 1.8147341 0.0917124301 2.19332433
v 1.72549653 0.0999966413 2.70055652
v 1.6418097 0.0999966413 2.67402029
v 1.79166722 0.0978467017 2.49168611
v 1.82254279 0.0917154849 2.29489613
v 1.68630207 0.0999996737 2.81499767
v 1.60350525 0.0999996737 2.78578401
v 1.76768148 0.0978466868 2.59459686
v 1.81691206 0.0917154551 2.39451575
v 1.64764678 0.0999996588 2.92148709
v 1.5648818 0.0999996588 2.89218283
v 1.73581755 0.0978436321 2.70382929
v 1.80067229 0.0917154476 2.49347782
v 1.61907828 0.0999996513 3.0042274
v 1.53569913 0.0999996513 2.97672677
v 1.69651055 0.0978466719 2.81859946
v 1.77656114 0.0917154327 2.59692621
v 1.60047615 0.0999965966 3.06321979
v 1.51599813 0.0999965966 3.03934622
v 1.65785122 0.097846657 2.92510009
v 1.74456728 0.0917123705 2.70660377
v 1.59223926 0.0999996364 3.09458447
v 1.50577879 0.0999996364 3.08004165
v 1.62935948 0.0978466272 3.00761843
v 1.70516467 0.0917154104 2.82165313
v 1.59060299 0.099999629 3.11590099
v 1.50288785 0.099999629 3.11308789
v 1.6108979 0.0978435799 3.06616497
v 1.66650188 0.0917153955 2.92816329
v 1.59166634 0.0999965742 3.15604448
v 1.50398791 0.0999965742 3.1606133
v 1.60296142 0.0978466272 3.0963881
v 1.63807547 0.0917153656 3.01049328
v 1.59641659 0.0999996141 3.21421885
v 1.50904059 0.0999996141 3.22287178
v 1.60143757 0.0978466272 3.11624837
v 1.61973321 0.0917123258 3.06866193
v 1.60527802 0.0999996066 3.28983569
v 1.51804602 0.0999996066 3.29986262
v 1.60247755 0.097843565 3.1554811
v 1.61205113 0.0917153656 3.09791684
v 1.6150986 0.0999995917 3.37733531
v 1.52759063 0.0999995917 3.38438463
v 1.60718763 0.0978466123 3.21315217
v 1.61062253 0.0917153656 3.11654305
v 1.61918211 0.0999995843 3.46232367
v 1.53140175 0.0999995843 3.46320462
v 1.61602962 0.0978465825 3.28859997
v 1.61164296 0.0917123109 3.15500355
v 1.6168865 0.0999995768 3.54245019
v 1.52934408 0.0999995768 3.53603554
v 1.62589169 0.0978465676 3.3764658
v 1.61631882 0.0917153507 3.21224785
v 1.60797226 0.0999995619 3.61744452
v 1.52141714 0.0999995619 3.60287762
v 1.63001215 0.0978465825 3.46221495
v 1.62514436 0.0917153284 3.28755212
v 1.59249735 0.0999995545 3.68834543
v 1.50758421 0.0999995545 3.6660924
v 1.62769115 0.0978465527 3.54324198
v 1.63504183 0.0917153135 3.37572885
v 1.57069957 0.0999964997 3.75958157
v 1.48776531 0.0999964997 3.73080635
v 1.61865735 0.0978465378 3.61924291
v 1.63919365 0.0917153209 3.46212292
v 1.54268181 0.0999995396 3.83169723
v 1.46195722 0.0999995396 3.79719734
v 1.60297596 0.0978465527 3.69109154
v 1.63685095 0.0917152986 3.54391313
v 1.50945997 0.0999964848 3.90295768
v 1.4301604 0.0999964848 3.86526513
v 1.58093202 0.0978434905 3.76313186
v 1.62771583 0.0917152837 3.62076735
v 1.4769839 0.0999964699 3.96974802
v 1.39607406 0.0999964699 3.93575597
v 1.55264008 0.0978465378 3.83595324
v 1.6118592 0.0917152911 3.69341969
v 1.45323324 0.0999995098 4.03580809
v 1.36917794 0.0999995098 4.0105834
v 1.51923609 0.0978434831 3.90760446
v 1.58960664 0.0917122364 3.76614165
v 1.43617022 0.0999995023 4.10621595
v 1.34994745 0.0999995023 4.08984184
v 1.4869777 0.0978434682 3.97394681
v 1.56108224 0.0917152762 3.83956122
v 1.42564785 0.0999994874 4.18313313
v 1.33838296 0.0999994874 4.17353249
v 1.46361649 0.097846508 4.03892422
v 1.52752388 0.0917122215 3.91154385
v 1.4185127 0.0999994799 4.26996279
v 1.33128738 0.0999994799 4.26004171
v 1.44681871 0.0978464782 4.10823822
v 1.49545014 0.0917122066 3.97750616
v 1.40532827 0.099999465 4.36031866
v 1.31898463 0.099999465 4.34449005
v 1.43641114 0.0978464633 4.18431711
v 1.47241902 0.0917152464 4.0415659
v 1.38574314 0.0999994576 4.44873047
v 1.3008126 0.0999994576 4.42654276
v 1.42927277 0.0978464782 4.27118635
v 1.45584607 0.0917152241 4.10995245
v 1.35980666 0.0999963954 4.53466988
v 1.27677155 0.0999963954 4.50619936
v 1.41598225 0.0978464633 4.36227179
v 1.44553578 0.0917152092 4.18532133
v 1.32851398 0.0999994352 4.61589098
v 1.24798441 0.0999994352 4.58097076
v 1.39622366 0.0978464335 4.45146847
v 1.43839478 0.0917152166 4.27222395
v 1.29499114 0.0999994278 4.68489027
v 1.21847796 0.0999994278 4.64192772
v 1.37005341 0.0978433862 4.53818321
v 1.42501438 0.0917152017 4.36392736
v 1.2575227 0.0999994203 4.74250603
v 1.1886121 0.0999994203 4.68827105
v 1.33845413 0.0978464335 4.62020159
v 1.40510857 0.0917151794 4.45378971
v 1.21465921 0.0999994129 4.7872138
v 1.15838683 0.0999994129 4.7200017
v 1.30444658 0.0978464037 4.69019985
v 1.37874043 0.0917121321 4.54116201
v 1.17862928 0.0999994129 4.81185102
v 1.12869787 0.0999994129 4.73963976
v 1.26606143 0.0978464186 4.74922609
v 1.34688079 0.0917151719 4.62385559
v 1.15820456 0.0999994129 4.82644796
v 1.10336637 0.0999994129 4.75793743
v 1.22164309 0.0978463888 4.79555511
v 1.31246257 0.0917151496 4.69470072
v 1.14506829 0.0999994054 4.83790874
v 1.0828259 0.0999994054 4.77611542
v 1.18478763 0.0978463888 4.82075739
v 1.27329993 0.091715157 4.75492334
v 1.1374532 0.0999994054 4.84634018
v 1.06707644 0.0999994054 4.79417372
v 1.16497958 0.0978463888 4.8349123
v 1.22756374 0.0917151347 4.80262661
v 1.13259017 0.0999994054 4.85464096
v 1.05559278 0.0999994054 4.81255007
v 1.15277565 0.0978464037 4.84556055
v 1.19000804 0.0917151347 4.82830715
v 1.12666094 0.099999398 4.86737204
v 1.04568553 0.099999398 4.8334856
v 1.14621031 0.0978464037 4.85283136
v 1.17072332 0.0917151347 4.84208822
v 1.12050867 0.099999398 4.88428736
v 1.03697598 0.099999398 4.85729599
v 1.14210498 0.0978464037 4.8598423
v 1.15930951 0.0917151421 4.85204697
v 1.11394048 0.0999993905 4.90791225
v 1.02946424 0.0999993905 4.88398075
v 1.1366539 0.0978463739 4.8715539
v 1.15363407 0.0917151421 4.85833406
v 1.10060489 0.0999963433 4.95031071
v 1.0209173 0.0999963433 4.91396093
v 1.13081467 0.0978463888 4.88761759
v 1.15017116 0.0917151421 4.86425161
v 1.06611276 0.0999993831 5.0044632
v 0.997501731 0.0999993831 4.94984102
v 1.1243552 0.0978463739 4.91086292
v 1.14512551 0.0917151198 4.87509918
v 1.0167315 0.0999993756 5.05621672
v 0.95683825 0.0999993756 4.99206972
v 1.11052763 0.0978433341 4.95483685
v 1.13955152 0.0917151272 4.89044046
v 0.952638984 0.0999993756 5.11006641
v 0.898926735 0.0999993756 5.04064608
v 1.07461202 0.0978463739 5.01122952
v 1.13318443 0.0917151123 4.91336393
v 0.870031714 0.0999963209 5.16850376
v 0.825555801 0.0999963209 5.09292316
v 1.02412891 0.0978463739 5.06413937
v 1.11894 0.0917120725 4.95867443
v 0.778181314 0.0999993607 5.21184206
v 0.750321388 0.0999993607 5.1287756
v 0.959269524 0.0978463739 5.11863613
v 1.08181751 0.0917151123 5.01696587
v 0.681717992 0.0999993607 5.23140907
v 0.676045239 0.0999993607 5.1440258
v 0.875542045 0.0978433192 5.17786789
v 1.0304004 0.0917151123 5.07085657
v 0.585524976 0.0999993607 5.22457123
v 0.602727294 0.0999993607 5.13867521
v 0.781646252 0.097846359 5.22217274
v 0.96489042 0.0917151123 5.12590075
v 0.502197385 0.0999993607 5.1976223
v 0.531439185 0.0999993607 5.11485624
v 0.682425022 0.097846359 5.24230003
v 0.880213499 0.0917120576 5.18580627
v 0.417403162 0.0999993607 5.17154408
v 0.472358286 0.0999993682 5.09283543
v 0.428009987 0.0999993682 5.07764196
v 0.398394346 0.0999993682 5.06927538
v 0.382545471 0.0999993682 5.06809425
v 0.368721098 0.0999963209 5.07844734
v 0.353459418 0.0999993607 5.10161638
v 0.336760402 0.0999993607 5.13760185
v 0.784583569 0.0917150974 5.23093128
v 0.398140907 0.0999993533 5.2220149
v 0.31838131 0.0999993533 5.18546391
v 0.36675036 0.0999993458 5.27960873
v 0.294417262 0.0999993458 5.230093
v 0.323030472 0.0999993384 5.33054161
v 0.263506055 0.0999993384 5.26621723
v 0.269276321 0.0999993384 5.36986685
v 0.225647762 0.0999993384 5.2938385
v 0.215402201 0.0999993384 5.39409542
v 0.181251317 0.0999993384 5.31322002
v 0.175186694 0.0999993309 5.41045618
v 0.139444128 0.0999993309 5.33028221
v 0.145582452 0.0999993309 5.42475033
v 0.103985161 0.0999993309 5.34746552
v 0.123879671 0.0999993309 5.43754816
v 0.0748744085 0.0999993309 5.36476851
v 0.104590155 0.0999962762 5.45242405
v 0.0519312248 0.0999962762 5.38217163
v 0.0786510259 0.0999993235 5.47153664
v 0.0291517936 0.0999993235 5.39904404
v 0.0477534831 0.0999962762 5.49095917
v 0.00361747574 0.0999962762 5.41507721
v 0.0145289414 0.0999962687 5.50882149
v -0.0246717278 0.0999962687 5.43027306
v -0.0218576975 0.0999962687 5.5256052
v -0.055676531 0.0999962687 5.44460011
v -0.0603517741 0.099999316 5.53996372
v -0.0872162357 0.099999316 5.45640421
v -0.0995708704 0.0999962687 5.55053759
v -0.118037298 0.0999962687 5.46473551
v -0.13893573 0.099999316 5.55687237
v -0.148139685 0.099999316 5.46959257
v -0.162742943 0.099999316 5.5581646
v -0.177536383 0.099999316 5.47106838
v -0.207714677 0.099999316 5.47964287
v -0.181656942 0.0999993086 5.56783485
v -0.239689663 0.0999993086 5.50247192
v -0.204931155 0.0999993086 5.59412575
v -0.273461282 0.0999993086 5.53955412
v -0.237863332 0.0999962538 5.64208269
v -0.309028268 0.0999962538 5.59084892
v -0.281088173 0.0999992937 5.69911671
v -0.345863551 0.0999992937 5.64014912
v -0.33444339 0.0999992862 5.7466774
v -0.383537233 0.0999992862 5.6742382
v -0.398370236 0.0999962389 5.77725792
v -0.422049373 0.0999962389 5.69311523
v -0.468098164 0.0999962389 5.7839756
v -0.461399972 0.0999962389 5.69678116
v -0.533098638 0.0999992862 5.76809311
v -0.499898642 0.0999992862 5.68710566
v -0.589074075 0.0999992862 5.73552418
v -0.535882115 0.0999992862 5.66593218
v -0.636153698 0.0999992937 5.69002342
v -0.569350183 0.0999992937 5.63325977
v -0.672687292 0.0999993011 5.63874006
v -0.600302815 0.0999993011 5.58908892
v -0.699537337 0.0999993011 5.59806776
v -0.630926013 0.0999993011 5.54347324
v -0.721151292 0.0999993086 5.57458448
v -0.663820088 0.0999993086 5.50837612
v -0.739646494 0.0999962687 5.56118441
v -0.698989928 0.0999962687 5.48381948
v -0.763850212 0.0999962687 5.55319929
v -0.736435473 0.0999962687 5.46980333
v -0.805873275 0.099999316 5.54073668
v -0.773401618 0.099999316 5.45929193
v -0.854739666 0.0999962687 5.51511383
v -0.805965364 0.0999962687 5.44226742
v -0.8971048 0.0999993235 5.47962475
v -0.834097326 0.0999993235 5.4186554
v -0.929211497 0.0999993235 5.43947172
v -0.857797563 0.0999993235 5.38845587
v -0.957809687 0.0999993309 5.40131521
v -0.878079057 0.0999993309 5.35717392
v -0.896655619 0.0999993309 5.33412409
v -0.913555443 0.0999993309 5.31945944
v -0.928778231 0.0999993384 5.31317902
v -0.945223093 0.0999993384 5.30991602
v -1.01049137 0.0999993384 5.37607956
v -0.96869266 0.0999993384 5.29892826
v -1.0480181 0.0999993384 5.35295534
v -0.9993487 0.0999993384 5.27991486
v -1.08929443 0.0999993458 5.3235178
v -1.03719151 0.0999993458 5.25287628
v -1.13232148 0.0999993458 5.29077721
v -1.07921183 0.0999993458 5.22089195
v -1.17123759 0.0999993533 5.26124001
v -1.11829817 0.0999993533 5.19123507
v -1.20683551 0.0999993533 5.23439741
v -1.15415061 0.0999993533 5.16421318
v -1.24546516 0.0999900997 5.21194506
v -1.18676901 0.0999993607 5.1398263
v -1.21685004 0.0999993607 5.12110376
v -1.24633706 0.0999993607 5.11649418
v -1.27534509 0.0999993607 5.12649822
v -1.3038739 0.0999993607 5.15111399
v -1.33116162 0.099996306 5.18853045
v -1.27490139 0.0999993458 5.26927614
v -1.35469472 0.0999993458 5.23276615
v -1.29092622 0.0999993384 5.31084251
v -1.37427509 0.0999993384 5.28334999
v -1.30432057 0.0999993309 5.35977983
v -1.38990295 0.0999993309 5.34028244
v -1.3142097 0.0999993235 5.41401005
v -1.40119469 0.0999993235 5.40229988
v -1.31895363 0.099999316 5.4679203
v -1.40664971 0.099999316 5.46445894
v -1.31849837 0.0999962613 5.52124166
v -1.40611577 0.0999962613 5.52625895
v -1.31258011 0.0999962538 5.57608557
v -1.39959311 0.0999962538 5.58769989
v -1.30250287 0.0999992937 5.6411438
v -1.38996565 0.0999992937 5.64750099
v -1.30411911 0.0999992862 5.71276569
v -1.39072216 0.0999992862 5.69967699
v -1.32475984 0.0999992788 5.78150892
v -1.4035759 0.0999992788 5.74346876
v -1.36422896 0.099996224 5.83836508
v -1.42852664 0.099996224 5.77887726
v -1.40379012 0.0999992713 5.87220669
v -1.46315181 0.0999992713 5.8075428
v -1.42636311 0.0999992639 5.89476347
v -1.49380255 0.0999992639 5.83871508
v -1.44247687 0.0999992564 5.91781664
v -1.518345 0.0999992564 5.87383986
v -1.45520747 0.0999962091 5.94533062
v -1.53677869 0.0999962091 5.91291666
v -1.46922362 0.0999962017 5.98800468
v -1.55043614 0.0999962017 5.95473194
v -1.49500453 0.0999992415 6.03884888
v -1.56846631 0.0999992415 5.99094296
v -1.53274751 0.0999992415 6.08406544
v -1.59260476 0.0999992415 6.01996803
v -1.57970226 0.0999992341 6.11822224
v -1.62285161 0.0999992341 6.0418067
v -1.62608933 0.0999992341 6.13872671
v -1.65889311 0.0999992341 6.05716038
v -1.66700065 0.0999992341 6.15429592
v -1.69805789 0.0999992341 6.07199335
v -1.70884621 0.0999992341 6.17009306
v -1.73973823 0.0999992341 6.08766413
v -1.75315964 0.0999961793 6.18673038
v -1.78393352 0.0999961793 6.10417414
v -1.79881394 0.0999992266 6.20382023
v -1.82976282 0.0999992266 6.12122059
v -1.83610928 0.0999992266 6.21803856
v -1.867746 0.0999992266 6.13555622
v -1.87855434 0.0999976993 6.23140097
v -1.8815273 0.0999976993 6.14092731
v -1.92074978 0.0999961793 6.23570633
v -1.89530873 0.0999961793 6.14629793
v -1.95943117 0.0999992192 6.23074007
v -1.90713 0.0999992192 6.14779282
v -1.97976136 0.0999992192 6.21142244
v -1.91617179 0.0999992192 6.14232254
v -1.99528646 0.0999992192 6.17887497
v -1.91859591 0.0999992192 6.126091
v -2.0000329 0.0999992192 6.13649321
v -1.91787696 0.0999992266 6.09861374
v -1.99866354 0.0999992341 6.06967592
v -1.91644514 0.0999992341 6.07119942
v -1.98048747 0.0999992713 5.76924944
v -1.89200437 0.0999992713 5.7770648
v -1.95630229 0.0999993086 5.50660849
v -1.8680675 0.0999993086 5.51437283
v -1.93450713 0.0999993458 5.25207186
v -1.84639204 0.0999993458 5.25898075
v -1.91863263 0.0999993756 5.03347206
v -1.83056533 0.0999993756 5.03902102
v -1.90864289 0.099999398 4.85079098
v -1.82058764 0.099999398 4.85449409
v -1.9040333 0.0999994203 4.70063782
v -1.81609976 0.0999994203 4.70511961
v -1.89461446 0.0999994352 4.57238913
v -1.80733526 0.0999994352 4.58328056
v -1.87484825 0.0999994501 4.46309042
v -1.78990722 0.0999994501 4.48555565
v -1.84190261 0.0999994576 4.3719964
v -1.76381552 0.0999994576 4.41194487
v -1.80058885 0.099999465 4.31065702
v -1.72927964 0.099999465 4.36201334
v -1.7692796 0.0999994725 4.26932001
v -1.69566286 0.0999994725 4.31716204
v -1.74716008 0.0999994725 4.22969103
v -1.66793478 0.0999994725 4.26751947
v -1.72936189 0.0999994799 4.18524551
v -1.6460954 0.0999994799 4.21308613
v -1.7155273 0.0999994949 4.13341522
v -1.63011229 0.0999994949 4.15390778
v -1.70361221 0.0999995023 4.07652903
v -1.61743212 0.0999995023 4.09357166
v -1.69302237 0.0999995098 4.01939535
v -1.60644865 0.0999995098 4.03433323
v -1.68410099 0.0999995172 3.96349859
v -1.59716201 0.0999995172 3.97619224
v -1.67727077 0.0999995247 3.91552401
v -1.58961451 0.0999995247 3.91916084
v -1.67744529 0.0999995321 3.88381529
v -1.59222615 0.0999995321 3.86551452
v -1.68661499 0.0999995396 3.86108184
v -1.61130679 0.0999995396 3.81695914
v -1.70721924 0.0999995396 3.8369348
v -1.64685595 0.0999995396 3.77349329
v -1.75425744 0.099999547 3.80320573
v -1.69886458 0.099999547 3.73510718
v -1.82114387 0.0999965072 3.74201298
v -1.75404704 0.0999965072 3.68573117
v -1.87913907 0.0999995619 3.64959431
v -1.80044615 0.0999995619 3.6109035
v -1.92209518 0.0999965295 3.53589725
v -1.83806205 0.0999965295 3.51062417
v -1.95292568 0.0999965444 3.40243745
v -1.86689472 0.0999965444 3.38489366
v -1.97552538 0.0999996141 3.27620816
v -1.88918722 0.0999996141 3.2602005
v -1.99340987 0.0999996215 3.18305564
v -1.90738642 0.0999996215 3.16543722
v -2.00662661 0.099999629 3.12207913
v -1.92149353 0.099999629 3.10061693
v -2.00987959 0.0999996364 3.10301781
v -1.93150818 0.0999996364 3.06573987
v -2.02370691 0.0999996439 3.08667374
v -1.95436132 0.0999996439 3.03292656
v -2.07795572 0.0999996513 3.02382708
v -2.01225424 0.0999996513 2.9656198
v -2.1697197 0.0999996662 2.92327142
v -2.10528612 0.0999996662 2.86365724
v -2.29752731 0.0999996811 2.78704453
v -2.23345613 0.0999996811 2.72703862
v -2.43440771 0.0999997035 2.64062333
v -2.36951828 0.0999997035 2.58150887
v -2.53793955 0.0999997184 2.52394104
v -2.47088003 0.0999997184 2.46731329
v -2.60879183 0.0999997258 2.43539047
v -2.53703737 0.0999997258 2.38492918
v -2.64950371 0.0999997333 2.36601138
v -2.56798935 0.0999997333 2.33435655
v -2.66091299 0.0999997407 2.31118536
v -2.57354355 0.0999997407 2.30572557
v -2.65726805 0.0999997407 2.26168513
v -2.57187271 0.0999997407 2.28074503
v -2.63877535 0.0999997482 2.21463299
v -2.56338167 0.0999997482 2.25900865
v -2.61039972 0.0999997482 2.1789639
v -2.54806995 0.0999997482 2.24051571
v -2.58622408 0.0999997482 2.16010785
v -2.52924728 0.0999997482 2.22452855
v -2.58263731 0.0999997482 2.15625334
v -2.51416111 0.0999997556 2.20943046
v -2.57674217 0.0999997482 2.14057994
v -2.58021498 0.0999997482 2.15257478
v -2.59340048 0.0978467464 2.15199399
v -2.50306702 0.0999997556 2.19516373
v -2.57865095 0.0999997482 2.14924717
v -2.49596548 0.0999997556 2.18172908
v -2.57753325 0.0999997482 2.14575005
v -2.49214745 0.0999997556 2.16704631
v -2.48978043 0.0999997631 2.14573812
v -2.48877144 0.0999997631 2.11752963
v -2.61815643 0.0978467464 2.17130375
v -2.60484838 0.0999997631 2.11602902
v -2.6050725 0.0999997705 2.07685757
v -2.48911905 0.0999997705 2.08242106
v -2.59155083 0.0999967307 1.99791288
v -2.4850502 0.0999967307 2.04410625
v -2.52760553 0.099999778 1.92028475
v -2.45892143 0.099999778 2.01387239
v -2.44261599 0.099999778 1.8812387
v -2.40950632 0.099999778 1.99250364
v -2.35015154 0.0999967381 1.86468339
v -2.33680534 0.0999967381 1.9800005
v -2.25639153 0.0999997854 1.85886312
v -2.24972773 0.0999997854 1.97475839
v -2.18715048 0.0999997854 1.85506845
v -2.18053865 0.0999997854 1.97096682
v -2.13738394 0.0999997854 1.85350752
v -2.13216496 0.0999997854 1.9680984
v -2.10460711 0.0999997854 1.96615362
v -2.09293556 0.0999997854 1.96316981
v -2.07588434 0.0999997854 1.95068216
v -2.05100918 0.0999997929 1.92771745
v -2.1007781 0.0999997929 1.81257415
v -2.01830959 0.0999997929 1.89427543
v -2.04968786 0.0999998003 1.76260304
v -1.97697651 0.0999998003 1.85309744
v -1.97543538 0.0999998078 1.71489024
v -1.92282069 0.0999998078 1.81836915
v -1.88881123 0.0999998078 1.6809864
v -1.85524487 0.0999998078 1.7921145
v -1.79321134 0.0999998078 1.65980577
v -1.77424872 0.0999998078 1.77433324
v -1.69494307 0.0999998152 1.64858913
v -1.68221986 0.0999998152 1.76397657
v -1.60730219 0.0999998152 1.6391263
v -1.5941329 0.0999998152 1.75446367
v -1.52729392 0.0999998152 1.6294961
v -1.51259577 0.0999998152 1.74464869
v -1.45487845 0.0999967679 1.61973643
v -1.43760848 0.0999967679 1.7345314
v -1.39834523 0.0999998152 1.61073852
v -1.36993539 0.0999998152 1.72329521
v -1.36753738 0.0999998227 1.60088754
v -1.31547236 0.0999998227 1.70464373
v -1.35689878 0.0999998227 1.59452939
v -1.27545726 0.0999998227 1.67725444
v -1.35528958 0.0999998301 1.59247351
v -1.24989057 0.0999998301 1.64112735
v -1.35395789 0.0999998376 1.58378386
v -1.23859322 0.0999998376 1.59671211
v -1.35478628 0.0999998376 1.56462049
v -1.23984504 0.0999998376 1.54835176
v -1.36234617 0.099999845 1.53671217
v -1.25321376 0.099999845 1.49713612
v -1.38033104 0.0999998525 1.49916482
v -1.2786994 0.0999998525 1.4430654
v -1.41543305 0.0999998599 1.44434452
v -1.31449139 0.0999998599 1.38701272
v -1.44902766 0.0999998674 1.37424111
v -1.33817136 0.0999998674 1.33978796
v -1.45677686 0.0999998748 1.28132105
v -1.34305131 0.0999998748 1.30461574
v -1.40391338 0.0999998748 1.19270492
v -1.32913172 0.0999998748 1.28149605
v -1.35369909 0.099996835 1.16842198
v -1.29758942 0.0999998823 1.26922333
v -1.26777744 0.099996835 1.24797928
v -1.24652672 0.0999998897 1.21076775
v -1.34869015 0.0999998972 1.14070582
v -1.2338376 0.0999998972 1.15758884
v -1.34588611 0.0999999046 1.0939126
v -1.22989261 0.0999999046 1.08925927
v -1.35052407 0.0999999121 1.05629706
v -1.23887813 0.0999999121 1.02449584
v -1.35974824 0.0999999195 1.0345552
v -1.26253879 0.0999999195 0.971100628
v -1.37405598 0.099999927 1.01918876
v -1.30087507 0.099999927 0.929073811
v -1.41337574 0.099999927 0.997491062
v -1.35339987 0.099999927 0.898097694
v -1.47350991 0.0999999344 0.959755599
v -1.40337718 0.0999999344 0.867248535
v -1.53028703 0.0999999344 0.907185853
v -1.44256818 0.0999999344 0.83114934
v -1.57374609 0.0999999419 0.843780458
v -1.47097313 0.0999999419 0.789800167
v -1.59740818 0.0999999493 0.784187794
v -1.48874843 0.0999999493 0.743331671
v -1.61077738 0.0999999568 0.747174382
v -1.50500214 0.0999999568 0.69934392
v -1.62202489 0.0999999568 0.726058245
v -1.52503872 0.0999999568 0.662262976
v -1.63230217 0.0999999642 0.712793589
v -1.54885805 0.0999999642 0.632089019
v -1.64857888 0.0999999642 0.699732065
v -1.57643473 0.0999999642 0.608785033
v -1.67603183 0.0999999717 0.679340124
v -1.60461891 0.0999999717 0.587817788
v -1.70685995 0.0999999717 0.654120922
v -1.63123095 0.0999999717 0.566050529
v -1.7361269 0.0999999791 0.627740383
v -1.65627146 0.0999999791 0.543483257
v -1.77015877 0.0999999791 0.592899978
v -1.67973697 0.0999999791 0.520098567
v -1.80472314 0.0999999866 0.538611293
v -1.70025659 0.0999999866 0.487986207
v -1.82875073 0.0999999866 0.470926702
v -1.71669543 0.0999999866 0.440598965
v -1.84359932 0.100000001 0.396790028
v -1.72905362 0.100000001 0.3779369
v -1.84753644 0.100000001 0.367399096
v -1.73226607 0.100000001 0.35365513
v -1.8505944 0.0999969617 0.338626146
v -1.73502517 0.0999969617 0.327676177
v -1.85301697 0.100000009 0.300000012
v -1.73733103 0.100000009 0.300000012
v -1.73733103 0.100000009 0.300000012
v -1.54095876 -0.0999989957 0.300000012
v -1.54095876 0.0999989957 0.300000012
v -1.73733103 -0.100000009 0.300000012
v -1.82468474 -0.100000009 0.300000012
v -1.85301697 0.100000009 0.300000012
v -1.83552706 -0.0978469998 0.300000012
v -1.84471869 -0.0917157382 0.300000012
v -1.85086036 -0.0825396627 0.300000012
v -1.85301697 -0.0717157423 0.300000012
v 1.52420211 0.0999979824 0.300000012
v -1.54095876 0.0999989957 0.300000012
v -1.56816697 0.0999989957 0.243676603
v 1.55141032 0.0999979824 0.243676573
v 1.53906381 0.0999979898 0.225355595
v 1.55320847 0.0999979824 0.239720941
v 1.55508065 0.0999979824 0.23515451
v 1.55695474 0.0999979824 0.230152801
v 1.55875897 0.0999979824 0.224908024
v 1.56042385 0.0999979824 0.219621703
v 1.56188524 0.0999979824 0.214497015
v 1.56308746 0.0999979824 0.209730893
v 1.56398392 0.0999979824 0.205506504
v -1.55582035 0.0999989882 0.225355595
v -1.569965 0.0999989957 0.239720941
v -1.57183719 0.0999989957 0.235154539
v -1.5737114 0.0999989957 0.230152816
v -1.57551551 0.0999989957 0.224908024
v -1.57718039 0.0999989957 0.219621718
v -1.57864201 0.0999989957 0.21449703
v -1.579844 0.0999989957 0.209730908
v -1.58074045 0.0999989957 0.205506504
v -1.58867419 0.0999989957 0.16321227
v 1.57191753 0.0999979824 0.163212255
v 1.55444098 0.0999979898 0.14335984
v 1.57261145 0.0999979824 0.158952996
v 1.57321334 0.0999979824 0.154084951
v 1.57370031 0.0999979824 0.148795187
v 1.57405329 0.0999979824 0.143286988
v 1.57425916 0.0999979824 0.137772024
v 1.57430959 0.0999979824 0.132462248
v 1.5742029 0.0999979824 0.127561688
v 1.5739429 0.0999979824 0.123258695
v -1.57119775 0.0999989882 0.14335984
v -1.5893681 0.0999989957 0.158952996
v -1.58997011 0.0999989957 0.154084951
v -1.59045684 0.0999989957 0.148795187
v -1.59080994 0.0999989957 0.143286973
v -1.5910157 0.0999989957 0.137772009
v -1.59106612 0.0999989957 0.132462233
v -1.59095943 0.0999989957 0.127561674
v -1.59069955 0.0999989957 0.123258695
v -1.58764982 0.0999989957 0.0871689767
v 1.56919062 0.0999979824 0.0670189708
v -1.56469524 0.0999989882 0.0670189708
v -1.58716917 0.0999989957 0.0828760564
v -1.58640993 0.0999989957 0.078024447
v -1.58540154 0.0999989957 0.0728005916
v -1.5841825 0.0999989957 0.0674052238
v -1.58279967 0.0999989957 0.0620456934
v -1.58130634 0.0999989957 0.0569279641
v -1.57975972 0.0999989957 0.0522487164
v -1.57821953 0.0999989957 0.0481877625
v 1.53902304 0.0999979824 0.00176391006
v -1.55577958 0.0999989957 0.00176391006
v 1.52420211 0.0999979824 0.300000012
v 1.55141032 -0.0999979824 0.243676603
v 1.52420211 -0.0999979824 0.300000012
v 1.55141032 0.0999979824 0.243676573
v 1.55320847 -0.0999979824 0.239720941
v 1.55320847 0.0999979824 0.239720941
v 1.55508065 -0.0999979824 0.235154539
v 1.55508065 0.0999979824 0.23515451
v 1.55695474 -0.0999979824 0.230152816
v 1.55695474 0.0999979824 0.230152801
v 1.55875897 -0.0999979824 0.224908024
v 1.55875897 0.0999979824 0.224908024
v 1.56042385 -0.0999979824 0.219621718
v 1.56042385 0.0999979824 0.219621703
v 1.56188524 -0.0999979824 0.21449703
v 1.56188524 0.0999979824 0.214497015
v 1.56308746 -0.0999979824 0.209730908
v 1.56308746 0.0999979824 0.209730893
v 1.56398392 -0.0999979824 0.205506504
v 1.56398392 0.0999979824 0.205506504
v 1.57191753 -0.0999979824 0.16321227
v 1.57191753 0.0999979824 0.163212255
v 1.57261145 -0.0999979824 0.158952996
v 1.57261145 0.0999979824 0.158952996
v 1.57321334 -0.0999979824 0.154084951
v 1.57321334 0.0999979824 0.154084951
v 1.57370031 -0.0999979824 0.148795187
v 1.57370031 0.0999979824 0.148795187
v 1.57405329 -0.0999979824 0.143286973
v 1.57405329 0.0999979824 0.143286988
v 1.57425916 -0.0999979824 0.137772009
v 1.57425916 0.0999979824 0.137772024
v 1.57430959 -0.0999979824 0.132462233
v 1.57430959 0.0999979824 0.132462248
v 1.5742029 -0.0999979824 0.127561674
v 1.5742029 0.0999979824 0.127561688
v 1.5739429 -0.0999979824 0.123258695
v 1.5739429 0.0999979824 0.123258695
v 1.56919062 -0.0999979824 0.0670189708
v 1.56919062 0.0999979824 0.0670189708
v 1.53902304 -0.0999979824 0.00176391006
v 1.53902304 0.0999979824 0.00176391006
v -1.54095876 -0.0999989957 0.300000012
v 1.52420211 -0.0999979824 0.300000012
v 1.55141032 -0.0999979824 0.243676603
v -1.56816697 -0.0999989957 0.243676588
v -1.55582035 -0.0999989882 0.225355595
v -1.569965 -0.0999989957 0.239720941
v -1.57183719 -0.0999989957 0.235154524
v -1.5737114 -0.0999989957 0.230152816
v -1.57551551 -0.0999989957 0.224908024
v -1.57718039 -0.0999989957 0.219621718
v -1.57864201 -0.0999989957 0.21449703
v -1.579844 -0.0999989957 0.209730908
v -1.58074045 -0.0999989957 0.205506504
v 1.53906381 -0.0999979898 0.225355595
v 1.55320847 -0.0999979824 0.239720941
v 1.55508065 -0.0999979824 0.235154539
v 1.55695474 -0.0999979824 0.230152816
v 1.55875897 -0.0999979824 0.224908024
v 1.56042385 -0.0999979824 0.219621718
v 1.56188524 -0.0999979824 0.21449703
v 1.56308746 -0.0999979824 0.209730908
v 1.56398392 -0.0999979824 0.205506504
v -1.58867419 -0.0999989957 0.16321227
v 1.57191753 -0.0999979824 0.16321227
v -1.57119775 -0.0999989882 0.14335984
v -1.5893681 -0.0999989957 0.158952996
v -1.58997011 -0.0999989957 0.154084951
v -1.59045684 -0.0999989957 0.148795187
v -1.59080994 -0.0999989957 0.143286973
v -1.5910157 -0.0999989957 0.137772009
v -1.59106612 -0.0999989957 0.132462233
v -1.59095943 -0.0999989957 0.127561674
v -1.59069955 -0.0999989957 0.123258695
v 1.55444098 -0.0999979898 0.14335984
v 1.57261145 -0.0999979824 0.158952996
v 1.57321334 -0.0999979824 0.154084951
v 1.57370031 -0.0999979824 0.148795187
v 1.57405329 -0.0999979824 0.143286973
v 1.57425916 -0.0999979824 0.137772009
v 1.57430959 -0.0999979824 0.132462233
v 1.5742029 -0.0999979824 0.127561674
v 1.5739429 -0.0999979824 0.123258695
v -1.58764982 -0.0999989957 0.0871689767
v -1.56469524 -0.0999989882 0.0670189708
v -1.58716917 -0.0999989957 0.0828760564
v -1.58640993 -0.0999989957 0.078024447
v -1.58540154 -0.0999989957 0.0728005916
v -1.5841825 -0.0999989957 0.0674052238
v -1.58279967 -0.0999989957 0.0620456934
v -1.58130634 -0.0999989957 0.0569279641
v -1.57975972 -0.0999989957 0.0522487164
v -1.57821953 -0.0999989957 0.0481877625
v 1.56919062 -0.0999979824 0.0670189708
v -1.55577958 -0.0999989957 0.00176391006
v 1.53902304 -0.0999979824 0.00176391006
v -1.55577958 0.0999989957 0.00176391006
v -1.55577958 -0.0999989957 0.00176391006
v 1.53902304 -0.0999979824 0.00176391006
v 1.53902304 0.0999979824 0.00176391006
v 1.79999995 0.697714031 0.300000012
v 1.79999995 0.250000179 0.300000012
v 1.50333309 0.103333324 0.300000012
v 0.25000003 0.697714031 0.300000012
v 0.25000003 0.697714031 0.149999976
v 1.79999995 0.697714031 0.149999976
v 1.79999995 0.697714031 0.300000012
v 0.25000003 0.697714031 0.300000012
v -0 0.94771409 0.149999976
v 0.25000003 0.697714031 0.149999976
v 0.25000003 0.697714031 0.300000012
v -0 0.94771409 0.300000012
v 0.25000003 0.697714031 0.300000012
v 1.50333309 0.103333324 0.300000012
v -0 0.103333324 0.300000012
v -0 0.94771409 0.300000012
v 1.79999995 0.697714031 0.149999976
v 1.79999995 0.249999866 0.149999976
v 1.79999995 0.250000179 0.300000012
v 1.79999995 0.697714031 0.300000012
v 1.79999995 0.249999866 0.149999976
v 2.05000019 0 0.149999976
v 2.05000019 0 0.300000012
v 1.79999995 0.250000179 0.300000012
v 1.50333309 0 0.149999976
v 1.50333309 0.103333324 0.149999976
v 1.50333309 0.103333324 0.300000012
v 1.50333309 0 0.300000012
v -0 0.103333324 0.300000012
v 1.50333309 0.103333324 0.300000012
v 1.50333309 0.103333324 0.149999976
v -0 0.103333324 0.149999976
v -1.50333309 0.103333324 0.149999976
v -1.50333309 0.103333324 0.300000012
v -0 0.103333324 -5.96046448E-08
v 1.50333309 0.103333324 -5.96046448E-08
v -1.50333309 0.103333324 -5.96046448E-08
v 1.79999995 0.250000179 0.300000012
v 2.05000019 0 0.300000012
v 1.50333309 0 0.300000012
v 1.50333309 0.103333324 0.300000012
v -1.79999995 0.697714031 0.300000012
v -0.25000003 0.697714031 0.300000012
v -1.50333309 0.103333324 0.300000012
v -1.79999995 0.250000179 0.300000012
v -0.25000003 0.697714031 0.149999976
v -0.25000003 0.697714031 0.300000012
v -1.79999995 0.697714031 0.300000012
v -1.79999995 0.697714031 0.149999976
v -0 0.94771409 0.149999976
v -0 0.94771409 0.300000012
v -0.25000003 0.697714031 0.300000012
v -0.25000003 0.697714031 0.149999976
v -0.25000003 0.697714031 0.300000012
v -0 0.94771409 0.300000012
v -0 0.103333324 0.300000012
v -1.50333309 0.103333324 0.300000012
v -1.79999995 0.697714031 0.149999976
v -1.79999995 0.697714031 0.300000012
v -1.79999995 0.250000179 0.300000012
v -1.79999995 0.249999866 0.149999976
v -1.79999995 0.249999866 0.149999976
v -1.79999995 0.250000179 0.300000012
v -2.05000019 0 0.300000012
v -2.05000019 0 0.149999976
v -1.50333309 0 0.149999976
v -1.50333309 0 0.300000012
v -1.50333309 0.103333324 0.300000012
v -1.50333309 0.103333324 0.149999976
v -1.79999995 0.250000179 0.300000012
v -1.50333309 0.103333324 0.300000012
v -1.50333309 0 0.300000012
v -2.05000019 0 0.300000012
v 1.79999995 -0.697714031 0.300000012
v 0.25000003 -0.697714031 0.300000012
v 1.50333309 -0.103333324 0.300000012
v 1.79999995 -0.250000179 0.300000012
v 0.25000003 -0.697714031 0.149999976
v 0.25000003 -0.697714031 0.300000012
v 1.79999995 -0.697714031 0.300000012
v 1.79999995 -0.697714031 0.149999976
v -0 -0.94771409 0.149999976
v -0 -0.94771409 0.300000012
v 0.25000003 -0.697714031 0.300000012
v 0.25000003 -0.697714031 0.149999976
v 0.25000003 -0.697714031 0.300000012
v -0 -0.94771409 0.300000012
v -0 -0.103333324 0.300000012
v 1.50333309 -0.103333324 0.300000012
v 1.79999995 -0.697714031 0.149999976
v 1.79999995 -0.697714031 0.300000012
v 1.79999995 -0.250000179 0.300000012
v 1.79999995 -0.249999866 0.149999976
v 1.79999995 -0.249999866 0.149999976
v 1.79999995 -0.250000179 0.300000012
v 2.05000019 0 0.300000012
v 2.05000019 0 0.149999976
v 1.50333309 0 0.149999976
v 1.50333309 0 0.300000012
v 1.50333309 -0.103333324 0.300000012
v 1.50333309 -0.103333324 0.149999976
v -0 -0.103333324 0.300000012
v 1.50333309 -0.103333324 0.149999976
v 1.50333309 -0.103333324 0.300000012
v -0 -0.103333324 0.149999976
v -1.50333309 -0.103333324 0.149999976
v -1.50333309 -0.103333324 0.300000012
v -0 -0.103333324 -5.96046448E-08
v 1.50333309 -0.103333324 -5.96046448E-08
v -1.50333309 -0.103333324 -5.96046448E-08
v 1.79999995 -0.250000179 0.300000012
v 1.50333309 -0.103333324 0.300000012
v 1.50333309 0 0.300000012
v 2.05000019 0 0.300000012
v -1.79999995 -0.697714031 0.300000012
v -1.79999995 -0.250000179 0.300000012
v -1.50333309 -0.103333324 0.300000012
v -0.25000003 -0.697714031 0.300000012
v -0.25000003 -0.697714031 0.149999976
v -1.79999995 -0.697714031 0.149999976
v -1.79999995 -0.697714031 0.300000012
v -0.25000003 -0.697714031 0.300000012
v -0 -0.94771409 0.149999976
v -0.25000003 -0.697714031 0.149999976
v -0.25000003 -0.697714031 0.300000012
v -0 -0.94771409 0.300000012
v -0.25000003 -0.697714031 0.300000012
v -1.50333309 -0.103333324 0.300000012
v -0 -0.103333324 0.300000012
v -0 -0.94771409 0.300000012
v -1.79999995 -0.697714031 0.149999976
v -1.79999995 -0.249999866 0.149999976
v -1.79999995 -0.250000179 0.300000012
v -1.79999995 -0.697714031 0.300000012
v -1.79999995 -0.249999866 0.149999976
v -2.05000019 0 0.149999976
v -2.05000019 0 0.300000012
v -1.79999995 -0.250000179 0.300000012
v -1.50333309 0 0.149999976
v -1.50333309 -0.103333324 0.149999976
v -1.50333309 -0.103333324 0.300000012
v -1.50333309 0 0.300000012
v -1.79999995 -0.250000179 0.300000012
v -2.05000019 0 0.300000012
v -1.50333309 0 0.300000012
v -1.50333309 -0.103333324 0.300000012
v 1.79999995 0.697714031 -5.96046448E-08
v 0.25000003 0.697714031 -5.96046448E-08
v 1.50333309 0.103333324 -5.96046448E-08
v 1.79999995 0.250000179 -5.96046448E-08
v 1.50333309 0 -5.96046448E-08
v 2.05000019 0 -5.96046448E-08
v 0.25000003 0.697714031 0.149999976
v 0.25000003 0.697714031 -5.96046448E-08
v 1.79999995 0.697714031 -5.96046448E-08
v 1.79999995 0.697714031 0.149999976
v -0 0.94771409 0.149999976
v -0 0.94771409 -5.96046448E-08
v 0.25000003 0.697714031 -5.96046448E-08
v 0.25000003 0.697714031 0.149999976
v 0.25000003 0.697714031 -5.96046448E-08
v -0 0.94771409 -5.96046448E-08
v -0 0.103333324 -5.96046448E-08
v 1.50333309 0.103333324 -5.96046448E-08
v 1.79999995 0.697714031 0.149999976
v 1.79999995 0.697714031 -5.96046448E-08
v 1.79999995 0.250000179 -5.96046448E-08
v 1.79999995 0.249999866 0.149999976
v 1.79999995 0.249999866 0.149999976
v 1.79999995 0.250000179 -5.96046448E-08
v 2.05000019 0 -5.96046448E-08
v 2.05000019 0 0.149999976
v 1.50333309 0 0.149999976
v 1.50333309 0 -5.96046448E-08
v 1.50333309 0.103333324 -5.96046448E-08
v 1.50333309 0.103333324 0.149999976
v -1.79999995 0.697714031 -5.96046448E-08
v -1.79999995 0.250000179 -5.96046448E-08
v -1.50333309 0.103333324 -5.96046448E-08
v -0.25000003 0.697714031 -5.96046448E-08
v -0.25000003 0.697714031 0.149999976
v -1.79999995 0.697714031 0.149999976
v -1.79999995 0.697714031 -5.96046448E-08
v -0.25000003 0.697714031 -5.96046448E-08
v -0 0.94771409 0.149999976
v -0.25000003 0.697714031 0.149999976
v -0.25000003 0.697714031 -5.96046448E-08
v -0 0.94771409 -5.96046448E-08
v -0.25000003 0.697714031 -5.96046448E-08
v -1.50333309 0.103333324 -5.96046448E-08
v -0 0.103333324 -5.96046448E-08
v -0 0.94771409 -5.96046448E-08
v -1.79999995 0.697714031 0.149999976
v -1.79999995 0.249999866 0.149999976
v -1.79999995 0.250000179 -5.96046448E-08
v -1.79999995 0.697714031 -5.96046448E-08
v -1.79999995 0.249999866 0.149999976
v -2.05000019 0 0.149999976
v -2.05000019 0 -5.96046448E-08
v -1.79999995 0.250000179 -5.96046448E-08
v -1.50333309 0 0.149999976
v -1.50333309 0.103333324 0.149999976
v -1.50333309 0.103333324 -5.96046448E-08
v -1.50333309 0 -5.96046448E-08
v -1.79999995 0.250000179 -5.96046448E-08
v -2.05000019 0 -5.96046448E-08
v -1.50333309 0 -5.96046448E-08
v -1.50333309 0.103333324 -5.96046448E-08
v 1.79999995 -0.697714031 -5.96046448E-08
v 1.79999995 -0.250000179 -5.96046448E-08
v 1.50333309 -0.103333324 -5.96046448E-08
v 0.25000003 -0.697714031 -5.96046448E-08
v 0.25000003 -0.697714031 0.149999976
v 1.79999995 -0.697714031 0.149999976
v 1.79999995 -0.697714031 -5.96046448E-08
v 0.25000003 -0.697714031 -5.96046448E-08
v -0 -0.94771409 0.149999976
v 0.25000003 -0.697714031 0.149999976
v 0.25000003 -0.697714031 -5.96046448E-08
v -0 -0.94771409 -5.96046448E-08
v 0.25000003 -0.697714031 -5.96046448E-08
v 1.50333309 -0.103333324 -5.96046448E-08
v -0 -0.103333324 -5.96046448E-08
v -0 -0.94771409 -5.96046448E-08
v 1.79999995 -0.697714031 0.149999976
v 1.79999995 -0.249999866 0.149999976
v 1.79999995 -0.250000179 -5.96046448E-08
v 1.79999995 -0.697714031 -5.96046448E-08
v 1.79999995 -0.249999866 0.149999976
v 2.05000019 0 0.149999976
v 2.05000019 0 -5.96046448E-08
v 1.79999995 -0.250000179 -5.96046448E-08
v 1.50333309 0 0.149999976
v 1.50333309 -0.103333324 0.149999976
v 1.50333309 -0.103333324 -5.96046448E-08
v 1.50333309 0 -5.96046448E-08
v 1.79999995 -0.250000179 -5.96046448E-08
v 2.05000019 0 -5.96046448E-08
v 1.50333309 0 -5.96046448E-08
v 1.50333309 -0.103333324 -5.96046448E-08
v -1.79999995 -0.697714031 -5.96046448E-08
v -0.25000003 -0.697714031 -5.96046448E-08
v -1.50333309 -0.103333324 -5.96046448E-08
v -1.79999995 -0.250000179 -5.96046448E-08
v -1.50333309 0 -5.96046448E-08
v -2.05000019 0 -5.96046448E-08
v -0.25000003 -0.697714031 0.149999976
v -0.25000003 -0.697714031 -5.96046448E-08
v -1.79999995 -0.697714031 -5.96046448E-08
v -1.79999995 -0.697714031 0.149999976
v -0 -0.94771409 0.149999976
v -0 -0.94771409 -5.96046448E-08
v -0.25000003 -0.697714031 -5.96046448E-08
v -0.25000003 -0.697714031 0.149999976
v -0.25000003 -0.697714031 -5.96046448E-08
v -0 -0.94771409 -5.96046448E-08
v -0 -0.103333324 -5.96046448E-08
v -1.50333309 -0.103333324 -5.96046448E-08
v -1.79999995 -0.697714031 0.149999976
v -1.79999995 -0.697714031 -5.96046448E-08
v -1.79999995 -0.250000179 -5.96046448E-08
v -1.79999995 -0.249999866 0.149999976
v -1.79999995 -0.249999866 0.149999976
v -1.79999995 -0.250000179 -5.96046448E-08
v -2.05000019 0 -5.96046448E-08
v -2.05000019 0 0.149999976
v -1.50333309 0 0.149999976
v -1.50333309 0 -5.96046448E-08
v -1.50333309 -0.103333324 -5.96046448E-08
v -1.50333309 -0.103333324 0.149999976
v 1.83027971 -0.0978470296 0.426034242
v 1.82981837 -0.0978470296 0.432477593
v 1.83918893 -0.091715768 0.42448774
v 1.83885562 -0.091715768 0.428821027
v 1.84489405 -0.0825396851 0.426377773
v 1.83485949 -0.0978470296 0.438302755
v 1.84322393 -0.091715768 0.43395251
v 1.84881306 -0.0825396851 0.431045711
v 1.8507756 -0.0717157573 0.430025041
v 1.86319482 -0.0717157647 0.45684427
v 1.84663975 -0.0978470147 0.463474154
v 1.85534012 -0.0917157605 0.459989905
v 1.8611536 -0.0825396776 0.457661748
v 1.87351429 -0.0717157647 0.487144381
v 1.8564831 -0.0978470147 0.49211356
v 1.86543357 -0.0917157605 0.489502072
v 1.87141418 -0.0825396776 0.487757117
v 1.88128865 -0.0717157647 0.518505812
v 1.86399877 -0.0978470147 0.522167981
v 1.87308514 -0.0917157605 0.520243406
v 1.87915659 -0.0825396776 0.518957376
v 1.88712335 -0.0717157722 0.551438689
v 1.86966825 -0.0978470445 0.553896844
v 1.87884152 -0.0917157829 0.552604973
v 1.8849709 -0.0825397 0.551741779
v 1.89040911 -0.0717127249 0.583560109
v 1.87283516 -0.0978439748 0.584511518
v 1.8820709 -0.0917127132 0.584011555
v 1.88824213 -0.0825366378 0.583677411
v 1.89037955 -0.0717157796 0.616531551
v 1.87283301 -0.0978470296 0.615322351
v 1.88205445 -0.0917157754 0.615957797
v 1.88821578 -0.0825396925 0.61638242
v 1.88482392 -0.0717157796 0.652691364
v 1.86778498 -0.0978470296 0.648308396
v 1.87673962 -0.0917157754 0.650611818
v 1.88272297 -0.0825396925 0.652150929
v 1.87117434 -0.0717127323 0.688806772
v 1.85550678 -0.0978439972 0.680841923
v 1.86374068 -0.091712743 0.685027719
v 1.86924231 -0.0825366601 0.687824607
v 1.8514955 -0.0717157796 0.719686627
v 1.83749974 -0.0978470296 0.709125757
v 1.84485495 -0.091715768 0.714675903
v 1.84976959 -0.0825396925 0.718384385
v 1.82980728 -0.0717157871 0.744939685
v 1.81710231 -0.0978470594 0.732895374
v 1.82377923 -0.0917157978 0.739225149
v 1.82824075 -0.0825397149 0.743454576
v 1.80663943 -0.0717157871 0.76741457
v 1.79477608 -0.0978470594 0.75456816
v 1.80101073 -0.0917157978 0.761319458
v 1.80517662 -0.0825397149 0.765830517
v 1.78763986 -0.0717157871 0.784065604
v 1.77544105 -0.0978470594 0.771524668
v 1.78185201 -0.0917157978 0.778115392
v 1.78613555 -0.0825397149 0.782519221
v 1.77822125 -0.0717157945 0.793943346
v 1.76462364 -0.0978470445 0.782879829
v 1.77176964 -0.0917157903 0.788694084
v 1.77654457 -0.0825397074 0.792579114
v 1.7731446 0.0717156827 0.801023304
v 1.75807393 -0.0978470445 0.792023122
v 1.76599419 -0.0917157903 0.796753049
v 1.77128625 -0.0825397074 0.799913526
v 1.7731446 -0.0717157945 0.801023304
v 1.76992321 0.0717156827 0.807591975
v 1.75371969 -0.0978470445 0.800908029
v 1.76223516 -0.0917157903 0.80442065
v 1.76792514 -0.0825397074 0.806767762
v 1.76992321 -0.0717157945 0.807591975
v 1.7626189 0.0825395957 0.823647439
v 1.74816179 -0.0978470743 0.818591356
v 1.75682819 -0.0917158127 0.821622252
v 1.7626189 -0.0825397298 0.823647439
v 1.76465225 0.0717156827 0.824358642
v 1.75220954 0.0825395957 0.85177654
v 1.76465225 -0.071715802 0.824358642
v 1.73802578 -0.0978470743 0.845984757
v 1.74652839 -0.0917158127 0.849456668
v 1.75420463 0.0717156827 0.852591157
v 1.73890722 0.0825365633 0.881355345
v 1.75220954 -0.0825397372 0.85177654
v 1.75420463 -0.071715802 0.852591157
v 1.72515655 -0.0978440344 0.874601543
v 1.74084139 0.0717126429 0.882305264
v 1.7237401 0.0825365633 0.909808993
v 1.73339951 -0.0917127728 0.878650129
v 1.73890734 -0.0825366899 0.881355345
v 1.74084139 -0.0717127621 0.882305264
v 1.71043932 -0.0978440344 0.902211666
v 1.72561097 0.0717126429 0.910877645
v 1.70943618 0.082539618 0.933342159
v 1.71841252 -0.0917127728 0.906765938
v 1.7237401 -0.0825366899 0.909808993
v 1.72561097 -0.0717127621 0.910877645
v 1.6962775 -0.0978470743 0.925510883
v 1.71128714 0.0717157051 0.934443712
v 1.70013082 0.082539618 0.949291766
v 1.70416558 -0.0917158127 0.930205405
v 1.7094363 -0.0825397223 0.933342159
v 1.71128714 -0.071715802 0.934443712
v 1.68667221 -0.0978470892 0.941973329
v 1.70202374 0.0717157125 0.950321078
v 1.69420516 0.0825364515 0.958912551
v 1.69474006 -0.0917158276 0.946360409
v 1.70013082 -0.0825397447 0.949291766
v 1.70202374 -0.0717158169 0.950321078
v 1.67776418 -0.0978470817 0.956435263
v 1.69910383 0.0825396031 0.977968693
v 1.69651747 0.0717126727 0.959261
v 1.68761981 -0.0917158276 0.957920313
v 1.69420505 -0.0825397521 0.958912551
v 1.69651747 -0.0717158243 0.959261
v 1.68414974 -0.0978471041 0.981274426
v 1.70120728 0.0717156976 0.977503717
v 1.69311416 -0.0917158425 0.97929275
v 1.69910395 -0.0825397596 0.977968693
v 1.70120728 -0.0717158318 0.977503717
v 1.69156313 -0.0978471041 1.01085567
v 1.70649517 0.0825395808 1.00746179
v 1.70051432 -0.0917158425 1.00882125
v 1.70649517 -0.0825397596 1.00746179
v 1.70859551 0.0717156827 1.00698447
v 1.71421206 0.082536526 1.04546976
v 1.70859551 -0.0717158318 1.00698447
v 1.71633852 0.0717126206 1.04512167
v 1.71912694 0.0825395659 1.08546472
v 1.71633852 -0.0717127919 1.04512167
v 1.71421206 -0.0825367197 1.04546976
v 1.72127497 0.0717156529 1.08529043
v 1.72070682 0.0825395584 1.12520218
v 1.72127497 -0.0717158392 1.08529043
v 1.70815635 -0.0917128026 1.04646087
v 1.72286165 0.0717156455 1.12520301
v 1.719473 0.082539551 1.15691018
v 1.71912706 -0.0825397521 1.08546472
v 1.69909322 -0.0978440568 1.04794419
v 1.72286165 -0.0717158467 1.12520301
v 1.72162688 0.071715638 1.15693748
v 1.71982682 0.0825395584 1.1841799
v 1.71301043 -0.0917158276 1.08596134
v 1.70385635 -0.0978470892 1.08670473
v 1.72070682 -0.0825397745 1.12520218
v 1.72162688 -0.0717158467 1.15693748
v 1.7219789 0.0717156306 1.18405819
v 1.72323954 0.0825395361 1.21838355
v 1.70538604 -0.097847119 1.12519562
v 1.71457016 -0.0917158574 1.12519956
v 1.719473 -0.0825397745 1.15691018
v 1.7219789 -0.0717158541 1.18405819
v 1.72537673 0.0717156231 1.21811032
v 1.73016131 0.0825395286 1.26211691
v 1.70415926 -0.097847119 1.15671563
v 1.71333921 -0.0917158574 1.15683222
v 1.71982682 -0.082539767 1.1841799
v 1.72537673 -0.0717158616 1.21811032
v 1.7322818 0.0717156082 1.26173866
v 1.74170065 0.0825364739 1.32029152
v 1.70452631 -0.0978471041 1.18504524
v 1.71369827 -0.0917158499 1.18452644
v 1.72323954 -0.0825397894 1.21838355
v 1.7322818 -0.0717158765 1.26173866
v 1.7438283 0.0717125535 1.31994772
v 1.75069594 0.0825395286 1.39344573
v 1.7080456 -0.0978471339 1.22032642
v 1.71715379 -0.0917158723 1.21916175
v 1.73016131 -0.0825397968 1.26211691
v 1.7438283 -0.0717128366 1.31994772
v 1.75284827 0.0717156008 1.39330101
v 1.75159645 0.0825395063 1.47383094
v 1.71508443 -0.0978471339 1.26480687
v 1.72412241 -0.0917158723 1.26319432
v 1.74170065 -0.082536757 1.32029152
v 1.75284827 -0.0717158914 1.39330101
v 1.75375175 0.0717155933 1.47391129
v 1.74443614 0.0825364515 1.55814862
v 1.72657382 -0.0978440866 1.32273698
v 1.73564172 -0.0917128325 1.32127118
v 1.75069594 -0.0825398117 1.39344573
v 1.75375175 -0.0717159063 1.47391129
v 1.74657583 0.0717125386 1.5584178
v 1.73023152 0.0825364441 1.64392924
v 1.73539305 -0.0978471488 1.39447546
v 1.74456656 -0.0917158872 1.39385819
v 1.75159645 -0.0825398192 1.47383094
v 1.74657583 -0.0717128664 1.5584178
v 1.73235369 0.0717125311 1.64430714
v 1.7164489 0.0825394988 1.71671414
v 1.73627317 -0.0978471488 1.47325873
v 1.74545884 -0.0917158872 1.47360182
v 1.74443614 -0.0825367793 1.55814862
v 1.73235369 -0.0717128888 1.64430714
v 1.71857023 0.0717155784 1.71710229
v 1.70690262 0.0825394839 1.7707653
v 1.72922349 -0.0978441089 1.55623507
v 1.73834288 -0.0917128474 1.55738211
v 1.73023152 -0.0825368017 1.64392924
v 1.71857023 -0.071715951 1.71710229
v 1.70903134 0.0717155784 1.77111602
v 1.70144665 0.0825364441 1.80615091
v 1.71514237 -0.0978441313 1.6412437
v 1.72418761 -0.0917128772 1.64285374
v 1.7164489 -0.0825398713 1.71671414
v 1.70903134 -0.0717159659 1.77111602
v 1.70358968 0.0717125386 1.80641794
v 1.69987881 0.0825364515 1.81168818
v 1.70136797 -0.0978471935 1.71395516
v 1.71040833 -0.0917159393 1.71560907
v 1.70690262 -0.0825398713 1.7707653
v 1.70358968 -0.0717129409 1.80641794
v 1.70212138 0.0717125535 1.8116076
v 1.70157206 0.0825394914 1.81666231
v 1.6917671 -0.0978471935 1.76827145
v 1.70084012 -0.0917159393 1.76976633
v 1.70144665 -0.0825368464 1.80615091
v 1.70212138 -0.0717129558 1.8116076
v 1.70367312 0.0717155933 1.81616545
v 1.71249449 0.0825394616 1.85172868
v 1.68620908 -0.0978441536 1.80425191
v 1.69534338 -0.091712907 1.80539036
v 1.69987881 -0.0825368538 1.81168818
v 1.70367312 -0.0717160106 1.81616545
v 1.71453726 0.0717155635 1.85104513
v 1.73384237 0.0825394541 1.91027427
v 1.68393528 -0.0978441536 1.81226063
v 1.69349277 -0.091712907 1.81191754
v 1.70157206 -0.0825399086 1.81666231
v 1.71453726 -0.0717159957 1.85104513
v 1.73585522 0.0717155486 1.90950894
v 1.76632726 0.0825363994 1.99223065
v 1.68663514 -0.0978472084 1.82019353
v 1.69558918 -0.0917159617 1.81807661
v 1.71249449 -0.0825398937 1.85172868
v 1.73585522 -0.0717159957 1.90950894
v 1.76834881 0.0717124864 1.99148703
v 1.79946983 0.0825394243 2.09036851
v 1.69797122 -0.0978472084 1.85658717
v 1.70667732 -0.0917159617 1.85367465
v 1.73384237 -0.0825399011 1.91027427
v 1.76834881 -0.0717129484 1.99148703
v 1.80155027 0.0717155114 2.08979964
v 1.82081616 0.0825363621 2.19245696
v 1.71953225 -0.0978472233 1.91571665
v 1.72811067 -0.0917159766 1.91245437
v 1.76632726 -0.0825368613 1.99223065
v 1.80155027 -0.0717160031 2.08979964
v 1.82295191 0.0717124492 2.1921525
v 1.82868683 0.0825394094 2.29483628
v 1.75195563 -0.0978441834 1.99751782
v 1.76057088 -0.0917129219 1.99434853
v 1.79946983 -0.082539916 2.09036851
v 1.82295191 -0.0717129558 2.1921525
v 1.83084428 0.0717154816 2.2948153
v 1.82301438 0.0825393796 2.3951931
v 1.78467834 -0.0978472456 2.0944128
v 1.79354525 -0.091715984 2.09198856
v 1.82081616 -0.0825368688 2.19245696
v 1.83084428 -0.0717160106 2.2948153
v 1.82515728 0.0717154592 2.39543104
v 1.80668926 0.0825393721 2.49467516
v 1.80563176 -0.0978441983 2.19462252
v 1.8147341 -0.0917129368 2.19332433
v 1.82868683 -0.0825399309 2.29483628
v 1.82515728 -0.0717160255 2.39543104
v 1.80880201 0.0717154518 2.49509549
v 1.78249419 0.0825393572 2.59848285
v 1.81334758 -0.097847268 2.29498553
v 1.82254279 -0.0917160064 2.29489613
v 1.82301438 -0.0825399458 2.3951931
v 1.80880201 -0.0717160329 2.49509549
v 1.78457773 0.0717154369 2.5990293
v 1.75041366 0.0825362951 2.70845771
v 1.80777931 -0.0978472829 2.393502
v 1.81691206 -0.0917160213 2.39451575
v 1.80668926 -0.0825399533 2.49467516
v 1.78457773 -0.0717160404 2.5990293
v 1.75246668 0.0717123747 2.70910859
v 1.71094739 0.0825393274 2.82369328
v 1.79166722 -0.0978472829 2.49168611
v 1.80067229 -0.0917160287 2.49347782
v 1.78249419 -0.0825399682 2.59848285
v 1.75246668 -0.071713008 2.70910859
v 1.71297765 0.0717153996 2.82440972
v 1.67228222 0.0825393125 2.93020988
v 1.76768148 -0.0978473127 2.59459686
v 1.77656114 -0.0917160511 2.59692621
v 1.75041366 -0.0825369284 2.70845771
v 1.71297765 -0.0717160702 2.82440972
v 1.67431188 0.0717153847 2.93092847
v 1.64389908 0.0825392902 3.01241398
v 1.73581755 -0.0978442654 2.70382929
v 1.74456728 -0.0917130038 2.70660377
v 1.71094739 -0.082539998 2.82369328
v 1.67431188 -0.0717160851 2.93092847
v 1.64594412 0.0717153773 3.01308846
v 1.6256367 0.0825362429 3.07033038
v 1.69651055 -0.0978473425 2.81859946
v 1.70516467 -0.0917160809 2.82165313
v 1.67228222 -0.0825400129 2.93020988
v 1.64594412 -0.0717160925 3.01308846
v 1.62770975 0.0717123151 3.07091618
v 1.6181246 0.0825392827 3.09893847
v 1.65785122 -0.0978473574 2.92510009
v 1.66650188 -0.0917160958 2.92816329
v 1.64389908 -0.0825400054 3.01241398
v 1.62770975 -0.0717130452 3.07091618
v 1.6202575 0.0717153549 3.09929729
v 1.6167599 0.0825392827 3.11673975
v 1.62935948 -0.0978473425 3.00761843
v 1.63807547 -0.0917160809 3.01049328
v 1.6256367 -0.0825369731 3.07033038
v 1.6202575 -0.0717161 3.09929729
v 1.61891496 0.0717153549 3.11680889
v 1.61776698 0.082536228 3.15468454
v 1.6108979 -0.0978443101 3.06616497
v 1.61973321 -0.091713056 3.06866193
v 1.6181246 -0.0825400278 3.09893847
v 1.61891496 -0.0717161149 3.11680889
v 1.61991751 0.0717123002 3.15457249
v 1.62241995 0.0825392678 3.2116437
v 1.60296142 -0.0978473723 3.0963881
v 1.61205113 -0.0917161107 3.09791684
v 1.6167599 -0.0825400427 3.11673975
v 1.61991751 -0.071713075 3.15457249
v 1.62456226 0.07171534 3.2114315
v 1.63123477 0.0825392455 3.28685212
v 1.60143757 -0.0978473872 3.11624837
v 1.61062253 -0.0917161256 3.11654305
v 1.61776698 -0.0825370029 3.15468454
v 1.62456226 -0.0717161298 3.2114315
v 1.6333735 0.0717153326 3.28660631
v 1.6411556 0.0825392306 3.37523627
v 1.60247755 -0.0978443399 3.1554811
v 1.61164296 -0.0917130858 3.15500355
v 1.62241995 -0.0825400576 3.2116437
v 1.6333735 -0.0717161372 3.28660631
v 1.64330268 0.0717153177 3.37506342
v 1.6453284 0.082539238 3.46206141
v 1.60718763 -0.0978474021 3.21315217
v 1.61631882 -0.0917161405 3.21224785
v 1.63123477 -0.0825400501 3.28685212
v 1.64330268 -0.0717161521 3.37506342
v 1.64748275 0.0717153102 3.46203971
v 1.6429714 0.0825392157 3.54436135
v 1.61602962 -0.0978473872 3.28859997
v 1.62514436 -0.0917161331 3.28755212
v 1.6411556 -0.0825400651 3.37523627
v 1.64748275 -0.0717161596 3.46203971
v 1.6451205 0.0717153028 3.54451895
v 1.63376856 0.0825392008 3.62178612
v 1.62589169 -0.0978474021 3.3764658
v 1.63504183 -0.091716148 3.37572885
v 1.6453284 -0.0825400874 3.46206141
v 1.6451205 -0.071716167 3.54451895
v 1.63589406 0.0717152879 3.62214375
v 1.61779463 0.0825392082 3.69497514
v 1.63001215 -0.0978474319 3.46221495
v 1.63919365 -0.0917161703 3.46212292
v 1.6429714 -0.08254008 3.54436135
v 1.63589406 -0.0717161819 3.62214375
v 1.61987889 0.0717152804 3.69552135
v 1.59540284 0.0825361535 3.76815271
v 1.62769115 -0.097847417 3.54324198
v 1.63685095 -0.0917161629 3.54391313
v 1.63376856 -0.0825400949 3.62178612
v 1.61987889 -0.0717161894 3.69552135
v 1.59743822 0.0717122257 3.76885891
v 1.56672323 0.0825392008 3.84197187
v 1.61865735 -0.0978474319 3.61924291
v 1.62771583 -0.0917161778 3.62076735
v 1.61779463 -0.0825401172 3.69497514
v 1.59743822 -0.0717131495 3.76885891
v 1.56870401 0.0717152655 3.8428185
v 1.5330615 0.082536146 3.91417599
v 1.60297596 -0.0978474617 3.69109154
v 1.6118592 -0.0917162001 3.69341969
v 1.59540284 -0.0825370774 3.76815271
v 1.56870401 -0.0717162043 3.8428185
v 1.53500605 0.0717122108 3.91510034
v 1.50111139 0.0825361237 3.97988462
v 1.58093202 -0.0978444144 3.76313186
v 1.58960664 -0.0917131603 3.76614165
v 1.56672323 -0.0825401396 3.84197187
v 1.53500605 -0.0717131644 3.91510034
v 1.50309932 0.0717121959 3.9807198
v 1.47830069 0.082539171 4.04333067
v 1.55264008 -0.0978474766 3.83595324
v 1.56108224 -0.091716215 3.83956122
v 1.5330615 -0.0825370997 3.91417599
v 1.50309932 -0.0717131793 3.9807198
v 1.48036599 0.0717152357 4.04395056
v 1.46187794 0.0825391412 4.11109781
v 1.51923609 -0.0978444368 3.90760446
v 1.52752388 -0.0917131752 3.91154385
v 1.50111139 -0.0825371072 3.97988462
v 1.48036599 -0.0717162341 4.04395056
v 1.46399593 0.0717152283 4.11150026
v 1.45163262 0.0825391263 4.18599176
v 1.4869777 -0.0978444517 3.97394681
v 1.49545014 -0.0917131901 3.97750616
v 1.47830069 -0.0825401694 4.04333067
v 1.46399593 -0.0717162415 4.11150026
v 1.45377362 0.0717152134 4.18622732
v 1.44449008 0.0825391337 4.27291727
v 1.46361649 -0.0978475064 4.03892422
v 1.47241902 -0.0917162448 4.0415659
v 1.46187794 -0.0825401545 4.11109781
v 1.45377362 -0.0717162564 4.18622732
v 1.44663048 0.0717152059 4.27316093
v 1.43104935 0.0825391188 4.36503363
v 1.44681871 -0.0978474915 4.10823822
v 1.45584607 -0.0917162374 4.10995245
v 1.45163262 -0.0825401694 4.18599176
v 1.44663048 -0.0717162639 4.27316093
v 1.43316865 0.071715191 4.36542225
v 1.41104531 0.0825390965 4.45534039
v 1.43641114 -0.0978475064 4.18431711
v 1.44553578 -0.0917162523 4.18532133
v 1.44449008 -0.0825401917 4.27291727
v 1.43316865 -0.0717162788 4.36542225
v 1.41312993 0.0717151836 4.45588493
v 1.38454473 0.0825360492 4.54315186
v 1.42927277 -0.0978475362 4.27118635
v 1.43839478 -0.0917162746 4.27222395
v 1.43104935 -0.0825402066 4.36503363
v 1.41312993 -0.0717162862 4.45588493
v 1.38658285 0.0717121214 4.5438509
v 1.35251153 0.082539089 4.62629747
v 1.41598225 -0.0978475511 4.36227179
v 1.42501438 -0.0917162895 4.36392736
v 1.41104531 -0.0825401992 4.45534039
v 1.38658285 -0.0717132539 4.5438509
v 1.35448885 0.0717151612 4.62715483
v 1.31781852 0.0825390667 4.69770813
v 1.39622366 -0.0978475362 4.45146847
v 1.40510857 -0.0917162821 4.45378971
v 1.38454473 -0.0825371817 4.54315186
v 1.35448885 -0.0717163086 4.62715483
v 1.31969929 0.0717151538 4.69876432
v 1.27813661 0.0825390741 4.75872993
v 1.37005341 -0.0978445187 4.53818321
v 1.37874043 -0.0917132646 4.54116201
v 1.35251153 -0.0825402364 4.62629747
v 1.31969929 -0.071716316 4.69876432
v 1.27983487 0.0717151463 4.76006651
v 1.2315197 0.0825390518 4.80735159
v 1.33845413 -0.0978475809 4.62020159
v 1.34688079 -0.0917163193 4.62385559
v 1.31781852 -0.082540229 4.69770813
v 1.27983487 -0.0717163235 4.76006651
v 1.23290884 0.0717151389 4.80901098
v 1.19349635 0.0825390518 4.83335209
v 1.30444658 -0.097847566 4.69019985
v 1.31246257 -0.0917163119 4.69470072
v 1.27813661 -0.0825402513 4.75872993
v 1.23290884 -0.0717163309 4.80901098
v 1.19472098 0.0717151389 4.83512306
v 1.17456126 0.0825390518 4.84688282
v 1.26606143 -0.0978475958 4.74922609
v 1.27329993 -0.0917163342 4.75492334
v 1.2315197 -0.0825402439 4.80735159
v 1.19472098 -0.0717163309 4.83512306
v 1.17590928 0.0717151389 4.84856701
v 1.16367543 0.0825390592 4.85638142
v 1.22164309 -0.0978475809 4.79555511
v 1.22756374 -0.0917163268 4.80262661
v 1.19349635 -0.0825402439 4.83335209
v 1.17590928 -0.0717163309 4.84856701
v 1.16520858 0.0717151314 4.85790348
v 1.15859449 0.0825390592 4.86201096
v 1.18478763 -0.0978475809 4.82075739
v 1.19000804 -0.0917163268 4.82830715
v 1.17456114 -0.0825402439 4.84688282
v 1.16520858 -0.0717163384 4.85790348
v 1.16033638 0.0717151314 4.86330223
v 1.15556085 0.0825390592 4.86719799
v 1.1649797 -0.0978475809 4.8349123
v 1.17072332 -0.0917163268 4.84208822
v 1.16367543 -0.0825402662 4.85638142
v 1.16033638 -0.0717163384 4.86330223
v 1.15745354 0.0717151314 4.86823273
v 1.15078604 0.0825390369 4.87746811
v 1.15277565 -0.0978476107 4.84556055
v 1.15930951 -0.0917163491 4.85204697
v 1.15859449 -0.0825402662 4.86201096
v 1.15745354 -0.0717163384 4.86823273
v 1.1527735 0.071715124 4.87829971
v 1.14538944 0.0825390443 4.89232683
v 1.14621031 -0.0978476107 4.85283136
v 1.15363407 -0.0917163491 4.85833406
v 1.15556085 -0.0825402662 4.86719799
v 1.1527735 -0.0717163458 4.87829971
v 1.14743924 0.0717151165 4.89298916
v 1.13908398 0.0825390369 4.91503525
v 1.14210498 -0.0978476107 4.8598423
v 1.15017116 -0.0917163491 4.86425161
v 1.15078604 -0.0825402588 4.87746811
v 1.14743924 -0.0717163384 4.89298916
v 1.14115572 0.0717151091 4.91562223
v 1.12456071 0.0825359821 4.96123838
v 1.1366539 -0.0978475958 4.8715539
v 1.14512551 -0.0917163417 4.87509918
v 1.14538944 -0.0825402662 4.89232683
v 1.14115572 -0.0717163458 4.91562223
v 1.1265347 0.0717120618 4.96213865
v 1.08663189 0.0825390294 5.02079868
v 1.13081467 -0.0978476107 4.88761759
v 1.13955152 -0.0917163491 4.89044046
v 1.13908398 -0.0825402737 4.91503525
v 1.1265347 -0.0717132986 4.96213865
v 1.0883224 0.0717151016 5.02214432
v 1.0345906 0.0825390294 5.07534409
v 1.1243552 -0.0978476107 4.91086292
v 1.13318443 -0.0917163491 4.91336393
v 1.12456071 -0.0825372189 4.96123838
v 1.0883224 -0.0717163533 5.02214432
v 1.03606248 0.0717151016 5.07692051
v 0.968646169 0.0825390369 5.13075495
v 1.11052763 -0.0978445709 4.95483685
v 1.11894 -0.0917133093 4.95867443
v 1.08663189 -0.0825402811 5.02079868
v 1.03606248 -0.0717163682 5.07692051
v 0.9699651 0.0717151016 5.13245964
v 0.883334756 0.0825359821 5.19111061
v 1.07461202 -0.0978476256 5.01122952
v 1.08181751 -0.091716364 5.01696587
v 1.0345906 -0.082540296 5.07534409
v 0.9699651 -0.0717163682 5.13245964
v 0.884430528 0.0717120469 5.19297266
v 0.78654623 0.082539022 5.23678303
v 1.02412891 -0.0978476405 5.06413937
v 1.0304004 -0.0917163789 5.07085609
v 0.968646169 -0.0825403035 5.13075495
v 0.884430528 -0.0717133284 5.19297266
v 0.959269524 -0.0978476405 5.11863613
v 0.96489042 -0.0917163789 5.12590075
v 0.875542045 -0.0978446007 5.17786789
v 0.883334756 -0.0825372636 5.19111061
v 0.880213499 -0.0917133391 5.18580627
v 0.78723526 0.0717150867 5.23883724
v 0.781646252 -0.0978476554 5.22217274
v 0.784583569 -0.0917163938 5.23093128
v 0.78654623 -0.0825403184 5.23678303
v 0.78723526 -0.0717163831 5.23883724
v 0.682425022 -0.0978476554 5.24230003
v 0.683024406 -0.0917163938 5.25153303
v 0.68342495 -0.0825403109 5.25770235
v 0.683565557 -0.0717163831 5.25986862
v 0.683565557 0.0717150867 5.25986862
v 0.583384275 -0.0978476554 5.23526049
v 0.581569552 -0.0917163938 5.24432182
v 0.580357075 -0.0825403109 5.25037622
v 0.579931319 -0.0717163831 5.25250196
v 0.49858892 -0.0978476554 5.20783567
v 0.495529771 -0.0917163938 5.21649456
v 0.49348563 -0.0825403109 5.2222805
v 0.423906386 -0.0978476256 5.18486786
v 0.429419607 -0.0917163789 5.19616318
v 0.433103323 -0.082540296 5.20371056
v 0.434396654 -0.0717163756 5.20636034
v 0.492767692 -0.0717163831 5.22431231
v 0.434396654 0.0717150867 5.20636034
v 0.492767692 0.0717150867 5.22431231
v 0.433103323 0.0825390145 5.20371056
v 0.408003986 -0.0978476405 5.22653484
v 0.416365623 -0.0917163864 5.23036671
v 0.579931319 0.0717150867 5.25250196
v 0.49348563 0.0825390145 5.2222805
v 0.429419607 0.0917150974 5.19616318
v 0.375727713 -0.0978476703 5.2857542
v 0.580357075 0.0825390145 5.25037622
v 0.421952546 -0.0825403035 5.23292732
v 0.433103323 -0.082540296 5.20371056
v 0.383338392 -0.0917164087 5.29096413
v 0.330424249 -0.0978476554 5.33853149
v 0.495529771 0.0917150974 5.21649456
v 0.68342495 0.0825390145 5.25770235
v 0.581569552 0.0917150974 5.24432182
v 0.683024406 0.0917150974 5.25153303
v 0.583384275 0.097846359 5.23526049
v 0.49858892 0.097846359 5.20783567
v 0.423906386 0.097846359 5.18486786
v 0.408003986 0.0978463292 5.22653484
v 0.416365623 0.0917150751 5.23036671
v 0.433103323 0.0825390145 5.20371056
v 0.375727713 0.0978463441 5.2857542
v 0.421952546 0.0825389922 5.23292732
v 0.434396654 0.0717150867 5.20636034
v 0.383338392 0.0917150825 5.29096413
v 0.330424249 0.0978463143 5.33853149
v 0.423914403 0.0717150792 5.23382616
v 0.434396654 -0.0717163756 5.20636034
v 0.388423592 0.0825389996 5.29444504
v 0.336692393 0.0917150602 5.34530497
v 0.274691343 0.0978463143 5.37930298
v 0.423914403 -0.0717163906 5.23382616
v 0.390209287 0.0717150718 5.29566765
v 0.340880513 0.0825389773 5.3498311
v 0.279281795 0.0917150602 5.38730288
v 0.219614595 0.0978463143 5.40407133
v 0.390209287 -0.071716398 5.29566765
v 0.342351258 0.0717150643 5.3514204
v 0.282349169 0.0825389773 5.39264774
v 0.223185554 0.0917150602 5.41252804
v 0.179597318 0.0978463292 5.4203496
v 0.388423592 -0.0825403258 5.29444504
v 0.342351258 -0.0717164055 5.3514204
v 0.283426285 0.0717150643 5.39452505
v 0.225571722 0.0825389773 5.41817904
v 0.183336541 0.0917150676 5.42873716
v 0.150718823 0.0978463292 5.43429375
v 0.340880513 -0.0825403184 5.3498311
v 0.283426285 -0.0717164055 5.39452505
v 0.226409584 0.0717150643 5.42016315
v 0.185835049 0.0825389847 5.43434143
v 0.155073017 0.0917150676 5.44238329
v 0.129938364 0.0978463292 5.44654608
v 0.336692393 -0.0917164013 5.34530497
v 0.282349169 -0.0825403184 5.39264774
v 0.226409584 -0.0717164055 5.42016315
v 0.186712563 0.0717150569 5.43630981
v 0.157982379 0.0825389847 5.44778872
v 0.13507466 0.0917150676 5.45417404
v 0.279281795 -0.0917164013 5.38730288
v 0.225571722 -0.0825403184 5.41817904
v 0.186712563 -0.0717164129 5.43630981
v 0.159003869 0.0717150569 5.44968653
v 0.274691343 -0.0978476554 5.37930298
v 0.223185554 -0.0917164013 5.41252804
v 0.219614595 -0.0978476554 5.40407133
v 0.185835049 -0.0825403407 5.43434143
v 0.179597318 -0.0978476852 5.4203496
v 0.183336541 -0.0917164236 5.42873716
v 0.159003869 -0.0717164129 5.44968653
v 0.150718823 -0.0978476852 5.43429375
v 0.155073017 -0.0917164236 5.44238329
v 0.157982379 -0.0825403407 5.44778872
v 0.129938364 -0.0978476852 5.44654608
v 0.13507466 -0.0917164236 5.45417404
v 0.13850674 -0.0825403407 5.45927143
v 0.139711916 -0.0717164129 5.461061
v 0.139711916 0.0717150569 5.461061
v 0.111083478 -0.0978446454 5.46108675
v 0.116588056 -0.0917133838 5.46843052
v 0.12026614 -0.0825373083 5.47333717
v 0.121557772 -0.0717133731 5.47506046
v 0.0847592354 -0.0978476778 5.4804821
v 0.0899375826 -0.0917164087 5.4880662
v 0.0933978111 -0.0825403333 5.49313354
v 0.0531992652 -0.0978446454 5.50032187
v 0.0578158349 -0.0917133838 5.50825882
v 0.0193651915 -0.0978446305 5.51851225
v 0.121557772 0.0717120022 5.47506046
v 0.0946130902 -0.0717164204 5.49491358
v 0.0609005615 -0.0825373009 5.5135622
v 0.0234649703 -0.0917133763 5.5267272
v -0.017684361 -0.0978446305 5.53560162
v 0.0946130902 0.0717150494 5.49491358
v 0.0619834885 -0.0717133731 5.51542425
v 0.0262043029 -0.0825372934 5.53221607
v -0.0141464984 -0.0917133763 5.54407597
v -0.0570351556 -0.0978477001 5.55027962
v 0.0619834885 0.0717120022 5.51542425
v 0.0271660164 -0.0717133805 5.53414297
v -0.0117826127 -0.0825372934 5.54973793
v -0.0542236939 -0.0917164385 5.55902481
v -0.0972906053 -0.0978446379 5.56113243
v 0.0271660164 0.0717119947 5.53414297
v -0.0109526291 -0.0717133805 5.55172586
v -0.05234503 -0.0825403631 5.56486797
v -0.0953574926 -0.0917133763 5.57011461
v -0.137799054 -0.0978477001 5.56765127
v -0.0109526291 0.0717119947 5.55172586
v -0.0516854562 -0.0717164278 5.5669198
v -0.0940658152 -0.0825372934 5.57611609
v -0.136835411 -0.0917164385 5.57678938
v -0.160347611 -0.0978476852 5.56887531
v -0.0516854562 0.071715042 5.5669198
v -0.0936122462 -0.0717133805 5.57822371
v -0.136191517 -0.0825403556 5.58289528
v -0.158316821 -0.0917164236 5.57795572
v -0.174370378 -0.0978476852 5.57604218
v -0.0936122462 0.0717119947 5.57822371
v -0.135965437 -0.0717164278 5.58503914
v -0.156960011 -0.0825403482 5.58402252
v -0.168192998 -0.0917164311 5.58299971
v -0.196404397 -0.0978476852 5.60091591
v -0.135965437 0.071715042 5.58503914
v -0.156483501 -0.0717164278 5.58615303
v -0.16406548 -0.0825403482 5.58764839
v -0.189175919 -0.0917164311 5.60667181
v -0.229043782 -0.0978446454 5.64843225
v -0.156483501 0.071715042 5.58615303
v -0.162616044 -0.0717164353 5.58928108
v -0.184345782 -0.0825403482 5.61051846
v -0.221566886 -0.0917133912 5.65381527
v -0.273025513 -0.0978477001 5.70645618
v -0.162616059 0.0717150345 5.58928108
v -0.182649761 -0.0717164353 5.61186886
v -0.216571033 -0.0825373083 5.65741158
v -0.266190469 -0.091716446 5.71267843
v -0.328307658 -0.0978477299 5.75573063
v -0.182649761 0.0717150345 5.61186886
v -0.214816719 -0.0717133954 5.65867472
v -0.261623204 -0.0825403631 5.71683598
v -0.32310614 -0.0917164683 5.7634058
v -0.395397633 -0.0978446603 5.78782082
v -0.214816719 0.0717119798 5.65867472
v -0.260019511 -0.0717164502 5.71829605
v -0.319630563 -0.0825403854 5.76853418
v -0.392877489 -0.0917134061 5.79677582
v -0.468937457 -0.0978446603 5.79490137
v -0.260019511 0.0717150196 5.71829605
v -0.318410039 -0.0717164576 5.7703352
v -0.391193569 -0.0825373232 5.80276012
v -0.469649017 -0.0917134061 5.80416393
v -0.537243962 -0.0978477299 5.77820492
v -0.318410039 0.0717150122 5.7703352
v -0.390602112 -0.0717134103 5.80486155
v -0.470124483 -0.0825373232 5.81035328
v -0.540758371 -0.0917164683 5.78677797
v -0.595695615 -0.0978477299 5.74418736
v -0.390602112 0.0717119649 5.80486155
v -0.470291466 -0.0717134103 5.81252718
v -0.543106437 -0.0825403929 5.79250622
v -0.601309299 -0.0917164683 5.7515316
v -0.644442677 -0.097847715 5.69706678
v -0.470291466 0.0717119649 5.81252718
v -0.543931007 -0.0717164576 5.79451752
v -0.605060458 -0.0825403854 5.75643969
v -0.651469707 -0.0917164534 5.70303774
v -0.681621194 -0.0978477001 5.6448679
v -0.543931007 0.0717150122 5.79451752
v -0.60637778 -0.0717164576 5.75816298
v -0.656165004 -0.082540378 5.70702744
v -0.689194918 -0.091716446 5.65006304
v -0.708043218 -0.0978477001 5.60483599
v -0.60637778 0.0717150122 5.75816298
v -0.657813787 -0.0717164576 5.70842838
v -0.69425571 -0.0825403705 5.65353441
v -0.715254128 -0.091716446 5.61057377
v -0.728292465 -0.0978477001 5.58283138
v -0.657813787 0.0717150271 5.70842838
v -0.696032941 -0.0717164502 5.65475368
v -0.720072389 -0.0825403705 5.61440754
v -0.734346271 -0.0917164385 5.58982277
v -0.744753957 -0.0978446528 5.5709033
v -0.696032941 0.0717150345 5.65475368
v -0.721764624 -0.0717164502 5.61575413
v -0.73839134 -0.0825403631 5.59449387
v -0.749083757 -0.0917133912 5.57914257
v -0.767232299 -0.0978446528 5.56348801
v -0.721764624 0.0717150345 5.61575413
v -0.73981154 -0.0717164427 5.59613419
v -0.751976848 -0.0825373232 5.58464766
v -0.770099521 -0.0917133987 5.57220984
v -0.809899211 -0.0978476852 5.55083466
v -0.73981154 0.071715042 5.59613419
v -0.752992749 -0.0717133954 5.58658075
v -0.772015274 -0.0825373232 5.57803774
v -0.813312352 -0.0917164236 5.55939484
v -0.860790491 -0.0978446379 5.52415085
v -0.752992749 0.0717120096 5.58658075
v -0.772688031 -0.0717133954 5.58008432
v -0.815593004 -0.0825403556 5.56511545
v -0.865920126 -0.0917133838 5.53181219
v -0.904918134 -0.0978476852 5.48718548
v -0.772688031 0.0717120096 5.58008432
v -0.816394031 -0.0717164427 5.56712437
v -0.869347572 -0.0825373083 5.53693104
v -0.9115417 -0.0917164236 5.49359465
v -0.938030958 -0.0978476852 5.44577217
v -0.816394031 0.0717150569 5.56712437
v -0.870551229 -0.071713388 5.53872871
v -0.915967345 -0.0825403482 5.49787712
v -0.945507526 -0.0917164236 5.45111275
v -0.964891195 -0.0978476703 5.40993261
v -0.870551169 0.0717120096 5.53872871
v -0.917521298 -0.0717164278 5.49938059
v -0.950503349 -0.0825403482 5.45468187
v -0.970894814 -0.0917164162 5.41723871
v -1.01565742 -0.0978476703 5.38561487
v -0.917521298 0.0717150569 5.49938059
v -0.952257633 -0.0717164278 5.455935
v -0.974906206 -0.0825403407 5.42212009
v -1.02003717 -0.0917164087 5.39369869
v -1.05402684 -0.0978476703 5.36197281
v -0.952257633 0.0717150569 5.455935
v -0.976315141 -0.0717164204 5.4238348
v -1.02296364 -0.0825403333 5.3991003
v -1.05912089 -0.0917164087 5.36961794
v -1.09572494 -0.0978476554 5.33223629
v -1.10117662 -0.0917163938 5.33962727
v -1.14443433 -0.0917163938 5.30671597
v -1.06252456 -0.0825403333 5.37472582
v -1.02399147 -0.0717164129 5.40099764
v -1.10481894 -0.0825403258 5.34456587
v -1.1481477 -0.0825403258 5.31160212
v -1.18701804 -0.0825403258 5.28210735
v -1.06371975 -0.0717164129 5.37651968
v -1.10609818 -0.0717164129 5.34630013
v -1.14945149 -0.0717164129 5.31331778
v -1.22254777 -0.0825403258 5.25532818
v -1.18831849 -0.0717164129 5.2838273
v -1.23471153 -0.0825370997 5.2482605
v -1.23382568 -0.0717133731 5.25125217
v -1.22384226 -0.0717164204 5.2570529
v -1.23382568 0.0717120618 5.25125217
v -1.22384226 0.0717151091 5.2570529
v -1.23471153 0.0825355053 5.2482605
v -1.18831849 0.0717151016 5.2838273
v -1.22254777 0.0825390145 5.25532818
v -1.23723471 0.0917102247 5.23973989
v -1.14945149 0.0717150867 5.31331778
v -1.18701804 0.0825390145 5.28210735
v -1.10609818 0.0717150867 5.34630013
v -1.21886098 0.0917150825 5.25041723
v -1.1481477 0.0825389996 5.31160212
v -1.06371975 0.0717150718 5.37651968
v -1.1833154 0.09171509 5.27721119
v -1.10481894 0.0825389996 5.34456587
v -1.02399147 0.0717150718 5.40099764
v -1.14443433 0.0917150676 5.30671597
v -1.06252456 0.0825389922 5.37472582
v -0.976315141 0.0717150643 5.4238348
v -1.02296364 0.0825389922 5.3991003
v -1.10117662 0.0917150676 5.33962727
v -0.974906206 0.0825389847 5.42212009
v -1.05912089 0.0917150676 5.36961794
v -0.950503349 0.0825389773 5.45468187
v -1.02003717 0.0917150676 5.39369869
v -0.915967345 0.0825389773 5.49787712
v -0.970894814 0.0917150602 5.41723871
v -0.869347513 0.0825359374 5.53693104
v -0.945507526 0.0917150527 5.45111275
v -0.815593004 0.0825389698 5.56511545
v -0.9115417 0.0917150527 5.49359465
v -0.772015274 0.0825359374 5.57803774
v -0.865920067 0.0917120129 5.53181219
v -0.751976848 0.0825359374 5.58464766
v -0.813312352 0.0917150378 5.55939484
v -0.73839134 0.0825389624 5.59449387
v -0.770099521 0.0917120129 5.57220984
v -0.720072389 0.0825389549 5.61440754
v -0.749083757 0.0917120054 5.57914257
v -0.69425571 0.0825389549 5.65353441
v -0.734346271 0.0917150378 5.58982277
v -0.656165004 0.0825389475 5.70702744
v -0.715254128 0.0917150304 5.61057377
v -0.605060458 0.08253894 5.75643969
v -0.689194918 0.0917150304 5.65006304
v -0.543106437 0.0825389475 5.79250622
v -0.651469707 0.0917150229 5.70303774
v -0.470124483 0.0825358778 5.81035328
v -0.601309299 0.0917150229 5.7515316
v -0.391193569 0.0825358778 5.80276012
v -0.540758371 0.0917150229 5.78677797
v -0.319630563 0.08253894 5.76853418
v -0.469649017 0.0917119607 5.80416393
v -0.261623204 0.0825389326 5.71683598
v -0.392877489 0.0917119607 5.79677582
v -0.216571033 0.0825358927 5.65741158
v -0.32310614 0.0917150229 5.7634058
v -0.184345782 0.0825389475 5.61051846
v -0.266190469 0.0917150155 5.71267843
v -0.164065495 0.0825389475 5.58764839
v -0.221566886 0.0917119756 5.65381527
v -0.156960011 0.0825389773 5.58402252
v -0.189175919 0.0917150304 5.60667181
v -0.136191517 0.0825389698 5.58289528
v -0.168193012 0.0917150229 5.58299971
v -0.0940658152 0.0825359076 5.57611609
v -0.158316806 0.0917150527 5.57795572
v -0.05234503 0.0825389773 5.56486797
v -0.136835411 0.0917150527 5.57678938
v -0.0117826117 0.0825359076 5.54973793
v -0.0953574926 0.0917119905 5.57011461
v 0.0262043029 0.0825359076 5.53221607
v -0.0542236939 0.0917150527 5.55902481
v 0.060900569 0.08253593 5.5135622
v -0.0141464984 0.0917119905 5.54407597
v 0.0933978185 0.0825389624 5.49313354
v 0.0234649703 0.0917119905 5.5267272
v 0.12026614 0.0825359374 5.47333717
v 0.0578158349 0.0917120129 5.50825882
v 0.13850674 0.0825389847 5.45927143
v 0.0899375826 0.0917150378 5.4880662
v 0.116588056 0.0917120129 5.46843052
v 0.111083478 0.0978432745 5.46108675
v 0.0847592428 0.0978463069 5.4804821
v 0.0531992689 0.0978432745 5.50032187
v 0.0193651915 0.0978432447 5.51851225
v -0.017684361 0.0978432447 5.53560162
v -0.0570351556 0.0978463143 5.55027962
v -0.0972906053 0.0978432521 5.56113243
v -0.137799054 0.0978463143 5.56765127
v -0.160347581 0.0978463143 5.56887531
v -0.174370393 0.0978462845 5.57604218
v -0.196404397 0.0978462845 5.60091591
v -0.229043782 0.0978432298 5.64843225
v -0.273025513 0.0978462696 5.70645618
v -0.328307658 0.0978462845 5.75573063
v -0.395397633 0.0978432149 5.78782082
v -0.468937457 0.0978432149 5.79490137
v -0.537243962 0.0978462845 5.77820492
v -0.595695615 0.0978462845 5.74418736
v -0.644442677 0.0978462845 5.69706678
v -0.681621194 0.0978462845 5.6448679
v -0.708043218 0.0978462845 5.60483599
v -0.728292465 0.0978462994 5.58283138
v -0.744753957 0.097843267 5.5709033
v -0.767232299 0.097843267 5.56348801
v -0.809899211 0.0978462994 5.55083466
v -0.860790491 0.097843267 5.52415085
v -0.904918134 0.0978463143 5.48718548
v -0.938030958 0.0978463143 5.44577217
v -0.964891195 0.0978463143 5.40993261
v -1.01565742 0.0978463292 5.38561487
v -1.05402684 0.0978463292 5.36197281
v -1.09572494 0.0978463292 5.33223629
v -1.13887703 0.0978463292 5.29940319
v -1.17777383 0.0978463441 5.26988316
v -1.21334362 0.0978463367 5.24306726
v -1.24101079 0.0978394672 5.22698784
v -1.26504028 0.0978463367 5.27378798
v -1.25668049 0.0917150825 5.27761316
v -1.23471153 0.0825355053 5.2482605
v -1.28063405 0.0978463292 5.31423759
v -1.25109458 0.0825390071 5.28016901
v -1.23382568 0.0717120618 5.25125217
v -1.27190864 0.0917150751 5.31711578
v -1.2937566 0.0978463143 5.36218643
v -1.24913311 0.0717150941 5.28106642
v -1.23382568 -0.0717133731 5.25125217
v -1.26607835 0.0825389996 5.31903887
v -1.28480124 0.0917150527 5.36422682
v -1.30347002 0.0978463143 5.41545582
v -1.24913311 -0.0717164204 5.28106642
v -1.23471153 -0.0825370997 5.2482605
v -1.26403081 0.0717150867 5.31971407
v -1.27881742 0.0825389847 5.3655901
v -1.29436541 0.0917150527 5.41668129
v -1.30812371 0.0978462994 5.46834755
v -1.25109458 -0.0825403333 5.28016901
v -1.26403081 -0.0717164204 5.31971407
v -1.26607835 -0.0825403482 5.31903887
v -1.27671635 0.0717150718 5.36606884
v -1.2882818 0.0825389773 5.4175005
v -1.29894233 0.0917150527 5.46870995
v -1.27881742 -0.0825403407 5.3655901
v -1.27671635 -0.0717164278 5.36606884
v -1.28614569 0.0717150569 5.41778803
v -1.2882818 -0.0825403482 5.4175005
v -1.28614569 -0.0717164278 5.41778803
v -1.29280758 0.0825389698 5.46895218
v -1.3076762 0.0978432447 5.52062178
v -1.29280746 -0.0825403482 5.46895218
v -1.29065323 0.0717150494 5.46903706
v -1.29065323 -0.0717164353 5.46903706
v -1.29850173 0.0917119831 5.52009678
v -1.30184448 0.0978432447 5.57465267
v -1.29237139 -0.0825373158 5.51974583
v -1.29237139 0.0825359151 5.51974583
v -1.29021883 0.0717119947 5.51962233
v -1.29021883 -0.0717133954 5.51962233
v -1.29274333 0.0917119831 5.57343769
v -1.29166579 0.0978462845 5.64035606
v -1.28452682 -0.0717134029 5.57234097
v -1.28452682 0.0717119873 5.57234097
v -1.28666222 0.0825359076 5.57262611
v -1.28247857 0.0917150229 5.63968801
v -1.29333484 0.0978462845 5.71439552
v -1.27418435 -0.0717164576 5.63908529
v -1.27418435 0.0717150271 5.63908529
v -1.27633989 0.0825389475 5.63924217
v -1.28419256 0.0917150229 5.7157774
v -1.31491315 0.0978462547 5.78626156
v -1.27593887 0.0717150122 5.7170248
v -1.27808392 0.08253894 5.71670055
v -1.30656552 0.0917150006 5.79029036
v -1.35622573 0.0978432074 5.84576988
v -1.29902911 0.0717150047 5.79392767
v -1.30098784 0.0825389177 5.7929821
v -1.34944093 0.0917119533 5.85204697
v -1.39646447 0.0978462547 5.88018703
v -1.34331572 0.0717119426 5.85771418
v -1.34490752 0.0825358629 5.85624123
v -1.3902539 0.0917149931 5.88695192
v -1.41800559 0.0978462547 5.90170956
v -1.38464689 0.0717149898 5.89305973
v -1.38610423 0.0825389177 5.89147234
v -1.4109205 0.0917149931 5.90759754
v -1.43307614 0.0978462547 5.92326593
v -1.40452397 0.0717149824 5.9129138
v -1.40618634 0.0825389102 5.9115324
v -1.42510641 0.0917149931 5.92788553
v -1.44513905 0.0978431851 5.94933128
v -1.41791117 0.0717149824 5.93205643
v -1.41978133 0.0825389177 5.9309721
v -1.43660331 0.0917119309 5.95272303
v -1.45919406 0.0978432 5.99211359
v -1.42889714 0.0717119351 5.95578527
v -1.43089998 0.082535848 5.95498943
v -1.45069134 0.0917119384 5.99559736
v -1.48590577 0.0978462398 6.04478216
v -1.44301522 0.0717119277 5.9987421
v -1.44501019 0.0825358629 5.9979248
v -1.47819221 0.0917149782 6.04981232
v -1.52533352 0.0978462398 6.09200478
v -1.47122824 0.0717149675 6.05435371
v -1.47303808 0.0825388953 6.05317354
v -1.51904821 0.0917149782 6.09873486
v -1.57437134 0.09784621 6.12766314
v -1.51337337 0.0717149675 6.10481215
v -1.51484859 0.0825388953 6.10323238
v -1.56985223 0.0917149559 6.13566685
v -1.62206662 0.0978462249 6.14872932
v -1.56577253 0.07171496 6.14289141
v -1.56683254 0.082538873 6.1410141
v -1.61865628 0.0917149633 6.15720892
v -1.66320169 0.0978462249 6.16436338
v -1.61557782 0.0717149675 6.16486359
v -1.61637783 0.0825388879 6.16287422
v -1.65998089 0.0917149633 6.17289877
v -1.70507789 0.0978462249 6.18014812
v -1.65707314 0.0717149675 6.18060446
v -1.65782893 0.0825388879 6.17860126
v -1.70188332 0.0917149633 6.18867207
v -1.74941957 0.0978431702 6.19676352
v -1.69899917 0.0717149675 6.19636774
v -1.69974875 0.0825388879 6.19436741
v -1.74624896 0.0917119086 6.20526934
v -1.79507065 0.09784621 6.21381092
v -1.74338615 0.0717119128 6.21294928
v -1.74413025 0.0825358331 6.21095276
v -1.79189706 0.0917149559 6.2222805
v -1.83230674 0.09784621 6.22795248
v -1.78903198 0.07171496 6.22992706
v -1.78977656 0.0825388804 6.22793961
v -1.82908332 0.0917149484 6.23635674
v -1.87819588 0.0978446901 6.24231148
v -1.82617319 0.0717149675 6.24394369
v -1.82692933 0.082538873 6.24197245
v -1.8778919 0.0917134434 6.25156069
v -1.92393076 0.0978431553 6.2468853
v -1.8776176 0.0717134401 6.25991058
v -1.87768888 0.0825373679 6.25774097
v -1.96615803 0.09784621 6.24140835
v -1.9266274 0.0917119086 6.25636196
v -1.92906201 0.0717119351 6.26491833
v -1.92842925 0.0825358331 6.26269436
v -1.9881736 0.0978462026 6.22056389
v -1.97186053 0.0917149559 6.25045252
v -1.97700918 0.0717149824 6.25861788
v -1.97567117 0.0825388879 6.25649548
v -2.00504923 0.09784621 6.18559408
v -1.99530542 0.0917149484 6.22831345
v -2.00174379 0.0717149749 6.23531008
v -2.00007057 0.0825388804 6.2334919
v -2.01023769 0.0978462175 6.14119816
v -2.01332569 0.0917149559 6.19129038
v -2.02079725 0.0717149675 6.19643307
v -2.01885557 0.0825388804 6.19509649
v -2.00897026 0.0978462324 6.06948471
v -2.01888895 0.0917149559 6.1451869
v -2.02669907 0.07171496 6.14878798
v -2.02466917 0.0825388879 6.14785194
v -1.9908787 0.0978462547 5.76833153
v -2.01770735 0.0917149708 6.06932306
v -2.02559519 0.0717149749 6.06917667
v -2.02354527 0.0825389028 6.06921482
v -1.96678984 0.0978462994 5.50568581
v -1.99968779 0.0917150006 5.76755333
v -2.00764084 0.0717150047 5.76685095
v -2.00557399 0.0825389251 5.76703358
v -1.94507563 0.0978463292 5.25124311
v -1.97568071 0.0917150378 5.50490332
v -1.98370743 0.071715042 5.50419712
v -1.9816215 0.0825389624 5.5043807
v -1.92926729 0.0978463739 5.0328021
v -1.95403492 0.0917150751 5.25054073
v -1.96212363 0.0717150792 5.24990654
v -1.96002138 0.0825389996 5.25007153
v -1.91933095 0.0978463888 4.85034132
v -1.93828309 0.0917151123 5.03223419
v -1.94642246 0.0717151016 5.03172112
v -1.94430709 0.0825390294 5.03185463
v -1.9147495 0.0978464186 4.70009184
v -1.92839181 0.0917151272 4.84996033
v -1.93657196 0.0717151314 4.84961653
v -1.93444598 0.0825390518 4.8497057
v -1.90529692 0.0978464335 4.57105589
v -1.9238342 0.091715157 4.69962883
v -1.93203604 0.0717151463 4.69921064
v -1.92990446 0.0825390741 4.69931936
v -1.88529038 0.0978464484 4.46032858
v -1.91435289 0.0917151719 4.56992626
v -1.92252862 0.0717151612 4.56890583
v -1.92040384 0.082539089 4.56917095
v -1.85156953 0.0978464335 4.36705112
v -1.89414299 0.0917151868 4.45798731
v -1.90213525 0.0717151761 4.45587349
v -1.90005791 0.0825391039 4.45642281
v -1.80934894 0.0978464633 4.30434799
v -1.85976481 0.0917151794 4.36285877
v -1.8671633 0.0717151836 4.35907364
v -1.86524069 0.0825390965 4.36005735
v -1.77835715 0.0978464484 4.26342058
v -1.8167752 0.0917152017 4.29899979
v -1.82347941 0.071715191 4.29417133
v -1.82173717 0.0825391188 4.29542589
v -1.75693083 0.0978464484 4.22502565
v -1.7860527 0.0917151943 4.25841951
v -1.79300046 0.0717151985 4.25390434
v -1.7911948 0.0825391114 4.25507784
v -1.73962891 0.0978464782 4.18181276
v -1.76521409 0.0917151943 4.22107077
v -1.77269244 0.0717151985 4.21749973
v -1.77074873 0.0825391114 4.21842813
v -1.72603905 0.0978464931 4.13089323
v -1.74833298 0.0917152166 4.17890215
v -1.75619125 0.0717152059 4.17627478
v -1.75414884 0.0825391337 4.17695761
v -1.71421301 0.0978464782 4.07443237
v -1.73495042 0.0917152315 4.12875557
v -1.74299574 0.0717152208 4.12682533
v -1.74090481 0.0825391486 4.12732697
v -1.70366967 0.097846508 4.01755857
v -1.72319996 0.0917152241 4.0726552
v -1.73131347 0.0717152283 4.07105064
v -1.72920489 0.0825391412 4.07146788
v -1.69478917 0.0978464931 3.96193814
v -1.71269596 0.0917152464 4.01600075
v -1.7208451 0.0717152357 4.01459503
v -1.71872711 0.0825391635 4.01496029
v -1.68811238 0.0978465229 3.91507411
v -1.70385027 0.091715239 3.96061516
v -1.71203089 0.0717152432 3.95942068
v -1.70990479 0.0825391561 3.9597311
v -1.68826759 0.097846508 3.88613939
v -1.69730365 0.0917152613 3.91469288
v -1.70560157 0.0717152506 3.9143486
v -1.70344508 0.0825391784 3.91443801
v -1.69612598 0.0978465378 3.86665416
v -1.69744229 0.0917152539 3.88810945
v -1.70572531 0.0717152581 3.88988829
v -1.70357263 0.082539171 3.88942599
v -1.71474183 0.0978465378 3.844841
v -1.70418894 0.0917152762 3.87137842
v -1.71146822 0.0717152655 3.87564325
v -1.70957649 0.0825391933 3.87453485
v -1.76109242 0.0978465229 3.81160855
v -1.72111881 0.0917152762 3.85154319
v -1.72687614 0.0717152655 3.85759401
v -1.72537994 0.0825391933 3.85602164
v -1.82950282 0.0978434905 3.74902463
v -1.76688683 0.0917152688 3.81873202
v -1.77211809 0.071715273 3.82516313
v -1.77075851 0.0825391859 3.82349181
v -1.8888911 0.0978465378 3.65438914
v -1.83658934 0.091712229 3.75496888
v -1.84298718 0.0717122331 3.76033545
v -1.84132433 0.082536146 3.7589407
v -1.93247926 0.0978435278 3.5390203
v -1.89715838 0.0917152837 3.65845394
v -1.9046222 0.0717152879 3.66212368
v -1.90268242 0.0825392008 3.66117001
v -1.96353173 0.0978435427 3.40460038
v -1.94128251 0.0917122662 3.54166794
v -1.94923007 0.0717122555 3.54405808
v -1.94716465 0.0825361833 3.543437
v -1.98616517 0.0978466123 3.27818084
v -1.97252309 0.0917122811 3.40643382
v -1.98064053 0.0717122704 3.40808916
v -1.97853088 0.0825362056 3.40765905
v -2.00401115 0.0978465974 3.18522692
v -1.99518538 0.0917153507 3.27985311
v -2.0033288 0.07171534 3.28136301
v -2.00121212 0.0825392678 3.28097057
v -2.01712418 0.0978466272 3.12472558
v -2.01299858 0.0917153433 3.18706751
v -2.02111244 0.0717153475 3.18872929
v -2.01900339 0.0825392604 3.18829727
v -2.02000618 0.0978466123 3.10783434
v -2.02602386 0.0917153656 3.1269691
v -2.03405857 0.0717153549 3.1289947
v -2.03197002 0.0825392827 3.12846828
v -2.03228235 0.0978466421 3.09332013
v -2.0285902 0.0917153582 3.1119175
v -2.03634024 0.0717153624 3.11560369
v -2.03432608 0.0825392753 3.11464572
v -2.08606482 0.0978466272 3.03101134
v -2.03955221 0.0917153805 3.09895468
v -2.0461154 0.0717153698 3.10404158
v -2.04440975 0.0825392976 3.10271955
v -2.17767096 0.0978466421 2.93062758
v -2.09293938 0.0917153731 3.03710175
v -2.09914589 0.0717153773 3.04260015
v -2.09753275 0.0825392902 3.04117107
v -2.3054328 0.097846657 2.79444861
v -2.18441153 0.091715388 2.93686414
v -2.19049692 0.0717153922 2.94249439
v -2.18891525 0.0825393051 2.94103122
v -2.44241571 0.0978467017 2.6479187
v -2.31213522 0.0917154029 2.8007257
v -2.31818581 0.0717154071 2.80639243
v -2.3166132 0.08253932 2.80491972
v -2.5462184 0.0978467166 2.53093243
v -2.44920492 0.0917154402 2.65410352
v -2.45533371 0.0717154294 2.65968704
v -2.45374107 0.0825393572 2.65823603
v -2.61767101 0.0978467017 2.44163465
v -2.55323744 0.0917154551 2.53685927
v -2.55957413 0.0717154443 2.54221034
v -2.55792713 0.0825393721 2.54081964
v -2.6597209 0.0978467315 2.36997914
v -2.62519836 0.0917154476 2.44692826
v -2.63199425 0.0717154518 2.4517076
v -2.63022804 0.0825393647 2.45046544
v -2.67181635 0.0978467166 2.31186676
v -2.66838264 0.09171547 2.37334299
v -2.67620325 0.0717154592 2.37637997
v -2.67417049 0.082539387 2.37559056
v -2.66794634 0.0978467166 2.25930166
v -2.68105936 0.0917154625 2.31244445
v -2.68940401 0.0717154667 2.31296587
v -2.68723536 0.0825393796 2.31283021
v -2.64820814 0.0978467464 2.20908093
v -2.67699909 0.0917154625 2.2572813
v -2.6851716 0.0717154667 2.25545716
v -2.68304777 0.0825393796 2.25593114
v -2.65620518 0.0917154849 2.20437384
v -2.66342545 0.0717154741 2.20012426
v -2.66154861 0.0825394019 2.20122886
v -2.62473249 0.0917154849 2.16480994
v -2.63066959 0.0717154741 2.15894699
v -2.62912655 0.0825394019 2.16047072
v -2.59948444 0.0917154849 2.14511538
v -2.603549 0.0825394019 2.14051938
vt 0.791503906 0.00856018066
vt 0.791992188 0.0039024353
vt 0.730957031 0.0039024353
vt 0.0825195312 0.0039024353
vt 0.0214538574 0.0039024353
vt 0.0215148926 0.00785827637
vt 0.0215301514 0.0115737915
vt 0.791015625 0.0129318237
vt 0.0214691162 0.015007019
vt 0.790039062 0.0170135498
vt 0.0211791992 0.0210266113
vt 0.787597656 0.027557373
vt 0.0202789307 0.0279541016
vt 0.783691406 0.0355224609
vt 0.0188293457 0.0323486328
vt 0.0169525146 0.0347900391
vt 0.0152587891 0.0375366211
vt 0.779296875 0.0409240723
vt 0.0137786865 0.0408630371
vt 0.0125274658 0.044708252
vt 0.773925781 0.0448608398
vt 0.0115356445 0.0489196777
vt 0.768554688 0.0486755371
vt 0.762695312 0.0523376465
vt 0.0110168457 0.0526733398
vt 0.756347656 0.055847168
vt 0.0110015869 0.0558166504
vt 0.0114822388 0.058380127
vt 0.75 0.0597839355
vt 0.0125350952 0.0604553223
vt 0.745117188 0.0648193359
vt 0.014503479 0.0627441406
vt 0.0174560547 0.0653076172
vt 0.740234375 0.071105957
vt 0.0213928223 0.0681762695
vt 0.0260925293 0.0713500977
vt 0.736816406 0.0784912109
vt 0.0302124023 0.0746459961
vt 0.0334777832 0.0781860352
vt 0.0359191895 0.0818481445
vt 0.732910156 0.0863037109
vt 0.0375671387 0.0856933594
vt 0.0394287109 0.0894775391
vt 0.7265625 0.0932617188
vt 0.0416870117 0.0932617188
vt 0.0443115234 0.0969848633
vt 0.717773438 0.0993652344
vt 0.0472717285 0.100646973
vt 0.706542969 0.104553223
vt 0.0498352051 0.104003906
vt 0.0517883301 0.106933594
vt 0.694824219 0.109741211
vt 0.0531616211 0.109436035
vt 0.0539245605 0.111572266
vt 0.686523438 0.116821289
vt 0.054107666 0.114318848
vt 0.0536193848 0.117797852
vt 0.681152344 0.125732422
vt 0.052520752 0.122070312
vt 0.0508422852 0.127197266
vt 0.679199219 0.13671875
vt 0.0494384766 0.132446289
vt 0.0485839844 0.137573242
vt 0.680175781 0.148193359
vt 0.0483093262 0.142700195
vt 0.0485839844 0.147827148
vt 0.0484924316 0.153686523
vt 0.683105469 0.157104492
vt 0.0475463867 0.160888672
vt 0.6875 0.163330078
vt 0.0458374023 0.169189453
vt 0.694335938 0.166992188
vt 0.701171875 0.169067383
vt 0.704589844 0.172973633
vt 0.0433349609 0.178588867
vt 0.703125 0.178833008
vt 0.041595459 0.189208984
vt 0.698242188 0.186767578
vt 0.689941406 0.196166992
vt 0.0414428711 0.200683594
vt 0.684570312 0.205322266
vt 0.0428466797 0.213134766
vt 0.681640625 0.213867188
vt 0.0458068848 0.22668457
vt 0.681152344 0.222045898
vt 0.68359375 0.229492188
vt 0.0488586426 0.238769531
vt 0.689453125 0.235595703
vt 0.698242188 0.240234375
vt 0.0510559082 0.248168945
vt 0.710449219 0.243408203
vt 0.725585938 0.245239258
vt 0.7421875 0.246948242
vt 0.760253906 0.248657227
vt 0.0523986816 0.254882812
vt 0.779785156 0.250244141
vt 0.800292969 0.251953125
vt 0.818359375 0.254882812
vt 0.0529174805 0.259033203
vt 0.833496094 0.259277344
vt 0.0519104004 0.263427734
vt 0.845214844 0.265136719
vt 0.048828125 0.270996094
vt 0.854492188 0.272216797
vt 0.0437316895 0.281738281
vt 0.861816406 0.277832031
vt 0.8671875 0.281494141
vt 0.87109375 0.283691406
vt 0.0366210938 0.295166016
vt 0.874023438 0.284179688
vt 0.879882812 0.284423828
vt 0.890625 0.284912109
vt 0.90625 0.285644531
vt 0.925292969 0.286621094
vt 0.94140625 0.288574219
vt 0.952636719 0.292236328
vt 0.958496094 0.297363281
vt 0.0299072266 0.310058594
vt 0.959472656 0.303710938
vt 0.959472656 0.309570312
vt 0.959472656 0.314453125
vt 0.0258026123 0.324951172
vt 0.959960938 0.318115234
vt 0.9609375 0.320556641
vt 0.962402344 0.322753906
vt 0.96484375 0.325195312
vt 0.024307251 0.339599609
vt 0.968261719 0.327636719
vt 0.97265625 0.330322266
vt 0.976074219 0.333496094
vt 0.977539062 0.337158203
vt 0.978027344 0.341308594
vt 0.0254058838 0.354248047
vt 0.977050781 0.346191406
vt 0.970214844 0.354736328
vt 0.028717041 0.369384766
vt 0.955078125 0.368408203
vt 0.932617188 0.387695312
vt 0.0337524414 0.385742188
vt 0.0405273438 0.403320312
vt 0.90234375 0.412109375
vt 0.049041748 0.422119141
vt 0.874023438 0.435302734
vt 0.0576477051 0.439941406
vt 0.853027344 0.452392578
vt 0.0641479492 0.454345703
vt 0.840332031 0.463623047
vt 0.0685424805 0.46484375
vt 0.835449219 0.469238281
vt 0.0708007812 0.471679688
vt 0.833007812 0.475097656
vt 0.0714111328 0.477294922
vt 0.830078125 0.486083984
vt 0.0711669922 0.485107422
vt 0.0700683594 0.495605469
vt 0.825683594 0.501953125
vt 0.0680541992 0.508789062
vt 0.820800781 0.522949219
vt 0.0659179688 0.522949219
vt 0.0650634766 0.536132812
vt 0.814453125 0.543945312
vt 0.0655517578 0.548339844
vt 0.806152344 0.561035156
vt 0.0673217773 0.559570312
vt 0.0703735352 0.5703125
vt 0.795898438 0.573730469
vt 0.0747680664 0.581054688
vt 0.783691406 0.58203125
vt 0.0805053711 0.592285156
vt 0.771972656 0.588378906
vt 0.764160156 0.595703125
vt 0.0875854492 0.603515625
vt 0.759765625 0.604003906
vt 0.0952148438 0.615722656
vt 0.759277344 0.612792969
vt 0.760742188 0.622558594
vt 0.101196289 0.627929688
vt 0.763183594 0.632324219
vt 0.10546875 0.641601562
vt 0.765625 0.642089844
vt 0.108032227 0.655761719
vt 0.768066406 0.65234375
vt 0.771972656 0.662109375
vt 0.109619141 0.669921875
vt 0.776855469 0.671386719
vt 0.112304688 0.684570312
vt 0.782714844 0.6796875
vt 0.790527344 0.6875
vt 0.116394043 0.698242188
vt 0.797851562 0.695800781
vt 0.803710938 0.708007812
vt 0.121704102 0.711425781
vt 0.807617188 0.724609375
vt 0.128173828 0.724121094
vt 0.134643555 0.734375
vt 0.809570312 0.745117188
vt 0.141357422 0.7421875
vt 0.148071289 0.747558594
vt 0.810546875 0.770019531
vt 0.154663086 0.750976562
vt 0.16027832 0.75390625
vt 0.164916992 0.756835938
vt 0.168334961 0.759765625
vt 0.170898438 0.763183594
vt 0.173095703 0.766601562
vt 0.175048828 0.770507812
vt 0.812988281 0.801269531
vt 0.176757812 0.774902344
vt 0.178588867 0.780273438
vt 0.183837891 0.786132812
vt 0.192871094 0.793457031
vt 0.205810547 0.801269531
vt 0.683105469 0.814453125
vt 0.81640625 0.838378906
vt 0.320556641 0.806152344
vt 0.222045898 0.810058594
vt 0.323730469 0.807617188
vt 0.317138672 0.806152344
vt 0.327148438 0.811523438
vt 0.310546875 0.807617188
vt 0.300537109 0.810058594
vt 0.287597656 0.813964844
vt 0.238769531 0.81640625
vt 0.271728516 0.817871094
vt 0.255371094 0.818847656
vt 0.330810547 0.817871094
vt 0.676269531 0.814941406
vt 0.669433594 0.818359375
vt 0.334960938 0.825683594
vt 0.662597656 0.822265625
vt 0.654296875 0.826660156
vt 0.340332031 0.833496094
vt 0.645507812 0.83203125
vt 0.636230469 0.837402344
vt 0.347167969 0.839355469
vt 0.627929688 0.841796875
vt 0.35546875 0.844238281
vt 0.62109375 0.844726562
vt 0.365478516 0.847167969
vt 0.615722656 0.846679688
vt 0.612304688 0.847167969
vt 0.608886719 0.848144531
vt 0.374755859 0.850097656
vt 0.604980469 0.851074219
vt 0.382568359 0.853027344
vt 0.601074219 0.854492188
vt 0.389160156 0.855957031
vt 0.596679688 0.859863281
vt 0.394042969 0.858886719
vt 0.399169922 0.861816406
vt 0.591308594 0.865234375
vt 0.404785156 0.864257812
vt 0.411132812 0.8671875
vt 0.584960938 0.869140625
vt 0.41796875 0.869628906
vt 0.577636719 0.872070312
vt 0.425048828 0.871582031
vt 0.431884766 0.873046875
vt 0.569335938 0.873535156
vt 0.438720703 0.873535156
vt 0.445068359 0.874023438
vt 0.561035156 0.875976562
vt 0.451904297 0.875488281
vt 0.458984375 0.879394531
vt 0.553222656 0.880371094
vt 0.466552734 0.885253906
vt 0.545898438 0.886230469
vt 0.474365234 0.894042969
vt 0.5390625 0.893554688
vt 0.532226562 0.901367188
vt 0.482666016 0.90234375
vt 0.524902344 0.906738281
vt 0.490966797 0.908203125
vt 0.517089844 0.91015625
vt 0.499511719 0.911132812
vt 0.508300781 0.911621094
vt 0.827148438 0.987304688
vt 0.830078125 0.987792969
vt 0.83203125 0.986816406
vt 0.82421875 0.986816406
vt 0.821289062 0.985839844
vt 0.832519531 0.983886719
vt 0.8125 0.983398438
vt 0.802246094 0.98046875
vt 0.83203125 0.979492188
vt 0.792480469 0.977539062
vt 0.783203125 0.975097656
vt 0.83203125 0.974609375
vt 0.774902344 0.97265625
vt 0.766601562 0.969726562
vt 0.759765625 0.966308594
vt 0.754394531 0.961425781
vt 0.750488281 0.955078125
vt 0.747558594 0.948242188
vt 0.743652344 0.94140625
vt 0.737792969 0.935546875
vt 0.730957031 0.930664062
vt 0.723632812 0.92578125
vt 0.826660156 0.925292969
vt 0.717773438 0.919921875
vt 0.71484375 0.912109375
vt 0.71484375 0.903320312
vt 0.716796875 0.893554688
vt 0.718261719 0.883300781
vt 0.821289062 0.881347656
vt 0.71875 0.872558594
vt 0.717285156 0.862304688
vt 0.71484375 0.852050781
vt 0.711425781 0.842285156
vt 0.70703125 0.833984375
vt 0.701660156 0.826171875
vt 0.695800781 0.819824219
vt 0.689453125 0.815917969
vt 0.726074219 0.814453125
vt 0.7421875 0.814941406
vt 0.758789062 0.8125
vt 0.709960938 0.810058594
vt 0.775878906 0.806640625
vt 0.696777344 0.806640625
vt 0.687011719 0.803710938
vt 0.680175781 0.802734375
vt 0.676757812 0.802246094
vt 0.791992188 0.797851562
vt 0.312255859 0.810546875
vt 0.181640625 0.797363281
vt 0.673339844 0.804199219
vt 0.805175781 0.789550781
vt 0.670410156 0.808105469
vt 0.814453125 0.782226562
vt 0.819335938 0.776367188
vt 0.821289062 0.771484375
vt 0.823242188 0.766601562
vt 0.183837891 0.766113281
vt 0.825195312 0.762695312
vt 0.827148438 0.759277344
vt 0.829589844 0.756347656
vt 0.833496094 0.752929688
vt 0.837890625 0.75
vt 0.84375 0.747070312
vt 0.850097656 0.743652344
vt 0.184814453 0.741210938
vt 0.856933594 0.73828125
vt 0.863769531 0.73046875
vt 0.186889648 0.720703125
vt 0.870117188 0.720214844
vt 0.876464844 0.707519531
vt 0.190673828 0.704101562
vt 0.881835938 0.694335938
vt 0.196533203 0.69140625
vt 0.204345703 0.683105469
vt 0.886230469 0.680175781
vt 0.211791992 0.67578125
vt 0.218017578 0.667480469
vt 0.888671875 0.666015625
vt 0.222900391 0.658203125
vt 0.890625 0.651367188
vt 0.22644043 0.647949219
vt 0.229248047 0.637695312
vt 0.893066406 0.637207031
vt 0.231811523 0.627929688
vt 0.897460938 0.624023438
vt 0.233886719 0.618164062
vt 0.903320312 0.611328125
vt 0.235473633 0.608398438
vt 0.234985352 0.599609375
vt 0.911132812 0.599609375
vt 0.230712891 0.591308594
vt 0.91796875 0.587890625
vt 0.22277832 0.583984375
vt 0.21105957 0.577636719
vt 0.923828125 0.576660156
vt 0.198730469 0.569335938
vt 0.928222656 0.565917969
vt 0.188354492 0.556640625
vt 0.931640625 0.555175781
vt 0.933105469 0.543945312
vt 0.179931641 0.539550781
vt 0.93359375 0.531738281
vt 0.173461914 0.518554688
vt 0.932617188 0.518066406
vt 0.930664062 0.50390625
vt 0.168579102 0.497314453
vt 0.928710938 0.490966797
vt 0.164428711 0.481445312
vt 0.927734375 0.48046875
vt 0.927246094 0.47265625
vt 0.161254883 0.470458984
vt 0.927734375 0.467041016
vt 0.159057617 0.464599609
vt 0.930175781 0.460205078
vt 0.153930664 0.458984375
vt 0.934570312 0.449462891
vt 0.140991211 0.447753906
vt 0.940917969 0.435302734
vt 0.120178223 0.430419922
vt 0.949707031 0.417236328
vt 0.0914916992 0.407470703
vt 0.958496094 0.3984375
vt 0.0610656738 0.3828125
vt 0.965332031 0.380859375
vt 0.970214844 0.364501953
vt 0.0383911133 0.363525391
vt 0.0236053467 0.349609375
vt 0.973632812 0.349365234
vt 0.0166778564 0.341064453
vt 0.0154418945 0.336425781
vt 0.974609375 0.334716797
vt 0.0158081055 0.33203125
vt 0.0177154541 0.328369141
vt 0.0211334229 0.325439453
vt 0.0253448486 0.322753906
vt 0.028717041 0.320068359
vt 0.973144531 0.320068359
vt 0.0312042236 0.317626953
vt 0.0328063965 0.315429688
vt 0.0336608887 0.312988281
vt 0.0341796875 0.309326172
vt 0.969238281 0.305175781
vt 0.0343933105 0.3046875
vt 0.0343322754 0.298583984
vt 0.0352478027 0.292236328
vt 0.962402344 0.290039062
vt 0.0410766602 0.287109375
vt 0.0521240234 0.283447266
vt 0.0684204102 0.281494141
vt 0.087890625 0.280517578
vt 0.10333252 0.279785156
vt 0.114196777 0.279296875
vt 0.120361328 0.279052734
vt 0.122924805 0.278564453
vt 0.955078125 0.276367188
vt 0.126708984 0.276367188
vt 0.132324219 0.272705078
vt 0.139648438 0.266845703
vt 0.950195312 0.265869141
vt 0.148925781 0.260009766
vt 0.946777344 0.258300781
vt 0.161010742 0.254150391
vt 0.945800781 0.253662109
vt 0.176147461 0.249755859
vt 0.946289062 0.249755859
vt 0.194213867 0.246704102
vt 0.21484375 0.244995117
vt 0.23449707 0.243408203
vt 0.947753906 0.243041992
vt 0.252685547 0.241699219
vt 0.26953125 0.239990234
vt 0.284667969 0.23815918
vt 0.296875 0.234985352
vt 0.950195312 0.233520508
vt 0.305908203 0.23034668
vt 0.311523438 0.224243164
vt 0.953125 0.221313477
vt 0.313964844 0.216796875
vt 0.313720703 0.208618164
vt 0.956054688 0.207885742
vt 0.310791016 0.199951172
vt 0.957519531 0.1953125
vt 0.305175781 0.190795898
vt 0.957519531 0.18371582
vt 0.297119141 0.181396484
vt 0.291748047 0.173461914
vt 0.955566406 0.173217773
vt 0.290771484 0.167480469
vt 0.953125 0.163696289
vt 0.293701172 0.163574219
vt 0.30078125 0.161499023
vt 0.307617188 0.157958984
vt 0.951171875 0.155395508
vt 0.312255859 0.151611328
vt 0.950195312 0.148193359
vt 0.315185547 0.142700195
vt 0.950195312 0.142333984
vt 0.950683594 0.137207031
vt 0.950195312 0.132080078
vt 0.315917969 0.131103516
vt 0.94921875 0.126831055
vt 0.947753906 0.121643066
vt 0.313964844 0.120239258
vt 0.946289062 0.116516113
vt 0.9453125 0.112182617
vt 0.30859375 0.111206055
vt 0.944824219 0.108703613
vt 0.944824219 0.106018066
vt 0.300048828 0.104125977
vt 0.945800781 0.103820801
vt 0.947265625 0.101318359
vt 0.288330078 0.0988769531
vt 0.94921875 0.0983886719
vt 0.951660156 0.0950317383
vt 0.277099609 0.0936889648
vt 0.954589844 0.0913696289
vt 0.268310547 0.0875854492
vt 0.95703125 0.0875854492
vt 0.959472656 0.0838012695
vt 0.261962891 0.0806274414
vt 0.961425781 0.0800170898
vt 0.962890625 0.076171875
vt 0.258056641 0.0728149414
vt 0.965332031 0.0725097656
vt 0.96875 0.0689697266
vt 0.97265625 0.065612793
vt 0.254394531 0.0653686523
vt 0.977539062 0.0624694824
vt 0.981445312 0.0596008301
vt 0.25 0.0591125488
vt 0.984375 0.0570068359
vt 0.986328125 0.0547180176
vt 0.244628906 0.0540466309
vt 0.987792969 0.0526428223
vt 0.238525391 0.0501098633
vt 0.98828125 0.0500488281
vt 0.987792969 0.0469055176
vt 0.232177734 0.0465698242
vt 0.987304688 0.0431518555
vt 0.226196289 0.0429077148
vt 0.220581055 0.0390930176
vt 0.986328125 0.0389404297
vt 0.215332031 0.03515625
vt 0.985351562 0.0350646973
vt 0.983886719 0.0317382812
vt 0.21081543 0.0297241211
vt 0.981933594 0.0289916992
vt 0.979980469 0.0265350342
vt 0.978515625 0.0221252441
vt 0.20715332 0.0217285156
vt 0.978027344 0.0151824951
vt 0.204345703 0.0111618042
vt 0.977539062 0.00914764404
vt 0.203613281 0.00706481934
vt 0.977539062 0.00570678711
vt 0.20300293 0.00268363953
vt 0.977539062 0.00198173523
vt 0.202514648 0.0024433136
vt 0.479248047 0.906738281
vt 0.487792969 0.908203125
vt 0.496582031 0.907714844
vt 0.505371094 0.904785156
vt 0.471191406 0.903320312
vt 0.513671875 0.898925781
vt 0.463867188 0.897460938
vt 0.521972656 0.890625
vt 0.456787109 0.890136719
vt 0.449951172 0.882324219
vt 0.529785156 0.881835938
vt 0.442626953 0.876464844
vt 0.537597656 0.875488281
vt 0.434814453 0.872558594
vt 0.544433594 0.871582031
vt 0.551269531 0.870117188
vt 0.426269531 0.870117188
vt 0.558105469 0.870117188
vt 0.564941406 0.869140625
vt 0.418212891 0.868164062
vt 0.571777344 0.867675781
vt 0.578613281 0.865722656
vt 0.410888672 0.865234375
vt 0.585449219 0.86328125
vt 0.404541016 0.861328125
vt 0.591796875 0.860839844
vt 0.59765625 0.857910156
vt 0.399169922 0.856445312
vt 0.602539062 0.85546875
vt 0.607910156 0.852539062
vt 0.394775391 0.851074219
vt 0.614257812 0.849609375
vt 0.390625 0.847167969
vt 0.622070312 0.846679688
vt 0.38671875 0.844726562
vt 0.631835938 0.84375
vt 0.383300781 0.84375
vt 0.379638672 0.843261719
vt 0.374511719 0.841308594
vt 0.641601562 0.840332031
vt 0.367675781 0.837890625
vt 0.649902344 0.8359375
vt 0.359130859 0.833496094
vt 0.656738281 0.829589844
vt 0.349609375 0.828125
vt 0.341064453 0.823242188
vt 0.662109375 0.822265625
vt 0.333007812 0.818359375
vt 0.325683594 0.814453125
vt 0.666503906 0.813964844
vt 0.318847656 0.811035156
vt 0.178100586 0.834472656
vt 0.305908203 0.812011719
vt 0.299560547 0.81640625
vt 0.293457031 0.822753906
vt 0.288085938 0.830078125
vt 0.283691406 0.838867188
vt 0.173217773 0.877441406
vt 0.280273438 0.848144531
vt 0.277587891 0.858886719
vt 0.276367188 0.869140625
vt 0.276611328 0.879394531
vt 0.16784668 0.921875
vt 0.278076172 0.890136719
vt 0.280273438 0.899902344
vt 0.280029297 0.908691406
vt 0.277099609 0.916015625
vt 0.271484375 0.922363281
vt 0.162475586 0.971679688
vt 0.263916016 0.927246094
vt 0.257080078 0.932128906
vt 0.251464844 0.938476562
vt 0.247314453 0.944824219
vt 0.244262695 0.951660156
vt 0.240234375 0.958007812
vt 0.234863281 0.962890625
vt 0.228149414 0.966796875
vt 0.220092773 0.969238281
vt 0.211303711 0.971679688
vt 0.162109375 0.976074219
vt 0.201904297 0.974121094
vt 0.192016602 0.977050781
vt 0.161987305 0.980957031
vt 0.181762695 0.979980469
vt 0.173339844 0.982421875
vt 0.162475586 0.983398438
vt 0.170288086 0.983398438
vt 0.167114258 0.984375
vt 0.164550781 0.984375
vt 0.977539062 0.00198173523
vt 0.977539062 0.0024433136
vt 0.916015625 0.0024433136
vt 0.263916016 0.0024433136
vt 0.202514648 0.0024433136
vt 0 0
vt 0 0
vt 0 0
vt 0 0
vt 0 0
vt 0 0
vt 0 0
vt 0 0
vt 0 0
vt 0 0
vt 0 0
vt 0 0
vt 0 0
vt 0 0
vt 0 0
vt 0 0
vt 0 0
vt 0 0
vt 0 0
vt 0 0
vt 0 0
vt 0 0
vt 0 0
vt 0 0
vt 0 0
vt 0 0
vt 0 0
vt 0 0
vt 0 0
vt 0 0
vt 0 0
vt 0 0
vt 0 0
vt 0 0
vt 0 0
vt 0 0
vt 0 0
vt 0 0
vt 0 0
vt 0 0
vt 0 0
vt 0 0
vt 0 0
vt 0 0
vt 0 0
vt 0 0
vt 0 0
vt 0 0
vt 0 0
vt 0 0
vt 0 0
vt 0 0
vt 0 0
vt 0 0
vt 0 0
vt 0 0
vt 0 0
vt 0 0
vt 0 0
vt 0 0
vt 0 0
vt 0 0
vt 0 0
vt 0 0
vt 0 0
vt 0 0
vt 0 0
vt 0 0
vt 0 0
vt 0 0
vt 0 0
vt 0 0
vt 0 0
vt 0 0
vt 0 0
vt 0 0
vt 0 0
vt 0 0
vt 0 0
vt 0 0
vt 0 0
vt 0 0
vt 0 0
vt 0 0
vt 0 0
vt 0 0
vt 0 0
vt 0 0
vt 0 0
vt 0 0
vt 0 0
vt 0 0
vt 0 0
vt 0 0
vt 0 0
vt 0 0
vt 0 0
vt 0 0
vt 0 0
vt 0 0
vt 0 0
vt 0 0
vt 0 0
vt 0 0
vt 0 0
vt 0 0
vt 0 0
vt 0 0
vt 0 0
vt 0 0
vt 0 0
vt 0 0
vt 0 0
vt 0 0
vt 0 0
vt 0 0
vt 0 0
vt 0 0
vt 0 0
vt 0 0
vt 0 0
vt 0 0
vt 0 0
vt 0 0
vt 0 0
vt 0 0
vt 0 0
vt 0 0
vt 0 0
vt 0 0
vt 0 0
vt 0 0
vt 0 0
vt 0 0
vt 0 0
vt 0 0
vt 0 0
vt 0 0
vt 0 0
vt 0 0
vt 0 0
vt 0 0
vt 0 0
vt 0 0
vt 0 0
vt 0 0
vt 0 0
vt 0 0
vt 0 0
vt 0 0
vt 0 0
vt 0 0
vt 0 0
vt 0 0
vt 0 0
vt 0 0
vt 0 0
vt 0 0
vt 0 0
vt 0 0
vt 0 0
vt 0 0
vt 0 0
vt 0 0
vt 0 0
vt 0 0
vt 0 0
vt 0 0
vt 0 0
vt 0 0
vt 0 0
vt 0 0
vt 0 0
vt 0 0
vt 0 0
vt 0 0
vt 0 0
vt 0 0
vt 0 0
vt 0 0
vt 0 0
vt 0 0
vt 0 0
vt 0 0
vt 0 0
vt 0 0
vt 0 0
vt 0 0
vt 0 0
vt 0 0
vt 0 0
vt 0 0
vt 0 0
vt 0 0
vt 0 0
vt 0 0
vt 0 0
vt 0 0
vt 0 0
vt 0 0
vt 0 0
vt 0 0
vt 0 0
vt 0 0
vt 0 0
vt 0 0
vt 0 0
vt 0 0
vt 0 0
vt 0 0
vt 0 0
vt 0 0
vt 0 0
vt 0 0
vt 0 0
vt 0 0
vt 0 0
vt 0 0
vt 0 0
vt 0 0
vt 0 0
vt 0 0
vt 0 0
vt 0 0
vt 0 0
vt 0 0
vt 0 0
vt 0 0
vt 0 0
vt 0 0
vt 0 0
vt 0 0
vt 0 0
vt 0 0
vt 0 0
vt 0 0
vt 0 0
vt 0 0
vt 0 0
vt 0 0
vt 0 0
vt 0 0
vt 0 0
vt 0 0
vt 0 0
vt 0 0
vt 0 0
vt 0 0
vt 0 0
vt 0 0
vt 0 0
vt 0 0
vt 0 0
vt 0 0
vt 0 0
vt 0 0
vt 0 0
vt 0 0
vt 0 0
vt 0 0
vt 0 0
vt 0 0
vt 0 0
vt 0 0
vt 0 0
vt 0 0
vt 0 0
vt 0 0
vt 0 0
vt 0 0
vt 0 0
vt 0 0
vt 0 0
vt 0 0
vt 0 0
vt 0 0
vt 0 0
vt 0 0
vt 0 0
vt 0 0
vt 0 0
vt 0 0
vt 0 0
vt 0 0
vt 0 0
vt 0 0
vt 0 0
vt 0 0
vt 0 0
vt 0 0
vt 0 0
vt 0 0
vt 0 0
vt 0 0
vt 0 0
vt 0 0
vt 0 0
vt 0 0
vt 0 0
vt 0 0
vt 0 0
vt 0 0
vt 0 0
vt 0 0
vt 0 0
vt 0 0
vt 0 0
vt 0 0
vt 0 0
vt 0 0
vt 0 0
vt 0 0
vt 0 0
vt 0 0
vt 0 0
vt 0 0
vt 0 0
vt 0 0
vt 0 0
vt 0 0
vt 0 0
vt 0 0
vt 0 0
vt 0 0
vt 0 0
vt 0 0
vt 0 0
vt 0 0
vt 0 0
vt 0 0
vt 0 0
vt 0 0
vt 0 0
vt 0 0
vt 0 0
vt 0 0
vt 0 0
vt 0 0
vt 0 0
vt 0 0
vt 0 0
vt 0 0
vt 0 0
vt 0 0
vt 0 0
vt 0 0
vt 0 0
vt 0 0
vt 0 0
vt 0 0
vt 0 0
vt 0 0
vt 0 0
vt 0 0
vt 0 0
vt 0 0
vt 0 0
vt 0 0
vt 0 0
vt 0 0
vt 0 0
vt 0 0
vt 0 0
vt 0 0
vt 0 0
vt 0 0
vt 0 0
vt 0 0
vt 0 0
vt 0 0
vt 0 0
vt 0 0
vt 0 0
vt 0 0
vt 0 0
vt 0 0
vt 0 0
vt 0 0
vt 0 0
vt 0 0
vt 0 0
vt 0 0
vt 0 0
vt 0 0
vt 0 0
vt 0 0
vt 0 0
vt 0 0
vt 0 0
vt 0 0
vt 0 0
vt 0 0
vt 0 0
vt 0 0
vt 0 0
vt 0 0
vt 0 0
vt 0 0
vt 0 0
vt 0 0
vt 0 0
vt 0 0
vt 0 0
vt 0 0
vt 0 0
vt 0 0
vt 0 0
vt 0 0
vt 0 0
vt 0 0
vt 0 0
vt 0 0
vt 0 0
vt 0 0
vt 0 0
vt 0 0
vt 0 0
vt 0 0
vt 0 0
vt 0 0
vt 0 0
vt 0 0
vt 0 0
vt 0 0
vt 0 0
vt 0 0
vt 0 0
vt 0 0
vt 0 0
vt 0 0
vt 0 0
vt 0 0
vt 0 0
vt 0 0
vt 0 0
vt 0 0
vt 0 0
vt 0 0
vt 0 0
vt 0 0
vt 0 0
vt 0 0
vt 0 0
vt 0 0
vt 0 0
vt 0 0
vt 0 0
vt 0 0
vt 0 0
vt 0 0
vt 0 0
vt 0 0
vt 0 0
vt 0 0
vt 0 0
vt 0 0
vt 0 0
vt 0 0
vt 0 0
vt 0 0
vt 0 0
vt 0 0
vt 0 0
vt 0 0
vt 0 0
vt 0 0
vt 0 0
vt 0 0
vt 0 0
vt 0 0
vt 0 0
vt 0 0
vt 0 0
vt 0 0
vt 0 0
vt 0 0
vt 0 0
vt 0 0
vt 0 0
vt 0 0
vt 0 0
vt 0 0
vt 0 0
vt 0 0
vt 0 0
vt 0 0
vt 0 0
vt 0 0
vt 0 0
vt 0 0
vt 0 0
vt 0 0
vt 0 0
vt 0 0
vt 0 0
vt 0 0
vt 0 0
vt 0 0
vt 0 0
vt 0 0
vt 0 0
vt 0 0
vt 0 0
vt 0 0
vt 0 0
vt 0 0
vt 0 0
vt 0 0
vt 0 0
vt 0 0
vt 0 0
vt 0 0
vt 0 0
vt 0 0
vt 0 0
vt 0 0
vt 0 0
vt 0 0
vt 0 0
vt 0 0
vt 0 0
vt 0 0
vt 0 0
vt 0 0
vt 0 0
vt 0 0
vt 0 0
vt 0 0
vt 0 0
vt 0 0
vt 0 0
vt 0 0
vt 0 0
vt 0 0
vt 0 0
vt 0 0
vt 0 0
vt 0 0
vt 0 0
vt 0 0
vt 0 0
vt 0 0
vt 0 0
vt 0 0
vt 0 0
vt 0 0
vt 0 0
vt 0 0
vt 0 0
vt 0 0
vt 0 0
vt 0 0
vt 0 0
vt 0 0
vt 0 0
vt 0 0
vt 0 0
vt 0 0
vt 0 0
vt 0 0
vt 0 0
vt 0 0
vt 0 0
vt 0 0
vt 0 0
vt 0 0
vt 0 0
vt 0 0
vt 0 0
vt 0 0
vt 0 0
vt 0 0
vt 0 0
vt 0 0
vt 0 0
vt 0 0
vt 0 0
vt 0 0
vt 0 0
vt 0 0
vt 0 0
vt 0 0
vt 0 0
vt 0 0
vt 0 0
vt 0 0
vt 0 0
vt 0 0
vt 0 0
vt 0 0
vt 0 0
vt 0 0
vt 0 0
vt 0 0
vt 0 0
vt 0 0
vt 0 0
vt 0 0
vt 0 0
vt 0 0
vt 0 0
vt 0 0
vt 0 0
vt 0 0
vt 0 0
vt 0 0
vt 0 0
vt 0 0
vt 0 0
vt 0 0
vt 0 0
vt 0 0
vt 0 0
vt 0 0
vt 0 0
vt 0 0
vt 0 0
vt 0 0
vt 0 0
vt 0 0
vt 0 0
vt 0 0
vt 0 0
vt 0 0
vt 0 0
vt 0 0
vt 0 0
vt 0 0
vt 0 0
vt 0 0
vt 0 0
vt 0 0
vt 0 0
vt 0 0
vt 0 0
vt 0 0
vt 0 0
vt 0 0
vt 0 0
vt 0 0
vt 0 0
vt 0 0
vt 0 0
vt 0 0
vt 0 0
vt 0 0
vt 0 0
vt 0 0
vt 0 0
vt 0 0
vt 0 0
vt 0 0
vt 0 0
vt 0 0
vt 0 0
vt 0 0
vt 0 0
vt 0 0
vt 0 0
vt 0 0
vt 0 0
vt 0 0
vt 0 0
vt 0 0
vt 0 0
vt 0 0
vt 0 0
vt 0 0
vt 0 0
vt 0 0
vt 0 0
vt 0 0
vt 0 0
vt 0 0
vt 0 0
vt 0 0
vt 0 0
vt 0 0
vt 0 0
vt 0 0
vt 0 0
vt 0 0
vt 0 0
vt 0 0
vt 0 0
vt 0 0
vt 0 0
vt 0 0
vt 0 0
vt 0 0
vt 0 0
vt 0 0
vt 0 0
vt 0 0
vt 0 0
vt 0 0
vt 0 0
vt 0 0
vt 0 0
vt 0 0
vt 0 0
vt 0 0
vt 0 0
vt 0 0
vt 0 0
vt 0 0
vt 0 0
vt 0 0
vt 0 0
vt 0 0
vt 0 0
vt 0 0
vt 0 0
vt 0 0
vt 0 0
vt 0 0
vt 0 0
vt 0 0
vt 0 0
vt 0 0
vt 0 0
vt 0 0
vt 0 0
vt 0 0
vt 0 0
vt 0 0
vt 0 0
vt 0 0
vt 0 0
vt 0 0
vt 0 0
vt 0 0
vt 0 0
vt 0 0
vt 0 0
vt 0 0
vt 0 0
vt 0 0
vt 0 0
vt 0 0
vt 0 0
vt 0 0
vt 0 0
vt 0 0
vt 0 0
vt 0 0
vt 0 0
vt 0 0
vt 0 0
vt 0 0
vt 0 0
vt 0 0
vt 0 0
vt 0 0
vt 0 0
vt 0 0
vt 0 0
vt 0 0
vt 0 0
vt 0 0
vt 0 0
vt 0 0
vt 0 0
vt 0 0
vt 0 0
vt 0 0
vt 0 0
vt 0 0
vt 0 0
vt 0 0
vt 0 0
vt 0 0
vt 0 0
vt 0 0
vt 0 0
vt 0 0
vt 0 0
vt 0 0
vt 0 0
vt 0 0
vt 0 0
vt 0 0
vt 0 0
vt 0 0
vt 0 0
vt 0 0
vt 0 0
vt 0 0
vt 0 0
vt 0 0
vt 0 0
vt 0 0
vt 0 0
vt 0 0
vt 0 0
vt 0 0
vt 0 0
vt 0 0
vt 0 0
vt 0 0
vt 0 0
vt 0 0
vt 0 0
vt 0 0
vt 0 0
vt 0 0
vt 0 0
vt 0 0
vt 0 0
vt 0 0
vt 0 0
vt 0 0
vt 0 0
vt 0 0
vt 0 0
vt 0 0
vt 0 0
vt 0 0
vt 0 0
vt 0 0
vt 0 0
vt 0 0
vt 0 0
vt 0 0
vt 0 0
vt 0 0
vt 0 0
vt 0 0
vt 0 0
vt 0 0
vt 0 0
vt 0 0
vt 0 0
vt 0 0
vt 0 0
vt 0 0
vt 0 0
vt 0 0
vt 0 0
vt 0 0
vt 0 0
vt 0 0
vt 0 0
vt 0 0
vt 0 0
vt 0 0
vt 0 0
vt 0 0
vt 0 0
vt 0 0
vt 0 0
vt 0 0
vt 0 0
vt 0 0
vt 0 0
vt 0 0
vt 0 0
vt 0 0
vt 0 0
vt 0 0
vt 0 0
vt 0 0
vt 0 0
vt 0 0
vt 0 0
vt 0 0
vt 0 0
vt 0 0
vt 0 0
vt 0 0
vt 0 0
vt 0 0
vt 0 0
vt 0 0
vt 0 0
vt 0 0
vt 0 0
vt 0 0
vt 0 0
vt 0 0
vt 0 0
vt 0 0
vt 0 0
vt 0 0
vt 0 0
vt 0 0
vt 0 0
vt 0 0
vt 0 0
vt 0 0
vt 0 0
vt 0 0
vt 0 0
vt 0 0
vt 0 0
vt 0 0
vt 0 0
vt 0 0
vt 0 0
vt 0 0
vt 0 0
vt 0 0
vt 0 0
vt 0 0
vt 0 0
vt 0 0
vt 0 0
vt 0 0
vt 0 0
vt 0 0
vt 0 0
vt 0 0
vt 0 0
vt 0 0
vt 0 0
vt 0 0
vt 0 0
vt 0 0
vt 0 0
vt 0 0
vt 0 0
vt 0 0
vt 0 0
vt 0 0
vt 0 0
vt 0 0
vt 0 0
vt 0 0
vt 0 0
vt 0 0
vt 0 0
vt 0 0
vt 0 0
vt 0 0
vt 0 0
vt 0 0
vt 0 0
vt 0 0
vt 0 0
vt 0 0
vt 0 0
vt 0 0
vt 0 0
vt 0 0
vt 0 0
vt 0 0
vt 0 0
vt 0 0
vt 0 0
vt 0 0
vt 0 0
vt 0 0
vt 0 0
vt 0 0
vt 0 0
vt 0 0
vt 0 0
vt 0 0
vt 0 0
vt 0 0
vt 0 0
vt 0 0
vt 0 0
vt 0 0
vt 0 0
vt 0 0
vt 0 0
vt 0 0
vt 0 0
vt 0 0
vt 0 0
vt 0 0
vt 0 0
vt 0 0
vt 0 0
vt 0 0
vt 0 0
vt 0 0
vt 0 0
vt 0 0
vt 0 0
vt 0 0
vt 0 0
vt 0 0
vt 0 0
vt 0 0
vt 0 0
vt 0 0
vt 0 0
vt 0 0
vt 0 0
vt 0 0
vt 0 0
vt 0 0
vt 0 0
vt 0 0
vt 0 0
vt 0 0
vt 0 0
vt 0 0
vt 0 0
vt 0 0
vt 0 0
vt 0 0
vt 0 0
vt 0 0
vt 0 0
vt 0 0
vt 0 0
vt 0 0
vt 0 0
vt 0 0
vt 0 0
vt 0 0
vt 0 0
vt 0 0
vt 0 0
vt 0 0
vt 0 0
vt 0 0
vt 0 0
vt 0 0
vt 0 0
vt 0 0
vt 0 0
vt 0 0
vt 0 0
vt 0 0
vt 0 0
vt 0 0
vt 0 0
vt 0 0
vt 0 0
vt 0 0
vt 0 0
vt 0 0
vt 0 0
vt 0 0
vt 0 0
vt 0 0
vt 0 0
vt 0 0
vt 0 0
vt 0 0
vt 0 0
vt 0 0
vt 0 0
vt 0 0
vt 0 0
vt 0 0
vt 0 0
vt 0 0
vt 0 0
vt 0 0
vt 0 0
vt 0 0
vt 0 0
vt 0 0
vt 0 0
vt 0 0
vt 0 0
vt 0 0
vt 0 0
vt 0 0
vt 0 0
vt 0 0
vt 0 0
vt 0 0
vt 0 0
vt 0 0
vt 0 0
vt 0 0
vt 0 0
vt 0 0
vt 0 0
vt 0 0
vt 0 0
vt 0 0
vt 0 0
vt 0 0
vt 0 0
vt 0 0
vt 0 0
vt 0 0
vt 0 0
vt 0 0
vt 0 0
vt 0 0
vt 0 0
vt 0 0
vt 0 0
vt 0 0
vt 0 0
vt 0 0
vt 0 0
vt 0 0
vt 0 0
vt 0 0
vt 0 0
vt 0 0
vt 0 0
vt 0 0
vt 0 0
vt 0 0
vt 0 0
vt 0 0
vt 0 0
vt 0 0
vt 0 0
vt 0 0
vt 0 0
vt 0 0
vt 0 0
vt 0 0
vt 0 0
vt 0 0
vt 0 0
vt 0 0
vt 0 0
vt 0 0
vt 0 0
vt 0 0
vt 0 0
vt 0 0
vt 0 0
vt 0 0
vt 0 0
vt 0 0
vt 0 0
vt 0 0
vt 0 0
vt 0 0
vt 0 0
vt 0 0
vt 0 0
vt 0 0
vt 0 0
vt 0 0
vt 0 0
vt 0 0
vt 0 0
vt 0 0
vt 0 0
vt 0 0
vt 0 0
vt 0 0
vt 0 0
vt 0 0
vt 0 0
vt 0 0
vt 0 0
vt 0 0
vt 0 0
vt 0 0
vt 0 0
vt 0 0
vt 0 0
vt 0 0
vt 0 0
vt 0 0
vt 0 0
vt 0 0
vt 0 0
vt 0 0
vt 0 0
vt 0 0
vt 0 0
vt 0 0
vt 0 0
vt 0 0
vt 0 0
vt 0 0
vt 0 0
vt 0 0
vt 0 0
vt 0 0
vt 0 0
vt 0 0
vt 0 0
vt 0 0
vt 0 0
vt 0 0
vt 0 0
vt 0 0
vt 0 0
vt 0 0
vt 0 0
vt 0 0
vt 0 0
vt 0 0
vt 0 0
vt 0 0
vt 0 0
vt 0 0
vt 0 0
vt 0 0
vt 0 0
vt 0 0
vt 0 0
vt 0 0
vt 0 0
vt 0 0
vt 0 0
vt 0 0
vt 0 0
vt 0 0
vt 0 0
vt 0 0
vt 0 0
vt 0 0
vt 0 0
vt 0 0
vt 0 0
vt 0 0
vt 0 0
vt 0 0
vt 0 0
vt 0 0
vt 0 0
vt 0 0
vt 0 0
vt 0 0
vt 0 0
vt 0 0
vt 0 0
vt 0 0
vt 0 0
vt 0 0
vt 0 0
vt 0 0
vt 0 0
vt 0 0
vt 0 0
vt 0 0
vt 0 0
vt 0 0
vt 0 0
vt 0 0
vt 0 0
vt 0 0
vt 0 0
vt 0 0
vt 0 0
vt 0 0
vt 0 0
vt 0 0
vt 0 0
vt 0 0
vt 0 0
vt 0 0
vt 0 0
vt 0 0
vt 0 0
vt 0 0
vt 0 0
vt 0 0
vt 0 0
vt 0 0
vt 0 0
vt 0 0
vt 0 0
vt 0 0
vt 0 0
vt 0 0
vt 0 0
vt 0 0
vt 0 0
vt 0 0
vt 0 0
vt 0 0
vt 0 0
vt 0 0
vt 0 0
vt 0 0
vt 0 0
vt 0 0
vt 0 0
vt 0 0
vt 0 0
vt 0 0
vt 0 0
vt 0 0
vt 0 0
vt 0 0
vt 0 0
vt 0 0
vt 0 0
vt 0 0
vt 0 0
vt 0 0
vt 0 0
vt 0 0
vt 0 0
vt 0 0
vt 0 0
vt 0 0
vt 0 0
vt 0 0
vt 0 0
vt 0 0
vt 0 0
vt 0 0
vt 0 0
vt 0 0
vt 0 0
vt 0 0
vt 0 0
vt 0 0
vt 0 0
vt 0 0
vt 0 0
vt 0 0
vt 0 0
vt 0 0
vt 0 0
vt 0 0
vt 0 0
vt 0 0
vt 0 0
vt 0 0
vt 0 0
vt 0 0
vt 0 0
vt 0 0
vt 0 0
vt 0 0
vt 0 0
vt 0 0
vt 0 0
vt 0 0
vt 0 0
vt 0 0
vt 0 0
vt 0 0
vt 0 0
vt 0 0
vt 0 0
vt 0 0
vt 0 0
vt 0 0
vt 0 0
vt 0 0
vt 0 0
vt 0 0
vt 0 0
vt 0 0
vt 0 0
vt 0 0
vt 0 0
vt 0 0
vt 0 0
vt 0 0
vt 0 0
vt 0 0
vt 0 0
vt 0 0
vt 0 0
vt 0 0
vt 0 0
vt 0 0
vt 0 0
vt 0 0
vt 0 0
vt 0 0
vt 0 0
vt 0 0
vt 0 0
vt 0 0
vt 0 0
vt 0 0
vt 0 0
vt 0 0
vt 0 0
vt 0 0
vt 0 0
vt 0 0
vt 0 0
vt 0 0
vt 0 0
vt 0 0
vt 0 0
vt 0 0
vt 0 0
vt 0 0
vt 0 0
vt 0 0
vt 0 0
vt 0 0
vt 0 0
vt 0 0
vt 0 0
vt 0 0
vt 0 0
vt 0 0
vt 0 0
vt 0 0
vt 0 0
vt 0 0
vt 0 0
vt 0 0
vt 0 0
vt 0 0
vt 0 0
vt 0 0
vt 0 0
vt 0 0
vt 0 0
vt 0 0
vt 0 0
vt 0 0
vt 0 0
vt 0 0
vt 0 0
vt 0 0
vt 0 0
vt 0 0
vt 0 0
vt 0 0
vt 0 0
vt 0 0
vt 0 0
vt 0 0
vt 0 0
vt 0 0
vt 0 0
vt 0 0
vt 0 0
vt 0 0
vt 0 0
vt 0 0
vt 0 0
vt 0 0
vt 0 0
vt 0 0
vt 0 0
vt 0 0
vt 0 0
vt 0 0
vt 0 0
vt 0 0
vt 0 0
vt 0 0
vt 0 0
vt 0 0
vt 0 0
vt 0 0
vt 0 0
vt 0 0
vt 0 0
vt 0 0
vt 0 0
vt 0 0
vt 0 0
vt 0 0
vt 0 0
vt 0 0
vt 0 0
vt 0 0
vt 0 0
vt 0 0
vt 0 0
vt 0 0
vt 0 0
vt 0 0
vt 0 0
vt 0 0
vt 0 0
vt 0 0
vt 0 0
vt 0 0
vt 0 0
vt 0 0
vt 0 0
vt 0 0
vt 0 0
vt 0 0
vt 0 0
vt 0 0
vt 0 0
vt 0 0
vt 0 0
vt 0 0
vt 0 0
vt 0 0
vt 0 0
vt 0 0
vt 0 0
vt 0 0
vt 0 0
vt 0 0
vt 0 0
vt 0 0
vt 0 0
vt 0 0
vt 0 0
vt 0 0
vt 0 0
vt 0 0
vt 0 0
vt 0 0
vt 0 0
vt 0 0
vt 0 0
vt 0 0
vt 0 0
vt 0 0
vt 0 0
vt 0 0
vt 0 0
vt 0 0
vt 0 0
vt 0 0
vt 0 0
vt 0 0
vt 0 0
vt 0 0
vt 0 0
vt 0 0
vt 0 0
vt 0 0
vt 0 0
vt 0 0
vt 0 0
vt 0 0
vt 0 0
vt 0 0
vt 0 0
vt 0 0
vt 0 0
vt 0 0
vt 0 0
vt 0 0
vt 0 0
vt 0 0
vt 0 0
vt 0 0
vt 0 0
vt 0 0
vt 0 0
vt 0 0
vt 0 0
vt 0 0
vt 0 0
vt 0 0
vt 0 0
vt 0 0
vt 0 0
vt 0 0
vt 0 0
vt 0 0
vt 0 0
vt 0 0
vt 0 0
vt 0 0
vt 0 0
vt 0 0
vt 0 0
vt 0 0
vt 0 0
vt 0 0
vt 0 0
vt 0 0
vt 0 0
vt 0 0
vt 0 0
vt 0 0
vt 0 0
vt 0 0
vt 0 0
vt 0 0
vt 0 0
vt 0 0
vt 0 0
vt 0 0
vt 0 0
vt 0 0
vt 0 0
vt 0 0
vt 0 0
vt 0 0
vt 0 0
vt 0 0
vt 0 0
vt 0 0
vt 0 0
vt 0 0
vt 0 0
vt 0 0
vt 0 0
vt 0 0
vt 0 0
vt 0 0
vt 0 0
vt 0 0
vt 0 0
vt 0 0
vt 0 0
vt 0 0
vt 0 0
vt 0 0
vt 0 0
vt 0 0
vt 0 0
vt 0 0
vt 0 0
vt 0 0
vt 0 0
vt 0 0
vt 0 0
vt 0 0
vt 0 0
vt 0 0
vt 0 0
vt 0 0
vt 0 0
vt 0 0
vt 0 0
vt 0 0
vt 0 0
vt 0 0
vt 0 0
vt 0 0
vt 0 0
vt 0 0
vt 0 0
vt 0 0
vt 0 0
vt 0 0
vt 0 0
vt 0 0
vt 0 0
vt 0 0
vt 0 0
vt 0 0
vt 0 0
vt 0 0
vt 0 0
vt 0 0
vt 0 0
vt 0 0
vt 0 0
vt 0 0
vt 0 0
vt 0 0
vt 0 0
vt 0 0
vt 0 0
vt 0 0
vt 0 0
vt 0 0
vt 0 0
vt 0 0
vt 0 0
vt 0 0
vt 0 0
vt 0 0
vt 0 0
vt 0 0
vt 0 0
vt 0 0
vt 0 0
vt 0 0
vt 0 0
vt 0 0
vt 0 0
vt 0 0
vt 0 0
vt 0 0
vt 0 0
vt 0 0
vt 0 0
vt 0 0
vt 0 0
vt 0 0
vt 0 0
vt 0 0
vt 0 0
vt 0 0
vt 0 0
vt 0 0
vt 0 0
vt 0 0
vt 0 0
vt 0 0
vt 0 0
vt 0 0
vt 0 0
vt 0 0
vt 0 0
vt 0 0
vt 0 0
vt 0 0
vt 0 0
vt 0 0
vt 0 0
vt 0 0
vt 0 0
vt 0 0
vt 0 0
vt 0 0
vt 0 0
vt 0 0
vt 0 0
vt 0 0
vt 0 0
vt 0 0
vt 0 0
vt 0 0
vt 0 0
vt 0 0
vt 0 0
vt 0 0
vt 0 0
vt 0 0
vt 0 0
vt 0 0
vt 0 0
vt 0 0
vt 0 0
vt 0 0
vt 0 0
vt 0 0
vt 0 0
vt 0 0
vt 0 0
vt 0 0
vt 0 0
vt 0 0
vt 0 0
vt 0 0
vt 0 0
vt 0 0
vt 0 0
vt 0 0
vt 0 0
vt 0 0
vt 0 0
vt 0 0
vt 0 0
vt 0 0
vt 0 0
vt 0 0
vt 0 0
vt 0 0
vt 0 0
vt 0 0
vt 0 0
vt 0 0
vt 0 0
vt 0 0
vt 0 0
vt 0 0
vt 0 0
vt 0 0
vt 0 0
vt 0 0
vt 0 0
vt 0 0
vt 0 0
vt 0 0
vt 0 0
vt 0 0
vt 0 0
vt 0 0
vt 0 0
vt 0 0
vt 0 0
vt 0 0
vt 0 0
vt 0 0
vt 0 0
vt 0 0
vt 0 0
vt 0 0
vt 0 0
vt 0 0
vt 0 0
vt 0 0
vt 0 0
vt 0 0
vt 0 0
vt 0 0
vt 0 0
vt 0 0
vt 0 0
vt 0 0
vt 0 0
vt 0 0
vt 0 0
vt 0 0
vt 0 0
vt 0 0
vt 0 0
vt 0 0
vt 0 0
vt 0 0
vt 0 0
vt 0 0
vt 0 0
vt 0 0
vt 0 0
vt 0 0
vt 0 0
vt 0 0
vt 0 0
vt 0 0
vt 0 0
vt 0 0
vt 0 0
vt 0 0
vt 0 0
vt 0 0
vt 0 0
vt 0 0
vt 0 0
vt 0 0
vt 0 0
vt 0 0
vt 0 0
vt 0 0
vt 0 0
vt 0 0
vt 0 0
vt 0 0
vt 0 0
vt 0 0
vt 0 0
vt 0 0
vt 0 0
vt 0 0
vt 0 0
vt 0 0
vt 0 0
vt 0 0
vt 0 0
vt 0 0
vt 0 0
vt 0 0
vt 0 0
vt 0 0
vt 0 0
vt 0 0
vt 0 0
vt 0 0
vt 0 0
vt 0 0
vt 0 0
vt 0 0
vt 0 0
vt 0 0
vt 0 0
vt 0 0
vt 0 0
vt 0 0
vt 0 0
vt 0 0
vt 0 0
vt 0 0
vt 0 0
vt 0 0
vt 0 0
vt 0 0
vt 0 0
vt 0 0
vt 0 0
vt 0 0
vt 0 0
vt 0 0
vt 0 0
vt 0 0
vt 0 0
vt 0 0
vt 0 0
vt 0 0
vt 0 0
vt 0 0
vt 0 0
vt 0 0
vt 0 0
vt 0 0
vt 0 0
vt 0 0
vt 0 0
vt 0 0
vt 0 0
vt 0 0
vt 0 0
vt 0 0
vt 0 0
vt 0 0
vt 0 0
vt 0 0
vt 0 0
vt 0 0
vt 0 0
vt 0 0
vt 0 0
vt 0 0
vt 0 0
vt 0 0
vt 0 0
vt 0 0
vt 0 0
vt 0 0
vt 0 0
vt 0 0
vt 0 0
vt 0 0
vt 0 0
vt 0 0
vt 0 0
vt 0 0
vt 0 0
vt 0 0
vt 0 0
vt 0 0
vt 0 0
vt 0 0
vt 0 0
vt 0 0
vt 0 0
vt 0 0
vt 0 0
vt 0 0
vt 0 0
vt 0 0
vt 0 0
vt 0 0
vt 0 0
vt 0 0
vt 0 0
vt 0 0
vt 0 0
vt 0 0
vt 0 0
vt 0 0
vt 0 0
vt 0 0
vt 0 0
vt 0 0
vt 0 0
vt 0 0
vt 0 0
vt 0 0
vt 0 0
vt 0 0
vt 0 0
vt 0 0
vt 0 0
vt 0 0
vt 0 0
vt 0 0
vt 0 0
vt 0 0
vt 0 0
vt 0 0
vt 0 0
vt 0 0
vt 0 0
vt 0 0
vt 0 0
vt 0 0
vt 0 0
vt 0 0
vt 0 0
vt 0 0
vt 0 0
vt 0 0
vt 0 0
vt 0 0
vt 0 0
vt 0 0
vt 0 0
vt 0 0
vt 0 0
vt 0 0
vt 0 0
vt 0 0
vt 0 0
vt 0 0
vt 0 0
vt 0 0
vt 0 0
vt 0 0
vt 0 0
vt 0 0
vt 0 0
vt 0 0
vt 0 0
vt 0 0
vt 0 0
vt 0 0
vt 0 0
vt 0 0
vt 0 0
vt 0 0
vt 0 0
vt 0 0
vt 0 0
vt 0 0
vt 0 0
vt 0 0
vt 0 0
vt 0 0
vt 0 0
vt 0 0
vt 0 0
vt 0 0
vt 0 0
vt 0 0
vt 0 0
vt 0 0
vt 0 0
vt 0 0
vt 0 0
vt 0 0
vt 0 0
vt 0 0
vt 0 0
vt 0 0
vt 0 0
vt 0 0
vt 0 0
vt 0 0
vt 0 0
vt 0 0
vt 0 0
vt 0 0
vt 0 0
vt 0 0
vt 0 0
vt 0 0
vt 0 0
vt 0 0
vt 0 0
vt 0 0
vt 0 0
vt 0 0
vt 0 0
vt 0 0
vt 0 0
vt 0 0
vt 0 0
vt 0 0
vt 0 0
vt 0 0
vt 0 0
vt 0 0
vt 0 0
vt 0 0
vt 0 0
vt 0 0
vt 0 0
vt 0 0
vt 0 0
vt 0 0
vt 0 0
vt 0 0
vt 0 0
vt 0 0
vt 0 0
vt 0 0
vt 0 0
vt 0 0
vt 0 0
vt 0 0
vt 0 0
vt 0 0
vt 0 0
vt 0 0
vt 0 0
vt 0 0
vt 0 0
vt 0 0
vt 0 0
vt 0 0
vt 0 0
vt 0 0
vt 0 0
vt 0 0
vt 0 0
vt 0 0
vt 0 0
vt 0 0
vt 0 0
vt 0 0
vt 0 0
vt 0 0
vt 0 0
vt 0 0
vt 0 0
vt 0 0
vt 0 0
vt 0 0
vt 0 0
vt 0 0
vt 0 0
vt 0 0
vt 0 0
vt 0 0
vt 0 0
vt 0 0
vt 0 0
vt 0 0
vt 0 0
vt 0 0
vt 0 0
vt 0 0
vt 0 0
vt 0 0
vt 0 0
vt 0 0
vt 0 0
vt 0 0
vt 0 0
vt 0 0
vt 0 0
vt 0 0
vt 0 0
vt 0 0
vt 0 0
vt 0 0
vt 0 0
vt 0 0
vt 0 0
vt 0 0
vt 0 0
vt 0 0
vt 0 0
vt 0 0
vt 0 0
vt 0 0
vt 0 0
vt 0 0
vt 0 0
vt 0 0
vt 0 0
vt 0 0
vt 0 0
vt 0 0
vt 0 0
vt 0 0
vt 0 0
vt 0 0
vt 0 0
vt 0 0
vt 0 0
vt 0 0
vt 0 0
vt 0 0
vt 0 0
vt 0 0
vt 0 0
vt 0 0
vt 0 0
vt 0 0
vt 0 0
vt 0 0
vt 0 0
vt 0 0
vt 0 0
vt 0 0
vt 0 0
vt 0 0
vt 0 0
vt 0 0
vt 0 0
vt 0 0
vt 0 0
vt 0 0
vt 0 0
vt 0 0
vt 0 0
vt 0 0
vt 0 0
vt 0 0
vt 0 0
vt 0 0
vt 0 0
vt 0 0
vt 0 0
vt 0 0
vt 0 0
vt 0 0
vt 0 0
vt 0 0
vt 0 0
vt 0 0
vt 0 0
vt 0 0
vt 0 0
vt 0 0
vt 0 0
vt 0 0
vt 0 0
vt 0 0
vt 0 0
vt 0 0
vt 0 0
vt 0 0
vt 0 0
vt 0 0
vt 0 0
vt 0 0
vt 0 0
vt 0 0
vt 0 0
vt 0 0
vt 0 0
vt 0 0
vt 0 0
vt 0 0
vt 0 0
vt 0 0
vt 0 0
vt 0 0
vt 0 0
vt 0 0
vt 0 0
vt 0 0
vt 0 0
vt 0 0
vt 0 0
vt 0 0
vt 0 0
vt 0 0
vt 0 0
vt 0 0
vt 0 0
vt 0 0
vt 0 0
vt 0 0
vt 0 0
vt 0 0
vt 0 0
vt 0 0
vt 0 0
vt 0 0
vt 0 0
vt 0 0
vt 0 0
vt 0 0
vt 0 0
vt 0 0
vt 0 0
vt 0 0
vt 0 0
vt 0 0
vt 0 0
vt 0 0
vt 0 0
vt 0 0
vt 0 0
vt 0 0
vt 0 0
vt 0 0
vt 0 0
vt 0 0
vt 0 0
vt 0 0
vt 0 0
vt 0 0
vt 0 0
vt 0 0
vt 0 0
vt 0 0
vt 0 0
vt 0 0
vt 0 0
vt 0.625 0.5
vt 0.625 0.583496094
vt 0.6875 0.583496094
vt 0.6875 0.5
vt 0.375 0.4375
vt 0.375 0.5
vt 0.625 0.5
vt 0.625 0.4375
vt 0.375 0.375
vt 0.375 0.4375
vt 0.625 0.4375
vt 0.625 0.375
vt 0.6875 0.5
vt 0.6875 0.583496094
vt 0.75 0.583496094
vt 0.75 0.5
vt 0.375 0.5
vt 0.375 0.583496094
vt 0.625 0.583496094
vt 0.625 0.5
vt 0.375 0.583496094
vt 0.375 0.625
vt 0.625 0.625
vt 0.625 0.583496094
vt 0.3125 0.625
vt 0.3125 0.583496094
vt 0.6875 0.583496094
vt 0.6875 0.625
vt 0.75 0.583496094
vt 0.6875 0.583496094
vt 0.3125 0.583496094
vt 0.25 0.583496094
vt 0.3125 0.583496094
vt 0.6875 0.583496094
vt 0.75 0.583496094
vt 0.6875 0.583496094
vt 0.6875 0.583496094
vt 0.625 0.583496094
vt 0.625 0.625
vt 0.6875 0.625
vt 0.6875 0.583496094
vt 0.625 0.5
vt 0.6875 0.5
vt 0.6875 0.583496094
vt 0.625 0.583496094
vt 0.375 0.4375
vt 0.625 0.4375
vt 0.625 0.5
vt 0.375 0.5
vt 0.375 0.375
vt 0.625 0.375
vt 0.625 0.4375
vt 0.375 0.4375
vt 0.6875 0.5
vt 0.75 0.5
vt 0.75 0.583496094
vt 0.6875 0.583496094
vt 0.375 0.5
vt 0.625 0.5
vt 0.625 0.583496094
vt 0.375 0.583496094
vt 0.375 0.583496094
vt 0.625 0.583496094
vt 0.625 0.625
vt 0.375 0.625
vt 0.3125 0.625
vt 0.6875 0.625
vt 0.6875 0.583496094
vt 0.3125 0.583496094
vt 0.625 0.583496094
vt 0.6875 0.583496094
vt 0.6875 0.625
vt 0.625 0.625
vt 0.625 0.5
vt 0.6875 0.5
vt 0.6875 0.583496094
vt 0.625 0.583496094
vt 0.375 0.4375
vt 0.625 0.4375
vt 0.625 0.5
vt 0.375 0.5
vt 0.375 0.375
vt 0.625 0.375
vt 0.625 0.4375
vt 0.375 0.4375
vt 0.6875 0.5
vt 0.75 0.5
vt 0.75 0.583496094
vt 0.6875 0.583496094
vt 0.375 0.5
vt 0.625 0.5
vt 0.625 0.583496094
vt 0.375 0.583496094
vt 0.375 0.583496094
vt 0.625 0.583496094
vt 0.625 0.625
vt 0.375 0.625
vt 0.3125 0.625
vt 0.6875 0.625
vt 0.6875 0.583496094
vt 0.3125 0.583496094
vt 0.75 0.583496094
vt 0.3125 0.583496094
vt 0.6875 0.583496094
vt 0.25 0.583496094
vt 0.3125 0.583496094
vt 0.6875 0.583496094
vt 0.75 0.583496094
vt 0.6875 0.583496094
vt 0.6875 0.583496094
vt 0.625 0.583496094
vt 0.6875 0.583496094
vt 0.6875 0.625
vt 0.625 0.625
vt 0.625 0.5
vt 0.625 0.583496094
vt 0.6875 0.583496094
vt 0.6875 0.5
vt 0.375 0.4375
vt 0.375 0.5
vt 0.625 0.5
vt 0.625 0.4375
vt 0.375 0.375
vt 0.375 0.4375
vt 0.625 0.4375
vt 0.625 0.375
vt 0.6875 0.5
vt 0.6875 0.583496094
vt 0.75 0.583496094
vt 0.75 0.5
vt 0.375 0.5
vt 0.375 0.583496094
vt 0.625 0.583496094
vt 0.625 0.5
vt 0.375 0.583496094
vt 0.375 0.625
vt 0.625 0.625
vt 0.625 0.583496094
vt 0.3125 0.625
vt 0.3125 0.583496094
vt 0.6875 0.583496094
vt 0.6875 0.625
vt 0.625 0.583496094
vt 0.625 0.625
vt 0.6875 0.625
vt 0.6875 0.583496094
vt 0.625 0.5
vt 0.6875 0.5
vt 0.6875 0.583496094
vt 0.625 0.583496094
vt 0.6875 0.625
vt 0.625 0.625
vt 0.375 0.4375
vt 0.625 0.4375
vt 0.625 0.5
vt 0.375 0.5
vt 0.375 0.375
vt 0.625 0.375
vt 0.625 0.4375
vt 0.375 0.4375
vt 0.6875 0.5
vt 0.75 0.5
vt 0.75 0.583496094
vt 0.6875 0.583496094
vt 0.375 0.5
vt 0.625 0.5
vt 0.625 0.583496094
vt 0.375 0.583496094
vt 0.375 0.583496094
vt 0.625 0.583496094
vt 0.625 0.625
vt 0.375 0.625
vt 0.3125 0.625
vt 0.6875 0.625
vt 0.6875 0.583496094
vt 0.3125 0.583496094
vt 0.625 0.5
vt 0.625 0.583496094
vt 0.6875 0.583496094
vt 0.6875 0.5
vt 0.375 0.4375
vt 0.375 0.5
vt 0.625 0.5
vt 0.625 0.4375
vt 0.375 0.375
vt 0.375 0.4375
vt 0.625 0.4375
vt 0.625 0.375
vt 0.6875 0.5
vt 0.6875 0.583496094
vt 0.75 0.583496094
vt 0.75 0.5
vt 0.375 0.5
vt 0.375 0.583496094
vt 0.625 0.583496094
vt 0.625 0.5
vt 0.375 0.583496094
vt 0.375 0.625
vt 0.625 0.625
vt 0.625 0.583496094
vt 0.3125 0.625
vt 0.3125 0.583496094
vt 0.6875 0.583496094
vt 0.6875 0.625
vt 0.625 0.583496094
vt 0.625 0.625
vt 0.6875 0.625
vt 0.6875 0.583496094
vt 0.625 0.5
vt 0.625 0.583496094
vt 0.6875 0.583496094
vt 0.6875 0.5
vt 0.375 0.4375
vt 0.375 0.5
vt 0.625 0.5
vt 0.625 0.4375
vt 0.375 0.375
vt 0.375 0.4375
vt 0.625 0.4375
vt 0.625 0.375
vt 0.6875 0.5
vt 0.6875 0.583496094
vt 0.75 0.583496094
vt 0.75 0.5
vt 0.375 0.5
vt 0.375 0.583496094
vt 0.625 0.583496094
vt 0.625 0.5
vt 0.375 0.583496094
vt 0.375 0.625
vt 0.625 0.625
vt 0.625 0.583496094
vt 0.3125 0.625
vt 0.3125 0.583496094
vt 0.6875 0.583496094
vt 0.6875 0.625
vt 0.625 0.583496094
vt 0.625 0.625
vt 0.6875 0.625
vt 0.6875 0.583496094
vt 0.625 0.5
vt 0.6875 0.5
vt 0.6875 0.583496094
vt 0.625 0.583496094
vt 0.6875 0.625
vt 0.625 0.625
vt 0.375 0.4375
vt 0.625 0.4375
vt 0.625 0.5
vt 0.375 0.5
vt 0.375 0.375
vt 0.625 0.375
vt 0.625 0.4375
vt 0.375 0.4375
vt 0.6875 0.5
vt 0.75 0.5
vt 0.75 0.583496094
vt 0.6875 0.583496094
vt 0.375 0.5
vt 0.625 0.5
vt 0.625 0.583496094
vt 0.375 0.583496094
vt 0.375 0.583496094
vt 0.625 0.583496094
vt 0.625 0.625
vt 0.375 0.625
vt 0.3125 0.625
vt 0.6875 0.625
vt 0.6875 0.583496094
vt 0.3125 0.583496094
vt 0 0
vt 0 0
vt 0 0
vt 0 0
vt 0 0
vt 0 0
vt 0 0
vt 0 0
vt 0 0
vt 0 0
vt 0 0
vt 0 0
vt 0 0
vt 0 0
vt 0 0
vt 0 0
vt 0 0
vt 0 0
vt 0 0
vt 0 0
vt 0 0
vt 0 0
vt 0 0
vt 0 0
vt 0 0
vt 0 0
vt 0 0
vt 0 0
vt 0 0
vt 0 0
vt 0 0
vt 0 0
vt 0 0
vt 0 0
vt 0 0
vt 0 0
vt 0 0
vt 0 0
vt 0 0
vt 0 0
vt 0 0
vt 0 0
vt 0 0
vt 0 0
vt 0 0
vt 0 0
vt 0 0
vt 0 0
vt 0 0
vt 0 0
vt 0 0
vt 0 0
vt 0 0
vt 0 0
vt 0 0
vt 0 0
vt 0 0
vt 0 0
vt 0 0
vt 0 0
vt 0 0
vt 0 0
vt 0 0
vt 0 0
vt 0 0
vt 0 0
vt 0 0
vt 0 0
vt 0 0
vt 0 0
vt 0 0
vt 0 0
vt 0 0
vt 0 0
vt 0 0
vt 0 0
vt 0 0
vt 0 0
vt 0 0
vt 0 0
vt 0 0
vt 0 0
vt 0 0
vt 0 0
vt 0 0
vt 0 0
vt 0 0
vt 0 0
vt 0 0
vt 0 0
vt 0 0
vt 0 0
vt 0 0
vt 0 0
vt 0 0
vt 0 0
vt 0 0
vt 0 0
vt 0 0
vt 0 0
vt 0 0
vt 0 0
vt 0 0
vt 0 0
vt 0 0
vt 0 0
vt 0 0
vt 0 0
vt 0 0
vt 0 0
vt 0 0
vt 0 0
vt 0 0
vt 0 0
vt 0 0
vt 0 0
vt 0 0
vt 0 0
vt 0 0
vt 0 0
vt 0 0
vt 0 0
vt 0 0
vt 0 0
vt 0 0
vt 0 0
vt 0 0
vt 0 0
vt 0 0
vt 0 0
vt 0 0
vt 0 0
vt 0 0
vt 0 0
vt 0 0
vt 0 0
vt 0 0
vt 0 0
vt 0 0
vt 0 0
vt 0 0
vt 0 0
vt 0 0
vt 0 0
vt 0 0
vt 0 0
vt 0 0
vt 0 0
vt 0 0
vt 0 0
vt 0 0
vt 0 0
vt 0 0
vt 0 0
vt 0 0
vt 0 0
vt 0 0
vt 0 0
vt 0 0
vt 0 0
vt 0 0
vt 0 0
vt 0 0
vt 0 0
vt 0 0
vt 0 0
vt 0 0
vt 0 0
vt 0 0
vt 0 0
vt 0 0
vt 0 0
vt 0 0
vt 0 0
vt 0 0
vt 0 0
vt 0 0
vt 0 0
vt 0 0
vt 0 0
vt 0 0
vt 0 0
vt 0 0
vt 0 0
vt 0 0
vt 0 0
vt 0 0
vt 0 0
vt 0 0
vt 0 0
vt 0 0
vt 0 0
vt 0 0
vt 0 0
vt 0 0
vt 0 0
vt 0 0
vt 0 0
vt 0 0
vt 0 0
vt 0 0
vt 0 0
vt 0 0
vt 0 0
vt 0 0
vt 0 0
vt 0 0
vt 0 0
vt 0 0
vt 0 0
vt 0 0
vt 0 0
vt 0 0
vt 0 0
vt 0 0
vt 0 0
vt 0 0
vt 0 0
vt 0 0
vt 0 0
vt 0 0
vt 0 0
vt 0 0
vt 0 0
vt 0 0
vt 0 0
vt 0 0
vt 0 0
vt 0 0
vt 0 0
vt 0 0
vt 0 0
vt 0 0
vt 0 0
vt 0 0
vt 0 0
vt 0 0
vt 0 0
vt 0 0
vt 0 0
vt 0 0
vt 0 0
vt 0 0
vt 0 0
vt 0 0
vt 0 0
vt 0 0
vt 0 0
vt 0 0
vt 0 0
vt 0 0
vt 0 0
vt 0 0
vt 0 0
vt 0 0
vt 0 0
vt 0 0
vt 0 0
vt 0 0
vt 0 0
vt 0 0
vt 0 0
vt 0 0
vt 0 0
vt 0 0
vt 0 0
vt 0 0
vt 0 0
vt 0 0
vt 0 0
vt 0 0
vt 0 0
vt 0 0
vt 0 0
vt 0 0
vt 0 0
vt 0 0
vt 0 0
vt 0 0
vt 0 0
vt 0 0
vt 0 0
vt 0 0
vt 0 0
vt 0 0
vt 0 0
vt 0 0
vt 0 0
vt 0 0
vt 0 0
vt 0 0
vt 0 0
vt 0 0
vt 0 0
vt 0 0
vt 0 0
vt 0 0
vt 0 0
vt 0 0
vt 0 0
vt 0 0
vt 0 0
vt 0 0
vt 0 0
vt 0 0
vt 0 0
vt 0 0
vt 0 0
vt 0 0
vt 0 0
vt 0 0
vt 0 0
vt 0 0
vt 0 0
vt 0 0
vt 0 0
vt 0 0
vt 0 0
vt 0 0
vt 0 0
vt 0 0
vt 0 0
vt 0 0
vt 0 0
vt 0 0
vt 0 0
vt 0 0
vt 0 0
vt 0 0
vt 0 0
vt 0 0
vt 0 0
vt 0 0
vt 0 0
vt 0 0
vt 0 0
vt 0 0
vt 0 0
vt 0 0
vt 0 0
vt 0 0
vt 0 0
vt 0 0
vt 0 0
vt 0 0
vt 0 0
vt 0 0
vt 0 0
vt 0 0
vt 0 0
vt 0 0
vt 0 0
vt 0 0
vt 0 0
vt 0 0
vt 0 0
vt 0 0
vt 0 0
vt 0 0
vt 0 0
vt 0 0
vt 0 0
vt 0 0
vt 0 0
vt 0 0
vt 0 0
vt 0 0
vt 0 0
vt 0 0
vt 0 0
vt 0 0
vt 0 0
vt 0 0
vt 0 0
vt 0 0
vt 0 0
vt 0 0
vt 0 0
vt 0 0
vt 0 0
vt 0 0
vt 0 0
vt 0 0
vt 0 0
vt 0 0
vt 0 0
vt 0 0
vt 0 0
vt 0 0
vt 0 0
vt 0 0
vt 0 0
vt 0 0
vt 0 0
vt 0 0
vt 0 0
vt 0 0
vt 0 0
vt 0 0
vt 0 0
vt 0 0
vt 0 0
vt 0 0
vt 0 0
vt 0 0
vt 0 0
vt 0 0
vt 0 0
vt 0 0
vt 0 0
vt 0 0
vt 0 0
vt 0 0
vt 0 0
vt 0 0
vt 0 0
vt 0 0
vt 0 0
vt 0 0
vt 0 0
vt 0 0
vt 0 0
vt 0 0
vt 0 0
vt 0 0
vt 0 0
vt 0 0
vt 0 0
vt 0 0
vt 0 0
vt 0 0
vt 0 0
vt 0 0
vt 0 0
vt 0 0
vt 0 0
vt 0 0
vt 0 0
vt 0 0
vt 0 0
vt 0 0
vt 0 0
vt 0 0
vt 0 0
vt 0 0
vt 0 0
vt 0 0
vt 0 0
vt 0 0
vt 0 0
vt 0 0
vt 0 0
vt 0 0
vt 0 0
vt 0 0
vt 0 0
vt 0 0
vt 0 0
vt 0 0
vt 0 0
vt 0 0
vt 0 0
vt 0 0
vt 0 0
vt 0 0
vt 0 0
vt 0 0
vt 0 0
vt 0 0
vt 0 0
vt 0 0
vt 0 0
vt 0 0
vt 0 0
vt 0 0
vt 0 0
vt 0 0
vt 0 0
vt 0 0
vt 0 0
vt 0 0
vt 0 0
vt 0 0
vt 0 0
vt 0 0
vt 0 0
vt 0 0
vt 0 0
vt 0 0
vt 0 0
vt 0 0
vt 0 0
vt 0 0
vt 0 0
vt 0 0
vt 0 0
vt 0 0
vt 0 0
vt 0 0
vt 0 0
vt 0 0
vt 0 0
vt 0 0
vt 0 0
vt 0 0
vt 0 0
vt 0 0
vt 0 0
vt 0 0
vt 0 0
vt 0 0
vt 0 0
vt 0 0
vt 0 0
vt 0 0
vt 0 0
vt 0 0
vt 0 0
vt 0 0
vt 0 0
vt 0 0
vt 0 0
vt 0 0
vt 0 0
vt 0 0
vt 0 0
vt 0 0
vt 0 0
vt 0 0
vt 0 0
vt 0 0
vt 0 0
vt 0 0
vt 0 0
vt 0 0
vt 0 0
vt 0 0
vt 0 0
vt 0 0
vt 0 0
vt 0 0
vt 0 0
vt 0 0
vt 0 0
vt 0 0
vt 0 0
vt 0 0
vt 0 0
vt 0 0
vt 0 0
vt 0 0
vt 0 0
vt 0 0
vt 0 0
vt 0 0
vt 0 0
vt 0 0
vt 0 0
vt 0 0
vt 0 0
vt 0 0
vt 0 0
vt 0 0
vt 0 0
vt 0 0
vt 0 0
vt 0 0
vt 0 0
vt 0 0
vt 0 0
vt 0 0
vt 0 0
vt 0 0
vt 0 0
vt 0 0
vt 0 0
vt 0 0
vt 0 0
vt 0 0
vt 0 0
vt 0 0
vt 0 0
vt 0 0
vt 0 0
vt 0 0
vt 0 0
vt 0 0
vt 0 0
vt 0 0
vt 0 0
vt 0 0
vt 0 0
vt 0 0
vt 0 0
vt 0 0
vt 0 0
vt 0 0
vt 0 0
vt 0 0
vt 0 0
vt 0 0
vt 0 0
vt 0 0
vt 0 0
vt 0 0
vt 0 0
vt 0 0
vt 0 0
vt 0 0
vt 0 0
vt 0 0
vt 0 0
vt 0 0
vt 0 0
vt 0 0
vt 0 0
vt 0 0
vt 0 0
vt 0 0
vt 0 0
vt 0 0
vt 0 0
vt 0 0
vt 0 0
vt 0 0
vt 0 0
vt 0 0
vt 0 0
vt 0 0
vt 0 0
vt 0 0
vt 0 0
vt 0 0
vt 0 0
vt 0 0
vt 0 0
vt 0 0
vt 0 0
vt 0 0
vt 0 0
vt 0 0
vt 0 0
vt 0 0
vt 0 0
vt 0 0
vt 0 0
vt 0 0
vt 0 0
vt 0 0
vt 0 0
vt 0 0
vt 0 0
vt 0 0
vt 0 0
vt 0 0
vt 0 0
vt 0 0
vt 0 0
vt 0 0
vt 0 0
vt 0 0
vt 0 0
vt 0 0
vt 0 0
vt 0 0
vt 0 0
vt 0 0
vt 0 0
vt 0 0
vt 0 0
vt 0 0
vt 0 0
vt 0 0
vt 0 0
vt 0 0
vt 0 0
vt 0 0
vt 0 0
vt 0 0
vt 0 0
vt 0 0
vt 0 0
vt 0 0
vt 0 0
vt 0 0
vt 0 0
vt 0 0
vt 0 0
vt 0 0
vt 0 0
vt 0 0
vt 0 0
vt 0 0
vt 0 0
vt 0 0
vt 0 0
vt 0 0
vt 0 0
vt 0 0
vt 0 0
vt 0 0
vt 0 0
vt 0 0
vt 0 0
vt 0 0
vt 0 0
vt 0 0
vt 0 0
vt 0 0
vt 0 0
vt 0 0
vt 0 0
vt 0 0
vt 0 0
vt 0 0
vt 0 0
vt 0 0
vt 0 0
vt 0 0
vt 0 0
vt 0 0
vt 0 0
vt 0 0
vt 0 0
vt 0 0
vt 0 0
vt 0 0
vt 0 0
vt 0 0
vt 0 0
vt 0 0
vt 0 0
vt 0 0
vt 0 0
vt 0 0
vt 0 0
vt 0 0
vt 0 0
vt 0 0
vt 0 0
vt 0 0
vt 0 0
vt 0 0
vt 0 0
vt 0 0
vt 0 0
vt 0 0
vt 0 0
vt 0 0
vt 0 0
vt 0 0
vt 0 0
vt 0 0
vt 0 0
vt 0 0
vt 0 0
vt 0 0
vt 0 0
vt 0 0
vt 0 0
vt 0 0
vt 0 0
vt 0 0
vt 0 0
vt 0 0
vt 0 0
vt 0 0
vt 0 0
vt 0 0
vt 0 0
vt 0 0
vt 0 0
vt 0 0
vt 0 0
vt 0 0
vt 0 0
vt 0 0
vt 0 0
vt 0 0
vt 0 0
vt 0 0
vt 0 0
vt 0 0
vt 0 0
vt 0 0
vt 0 0
vt 0 0
vt 0 0
vt 0 0
vt 0 0
vt 0 0
vt 0 0
vt 0 0
vt 0 0
vt 0 0
vt 0 0
vt 0 0
vt 0 0
vt 0 0
vt 0 0
vt 0 0
vt 0 0
vt 0 0
vt 0 0
vt 0 0
vt 0 0
vt 0 0
vt 0 0
vt 0 0
vt 0 0
vt 0 0
vt 0 0
vt 0 0
vt 0 0
vt 0 0
vt 0 0
vt 0 0
vt 0 0
vt 0 0
vt 0 0
vt 0 0
vt 0 0
vt 0 0
vt 0 0
vt 0 0
vt 0 0
vt 0 0
vt 0 0
vt 0 0
vt 0 0
vt 0 0
vt 0 0
vt 0 0
vt 0 0
vt 0 0
vt 0 0
vt 0 0
vt 0 0
vt 0 0
vt 0 0
vt 0 0
vt 0 0
vt 0 0
vt 0 0
vt 0 0
vt 0 0
vt 0 0
vt 0 0
vt 0 0
vt 0 0
vt 0 0
vt 0 0
vt 0 0
vt 0 0
vt 0 0
vt 0 0
vt 0 0
vt 0 0
vt 0 0
vt 0 0
vt 0 0
vt 0 0
vt 0 0
vt 0 0
vt 0 0
vt 0 0
vt 0 0
vt 0 0
vt 0 0
vt 0 0
vt 0 0
vt 0 0
vt 0 0
vt 0 0
vt 0 0
vt 0 0
vt 0 0
vt 0 0
vt 0 0
vt 0 0
vt 0 0
vt 0 0
vt 0 0
vt 0 0
vt 0 0
vt 0 0
vt 0 0
vt 0 0
vt 0 0
vt 0 0
vt 0 0
vt 0 0
vt 0 0
vt 0 0
vt 0 0
vt 0 0
vt 0 0
vt 0 0
vt 0 0
vt 0 0
vt 0 0
vt 0 0
vt 0 0
vt 0 0
vt 0 0
vt 0 0
vt 0 0
vt 0 0
vt 0 0
vt 0 0
vt 0 0
vt 0 0
vt 0 0
vt 0 0
vt 0 0
vt 0 0
vt 0 0
vt 0 0
vt 0 0
vt 0 0
vt 0 0
vt 0 0
vt 0 0
vt 0 0
vt 0 0
vt 0 0
vt 0 0
vt 0 0
vt 0 0
vt 0 0
vt 0 0
vt 0 0
vt 0 0
vt 0 0
vt 0 0
vt 0 0
vt 0 0
vt 0 0
vt 0 0
vt 0 0
vt 0 0
vt 0 0
vt 0 0
vt 0 0
vt 0 0
vt 0 0
vt 0 0
vt 0 0
vt 0 0
vt 0 0
vt 0 0
vt 0 0
vt 0 0
vt 0 0
vt 0 0
vt 0 0
vt 0 0
vt 0 0
vt 0 0
vt 0 0
vt 0 0
vt 0 0
vt 0 0
vt 0 0
vt 0 0
vt 0 0
vt 0 0
vt 0 0
vt 0 0
vt 0 0
vt 0 0
vt 0 0
vt 0 0
vt 0 0
vt 0 0
vt 0 0
vt 0 0
vt 0 0
vt 0 0
vt 0 0
vt 0 0
vt 0 0
vt 0 0
vt 0 0
vt 0 0
vt 0 0
vt 0 0
vt 0 0
vt 0 0
vt 0 0
vt 0 0
vt 0 0
vt 0 0
vt 0 0
vt 0 0
vt 0 0
vt 0 0
vt 0 0
vt 0 0
vt 0 0
vt 0 0
vt 0 0
vt 0 0
vt 0 0
vt 0 0
vt 0 0
vt 0 0
vt 0 0
vt 0 0
vt 0 0
vt 0 0
vt 0 0
vt 0 0
vt 0 0
vt 0 0
vt 0 0
vt 0 0
vt 0 0
vt 0 0
vt 0 0
vt 0 0
vt 0 0
vt 0 0
vt 0 0
vt 0 0
vt 0 0
vt 0 0
vt 0 0
vt 0 0
vt 0 0
vt 0 0
vt 0 0
vt 0 0
vt 0 0
vt 0 0
vt 0 0
vt 0 0
vt 0 0
vt 0 0
vt 0 0
vt 0 0
vt 0 0
vt 0 0
vt 0 0
vt 0 0
vt 0 0
vt 0 0
vt 0 0
vt 0 0
vt 0 0
vt 0 0
vt 0 0
vt 0 0
vt 0 0
vt 0 0
vt 0 0
vt 0 0
vt 0 0
vt 0 0
vt 0 0
vt 0 0
vt 0 0
vt 0 0
vt 0 0
vt 0 0
vt 0 0
vt 0 0
vt 0 0
vt 0 0
vt 0 0
vt 0 0
vt 0 0
vt 0 0
vt 0 0
vt 0 0
vt 0 0
vt 0 0
vt 0 0
vt 0 0
vt 0 0
vt 0 0
vt 0 0
vt 0 0
vt 0 0
vt 0 0
vt 0 0
vt 0 0
vt 0 0
vt 0 0
vt 0 0
vt 0 0
vt 0 0
vt 0 0
vt 0 0
vt 0 0
vt 0 0
vt 0 0
vt 0 0
vt 0 0
vt 0 0
vt 0 0
vt 0 0
vt 0 0
vt 0 0
vt 0 0
vt 0 0
vt 0 0
vt 0 0
vt 0 0
vt 0 0
vt 0 0
vt 0 0
vt 0 0
vt 0 0
vt 0 0
vt 0 0
vt 0 0
vt 0 0
vt 0 0
vt 0 0
vt 0 0
vt 0 0
vt 0 0
vt 0 0
vt 0 0
vt 0 0
vt 0 0
vt 0 0
vt 0 0
vt 0 0
vt 0 0
vt 0 0
vt 0 0
vt 0 0
vt 0 0
vt 0 0
vt 0 0
vt 0 0
vt 0 0
vt 0 0
vt 0 0
vt 0 0
vt 0 0
vt 0 0
vt 0 0
vt 0 0
vt 0 0
vt 0 0
vt 0 0
vt 0 0
vt 0 0
vt 0 0
vt 0 0
vt 0 0
vt 0 0
vt 0 0
vt 0 0
vt 0 0
vt 0 0
vt 0 0
vt 0 0
vt 0 0
vt 0 0
vt 0 0
vt 0 0
vt 0 0
vt 0 0
vt 0 0
vt 0 0
vt 0 0
vt 0 0
vt 0 0
vt 0 0
vt 0 0
vt 0 0
vt 0 0
vt 0 0
vt 0 0
vt 0 0
vt 0 0
vt 0 0
vt 0 0
vt 0 0
vt 0 0
vt 0 0
vt 0 0
vt 0 0
vt 0 0
vt 0 0
vt 0 0
vt 0 0
vt 0 0
vt 0 0
vt 0 0
vt 0 0
vt 0 0
vt 0 0
vt 0 0
vt 0 0
vt 0 0
vt 0 0
vt 0 0
vt 0 0
vt 0 0
vt 0 0
vt 0 0
vt 0 0
vt 0 0
vt 0 0
vt 0 0
vt 0 0
vt 0 0
vt 0 0
vt 0 0
vt 0 0
vt 0 0
vt 0 0
vt 0 0
vt 0 0
vt 0 0
vt 0 0
vt 0 0
vt 0 0
vt 0 0
vt 0 0
vt 0 0
vt 0 0
vt 0 0
vt 0 0
vt 0 0
vt 0 0
vt 0 0
vt 0 0
vt 0 0
vt 0 0
vt 0 0
vt 0 0
vt 0 0
vt 0 0
vt 0 0
vn -0 1 0
vn -0 1 4.82201576E-05
vn -0 1 0
vn -0 1 0
vn -0 1 -6.4432621E-05
vn -0 1 0
vn -0 1 0
vn -0 1 -2.77161598E-05
vn -0 1 -3.9100647E-05
vn -0 1 0
vn -0 1 0
vn -0 1 0
vn -0 1 0
vn -0 1 0
vn -0 1 0
vn -0 1 0
vn -0 1 0
vn -0 1 0
vn -0 1 0
vn -0 1 0
vn -0 1 0
vn -0 1 2.96831131E-05
vn -0 1 0
vn -0 1 0
vn -0 1 0
vn -0 1 0
vn -0 1 -3.29017639E-05
vn -1.25169754E-05 1 3.34382057E-05
vn -0 1 0
vn -0 1 0
vn -0 1 0
vn 1.76429749E-05 1 -2.81333923E-05
vn -0 1 0
vn -0 1 0
vn -0 1 0
vn -0 1 0
vn -0 1 0
vn -0 1 0
vn -0 1 0
vn -0 1 0
vn -0 1 0
vn -0 1 0
vn -1.15036964E-05 1 2.58684158E-05
vn -0 1 0
vn -1.14440918E-05 1 2.58088112E-05
vn 1.49607658E-05 1 -2.5510788E-05
vn -0 1 0
vn 1.46627426E-05 1 -2.49743462E-05
vn -0 1 0
vn -0 1 2.87890434E-05
vn -0 1 3.50475311E-05
vn -0 1 0
vn -0 1 6.28232956E-05
vn -0 1 1.22189522E-05
vn -0 1 0
vn 2.68220901E-05 1 -4.85777855E-05
vn 1.45435333E-05 1 -2.50339508E-05
vn -0 1 0
vn -0 1 -2.18749046E-05
vn -0 1 2.20537186E-05
vn -0 1 0
vn -0 1 0
vn -0 1 -2.24113464E-05
vn -0 1 0
vn -0 1 0
vn -0 1 0
vn -0 1 0
vn -1.79409981E-05 1 2.16364861E-05
vn -0 1 0
vn -0 1 0
vn -0 1 1.29342079E-05
vn 2.03251839E-05 1 -2.37226486E-05
vn -0 1 0
vn -0 1 0
vn -0 1 0
vn -0 1 0
vn -0 1 -1.16229057E-05
vn -0 1 0
vn -0 1 0
vn -0 1 0
vn -0 1 0
vn -0 1 0
vn -0 1 0
vn -0 1 -1.01327896E-05
vn -0 1 0
vn -0 1 0
vn -0 1 -1.01327896E-05
vn -0 1 0
vn -0 1 0
vn -0 1 1.96099281E-05
vn -1.18017197E-05 1 0
vn -0 1 0
vn 1.02519989E-05 1 0
vn -0 1 0
vn -0 1 1.94311142E-05
vn -0 1 0
vn -0 1 0
vn -0 1 0
vn -0 1 -3.9935112E-05
vn -0 1 0
vn -0 1 -3.96966934E-05
vn -0 1 0
vn -0 1 0
vn -0 1 0
vn -0 1 0
vn -0 1 0
vn -0 1 0
vn -0 1 0
vn -0 1 0
vn -0 1 0
vn -0 1 0
vn -0 1 0
vn -0 1 0
vn -0 1 0
vn -0 1 0
vn -0 1 0
vn -0 1 0
vn -0 1 0
vn -0 1 -1.29342079E-05
vn -0 1 0
vn -0 1 0
vn -0 1 0
vn -0 1 0
vn -0 1 0
vn -0 1 0
vn -0 1 0
vn -0 1 0
vn -0 1 0
vn -0 1 0
vn -0 1 0
vn -0 1 0
vn -0 1 0
vn -0 1 0
vn -0 1 0
vn -0 1 0
vn -0 1 0
vn -0 1 0
vn -0 1 0
vn -0 1 0
vn -0 1 0
vn -0 1 0
vn -0 1 0
vn -0 1 0
vn -0 1 0
vn -0 1 0
vn -0 1 1.14440918E-05
vn -0 1 0
vn -0 1 0
vn -0 1 0
vn -0 1 -1.97887421E-05
vn -0 1 0
vn -0 1 1.75833702E-05
vn -0 1 0
vn -0 1 0
vn -0 1 -1.257658E-05
vn -0 1 0
vn -0 1 0
vn -0 1 0
vn -0 1 0
vn -0 1 0
vn -0 1 0
vn -0 1 0
vn -0 1 0
vn -0 1 0
vn -0 1 1.05500221E-05
vn -0 1 0
vn -0 1 0
vn -0 1 0
vn -0 1 0
vn -0 1 0
vn -0 1 0
vn -0 1 0
vn -0 1 0
vn -0 1 0
vn -0 1 0
vn -0 1 0
vn -0 1 0
vn -0 1 0
vn -0 1 0
vn -0 1 0
vn -0 1 0
vn -0 1 0
vn -0 1 0
vn -0 1 0
vn -0 1 0
vn -0 1 0
vn -0 1 0
vn -0 1 0
vn -0 1 0
vn -0 1 0
vn -0 1 0
vn -0 1 0
vn -0 1 0
vn -0 1 0
vn -0 1 0
vn -0 1 0
vn -0 1 0
vn -0 1 0
vn -0 1 0
vn -0 1 0
vn -0 1 0
vn -0 1 0
vn -0 1 0
vn -0 1 0
vn -0 1 0
vn -0 1 0
vn -0 1 0
vn -0 1 1.90138817E-05
vn -0 1 0
vn -0 1 -1.28149986E-05
vn -0 1 0
vn -0 1 0
vn -0 1 4.84585762E-05
vn -0 1 0
vn -4.53591347E-05 1 1.53779984E-05
vn -0 1 0
vn -3.85046005E-05 1 0
vn -0 1 0
vn 2.54511833E-05 1 -2.32458115E-05
vn -0 1 0
vn -0 1 0
vn -0 1 0
vn -0 1 0
vn -0 1 0
vn -0 1 0
vn -0 1 0
vn -1.66296959E-05 1 4.55975533E-05
vn -4.24981117E-05 1 1.37090683E-05
vn -0 1 0
vn -2.83718109E-05 1 0
vn -0 1 0
vn -0 1 0
vn -0 1 0
vn -0 1 0
vn -0 1 0
vn -0 1 0
vn -0 1 0
vn -0 1 0
vn -0 1 0
vn -0 1 0
vn -0 1 0
vn -0 1 0
vn -0 1 0
vn -0 1 0
vn -0 1 0
vn -0 1 0
vn -2.33054161E-05 1 1.66893005E-05
vn -0 1 0
vn -0 1 0
vn -0 1 0
vn 1.37090683E-05 1 1.13248825E-05
vn -1.96695328E-05 1 1.24573708E-05
vn -0 1 0
vn -0 1 0
vn 1.96695328E-05 1 0
vn -0 1 0
vn -0 1 0
vn -0 1 0
vn 1.75237656E-05 1 0
vn 2.22325325E-05 1 0
vn -0 1 0
vn -1.90138817E-05 1 -1.30534172E-05
vn -0 1 0
vn -0 1 0
vn -1.8954277E-05 1 -1.30534172E-05
vn -0 1 1.0073185E-05
vn -0 1 0
vn -0 1 0
vn -0 1 0
vn -0 1 0
vn -0 1 0
vn -0 1 0
vn -1.31726265E-05 1 0
vn 1.52587891E-05 1 0
vn -1.34706497E-05 1 0
vn 1.54972076E-05 1 0
vn -0 1 0
vn 4.20808792E-05 1 1.8954277E-05
vn -0 1 0
vn -2.62856483E-05 1 0
vn -1.26361847E-05 1 0
vn -0 1 0
vn 1.47223473E-05 1 0
vn -0 1 0
vn -0 1 0
vn -1.50203705E-05 1 0
vn -0 1 0
vn -0 1 0
vn -0 1 0
vn -0 1 0
vn -0 1 0
vn -0 1 -1.48415565E-05
vn -0 1 -1.44839287E-05
vn -0 1 1.87158585E-05
vn -0 1 1.87158585E-05
vn -0 1 0
vn 1.12652779E-05 1 -1.11460686E-05
vn -0 1 0
vn -0 1 0
vn -0 1 1.23977661E-05
vn -0 1 0
vn -0 1 -1.26957893E-05
vn -0 1 -1.19805336E-05
vn -0 1 1.32918358E-05
vn -0 1 0
vn -0 1 1.32322311E-05
vn -0 1 0
vn -0 1 0
vn -0 1 0
vn 1.71661377E-05 1 -2.13384628E-05
vn 2.89678574E-05 1 0
vn 2.88486481E-05 1 4.85777855E-05
vn 2.50935555E-05 1 4.54187393E-05
vn -0 -1 0
vn -0 -1 0
vn -0 -1 0
vn -0 -1 0
vn -0 -1 0
vn -0 -1 0
vn -0 -1 0
vn -0 -1 0
vn -4.53591347E-05 -1 1.51991844E-05
vn -0 -1 0
vn -0 -1 2.86102295E-05
vn -0 -1 0
vn -3.83853912E-05 -1 0
vn -0 -1 0
vn 2.56299973E-05 -1 -2.348423E-05
vn -0 -1 -1.31130219E-05
vn -0 -1 0
vn -0 -1 1.87754631E-05
vn -0 -1 0
vn -0 -1 0
vn -0 -1 0
vn -0 -1 0
vn -0 -1 0
vn -0 -1 0
vn -0 -1 0
vn -0 -1 0
vn -0 -1 0
vn -0 -1 0
vn -0 -1 0
vn -0 -1 0
vn -0 -1 0
vn -0 -1 0
vn -0 -1 0
vn -0 -1 0
vn -0 -1 0
vn -0 -1 0
vn -0 -1 0
vn -0 -1 0
vn -0 -1 0
vn -0 -1 0
vn -0 -1 0
vn -0 -1 0
vn -0 -1 0
vn -0 -1 0
vn -0 -1 0
vn -0 -1 0
vn -0 -1 0
vn -0 -1 0
vn -0 -1 0
vn -0 -1 0
vn -0 -1 0
vn -0 -1 0
vn -0 -1 0
vn -0 -1 0
vn -0 -1 0
vn -0 -1 0
vn -0 -1 0
vn -0 -1 0
vn -0 -1 0
vn -0 -1 1.03116035E-05
vn -0 -1 0
vn -0 -1 0
vn -0 -1 0
vn -0 -1 0
vn -0 -1 0
vn -0 -1 0
vn -0 -1 0
vn -0 -1 0
vn -0 -1 0
vn -0 -1 -1.28149986E-05
vn -0 -1 0
vn -0 -1 0
vn -0 -1 1.71661377E-05
vn -0 -1 0
vn -0 -1 -2.02655792E-05
vn -0 -1 0
vn -0 -1 0
vn -0 -1 0
vn -0 -1 1.12056732E-05
vn -0 -1 0
vn -0 -1 0
vn -0 -1 0
vn -0 -1 0
vn -0 -1 0
vn -0 -1 0
vn -0 -1 0
vn -0 -1 0
vn -0 -1 0
vn -0 -1 0
vn -0 -1 0
vn -0 -1 0
vn -0 -1 0
vn -0 -1 0
vn -0 -1 0
vn -0 -1 0
vn -0 -1 0
vn -0 -1 0
vn -0 -1 0
vn -0 -1 0
vn -0 -1 0
vn -0 -1 0
vn -0 -1 0
vn -0 -1 0
vn -0 -1 0
vn -0 -1 0
vn -0 -1 0
vn -0 -1 -1.44839287E-05
vn -0 -1 0
vn -0 -1 0
vn -0 -1 1.06692314E-05
vn -0 -1 0
vn -0 -1 0
vn -0 -1 0
vn -0 -1 0
vn -0 -1 0
vn -0 -1 0
vn -0 -1 0
vn -0 -1 0
vn -0 -1 0
vn -0 -1 0
vn -0 -1 0
vn -0 -1 0
vn -0 -1 0
vn -0 -1 -4.01735306E-05
vn -0 -1 0
vn -0 -1 -4.01139259E-05
vn -0 -1 0
vn -0 -1 1.93119049E-05
vn -0 -1 0
vn -0 -1 0
vn -0 -1 0
vn -0 -1 1.93715096E-05
vn 1.01923943E-05 -1 0
vn -0 -1 0
vn -1.15036964E-05 -1 0
vn -0 -1 0
vn -0 -1 -1.03712082E-05
vn -0 -1 0
vn -0 -1 0
vn -0 -1 -1.04904175E-05
vn -0 -1 0
vn -0 -1 0
vn -0 -1 0
vn -0 -1 0
vn -0 -1 0
vn -0 -1 0
vn -0 -1 -1.18613243E-05
vn -0 -1 0
vn -0 -1 0
vn -0 -1 0
vn -0 -1 0
vn -0 -1 1.26957893E-05
vn -0 -1 0
vn 1.84178352E-05 -1 0
vn 1.61528587E-05 -1 0
vn -0 -1 0
vn -0 -1 1.61528587E-05
vn -0 -1 0
vn -0 -1 0
vn -0 -1 0
vn -0 -1 0
vn -0 -1 -2.2649765E-05
vn -0 -1 0
vn -0 -1 0
vn -0 -1 2.17556953E-05
vn -0 -1 0
vn -0 -1 0
vn -0 -1 0
vn -0 -1 0
vn -0 -1 -4.79221344E-05
vn -1.9133091E-05 -1 0
vn -0 -1 0
vn -1.81794167E-05 -1 5.37633896E-05
vn -0 -1 0
vn -0 -1 0
vn -0 -1 0
vn 1.47223473E-05 -1 -2.52723694E-05
vn -0 -1 0
vn 1.49607658E-05 -1 -2.56299973E-05
vn -0 -1 0
vn -1.14440918E-05 -1 2.5510788E-05
vn -1.14440918E-05 -1 2.5510788E-05
vn -0 -1 0
vn -0 -1 0
vn -0 -1 0
vn -0 -1 0
vn -0 -1 0
vn -0 -1 0
vn -0 -1 0
vn -0 -1 0
vn -0 -1 0
vn -0 -1 0
vn -0 -1 0
vn 1.77621841E-05 -1 -2.84314156E-05
vn -0 -1 0
vn -0 -1 0
vn -1.25169754E-05 -1 3.33786011E-05
vn -0 -1 0
vn -0 -1 -3.31997871E-05
vn -0 -1 0
vn -0 -1 0
vn -0 -1 2.95042992E-05
vn -0 -1 0
vn -0 -1 0
vn -0 -1 0
vn -0 -1 0
vn -0 -1 0
vn -0 -1 0
vn -0 -1 0
vn -0 -1 0
vn -0 -1 0
vn -0 -1 0
vn -0 -1 0
vn -0 -1 0
vn -0 -1 0
vn -0 -1 -3.91602516E-05
vn -0 -1 -2.83718109E-05
vn -0 -1 0
vn -0 -1 0
vn -0 -1 0
vn -0 -1 5.02467155E-05
vn 1.52587891E-05 -1 0
vn 1.54972076E-05 -1 0
vn -1.34706497E-05 -1 0
vn -1.31130219E-05 -1 0
vn -0 -1 0
vn -0 -1 0
vn -0 -1 0
vn -0 -1 0
vn -0 -1 0
vn -0 -1 0
vn -0 -1 0
vn -1.9133091E-05 -1 -1.33514404E-05
vn -0 -1 0
vn -1.90734863E-05 -1 -1.32322311E-05
vn -0 -1 0
vn -0 -1 0
vn 1.75237656E-05 -1 0
vn 2.21729279E-05 -1 0
vn -0 -1 0
vn -0 -1 0
vn -0 -1 0
vn 1.96695328E-05 -1 0
vn -0 -1 0
vn -0 -1 0
vn 1.3589859E-05 -1 1.10864639E-05
vn -1.96099281E-05 -1 1.22189522E-05
vn -0 -1 0
vn -0 -1 0
vn -0 -1 0
vn -2.31862068E-05 -1 1.63912773E-05
vn -0 -1 0
vn -0 -1 0
vn -0 -1 0
vn -0 -1 0
vn -0 -1 0
vn -0 -1 0
vn -0 -1 0
vn -0 -1 0
vn -0 -1 0
vn -0 -1 0
vn -0 -1 0
vn -0 -1 0
vn -0 -1 0
vn -0 -1 0
vn -0 -1 0
vn -0 -1 0
vn -0 -1 0
vn -1.68681145E-05 -1 0
vn -2.52127647E-05 -1 0
vn -0 -1 0
vn -0 -1 2.69412994E-05
vn -0 -1 0
vn 1.49011612E-05 -1 2.68220901E-05
vn 1.24573708E-05 -1 3.31401825E-05
vn 1.257658E-05 -1 0
vn -0 -1 -1.63316727E-05
vn -0 -1 0
vn -0 -1 0
vn -0 -1 0
vn -0 -1 0
vn -0 -1 1.29938126E-05
vn -0 -1 1.29342079E-05
vn -0 -1 0
vn -0 -1 -1.22785568E-05
vn -0 -1 -1.28746033E-05
vn -0 -1 0
vn -0 -1 1.21593475E-05
vn -0 -1 0
vn -0 -1 0
vn 1.13248825E-05 -1 -1.13248825E-05
vn -0 -1 0
vn -0 -1 1.84178352E-05
vn -0 -1 1.84774399E-05
vn -0 -1 -1.47223473E-05
vn -0 -1 -1.50799751E-05
vn -0 -1 0
vn -0 -1 0
vn -0 -1 0
vn -0 -1 0
vn -0 -1 0
vn -1.49607658E-05 -1 0
vn -0 -1 0
vn -0 -1 0
vn 1.47223473E-05 -1 0
vn -1.26361847E-05 -1 0
vn -0 -1 0
vn -2.62856483E-05 -1 0
vn -0 -1 0
vn 4.22596931E-05 -1 1.88946724E-05
vn -0 -1 0
vn -0 -1 -6.46114349E-05
vn -0 -1 0
vn -0 -1 0
vn -0 -1 5.02467155E-05
vn -0 0 -1
vn -0 0 -1
vn -0 0 -1
vn -0 0 -1
vn -0 0 -1
vn -0 0 -1
vn -0 0 -1
vn -0 0 -1
vn -0 0 -1
vn -0 0 -1
vn -0 0 -1
vn -0 0 -1
vn -0 0 -1
vn -0 0 -1
vn -0.918457031 0 -0.395263672
vn -0.900390625 0 -0.435302734
vn -0.900390625 0 -0.435302734
vn -0.918457031 0 -0.395263672
vn -0.942382812 0 -0.334228516
vn -0.942382812 0 -0.334228516
vn -0.955078125 0 -0.297119141
vn -0.955078125 0 -0.297119141
vn -0.964355469 0 -0.264892578
vn -0.964355469 0 -0.264892578
vn -0.972167969 0 -0.235107422
vn -0.972167969 0 -0.235107422
vn -0.979003906 0 -0.204956055
vn -0.979003906 0 -0.204956055
vn -0.984863281 0 -0.172119141
vn -0.984863281 0 -0.172119141
vn -0.991210938 0 -0.13293457
vn -0.991210938 0 -0.13293457
vn -0.995117188 0 -0.0977172852
vn -0.995117188 0 -0.0977172852
vn -0.997558594 0 -0.072265625
vn -0.997558594 0 -0.072265625
vn -0.999023438 0 -0.0410461426
vn -0.999023438 0 -0.0410461426
vn -1 0 -0.0061340332
vn -1 0 -0.0061340332
vn -0.999511719 0 0.0233917236
vn -0.999511719 0 0.0233917236
vn -0.998535156 0 0.0506286621
vn -0.998535156 0 0.0506286621
vn -0.997070312 0 0.0778198242
vn -0.997070312 0 0.0778198242
vn -0.994140625 0 0.107177734
vn -0.994140625 0 0.107177734
vn -0.989746094 0 0.141845703
vn -0.989746094 0 0.141845703
vn -0.984863281 0 0.172607422
vn -0.984863281 0 0.172607422
vn -0.98046875 0 0.196044922
vn -0.98046875 0 0.196044922
vn -0.974121094 0 0.226074219
vn -0.974121094 0 0.226074219
vn -0.965820312 0 0.259521484
vn -0.965820312 0 0.259521484
vn -0.958007812 0 0.287353516
vn -0.958007812 0 0.287353516
vn -0.949707031 0 0.312744141
vn -0.949707031 0 0.312744141
vn -0.940917969 0 0.338134766
vn -0.940917969 0 0.338134766
vn -0.931152344 0 0.365234375
vn -0.931152344 0 0.365234375
vn -0.91796875 0 0.396728516
vn -0.91796875 0 0.396728516
vn -0.905273438 0 0.424316406
vn -0.905273438 0 0.424316406
vn -0.900390625 0 0.435058594
vn -0.900390625 0 0.435058594
vn -0.996582031 0 0.0841674805
vn -0.993164062 -0.0975952148 0.0623168945
vn -0.998046875 0 0.0626220703
vn -0.991699219 -0.0979003906 0.0837402344
vn -0.992675781 0 0.119262695
vn -0.920898438 -0.381835938 0.0778198242
vn -0.923339844 -0.379882812 0.0579223633
vn -0.98828125 -0.0979614258 0.118652344
vn -0.986328125 0 0.164672852
vn -0.917480469 -0.382080078 0.110168457
vn -0.706054688 -0.706054688 0.0596008301
vn -0.709472656 -0.703125 0.0445556641
vn -0.702636719 -0.706542969 0.0843505859
vn -0.383544922 -0.922851562 0.0323486328
vn -0.388671875 -0.920898438 0.0244445801
vn -0.381347656 -0.923339844 0.0457458496
vn -0.0989990234 -0.995117188 0.00833892822
vn -0.10168457 -0.994628906 0.00646591187
vn -0 -1 5.02467155E-05
vn -0 -1 0
vn -0.0981445312 -0.995117188 0.0117340088
vn -0 -1 -2.83718109E-05
vn -0.0985717773 -0.995117188 0.0164642334
vn -0 -1 0
vn -0.380615234 -0.922363281 0.0635375977
vn -0.0985107422 -0.994628906 0.0272369385
vn -0 -1 0
vn -0.69921875 -0.705078125 0.116760254
vn -0.0938720703 -0.994628906 0.0458374023
vn -0 -1 0
vn -0.375488281 -0.920898438 0.10369873
vn -0.911621094 -0.381347656 0.15222168
vn -0.0814819336 -0.994628906 0.0645141602
vn -0 -1 0
vn -0.353027344 -0.919433594 0.172363281
vn -0.685058594 -0.703613281 0.189208984
vn -0.981445312 -0.0979003906 0.163818359
vn -0.0692138672 -0.995117188 0.0720214844
vn -0 -1 0
vn -0.307373047 -0.919921875 0.243530273
vn -0.640136719 -0.701660156 0.3125
vn -0.891601562 -0.380126953 0.24609375
vn -0.959472656 -0.0977783203 0.264892578
vn -0.963867188 0 0.266113281
vn -0.0648193359 -0.995117188 0.0754394531
vn -0 -1 0
vn -0.267333984 -0.922363281 0.278320312
vn -0.558105469 -0.702148438 0.442138672
vn -0.831542969 -0.379394531 0.405761719
vn -0.89453125 -0.0978393555 0.436523438
vn -0.898925781 0 0.438476562
vn -0.0611572266 -0.995117188 0.0784301758
vn -0 -1 0
vn -0.250976562 -0.922851562 0.292236328
vn -0.491210938 -0.705566406 0.511230469
vn -0.725097656 -0.379638672 0.574707031
vn -0.779785156 -0.0978393555 0.618164062
vn -0.783691406 0 0.62109375
vn -0.0592041016 -0.995117188 0.0766601562
vn -0 -1 0
vn -0.236816406 -0.922851562 0.303710938
vn -0.461669922 -0.705566406 0.537597656
vn -0.640625 -0.381347656 0.666503906
vn -0.689453125 -0.0979003906 0.717773438
vn -0.692871094 0 0.721191406
vn -0.0642700195 -0.99609375 0.0630493164
vn -0 -1 0
vn -0.232666016 -0.924804688 0.301269531
vn -0.435791016 -0.705566406 0.55859375
vn -0.602050781 -0.381835938 0.701171875
vn -0.6484375 -0.0979003906 0.754882812
vn -0.651367188 0 0.758789062
vn -0.0775146484 -0.995605469 0.0501708984
vn -0 -1 0
vn -0.262207031 -0.930175781 0.2578125
vn -0.431396484 -0.708496094 0.55859375
vn -0.568359375 -0.381835938 0.729003906
vn -0.611816406 -0.0979003906 0.784667969
vn -0.614746094 0 0.788574219
vn -0.0853271484 -0.995605469 0.0379333496
vn -0 -1 0
vn -0.3125 -0.928222656 0.202148438
vn -0.497070312 -0.717285156 0.488525391
vn -0.564453125 -0.383544922 0.730957031
vn -0.608398438 -0.0981445312 0.787597656
vn -0.611328125 0 0.791503906
vn -0.092590332 -0.995117188 0.0350952148
vn -0 -1 0
vn -0.342041016 -0.927246094 0.151977539
vn -0.587890625 -0.713867188 0.380371094
vn -0.65625 -0.390380859 0.645507812
vn -0.709472656 -0.0994873047 0.697753906
vn -0.712890625 0 0.701171875
vn -0.0921020508 -0.994628906 0.0491027832
vn -0 -1 0
vn -0.359375 -0.923339844 0.136230469
vn -0.641113281 -0.712402344 0.284912109
vn -0.773925781 -0.387939453 0.500488281
vn -0.835449219 -0.0989990234 0.540527344
vn -0.839355469 0 0.543457031
vn -0.0790405273 -0.994628906 0.0682373047
vn -0 -1 0
vn -0.346679688 -0.919433594 0.184692383
vn -0.662109375 -0.706054688 0.250976562
vn -0.842773438 -0.38671875 0.374267578
vn -0.909667969 -0.0986938477 0.404052734
vn -0.9140625 0 0.406005859
vn -0.0629272461 -0.994628906 0.0820922852
vn -0 -1 0
vn -0.297363281 -0.919433594 0.256835938
vn -0.628417969 -0.702148438 0.334716797
vn -0.864257812 -0.381835938 0.327636719
vn -0.930664062 -0.0979003906 0.352783203
vn -0.935058594 0 0.354492188
vn -0.0506591797 -0.995117188 0.0859985352
vn -0 -1 0
vn -0.23815918 -0.920410156 0.310791016
vn -0.5390625 -0.701660156 0.465576172
vn -0.81640625 -0.379394531 0.434814453
vn -0.878417969 -0.0978393555 0.467773438
vn -0.8828125 0 0.470214844
vn -0.0536499023 -0.99609375 0.0684814453
vn -0 -1 0
vn -0.195800781 -0.922363281 0.332519531
vn -0.432861328 -0.702636719 0.564941406
vn -0.700195312 -0.379394531 0.604980469
vn -0.753417969 -0.0977783203 0.650390625
vn -0.756835938 0 0.653808594
vn -0.0718383789 -0.99609375 0.0466308594
vn -0 -1 0
vn -0.22253418 -0.932128906 0.284912109
vn -0.359863281 -0.705078125 0.610839844
vn -0.5625 -0.379638672 0.734375
vn -0.604980469 -0.0977783203 0.790039062
vn -0.607910156 0 0.793945312
vn -0.0853881836 -0.99609375 0.0230102539
vn -0 -1 0
vn -0.300537109 -0.93359375 0.195068359
vn -0.42578125 -0.721679688 0.545898438
vn -0.469238281 -0.381347656 0.796386719
vn -0.504882812 -0.0977783203 0.857421875
vn -0.507324219 0 0.861816406
vn -0.0921020508 -0.995605469 0.00294113159
vn -0 -1 0
vn -0.352050781 -0.931152344 0.094543457
vn -0.578613281 -0.724121094 0.375244141
vn -0.564941406 -0.394042969 0.724609375
vn -0.611816406 -0.100341797 0.784667969
vn -0.615234375 0 0.788574219
vn -0.0935668945 -0.995605469 -0.0113067627
vn -0 -1 0
vn -0.0488586426 -0.998046875 -0.0371398926
vn -0 -1 1.61528587E-05
vn 1.61528587E-05 -1 0
vn 1.84178352E-05 -1 0
vn -0.770019531 -0.396484375 0.499511719
vn -0.834472656 -0.100952148 0.541503906
vn -0.838867188 0 0.544433594
vn -0.372070312 -0.928222656 0.011756897
vn -0.670898438 -0.719238281 0.17980957
vn -0.9609375 -0.0999145508 0.257568359
vn -0.965820312 0 0.259033203
vn -0.888671875 -0.392333984 0.238037109
vn -0.373291016 -0.926757812 -0.0448913574
vn -0.700195312 -0.713867188 0.0220031738
vn -0.994628906 -0.098815918 0.0312042236
vn -0.999511719 0 0.0314025879
vn -0.921386719 -0.387451172 0.0288848877
vn -0.698242188 -0.7109375 -0.0836791992
vn -0.238525391 -0.954101562 -0.181152344
vn -0.98828125 -0.098449707 -0.118347168
vn -0.992675781 0 -0.119018555
vn -0.916015625 -0.385498047 -0.109680176
vn -0.791015625 -0.113342285 -0.601074219
vn -0.796386719 0 -0.604980469
vn -0.504882812 -0.7734375 -0.383300781
vn -0.713867188 -0.443847656 -0.541992188
vn -0.0767822266 -0.993652344 -0.0820922852
vn -0 -1 0
vn -0.671875 -0.0993652344 -0.734375
vn -0.675292969 0 -0.737304688
vn -0.2734375 -0.915527344 -0.295410156
vn -0.110351562 -0.993652344 -0.0263366699
vn -0 -1 0
vn -0.483154297 -0.700195312 -0.525878906
vn -0.624511719 -0.380126953 -0.682617188
vn -0.969726562 -0.0993041992 -0.223876953
vn -0.974121094 0 -0.225341797
vn -0.104125977 -0.994140625 0.0276641846
vn -0 -1 0
vn -0.393554688 -0.914550781 -0.092590332
vn -0.696289062 -0.69921875 -0.161865234
vn -0.901367188 -0.379394531 -0.208129883
vn -0.960449219 -0.0982666016 0.260986328
vn -0.96484375 0 0.261962891
vn -0.0886230469 -0.994628906 0.0492248535
vn -0 -1 0
vn -0.383789062 -0.917480469 0.103027344
vn -0.688964844 -0.700683594 0.186523438
vn -0.893066406 -0.379150391 0.242797852
vn -0.869628906 -0.0980834961 0.484375
vn -0.873535156 0 0.486572266
vn -0.0820922852 -0.995605469 0.0456237793
vn -0 -1 0
vn -0.338867188 -0.921875 0.188476562
vn -0.619628906 -0.704589844 0.344970703
vn -0.807617188 -0.381347656 0.449707031
vn -0.869628906 -0.0986938477 0.484130859
vn -0.873535156 0 0.486572266
vn -0.0862426758 -0.995605469 0.0318908691
vn -0 -1 0
vn -0.327880859 -0.926757812 0.182250977
vn -0.613769531 -0.711914062 0.341308594
vn -0.805664062 -0.386474609 0.448730469
vn -0.932617188 -0.0990600586 0.346435547
vn -0.9375 0 0.348144531
vn -0.0894775391 -0.99609375 0.0136795044
vn -0 -1 0
vn -0.348388672 -0.928222656 0.12902832
vn -0.65625 -0.714355469 0.243408203
vn -0.863769531 -0.388183594 0.320800781
vn -0.983398438 -0.0994262695 0.152587891
vn -0.98828125 0 0.153320312
vn -0.0907592773 -0.99609375 -0.00537109375
vn -0 -1 0
vn -0.364501953 -0.9296875 0.056060791
vn -0.689453125 -0.716308594 0.106567383
vn -0.91015625 -0.389892578 0.141113281
vn -0.993652344 -0.0997314453 -0.0538330078
vn -0.998535156 0 -0.0544128418
vn -0.0717163086 -0.997070312 -0.0313110352
vn -0 -1 0
vn -0.368164062 -0.9296875 -0.0208282471
vn -0.696289062 -0.716796875 -0.038269043
vn -0.919433594 -0.390625 -0.0498046875
vn -0.913085938 -0.104736328 -0.394287109
vn -0.91796875 0 -0.396972656
vn -0.0559997559 -0.996582031 -0.0626831055
vn -0 -1 0
vn -0.3125 -0.940429688 -0.135375977
vn -0.618164062 -0.739746094 -0.266845703
vn -0.837402344 -0.410644531 -0.361083984
vn -0.657714844 -0.102233887 -0.746582031
vn -0.661621094 0 -0.75
vn -0.0374755859 -0.99609375 -0.0820922852
vn -0 -1 0
vn -0.23449707 -0.935546875 -0.264892578
vn -0.452880859 -0.728515625 -0.513671875
vn -0.60546875 -0.400878906 -0.687988281
vn -0.409179688 -0.0993652344 -0.907226562
vn -0.411376953 0 -0.911621094
vn -0.021774292 -0.995605469 -0.0908203125
vn -1.15036964E-05 -1 0
vn -0.152099609 -0.9296875 -0.335449219
vn -0.287353516 -0.716796875 -0.635742188
vn -0.378662109 -0.389892578 -0.839355469
vn -0.23034668 -0.0983886719 -0.968261719
vn -0.231567383 0 -0.97265625
vn -0.0142364502 -0.995117188 -0.0965576172
vn -0 -1 0
vn -0.087097168 -0.927246094 -0.364501953
vn -0.162841797 -0.711425781 -0.68359375
vn -0.213623047 -0.385742188 -0.897460938
vn -0.14465332 -0.0977172852 -0.984863281
vn -0.145385742 0 -0.989257812
vn -0.0123825073 -0.995117188 -0.0970458984
vn 1.01923943E-05 -1 0
vn -0.0557250977 -0.923828125 -0.378417969
vn -0.102966309 -0.706542969 -0.700195312
vn -0.134399414 -0.382080078 -0.9140625
vn -0.125976562 -0.0977783203 -0.987304688
vn -0.126586914 0 -0.9921875
vn -0.0111160278 -0.995117188 -0.0971679688
vn -0 -1 0
vn -0.0484924316 -0.923828125 -0.379638672
vn -0.0895996094 -0.706542969 -0.701660156
vn -0.116943359 -0.382080078 -0.916503906
vn -0.112915039 -0.0978393555 -0.988769531
vn -0.11340332 0 -0.993652344
vn -0.0108642578 -0.995117188 -0.0977172852
vn -0 -1 0
vn -0.0434570312 -0.923828125 -0.380126953
vn -0.0802612305 -0.70703125 -0.702636719
vn -0.104858398 -0.382324219 -0.91796875
vn -0.109863281 -0.0978393555 -0.989257812
vn -0.110351562 0 -0.993652344
vn -0.0167236328 -0.994628906 -0.0998535156
vn -0 -1 0
vn -0.0423583984 -0.923339844 -0.381103516
vn -0.078125 -0.706542969 -0.703613281
vn -0.101989746 -0.382080078 -0.918457031
vn -0.164306641 -0.0977172852 -0.981445312
vn -0.165039062 0 -0.986328125
vn -0.0299072266 -0.994628906 -0.0981445312
vn -0 -1 0
vn -0.0640869141 -0.921386719 -0.3828125
vn -0.117248535 -0.704101562 -0.700683594
vn -0.152709961 -0.380371094 -0.912109375
vn -0.289794922 -0.0977172852 -0.952148438
vn -0.291259766 0 -0.956542969
vn -0.0472106934 -0.994628906 -0.0924072266
vn -0 -1 0
vn -0.113708496 -0.920898438 -0.373291016
vn -0.20715332 -0.703125 -0.680175781
vn -0.26953125 -0.379882812 -0.884765625
vn -0.452636719 -0.0977783203 -0.886230469
vn -0.454833984 0 -0.890625
vn -0.0646972656 -0.994628906 -0.081237793
vn -0 -1 0
vn -0.178222656 -0.919921875 -0.349121094
vn -0.323730469 -0.702148438 -0.634277344
vn -0.420654297 -0.379394531 -0.82421875
vn -0.620117188 -0.0978393555 -0.778320312
vn -0.623046875 0 -0.782226562
vn -0.0723876953 -0.995117188 -0.069152832
vn -0 -1 0
vn -0.244262695 -0.919921875 -0.306640625
vn -0.0283355713 -0.997558594 -0.0608520508
vn -0 -1 0
vn -0 -1 0
vn -0 -1 0
vn -0 -1 0
vn -0 -1 0
vn -0.443603516 -0.702148438 -0.556640625
vn -0.279296875 -0.922363281 -0.266845703
vn -0.00423812866 -0.995117188 -0.0985107422
vn -0 -1 0
vn -0.576660156 -0.379638672 -0.723632812
vn -0.512695312 -0.705078125 -0.490234375
vn -0.133178711 -0.94921875 -0.285644531
vn -0.00574493408 -0.995117188 -0.0979003906
vn -0 -1 0
vn -0.66796875 -0.381103516 -0.639160156
vn -0.016494751 -0.923339844 -0.383056641
vn -0.275146484 -0.759277344 -0.589355469
vn -0.0121002197 -0.994628906 -0.100524902
vn -0 -1 0
vn -0.719238281 -0.0977783203 -0.687988281
vn -0.72265625 0 -0.690917969
vn -0.022354126 -0.923828125 -0.381835938
vn -0.030456543 -0.70703125 -0.706542969
vn -0.381835938 -0.429199219 -0.818359375
vn -0.420166016 -0.109313965 -0.900878906
vn -0.422607422 0 -0.90625
vn -0.0315551758 -0.994628906 -0.100158691
vn -0 -1 0
vn -0.046295166 -0.921875 -0.385009766
vn -0.0412597656 -0.707519531 -0.705566406
vn -0.0397949219 -0.382568359 -0.922851562
vn -0.0428466797 -0.0980834961 -0.994140625
vn -0.0430297852 0 -0.999023438
vn -0.0673828125 -0.994140625 -0.0867919922
vn -0 -1 1.06692314E-05
vn -0.117980957 -0.919433594 -0.375244141
vn -0.0846557617 -0.704589844 -0.704589844
vn -0.053894043 -0.383056641 -0.922363281
vn -0.0580749512 -0.0981445312 -0.993652344
vn -0.0583496094 0 -0.998535156
vn -0.100769043 -0.993652344 -0.046661377
vn -0 -1 0
vn -0.244873047 -0.916503906 -0.316650391
vn -0.213256836 -0.702148438 -0.6796875
vn -0.110290527 -0.381347656 -0.91796875
vn -0.118713379 -0.0980224609 -0.98828125
vn -0.11932373 0 -0.992675781
vn -0.102539062 -0.994628906 -0.00868225098
vn -0 -1 -1.44839287E-05
vn -0.364257812 -0.916015625 -0.167724609
vn -0.436279297 -0.699707031 -0.565917969
vn -0.276611328 -0.379638672 -0.8828125
vn -0.297607422 -0.0980224609 -0.949707031
vn -0.299316406 0 -0.954101562
vn -0.0972900391 -0.995117188 -1.68085098E-05
vn -0 -1 0
vn -0.388916016 -0.920898438 -0.0323791504
vn -0.0566101074 -0.998046875 -0.0277709961
vn -0 -1 0
vn -0 -1 0
vn -0 -1 0
vn -0 -1 0
vn -0 -1 0
vn -0 -1 0
vn -0.606933594 -0.098449707 -0.788574219
vn -0.610351562 0 -0.792480469
vn -0.648925781 -0.700195312 -0.297607422
vn -0.0735473633 -0.994628906 -0.0744018555
vn -0 -1 0
vn -0.564453125 -0.378662109 -0.733398438
vn -0.904785156 -0.0990600586 -0.4140625
vn -0.909179688 0 -0.416259766
vn -0.841308594 -0.379882812 -0.384765625
vn -0.708496094 -0.703613281 -0.0583496094
vn -0.991699219 -0.0979614258 -0.0812988281
vn -0.996582031 0 -0.0818481445
vn -0.921875 -0.380371094 -0.0755004883
vn -0.380859375 -0.924804688 -3.26037407E-05
vn -0.995117188 -0.098449707 5.69224358E-05
vn -1 0 5.67436218E-05
vn -0.705566406 -0.708984375 0
vn -0.272949219 -0.952636719 -0.134277344
vn -0.923339844 -0.384033203 3.71336937E-05
vn -0.573242188 -0.769042969 -0.282226562
vn -0.276367188 -0.919433594 -0.279296875
vn -0.806152344 -0.439453125 -0.396728516
vn -0.886230469 0.177368164 -0.427490234
vn -0.673828125 0.737792969 0.0379333496
vn -0.0919189453 -0.994140625 -0.0528869629
vn -0 -1 0
vn -0.500976562 -0.702148438 -0.505859375
vn -0.891601562 -0.112121582 -0.438720703
vn -0.103515625 -0.994140625 -0.0236358643
vn -0 -1 0
vn -0.342041016 -0.918945312 -0.197143555
vn -0.650878906 -0.379638672 -0.657226562
vn -0.105407715 -0.994628906 0.00698852539
vn -0 -1 0
vn -0.385253906 -0.918457031 -0.0878295898
vn -0.6171875 -0.701660156 -0.355957031
vn -0.700195312 -0.0979614258 -0.70703125
vn -0.099609375 -0.994140625 0.0383605957
vn -0 -1 0
vn -0.393554688 -0.918945312 0.0260314941
vn -0.694824219 -0.701171875 -0.158325195
vn -0.801269531 -0.379638672 -0.462402344
vn -0.0842285156 -0.994628906 0.0578918457
vn -0 -1 0
vn -0.369384766 -0.918457031 0.142333984
vn -0.7109375 -0.701660156 0.0469360352
vn -0.90234375 -0.379394531 -0.205444336
vn -0.861816406 -0.0982055664 -0.497314453
vn -0.0760498047 -0.995117188 0.0640869141
vn -0 -1 0
vn -0.320800781 -0.920898438 0.220703125
vn -0.665039062 -0.701171875 0.256347656
vn -0.923339844 -0.379394531 0.0608825684
vn -0.0729980469 -0.995117188 0.0664672852
vn -0 -1 0
vn -0.294433594 -0.922851562 0.248168945
vn -0.585449219 -0.703613281 0.402832031
vn -0.0715332031 -0.995117188 0.0670166016
vn -0 -1 0
vn -0.283691406 -0.923339844 0.258544922
vn -0.0715942383 -0.995117188 0.0662231445
vn -0 -1 0
vn -0.970214844 -0.0981445312 -0.220947266
vn -0.86328125 -0.379394531 0.332763672
vn -0.541503906 -0.706054688 0.456542969
vn -0.279296875 -0.923828125 0.261474609
vn -0.0726318359 -0.995117188 0.064453125
vn -0 -1 0
vn -0.993164062 -0.0980834961 0.0654907227
vn -0.76171875 -0.380371094 0.524414062
vn -0.522949219 -0.706542969 0.4765625
vn -0.280273438 -0.924316406 0.259277344
vn -0.07421875 -0.995117188 0.0634155273
vn -0 -1 0
vn -0.928710938 -0.0982055664 0.357910156
vn -0.706542969 -0.381835938 0.595703125
vn -0.516113281 -0.707519531 0.483154297
vn -0.284912109 -0.924804688 0.252929688
vn -0.0713500977 -0.997070312 0.0332946777
vn -0 -1 0
vn -0.819824219 -0.0978393555 0.564453125
vn -0.683105469 -0.382324219 0.622070312
vn -0.518554688 -0.708007812 0.479736328
vn -0.290283203 -0.924316406 0.248046875
vn -0.0977172852 -0.995117188 0.0188446045
vn -0 -1 0
vn -0.760742188 -0.0979614258 0.641601562
vn -0.674316406 -0.3828125 0.631347656
vn -0.527832031 -0.708496094 0.468505859
vn -0.311523438 -0.938964844 0.145019531
vn -0.0953369141 -0.995117188 0.0194854736
vn -0 -1 0
vn -0.735839844 -0.0980224609 0.669921875
vn -0.677734375 -0.383300781 0.627441406
vn -0.537109375 -0.708007812 0.458740234
vn -0.378417969 -0.922851562 0.0731201172
vn -0.0960083008 -0.995117188 0.0178222656
vn -0 -1 0
vn -0.7265625 -0.0980834961 0.680175781
vn -0.690917969 -0.383544922 0.612792969
vn -0.614746094 -0.735351562 0.285644531
vn -0.373779297 -0.924316406 0.0763549805
vn -0.0975341797 -0.995117188 0.0199890137
vn -0 -1 0
vn -0.73046875 -0.0981445312 0.67578125
vn -0.702148438 -0.383300781 0.600097656
vn -0.695800781 -0.705078125 0.134643555
vn -0.375732422 -0.924316406 0.0697021484
vn -0.0975952148 -0.994628906 0.0295562744
vn -0 -1 0
vn -0.744140625 -0.0982055664 0.660644531
vn -0.828613281 -0.406005859 0.385253906
vn -0.692382812 -0.707519531 0.141479492
vn -0.377441406 -0.922851562 0.077331543
vn -0.092956543 -0.994628906 0.0461730957
vn -0 -1 0
vn -0.756835938 -0.0981445312 0.646484375
vn -0.907714844 -0.381347656 0.17565918
vn -0.694824219 -0.707519531 0.12890625
vn -0.372558594 -0.921386719 0.112854004
vn -0.0810546875 -0.994628906 0.067565918
vn -0 -1 0
vn -0.901855469 -0.103210449 0.419433594
vn -0.904785156 -0.383056641 0.184936523
vn -0.694335938 -0.705566406 0.142211914
vn -0.351074219 -0.919921875 0.174316406
vn -0.0640258789 -0.994628906 0.078918457
vn -0 -1 0
vn -0.977050781 -0.0977783203 0.189086914
vn -0.908203125 -0.3828125 0.168457031
vn -0.680175781 -0.703613281 0.206054688
vn -0.302978516 -0.918945312 0.252441406
vn -0.0608520508 -0.99609375 0.0660400391
vn -0 -1 0
vn -0.975097656 -0.0980834961 0.19921875
vn -0.905273438 -0.381591797 0.185546875
vn -0.637695312 -0.702148438 0.316650391
vn -0.244873047 -0.921386719 0.302001953
vn -0.0740356445 -0.99609375 0.0447387695
vn -0 -1 0
vn -0.978515625 -0.0980224609 0.181518555
vn -0.885253906 -0.380371094 0.268066406
vn -0.547363281 -0.701660156 0.456542969
vn -0.248657227 -0.930175781 0.270507812
vn -0.082824707 -0.996582031 0.0164642334
vn -0 -1 0
vn -0.975097656 -0.0979003906 0.199707031
vn -0.828613281 -0.379638672 0.411376953
vn -0.447509766 -0.703613281 0.551757812
vn -0.307861328 -0.933105469 0.186523438
vn -0.0930786133 -0.995605469 -0.00623321533
vn -0 -1 0
vn -0.952636719 -0.0977783203 0.288574219
vn -0.710449219 -0.379150391 0.592773438
vn -0.471435547 -0.717285156 0.513183594
vn -0.349121094 -0.934570312 0.0688476562
vn -0.0966186523 -0.995117188 -0.0145874023
vn -0 -1 0
vn -0.891601562 -0.0977783203 0.442626953
vn -0.582519531 -0.380371094 0.718261719
vn -0.590332031 -0.723144531 0.358154297
vn -0.373291016 -0.927246094 -0.0253295898
vn -0.0960083008 -0.995117188 -0.0165557861
vn -0 -1 0
vn -0.764160156 -0.0979614258 0.637207031
vn -0.622558594 -0.390625 0.678222656
vn -0.674316406 -0.726074219 0.132568359
vn -0.378173828 -0.923828125 -0.0571289062
vn -0.0956420898 -0.995117188 -0.0188751221
vn -0 -1 0
vn -0.626953125 -0.0977172852 0.772949219
vn -0.78515625 -0.395751953 0.476318359
vn -0.700195312 -0.712402344 -0.0478515625
vn -0.376464844 -0.924316406 -0.0649414062
vn -0.0938110352 -0.995117188 -0.0223388672
vn -0 -1 0
vn -0.672851562 -0.0995483398 0.732910156
vn -0.899902344 -0.398193359 0.176635742
vn -0.69921875 -0.70703125 -0.105712891
vn -0.374755859 -0.924316406 -0.0739746094
vn -0.0894775391 -0.995605469 -0.0297393799
vn -0 -1 0
vn -0.850585938 -0.100769043 0.515625
vn -0.919921875 -0.386474609 -0.0631103516
vn -0.696777344 -0.707519531 -0.120178223
vn -0.369873047 -0.924804688 -0.0880126953
vn -0.0848999023 -0.995605469 -0.0404663086
vn -0 -1 0
vn -0.976074219 -0.101379395 0.191772461
vn -0.913574219 -0.382324219 -0.138061523
vn -0.693359375 -0.707519531 -0.136962891
vn -0.356933594 -0.926757812 -0.118652344
vn -0.0784301758 -0.995605469 -0.0512390137
vn -0 -1 0
vn -0.992675781 -0.0986938477 -0.0680541992
vn -0.910644531 -0.382568359 -0.157104492
vn -0.686523438 -0.708496094 -0.163452148
vn -0.339111328 -0.926757812 -0.161743164
vn -0.0813598633 -0.995117188 -0.0581359863
vn -0 -1 0
vn -0.983886719 -0.0979003906 -0.148803711
vn -0.90625 -0.382568359 -0.178955078
vn -0.667480469 -0.7109375 -0.221801758
vn -0.314208984 -0.926757812 -0.205200195
vn -0.0938720703 -0.994628906 -0.0476379395
vn -0 -1 0
vn -0.98046875 -0.0979003906 -0.169189453
vn -0.8984375 -0.383544922 -0.213745117
vn -0.634765625 -0.711425781 -0.302490234
vn -0.314453125 -0.922363281 -0.224609375
vn -0.0998535156 -0.994628906 -0.0269012451
vn -0 -1 0
vn -0.9765625 -0.0979003906 -0.192749023
vn -0.875488281 -0.385498047 -0.291015625
vn -0.588378906 -0.711425781 -0.384277344
vn -0.351806641 -0.918945312 -0.178588867
vn -0.101013184 -0.994628906 -0.012802124
vn -0 -1 0
vn -0.968261719 -0.0980834961 -0.23034668
vn -0.833007812 -0.385742188 -0.396972656
vn -0.577636719 -0.704589844 -0.412597656
vn -0.378662109 -0.919921875 -0.101928711
vn -0.100036621 -0.995117188 -0.00519561768
vn -0 -1 0
vn -0.944335938 -0.0983886719 -0.313720703
vn -0.772460938 -0.385742188 -0.504394531
vn -0.636230469 -0.700683594 -0.322998047
vn -0.386962891 -0.920898438 -0.0489501953
vn -0.0983276367 -0.995117188 -0.0041885376
vn -0 -1 0
vn -0.8984375 -0.098449707 -0.428222656
vn -0.752441406 -0.380615234 -0.537597656
vn -0.688476562 -0.701171875 -0.185180664
vn -0.387207031 -0.921875 -0.0200500488
vn -0.098815918 -0.995117188 -0.0062789917
vn -0 -1 0
vn -0.833496094 -0.098449707 -0.543945312
vn -0.825683594 -0.378417969 -0.418945312
vn -0.706542969 -0.702148438 -0.0893554688
vn -0.384765625 -0.922851562 -0.0163269043
vn -0.0993652344 -0.995117188 -0.00785064697
vn -0 -1 0
vn -0.810058594 -0.0975952148 -0.578613281
vn -0.894042969 -0.378417969 -0.240234375
vn -0.710449219 -0.702636719 -0.0367126465
vn -0.385742188 -0.922363281 -0.0244445801
vn -0.100158691 -0.995117188 -0.00888061523
vn -0 -1 0
vn -0.887695312 -0.0975341797 -0.450439453
vn -0.918457031 -0.378662109 -0.116027832
vn -0.709472656 -0.704101562 -0.0300140381
vn -0.387207031 -0.921386719 -0.0305175781
vn -0.102416992 -0.994628906 -0.00777053833
vn -0 -1 0
vn -0.9609375 -0.0972900391 -0.258300781
vn -0.924316406 -0.379150391 -0.047668457
vn -0.710449219 -0.702636719 -0.0448913574
vn -0.389404297 -0.920410156 -0.0344543457
vn -0.104187012 -0.994628906 -0.00414276123
vn -0 -1 0
vn -0.987304688 -0.0971679688 -0.124755859
vn -0.924316406 -0.379638672 -0.0390014648
vn -0.711425781 -0.700683594 -0.0559387207
vn -0.394775391 -0.918457031 -0.029876709
vn -0.106384277 -0.994140625 0.00329971313
vn -0 -1 0
vn -0.994140625 -0.0970458984 -0.0512390137
vn -0.923828125 -0.378173828 -0.0582885742
vn -0.713378906 -0.698242188 -0.0629272461
vn -0.400146484 -0.916503906 -0.0154342651
vn -0.102416992 -0.994628906 0.0253143311
vn -0 -1 0
vn -0.994628906 -0.0969238281 -0.0419006348
vn -0.923339844 -0.376464844 -0.0725097656
vn -0.718261719 -0.693847656 -0.0542297363
vn -0.401367188 -0.915527344 0.0173797607
vn -0.0804443359 -0.995117188 0.0554199219
vn -0 -1 0
vn -0.993164062 -0.0965576172 -0.0626220703
vn -0.923828125 -0.374267578 -0.0813598633
vn -0.724121094 -0.688964844 -0.0272064209
vn -0.375732422 -0.920898438 0.102172852
vn -0.040802002 -0.994628906 0.0936889648
vn 4.22596931E-05 -1 1.88946724E-05
vn -0.9921875 -0.0960693359 -0.0778198242
vn -0.926269531 -0.370605469 -0.0697631836
vn -0.722167969 -0.690917969 0.0373840332
vn -0.297851562 -0.930664062 0.212158203
vn 0.000727176666 -0.994628906 0.101928711
vn -0 -1 0
vn -0.991699219 -0.0953979492 -0.0872802734
vn -0.9296875 -0.366699219 -0.0343017578
vn -0.676269531 -0.709960938 0.196289062
vn -0.152709961 -0.928710938 0.337646484
vn 0.0222625732 -0.994628906 0.102661133
vn -2.62856483E-05 -1 0
vn -0.992675781 -0.0944213867 -0.0747070312
vn -0.927734375 -0.369384766 0.052154541
vn -0.548339844 -0.734375 0.399902344
vn -0.00212287903 -0.923339844 0.384033203
vn 0.0332946777 -0.994628906 0.0962524414
vn -1.26361847E-05 -1 0
vn -0.995117188 -0.0932617188 -0.0364685059
vn -0.882324219 -0.388671875 0.265625
vn -0.286865234 -0.734863281 0.614746094
vn 0.080871582 -0.918457031 0.386962891
vn 0.0350646973 -0.995117188 0.0928344727
vn 1.47223473E-05 -1 0
vn -0.994140625 -0.0942993164 0.055847168
vn -0.732421875 -0.411621094 0.541992188
vn -0.00994873047 -0.712402344 0.701660156
vn 0.127929688 -0.919921875 0.370605469
vn 0.0347595215 -0.995117188 0.0928344727
vn -0 -1 0
vn -0.952636719 -0.101135254 0.286865234
vn -0.391845703 -0.413085938 0.821777344
vn 0.142578125 -0.69921875 0.700683594
vn 0.136352539 -0.922363281 0.362060547
vn 0.0347595215 -0.995117188 0.0925292969
vn -1.49607658E-05 -1 0
vn -0.798828125 -0.108947754 0.591796875
vn -0.0173797607 -0.389404297 0.920898438
vn 0.233154297 -0.698730469 0.676269531
vn 0.135253906 -0.922363281 0.361572266
vn 0.034942627 -0.995117188 0.0922851562
vn -0 -1 0
vn -0.428222656 -0.110717773 0.896972656
vn 0.182128906 -0.376708984 0.908203125
vn 0.250244141 -0.702636719 0.666503906
vn 0.135498047 -0.922851562 0.360595703
vn 0.0380249023 -0.995117188 0.0925292969
vn -0 -1 0
vn -0.0185394287 -0.101013184 0.994628906
vn 0.301513672 -0.375244141 0.876464844
vn 0.248657227 -0.703613281 0.666015625
vn 0.136108398 -0.922851562 0.359619141
vn 0.052154541 -0.994628906 0.0904541016
vn -0 -1 0
vn 0.195800781 -0.096862793 0.976074219
vn 0.324951172 -0.378417969 0.866699219
vn 0.249389648 -0.704589844 0.664550781
vn 0.146850586 -0.922363281 0.357666016
vn 0.0718994141 -0.994628906 0.0768432617
vn -0 -1 0
vn 0.323486328 -0.0958862305 0.94140625
vn 0.323242188 -0.379394531 0.866699219
vn 0.250732422 -0.705078125 0.663085938
vn 0.196289062 -0.919433594 0.340820312
vn 0.0874023438 -0.994628906 0.0575866699
vn -0 -1 -1.50799751E-05
vn 0.349365234 -0.0966186523 0.932128906
vn 0.324707031 -0.380126953 0.866210938
vn 0.26953125 -0.704101562 0.656738281
vn 0.26953125 -0.918945312 0.288085938
vn 0.0947265625 -0.994628906 0.0393066406
vn -0 -1 -1.47223473E-05
vn 0.34765625 -0.0969848633 0.932617188
vn 0.326904297 -0.380859375 0.864746094
vn 0.355712891 -0.701171875 0.618164062
vn 0.328613281 -0.919433594 0.216552734
vn 0.0877685547 -0.995605469 0.0346374512
vn -0 -1 1.84774399E-05
vn 0.349365234 -0.0972900391 0.932128906
vn 0.350830078 -0.380371094 0.855957031
vn 0.487304688 -0.700683594 0.520996094
vn 0.360351562 -0.920898438 0.149658203
vn 0.0798950195 -0.995605469 0.0460205078
vn -0 -1 1.84178352E-05
vn 0.3515625 -0.0974731445 0.931152344
vn 0.461425781 -0.378417969 0.802246094
vn 0.595214844 -0.701171875 0.392333984
vn 0.350097656 -0.926757812 0.138061523
vn 0.0706787109 -0.995605469 0.0592651367
vn -0 -1 0
vn 0.377441406 -0.0974731445 0.920898438
vn 0.632324219 -0.378417969 0.676269531
vn 0.657226562 -0.702636719 0.272705078
vn 0.322509766 -0.928222656 0.185546875
vn 0.0648803711 -0.995605469 0.0701293945
vn 1.13248825E-05 -1 -1.13248825E-05
vn 0.49609375 -0.0975341797 0.862792969
vn 0.772949219 -0.37890625 0.509277344
vn 0.654296875 -0.7109375 0.2578125
vn 0.28515625 -0.928222656 0.239135742
vn 0.078125 -0.994628906 0.0704345703
vn -0 -1 0
vn 0.6796875 -0.0975952148 0.727050781
vn 0.854492188 -0.379882812 0.354736328
vn 0.606933594 -0.713867188 0.349121094
vn 0.256835938 -0.92578125 0.277832031
vn 0.0960693359 -0.994140625 0.0463562012
vn -0 -1 1.21593475E-05
vn 0.831054688 -0.09765625 0.547363281
vn 0.858398438 -0.385498047 0.338378906
vn 0.536621094 -0.713867188 0.450195312
vn 0.292236328 -0.918945312 0.263916016
vn 0.104248047 -0.994628906 0.0165863037
vn -0 -1 0
vn 0.918945312 -0.09765625 0.381591797
vn 0.798828125 -0.387695312 0.459472656
vn 0.478271484 -0.709960938 0.517089844
vn 0.356689453 -0.918457031 0.17199707
vn 0.102844238 -0.994628906 -0.00673294067
vn -0 -1 -1.28746033E-05
vn 0.92578125 -0.098449707 0.364990234
vn 0.706054688 -0.387695312 0.592285156
vn 0.528808594 -0.701660156 0.477783203
vn 0.389648438 -0.918945312 0.0618286133
vn 0.095703125 -0.995117188 -0.0125961304
vn -0 -1 -1.22785568E-05
vn 0.862792969 -0.0989379883 0.49609375
vn 0.626464844 -0.384765625 0.677734375
vn 0.642578125 -0.700683594 0.309814453
vn 0.389892578 -0.920410156 -0.0255584717
vn 0.0946655273 -0.995605469 -0.00547027588
vn -0 -1 1.29342079E-05
vn 0.762207031 -0.0989379883 0.639648438
vn 0.686035156 -0.379394531 0.620605469
vn 0.704101562 -0.701171875 0.111572266
vn 0.376708984 -0.924804688 -0.0495300293
vn 0.0948486328 -0.995605469 0.00378608704
vn -0 -1 1.29938126E-05
vn 0.67578125 -0.0983276367 0.730957031
vn 0.833496094 -0.37890625 0.401855469
vn 0.709960938 -0.703125 -0.0466308594
vn 0.376220703 -0.926269531 -0.0218353271
vn 0.0941772461 -0.995605469 0.0127029419
vn -0 -1 0
vn 0.73828125 -0.0979003906 0.667480469
vn 0.9140625 -0.379150391 0.14465332
vn 0.69921875 -0.708984375 -0.0919189453
vn 0.376953125 -0.926269531 0.0149536133
vn 0.0928955078 -0.995605469 0.0211334229
vn -0 -1 0
vn 0.896484375 -0.0980224609 0.432128906
vn 0.922851562 -0.380126953 -0.0606994629
vn 0.702148438 -0.710449219 -0.040802002
vn 0.374023438 -0.926269531 0.0504455566
vn 0.0900268555 -0.995605469 0.0296020508
vn -0 -1 0
vn 0.982910156 -0.0979003906 0.155639648
vn 0.915527344 -0.383789062 -0.120300293
vn 0.703125 -0.710449219 0.0278625488
vn 0.368408203 -0.92578125 0.0838012695
vn 0.0863037109 -0.995605469 0.0386352539
vn -0 -1 -1.63316727E-05
vn 0.00928497314 -0.999511719 0.0316467285
vn 1.257658E-05 -1 0
vn 1.24573708E-05 -1 3.31401825E-05
vn 1.49011612E-05 -1 2.68220901E-05
vn -0 -1 2.86102295E-05
vn -0 -1 2.69412994E-05
vn -2.52127647E-05 -1 0
vn 0.358154297 -0.926269531 0.117675781
vn 0.697753906 -0.710449219 0.0940551758
vn -0.0523986816 -0.995605469 0.0784301758
vn -1.68681145E-05 -1 0
vn 0.343505859 -0.926269531 0.153930664
vn 0.686523438 -0.709960938 0.15625
vn -0.0590209961 -0.995117188 0.0780029297
vn -0 -1 0
vn 0.0581054688 -0.978027344 0.199707031
vn 0.668457031 -0.710449219 0.219604492
vn -0.0592346191 -0.995117188 0.0779418945
vn -0 -1 0
vn -0.208496094 -0.926269531 0.313232422
vn 0.641601562 -0.7109375 0.287353516
vn -0.0586547852 -0.995117188 0.0795898438
vn -0 -1 0
vn -0.23046875 -0.924316406 0.3046875
vn 0.142700195 -0.859863281 0.490478516
vn -0.055267334 -0.995117188 0.0833129883
vn -0 -1 0
vn -0.231323242 -0.923828125 0.304443359
vn -0.389160156 -0.7109375 0.5859375
vn -0.0484313965 -0.995117188 0.0887451172
vn -0 -1 0
vn -0.0512084961 -0.996582031 0.0624084473
vn -0 -1 0
vn -0 -1 0
vn -0 -1 0
vn -0 -1 0
vn -0 -1 0
vn -0.426269531 -0.707519531 0.563476562
vn -0.0781860352 -0.995117188 0.0605773926
vn -0 -1 0
vn -0.0740966797 -0.994628906 0.0725097656
vn 1.3589859E-05 -1 1.10864639E-05
vn -0.0579528809 -0.994628906 0.0865478516
vn -0 -1 0
vn -0.0390014648 -0.994628906 0.0959472656
vn -0 -1 0
vn -0.0289764404 -0.995117188 0.092590332
vn 1.75237656E-05 -1 0
vn -0.039855957 -0.99609375 0.0776367188
vn -1.90734863E-05 -1 -1.32322311E-05
vn -0.0605773926 -0.995605469 0.0681152344
vn -1.9133091E-05 -1 -1.33514404E-05
vn -0.0729980469 -0.995605469 0.0571289062
vn -0 -1 0
vn -0.0816650391 -0.995117188 0.0559997559
vn -0 -1 0
vn -0.0781860352 -0.994628906 0.0673217773
vn -0 -1 0
vn -0.0631713867 -0.994628906 0.0835571289
vn -0 -1 0
vn -0.0395202637 -0.994140625 0.0982055664
vn 1.52587891E-05 -1 0
vn -0.00760269165 -0.994140625 0.106811523
vn 1.54972076E-05 -1 0
vn 0.0286865234 -0.994140625 0.10345459
vn -1.34706497E-05 -1 0
vn 0.0584106445 -0.994628906 0.0880126953
vn -1.31130219E-05 -1 0
vn 0.0758666992 -0.994628906 0.0700683594
vn -0 -1 0
vn 0.0803222656 -0.995117188 0.0579833984
vn -0 -1 0
vn 0.0737304688 -0.995605469 0.0576477051
vn -0 -1 0
vn 0.0527954102 -0.996582031 0.067199707
vn -0 -1 0
vn 0.021484375 -0.996582031 0.0811767578
vn -0 -1 0
vn -0 -1 0
vn 0.0108337402 -0.994628906 0.100524902
vn 2.21729279E-05 -1 0
vn 0.0212249756 -0.995117188 0.0988769531
vn -0 -1 0
vn 0.0307617188 -0.995117188 0.0960083008
vn -0 -1 0
vn 0.0385742188 -0.995117188 0.0925292969
vn 1.96695328E-05 -1 0
vn 0.0445861816 -0.995117188 0.0893554688
vn -0 -1 0
vn 0.0502929688 -0.995117188 0.0864868164
vn -1.96099281E-05 -1 1.22189522E-05
vn 0.056427002 -0.995117188 0.082824707
vn -0 -1 0
vn 0.059387207 -0.995117188 0.0787963867
vn -0 -1 0
vn 0.0526123047 -0.995605469 0.0778808594
vn -2.31862068E-05 -1 1.63912773E-05
vn 0.0449829102 -0.995605469 0.0840454102
vn -0 -1 0
vn 0.0389709473 -0.995605469 0.0877075195
vn -0 -1 0
vn 0.0390014648 -0.995117188 0.0911254883
vn -0 -1 0
vn 0.0523376465 -0.994628906 0.08984375
vn -0 -1 0
vn 0.0709838867 -0.994628906 0.0767211914
vn -0 -1 0
vn 0.0855712891 -0.994628906 0.0591125488
vn -0 -1 0
vn 0.092590332 -0.994628906 0.0426635742
vn -0 -1 0
vn 0.0164794922 -0.999511719 0.033782959
vn -0 -1 0
vn 2.56299973E-05 -1 -2.348423E-05
vn -3.83853912E-05 -1 0
vn -4.53591347E-05 -1 1.51991844E-05
vn -0 -1 0
vn -0 -1 0
vn -0 -1 0
vn -0.0293579102 -0.995117188 0.0930175781
vn -0 -1 0
vn -0.0199279785 -0.994628906 0.102844238
vn -0 -1 0
vn 0.00680923462 -0.994628906 0.105285645
vn -0 -1 0
vn 0.032989502 -0.994628906 0.0994262695
vn -0 -1 0
vn 0.0519104004 -0.994628906 0.0889892578
vn -0 -1 0
vn 0.0613708496 -0.995117188 0.0795898438
vn -0 -1 0
vn 0.0693359375 -0.994628906 0.0738525391
vn -0 -1 0
vn 0.0816650391 -0.994628906 0.0638427734
vn -0 -1 -1.31130219E-05
vn 0.0954589844 -0.994628906 0.0445556641
vn -0 -1 0
vn 0.0949707031 -0.995117188 0.0281677246
vn -0 -1 1.87754631E-05
vn 0.091003418 -0.995605469 0.0291442871
vn -0 -1 0
vn 0.0880126953 -0.995605469 0.0364074707
vn -0 -1 0
vn 0.0840454102 -0.995605469 0.044128418
vn -0 -1 0
vn 0.073425293 -0.995605469 0.0538330078
vn -0 -1 0
vn 0.0659790039 -0.995605469 0.0670166016
vn -0 -1 0
vn 0.0588378906 -0.995605469 0.0744018555
vn -0 -1 0
vn 0.0557861328 -0.995117188 0.0797729492
vn -0 -1 0
vn 0.067199707 -0.994628906 0.0792236328
vn -0 -1 0
vn 0.0809936523 -0.994628906 0.0642700195
vn -0 -1 0
vn 0.0885009766 -0.994628906 0.0500488281
vn -0 -1 0
vn 0.0922241211 -0.995117188 0.0400695801
vn -0 -1 0
vn 0.0948486328 -0.995117188 0.0325317383
vn -0 -1 0
vn 0.0969848633 -0.995117188 0.0253601074
vn -0 -1 0
vn 0.0985717773 -0.995117188 0.018081665
vn -0 -1 0
vn 0.0992431641 -0.995117188 0.0113067627
vn -0 -1 0
vn 0.0957641602 -0.995117188 0.0104751587
vn -0 -1 0
vn 0.0930786133 -0.995605469 0.0176086426
vn -0 -1 0
vn 0.0905761719 -0.995605469 0.0271453857
vn -0 -1 0
vn 0.0871582031 -0.995605469 0.0367126465
vn -0 -1 0
vn 0.0889282227 -0.995117188 0.042388916
vn -0 -1 0
vn 0.0919799805 -0.995117188 0.0392456055
vn -0 -1 0
vn 0.0947265625 -0.995117188 0.0328369141
vn -0 -1 0
vn 0.0971679688 -0.995117188 0.0254516602
vn -0 -1 1.03116035E-05
vn 0.0994873047 -0.995117188 0.0167236328
vn -0 -1 0
vn 0.100402832 -0.995117188 0.0073928833
vn -0 -1 0
vn 0.100341797 -0.995117188 -0.000970840454
vn -0 -1 0
vn 0.099609375 -0.995117188 -0.00797271729
vn -0 -1 0
vn 0.0975341797 -0.995117188 -0.0111923218
vn -0 -1 0
vn 0.0964355469 -0.995117188 -0.00961303711
vn -0 -1 -1.28149986E-05
vn 0.0961303711 -0.995117188 -0.00518417358
vn -0 -1 0
vn 0.0946655273 -0.995605469 0.00242805481
vn -0 -1 1.71661377E-05
vn 0.0907592773 -0.995605469 0.0152282715
vn -0 -1 -2.02655792E-05
vn 0.0926513672 -0.995117188 0.0267333984
vn -0 -1 0
vn 0.0922851562 -0.995117188 0.0304870605
vn -0 -1 1.12056732E-05
vn 0.0919189453 -0.995117188 0.0325622559
vn -0 -1 0
vn 0.092956543 -0.995117188 0.0327758789
vn -0 -1 0
vn 0.0947875977 -0.995117188 0.0300292969
vn -0 -1 0
vn 0.0964355469 -0.995117188 0.0252838135
vn -0 -1 0
vn 0.0980834961 -0.995117188 0.0194549561
vn -0 -1 0
vn 0.100524902 -0.994628906 0.0110549927
vn -0 -1 0
vn 0.101928711 -0.994628906 -0.00104999542
vn -0 -1 0
vn 0.100830078 -0.994628906 -0.0143508911
vn -0 -1 0
vn 0.0979614258 -0.994628906 -0.0266723633
vn -0 -1 0
vn 0.0935058594 -0.995117188 -0.0342712402
vn -0 -1 0
vn 0.0908203125 -0.995117188 -0.0345153809
vn -0 -1 0
vn 0.0914306641 -0.995117188 -0.0308837891
vn -0 -1 0
vn 0.0939941406 -0.995117188 -0.0308227539
vn -0 -1 -4.01735306E-05
vn 0.0761108398 -0.997070312 -0.00217628479
vn -0 -1 -4.01139259E-05
vn 0.0995483398 -0.994628906 0.0221710205
vn -0 -1 1.93119049E-05
vn 0.0958251953 -0.995117188 0.015914917
vn -0 -1 1.93715096E-05
vn 0.0958862305 -0.995117188 0.0175476074
vn -0 -1 -1.03712082E-05
vn 0.0971069336 -0.995117188 0.0172119141
vn -0 -1 -1.04904175E-05
vn 0.0995483398 -0.995117188 0.0124664307
vn -0 -1 0
vn 0.100708008 -0.995117188 0.00372695923
vn -0 -1 0
vn 0.101013184 -0.994628906 -0.00677108765
vn -0 -1 -1.18613243E-05
vn 0.0989379883 -0.995117188 -0.0158538818
vn -0 -1 0
vn 0.0952758789 -0.995117188 -0.0169525146
vn -0 -1 1.26957893E-05
vn 0.0953979492 -0.995605469 -0.0122909546
vn -0 -1 0
vn 0.0950927734 -0.995605469 -0.00534820557
vn -0 -1 0
vn 0.0963745117 -0.995117188 0.00125026703
vn -0 -1 0
vn 0.100341797 -0.995117188 -4.33921814E-05
vn -0 -1 0
vn 0.100158691 -0.995117188 -0.00817108154
vn -0 -1 -2.2649765E-05
vn 0.0990600586 -0.995117188 -0.0161132812
vn -0 -1 0
vn 0.0969238281 -0.995117188 -0.0219268799
vn -0 -1 2.17556953E-05
vn 0.0951538086 -0.995117188 -0.0241699219
vn -0 -1 0
vn 0.0666503906 -0.997558594 0.0100784302
vn -0 -1 0
vn -0 -1 -4.79221344E-05
vn -1.9133091E-05 -1 0
vn -1.81794167E-05 -1 5.37633896E-05
vn -0 -1 0
vn 0.0847167969 -0.995117188 0.0508117676
vn -0 -1 0
vn 0.0837402344 -0.995117188 0.0498046875
vn 1.47223473E-05 -1 -2.52723694E-05
vn 0.0866699219 -0.995117188 0.0493164062
vn 1.49607658E-05 -1 -2.56299973E-05
vn 0.0897827148 -0.995117188 0.0440979004
vn -1.14440918E-05 -1 2.5510788E-05
vn 0.092590332 -0.995117188 0.0379333496
vn -1.14440918E-05 -1 2.5510788E-05
vn 0.0941772461 -0.995117188 0.0321960449
vn -0 -1 0
vn 0.0863647461 -0.995605469 0.0345458984
vn -0 -1 0
vn 0.0793457031 -0.995605469 0.0473937988
vn -0 -1 0
vn 0.0719604492 -0.995605469 0.0594787598
vn -0 -1 0
vn 0.0658569336 -0.995605469 0.0685424805
vn -0 -1 0
vn 0.0674438477 -0.995117188 0.073059082
vn -0 -1 0
vn 0.0733032227 -0.995117188 0.0689086914
vn -0 -1 0
vn 0.0819702148 -0.994628906 0.0606689453
vn 1.77621841E-05 -1 -2.84314156E-05
vn 0.0927734375 -0.994628906 0.0463562012
vn -0 -1 0
vn 0.100280762 -0.994628906 0.0263671875
vn -1.25169754E-05 -1 3.33786011E-05
vn 0.10168457 -0.994628906 0.00769805908
vn -0 -1 -3.31997871E-05
vn 0.100280762 -0.995117188 -0.00519561768
vn -0 -1 0
vn 0.0983886719 -0.995117188 -0.0138473511
vn -0 -1 2.95042992E-05
vn 0.0967407227 -0.995117188 -0.0207672119
vn -0 -1 0
vn 0.0950317383 -0.995117188 -0.0282440186
vn -0 -1 0
vn 0.0919799805 -0.995117188 -0.037322998
vn -0 -1 0
vn 0.0869750977 -0.994628906 -0.0579528809
vn -0 -1 0
vn 0.065612793 -0.997558594 -0.0228118896
vn -0 -1 0
vn 0.105895996 -0.994140625 -0.000247240067
vn -0 -1 0
vn 0.0974731445 -0.995117188 -0.00631332397
vn -0 -1 0
vn 0.0983886719 -0.995117188 -0.0025844574
vn -0 -1 -3.91602516E-05
vn 0.0985107422 -0.995117188 -0.000658035278
vn -0 -1 0
vn 0.0985107422 -0.995117188 0.000628948212
vn -0 -1 0
vn 0.099609375 -0.995117188 0.0010766983
vn -0 -1 -6.46114349E-05
vn 0.384765625 -0.922851562 0.00252342224
vn 0.386474609 -0.922363281 0.00459671021
vn 0.385009766 -0.922851562 -0.00234413147
vn 0.384765625 -0.922851562 -0.0096206665
vn 0.383300781 -0.923339844 -0.0245361328
vn 0.709472656 -0.704589844 0.00480270386
vn 0.710449219 -0.703613281 0.008644104
vn 0.709960938 -0.704101562 -0.00394058228
vn 0.709960938 -0.704101562 -0.0171966553
vn 0.924804688 -0.380126953 0.0064125061
vn 0.925292969 -0.379638672 0.011390686
vn 0.924804688 -0.379882812 -0.00476074219
vn 0.995117188 -0.0972290039 0.0069770813
vn 0.995117188 -0.0971069336 0.0123214722
vn 0.995117188 0.0971069336 0.0123214722
vn 0.995117188 -0.0971069336 -0.00493240356
vn 0.924804688 -0.379638672 -0.0218963623
vn 0.708496094 -0.704101562 -0.0447998047
vn 0.995117188 0.0972290039 0.0069770813
vn 0.995117188 -0.0969848633 -0.0233001709
vn 0.923339844 -0.379638672 -0.0578308105
vn 0.924804688 0.380126953 0.0064125061
vn 0.925292969 0.379638672 0.011390686
vn 0.995117188 0.0971069336 -0.00493240356
vn 0.993164062 -0.0968017578 -0.061920166
vn 0.709472656 0.704589844 0.00480270386
vn 0.710449219 0.703613281 0.008644104
vn 0.924804688 0.379882812 -0.00476074219
vn 0.995117188 0.0969848633 -0.0233001709
vn 0.384765625 0.922851562 0.00252342224
vn 0.386474609 0.922363281 0.00459671021
vn 0.709960938 0.704101562 -0.00394058228
vn 0.924804688 0.379638672 -0.0218963623
vn 0.0985107422 0.995117188 0.000629425049
vn 0.099609375 0.995117188 0.0010766983
vn -0 1 -6.4432621E-05
vn -0 1 0
vn 0.0985107422 0.995117188 -0.000658035278
vn -0 1 0
vn 0.385009766 0.922851562 -0.00234413147
vn 0.0983886719 0.995117188 -0.0025844574
vn -0 1 -3.9100647E-05
vn 0.384765625 0.922851562 -0.0096206665
vn 0.0974731445 0.995117188 -0.00631332397
vn -0 1 0
vn 0.709960938 0.704101562 -0.0171966553
vn 0.105895996 0.994140625 -0.000247955322
vn -0 1 0
vn 0.383300781 0.923339844 -0.0245361328
vn 0.708496094 0.704101562 -0.0447998047
vn 0.065612793 0.997558594 -0.0228118896
vn -0 1 0
vn 0.399902344 0.916503906 -0.00213241577
vn 0.923339844 0.379638672 -0.0578308105
vn 0.0869750977 0.994628906 -0.0579528809
vn -0 1 0
vn 0.721191406 0.692871094 -0.00415802002
vn 0.307373047 0.946289062 -0.10144043
vn 0.993164062 0.0968017578 -0.061920166
vn 0.0919799805 0.995117188 -0.037322998
vn -0 1 0
vn 0.928710938 0.370605469 -0.0037727356
vn 0.629882812 0.75 -0.201171875
vn 0.326904297 0.920898438 -0.213378906
vn 0.995605469 0.0947265625 -0.00142765045
vn 0.0949707031 0.995117188 -0.0282440186
vn -0 1 0
vn 0.866210938 0.419189453 -0.270996094
vn 0.595703125 0.706542969 -0.382324219
vn 0.354003906 0.924316406 -0.142944336
vn 0.995605469 -0.0947265625 -0.00142765045
vn 0.0967407227 0.995117188 -0.0207672119
vn -0 1 0
vn 0.94921875 0.106262207 -0.295654297
vn 0.779296875 0.384033203 -0.495117188
vn 0.65234375 0.7109375 -0.262451172
vn 0.366699219 0.923828125 -0.108459473
vn 0.928710938 -0.370605469 -0.0037727356
vn 0.0983886719 0.995117188 -0.0138473511
vn -0 1 2.96831131E-05
vn 0.94921875 -0.106262207 -0.295654297
vn 0.840820312 0.0994873047 -0.532226562
vn 0.855957031 0.386962891 -0.343261719
vn 0.67578125 0.709960938 -0.19921875
vn 0.374023438 0.923828125 -0.0800170898
vn 0.100280762 0.995117188 -0.00519561768
vn -0 1 0
vn 0.379882812 0.923339844 -0.0534057617
vn 0.689453125 0.708984375 -0.146972656
vn 0.885253906 0.385742188 -0.260253906
vn 0.923828125 0.0997314453 -0.370117188
vn 0.10168457 0.994628906 0.00769805908
vn -0 1 -3.29017639E-05
vn 0.385253906 0.922851562 -0.0197753906
vn 0.69921875 0.708007812 -0.0979614258
vn 0.902832031 0.385009766 -0.191894531
vn 0.100280762 0.994628906 0.0263671875
vn -1.25169754E-05 1 3.34382057E-05
vn 0.387207031 0.921386719 0.0295410156
vn 0.706542969 0.706542969 -0.0360412598
vn 0.0927734375 0.994628906 0.0463562012
vn -0 1 0
vn 0.378417969 0.920410156 0.0993652344
vn 0.0819702148 0.994628906 0.0606689453
vn 1.76429749E-05 1 -2.81333923E-05
vn 0.954589844 0.0993041992 -0.280517578
vn 0.914550781 0.384033203 -0.127807617
vn 0.707519531 0.704589844 0.054107666
vn 0.350097656 0.920410156 0.175170898
vn 0.0733032227 0.995117188 0.0689086914
vn -0 1 0
vn 0.973144531 0.0989990234 -0.206665039
vn 0.922851562 0.3828125 -0.0468139648
vn 0.6875 0.703125 0.180541992
vn 0.3125 0.921386719 0.231567383
vn 0.0674438477 0.995117188 0.073059082
vn -0 1 0
vn 0.985351562 0.0987548828 -0.137573242
vn 0.921386719 0.381591797 0.0706176758
vn 0.636230469 0.703125 0.318359375
vn 0.281738281 0.922363281 0.264892578
vn 0.0658569336 0.995605469 0.0685424805
vn -0 1 0
vn 0.993652344 0.098449707 -0.0502929688
vn 0.89453125 0.380371094 0.234863281
vn 0.5703125 0.704101562 0.423095703
vn 0.260986328 0.922851562 0.282958984
vn 0.0719604492 0.995605469 0.0594787598
vn -0 1 0
vn 0.9921875 0.0982666016 0.076171875
vn 0.827148438 0.380126953 0.414306641
vn 0.516601562 0.705078125 0.485839844
vn 0.261230469 0.926269531 0.272216797
vn 0.0793457031 0.995605469 0.0473937988
vn -0 1 0
vn 0.962402344 0.0980834961 0.252929688
vn 0.742675781 0.380859375 0.551269531
vn 0.480224609 0.706054688 0.520507812
vn 0.288085938 0.927246094 0.238525391
vn 0.0863647461 0.995605469 0.0345458984
vn -0 1 0
vn 0.889648438 0.0980224609 0.445800781
vn 0.673339844 0.381591797 0.633300781
vn 0.487060547 0.710449219 0.5078125
vn 0.319580078 0.928222656 0.190917969
vn 0.0941772461 0.995117188 0.0321960449
vn -0 1 0
vn 0.799316406 0.0979614258 0.593261719
vn 0.626464844 0.382080078 0.679199219
vn 0.540039062 0.712890625 0.447265625
vn 0.346679688 0.927734375 0.138671875
vn 0.092590332 0.995117188 0.0379333496
vn -1.15036964E-05 1 2.58684158E-05
vn 0.724609375 0.0979614258 0.682128906
vn 0.638671875 0.385253906 0.666015625
vn 0.601074219 0.713867188 0.359130859
vn 0.364501953 0.922851562 0.124572754
vn 0.0897827148 0.995117188 0.0440979004
vn -1.14440918E-05 1 2.58088112E-05
vn 0.674804688 0.0980224609 0.731445312
vn 0.709960938 0.386962891 0.588378906
vn 0.650878906 0.712890625 0.260253906
vn 0.357177734 0.922363281 0.146240234
vn 0.0866699219 0.995117188 0.0493164062
vn 1.49607658E-05 1 -2.5510788E-05
vn 0.688964844 0.098449707 0.718261719
vn 0.791015625 0.387939453 0.472900391
vn 0.670410156 0.705566406 0.229248047
vn 0.346435547 0.922363281 0.170043945
vn 0.0837402344 0.995117188 0.0498046875
vn 1.46627426E-05 1 -2.49743462E-05
vn 0.766113281 0.098815918 0.634765625
vn 0.855957031 0.387207031 0.342041016
vn 0.65625 0.705078125 0.268554688
vn 0.334960938 0.922851562 0.190795898
vn 0.0846557617 0.995117188 0.0509033203
vn -0 1 2.87890434E-05
vn 0.0666503906 0.997558594 0.0101013184
vn -0 1 3.50475311E-05
vn -0 1 6.28232956E-05
vn -0 1 1.22189522E-05
vn 2.68220901E-05 1 -4.85777855E-05
vn 1.45435333E-05 1 -2.50339508E-05
vn 0.327880859 0.924316406 0.19519043
vn 0.636230469 0.705078125 0.312255859
vn 0.0951538086 0.995117188 -0.024230957
vn -0 1 -2.18749046E-05
vn 0.329345703 0.923339844 0.197631836
vn 0.615722656 0.705566406 0.350830078
vn 0.0969238281 0.995117188 -0.0219268799
vn -0 1 2.20537186E-05
vn 0.312255859 0.948730469 0.0473327637
vn 0.606933594 0.708007812 0.361328125
vn 0.0990600586 0.995117188 -0.0161132812
vn -0 1 0
vn 0.37109375 0.923828125 -0.0942993164
vn 0.606933594 0.706542969 0.364013672
vn 0.100158691 0.995117188 -0.00817108154
vn -0 1 -2.24113464E-05
vn 0.375488281 0.922851562 -0.0850830078
vn 0.644042969 0.758789062 0.0975341797
vn 0.100341797 0.995117188 -4.30941582E-05
vn -0 1 0
vn 0.381591797 0.922363281 -0.0620727539
vn 0.685546875 0.70703125 -0.174072266
vn 0.0963745117 0.995117188 0.00125026703
vn -0 1 0
vn 0.385498047 0.922363281 -0.0313415527
vn 0.690917969 0.706054688 -0.156616211
vn 0.0950927734 0.995605469 -0.00534820557
vn -0 1 0
vn 0.386474609 0.922363281 -0.00016283989
vn 0.700195312 0.705078125 -0.113891602
vn 0.0953979492 0.995605469 -0.0122909546
vn -0 1 0
vn 0.379638672 0.925292969 0.00492477417
vn 0.70703125 0.705078125 -0.057434082
vn 0.0952758789 0.995117188 -0.0169525146
vn -0 1 1.29342079E-05
vn 0.377197266 0.92578125 -0.0212097168
vn 0.709472656 0.705078125 -0.000296831131
vn 0.0989379883 0.995117188 -0.0158538818
vn -0 1 0
vn 0.376220703 0.925292969 -0.0484924316
vn 0.705078125 0.708984375 0.00914764404
vn 0.101013184 0.994628906 -0.00677108765
vn -0 1 -1.16229057E-05
vn 0.374511719 0.924804688 -0.0667114258
vn 0.703125 0.709960938 -0.0395507812
vn 0.100708008 0.995117188 0.00372695923
vn -0 1 0
vn 0.381347656 0.922363281 -0.0611572266
vn 0.69921875 0.708984375 -0.0901489258
vn 0.0995483398 0.995117188 0.0124664307
vn -0 1 0
vn 0.386962891 0.921875 -0.025894165
vn 0.694824219 0.708496094 -0.123840332
vn 0.0971069336 0.995117188 0.0172119141
vn -0 1 -1.01327896E-05
vn 0.386962891 0.921875 0.014251709
vn 0.700195312 0.705078125 -0.112304688
vn 0.0958862305 0.995117188 0.0175476074
vn -0 1 -1.01327896E-05
vn 0.383300781 0.922363281 0.0479736328
vn 0.708496094 0.704101562 -0.0473632812
vn 0.0958251953 0.995117188 0.015914917
vn -0 1 1.96099281E-05
vn 0.377685547 0.923339844 0.0670166016
vn 0.708984375 0.704589844 0.0260925293
vn 0.0995483398 0.994628906 0.0221710205
vn -0 1 1.94311142E-05
vn 0.375244141 0.924316406 0.0686645508
vn 0.703613281 0.705078125 0.0880126953
vn 0.0761108398 0.997070312 -0.00217628479
vn -0 1 -3.9935112E-05
vn 0.375732422 0.924804688 0.0622558594
vn 0.696289062 0.70703125 0.123596191
vn 0.0939941406 0.995117188 -0.0308227539
vn -0 1 -3.96966934E-05
vn 0.380371094 0.920898438 0.0836791992
vn 0.694824219 0.708007812 0.127075195
vn 0.0914306641 0.995117188 -0.0308837891
vn -0 1 0
vn 0.337890625 0.940917969 -0.00886535645
vn 0.696289062 0.708496094 0.115234375
vn 0.0908203125 0.995117188 -0.0345153809
vn -0 1 0
vn 0.365234375 0.923339844 -0.11932373
vn 0.694824219 0.703125 0.151611328
vn 0.0935058594 0.995117188 -0.0342712402
vn -0 1 0
vn 0.360107422 0.924804688 -0.121643066
vn 0.672851562 0.739257812 -0.0172729492
vn 0.0979614258 0.994628906 -0.0266723633
vn -0 1 0
vn 0.356201172 0.924316406 -0.135498047
vn 0.673339844 0.706054688 -0.219604492
vn 0.100830078 0.994628906 -0.0143508911
vn -0 1 0
vn 0.361816406 0.922851562 -0.13269043
vn 0.668457031 0.708496094 -0.225830078
vn 0.101928711 0.994628906 -0.00104999542
vn -0 1 0
vn 0.374755859 0.921386719 -0.102050781
vn 0.66015625 0.708007812 -0.250976562
vn 0.100524902 0.994628906 0.0110549927
vn -0 1 0
vn 0.385009766 0.921386719 -0.0548095703
vn 0.665039062 0.705566406 -0.244018555
vn 0.0980834961 0.995117188 0.0194549561
vn -0 1 0
vn 0.388916016 0.921386719 -0.00395965576
vn 0.685058594 0.704101562 -0.186645508
vn 0.0964355469 0.995117188 0.0252838135
vn -0 1 0
vn 0.385498047 0.921875 0.042388916
vn 0.703125 0.703613281 -0.100158691
vn 0.0947875977 0.995117188 0.0300292969
vn -0 1 0
vn 0.378662109 0.922363281 0.0750732422
vn 0.710449219 0.703613281 -0.00720977783
vn 0.092956543 0.995117188 0.0327758789
vn -0 1 0
vn 0.372802734 0.922851562 0.0977783203
vn 0.705566406 0.704101562 0.0776367188
vn 0.0919189453 0.995117188 0.0325622559
vn -0 1 0
vn 0.366943359 0.922851562 0.116333008
vn 0.6953125 0.705078125 0.137939453
vn 0.0922851562 0.995117188 0.0304870605
vn -0 1 1.14440918E-05
vn 0.361816406 0.923339844 0.127563477
vn 0.685546875 0.705566406 0.1796875
vn 0.0926513672 0.995117188 0.0267333984
vn -0 1 0
vn 0.359863281 0.924316406 0.127441406
vn 0.675292969 0.705566406 0.213989258
vn 0.0907592773 0.995605469 0.0152282715
vn -0 1 -1.97887421E-05
vn 0.362060547 0.924316406 0.119567871
vn 0.667480469 0.706542969 0.235351562
vn 0.0946655273 0.995605469 0.00242805481
vn -0 1 1.75833702E-05
vn 0.364990234 0.924804688 0.10534668
vn 0.666015625 0.707519531 0.235839844
vn 0.0961303711 0.995117188 -0.00518417358
vn -0 1 0
vn 0.366455078 0.928222656 0.0616149902
vn 0.670410156 0.708007812 0.221435547
vn 0.0964355469 0.995117188 -0.00961303711
vn -0 1 -1.257658E-05
vn 0.376708984 0.926269531 0.0094909668
vn 0.677734375 0.708984375 0.195678711
vn 0.0975341797 0.995117188 -0.0111923218
vn -0 1 0
vn 0.379150391 0.925292969 -0.0204772949
vn 0.690429688 0.714355469 0.116088867
vn 0.099609375 0.995117188 -0.00797271729
vn -0 1 0
vn 0.37890625 0.924804688 -0.037689209
vn 0.703125 0.7109375 0.0176086426
vn 0.100341797 0.995117188 -0.000970840454
vn -0 1 0
vn 0.380371094 0.923828125 -0.0436401367
vn 0.704101562 0.708984375 -0.0380554199
vn 0.100402832 0.995117188 0.0073928833
vn -0 1 0
vn 0.384765625 0.922363281 -0.0308074951
vn 0.702636719 0.708007812 -0.0698852539
vn 0.0994873047 0.995117188 0.0167236328
vn -0 1 0
vn 0.386474609 0.922363281 -0.00374412537
vn 0.702636719 0.70703125 -0.0806274414
vn 0.0971679688 0.995117188 0.0254516602
vn -0 1 1.05500221E-05
vn 0.385986328 0.921875 0.028427124
vn 0.706542969 0.705078125 -0.0565795898
vn 0.0947265625 0.995117188 0.0328369141
vn -0 1 0
vn 0.382080078 0.921875 0.0642700195
vn 0.709472656 0.705078125 -0.00687408447
vn 0.0919799805 0.995117188 0.0392456055
vn -0 1 0
vn 0.374267578 0.922363281 0.0979003906
vn 0.707519531 0.704589844 0.0520935059
vn 0.0889282227 0.995117188 0.042388916
vn -0 1 0
vn 0.364990234 0.922363281 0.126586914
vn 0.699707031 0.704589844 0.117675781
vn 0.0871582031 0.995605469 0.0367126465
vn -0 1 0
vn 0.354980469 0.922363281 0.151489258
vn 0.686035156 0.704589844 0.17956543
vn 0.0905761719 0.995605469 0.0271453857
vn -0 1 0
vn 0.346191406 0.923339844 0.164916992
vn 0.669921875 0.705078125 0.232299805
vn 0.0930786133 0.995605469 0.0176086426
vn -0 1 0
vn 0.346923828 0.926269531 0.146240234
vn 0.651855469 0.705078125 0.278320312
vn 0.0957641602 0.995117188 0.0104751587
vn -0 1 0
vn 0.360595703 0.926269531 0.108154297
vn 0.638671875 0.706542969 0.304199219
vn 0.0992431641 0.995117188 0.0113067627
vn -0 1 0
vn 0.370361328 0.926269531 0.0700073242
vn 0.647949219 0.7109375 0.273193359
vn 0.0985717773 0.995117188 0.018081665
vn -0 1 0
vn 0.377441406 0.925292969 0.0412902832
vn 0.673339844 0.7109375 0.202026367
vn 0.0969848633 0.995117188 0.0253601074
vn -0 1 0
vn 0.383300781 0.922363281 0.0436706543
vn 0.69140625 0.7109375 0.130737305
vn 0.0948486328 0.995117188 0.0325317383
vn -0 1 0
vn 0.379882812 0.922363281 0.0697021484
vn 0.701171875 0.708984375 0.0767211914
vn 0.0922241211 0.995117188 0.0400695801
vn -0 1 0
vn 0.373779297 0.922363281 0.0977172852
vn 0.704101562 0.705566406 0.0802612305
vn 0.0885009766 0.994628906 0.0500488281
vn -0 1 0
vn 0.365478516 0.922363281 0.125366211
vn 0.697265625 0.705078125 0.127929688
vn 0.0809936523 0.994628906 0.0642700195
vn -0 1 0
vn 0.354736328 0.922363281 0.154174805
vn 0.686035156 0.705078125 0.179321289
vn 0.067199707 0.994628906 0.0792236328
vn -0 1 0
vn 0.338378906 0.921386719 0.19128418
vn 0.670898438 0.705078125 0.230102539
vn 0.0557861328 0.995117188 0.0797729492
vn -0 1 0
vn 0.306640625 0.920410156 0.243164062
vn 0.650390625 0.704589844 0.282714844
vn 0.0588378906 0.995605469 0.0744018555
vn -0 1 0
vn 0.253417969 0.919921875 0.299072266
vn 0.618164062 0.704101562 0.349609375
vn 0.0659790039 0.995605469 0.0670166016
vn -0 1 0
vn 0.21862793 0.924316406 0.312744141
vn 0.557617188 0.702636719 0.442138672
vn 0.073425293 0.995605469 0.0538330078
vn -0 1 0
vn 0.233886719 0.926269531 0.295654297
vn 0.460205078 0.702636719 0.54296875
vn 0.0840454102 0.995605469 0.044128418
vn -0 1 0
vn 0.263183594 0.926757812 0.267578125
vn 0.404785156 0.708007812 0.579101562
vn 0.0880126953 0.995605469 0.0364074707
vn -0 1 0
vn 0.298095703 0.929199219 0.218383789
vn 0.436279297 0.710449219 0.551757812
vn 0.091003418 0.995605469 0.0291442871
vn -0 1 0
vn 0.333984375 0.926269531 0.175048828
vn 0.492431641 0.711914062 0.500976562
vn 0.0949707031 0.995117188 0.0281677246
vn -0 1 1.90138817E-05
vn 0.349121094 0.92578125 0.14440918
vn 0.563476562 0.715820312 0.412353516
vn 0.0954589844 0.994628906 0.0445556641
vn -0 1 0
vn 0.360351562 0.92578125 0.115356445
vn 0.623535156 0.710449219 0.326416016
vn 0.0816650391 0.994628906 0.0638427734
vn -0 1 -1.28149986E-05
vn 0.368652344 0.923339844 0.109191895
vn 0.650878906 0.709960938 0.269042969
vn 0.0693359375 0.994628906 0.0738525391
vn -0 1 0
vn 0.357177734 0.918945312 0.166503906
vn 0.670898438 0.709960938 0.21472168
vn 0.0613708496 0.995117188 0.0795898438
vn -0 1 0
vn 0.30859375 0.919921875 0.241577148
vn 0.679199219 0.706054688 0.201049805
vn 0.0519104004 0.994628906 0.0889892578
vn -0 1 0
vn 0.265625 0.921875 0.282958984
vn 0.645996094 0.701660156 0.30078125
vn 0.032989502 0.994628906 0.0994262695
vn -0 1 0
vn 0.236328125 0.922363281 0.306152344
vn 0.560546875 0.702148438 0.438964844
vn 0.00680923462 0.994628906 0.105285645
vn -0 1 0
vn 0.196899414 0.920410156 0.337402344
vn 0.486083984 0.704101562 0.517578125
vn -0.0199279785 0.994628906 0.102844238
vn -0 1 0
vn 0.123840332 0.919433594 0.373291016
vn 0.433349609 0.705078125 0.561523438
vn -0.0293579102 0.995117188 0.0930175781
vn -0 1 0
vn 0.0254516602 0.918945312 0.393554688
vn 0.358398438 0.703125 0.614257812
vn 0.0164794922 0.999511719 0.033782959
vn -0 1 0
vn -0 1 0
vn -0 1 0
vn -4.53591347E-05 1 1.53779984E-05
vn -3.85046005E-05 1 0
vn 2.54511833E-05 1 -2.32458115E-05
vn -0 1 0
vn 0.224365234 0.701660156 0.67578125
vn 0.092590332 0.994628906 0.0426635742
vn -0 1 0
vn 0.0855712891 0.994628906 0.0591125488
vn -0 1 0
vn 0.0709838867 0.994628906 0.0767211914
vn -0 1 0
vn 0.0523376465 0.994628906 0.08984375
vn -0 1 0
vn 0.0390014648 0.995117188 0.0911254883
vn -0 1 0
vn 0.0389709473 0.995605469 0.0877075195
vn -0 1 0
vn 0.0449829102 0.995605469 0.0840454102
vn -0 1 0
vn 0.0526123047 0.995605469 0.0778808594
vn -2.33054161E-05 1 1.66893005E-05
vn 0.059387207 0.995117188 0.0787963867
vn -0 1 0
vn 0.056427002 0.995117188 0.082824707
vn -0 1 0
vn 0.0502929688 0.995117188 0.0864868164
vn -1.96695328E-05 1 1.24573708E-05
vn 0.0445861816 0.995117188 0.0893554688
vn -0 1 0
vn 0.0385742188 0.995117188 0.0925292969
vn 1.96695328E-05 1 0
vn 0.0307617188 0.995117188 0.0960083008
vn -0 1 0
vn 0.0212249756 0.995117188 0.0988769531
vn -0 1 0
vn 0.0108337402 0.994628906 0.100524902
vn 2.22325325E-05 1 0
vn 0.021484375 0.996582031 0.0811767578
vn -0 1 0
vn -0 1 0
vn 0.0527954102 0.996582031 0.067199707
vn -0 1 0
vn 0.0737304688 0.995605469 0.0576477051
vn -0 1 1.0073185E-05
vn 0.0803222656 0.995117188 0.0579833984
vn -0 1 0
vn 0.0758666992 0.994628906 0.0700683594
vn -0 1 0
vn 0.0584106445 0.994628906 0.0880126953
vn -1.31726265E-05 1 0
vn 0.0286865234 0.994140625 0.10345459
vn -1.34706497E-05 1 0
vn -0.00760269165 0.994140625 0.106811523
vn 1.54972076E-05 1 0
vn -0.0395202637 0.994140625 0.0982055664
vn 1.52587891E-05 1 0
vn -0.0631713867 0.994628906 0.0835571289
vn -0 1 0
vn -0.0781860352 0.994628906 0.0673217773
vn -0 1 0
vn -0.0816650391 0.995117188 0.0559997559
vn -0 1 0
vn -0.0729980469 0.995605469 0.0571289062
vn -0 1 0
vn -0.0605773926 0.995605469 0.0681152344
vn -1.8954277E-05 1 -1.30534172E-05
vn -0.039855957 0.99609375 0.0776367188
vn -1.90138817E-05 1 -1.30534172E-05
vn -0.0289764404 0.995117188 0.092590332
vn 1.75237656E-05 1 0
vn -0.0390014648 0.994628906 0.0959472656
vn -0 1 0
vn -0.0579528809 0.994628906 0.0865478516
vn -0 1 0
vn -0.0740966797 0.994628906 0.0725097656
vn 1.37090683E-05 1 1.13248825E-05
vn -0.0781860352 0.995117188 0.0605773926
vn -0 1 0
vn -0.0512084961 0.996582031 0.0624084473
vn -0 1 0
vn -0 1 0
vn -0 1 0
vn -0 1 0
vn -0 1 0
vn -0.0484313965 0.995117188 0.0887451172
vn -0 1 0
vn -0.055267334 0.995117188 0.0833129883
vn -0 1 0
vn -0.0586547852 0.995117188 0.0795898438
vn -0 1 0
vn -0.0592346191 0.995117188 0.0779418945
vn -0 1 0
vn -0.0589904785 0.995117188 0.0780029297
vn -0 1 0
vn -0.0524291992 0.995605469 0.0784301758
vn -2.83718109E-05 1 0
vn 0.00927734375 0.999511719 0.0316162109
vn -4.24981117E-05 1 1.37090683E-05
vn -1.66296959E-05 1 4.55975533E-05
vn -0 1 4.84585762E-05
vn 2.50935555E-05 1 4.54187393E-05
vn 2.88486481E-05 1 4.85777855E-05
vn 2.89678574E-05 1 0
vn 0.0863037109 0.995605469 0.0386352539
vn 1.71661377E-05 1 -2.13384628E-05
vn 0.0900268555 0.995605469 0.0296020508
vn -0 1 0
vn 0.0928955078 0.995605469 0.0211334229
vn -0 1 0
vn 0.0941772461 0.995605469 0.0127029419
vn -0 1 0
vn 0.0948486328 0.995605469 0.00378608704
vn -0 1 1.32322311E-05
vn 0.0946655273 0.995605469 -0.00547027588
vn -0 1 1.32918358E-05
vn 0.095703125 0.995117188 -0.0125961304
vn -0 1 -1.19805336E-05
vn 0.102844238 0.994628906 -0.00673294067
vn -0 1 -1.26957893E-05
vn 0.104248047 0.994628906 0.0165863037
vn -0 1 0
vn 0.0960693359 0.994140625 0.0463562012
vn -0 1 1.23977661E-05
vn 0.078125 0.994628906 0.0704345703
vn -0 1 0
vn 0.0648803711 0.995605469 0.0701293945
vn 1.12652779E-05 1 -1.11460686E-05
vn 0.0706787109 0.995605469 0.0592651367
vn -0 1 0
vn 0.0798950195 0.995605469 0.0460205078
vn -0 1 1.87158585E-05
vn 0.0877685547 0.995605469 0.0346374512
vn -0 1 1.87158585E-05
vn 0.0947265625 0.994628906 0.0393066406
vn -0 1 -1.44839287E-05
vn 0.0874023438 0.994628906 0.0575866699
vn -0 1 -1.48415565E-05
vn 0.0718994141 0.994628906 0.0768432617
vn -0 1 0
vn 0.052154541 0.994628906 0.0904541016
vn -0 1 0
vn 0.0380249023 0.995117188 0.0925292969
vn -0 1 0
vn 0.034942627 0.995117188 0.0922851562
vn -0 1 0
vn 0.0347595215 0.995117188 0.0925292969
vn -1.50203705E-05 1 0
vn 0.0347595215 0.995117188 0.0928344727
vn -0 1 0
vn 0.0350646973 0.995117188 0.0928344727
vn 1.47223473E-05 1 0
vn 0.0332946777 0.994628906 0.0962524414
vn -1.26361847E-05 1 0
vn 0.0222625732 0.994628906 0.102661133
vn -2.62856483E-05 1 0
vn 0.000727176666 0.994628906 0.101928711
vn -0 1 0
vn -0.040802002 0.994628906 0.0936889648
vn 4.20808792E-05 1 1.8954277E-05
vn -0.0804443359 0.995117188 0.0554199219
vn -0 1 0
vn -0.102416992 0.994628906 0.0253143311
vn -0 1 0
vn -0.106384277 0.994140625 0.00329971313
vn -0 1 0
vn -0.104187012 0.994628906 -0.00414276123
vn -0 1 0
vn -0.102416992 0.994628906 -0.00777053833
vn -0 1 0
vn -0.100158691 0.995117188 -0.00888061523
vn -0 1 0
vn -0.0993652344 0.995117188 -0.00785064697
vn -0 1 0
vn -0.098815918 0.995117188 -0.0062789917
vn -0 1 0
vn -0.0983276367 0.995117188 -0.0041885376
vn -0 1 0
vn -0.100036621 0.995117188 -0.00519561768
vn -0 1 0
vn -0.101013184 0.994628906 -0.012802124
vn -0 1 0
vn -0.0998535156 0.994628906 -0.0269012451
vn -0 1 0
vn -0.0938720703 0.994628906 -0.0476379395
vn -0 1 0
vn -0.0813598633 0.995117188 -0.0581359863
vn -0 1 0
vn -0.0784301758 0.995605469 -0.0512390137
vn -0 1 0
vn -0.0848999023 0.995605469 -0.0404663086
vn -0 1 0
vn -0.0894775391 0.995605469 -0.0297393799
vn -0 1 0
vn -0.0938110352 0.995117188 -0.0223388672
vn -0 1 0
vn -0.0956420898 0.995117188 -0.0188751221
vn -0 1 0
vn -0.0960083008 0.995117188 -0.0165557861
vn -0 1 0
vn -0.0966186523 0.995117188 -0.0145874023
vn -0 1 0
vn -0.0930786133 0.995605469 -0.00623321533
vn -0 1 0
vn -0.082824707 0.996582031 0.0164642334
vn -0 1 0
vn -0.0740356445 0.99609375 0.0447387695
vn -0 1 0
vn -0.0608520508 0.99609375 0.0660400391
vn -0 1 0
vn -0.0640258789 0.994628906 0.078918457
vn -0 1 0
vn -0.0810546875 0.994628906 0.067565918
vn -0 1 0
vn -0.092956543 0.994628906 0.0461730957
vn -0 1 0
vn -0.0975952148 0.994628906 0.0295562744
vn -0 1 0
vn -0.0975341797 0.995117188 0.0199890137
vn -0 1 0
vn -0.0960083008 0.995117188 0.0178222656
vn -0 1 0
vn -0.0953369141 0.995117188 0.0194854736
vn -0 1 0
vn -0.0977172852 0.995117188 0.0188446045
vn -0 1 0
vn -0.0713500977 0.997070312 0.0332946777
vn -0 1 0
vn -0.07421875 0.995117188 0.0634155273
vn -0 1 0
vn -0.0726318359 0.995117188 0.064453125
vn -0 1 0
vn -0.0715942383 0.995117188 0.0662231445
vn -0 1 0
vn -0.0715332031 0.995117188 0.0670166016
vn -0 1 0
vn -0.0729980469 0.995117188 0.0664672852
vn -0 1 0
vn -0.0760498047 0.995117188 0.0640869141
vn -0 1 0
vn -0.0842285156 0.994628906 0.0578918457
vn -0 1 0
vn -0.099609375 0.994140625 0.0383605957
vn -0 1 0
vn -0.105407715 0.994628906 0.00698852539
vn -0 1 0
vn -0.103515625 0.994140625 -0.0236358643
vn -0 1 0
vn -0.0919189453 0.994140625 -0.0528869629
vn -0 1 0
vn -0.0735473633 0.994628906 -0.0744018555
vn -0 1 0
vn -0.171875 0.985351562 -0.000890731812
vn -0 1 0
vn -0.290527344 0.953613281 0.0768432617
vn -0 1 0
vn -0.207397461 0.9765625 0.0548706055
vn -0.29296875 0.953125 0.0775146484
vn -0.414550781 0.905761719 -0.0885009766
vn -0 1 0
vn -0.294189453 0.952636719 0.0778198242
vn -0 1 0
vn -0.291503906 0.953613281 0.0770874023
vn -0 1 0
vn -0 1 0
vn -0 1 0
vn -0.276367188 0.919433594 -0.279296875
vn -0 1 0
vn -0 1 -2.43782997E-05
vn -0 1 -1.29342079E-05
vn -0 1 0
vn -0 1 0
vn -1.32918358E-05 1 1.66296959E-05
vn -0 1 0
vn 1.79409981E-05 1 0
vn -0 1 0
vn -0 1 0
vn -0 1 0
vn -1.67489052E-05 1 0
vn -0 1 0
vn -0 1 0
vn -0 1 0
vn -0 1 0
vn -0 1 0
vn -0 1 0
vn -0 1 0
vn -0 1 0
vn -0 1 0
vn -0 1 0
vn -0 1 0
vn -0 1 0
vn -0 1 0
vn -0 1 0
vn -0 1 0
vn -0 1 0
vn -0 1 0
vn -0 1 0
vn -0 1 0
vn -0 1 0
vn -0 1 0
vn -0 1 0
vn -0 1 0
vn 2.02655792E-05 1 0
vn 1.02519989E-05 1 0
vn -0 1 0
vn -0 1 0
vn -2.40206718E-05 1 0
vn -1.18017197E-05 1 0
vn -0 1 0
vn -0 1 0
vn -0 1 0
vn -0 1 0
vn -0 1 0
vn -0 1 0
vn -0 1 0
vn -0 1 0
vn -0 1 0
vn -0 1 0
vn -0 1 0
vn -0 1 0
vn -0 1 0
vn -0 1 0
vn -0 1 0
vn -0 1 0
vn -0 1 0
vn -0 1 0
vn -0 1 0
vn -0 1 0
vn 1.18017197E-05 1 -1.65104866E-05
vn -0 1 0
vn -0 1 0
vn 2.03251839E-05 1 -2.37226486E-05
vn -0 1 0
vn -1.79409981E-05 1 2.16364861E-05
vn -1.10864639E-05 1 1.6272068E-05
vn -0 1 0
vn -0 1 0
vn -0 1 0
vn -0 1 0
vn -0 1 0
vn -0 1 0
vn -0 1 0
vn -0 1 0
vn -0 1 0
vn -0 1 0
vn -0 1 0
vn -0 1 0
vn -0 1 0
vn -0 1 0
vn -0 1 0
vn -0 1 0
vn -0 1 0
vn -0 1 0
vn -0 1 0
vn -0 1 0
vn -0 1 0
vn -0 1 0
vn -0 1 0
vn -0 1 0
vn -0 1 0
vn -0 1 0
vn -0 1 0
vn -0 1 0
vn -0 1 0
vn -0 1 0
vn -0 1 0
vn -0 1 0
vn -0 1 0
vn -0 1 0
vn -0 1 0
vn -0 1 0
vn -0 1 0
vn -0 1 0
vn -0 1 0
vn -0 1 0
vn -0 1 0
vn -0 1 -5.50150871E-05
vn -0 1 -2.77161598E-05
vn -0 1 0
vn -0 1 0
vn -0 1 9.1612339E-05
vn -0 1 4.82201576E-05
vn -0 0 -1
vn -0 0 -1
vn -0 0 -1
vn -0 0 -1
vn -0 0 -1
vn -0 0 -1
vn -0 0 -1
vn -0 0 -1
vn -0 0 -1
vn -0 0 -1
vn -0 1 0
vn -0 1 0
vn -0 1 0
vn -0 1 0
vn -0 1 0
vn -0 1 0
vn -0 1 0
vn -0 1 0
vn -0 1 0
vn -0 1 0
vn -0 1 0
vn -0 1 0
vn -0 1 0
vn -0 1 0
vn -0 1 0
vn -0 1 0
vn -0 1 0
vn -0 1 0
vn -0 1 0
vn -0 1 0
vn -0 1 0
vn -0 1 0
vn -0 1 0
vn -0 1 0
vn -0 1 0
vn -0 1 0
vn -0 1 0
vn -0 1 0
vn -0 1 0
vn -0 1 0
vn -0 1 0
vn -0 1 0
vn -0 1 0
vn -0 1 0
vn -0 1 0
vn -0 1 0
vn -0 1 0
vn -0 1 0
vn -0 1 0
vn -0 1 0
vn -0 1 0
vn -0 1 0
vn -0 1 0
vn -0 1 0
vn -0 1 0
vn -0 1 0
vn -0 1 0
vn -0 1 0
vn -0 1 0
vn -0 1 0
vn -0 1 0
vn -0 1 0
vn -0 1 0
vn -0 1 0
vn -0 1 0
vn 0.900390625 0 0.435058594
vn 0.905273438 0 0.424316406
vn 0.900390625 0 0.435058594
vn 0.905273438 0 0.424316406
vn 0.91796875 0 0.396728516
vn 0.91796875 0 0.396728516
vn 0.931152344 0 0.365234375
vn 0.931152344 0 0.365234375
vn 0.940917969 0 0.338134766
vn 0.940917969 0 0.338134766
vn 0.949707031 0 0.312988281
vn 0.949707031 0 0.312988281
vn 0.958007812 0 0.287353516
vn 0.958007812 0 0.287353516
vn 0.965820312 0 0.259521484
vn 0.965820312 0 0.259521484
vn 0.974121094 0 0.226074219
vn 0.974121094 0 0.226074219
vn 0.98046875 0 0.196044922
vn 0.98046875 0 0.196044922
vn 0.984863281 0 0.172607422
vn 0.984863281 0 0.172607422
vn 0.989746094 0 0.141723633
vn 0.989746094 0 0.141723633
vn 0.994140625 0 0.107177734
vn 0.994140625 0 0.107177734
vn 0.997070312 0 0.0778198242
vn 0.997070312 0 0.0778198242
vn 0.998535156 0 0.0506286621
vn 0.998535156 0 0.0506286621
vn 0.999511719 0 0.0234069824
vn 0.999511719 0 0.0234069824
vn 1 0 -0.0061340332
vn 1 0 -0.0061340332
vn 0.999023438 0 -0.0410461426
vn 0.999023438 0 -0.0410461426
vn 0.997558594 0 -0.072265625
vn 0.997558594 0 -0.072265625
vn 0.966796875 0 -0.255859375
vn 0.966796875 0 -0.255859375
vn 0.907714844 0 -0.419677734
vn 0.907714844 0 -0.419677734
vn -0 -1 0
vn -0 -1 0
vn -0 -1 0
vn -0 -1 0
vn -0 -1 0
vn -0 -1 0
vn -0 -1 0
vn -0 -1 0
vn -0 -1 0
vn -0 -1 0
vn -0 -1 0
vn -0 -1 0
vn -0 -1 0
vn -0 -1 0
vn -0 -1 0
vn -0 -1 0
vn -0 -1 0
vn -0 -1 0
vn -0 -1 0
vn -0 -1 0
vn -0 -1 0
vn -0 -1 0
vn -0 -1 0
vn -0 -1 0
vn -0 -1 0
vn -0 -1 0
vn -0 -1 0
vn -0 -1 0
vn -0 -1 0
vn -0 -1 0
vn -0 -1 0
vn -0 -1 0
vn -0 -1 0
vn -0 -1 0
vn -0 -1 0
vn -0 -1 0
vn -0 -1 0
vn -0 -1 0
vn -0 -1 0
vn -0 -1 0
vn -0 -1 0
vn -0 -1 0
vn -0 -1 0
vn -0 -1 0
vn -0 -1 0
vn -0 -1 0
vn -0 -1 0
vn -0 -1 0
vn -0 -1 0
vn -0 -1 0
vn -0 -1 0
vn -0 -1 0
vn -0 -1 0
vn -0 -1 0
vn -0 -1 0
vn -0 0 -1
vn -0 0 -1
vn -0 0 -1
vn -0 0 -1
vn -0 0 1
vn -0 0 1
vn -0 0 1
vn -0 0 1
vn -0 1 0
vn -0 1 0
vn -0 1 0
vn -0 1 0
vn 0.70703125 0.70703125 0
vn 0.70703125 0.70703125 0
vn 0.70703125 0.70703125 0
vn 0.70703125 0.70703125 0
vn -0 0 1
vn -0 0 1
vn -0 0 1
vn -0 0 1
vn 1 0 0
vn 1 0 0
vn 1 0 0
vn 1 0 0
vn 0.70703125 0.70703125 0
vn 0.70703125 0.70703125 0
vn 0.70703125 0.70703125 0
vn 0.70703125 0.70703125 0
vn -1 0 0
vn -1 0 0
vn -1 0 0
vn -1 0 0
vn -0 -1 0
vn -0 -1 0
vn -0 -1 0
vn -0 -1 0
vn -0 -1 0
vn -0 -1 0
vn -0 -1 0
vn -0 -1 0
vn -0 -1 0
vn -0 0 1
vn -0 0 1
vn -0 0 1
vn -0 0 1
vn -0 0 1
vn -0 0 1
vn -0 0 1
vn -0 0 1
vn -0 1 0
vn -0 1 0
vn -0 1 0
vn -0 1 0
vn -0.70703125 0.70703125 0
vn -0.70703125 0.70703125 0
vn -0.70703125 0.70703125 0
vn -0.70703125 0.70703125 0
vn -0 0 1
vn -0 0 1
vn -0 0 1
vn -0 0 1
vn -1 0 0
vn -1 0 0
vn -1 0 0
vn -1 0 0
vn -0.70703125 0.70703125 0
vn -0.70703125 0.70703125 0
vn -0.70703125 0.70703125 0
vn -0.70703125 0.70703125 0
vn 1 0 0
vn 1 0 0
vn 1 0 0
vn 1 0 0
vn -0 0 1
vn -0 0 1
vn -0 0 1
vn -0 0 1
vn -0 0 1
vn -0 0 1
vn -0 0 1
vn -0 0 1
vn -0 -1 0
vn -0 -1 0
vn -0 -1 0
vn -0 -1 0
vn 0.70703125 -0.70703125 0
vn 0.70703125 -0.70703125 0
vn 0.70703125 -0.70703125 0
vn 0.70703125 -0.70703125 0
vn -0 0 1
vn -0 0 1
vn -0 0 1
vn -0 0 1
vn 1 0 0
vn 1 0 0
vn 1 0 0
vn 1 0 0
vn 0.70703125 -0.70703125 0
vn 0.70703125 -0.70703125 0
vn 0.70703125 -0.70703125 0
vn 0.70703125 -0.70703125 0
vn -1 0 0
vn -1 0 0
vn -1 0 0
vn -1 0 0
vn -0 1 0
vn -0 1 0
vn -0 1 0
vn -0 1 0
vn -0 1 0
vn -0 1 0
vn -0 1 0
vn -0 1 0
vn -0 1 0
vn -0 0 1
vn -0 0 1
vn -0 0 1
vn -0 0 1
vn -0 0 1
vn -0 0 1
vn -0 0 1
vn -0 0 1
vn -0 -1 0
vn -0 -1 0
vn -0 -1 0
vn -0 -1 0
vn -0.70703125 -0.70703125 0
vn -0.70703125 -0.70703125 0
vn -0.70703125 -0.70703125 0
vn -0.70703125 -0.70703125 0
vn -0 0 1
vn -0 0 1
vn -0 0 1
vn -0 0 1
vn -1 0 0
vn -1 0 0
vn -1 0 0
vn -1 0 0
vn -0.70703125 -0.70703125 0
vn -0.70703125 -0.70703125 0
vn -0.70703125 -0.70703125 0
vn -0.70703125 -0.70703125 0
vn 1 0 0
vn 1 0 0
vn 1 0 0
vn 1 0 0
vn -0 0 1
vn -0 0 1
vn -0 0 1
vn -0 0 1
vn -0 0 -1
vn -0 0 -1
vn -0 0 -1
vn -0 0 -1
vn -0 0 -1
vn -0 0 -1
vn -0 1 0
vn -0 1 0
vn -0 1 0
vn -0 1 0
vn 0.70703125 0.70703125 0
vn 0.70703125 0.70703125 0
vn 0.70703125 0.70703125 0
vn 0.70703125 0.70703125 0
vn -0 0 -1
vn -0 0 -1
vn -0 0 -1
vn -0 0 -1
vn 1 0 0
vn 1 0 0
vn 1 0 0
vn 1 0 0
vn 0.70703125 0.70703125 0
vn 0.70703125 0.70703125 0
vn 0.70703125 0.70703125 0
vn 0.70703125 0.70703125 0
vn -1 0 0
vn -1 0 0
vn -1 0 0
vn -1 0 0
vn -0 0 -1
vn -0 0 -1
vn -0 0 -1
vn -0 0 -1
vn -0 1 0
vn -0 1 0
vn -0 1 0
vn -0 1 0
vn -0.70703125 0.70703125 0
vn -0.70703125 0.70703125 0
vn -0.70703125 0.70703125 0
vn -0.70703125 0.70703125 0
vn -0 0 -1
vn -0 0 -1
vn -0 0 -1
vn -0 0 -1
vn -1 0 0
vn -1 0 0
vn -1 0 0
vn -1 0 0
vn -0.70703125 0.70703125 0
vn -0.70703125 0.70703125 0
vn -0.70703125 0.70703125 0
vn -0.70703125 0.70703125 0
vn 1 0 0
vn 1 0 0
vn 1 0 0
vn 1 0 0
vn -0 0 -1
vn -0 0 -1
vn -0 0 -1
vn -0 0 -1
vn -0 0 -1
vn -0 0 -1
vn -0 0 -1
vn -0 0 -1
vn -0 -1 0
vn -0 -1 0
vn -0 -1 0
vn -0 -1 0
vn 0.70703125 -0.70703125 0
vn 0.70703125 -0.70703125 0
vn 0.70703125 -0.70703125 0
vn 0.70703125 -0.70703125 0
vn -0 0 -1
vn -0 0 -1
vn -0 0 -1
vn -0 0 -1
vn 1 0 0
vn 1 0 0
vn 1 0 0
vn 1 0 0
vn 0.70703125 -0.70703125 0
vn 0.70703125 -0.70703125 0
vn 0.70703125 -0.70703125 0
vn 0.70703125 -0.70703125 0
vn -1 0 0
vn -1 0 0
vn -1 0 0
vn -1 0 0
vn -0 0 -1
vn -0 0 -1
vn -0 0 -1
vn -0 0 -1
vn -0 0 -1
vn -0 0 -1
vn -0 0 -1
vn -0 0 -1
vn -0 0 -1
vn -0 0 -1
vn -0 -1 0
vn -0 -1 0
vn -0 -1 0
vn -0 -1 0
vn -0.70703125 -0.70703125 0
vn -0.70703125 -0.70703125 0
vn -0.70703125 -0.70703125 0
vn -0.70703125 -0.70703125 0
vn -0 0 -1
vn -0 0 -1
vn -0 0 -1
vn -0 0 -1
vn -1 0 0
vn -1 0 0
vn -1 0 0
vn -1 0 0
vn -0.70703125 -0.70703125 0
vn -0.70703125 -0.70703125 0
vn -0.70703125 -0.70703125 0
vn -0.70703125 -0.70703125 0
vn 1 0 0
vn 1 0 0
vn 1 0 0
vn 1 0 0
vn 0.399902344 -0.916503906 -0.00213050842
vn 0.307373047 -0.946289062 -0.10144043
vn 0.721191406 -0.692871094 -0.00415802002
vn 0.629882812 -0.75 -0.201171875
vn 0.866210938 -0.419189453 -0.270996094
vn 0.326904297 -0.920898438 -0.213378906
vn 0.595703125 -0.706542969 -0.382324219
vn 0.779296875 -0.384033203 -0.495117188
vn 0.840820312 -0.0994873047 -0.532226562
vn 0.923828125 -0.0997314453 -0.370117188
vn 0.354003906 -0.924316406 -0.142944336
vn 0.65234375 -0.7109375 -0.262451172
vn 0.855957031 -0.386962891 -0.343261719
vn 0.954589844 -0.0993041992 -0.280517578
vn 0.366699219 -0.923828125 -0.108459473
vn 0.67578125 -0.709960938 -0.19921875
vn 0.885253906 -0.385742188 -0.260253906
vn 0.973144531 -0.0989990234 -0.206665039
vn 0.374023438 -0.923828125 -0.0800170898
vn 0.689453125 -0.708984375 -0.146972656
vn 0.902832031 -0.385009766 -0.191894531
vn 0.985351562 -0.0987548828 -0.137573242
vn 0.379882812 -0.923339844 -0.0534057617
vn 0.69921875 -0.708007812 -0.0979614258
vn 0.914550781 -0.384033203 -0.127807617
vn 0.993652344 -0.098449707 -0.0502929688
vn 0.385253906 -0.922851562 -0.0197753906
vn 0.706542969 -0.706542969 -0.0360412598
vn 0.922851562 -0.3828125 -0.0468139648
vn 0.9921875 -0.0982666016 0.076171875
vn 0.387207031 -0.921386719 0.0295410156
vn 0.707519531 -0.704589844 0.054107666
vn 0.921386719 -0.381591797 0.0706176758
vn 0.962402344 -0.0980834961 0.252929688
vn 0.378417969 -0.920410156 0.0993652344
vn 0.6875 -0.703125 0.180541992
vn 0.89453125 -0.380371094 0.234863281
vn 0.889648438 -0.0980224609 0.445800781
vn 0.350097656 -0.920410156 0.175170898
vn 0.636230469 -0.703125 0.318359375
vn 0.827148438 -0.380126953 0.414306641
vn 0.799316406 -0.0979614258 0.593261719
vn 0.3125 -0.921386719 0.231567383
vn 0.5703125 -0.704101562 0.423095703
vn 0.742675781 -0.380859375 0.551269531
vn 0.724609375 -0.0979614258 0.682128906
vn 0.281738281 -0.922363281 0.264892578
vn 0.516601562 -0.705078125 0.485839844
vn 0.673339844 -0.381591797 0.633300781
vn 0.674804688 -0.0980224609 0.731445312
vn 0.260986328 -0.922851562 0.282958984
vn 0.480224609 -0.706054688 0.520507812
vn 0.626464844 -0.382080078 0.679199219
vn 0.688964844 -0.0985107422 0.718261719
vn 0.261230469 -0.926269531 0.272216797
vn 0.487060547 -0.710449219 0.5078125
vn 0.638671875 -0.385253906 0.666015625
vn 0.766113281 -0.098815918 0.634765625
vn 0.288085938 -0.927246094 0.238525391
vn 0.540039062 -0.712890625 0.447265625
vn 0.709960938 -0.386962891 0.588378906
vn 0.854003906 0.0990600586 0.510742188
vn 0.319580078 -0.928222656 0.190917969
vn 0.601074219 -0.713867188 0.359130859
vn 0.791015625 -0.387939453 0.472900391
vn 0.854003906 -0.0990600586 0.510742188
vn 0.923828125 0.0988769531 0.369384766
vn 0.346679688 -0.927734375 0.138671875
vn 0.650878906 -0.712890625 0.260253906
vn 0.855957031 -0.387207031 0.342041016
vn 0.923828125 -0.0988769531 0.369384766
vn 0.874511719 0.381835938 0.299072266
vn 0.364501953 -0.922851562 0.124572754
vn 0.670410156 -0.705566406 0.229248047
vn 0.874511719 -0.381835938 0.299072266
vn 0.941894531 0.0979003906 0.322021484
vn 0.85546875 0.381347656 0.350097656
vn 0.941894531 -0.0979003906 0.322021484
vn 0.357177734 -0.922363281 0.146240234
vn 0.65625 -0.705078125 0.268554688
vn 0.920898438 0.0979003906 0.376953125
vn 0.830078125 0.381347656 0.407226562
vn 0.85546875 -0.381347656 0.350097656
vn 0.920898438 -0.0979003906 0.376953125
vn 0.346435547 -0.922363281 0.170043945
vn 0.893554688 0.0979003906 0.438476562
vn 0.803222656 0.381591797 0.457519531
vn 0.636230469 -0.705078125 0.312255859
vn 0.830078125 -0.381347656 0.407226562
vn 0.893554688 -0.0979003906 0.438476562
vn 0.334960938 -0.922851562 0.190795898
vn 0.864746094 0.0979003906 0.492675781
vn 0.793457031 0.383300781 0.47265625
vn 0.615722656 -0.705566406 0.350830078
vn 0.803222656 -0.381591797 0.457519531
vn 0.864746094 -0.0979003906 0.492675781
vn 0.327880859 -0.924316406 0.19519043
vn 0.854980469 0.0981445312 0.509277344
vn 0.792480469 0.382080078 0.475097656
vn 0.606933594 -0.708007812 0.361328125
vn 0.793457031 -0.383300781 0.47265625
vn 0.854980469 -0.0980834961 0.509277344
vn 0.329345703 -0.923339844 0.197509766
vn 0.853515625 0.0979614258 0.51171875
vn 0.893554688 0.428466797 0.135253906
vn 0.606933594 -0.706542969 0.364013672
vn 0.792480469 -0.382080078 0.475097656
vn 0.853515625 -0.0979614258 0.51171875
vn 0.312255859 -0.948730469 0.0472717285
vn 0.895507812 0.382568359 -0.227294922
vn 0.982910156 0.109069824 0.148803711
vn 0.644042969 -0.758789062 0.0975341797
vn 0.893554688 -0.428466797 0.135253906
vn 0.982910156 -0.109069824 0.148803711
vn 0.371337891 -0.923828125 -0.0942382812
vn 0.964355469 0.0980224609 -0.244873047
vn 0.685546875 -0.70703125 -0.174072266
vn 0.895507812 -0.382568359 -0.227294922
vn 0.964355469 -0.0980224609 -0.244873047
vn 0.375488281 -0.922851562 -0.0850830078
vn 0.901367188 0.381835938 -0.204345703
vn 0.690917969 -0.706054688 -0.156616211
vn 0.901367188 -0.381835938 -0.204345703
vn 0.970703125 0.0979003906 -0.219970703
vn 0.912597656 0.381103516 -0.1484375
vn 0.970703125 -0.0979003906 -0.219970703
vn 0.982421875 0.0978393555 -0.159790039
vn 0.921386719 0.381103516 -0.0748291016
vn 0.982421875 -0.0978393555 -0.159790039
vn 0.912597656 -0.381103516 -0.1484375
vn 0.991699219 0.0978393555 -0.0805053711
vn 0.924316406 0.381347656 -0.000386476517
vn 0.991699219 -0.0978393555 -0.0805053711
vn 0.700195312 -0.705078125 -0.113891602
vn 0.995117188 0.0978393555 -0.000417709351
vn 0.923339844 0.384033203 0.0119628906
vn 0.921386719 -0.381103516 -0.0748291016
vn 0.381591797 -0.922363281 -0.0620727539
vn 0.995117188 -0.0978393555 -0.000417470932
vn 0.995117188 0.0982055664 0.0128936768
vn 0.921386719 0.385009766 -0.0518493652
vn 0.70703125 -0.705078125 -0.057434082
vn 0.385498047 -0.922363281 -0.0313415527
vn 0.924316406 -0.381347656 -0.000385761261
vn 0.995117188 -0.0982055664 0.0128936768
vn 0.993652344 0.0983886719 -0.0559082031
vn 0.915527344 0.384277344 -0.118041992
vn 0.386474609 -0.922363281 -0.000163197517
vn 0.709472656 -0.705078125 -0.000296592712
vn 0.923339844 -0.384033203 0.0119628906
vn 0.993652344 -0.0983886719 -0.0559082031
vn 0.986816406 0.0982666016 -0.127197266
vn 0.909179688 0.383789062 -0.161987305
vn 0.379638672 -0.925292969 0.00492477417
vn 0.705078125 -0.708984375 0.00914764404
vn 0.921386719 -0.385009766 -0.0518493652
vn 0.986816406 -0.0982666016 -0.127197266
vn 0.979492188 0.0982055664 -0.174682617
vn 0.912597656 0.381347656 -0.146484375
vn 0.377197266 -0.92578125 -0.0212097168
vn 0.703125 -0.709960938 -0.0395507812
vn 0.915527344 -0.384277344 -0.118041992
vn 0.979492188 -0.0982055664 -0.174682617
vn 0.982421875 0.0979003906 -0.157714844
vn 0.922363281 0.380859375 -0.061706543
vn 0.376220703 -0.925292969 -0.0484924316
vn 0.69921875 -0.708984375 -0.0901489258
vn 0.909179688 -0.383789062 -0.161987305
vn 0.982421875 -0.0979003906 -0.157714844
vn 0.993164062 0.0979003906 -0.06640625
vn 0.923828125 0.381103516 0.033996582
vn 0.374511719 -0.924804688 -0.0667114258
vn 0.694824219 -0.708496094 -0.123840332
vn 0.912597656 -0.381347656 -0.146484375
vn 0.993164062 -0.0979003906 -0.06640625
vn 0.994628906 0.0979003906 0.0365600586
vn 0.917480469 0.381347656 0.114746094
vn 0.381347656 -0.922363281 -0.0611572266
vn 0.700195312 -0.705078125 -0.112304688
vn 0.922363281 -0.380859375 -0.061706543
vn 0.994628906 -0.0979003906 0.0365600586
vn 0.987304688 0.0979614258 0.123474121
vn 0.909667969 0.382568359 0.161376953
vn 0.386962891 -0.921875 -0.025894165
vn 0.708496094 -0.704101562 -0.0473632812
vn 0.923828125 -0.381103516 0.033996582
vn 0.987304688 -0.0979614258 0.123474121
vn 0.979980469 0.0980834961 0.173828125
vn 0.908691406 0.383544922 0.166259766
vn 0.386962891 -0.921875 0.014251709
vn 0.708984375 -0.704589844 0.0260925293
vn 0.917480469 -0.381347656 0.114746094
vn 0.979980469 -0.0980834961 0.173828125
vn 0.979003906 0.0982055664 0.179077148
vn 0.911132812 0.383789062 0.150756836
vn 0.383300781 -0.922363281 0.0479736328
vn 0.703613281 -0.705078125 0.0880126953
vn 0.909667969 -0.382568359 0.161376953
vn 0.979003906 -0.0982055664 0.179077148
vn 0.981933594 0.0982666016 0.162353516
vn 0.903808594 0.379638672 0.196533203
vn 0.377685547 -0.923339844 0.0670166016
vn 0.696289062 -0.70703125 0.123596191
vn 0.908691406 -0.383544922 0.166259766
vn 0.981933594 -0.0982666016 0.162353516
vn 0.97265625 0.0975341797 0.211425781
vn 0.912109375 0.409667969 -0.0234832764
vn 0.375244141 -0.924316406 0.0686645508
vn 0.694824219 -0.708007812 0.127075195
vn 0.911132812 -0.383789062 0.150756836
vn 0.97265625 -0.0975341797 0.211425781
vn 0.994140625 0.104003906 -0.0258636475
vn 0.87890625 0.381835938 -0.286376953
vn 0.375732422 -0.924804688 0.0622558594
vn 0.696289062 -0.708496094 0.115234375
vn 0.903808594 -0.379638672 0.196533203
vn 0.994140625 -0.104003906 -0.0258636475
vn 0.946289062 0.0979003906 -0.308349609
vn 0.875 0.383789062 -0.295654297
vn 0.380371094 -0.920898438 0.0836791992
vn 0.694824219 -0.703125 0.151611328
vn 0.912109375 -0.409667969 -0.0234832764
vn 0.946289062 -0.0979003906 -0.308349609
vn 0.942871094 0.0982055664 -0.318603516
vn 0.86328125 0.383300781 -0.328369141
vn 0.337890625 -0.940917969 -0.00886535645
vn 0.672851562 -0.739257812 -0.0172729492
vn 0.87890625 -0.381835938 -0.286376953
vn 0.942871094 -0.0982055664 -0.318603516
vn 0.930175781 0.0981445312 -0.353759766
vn 0.867675781 0.381591797 -0.318359375
vn 0.365234375 -0.923339844 -0.11932373
vn 0.673339844 -0.706054688 -0.219604492
vn 0.875 -0.383789062 -0.295654297
vn 0.930175781 -0.0981445312 -0.353759766
vn 0.934570312 0.0979003906 -0.342773438
vn 0.892089844 0.380615234 -0.243041992
vn 0.360107422 -0.924804688 -0.121643066
vn 0.668457031 -0.708984375 -0.225830078
vn 0.86328125 -0.383300781 -0.328369141
vn 0.934570312 -0.0979003906 -0.342773438
vn 0.960449219 0.0978393555 -0.261474609
vn 0.915527344 0.380371094 -0.130371094
vn 0.356201172 -0.924316406 -0.135498047
vn 0.66015625 -0.708007812 -0.250976562
vn 0.867675781 -0.381591797 -0.318359375
vn 0.960449219 -0.0978393555 -0.261474609
vn 0.985351562 0.0978393555 -0.140258789
vn 0.924804688 0.380371094 -0.00937652588
vn 0.361816406 -0.922851562 -0.13269043
vn 0.665039062 -0.705566406 -0.244018555
vn 0.892089844 -0.380615234 -0.243041992
vn 0.985351562 -0.0978393555 -0.140258789
vn 0.995117188 0.0978393555 -0.0100860596
vn 0.918945312 0.380859375 0.101135254
vn 0.374755859 -0.921386719 -0.102050781
vn 0.685058594 -0.704101562 -0.186645508
vn 0.915527344 -0.380371094 -0.130371094
vn 0.995117188 -0.0978393555 -0.0100860596
vn 0.989257812 0.0978393555 0.108825684
vn 0.906738281 0.381347656 0.17980957
vn 0.385009766 -0.921386719 -0.0548095703
vn 0.703125 -0.703613281 -0.100158691
vn 0.924804688 -0.380371094 -0.00937652588
vn 0.989257812 -0.0978393555 0.108825684
vn 0.976074219 0.0979003906 0.193603516
vn 0.894042969 0.381591797 0.234375
vn 0.388916016 -0.921386719 -0.00395965576
vn 0.710449219 -0.703613281 -0.00720977783
vn 0.918945312 -0.380859375 0.101074219
vn 0.976074219 -0.0979003906 0.193603516
vn 0.962890625 0.0979003906 0.252441406
vn 0.880859375 0.381835938 0.279296875
vn 0.385498047 -0.921875 0.042388916
vn 0.705566406 -0.704101562 0.0776367188
vn 0.906738281 -0.381347656 0.17980957
vn 0.962890625 -0.0979003906 0.252441406
vn 0.948730469 0.0979003906 0.300537109
vn 0.871582031 0.382324219 0.307373047
vn 0.378662109 -0.922363281 0.0750732422
vn 0.6953125 -0.705078125 0.137939453
vn 0.894042969 -0.381591797 0.234375
vn 0.948730469 -0.0979003906 0.300537109
vn 0.938476562 0.0979614258 0.331054688
vn 0.870605469 0.383056641 0.308349609
vn 0.372802734 -0.922851562 0.0977783203
vn 0.685546875 -0.705566406 0.1796875
vn 0.880859375 -0.381835938 0.279296875
vn 0.938476562 -0.0979614258 0.331054688
vn 0.937988281 0.0980834961 0.332275391
vn 0.876953125 0.383300781 0.289550781
vn 0.366943359 -0.922851562 0.116333008
vn 0.675292969 -0.705566406 0.213989258
vn 0.871582031 -0.382324219 0.307373047
vn 0.937988281 -0.0980834961 0.332275391
vn 0.944824219 0.0981445312 0.312011719
vn 0.887207031 0.384033203 0.256103516
vn 0.361816406 -0.923339844 0.127563477
vn 0.667480469 -0.706542969 0.235351562
vn 0.870605469 -0.383056641 0.308349609
vn 0.944824219 -0.0981445312 0.312011719
vn 0.956054688 0.0982055664 0.276123047
vn 0.908691406 0.388183594 0.152832031
vn 0.359863281 -0.924316406 0.127441406
vn 0.666015625 -0.707519531 0.235839844
vn 0.876953125 -0.383300781 0.289550781
vn 0.956054688 -0.0982055664 0.276123047
vn 0.981445312 0.0989990234 0.165039062
vn 0.922363281 0.385498047 0.0230407715
vn 0.362060547 -0.924316406 0.119567871
vn 0.670410156 -0.708007812 0.221435547
vn 0.887207031 -0.384033203 0.256103516
vn 0.981445312 -0.0989990234 0.165039062
vn 0.994628906 0.098449707 0.0248413086
vn 0.921875 0.384033203 -0.0498657227
vn 0.364990234 -0.924804688 0.10534668
vn 0.677734375 -0.708984375 0.195678711
vn 0.908691406 -0.388183594 0.152832031
vn 0.994628906 -0.098449707 0.0248413086
vn 0.993652344 0.0982055664 -0.0537414551
vn 0.918945312 0.383544922 -0.0913696289
vn 0.366455078 -0.928222656 0.0616149902
vn 0.690429688 -0.714355469 0.116088867
vn 0.922363281 -0.385498047 0.0230407715
vn 0.993652344 -0.0982055664 -0.0537414551
vn 0.990234375 0.0981445312 -0.098449707
vn 0.91796875 0.382568359 -0.105285645
vn 0.376708984 -0.926269531 0.0094909668
vn 0.703125 -0.7109375 0.0176086426
vn 0.921875 -0.384033203 -0.0498657227
vn 0.990234375 -0.0981445312 -0.098449707
vn 0.988769531 0.0979614258 -0.11340332
vn 0.921386719 0.381347656 -0.0737915039
vn 0.379150391 -0.925292969 -0.0204772949
vn 0.704101562 -0.708984375 -0.0380554199
vn 0.918945312 -0.383544922 -0.0913696289
vn 0.988769531 -0.0979614258 -0.11340332
vn 0.9921875 0.0978393555 -0.0794067383
vn 0.924316406 0.381103516 -0.00896453857
vn 0.37890625 -0.924804688 -0.037689209
vn 0.702636719 -0.708007812 -0.0698852539
vn 0.91796875 -0.382568359 -0.105285645
vn 0.9921875 -0.0978393555 -0.0794067383
vn 0.995117188 0.0978393555 -0.00965118408
vn 0.921875 0.381103516 0.0678710938
vn 0.380371094 -0.923828125 -0.0436401367
vn 0.702636719 -0.70703125 -0.0806274414
vn 0.921386719 -0.381347656 -0.0737915039
vn 0.995117188 -0.0978393555 -0.00965118408
vn 0.992675781 0.0978393555 0.073059082
vn 0.911621094 0.380859375 0.153320312
vn 0.384765625 -0.922363281 -0.0308074951
vn 0.706542969 -0.705078125 -0.0565795898
vn 0.924316406 -0.381103516 -0.00896453857
vn 0.992675781 -0.0978393555 0.073059082
vn 0.981445312 0.0978393555 0.165039062
vn 0.89453125 0.381103516 0.234008789
vn 0.386474609 -0.922363281 -0.00374412537
vn 0.709472656 -0.705078125 -0.00687408447
vn 0.921875 -0.381103516 0.0678710938
vn 0.981445312 -0.0978393555 0.165039062
vn 0.962890625 0.0978393555 0.251953125
vn 0.873535156 0.381347656 0.302734375
vn 0.385986328 -0.921875 0.028427124
vn 0.707519531 -0.704589844 0.0520935059
vn 0.911621094 -0.380859375 0.153320312
vn 0.962890625 -0.0978393555 0.251953125
vn 0.940429688 0.0978393555 0.325927734
vn 0.850097656 0.381347656 0.362792969
vn 0.382080078 -0.921875 0.0642700195
vn 0.699707031 -0.704589844 0.117675781
vn 0.89453125 -0.381103516 0.234008789
vn 0.940429688 -0.0978393555 0.325927734
vn 0.915527344 0.0978393555 0.390625
vn 0.834472656 0.382324219 0.397216797
vn 0.374267578 -0.922363281 0.0979003906
vn 0.686523438 -0.704589844 0.17956543
vn 0.873535156 -0.381347656 0.302734375
vn 0.915527344 -0.0978393555 0.390625
vn 0.8984375 0.0979614258 0.427978516
vn 0.850097656 0.385498047 0.358398438
vn 0.364990234 -0.922363281 0.126586914
vn 0.669921875 -0.705078125 0.232299805
vn 0.850097656 -0.381347656 0.362792969
vn 0.8984375 -0.0979614258 0.427978516
vn 0.916992188 0.0985107422 0.386474609
vn 0.883789062 0.385498047 0.265136719
vn 0.354980469 -0.922363281 0.151489258
vn 0.651855469 -0.705078125 0.278320312
vn 0.834472656 -0.382324219 0.397216797
vn 0.916992188 -0.0985107422 0.386474609
vn 0.953125 0.0985107422 0.285888672
vn 0.906738281 0.385253906 0.171386719
vn 0.346191406 -0.923339844 0.164916992
vn 0.638671875 -0.706542969 0.304199219
vn 0.850097656 -0.385498047 0.358398438
vn 0.953125 -0.0985107422 0.285888672
vn 0.978027344 0.098449707 0.184814453
vn 0.91796875 0.384033203 0.100402832
vn 0.346923828 -0.926269531 0.146240234
vn 0.647949219 -0.7109375 0.273193359
vn 0.883789062 -0.385498047 0.265136719
vn 0.978027344 -0.098449707 0.184814453
vn 0.989257812 0.0982055664 0.108215332
vn 0.918457031 0.381347656 0.104614258
vn 0.360595703 -0.926269531 0.108154297
vn 0.673339844 -0.7109375 0.202026367
vn 0.906738281 -0.385253906 0.171386719
vn 0.989257812 -0.0982055664 0.108215332
vn 0.988769531 0.0979003906 0.112670898
vn 0.909179688 0.381347656 0.166870117
vn 0.370361328 -0.926269531 0.0700073242
vn 0.69140625 -0.7109375 0.130737305
vn 0.91796875 -0.384033203 0.100402832
vn 0.988769531 -0.0979003906 0.112670898
vn 0.979003906 0.0978393555 0.17956543
vn 0.89453125 0.381347656 0.233642578
vn 0.377441406 -0.925292969 0.0412902832
vn 0.701171875 -0.708984375 0.0767211914
vn 0.918457031 -0.381347656 0.104614258
vn 0.979003906 -0.0978393555 0.17956543
vn 0.962890625 0.0978393555 0.251464844
vn 0.874511719 0.381347656 0.300048828
vn 0.383300781 -0.922363281 0.0436706543
vn 0.704101562 -0.705566406 0.0802612305
vn 0.909179688 -0.381347656 0.166870117
vn 0.962890625 -0.0978393555 0.251464844
vn 0.94140625 0.0978393555 0.322998047
vn 0.848144531 0.381103516 0.368408203
vn 0.379882812 -0.922363281 0.0697021484
vn 0.697265625 -0.705078125 0.127929688
vn 0.89453125 -0.381347656 0.233642578
vn 0.94140625 -0.0978393555 0.322998047
vn 0.912597656 0.0978393555 0.396728516
vn 0.805175781 0.380615234 0.455078125
vn 0.373779297 -0.922363281 0.0977172852
vn 0.686035156 -0.705078125 0.179321289
vn 0.874511719 -0.381347656 0.300048828
vn 0.912597656 -0.0978393555 0.396728516
vn 0.866210938 0.0978393555 0.489746094
vn 0.724609375 0.379638672 0.574707031
vn 0.365478516 -0.922363281 0.125366211
vn 0.670898438 -0.705078125 0.230102539
vn 0.848144531 -0.381103516 0.368408203
vn 0.866210938 -0.0978393555 0.489746094
vn 0.779785156 0.0977783203 0.618164062
vn 0.598144531 0.379638672 0.705566406
vn 0.354736328 -0.922363281 0.154174805
vn 0.650390625 -0.704589844 0.282714844
vn 0.805175781 -0.380615234 0.455078125
vn 0.779785156 -0.0977783203 0.618164062
vn 0.643554688 0.0978393555 0.759277344
vn 0.529296875 0.383300781 0.756835938
vn 0.338378906 -0.921386719 0.19128418
vn 0.618164062 -0.704101562 0.349609375
vn 0.724609375 -0.379638672 0.574707031
vn 0.643554688 -0.0978393555 0.759277344
vn 0.5703125 0.0980834961 0.815429688
vn 0.572265625 0.385253906 0.724121094
vn 0.306640625 -0.920410156 0.243164062
vn 0.557617188 -0.702636719 0.442138672
vn 0.598144531 -0.379638672 0.705566406
vn 0.5703125 -0.0980834961 0.815429688
vn 0.6171875 0.0985107422 0.780761719
vn 0.646484375 0.386230469 0.657714844
vn 0.253417969 -0.919921875 0.299072266
vn 0.460205078 -0.702636719 0.54296875
vn 0.529296875 -0.383300781 0.756835938
vn 0.6171875 -0.0985107422 0.780761719
vn 0.697753906 0.0986938477 0.709472656
vn 0.743164062 0.389404297 0.543945312
vn 0.21862793 -0.924316406 0.312744141
vn 0.404785156 -0.708007812 0.579101562
vn 0.572265625 -0.385253906 0.724121094
vn 0.697753906 -0.0986938477 0.709472656
vn 0.803222656 0.0993041992 0.587402344
vn 0.817382812 0.385253906 0.427978516
vn 0.233886719 -0.926269531 0.295654297
vn 0.436279297 -0.710449219 0.551757812
vn 0.646484375 -0.386230469 0.657714844
vn 0.803222656 -0.0993041992 0.587402344
vn 0.881835938 0.098449707 0.461425781
vn 0.853027344 0.384765625 0.352539062
vn 0.263183594 -0.926757812 0.267578125
vn 0.492431641 -0.711914062 0.500976562
vn 0.743164062 -0.389404297 0.543945312
vn 0.881835938 -0.098449707 0.461425781
vn 0.919921875 0.0983276367 0.379882812
vn 0.879394531 0.384521484 0.28125
vn 0.298095703 -0.929199219 0.218383789
vn 0.563476562 -0.715820312 0.412353516
vn 0.817382812 -0.385253906 0.427978516
vn 0.919921875 -0.0983276367 0.379882812
vn 0.947753906 0.0983276367 0.303222656
vn 0.886230469 0.381835938 0.262207031
vn 0.333984375 -0.926269531 0.175048828
vn 0.623535156 -0.710449219 0.326416016
vn 0.853027344 -0.384765625 0.352539062
vn 0.947753906 -0.0983276367 0.303222656
vn 0.954101562 0.0979003906 0.282470703
vn 0.838867188 0.379150391 0.390625
vn 0.349121094 -0.92578125 0.14440918
vn 0.650878906 -0.709960938 0.269042969
vn 0.879394531 -0.384521484 0.28125
vn 0.954101562 -0.0979003906 0.282470703
vn 0.90234375 0.0979614258 0.420166016
vn 0.728515625 0.379638672 0.5703125
vn 0.360351562 -0.92578125 0.115356445
vn 0.670898438 -0.709960938 0.21472168
vn 0.886230469 -0.381835938 0.262207031
vn 0.90234375 -0.0979614258 0.420166016
vn 0.783203125 0.0977783203 0.613769531
vn 0.6328125 0.380615234 0.674316406
vn 0.368652344 -0.923339844 0.109191895
vn 0.679199219 -0.706054688 0.201049805
vn 0.838867188 -0.379150391 0.390625
vn 0.783203125 -0.0977783203 0.613769531
vn 0.681152344 0.0978393555 0.725585938
vn 0.564941406 0.381103516 0.731933594
vn 0.357177734 -0.918945312 0.166503906
vn 0.645996094 -0.701660156 0.30078125
vn 0.728515625 -0.379638672 0.5703125
vn 0.681152344 -0.0978393555 0.725585938
vn 0.607910156 0.0978393555 0.788085938
vn 0.466308594 0.379882812 0.798828125
vn 0.30859375 -0.919921875 0.241577148
vn 0.560546875 -0.702148438 0.438964844
vn 0.6328125 -0.380615234 0.674316406
vn 0.607910156 -0.0978393555 0.788085938
vn 0.501464844 0.0978393555 0.859375
vn 0.291503906 0.379394531 0.877929688
vn 0.265625 -0.921875 0.282958984
vn 0.486083984 -0.704101562 0.517578125
vn 0.564941406 -0.381103516 0.731933594
vn 0.501464844 -0.0978393555 0.859375
vn 0.236328125 -0.922363281 0.306152344
vn 0.433349609 -0.705078125 0.561523438
vn 0.196899414 -0.920410156 0.337402344
vn 0.466308594 -0.379882812 0.798828125
vn 0.358398438 -0.703125 0.614257812
vn 0.313476562 0.0979003906 0.944335938
vn 0.123840332 -0.919433594 0.373291016
vn 0.224365234 -0.701660156 0.67578125
vn 0.291503906 -0.379394531 0.877929688
vn 0.313476562 -0.0979003906 0.944335938
vn 0.0254516602 -0.918945312 0.393554688
vn 0.0459899902 -0.701660156 0.711425781
vn 0.0597229004 -0.379394531 0.923339844
vn 0.0642700195 -0.0979614258 0.993164062
vn 0.0642700195 0.0979614258 0.993164062
vn -0.0748901367 -0.919433594 0.385986328
vn -0.135742188 -0.702148438 0.69921875
vn -0.176513672 -0.379638672 0.908203125
vn -0.189819336 -0.0979614258 0.977050781
vn -0.114868164 -0.924316406 0.364257812
vn -0.212524414 -0.707519531 0.673828125
vn -0.277832031 -0.383056641 0.880859375
vn 0.0986328125 -0.974609375 0.202148438
vn 0.235473633 -0.84375 0.482666016
vn -0.267089844 -0.417724609 0.868652344
vn -0.292480469 -0.10333252 0.950683594
vn -0.299316406 -0.0980834961 0.94921875
vn -0.292480469 0.10333252 0.950683594
vn -0.299316406 0.0980834961 0.94921875
vn -0.267089844 0.417724609 0.868652344
vn 0.353271484 -0.921386719 0.162841797
vn 0.645019531 -0.703613281 0.297363281
vn -0.189819336 0.0979614258 0.977050781
vn -0.277832031 0.383056641 0.880859375
vn 0.235473633 0.84375 0.482666016
vn 0.322753906 -0.919921875 0.22277832
vn -0.176513672 0.379638672 0.908203125
vn 0.83984375 -0.380371094 0.386962891
vn 0.848632812 -0.417724609 0.323974609
vn 0.5859375 -0.702148438 0.404541016
vn 0.266845703 -0.919433594 0.288574219
vn -0.212524414 0.707519531 0.673828125
vn 0.0597229004 0.379394531 0.923339844
vn -0.135742188 0.702148438 0.69921875
vn 0.0459899902 0.701660156 0.711425781
vn -0.0748901367 0.919433594 0.385986328
vn -0.114868164 0.924316406 0.364257812
vn 0.0986328125 0.974609375 0.202148438
vn 0.353271484 0.921386719 0.162841797
vn 0.645019531 0.703613281 0.297363281
vn 0.848632812 0.417724609 0.323974609
vn 0.322753906 0.919921875 0.22277832
vn 0.83984375 0.380371094 0.386962891
vn 0.929199219 0.10333252 0.354736328
vn 0.5859375 0.702148438 0.404541016
vn 0.266845703 0.919433594 0.288574219
vn 0.903808594 0.0978393555 0.416503906
vn 0.929199219 -0.10333252 0.354736328
vn 0.761230469 0.379638672 0.525390625
vn 0.483642578 0.702148438 0.522949219
vn 0.197265625 0.919921875 0.338867188
vn 0.903808594 -0.0978393555 0.416503906
vn 0.818847656 0.0978393555 0.565429688
vn 0.628417969 0.379394531 0.679199219
vn 0.358154297 0.702148438 0.615234375
vn 0.151367188 0.923339844 0.353515625
vn 0.818847656 -0.0978393555 0.565429688
vn 0.67578125 0.0978393555 0.73046875
vn 0.465332031 0.379638672 0.799804688
vn 0.278564453 0.706054688 0.650878906
vn 0.153930664 0.925292969 0.346435547
vn 0.761230469 -0.379638672 0.525390625
vn 0.67578125 -0.0978393555 0.73046875
vn 0.500488281 0.0979003906 0.860351562
vn 0.363769531 0.382080078 0.849609375
vn 0.286132812 0.709472656 0.644042969
vn 0.178344727 0.92578125 0.333251953
vn 0.628417969 -0.379394531 0.679199219
vn 0.500488281 -0.0979003906 0.860351562
vn 0.391601562 0.0979614258 0.915039062
vn 0.374755859 0.384277344 0.84375
vn 0.332275391 0.709960938 0.620605469
vn 0.210327148 0.926757812 0.311035156
vn 0.483642578 -0.702148438 0.522949219
vn 0.465332031 -0.379638672 0.799804688
vn 0.391601562 -0.0979614258 0.915039062
vn 0.404052734 0.0982666016 0.909667969
vn 0.435302734 0.384765625 0.813964844
vn 0.393554688 0.711914062 0.58203125
vn 0.358154297 -0.702148438 0.615234375
vn 0.363769531 -0.382080078 0.849609375
vn 0.404052734 -0.0982666016 0.909667969
vn 0.469482422 0.0983886719 0.877441406
vn 0.197265625 -0.919921875 0.338867188
vn 0.278564453 -0.706054688 0.650878906
vn 0.151367188 -0.923339844 0.353515625
vn 0.374755859 -0.384277344 0.84375
vn 0.153930664 -0.925292969 0.346435547
vn 0.286132812 -0.709472656 0.644042969
vn 0.469482422 -0.0983886719 0.877441406
vn 0.178344727 -0.92578125 0.333251953
vn 0.332275391 -0.709960938 0.620605469
vn 0.435302734 -0.384765625 0.813964844
vn 0.210327148 -0.926757812 0.311035156
vn 0.393554688 -0.711914062 0.58203125
vn 0.517089844 -0.386230469 0.764160156
vn 0.557617188 -0.0986328125 0.82421875
vn 0.557617188 0.0986328125 0.82421875
vn 0.230957031 -0.923339844 0.306396484
vn 0.426025391 -0.706542969 0.564941406
vn 0.556152344 -0.382324219 0.737792969
vn 0.599121094 -0.0979614258 0.794921875
vn 0.217529297 -0.922363281 0.319335938
vn 0.399169922 -0.705078125 0.5859375
vn 0.520507812 -0.381347656 0.764160156
vn 0.194213867 -0.922363281 0.333740234
vn 0.356689453 -0.705078125 0.612792969
vn 0.172241211 -0.922363281 0.345214844
vn 0.599121094 0.0979614258 0.794921875
vn 0.560546875 -0.0979003906 0.822265625
vn 0.465087891 -0.381347656 0.798828125
vn 0.31640625 -0.705566406 0.634277344
vn 0.14855957 -0.922363281 0.356689453
vn 0.560546875 0.0979003906 0.822265625
vn 0.500488281 -0.0978393555 0.859863281
vn 0.412597656 -0.381591797 0.827148438
vn 0.272705078 -0.705078125 0.654785156
vn 0.118225098 -0.921875 0.368896484
vn 0.500488281 0.0978393555 0.859863281
vn 0.444335938 -0.0978393555 0.890625
vn 0.35546875 -0.381347656 0.853515625
vn 0.216552734 -0.704589844 0.67578125
vn 0.0813598633 -0.921875 0.379150391
vn 0.444335938 0.0978393555 0.890625
vn 0.382568359 -0.0978393555 0.918945312
vn 0.282226562 -0.380859375 0.880371094
vn 0.149047852 -0.704101562 0.693847656
vn 0.0414123535 -0.921875 0.385498047
vn 0.382568359 0.0978393555 0.918945312
vn 0.303710938 -0.0978393555 0.947753906
vn 0.194091797 -0.380859375 0.904296875
vn 0.0757446289 -0.704101562 0.706054688
vn 0.0925292969 -0.934570312 0.344238281
vn 0.303710938 0.0978393555 0.947753906
vn 0.208862305 -0.0978393555 0.973144531
vn 0.0986328125 -0.380859375 0.919433594
vn 0.180053711 -0.724609375 0.665527344
vn 0.220336914 -0.933105469 0.283691406
vn 0.208862305 0.0978393555 0.973144531
vn 0.106201172 -0.0978393555 0.989746094
vn 0.239868164 -0.395996094 0.886230469
vn 0.422607422 -0.72265625 0.546875
vn 0.294677734 -0.927246094 0.23034668
vn 0.106201172 0.0978393555 0.989746094
vn 0.259277344 -0.100585938 0.960449219
vn 0.561035156 -0.39453125 0.727539062
vn 0.552246094 -0.713378906 0.431640625
vn 0.311279297 -0.923339844 0.224731445
vn 0.259277344 0.100524902 0.960449219
vn 0.608398438 -0.100280762 0.787597656
vn 0.726074219 -0.387695312 0.567871094
vn 0.573242188 -0.70703125 0.4140625
vn 0.286865234 -0.920410156 0.265136719
vn 0.608398438 0.100280762 0.787597656
vn 0.783691406 -0.0990600586 0.61328125
vn 0.749023438 -0.3828125 0.541015625
vn 0.521972656 -0.703613281 0.482177734
vn 0.218261719 -0.918945312 0.328369141
vn 0.783691406 0.0990600586 0.61328125
vn 0.806640625 -0.0982666016 0.582519531
vn 0.679199219 -0.380615234 0.627441406
vn 0.39453125 -0.701660156 0.593261719
vn 0.106140137 -0.91796875 0.382324219
vn 0.806640625 0.0982666016 0.582519531
vn 0.730957031 -0.0981445312 0.675292969
vn 0.512695312 -0.379638672 0.770019531
vn 0.190917969 -0.700683594 0.687011719
vn -0.0283508301 -0.91796875 0.395507812
vn 0.730957031 0.0981445312 0.675292969
vn 0.551269531 -0.0981445312 0.828613281
vn 0.247680664 -0.379150391 0.891601562
vn -0.0512084961 -0.700683594 0.711425781
vn -0.147583008 -0.918945312 0.366210938
vn 0.551269531 0.0981445312 0.828613281
vn 0.266357422 -0.0982666016 0.958984375
vn -0.0665893555 -0.379150391 0.922851562
vn -0.266601562 -0.701660156 0.661132812
vn -0.237182617 -0.919433594 0.313476562
vn 0.266357422 0.0982666016 0.958984375
vn -0.0715942383 -0.0982055664 0.992675781
vn -0.346191406 -0.379394531 0.857910156
vn -0.4296875 -0.702148438 0.567871094
vn -0.296142578 -0.920410156 0.254882812
vn -0.0715942383 0.0982055664 0.992675781
vn -0.372314453 -0.0980834961 0.922851562
vn -0.558105469 -0.379638672 0.737792969
vn -0.5390625 -0.703125 0.463867188
vn -0.316894531 -0.923339844 0.217285156
vn -0.372314453 0.0980834961 0.922851562
vn -0.600585938 -0.0979614258 0.793457031
vn -0.701171875 -0.380126953 0.603027344
vn -0.583984375 -0.706542969 0.400390625
vn -0.293701172 -0.927734375 0.229736328
vn -0.600585938 0.0979614258 0.793457031
vn -0.754394531 -0.0979614258 0.648925781
vn -0.762207031 -0.382080078 0.522460938
vn -0.551757812 -0.713378906 0.431640625
vn -0.245727539 -0.929199219 0.276123047
vn -0.754394531 0.0979614258 0.648925781
vn -0.820800781 -0.0980224609 0.562988281
vn -0.726074219 -0.387451172 0.567871094
vn -0.464111328 -0.715820312 0.521484375
vn -0.164916992 -0.932128906 0.322265625
vn -0.820800781 0.0980224609 0.562988281
vn -0.784179688 -0.0989379883 0.612792969
vn -0.612304688 -0.389648438 0.687988281
vn -0.315429688 -0.721191406 0.616699219
vn -0.113830566 -0.924804688 0.363525391
vn -0.784179688 0.0989379883 0.612792969
vn -0.661621094 -0.0993652344 0.743164062
vn -0.418457031 -0.394042969 0.818359375
vn -0.2109375 -0.708007812 0.673828125
vn -0.147338867 -0.919921875 0.362792969
vn -0.661621094 0.0993652344 0.743164062
vn -0.453125 -0.100341797 0.885742188
vn -0.275878906 -0.383544922 0.881347656
vn -0.267578125 -0.702636719 0.659179688
vn -0.218383789 -0.919921875 0.326171875
vn -0.453125 0.100341797 0.885742188
vn -0.297363281 -0.0981445312 0.949707031
vn -0.347900391 -0.379882812 0.856933594
vn -0.396240234 -0.702148438 0.591796875
vn -0.280029297 -0.919921875 0.273925781
vn -0.297363281 0.0981445312 0.949707031
vn -0.374267578 -0.0978393555 0.922363281
vn -0.514648438 -0.379394531 0.768554688
vn -0.508789062 -0.702636719 0.497558594
vn -0.303710938 -0.923339844 0.235229492
vn -0.374267578 0.0978393555 0.922363281
vn -0.553710938 -0.0978393555 0.826660156
vn -0.661621094 -0.379638672 0.646484375
vn -0.559570312 -0.706542969 0.433349609
vn -0.220703125 -0.9375 0.269042969
vn -0.553710938 0.0978393555 0.826660156
vn -0.711914062 -0.0978393555 0.695800781
vn -0.730957031 -0.382080078 0.565429688
vn -0.432128906 -0.731933594 0.526855469
vn -0.185668945 -0.921875 0.340332031
vn -0.711914062 0.0978393555 0.695800781
vn -0.787109375 -0.0979614258 0.609375
vn -0.580566406 -0.403076172 0.707519531
vn -0.33984375 -0.704589844 0.623046875
vn -0.213378906 -0.922363281 0.321533203
vn -0.787109375 0.0979614258 0.609375
vn -0.630859375 -0.102539062 0.769042969
vn -0.442871094 -0.381103516 0.811523438
vn -0.391845703 -0.705566406 0.590820312
vn -0.227783203 -0.923339844 0.309082031
vn -0.419677734 -0.706542969 0.569824219
vn -0.427490234 -0.707519531 0.5625
vn -0.511230469 -0.381591797 0.770019531
vn -0.4765625 -0.0979003906 0.873535156
vn -0.547851562 -0.382324219 0.744140625
vn -0.559082031 -0.383056641 0.735351562
vn -0.557128906 -0.383056641 0.736816406
vn -0.550292969 -0.0979003906 0.829101562
vn -0.590332031 -0.0980224609 0.801269531
vn -0.602050781 -0.0981445312 0.792480469
vn -0.510253906 -0.385253906 0.769042969
vn -0.600097656 -0.0981445312 0.793945312
vn -0.456054688 -0.419433594 0.784667969
vn -0.499755859 -0.103393555 0.859863281
vn -0.550292969 -0.0983886719 0.829101562
vn -0.499755859 0.103393555 0.859863281
vn -0.550292969 0.0983886719 0.829101562
vn -0.456054688 0.419433594 0.784667969
vn -0.600097656 0.0981445312 0.793945312
vn -0.510253906 0.385253906 0.769042969
vn 0.142700195 0.859863281 0.490478516
vn -0.602050781 0.0981445312 0.792480469
vn -0.557128906 0.383056641 0.736816406
vn -0.590332031 0.0980224609 0.801269531
vn -0.389160156 0.7109375 0.5859375
vn -0.559082031 0.383056641 0.735351562
vn -0.550292969 0.0979003906 0.829101562
vn -0.426269531 0.707519531 0.563476562
vn -0.547851562 0.382324219 0.744140625
vn -0.4765625 0.0979003906 0.873535156
vn -0.427490234 0.707519531 0.5625
vn -0.511230469 0.381591797 0.770019531
vn -0.630859375 0.102539062 0.769042969
vn -0.442871094 0.381103516 0.811523438
vn -0.419677734 0.706542969 0.569824219
vn -0.580566406 0.403076172 0.707519531
vn -0.391845703 0.705566406 0.590820312
vn -0.730957031 0.382080078 0.565429688
vn -0.33984375 0.704589844 0.623046875
vn -0.661621094 0.379638672 0.646484375
vn -0.432128906 0.731933594 0.526855469
vn -0.514648438 0.379394531 0.768554688
vn -0.559570312 0.706542969 0.433349609
vn -0.347900391 0.379882812 0.856933594
vn -0.508789062 0.702636719 0.497558594
vn -0.275878906 0.383544922 0.881347656
vn -0.396240234 0.702148438 0.591796875
vn -0.418457031 0.394042969 0.818359375
vn -0.267578125 0.702636719 0.659179688
vn -0.612304688 0.389648438 0.687988281
vn -0.2109375 0.708007812 0.673828125
vn -0.726074219 0.387451172 0.567871094
vn -0.315429688 0.721191406 0.616699219
vn -0.762207031 0.382080078 0.522460938
vn -0.464111328 0.715820312 0.521484375
vn -0.701171875 0.380126953 0.603027344
vn -0.551757812 0.713378906 0.431640625
vn -0.558105469 0.379638672 0.737792969
vn -0.583984375 0.706542969 0.400390625
vn -0.346191406 0.379394531 0.857910156
vn -0.5390625 0.703125 0.463867188
vn -0.0665893555 0.379150391 0.922851562
vn -0.4296875 0.702148438 0.567871094
vn 0.247680664 0.379150391 0.891601562
vn -0.266601562 0.701660156 0.661132812
vn 0.512695312 0.379638672 0.770019531
vn -0.0512084961 0.700683594 0.711425781
vn 0.679199219 0.380615234 0.627441406
vn 0.190917969 0.700683594 0.687011719
vn 0.749023438 0.3828125 0.541015625
vn 0.39453125 0.701660156 0.593261719
vn 0.726074219 0.387695312 0.567871094
vn 0.521972656 0.703613281 0.482177734
vn 0.561035156 0.39453125 0.727539062
vn 0.573242188 0.70703125 0.4140625
vn 0.239868164 0.395996094 0.886230469
vn 0.552246094 0.713378906 0.431640625
vn 0.0986328125 0.380859375 0.919433594
vn 0.422607422 0.72265625 0.546875
vn 0.194091797 0.380859375 0.904296875
vn 0.180053711 0.724609375 0.665527344
vn 0.282226562 0.380859375 0.880371094
vn 0.0757446289 0.704101562 0.706054688
vn 0.35546875 0.381347656 0.853515625
vn 0.149047852 0.704101562 0.693847656
vn 0.412597656 0.381591797 0.827148438
vn 0.216552734 0.704589844 0.67578125
vn 0.465087891 0.381347656 0.798828125
vn 0.272705078 0.705078125 0.654785156
vn 0.520507812 0.381347656 0.764160156
vn 0.31640625 0.705566406 0.634277344
vn 0.556152344 0.382324219 0.737792969
vn 0.356689453 0.705078125 0.612792969
vn 0.517089844 0.386230469 0.764160156
vn 0.399169922 0.705078125 0.5859375
vn 0.426025391 0.706542969 0.564941406
vn 0.230957031 0.923339844 0.306396484
vn 0.217529297 0.922363281 0.319335938
vn 0.194213867 0.922363281 0.333740234
vn 0.172241211 0.922363281 0.345214844
vn 0.14855957 0.922363281 0.356689453
vn 0.118225098 0.921875 0.368896484
vn 0.0813598633 0.921875 0.379150391
vn 0.0414123535 0.921875 0.385498047
vn 0.0925292969 0.934570312 0.344238281
vn 0.220336914 0.933105469 0.283691406
vn 0.294677734 0.927246094 0.23034668
vn 0.311279297 0.923339844 0.224731445
vn 0.286865234 0.920410156 0.265136719
vn 0.218261719 0.918945312 0.328369141
vn 0.106140137 0.91796875 0.382324219
vn -0.0283508301 0.91796875 0.395507812
vn -0.147583008 0.918945312 0.366210938
vn -0.237182617 0.919433594 0.313476562
vn -0.296142578 0.920410156 0.254882812
vn -0.316894531 0.923339844 0.217285156
vn -0.293701172 0.927734375 0.229736328
vn -0.245727539 0.929199219 0.276123047
vn -0.164916992 0.932128906 0.322265625
vn -0.113830566 0.924804688 0.363525391
vn -0.147338867 0.919921875 0.362792969
vn -0.218383789 0.919921875 0.326171875
vn -0.280029297 0.919921875 0.273925781
vn -0.303710938 0.923339844 0.235229492
vn -0.220703125 0.9375 0.269042969
vn -0.185668945 0.921875 0.340332031
vn -0.213378906 0.922363281 0.321533203
vn -0.227783203 0.923339844 0.309082031
vn -0.231323242 0.923828125 0.304443359
vn -0.23046875 0.924316406 0.3046875
vn -0.208496094 0.926269531 0.313232422
vn 0.0580749512 0.978027344 0.199707031
vn 0.343505859 0.926269531 0.153808594
vn 0.641601562 0.7109375 0.287353516
vn 0.806640625 0.421142578 0.414306641
vn 0.358154297 0.926269531 0.117675781
vn 0.842285156 0.385498047 0.377197266
vn 0.884765625 0.104003906 0.454345703
vn 0.668457031 0.710449219 0.219604492
vn 0.368408203 0.92578125 0.0838012695
vn 0.908203125 0.0985107422 0.406738281
vn 0.884765625 -0.104003906 0.454345703
vn 0.876464844 0.385253906 0.288085938
vn 0.686523438 0.709960938 0.15625
vn 0.374023438 0.926269531 0.0504455566
vn 0.908203125 -0.0985107422 0.406738281
vn 0.806640625 -0.421142578 0.414306641
vn 0.9453125 0.098449707 0.310791016
vn 0.899902344 0.385009766 0.204833984
vn 0.697753906 0.710449219 0.0940551758
vn 0.376953125 0.926269531 0.0149536133
vn 0.842285156 -0.385498047 0.377197266
vn 0.9453125 -0.098449707 0.310791016
vn 0.876464844 -0.385253906 0.288085938
vn 0.970214844 0.0983886719 0.220825195
vn 0.914550781 0.385009766 0.123352051
vn 0.703125 0.710449219 0.0278625488
vn 0.899902344 -0.385009766 0.204833984
vn 0.970214844 -0.0983886719 0.220825195
vn 0.986328125 0.0983886719 0.13293457
vn 0.914550781 -0.385009766 0.123352051
vn 0.986328125 -0.0983886719 0.13293457
vn 0.921875 0.385253906 0.036529541
vn 0.376220703 0.926269531 -0.0218353271
vn 0.921875 -0.385253906 0.036529541
vn 0.994140625 0.098449707 0.0393676758
vn 0.994140625 -0.098449707 0.0393676758
vn 0.702148438 0.710449219 -0.040802002
vn 0.376708984 0.924804688 -0.0495300293
vn 0.921386719 -0.385253906 -0.0535583496
vn 0.921386719 0.385253906 -0.0535583496
vn 0.993652344 0.098449707 -0.0577392578
vn 0.993652344 -0.098449707 -0.0577392578
vn 0.69921875 0.708984375 -0.0919189453
vn 0.389892578 0.920410156 -0.0255584717
vn 0.986816406 -0.0982055664 -0.129638672
vn 0.986816406 0.0982055664 -0.129638672
vn 0.915527344 0.383789062 -0.120300293
vn 0.709960938 0.703125 -0.0466308594
vn 0.389648438 0.918945312 0.0618286133
vn 0.993164062 -0.0978393555 -0.0653076172
vn 0.993164062 0.0978393555 -0.0653076172
vn 0.922851562 0.380126953 -0.0606994629
vn 0.704101562 0.701171875 0.111572266
vn 0.356689453 0.918457031 0.17199707
vn 0.982910156 0.0979003906 0.155639648
vn 0.9140625 0.379150391 0.14465332
vn 0.642578125 0.700683594 0.309814453
vn 0.292236328 0.918945312 0.263916016
vn 0.896484375 0.0980224609 0.432128906
vn 0.833496094 0.37890625 0.401855469
vn 0.528808594 0.701660156 0.477783203
vn 0.256835938 0.92578125 0.277832031
vn 0.73828125 0.0979003906 0.667480469
vn 0.686035156 0.379394531 0.620605469
vn 0.478271484 0.709960938 0.517089844
vn 0.28515625 0.928222656 0.239135742
vn 0.67578125 0.0983276367 0.730957031
vn 0.626464844 0.384765625 0.677734375
vn 0.536621094 0.713867188 0.450195312
vn 0.322509766 0.928222656 0.185546875
vn 0.762207031 0.0989379883 0.639648438
vn 0.706054688 0.387695312 0.592285156
vn 0.606933594 0.713867188 0.349121094
vn 0.350097656 0.926757812 0.138061523
vn 0.862792969 0.0989379883 0.49609375
vn 0.798828125 0.387939453 0.459472656
vn 0.654296875 0.7109375 0.2578125
vn 0.360351562 0.920898438 0.149658203
vn 0.92578125 0.098449707 0.364990234
vn 0.858398438 0.385498047 0.338378906
vn 0.657226562 0.702636719 0.272705078
vn 0.328613281 0.919433594 0.216552734
vn 0.918945312 0.09765625 0.381591797
vn 0.854492188 0.379882812 0.354736328
vn 0.595214844 0.701171875 0.392333984
vn 0.26953125 0.918945312 0.288085938
vn 0.831054688 0.09765625 0.547363281
vn 0.772949219 0.37890625 0.509277344
vn 0.487304688 0.700683594 0.520996094
vn 0.196289062 0.919433594 0.340820312
vn 0.6796875 0.0975952148 0.727050781
vn 0.632324219 0.378417969 0.676269531
vn 0.355712891 0.701171875 0.618164062
vn 0.146850586 0.922363281 0.357666016
vn 0.49609375 0.0975341797 0.862792969
vn 0.461425781 0.378417969 0.802246094
vn 0.26953125 0.704101562 0.656738281
vn 0.136108398 0.922851562 0.359619141
vn 0.377441406 0.0974731445 0.920898438
vn 0.350830078 0.380371094 0.855957031
vn 0.250732422 0.705078125 0.663085938
vn 0.135498047 0.922851562 0.360595703
vn 0.3515625 0.0974731445 0.931152344
vn 0.326904297 0.380859375 0.864746094
vn 0.249389648 0.704589844 0.664550781
vn 0.135253906 0.922363281 0.361572266
vn 0.349365234 0.0972900391 0.932128906
vn 0.324707031 0.380126953 0.866210938
vn 0.248657227 0.703613281 0.666015625
vn 0.136352539 0.922363281 0.362060547
vn 0.34765625 0.0969848633 0.932617188
vn 0.323242188 0.379394531 0.866699219
vn 0.250244141 0.702636719 0.666503906
vn 0.127929688 0.919921875 0.370605469
vn 0.349365234 0.0966186523 0.932128906
vn 0.324951172 0.378417969 0.866699219
vn 0.233154297 0.698730469 0.676269531
vn 0.080871582 0.918457031 0.386962891
vn 0.323486328 0.0958862305 0.94140625
vn 0.301513672 0.375244141 0.876464844
vn 0.142578125 0.69921875 0.700683594
vn -0.00212287903 0.923339844 0.384033203
vn 0.195800781 0.096862793 0.976074219
vn 0.182128906 0.376708984 0.908203125
vn -0.152709961 0.928710938 0.337646484
vn -0.00994873047 0.712402344 0.701660156
vn -0.0185394287 0.101013184 0.994628906
vn -0.017364502 0.389404297 0.920898438
vn -0.297851562 0.930664062 0.212158203
vn -0.286865234 0.734863281 0.614746094
vn -0.428222656 0.110717773 0.896972656
vn -0.391845703 0.413085938 0.821777344
vn -0.375732422 0.920898438 0.102172852
vn -0.548339844 0.734375 0.399902344
vn -0.798828125 0.108947754 0.591796875
vn -0.732421875 0.411621094 0.541992188
vn -0.401367188 0.915527344 0.0173797607
vn -0.676269531 0.709960938 0.196289062
vn -0.952636719 0.101135254 0.286865234
vn -0.882324219 0.388671875 0.265625
vn -0.400146484 0.916503906 -0.0154342651
vn -0.722167969 0.690917969 0.0373840332
vn -0.994140625 0.0942993164 0.055847168
vn -0.927734375 0.369384766 0.052154541
vn -0.394775391 0.918457031 -0.029876709
vn -0.724121094 0.688964844 -0.0272064209
vn -0.995117188 0.0932617188 -0.0364685059
vn -0.9296875 0.366699219 -0.0343017578
vn -0.389404297 0.920410156 -0.0344543457
vn -0.718261719 0.693847656 -0.0542297363
vn -0.992675781 0.0944213867 -0.0747070312
vn -0.926269531 0.370605469 -0.0697631836
vn -0.387207031 0.921386719 -0.0305175781
vn -0.713378906 0.698242188 -0.0629272461
vn -0.991699219 0.0953979492 -0.0872802734
vn -0.923828125 0.374267578 -0.0813598633
vn -0.385742188 0.922363281 -0.0244445801
vn -0.711425781 0.700683594 -0.0559387207
vn -0.9921875 0.0960693359 -0.0778198242
vn -0.923339844 0.376464844 -0.0725097656
vn -0.384765625 0.922851562 -0.0163269043
vn -0.710449219 0.702636719 -0.0448913574
vn -0.993164062 0.0965576172 -0.0626220703
vn -0.923828125 0.378173828 -0.0582885742
vn -0.387207031 0.921875 -0.0200500488
vn -0.709472656 0.704101562 -0.0300140381
vn -0.994628906 0.0969238281 -0.0419006348
vn -0.924316406 0.379638672 -0.0390014648
vn -0.386962891 0.920898438 -0.0489501953
vn -0.710449219 0.702636719 -0.0367126465
vn -0.994140625 0.0970458984 -0.0512390137
vn -0.924316406 0.379150391 -0.047668457
vn -0.378662109 0.919921875 -0.101928711
vn -0.706542969 0.702148438 -0.0893554688
vn -0.987304688 0.0971679688 -0.124755859
vn -0.91796875 0.378662109 -0.116027832
vn -0.351806641 0.918945312 -0.178588867
vn -0.688476562 0.701171875 -0.185180664
vn -0.9609375 0.0972900391 -0.258300781
vn -0.894042969 0.378417969 -0.240234375
vn -0.314453125 0.922363281 -0.224609375
vn -0.636230469 0.700683594 -0.322998047
vn -0.887695312 0.0975341797 -0.450439453
vn -0.825683594 0.378417969 -0.418945312
vn -0.314208984 0.926757812 -0.205200195
vn -0.577636719 0.704589844 -0.412597656
vn -0.810058594 0.0975952148 -0.578613281
vn -0.752441406 0.380615234 -0.537597656
vn -0.339111328 0.926757812 -0.161743164
vn -0.588378906 0.711425781 -0.384277344
vn -0.833496094 0.098449707 -0.543945312
vn -0.772460938 0.385742188 -0.504394531
vn -0.356933594 0.926757812 -0.118652344
vn -0.634765625 0.711425781 -0.302490234
vn -0.8984375 0.098449707 -0.428222656
vn -0.833007812 0.385742188 -0.396972656
vn -0.369873047 0.924804688 -0.0880126953
vn -0.667480469 0.7109375 -0.221801758
vn -0.944335938 0.0983886719 -0.313720703
vn -0.875488281 0.385498047 -0.291015625
vn -0.374755859 0.924316406 -0.0739746094
vn -0.686523438 0.708496094 -0.163452148
vn -0.968261719 0.0980834961 -0.23034668
vn -0.8984375 0.383544922 -0.213745117
vn -0.376464844 0.924316406 -0.0649414062
vn -0.693359375 0.707519531 -0.136962891
vn -0.9765625 0.0979003906 -0.192749023
vn -0.90625 0.382568359 -0.178955078
vn -0.378173828 0.923828125 -0.0571289062
vn -0.696777344 0.707519531 -0.120178223
vn -0.98046875 0.0979003906 -0.169189453
vn -0.910644531 0.382568359 -0.157104492
vn -0.373291016 0.927246094 -0.0253295898
vn -0.69921875 0.70703125 -0.105712891
vn -0.983886719 0.0979003906 -0.148803711
vn -0.913574219 0.382324219 -0.138061523
vn -0.349121094 0.934570312 0.0688476562
vn -0.700195312 0.712402344 -0.0478515625
vn -0.992675781 0.0986938477 -0.0680541992
vn -0.919921875 0.386474609 -0.0631103516
vn -0.307861328 0.933105469 0.186523438
vn -0.674316406 0.726074219 0.132568359
vn -0.976074219 0.101379395 0.191772461
vn -0.899902344 0.398193359 0.176635742
vn -0.248657227 0.930175781 0.270507812
vn -0.590332031 0.723144531 0.358154297
vn -0.850585938 0.100769043 0.515625
vn -0.78515625 0.395751953 0.476318359
vn -0.244873047 0.921386719 0.302001953
vn -0.471435547 0.717285156 0.513183594
vn -0.672851562 0.0995483398 0.732910156
vn -0.622558594 0.390625 0.678222656
vn -0.302978516 0.918945312 0.252441406
vn -0.447509766 0.703613281 0.551757812
vn -0.626953125 0.0977172852 0.772949219
vn -0.582519531 0.380371094 0.718261719
vn -0.351074219 0.919921875 0.174316406
vn -0.547363281 0.701660156 0.456542969
vn -0.764160156 0.0979614258 0.637207031
vn -0.710449219 0.379150391 0.592773438
vn -0.372558594 0.921386719 0.112854004
vn -0.637695312 0.702148438 0.316650391
vn -0.891601562 0.0977783203 0.442626953
vn -0.828613281 0.379638672 0.411376953
vn -0.377441406 0.922851562 0.077331543
vn -0.680175781 0.703613281 0.206054688
vn -0.952636719 0.0977783203 0.288574219
vn -0.885253906 0.380371094 0.268066406
vn -0.375732422 0.924316406 0.0697021484
vn -0.694335938 0.705566406 0.142211914
vn -0.975097656 0.0979003906 0.199707031
vn -0.905273438 0.381591797 0.185546875
vn -0.373779297 0.924316406 0.0763549805
vn -0.694824219 0.707519531 0.12890625
vn -0.978515625 0.0980224609 0.181518555
vn -0.908203125 0.3828125 0.168457031
vn -0.378417969 0.922851562 0.0731201172
vn -0.692382812 0.707519531 0.141479492
vn -0.975097656 0.0980834961 0.19921875
vn -0.904785156 0.383056641 0.184936523
vn -0.311523438 0.938964844 0.145019531
vn -0.695800781 0.705078125 0.134643555
vn -0.977050781 0.0977783203 0.189086914
vn -0.907714844 0.381347656 0.17565918
vn -0.290283203 0.924316406 0.248046875
vn -0.614746094 0.735351562 0.285644531
vn -0.901855469 0.103210449 0.419189453
vn -0.828613281 0.406005859 0.385009766
vn -0.284912109 0.924804688 0.252929688
vn -0.537109375 0.708007812 0.458740234
vn -0.756835938 0.0981445312 0.646484375
vn -0.702148438 0.383300781 0.600097656
vn -0.280273438 0.924316406 0.259277344
vn -0.527832031 0.708496094 0.468505859
vn -0.744140625 0.0982055664 0.660644531
vn -0.690917969 0.383544922 0.612792969
vn -0.279296875 0.923828125 0.261474609
vn -0.518554688 0.708007812 0.479736328
vn -0.73046875 0.0981445312 0.67578125
vn -0.677734375 0.383300781 0.627441406
vn -0.283691406 0.923339844 0.258544922
vn -0.516113281 0.707519531 0.483154297
vn -0.7265625 0.0980834961 0.680175781
vn -0.674316406 0.3828125 0.631347656
vn -0.294433594 0.922851562 0.248168945
vn -0.522949219 0.706542969 0.4765625
vn -0.735839844 0.0980224609 0.669921875
vn -0.683105469 0.382324219 0.622070312
vn -0.320800781 0.920898438 0.220703125
vn -0.541503906 0.706054688 0.456542969
vn -0.760742188 0.0979614258 0.641601562
vn -0.706542969 0.381835938 0.595703125
vn -0.369384766 0.918457031 0.142333984
vn -0.585449219 0.703613281 0.402832031
vn -0.819824219 0.0978393555 0.564453125
vn -0.76171875 0.380371094 0.524414062
vn -0.393554688 0.918945312 0.0260314941
vn -0.665039062 0.701171875 0.256347656
vn -0.928710938 0.0982055664 0.357910156
vn -0.86328125 0.379394531 0.332763672
vn -0.385253906 0.918457031 -0.0878295898
vn -0.7109375 0.701660156 0.0469360352
vn -0.993164062 0.0980834961 0.0654907227
vn -0.923339844 0.379394531 0.0608825684
vn -0.342041016 0.918945312 -0.197143555
vn -0.694824219 0.701171875 -0.158325195
vn -0.970214844 0.0981445312 -0.220947266
vn -0.90234375 0.379394531 -0.205444336
vn -0.6171875 0.701660156 -0.355957031
vn -0.861816406 0.0982055664 -0.497314453
vn -0.801269531 0.379638672 -0.462402344
vn -0.500976562 0.702148438 -0.505859375
vn -0.700195312 0.0979614258 -0.70703125
vn -0.650878906 0.379638672 -0.657226562
vn -0.540039062 0.807128906 -0.237915039
vn -0.657226562 0.662597656 -0.358886719
g Butcher_0
usemtl Legion_Butcher_Back
f 3/3/3 2/2/2 1/1/1
f 1/1/1 4/4/4 3/3/3
f 1/1/1 5/5/5 4/4/4
f 1/1/1 6/6/6 5/5/5
f 1/1/1 7/7/7 6/6/6
f 1/1/1 8/8/8 7/7/7
f 8/8/8 9/9/9 7/7/7
f 8/8/8 10/10/10 9/9/9
f 10/10/10 11/11/11 9/9/9
f 10/10/10 12/12/12 11/11/11
f 12/12/12 13/13/13 11/11/11
f 12/12/12 14/14/14 13/13/13
f 14/14/14 15/15/15 13/13/13
f 14/14/14 16/16/16 15/15/15
f 14/14/14 17/17/17 16/16/16
f 14/14/14 18/18/18 17/17/17
f 18/18/18 19/19/19 17/17/17
f 18/18/18 20/20/20 19/19/19
f 18/18/18 21/21/21 20/20/20
f 21/21/21 22/22/22 20/20/20
f 21/21/21 23/23/23 22/22/22
f 23/23/23 24/24/24 22/22/22
f 24/24/24 25/25/25 22/22/22
f 24/24/24 26/26/26 25/25/25
f 26/26/26 27/27/27 25/25/25
f 26/26/26 28/28/28 27/27/27
f 26/26/26 29/29/29 28/28/28
f 29/29/29 30/30/30 28/28/28
f 29/29/29 31/31/31 30/30/30
f 31/31/31 32/32/32 30/30/30
f 31/31/31 33/33/33 32/32/32
f 31/31/31 34/34/34 33/33/33
f 34/34/34 35/35/35 33/33/33
f 34/34/34 36/36/36 35/35/35
f 34/34/34 37/37/37 36/36/36
f 37/37/37 38/38/38 36/36/36
f 37/37/37 39/39/39 38/38/38
f 37/37/37 40/40/40 39/39/39
f 37/37/37 41/41/41 40/40/40
f 41/41/41 42/42/42 40/40/40
f 41/41/41 43/43/43 42/42/42
f 41/41/41 44/44/44 43/43/43
f 44/44/44 45/45/45 43/43/43
f 44/44/44 46/46/46 45/45/45
f 44/44/44 47/47/47 46/46/46
f 47/47/47 48/48/48 46/46/46
f 47/47/47 49/49/49 48/48/48
f 49/49/49 50/50/50 48/48/48
f 49/49/49 51/51/51 50/50/50
f 49/49/49 52/52/52 51/51/51
f 52/52/52 53/53/53 51/51/51
f 52/52/52 54/54/54 53/53/53
f 52/52/52 55/55/55 54/54/54
f 55/55/55 56/56/56 54/54/54
f 55/55/55 57/57/57 56/56/56
f 55/55/55 58/58/58 57/57/57
f 58/58/58 59/59/59 57/57/57
f 58/58/58 60/60/60 59/59/59
f 58/58/58 61/61/61 60/60/60
f 61/61/61 62/62/62 60/60/60
f 61/61/61 63/63/63 62/62/62
f 61/61/61 64/64/64 63/63/63
f 64/64/64 65/65/65 63/63/63
f 64/64/64 66/66/66 65/65/65
f 64/64/64 67/67/67 66/66/66
f 64/64/64 68/68/68 67/67/67
f 68/68/68 69/69/69 67/67/67
f 68/68/68 70/70/70 69/69/69
f 70/70/70 71/71/71 69/69/69
f 70/70/70 72/72/72 71/71/71
f 72/72/72 73/73/73 71/71/71
f 73/73/73 74/74/74 71/71/71
f 74/74/74 75/75/75 71/71/71
f 74/74/74 76/76/76 75/75/75
f 76/76/76 77/77/77 75/75/75
f 76/76/76 78/78/78 77/77/77
f 78/78/78 79/79/79 77/77/77
f 79/79/79 80/80/80 77/77/77
f 79/79/79 81/81/81 80/80/80
f 81/81/81 82/82/82 80/80/80
f 81/81/81 83/83/83 82/82/82
f 83/83/83 84/84/84 82/82/82
f 83/83/83 85/85/85 84/84/84
f 85/85/85 86/86/86 84/84/84
f 86/86/86 87/87/87 84/84/84
f 86/86/86 88/88/88 87/87/87
f 88/88/88 89/89/89 87/87/87
f 89/89/89 90/90/90 87/87/87
f 89/89/89 91/91/91 90/90/90
f 91/91/91 92/92/92 90/90/90
f 92/92/92 93/93/93 90/90/90
f 93/93/93 94/94/94 90/90/90
f 94/94/94 95/95/95 90/90/90
f 94/94/94 96/96/96 95/95/95
f 96/96/96 97/97/97 95/95/95
f 97/97/97 98/98/98 95/95/95
f 98/98/98 99/99/99 95/95/95
f 98/98/98 100/100/100 99/99/99
f 100/100/100 101/101/101 99/99/99
f 100/100/100 102/102/102 101/101/101
f 102/102/102 103/103/103 101/101/101
f 102/102/102 104/104/104 103/103/103
f 104/104/104 105/105/105 103/103/103
f 104/104/104 106/106/106 105/105/105
f 106/106/106 107/107/107 105/105/105
f 107/107/107 108/108/108 105/105/105
f 108/108/108 109/109/109 105/105/105
f 108/108/108 110/110/110 109/109/109
f 110/110/110 111/111/111 109/109/109
f 111/111/111 112/112/112 109/109/109
f 112/112/112 113/113/113 109/109/109
f 113/113/113 114/114/114 109/109/109
f 114/114/114 115/115/115 109/109/109
f 115/115/115 116/116/116 109/109/109
f 116/116/116 117/117/117 109/109/109
f 117/117/117 118/118/118 109/109/109
f 117/117/117 119/119/119 118/118/118
f 119/119/119 120/120/120 118/118/118
f 120/120/120 121/121/121 118/118/118
f 121/121/121 122/122/122 118/118/118
f 121/121/121 123/123/123 122/122/122
f 123/123/123 124/124/124 122/122/122
f 124/124/124 125/125/125 122/122/122
f 125/125/125 126/126/126 122/122/122
f 126/126/126 127/127/127 122/122/122
f 126/126/126 128/128/128 127/127/127
f 128/128/128 129/129/129 127/127/127
f 129/129/129 130/130/130 127/127/127
f 130/130/130 131/131/131 127/127/127
f 131/131/131 132/132/132 127/127/127
f 132/132/132 133/133/133 127/127/127
f 132/132/132 134/134/134 133/133/133
f 134/134/134 135/135/135 133/133/133
f 135/135/135 136/136/136 133/133/133
f 135/135/135 137/137/137 136/136/136
f 137/137/137 138/138/138 136/136/136
f 138/138/138 139/139/139 136/136/136
f 138/138/138 140/140/140 139/139/139
f 138/138/138 141/141/141 140/140/140
f 141/141/141 142/142/142 140/140/140
f 141/141/141 143/143/143 142/142/142
f 143/143/143 144/144/144 142/142/142
f 143/143/143 145/145/145 144/144/144
f 145/145/145 146/146/146 144/144/144
f 145/145/145 147/147/147 146/146/146
f 147/147/147 148/148/148 146/146/146
f 147/147/147 149/149/149 148/148/148
f 149/149/149 150/150/150 148/148/148
f 149/149/149 151/151/151 150/150/150
f 151/151/151 152/152/152 150/150/150
f 151/151/151 153/153/153 152/152/152
f 153/153/153 154/154/154 152/152/152
f 153/153/153 155/155/155 154/154/154
f 153/153/153 156/156/156 155/155/155
f 156/156/156 157/157/157 155/155/155
f 156/156/156 158/158/158 157/157/157
f 158/158/158 159/159/159 157/157/157
f 158/158/158 160/160/160 159/159/159
f 158/158/158 161/161/161 160/160/160
f 161/161/161 162/162/162 160/160/160
f 161/161/161 163/163/163 162/162/162
f 163/163/163 164/164/164 162/162/162
f 163/163/163 165/165/165 164/164/164
f 163/163/163 166/166/166 165/165/165
f 166/166/166 167/167/167 165/165/165
f 166/166/166 168/168/168 167/167/167
f 168/168/168 169/169/169 167/167/167
f 168/168/168 170/170/170 169/169/169
f 170/170/170 171/171/171 169/169/169
f 171/171/171 172/172/172 169/169/169
f 171/171/171 173/173/173 172/172/172
f 173/173/173 174/174/174 172/172/172
f 173/173/173 175/175/175 174/174/174
f 175/175/175 176/176/176 174/174/174
f 176/176/176 177/177/177 174/174/174
f 176/176/176 178/178/178 177/177/177
f 178/178/178 179/179/179 177/177/177
f 178/178/178 180/180/180 179/179/179
f 180/180/180 181/181/181 179/179/179
f 180/180/180 182/182/182 181/181/181
f 182/182/182 183/183/183 181/181/181
f 183/183/183 184/184/184 181/181/181
f 183/183/183 185/185/185 184/184/184
f 185/185/185 186/186/186 184/184/184
f 185/185/185 187/187/187 186/186/186
f 187/187/187 188/188/188 186/186/186
f 188/188/188 189/189/189 186/186/186
f 188/188/188 190/190/190 189/189/189
f 190/190/190 191/191/191 189/189/189
f 191/191/191 192/192/192 189/189/189
f 191/191/191 193/193/193 192/192/192
f 193/193/193 194/194/194 192/192/192
f 193/193/193 195/195/195 194/194/194
f 193/193/193 196/196/196 195/195/195
f 196/196/196 197/197/197 195/195/195
f 196/196/196 198/198/198 197/197/197
f 196/196/196 199/199/199 198/198/198
f 199/199/199 200/200/200 198/198/198
f 199/199/199 201/201/201 200/200/200
f 199/199/199 202/202/202 201/201/201
f 199/199/199 203/203/203 202/202/202
f 199/199/199 204/204/204 203/203/203
f 199/199/199 205/205/205 204/204/204
f 199/199/199 206/206/206 205/205/205
f 199/199/199 207/207/207 206/206/206
f 207/207/207 208/208/208 206/206/206
f 207/207/207 209/209/209 208/208/208
f 207/207/207 210/210/210 209/209/209
f 207/207/207 211/211/211 210/210/210
f 207/207/207 212/212/212 211/211/211
f 207/207/207 213/213/213 212/212/212
f 207/207/207 214/214/214 213/213/213
f 213/213/213 215/215/215 212/212/212
f 216/216/216 212/212/212 215/215/215
f 213/213/213 217/217/217 215/215/215
f 215/215/215 218/218/218 216/216/216
f 213/213/213 219/219/219 217/217/217
f 218/218/218 220/220/220 216/216/216
f 220/220/220 221/221/221 216/216/216
f 221/221/221 222/222/222 216/216/216
f 222/222/222 223/223/223 216/216/216
f 222/222/222 224/224/224 223/223/223
f 224/224/224 225/225/225 223/223/223
f 226/226/226 219/219/219 213/213/213
f 213/213/213 227/227/227 226/226/226
f 227/227/227 228/228/228 226/226/226
f 228/228/228 229/229/229 226/226/226
f 228/228/228 230/230/230 229/229/229
f 230/230/230 231/231/231 229/229/229
f 231/231/231 232/232/232 229/229/229
f 231/231/231 233/233/233 232/232/232
f 233/233/233 234/234/234 232/232/232
f 234/234/234 235/235/235 232/232/232
f 234/234/234 236/236/236 235/235/235
f 236/236/236 237/237/237 235/235/235
f 236/236/236 238/238/238 237/237/237
f 238/238/238 239/239/239 237/237/237
f 238/238/238 240/240/240 239/239/239
f 240/240/240 241/241/241 239/239/239
f 241/241/241 242/242/242 239/239/239
f 242/242/242 243/243/243 239/239/239
f 242/242/242 244/244/244 243/243/243
f 244/244/244 245/245/245 243/243/243
f 244/244/244 246/246/246 245/245/245
f 246/246/246 247/247/247 245/245/245
f 246/246/246 248/248/248 247/247/247
f 248/248/248 249/249/249 247/247/247
f 248/248/248 250/250/250 249/249/249
f 248/248/248 251/251/251 250/250/250
f 251/251/251 252/252/252 250/250/250
f 251/251/251 253/253/253 252/252/252
f 251/251/251 254/254/254 253/253/253
f 254/254/254 255/255/255 253/253/253
f 254/254/254 256/256/256 255/255/255
f 256/256/256 257/257/257 255/255/255
f 256/256/256 258/258/258 257/257/257
f 256/256/256 259/259/259 258/258/258
f 259/259/259 260/260/260 258/258/258
f 259/259/259 261/261/261 260/260/260
f 259/259/259 262/262/262 261/261/261
f 262/262/262 263/263/263 261/261/261
f 262/262/262 264/264/264 263/263/263
f 262/262/262 265/265/265 264/264/264
f 265/265/265 266/266/266 264/264/264
f 265/265/265 267/267/267 266/266/266
f 267/267/267 268/268/268 266/266/266
f 267/267/267 269/269/269 268/268/268
f 269/269/269 270/270/270 268/268/268
f 270/270/270 271/271/271 268/268/268
f 270/270/270 272/272/272 271/271/271
f 272/272/272 273/273/273 271/271/271
f 272/272/272 274/274/274 273/273/273
f 274/274/274 275/275/275 273/273/273
f 274/274/274 276/276/276 275/275/275
f 279/279/279 278/278/278 277/277/277
f 279/279/279 277/277/277 280/280/280
f 279/279/279 280/280/280 281/281/281
f 282/282/282 279/279/279 281/281/281
f 282/282/282 281/281/281 283/283/283
f 282/282/282 283/283/283 284/284/284
f 285/285/285 282/282/282 284/284/284
f 285/285/285 284/284/284 286/286/286
f 285/285/285 286/286/286 287/287/287
f 288/288/288 285/285/285 287/287/287
f 288/288/288 287/287/287 289/289/289
f 288/288/288 289/289/289 290/290/290
f 288/288/288 290/290/290 291/291/291
f 288/288/288 291/291/291 292/292/292
f 288/288/288 292/292/292 293/293/293
f 288/288/288 293/293/293 294/294/294
f 288/288/288 294/294/294 295/295/295
f 288/288/288 295/295/295 296/296/296
f 288/288/288 296/296/296 297/297/297
f 288/288/288 297/297/297 298/298/298
f 299/299/299 288/288/288 298/298/298
f 299/299/299 298/298/298 300/300/300
f 299/299/299 300/300/300 301/301/301
f 299/299/299 301/301/301 302/302/302
f 299/299/299 302/302/302 303/303/303
f 299/299/299 303/303/303 304/304/304
f 305/305/305 299/299/299 304/304/304
f 305/305/305 304/304/304 306/306/306
f 305/305/305 306/306/306 307/307/307
f 305/305/305 307/307/307 308/308/308
f 305/305/305 308/308/308 309/309/309
f 214/214/214 305/305/305 309/309/309
f 214/214/214 309/309/309 310/310/310
f 214/214/214 310/310/310 311/311/311
f 214/214/214 311/311/311 312/312/312
f 214/214/214 312/312/312 313/313/313
f 214/214/214 313/313/313 213/213/213
g Butcher_1
usemtl Legion_Butcher_Front
f 316/316/316 315/315/315 314/314/314
f 316/316/316 314/314/314 317/317/317
f 318/318/318 316/316/316 317/317/317
f 318/318/318 317/317/317 319/319/319
f 318/318/318 319/319/319 320/320/320
f 318/318/318 320/320/320 321/321/321
f 318/318/318 321/321/321 322/322/322
f 322/322/322 323/323/323 318/318/318
f 323/323/323 322/322/322 324/324/324
f 323/323/323 324/324/324 325/325/325
f 322/322/322 326/326/326 324/324/324
f 327/327/327 323/323/323 325/325/325
f 326/326/326 328/328/328 324/324/324
f 329/329/329 327/327/327 325/325/325
f 330/330/330 329/329/329 325/325/325
f 331/331/331 330/330/330 325/325/325
f 332/332/332 331/331/331 325/325/325
f 332/332/332 325/325/325 333/333/333
f 334/334/334 332/332/332 333/333/333
f 335/335/335 334/334/334 333/333/333
f 336/336/336 335/335/335 333/333/333
f 337/337/337 336/336/336 333/333/333
f 338/338/338 337/337/337 333/333/333
f 339/339/339 338/338/338 333/333/333
f 340/340/340 339/339/339 333/333/333
f 340/340/340 333/333/333 341/341/341
f 342/342/342 340/340/340 341/341/341
f 343/343/343 342/342/342 341/341/341
f 343/343/343 341/341/341 344/344/344
f 345/345/345 343/343/343 344/344/344
f 346/346/346 345/345/345 344/344/344
f 346/346/346 344/344/344 347/347/347
f 348/348/348 346/346/346 347/347/347
f 348/348/348 347/347/347 349/349/349
f 348/348/348 349/349/349 350/350/350
f 351/351/351 348/348/348 350/350/350
f 351/351/351 350/350/350 352/352/352
f 351/351/351 352/352/352 353/353/353
f 354/354/354 351/351/351 353/353/353
f 354/354/354 353/353/353 355/355/355
f 356/356/356 354/354/354 355/355/355
f 356/356/356 355/355/355 357/357/357
f 356/356/356 357/357/357 358/358/358
f 359/359/359 356/356/356 358/358/358
f 359/359/359 358/358/358 360/360/360
f 361/361/361 359/359/359 360/360/360
f 361/361/361 360/360/360 362/362/362
f 363/363/363 361/361/361 362/362/362
f 363/363/363 362/362/362 364/364/364
f 363/363/363 364/364/364 365/365/365
f 366/366/366 363/363/363 365/365/365
f 366/366/366 365/365/365 367/367/367
f 368/368/368 366/366/366 367/367/367
f 368/368/368 367/367/367 369/369/369
f 368/368/368 369/369/369 370/370/370
f 371/371/371 368/368/368 370/370/370
f 371/371/371 370/370/370 372/372/372
f 373/373/373 371/371/371 372/372/372
f 373/373/373 372/372/372 374/374/374
f 375/375/375 373/373/373 374/374/374
f 376/376/376 375/375/375 374/374/374
f 376/376/376 374/374/374 377/377/377
f 378/378/378 376/376/376 377/377/377
f 378/378/378 377/377/377 379/379/379
f 380/380/380 378/378/378 379/379/379
f 381/381/381 380/380/380 379/379/379
f 381/381/381 379/379/379 382/382/382
f 383/383/383 381/381/381 382/382/382
f 383/383/383 382/382/382 384/384/384
f 385/385/385 383/383/383 384/384/384
f 386/386/386 385/385/385 384/384/384
f 386/386/386 384/384/384 387/387/387
f 388/388/388 386/386/386 387/387/387
f 388/388/388 387/387/387 389/389/389
f 390/390/390 388/388/388 389/389/389
f 390/390/390 389/389/389 391/391/391
f 392/392/392 390/390/390 391/391/391
f 392/392/392 391/391/391 393/393/393
f 394/394/394 392/392/392 393/393/393
f 394/394/394 393/393/393 395/395/395
f 396/396/396 394/394/394 395/395/395
f 396/396/396 395/395/395 397/397/397
f 398/398/398 396/396/396 397/397/397
f 398/398/398 397/397/397 399/399/399
f 400/400/400 398/398/398 399/399/399
f 401/401/401 400/400/400 399/399/399
f 401/401/401 399/399/399 402/402/402
f 401/401/401 402/402/402 403/403/403
f 404/404/404 401/401/401 403/403/403
f 404/404/404 403/403/403 405/405/405
f 404/404/404 405/405/405 406/406/406
f 407/407/407 404/404/404 406/406/406
f 407/407/407 406/406/406 408/408/408
f 407/407/407 408/408/408 409/409/409
f 407/407/407 409/409/409 410/410/410
f 407/407/407 410/410/410 411/411/411
f 407/407/407 411/411/411 412/412/412
f 413/413/413 407/407/407 412/412/412
f 413/413/413 412/412/412 414/414/414
f 413/413/413 414/414/414 415/415/415
f 413/413/413 415/415/415 416/416/416
f 413/413/413 416/416/416 417/417/417
f 418/418/418 413/413/413 417/417/417
f 418/418/418 417/417/417 419/419/419
f 418/418/418 419/419/419 420/420/420
f 418/418/418 420/420/420 421/421/421
f 422/422/422 418/418/418 421/421/421
f 422/422/422 421/421/421 423/423/423
f 422/422/422 423/423/423 424/424/424
f 422/422/422 424/424/424 425/425/425
f 422/422/422 425/425/425 426/426/426
f 422/422/422 426/426/426 427/427/427
f 422/422/422 427/427/427 428/428/428
f 422/422/422 428/428/428 429/429/429
f 422/422/422 429/429/429 430/430/430
f 431/431/431 422/422/422 430/430/430
f 431/431/431 430/430/430 432/432/432
f 431/431/431 432/432/432 433/433/433
f 431/431/431 433/433/433 434/434/434
f 435/435/435 431/431/431 434/434/434
f 435/435/435 434/434/434 436/436/436
f 437/437/437 435/435/435 436/436/436
f 437/437/437 436/436/436 438/438/438
f 439/439/439 437/437/437 438/438/438
f 439/439/439 438/438/438 440/440/440
f 441/441/441 439/439/439 440/440/440
f 441/441/441 440/440/440 442/442/442
f 441/441/441 442/442/442 443/443/443
f 441/441/441 443/443/443 444/444/444
f 445/445/445 441/441/441 444/444/444
f 445/445/445 444/444/444 446/446/446
f 445/445/445 446/446/446 447/447/447
f 445/445/445 447/447/447 448/448/448
f 445/445/445 448/448/448 449/449/449
f 450/450/450 445/445/445 449/449/449
f 450/450/450 449/449/449 451/451/451
f 450/450/450 451/451/451 452/452/452
f 453/453/453 450/450/450 452/452/452
f 453/453/453 452/452/452 454/454/454
f 453/453/453 454/454/454 455/455/455
f 456/456/456 453/453/453 455/455/455
f 456/456/456 455/455/455 457/457/457
f 458/458/458 456/456/456 457/457/457
f 458/458/458 457/457/457 459/459/459
f 460/460/460 458/458/458 459/459/459
f 460/460/460 459/459/459 461/461/461
f 460/460/460 461/461/461 462/462/462
f 463/463/463 460/460/460 462/462/462
f 463/463/463 462/462/462 464/464/464
f 465/465/465 463/463/463 464/464/464
f 465/465/465 464/464/464 466/466/466
f 465/465/465 466/466/466 467/467/467
f 465/465/465 467/467/467 468/468/468
f 469/469/469 465/465/465 468/468/468
f 469/469/469 468/468/468 470/470/470
f 471/471/471 469/469/469 470/470/470
f 471/471/471 470/470/470 472/472/472
f 473/473/473 471/471/471 472/472/472
f 474/474/474 473/473/473 472/472/472
f 475/475/475 474/474/474 472/472/472
f 475/475/475 472/472/472 476/476/476
f 477/477/477 475/475/475 476/476/476
f 478/478/478 477/477/477 476/476/476
f 478/478/478 476/476/476 479/479/479
f 480/480/480 478/478/478 479/479/479
f 481/481/481 480/480/480 479/479/479
f 481/481/481 479/479/479 482/482/482
f 483/483/483 481/481/481 482/482/482
f 484/484/484 483/483/483 482/482/482
f 484/484/484 482/482/482 485/485/485
f 486/486/486 484/484/484 485/485/485
f 487/487/487 486/486/486 485/485/485
f 487/487/487 485/485/485 488/488/488
f 489/489/489 487/487/487 488/488/488
f 490/490/490 489/489/489 488/488/488
f 490/490/490 488/488/488 491/491/491
f 492/492/492 490/490/490 491/491/491
f 492/492/492 491/491/491 493/493/493
f 494/494/494 492/492/492 493/493/493
f 495/495/495 494/494/494 493/493/493
f 495/495/495 493/493/493 496/496/496
f 497/497/497 495/495/495 496/496/496
f 498/498/498 497/497/497 496/496/496
f 498/498/498 496/496/496 499/499/499
f 500/500/500 498/498/498 499/499/499
f 501/501/501 500/500/500 499/499/499
f 502/502/502 501/501/501 499/499/499
f 502/502/502 499/499/499 503/503/503
f 504/504/504 502/502/502 503/503/503
f 505/505/505 504/504/504 503/503/503
f 505/505/505 503/503/503 506/506/506
f 507/507/507 505/505/505 506/506/506
f 508/508/508 507/507/507 506/506/506
f 508/508/508 506/506/506 509/509/509
f 510/510/510 508/508/508 509/509/509
f 510/510/510 509/509/509 511/511/511
f 512/512/512 510/510/510 511/511/511
f 513/513/513 512/512/512 511/511/511
f 513/513/513 511/511/511 514/514/514
f 515/515/515 513/513/513 514/514/514
f 515/515/515 514/514/514 516/516/516
f 515/515/515 516/516/516 517/517/517
f 518/518/518 515/515/515 517/517/517
f 518/518/518 517/517/517 519/519/519
f 520/520/520 518/518/518 519/519/519
f 521/521/521 520/520/520 519/519/519
f 521/521/521 519/519/519 522/522/522
f 523/523/523 521/521/521 522/522/522
f 524/524/524 523/523/523 522/522/522
f 525/525/525 524/524/524 522/522/522
f 525/525/525 522/522/522 526/526/526
f 527/527/527 525/525/525 526/526/526
f 527/527/527 526/526/526 528/528/528
f 529/529/529 527/527/527 528/528/528
f 529/529/529 528/528/528 530/530/530
f 531/531/531 529/529/529 530/530/530
f 531/531/531 530/530/530 532/532/532
f 533/533/533 531/531/531 532/532/532
f 533/533/533 532/532/532 534/534/534
f 537/537/537 536/536/536 535/535/535
f 538/538/538 537/537/537 535/535/535
f 538/538/538 535/535/535 539/539/539
f 540/540/540 538/538/538 539/539/539
f 540/540/540 539/539/539 541/541/541
f 542/542/542 540/540/540 541/541/541
f 542/542/542 541/541/541 543/543/543
f 542/542/542 543/543/543 544/544/544
f 545/545/545 542/542/542 544/544/544
f 545/545/545 544/544/544 546/546/546
f 547/547/547 545/545/545 546/546/546
f 547/547/547 546/546/546 548/548/548
f 549/549/549 547/547/547 548/548/548
f 550/550/550 549/549/549 548/548/548
f 550/550/550 548/548/548 551/551/551
f 552/552/552 550/550/550 551/551/551
f 553/553/553 552/552/552 551/551/551
f 553/553/553 551/551/551 554/554/554
f 555/555/555 553/553/553 554/554/554
f 556/556/556 555/555/555 554/554/554
f 556/556/556 554/554/554 557/557/557
f 558/558/558 556/556/556 557/557/557
f 558/558/558 557/557/557 559/559/559
f 560/560/560 558/558/558 559/559/559
f 561/561/561 560/560/560 559/559/559
f 561/561/561 559/559/559 562/562/562
f 563/563/563 561/561/561 562/562/562
f 564/564/564 563/563/563 562/562/562
f 564/564/564 562/562/562 565/565/565
f 566/566/566 564/564/564 565/565/565
f 566/566/566 565/565/565 567/567/567
f 568/568/568 566/566/566 567/567/567
f 568/568/568 567/567/567 569/569/569
f 570/570/570 568/568/568 569/569/569
f 570/570/570 569/569/569 571/571/571
f 570/570/570 571/571/571 572/572/572
f 570/570/570 572/572/572 573/573/573
f 574/574/574 570/570/570 573/573/573
f 574/574/574 573/573/573 575/575/575
f 576/576/576 574/574/574 575/575/575
f 576/576/576 575/575/575 577/577/577
f 578/578/578 576/576/576 577/577/577
f 578/578/578 577/577/577 579/579/579
f 578/578/578 579/579/579 580/580/580
f 581/581/581 578/578/578 580/580/580
f 581/581/581 580/580/580 582/582/582
f 581/581/581 582/582/582 583/583/583
f 584/584/584 581/581/581 583/583/583
f 584/584/584 583/583/583 585/585/585
f 584/584/584 585/585/585 324/324/324
f 324/324/324 328/328/328 584/584/584
f 324/324/324 586/586/586 325/325/325
f 324/324/324 587/587/587 586/586/586
f 587/587/587 588/588/588 586/586/586
f 588/588/588 589/589/589 586/586/586
f 589/589/589 590/590/590 586/586/586
f 590/590/590 591/591/591 586/586/586
f 591/591/591 592/592/592 586/586/586
f 591/591/591 593/593/593 592/592/592
f 593/593/593 594/594/594 592/592/592
f 594/594/594 595/595/595 592/592/592
f 595/595/595 596/596/596 592/592/592
f 596/596/596 597/597/597 592/592/592
f 596/596/596 598/598/598 597/597/597
f 598/598/598 599/599/599 597/597/597
f 599/599/599 600/600/600 597/597/597
f 600/600/600 601/601/601 597/597/597
f 601/601/601 602/602/602 597/597/597
f 602/602/602 603/603/603 597/597/597
f 602/602/602 604/604/604 603/603/603
f 604/604/604 605/605/605 603/603/603
f 605/605/605 606/606/606 603/603/603
f 606/606/606 607/607/607 603/603/603
f 607/607/607 608/608/608 603/603/603
f 608/608/608 609/609/609 603/603/603
f 609/609/609 610/610/610 603/603/603
f 610/610/610 611/611/611 603/603/603
f 611/611/611 612/612/612 603/603/603
f 612/612/612 613/613/613 603/603/603
f 613/613/613 614/614/614 603/603/603
f 613/613/613 615/615/615 614/614/614
f 615/615/615 616/616/616 614/614/614
f 616/616/616 617/617/617 614/614/614
f 616/616/616 618/618/618 617/617/617
f 618/618/618 619/619/619 617/617/617
f 619/619/619 620/620/620 617/617/617
f 619/619/619 621/621/621 620/620/620
f 621/621/621 622/622/622 620/620/620
f 622/622/622 623/623/623 620/620/620
f 626/626/626 625/625/625 624/624/624
f 624/624/624 627/627/627 626/626/626
f 624/624/624 628/628/628 627/627/627
g Butcher_2
usemtl GameObject_Purple
f 631/631/631 630/630/630 629/629/629
f 629/629/629 632/632/632 631/631/631
f 629/629/629 633/633/633 632/632/632
f 633/633/633 634/634/634 632/632/632
f 633/633/633 635/635/635 634/634/634
f 635/635/635 636/636/636 634/634/634
f 635/635/635 637/637/637 636/636/636
f 637/637/637 638/638/638 636/636/636
f 637/637/637 639/639/639 638/638/638
f 639/639/639 640/640/640 638/638/638
f 640/640/640 639/639/639 641/641/641
f 639/639/639 642/642/642 641/641/641
f 645/645/645 644/644/644 643/643/643
f 646/646/646 645/645/645 643/643/643
f 643/643/643 647/647/647 646/646/646
f 647/647/647 648/648/648 646/646/646
f 647/647/647 649/649/649 648/648/648
f 649/649/649 650/650/650 648/648/648
f 649/649/649 651/651/651 650/650/650
f 651/651/651 652/652/652 650/650/650
f 651/651/651 653/653/653 652/652/652
f 653/653/653 654/654/654 652/652/652
f 653/653/653 655/655/655 654/654/654
f 655/655/655 656/656/656 654/654/654
f 655/655/655 657/657/657 656/656/656
f 657/657/657 658/658/658 656/656/656
f 657/657/657 659/659/659 658/658/658
f 659/659/659 660/660/660 658/658/658
f 659/659/659 661/661/661 660/660/660
f 661/661/661 662/662/662 660/660/660
f 662/662/662 661/661/661 663/663/663
f 664/664/664 662/662/662 663/663/663
f 663/663/663 665/665/665 664/664/664
f 665/665/665 666/666/666 664/664/664
f 665/665/665 667/667/667 666/666/666
f 667/667/667 668/668/668 666/666/666
f 667/667/667 669/669/669 668/668/668
f 669/669/669 670/670/670 668/668/668
f 669/669/669 671/671/671 670/670/670
f 671/671/671 672/672/672 670/670/670
f 671/671/671 673/673/673 672/672/672
f 673/673/673 674/674/674 672/672/672
f 673/673/673 675/675/675 674/674/674
f 675/675/675 676/676/676 674/674/674
f 675/675/675 677/677/677 676/676/676
f 677/677/677 678/678/678 676/676/676
f 677/677/677 679/679/679 678/678/678
f 679/679/679 680/680/680 678/678/678
f 680/680/680 679/679/679 681/681/681
f 682/682/682 680/680/680 681/681/681
f 681/681/681 683/683/683 682/682/682
f 683/683/683 684/684/684 682/682/682
f 683/683/683 685/685/685 684/684/684
f 685/685/685 686/686/686 684/684/684
f 685/685/685 687/687/687 686/686/686
f 687/687/687 688/688/688 686/686/686
f 687/687/687 689/689/689 688/688/688
f 689/689/689 690/690/690 688/688/688
f 689/689/689 691/691/691 690/690/690
f 691/691/691 692/692/692 690/690/690
f 691/691/691 693/693/693 692/692/692
f 693/693/693 694/694/694 692/692/692
f 693/693/693 695/695/695 694/694/694
f 695/695/695 696/696/696 694/694/694
f 695/695/695 697/697/697 696/696/696
f 697/697/697 698/698/698 696/696/696
f 698/698/698 697/697/697 699/699/699
f 700/700/700 698/698/698 699/699/699
f 703/703/703 702/702/702 701/701/701
f 702/702/702 704/704/704 701/701/701
f 701/701/701 704/704/704 705/705/705
f 704/704/704 702/702/702 706/706/706
f 702/702/702 707/707/707 706/706/706
f 704/704/704 708/708/708 705/705/705
f 705/705/705 708/708/708 709/709/709
f 704/704/704 706/706/706 710/710/710
f 708/708/708 704/704/704 710/710/710
f 706/706/706 707/707/707 711/711/711
f 707/707/707 712/712/712 711/711/711
f 710/710/710 706/706/706 713/713/713
f 706/706/706 711/711/711 713/713/713
f 711/711/711 712/712/712 714/714/714
f 712/712/712 715/715/715 714/714/714
f 713/713/713 711/711/711 716/716/716
f 711/711/711 714/714/714 716/716/716
f 714/714/714 715/715/715 717/717/717
f 715/715/715 718/718/718 717/717/717
f 717/717/717 718/718/718 719/719/719
f 720/720/720 717/717/717 719/719/719
f 714/714/714 717/717/717 721/721/721
f 721/721/721 717/717/717 720/720/720
f 716/716/716 714/714/714 721/721/721
f 722/722/722 721/721/721 720/720/720
f 723/723/723 721/721/721 722/722/722
f 716/716/716 721/721/721 723/723/723
f 724/724/724 723/723/723 722/722/722
f 713/713/713 716/716/716 725/725/725
f 725/725/725 716/716/716 723/723/723
f 726/726/726 723/723/723 724/724/724
f 725/725/725 723/723/723 726/726/726
f 727/727/727 726/726/726 724/724/724
f 728/728/728 713/713/713 725/725/725
f 710/710/710 713/713/713 728/728/728
f 729/729/729 726/726/726 727/727/727
f 730/730/730 729/729/729 727/727/727
f 731/731/731 725/725/725 726/726/726
f 728/728/728 725/725/725 731/731/731
f 731/731/731 726/726/726 729/729/729
f 732/732/732 710/710/710 728/728/728
f 708/708/708 710/710/710 732/732/732
f 733/733/733 729/729/729 730/730/730
f 734/734/734 733/733/733 730/730/730
f 735/735/735 731/731/731 729/729/729
f 735/735/735 729/729/729 733/733/733
f 736/736/736 728/728/728 731/731/731
f 732/732/732 728/728/728 736/736/736
f 736/736/736 731/731/731 735/735/735
f 737/737/737 708/708/708 732/732/732
f 708/708/708 737/737/737 709/709/709
f 738/738/738 733/733/733 734/734/734
f 739/739/739 738/738/738 734/734/734
f 740/740/740 735/735/735 733/733/733
f 740/740/740 733/733/733 738/738/738
f 741/741/741 736/736/736 735/735/735
f 741/741/741 735/735/735 740/740/740
f 742/742/742 732/732/732 736/736/736
f 737/737/737 732/732/732 742/742/742
f 742/742/742 736/736/736 741/741/741
f 737/737/737 743/743/743 709/709/709
f 743/743/743 737/737/737 742/742/742
f 743/743/743 744/744/744 709/709/709
f 745/745/745 738/738/738 739/739/739
f 746/746/746 745/745/745 739/739/739
f 747/747/747 740/740/740 738/738/738
f 747/747/747 738/738/738 745/745/745
f 748/748/748 741/741/741 740/740/740
f 748/748/748 740/740/740 747/747/747
f 749/749/749 742/742/742 741/741/741
f 743/743/743 742/742/742 749/749/749
f 749/749/749 741/741/741 748/748/748
f 743/743/743 750/750/750 744/744/744
f 750/750/750 743/743/743 749/749/749
f 750/750/750 751/751/751 744/744/744
f 752/752/752 745/745/745 746/746/746
f 753/753/753 752/752/752 746/746/746
f 754/754/754 747/747/747 745/745/745
f 754/754/754 745/745/745 752/752/752
f 755/755/755 748/748/748 747/747/747
f 755/755/755 747/747/747 754/754/754
f 756/756/756 749/749/749 748/748/748
f 750/750/750 749/749/749 756/756/756
f 756/756/756 748/748/748 755/755/755
f 750/750/750 757/757/757 751/751/751
f 757/757/757 750/750/750 756/756/756
f 757/757/757 758/758/758 751/751/751
f 759/759/759 752/752/752 753/753/753
f 760/760/760 759/759/759 753/753/753
f 761/761/761 754/754/754 752/752/752
f 761/761/761 752/752/752 759/759/759
f 762/762/762 755/755/755 754/754/754
f 762/762/762 754/754/754 761/761/761
f 763/763/763 756/756/756 755/755/755
f 757/757/757 756/756/756 763/763/763
f 763/763/763 755/755/755 762/762/762
f 757/757/757 764/764/764 758/758/758
f 764/764/764 757/757/757 763/763/763
f 764/764/764 765/765/765 758/758/758
f 766/766/766 759/759/759 760/760/760
f 767/767/767 766/766/766 760/760/760
f 768/768/768 761/761/761 759/759/759
f 768/768/768 759/759/759 766/766/766
f 769/769/769 762/762/762 761/761/761
f 769/769/769 761/761/761 768/768/768
f 770/770/770 763/763/763 762/762/762
f 764/764/764 763/763/763 770/770/770
f 770/770/770 762/762/762 769/769/769
f 764/764/764 771/771/771 765/765/765
f 771/771/771 764/764/764 770/770/770
f 771/771/771 772/772/772 765/765/765
f 773/773/773 766/766/766 767/767/767
f 774/774/774 773/773/773 767/767/767
f 775/775/775 768/768/768 766/766/766
f 775/775/775 766/766/766 773/773/773
f 776/776/776 769/769/769 768/768/768
f 776/776/776 768/768/768 775/775/775
f 777/777/777 770/770/770 769/769/769
f 771/771/771 770/770/770 777/777/777
f 777/777/777 769/769/769 776/776/776
f 771/771/771 778/778/778 772/772/772
f 778/778/778 771/771/771 777/777/777
f 778/778/778 779/779/779 772/772/772
f 780/780/780 773/773/773 774/774/774
f 781/781/781 780/780/780 774/774/774
f 782/782/782 775/775/775 773/773/773
f 782/782/782 773/773/773 780/780/780
f 783/783/783 776/776/776 775/775/775
f 783/783/783 775/775/775 782/782/782
f 784/784/784 777/777/777 776/776/776
f 778/778/778 777/777/777 784/784/784
f 784/784/784 776/776/776 783/783/783
f 778/778/778 785/785/785 779/779/779
f 785/785/785 778/778/778 784/784/784
f 785/785/785 786/786/786 779/779/779
f 787/787/787 780/780/780 781/781/781
f 788/788/788 787/787/787 781/781/781
f 789/789/789 782/782/782 780/780/780
f 789/789/789 780/780/780 787/787/787
f 790/790/790 783/783/783 782/782/782
f 790/790/790 782/782/782 789/789/789
f 791/791/791 784/784/784 783/783/783
f 785/785/785 784/784/784 791/791/791
f 791/791/791 783/783/783 790/790/790
f 785/785/785 792/792/792 786/786/786
f 792/792/792 785/785/785 791/791/791
f 792/792/792 793/793/793 786/786/786
f 794/794/794 787/787/787 788/788/788
f 795/795/795 794/794/794 788/788/788
f 796/796/796 789/789/789 787/787/787
f 796/796/796 787/787/787 794/794/794
f 797/797/797 790/790/790 789/789/789
f 797/797/797 789/789/789 796/796/796
f 798/798/798 791/791/791 790/790/790
f 792/792/792 791/791/791 798/798/798
f 798/798/798 790/790/790 797/797/797
f 792/792/792 799/799/799 793/793/793
f 799/799/799 792/792/792 798/798/798
f 799/799/799 800/800/800 793/793/793
f 801/801/801 794/794/794 795/795/795
f 802/802/802 801/801/801 795/795/795
f 803/803/803 796/796/796 794/794/794
f 803/803/803 794/794/794 801/801/801
f 804/804/804 797/797/797 796/796/796
f 804/804/804 796/796/796 803/803/803
f 805/805/805 798/798/798 797/797/797
f 799/799/799 798/798/798 805/805/805
f 805/805/805 797/797/797 804/804/804
f 799/799/799 806/806/806 800/800/800
f 806/806/806 799/799/799 805/805/805
f 806/806/806 807/807/807 800/800/800
f 808/808/808 801/801/801 802/802/802
f 809/809/809 808/808/808 802/802/802
f 810/810/810 803/803/803 801/801/801
f 810/810/810 801/801/801 808/808/808
f 811/811/811 804/804/804 803/803/803
f 811/811/811 803/803/803 810/810/810
f 812/812/812 805/805/805 804/804/804
f 806/806/806 805/805/805 812/812/812
f 812/812/812 804/804/804 811/811/811
f 806/806/806 813/813/813 807/807/807
f 813/813/813 806/806/806 812/812/812
f 813/813/813 814/814/814 807/807/807
f 815/815/815 808/808/808 809/809/809
f 816/816/816 815/815/815 809/809/809
f 817/817/817 810/810/810 808/808/808
f 817/817/817 808/808/808 815/815/815
f 818/818/818 811/811/811 810/810/810
f 818/818/818 810/810/810 817/817/817
f 819/819/819 812/812/812 811/811/811
f 813/813/813 812/812/812 819/819/819
f 819/819/819 811/811/811 818/818/818
f 813/813/813 820/820/820 814/814/814
f 820/820/820 813/813/813 819/819/819
f 820/820/820 821/821/821 814/814/814
f 822/822/822 815/815/815 816/816/816
f 823/823/823 822/822/822 816/816/816
f 824/824/824 817/817/817 815/815/815
f 824/824/824 815/815/815 822/822/822
f 825/825/825 818/818/818 817/817/817
f 825/825/825 817/817/817 824/824/824
f 826/826/826 819/819/819 818/818/818
f 820/820/820 819/819/819 826/826/826
f 826/826/826 818/818/818 825/825/825
f 820/820/820 827/827/827 821/821/821
f 827/827/827 820/820/820 826/826/826
f 827/827/827 828/828/828 821/821/821
f 829/829/829 822/822/822 823/823/823
f 830/830/830 829/829/829 823/823/823
f 831/831/831 824/824/824 822/822/822
f 831/831/831 822/822/822 829/829/829
f 832/832/832 825/825/825 824/824/824
f 832/832/832 824/824/824 831/831/831
f 833/833/833 826/826/826 825/825/825
f 827/827/827 826/826/826 833/833/833
f 833/833/833 825/825/825 832/832/832
f 827/827/827 834/834/834 828/828/828
f 834/834/834 827/827/827 833/833/833
f 834/834/834 835/835/835 828/828/828
f 836/836/836 829/829/829 830/830/830
f 837/837/837 836/836/836 830/830/830
f 838/838/838 831/831/831 829/829/829
f 838/838/838 829/829/829 836/836/836
f 839/839/839 832/832/832 831/831/831
f 839/839/839 831/831/831 838/838/838
f 840/840/840 833/833/833 832/832/832
f 834/834/834 833/833/833 840/840/840
f 840/840/840 832/832/832 839/839/839
f 834/834/834 841/841/841 835/835/835
f 841/841/841 834/834/834 840/840/840
f 841/841/841 842/842/842 835/835/835
f 843/843/843 836/836/836 837/837/837
f 844/844/844 843/843/843 837/837/837
f 845/845/845 838/838/838 836/836/836
f 845/845/845 836/836/836 843/843/843
f 846/846/846 839/839/839 838/838/838
f 846/846/846 838/838/838 845/845/845
f 847/847/847 840/840/840 839/839/839
f 841/841/841 840/840/840 847/847/847
f 847/847/847 839/839/839 846/846/846
f 841/841/841 848/848/848 842/842/842
f 848/848/848 841/841/841 847/847/847
f 848/848/848 849/849/849 842/842/842
f 850/850/850 843/843/843 844/844/844
f 851/851/851 850/850/850 844/844/844
f 852/852/852 850/850/850 851/851/851
f 853/853/853 852/852/852 851/851/851
f 854/854/854 852/852/852 853/853/853
f 855/855/855 852/852/852 854/854/854
f 856/856/856 847/847/847 846/846/846
f 848/848/848 847/847/847 856/856/856
f 848/848/848 857/857/857 849/849/849
f 857/857/857 848/848/848 856/856/856
f 857/857/857 858/858/858 849/849/849
f 859/859/859 843/843/843 850/850/850
f 859/859/859 845/845/845 843/843/843
f 860/860/860 846/846/846 845/845/845
f 856/856/856 846/846/846 860/860/860
f 860/860/860 845/845/845 859/859/859
f 857/857/857 861/861/861 858/858/858
f 861/861/861 862/862/862 858/858/858
f 857/857/857 856/856/856 863/863/863
f 863/863/863 856/856/856 860/860/860
f 861/861/861 857/857/857 863/863/863
f 864/864/864 859/859/859 850/850/850
f 864/864/864 850/850/850 852/852/852
f 865/865/865 860/860/860 859/859/859
f 863/863/863 860/860/860 865/865/865
f 865/865/865 859/859/859 864/864/864
f 861/861/861 866/866/866 862/862/862
f 866/866/866 867/867/867 862/862/862
f 861/861/861 863/863/863 868/868/868
f 868/868/868 863/863/863 865/865/865
f 866/866/866 861/861/861 868/868/868
f 869/869/869 865/865/865 864/864/864
f 868/868/868 865/865/865 869/869/869
f 870/870/870 864/864/864 852/852/852
f 869/869/869 864/864/864 870/870/870
f 866/866/866 871/871/871 867/867/867
f 871/871/871 872/872/872 867/867/867
f 866/866/866 868/868/868 873/873/873
f 873/873/873 868/868/868 869/869/869
f 871/871/871 866/866/866 873/873/873
f 871/871/871 874/874/874 872/872/872
f 874/874/874 875/875/875 872/872/872
f 873/873/873 869/869/869 876/876/876
f 876/876/876 869/869/869 870/870/870
f 871/871/871 873/873/873 877/877/877
f 874/874/874 871/871/871 877/877/877
f 877/877/877 873/873/873 876/876/876
f 870/870/870 852/852/852 878/878/878
f 878/878/878 852/852/852 855/855/855
f 879/879/879 878/878/878 855/855/855
f 874/874/874 880/880/880 875/875/875
f 880/880/880 881/881/881 875/875/875
f 876/876/876 870/870/870 882/882/882
f 882/882/882 870/870/870 878/878/878
f 883/883/883 878/878/878 879/879/879
f 882/882/882 878/878/878 883/883/883
f 884/884/884 883/883/883 879/879/879
f 877/877/877 876/876/876 885/885/885
f 885/885/885 876/876/876 882/882/882
f 874/874/874 877/877/877 886/886/886
f 880/880/880 874/874/874 886/886/886
f 886/886/886 877/877/877 885/885/885
f 880/880/880 887/887/887 881/881/881
f 887/887/887 888/888/888 881/881/881
f 889/889/889 883/883/883 884/884/884
f 890/890/890 889/889/889 884/884/884
f 891/891/891 882/882/882 883/883/883
f 885/885/885 882/882/882 891/891/891
f 891/891/891 883/883/883 889/889/889
f 886/886/886 885/885/885 892/892/892
f 892/892/892 885/885/885 891/891/891
f 880/880/880 886/886/886 893/893/893
f 887/887/887 880/880/880 893/893/893
f 893/893/893 886/886/886 892/892/892
f 887/887/887 894/894/894 888/888/888
f 894/894/894 895/895/895 888/888/888
f 896/896/896 889/889/889 890/890/890
f 897/897/897 896/896/896 890/890/890
f 898/898/898 891/891/891 889/889/889
f 892/892/892 891/891/891 898/898/898
f 898/898/898 889/889/889 896/896/896
f 893/893/893 892/892/892 899/899/899
f 899/899/899 892/892/892 898/898/898
f 887/887/887 893/893/893 900/900/900
f 894/894/894 887/887/887 900/900/900
f 900/900/900 893/893/893 899/899/899
f 894/894/894 901/901/901 895/895/895
f 901/901/901 902/902/902 895/895/895
f 903/903/903 896/896/896 897/897/897
f 904/904/904 903/903/903 897/897/897
f 905/905/905 898/898/898 896/896/896
f 899/899/899 898/898/898 905/905/905
f 905/905/905 896/896/896 903/903/903
f 900/900/900 899/899/899 906/906/906
f 906/906/906 899/899/899 905/905/905
f 894/894/894 900/900/900 907/907/907
f 901/901/901 894/894/894 907/907/907
f 907/907/907 900/900/900 906/906/906
f 901/901/901 908/908/908 902/902/902
f 908/908/908 909/909/909 902/902/902
f 910/910/910 903/903/903 904/904/904
f 911/911/911 910/910/910 904/904/904
f 912/912/912 905/905/905 903/903/903
f 906/906/906 905/905/905 912/912/912
f 912/912/912 903/903/903 910/910/910
f 907/907/907 906/906/906 913/913/913
f 913/913/913 906/906/906 912/912/912
f 901/901/901 907/907/907 914/914/914
f 908/908/908 901/901/901 914/914/914
f 914/914/914 907/907/907 913/913/913
f 908/908/908 915/915/915 909/909/909
f 915/915/915 916/916/916 909/909/909
f 917/917/917 910/910/910 911/911/911
f 918/918/918 917/917/917 911/911/911
f 919/919/919 912/912/912 910/910/910
f 913/913/913 912/912/912 919/919/919
f 919/919/919 910/910/910 917/917/917
f 914/914/914 913/913/913 920/920/920
f 920/920/920 913/913/913 919/919/919
f 908/908/908 914/914/914 921/921/921
f 915/915/915 908/908/908 921/921/921
f 921/921/921 914/914/914 920/920/920
f 915/915/915 922/922/922 916/916/916
f 922/922/922 923/923/923 916/916/916
f 924/924/924 917/917/917 918/918/918
f 925/925/925 924/924/924 918/918/918
f 926/926/926 919/919/919 917/917/917
f 920/920/920 919/919/919 926/926/926
f 926/926/926 917/917/917 924/924/924
f 921/921/921 920/920/920 927/927/927
f 927/927/927 920/920/920 926/926/926
f 915/915/915 921/921/921 928/928/928
f 922/922/922 915/915/915 928/928/928
f 928/928/928 921/921/921 927/927/927
f 922/922/922 929/929/929 923/923/923
f 929/929/929 930/930/930 923/923/923
f 931/931/931 924/924/924 925/925/925
f 932/932/932 931/931/931 925/925/925
f 933/933/933 926/926/926 924/924/924
f 927/927/927 926/926/926 933/933/933
f 933/933/933 924/924/924 931/931/931
f 928/928/928 927/927/927 934/934/934
f 934/934/934 927/927/927 933/933/933
f 922/922/922 928/928/928 935/935/935
f 929/929/929 922/922/922 935/935/935
f 935/935/935 928/928/928 934/934/934
f 929/929/929 936/936/936 930/930/930
f 936/936/936 937/937/937 930/930/930
f 938/938/938 931/931/931 932/932/932
f 939/939/939 938/938/938 932/932/932
f 940/940/940 933/933/933 931/931/931
f 934/934/934 933/933/933 940/940/940
f 940/940/940 931/931/931 938/938/938
f 935/935/935 934/934/934 941/941/941
f 941/941/941 934/934/934 940/940/940
f 929/929/929 935/935/935 942/942/942
f 936/936/936 929/929/929 942/942/942
f 942/942/942 935/935/935 941/941/941
f 936/936/936 943/943/943 937/937/937
f 943/943/943 944/944/944 937/937/937
f 945/945/945 938/938/938 939/939/939
f 946/946/946 945/945/945 939/939/939
f 947/947/947 940/940/940 938/938/938
f 941/941/941 940/940/940 947/947/947
f 947/947/947 938/938/938 945/945/945
f 942/942/942 941/941/941 948/948/948
f 948/948/948 941/941/941 947/947/947
f 936/936/936 942/942/942 949/949/949
f 943/943/943 936/936/936 949/949/949
f 949/949/949 942/942/942 948/948/948
f 943/943/943 950/950/950 944/944/944
f 950/950/950 951/951/951 944/944/944
f 952/952/952 945/945/945 946/946/946
f 953/953/953 952/952/952 946/946/946
f 954/954/954 947/947/947 945/945/945
f 948/948/948 947/947/947 954/954/954
f 954/954/954 945/945/945 952/952/952
f 949/949/949 948/948/948 955/955/955
f 955/955/955 948/948/948 954/954/954
f 943/943/943 949/949/949 956/956/956
f 950/950/950 943/943/943 956/956/956
f 956/956/956 949/949/949 955/955/955
f 950/950/950 957/957/957 951/951/951
f 957/957/957 958/958/958 951/951/951
f 959/959/959 952/952/952 953/953/953
f 960/960/960 959/959/959 953/953/953
f 961/961/961 954/954/954 952/952/952
f 955/955/955 954/954/954 961/961/961
f 961/961/961 952/952/952 959/959/959
f 956/956/956 955/955/955 962/962/962
f 962/962/962 955/955/955 961/961/961
f 950/950/950 956/956/956 963/963/963
f 957/957/957 950/950/950 963/963/963
f 963/963/963 956/956/956 962/962/962
f 957/957/957 964/964/964 958/958/958
f 964/964/964 965/965/965 958/958/958
f 966/966/966 959/959/959 960/960/960
f 967/967/967 966/966/966 960/960/960
f 968/968/968 961/961/961 959/959/959
f 962/962/962 961/961/961 968/968/968
f 968/968/968 959/959/959 966/966/966
f 963/963/963 962/962/962 969/969/969
f 969/969/969 962/962/962 968/968/968
f 957/957/957 963/963/963 970/970/970
f 964/964/964 957/957/957 970/970/970
f 970/970/970 963/963/963 969/969/969
f 964/964/964 971/971/971 965/965/965
f 971/971/971 972/972/972 965/965/965
f 973/973/973 966/966/966 967/967/967
f 974/974/974 973/973/973 967/967/967
f 975/975/975 968/968/968 966/966/966
f 969/969/969 968/968/968 975/975/975
f 975/975/975 966/966/966 973/973/973
f 970/970/970 969/969/969 976/976/976
f 976/976/976 969/969/969 975/975/975
f 964/964/964 970/970/970 977/977/977
f 971/971/971 964/964/964 977/977/977
f 977/977/977 970/970/970 976/976/976
f 971/971/971 978/978/978 972/972/972
f 978/978/978 979/979/979 972/972/972
f 980/980/980 973/973/973 974/974/974
f 981/981/981 980/980/980 974/974/974
f 982/982/982 975/975/975 973/973/973
f 976/976/976 975/975/975 982/982/982
f 982/982/982 973/973/973 980/980/980
f 977/977/977 976/976/976 983/983/983
f 983/983/983 976/976/976 982/982/982
f 971/971/971 977/977/977 984/984/984
f 978/978/978 971/971/971 984/984/984
f 984/984/984 977/977/977 983/983/983
f 978/978/978 985/985/985 979/979/979
f 985/985/985 986/986/986 979/979/979
f 987/987/987 980/980/980 981/981/981
f 988/988/988 987/987/987 981/981/981
f 989/989/989 982/982/982 980/980/980
f 983/983/983 982/982/982 989/989/989
f 989/989/989 980/980/980 987/987/987
f 984/984/984 983/983/983 990/990/990
f 990/990/990 983/983/983 989/989/989
f 978/978/978 984/984/984 991/991/991
f 985/985/985 978/978/978 991/991/991
f 991/991/991 984/984/984 990/990/990
f 985/985/985 992/992/992 986/986/986
f 992/992/992 993/993/993 986/986/986
f 994/994/994 987/987/987 988/988/988
f 995/995/995 994/994/994 988/988/988
f 996/996/996 989/989/989 987/987/987
f 990/990/990 989/989/989 996/996/996
f 996/996/996 987/987/987 994/994/994
f 991/991/991 990/990/990 997/997/997
f 997/997/997 990/990/990 996/996/996
f 985/985/985 991/991/991 998/998/998
f 992/992/992 985/985/985 998/998/998
f 998/998/998 991/991/991 997/997/997
f 992/992/992 999/999/999 993/993/993
f 999/999/999 1000/1000/1000 993/993/993
f 1001/1001/1001 994/994/994 995/995/995
f 1002/1002/1002 1001/1001/1001 995/995/995
f 1003/1003/1003 996/996/996 994/994/994
f 997/997/997 996/996/996 1003/1003/1003
f 1003/1003/1003 994/994/994 1001/1001/1001
f 998/998/998 997/997/997 1004/1004/1004
f 1004/1004/1004 997/997/997 1003/1003/1003
f 992/992/992 998/998/998 1005/1005/1005
f 999/999/999 992/992/992 1005/1005/1005
f 1005/1005/1005 998/998/998 1004/1004/1004
f 999/999/999 1006/1006/1006 1000/1000/1000
f 1006/1006/1006 1007/1007/1007 1000/1000/1000
f 1008/1008/1008 1001/1001/1001 1002/1002/1002
f 1009/1009/1009 1008/1008/1008 1002/1002/1002
f 1010/1010/1010 1003/1003/1003 1001/1001/1001
f 1004/1004/1004 1003/1003/1003 1010/1010/1010
f 1010/1010/1010 1001/1001/1001 1008/1008/1008
f 1005/1005/1005 1004/1004/1004 1011/1011/1011
f 1011/1011/1011 1004/1004/1004 1010/1010/1010
f 999/999/999 1005/1005/1005 1012/1012/1012
f 1006/1006/1006 999/999/999 1012/1012/1012
f 1012/1012/1012 1005/1005/1005 1011/1011/1011
f 1006/1006/1006 1013/1013/1013 1007/1007/1007
f 1013/1013/1013 1014/1014/1014 1007/1007/1007
f 1015/1015/1015 1008/1008/1008 1009/1009/1009
f 1016/1016/1016 1015/1015/1015 1009/1009/1009
f 1017/1017/1017 1010/1010/1010 1008/1008/1008
f 1011/1011/1011 1010/1010/1010 1017/1017/1017
f 1017/1017/1017 1008/1008/1008 1015/1015/1015
f 1018/1018/1018 1015/1015/1015 1016/1016/1016
f 1019/1019/1019 1018/1018/1018 1016/1016/1016
f 1020/1020/1020 1018/1018/1018 1019/1019/1019
f 1021/1021/1021 1018/1018/1018 1020/1020/1020
f 1022/1022/1022 1018/1018/1018 1021/1021/1021
f 1023/1023/1023 1018/1018/1018 1022/1022/1022
f 1024/1024/1024 1011/1011/1011 1017/1017/1017
f 1012/1012/1012 1011/1011/1011 1024/1024/1024
f 1025/1025/1025 1017/1017/1017 1015/1015/1015
f 1025/1025/1025 1015/1015/1015 1018/1018/1018
f 1024/1024/1024 1017/1017/1017 1025/1025/1025
f 1026/1026/1026 1018/1018/1018 1023/1023/1023
f 1027/1027/1027 1026/1026/1026 1023/1023/1023
f 1028/1028/1028 1012/1012/1012 1024/1024/1024
f 1006/1006/1006 1012/1012/1012 1028/1028/1028
f 1013/1013/1013 1006/1006/1006 1028/1028/1028
f 1029/1029/1029 1024/1024/1024 1025/1025/1025
f 1028/1028/1028 1024/1024/1024 1029/1029/1029
f 1030/1030/1030 1025/1025/1025 1018/1018/1018
f 1030/1030/1030 1018/1018/1018 1026/1026/1026
f 1029/1029/1029 1025/1025/1025 1030/1030/1030
f 1031/1031/1031 1026/1026/1026 1027/1027/1027
f 1032/1032/1032 1031/1031/1031 1027/1027/1027
f 1013/1013/1013 1028/1028/1028 1033/1033/1033
f 1033/1033/1033 1028/1028/1028 1029/1029/1029
f 1034/1034/1034 1030/1030/1030 1026/1026/1026
f 1034/1034/1034 1026/1026/1026 1031/1031/1031
f 1035/1035/1035 1029/1029/1029 1030/1030/1030
f 1033/1033/1033 1029/1029/1029 1035/1035/1035
f 1035/1035/1035 1030/1030/1030 1034/1034/1034
f 1036/1036/1036 1031/1031/1031 1032/1032/1032
f 1037/1037/1037 1036/1036/1036 1032/1032/1032
f 1038/1038/1038 1013/1013/1013 1033/1033/1033
f 1013/1013/1013 1038/1038/1038 1014/1014/1014
f 1038/1038/1038 1039/1039/1039 1014/1014/1014
f 1040/1040/1040 1034/1034/1034 1031/1031/1031
f 1040/1040/1040 1031/1031/1031 1036/1036/1036
f 1041/1041/1041 1035/1035/1035 1034/1034/1034
f 1041/1041/1041 1034/1034/1034 1040/1040/1040
f 1042/1042/1042 1033/1033/1033 1035/1035/1035
f 1038/1038/1038 1033/1033/1033 1042/1042/1042
f 1042/1042/1042 1035/1035/1035 1041/1041/1041
f 1038/1038/1038 1043/1043/1043 1039/1039/1039
f 1043/1043/1043 1038/1038/1038 1042/1042/1042
f 1043/1043/1043 1044/1044/1044 1039/1039/1039
f 1045/1045/1045 1036/1036/1036 1037/1037/1037
f 1046/1046/1046 1045/1045/1045 1037/1037/1037
f 1047/1047/1047 1040/1040/1040 1036/1036/1036
f 1047/1047/1047 1036/1036/1036 1045/1045/1045
f 1048/1048/1048 1041/1041/1041 1040/1040/1040
f 1048/1048/1048 1040/1040/1040 1047/1047/1047
f 1049/1049/1049 1042/1042/1042 1041/1041/1041
f 1043/1043/1043 1042/1042/1042 1049/1049/1049
f 1049/1049/1049 1041/1041/1041 1048/1048/1048
f 1043/1043/1043 1050/1050/1050 1044/1044/1044
f 1050/1050/1050 1043/1043/1043 1049/1049/1049
f 1050/1050/1050 1051/1051/1051 1044/1044/1044
f 1052/1052/1052 1045/1045/1045 1046/1046/1046
f 1053/1053/1053 1052/1052/1052 1046/1046/1046
f 1054/1054/1054 1047/1047/1047 1045/1045/1045
f 1054/1054/1054 1045/1045/1045 1052/1052/1052
f 1055/1055/1055 1048/1048/1048 1047/1047/1047
f 1055/1055/1055 1047/1047/1047 1054/1054/1054
f 1056/1056/1056 1049/1049/1049 1048/1048/1048
f 1050/1050/1050 1049/1049/1049 1056/1056/1056
f 1056/1056/1056 1048/1048/1048 1055/1055/1055
f 1050/1050/1050 1057/1057/1057 1051/1051/1051
f 1057/1057/1057 1050/1050/1050 1056/1056/1056
f 1057/1057/1057 1058/1058/1058 1051/1051/1051
f 1059/1059/1059 1052/1052/1052 1053/1053/1053
f 1060/1060/1060 1059/1059/1059 1053/1053/1053
f 1061/1061/1061 1054/1054/1054 1052/1052/1052
f 1061/1061/1061 1052/1052/1052 1059/1059/1059
f 1062/1062/1062 1055/1055/1055 1054/1054/1054
f 1062/1062/1062 1054/1054/1054 1061/1061/1061
f 1063/1063/1063 1056/1056/1056 1055/1055/1055
f 1057/1057/1057 1056/1056/1056 1063/1063/1063
f 1063/1063/1063 1055/1055/1055 1062/1062/1062
f 1057/1057/1057 1064/1064/1064 1058/1058/1058
f 1064/1064/1064 1057/1057/1057 1063/1063/1063
f 1064/1064/1064 1065/1065/1065 1058/1058/1058
f 1066/1066/1066 1059/1059/1059 1060/1060/1060
f 1067/1067/1067 1066/1066/1066 1060/1060/1060
f 1068/1068/1068 1061/1061/1061 1059/1059/1059
f 1068/1068/1068 1059/1059/1059 1066/1066/1066
f 1069/1069/1069 1062/1062/1062 1061/1061/1061
f 1069/1069/1069 1061/1061/1061 1068/1068/1068
f 1070/1070/1070 1063/1063/1063 1062/1062/1062
f 1064/1064/1064 1063/1063/1063 1070/1070/1070
f 1070/1070/1070 1062/1062/1062 1069/1069/1069
f 1064/1064/1064 1071/1071/1071 1065/1065/1065
f 1071/1071/1071 1064/1064/1064 1070/1070/1070
f 1071/1071/1071 1072/1072/1072 1065/1065/1065
f 1073/1073/1073 1066/1066/1066 1067/1067/1067
f 1074/1074/1074 1073/1073/1073 1067/1067/1067
f 1075/1075/1075 1068/1068/1068 1066/1066/1066
f 1075/1075/1075 1066/1066/1066 1073/1073/1073
f 1076/1076/1076 1073/1073/1073 1074/1074/1074
f 1077/1077/1077 1076/1076/1076 1074/1074/1074
f 1078/1078/1078 1076/1076/1076 1077/1077/1077
f 1079/1079/1079 1076/1076/1076 1078/1078/1078
f 1080/1080/1080 1076/1076/1076 1079/1079/1079
f 1081/1081/1081 1076/1076/1076 1080/1080/1080
f 1082/1082/1082 1076/1076/1076 1081/1081/1081
f 1071/1071/1071 1083/1083/1083 1072/1072/1072
f 1083/1083/1083 1084/1084/1084 1072/1072/1072
f 1085/1085/1085 1068/1068/1068 1075/1075/1075
f 1085/1085/1085 1069/1069/1069 1068/1068/1068
f 1086/1086/1086 1076/1076/1076 1082/1082/1082
f 1087/1087/1087 1086/1086/1086 1082/1082/1082
f 1083/1083/1083 1071/1071/1071 1088/1088/1088
f 1088/1088/1088 1069/1069/1069 1085/1085/1085
f 1071/1071/1071 1070/1070/1070 1088/1088/1088
f 1088/1088/1088 1070/1070/1070 1069/1069/1069
f 1083/1083/1083 1089/1089/1089 1084/1084/1084
f 1089/1089/1089 1090/1090/1090 1084/1084/1084
f 1083/1083/1083 1088/1088/1088 1091/1091/1091
f 1091/1091/1091 1088/1088/1088 1085/1085/1085
f 1089/1089/1089 1083/1083/1083 1091/1091/1091
f 1092/1092/1092 1085/1085/1085 1075/1075/1075
f 1091/1091/1091 1085/1085/1085 1092/1092/1092
f 1089/1089/1089 1093/1093/1093 1090/1090/1090
f 1093/1093/1093 1094/1094/1094 1090/1090/1090
f 1089/1089/1089 1091/1091/1091 1095/1095/1095
f 1095/1095/1095 1091/1091/1091 1092/1092/1092
f 1093/1093/1093 1089/1089/1089 1095/1095/1095
f 1092/1092/1092 1075/1075/1075 1096/1096/1096
f 1096/1096/1096 1075/1075/1075 1073/1073/1073
f 1096/1096/1096 1073/1073/1073 1076/1076/1076
f 1093/1093/1093 1097/1097/1097 1094/1094/1094
f 1097/1097/1097 1098/1098/1098 1094/1094/1094
f 1095/1095/1095 1092/1092/1092 1099/1099/1099
f 1099/1099/1099 1092/1092/1092 1096/1096/1096
f 1100/1100/1100 1096/1096/1096 1076/1076/1076
f 1099/1099/1099 1096/1096/1096 1100/1100/1100
f 1100/1100/1100 1076/1076/1076 1086/1086/1086
f 1093/1093/1093 1095/1095/1095 1101/1101/1101
f 1101/1101/1101 1095/1095/1095 1099/1099/1099
f 1097/1097/1097 1093/1093/1093 1101/1101/1101
f 1102/1102/1102 1099/1099/1099 1100/1100/1100
f 1101/1101/1101 1099/1099/1099 1102/1102/1102
f 1103/1103/1103 1100/1100/1100 1086/1086/1086
f 1102/1102/1102 1100/1100/1100 1103/1103/1103
f 1104/1104/1104 1101/1101/1101 1102/1102/1102
f 1097/1097/1097 1101/1101/1101 1104/1104/1104
f 1105/1105/1105 1098/1098/1098 1097/1097/1097
f 1105/1105/1105 1106/1106/1106 1098/1098/1098
f 1103/1103/1103 1086/1086/1086 1107/1107/1107
f 1107/1107/1107 1086/1086/1086 1087/1087/1087
f 1108/1108/1108 1107/1107/1107 1087/1087/1087
f 1109/1109/1109 1102/1102/1102 1103/1103/1103
f 1104/1104/1104 1102/1102/1102 1109/1109/1109
f 1110/1110/1110 1097/1097/1097 1104/1104/1104
f 1097/1097/1097 1110/1110/1110 1105/1105/1105
f 1111/1111/1111 1107/1107/1107 1108/1108/1108
f 1112/1112/1112 1111/1111/1111 1108/1108/1108
f 1113/1113/1113 1103/1103/1103 1107/1107/1107
f 1109/1109/1109 1103/1103/1103 1113/1113/1113
f 1113/1113/1113 1107/1107/1107 1111/1111/1111
f 1114/1114/1114 1104/1104/1104 1109/1109/1109
f 1110/1110/1110 1104/1104/1104 1114/1114/1114
f 1115/1115/1115 1111/1111/1111 1112/1112/1112
f 1116/1116/1116 1115/1115/1115 1112/1112/1112
f 1117/1117/1117 1113/1113/1113 1111/1111/1111
f 1117/1117/1117 1111/1111/1111 1115/1115/1115
f 1118/1118/1118 1109/1109/1109 1113/1113/1113
f 1114/1114/1114 1109/1109/1109 1118/1118/1118
f 1118/1118/1118 1113/1113/1113 1117/1117/1117
f 1119/1119/1119 1110/1110/1110 1114/1114/1114
f 1110/1110/1110 1119/1119/1119 1105/1105/1105
f 1120/1120/1120 1115/1115/1115 1116/1116/1116
f 1121/1121/1121 1120/1120/1120 1116/1116/1116
f 1122/1122/1122 1117/1117/1117 1115/1115/1115
f 1122/1122/1122 1115/1115/1115 1120/1120/1120
f 1123/1123/1123 1118/1118/1118 1117/1117/1117
f 1123/1123/1123 1117/1117/1117 1122/1122/1122
f 1124/1124/1124 1114/1114/1114 1118/1118/1118
f 1119/1119/1119 1114/1114/1114 1124/1124/1124
f 1124/1124/1124 1118/1118/1118 1123/1123/1123
f 1125/1125/1125 1120/1120/1120 1121/1121/1121
f 1126/1126/1126 1125/1125/1125 1121/1121/1121
f 1127/1127/1127 1122/1122/1122 1120/1120/1120
f 1127/1127/1127 1120/1120/1120 1125/1125/1125
f 1128/1128/1128 1123/1123/1123 1122/1122/1122
f 1128/1128/1128 1122/1122/1122 1127/1127/1127
f 1129/1129/1129 1124/1124/1124 1123/1123/1123
f 1129/1129/1129 1123/1123/1123 1128/1128/1128
f 1130/1130/1130 1119/1119/1119 1124/1124/1124
f 1130/1130/1130 1124/1124/1124 1129/1129/1129
f 1131/1131/1131 1125/1125/1125 1126/1126/1126
f 1132/1132/1132 1131/1131/1131 1126/1126/1126
f 1133/1133/1133 1127/1127/1127 1125/1125/1125
f 1133/1133/1133 1125/1125/1125 1131/1131/1131
f 1134/1134/1134 1128/1128/1128 1127/1127/1127
f 1134/1134/1134 1127/1127/1127 1133/1133/1133
f 1135/1135/1135 1129/1129/1129 1128/1128/1128
f 1135/1135/1135 1128/1128/1128 1134/1134/1134
f 1136/1136/1136 1131/1131/1131 1132/1132/1132
f 1137/1137/1137 1136/1136/1136 1132/1132/1132
f 1138/1138/1138 1133/1133/1133 1131/1131/1131
f 1138/1138/1138 1131/1131/1131 1136/1136/1136
f 1139/1139/1139 1134/1134/1134 1133/1133/1133
f 1139/1139/1139 1133/1133/1133 1138/1138/1138
f 1140/1140/1140 1136/1136/1136 1137/1137/1137
f 1141/1141/1141 1140/1140/1140 1137/1137/1137
f 1142/1142/1142 1138/1138/1138 1136/1136/1136
f 1142/1142/1142 1136/1136/1136 1140/1140/1140
f 1143/1143/1143 1140/1140/1140 1141/1141/1141
f 1144/1144/1144 1143/1143/1143 1141/1141/1141
f 1145/1145/1145 1129/1129/1129 1135/1135/1135
f 1145/1145/1145 1130/1130/1130 1129/1129/1129
f 1146/1146/1146 1135/1135/1135 1134/1134/1134
f 1146/1146/1146 1134/1134/1134 1139/1139/1139
f 1147/1147/1147 1139/1139/1139 1138/1138/1138
f 1147/1147/1147 1138/1138/1138 1142/1142/1142
f 1148/1148/1148 1142/1142/1142 1140/1140/1140
f 1148/1148/1148 1140/1140/1140 1143/1143/1143
f 1149/1149/1149 1143/1143/1143 1144/1144/1144
f 1150/1150/1150 1149/1149/1149 1144/1144/1144
f 1151/1151/1151 1145/1145/1145 1135/1135/1135
f 1151/1151/1151 1135/1135/1135 1146/1146/1146
f 1152/1152/1152 1146/1146/1146 1139/1139/1139
f 1152/1152/1152 1139/1139/1139 1147/1147/1147
f 1153/1153/1153 1147/1147/1147 1142/1142/1142
f 1153/1153/1153 1142/1142/1142 1148/1148/1148
f 1154/1154/1154 1148/1148/1148 1143/1143/1143
f 1154/1154/1154 1143/1143/1143 1149/1149/1149
f 1155/1155/1155 1149/1149/1149 1150/1150/1150
f 1156/1156/1156 1155/1155/1155 1150/1150/1150
f 1157/1157/1157 1151/1151/1151 1146/1146/1146
f 1157/1157/1157 1146/1146/1146 1152/1152/1152
f 1158/1158/1158 1152/1152/1152 1147/1147/1147
f 1158/1158/1158 1147/1147/1147 1153/1153/1153
f 1159/1159/1159 1153/1153/1153 1148/1148/1148
f 1159/1159/1159 1148/1148/1148 1154/1154/1154
f 1160/1160/1160 1154/1154/1154 1149/1149/1149
f 1160/1160/1160 1149/1149/1149 1155/1155/1155
f 1161/1161/1161 1155/1155/1155 1156/1156/1156
f 1162/1162/1162 1161/1161/1161 1156/1156/1156
f 1163/1163/1163 1157/1157/1157 1152/1152/1152
f 1163/1163/1163 1152/1152/1152 1158/1158/1158
f 1164/1164/1164 1158/1158/1158 1153/1153/1153
f 1164/1164/1164 1153/1153/1153 1159/1159/1159
f 1165/1165/1165 1159/1159/1159 1154/1154/1154
f 1165/1165/1165 1154/1154/1154 1160/1160/1160
f 1166/1166/1166 1160/1160/1160 1155/1155/1155
f 1166/1166/1166 1155/1155/1155 1161/1161/1161
f 1167/1167/1167 1161/1161/1161 1162/1162/1162
f 1168/1168/1168 1167/1167/1167 1162/1162/1162
f 1169/1169/1169 1163/1163/1163 1158/1158/1158
f 1169/1169/1169 1158/1158/1158 1164/1164/1164
f 1170/1170/1170 1164/1164/1164 1159/1159/1159
f 1170/1170/1170 1159/1159/1159 1165/1165/1165
f 1171/1171/1171 1165/1165/1165 1160/1160/1160
f 1171/1171/1171 1160/1160/1160 1166/1166/1166
f 1172/1172/1172 1166/1166/1166 1161/1161/1161
f 1172/1172/1172 1161/1161/1161 1167/1167/1167
f 1173/1173/1173 1167/1167/1167 1168/1168/1168
f 1174/1174/1174 1173/1173/1173 1168/1168/1168
f 1175/1175/1175 1169/1169/1169 1164/1164/1164
f 1175/1175/1175 1164/1164/1164 1170/1170/1170
f 1176/1176/1176 1170/1170/1170 1165/1165/1165
f 1176/1176/1176 1165/1165/1165 1171/1171/1171
f 1177/1177/1177 1171/1171/1171 1166/1166/1166
f 1177/1177/1177 1166/1166/1166 1172/1172/1172
f 1178/1178/1178 1172/1172/1172 1167/1167/1167
f 1178/1178/1178 1167/1167/1167 1173/1173/1173
f 1179/1179/1179 1173/1173/1173 1174/1174/1174
f 1180/1180/1180 1179/1179/1179 1174/1174/1174
f 1181/1181/1181 1175/1175/1175 1170/1170/1170
f 1181/1181/1181 1170/1170/1170 1176/1176/1176
f 1182/1182/1182 1176/1176/1176 1171/1171/1171
f 1182/1182/1182 1171/1171/1171 1177/1177/1177
f 1183/1183/1183 1177/1177/1177 1172/1172/1172
f 1183/1183/1183 1172/1172/1172 1178/1178/1178
f 1184/1184/1184 1178/1178/1178 1173/1173/1173
f 1184/1184/1184 1173/1173/1173 1179/1179/1179
f 1185/1185/1185 1179/1179/1179 1180/1180/1180
f 1186/1186/1186 1185/1185/1185 1180/1180/1180
f 1187/1187/1187 1181/1181/1181 1176/1176/1176
f 1187/1187/1187 1176/1176/1176 1182/1182/1182
f 1188/1188/1188 1182/1182/1182 1177/1177/1177
f 1188/1188/1188 1177/1177/1177 1183/1183/1183
f 1189/1189/1189 1183/1183/1183 1178/1178/1178
f 1189/1189/1189 1178/1178/1178 1184/1184/1184
f 1190/1190/1190 1184/1184/1184 1179/1179/1179
f 1190/1190/1190 1179/1179/1179 1185/1185/1185
f 1191/1191/1191 1185/1185/1185 1186/1186/1186
f 1192/1192/1192 1191/1191/1191 1186/1186/1186
f 1193/1193/1193 1187/1187/1187 1182/1182/1182
f 1193/1193/1193 1182/1182/1182 1188/1188/1188
f 1194/1194/1194 1188/1188/1188 1183/1183/1183
f 1194/1194/1194 1183/1183/1183 1189/1189/1189
f 1195/1195/1195 1189/1189/1189 1184/1184/1184
f 1195/1195/1195 1184/1184/1184 1190/1190/1190
f 1196/1196/1196 1190/1190/1190 1185/1185/1185
f 1196/1196/1196 1185/1185/1185 1191/1191/1191
f 1197/1197/1197 1191/1191/1191 1192/1192/1192
f 1198/1198/1198 1197/1197/1197 1192/1192/1192
f 1199/1199/1199 1193/1193/1193 1188/1188/1188
f 1199/1199/1199 1188/1188/1188 1194/1194/1194
f 1200/1200/1200 1194/1194/1194 1189/1189/1189
f 1200/1200/1200 1189/1189/1189 1195/1195/1195
f 1201/1201/1201 1195/1195/1195 1190/1190/1190
f 1201/1201/1201 1190/1190/1190 1196/1196/1196
f 1202/1202/1202 1196/1196/1196 1191/1191/1191
f 1202/1202/1202 1191/1191/1191 1197/1197/1197
f 1203/1203/1203 1197/1197/1197 1198/1198/1198
f 1204/1204/1204 1203/1203/1203 1198/1198/1198
f 1205/1205/1205 1199/1199/1199 1194/1194/1194
f 1205/1205/1205 1194/1194/1194 1200/1200/1200
f 1206/1206/1206 1200/1200/1200 1195/1195/1195
f 1206/1206/1206 1195/1195/1195 1201/1201/1201
f 1207/1207/1207 1201/1201/1201 1196/1196/1196
f 1207/1207/1207 1196/1196/1196 1202/1202/1202
f 1208/1208/1208 1202/1202/1202 1197/1197/1197
f 1208/1208/1208 1197/1197/1197 1203/1203/1203
f 1209/1209/1209 1203/1203/1203 1204/1204/1204
f 1210/1210/1210 1209/1209/1209 1204/1204/1204
f 1211/1211/1211 1205/1205/1205 1200/1200/1200
f 1211/1211/1211 1200/1200/1200 1206/1206/1206
f 1212/1212/1212 1206/1206/1206 1201/1201/1201
f 1212/1212/1212 1201/1201/1201 1207/1207/1207
f 1213/1213/1213 1207/1207/1207 1202/1202/1202
f 1213/1213/1213 1202/1202/1202 1208/1208/1208
f 1214/1214/1214 1208/1208/1208 1203/1203/1203
f 1214/1214/1214 1203/1203/1203 1209/1209/1209
f 1215/1215/1215 1209/1209/1209 1210/1210/1210
f 1216/1216/1216 1215/1215/1215 1210/1210/1210
f 1217/1217/1217 1211/1211/1211 1206/1206/1206
f 1217/1217/1217 1206/1206/1206 1212/1212/1212
f 1218/1218/1218 1212/1212/1212 1207/1207/1207
f 1218/1218/1218 1207/1207/1207 1213/1213/1213
f 1219/1219/1219 1213/1213/1213 1208/1208/1208
f 1219/1219/1219 1208/1208/1208 1214/1214/1214
f 1220/1220/1220 1214/1214/1214 1209/1209/1209
f 1220/1220/1220 1209/1209/1209 1215/1215/1215
f 1221/1221/1221 1215/1215/1215 1216/1216/1216
f 1222/1222/1222 1221/1221/1221 1216/1216/1216
f 1223/1223/1223 1217/1217/1217 1212/1212/1212
f 1223/1223/1223 1212/1212/1212 1218/1218/1218
f 1224/1224/1224 1218/1218/1218 1213/1213/1213
f 1224/1224/1224 1213/1213/1213 1219/1219/1219
f 1225/1225/1225 1219/1219/1219 1214/1214/1214
f 1225/1225/1225 1214/1214/1214 1220/1220/1220
f 1226/1226/1226 1220/1220/1220 1215/1215/1215
f 1226/1226/1226 1215/1215/1215 1221/1221/1221
f 1227/1227/1227 1221/1221/1221 1222/1222/1222
f 1228/1228/1228 1227/1227/1227 1222/1222/1222
f 1229/1229/1229 1223/1223/1223 1218/1218/1218
f 1229/1229/1229 1218/1218/1218 1224/1224/1224
f 1230/1230/1230 1224/1224/1224 1219/1219/1219
f 1230/1230/1230 1219/1219/1219 1225/1225/1225
f 1231/1231/1231 1225/1225/1225 1220/1220/1220
f 1231/1231/1231 1220/1220/1220 1226/1226/1226
f 1232/1232/1232 1226/1226/1226 1221/1221/1221
f 1232/1232/1232 1221/1221/1221 1227/1227/1227
f 1233/1233/1233 1227/1227/1227 1228/1228/1228
f 1234/1234/1234 1233/1233/1233 1228/1228/1228
f 1235/1235/1235 1229/1229/1229 1224/1224/1224
f 1235/1235/1235 1224/1224/1224 1230/1230/1230
f 1236/1236/1236 1230/1230/1230 1225/1225/1225
f 1236/1236/1236 1225/1225/1225 1231/1231/1231
f 1237/1237/1237 1231/1231/1231 1226/1226/1226
f 1237/1237/1237 1226/1226/1226 1232/1232/1232
f 1238/1238/1238 1232/1232/1232 1227/1227/1227
f 1238/1238/1238 1227/1227/1227 1233/1233/1233
f 1239/1239/1239 1233/1233/1233 1234/1234/1234
f 1240/1240/1240 1239/1239/1239 1234/1234/1234
f 1241/1241/1241 1235/1235/1235 1230/1230/1230
f 1241/1241/1241 1230/1230/1230 1236/1236/1236
f 1242/1242/1242 1236/1236/1236 1231/1231/1231
f 1242/1242/1242 1231/1231/1231 1237/1237/1237
f 1243/1243/1243 1237/1237/1237 1232/1232/1232
f 1243/1243/1243 1232/1232/1232 1238/1238/1238
f 1244/1244/1244 1238/1238/1238 1233/1233/1233
f 1244/1244/1244 1233/1233/1233 1239/1239/1239
f 1245/1245/1245 1239/1239/1239 1240/1240/1240
f 1246/1246/1246 1245/1245/1245 1240/1240/1240
f 1247/1247/1247 1241/1241/1241 1236/1236/1236
f 1247/1247/1247 1236/1236/1236 1242/1242/1242
f 1248/1248/1248 1242/1242/1242 1237/1237/1237
f 1248/1248/1248 1237/1237/1237 1243/1243/1243
f 1249/1249/1249 1243/1243/1243 1238/1238/1238
f 1249/1249/1249 1238/1238/1238 1244/1244/1244
f 1250/1250/1250 1244/1244/1244 1239/1239/1239
f 1250/1250/1250 1239/1239/1239 1245/1245/1245
f 1251/1251/1251 1245/1245/1245 1246/1246/1246
f 1252/1252/1252 1251/1251/1251 1246/1246/1246
f 1253/1253/1253 1247/1247/1247 1242/1242/1242
f 1253/1253/1253 1242/1242/1242 1248/1248/1248
f 1254/1254/1254 1248/1248/1248 1243/1243/1243
f 1254/1254/1254 1243/1243/1243 1249/1249/1249
f 1255/1255/1255 1249/1249/1249 1244/1244/1244
f 1255/1255/1255 1244/1244/1244 1250/1250/1250
f 1256/1256/1256 1250/1250/1250 1245/1245/1245
f 1256/1256/1256 1245/1245/1245 1251/1251/1251
f 1257/1257/1257 1251/1251/1251 1252/1252/1252
f 1258/1258/1258 1257/1257/1257 1252/1252/1252
f 1259/1259/1259 1253/1253/1253 1248/1248/1248
f 1259/1259/1259 1248/1248/1248 1254/1254/1254
f 1260/1260/1260 1254/1254/1254 1249/1249/1249
f 1260/1260/1260 1249/1249/1249 1255/1255/1255
f 1261/1261/1261 1255/1255/1255 1250/1250/1250
f 1261/1261/1261 1250/1250/1250 1256/1256/1256
f 1262/1262/1262 1256/1256/1256 1251/1251/1251
f 1262/1262/1262 1251/1251/1251 1257/1257/1257
f 1263/1263/1263 1257/1257/1257 1258/1258/1258
f 1264/1264/1264 1263/1263/1263 1258/1258/1258
f 1265/1265/1265 1259/1259/1259 1254/1254/1254
f 1265/1265/1265 1254/1254/1254 1260/1260/1260
f 1266/1266/1266 1260/1260/1260 1255/1255/1255
f 1266/1266/1266 1255/1255/1255 1261/1261/1261
f 1267/1267/1267 1261/1261/1261 1256/1256/1256
f 1267/1267/1267 1256/1256/1256 1262/1262/1262
f 1268/1268/1268 1262/1262/1262 1257/1257/1257
f 1268/1268/1268 1257/1257/1257 1263/1263/1263
f 1269/1269/1269 1263/1263/1263 1264/1264/1264
f 1270/1270/1270 1269/1269/1269 1264/1264/1264
f 1271/1271/1271 1265/1265/1265 1260/1260/1260
f 1271/1271/1271 1260/1260/1260 1266/1266/1266
f 1272/1272/1272 1266/1266/1266 1261/1261/1261
f 1272/1272/1272 1261/1261/1261 1267/1267/1267
f 1273/1273/1273 1267/1267/1267 1262/1262/1262
f 1273/1273/1273 1262/1262/1262 1268/1268/1268
f 1274/1274/1274 1268/1268/1268 1263/1263/1263
f 1274/1274/1274 1263/1263/1263 1269/1269/1269
f 1275/1275/1275 1269/1269/1269 1270/1270/1270
f 1276/1276/1276 1275/1275/1275 1270/1270/1270
f 1277/1277/1277 1271/1271/1271 1266/1266/1266
f 1277/1277/1277 1266/1266/1266 1272/1272/1272
f 1278/1278/1278 1272/1272/1272 1267/1267/1267
f 1278/1278/1278 1267/1267/1267 1273/1273/1273
f 1279/1279/1279 1273/1273/1273 1268/1268/1268
f 1279/1279/1279 1268/1268/1268 1274/1274/1274
f 1280/1280/1280 1274/1274/1274 1269/1269/1269
f 1280/1280/1280 1269/1269/1269 1275/1275/1275
f 1281/1281/1281 1275/1275/1275 1276/1276/1276
f 1282/1282/1282 1281/1281/1281 1276/1276/1276
f 1283/1283/1283 1277/1277/1277 1272/1272/1272
f 1283/1283/1283 1272/1272/1272 1278/1278/1278
f 1284/1284/1284 1278/1278/1278 1273/1273/1273
f 1284/1284/1284 1273/1273/1273 1279/1279/1279
f 1285/1285/1285 1279/1279/1279 1274/1274/1274
f 1285/1285/1285 1274/1274/1274 1280/1280/1280
f 1286/1286/1286 1280/1280/1280 1275/1275/1275
f 1286/1286/1286 1275/1275/1275 1281/1281/1281
f 1287/1287/1287 1281/1281/1281 1282/1282/1282
f 1288/1288/1288 1287/1287/1287 1282/1282/1282
f 1289/1289/1289 1283/1283/1283 1278/1278/1278
f 1289/1289/1289 1278/1278/1278 1284/1284/1284
f 1290/1290/1290 1284/1284/1284 1279/1279/1279
f 1290/1290/1290 1279/1279/1279 1285/1285/1285
f 1291/1291/1291 1285/1285/1285 1280/1280/1280
f 1291/1291/1291 1280/1280/1280 1286/1286/1286
f 1292/1292/1292 1286/1286/1286 1281/1281/1281
f 1292/1292/1292 1281/1281/1281 1287/1287/1287
f 1293/1293/1293 1287/1287/1287 1288/1288/1288
f 1294/1294/1294 1293/1293/1293 1288/1288/1288
f 1295/1295/1295 1289/1289/1289 1284/1284/1284
f 1295/1295/1295 1284/1284/1284 1290/1290/1290
f 1296/1296/1296 1290/1290/1290 1285/1285/1285
f 1296/1296/1296 1285/1285/1285 1291/1291/1291
f 1297/1297/1297 1291/1291/1291 1286/1286/1286
f 1297/1297/1297 1286/1286/1286 1292/1292/1292
f 1298/1298/1298 1292/1292/1292 1287/1287/1287
f 1298/1298/1298 1287/1287/1287 1293/1293/1293
f 1299/1299/1299 1293/1293/1293 1294/1294/1294
f 1300/1300/1300 1299/1299/1299 1294/1294/1294
f 1301/1301/1301 1295/1295/1295 1290/1290/1290
f 1301/1301/1301 1290/1290/1290 1296/1296/1296
f 1302/1302/1302 1296/1296/1296 1291/1291/1291
f 1302/1302/1302 1291/1291/1291 1297/1297/1297
f 1303/1303/1303 1297/1297/1297 1292/1292/1292
f 1303/1303/1303 1292/1292/1292 1298/1298/1298
f 1304/1304/1304 1298/1298/1298 1293/1293/1293
f 1304/1304/1304 1293/1293/1293 1299/1299/1299
f 1305/1305/1305 1299/1299/1299 1300/1300/1300
f 1306/1306/1306 1305/1305/1305 1300/1300/1300
f 1307/1307/1307 1301/1301/1301 1296/1296/1296
f 1307/1307/1307 1296/1296/1296 1302/1302/1302
f 1308/1308/1308 1302/1302/1302 1297/1297/1297
f 1308/1308/1308 1297/1297/1297 1303/1303/1303
f 1309/1309/1309 1303/1303/1303 1298/1298/1298
f 1309/1309/1309 1298/1298/1298 1304/1304/1304
f 1310/1310/1310 1304/1304/1304 1299/1299/1299
f 1310/1310/1310 1299/1299/1299 1305/1305/1305
f 1311/1311/1311 1305/1305/1305 1306/1306/1306
f 1312/1312/1312 1311/1311/1311 1306/1306/1306
f 1313/1313/1313 1307/1307/1307 1302/1302/1302
f 1313/1313/1313 1302/1302/1302 1308/1308/1308
f 1314/1314/1314 1308/1308/1308 1303/1303/1303
f 1314/1314/1314 1303/1303/1303 1309/1309/1309
f 1315/1315/1315 1309/1309/1309 1304/1304/1304
f 1315/1315/1315 1304/1304/1304 1310/1310/1310
f 1316/1316/1316 1310/1310/1310 1305/1305/1305
f 1316/1316/1316 1305/1305/1305 1311/1311/1311
f 1317/1317/1317 1311/1311/1311 1312/1312/1312
f 1318/1318/1318 1317/1317/1317 1312/1312/1312
f 1319/1319/1319 1313/1313/1313 1308/1308/1308
f 1319/1319/1319 1308/1308/1308 1314/1314/1314
f 1320/1320/1320 1314/1314/1314 1309/1309/1309
f 1320/1320/1320 1309/1309/1309 1315/1315/1315
f 1321/1321/1321 1315/1315/1315 1310/1310/1310
f 1321/1321/1321 1310/1310/1310 1316/1316/1316
f 1322/1322/1322 1316/1316/1316 1311/1311/1311
f 1322/1322/1322 1311/1311/1311 1317/1317/1317
f 1323/1323/1323 1317/1317/1317 1318/1318/1318
f 1324/1324/1324 1323/1323/1323 1318/1318/1318
f 1325/1325/1325 1319/1319/1319 1314/1314/1314
f 1325/1325/1325 1314/1314/1314 1320/1320/1320
f 1326/1326/1326 1320/1320/1320 1315/1315/1315
f 1326/1326/1326 1315/1315/1315 1321/1321/1321
f 1327/1327/1327 1321/1321/1321 1316/1316/1316
f 1327/1327/1327 1316/1316/1316 1322/1322/1322
f 1328/1328/1328 1322/1322/1322 1317/1317/1317
f 1328/1328/1328 1317/1317/1317 1323/1323/1323
f 1329/1329/1329 1323/1323/1323 1324/1324/1324
f 1330/1330/1330 1329/1329/1329 1324/1324/1324
f 1331/1331/1331 1325/1325/1325 1320/1320/1320
f 1331/1331/1331 1320/1320/1320 1326/1326/1326
f 1332/1332/1332 1326/1326/1326 1321/1321/1321
f 1332/1332/1332 1321/1321/1321 1327/1327/1327
f 1333/1333/1333 1327/1327/1327 1322/1322/1322
f 1333/1333/1333 1322/1322/1322 1328/1328/1328
f 1334/1334/1334 1328/1328/1328 1323/1323/1323
f 1334/1334/1334 1323/1323/1323 1329/1329/1329
f 1335/1335/1335 1329/1329/1329 1330/1330/1330
f 1336/1336/1336 1335/1335/1335 1330/1330/1330
f 1337/1337/1337 1331/1331/1331 1326/1326/1326
f 1337/1337/1337 1326/1326/1326 1332/1332/1332
f 1338/1338/1338 1332/1332/1332 1327/1327/1327
f 1338/1338/1338 1327/1327/1327 1333/1333/1333
f 1339/1339/1339 1333/1333/1333 1328/1328/1328
f 1339/1339/1339 1328/1328/1328 1334/1334/1334
f 1340/1340/1340 1334/1334/1334 1329/1329/1329
f 1340/1340/1340 1329/1329/1329 1335/1335/1335
f 1341/1341/1341 1335/1335/1335 1336/1336/1336
f 1342/1342/1342 1341/1341/1341 1336/1336/1336
f 1343/1343/1343 1337/1337/1337 1332/1332/1332
f 1343/1343/1343 1332/1332/1332 1338/1338/1338
f 1344/1344/1344 1338/1338/1338 1333/1333/1333
f 1344/1344/1344 1333/1333/1333 1339/1339/1339
f 1345/1345/1345 1339/1339/1339 1334/1334/1334
f 1345/1345/1345 1334/1334/1334 1340/1340/1340
f 1346/1346/1346 1340/1340/1340 1335/1335/1335
f 1346/1346/1346 1335/1335/1335 1341/1341/1341
f 1347/1347/1347 1341/1341/1341 1342/1342/1342
f 1348/1348/1348 1347/1347/1347 1342/1342/1342
f 1349/1349/1349 1343/1343/1343 1338/1338/1338
f 1349/1349/1349 1338/1338/1338 1344/1344/1344
f 1350/1350/1350 1344/1344/1344 1339/1339/1339
f 1350/1350/1350 1339/1339/1339 1345/1345/1345
f 1351/1351/1351 1345/1345/1345 1340/1340/1340
f 1351/1351/1351 1340/1340/1340 1346/1346/1346
f 1352/1352/1352 1346/1346/1346 1341/1341/1341
f 1352/1352/1352 1341/1341/1341 1347/1347/1347
f 1353/1353/1353 1347/1347/1347 1348/1348/1348
f 1354/1354/1354 1353/1353/1353 1348/1348/1348
f 1355/1355/1355 1349/1349/1349 1344/1344/1344
f 1355/1355/1355 1344/1344/1344 1350/1350/1350
f 1356/1356/1356 1350/1350/1350 1345/1345/1345
f 1356/1356/1356 1345/1345/1345 1351/1351/1351
f 1357/1357/1357 1351/1351/1351 1346/1346/1346
f 1357/1357/1357 1346/1346/1346 1352/1352/1352
f 1358/1358/1358 1352/1352/1352 1347/1347/1347
f 1358/1358/1358 1347/1347/1347 1353/1353/1353
f 1359/1359/1359 1353/1353/1353 1354/1354/1354
f 1360/1360/1360 1359/1359/1359 1354/1354/1354
f 1361/1361/1361 1355/1355/1355 1350/1350/1350
f 1361/1361/1361 1350/1350/1350 1356/1356/1356
f 1362/1362/1362 1356/1356/1356 1351/1351/1351
f 1362/1362/1362 1351/1351/1351 1357/1357/1357
f 1363/1363/1363 1357/1357/1357 1352/1352/1352
f 1363/1363/1363 1352/1352/1352 1358/1358/1358
f 1364/1364/1364 1358/1358/1358 1353/1353/1353
f 1364/1364/1364 1353/1353/1353 1359/1359/1359
f 1365/1365/1365 1359/1359/1359 1360/1360/1360
f 1366/1366/1366 1365/1365/1365 1360/1360/1360
f 1367/1367/1367 1361/1361/1361 1356/1356/1356
f 1367/1367/1367 1356/1356/1356 1362/1362/1362
f 1368/1368/1368 1362/1362/1362 1357/1357/1357
f 1368/1368/1368 1357/1357/1357 1363/1363/1363
f 1369/1369/1369 1363/1363/1363 1358/1358/1358
f 1369/1369/1369 1358/1358/1358 1364/1364/1364
f 1370/1370/1370 1364/1364/1364 1359/1359/1359
f 1370/1370/1370 1359/1359/1359 1365/1365/1365
f 1371/1371/1371 1365/1365/1365 1366/1366/1366
f 1372/1372/1372 1371/1371/1371 1366/1366/1366
f 1373/1373/1373 1367/1367/1367 1362/1362/1362
f 1373/1373/1373 1362/1362/1362 1368/1368/1368
f 1374/1374/1374 1368/1368/1368 1363/1363/1363
f 1374/1374/1374 1363/1363/1363 1369/1369/1369
f 1375/1375/1375 1369/1369/1369 1364/1364/1364
f 1375/1375/1375 1364/1364/1364 1370/1370/1370
f 1376/1376/1376 1370/1370/1370 1365/1365/1365
f 1376/1376/1376 1365/1365/1365 1371/1371/1371
f 1377/1377/1377 1371/1371/1371 1372/1372/1372
f 1378/1378/1378 1377/1377/1377 1372/1372/1372
f 1379/1379/1379 1373/1373/1373 1368/1368/1368
f 1379/1379/1379 1368/1368/1368 1374/1374/1374
f 1380/1380/1380 1374/1374/1374 1369/1369/1369
f 1380/1380/1380 1369/1369/1369 1375/1375/1375
f 1381/1381/1381 1375/1375/1375 1370/1370/1370
f 1381/1381/1381 1370/1370/1370 1376/1376/1376
f 1382/1382/1382 1376/1376/1376 1371/1371/1371
f 1382/1382/1382 1371/1371/1371 1377/1377/1377
f 1383/1383/1383 1377/1377/1377 1378/1378/1378
f 1384/1384/1384 1383/1383/1383 1378/1378/1378
f 1385/1385/1385 1379/1379/1379 1374/1374/1374
f 1385/1385/1385 1374/1374/1374 1380/1380/1380
f 1386/1386/1386 1380/1380/1380 1375/1375/1375
f 1386/1386/1386 1375/1375/1375 1381/1381/1381
f 1387/1387/1387 1381/1381/1381 1376/1376/1376
f 1387/1387/1387 1376/1376/1376 1382/1382/1382
f 1388/1388/1388 1382/1382/1382 1377/1377/1377
f 1388/1388/1388 1377/1377/1377 1383/1383/1383
f 1389/1389/1389 1383/1383/1383 1384/1384/1384
f 1390/1390/1390 1389/1389/1389 1384/1384/1384
f 1391/1391/1391 1385/1385/1385 1380/1380/1380
f 1391/1391/1391 1380/1380/1380 1386/1386/1386
f 1392/1392/1392 1386/1386/1386 1381/1381/1381
f 1392/1392/1392 1381/1381/1381 1387/1387/1387
f 1393/1393/1393 1387/1387/1387 1382/1382/1382
f 1393/1393/1393 1382/1382/1382 1388/1388/1388
f 1394/1394/1394 1388/1388/1388 1383/1383/1383
f 1394/1394/1394 1383/1383/1383 1389/1389/1389
f 1395/1395/1395 1389/1389/1389 1390/1390/1390
f 1396/1396/1396 1395/1395/1395 1390/1390/1390
f 1397/1397/1397 1391/1391/1391 1386/1386/1386
f 1397/1397/1397 1386/1386/1386 1392/1392/1392
f 1398/1398/1398 1392/1392/1392 1387/1387/1387
f 1398/1398/1398 1387/1387/1387 1393/1393/1393
f 1399/1399/1399 1393/1393/1393 1388/1388/1388
f 1399/1399/1399 1388/1388/1388 1394/1394/1394
f 1400/1400/1400 1394/1394/1394 1389/1389/1389
f 1400/1400/1400 1389/1389/1389 1395/1395/1395
f 1401/1401/1401 1395/1395/1395 1396/1396/1396
f 1402/1402/1402 1401/1401/1401 1396/1396/1396
f 1403/1403/1403 1397/1397/1397 1392/1392/1392
f 1403/1403/1403 1392/1392/1392 1398/1398/1398
f 1404/1404/1404 1398/1398/1398 1393/1393/1393
f 1404/1404/1404 1393/1393/1393 1399/1399/1399
f 1405/1405/1405 1399/1399/1399 1394/1394/1394
f 1405/1405/1405 1394/1394/1394 1400/1400/1400
f 1406/1406/1406 1400/1400/1400 1395/1395/1395
f 1406/1406/1406 1395/1395/1395 1401/1401/1401
f 1407/1407/1407 1401/1401/1401 1402/1402/1402
f 1408/1408/1408 1407/1407/1407 1402/1402/1402
f 1409/1409/1409 1403/1403/1403 1398/1398/1398
f 1409/1409/1409 1398/1398/1398 1404/1404/1404
f 1410/1410/1410 1404/1404/1404 1399/1399/1399
f 1410/1410/1410 1399/1399/1399 1405/1405/1405
f 1411/1411/1411 1405/1405/1405 1400/1400/1400
f 1411/1411/1411 1400/1400/1400 1406/1406/1406
f 1412/1412/1412 1406/1406/1406 1401/1401/1401
f 1412/1412/1412 1401/1401/1401 1407/1407/1407
f 1413/1413/1413 1407/1407/1407 1408/1408/1408
f 1414/1414/1414 1413/1413/1413 1408/1408/1408
f 1415/1415/1415 1409/1409/1409 1404/1404/1404
f 1415/1415/1415 1404/1404/1404 1410/1410/1410
f 1416/1416/1416 1410/1410/1410 1405/1405/1405
f 1416/1416/1416 1405/1405/1405 1411/1411/1411
f 1417/1417/1417 1411/1411/1411 1406/1406/1406
f 1417/1417/1417 1406/1406/1406 1412/1412/1412
f 1418/1418/1418 1412/1412/1412 1407/1407/1407
f 1418/1418/1418 1407/1407/1407 1413/1413/1413
f 1419/1419/1419 1413/1413/1413 1414/1414/1414
f 1420/1420/1420 1419/1419/1419 1414/1414/1414
f 1421/1421/1421 1415/1415/1415 1410/1410/1410
f 1421/1421/1421 1410/1410/1410 1416/1416/1416
f 1422/1422/1422 1416/1416/1416 1411/1411/1411
f 1422/1422/1422 1411/1411/1411 1417/1417/1417
f 1423/1423/1423 1417/1417/1417 1412/1412/1412
f 1423/1423/1423 1412/1412/1412 1418/1418/1418
f 1424/1424/1424 1418/1418/1418 1413/1413/1413
f 1424/1424/1424 1413/1413/1413 1419/1419/1419
f 1425/1425/1425 1419/1419/1419 1420/1420/1420
f 1426/1426/1426 1425/1425/1425 1420/1420/1420
f 1427/1427/1427 1421/1421/1421 1416/1416/1416
f 1427/1427/1427 1416/1416/1416 1422/1422/1422
f 1428/1428/1428 1422/1422/1422 1417/1417/1417
f 1428/1428/1428 1417/1417/1417 1423/1423/1423
f 1429/1429/1429 1423/1423/1423 1418/1418/1418
f 1429/1429/1429 1418/1418/1418 1424/1424/1424
f 1430/1430/1430 1424/1424/1424 1419/1419/1419
f 1430/1430/1430 1419/1419/1419 1425/1425/1425
f 1431/1431/1431 1425/1425/1425 1426/1426/1426
f 1432/1432/1432 1431/1431/1431 1426/1426/1426
f 1433/1433/1433 1427/1427/1427 1422/1422/1422
f 1433/1433/1433 1422/1422/1422 1428/1428/1428
f 1434/1434/1434 1428/1428/1428 1423/1423/1423
f 1434/1434/1434 1423/1423/1423 1429/1429/1429
f 1435/1435/1435 1429/1429/1429 1424/1424/1424
f 1435/1435/1435 1424/1424/1424 1430/1430/1430
f 1436/1436/1436 1430/1430/1430 1425/1425/1425
f 1436/1436/1436 1425/1425/1425 1431/1431/1431
f 1437/1437/1437 1431/1431/1431 1432/1432/1432
f 1438/1438/1438 1437/1437/1437 1432/1432/1432
f 1439/1439/1439 1433/1433/1433 1428/1428/1428
f 1439/1439/1439 1428/1428/1428 1434/1434/1434
f 1440/1440/1440 1434/1434/1434 1429/1429/1429
f 1440/1440/1440 1429/1429/1429 1435/1435/1435
f 1441/1441/1441 1435/1435/1435 1430/1430/1430
f 1441/1441/1441 1430/1430/1430 1436/1436/1436
f 1442/1442/1442 1436/1436/1436 1431/1431/1431
f 1442/1442/1442 1431/1431/1431 1437/1437/1437
f 1443/1443/1443 1437/1437/1437 1438/1438/1438
f 1444/1444/1444 1443/1443/1443 1438/1438/1438
f 1445/1445/1445 1439/1439/1439 1434/1434/1434
f 1445/1445/1445 1434/1434/1434 1440/1440/1440
f 1446/1446/1446 1440/1440/1440 1435/1435/1435
f 1446/1446/1446 1435/1435/1435 1441/1441/1441
f 1447/1447/1447 1441/1441/1441 1436/1436/1436
f 1447/1447/1447 1436/1436/1436 1442/1442/1442
f 1448/1448/1448 1442/1442/1442 1437/1437/1437
f 1448/1448/1448 1437/1437/1437 1443/1443/1443
f 1449/1449/1449 1443/1443/1443 1444/1444/1444
f 1450/1450/1450 1449/1449/1449 1444/1444/1444
f 1451/1451/1451 1445/1445/1445 1440/1440/1440
f 1451/1451/1451 1440/1440/1440 1446/1446/1446
f 1452/1452/1452 1446/1446/1446 1441/1441/1441
f 1452/1452/1452 1441/1441/1441 1447/1447/1447
f 1453/1453/1453 1447/1447/1447 1442/1442/1442
f 1453/1453/1453 1442/1442/1442 1448/1448/1448
f 1454/1454/1454 1448/1448/1448 1443/1443/1443
f 1454/1454/1454 1443/1443/1443 1449/1449/1449
f 1455/1455/1455 1449/1449/1449 1450/1450/1450
f 1456/1456/1456 1455/1455/1455 1450/1450/1450
f 1457/1457/1457 1451/1451/1451 1446/1446/1446
f 1457/1457/1457 1446/1446/1446 1452/1452/1452
f 1458/1458/1458 1452/1452/1452 1447/1447/1447
f 1458/1458/1458 1447/1447/1447 1453/1453/1453
f 1459/1459/1459 1453/1453/1453 1448/1448/1448
f 1459/1459/1459 1448/1448/1448 1454/1454/1454
f 1460/1460/1460 1454/1454/1454 1449/1449/1449
f 1460/1460/1460 1449/1449/1449 1455/1455/1455
f 1461/1461/1461 1455/1455/1455 1456/1456/1456
f 1462/1462/1462 1461/1461/1461 1456/1456/1456
f 1463/1463/1463 1457/1457/1457 1452/1452/1452
f 1463/1463/1463 1452/1452/1452 1458/1458/1458
f 1464/1464/1464 1458/1458/1458 1453/1453/1453
f 1464/1464/1464 1453/1453/1453 1459/1459/1459
f 1465/1465/1465 1459/1459/1459 1454/1454/1454
f 1465/1465/1465 1454/1454/1454 1460/1460/1460
f 1466/1466/1466 1460/1460/1460 1455/1455/1455
f 1466/1466/1466 1455/1455/1455 1461/1461/1461
f 1467/1467/1467 1461/1461/1461 1462/1462/1462
f 1468/1468/1468 1467/1467/1467 1462/1462/1462
f 1469/1469/1469 1463/1463/1463 1458/1458/1458
f 1469/1469/1469 1458/1458/1458 1464/1464/1464
f 1470/1470/1470 1464/1464/1464 1459/1459/1459
f 1470/1470/1470 1459/1459/1459 1465/1465/1465
f 1471/1471/1471 1465/1465/1465 1460/1460/1460
f 1471/1471/1471 1460/1460/1460 1466/1466/1466
f 1472/1472/1472 1466/1466/1466 1461/1461/1461
f 1472/1472/1472 1461/1461/1461 1467/1467/1467
f 1473/1473/1473 1467/1467/1467 1468/1468/1468
f 1474/1474/1474 1473/1473/1473 1468/1468/1468
f 1475/1475/1475 1469/1469/1469 1464/1464/1464
f 1475/1475/1475 1464/1464/1464 1470/1470/1470
f 1476/1476/1476 1470/1470/1470 1465/1465/1465
f 1476/1476/1476 1465/1465/1465 1471/1471/1471
f 1477/1477/1477 1471/1471/1471 1466/1466/1466
f 1477/1477/1477 1466/1466/1466 1472/1472/1472
f 1478/1478/1478 1472/1472/1472 1467/1467/1467
f 1478/1478/1478 1467/1467/1467 1473/1473/1473
f 1479/1479/1479 1473/1473/1473 1474/1474/1474
f 1480/1480/1480 1479/1479/1479 1474/1474/1474
f 1481/1481/1481 1475/1475/1475 1470/1470/1470
f 1481/1481/1481 1470/1470/1470 1476/1476/1476
f 1482/1482/1482 1476/1476/1476 1471/1471/1471
f 1482/1482/1482 1471/1471/1471 1477/1477/1477
f 1483/1483/1483 1477/1477/1477 1472/1472/1472
f 1483/1483/1483 1472/1472/1472 1478/1478/1478
f 1484/1484/1484 1478/1478/1478 1473/1473/1473
f 1484/1484/1484 1473/1473/1473 1479/1479/1479
f 1485/1485/1485 1479/1479/1479 1480/1480/1480
f 1486/1486/1486 1485/1485/1485 1480/1480/1480
f 1487/1487/1487 1481/1481/1481 1476/1476/1476
f 1487/1487/1487 1476/1476/1476 1482/1482/1482
f 1488/1488/1488 1482/1482/1482 1477/1477/1477
f 1488/1488/1488 1477/1477/1477 1483/1483/1483
f 1489/1489/1489 1483/1483/1483 1478/1478/1478
f 1489/1489/1489 1478/1478/1478 1484/1484/1484
f 1490/1490/1490 1484/1484/1484 1479/1479/1479
f 1490/1490/1490 1479/1479/1479 1485/1485/1485
f 1491/1491/1491 1485/1485/1485 1486/1486/1486
f 1492/1492/1492 1491/1491/1491 1486/1486/1486
f 1493/1493/1493 1487/1487/1487 1482/1482/1482
f 1493/1493/1493 1482/1482/1482 1488/1488/1488
f 1494/1494/1494 1488/1488/1488 1483/1483/1483
f 1494/1494/1494 1483/1483/1483 1489/1489/1489
f 1495/1495/1495 1489/1489/1489 1484/1484/1484
f 1495/1495/1495 1484/1484/1484 1490/1490/1490
f 1496/1496/1496 1490/1490/1490 1485/1485/1485
f 1496/1496/1496 1485/1485/1485 1491/1491/1491
f 1497/1497/1497 1491/1491/1491 1492/1492/1492
f 1498/1498/1498 1497/1497/1497 1492/1492/1492
f 1499/1499/1499 1493/1493/1493 1488/1488/1488
f 1499/1499/1499 1488/1488/1488 1494/1494/1494
f 1500/1500/1500 1494/1494/1494 1489/1489/1489
f 1500/1500/1500 1489/1489/1489 1495/1495/1495
f 1501/1501/1501 1495/1495/1495 1490/1490/1490
f 1501/1501/1501 1490/1490/1490 1496/1496/1496
f 1502/1502/1502 1496/1496/1496 1491/1491/1491
f 1502/1502/1502 1491/1491/1491 1497/1497/1497
f 1503/1503/1503 1497/1497/1497 1498/1498/1498
f 1504/1504/1504 1503/1503/1503 1498/1498/1498
f 1505/1505/1505 1499/1499/1499 1494/1494/1494
f 1505/1505/1505 1494/1494/1494 1500/1500/1500
f 1506/1506/1506 1500/1500/1500 1495/1495/1495
f 1506/1506/1506 1495/1495/1495 1501/1501/1501
f 1507/1507/1507 1501/1501/1501 1496/1496/1496
f 1507/1507/1507 1496/1496/1496 1502/1502/1502
f 1508/1508/1508 1502/1502/1502 1497/1497/1497
f 1508/1508/1508 1497/1497/1497 1503/1503/1503
f 1509/1509/1509 1503/1503/1503 1504/1504/1504
f 1510/1510/1510 1509/1509/1509 1504/1504/1504
f 1511/1511/1511 1505/1505/1505 1500/1500/1500
f 1511/1511/1511 1500/1500/1500 1506/1506/1506
f 1512/1512/1512 1506/1506/1506 1501/1501/1501
f 1512/1512/1512 1501/1501/1501 1507/1507/1507
f 1513/1513/1513 1507/1507/1507 1502/1502/1502
f 1513/1513/1513 1502/1502/1502 1508/1508/1508
f 1514/1514/1514 1508/1508/1508 1503/1503/1503
f 1514/1514/1514 1503/1503/1503 1509/1509/1509
f 1515/1515/1515 1509/1509/1509 1510/1510/1510
f 1516/1516/1516 1515/1515/1515 1510/1510/1510
f 1517/1517/1517 1511/1511/1511 1506/1506/1506
f 1517/1517/1517 1506/1506/1506 1512/1512/1512
f 1518/1518/1518 1512/1512/1512 1507/1507/1507
f 1518/1518/1518 1507/1507/1507 1513/1513/1513
f 1519/1519/1519 1513/1513/1513 1508/1508/1508
f 1519/1519/1519 1508/1508/1508 1514/1514/1514
f 1520/1520/1520 1514/1514/1514 1509/1509/1509
f 1520/1520/1520 1509/1509/1509 1515/1515/1515
f 1521/1521/1521 1515/1515/1515 1516/1516/1516
f 1522/1522/1522 1521/1521/1521 1516/1516/1516
f 1523/1523/1523 1517/1517/1517 1512/1512/1512
f 1523/1523/1523 1512/1512/1512 1518/1518/1518
f 1524/1524/1524 1518/1518/1518 1513/1513/1513
f 1524/1524/1524 1513/1513/1513 1519/1519/1519
f 1525/1525/1525 1519/1519/1519 1514/1514/1514
f 1525/1525/1525 1514/1514/1514 1520/1520/1520
f 1526/1526/1526 1520/1520/1520 1515/1515/1515
f 1526/1526/1526 1515/1515/1515 1521/1521/1521
f 1527/1527/1527 1521/1521/1521 1522/1522/1522
f 1528/1528/1528 1527/1527/1527 1522/1522/1522
f 1529/1529/1529 1527/1527/1527 1528/1528/1528
f 1530/1530/1530 1529/1529/1529 1528/1528/1528
f 1531/1531/1531 1529/1529/1529 1530/1530/1530
f 1532/1532/1532 1529/1529/1529 1531/1531/1531
f 1533/1533/1533 1529/1529/1529 1532/1532/1532
f 1534/1534/1534 1529/1529/1529 1533/1533/1533
f 1535/1535/1535 1529/1529/1529 1534/1534/1534
f 1536/1536/1536 1521/1521/1521 1527/1527/1527
f 1536/1536/1536 1526/1526/1526 1521/1521/1521
f 1537/1537/1537 1520/1520/1520 1526/1526/1526
f 1537/1537/1537 1525/1525/1525 1520/1520/1520
f 1538/1538/1538 1529/1529/1529 1535/1535/1535
f 1539/1539/1539 1538/1538/1538 1535/1535/1535
f 1540/1540/1540 1527/1527/1527 1529/1529/1529
f 1540/1540/1540 1536/1536/1536 1527/1527/1527
f 1541/1541/1541 1526/1526/1526 1536/1536/1536
f 1541/1541/1541 1537/1537/1537 1526/1526/1526
f 1542/1542/1542 1538/1538/1538 1539/1539/1539
f 1543/1543/1543 1542/1542/1542 1539/1539/1539
f 1544/1544/1544 1529/1529/1529 1538/1538/1538
f 1544/1544/1544 1540/1540/1540 1529/1529/1529
f 1545/1545/1545 1536/1536/1536 1540/1540/1540
f 1545/1545/1545 1541/1541/1541 1536/1536/1536
f 1546/1546/1546 1542/1542/1542 1543/1543/1543
f 1547/1547/1547 1546/1546/1546 1543/1543/1543
f 1548/1548/1548 1538/1538/1538 1542/1542/1542
f 1548/1548/1548 1544/1544/1544 1538/1538/1538
f 1549/1549/1549 1540/1540/1540 1544/1544/1544
f 1549/1549/1549 1545/1545/1545 1540/1540/1540
f 1550/1550/1550 1546/1546/1546 1547/1547/1547
f 1551/1551/1551 1550/1550/1550 1547/1547/1547
f 1552/1552/1552 1542/1542/1542 1546/1546/1546
f 1552/1552/1552 1548/1548/1548 1542/1542/1542
f 1553/1553/1553 1544/1544/1544 1548/1548/1548
f 1553/1553/1553 1549/1549/1549 1544/1544/1544
f 1554/1554/1554 1550/1550/1550 1551/1551/1551
f 1555/1555/1555 1554/1554/1554 1551/1551/1551
f 1556/1556/1556 1546/1546/1546 1550/1550/1550
f 1556/1556/1556 1552/1552/1552 1546/1546/1546
f 1557/1557/1557 1548/1548/1548 1552/1552/1552
f 1557/1557/1557 1553/1553/1553 1548/1548/1548
f 1558/1558/1558 1554/1554/1554 1555/1555/1555
f 1559/1559/1559 1558/1558/1558 1555/1555/1555
f 1560/1560/1560 1558/1558/1558 1559/1559/1559
f 1561/1561/1561 1560/1560/1560 1559/1559/1559
f 1562/1562/1562 1560/1560/1560 1561/1561/1561
f 1563/1563/1563 1560/1560/1560 1562/1562/1562
f 1564/1564/1564 1560/1560/1560 1563/1563/1563
f 1565/1565/1565 1560/1560/1560 1564/1564/1564
f 1566/1566/1566 1552/1552/1552 1556/1556/1556
f 1566/1566/1566 1557/1557/1557 1552/1552/1552
f 1567/1567/1567 1560/1560/1560 1565/1565/1565
f 1568/1568/1568 1567/1567/1567 1565/1565/1565
f 1569/1569/1569 1567/1567/1567 1568/1568/1568
f 1570/1570/1570 1569/1569/1569 1568/1568/1568
f 1571/1571/1571 1569/1569/1569 1570/1570/1570
f 1572/1572/1572 1571/1571/1571 1570/1570/1570
f 1573/1573/1573 1571/1571/1571 1572/1572/1572
f 1574/1574/1574 1573/1573/1573 1572/1572/1572
f 1575/1575/1575 1573/1573/1573 1574/1574/1574
f 1576/1576/1576 1575/1575/1575 1574/1574/1574
f 1577/1577/1577 1575/1575/1575 1576/1576/1576
f 1578/1578/1578 1577/1577/1577 1576/1576/1576
f 1579/1579/1579 1577/1577/1577 1578/1578/1578
f 1580/1580/1580 1579/1579/1579 1578/1578/1578
f 1581/1581/1581 1579/1579/1579 1580/1580/1580
f 1582/1582/1582 1581/1581/1581 1580/1580/1580
f 1583/1583/1583 1581/1581/1581 1582/1582/1582
f 1584/1584/1584 1583/1583/1583 1582/1582/1582
f 1585/1585/1585 1583/1583/1583 1584/1584/1584
f 1586/1586/1586 1585/1585/1585 1584/1584/1584
f 1587/1587/1587 1585/1585/1585 1586/1586/1586
f 1588/1588/1588 1587/1587/1587 1586/1586/1586
f 1589/1589/1589 1587/1587/1587 1588/1588/1588
f 1590/1590/1590 1589/1589/1589 1588/1588/1588
f 1591/1591/1591 1589/1589/1589 1590/1590/1590
f 1592/1592/1592 1591/1591/1591 1590/1590/1590
f 1593/1593/1593 1591/1591/1591 1592/1592/1592
f 1594/1594/1594 1593/1593/1593 1592/1592/1592
f 1595/1595/1595 1593/1593/1593 1594/1594/1594
f 1596/1596/1596 1595/1595/1595 1594/1594/1594
f 1597/1597/1597 1595/1595/1595 1596/1596/1596
f 1598/1598/1598 1597/1597/1597 1596/1596/1596
f 1599/1599/1599 1597/1597/1597 1598/1598/1598
f 1600/1600/1600 1599/1599/1599 1598/1598/1598
f 1601/1601/1601 1599/1599/1599 1600/1600/1600
f 1602/1602/1602 1601/1601/1601 1600/1600/1600
f 1603/1603/1603 1601/1601/1601 1602/1602/1602
f 1604/1604/1604 1603/1603/1603 1602/1602/1602
f 1605/1605/1605 1603/1603/1603 1604/1604/1604
f 1606/1606/1606 1605/1605/1605 1604/1604/1604
f 1607/1607/1607 1605/1605/1605 1606/1606/1606
f 1608/1608/1608 1605/1605/1605 1607/1607/1607
f 1609/1609/1609 1608/1608/1608 1607/1607/1607
f 1610/1610/1610 1608/1608/1608 1609/1609/1609
f 1611/1611/1611 1610/1610/1610 1609/1609/1609
f 1612/1612/1612 1610/1610/1610 1611/1611/1611
f 1613/1613/1613 1612/1612/1612 1611/1611/1611
f 1614/1614/1614 1612/1612/1612 1613/1613/1613
f 1615/1615/1615 1614/1614/1614 1613/1613/1613
f 1616/1616/1616 1614/1614/1614 1615/1615/1615
f 1617/1617/1617 1616/1616/1616 1615/1615/1615
f 1618/1618/1618 1616/1616/1616 1617/1617/1617
f 1619/1619/1619 1618/1618/1618 1617/1617/1617
f 1620/1620/1620 1618/1618/1618 1619/1619/1619
f 1621/1621/1621 1620/1620/1620 1619/1619/1619
f 1622/1622/1622 1620/1620/1620 1621/1621/1621
f 1623/1623/1623 1622/1622/1622 1621/1621/1621
f 1624/1624/1624 1622/1622/1622 1623/1623/1623
f 1625/1625/1625 1624/1624/1624 1623/1623/1623
f 1626/1626/1626 1624/1624/1624 1625/1625/1625
f 1627/1627/1627 1626/1626/1626 1625/1625/1625
f 1628/1628/1628 1626/1626/1626 1627/1627/1627
f 1629/1629/1629 1628/1628/1628 1627/1627/1627
f 1630/1630/1630 1628/1628/1628 1629/1629/1629
f 1631/1631/1631 1630/1630/1630 1629/1629/1629
f 1632/1632/1632 1630/1630/1630 1631/1631/1631
f 1633/1633/1633 1632/1632/1632 1631/1631/1631
f 1634/1634/1634 1632/1632/1632 1633/1633/1633
f 1635/1635/1635 1634/1634/1634 1633/1633/1633
f 1636/1636/1636 1634/1634/1634 1635/1635/1635
f 1637/1637/1637 1636/1636/1636 1635/1635/1635
f 1638/1638/1638 1636/1636/1636 1637/1637/1637
f 1639/1639/1639 1638/1638/1638 1637/1637/1637
f 1640/1640/1640 1638/1638/1638 1639/1639/1639
f 1641/1641/1641 1640/1640/1640 1639/1639/1639
f 1642/1642/1642 1640/1640/1640 1641/1641/1641
f 1643/1643/1643 1640/1640/1640 1642/1642/1642
f 1644/1644/1644 1640/1640/1640 1643/1643/1643
f 1645/1645/1645 1640/1640/1640 1644/1644/1644
f 1646/1646/1646 1640/1640/1640 1645/1645/1645
f 1647/1647/1647 1640/1640/1640 1646/1646/1646
f 1648/1648/1648 1640/1640/1640 1647/1647/1647
f 1649/1649/1649 1648/1648/1648 1647/1647/1647
f 1650/1650/1650 1648/1648/1648 1649/1649/1649
f 1651/1651/1651 1650/1650/1650 1649/1649/1649
f 1652/1652/1652 1650/1650/1650 1651/1651/1651
f 1653/1653/1653 1652/1652/1652 1651/1651/1651
f 1654/1654/1654 1652/1652/1652 1653/1653/1653
f 1655/1655/1655 1654/1654/1654 1653/1653/1653
f 1656/1656/1656 1654/1654/1654 1655/1655/1655
f 1657/1657/1657 1656/1656/1656 1655/1655/1655
f 1658/1658/1658 1656/1656/1656 1657/1657/1657
f 1659/1659/1659 1658/1658/1658 1657/1657/1657
f 1660/1660/1660 1658/1658/1658 1659/1659/1659
f 1661/1661/1661 1660/1660/1660 1659/1659/1659
f 1662/1662/1662 1660/1660/1660 1661/1661/1661
f 1663/1663/1663 1662/1662/1662 1661/1661/1661
f 1664/1664/1664 1662/1662/1662 1663/1663/1663
f 1665/1665/1665 1664/1664/1664 1663/1663/1663
f 1666/1666/1666 1664/1664/1664 1665/1665/1665
f 1667/1667/1667 1666/1666/1666 1665/1665/1665
f 1668/1668/1668 1666/1666/1666 1667/1667/1667
f 1669/1669/1669 1668/1668/1668 1667/1667/1667
f 1670/1670/1670 1668/1668/1668 1669/1669/1669
f 1671/1671/1671 1670/1670/1670 1669/1669/1669
f 1672/1672/1672 1670/1670/1670 1671/1671/1671
f 1673/1673/1673 1672/1672/1672 1671/1671/1671
f 1674/1674/1674 1672/1672/1672 1673/1673/1673
f 1675/1675/1675 1674/1674/1674 1673/1673/1673
f 1676/1676/1676 1674/1674/1674 1675/1675/1675
f 1677/1677/1677 1676/1676/1676 1675/1675/1675
f 1678/1678/1678 1676/1676/1676 1677/1677/1677
f 1679/1679/1679 1678/1678/1678 1677/1677/1677
f 1680/1680/1680 1678/1678/1678 1679/1679/1679
f 1681/1681/1681 1680/1680/1680 1679/1679/1679
f 1682/1682/1682 1680/1680/1680 1681/1681/1681
f 1683/1683/1683 1682/1682/1682 1681/1681/1681
f 1684/1684/1684 1682/1682/1682 1683/1683/1683
f 1685/1685/1685 1684/1684/1684 1683/1683/1683
f 1686/1686/1686 1684/1684/1684 1685/1685/1685
f 1687/1687/1687 1686/1686/1686 1685/1685/1685
f 1688/1688/1688 1686/1686/1686 1687/1687/1687
f 1689/1689/1689 1688/1688/1688 1687/1687/1687
f 1690/1690/1690 1688/1688/1688 1689/1689/1689
f 1691/1691/1691 1690/1690/1690 1689/1689/1689
f 1692/1692/1692 1690/1690/1690 1691/1691/1691
f 1693/1693/1693 1692/1692/1692 1691/1691/1691
f 1694/1694/1694 1692/1692/1692 1693/1693/1693
f 1695/1695/1695 1694/1694/1694 1693/1693/1693
f 1696/1696/1696 1694/1694/1694 1695/1695/1695
f 1697/1697/1697 1696/1696/1696 1695/1695/1695
f 1698/1698/1698 1696/1696/1696 1697/1697/1697
f 1699/1699/1699 1698/1698/1698 1697/1697/1697
f 1700/1700/1700 1698/1698/1698 1699/1699/1699
f 1701/1701/1701 1700/1700/1700 1699/1699/1699
f 1702/1702/1702 1700/1700/1700 1701/1701/1701
f 1703/1703/1703 1702/1702/1702 1701/1701/1701
f 1704/1704/1704 1702/1702/1702 1703/1703/1703
f 1705/1705/1705 1704/1704/1704 1703/1703/1703
f 1706/1706/1706 1704/1704/1704 1705/1705/1705
f 1707/1707/1707 1706/1706/1706 1705/1705/1705
f 1708/1708/1708 1706/1706/1706 1707/1707/1707
f 1709/1709/1709 1708/1708/1708 1707/1707/1707
f 1710/1710/1710 1708/1708/1708 1709/1709/1709
f 1711/1711/1711 1710/1710/1710 1709/1709/1709
f 1712/1712/1712 1710/1710/1710 1711/1711/1711
f 1713/1713/1713 1712/1712/1712 1711/1711/1711
f 1714/1714/1714 1712/1712/1712 1713/1713/1713
f 1715/1715/1715 1714/1714/1714 1713/1713/1713
f 1716/1716/1716 1714/1714/1714 1715/1715/1715
f 1717/1717/1717 1716/1716/1716 1715/1715/1715
f 1718/1718/1718 1716/1716/1716 1717/1717/1717
f 1719/1719/1719 1718/1718/1718 1717/1717/1717
f 1720/1720/1720 1718/1718/1718 1719/1719/1719
f 1721/1721/1721 1720/1720/1720 1719/1719/1719
f 1722/1722/1722 1720/1720/1720 1721/1721/1721
f 1723/1723/1723 1722/1722/1722 1721/1721/1721
f 1724/1724/1724 1722/1722/1722 1723/1723/1723
f 1725/1725/1725 1724/1724/1724 1723/1723/1723
f 1726/1726/1726 1724/1724/1724 1725/1725/1725
f 1727/1727/1727 1726/1726/1726 1725/1725/1725
f 1728/1728/1728 1726/1726/1726 1727/1727/1727
f 1729/1729/1729 1728/1728/1728 1727/1727/1727
f 1730/1730/1730 1728/1728/1728 1729/1729/1729
f 1731/1731/1731 1730/1730/1730 1729/1729/1729
f 1732/1732/1732 1730/1730/1730 1731/1731/1731
f 1733/1733/1733 1732/1732/1732 1731/1731/1731
f 1734/1734/1734 1732/1732/1732 1733/1733/1733
f 1735/1735/1735 1734/1734/1734 1733/1733/1733
f 1736/1736/1736 1734/1734/1734 1735/1735/1735
f 1737/1737/1737 1736/1736/1736 1735/1735/1735
f 1738/1738/1738 1736/1736/1736 1737/1737/1737
f 1739/1739/1739 1738/1738/1738 1737/1737/1737
f 1740/1740/1740 1738/1738/1738 1739/1739/1739
f 1741/1741/1741 1740/1740/1740 1739/1739/1739
f 1742/1742/1742 1740/1740/1740 1741/1741/1741
f 1743/1743/1743 1742/1742/1742 1741/1741/1741
f 1744/1744/1744 1742/1742/1742 1743/1743/1743
f 1745/1745/1745 1744/1744/1744 1743/1743/1743
f 1746/1746/1746 1744/1744/1744 1745/1745/1745
f 1747/1747/1747 1746/1746/1746 1745/1745/1745
f 1748/1748/1748 1746/1746/1746 1747/1747/1747
f 1749/1749/1749 1748/1748/1748 1747/1747/1747
f 1750/1750/1750 1748/1748/1748 1749/1749/1749
f 1751/1751/1751 1750/1750/1750 1749/1749/1749
f 1752/1752/1752 1750/1750/1750 1751/1751/1751
f 1753/1753/1753 1752/1752/1752 1751/1751/1751
f 1754/1754/1754 1752/1752/1752 1753/1753/1753
f 1755/1755/1755 1754/1754/1754 1753/1753/1753
f 1756/1756/1756 1754/1754/1754 1755/1755/1755
f 1757/1757/1757 1756/1756/1756 1755/1755/1755
f 1758/1758/1758 1756/1756/1756 1757/1757/1757
f 1759/1759/1759 1758/1758/1758 1757/1757/1757
f 1760/1760/1760 1758/1758/1758 1759/1759/1759
f 1761/1761/1761 1760/1760/1760 1759/1759/1759
f 1762/1762/1762 1760/1760/1760 1761/1761/1761
f 1763/1763/1763 1762/1762/1762 1761/1761/1761
f 1764/1764/1764 1762/1762/1762 1763/1763/1763
f 1765/1765/1765 1764/1764/1764 1763/1763/1763
f 1766/1766/1766 1764/1764/1764 1765/1765/1765
f 1767/1767/1767 1766/1766/1766 1765/1765/1765
f 1768/1768/1768 1766/1766/1766 1767/1767/1767
f 1769/1769/1769 1768/1768/1768 1767/1767/1767
f 1770/1770/1770 1768/1768/1768 1769/1769/1769
f 1771/1771/1771 1770/1770/1770 1769/1769/1769
f 1772/1772/1772 1770/1770/1770 1771/1771/1771
f 1773/1773/1773 1772/1772/1772 1771/1771/1771
f 1774/1774/1774 1772/1772/1772 1773/1773/1773
f 1775/1775/1775 1774/1774/1774 1773/1773/1773
f 1776/1776/1776 1774/1774/1774 1775/1775/1775
f 1777/1777/1777 1776/1776/1776 1775/1775/1775
f 1778/1778/1778 1776/1776/1776 1777/1777/1777
f 1779/1779/1779 1778/1778/1778 1777/1777/1777
f 1780/1780/1780 1778/1778/1778 1779/1779/1779
f 1781/1781/1781 1780/1780/1780 1779/1779/1779
f 1782/1782/1782 1780/1780/1780 1781/1781/1781
f 1783/1783/1783 1782/1782/1782 1781/1781/1781
f 1784/1784/1784 1782/1782/1782 1783/1783/1783
f 1785/1785/1785 1784/1784/1784 1783/1783/1783
f 1786/1786/1786 1784/1784/1784 1785/1785/1785
f 1787/1787/1787 1786/1786/1786 1785/1785/1785
f 1788/1788/1788 1786/1786/1786 1787/1787/1787
f 1789/1789/1789 1788/1788/1788 1787/1787/1787
f 1790/1790/1790 1788/1788/1788 1789/1789/1789
f 1791/1791/1791 1790/1790/1790 1789/1789/1789
f 1792/1792/1792 1790/1790/1790 1791/1791/1791
f 1793/1793/1793 1792/1792/1792 1791/1791/1791
f 1794/1794/1794 1792/1792/1792 1793/1793/1793
f 1795/1795/1795 1794/1794/1794 1793/1793/1793
f 1796/1796/1796 1794/1794/1794 1795/1795/1795
f 1797/1797/1797 1796/1796/1796 1795/1795/1795
f 1798/1798/1798 1796/1796/1796 1797/1797/1797
f 1799/1799/1799 1798/1798/1798 1797/1797/1797
f 1800/1800/1800 1798/1798/1798 1799/1799/1799
f 1801/1801/1801 1798/1798/1798 1800/1800/1800
f 1802/1802/1802 1798/1798/1798 1801/1801/1801
f 1803/1803/1803 1798/1798/1798 1802/1802/1802
f 1804/1804/1804 1798/1798/1798 1803/1803/1803
f 1805/1805/1805 1804/1804/1804 1803/1803/1803
f 1806/1806/1806 1804/1804/1804 1805/1805/1805
f 1807/1807/1807 1806/1806/1806 1805/1805/1805
f 1808/1808/1808 1806/1806/1806 1807/1807/1807
f 1809/1809/1809 1808/1808/1808 1807/1807/1807
f 1810/1810/1810 1808/1808/1808 1809/1809/1809
f 1811/1811/1811 1810/1810/1810 1809/1809/1809
f 1812/1812/1812 1810/1810/1810 1811/1811/1811
f 1813/1813/1813 1812/1812/1812 1811/1811/1811
f 1814/1814/1814 1812/1812/1812 1813/1813/1813
f 1815/1815/1815 1814/1814/1814 1813/1813/1813
f 1816/1816/1816 1814/1814/1814 1815/1815/1815
f 1817/1817/1817 1816/1816/1816 1815/1815/1815
f 1818/1818/1818 1816/1816/1816 1817/1817/1817
f 1819/1819/1819 1818/1818/1818 1817/1817/1817
f 1820/1820/1820 1818/1818/1818 1819/1819/1819
f 1821/1821/1821 1820/1820/1820 1819/1819/1819
f 1822/1822/1822 1820/1820/1820 1821/1821/1821
f 1823/1823/1823 1822/1822/1822 1821/1821/1821
f 1824/1824/1824 1822/1822/1822 1823/1823/1823
f 1825/1825/1825 1824/1824/1824 1823/1823/1823
f 1826/1826/1826 1824/1824/1824 1825/1825/1825
f 1827/1827/1827 1826/1826/1826 1825/1825/1825
f 1828/1828/1828 1826/1826/1826 1827/1827/1827
f 1829/1829/1829 1828/1828/1828 1827/1827/1827
f 1830/1830/1830 1828/1828/1828 1829/1829/1829
f 1831/1831/1831 1830/1830/1830 1829/1829/1829
f 1832/1832/1832 1830/1830/1830 1831/1831/1831
f 1833/1833/1833 1832/1832/1832 1831/1831/1831
f 1834/1834/1834 1832/1832/1832 1833/1833/1833
f 1835/1835/1835 1834/1834/1834 1833/1833/1833
f 1836/1836/1836 1834/1834/1834 1835/1835/1835
f 1837/1837/1837 1836/1836/1836 1835/1835/1835
f 1838/1838/1838 1836/1836/1836 1837/1837/1837
f 1839/1839/1839 1838/1838/1838 1837/1837/1837
f 1840/1840/1840 1838/1838/1838 1839/1839/1839
f 1841/1841/1841 1840/1840/1840 1839/1839/1839
f 1842/1842/1842 1840/1840/1840 1841/1841/1841
f 1843/1843/1843 1842/1842/1842 1841/1841/1841
f 1844/1844/1844 1842/1842/1842 1843/1843/1843
f 1845/1845/1845 1844/1844/1844 1843/1843/1843
f 1846/1846/1846 1844/1844/1844 1845/1845/1845
f 1847/1847/1847 1846/1846/1846 1845/1845/1845
f 1848/1848/1848 1846/1846/1846 1847/1847/1847
f 1849/1849/1849 1848/1848/1848 1847/1847/1847
f 1850/1850/1850 1848/1848/1848 1849/1849/1849
f 1851/1851/1851 1850/1850/1850 1849/1849/1849
f 1852/1852/1852 1850/1850/1850 1851/1851/1851
f 1853/1853/1853 1852/1852/1852 1851/1851/1851
f 1854/1854/1854 1852/1852/1852 1853/1853/1853
f 1855/1855/1855 1854/1854/1854 1853/1853/1853
f 1856/1856/1856 1854/1854/1854 1855/1855/1855
f 1857/1857/1857 1856/1856/1856 1855/1855/1855
f 1858/1858/1858 1856/1856/1856 1857/1857/1857
f 1859/1859/1859 1858/1858/1858 1857/1857/1857
f 1860/1860/1860 1858/1858/1858 1859/1859/1859
f 1861/1861/1861 1860/1860/1860 1859/1859/1859
f 1862/1862/1862 1858/1858/1858 1860/1860/1860
f 1863/1863/1863 1862/1862/1862 1860/1860/1860
f 1864/1864/1864 1856/1856/1856 1858/1858/1858
f 1862/1862/1862 1864/1864/1864 1858/1858/1858
f 1865/1865/1865 1854/1854/1854 1856/1856/1856
f 1864/1864/1864 1865/1865/1865 1856/1856/1856
f 1866/1866/1866 1852/1852/1852 1854/1854/1854
f 1865/1865/1865 1866/1866/1866 1854/1854/1854
f 1867/1867/1867 1862/1862/1862 1863/1863/1863
f 1868/1868/1868 1867/1867/1867 1863/1863/1863
f 1869/1869/1869 1864/1864/1864 1862/1862/1862
f 1867/1867/1867 1869/1869/1869 1862/1862/1862
f 1870/1870/1870 1865/1865/1865 1864/1864/1864
f 1869/1869/1869 1870/1870/1870 1864/1864/1864
f 1871/1871/1871 1867/1867/1867 1868/1868/1868
f 1872/1872/1872 1871/1871/1871 1868/1868/1868
f 1873/1873/1873 1869/1869/1869 1867/1867/1867
f 1871/1871/1871 1873/1873/1873 1867/1867/1867
f 1874/1874/1874 1871/1871/1871 1872/1872/1872
f 1875/1875/1875 1874/1874/1874 1872/1872/1872
f 1874/1874/1874 1875/1875/1875 1876/1876/1876
f 1874/1874/1874 1877/1877/1877 1871/1871/1871
f 1877/1877/1877 1873/1873/1873 1871/1871/1871
f 1873/1873/1873 1878/1878/1878 1869/1869/1869
f 1878/1878/1878 1870/1870/1870 1869/1869/1869
f 1870/1870/1870 1879/1879/1879 1865/1865/1865
f 1879/1879/1879 1866/1866/1866 1865/1865/1865
f 1880/1880/1880 1874/1874/1874 1876/1876/1876
f 1877/1877/1877 1874/1874/1874 1880/1880/1880
f 1877/1877/1877 1881/1881/1881 1873/1873/1873
f 1881/1881/1881 1878/1878/1878 1873/1873/1873
f 1878/1878/1878 1882/1882/1882 1870/1870/1870
f 1882/1882/1882 1879/1879/1879 1870/1870/1870
f 1883/1883/1883 1880/1880/1880 1876/1876/1876
f 1884/1884/1884 1883/1883/1883 1876/1876/1876
f 1885/1885/1885 1877/1877/1877 1880/1880/1880
f 1881/1881/1881 1877/1877/1877 1885/1885/1885
f 1881/1881/1881 1886/1886/1886 1878/1878/1878
f 1886/1886/1886 1882/1882/1882 1878/1878/1878
f 1887/1887/1887 1883/1883/1883 1884/1884/1884
f 1888/1888/1888 1887/1887/1887 1884/1884/1884
f 1883/1883/1883 1889/1889/1889 1880/1880/1880
f 1889/1889/1889 1885/1885/1885 1880/1880/1880
f 1890/1890/1890 1881/1881/1881 1885/1885/1885
f 1886/1886/1886 1881/1881/1881 1890/1890/1890
f 1891/1891/1891 1887/1887/1887 1888/1888/1888
f 1892/1892/1892 1891/1891/1891 1888/1888/1888
f 1887/1887/1887 1893/1893/1893 1883/1883/1883
f 1893/1893/1893 1889/1889/1889 1883/1883/1883
f 1889/1889/1889 1894/1894/1894 1885/1885/1885
f 1894/1894/1894 1890/1890/1890 1885/1885/1885
f 1895/1895/1895 1891/1891/1891 1892/1892/1892
f 1896/1896/1896 1895/1895/1895 1892/1892/1892
f 1895/1895/1895 1896/1896/1896 1897/1897/1897
f 1898/1898/1898 1895/1895/1895 1897/1897/1897
f 1899/1899/1899 1895/1895/1895 1898/1898/1898
f 1895/1895/1895 1899/1899/1899 1891/1891/1891
f 1900/1900/1900 1899/1899/1899 1898/1898/1898
f 1891/1891/1891 1901/1901/1901 1887/1887/1887
f 1899/1899/1899 1901/1901/1901 1891/1891/1891
f 1901/1901/1901 1893/1893/1893 1887/1887/1887
f 1902/1902/1902 1899/1899/1899 1900/1900/1900
f 1899/1899/1899 1902/1902/1902 1901/1901/1901
f 1903/1903/1903 1902/1902/1902 1900/1900/1900
f 1901/1901/1901 1904/1904/1904 1893/1893/1893
f 1902/1902/1902 1904/1904/1904 1901/1901/1901
f 1905/1905/1905 1902/1902/1902 1903/1903/1903
f 1902/1902/1902 1905/1905/1905 1904/1904/1904
f 1906/1906/1906 1905/1905/1905 1903/1903/1903
f 1904/1904/1904 1907/1907/1907 1893/1893/1893
f 1893/1893/1893 1907/1907/1907 1889/1889/1889
f 1907/1907/1907 1894/1894/1894 1889/1889/1889
f 1908/1908/1908 1905/1905/1905 1906/1906/1906
f 1909/1909/1909 1908/1908/1908 1906/1906/1906
f 1905/1905/1905 1910/1910/1910 1904/1904/1904
f 1904/1904/1904 1910/1910/1910 1907/1907/1907
f 1905/1905/1905 1908/1908/1908 1910/1910/1910
f 1907/1907/1907 1911/1911/1911 1894/1894/1894
f 1910/1910/1910 1911/1911/1911 1907/1907/1907
f 1912/1912/1912 1908/1908/1908 1909/1909/1909
f 1913/1913/1913 1912/1912/1912 1909/1909/1909
f 1908/1908/1908 1914/1914/1914 1910/1910/1910
f 1910/1910/1910 1914/1914/1914 1911/1911/1911
f 1908/1908/1908 1912/1912/1912 1914/1914/1914
f 1911/1911/1911 1915/1915/1915 1894/1894/1894
f 1894/1894/1894 1915/1915/1915 1890/1890/1890
f 1916/1916/1916 1912/1912/1912 1913/1913/1913
f 1917/1917/1917 1916/1916/1916 1913/1913/1913
f 1914/1914/1914 1918/1918/1918 1911/1911/1911
f 1911/1911/1911 1918/1918/1918 1915/1915/1915
f 1912/1912/1912 1919/1919/1919 1914/1914/1914
f 1912/1912/1912 1916/1916/1916 1919/1919/1919
f 1914/1914/1914 1919/1919/1919 1918/1918/1918
f 1915/1915/1915 1920/1920/1920 1890/1890/1890
f 1920/1920/1920 1886/1886/1886 1890/1890/1890
f 1921/1921/1921 1916/1916/1916 1917/1917/1917
f 1922/1922/1922 1921/1921/1921 1917/1917/1917
f 1918/1918/1918 1923/1923/1923 1915/1915/1915
f 1915/1915/1915 1923/1923/1923 1920/1920/1920
f 1919/1919/1919 1924/1924/1924 1918/1918/1918
f 1918/1918/1918 1924/1924/1924 1923/1923/1923
f 1916/1916/1916 1925/1925/1925 1919/1919/1919
f 1916/1916/1916 1921/1921/1921 1925/1925/1925
f 1919/1919/1919 1925/1925/1925 1924/1924/1924
f 1886/1886/1886 1920/1920/1920 1926/1926/1926
f 1923/1923/1923 1926/1926/1926 1920/1920/1920
f 1927/1927/1927 1921/1921/1921 1922/1922/1922
f 1928/1928/1928 1927/1927/1927 1922/1922/1922
f 1924/1924/1924 1929/1929/1929 1923/1923/1923
f 1923/1923/1923 1929/1929/1929 1926/1926/1926
f 1925/1925/1925 1930/1930/1930 1924/1924/1924
f 1924/1924/1924 1930/1930/1930 1929/1929/1929
f 1921/1921/1921 1931/1931/1931 1925/1925/1925
f 1921/1921/1921 1927/1927/1927 1931/1931/1931
f 1925/1925/1925 1931/1931/1931 1930/1930/1930
f 1932/1932/1932 1886/1886/1886 1926/1926/1926
f 1886/1886/1886 1932/1932/1932 1882/1882/1882
f 1933/1933/1933 1927/1927/1927 1928/1928/1928
f 1934/1934/1934 1933/1933/1933 1928/1928/1928
f 1929/1929/1929 1935/1935/1935 1926/1926/1926
f 1932/1932/1932 1926/1926/1926 1935/1935/1935
f 1930/1930/1930 1936/1936/1936 1929/1929/1929
f 1929/1929/1929 1936/1936/1936 1935/1935/1935
f 1931/1931/1931 1937/1937/1937 1930/1930/1930
f 1930/1930/1930 1937/1937/1937 1936/1936/1936
f 1927/1927/1927 1938/1938/1938 1931/1931/1931
f 1927/1927/1927 1933/1933/1933 1938/1938/1938
f 1931/1931/1931 1938/1938/1938 1937/1937/1937
f 1932/1932/1932 1939/1939/1939 1882/1882/1882
f 1882/1882/1882 1939/1939/1939 1879/1879/1879
f 1940/1940/1940 1933/1933/1933 1934/1934/1934
f 1941/1941/1941 1940/1940/1940 1934/1934/1934
f 1942/1942/1942 1932/1932/1932 1935/1935/1935
f 1932/1932/1932 1942/1942/1942 1939/1939/1939
f 1936/1936/1936 1943/1943/1943 1935/1935/1935
f 1942/1942/1942 1935/1935/1935 1943/1943/1943
f 1937/1937/1937 1944/1944/1944 1936/1936/1936
f 1936/1936/1936 1944/1944/1944 1943/1943/1943
f 1938/1938/1938 1945/1945/1945 1937/1937/1937
f 1937/1937/1937 1945/1945/1945 1944/1944/1944
f 1933/1933/1933 1946/1946/1946 1938/1938/1938
f 1933/1933/1933 1940/1940/1940 1946/1946/1946
f 1938/1938/1938 1946/1946/1946 1945/1945/1945
f 1947/1947/1947 1940/1940/1940 1941/1941/1941
f 1948/1948/1948 1947/1947/1947 1941/1941/1941
f 1940/1940/1940 1949/1949/1949 1946/1946/1946
f 1940/1940/1940 1947/1947/1947 1949/1949/1949
f 1946/1946/1946 1950/1950/1950 1945/1945/1945
f 1946/1946/1946 1949/1949/1949 1950/1950/1950
f 1945/1945/1945 1951/1951/1951 1944/1944/1944
f 1945/1945/1945 1950/1950/1950 1951/1951/1951
f 1944/1944/1944 1952/1952/1952 1943/1943/1943
f 1944/1944/1944 1951/1951/1951 1952/1952/1952
f 1953/1953/1953 1947/1947/1947 1948/1948/1948
f 1954/1954/1954 1953/1953/1953 1948/1948/1948
f 1947/1947/1947 1955/1955/1955 1949/1949/1949
f 1947/1947/1947 1953/1953/1953 1955/1955/1955
f 1949/1949/1949 1956/1956/1956 1950/1950/1950
f 1949/1949/1949 1955/1955/1955 1956/1956/1956
f 1950/1950/1950 1957/1957/1957 1951/1951/1951
f 1950/1950/1950 1956/1956/1956 1957/1957/1957
f 1958/1958/1958 1953/1953/1953 1954/1954/1954
f 1959/1959/1959 1958/1958/1958 1954/1954/1954
f 1953/1953/1953 1960/1960/1960 1955/1955/1955
f 1953/1953/1953 1958/1958/1958 1960/1960/1960
f 1955/1955/1955 1961/1961/1961 1956/1956/1956
f 1955/1955/1955 1960/1960/1960 1961/1961/1961
f 1962/1962/1962 1958/1958/1958 1959/1959/1959
f 1963/1963/1963 1962/1962/1962 1959/1959/1959
f 1958/1958/1958 1964/1964/1964 1960/1960/1960
f 1958/1958/1958 1962/1962/1962 1964/1964/1964
f 1965/1965/1965 1962/1962/1962 1963/1963/1963
f 1966/1966/1966 1965/1965/1965 1963/1963/1963
f 1951/1951/1951 1957/1957/1957 1967/1967/1967
f 1951/1951/1951 1967/1967/1967 1952/1952/1952
f 1956/1956/1956 1968/1968/1968 1957/1957/1957
f 1956/1956/1956 1961/1961/1961 1968/1968/1968
f 1960/1960/1960 1969/1969/1969 1961/1961/1961
f 1960/1960/1960 1964/1964/1964 1969/1969/1969
f 1962/1962/1962 1970/1970/1970 1964/1964/1964
f 1962/1962/1962 1965/1965/1965 1970/1970/1970
f 1971/1971/1971 1965/1965/1965 1966/1966/1966
f 1972/1972/1972 1971/1971/1971 1966/1966/1966
f 1957/1957/1957 1973/1973/1973 1967/1967/1967
f 1957/1957/1957 1968/1968/1968 1973/1973/1973
f 1961/1961/1961 1974/1974/1974 1968/1968/1968
f 1961/1961/1961 1969/1969/1969 1974/1974/1974
f 1964/1964/1964 1975/1975/1975 1969/1969/1969
f 1964/1964/1964 1970/1970/1970 1975/1975/1975
f 1965/1965/1965 1976/1976/1976 1970/1970/1970
f 1965/1965/1965 1971/1971/1971 1976/1976/1976
f 1977/1977/1977 1971/1971/1971 1972/1972/1972
f 1978/1978/1978 1977/1977/1977 1972/1972/1972
f 1968/1968/1968 1979/1979/1979 1973/1973/1973
f 1968/1968/1968 1974/1974/1974 1979/1979/1979
f 1969/1969/1969 1980/1980/1980 1974/1974/1974
f 1969/1969/1969 1975/1975/1975 1980/1980/1980
f 1970/1970/1970 1981/1981/1981 1975/1975/1975
f 1970/1970/1970 1976/1976/1976 1981/1981/1981
f 1971/1971/1971 1982/1982/1982 1976/1976/1976
f 1971/1971/1971 1977/1977/1977 1982/1982/1982
f 1983/1983/1983 1977/1977/1977 1978/1978/1978
f 1984/1984/1984 1983/1983/1983 1978/1978/1978
f 1974/1974/1974 1985/1985/1985 1979/1979/1979
f 1974/1974/1974 1980/1980/1980 1985/1985/1985
f 1975/1975/1975 1986/1986/1986 1980/1980/1980
f 1975/1975/1975 1981/1981/1981 1986/1986/1986
f 1976/1976/1976 1987/1987/1987 1981/1981/1981
f 1976/1976/1976 1982/1982/1982 1987/1987/1987
f 1977/1977/1977 1988/1988/1988 1982/1982/1982
f 1977/1977/1977 1983/1983/1983 1988/1988/1988
f 1989/1989/1989 1983/1983/1983 1984/1984/1984
f 1990/1990/1990 1989/1989/1989 1984/1984/1984
f 1980/1980/1980 1991/1991/1991 1985/1985/1985
f 1980/1980/1980 1986/1986/1986 1991/1991/1991
f 1981/1981/1981 1992/1992/1992 1986/1986/1986
f 1981/1981/1981 1987/1987/1987 1992/1992/1992
f 1982/1982/1982 1993/1993/1993 1987/1987/1987
f 1982/1982/1982 1988/1988/1988 1993/1993/1993
f 1983/1983/1983 1994/1994/1994 1988/1988/1988
f 1983/1983/1983 1989/1989/1989 1994/1994/1994
f 1995/1995/1995 1989/1989/1989 1990/1990/1990
f 1996/1996/1996 1995/1995/1995 1990/1990/1990
f 1986/1986/1986 1997/1997/1997 1991/1991/1991
f 1986/1986/1986 1992/1992/1992 1997/1997/1997
f 1987/1987/1987 1998/1998/1998 1992/1992/1992
f 1987/1987/1987 1993/1993/1993 1998/1998/1998
f 1988/1988/1988 1999/1999/1999 1993/1993/1993
f 1988/1988/1988 1994/1994/1994 1999/1999/1999
f 1989/1989/1989 2000/2000/2000 1994/1994/1994
f 1989/1989/1989 1995/1995/1995 2000/2000/2000
f 2001/2001/2001 1995/1995/1995 1996/1996/1996
f 2002/2002/2002 2001/2001/2001 1996/1996/1996
f 1992/1992/1992 2003/2003/2003 1997/1997/1997
f 1992/1992/1992 1998/1998/1998 2003/2003/2003
f 1993/1993/1993 2004/2004/2004 1998/1998/1998
f 1993/1993/1993 1999/1999/1999 2004/2004/2004
f 1994/1994/1994 2005/2005/2005 1999/1999/1999
f 1994/1994/1994 2000/2000/2000 2005/2005/2005
f 1995/1995/1995 2006/2006/2006 2000/2000/2000
f 1995/1995/1995 2001/2001/2001 2006/2006/2006
f 2007/2007/2007 2001/2001/2001 2002/2002/2002
f 2008/2008/2008 2007/2007/2007 2002/2002/2002
f 1998/1998/1998 2009/2009/2009 2003/2003/2003
f 1998/1998/1998 2004/2004/2004 2009/2009/2009
f 1999/1999/1999 2010/2010/2010 2004/2004/2004
f 1999/1999/1999 2005/2005/2005 2010/2010/2010
f 2000/2000/2000 2011/2011/2011 2005/2005/2005
f 2000/2000/2000 2006/2006/2006 2011/2011/2011
f 2001/2001/2001 2012/2012/2012 2006/2006/2006
f 2001/2001/2001 2007/2007/2007 2012/2012/2012
f 2013/2013/2013 2007/2007/2007 2008/2008/2008
f 2014/2014/2014 2013/2013/2013 2008/2008/2008
f 2004/2004/2004 2015/2015/2015 2009/2009/2009
f 2004/2004/2004 2010/2010/2010 2015/2015/2015
f 2005/2005/2005 2016/2016/2016 2010/2010/2010
f 2005/2005/2005 2011/2011/2011 2016/2016/2016
f 2006/2006/2006 2017/2017/2017 2011/2011/2011
f 2006/2006/2006 2012/2012/2012 2017/2017/2017
f 2007/2007/2007 2018/2018/2018 2012/2012/2012
f 2007/2007/2007 2013/2013/2013 2018/2018/2018
f 2019/2019/2019 2013/2013/2013 2014/2014/2014
f 2020/2020/2020 2019/2019/2019 2014/2014/2014
f 2010/2010/2010 2021/2021/2021 2015/2015/2015
f 2010/2010/2010 2016/2016/2016 2021/2021/2021
f 2011/2011/2011 2022/2022/2022 2016/2016/2016
f 2011/2011/2011 2017/2017/2017 2022/2022/2022
f 2012/2012/2012 2023/2023/2023 2017/2017/2017
f 2012/2012/2012 2018/2018/2018 2023/2023/2023
f 2013/2013/2013 2024/2024/2024 2018/2018/2018
f 2013/2013/2013 2019/2019/2019 2024/2024/2024
f 2025/2025/2025 2019/2019/2019 2020/2020/2020
f 2026/2026/2026 2025/2025/2025 2020/2020/2020
f 2016/2016/2016 2027/2027/2027 2021/2021/2021
f 2016/2016/2016 2022/2022/2022 2027/2027/2027
f 2017/2017/2017 2028/2028/2028 2022/2022/2022
f 2017/2017/2017 2023/2023/2023 2028/2028/2028
f 2018/2018/2018 2029/2029/2029 2023/2023/2023
f 2018/2018/2018 2024/2024/2024 2029/2029/2029
f 2019/2019/2019 2030/2030/2030 2024/2024/2024
f 2019/2019/2019 2025/2025/2025 2030/2030/2030
f 2031/2031/2031 2025/2025/2025 2026/2026/2026
f 2032/2032/2032 2031/2031/2031 2026/2026/2026
f 2022/2022/2022 2033/2033/2033 2027/2027/2027
f 2022/2022/2022 2028/2028/2028 2033/2033/2033
f 2023/2023/2023 2034/2034/2034 2028/2028/2028
f 2023/2023/2023 2029/2029/2029 2034/2034/2034
f 2024/2024/2024 2035/2035/2035 2029/2029/2029
f 2024/2024/2024 2030/2030/2030 2035/2035/2035
f 2025/2025/2025 2036/2036/2036 2030/2030/2030
f 2025/2025/2025 2031/2031/2031 2036/2036/2036
f 2037/2037/2037 2031/2031/2031 2032/2032/2032
f 2038/2038/2038 2037/2037/2037 2032/2032/2032
f 2039/2039/2039 2037/2037/2037 2038/2038/2038
f 2040/2040/2040 2039/2039/2039 2038/2038/2038
f 2041/2041/2041 2039/2039/2039 2040/2040/2040
f 2042/2042/2042 2039/2039/2039 2041/2041/2041
f 2043/2043/2043 2039/2039/2039 2042/2042/2042
f 2044/2044/2044 2039/2039/2039 2043/2043/2043
f 2031/2031/2031 2037/2037/2037 2045/2045/2045
f 2031/2031/2031 2045/2045/2045 2036/2036/2036
f 2030/2030/2030 2036/2036/2036 2046/2046/2046
f 2030/2030/2030 2046/2046/2046 2035/2035/2035
f 2047/2047/2047 2039/2039/2039 2044/2044/2044
f 2048/2048/2048 2047/2047/2047 2044/2044/2044
f 2037/2037/2037 2039/2039/2039 2049/2049/2049
f 2037/2037/2037 2049/2049/2049 2045/2045/2045
f 2036/2036/2036 2045/2045/2045 2050/2050/2050
f 2036/2036/2036 2050/2050/2050 2046/2046/2046
f 2051/2051/2051 2047/2047/2047 2048/2048/2048
f 2052/2052/2052 2051/2051/2051 2048/2048/2048
f 2039/2039/2039 2047/2047/2047 2053/2053/2053
f 2039/2039/2039 2053/2053/2053 2049/2049/2049
f 2045/2045/2045 2049/2049/2049 2054/2054/2054
f 2045/2045/2045 2054/2054/2054 2050/2050/2050
f 2055/2055/2055 2051/2051/2051 2052/2052/2052
f 2056/2056/2056 2055/2055/2055 2052/2052/2052
f 2047/2047/2047 2051/2051/2051 2057/2057/2057
f 2047/2047/2047 2057/2057/2057 2053/2053/2053
f 2049/2049/2049 2053/2053/2053 2058/2058/2058
f 2049/2049/2049 2058/2058/2058 2054/2054/2054
f 2059/2059/2059 2055/2055/2055 2056/2056/2056
f 2060/2060/2060 2059/2059/2059 2056/2056/2056
f 2051/2051/2051 2055/2055/2055 2061/2061/2061
f 2051/2051/2051 2061/2061/2061 2057/2057/2057
f 2053/2053/2053 2057/2057/2057 2062/2062/2062
f 2053/2053/2053 2062/2062/2062 2058/2058/2058
f 2063/2063/2063 2059/2059/2059 2060/2060/2060
f 2064/2064/2064 2063/2063/2063 2060/2060/2060
f 2055/2055/2055 2059/2059/2059 2065/2065/2065
f 2055/2055/2055 2065/2065/2065 2061/2061/2061
f 2057/2057/2057 2061/2061/2061 2066/2066/2066
f 2057/2057/2057 2066/2066/2066 2062/2062/2062
f 2067/2067/2067 2063/2063/2063 2064/2064/2064
f 2068/2068/2068 2067/2067/2067 2064/2064/2064
f 2059/2059/2059 2063/2063/2063 2069/2069/2069
f 2059/2059/2059 2069/2069/2069 2065/2065/2065
f 2061/2061/2061 2065/2065/2065 2070/2070/2070
f 2061/2061/2061 2070/2070/2070 2066/2066/2066
f 2071/2071/2071 2067/2067/2067 2068/2068/2068
f 2072/2072/2072 2071/2071/2071 2068/2068/2068
f 2063/2063/2063 2067/2067/2067 2073/2073/2073
f 2063/2063/2063 2073/2073/2073 2069/2069/2069
f 2065/2065/2065 2069/2069/2069 2074/2074/2074
f 2065/2065/2065 2074/2074/2074 2070/2070/2070
f 2075/2075/2075 2071/2071/2071 2072/2072/2072
f 2076/2076/2076 2075/2075/2075 2072/2072/2072
f 2067/2067/2067 2071/2071/2071 2077/2077/2077
f 2067/2067/2067 2077/2077/2077 2073/2073/2073
f 2069/2069/2069 2073/2073/2073 2078/2078/2078
f 2069/2069/2069 2078/2078/2078 2074/2074/2074
f 2079/2079/2079 2075/2075/2075 2076/2076/2076
f 2080/2080/2080 2079/2079/2079 2076/2076/2076
f 2071/2071/2071 2075/2075/2075 2081/2081/2081
f 2071/2071/2071 2081/2081/2081 2077/2077/2077
f 2073/2073/2073 2077/2077/2077 2082/2082/2082
f 2073/2073/2073 2082/2082/2082 2078/2078/2078
f 2083/2083/2083 2079/2079/2079 2080/2080/2080
f 2084/2084/2084 2083/2083/2083 2080/2080/2080
f 2075/2075/2075 2079/2079/2079 2085/2085/2085
f 2075/2075/2075 2085/2085/2085 2081/2081/2081
f 2077/2077/2077 2081/2081/2081 2086/2086/2086
f 2077/2077/2077 2086/2086/2086 2082/2082/2082
f 2087/2087/2087 2083/2083/2083 2084/2084/2084
f 2088/2088/2088 2087/2087/2087 2084/2084/2084
f 2079/2079/2079 2083/2083/2083 2089/2089/2089
f 2079/2079/2079 2089/2089/2089 2085/2085/2085
f 2081/2081/2081 2085/2085/2085 2090/2090/2090
f 2081/2081/2081 2090/2090/2090 2086/2086/2086
f 2091/2091/2091 2087/2087/2087 2088/2088/2088
f 2092/2092/2092 2091/2091/2091 2088/2088/2088
f 2083/2083/2083 2087/2087/2087 2093/2093/2093
f 2083/2083/2083 2093/2093/2093 2089/2089/2089
f 2085/2085/2085 2089/2089/2089 2094/2094/2094
f 2085/2085/2085 2094/2094/2094 2090/2090/2090
f 2095/2095/2095 2091/2091/2091 2092/2092/2092
f 2096/2096/2096 2095/2095/2095 2092/2092/2092
f 2087/2087/2087 2091/2091/2091 2097/2097/2097
f 2087/2087/2087 2097/2097/2097 2093/2093/2093
f 2089/2089/2089 2093/2093/2093 2098/2098/2098
f 2089/2089/2089 2098/2098/2098 2094/2094/2094
f 2099/2099/2099 2095/2095/2095 2096/2096/2096
f 2100/2100/2100 2099/2099/2099 2096/2096/2096
f 2091/2091/2091 2095/2095/2095 2101/2101/2101
f 2091/2091/2091 2101/2101/2101 2097/2097/2097
f 2093/2093/2093 2097/2097/2097 2102/2102/2102
f 2093/2093/2093 2102/2102/2102 2098/2098/2098
f 2103/2103/2103 2099/2099/2099 2100/2100/2100
f 2104/2104/2104 2103/2103/2103 2100/2100/2100
f 2095/2095/2095 2099/2099/2099 2105/2105/2105
f 2095/2095/2095 2105/2105/2105 2101/2101/2101
f 2097/2097/2097 2101/2101/2101 2106/2106/2106
f 2097/2097/2097 2106/2106/2106 2102/2102/2102
f 2107/2107/2107 2103/2103/2103 2104/2104/2104
f 2108/2108/2108 2107/2107/2107 2104/2104/2104
f 2099/2099/2099 2103/2103/2103 2109/2109/2109
f 2099/2099/2099 2109/2109/2109 2105/2105/2105
f 2101/2101/2101 2105/2105/2105 2110/2110/2110
f 2101/2101/2101 2110/2110/2110 2106/2106/2106
f 2111/2111/2111 2107/2107/2107 2108/2108/2108
f 2112/2112/2112 2111/2111/2111 2108/2108/2108
f 2103/2103/2103 2107/2107/2107 2113/2113/2113
f 2103/2103/2103 2113/2113/2113 2109/2109/2109
f 2105/2105/2105 2109/2109/2109 2114/2114/2114
f 2105/2105/2105 2114/2114/2114 2110/2110/2110
f 2115/2115/2115 2111/2111/2111 2112/2112/2112
f 2116/2116/2116 2115/2115/2115 2112/2112/2112
f 2107/2107/2107 2111/2111/2111 2117/2117/2117
f 2107/2107/2107 2117/2117/2117 2113/2113/2113
f 2109/2109/2109 2113/2113/2113 2118/2118/2118
f 2109/2109/2109 2118/2118/2118 2114/2114/2114
f 2119/2119/2119 2115/2115/2115 2116/2116/2116
f 2120/2120/2120 2119/2119/2119 2116/2116/2116
f 2111/2111/2111 2115/2115/2115 2121/2121/2121
f 2111/2111/2111 2121/2121/2121 2117/2117/2117
f 2113/2113/2113 2117/2117/2117 2122/2122/2122
f 2113/2113/2113 2122/2122/2122 2118/2118/2118
f 2123/2123/2123 2119/2119/2119 2120/2120/2120
f 2124/2124/2124 2123/2123/2123 2120/2120/2120
f 2115/2115/2115 2119/2119/2119 2125/2125/2125
f 2115/2115/2115 2125/2125/2125 2121/2121/2121
f 2117/2117/2117 2121/2121/2121 2126/2126/2126
f 2117/2117/2117 2126/2126/2126 2122/2122/2122
f 2127/2127/2127 2123/2123/2123 2124/2124/2124
f 2128/2128/2128 2127/2127/2127 2124/2124/2124
f 2119/2119/2119 2123/2123/2123 2129/2129/2129
f 2119/2119/2119 2129/2129/2129 2125/2125/2125
f 2121/2121/2121 2125/2125/2125 2130/2130/2130
f 2121/2121/2121 2130/2130/2130 2126/2126/2126
f 2131/2131/2131 2127/2127/2127 2128/2128/2128
f 2132/2132/2132 2131/2131/2131 2128/2128/2128
f 2123/2123/2123 2127/2127/2127 2133/2133/2133
f 2123/2123/2123 2133/2133/2133 2129/2129/2129
f 2125/2125/2125 2129/2129/2129 2134/2134/2134
f 2125/2125/2125 2134/2134/2134 2130/2130/2130
f 2135/2135/2135 2131/2131/2131 2132/2132/2132
f 2136/2136/2136 2135/2135/2135 2132/2132/2132
f 2127/2127/2127 2131/2131/2131 2137/2137/2137
f 2127/2127/2127 2137/2137/2137 2133/2133/2133
f 2129/2129/2129 2133/2133/2133 2138/2138/2138
f 2129/2129/2129 2138/2138/2138 2134/2134/2134
f 2139/2139/2139 2135/2135/2135 2136/2136/2136
f 2140/2140/2140 2139/2139/2139 2136/2136/2136
f 2131/2131/2131 2135/2135/2135 2141/2141/2141
f 2131/2131/2131 2141/2141/2141 2137/2137/2137
f 2133/2133/2133 2137/2137/2137 2142/2142/2142
f 2133/2133/2133 2142/2142/2142 2138/2138/2138
f 2143/2143/2143 2139/2139/2139 2140/2140/2140
f 2144/2144/2144 2143/2143/2143 2140/2140/2140
f 2135/2135/2135 2139/2139/2139 2145/2145/2145
f 2135/2135/2135 2145/2145/2145 2141/2141/2141
f 2137/2137/2137 2141/2141/2141 2146/2146/2146
f 2137/2137/2137 2146/2146/2146 2142/2142/2142
f 2147/2147/2147 2143/2143/2143 2144/2144/2144
f 2148/2148/2148 2147/2147/2147 2144/2144/2144
f 2139/2139/2139 2143/2143/2143 2149/2149/2149
f 2139/2139/2139 2149/2149/2149 2145/2145/2145
f 2141/2141/2141 2145/2145/2145 2150/2150/2150
f 2141/2141/2141 2150/2150/2150 2146/2146/2146
f 2151/2151/2151 2147/2147/2147 2148/2148/2148
f 2152/2152/2152 2151/2151/2151 2148/2148/2148
f 2143/2143/2143 2147/2147/2147 2153/2153/2153
f 2143/2143/2143 2153/2153/2153 2149/2149/2149
f 2145/2145/2145 2149/2149/2149 2154/2154/2154
f 2145/2145/2145 2154/2154/2154 2150/2150/2150
f 2155/2155/2155 2151/2151/2151 2152/2152/2152
f 2156/2156/2156 2155/2155/2155 2152/2152/2152
f 2147/2147/2147 2151/2151/2151 2157/2157/2157
f 2147/2147/2147 2157/2157/2157 2153/2153/2153
f 2149/2149/2149 2153/2153/2153 2158/2158/2158
f 2149/2149/2149 2158/2158/2158 2154/2154/2154
f 2159/2159/2159 2155/2155/2155 2156/2156/2156
f 2160/2160/2160 2159/2159/2159 2156/2156/2156
f 2151/2151/2151 2155/2155/2155 2161/2161/2161
f 2151/2151/2151 2161/2161/2161 2157/2157/2157
f 2153/2153/2153 2157/2157/2157 2162/2162/2162
f 2153/2153/2153 2162/2162/2162 2158/2158/2158
f 2163/2163/2163 2159/2159/2159 2160/2160/2160
f 2164/2164/2164 2163/2163/2163 2160/2160/2160
f 2155/2155/2155 2159/2159/2159 2165/2165/2165
f 2155/2155/2155 2165/2165/2165 2161/2161/2161
f 2157/2157/2157 2161/2161/2161 2166/2166/2166
f 2157/2157/2157 2166/2166/2166 2162/2162/2162
f 2167/2167/2167 2163/2163/2163 2164/2164/2164
f 2168/2168/2168 2167/2167/2167 2164/2164/2164
f 2159/2159/2159 2163/2163/2163 2169/2169/2169
f 2159/2159/2159 2169/2169/2169 2165/2165/2165
f 2161/2161/2161 2165/2165/2165 2170/2170/2170
f 2161/2161/2161 2170/2170/2170 2166/2166/2166
f 2171/2171/2171 2167/2167/2167 2168/2168/2168
f 2172/2172/2172 2171/2171/2171 2168/2168/2168
f 2163/2163/2163 2167/2167/2167 2173/2173/2173
f 2163/2163/2163 2173/2173/2173 2169/2169/2169
f 2165/2165/2165 2169/2169/2169 2174/2174/2174
f 2165/2165/2165 2174/2174/2174 2170/2170/2170
f 2175/2175/2175 2171/2171/2171 2172/2172/2172
f 2176/2176/2176 2175/2175/2175 2172/2172/2172
f 2167/2167/2167 2171/2171/2171 2177/2177/2177
f 2167/2167/2167 2177/2177/2177 2173/2173/2173
f 2169/2169/2169 2173/2173/2173 2178/2178/2178
f 2169/2169/2169 2178/2178/2178 2174/2174/2174
f 2179/2179/2179 2175/2175/2175 2176/2176/2176
f 2180/2180/2180 2179/2179/2179 2176/2176/2176
f 2171/2171/2171 2175/2175/2175 2181/2181/2181
f 2171/2171/2171 2181/2181/2181 2177/2177/2177
f 2173/2173/2173 2177/2177/2177 2182/2182/2182
f 2173/2173/2173 2182/2182/2182 2178/2178/2178
f 2183/2183/2183 2179/2179/2179 2180/2180/2180
f 2184/2184/2184 2183/2183/2183 2180/2180/2180
f 2175/2175/2175 2179/2179/2179 2185/2185/2185
f 2175/2175/2175 2185/2185/2185 2181/2181/2181
f 2177/2177/2177 2181/2181/2181 2186/2186/2186
f 2177/2177/2177 2186/2186/2186 2182/2182/2182
f 2187/2187/2187 2183/2183/2183 2184/2184/2184
f 2188/2188/2188 2187/2187/2187 2184/2184/2184
f 2179/2179/2179 2183/2183/2183 2189/2189/2189
f 2179/2179/2179 2189/2189/2189 2185/2185/2185
f 2181/2181/2181 2185/2185/2185 2190/2190/2190
f 2181/2181/2181 2190/2190/2190 2186/2186/2186
f 2191/2191/2191 2187/2187/2187 2188/2188/2188
f 2192/2192/2192 2191/2191/2191 2188/2188/2188
f 2183/2183/2183 2187/2187/2187 2193/2193/2193
f 2183/2183/2183 2193/2193/2193 2189/2189/2189
f 2185/2185/2185 2189/2189/2189 2194/2194/2194
f 2185/2185/2185 2194/2194/2194 2190/2190/2190
f 2195/2195/2195 2191/2191/2191 2192/2192/2192
f 2196/2196/2196 2195/2195/2195 2192/2192/2192
f 2187/2187/2187 2191/2191/2191 2197/2197/2197
f 2187/2187/2187 2197/2197/2197 2193/2193/2193
f 2189/2189/2189 2193/2193/2193 2198/2198/2198
f 2189/2189/2189 2198/2198/2198 2194/2194/2194
f 2199/2199/2199 2195/2195/2195 2196/2196/2196
f 2200/2200/2200 2199/2199/2199 2196/2196/2196
f 2191/2191/2191 2195/2195/2195 2201/2201/2201
f 2191/2191/2191 2201/2201/2201 2197/2197/2197
f 2193/2193/2193 2197/2197/2197 2202/2202/2202
f 2193/2193/2193 2202/2202/2202 2198/2198/2198
f 2203/2203/2203 2199/2199/2199 2200/2200/2200
f 2204/2204/2204 2203/2203/2203 2200/2200/2200
f 2195/2195/2195 2199/2199/2199 2205/2205/2205
f 2195/2195/2195 2205/2205/2205 2201/2201/2201
f 2197/2197/2197 2201/2201/2201 2206/2206/2206
f 2197/2197/2197 2206/2206/2206 2202/2202/2202
f 2207/2207/2207 2203/2203/2203 2204/2204/2204
f 2208/2208/2208 2207/2207/2207 2204/2204/2204
f 2199/2199/2199 2203/2203/2203 2209/2209/2209
f 2199/2199/2199 2209/2209/2209 2205/2205/2205
f 2201/2201/2201 2205/2205/2205 2210/2210/2210
f 2201/2201/2201 2210/2210/2210 2206/2206/2206
f 2211/2211/2211 2207/2207/2207 2208/2208/2208
f 2212/2212/2212 2211/2211/2211 2208/2208/2208
f 2203/2203/2203 2207/2207/2207 2213/2213/2213
f 2203/2203/2203 2213/2213/2213 2209/2209/2209
f 2205/2205/2205 2209/2209/2209 2214/2214/2214
f 2205/2205/2205 2214/2214/2214 2210/2210/2210
f 2215/2215/2215 2211/2211/2211 2212/2212/2212
f 2216/2216/2216 2215/2215/2215 2212/2212/2212
f 2207/2207/2207 2211/2211/2211 2217/2217/2217
f 2207/2207/2207 2217/2217/2217 2213/2213/2213
f 2209/2209/2209 2213/2213/2213 2218/2218/2218
f 2209/2209/2209 2218/2218/2218 2214/2214/2214
f 2219/2219/2219 2215/2215/2215 2216/2216/2216
f 2220/2220/2220 2219/2219/2219 2216/2216/2216
f 2211/2211/2211 2215/2215/2215 2221/2221/2221
f 2211/2211/2211 2221/2221/2221 2217/2217/2217
f 2213/2213/2213 2217/2217/2217 2222/2222/2222
f 2213/2213/2213 2222/2222/2222 2218/2218/2218
f 2223/2223/2223 2219/2219/2219 2220/2220/2220
f 2224/2224/2224 2223/2223/2223 2220/2220/2220
f 2215/2215/2215 2219/2219/2219 2225/2225/2225
f 2215/2215/2215 2225/2225/2225 2221/2221/2221
f 2217/2217/2217 2221/2221/2221 2226/2226/2226
f 2217/2217/2217 2226/2226/2226 2222/2222/2222
f 2227/2227/2227 2223/2223/2223 2224/2224/2224
f 2228/2228/2228 2227/2227/2227 2224/2224/2224
f 2219/2219/2219 2223/2223/2223 2229/2229/2229
f 2219/2219/2219 2229/2229/2229 2225/2225/2225
f 2221/2221/2221 2225/2225/2225 2230/2230/2230
f 2221/2221/2221 2230/2230/2230 2226/2226/2226
f 2231/2231/2231 2227/2227/2227 2228/2228/2228
f 2232/2232/2232 2231/2231/2231 2228/2228/2228
f 2223/2223/2223 2227/2227/2227 2233/2233/2233
f 2223/2223/2223 2233/2233/2233 2229/2229/2229
f 2225/2225/2225 2229/2229/2229 2234/2234/2234
f 2225/2225/2225 2234/2234/2234 2230/2230/2230
f 2235/2235/2235 2231/2231/2231 2232/2232/2232
f 2236/2236/2236 2235/2235/2235 2232/2232/2232
f 2227/2227/2227 2231/2231/2231 2237/2237/2237
f 2227/2227/2227 2237/2237/2237 2233/2233/2233
f 2229/2229/2229 2233/2233/2233 2238/2238/2238
f 2229/2229/2229 2238/2238/2238 2234/2234/2234
f 2239/2239/2239 2235/2235/2235 2236/2236/2236
f 2240/2240/2240 2239/2239/2239 2236/2236/2236
f 2231/2231/2231 2235/2235/2235 2241/2241/2241
f 2231/2231/2231 2241/2241/2241 2237/2237/2237
f 2233/2233/2233 2237/2237/2237 2242/2242/2242
f 2233/2233/2233 2242/2242/2242 2238/2238/2238
f 2243/2243/2243 2239/2239/2239 2240/2240/2240
f 2244/2244/2244 2243/2243/2243 2240/2240/2240
f 2235/2235/2235 2239/2239/2239 2245/2245/2245
f 2235/2235/2235 2245/2245/2245 2241/2241/2241
f 2237/2237/2237 2241/2241/2241 2246/2246/2246
f 2237/2237/2237 2246/2246/2246 2242/2242/2242
f 2247/2247/2247 2243/2243/2243 2244/2244/2244
f 2248/2248/2248 2247/2247/2247 2244/2244/2244
f 2239/2239/2239 2243/2243/2243 2249/2249/2249
f 2239/2239/2239 2249/2249/2249 2245/2245/2245
f 2241/2241/2241 2245/2245/2245 2250/2250/2250
f 2241/2241/2241 2250/2250/2250 2246/2246/2246
f 2251/2251/2251 2247/2247/2247 2248/2248/2248
f 2252/2252/2252 2251/2251/2251 2248/2248/2248
f 2243/2243/2243 2247/2247/2247 2253/2253/2253
f 2243/2243/2243 2253/2253/2253 2249/2249/2249
f 2245/2245/2245 2249/2249/2249 2254/2254/2254
f 2245/2245/2245 2254/2254/2254 2250/2250/2250
f 2255/2255/2255 2251/2251/2251 2252/2252/2252
f 2256/2256/2256 2255/2255/2255 2252/2252/2252
f 2247/2247/2247 2251/2251/2251 2257/2257/2257
f 2247/2247/2247 2257/2257/2257 2253/2253/2253
f 2249/2249/2249 2253/2253/2253 2258/2258/2258
f 2249/2249/2249 2258/2258/2258 2254/2254/2254
f 2259/2259/2259 2255/2255/2255 2256/2256/2256
f 2260/2260/2260 2259/2259/2259 2256/2256/2256
f 2251/2251/2251 2255/2255/2255 2261/2261/2261
f 2251/2251/2251 2261/2261/2261 2257/2257/2257
f 2253/2253/2253 2257/2257/2257 2262/2262/2262
f 2253/2253/2253 2262/2262/2262 2258/2258/2258
f 2263/2263/2263 2259/2259/2259 2260/2260/2260
f 2264/2264/2264 2263/2263/2263 2260/2260/2260
f 2255/2255/2255 2259/2259/2259 2265/2265/2265
f 2255/2255/2255 2265/2265/2265 2261/2261/2261
f 2257/2257/2257 2261/2261/2261 2266/2266/2266
f 2257/2257/2257 2266/2266/2266 2262/2262/2262
f 2267/2267/2267 2263/2263/2263 2264/2264/2264
f 2268/2268/2268 2267/2267/2267 2264/2264/2264
f 2259/2259/2259 2263/2263/2263 2269/2269/2269
f 2259/2259/2259 2269/2269/2269 2265/2265/2265
f 2261/2261/2261 2265/2265/2265 2270/2270/2270
f 2261/2261/2261 2270/2270/2270 2266/2266/2266
f 2271/2271/2271 2267/2267/2267 2268/2268/2268
f 2272/2272/2272 2271/2271/2271 2268/2268/2268
f 2263/2263/2263 2267/2267/2267 2273/2273/2273
f 2263/2263/2263 2273/2273/2273 2269/2269/2269
f 2265/2265/2265 2269/2269/2269 2274/2274/2274
f 2265/2265/2265 2274/2274/2274 2270/2270/2270
f 2275/2275/2275 2271/2271/2271 2272/2272/2272
f 2276/2276/2276 2275/2275/2275 2272/2272/2272
f 2267/2267/2267 2271/2271/2271 2277/2277/2277
f 2267/2267/2267 2277/2277/2277 2273/2273/2273
f 2269/2269/2269 2273/2273/2273 2278/2278/2278
f 2269/2269/2269 2278/2278/2278 2274/2274/2274
f 2279/2279/2279 2275/2275/2275 2276/2276/2276
f 2280/2280/2280 2279/2279/2279 2276/2276/2276
f 2271/2271/2271 2275/2275/2275 2281/2281/2281
f 2271/2271/2271 2281/2281/2281 2277/2277/2277
f 2273/2273/2273 2277/2277/2277 2282/2282/2282
f 2273/2273/2273 2282/2282/2282 2278/2278/2278
f 2283/2283/2283 2279/2279/2279 2280/2280/2280
f 2284/2284/2284 2283/2283/2283 2280/2280/2280
f 2275/2275/2275 2279/2279/2279 2285/2285/2285
f 2275/2275/2275 2285/2285/2285 2281/2281/2281
f 2277/2277/2277 2281/2281/2281 2286/2286/2286
f 2277/2277/2277 2286/2286/2286 2282/2282/2282
f 2287/2287/2287 2283/2283/2283 2284/2284/2284
f 2288/2288/2288 2287/2287/2287 2284/2284/2284
f 2279/2279/2279 2283/2283/2283 2289/2289/2289
f 2279/2279/2279 2289/2289/2289 2285/2285/2285
f 2281/2281/2281 2285/2285/2285 2290/2290/2290
f 2281/2281/2281 2290/2290/2290 2286/2286/2286
f 2291/2291/2291 2287/2287/2287 2288/2288/2288
f 2292/2292/2292 2291/2291/2291 2288/2288/2288
f 2283/2283/2283 2287/2287/2287 2293/2293/2293
f 2283/2283/2283 2293/2293/2293 2289/2289/2289
f 2285/2285/2285 2289/2289/2289 2294/2294/2294
f 2285/2285/2285 2294/2294/2294 2290/2290/2290
f 2295/2295/2295 2291/2291/2291 2292/2292/2292
f 2296/2296/2296 2295/2295/2295 2292/2292/2292
f 2287/2287/2287 2291/2291/2291 2297/2297/2297
f 2287/2287/2287 2297/2297/2297 2293/2293/2293
f 2289/2289/2289 2293/2293/2293 2298/2298/2298
f 2289/2289/2289 2298/2298/2298 2294/2294/2294
f 2299/2299/2299 2295/2295/2295 2296/2296/2296
f 2300/2300/2300 2299/2299/2299 2296/2296/2296
f 2291/2291/2291 2295/2295/2295 2301/2301/2301
f 2291/2291/2291 2301/2301/2301 2297/2297/2297
f 2293/2293/2293 2297/2297/2297 2302/2302/2302
f 2293/2293/2293 2302/2302/2302 2298/2298/2298
f 2303/2303/2303 2299/2299/2299 2300/2300/2300
f 2304/2304/2304 2303/2303/2303 2300/2300/2300
f 2295/2295/2295 2299/2299/2299 2305/2305/2305
f 2295/2295/2295 2305/2305/2305 2301/2301/2301
f 2297/2297/2297 2301/2301/2301 2306/2306/2306
f 2297/2297/2297 2306/2306/2306 2302/2302/2302
f 2307/2307/2307 2303/2303/2303 2304/2304/2304
f 2308/2308/2308 2307/2307/2307 2304/2304/2304
f 2299/2299/2299 2303/2303/2303 2309/2309/2309
f 2299/2299/2299 2309/2309/2309 2305/2305/2305
f 2301/2301/2301 2305/2305/2305 2310/2310/2310
f 2301/2301/2301 2310/2310/2310 2306/2306/2306
f 2311/2311/2311 2307/2307/2307 2308/2308/2308
f 2312/2312/2312 2311/2311/2311 2308/2308/2308
f 2303/2303/2303 2307/2307/2307 2313/2313/2313
f 2303/2303/2303 2313/2313/2313 2309/2309/2309
f 2305/2305/2305 2309/2309/2309 2314/2314/2314
f 2305/2305/2305 2314/2314/2314 2310/2310/2310
f 2315/2315/2315 2311/2311/2311 2312/2312/2312
f 2316/2316/2316 2315/2315/2315 2312/2312/2312
f 2307/2307/2307 2311/2311/2311 2317/2317/2317
f 2307/2307/2307 2317/2317/2317 2313/2313/2313
f 2309/2309/2309 2313/2313/2313 2318/2318/2318
f 2309/2309/2309 2318/2318/2318 2314/2314/2314
f 2319/2319/2319 2315/2315/2315 2316/2316/2316
f 2320/2320/2320 2319/2319/2319 2316/2316/2316
f 2311/2311/2311 2315/2315/2315 2321/2321/2321
f 2311/2311/2311 2321/2321/2321 2317/2317/2317
f 2313/2313/2313 2317/2317/2317 2322/2322/2322
f 2313/2313/2313 2322/2322/2322 2318/2318/2318
f 2323/2323/2323 2319/2319/2319 2320/2320/2320
f 2324/2324/2324 2323/2323/2323 2320/2320/2320
f 2315/2315/2315 2319/2319/2319 2325/2325/2325
f 2315/2315/2315 2325/2325/2325 2321/2321/2321
f 2317/2317/2317 2321/2321/2321 2326/2326/2326
f 2317/2317/2317 2326/2326/2326 2322/2322/2322
f 2327/2327/2327 2323/2323/2323 2324/2324/2324
f 2328/2328/2328 2327/2327/2327 2324/2324/2324
f 2319/2319/2319 2323/2323/2323 2329/2329/2329
f 2319/2319/2319 2329/2329/2329 2325/2325/2325
f 2321/2321/2321 2325/2325/2325 2330/2330/2330
f 2321/2321/2321 2330/2330/2330 2326/2326/2326
f 2331/2331/2331 2327/2327/2327 2328/2328/2328
f 2332/2332/2332 2331/2331/2331 2328/2328/2328
f 2323/2323/2323 2327/2327/2327 2333/2333/2333
f 2323/2323/2323 2333/2333/2333 2329/2329/2329
f 2325/2325/2325 2329/2329/2329 2334/2334/2334
f 2325/2325/2325 2334/2334/2334 2330/2330/2330
f 2335/2335/2335 2331/2331/2331 2332/2332/2332
f 2336/2336/2336 2335/2335/2335 2332/2332/2332
f 2327/2327/2327 2331/2331/2331 2337/2337/2337
f 2327/2327/2327 2337/2337/2337 2333/2333/2333
f 2329/2329/2329 2333/2333/2333 2338/2338/2338
f 2329/2329/2329 2338/2338/2338 2334/2334/2334
f 2339/2339/2339 2335/2335/2335 2336/2336/2336
f 2340/2340/2340 2339/2339/2339 2336/2336/2336
f 2331/2331/2331 2335/2335/2335 2341/2341/2341
f 2331/2331/2331 2341/2341/2341 2337/2337/2337
f 2333/2333/2333 2337/2337/2337 2342/2342/2342
f 2333/2333/2333 2342/2342/2342 2338/2338/2338
f 2343/2343/2343 2339/2339/2339 2340/2340/2340
f 2344/2344/2344 2343/2343/2343 2340/2340/2340
f 2335/2335/2335 2339/2339/2339 2345/2345/2345
f 2335/2335/2335 2345/2345/2345 2341/2341/2341
f 2337/2337/2337 2341/2341/2341 2346/2346/2346
f 2337/2337/2337 2346/2346/2346 2342/2342/2342
f 2347/2347/2347 2343/2343/2343 2344/2344/2344
f 2348/2348/2348 2347/2347/2347 2344/2344/2344
f 2349/2349/2349 2347/2347/2347 2348/2348/2348
f 2350/2350/2350 2347/2347/2347 2349/2349/2349
f 2351/2351/2351 2347/2347/2347 2350/2350/2350
f 2352/2352/2352 2347/2347/2347 2351/2351/2351
f 2353/2353/2353 2347/2347/2347 2352/2352/2352
f 2354/2354/2354 2347/2347/2347 2353/2353/2353
f 2341/2341/2341 2345/2345/2345 2355/2355/2355
f 2341/2341/2341 2355/2355/2355 2346/2346/2346
f 2356/2356/2356 2347/2347/2347 2354/2354/2354
f 2357/2357/2357 2356/2356/2356 2354/2354/2354
f 2358/2358/2358 2356/2356/2356 2357/2357/2357
f 2359/2359/2359 2358/2358/2358 2357/2357/2357
f 2360/2360/2360 2358/2358/2358 2359/2359/2359
f 2361/2361/2361 2360/2360/2360 2359/2359/2359
f 2362/2362/2362 2360/2360/2360 2361/2361/2361
f 2363/2363/2363 2362/2362/2362 2361/2361/2361
f 2364/2364/2364 2362/2362/2362 2363/2363/2363
f 2365/2365/2365 2364/2364/2364 2363/2363/2363
f 2366/2366/2366 2364/2364/2364 2365/2365/2365
f 2367/2367/2367 2366/2366/2366 2365/2365/2365
f 2368/2368/2368 2366/2366/2366 2367/2367/2367
f 2369/2369/2369 2368/2368/2368 2367/2367/2367
f 2370/2370/2370 2368/2368/2368 2369/2369/2369
f 2371/2371/2371 2370/2370/2370 2369/2369/2369
f 2372/2372/2372 2370/2370/2370 2371/2371/2371
f 2373/2373/2373 2372/2372/2372 2371/2371/2371
f 2374/2374/2374 2372/2372/2372 2373/2373/2373
f 2375/2375/2375 2374/2374/2374 2373/2373/2373
f 2376/2376/2376 2374/2374/2374 2375/2375/2375
f 2377/2377/2377 2376/2376/2376 2375/2375/2375
f 2378/2378/2378 2376/2376/2376 2377/2377/2377
f 2379/2379/2379 2378/2378/2378 2377/2377/2377
f 2380/2380/2380 2378/2378/2378 2379/2379/2379
f 2381/2381/2381 2380/2380/2380 2379/2379/2379
f 2382/2382/2382 2380/2380/2380 2381/2381/2381
f 2383/2383/2383 2382/2382/2382 2381/2381/2381
f 2384/2384/2384 2382/2382/2382 2383/2383/2383
f 2385/2385/2385 2384/2384/2384 2383/2383/2383
f 2386/2386/2386 2384/2384/2384 2385/2385/2385
f 2387/2387/2387 2386/2386/2386 2385/2385/2385
f 2388/2388/2388 2386/2386/2386 2387/2387/2387
f 2389/2389/2389 2388/2388/2388 2387/2387/2387
f 2390/2390/2390 2388/2388/2388 2389/2389/2389
f 2391/2391/2391 2388/2388/2388 2390/2390/2390
f 2392/2392/2392 2391/2391/2391 2390/2390/2390
f 2393/2393/2393 2391/2391/2391 2392/2392/2392
f 2394/2394/2394 2393/2393/2393 2392/2392/2392
f 2395/2395/2395 2393/2393/2393 2394/2394/2394
f 2396/2396/2396 2395/2395/2395 2394/2394/2394
f 2397/2397/2397 2395/2395/2395 2396/2396/2396
f 2398/2398/2398 2397/2397/2397 2396/2396/2396
f 2399/2399/2399 2397/2397/2397 2398/2398/2398
f 2400/2400/2400 2399/2399/2399 2398/2398/2398
f 2401/2401/2401 2399/2399/2399 2400/2400/2400
f 2402/2402/2402 2401/2401/2401 2400/2400/2400
f 2403/2403/2403 2401/2401/2401 2402/2402/2402
f 2404/2404/2404 2403/2403/2403 2402/2402/2402
f 2405/2405/2405 2403/2403/2403 2404/2404/2404
f 2406/2406/2406 2405/2405/2405 2404/2404/2404
f 2407/2407/2407 2405/2405/2405 2406/2406/2406
f 2408/2408/2408 2407/2407/2407 2406/2406/2406
f 2409/2409/2409 2407/2407/2407 2408/2408/2408
f 2410/2410/2410 2409/2409/2409 2408/2408/2408
f 2411/2411/2411 2409/2409/2409 2410/2410/2410
f 2412/2412/2412 2411/2411/2411 2410/2410/2410
f 2413/2413/2413 2411/2411/2411 2412/2412/2412
f 2414/2414/2414 2413/2413/2413 2412/2412/2412
f 2415/2415/2415 2413/2413/2413 2414/2414/2414
f 2416/2416/2416 2415/2415/2415 2414/2414/2414
f 2417/2417/2417 2415/2415/2415 2416/2416/2416
f 2418/2418/2418 2417/2417/2417 2416/2416/2416
f 2419/2419/2419 2417/2417/2417 2418/2418/2418
f 2420/2420/2420 2419/2419/2419 2418/2418/2418
f 2421/2421/2421 2419/2419/2419 2420/2420/2420
f 2422/2422/2422 2421/2421/2421 2420/2420/2420
f 2423/2423/2423 2421/2421/2421 2422/2422/2422
f 2424/2424/2424 2423/2423/2423 2422/2422/2422
f 2425/2425/2425 2423/2423/2423 2424/2424/2424
f 2426/2426/2426 2425/2425/2425 2424/2424/2424
f 2427/2427/2427 2425/2425/2425 2426/2426/2426
f 2428/2428/2428 2427/2427/2427 2426/2426/2426
f 2429/2429/2429 2427/2427/2427 2428/2428/2428
f 2430/2430/2430 2429/2429/2429 2428/2428/2428
f 2431/2431/2431 2429/2429/2429 2430/2430/2430
f 2432/2432/2432 2429/2429/2429 2431/2431/2431
f 2433/2433/2433 2429/2429/2429 2432/2432/2432
f 2434/2434/2434 2429/2429/2429 2433/2433/2433
f 2435/2435/2435 2429/2429/2429 2434/2434/2434
f 2436/2436/2436 2435/2435/2435 2434/2434/2434
f 2437/2437/2437 2435/2435/2435 2436/2436/2436
f 2438/2438/2438 2437/2437/2437 2436/2436/2436
f 2439/2439/2439 2437/2437/2437 2438/2438/2438
f 2440/2440/2440 2439/2439/2439 2438/2438/2438
f 2441/2441/2441 2439/2439/2439 2440/2440/2440
f 2442/2442/2442 2441/2441/2441 2440/2440/2440
f 2443/2443/2443 2441/2441/2441 2442/2442/2442
f 2444/2444/2444 2443/2443/2443 2442/2442/2442
f 2445/2445/2445 2443/2443/2443 2444/2444/2444
f 2446/2446/2446 2445/2445/2445 2444/2444/2444
f 2447/2447/2447 2445/2445/2445 2446/2446/2446
f 2448/2448/2448 2447/2447/2447 2446/2446/2446
f 2449/2449/2449 2447/2447/2447 2448/2448/2448
f 2450/2450/2450 2447/2447/2447 2449/2449/2449
f 2451/2451/2451 2447/2447/2447 2450/2450/2450
f 2452/2452/2452 2447/2447/2447 2451/2451/2451
f 2453/2453/2453 2447/2447/2447 2452/2452/2452
f 2454/2454/2454 2447/2447/2447 2453/2453/2453
f 2455/2455/2455 2454/2454/2454 2453/2453/2453
f 2456/2456/2456 2454/2454/2454 2455/2455/2455
f 2457/2457/2457 2456/2456/2456 2455/2455/2455
f 2458/2458/2458 2456/2456/2456 2457/2457/2457
f 2459/2459/2459 2458/2458/2458 2457/2457/2457
f 2460/2460/2460 2458/2458/2458 2459/2459/2459
f 2461/2461/2461 2460/2460/2460 2459/2459/2459
f 2462/2462/2462 2460/2460/2460 2461/2461/2461
f 2463/2463/2463 2462/2462/2462 2461/2461/2461
f 2464/2464/2464 2462/2462/2462 2463/2463/2463
f 2465/2465/2465 2464/2464/2464 2463/2463/2463
f 2466/2466/2466 2464/2464/2464 2465/2465/2465
f 2467/2467/2467 2466/2466/2466 2465/2465/2465
f 2468/2468/2468 2466/2466/2466 2467/2467/2467
f 2469/2469/2469 2468/2468/2468 2467/2467/2467
f 2470/2470/2470 2468/2468/2468 2469/2469/2469
f 2471/2471/2471 2470/2470/2470 2469/2469/2469
f 2472/2472/2472 2470/2470/2470 2471/2471/2471
f 2473/2473/2473 2472/2472/2472 2471/2471/2471
f 2474/2474/2474 2472/2472/2472 2473/2473/2473
f 2475/2475/2475 2474/2474/2474 2473/2473/2473
f 2476/2476/2476 2474/2474/2474 2475/2475/2475
f 2477/2477/2477 2476/2476/2476 2475/2475/2475
f 2478/2478/2478 2476/2476/2476 2477/2477/2477
f 2479/2479/2479 2478/2478/2478 2477/2477/2477
f 2480/2480/2480 2478/2478/2478 2479/2479/2479
f 2481/2481/2481 2480/2480/2480 2479/2479/2479
f 2482/2482/2482 2480/2480/2480 2481/2481/2481
f 2483/2483/2483 2482/2482/2482 2481/2481/2481
f 2484/2484/2484 2482/2482/2482 2483/2483/2483
f 2485/2485/2485 2484/2484/2484 2483/2483/2483
f 2486/2486/2486 2484/2484/2484 2485/2485/2485
f 2487/2487/2487 2486/2486/2486 2485/2485/2485
f 2488/2488/2488 2486/2486/2486 2487/2487/2487
f 2489/2489/2489 2488/2488/2488 2487/2487/2487
f 2490/2490/2490 2488/2488/2488 2489/2489/2489
f 2491/2491/2491 2490/2490/2490 2489/2489/2489
f 2492/2492/2492 2490/2490/2490 2491/2491/2491
f 2493/2493/2493 2492/2492/2492 2491/2491/2491
f 2494/2494/2494 2492/2492/2492 2493/2493/2493
f 2495/2495/2495 2494/2494/2494 2493/2493/2493
f 2496/2496/2496 2494/2494/2494 2495/2495/2495
f 2497/2497/2497 2496/2496/2496 2495/2495/2495
f 2498/2498/2498 2496/2496/2496 2497/2497/2497
f 2499/2499/2499 2498/2498/2498 2497/2497/2497
f 2500/2500/2500 2498/2498/2498 2499/2499/2499
f 2501/2501/2501 2500/2500/2500 2499/2499/2499
f 2502/2502/2502 2500/2500/2500 2501/2501/2501
f 2503/2503/2503 2502/2502/2502 2501/2501/2501
f 2504/2504/2504 2502/2502/2502 2503/2503/2503
f 2505/2505/2505 2504/2504/2504 2503/2503/2503
f 2506/2506/2506 2504/2504/2504 2505/2505/2505
f 2507/2507/2507 2506/2506/2506 2505/2505/2505
f 2508/2508/2508 2506/2506/2506 2507/2507/2507
f 2509/2509/2509 2508/2508/2508 2507/2507/2507
f 2510/2510/2510 2508/2508/2508 2509/2509/2509
f 2511/2511/2511 2510/2510/2510 2509/2509/2509
f 2512/2512/2512 2510/2510/2510 2511/2511/2511
f 2513/2513/2513 2512/2512/2512 2511/2511/2511
f 2514/2514/2514 2512/2512/2512 2513/2513/2513
f 2515/2515/2515 2514/2514/2514 2513/2513/2513
f 2516/2516/2516 2514/2514/2514 2515/2515/2515
f 2517/2517/2517 2516/2516/2516 2515/2515/2515
f 2518/2518/2518 2516/2516/2516 2517/2517/2517
f 2519/2519/2519 2518/2518/2518 2517/2517/2517
f 2520/2520/2520 2518/2518/2518 2519/2519/2519
f 2521/2521/2521 2520/2520/2520 2519/2519/2519
f 2522/2522/2522 2520/2520/2520 2521/2521/2521
f 2523/2523/2523 2522/2522/2522 2521/2521/2521
f 2524/2524/2524 2522/2522/2522 2523/2523/2523
f 2525/2525/2525 2524/2524/2524 2523/2523/2523
f 2526/2526/2526 2524/2524/2524 2525/2525/2525
f 2527/2527/2527 2526/2526/2526 2525/2525/2525
f 2528/2528/2528 2526/2526/2526 2527/2527/2527
f 2529/2529/2529 2528/2528/2528 2527/2527/2527
f 2530/2530/2530 2528/2528/2528 2529/2529/2529
f 2531/2531/2531 2530/2530/2530 2529/2529/2529
f 2532/2532/2532 2530/2530/2530 2531/2531/2531
f 2533/2533/2533 2532/2532/2532 2531/2531/2531
f 2534/2534/2534 2532/2532/2532 2533/2533/2533
f 2535/2535/2535 2534/2534/2534 2533/2533/2533
f 2536/2536/2536 2534/2534/2534 2535/2535/2535
f 2537/2537/2537 2536/2536/2536 2535/2535/2535
f 2538/2538/2538 2536/2536/2536 2537/2537/2537
f 2539/2539/2539 2538/2538/2538 2537/2537/2537
f 2540/2540/2540 2538/2538/2538 2539/2539/2539
f 2541/2541/2541 2540/2540/2540 2539/2539/2539
f 2542/2542/2542 2540/2540/2540 2541/2541/2541
f 2543/2543/2543 2542/2542/2542 2541/2541/2541
f 2544/2544/2544 2542/2542/2542 2543/2543/2543
f 2545/2545/2545 2544/2544/2544 2543/2543/2543
f 2546/2546/2546 2544/2544/2544 2545/2545/2545
f 2547/2547/2547 2546/2546/2546 2545/2545/2545
f 2548/2548/2548 2546/2546/2546 2547/2547/2547
f 2549/2549/2549 2548/2548/2548 2547/2547/2547
f 2550/2550/2550 2548/2548/2548 2549/2549/2549
f 2551/2551/2551 2550/2550/2550 2549/2549/2549
f 2552/2552/2552 2550/2550/2550 2551/2551/2551
f 2553/2553/2553 2552/2552/2552 2551/2551/2551
f 2554/2554/2554 2552/2552/2552 2553/2553/2553
f 2555/2555/2555 2554/2554/2554 2553/2553/2553
f 2556/2556/2556 2554/2554/2554 2555/2555/2555
f 2557/2557/2557 2556/2556/2556 2555/2555/2555
f 2558/2558/2558 2556/2556/2556 2557/2557/2557
f 2559/2559/2559 2558/2558/2558 2557/2557/2557
f 2560/2560/2560 2558/2558/2558 2559/2559/2559
f 2561/2561/2561 2560/2560/2560 2559/2559/2559
f 2562/2562/2562 2560/2560/2560 2561/2561/2561
f 2563/2563/2563 2562/2562/2562 2561/2561/2561
f 2564/2564/2564 2562/2562/2562 2563/2563/2563
f 2565/2565/2565 2564/2564/2564 2563/2563/2563
f 2566/2566/2566 2564/2564/2564 2565/2565/2565
f 2567/2567/2567 2566/2566/2566 2565/2565/2565
f 2568/2568/2568 2566/2566/2566 2567/2567/2567
f 2569/2569/2569 2568/2568/2568 2567/2567/2567
f 2570/2570/2570 2568/2568/2568 2569/2569/2569
f 2571/2571/2571 2570/2570/2570 2569/2569/2569
f 2572/2572/2572 2570/2570/2570 2571/2571/2571
f 2573/2573/2573 2572/2572/2572 2571/2571/2571
f 2574/2574/2574 2572/2572/2572 2573/2573/2573
f 2575/2575/2575 2574/2574/2574 2573/2573/2573
f 2576/2576/2576 2574/2574/2574 2575/2575/2575
f 2577/2577/2577 2576/2576/2576 2575/2575/2575
f 2578/2578/2578 2576/2576/2576 2577/2577/2577
f 2579/2579/2579 2578/2578/2578 2577/2577/2577
f 2580/2580/2580 2578/2578/2578 2579/2579/2579
f 2581/2581/2581 2580/2580/2580 2579/2579/2579
f 2582/2582/2582 2580/2580/2580 2581/2581/2581
f 2583/2583/2583 2582/2582/2582 2581/2581/2581
f 2584/2584/2584 2582/2582/2582 2583/2583/2583
f 2585/2585/2585 2584/2584/2584 2583/2583/2583
f 2586/2586/2586 2584/2584/2584 2585/2585/2585
f 2587/2587/2587 2586/2586/2586 2585/2585/2585
f 2588/2588/2588 2586/2586/2586 2587/2587/2587
f 2589/2589/2589 2588/2588/2588 2587/2587/2587
f 2590/2590/2590 2588/2588/2588 2589/2589/2589
f 2591/2591/2591 2590/2590/2590 2589/2589/2589
f 2592/2592/2592 2590/2590/2590 2591/2591/2591
f 2593/2593/2593 2592/2592/2592 2591/2591/2591
f 2594/2594/2594 2592/2592/2592 2593/2593/2593
f 2595/2595/2595 2594/2594/2594 2593/2593/2593
f 2596/2596/2596 2594/2594/2594 2595/2595/2595
f 2597/2597/2597 2596/2596/2596 2595/2595/2595
f 2598/2598/2598 2596/2596/2596 2597/2597/2597
f 2599/2599/2599 2598/2598/2598 2597/2597/2597
f 2600/2600/2600 2598/2598/2598 2599/2599/2599
f 2601/2601/2601 2600/2600/2600 2599/2599/2599
f 2602/2602/2602 2600/2600/2600 2601/2601/2601
f 2603/2603/2603 2602/2602/2602 2601/2601/2601
f 2604/2604/2604 2602/2602/2602 2603/2603/2603
f 2605/2605/2605 2604/2604/2604 2603/2603/2603
f 2602/2602/2602 2604/2604/2604 2606/2606/2606
f 2604/2604/2604 2607/2607/2607 2606/2606/2606
f 2607/2607/2607 2604/2604/2604 2605/2605/2605
f 2608/2608/2608 2602/2602/2602 2606/2606/2606
f 2609/2609/2609 2607/2607/2607 2605/2605/2605
f 2610/2610/2610 2607/2607/2607 2609/2609/2609
f 2607/2607/2607 2610/2610/2610 2606/2606/2606
f 2611/2611/2611 2610/2610/2610 2609/2609/2609
f 2612/2612/2612 2610/2610/2610 2611/2611/2611
f 2610/2610/2610 2612/2612/2612 2606/2606/2606
f 2613/2613/2613 2612/2612/2612 2611/2611/2611
f 2606/2606/2606 2612/2612/2612 2613/2613/2613
f 2614/2614/2614 2606/2606/2606 2613/2613/2613
f 2606/2606/2606 2614/2614/2614 2615/2615/2615
f 2600/2600/2600 2602/2602/2602 2616/2616/2616
f 2602/2602/2602 2608/2608/2608 2616/2616/2616
f 1106/1106/1106 2606/2606/2606 2615/2615/2615
f 2608/2608/2608 2606/2606/2606 1106/1106/1106
f 2615/2615/2615 2617/2617/2617 1106/1106/1106
f 2618/2618/2618 2617/2617/2617 2615/2615/2615
f 2619/2619/2619 2618/2618/2618 2615/2615/2615
f 2620/2620/2620 2618/2618/2618 2619/2619/2619
f 2621/2621/2621 2620/2620/2620 2619/2619/2619
f 2622/2622/2622 2620/2620/2620 2621/2621/2621
f 2623/2623/2623 2622/2622/2622 2621/2621/2621
f 2624/2624/2624 2622/2622/2622 2623/2623/2623
f 2625/2625/2625 2624/2624/2624 2623/2623/2623
f 2626/2626/2626 2624/2624/2624 2625/2625/2625
f 2627/2627/2627 2626/2626/2626 2625/2625/2625
f 2628/2628/2628 2626/2626/2626 2627/2627/2627
f 2629/2629/2629 2628/2628/2628 2627/2627/2627
f 2630/2630/2630 2628/2628/2628 2629/2629/2629
f 2631/2631/2631 2630/2630/2630 2629/2629/2629
f 2632/2632/2632 2630/2630/2630 2631/2631/2631
f 2633/2633/2633 2632/2632/2632 2631/2631/2631
f 2634/2634/2634 2632/2632/2632 2633/2633/2633
f 2635/2635/2635 2632/2632/2632 2634/2634/2634
f 2636/2636/2636 2632/2632/2632 2635/2635/2635
f 2637/2637/2637 2632/2632/2632 2636/2636/2636
f 2638/2638/2638 2632/2632/2632 2637/2637/2637
f 2639/2639/2639 2638/2638/2638 2637/2637/2637
f 2640/2640/2640 2638/2638/2638 2639/2639/2639
f 2641/2641/2641 2640/2640/2640 2639/2639/2639
f 2642/2642/2642 2640/2640/2640 2641/2641/2641
f 2643/2643/2643 2642/2642/2642 2641/2641/2641
f 2644/2644/2644 2642/2642/2642 2643/2643/2643
f 2645/2645/2645 2644/2644/2644 2643/2643/2643
f 2646/2646/2646 2644/2644/2644 2645/2645/2645
f 2647/2647/2647 2646/2646/2646 2645/2645/2645
f 2648/2648/2648 2646/2646/2646 2647/2647/2647
f 2649/2649/2649 2648/2648/2648 2647/2647/2647
f 2650/2650/2650 2648/2648/2648 2649/2649/2649
f 2651/2651/2651 2650/2650/2650 2649/2649/2649
f 2652/2652/2652 2650/2650/2650 2651/2651/2651
f 2653/2653/2653 2652/2652/2652 2651/2651/2651
f 2654/2654/2654 2652/2652/2652 2653/2653/2653
f 2655/2655/2655 2654/2654/2654 2653/2653/2653
f 2656/2656/2656 2654/2654/2654 2655/2655/2655
f 2657/2657/2657 2656/2656/2656 2655/2655/2655
f 2658/2658/2658 2656/2656/2656 2657/2657/2657
f 2659/2659/2659 2658/2658/2658 2657/2657/2657
f 2660/2660/2660 2658/2658/2658 2659/2659/2659
f 2661/2661/2661 2660/2660/2660 2659/2659/2659
f 2662/2662/2662 2660/2660/2660 2661/2661/2661
f 2663/2663/2663 2662/2662/2662 2661/2661/2661
f 2664/2664/2664 2662/2662/2662 2663/2663/2663
f 2665/2665/2665 2664/2664/2664 2663/2663/2663
f 2666/2666/2666 2664/2664/2664 2665/2665/2665
f 2667/2667/2667 2666/2666/2666 2665/2665/2665
f 2668/2668/2668 2666/2666/2666 2667/2667/2667
f 2669/2669/2669 2668/2668/2668 2667/2667/2667
f 2670/2670/2670 2668/2668/2668 2669/2669/2669
f 2671/2671/2671 2670/2670/2670 2669/2669/2669
f 2672/2672/2672 2670/2670/2670 2671/2671/2671
f 2673/2673/2673 2672/2672/2672 2671/2671/2671
f 2674/2674/2674 2672/2672/2672 2673/2673/2673
f 2675/2675/2675 2674/2674/2674 2673/2673/2673
f 2676/2676/2676 2674/2674/2674 2675/2675/2675
f 2677/2677/2677 2676/2676/2676 2675/2675/2675
f 2678/2678/2678 2676/2676/2676 2677/2677/2677
f 2679/2679/2679 2678/2678/2678 2677/2677/2677
f 2680/2680/2680 2678/2678/2678 2679/2679/2679
f 2681/2681/2681 2680/2680/2680 2679/2679/2679
f 2682/2682/2682 2680/2680/2680 2681/2681/2681
f 2683/2683/2683 2680/2680/2680 2682/2682/2682
f 2684/2684/2684 2680/2680/2680 2683/2683/2683
f 2685/2685/2685 2684/2684/2684 2683/2683/2683
f 2686/2686/2686 2684/2684/2684 2685/2685/2685
f 2687/2687/2687 2686/2686/2686 2685/2685/2685
f 2688/2688/2688 2686/2686/2686 2687/2687/2687
f 2689/2689/2689 2688/2688/2688 2687/2687/2687
f 2690/2690/2690 2688/2688/2688 2689/2689/2689
f 2691/2691/2691 2690/2690/2690 2689/2689/2689
f 2692/2692/2692 2690/2690/2690 2691/2691/2691
f 2693/2693/2693 2692/2692/2692 2691/2691/2691
f 2694/2694/2694 2692/2692/2692 2693/2693/2693
f 2695/2695/2695 2694/2694/2694 2693/2693/2693
f 2696/2696/2696 2694/2694/2694 2695/2695/2695
f 2697/2697/2697 2696/2696/2696 2695/2695/2695
f 2698/2698/2698 2696/2696/2696 2697/2697/2697
f 2699/2699/2699 2698/2698/2698 2697/2697/2697
f 2700/2700/2700 2698/2698/2698 2699/2699/2699
f 2701/2701/2701 2700/2700/2700 2699/2699/2699
f 2702/2702/2702 2700/2700/2700 2701/2701/2701
f 2703/2703/2703 2702/2702/2702 2701/2701/2701
f 2704/2704/2704 2702/2702/2702 2703/2703/2703
f 2705/2705/2705 2704/2704/2704 2703/2703/2703
f 2706/2706/2706 2704/2704/2704 2705/2705/2705
f 2707/2707/2707 2706/2706/2706 2705/2705/2705
f 2708/2708/2708 2706/2706/2706 2707/2707/2707
f 2709/2709/2709 2708/2708/2708 2707/2707/2707
f 2710/2710/2710 2708/2708/2708 2709/2709/2709
f 2711/2711/2711 2710/2710/2710 2709/2709/2709
f 2712/2712/2712 2710/2710/2710 2711/2711/2711
f 2713/2713/2713 2712/2712/2712 2711/2711/2711
f 2714/2714/2714 2712/2712/2712 2713/2713/2713
f 2715/2715/2715 2714/2714/2714 2713/2713/2713
f 2716/2716/2716 2714/2714/2714 2715/2715/2715
f 2717/2717/2717 2716/2716/2716 2715/2715/2715
f 2718/2718/2718 2716/2716/2716 2717/2717/2717
f 2719/2719/2719 2718/2718/2718 2717/2717/2717
f 2720/2720/2720 2718/2718/2718 2719/2719/2719
f 2721/2721/2721 2720/2720/2720 2719/2719/2719
f 2722/2722/2722 2720/2720/2720 2721/2721/2721
f 2723/2723/2723 2722/2722/2722 2721/2721/2721
f 2724/2724/2724 2722/2722/2722 2723/2723/2723
f 2725/2725/2725 2724/2724/2724 2723/2723/2723
f 2726/2726/2726 2724/2724/2724 2725/2725/2725
f 2727/2727/2727 2726/2726/2726 2725/2725/2725
f 2728/2728/2728 2726/2726/2726 2727/2727/2727
f 2729/2729/2729 2728/2728/2728 2727/2727/2727
f 2730/2730/2730 2728/2728/2728 2729/2729/2729
f 2731/2731/2731 2730/2730/2730 2729/2729/2729
f 2734/2734/2734 2733/2733/2733 2732/2732/2732
f 2733/2733/2733 2735/2735/2735 2732/2732/2732
f 2732/2732/2732 2735/2735/2735 2736/2736/2736
f 2736/2736/2736 2737/2737/2737 2732/2732/2732
f 2736/2736/2736 2738/2738/2738 2737/2737/2737
f 2738/2738/2738 2739/2739/2739 2737/2737/2737
f 2739/2739/2739 2740/2740/2740 2737/2737/2737
f 2740/2740/2740 2741/2741/2741 2737/2737/2737
f 2744/2744/2744 2743/2743/2743 2742/2742/2742
f 2744/2744/2744 2742/2742/2742 2745/2745/2745
f 2744/2744/2744 2745/2745/2745 2746/2746/2746
f 2747/2747/2747 2746/2746/2746 2745/2745/2745
f 2748/2748/2748 2746/2746/2746 2747/2747/2747
f 2749/2749/2749 2746/2746/2746 2748/2748/2748
f 2750/2750/2750 2746/2746/2746 2749/2749/2749
f 2751/2751/2751 2746/2746/2746 2750/2750/2750
f 2752/2752/2752 2746/2746/2746 2751/2751/2751
f 2753/2753/2753 2746/2746/2746 2752/2752/2752
f 2754/2754/2754 2746/2746/2746 2753/2753/2753
f 2746/2746/2746 2755/2755/2755 2744/2744/2744
f 2755/2755/2755 2746/2746/2746 2754/2754/2754
f 2744/2744/2744 2755/2755/2755 2756/2756/2756
f 2756/2756/2756 2755/2755/2755 2757/2757/2757
f 2757/2757/2757 2755/2755/2755 2758/2758/2758
f 2758/2758/2758 2755/2755/2755 2759/2759/2759
f 2759/2759/2759 2755/2755/2755 2760/2760/2760
f 2760/2760/2760 2755/2755/2755 2761/2761/2761
f 2761/2761/2761 2755/2755/2755 2762/2762/2762
f 2762/2762/2762 2755/2755/2755 2763/2763/2763
f 2763/2763/2763 2755/2755/2755 2754/2754/2754
f 2764/2764/2764 2763/2763/2763 2754/2754/2754
f 2764/2764/2764 2754/2754/2754 2765/2765/2765
f 2764/2764/2764 2765/2765/2765 2766/2766/2766
f 2767/2767/2767 2766/2766/2766 2765/2765/2765
f 2768/2768/2768 2766/2766/2766 2767/2767/2767
f 2769/2769/2769 2766/2766/2766 2768/2768/2768
f 2770/2770/2770 2766/2766/2766 2769/2769/2769
f 2771/2771/2771 2766/2766/2766 2770/2770/2770
f 2772/2772/2772 2766/2766/2766 2771/2771/2771
f 2773/2773/2773 2766/2766/2766 2772/2772/2772
f 2774/2774/2774 2766/2766/2766 2773/2773/2773
f 2766/2766/2766 2775/2775/2775 2764/2764/2764
f 2775/2775/2775 2766/2766/2766 2774/2774/2774
f 2764/2764/2764 2775/2775/2775 2776/2776/2776
f 2776/2776/2776 2775/2775/2775 2777/2777/2777
f 2777/2777/2777 2775/2775/2775 2778/2778/2778
f 2778/2778/2778 2775/2775/2775 2779/2779/2779
f 2779/2779/2779 2775/2775/2775 2780/2780/2780
f 2780/2780/2780 2775/2775/2775 2781/2781/2781
f 2781/2781/2781 2775/2775/2775 2782/2782/2782
f 2782/2782/2782 2775/2775/2775 2783/2783/2783
f 2783/2783/2783 2775/2775/2775 2774/2774/2774
f 2784/2784/2784 2783/2783/2783 2774/2774/2774
f 2784/2784/2784 2774/2774/2774 2785/2785/2785
f 2785/2785/2785 2786/2786/2786 2784/2784/2784
f 2784/2784/2784 2786/2786/2786 2787/2787/2787
f 2787/2787/2787 2786/2786/2786 2788/2788/2788
f 2788/2788/2788 2786/2786/2786 2789/2789/2789
f 2789/2789/2789 2786/2786/2786 2790/2790/2790
f 2790/2790/2790 2786/2786/2786 2791/2791/2791
f 2791/2791/2791 2786/2786/2786 2792/2792/2792
f 2792/2792/2792 2786/2786/2786 2793/2793/2793
f 2793/2793/2793 2786/2786/2786 2794/2794/2794
f 2794/2794/2794 2786/2786/2786 2785/2785/2785
f 2794/2794/2794 2785/2785/2785 2795/2795/2795
f 2795/2795/2795 2796/2796/2796 2794/2794/2794
f 2799/2799/2799 2798/2798/2798 2797/2797/2797
f 2798/2798/2798 2800/2800/2800 2797/2797/2797
f 2798/2798/2798 2801/2801/2801 2800/2800/2800
f 2801/2801/2801 2802/2802/2802 2800/2800/2800
f 2801/2801/2801 2803/2803/2803 2802/2802/2802
f 2803/2803/2803 2804/2804/2804 2802/2802/2802
f 2803/2803/2803 2805/2805/2805 2804/2804/2804
f 2805/2805/2805 2806/2806/2806 2804/2804/2804
f 2805/2805/2805 2807/2807/2807 2806/2806/2806
f 2807/2807/2807 2808/2808/2808 2806/2806/2806
f 2807/2807/2807 2809/2809/2809 2808/2808/2808
f 2809/2809/2809 2810/2810/2810 2808/2808/2808
f 2809/2809/2809 2811/2811/2811 2810/2810/2810
f 2811/2811/2811 2812/2812/2812 2810/2810/2810
f 2811/2811/2811 2813/2813/2813 2812/2812/2812
f 2813/2813/2813 2814/2814/2814 2812/2812/2812
f 2813/2813/2813 2815/2815/2815 2814/2814/2814
f 2815/2815/2815 2816/2816/2816 2814/2814/2814
f 2815/2815/2815 2817/2817/2817 2816/2816/2816
f 2817/2817/2817 2818/2818/2818 2816/2816/2816
f 2817/2817/2817 2819/2819/2819 2818/2818/2818
f 2819/2819/2819 2820/2820/2820 2818/2818/2818
f 2819/2819/2819 2821/2821/2821 2820/2820/2820
f 2821/2821/2821 2822/2822/2822 2820/2820/2820
f 2821/2821/2821 2823/2823/2823 2822/2822/2822
f 2823/2823/2823 2824/2824/2824 2822/2822/2822
f 2823/2823/2823 2825/2825/2825 2824/2824/2824
f 2825/2825/2825 2826/2826/2826 2824/2824/2824
f 2825/2825/2825 2827/2827/2827 2826/2826/2826
f 2827/2827/2827 2828/2828/2828 2826/2826/2826
f 2827/2827/2827 2829/2829/2829 2828/2828/2828
f 2829/2829/2829 2830/2830/2830 2828/2828/2828
f 2829/2829/2829 2831/2831/2831 2830/2830/2830
f 2831/2831/2831 2832/2832/2832 2830/2830/2830
f 2831/2831/2831 2833/2833/2833 2832/2832/2832
f 2833/2833/2833 2834/2834/2834 2832/2832/2832
f 2833/2833/2833 2835/2835/2835 2834/2834/2834
f 2835/2835/2835 2836/2836/2836 2834/2834/2834
f 2835/2835/2835 2837/2837/2837 2836/2836/2836
f 2837/2837/2837 2838/2838/2838 2836/2836/2836
f 2841/2841/2841 2840/2840/2840 2839/2839/2839
f 2841/2841/2841 2839/2839/2839 2842/2842/2842
f 2841/2841/2841 2842/2842/2842 2843/2843/2843
f 2844/2844/2844 2843/2843/2843 2842/2842/2842
f 2845/2845/2845 2843/2843/2843 2844/2844/2844
f 2846/2846/2846 2843/2843/2843 2845/2845/2845
f 2847/2847/2847 2843/2843/2843 2846/2846/2846
f 2848/2848/2848 2843/2843/2843 2847/2847/2847
f 2849/2849/2849 2843/2843/2843 2848/2848/2848
f 2850/2850/2850 2843/2843/2843 2849/2849/2849
f 2851/2851/2851 2843/2843/2843 2850/2850/2850
f 2843/2843/2843 2852/2852/2852 2841/2841/2841
f 2852/2852/2852 2843/2843/2843 2851/2851/2851
f 2841/2841/2841 2852/2852/2852 2853/2853/2853
f 2853/2853/2853 2852/2852/2852 2854/2854/2854
f 2854/2854/2854 2852/2852/2852 2855/2855/2855
f 2855/2855/2855 2852/2852/2852 2856/2856/2856
f 2856/2856/2856 2852/2852/2852 2857/2857/2857
f 2857/2857/2857 2852/2852/2852 2858/2858/2858
f 2858/2858/2858 2852/2852/2852 2859/2859/2859
f 2859/2859/2859 2852/2852/2852 2860/2860/2860
f 2860/2860/2860 2852/2852/2852 2851/2851/2851
f 2860/2860/2860 2851/2851/2851 2861/2861/2861
f 2862/2862/2862 2860/2860/2860 2861/2861/2861
f 2862/2862/2862 2861/2861/2861 2863/2863/2863
f 2864/2864/2864 2863/2863/2863 2861/2861/2861
f 2865/2865/2865 2863/2863/2863 2864/2864/2864
f 2866/2866/2866 2863/2863/2863 2865/2865/2865
f 2867/2867/2867 2863/2863/2863 2866/2866/2866
f 2868/2868/2868 2863/2863/2863 2867/2867/2867
f 2869/2869/2869 2863/2863/2863 2868/2868/2868
f 2870/2870/2870 2863/2863/2863 2869/2869/2869
f 2871/2871/2871 2863/2863/2863 2870/2870/2870
f 2863/2863/2863 2872/2872/2872 2862/2862/2862
f 2872/2872/2872 2863/2863/2863 2871/2871/2871
f 2862/2862/2862 2872/2872/2872 2873/2873/2873
f 2873/2873/2873 2872/2872/2872 2874/2874/2874
f 2874/2874/2874 2872/2872/2872 2875/2875/2875
f 2875/2875/2875 2872/2872/2872 2876/2876/2876
f 2876/2876/2876 2872/2872/2872 2877/2877/2877
f 2877/2877/2877 2872/2872/2872 2878/2878/2878
f 2878/2878/2878 2872/2872/2872 2879/2879/2879
f 2879/2879/2879 2872/2872/2872 2880/2880/2880
f 2880/2880/2880 2872/2872/2872 2871/2871/2871
f 2880/2880/2880 2871/2871/2871 2881/2881/2881
f 2880/2880/2880 2881/2881/2881 2882/2882/2882
f 2883/2883/2883 2882/2882/2882 2881/2881/2881
f 2884/2884/2884 2882/2882/2882 2883/2883/2883
f 2885/2885/2885 2882/2882/2882 2884/2884/2884
f 2886/2886/2886 2882/2882/2882 2885/2885/2885
f 2887/2887/2887 2882/2882/2882 2886/2886/2886
f 2888/2888/2888 2882/2882/2882 2887/2887/2887
f 2889/2889/2889 2882/2882/2882 2888/2888/2888
f 2890/2890/2890 2882/2882/2882 2889/2889/2889
f 2882/2882/2882 2891/2891/2891 2880/2880/2880
f 2891/2891/2891 2882/2882/2882 2890/2890/2890
f 2891/2891/2891 2890/2890/2890 2892/2892/2892
f 2892/2892/2892 2893/2893/2893 2891/2891/2891
f 2896/2896/2896 2895/2895/2895 2894/2894/2894
f 2897/2897/2897 2896/2896/2896 2894/2894/2894
f 2900/2900/2900 2899/2899/2899 2898/2898/2898
f 2901/2901/2901 2900/2900/2900 2898/2898/2898
f 2904/2904/2904 2903/2903/2903 2902/2902/2902
f 2905/2905/2905 2904/2904/2904 2902/2902/2902
f 2908/2908/2908 2907/2907/2907 2906/2906/2906
f 2909/2909/2909 2908/2908/2908 2906/2906/2906
f 2912/2912/2912 2911/2911/2911 2910/2910/2910
f 2913/2913/2913 2912/2912/2912 2910/2910/2910
f 2916/2916/2916 2915/2915/2915 2914/2914/2914
f 2917/2917/2917 2916/2916/2916 2914/2914/2914
f 2920/2920/2920 2919/2919/2919 2918/2918/2918
f 2921/2921/2921 2920/2920/2920 2918/2918/2918
f 2924/2924/2924 2923/2923/2923 2922/2922/2922
f 2925/2925/2925 2924/2924/2924 2922/2922/2922
f 2928/2928/2928 2927/2927/2927 2926/2926/2926
f 2929/2929/2929 2928/2928/2928 2926/2926/2926
f 2930/2930/2930 2929/2929/2929 2926/2926/2926
f 2931/2931/2931 2930/2930/2930 2926/2926/2926
f 2928/2928/2928 2929/2929/2929 2932/2932/2932
f 2929/2929/2929 2930/2930/2930 2932/2932/2932
f 2933/2933/2933 2928/2928/2928 2932/2932/2932
f 2930/2930/2930 2934/2934/2934 2932/2932/2932
f 2937/2937/2937 2936/2936/2936 2935/2935/2935
f 2938/2938/2938 2937/2937/2937 2935/2935/2935
f 2941/2941/2941 2940/2940/2940 2939/2939/2939
f 2942/2942/2942 2941/2941/2941 2939/2939/2939
f 2945/2945/2945 2944/2944/2944 2943/2943/2943
f 2946/2946/2946 2945/2945/2945 2943/2943/2943
f 2949/2949/2949 2948/2948/2948 2947/2947/2947
f 2950/2950/2950 2949/2949/2949 2947/2947/2947
f 2953/2953/2953 2952/2952/2952 2951/2951/2951
f 2954/2954/2954 2953/2953/2953 2951/2951/2951
f 2957/2957/2957 2956/2956/2956 2955/2955/2955
f 2958/2958/2958 2957/2957/2957 2955/2955/2955
f 2961/2961/2961 2960/2960/2960 2959/2959/2959
f 2962/2962/2962 2961/2961/2961 2959/2959/2959
f 2965/2965/2965 2964/2964/2964 2963/2963/2963
f 2966/2966/2966 2965/2965/2965 2963/2963/2963
f 2969/2969/2969 2968/2968/2968 2967/2967/2967
f 2970/2970/2970 2969/2969/2969 2967/2967/2967
f 2973/2973/2973 2972/2972/2972 2971/2971/2971
f 2974/2974/2974 2973/2973/2973 2971/2971/2971
f 2977/2977/2977 2976/2976/2976 2975/2975/2975
f 2978/2978/2978 2977/2977/2977 2975/2975/2975
f 2981/2981/2981 2980/2980/2980 2979/2979/2979
f 2982/2982/2982 2981/2981/2981 2979/2979/2979
f 2985/2985/2985 2984/2984/2984 2983/2983/2983
f 2986/2986/2986 2985/2985/2985 2983/2983/2983
f 2989/2989/2989 2988/2988/2988 2987/2987/2987
f 2990/2990/2990 2989/2989/2989 2987/2987/2987
f 2993/2993/2993 2992/2992/2992 2991/2991/2991
f 2994/2994/2994 2993/2993/2993 2991/2991/2991
f 2997/2997/2997 2996/2996/2996 2995/2995/2995
f 2998/2998/2998 2997/2997/2997 2995/2995/2995
f 3001/3001/3001 3000/3000/3000 2999/2999/2999
f 3000/3000/3000 3002/3002/3002 2999/2999/2999
f 3002/3002/3002 3003/3003/3003 2999/2999/2999
f 3003/3003/3003 3004/3004/3004 2999/2999/2999
f 3002/3002/3002 3000/3000/3000 3005/3005/3005
f 3003/3003/3003 3002/3002/3002 3005/3005/3005
f 3000/3000/3000 3006/3006/3006 3005/3005/3005
f 3007/3007/3007 3003/3003/3003 3005/3005/3005
f 3010/3010/3010 3009/3009/3009 3008/3008/3008
f 3011/3011/3011 3010/3010/3010 3008/3008/3008
f 3014/3014/3014 3013/3013/3013 3012/3012/3012
f 3015/3015/3015 3014/3014/3014 3012/3012/3012
f 3018/3018/3018 3017/3017/3017 3016/3016/3016
f 3019/3019/3019 3018/3018/3018 3016/3016/3016
f 3022/3022/3022 3021/3021/3021 3020/3020/3020
f 3023/3023/3023 3022/3022/3022 3020/3020/3020
f 3026/3026/3026 3025/3025/3025 3024/3024/3024
f 3027/3027/3027 3026/3026/3026 3024/3024/3024
f 3030/3030/3030 3029/3029/3029 3028/3028/3028
f 3031/3031/3031 3030/3030/3030 3028/3028/3028
f 3034/3034/3034 3033/3033/3033 3032/3032/3032
f 3035/3035/3035 3034/3034/3034 3032/3032/3032
f 3038/3038/3038 3037/3037/3037 3036/3036/3036
f 3039/3039/3039 3038/3038/3038 3036/3036/3036
f 3042/3042/3042 3041/3041/3041 3040/3040/3040
f 3043/3043/3043 3042/3042/3042 3040/3040/3040
f 3046/3046/3046 3045/3045/3045 3044/3044/3044
f 3047/3047/3047 3046/3046/3046 3044/3044/3044
f 3048/3048/3048 3046/3046/3046 3047/3047/3047
f 3049/3049/3049 3048/3048/3048 3047/3047/3047
f 3052/3052/3052 3051/3051/3051 3050/3050/3050
f 3053/3053/3053 3052/3052/3052 3050/3050/3050
f 3056/3056/3056 3055/3055/3055 3054/3054/3054
f 3057/3057/3057 3056/3056/3056 3054/3054/3054
f 3060/3060/3060 3059/3059/3059 3058/3058/3058
f 3061/3061/3061 3060/3060/3060 3058/3058/3058
f 3064/3064/3064 3063/3063/3063 3062/3062/3062
f 3065/3065/3065 3064/3064/3064 3062/3062/3062
f 3068/3068/3068 3067/3067/3067 3066/3066/3066
f 3069/3069/3069 3068/3068/3068 3066/3066/3066
f 3072/3072/3072 3071/3071/3071 3070/3070/3070
f 3073/3073/3073 3072/3072/3072 3070/3070/3070
f 3076/3076/3076 3075/3075/3075 3074/3074/3074
f 3077/3077/3077 3076/3076/3076 3074/3074/3074
f 3080/3080/3080 3079/3079/3079 3078/3078/3078
f 3081/3081/3081 3080/3080/3080 3078/3078/3078
f 3084/3084/3084 3083/3083/3083 3082/3082/3082
f 3085/3085/3085 3084/3084/3084 3082/3082/3082
f 3088/3088/3088 3087/3087/3087 3086/3086/3086
f 3089/3089/3089 3088/3088/3088 3086/3086/3086
f 3092/3092/3092 3091/3091/3091 3090/3090/3090
f 3093/3093/3093 3092/3092/3092 3090/3090/3090
f 3096/3096/3096 3095/3095/3095 3094/3094/3094
f 3097/3097/3097 3096/3096/3096 3094/3094/3094
f 3100/3100/3100 3099/3099/3099 3098/3098/3098
f 3101/3101/3101 3100/3100/3100 3098/3098/3098
f 3104/3104/3104 3103/3103/3103 3102/3102/3102
f 3105/3105/3105 3104/3104/3104 3102/3102/3102
f 3108/3108/3108 3107/3107/3107 3106/3106/3106
f 3109/3109/3109 3108/3108/3108 3106/3106/3106
f 3112/3112/3112 3111/3111/3111 3110/3110/3110
f 3113/3113/3113 3112/3112/3112 3110/3110/3110
f 3116/3116/3116 3115/3115/3115 3114/3114/3114
f 3117/3117/3117 3116/3116/3116 3114/3114/3114
f 3120/3120/3120 3119/3119/3119 3118/3118/3118
f 3121/3121/3121 3120/3120/3120 3118/3118/3118
f 3124/3124/3124 3123/3123/3123 3122/3122/3122
f 3125/3125/3125 3124/3124/3124 3122/3122/3122
f 3128/3128/3128 3127/3127/3127 3126/3126/3126
f 3129/3129/3129 3128/3128/3128 3126/3126/3126
f 3132/3132/3132 3131/3131/3131 3130/3130/3130
f 3133/3133/3133 3132/3132/3132 3130/3130/3130
f 3136/3136/3136 3135/3135/3135 3134/3134/3134
f 3137/3137/3137 3136/3136/3136 3134/3134/3134
f 3140/3140/3140 3139/3139/3139 3138/3138/3138
f 3141/3141/3141 3140/3140/3140 3138/3138/3138
f 3142/3142/3142 3140/3140/3140 3141/3141/3141
f 3143/3143/3143 3142/3142/3142 3141/3141/3141
f 3146/3146/3146 3145/3145/3145 3144/3144/3144
f 3147/3147/3147 3146/3146/3146 3144/3144/3144
f 3150/3150/3150 3149/3149/3149 3148/3148/3148
f 3151/3151/3151 3150/3150/3150 3148/3148/3148
f 3154/3154/3154 3153/3153/3153 3152/3152/3152
f 3155/3155/3155 3154/3154/3154 3152/3152/3152
f 3158/3158/3158 3157/3157/3157 3156/3156/3156
f 3159/3159/3159 3158/3158/3158 3156/3156/3156
f 3162/3162/3162 3161/3161/3161 3160/3160/3160
f 3163/3163/3163 3162/3162/3162 3160/3160/3160
f 3166/3166/3166 3165/3165/3165 3164/3164/3164
f 3167/3167/3167 3166/3166/3166 3164/3164/3164
f 3168/3168/3168 1850/1850/1850 1852/1852/1852
f 1866/1866/1866 3168/3168/3168 1852/1852/1852
f 3168/3168/3168 3169/3169/3169 1850/1850/1850
f 3169/3169/3169 1848/1848/1848 1850/1850/1850
f 3170/3170/3170 3168/3168/3168 1866/1866/1866
f 1879/1879/1879 3170/3170/3170 1866/1866/1866
f 1939/1939/1939 3170/3170/3170 1879/1879/1879
f 3170/3170/3170 3171/3171/3171 3168/3168/3168
f 3171/3171/3171 3169/3169/3169 3168/3168/3168
f 1939/1939/1939 3172/3172/3172 3170/3170/3170
f 3172/3172/3172 3171/3171/3171 3170/3170/3170
f 1942/1942/1942 3172/3172/3172 1939/1939/1939
f 3169/3169/3169 3173/3173/3173 1848/1848/1848
f 3173/3173/3173 1846/1846/1846 1848/1848/1848
f 3171/3171/3171 3174/3174/3174 3169/3169/3169
f 3174/3174/3174 3173/3173/3173 3169/3169/3169
f 3172/3172/3172 3175/3175/3175 3171/3171/3171
f 3175/3175/3175 3174/3174/3174 3171/3171/3171
f 1942/1942/1942 3176/3176/3176 3172/3172/3172
f 3176/3176/3176 3175/3175/3175 3172/3172/3172
f 3176/3176/3176 1942/1942/1942 1943/1943/1943
f 3176/3176/3176 1943/1943/1943 1952/1952/1952
f 3177/3177/3177 3176/3176/3176 1952/1952/1952
f 3176/3176/3176 3177/3177/3177 3175/3175/3175
f 3177/3177/3177 1952/1952/1952 1967/1967/1967
f 3173/3173/3173 3178/3178/3178 1846/1846/1846
f 3178/3178/3178 1844/1844/1844 1846/1846/1846
f 3174/3174/3174 3179/3179/3179 3173/3173/3173
f 3179/3179/3179 3178/3178/3178 3173/3173/3173
f 3175/3175/3175 3180/3180/3180 3174/3174/3174
f 3177/3177/3177 3180/3180/3180 3175/3175/3175
f 3180/3180/3180 3179/3179/3179 3174/3174/3174
f 3181/3181/3181 3177/3177/3177 1967/1967/1967
f 3177/3177/3177 3181/3181/3181 3180/3180/3180
f 3181/3181/3181 1967/1967/1967 1973/1973/1973
f 3178/3178/3178 3182/3182/3182 1844/1844/1844
f 3182/3182/3182 1842/1842/1842 1844/1844/1844
f 3179/3179/3179 3183/3183/3183 3178/3178/3178
f 3183/3183/3183 3182/3182/3182 3178/3178/3178
f 3180/3180/3180 3184/3184/3184 3179/3179/3179
f 3181/3181/3181 3184/3184/3184 3180/3180/3180
f 3184/3184/3184 3183/3183/3183 3179/3179/3179
f 3185/3185/3185 3181/3181/3181 1973/1973/1973
f 3181/3181/3181 3185/3185/3185 3184/3184/3184
f 3185/3185/3185 1973/1973/1973 1979/1979/1979
f 3182/3182/3182 3186/3186/3186 1842/1842/1842
f 3186/3186/3186 1840/1840/1840 1842/1842/1842
f 3183/3183/3183 3187/3187/3187 3182/3182/3182
f 3187/3187/3187 3186/3186/3186 3182/3182/3182
f 3184/3184/3184 3188/3188/3188 3183/3183/3183
f 3185/3185/3185 3188/3188/3188 3184/3184/3184
f 3188/3188/3188 3187/3187/3187 3183/3183/3183
f 3189/3189/3189 3185/3185/3185 1979/1979/1979
f 3185/3185/3185 3189/3189/3189 3188/3188/3188
f 3189/3189/3189 1979/1979/1979 1985/1985/1985
f 3186/3186/3186 3190/3190/3190 1840/1840/1840
f 3190/3190/3190 1838/1838/1838 1840/1840/1840
f 3187/3187/3187 3191/3191/3191 3186/3186/3186
f 3191/3191/3191 3190/3190/3190 3186/3186/3186
f 3188/3188/3188 3192/3192/3192 3187/3187/3187
f 3189/3189/3189 3192/3192/3192 3188/3188/3188
f 3192/3192/3192 3191/3191/3191 3187/3187/3187
f 3193/3193/3193 3189/3189/3189 1985/1985/1985
f 3189/3189/3189 3193/3193/3193 3192/3192/3192
f 3193/3193/3193 1985/1985/1985 1991/1991/1991
f 3190/3190/3190 3194/3194/3194 1838/1838/1838
f 3194/3194/3194 1836/1836/1836 1838/1838/1838
f 3191/3191/3191 3195/3195/3195 3190/3190/3190
f 3195/3195/3195 3194/3194/3194 3190/3190/3190
f 3192/3192/3192 3196/3196/3196 3191/3191/3191
f 3193/3193/3193 3196/3196/3196 3192/3192/3192
f 3196/3196/3196 3195/3195/3195 3191/3191/3191
f 3197/3197/3197 3193/3193/3193 1991/1991/1991
f 3193/3193/3193 3197/3197/3197 3196/3196/3196
f 3197/3197/3197 1991/1991/1991 1997/1997/1997
f 3194/3194/3194 3198/3198/3198 1836/1836/1836
f 3198/3198/3198 1834/1834/1834 1836/1836/1836
f 3195/3195/3195 3199/3199/3199 3194/3194/3194
f 3199/3199/3199 3198/3198/3198 3194/3194/3194
f 3196/3196/3196 3200/3200/3200 3195/3195/3195
f 3197/3197/3197 3200/3200/3200 3196/3196/3196
f 3200/3200/3200 3199/3199/3199 3195/3195/3195
f 3201/3201/3201 3197/3197/3197 1997/1997/1997
f 3197/3197/3197 3201/3201/3201 3200/3200/3200
f 3201/3201/3201 1997/1997/1997 2003/2003/2003
f 3198/3198/3198 3202/3202/3202 1834/1834/1834
f 3202/3202/3202 1832/1832/1832 1834/1834/1834
f 3199/3199/3199 3203/3203/3203 3198/3198/3198
f 3203/3203/3203 3202/3202/3202 3198/3198/3198
f 3200/3200/3200 3204/3204/3204 3199/3199/3199
f 3201/3201/3201 3204/3204/3204 3200/3200/3200
f 3204/3204/3204 3203/3203/3203 3199/3199/3199
f 3205/3205/3205 3201/3201/3201 2003/2003/2003
f 3201/3201/3201 3205/3205/3205 3204/3204/3204
f 3205/3205/3205 2003/2003/2003 2009/2009/2009
f 3202/3202/3202 3206/3206/3206 1832/1832/1832
f 3206/3206/3206 1830/1830/1830 1832/1832/1832
f 3203/3203/3203 3207/3207/3207 3202/3202/3202
f 3207/3207/3207 3206/3206/3206 3202/3202/3202
f 3204/3204/3204 3208/3208/3208 3203/3203/3203
f 3205/3205/3205 3208/3208/3208 3204/3204/3204
f 3208/3208/3208 3207/3207/3207 3203/3203/3203
f 3209/3209/3209 3205/3205/3205 2009/2009/2009
f 3205/3205/3205 3209/3209/3209 3208/3208/3208
f 3209/3209/3209 2009/2009/2009 2015/2015/2015
f 3206/3206/3206 3210/3210/3210 1830/1830/1830
f 3210/3210/3210 1828/1828/1828 1830/1830/1830
f 3207/3207/3207 3211/3211/3211 3206/3206/3206
f 3211/3211/3211 3210/3210/3210 3206/3206/3206
f 3208/3208/3208 3212/3212/3212 3207/3207/3207
f 3209/3209/3209 3212/3212/3212 3208/3208/3208
f 3212/3212/3212 3211/3211/3211 3207/3207/3207
f 3213/3213/3213 3209/3209/3209 2015/2015/2015
f 3209/3209/3209 3213/3213/3213 3212/3212/3212
f 3213/3213/3213 2015/2015/2015 2021/2021/2021
f 3210/3210/3210 3214/3214/3214 1828/1828/1828
f 3214/3214/3214 1826/1826/1826 1828/1828/1828
f 3211/3211/3211 3215/3215/3215 3210/3210/3210
f 3215/3215/3215 3214/3214/3214 3210/3210/3210
f 3212/3212/3212 3216/3216/3216 3211/3211/3211
f 3213/3213/3213 3216/3216/3216 3212/3212/3212
f 3216/3216/3216 3215/3215/3215 3211/3211/3211
f 3217/3217/3217 3213/3213/3213 2021/2021/2021
f 3213/3213/3213 3217/3217/3217 3216/3216/3216
f 3217/3217/3217 2021/2021/2021 2027/2027/2027
f 3214/3214/3214 3218/3218/3218 1826/1826/1826
f 3218/3218/3218 1824/1824/1824 1826/1826/1826
f 3215/3215/3215 3219/3219/3219 3214/3214/3214
f 3219/3219/3219 3218/3218/3218 3214/3214/3214
f 3216/3216/3216 3220/3220/3220 3215/3215/3215
f 3217/3217/3217 3220/3220/3220 3216/3216/3216
f 3220/3220/3220 3219/3219/3219 3215/3215/3215
f 3221/3221/3221 3217/3217/3217 2027/2027/2027
f 3217/3217/3217 3221/3221/3221 3220/3220/3220
f 3221/3221/3221 2027/2027/2027 2033/2033/2033
f 3218/3218/3218 3222/3222/3222 1824/1824/1824
f 3222/3222/3222 1822/1822/1822 1824/1824/1824
f 3219/3219/3219 3223/3223/3223 3218/3218/3218
f 3223/3223/3223 3222/3222/3222 3218/3218/3218
f 3220/3220/3220 3224/3224/3224 3219/3219/3219
f 3221/3221/3221 3224/3224/3224 3220/3220/3220
f 3224/3224/3224 3223/3223/3223 3219/3219/3219
f 3225/3225/3225 3221/3221/3221 2033/2033/2033
f 3221/3221/3221 3225/3225/3225 3224/3224/3224
f 3222/3222/3222 3226/3226/3226 1822/1822/1822
f 3226/3226/3226 1820/1820/1820 1822/1822/1822
f 3223/3223/3223 3227/3227/3227 3222/3222/3222
f 3227/3227/3227 3226/3226/3226 3222/3222/3222
f 3224/3224/3224 3228/3228/3228 3223/3223/3223
f 3225/3225/3225 3228/3228/3228 3224/3224/3224
f 3228/3228/3228 3227/3227/3227 3223/3223/3223
f 3225/3225/3225 2033/2033/2033 3229/3229/3229
f 2028/2028/2028 3229/3229/3229 2033/2033/2033
f 2028/2028/2028 2034/2034/2034 3229/3229/3229
f 3226/3226/3226 3230/3230/3230 1820/1820/1820
f 3230/3230/3230 1818/1818/1818 1820/1820/1820
f 3227/3227/3227 3231/3231/3231 3226/3226/3226
f 3231/3231/3231 3230/3230/3230 3226/3226/3226
f 3228/3228/3228 3232/3232/3232 3227/3227/3227
f 3232/3232/3232 3231/3231/3231 3227/3227/3227
f 3225/3225/3225 3233/3233/3233 3228/3228/3228
f 3233/3233/3233 3225/3225/3225 3229/3229/3229
f 3233/3233/3233 3232/3232/3232 3228/3228/3228
f 2034/2034/2034 3234/3234/3234 3229/3229/3229
f 3233/3233/3233 3229/3229/3229 3234/3234/3234
f 3230/3230/3230 3235/3235/3235 1818/1818/1818
f 3235/3235/3235 1816/1816/1816 1818/1818/1818
f 3231/3231/3231 3236/3236/3236 3230/3230/3230
f 3236/3236/3236 3235/3235/3235 3230/3230/3230
f 3232/3232/3232 3237/3237/3237 3231/3231/3231
f 3237/3237/3237 3236/3236/3236 3231/3231/3231
f 3233/3233/3233 3238/3238/3238 3232/3232/3232
f 3238/3238/3238 3233/3233/3233 3234/3234/3234
f 3238/3238/3238 3237/3237/3237 3232/3232/3232
f 2034/2034/2034 3239/3239/3239 3234/3234/3234
f 2029/2029/2029 3239/3239/3239 2034/2034/2034
f 2029/2029/2029 2035/2035/2035 3239/3239/3239
f 3235/3235/3235 3240/3240/3240 1816/1816/1816
f 3240/3240/3240 1814/1814/1814 1816/1816/1816
f 3236/3236/3236 3241/3241/3241 3235/3235/3235
f 3241/3241/3241 3240/3240/3240 3235/3235/3235
f 3237/3237/3237 3242/3242/3242 3236/3236/3236
f 3242/3242/3242 3241/3241/3241 3236/3236/3236
f 3238/3238/3238 3234/3234/3234 3243/3243/3243
f 3239/3239/3239 3243/3243/3243 3234/3234/3234
f 2035/2035/2035 3244/3244/3244 3239/3239/3239
f 3239/3239/3239 3244/3244/3244 3243/3243/3243
f 2035/2035/2035 2046/2046/2046 3244/3244/3244
f 3238/3238/3238 3245/3245/3245 3237/3237/3237
f 3245/3245/3245 3238/3238/3238 3243/3243/3243
f 3245/3245/3245 3242/3242/3242 3237/3237/3237
f 3240/3240/3240 3246/3246/3246 1814/1814/1814
f 3246/3246/3246 1812/1812/1812 1814/1814/1814
f 3241/3241/3241 3247/3247/3247 3240/3240/3240
f 3247/3247/3247 3246/3246/3246 3240/3240/3240
f 3244/3244/3244 3248/3248/3248 3243/3243/3243
f 3245/3245/3245 3243/3243/3243 3248/3248/3248
f 2046/2046/2046 3249/3249/3249 3244/3244/3244
f 3244/3244/3244 3249/3249/3249 3248/3248/3248
f 2046/2046/2046 2050/2050/2050 3249/3249/3249
f 3242/3242/3242 3250/3250/3250 3241/3241/3241
f 3250/3250/3250 3247/3247/3247 3241/3241/3241
f 3245/3245/3245 3251/3251/3251 3242/3242/3242
f 3251/3251/3251 3245/3245/3245 3248/3248/3248
f 3251/3251/3251 3250/3250/3250 3242/3242/3242
f 3246/3246/3246 3252/3252/3252 1812/1812/1812
f 3252/3252/3252 1810/1810/1810 1812/1812/1812
f 3249/3249/3249 3253/3253/3253 3248/3248/3248
f 3251/3251/3251 3248/3248/3248 3253/3253/3253
f 2050/2050/2050 3254/3254/3254 3249/3249/3249
f 3249/3249/3249 3254/3254/3254 3253/3253/3253
f 2050/2050/2050 2054/2054/2054 3254/3254/3254
f 3247/3247/3247 3255/3255/3255 3246/3246/3246
f 3255/3255/3255 3252/3252/3252 3246/3246/3246
f 3250/3250/3250 3256/3256/3256 3247/3247/3247
f 3256/3256/3256 3255/3255/3255 3247/3247/3247
f 3251/3251/3251 3257/3257/3257 3250/3250/3250
f 3257/3257/3257 3251/3251/3251 3253/3253/3253
f 3257/3257/3257 3256/3256/3256 3250/3250/3250
f 3252/3252/3252 3258/3258/3258 1810/1810/1810
f 3258/3258/3258 1808/1808/1808 1810/1810/1810
f 3254/3254/3254 3259/3259/3259 3253/3253/3253
f 3257/3257/3257 3253/3253/3253 3259/3259/3259
f 2054/2054/2054 3260/3260/3260 3254/3254/3254
f 3254/3254/3254 3260/3260/3260 3259/3259/3259
f 2054/2054/2054 2058/2058/2058 3260/3260/3260
f 3255/3255/3255 3261/3261/3261 3252/3252/3252
f 3261/3261/3261 3258/3258/3258 3252/3252/3252
f 3256/3256/3256 3262/3262/3262 3255/3255/3255
f 3262/3262/3262 3261/3261/3261 3255/3255/3255
f 3257/3257/3257 3263/3263/3263 3256/3256/3256
f 3263/3263/3263 3257/3257/3257 3259/3259/3259
f 3263/3263/3263 3262/3262/3262 3256/3256/3256
f 3258/3258/3258 3264/3264/3264 1808/1808/1808
f 3264/3264/3264 1806/1806/1806 1808/1808/1808
f 3260/3260/3260 3265/3265/3265 3259/3259/3259
f 3263/3263/3263 3259/3259/3259 3265/3265/3265
f 2058/2058/2058 3266/3266/3266 3260/3260/3260
f 3260/3260/3260 3266/3266/3266 3265/3265/3265
f 2058/2058/2058 2062/2062/2062 3266/3266/3266
f 3261/3261/3261 3267/3267/3267 3258/3258/3258
f 3267/3267/3267 3264/3264/3264 3258/3258/3258
f 3262/3262/3262 3268/3268/3268 3261/3261/3261
f 3268/3268/3268 3267/3267/3267 3261/3261/3261
f 3263/3263/3263 3269/3269/3269 3262/3262/3262
f 3269/3269/3269 3263/3263/3263 3265/3265/3265
f 3269/3269/3269 3268/3268/3268 3262/3262/3262
f 3264/3264/3264 3270/3270/3270 1806/1806/1806
f 3270/3270/3270 1804/1804/1804 1806/1806/1806
f 3266/3266/3266 3271/3271/3271 3265/3265/3265
f 3269/3269/3269 3265/3265/3265 3271/3271/3271
f 2062/2062/2062 3272/3272/3272 3266/3266/3266
f 3266/3266/3266 3272/3272/3272 3271/3271/3271
f 2062/2062/2062 2066/2066/2066 3272/3272/3272
f 3267/3267/3267 3273/3273/3273 3264/3264/3264
f 3273/3273/3273 3270/3270/3270 3264/3264/3264
f 3268/3268/3268 3274/3274/3274 3267/3267/3267
f 3274/3274/3274 3273/3273/3273 3267/3267/3267
f 3269/3269/3269 3275/3275/3275 3268/3268/3268
f 3275/3275/3275 3269/3269/3269 3271/3271/3271
f 3275/3275/3275 3274/3274/3274 3268/3268/3268
f 3270/3270/3270 3276/3276/3276 1804/1804/1804
f 3276/3276/3276 1798/1798/1798 1804/1804/1804
f 2066/2066/2066 3277/3277/3277 3272/3272/3272
f 2066/2066/2066 2070/2070/2070 3277/3277/3277
f 3272/3272/3272 3278/3278/3278 3271/3271/3271
f 3275/3275/3275 3271/3271/3271 3278/3278/3278
f 3272/3272/3272 3277/3277/3277 3278/3278/3278
f 3273/3273/3273 3279/3279/3279 3270/3270/3270
f 3279/3279/3279 3276/3276/3276 3270/3270/3270
f 3274/3274/3274 3280/3280/3280 3273/3273/3273
f 3280/3280/3280 3279/3279/3279 3273/3273/3273
f 3275/3275/3275 3281/3281/3281 3274/3274/3274
f 3281/3281/3281 3275/3275/3275 3278/3278/3278
f 3281/3281/3281 3280/3280/3280 3274/3274/3274
f 3276/3276/3276 3282/3282/3282 1798/1798/1798
f 3282/3282/3282 1796/1796/1796 1798/1798/1798
f 3277/3277/3277 3283/3283/3283 3278/3278/3278
f 3281/3281/3281 3278/3278/3278 3283/3283/3283
f 3279/3279/3279 3284/3284/3284 3276/3276/3276
f 3284/3284/3284 3282/3282/3282 3276/3276/3276
f 3280/3280/3280 3285/3285/3285 3279/3279/3279
f 3285/3285/3285 3284/3284/3284 3279/3279/3279
f 3281/3281/3281 3286/3286/3286 3280/3280/3280
f 3286/3286/3286 3281/3281/3281 3283/3283/3283
f 3286/3286/3286 3285/3285/3285 3280/3280/3280
f 3282/3282/3282 3287/3287/3287 1796/1796/1796
f 3287/3287/3287 1794/1794/1794 1796/1796/1796
f 3277/3277/3277 3288/3288/3288 3283/3283/3283
f 2070/2070/2070 3288/3288/3288 3277/3277/3277
f 2070/2070/2070 2074/2074/2074 3288/3288/3288
f 3284/3284/3284 3289/3289/3289 3282/3282/3282
f 3289/3289/3289 3287/3287/3287 3282/3282/3282
f 3285/3285/3285 3290/3290/3290 3284/3284/3284
f 3290/3290/3290 3289/3289/3289 3284/3284/3284
f 3286/3286/3286 3283/3283/3283 3291/3291/3291
f 3288/3288/3288 3291/3291/3291 3283/3283/3283
f 2074/2074/2074 3292/3292/3292 3288/3288/3288
f 3288/3288/3288 3292/3292/3292 3291/3291/3291
f 2074/2074/2074 2078/2078/2078 3292/3292/3292
f 3286/3286/3286 3293/3293/3293 3285/3285/3285
f 3293/3293/3293 3286/3286/3286 3291/3291/3291
f 3293/3293/3293 3290/3290/3290 3285/3285/3285
f 3292/3292/3292 3294/3294/3294 3291/3291/3291
f 3293/3293/3293 3291/3291/3291 3294/3294/3294
f 2078/2078/2078 3295/3295/3295 3292/3292/3292
f 3292/3292/3292 3295/3295/3295 3294/3294/3294
f 2078/2078/2078 2082/2082/2082 3295/3295/3295
f 3293/3293/3293 3296/3296/3296 3290/3290/3290
f 3296/3296/3296 3293/3293/3293 3294/3294/3294
f 3290/3290/3290 3297/3297/3297 3289/3289/3289
f 3296/3296/3296 3297/3297/3297 3290/3290/3290
f 3295/3295/3295 3298/3298/3298 3294/3294/3294
f 3296/3296/3296 3294/3294/3294 3298/3298/3298
f 2082/2082/2082 3299/3299/3299 3295/3295/3295
f 3295/3295/3295 3299/3299/3299 3298/3298/3298
f 2082/2082/2082 2086/2086/2086 3299/3299/3299
f 3300/3300/3300 3296/3296/3296 3298/3298/3298
f 3296/3296/3296 3300/3300/3300 3297/3297/3297
f 3297/3297/3297 3301/3301/3301 3289/3289/3289
f 3289/3289/3289 3301/3301/3301 3287/3287/3287
f 3299/3299/3299 3302/3302/3302 3298/3298/3298
f 3300/3300/3300 3298/3298/3298 3302/3302/3302
f 2086/2086/2086 3303/3303/3303 3299/3299/3299
f 3299/3299/3299 3303/3303/3303 3302/3302/3302
f 2086/2086/2086 2090/2090/2090 3303/3303/3303
f 3300/3300/3300 3304/3304/3304 3297/3297/3297
f 3297/3297/3297 3304/3304/3304 3301/3301/3301
f 3301/3301/3301 3305/3305/3305 3287/3287/3287
f 3287/3287/3287 3305/3305/3305 1794/1794/1794
f 3305/3305/3305 1792/1792/1792 1794/1794/1794
f 3306/3306/3306 3300/3300/3300 3302/3302/3302
f 3300/3300/3300 3306/3306/3306 3304/3304/3304
f 3303/3303/3303 3307/3307/3307 3302/3302/3302
f 3306/3306/3306 3302/3302/3302 3307/3307/3307
f 2090/2090/2090 3308/3308/3308 3303/3303/3303
f 3303/3303/3303 3308/3308/3308 3307/3307/3307
f 2090/2090/2090 2094/2094/2094 3308/3308/3308
f 3301/3301/3301 3309/3309/3309 3305/3305/3305
f 3304/3304/3304 3309/3309/3309 3301/3301/3301
f 3305/3305/3305 3310/3310/3310 1792/1792/1792
f 3309/3309/3309 3310/3310/3310 3305/3305/3305
f 3310/3310/3310 1790/1790/1790 1792/1792/1792
f 3306/3306/3306 3311/3311/3311 3304/3304/3304
f 3304/3304/3304 3311/3311/3311 3309/3309/3309
f 3312/3312/3312 3306/3306/3306 3307/3307/3307
f 3306/3306/3306 3312/3312/3312 3311/3311/3311
f 3308/3308/3308 3313/3313/3313 3307/3307/3307
f 3312/3312/3312 3307/3307/3307 3313/3313/3313
f 2094/2094/2094 3314/3314/3314 3308/3308/3308
f 3308/3308/3308 3314/3314/3314 3313/3313/3313
f 2094/2094/2094 2098/2098/2098 3314/3314/3314
f 3310/3310/3310 3315/3315/3315 1790/1790/1790
f 3315/3315/3315 1788/1788/1788 1790/1790/1790
f 3309/3309/3309 3316/3316/3316 3310/3310/3310
f 3311/3311/3311 3316/3316/3316 3309/3309/3309
f 3316/3316/3316 3315/3315/3315 3310/3310/3310
f 3312/3312/3312 3317/3317/3317 3311/3311/3311
f 3311/3311/3311 3317/3317/3317 3316/3316/3316
f 3318/3318/3318 3312/3312/3312 3313/3313/3313
f 3312/3312/3312 3318/3318/3318 3317/3317/3317
f 3314/3314/3314 3319/3319/3319 3313/3313/3313
f 3318/3318/3318 3313/3313/3313 3319/3319/3319
f 2098/2098/2098 3320/3320/3320 3314/3314/3314
f 3314/3314/3314 3320/3320/3320 3319/3319/3319
f 2098/2098/2098 2102/2102/2102 3320/3320/3320
f 3315/3315/3315 3321/3321/3321 1788/1788/1788
f 3321/3321/3321 1786/1786/1786 1788/1788/1788
f 3316/3316/3316 3322/3322/3322 3315/3315/3315
f 3317/3317/3317 3322/3322/3322 3316/3316/3316
f 3322/3322/3322 3321/3321/3321 3315/3315/3315
f 3318/3318/3318 3323/3323/3323 3317/3317/3317
f 3317/3317/3317 3323/3323/3323 3322/3322/3322
f 3324/3324/3324 3318/3318/3318 3319/3319/3319
f 3318/3318/3318 3324/3324/3324 3323/3323/3323
f 3320/3320/3320 3325/3325/3325 3319/3319/3319
f 3324/3324/3324 3319/3319/3319 3325/3325/3325
f 2102/2102/2102 3326/3326/3326 3320/3320/3320
f 3320/3320/3320 3326/3326/3326 3325/3325/3325
f 2102/2102/2102 2106/2106/2106 3326/3326/3326
f 3321/3321/3321 3327/3327/3327 1786/1786/1786
f 3327/3327/3327 1784/1784/1784 1786/1786/1786
f 3322/3322/3322 3328/3328/3328 3321/3321/3321
f 3323/3323/3323 3328/3328/3328 3322/3322/3322
f 3328/3328/3328 3327/3327/3327 3321/3321/3321
f 3324/3324/3324 3329/3329/3329 3323/3323/3323
f 3323/3323/3323 3329/3329/3329 3328/3328/3328
f 3330/3330/3330 3324/3324/3324 3325/3325/3325
f 3324/3324/3324 3330/3330/3330 3329/3329/3329
f 3326/3326/3326 3331/3331/3331 3325/3325/3325
f 3330/3330/3330 3325/3325/3325 3331/3331/3331
f 2106/2106/2106 3332/3332/3332 3326/3326/3326
f 3326/3326/3326 3332/3332/3332 3331/3331/3331
f 2106/2106/2106 2110/2110/2110 3332/3332/3332
f 3327/3327/3327 3333/3333/3333 1784/1784/1784
f 3333/3333/3333 1782/1782/1782 1784/1784/1784
f 3328/3328/3328 3334/3334/3334 3327/3327/3327
f 3329/3329/3329 3334/3334/3334 3328/3328/3328
f 3334/3334/3334 3333/3333/3333 3327/3327/3327
f 3330/3330/3330 3335/3335/3335 3329/3329/3329
f 3329/3329/3329 3335/3335/3335 3334/3334/3334
f 3336/3336/3336 3330/3330/3330 3331/3331/3331
f 3330/3330/3330 3336/3336/3336 3335/3335/3335
f 3332/3332/3332 3337/3337/3337 3331/3331/3331
f 3336/3336/3336 3331/3331/3331 3337/3337/3337
f 2110/2110/2110 3338/3338/3338 3332/3332/3332
f 3332/3332/3332 3338/3338/3338 3337/3337/3337
f 2110/2110/2110 2114/2114/2114 3338/3338/3338
f 3333/3333/3333 3339/3339/3339 1782/1782/1782
f 3339/3339/3339 1780/1780/1780 1782/1782/1782
f 3334/3334/3334 3340/3340/3340 3333/3333/3333
f 3335/3335/3335 3340/3340/3340 3334/3334/3334
f 3340/3340/3340 3339/3339/3339 3333/3333/3333
f 3336/3336/3336 3341/3341/3341 3335/3335/3335
f 3335/3335/3335 3341/3341/3341 3340/3340/3340
f 3342/3342/3342 3336/3336/3336 3337/3337/3337
f 3336/3336/3336 3342/3342/3342 3341/3341/3341
f 3338/3338/3338 3343/3343/3343 3337/3337/3337
f 3342/3342/3342 3337/3337/3337 3343/3343/3343
f 2114/2114/2114 3344/3344/3344 3338/3338/3338
f 3338/3338/3338 3344/3344/3344 3343/3343/3343
f 2114/2114/2114 2118/2118/2118 3344/3344/3344
f 3339/3339/3339 3345/3345/3345 1780/1780/1780
f 3345/3345/3345 1778/1778/1778 1780/1780/1780
f 3340/3340/3340 3346/3346/3346 3339/3339/3339
f 3341/3341/3341 3346/3346/3346 3340/3340/3340
f 3346/3346/3346 3345/3345/3345 3339/3339/3339
f 3342/3342/3342 3347/3347/3347 3341/3341/3341
f 3341/3341/3341 3347/3347/3347 3346/3346/3346
f 3348/3348/3348 3342/3342/3342 3343/3343/3343
f 3342/3342/3342 3348/3348/3348 3347/3347/3347
f 3344/3344/3344 3349/3349/3349 3343/3343/3343
f 3348/3348/3348 3343/3343/3343 3349/3349/3349
f 2118/2118/2118 3350/3350/3350 3344/3344/3344
f 3344/3344/3344 3350/3350/3350 3349/3349/3349
f 2118/2118/2118 2122/2122/2122 3350/3350/3350
f 3345/3345/3345 3351/3351/3351 1778/1778/1778
f 3351/3351/3351 1776/1776/1776 1778/1778/1778
f 3346/3346/3346 3352/3352/3352 3345/3345/3345
f 3347/3347/3347 3352/3352/3352 3346/3346/3346
f 3352/3352/3352 3351/3351/3351 3345/3345/3345
f 3348/3348/3348 3353/3353/3353 3347/3347/3347
f 3347/3347/3347 3353/3353/3353 3352/3352/3352
f 3354/3354/3354 3348/3348/3348 3349/3349/3349
f 3348/3348/3348 3354/3354/3354 3353/3353/3353
f 3350/3350/3350 3355/3355/3355 3349/3349/3349
f 3354/3354/3354 3349/3349/3349 3355/3355/3355
f 2122/2122/2122 3356/3356/3356 3350/3350/3350
f 3350/3350/3350 3356/3356/3356 3355/3355/3355
f 2122/2122/2122 2126/2126/2126 3356/3356/3356
f 3351/3351/3351 3357/3357/3357 1776/1776/1776
f 3357/3357/3357 1774/1774/1774 1776/1776/1776
f 3352/3352/3352 3358/3358/3358 3351/3351/3351
f 3353/3353/3353 3358/3358/3358 3352/3352/3352
f 3358/3358/3358 3357/3357/3357 3351/3351/3351
f 3354/3354/3354 3359/3359/3359 3353/3353/3353
f 3353/3353/3353 3359/3359/3359 3358/3358/3358
f 3360/3360/3360 3354/3354/3354 3355/3355/3355
f 3354/3354/3354 3360/3360/3360 3359/3359/3359
f 3356/3356/3356 3361/3361/3361 3355/3355/3355
f 3360/3360/3360 3355/3355/3355 3361/3361/3361
f 2126/2126/2126 3362/3362/3362 3356/3356/3356
f 3356/3356/3356 3362/3362/3362 3361/3361/3361
f 2126/2126/2126 2130/2130/2130 3362/3362/3362
f 3357/3357/3357 3363/3363/3363 1774/1774/1774
f 3363/3363/3363 1772/1772/1772 1774/1774/1774
f 3358/3358/3358 3364/3364/3364 3357/3357/3357
f 3359/3359/3359 3364/3364/3364 3358/3358/3358
f 3364/3364/3364 3363/3363/3363 3357/3357/3357
f 3360/3360/3360 3365/3365/3365 3359/3359/3359
f 3359/3359/3359 3365/3365/3365 3364/3364/3364
f 3366/3366/3366 3360/3360/3360 3361/3361/3361
f 3360/3360/3360 3366/3366/3366 3365/3365/3365
f 3362/3362/3362 3367/3367/3367 3361/3361/3361
f 3366/3366/3366 3361/3361/3361 3367/3367/3367
f 2130/2130/2130 3368/3368/3368 3362/3362/3362
f 3362/3362/3362 3368/3368/3368 3367/3367/3367
f 2130/2130/2130 2134/2134/2134 3368/3368/3368
f 3363/3363/3363 3369/3369/3369 1772/1772/1772
f 3369/3369/3369 1770/1770/1770 1772/1772/1772
f 3364/3364/3364 3370/3370/3370 3363/3363/3363
f 3365/3365/3365 3370/3370/3370 3364/3364/3364
f 3370/3370/3370 3369/3369/3369 3363/3363/3363
f 3366/3366/3366 3371/3371/3371 3365/3365/3365
f 3365/3365/3365 3371/3371/3371 3370/3370/3370
f 3372/3372/3372 3366/3366/3366 3367/3367/3367
f 3366/3366/3366 3372/3372/3372 3371/3371/3371
f 3368/3368/3368 3373/3373/3373 3367/3367/3367
f 3372/3372/3372 3367/3367/3367 3373/3373/3373
f 2134/2134/2134 3374/3374/3374 3368/3368/3368
f 3368/3368/3368 3374/3374/3374 3373/3373/3373
f 2134/2134/2134 2138/2138/2138 3374/3374/3374
f 3369/3369/3369 3375/3375/3375 1770/1770/1770
f 3375/3375/3375 1768/1768/1768 1770/1770/1770
f 3370/3370/3370 3376/3376/3376 3369/3369/3369
f 3371/3371/3371 3376/3376/3376 3370/3370/3370
f 3376/3376/3376 3375/3375/3375 3369/3369/3369
f 3372/3372/3372 3377/3377/3377 3371/3371/3371
f 3371/3371/3371 3377/3377/3377 3376/3376/3376
f 3378/3378/3378 3372/3372/3372 3373/3373/3373
f 3372/3372/3372 3378/3378/3378 3377/3377/3377
f 3374/3374/3374 3379/3379/3379 3373/3373/3373
f 3378/3378/3378 3373/3373/3373 3379/3379/3379
f 2138/2138/2138 3380/3380/3380 3374/3374/3374
f 3374/3374/3374 3380/3380/3380 3379/3379/3379
f 2138/2138/2138 2142/2142/2142 3380/3380/3380
f 3375/3375/3375 3381/3381/3381 1768/1768/1768
f 3381/3381/3381 1766/1766/1766 1768/1768/1768
f 3376/3376/3376 3382/3382/3382 3375/3375/3375
f 3377/3377/3377 3382/3382/3382 3376/3376/3376
f 3382/3382/3382 3381/3381/3381 3375/3375/3375
f 3378/3378/3378 3383/3383/3383 3377/3377/3377
f 3377/3377/3377 3383/3383/3383 3382/3382/3382
f 3384/3384/3384 3378/3378/3378 3379/3379/3379
f 3378/3378/3378 3384/3384/3384 3383/3383/3383
f 3380/3380/3380 3385/3385/3385 3379/3379/3379
f 3384/3384/3384 3379/3379/3379 3385/3385/3385
f 2142/2142/2142 3386/3386/3386 3380/3380/3380
f 3380/3380/3380 3386/3386/3386 3385/3385/3385
f 2142/2142/2142 2146/2146/2146 3386/3386/3386
f 3381/3381/3381 3387/3387/3387 1766/1766/1766
f 3387/3387/3387 1764/1764/1764 1766/1766/1766
f 3382/3382/3382 3388/3388/3388 3381/3381/3381
f 3383/3383/3383 3388/3388/3388 3382/3382/3382
f 3388/3388/3388 3387/3387/3387 3381/3381/3381
f 3384/3384/3384 3389/3389/3389 3383/3383/3383
f 3383/3383/3383 3389/3389/3389 3388/3388/3388
f 3390/3390/3390 3384/3384/3384 3385/3385/3385
f 3384/3384/3384 3390/3390/3390 3389/3389/3389
f 3386/3386/3386 3391/3391/3391 3385/3385/3385
f 3390/3390/3390 3385/3385/3385 3391/3391/3391
f 2146/2146/2146 3392/3392/3392 3386/3386/3386
f 3386/3386/3386 3392/3392/3392 3391/3391/3391
f 2146/2146/2146 2150/2150/2150 3392/3392/3392
f 3387/3387/3387 3393/3393/3393 1764/1764/1764
f 3393/3393/3393 1762/1762/1762 1764/1764/1764
f 3388/3388/3388 3394/3394/3394 3387/3387/3387
f 3389/3389/3389 3394/3394/3394 3388/3388/3388
f 3394/3394/3394 3393/3393/3393 3387/3387/3387
f 3390/3390/3390 3395/3395/3395 3389/3389/3389
f 3389/3389/3389 3395/3395/3395 3394/3394/3394
f 3396/3396/3396 3390/3390/3390 3391/3391/3391
f 3390/3390/3390 3396/3396/3396 3395/3395/3395
f 3392/3392/3392 3397/3397/3397 3391/3391/3391
f 3396/3396/3396 3391/3391/3391 3397/3397/3397
f 2150/2150/2150 3398/3398/3398 3392/3392/3392
f 3392/3392/3392 3398/3398/3398 3397/3397/3397
f 2150/2150/2150 2154/2154/2154 3398/3398/3398
f 3393/3393/3393 3399/3399/3399 1762/1762/1762
f 3399/3399/3399 1760/1760/1760 1762/1762/1762
f 3394/3394/3394 3400/3400/3400 3393/3393/3393
f 3395/3395/3395 3400/3400/3400 3394/3394/3394
f 3400/3400/3400 3399/3399/3399 3393/3393/3393
f 3396/3396/3396 3401/3401/3401 3395/3395/3395
f 3395/3395/3395 3401/3401/3401 3400/3400/3400
f 3402/3402/3402 3396/3396/3396 3397/3397/3397
f 3396/3396/3396 3402/3402/3402 3401/3401/3401
f 3398/3398/3398 3403/3403/3403 3397/3397/3397
f 3402/3402/3402 3397/3397/3397 3403/3403/3403
f 2154/2154/2154 3404/3404/3404 3398/3398/3398
f 3398/3398/3398 3404/3404/3404 3403/3403/3403
f 2154/2154/2154 2158/2158/2158 3404/3404/3404
f 3399/3399/3399 3405/3405/3405 1760/1760/1760
f 3405/3405/3405 1758/1758/1758 1760/1760/1760
f 3400/3400/3400 3406/3406/3406 3399/3399/3399
f 3401/3401/3401 3406/3406/3406 3400/3400/3400
f 3406/3406/3406 3405/3405/3405 3399/3399/3399
f 3402/3402/3402 3407/3407/3407 3401/3401/3401
f 3401/3401/3401 3407/3407/3407 3406/3406/3406
f 3408/3408/3408 3402/3402/3402 3403/3403/3403
f 3402/3402/3402 3408/3408/3408 3407/3407/3407
f 3404/3404/3404 3409/3409/3409 3403/3403/3403
f 3408/3408/3408 3403/3403/3403 3409/3409/3409
f 2158/2158/2158 3410/3410/3410 3404/3404/3404
f 3404/3404/3404 3410/3410/3410 3409/3409/3409
f 2158/2158/2158 2162/2162/2162 3410/3410/3410
f 3405/3405/3405 3411/3411/3411 1758/1758/1758
f 3411/3411/3411 1756/1756/1756 1758/1758/1758
f 3406/3406/3406 3412/3412/3412 3405/3405/3405
f 3407/3407/3407 3412/3412/3412 3406/3406/3406
f 3412/3412/3412 3411/3411/3411 3405/3405/3405
f 3408/3408/3408 3413/3413/3413 3407/3407/3407
f 3407/3407/3407 3413/3413/3413 3412/3412/3412
f 3414/3414/3414 3408/3408/3408 3409/3409/3409
f 3408/3408/3408 3414/3414/3414 3413/3413/3413
f 3410/3410/3410 3415/3415/3415 3409/3409/3409
f 3414/3414/3414 3409/3409/3409 3415/3415/3415
f 2162/2162/2162 3416/3416/3416 3410/3410/3410
f 3410/3410/3410 3416/3416/3416 3415/3415/3415
f 2162/2162/2162 2166/2166/2166 3416/3416/3416
f 3411/3411/3411 3417/3417/3417 1756/1756/1756
f 3417/3417/3417 1754/1754/1754 1756/1756/1756
f 3412/3412/3412 3418/3418/3418 3411/3411/3411
f 3413/3413/3413 3418/3418/3418 3412/3412/3412
f 3418/3418/3418 3417/3417/3417 3411/3411/3411
f 3414/3414/3414 3419/3419/3419 3413/3413/3413
f 3413/3413/3413 3419/3419/3419 3418/3418/3418
f 3420/3420/3420 3414/3414/3414 3415/3415/3415
f 3414/3414/3414 3420/3420/3420 3419/3419/3419
f 3416/3416/3416 3421/3421/3421 3415/3415/3415
f 3420/3420/3420 3415/3415/3415 3421/3421/3421
f 2166/2166/2166 3422/3422/3422 3416/3416/3416
f 3416/3416/3416 3422/3422/3422 3421/3421/3421
f 2166/2166/2166 2170/2170/2170 3422/3422/3422
f 3417/3417/3417 3423/3423/3423 1754/1754/1754
f 3423/3423/3423 1752/1752/1752 1754/1754/1754
f 3418/3418/3418 3424/3424/3424 3417/3417/3417
f 3419/3419/3419 3424/3424/3424 3418/3418/3418
f 3424/3424/3424 3423/3423/3423 3417/3417/3417
f 3420/3420/3420 3425/3425/3425 3419/3419/3419
f 3419/3419/3419 3425/3425/3425 3424/3424/3424
f 3426/3426/3426 3420/3420/3420 3421/3421/3421
f 3420/3420/3420 3426/3426/3426 3425/3425/3425
f 3422/3422/3422 3427/3427/3427 3421/3421/3421
f 3426/3426/3426 3421/3421/3421 3427/3427/3427
f 2170/2170/2170 3428/3428/3428 3422/3422/3422
f 3422/3422/3422 3428/3428/3428 3427/3427/3427
f 2170/2170/2170 2174/2174/2174 3428/3428/3428
f 3423/3423/3423 3429/3429/3429 1752/1752/1752
f 3429/3429/3429 1750/1750/1750 1752/1752/1752
f 3424/3424/3424 3430/3430/3430 3423/3423/3423
f 3425/3425/3425 3430/3430/3430 3424/3424/3424
f 3430/3430/3430 3429/3429/3429 3423/3423/3423
f 3426/3426/3426 3431/3431/3431 3425/3425/3425
f 3425/3425/3425 3431/3431/3431 3430/3430/3430
f 3432/3432/3432 3426/3426/3426 3427/3427/3427
f 3426/3426/3426 3432/3432/3432 3431/3431/3431
f 3428/3428/3428 3433/3433/3433 3427/3427/3427
f 3432/3432/3432 3427/3427/3427 3433/3433/3433
f 2174/2174/2174 3434/3434/3434 3428/3428/3428
f 3428/3428/3428 3434/3434/3434 3433/3433/3433
f 2174/2174/2174 2178/2178/2178 3434/3434/3434
f 3429/3429/3429 3435/3435/3435 1750/1750/1750
f 3435/3435/3435 1748/1748/1748 1750/1750/1750
f 3430/3430/3430 3436/3436/3436 3429/3429/3429
f 3431/3431/3431 3436/3436/3436 3430/3430/3430
f 3436/3436/3436 3435/3435/3435 3429/3429/3429
f 3432/3432/3432 3437/3437/3437 3431/3431/3431
f 3431/3431/3431 3437/3437/3437 3436/3436/3436
f 3438/3438/3438 3432/3432/3432 3433/3433/3433
f 3432/3432/3432 3438/3438/3438 3437/3437/3437
f 3434/3434/3434 3439/3439/3439 3433/3433/3433
f 3438/3438/3438 3433/3433/3433 3439/3439/3439
f 2178/2178/2178 3440/3440/3440 3434/3434/3434
f 3434/3434/3434 3440/3440/3440 3439/3439/3439
f 2178/2178/2178 2182/2182/2182 3440/3440/3440
f 3435/3435/3435 3441/3441/3441 1748/1748/1748
f 3441/3441/3441 1746/1746/1746 1748/1748/1748
f 3436/3436/3436 3442/3442/3442 3435/3435/3435
f 3437/3437/3437 3442/3442/3442 3436/3436/3436
f 3442/3442/3442 3441/3441/3441 3435/3435/3435
f 3438/3438/3438 3443/3443/3443 3437/3437/3437
f 3437/3437/3437 3443/3443/3443 3442/3442/3442
f 3444/3444/3444 3438/3438/3438 3439/3439/3439
f 3438/3438/3438 3444/3444/3444 3443/3443/3443
f 3440/3440/3440 3445/3445/3445 3439/3439/3439
f 3444/3444/3444 3439/3439/3439 3445/3445/3445
f 2182/2182/2182 3446/3446/3446 3440/3440/3440
f 3440/3440/3440 3446/3446/3446 3445/3445/3445
f 2182/2182/2182 2186/2186/2186 3446/3446/3446
f 3441/3441/3441 3447/3447/3447 1746/1746/1746
f 3447/3447/3447 1744/1744/1744 1746/1746/1746
f 3442/3442/3442 3448/3448/3448 3441/3441/3441
f 3443/3443/3443 3448/3448/3448 3442/3442/3442
f 3448/3448/3448 3447/3447/3447 3441/3441/3441
f 3444/3444/3444 3449/3449/3449 3443/3443/3443
f 3443/3443/3443 3449/3449/3449 3448/3448/3448
f 3450/3450/3450 3444/3444/3444 3445/3445/3445
f 3444/3444/3444 3450/3450/3450 3449/3449/3449
f 3446/3446/3446 3451/3451/3451 3445/3445/3445
f 3450/3450/3450 3445/3445/3445 3451/3451/3451
f 2186/2186/2186 3452/3452/3452 3446/3446/3446
f 3446/3446/3446 3452/3452/3452 3451/3451/3451
f 2186/2186/2186 2190/2190/2190 3452/3452/3452
f 3447/3447/3447 3453/3453/3453 1744/1744/1744
f 3453/3453/3453 1742/1742/1742 1744/1744/1744
f 3448/3448/3448 3454/3454/3454 3447/3447/3447
f 3449/3449/3449 3454/3454/3454 3448/3448/3448
f 3454/3454/3454 3453/3453/3453 3447/3447/3447
f 3450/3450/3450 3455/3455/3455 3449/3449/3449
f 3449/3449/3449 3455/3455/3455 3454/3454/3454
f 3456/3456/3456 3450/3450/3450 3451/3451/3451
f 3450/3450/3450 3456/3456/3456 3455/3455/3455
f 3452/3452/3452 3457/3457/3457 3451/3451/3451
f 3456/3456/3456 3451/3451/3451 3457/3457/3457
f 2190/2190/2190 3458/3458/3458 3452/3452/3452
f 3452/3452/3452 3458/3458/3458 3457/3457/3457
f 2190/2190/2190 2194/2194/2194 3458/3458/3458
f 3453/3453/3453 3459/3459/3459 1742/1742/1742
f 3459/3459/3459 1740/1740/1740 1742/1742/1742
f 3454/3454/3454 3460/3460/3460 3453/3453/3453
f 3455/3455/3455 3460/3460/3460 3454/3454/3454
f 3460/3460/3460 3459/3459/3459 3453/3453/3453
f 3456/3456/3456 3461/3461/3461 3455/3455/3455
f 3455/3455/3455 3461/3461/3461 3460/3460/3460
f 3462/3462/3462 3456/3456/3456 3457/3457/3457
f 3456/3456/3456 3462/3462/3462 3461/3461/3461
f 3458/3458/3458 3463/3463/3463 3457/3457/3457
f 3462/3462/3462 3457/3457/3457 3463/3463/3463
f 2194/2194/2194 3464/3464/3464 3458/3458/3458
f 3458/3458/3458 3464/3464/3464 3463/3463/3463
f 2194/2194/2194 2198/2198/2198 3464/3464/3464
f 3459/3459/3459 3465/3465/3465 1740/1740/1740
f 3465/3465/3465 1738/1738/1738 1740/1740/1740
f 3460/3460/3460 3466/3466/3466 3459/3459/3459
f 3461/3461/3461 3466/3466/3466 3460/3460/3460
f 3466/3466/3466 3465/3465/3465 3459/3459/3459
f 3462/3462/3462 3467/3467/3467 3461/3461/3461
f 3461/3461/3461 3467/3467/3467 3466/3466/3466
f 3468/3468/3468 3462/3462/3462 3463/3463/3463
f 3462/3462/3462 3468/3468/3468 3467/3467/3467
f 3464/3464/3464 3469/3469/3469 3463/3463/3463
f 3468/3468/3468 3463/3463/3463 3469/3469/3469
f 2198/2198/2198 3470/3470/3470 3464/3464/3464
f 3464/3464/3464 3470/3470/3470 3469/3469/3469
f 2198/2198/2198 2202/2202/2202 3470/3470/3470
f 3465/3465/3465 3471/3471/3471 1738/1738/1738
f 3471/3471/3471 1736/1736/1736 1738/1738/1738
f 3466/3466/3466 3472/3472/3472 3465/3465/3465
f 3467/3467/3467 3472/3472/3472 3466/3466/3466
f 3472/3472/3472 3471/3471/3471 3465/3465/3465
f 3468/3468/3468 3473/3473/3473 3467/3467/3467
f 3467/3467/3467 3473/3473/3473 3472/3472/3472
f 3474/3474/3474 3468/3468/3468 3469/3469/3469
f 3468/3468/3468 3474/3474/3474 3473/3473/3473
f 3470/3470/3470 3475/3475/3475 3469/3469/3469
f 3474/3474/3474 3469/3469/3469 3475/3475/3475
f 2202/2202/2202 3476/3476/3476 3470/3470/3470
f 3470/3470/3470 3476/3476/3476 3475/3475/3475
f 2202/2202/2202 2206/2206/2206 3476/3476/3476
f 3471/3471/3471 3477/3477/3477 1736/1736/1736
f 3477/3477/3477 1734/1734/1734 1736/1736/1736
f 3472/3472/3472 3478/3478/3478 3471/3471/3471
f 3473/3473/3473 3478/3478/3478 3472/3472/3472
f 3478/3478/3478 3477/3477/3477 3471/3471/3471
f 3474/3474/3474 3479/3479/3479 3473/3473/3473
f 3473/3473/3473 3479/3479/3479 3478/3478/3478
f 3480/3480/3480 3474/3474/3474 3475/3475/3475
f 3474/3474/3474 3480/3480/3480 3479/3479/3479
f 3476/3476/3476 3481/3481/3481 3475/3475/3475
f 3480/3480/3480 3475/3475/3475 3481/3481/3481
f 2206/2206/2206 3482/3482/3482 3476/3476/3476
f 3476/3476/3476 3482/3482/3482 3481/3481/3481
f 2206/2206/2206 2210/2210/2210 3482/3482/3482
f 3477/3477/3477 3483/3483/3483 1734/1734/1734
f 3483/3483/3483 1732/1732/1732 1734/1734/1734
f 3478/3478/3478 3484/3484/3484 3477/3477/3477
f 3479/3479/3479 3484/3484/3484 3478/3478/3478
f 3484/3484/3484 3483/3483/3483 3477/3477/3477
f 3480/3480/3480 3485/3485/3485 3479/3479/3479
f 3479/3479/3479 3485/3485/3485 3484/3484/3484
f 3486/3486/3486 3480/3480/3480 3481/3481/3481
f 3480/3480/3480 3486/3486/3486 3485/3485/3485
f 3482/3482/3482 3487/3487/3487 3481/3481/3481
f 3486/3486/3486 3481/3481/3481 3487/3487/3487
f 2210/2210/2210 3488/3488/3488 3482/3482/3482
f 3482/3482/3482 3488/3488/3488 3487/3487/3487
f 2210/2210/2210 2214/2214/2214 3488/3488/3488
f 3483/3483/3483 3489/3489/3489 1732/1732/1732
f 3489/3489/3489 1730/1730/1730 1732/1732/1732
f 3484/3484/3484 3490/3490/3490 3483/3483/3483
f 3485/3485/3485 3490/3490/3490 3484/3484/3484
f 3490/3490/3490 3489/3489/3489 3483/3483/3483
f 3486/3486/3486 3491/3491/3491 3485/3485/3485
f 3485/3485/3485 3491/3491/3491 3490/3490/3490
f 3492/3492/3492 3486/3486/3486 3487/3487/3487
f 3486/3486/3486 3492/3492/3492 3491/3491/3491
f 3488/3488/3488 3493/3493/3493 3487/3487/3487
f 3492/3492/3492 3487/3487/3487 3493/3493/3493
f 2214/2214/2214 3494/3494/3494 3488/3488/3488
f 3488/3488/3488 3494/3494/3494 3493/3493/3493
f 2214/2214/2214 2218/2218/2218 3494/3494/3494
f 3489/3489/3489 3495/3495/3495 1730/1730/1730
f 3495/3495/3495 1728/1728/1728 1730/1730/1730
f 3490/3490/3490 3496/3496/3496 3489/3489/3489
f 3491/3491/3491 3496/3496/3496 3490/3490/3490
f 3496/3496/3496 3495/3495/3495 3489/3489/3489
f 3492/3492/3492 3497/3497/3497 3491/3491/3491
f 3491/3491/3491 3497/3497/3497 3496/3496/3496
f 3498/3498/3498 3492/3492/3492 3493/3493/3493
f 3492/3492/3492 3498/3498/3498 3497/3497/3497
f 3494/3494/3494 3499/3499/3499 3493/3493/3493
f 3498/3498/3498 3493/3493/3493 3499/3499/3499
f 2218/2218/2218 3500/3500/3500 3494/3494/3494
f 3494/3494/3494 3500/3500/3500 3499/3499/3499
f 2218/2218/2218 2222/2222/2222 3500/3500/3500
f 3495/3495/3495 3501/3501/3501 1728/1728/1728
f 3501/3501/3501 1726/1726/1726 1728/1728/1728
f 3496/3496/3496 3502/3502/3502 3495/3495/3495
f 3497/3497/3497 3502/3502/3502 3496/3496/3496
f 3502/3502/3502 3501/3501/3501 3495/3495/3495
f 3498/3498/3498 3503/3503/3503 3497/3497/3497
f 3497/3497/3497 3503/3503/3503 3502/3502/3502
f 3504/3504/3504 3498/3498/3498 3499/3499/3499
f 3498/3498/3498 3504/3504/3504 3503/3503/3503
f 3500/3500/3500 3505/3505/3505 3499/3499/3499
f 3504/3504/3504 3499/3499/3499 3505/3505/3505
f 2222/2222/2222 3506/3506/3506 3500/3500/3500
f 3500/3500/3500 3506/3506/3506 3505/3505/3505
f 2222/2222/2222 2226/2226/2226 3506/3506/3506
f 3501/3501/3501 3507/3507/3507 1726/1726/1726
f 3507/3507/3507 1724/1724/1724 1726/1726/1726
f 3502/3502/3502 3508/3508/3508 3501/3501/3501
f 3503/3503/3503 3508/3508/3508 3502/3502/3502
f 3508/3508/3508 3507/3507/3507 3501/3501/3501
f 3504/3504/3504 3509/3509/3509 3503/3503/3503
f 3503/3503/3503 3509/3509/3509 3508/3508/3508
f 3510/3510/3510 3504/3504/3504 3505/3505/3505
f 3504/3504/3504 3510/3510/3510 3509/3509/3509
f 3506/3506/3506 3511/3511/3511 3505/3505/3505
f 3510/3510/3510 3505/3505/3505 3511/3511/3511
f 2226/2226/2226 3512/3512/3512 3506/3506/3506
f 3506/3506/3506 3512/3512/3512 3511/3511/3511
f 2226/2226/2226 2230/2230/2230 3512/3512/3512
f 3507/3507/3507 3513/3513/3513 1724/1724/1724
f 3513/3513/3513 1722/1722/1722 1724/1724/1724
f 3508/3508/3508 3514/3514/3514 3507/3507/3507
f 3509/3509/3509 3514/3514/3514 3508/3508/3508
f 3514/3514/3514 3513/3513/3513 3507/3507/3507
f 3510/3510/3510 3515/3515/3515 3509/3509/3509
f 3509/3509/3509 3515/3515/3515 3514/3514/3514
f 3516/3516/3516 3510/3510/3510 3511/3511/3511
f 3510/3510/3510 3516/3516/3516 3515/3515/3515
f 3512/3512/3512 3517/3517/3517 3511/3511/3511
f 3516/3516/3516 3511/3511/3511 3517/3517/3517
f 2230/2230/2230 3518/3518/3518 3512/3512/3512
f 3512/3512/3512 3518/3518/3518 3517/3517/3517
f 2230/2230/2230 2234/2234/2234 3518/3518/3518
f 3513/3513/3513 3519/3519/3519 1722/1722/1722
f 3519/3519/3519 1720/1720/1720 1722/1722/1722
f 3514/3514/3514 3520/3520/3520 3513/3513/3513
f 3515/3515/3515 3520/3520/3520 3514/3514/3514
f 3520/3520/3520 3519/3519/3519 3513/3513/3513
f 3516/3516/3516 3521/3521/3521 3515/3515/3515
f 3515/3515/3515 3521/3521/3521 3520/3520/3520
f 3522/3522/3522 3516/3516/3516 3517/3517/3517
f 3516/3516/3516 3522/3522/3522 3521/3521/3521
f 3518/3518/3518 3523/3523/3523 3517/3517/3517
f 3522/3522/3522 3517/3517/3517 3523/3523/3523
f 2234/2234/2234 3524/3524/3524 3518/3518/3518
f 3518/3518/3518 3524/3524/3524 3523/3523/3523
f 2234/2234/2234 2238/2238/2238 3524/3524/3524
f 3519/3519/3519 3525/3525/3525 1720/1720/1720
f 3525/3525/3525 1718/1718/1718 1720/1720/1720
f 3520/3520/3520 3526/3526/3526 3519/3519/3519
f 3521/3521/3521 3526/3526/3526 3520/3520/3520
f 3526/3526/3526 3525/3525/3525 3519/3519/3519
f 3522/3522/3522 3527/3527/3527 3521/3521/3521
f 3521/3521/3521 3527/3527/3527 3526/3526/3526
f 3528/3528/3528 3522/3522/3522 3523/3523/3523
f 3522/3522/3522 3528/3528/3528 3527/3527/3527
f 3524/3524/3524 3529/3529/3529 3523/3523/3523
f 3528/3528/3528 3523/3523/3523 3529/3529/3529
f 2238/2238/2238 3530/3530/3530 3524/3524/3524
f 3524/3524/3524 3530/3530/3530 3529/3529/3529
f 2238/2238/2238 2242/2242/2242 3530/3530/3530
f 3525/3525/3525 3531/3531/3531 1718/1718/1718
f 3531/3531/3531 1716/1716/1716 1718/1718/1718
f 3526/3526/3526 3532/3532/3532 3525/3525/3525
f 3527/3527/3527 3532/3532/3532 3526/3526/3526
f 3532/3532/3532 3531/3531/3531 3525/3525/3525
f 3528/3528/3528 3533/3533/3533 3527/3527/3527
f 3527/3527/3527 3533/3533/3533 3532/3532/3532
f 3534/3534/3534 3528/3528/3528 3529/3529/3529
f 3528/3528/3528 3534/3534/3534 3533/3533/3533
f 3530/3530/3530 3535/3535/3535 3529/3529/3529
f 3534/3534/3534 3529/3529/3529 3535/3535/3535
f 2242/2242/2242 3536/3536/3536 3530/3530/3530
f 3530/3530/3530 3536/3536/3536 3535/3535/3535
f 2242/2242/2242 2246/2246/2246 3536/3536/3536
f 3531/3531/3531 3537/3537/3537 1716/1716/1716
f 3537/3537/3537 1714/1714/1714 1716/1716/1716
f 3532/3532/3532 3538/3538/3538 3531/3531/3531
f 3533/3533/3533 3538/3538/3538 3532/3532/3532
f 3538/3538/3538 3537/3537/3537 3531/3531/3531
f 3534/3534/3534 3539/3539/3539 3533/3533/3533
f 3533/3533/3533 3539/3539/3539 3538/3538/3538
f 3540/3540/3540 3534/3534/3534 3535/3535/3535
f 3534/3534/3534 3540/3540/3540 3539/3539/3539
f 3536/3536/3536 3541/3541/3541 3535/3535/3535
f 3540/3540/3540 3535/3535/3535 3541/3541/3541
f 2246/2246/2246 3542/3542/3542 3536/3536/3536
f 3536/3536/3536 3542/3542/3542 3541/3541/3541
f 2246/2246/2246 2250/2250/2250 3542/3542/3542
f 3537/3537/3537 3543/3543/3543 1714/1714/1714
f 3543/3543/3543 1712/1712/1712 1714/1714/1714
f 3538/3538/3538 3544/3544/3544 3537/3537/3537
f 3539/3539/3539 3544/3544/3544 3538/3538/3538
f 3544/3544/3544 3543/3543/3543 3537/3537/3537
f 3540/3540/3540 3545/3545/3545 3539/3539/3539
f 3539/3539/3539 3545/3545/3545 3544/3544/3544
f 3546/3546/3546 3540/3540/3540 3541/3541/3541
f 3540/3540/3540 3546/3546/3546 3545/3545/3545
f 3542/3542/3542 3547/3547/3547 3541/3541/3541
f 3546/3546/3546 3541/3541/3541 3547/3547/3547
f 2250/2250/2250 3548/3548/3548 3542/3542/3542
f 3542/3542/3542 3548/3548/3548 3547/3547/3547
f 2250/2250/2250 2254/2254/2254 3548/3548/3548
f 3543/3543/3543 3549/3549/3549 1712/1712/1712
f 3549/3549/3549 1710/1710/1710 1712/1712/1712
f 3544/3544/3544 3550/3550/3550 3543/3543/3543
f 3545/3545/3545 3550/3550/3550 3544/3544/3544
f 3550/3550/3550 3549/3549/3549 3543/3543/3543
f 3546/3546/3546 3551/3551/3551 3545/3545/3545
f 3545/3545/3545 3551/3551/3551 3550/3550/3550
f 3552/3552/3552 3546/3546/3546 3547/3547/3547
f 3546/3546/3546 3552/3552/3552 3551/3551/3551
f 3548/3548/3548 3553/3553/3553 3547/3547/3547
f 3552/3552/3552 3547/3547/3547 3553/3553/3553
f 2254/2254/2254 3554/3554/3554 3548/3548/3548
f 3548/3548/3548 3554/3554/3554 3553/3553/3553
f 2254/2254/2254 2258/2258/2258 3554/3554/3554
f 3549/3549/3549 3555/3555/3555 1710/1710/1710
f 3555/3555/3555 1708/1708/1708 1710/1710/1710
f 3550/3550/3550 3556/3556/3556 3549/3549/3549
f 3551/3551/3551 3556/3556/3556 3550/3550/3550
f 3556/3556/3556 3555/3555/3555 3549/3549/3549
f 3552/3552/3552 3557/3557/3557 3551/3551/3551
f 3551/3551/3551 3557/3557/3557 3556/3556/3556
f 3558/3558/3558 3552/3552/3552 3553/3553/3553
f 3552/3552/3552 3558/3558/3558 3557/3557/3557
f 3554/3554/3554 3559/3559/3559 3553/3553/3553
f 3558/3558/3558 3553/3553/3553 3559/3559/3559
f 2258/2258/2258 3560/3560/3560 3554/3554/3554
f 3554/3554/3554 3560/3560/3560 3559/3559/3559
f 2258/2258/2258 2262/2262/2262 3560/3560/3560
f 3555/3555/3555 3561/3561/3561 1708/1708/1708
f 3561/3561/3561 1706/1706/1706 1708/1708/1708
f 3556/3556/3556 3562/3562/3562 3555/3555/3555
f 3557/3557/3557 3562/3562/3562 3556/3556/3556
f 3562/3562/3562 3561/3561/3561 3555/3555/3555
f 3558/3558/3558 3563/3563/3563 3557/3557/3557
f 3557/3557/3557 3563/3563/3563 3562/3562/3562
f 3564/3564/3564 3558/3558/3558 3559/3559/3559
f 3558/3558/3558 3564/3564/3564 3563/3563/3563
f 3560/3560/3560 3565/3565/3565 3559/3559/3559
f 3564/3564/3564 3559/3559/3559 3565/3565/3565
f 2262/2262/2262 3566/3566/3566 3560/3560/3560
f 3560/3560/3560 3566/3566/3566 3565/3565/3565
f 2262/2262/2262 2266/2266/2266 3566/3566/3566
f 3561/3561/3561 3567/3567/3567 1706/1706/1706
f 3567/3567/3567 1704/1704/1704 1706/1706/1706
f 3562/3562/3562 3568/3568/3568 3561/3561/3561
f 3563/3563/3563 3568/3568/3568 3562/3562/3562
f 3568/3568/3568 3567/3567/3567 3561/3561/3561
f 3564/3564/3564 3569/3569/3569 3563/3563/3563
f 3563/3563/3563 3569/3569/3569 3568/3568/3568
f 3570/3570/3570 3564/3564/3564 3565/3565/3565
f 3564/3564/3564 3570/3570/3570 3569/3569/3569
f 3566/3566/3566 3571/3571/3571 3565/3565/3565
f 3570/3570/3570 3565/3565/3565 3571/3571/3571
f 2266/2266/2266 3572/3572/3572 3566/3566/3566
f 3566/3566/3566 3572/3572/3572 3571/3571/3571
f 2266/2266/2266 2270/2270/2270 3572/3572/3572
f 3567/3567/3567 3573/3573/3573 1704/1704/1704
f 3573/3573/3573 1702/1702/1702 1704/1704/1704
f 3568/3568/3568 3574/3574/3574 3567/3567/3567
f 3569/3569/3569 3574/3574/3574 3568/3568/3568
f 3574/3574/3574 3573/3573/3573 3567/3567/3567
f 3570/3570/3570 3575/3575/3575 3569/3569/3569
f 3569/3569/3569 3575/3575/3575 3574/3574/3574
f 3576/3576/3576 3570/3570/3570 3571/3571/3571
f 3570/3570/3570 3576/3576/3576 3575/3575/3575
f 3572/3572/3572 3577/3577/3577 3571/3571/3571
f 3576/3576/3576 3571/3571/3571 3577/3577/3577
f 2270/2270/2270 3578/3578/3578 3572/3572/3572
f 3572/3572/3572 3578/3578/3578 3577/3577/3577
f 2270/2270/2270 2274/2274/2274 3578/3578/3578
f 3573/3573/3573 3579/3579/3579 1702/1702/1702
f 3579/3579/3579 1700/1700/1700 1702/1702/1702
f 3574/3574/3574 3580/3580/3580 3573/3573/3573
f 3575/3575/3575 3580/3580/3580 3574/3574/3574
f 3580/3580/3580 3579/3579/3579 3573/3573/3573
f 3576/3576/3576 3581/3581/3581 3575/3575/3575
f 3575/3575/3575 3581/3581/3581 3580/3580/3580
f 3582/3582/3582 3576/3576/3576 3577/3577/3577
f 3576/3576/3576 3582/3582/3582 3581/3581/3581
f 3578/3578/3578 3583/3583/3583 3577/3577/3577
f 3582/3582/3582 3577/3577/3577 3583/3583/3583
f 2274/2274/2274 3584/3584/3584 3578/3578/3578
f 3578/3578/3578 3584/3584/3584 3583/3583/3583
f 2274/2274/2274 2278/2278/2278 3584/3584/3584
f 3579/3579/3579 3585/3585/3585 1700/1700/1700
f 3585/3585/3585 1698/1698/1698 1700/1700/1700
f 3580/3580/3580 3586/3586/3586 3579/3579/3579
f 3581/3581/3581 3586/3586/3586 3580/3580/3580
f 3586/3586/3586 3585/3585/3585 3579/3579/3579
f 3582/3582/3582 3587/3587/3587 3581/3581/3581
f 3581/3581/3581 3587/3587/3587 3586/3586/3586
f 3588/3588/3588 3582/3582/3582 3583/3583/3583
f 3582/3582/3582 3588/3588/3588 3587/3587/3587
f 3584/3584/3584 3589/3589/3589 3583/3583/3583
f 3588/3588/3588 3583/3583/3583 3589/3589/3589
f 2278/2278/2278 3590/3590/3590 3584/3584/3584
f 3584/3584/3584 3590/3590/3590 3589/3589/3589
f 2278/2278/2278 2282/2282/2282 3590/3590/3590
f 3585/3585/3585 3591/3591/3591 1698/1698/1698
f 3591/3591/3591 1696/1696/1696 1698/1698/1698
f 3586/3586/3586 3592/3592/3592 3585/3585/3585
f 3587/3587/3587 3592/3592/3592 3586/3586/3586
f 3592/3592/3592 3591/3591/3591 3585/3585/3585
f 3588/3588/3588 3593/3593/3593 3587/3587/3587
f 3587/3587/3587 3593/3593/3593 3592/3592/3592
f 3594/3594/3594 3588/3588/3588 3589/3589/3589
f 3588/3588/3588 3594/3594/3594 3593/3593/3593
f 3590/3590/3590 3595/3595/3595 3589/3589/3589
f 3594/3594/3594 3589/3589/3589 3595/3595/3595
f 2282/2282/2282 3596/3596/3596 3590/3590/3590
f 3590/3590/3590 3596/3596/3596 3595/3595/3595
f 2282/2282/2282 2286/2286/2286 3596/3596/3596
f 3591/3591/3591 3597/3597/3597 1696/1696/1696
f 3597/3597/3597 1694/1694/1694 1696/1696/1696
f 3592/3592/3592 3598/3598/3598 3591/3591/3591
f 3593/3593/3593 3598/3598/3598 3592/3592/3592
f 3598/3598/3598 3597/3597/3597 3591/3591/3591
f 3594/3594/3594 3599/3599/3599 3593/3593/3593
f 3593/3593/3593 3599/3599/3599 3598/3598/3598
f 3600/3600/3600 3594/3594/3594 3595/3595/3595
f 3594/3594/3594 3600/3600/3600 3599/3599/3599
f 3596/3596/3596 3601/3601/3601 3595/3595/3595
f 3600/3600/3600 3595/3595/3595 3601/3601/3601
f 2286/2286/2286 3602/3602/3602 3596/3596/3596
f 3596/3596/3596 3602/3602/3602 3601/3601/3601
f 2286/2286/2286 2290/2290/2290 3602/3602/3602
f 3597/3597/3597 3603/3603/3603 1694/1694/1694
f 3603/3603/3603 1692/1692/1692 1694/1694/1694
f 3598/3598/3598 3604/3604/3604 3597/3597/3597
f 3599/3599/3599 3604/3604/3604 3598/3598/3598
f 3604/3604/3604 3603/3603/3603 3597/3597/3597
f 3600/3600/3600 3605/3605/3605 3599/3599/3599
f 3599/3599/3599 3605/3605/3605 3604/3604/3604
f 3606/3606/3606 3600/3600/3600 3601/3601/3601
f 3600/3600/3600 3606/3606/3606 3605/3605/3605
f 3602/3602/3602 3607/3607/3607 3601/3601/3601
f 3606/3606/3606 3601/3601/3601 3607/3607/3607
f 2290/2290/2290 3608/3608/3608 3602/3602/3602
f 3602/3602/3602 3608/3608/3608 3607/3607/3607
f 2290/2290/2290 2294/2294/2294 3608/3608/3608
f 3603/3603/3603 3609/3609/3609 1692/1692/1692
f 3609/3609/3609 1690/1690/1690 1692/1692/1692
f 3604/3604/3604 3610/3610/3610 3603/3603/3603
f 3605/3605/3605 3610/3610/3610 3604/3604/3604
f 3610/3610/3610 3609/3609/3609 3603/3603/3603
f 3606/3606/3606 3611/3611/3611 3605/3605/3605
f 3605/3605/3605 3611/3611/3611 3610/3610/3610
f 3612/3612/3612 3606/3606/3606 3607/3607/3607
f 3606/3606/3606 3612/3612/3612 3611/3611/3611
f 3608/3608/3608 3613/3613/3613 3607/3607/3607
f 3612/3612/3612 3607/3607/3607 3613/3613/3613
f 2294/2294/2294 3614/3614/3614 3608/3608/3608
f 3608/3608/3608 3614/3614/3614 3613/3613/3613
f 2294/2294/2294 2298/2298/2298 3614/3614/3614
f 3609/3609/3609 3615/3615/3615 1690/1690/1690
f 3615/3615/3615 1688/1688/1688 1690/1690/1690
f 3610/3610/3610 3616/3616/3616 3609/3609/3609
f 3611/3611/3611 3616/3616/3616 3610/3610/3610
f 3616/3616/3616 3615/3615/3615 3609/3609/3609
f 3612/3612/3612 3617/3617/3617 3611/3611/3611
f 3611/3611/3611 3617/3617/3617 3616/3616/3616
f 3618/3618/3618 3612/3612/3612 3613/3613/3613
f 3612/3612/3612 3618/3618/3618 3617/3617/3617
f 3614/3614/3614 3619/3619/3619 3613/3613/3613
f 3618/3618/3618 3613/3613/3613 3619/3619/3619
f 2298/2298/2298 3620/3620/3620 3614/3614/3614
f 3614/3614/3614 3620/3620/3620 3619/3619/3619
f 2298/2298/2298 2302/2302/2302 3620/3620/3620
f 3615/3615/3615 3621/3621/3621 1688/1688/1688
f 3621/3621/3621 1686/1686/1686 1688/1688/1688
f 3616/3616/3616 3622/3622/3622 3615/3615/3615
f 3617/3617/3617 3622/3622/3622 3616/3616/3616
f 3622/3622/3622 3621/3621/3621 3615/3615/3615
f 3618/3618/3618 3623/3623/3623 3617/3617/3617
f 3617/3617/3617 3623/3623/3623 3622/3622/3622
f 3624/3624/3624 3618/3618/3618 3619/3619/3619
f 3618/3618/3618 3624/3624/3624 3623/3623/3623
f 3620/3620/3620 3625/3625/3625 3619/3619/3619
f 3624/3624/3624 3619/3619/3619 3625/3625/3625
f 2302/2302/2302 3626/3626/3626 3620/3620/3620
f 3620/3620/3620 3626/3626/3626 3625/3625/3625
f 2302/2302/2302 2306/2306/2306 3626/3626/3626
f 3621/3621/3621 3627/3627/3627 1686/1686/1686
f 3627/3627/3627 1684/1684/1684 1686/1686/1686
f 3622/3622/3622 3628/3628/3628 3621/3621/3621
f 3623/3623/3623 3628/3628/3628 3622/3622/3622
f 3628/3628/3628 3627/3627/3627 3621/3621/3621
f 3624/3624/3624 3629/3629/3629 3623/3623/3623
f 3623/3623/3623 3629/3629/3629 3628/3628/3628
f 3630/3630/3630 3624/3624/3624 3625/3625/3625
f 3624/3624/3624 3630/3630/3630 3629/3629/3629
f 3626/3626/3626 3631/3631/3631 3625/3625/3625
f 3630/3630/3630 3625/3625/3625 3631/3631/3631
f 2306/2306/2306 3632/3632/3632 3626/3626/3626
f 3626/3626/3626 3632/3632/3632 3631/3631/3631
f 2306/2306/2306 2310/2310/2310 3632/3632/3632
f 3627/3627/3627 3633/3633/3633 1684/1684/1684
f 3633/3633/3633 1682/1682/1682 1684/1684/1684
f 3628/3628/3628 3634/3634/3634 3627/3627/3627
f 3629/3629/3629 3634/3634/3634 3628/3628/3628
f 3634/3634/3634 3633/3633/3633 3627/3627/3627
f 3630/3630/3630 3635/3635/3635 3629/3629/3629
f 3629/3629/3629 3635/3635/3635 3634/3634/3634
f 3636/3636/3636 3630/3630/3630 3631/3631/3631
f 3630/3630/3630 3636/3636/3636 3635/3635/3635
f 3632/3632/3632 3637/3637/3637 3631/3631/3631
f 3636/3636/3636 3631/3631/3631 3637/3637/3637
f 2310/2310/2310 3638/3638/3638 3632/3632/3632
f 3632/3632/3632 3638/3638/3638 3637/3637/3637
f 2310/2310/2310 2314/2314/2314 3638/3638/3638
f 3633/3633/3633 3639/3639/3639 1682/1682/1682
f 3639/3639/3639 1680/1680/1680 1682/1682/1682
f 3634/3634/3634 3640/3640/3640 3633/3633/3633
f 3635/3635/3635 3640/3640/3640 3634/3634/3634
f 3640/3640/3640 3639/3639/3639 3633/3633/3633
f 3636/3636/3636 3641/3641/3641 3635/3635/3635
f 3635/3635/3635 3641/3641/3641 3640/3640/3640
f 3642/3642/3642 3636/3636/3636 3637/3637/3637
f 3636/3636/3636 3642/3642/3642 3641/3641/3641
f 3638/3638/3638 3643/3643/3643 3637/3637/3637
f 3642/3642/3642 3637/3637/3637 3643/3643/3643
f 2314/2314/2314 3644/3644/3644 3638/3638/3638
f 3638/3638/3638 3644/3644/3644 3643/3643/3643
f 2314/2314/2314 2318/2318/2318 3644/3644/3644
f 3639/3639/3639 3645/3645/3645 1680/1680/1680
f 3645/3645/3645 1678/1678/1678 1680/1680/1680
f 3640/3640/3640 3646/3646/3646 3639/3639/3639
f 3641/3641/3641 3646/3646/3646 3640/3640/3640
f 3646/3646/3646 3645/3645/3645 3639/3639/3639
f 3642/3642/3642 3647/3647/3647 3641/3641/3641
f 3641/3641/3641 3647/3647/3647 3646/3646/3646
f 3648/3648/3648 3642/3642/3642 3643/3643/3643
f 3642/3642/3642 3648/3648/3648 3647/3647/3647
f 3644/3644/3644 3649/3649/3649 3643/3643/3643
f 3648/3648/3648 3643/3643/3643 3649/3649/3649
f 2318/2318/2318 3650/3650/3650 3644/3644/3644
f 3644/3644/3644 3650/3650/3650 3649/3649/3649
f 2318/2318/2318 2322/2322/2322 3650/3650/3650
f 3645/3645/3645 3651/3651/3651 1678/1678/1678
f 3651/3651/3651 1676/1676/1676 1678/1678/1678
f 3646/3646/3646 3652/3652/3652 3645/3645/3645
f 3647/3647/3647 3652/3652/3652 3646/3646/3646
f 3652/3652/3652 3651/3651/3651 3645/3645/3645
f 3648/3648/3648 3653/3653/3653 3647/3647/3647
f 3647/3647/3647 3653/3653/3653 3652/3652/3652
f 3654/3654/3654 3648/3648/3648 3649/3649/3649
f 3648/3648/3648 3654/3654/3654 3653/3653/3653
f 3650/3650/3650 3655/3655/3655 3649/3649/3649
f 3654/3654/3654 3649/3649/3649 3655/3655/3655
f 2322/2322/2322 3656/3656/3656 3650/3650/3650
f 3650/3650/3650 3656/3656/3656 3655/3655/3655
f 2322/2322/2322 2326/2326/2326 3656/3656/3656
f 3651/3651/3651 3657/3657/3657 1676/1676/1676
f 3657/3657/3657 1674/1674/1674 1676/1676/1676
f 3652/3652/3652 3658/3658/3658 3651/3651/3651
f 3653/3653/3653 3658/3658/3658 3652/3652/3652
f 3658/3658/3658 3657/3657/3657 3651/3651/3651
f 3654/3654/3654 3659/3659/3659 3653/3653/3653
f 3653/3653/3653 3659/3659/3659 3658/3658/3658
f 3660/3660/3660 3654/3654/3654 3655/3655/3655
f 3654/3654/3654 3660/3660/3660 3659/3659/3659
f 3656/3656/3656 3661/3661/3661 3655/3655/3655
f 3660/3660/3660 3655/3655/3655 3661/3661/3661
f 2326/2326/2326 3662/3662/3662 3656/3656/3656
f 3656/3656/3656 3662/3662/3662 3661/3661/3661
f 2326/2326/2326 2330/2330/2330 3662/3662/3662
f 3657/3657/3657 3663/3663/3663 1674/1674/1674
f 3663/3663/3663 1672/1672/1672 1674/1674/1674
f 3658/3658/3658 3664/3664/3664 3657/3657/3657
f 3659/3659/3659 3664/3664/3664 3658/3658/3658
f 3664/3664/3664 3663/3663/3663 3657/3657/3657
f 3660/3660/3660 3665/3665/3665 3659/3659/3659
f 3659/3659/3659 3665/3665/3665 3664/3664/3664
f 3666/3666/3666 3660/3660/3660 3661/3661/3661
f 3660/3660/3660 3666/3666/3666 3665/3665/3665
f 3662/3662/3662 3667/3667/3667 3661/3661/3661
f 3666/3666/3666 3661/3661/3661 3667/3667/3667
f 2330/2330/2330 3668/3668/3668 3662/3662/3662
f 3662/3662/3662 3668/3668/3668 3667/3667/3667
f 2330/2330/2330 2334/2334/2334 3668/3668/3668
f 3663/3663/3663 3669/3669/3669 1672/1672/1672
f 3669/3669/3669 1670/1670/1670 1672/1672/1672
f 3664/3664/3664 3670/3670/3670 3663/3663/3663
f 3665/3665/3665 3670/3670/3670 3664/3664/3664
f 3670/3670/3670 3669/3669/3669 3663/3663/3663
f 3666/3666/3666 3671/3671/3671 3665/3665/3665
f 3665/3665/3665 3671/3671/3671 3670/3670/3670
f 3672/3672/3672 3666/3666/3666 3667/3667/3667
f 3666/3666/3666 3672/3672/3672 3671/3671/3671
f 3668/3668/3668 3673/3673/3673 3667/3667/3667
f 3672/3672/3672 3667/3667/3667 3673/3673/3673
f 2334/2334/2334 3674/3674/3674 3668/3668/3668
f 3668/3668/3668 3674/3674/3674 3673/3673/3673
f 2334/2334/2334 2338/2338/2338 3674/3674/3674
f 3669/3669/3669 3675/3675/3675 1670/1670/1670
f 3675/3675/3675 1668/1668/1668 1670/1670/1670
f 3670/3670/3670 3676/3676/3676 3669/3669/3669
f 3671/3671/3671 3676/3676/3676 3670/3670/3670
f 3676/3676/3676 3675/3675/3675 3669/3669/3669
f 3672/3672/3672 3677/3677/3677 3671/3671/3671
f 3671/3671/3671 3677/3677/3677 3676/3676/3676
f 3678/3678/3678 3672/3672/3672 3673/3673/3673
f 3672/3672/3672 3678/3678/3678 3677/3677/3677
f 3674/3674/3674 3679/3679/3679 3673/3673/3673
f 3678/3678/3678 3673/3673/3673 3679/3679/3679
f 2338/2338/2338 3680/3680/3680 3674/3674/3674
f 3674/3674/3674 3680/3680/3680 3679/3679/3679
f 2338/2338/2338 2342/2342/2342 3680/3680/3680
f 3675/3675/3675 3681/3681/3681 1668/1668/1668
f 3681/3681/3681 1666/1666/1666 1668/1668/1668
f 3676/3676/3676 3682/3682/3682 3675/3675/3675
f 3677/3677/3677 3682/3682/3682 3676/3676/3676
f 3682/3682/3682 3681/3681/3681 3675/3675/3675
f 3678/3678/3678 3683/3683/3683 3677/3677/3677
f 3677/3677/3677 3683/3683/3683 3682/3682/3682
f 3684/3684/3684 3678/3678/3678 3679/3679/3679
f 3678/3678/3678 3684/3684/3684 3683/3683/3683
f 3680/3680/3680 3685/3685/3685 3679/3679/3679
f 3684/3684/3684 3679/3679/3679 3685/3685/3685
f 2342/2342/2342 3686/3686/3686 3680/3680/3680
f 3680/3680/3680 3686/3686/3686 3685/3685/3685
f 2342/2342/2342 2346/2346/2346 3686/3686/3686
f 3681/3681/3681 3687/3687/3687 1666/1666/1666
f 3687/3687/3687 1664/1664/1664 1666/1666/1666
f 3682/3682/3682 3688/3688/3688 3681/3681/3681
f 3683/3683/3683 3688/3688/3688 3682/3682/3682
f 3688/3688/3688 3687/3687/3687 3681/3681/3681
f 3684/3684/3684 3689/3689/3689 3683/3683/3683
f 3683/3683/3683 3689/3689/3689 3688/3688/3688
f 3690/3690/3690 3684/3684/3684 3685/3685/3685
f 3684/3684/3684 3690/3690/3690 3689/3689/3689
f 3686/3686/3686 3691/3691/3691 3685/3685/3685
f 3690/3690/3690 3685/3685/3685 3691/3691/3691
f 2346/2346/2346 3692/3692/3692 3686/3686/3686
f 3686/3686/3686 3692/3692/3692 3691/3691/3691
f 2346/2346/2346 2355/2355/2355 3692/3692/3692
f 3687/3687/3687 3693/3693/3693 1664/1664/1664
f 3693/3693/3693 1662/1662/1662 1664/1664/1664
f 3688/3688/3688 3694/3694/3694 3687/3687/3687
f 3689/3689/3689 3694/3694/3694 3688/3688/3688
f 3694/3694/3694 3693/3693/3693 3687/3687/3687
f 3690/3690/3690 3695/3695/3695 3689/3689/3689
f 3689/3689/3689 3695/3695/3695 3694/3694/3694
f 3696/3696/3696 3690/3690/3690 3691/3691/3691
f 3690/3690/3690 3696/3696/3696 3695/3695/3695
f 3692/3692/3692 3697/3697/3697 3691/3691/3691
f 3696/3696/3696 3691/3691/3691 3697/3697/3697
f 2355/2355/2355 3698/3698/3698 3692/3692/3692
f 3692/3692/3692 3698/3698/3698 3697/3697/3697
f 3693/3693/3693 3699/3699/3699 1662/1662/1662
f 3699/3699/3699 1660/1660/1660 1662/1662/1662
f 3694/3694/3694 3700/3700/3700 3693/3693/3693
f 3695/3695/3695 3700/3700/3700 3694/3694/3694
f 3700/3700/3700 3699/3699/3699 3693/3693/3693
f 3696/3696/3696 3701/3701/3701 3695/3695/3695
f 3695/3695/3695 3701/3701/3701 3700/3700/3700
f 3702/3702/3702 3696/3696/3696 3697/3697/3697
f 3696/3696/3696 3702/3702/3702 3701/3701/3701
f 3699/3699/3699 3703/3703/3703 1660/1660/1660
f 3703/3703/3703 1658/1658/1658 1660/1660/1660
f 3700/3700/3700 3704/3704/3704 3699/3699/3699
f 3701/3701/3701 3704/3704/3704 3700/3700/3700
f 3704/3704/3704 3703/3703/3703 3699/3699/3699
f 3703/3703/3703 3705/3705/3705 1658/1658/1658
f 3705/3705/3705 1656/1656/1656 1658/1658/1658
f 3701/3701/3701 3706/3706/3706 3704/3704/3704
f 3702/3702/3702 3706/3706/3706 3701/3701/3701
f 3704/3704/3704 3707/3707/3707 3703/3703/3703
f 3707/3707/3707 3705/3705/3705 3703/3703/3703
f 3706/3706/3706 3707/3707/3707 3704/3704/3704
f 3702/3702/3702 3697/3697/3697 3708/3708/3708
f 3698/3698/3698 3708/3708/3708 3697/3697/3697
f 3705/3705/3705 3709/3709/3709 1656/1656/1656
f 3709/3709/3709 1654/1654/1654 1656/1656/1656
f 3707/3707/3707 3710/3710/3710 3705/3705/3705
f 3710/3710/3710 3709/3709/3709 3705/3705/3705
f 3706/3706/3706 3711/3711/3711 3707/3707/3707
f 3711/3711/3711 3710/3710/3710 3707/3707/3707
f 3702/3702/3702 3712/3712/3712 3706/3706/3706
f 3712/3712/3712 3702/3702/3702 3708/3708/3708
f 3712/3712/3712 3711/3711/3711 3706/3706/3706
f 3709/3709/3709 3713/3713/3713 1654/1654/1654
f 3713/3713/3713 1652/1652/1652 1654/1654/1654
f 3710/3710/3710 3714/3714/3714 3709/3709/3709
f 3714/3714/3714 3713/3713/3713 3709/3709/3709
f 3711/3711/3711 3715/3715/3715 3710/3710/3710
f 3715/3715/3715 3714/3714/3714 3710/3710/3710
f 3712/3712/3712 3716/3716/3716 3711/3711/3711
f 3716/3716/3716 3715/3715/3715 3711/3711/3711
f 3712/3712/3712 3708/3708/3708 3717/3717/3717
f 3716/3716/3716 3712/3712/3712 3717/3717/3717
f 3713/3713/3713 3718/3718/3718 1652/1652/1652
f 3718/3718/3718 1650/1650/1650 1652/1652/1652
f 3714/3714/3714 3719/3719/3719 3713/3713/3713
f 3719/3719/3719 3718/3718/3718 3713/3713/3713
f 3715/3715/3715 3720/3720/3720 3714/3714/3714
f 3720/3720/3720 3719/3719/3719 3714/3714/3714
f 3716/3716/3716 3721/3721/3721 3715/3715/3715
f 3721/3721/3721 3720/3720/3720 3715/3715/3715
f 3718/3718/3718 3722/3722/3722 1650/1650/1650
f 3722/3722/3722 1648/1648/1648 1650/1650/1650
f 3719/3719/3719 3723/3723/3723 3718/3718/3718
f 3723/3723/3723 3722/3722/3722 3718/3718/3718
f 3720/3720/3720 3724/3724/3724 3719/3719/3719
f 3724/3724/3724 3723/3723/3723 3719/3719/3719
f 3722/3722/3722 3725/3725/3725 1648/1648/1648
f 3725/3725/3725 1640/1640/1640 1648/1648/1648
f 3723/3723/3723 3726/3726/3726 3722/3722/3722
f 3726/3726/3726 3725/3725/3725 3722/3722/3722
f 3724/3724/3724 3727/3727/3727 3723/3723/3723
f 3727/3727/3727 3726/3726/3726 3723/3723/3723
f 3728/3728/3728 3727/3727/3727 3724/3724/3724
f 3729/3729/3729 3724/3724/3724 3720/3720/3720
f 3729/3729/3729 3728/3728/3728 3724/3724/3724
f 3721/3721/3721 3729/3729/3729 3720/3720/3720
f 3728/3728/3728 3729/3729/3729 3730/3730/3730
f 3729/3729/3729 3731/3731/3731 3730/3730/3730
f 3729/3729/3729 3721/3721/3721 3731/3731/3731
f 3732/3732/3732 3730/3730/3730 3731/3731/3731
f 3725/3725/3725 3733/3733/3733 1640/1640/1640
f 3733/3733/3733 1638/1638/1638 1640/1640/1640
f 3726/3726/3726 3734/3734/3734 3725/3725/3725
f 3734/3734/3734 3733/3733/3733 3725/3725/3725
f 3721/3721/3721 3735/3735/3735 3731/3731/3731
f 3721/3721/3721 3716/3716/3716 3735/3735/3735
f 3716/3716/3716 3717/3717/3717 3735/3735/3735
f 3736/3736/3736 3732/3732/3732 3731/3731/3731
f 3736/3736/3736 3731/3731/3731 3735/3735/3735
f 3737/3737/3737 3732/3732/3732 3736/3736/3736
f 3733/3733/3733 3738/3738/3738 1638/1638/1638
f 3738/3738/3738 1636/1636/1636 1638/1638/1638
f 3739/3739/3739 3735/3735/3735 3717/3717/3717
f 3739/3739/3739 3736/3736/3736 3735/3735/3735
f 3740/3740/3740 3734/3734/3734 3726/3726/3726
f 3741/3741/3741 3740/3740/3740 3726/3726/3726
f 3734/3734/3734 3742/3742/3742 3733/3733/3733
f 3742/3742/3742 3738/3738/3738 3733/3733/3733
f 3738/3738/3738 3743/3743/3743 1636/1636/1636
f 3743/3743/3743 1634/1634/1634 1636/1636/1636
f 3744/3744/3744 3737/3737/3737 3736/3736/3736
f 3744/3744/3744 3736/3736/3736 3739/3739/3739
f 3745/3745/3745 3739/3739/3739 3717/3717/3717
f 3745/3745/3745 3717/3717/3717 3708/3708/3708
f 3698/3698/3698 3745/3745/3745 3708/3708/3708
f 3746/3746/3746 3739/3739/3739 3745/3745/3745
f 3746/3746/3746 3744/3744/3744 3739/3739/3739
f 3747/3747/3747 3745/3745/3745 3698/3698/3698
f 3747/3747/3747 3746/3746/3746 3745/3745/3745
f 2355/2355/2355 3747/3747/3747 3698/3698/3698
f 2345/2345/2345 3747/3747/3747 2355/2355/2355
f 2345/2345/2345 3748/3748/3748 3747/3747/3747
f 3748/3748/3748 3746/3746/3746 3747/3747/3747
f 2339/2339/2339 3748/3748/3748 2345/2345/2345
f 2339/2339/2339 2343/2343/2343 3748/3748/3748
f 3748/3748/3748 3749/3749/3749 3746/3746/3746
f 2343/2343/2343 3749/3749/3749 3748/3748/3748
f 3749/3749/3749 3744/3744/3744 3746/3746/3746
f 2343/2343/2343 2347/2347/2347 3749/3749/3749
f 3749/3749/3749 3750/3750/3750 3744/3744/3744
f 2347/2347/2347 3750/3750/3750 3749/3749/3749
f 2347/2347/2347 2356/2356/2356 3750/3750/3750
f 3750/3750/3750 3737/3737/3737 3744/3744/3744
f 2356/2356/2356 3751/3751/3751 3750/3750/3750
f 3750/3750/3750 3751/3751/3751 3737/3737/3737
f 2356/2356/2356 2358/2358/2358 3751/3751/3751
f 3751/3751/3751 3752/3752/3752 3737/3737/3737
f 3737/3737/3737 3752/3752/3752 3753/3753/3753
f 2358/2358/2358 3754/3754/3754 3751/3751/3751
f 3751/3751/3751 3754/3754/3754 3752/3752/3752
f 2358/2358/2358 2360/2360/2360 3754/3754/3754
f 3752/3752/3752 3755/3755/3755 3753/3753/3753
f 3753/3753/3753 3755/3755/3755 3756/3756/3756
f 3754/3754/3754 3757/3757/3757 3752/3752/3752
f 3752/3752/3752 3757/3757/3757 3755/3755/3755
f 2360/2360/2360 3758/3758/3758 3754/3754/3754
f 3754/3754/3754 3758/3758/3758 3757/3757/3757
f 2360/2360/2360 2362/2362/2362 3758/3758/3758
f 3755/3755/3755 3759/3759/3759 3756/3756/3756
f 3760/3760/3760 3756/3756/3756 3759/3759/3759
f 3757/3757/3757 3761/3761/3761 3755/3755/3755
f 3755/3755/3755 3761/3761/3761 3759/3759/3759
f 3758/3758/3758 3762/3762/3762 3757/3757/3757
f 3757/3757/3757 3762/3762/3762 3761/3761/3761
f 2362/2362/2362 3763/3763/3763 3758/3758/3758
f 3758/3758/3758 3763/3763/3763 3762/3762/3762
f 2362/2362/2362 2364/2364/2364 3763/3763/3763
f 3764/3764/3764 3760/3760/3760 3759/3759/3759
f 3760/3760/3760 3764/3764/3764 3741/3741/3741
f 3764/3764/3764 3740/3740/3740 3741/3741/3741
f 3761/3761/3761 3765/3765/3765 3759/3759/3759
f 3764/3764/3764 3759/3759/3759 3765/3765/3765
f 3762/3762/3762 3766/3766/3766 3761/3761/3761
f 3761/3761/3761 3766/3766/3766 3765/3765/3765
f 3763/3763/3763 3767/3767/3767 3762/3762/3762
f 3762/3762/3762 3767/3767/3767 3766/3766/3766
f 2364/2364/2364 3768/3768/3768 3763/3763/3763
f 3763/3763/3763 3768/3768/3768 3767/3767/3767
f 2364/2364/2364 2366/2366/2366 3768/3768/3768
f 3764/3764/3764 3769/3769/3769 3740/3740/3740
f 3769/3769/3769 3764/3764/3764 3765/3765/3765
f 3766/3766/3766 3770/3770/3770 3765/3765/3765
f 3769/3769/3769 3765/3765/3765 3770/3770/3770
f 3767/3767/3767 3771/3771/3771 3766/3766/3766
f 3766/3766/3766 3771/3771/3771 3770/3770/3770
f 3768/3768/3768 3772/3772/3772 3767/3767/3767
f 3767/3767/3767 3772/3772/3772 3771/3771/3771
f 2366/2366/2366 3773/3773/3773 3768/3768/3768
f 3768/3768/3768 3773/3773/3773 3772/3772/3772
f 2366/2366/2366 2368/2368/2368 3773/3773/3773
f 3769/3769/3769 3774/3774/3774 3740/3740/3740
f 3740/3740/3740 3774/3774/3774 3734/3734/3734
f 3774/3774/3774 3742/3742/3742 3734/3734/3734
f 3775/3775/3775 3769/3769/3769 3770/3770/3770
f 3769/3769/3769 3775/3775/3775 3774/3774/3774
f 3771/3771/3771 3776/3776/3776 3770/3770/3770
f 3775/3775/3775 3770/3770/3770 3776/3776/3776
f 3772/3772/3772 3777/3777/3777 3771/3771/3771
f 3771/3771/3771 3777/3777/3777 3776/3776/3776
f 3773/3773/3773 3778/3778/3778 3772/3772/3772
f 3772/3772/3772 3778/3778/3778 3777/3777/3777
f 2368/2368/2368 3779/3779/3779 3773/3773/3773
f 3773/3773/3773 3779/3779/3779 3778/3778/3778
f 2368/2368/2368 2370/2370/2370 3779/3779/3779
f 3774/3774/3774 3780/3780/3780 3742/3742/3742
f 3775/3775/3775 3780/3780/3780 3774/3774/3774
f 3781/3781/3781 3775/3775/3775 3776/3776/3776
f 3775/3775/3775 3781/3781/3781 3780/3780/3780
f 3777/3777/3777 3782/3782/3782 3776/3776/3776
f 3781/3781/3781 3776/3776/3776 3782/3782/3782
f 3778/3778/3778 3783/3783/3783 3777/3777/3777
f 3777/3777/3777 3783/3783/3783 3782/3782/3782
f 3779/3779/3779 3784/3784/3784 3778/3778/3778
f 3778/3778/3778 3784/3784/3784 3783/3783/3783
f 2370/2370/2370 3785/3785/3785 3779/3779/3779
f 3779/3779/3779 3785/3785/3785 3784/3784/3784
f 2370/2370/2370 2372/2372/2372 3785/3785/3785
f 3780/3780/3780 3786/3786/3786 3742/3742/3742
f 3742/3742/3742 3786/3786/3786 3738/3738/3738
f 3786/3786/3786 3743/3743/3743 3738/3738/3738
f 3781/3781/3781 3787/3787/3787 3780/3780/3780
f 3780/3780/3780 3787/3787/3787 3786/3786/3786
f 3788/3788/3788 3781/3781/3781 3782/3782/3782
f 3781/3781/3781 3788/3788/3788 3787/3787/3787
f 3783/3783/3783 3789/3789/3789 3782/3782/3782
f 3788/3788/3788 3782/3782/3782 3789/3789/3789
f 3784/3784/3784 3790/3790/3790 3783/3783/3783
f 3783/3783/3783 3790/3790/3790 3789/3789/3789
f 3785/3785/3785 3791/3791/3791 3784/3784/3784
f 3784/3784/3784 3791/3791/3791 3790/3790/3790
f 3786/3786/3786 3792/3792/3792 3743/3743/3743
f 3787/3787/3787 3792/3792/3792 3786/3786/3786
f 3788/3788/3788 3793/3793/3793 3787/3787/3787
f 3787/3787/3787 3793/3793/3793 3792/3792/3792
f 3794/3794/3794 3788/3788/3788 3789/3789/3789
f 3788/3788/3788 3794/3794/3794 3793/3793/3793
f 3790/3790/3790 3795/3795/3795 3789/3789/3789
f 3794/3794/3794 3789/3789/3789 3795/3795/3795
f 3792/3792/3792 3796/3796/3796 3743/3743/3743
f 3743/3743/3743 3796/3796/3796 1634/1634/1634
f 3796/3796/3796 1632/1632/1632 1634/1634/1634
f 3793/3793/3793 3797/3797/3797 3792/3792/3792
f 3792/3792/3792 3797/3797/3797 3796/3796/3796
f 3796/3796/3796 3798/3798/3798 1632/1632/1632
f 3797/3797/3797 3798/3798/3798 3796/3796/3796
f 3798/3798/3798 1630/1630/1630 1632/1632/1632
f 3794/3794/3794 3799/3799/3799 3793/3793/3793
f 3793/3793/3793 3799/3799/3799 3797/3797/3797
f 3798/3798/3798 3800/3800/3800 1630/1630/1630
f 3800/3800/3800 1628/1628/1628 1630/1630/1630
f 3797/3797/3797 3801/3801/3801 3798/3798/3798
f 3799/3799/3799 3801/3801/3801 3797/3797/3797
f 3801/3801/3801 3800/3800/3800 3798/3798/3798
f 3794/3794/3794 3802/3802/3802 3799/3799/3799
f 3802/3802/3802 3794/3794/3794 3795/3795/3795
f 3800/3800/3800 3803/3803/3803 1628/1628/1628
f 3803/3803/3803 1626/1626/1626 1628/1628/1628
f 3801/3801/3801 3804/3804/3804 3800/3800/3800
f 3804/3804/3804 3803/3803/3803 3800/3800/3800
f 3799/3799/3799 3805/3805/3805 3801/3801/3801
f 3802/3802/3802 3805/3805/3805 3799/3799/3799
f 3805/3805/3805 3804/3804/3804 3801/3801/3801
f 3803/3803/3803 3806/3806/3806 1626/1626/1626
f 3806/3806/3806 1624/1624/1624 1626/1626/1626
f 3804/3804/3804 3807/3807/3807 3803/3803/3803
f 3807/3807/3807 3806/3806/3806 3803/3803/3803
f 3805/3805/3805 3808/3808/3808 3804/3804/3804
f 3808/3808/3808 3807/3807/3807 3804/3804/3804
f 3802/3802/3802 3809/3809/3809 3805/3805/3805
f 3809/3809/3809 3808/3808/3808 3805/3805/3805
f 3802/3802/3802 3795/3795/3795 3810/3810/3810
f 3809/3809/3809 3802/3802/3802 3810/3810/3810
f 3806/3806/3806 3811/3811/3811 1624/1624/1624
f 3811/3811/3811 1622/1622/1622 1624/1624/1624
f 3807/3807/3807 3812/3812/3812 3806/3806/3806
f 3812/3812/3812 3811/3811/3811 3806/3806/3806
f 3808/3808/3808 3813/3813/3813 3807/3807/3807
f 3813/3813/3813 3812/3812/3812 3807/3807/3807
f 3809/3809/3809 3814/3814/3814 3808/3808/3808
f 3814/3814/3814 3813/3813/3813 3808/3808/3808
f 3811/3811/3811 3815/3815/3815 1622/1622/1622
f 3815/3815/3815 1620/1620/1620 1622/1622/1622
f 3812/3812/3812 3816/3816/3816 3811/3811/3811
f 3816/3816/3816 3815/3815/3815 3811/3811/3811
f 3813/3813/3813 3817/3817/3817 3812/3812/3812
f 3817/3817/3817 3816/3816/3816 3812/3812/3812
f 3815/3815/3815 3818/3818/3818 1620/1620/1620
f 3818/3818/3818 1618/1618/1618 1620/1620/1620
f 3816/3816/3816 3819/3819/3819 3815/3815/3815
f 3819/3819/3819 3818/3818/3818 3815/3815/3815
f 3818/3818/3818 3820/3820/3820 1618/1618/1618
f 3820/3820/3820 1616/1616/1616 1618/1618/1618
f 3814/3814/3814 3809/3809/3809 3821/3821/3821
f 3809/3809/3809 3810/3810/3810 3821/3821/3821
f 3814/3814/3814 3822/3822/3822 3813/3813/3813
f 3822/3822/3822 3817/3817/3817 3813/3813/3813
f 3817/3817/3817 3823/3823/3823 3816/3816/3816
f 3823/3823/3823 3819/3819/3819 3816/3816/3816
f 3819/3819/3819 3824/3824/3824 3818/3818/3818
f 3824/3824/3824 3820/3820/3820 3818/3818/3818
f 3820/3820/3820 3825/3825/3825 1616/1616/1616
f 3825/3825/3825 1614/1614/1614 1616/1616/1616
f 3814/3814/3814 3821/3821/3821 3826/3826/3826
f 3822/3822/3822 3814/3814/3814 3826/3826/3826
f 3822/3822/3822 3827/3827/3827 3817/3817/3817
f 3827/3827/3827 3823/3823/3823 3817/3817/3817
f 3823/3823/3823 3828/3828/3828 3819/3819/3819
f 3828/3828/3828 3824/3824/3824 3819/3819/3819
f 3824/3824/3824 3829/3829/3829 3820/3820/3820
f 3829/3829/3829 3825/3825/3825 3820/3820/3820
f 3825/3825/3825 3830/3830/3830 1614/1614/1614
f 3830/3830/3830 1612/1612/1612 1614/1614/1614
f 3822/3822/3822 3826/3826/3826 3831/3831/3831
f 3827/3827/3827 3822/3822/3822 3831/3831/3831
f 3827/3827/3827 3832/3832/3832 3823/3823/3823
f 3832/3832/3832 3828/3828/3828 3823/3823/3823
f 3828/3828/3828 3833/3833/3833 3824/3824/3824
f 3833/3833/3833 3829/3829/3829 3824/3824/3824
f 3829/3829/3829 3834/3834/3834 3825/3825/3825
f 3834/3834/3834 3830/3830/3830 3825/3825/3825
f 3830/3830/3830 3835/3835/3835 1612/1612/1612
f 3835/3835/3835 1610/1610/1610 1612/1612/1612
f 3827/3827/3827 3831/3831/3831 3836/3836/3836
f 3832/3832/3832 3827/3827/3827 3836/3836/3836
f 3832/3832/3832 3837/3837/3837 3828/3828/3828
f 3837/3837/3837 3833/3833/3833 3828/3828/3828
f 3833/3833/3833 3838/3838/3838 3829/3829/3829
f 3838/3838/3838 3834/3834/3834 3829/3829/3829
f 3834/3834/3834 3839/3839/3839 3830/3830/3830
f 3839/3839/3839 3835/3835/3835 3830/3830/3830
f 3835/3835/3835 3840/3840/3840 1610/1610/1610
f 3840/3840/3840 1608/1608/1608 1610/1610/1610
f 3832/3832/3832 3836/3836/3836 3841/3841/3841
f 3837/3837/3837 3832/3832/3832 3841/3841/3841
f 3837/3837/3837 3842/3842/3842 3833/3833/3833
f 3842/3842/3842 3838/3838/3838 3833/3833/3833
f 3838/3838/3838 3843/3843/3843 3834/3834/3834
f 3843/3843/3843 3839/3839/3839 3834/3834/3834
f 3839/3839/3839 3844/3844/3844 3835/3835/3835
f 3844/3844/3844 3840/3840/3840 3835/3835/3835
f 3840/3840/3840 3845/3845/3845 1608/1608/1608
f 3845/3845/3845 1605/1605/1605 1608/1608/1608
f 3837/3837/3837 3841/3841/3841 3846/3846/3846
f 3842/3842/3842 3837/3837/3837 3846/3846/3846
f 3842/3842/3842 3847/3847/3847 3838/3838/3838
f 3847/3847/3847 3843/3843/3843 3838/3838/3838
f 3843/3843/3843 3848/3848/3848 3839/3839/3839
f 3848/3848/3848 3844/3844/3844 3839/3839/3839
f 3844/3844/3844 3849/3849/3849 3840/3840/3840
f 3849/3849/3849 3845/3845/3845 3840/3840/3840
f 3845/3845/3845 3850/3850/3850 1605/1605/1605
f 3850/3850/3850 1603/1603/1603 1605/1605/1605
f 3842/3842/3842 3846/3846/3846 3851/3851/3851
f 3847/3847/3847 3842/3842/3842 3851/3851/3851
f 3847/3847/3847 3852/3852/3852 3843/3843/3843
f 3852/3852/3852 3848/3848/3848 3843/3843/3843
f 3848/3848/3848 3853/3853/3853 3844/3844/3844
f 3853/3853/3853 3849/3849/3849 3844/3844/3844
f 3849/3849/3849 3854/3854/3854 3845/3845/3845
f 3854/3854/3854 3850/3850/3850 3845/3845/3845
f 3850/3850/3850 3855/3855/3855 1603/1603/1603
f 3855/3855/3855 1601/1601/1601 1603/1603/1603
f 3847/3847/3847 3851/3851/3851 3856/3856/3856
f 3852/3852/3852 3847/3847/3847 3856/3856/3856
f 3852/3852/3852 3857/3857/3857 3848/3848/3848
f 3857/3857/3857 3853/3853/3853 3848/3848/3848
f 3853/3853/3853 3858/3858/3858 3849/3849/3849
f 3858/3858/3858 3854/3854/3854 3849/3849/3849
f 3854/3854/3854 3859/3859/3859 3850/3850/3850
f 3859/3859/3859 3855/3855/3855 3850/3850/3850
f 3855/3855/3855 3860/3860/3860 1601/1601/1601
f 3860/3860/3860 1599/1599/1599 1601/1601/1601
f 3852/3852/3852 3856/3856/3856 3861/3861/3861
f 3857/3857/3857 3852/3852/3852 3861/3861/3861
f 3857/3857/3857 3862/3862/3862 3853/3853/3853
f 3862/3862/3862 3858/3858/3858 3853/3853/3853
f 3858/3858/3858 3863/3863/3863 3854/3854/3854
f 3863/3863/3863 3859/3859/3859 3854/3854/3854
f 3859/3859/3859 3864/3864/3864 3855/3855/3855
f 3864/3864/3864 3860/3860/3860 3855/3855/3855
f 3860/3860/3860 3865/3865/3865 1599/1599/1599
f 3865/3865/3865 1597/1597/1597 1599/1599/1599
f 3857/3857/3857 3861/3861/3861 3866/3866/3866
f 3862/3862/3862 3857/3857/3857 3866/3866/3866
f 3862/3862/3862 3867/3867/3867 3858/3858/3858
f 3867/3867/3867 3863/3863/3863 3858/3858/3858
f 3863/3863/3863 3868/3868/3868 3859/3859/3859
f 3868/3868/3868 3864/3864/3864 3859/3859/3859
f 3864/3864/3864 3869/3869/3869 3860/3860/3860
f 3869/3869/3869 3865/3865/3865 3860/3860/3860
f 3865/3865/3865 3870/3870/3870 1597/1597/1597
f 3870/3870/3870 1595/1595/1595 1597/1597/1597
f 3862/3862/3862 3866/3866/3866 3871/3871/3871
f 3867/3867/3867 3862/3862/3862 3871/3871/3871
f 3867/3867/3867 3872/3872/3872 3863/3863/3863
f 3872/3872/3872 3868/3868/3868 3863/3863/3863
f 3868/3868/3868 3873/3873/3873 3864/3864/3864
f 3873/3873/3873 3869/3869/3869 3864/3864/3864
f 3869/3869/3869 3874/3874/3874 3865/3865/3865
f 3874/3874/3874 3870/3870/3870 3865/3865/3865
f 3870/3870/3870 3875/3875/3875 1595/1595/1595
f 3875/3875/3875 1593/1593/1593 1595/1595/1595
f 3867/3867/3867 3871/3871/3871 3876/3876/3876
f 3872/3872/3872 3867/3867/3867 3876/3876/3876
f 3872/3872/3872 3877/3877/3877 3868/3868/3868
f 3877/3877/3877 3873/3873/3873 3868/3868/3868
f 3873/3873/3873 3878/3878/3878 3869/3869/3869
f 3878/3878/3878 3874/3874/3874 3869/3869/3869
f 3874/3874/3874 3879/3879/3879 3870/3870/3870
f 3879/3879/3879 3875/3875/3875 3870/3870/3870
f 3875/3875/3875 3880/3880/3880 1593/1593/1593
f 3880/3880/3880 1591/1591/1591 1593/1593/1593
f 3872/3872/3872 3876/3876/3876 3881/3881/3881
f 3877/3877/3877 3872/3872/3872 3881/3881/3881
f 3877/3877/3877 3882/3882/3882 3873/3873/3873
f 3882/3882/3882 3878/3878/3878 3873/3873/3873
f 3878/3878/3878 3883/3883/3883 3874/3874/3874
f 3883/3883/3883 3879/3879/3879 3874/3874/3874
f 3879/3879/3879 3884/3884/3884 3875/3875/3875
f 3884/3884/3884 3880/3880/3880 3875/3875/3875
f 3880/3880/3880 3885/3885/3885 1591/1591/1591
f 3885/3885/3885 1589/1589/1589 1591/1591/1591
f 3877/3877/3877 3881/3881/3881 3886/3886/3886
f 3882/3882/3882 3877/3877/3877 3886/3886/3886
f 3882/3882/3882 3887/3887/3887 3878/3878/3878
f 3887/3887/3887 3883/3883/3883 3878/3878/3878
f 3883/3883/3883 3888/3888/3888 3879/3879/3879
f 3888/3888/3888 3884/3884/3884 3879/3879/3879
f 3884/3884/3884 3889/3889/3889 3880/3880/3880
f 3889/3889/3889 3885/3885/3885 3880/3880/3880
f 3885/3885/3885 3890/3890/3890 1589/1589/1589
f 3890/3890/3890 1587/1587/1587 1589/1589/1589
f 3882/3882/3882 3886/3886/3886 3891/3891/3891
f 3887/3887/3887 3882/3882/3882 3891/3891/3891
f 3887/3887/3887 3892/3892/3892 3883/3883/3883
f 3892/3892/3892 3888/3888/3888 3883/3883/3883
f 3888/3888/3888 3893/3893/3893 3884/3884/3884
f 3893/3893/3893 3889/3889/3889 3884/3884/3884
f 3889/3889/3889 3894/3894/3894 3885/3885/3885
f 3894/3894/3894 3890/3890/3890 3885/3885/3885
f 3890/3890/3890 3895/3895/3895 1587/1587/1587
f 3895/3895/3895 1585/1585/1585 1587/1587/1587
f 3887/3887/3887 3891/3891/3891 3896/3896/3896
f 3892/3892/3892 3887/3887/3887 3896/3896/3896
f 3892/3892/3892 3897/3897/3897 3888/3888/3888
f 3897/3897/3897 3893/3893/3893 3888/3888/3888
f 3893/3893/3893 3898/3898/3898 3889/3889/3889
f 3898/3898/3898 3894/3894/3894 3889/3889/3889
f 3894/3894/3894 3899/3899/3899 3890/3890/3890
f 3899/3899/3899 3895/3895/3895 3890/3890/3890
f 3895/3895/3895 3900/3900/3900 1585/1585/1585
f 3900/3900/3900 1583/1583/1583 1585/1585/1585
f 3892/3892/3892 3896/3896/3896 3901/3901/3901
f 3897/3897/3897 3892/3892/3892 3901/3901/3901
f 3897/3897/3897 3902/3902/3902 3893/3893/3893
f 3902/3902/3902 3898/3898/3898 3893/3893/3893
f 3898/3898/3898 3903/3903/3903 3894/3894/3894
f 3903/3903/3903 3899/3899/3899 3894/3894/3894
f 3899/3899/3899 3904/3904/3904 3895/3895/3895
f 3904/3904/3904 3900/3900/3900 3895/3895/3895
f 3900/3900/3900 3905/3905/3905 1583/1583/1583
f 3905/3905/3905 1581/1581/1581 1583/1583/1583
f 3897/3897/3897 3901/3901/3901 3906/3906/3906
f 3902/3902/3902 3897/3897/3897 3906/3906/3906
f 3902/3902/3902 3907/3907/3907 3898/3898/3898
f 3907/3907/3907 3903/3903/3903 3898/3898/3898
f 3903/3903/3903 3908/3908/3908 3899/3899/3899
f 3908/3908/3908 3904/3904/3904 3899/3899/3899
f 3904/3904/3904 3909/3909/3909 3900/3900/3900
f 3909/3909/3909 3905/3905/3905 3900/3900/3900
f 3905/3905/3905 3910/3910/3910 1581/1581/1581
f 3910/3910/3910 1579/1579/1579 1581/1581/1581
f 3902/3902/3902 3906/3906/3906 3911/3911/3911
f 3907/3907/3907 3902/3902/3902 3911/3911/3911
f 3907/3907/3907 3912/3912/3912 3903/3903/3903
f 3912/3912/3912 3908/3908/3908 3903/3903/3903
f 3908/3908/3908 3913/3913/3913 3904/3904/3904
f 3913/3913/3913 3909/3909/3909 3904/3904/3904
f 3909/3909/3909 3914/3914/3914 3905/3905/3905
f 3914/3914/3914 3910/3910/3910 3905/3905/3905
f 3910/3910/3910 3915/3915/3915 1579/1579/1579
f 3915/3915/3915 1577/1577/1577 1579/1579/1579
f 3907/3907/3907 3911/3911/3911 3916/3916/3916
f 3912/3912/3912 3907/3907/3907 3916/3916/3916
f 3912/3912/3912 3917/3917/3917 3908/3908/3908
f 3917/3917/3917 3913/3913/3913 3908/3908/3908
f 3913/3913/3913 3918/3918/3918 3909/3909/3909
f 3918/3918/3918 3914/3914/3914 3909/3909/3909
f 3914/3914/3914 3919/3919/3919 3910/3910/3910
f 3919/3919/3919 3915/3915/3915 3910/3910/3910
f 3915/3915/3915 3920/3920/3920 1577/1577/1577
f 3920/3920/3920 1575/1575/1575 1577/1577/1577
f 3912/3912/3912 3916/3916/3916 3921/3921/3921
f 3917/3917/3917 3912/3912/3912 3921/3921/3921
f 3917/3917/3917 3922/3922/3922 3913/3913/3913
f 3922/3922/3922 3918/3918/3918 3913/3913/3913
f 3918/3918/3918 3923/3923/3923 3914/3914/3914
f 3923/3923/3923 3919/3919/3919 3914/3914/3914
f 3919/3919/3919 3924/3924/3924 3915/3915/3915
f 3924/3924/3924 3920/3920/3920 3915/3915/3915
f 3920/3920/3920 3925/3925/3925 1575/1575/1575
f 3925/3925/3925 1573/1573/1573 1575/1575/1575
f 3917/3917/3917 3921/3921/3921 3926/3926/3926
f 3922/3922/3922 3917/3917/3917 3926/3926/3926
f 3922/3922/3922 3927/3927/3927 3918/3918/3918
f 3927/3927/3927 3923/3923/3923 3918/3918/3918
f 3923/3923/3923 3928/3928/3928 3919/3919/3919
f 3928/3928/3928 3924/3924/3924 3919/3919/3919
f 3924/3924/3924 3929/3929/3929 3920/3920/3920
f 3929/3929/3929 3925/3925/3925 3920/3920/3920
f 3925/3925/3925 3930/3930/3930 1573/1573/1573
f 3930/3930/3930 1571/1571/1571 1573/1573/1573
f 3922/3922/3922 3926/3926/3926 3931/3931/3931
f 3927/3927/3927 3922/3922/3922 3931/3931/3931
f 3927/3927/3927 3932/3932/3932 3923/3923/3923
f 3932/3932/3932 3928/3928/3928 3923/3923/3923
f 3928/3928/3928 3933/3933/3933 3924/3924/3924
f 3933/3933/3933 3929/3929/3929 3924/3924/3924
f 3929/3929/3929 3934/3934/3934 3925/3925/3925
f 3934/3934/3934 3930/3930/3930 3925/3925/3925
f 3930/3930/3930 3935/3935/3935 1571/1571/1571
f 3935/3935/3935 1569/1569/1569 1571/1571/1571
f 3927/3927/3927 3931/3931/3931 3936/3936/3936
f 3932/3932/3932 3927/3927/3927 3936/3936/3936
f 3932/3932/3932 3937/3937/3937 3928/3928/3928
f 3937/3937/3937 3933/3933/3933 3928/3928/3928
f 3933/3933/3933 3938/3938/3938 3929/3929/3929
f 3938/3938/3938 3934/3934/3934 3929/3929/3929
f 3934/3934/3934 3939/3939/3939 3930/3930/3930
f 3939/3939/3939 3935/3935/3935 3930/3930/3930
f 3935/3935/3935 3940/3940/3940 1569/1569/1569
f 3940/3940/3940 1567/1567/1567 1569/1569/1569
f 3932/3932/3932 3936/3936/3936 3941/3941/3941
f 3937/3937/3937 3932/3932/3932 3941/3941/3941
f 3937/3937/3937 3942/3942/3942 3933/3933/3933
f 3942/3942/3942 3938/3938/3938 3933/3933/3933
f 3938/3938/3938 3943/3943/3943 3934/3934/3934
f 3943/3943/3943 3939/3939/3939 3934/3934/3934
f 3939/3939/3939 3944/3944/3944 3935/3935/3935
f 3944/3944/3944 3940/3940/3940 3935/3935/3935
f 3940/3940/3940 3945/3945/3945 1567/1567/1567
f 3945/3945/3945 1560/1560/1560 1567/1567/1567
f 3937/3937/3937 3941/3941/3941 3946/3946/3946
f 3942/3942/3942 3937/3937/3937 3946/3946/3946
f 3942/3942/3942 3947/3947/3947 3938/3938/3938
f 3947/3947/3947 3943/3943/3943 3938/3938/3938
f 3943/3943/3943 3948/3948/3948 3939/3939/3939
f 3948/3948/3948 3944/3944/3944 3939/3939/3939
f 3944/3944/3944 3949/3949/3949 3940/3940/3940
f 3949/3949/3949 3945/3945/3945 3940/3940/3940
f 3945/3945/3945 3950/3950/3950 1560/1560/1560
f 3950/3950/3950 1558/1558/1558 1560/1560/1560
f 3942/3942/3942 3946/3946/3946 3951/3951/3951
f 3947/3947/3947 3942/3942/3942 3951/3951/3951
f 3947/3947/3947 3952/3952/3952 3943/3943/3943
f 3952/3952/3952 3948/3948/3948 3943/3943/3943
f 3948/3948/3948 3953/3953/3953 3944/3944/3944
f 3953/3953/3953 3949/3949/3949 3944/3944/3944
f 3949/3949/3949 3954/3954/3954 3945/3945/3945
f 3954/3954/3954 3950/3950/3950 3945/3945/3945
f 3950/3950/3950 3955/3955/3955 1558/1558/1558
f 3955/3955/3955 1554/1554/1554 1558/1558/1558
f 3947/3947/3947 3951/3951/3951 3956/3956/3956
f 3952/3952/3952 3947/3947/3947 3956/3956/3956
f 3952/3952/3952 3957/3957/3957 3948/3948/3948
f 3957/3957/3957 3953/3953/3953 3948/3948/3948
f 3953/3953/3953 3958/3958/3958 3949/3949/3949
f 3958/3958/3958 3954/3954/3954 3949/3949/3949
f 3954/3954/3954 3959/3959/3959 3950/3950/3950
f 3959/3959/3959 3955/3955/3955 3950/3950/3950
f 3955/3955/3955 3960/3960/3960 1554/1554/1554
f 3960/3960/3960 1550/1550/1550 1554/1554/1554
f 3960/3960/3960 1556/1556/1556 1550/1550/1550
f 3961/3961/3961 3960/3960/3960 3955/3955/3955
f 3959/3959/3959 3961/3961/3961 3955/3955/3955
f 3962/3962/3962 1556/1556/1556 3960/3960/3960
f 3961/3961/3961 3962/3962/3962 3960/3960/3960
f 3962/3962/3962 1566/1566/1566 1556/1556/1556
f 3963/3963/3963 3959/3959/3959 3954/3954/3954
f 3958/3958/3958 3963/3963/3963 3954/3954/3954
f 3964/3964/3964 3958/3958/3958 3953/3953/3953
f 3957/3957/3957 3964/3964/3964 3953/3953/3953
f 3965/3965/3965 3961/3961/3961 3959/3959/3959
f 3963/3963/3963 3965/3965/3965 3959/3959/3959
f 3966/3966/3966 3962/3962/3962 3961/3961/3961
f 3965/3965/3965 3966/3966/3966 3961/3961/3961
f 3967/3967/3967 1566/1566/1566 3962/3962/3962
f 3966/3966/3966 3967/3967/3967 3962/3962/3962
f 3968/3968/3968 3963/3963/3963 3958/3958/3958
f 3964/3964/3964 3968/3968/3968 3958/3958/3958
f 3969/3969/3969 3965/3965/3965 3963/3963/3963
f 3968/3968/3968 3969/3969/3969 3963/3963/3963
f 3970/3970/3970 3966/3966/3966 3965/3965/3965
f 3969/3969/3969 3970/3970/3970 3965/3965/3965
f 3967/3967/3967 3971/3971/3971 1566/1566/1566
f 3971/3971/3971 1557/1557/1557 1566/1566/1566
f 3972/3972/3972 3967/3967/3967 3966/3966/3966
f 3970/3970/3970 3972/3972/3972 3966/3966/3966
f 3971/3971/3971 3973/3973/3973 1557/1557/1557
f 3973/3973/3973 1553/1553/1553 1557/1557/1557
f 3974/3974/3974 3973/3973/3973 3971/3971/3971
f 3975/3975/3975 3971/3971/3971 3967/3967/3967
f 3975/3975/3975 3974/3974/3974 3971/3971/3971
f 3972/3972/3972 3975/3975/3975 3967/3967/3967
f 3974/3974/3974 3975/3975/3975 3976/3976/3976
f 3975/3975/3975 3977/3977/3977 3976/3976/3976
f 3975/3975/3975 3972/3972/3972 3977/3977/3977
f 3978/3978/3978 3976/3976/3976 3977/3977/3977
f 3972/3972/3972 3970/3970/3970 3979/3979/3979
f 3972/3972/3972 3979/3979/3979 3977/3977/3977
f 3980/3980/3980 3978/3978/3978 3977/3977/3977
f 3980/3980/3980 3977/3977/3977 3979/3979/3979
f 3981/3981/3981 3978/3978/3978 3980/3980/3980
f 3970/3970/3970 3982/3982/3982 3979/3979/3979
f 3970/3970/3970 3969/3969/3969 3982/3982/3982
f 3983/3983/3983 3980/3980/3980 3979/3979/3979
f 3983/3983/3983 3979/3979/3979 3982/3982/3982
f 3969/3969/3969 3984/3984/3984 3982/3982/3982
f 3969/3969/3969 3968/3968/3968 3984/3984/3984
f 3985/3985/3985 3981/3981/3981 3980/3980/3980
f 3985/3985/3985 3980/3980/3980 3983/3983/3983
f 3986/3986/3986 3983/3983/3983 3982/3982/3982
f 3986/3986/3986 3982/3982/3982 3984/3984/3984
f 3968/3968/3968 3987/3987/3987 3984/3984/3984
f 3968/3968/3968 3964/3964/3964 3987/3987/3987
f 3988/3988/3988 3985/3985/3985 3983/3983/3983
f 3988/3988/3988 3983/3983/3983 3986/3986/3986
f 3989/3989/3989 3986/3986/3986 3984/3984/3984
f 3989/3989/3989 3984/3984/3984 3987/3987/3987
f 3964/3964/3964 3990/3990/3990 3987/3987/3987
f 3964/3964/3964 3957/3957/3957 3990/3990/3990
f 3991/3991/3991 3988/3988/3988 3986/3986/3986
f 3991/3991/3991 3986/3986/3986 3989/3989/3989
f 3992/3992/3992 3989/3989/3989 3987/3987/3987
f 3992/3992/3992 3987/3987/3987 3990/3990/3990
f 3957/3957/3957 3993/3993/3993 3990/3990/3990
f 3957/3957/3957 3952/3952/3952 3993/3993/3993
f 3952/3952/3952 3956/3956/3956 3993/3993/3993
f 3994/3994/3994 3990/3990/3990 3993/3993/3993
f 3994/3994/3994 3992/3992/3992 3990/3990/3990
f 3995/3995/3995 3989/3989/3989 3992/3992/3992
f 3995/3995/3995 3991/3991/3991 3989/3989/3989
f 3996/3996/3996 3993/3993/3993 3956/3956/3956
f 3996/3996/3996 3994/3994/3994 3993/3993/3993
f 3997/3997/3997 3992/3992/3992 3994/3994/3994
f 3997/3997/3997 3995/3995/3995 3992/3992/3992
f 3998/3998/3998 3996/3996/3996 3956/3956/3956
f 3998/3998/3998 3956/3956/3956 3951/3951/3951
f 3999/3999/3999 3994/3994/3994 3996/3996/3996
f 3999/3999/3999 3997/3997/3997 3994/3994/3994
f 4000/4000/4000 3998/3998/3998 3951/3951/3951
f 4000/4000/4000 3951/3951/3951 3946/3946/3946
f 4001/4001/4001 3996/3996/3996 3998/3998/3998
f 4001/4001/4001 3999/3999/3999 3996/3996/3996
f 4002/4002/4002 4000/4000/4000 3946/3946/3946
f 4002/4002/4002 3946/3946/3946 3941/3941/3941
f 4003/4003/4003 3998/3998/3998 4000/4000/4000
f 4003/4003/4003 4001/4001/4001 3998/3998/3998
f 4004/4004/4004 4002/4002/4002 3941/3941/3941
f 4004/4004/4004 3941/3941/3941 3936/3936/3936
f 4005/4005/4005 4000/4000/4000 4002/4002/4002
f 4005/4005/4005 4003/4003/4003 4000/4000/4000
f 4006/4006/4006 4004/4004/4004 3936/3936/3936
f 4006/4006/4006 3936/3936/3936 3931/3931/3931
f 4007/4007/4007 4002/4002/4002 4004/4004/4004
f 4007/4007/4007 4005/4005/4005 4002/4002/4002
f 4008/4008/4008 4006/4006/4006 3931/3931/3931
f 4008/4008/4008 3931/3931/3931 3926/3926/3926
f 4009/4009/4009 4004/4004/4004 4006/4006/4006
f 4009/4009/4009 4007/4007/4007 4004/4004/4004
f 4010/4010/4010 4008/4008/4008 3926/3926/3926
f 4010/4010/4010 3926/3926/3926 3921/3921/3921
f 4011/4011/4011 4006/4006/4006 4008/4008/4008
f 4011/4011/4011 4009/4009/4009 4006/4006/4006
f 4012/4012/4012 4010/4010/4010 3921/3921/3921
f 4012/4012/4012 3921/3921/3921 3916/3916/3916
f 4013/4013/4013 4008/4008/4008 4010/4010/4010
f 4013/4013/4013 4011/4011/4011 4008/4008/4008
f 4014/4014/4014 4012/4012/4012 3916/3916/3916
f 4014/4014/4014 3916/3916/3916 3911/3911/3911
f 4015/4015/4015 4010/4010/4010 4012/4012/4012
f 4015/4015/4015 4013/4013/4013 4010/4010/4010
f 4016/4016/4016 4014/4014/4014 3911/3911/3911
f 4016/4016/4016 3911/3911/3911 3906/3906/3906
f 4017/4017/4017 4012/4012/4012 4014/4014/4014
f 4017/4017/4017 4015/4015/4015 4012/4012/4012
f 4018/4018/4018 4016/4016/4016 3906/3906/3906
f 4018/4018/4018 3906/3906/3906 3901/3901/3901
f 4019/4019/4019 4014/4014/4014 4016/4016/4016
f 4019/4019/4019 4017/4017/4017 4014/4014/4014
f 4020/4020/4020 4018/4018/4018 3901/3901/3901
f 4020/4020/4020 3901/3901/3901 3896/3896/3896
f 4021/4021/4021 4016/4016/4016 4018/4018/4018
f 4021/4021/4021 4019/4019/4019 4016/4016/4016
f 4022/4022/4022 4020/4020/4020 3896/3896/3896
f 4022/4022/4022 3896/3896/3896 3891/3891/3891
f 4023/4023/4023 4018/4018/4018 4020/4020/4020
f 4023/4023/4023 4021/4021/4021 4018/4018/4018
f 4024/4024/4024 4022/4022/4022 3891/3891/3891
f 4024/4024/4024 3891/3891/3891 3886/3886/3886
f 4025/4025/4025 4020/4020/4020 4022/4022/4022
f 4025/4025/4025 4023/4023/4023 4020/4020/4020
f 4026/4026/4026 4024/4024/4024 3886/3886/3886
f 4026/4026/4026 3886/3886/3886 3881/3881/3881
f 4027/4027/4027 4022/4022/4022 4024/4024/4024
f 4027/4027/4027 4025/4025/4025 4022/4022/4022
f 4028/4028/4028 4026/4026/4026 3881/3881/3881
f 4028/4028/4028 3881/3881/3881 3876/3876/3876
f 4029/4029/4029 4024/4024/4024 4026/4026/4026
f 4029/4029/4029 4027/4027/4027 4024/4024/4024
f 4030/4030/4030 4028/4028/4028 3876/3876/3876
f 4030/4030/4030 3876/3876/3876 3871/3871/3871
f 4031/4031/4031 4026/4026/4026 4028/4028/4028
f 4031/4031/4031 4029/4029/4029 4026/4026/4026
f 4032/4032/4032 4030/4030/4030 3871/3871/3871
f 4032/4032/4032 3871/3871/3871 3866/3866/3866
f 4033/4033/4033 4028/4028/4028 4030/4030/4030
f 4033/4033/4033 4031/4031/4031 4028/4028/4028
f 4034/4034/4034 4032/4032/4032 3866/3866/3866
f 4034/4034/4034 3866/3866/3866 3861/3861/3861
f 4035/4035/4035 4030/4030/4030 4032/4032/4032
f 4035/4035/4035 4033/4033/4033 4030/4030/4030
f 4036/4036/4036 4034/4034/4034 3861/3861/3861
f 4036/4036/4036 3861/3861/3861 3856/3856/3856
f 4037/4037/4037 4032/4032/4032 4034/4034/4034
f 4037/4037/4037 4035/4035/4035 4032/4032/4032
f 4038/4038/4038 4036/4036/4036 3856/3856/3856
f 4038/4038/4038 3856/3856/3856 3851/3851/3851
f 4039/4039/4039 4034/4034/4034 4036/4036/4036
f 4039/4039/4039 4037/4037/4037 4034/4034/4034
f 4040/4040/4040 4038/4038/4038 3851/3851/3851
f 4040/4040/4040 3851/3851/3851 3846/3846/3846
f 4041/4041/4041 4036/4036/4036 4038/4038/4038
f 4041/4041/4041 4039/4039/4039 4036/4036/4036
f 4042/4042/4042 4040/4040/4040 3846/3846/3846
f 4042/4042/4042 3846/3846/3846 3841/3841/3841
f 4043/4043/4043 4038/4038/4038 4040/4040/4040
f 4043/4043/4043 4041/4041/4041 4038/4038/4038
f 4044/4044/4044 4042/4042/4042 3841/3841/3841
f 4044/4044/4044 3841/3841/3841 3836/3836/3836
f 4045/4045/4045 4040/4040/4040 4042/4042/4042
f 4045/4045/4045 4043/4043/4043 4040/4040/4040
f 4046/4046/4046 4044/4044/4044 3836/3836/3836
f 4046/4046/4046 3836/3836/3836 3831/3831/3831
f 4047/4047/4047 4042/4042/4042 4044/4044/4044
f 4047/4047/4047 4045/4045/4045 4042/4042/4042
f 4048/4048/4048 4046/4046/4046 3831/3831/3831
f 4048/4048/4048 3831/3831/3831 3826/3826/3826
f 4049/4049/4049 4044/4044/4044 4046/4046/4046
f 4049/4049/4049 4047/4047/4047 4044/4044/4044
f 4050/4050/4050 4048/4048/4048 3826/3826/3826
f 4050/4050/4050 3826/3826/3826 3821/3821/3821
f 4051/4051/4051 4046/4046/4046 4048/4048/4048
f 4051/4051/4051 4049/4049/4049 4046/4046/4046
f 4052/4052/4052 4050/4050/4050 3821/3821/3821
f 4052/4052/4052 3821/3821/3821 3810/3810/3810
f 4053/4053/4053 4048/4048/4048 4050/4050/4050
f 4053/4053/4053 4051/4051/4051 4048/4048/4048
f 4054/4054/4054 4052/4052/4052 3810/3810/3810
f 4054/4054/4054 3810/3810/3810 3795/3795/3795
f 3790/3790/3790 4054/4054/4054 3795/3795/3795
f 3791/3791/3791 4054/4054/4054 3790/3790/3790
f 4055/4055/4055 4050/4050/4050 4052/4052/4052
f 4055/4055/4055 4053/4053/4053 4050/4050/4050
f 4056/4056/4056 4052/4052/4052 4054/4054/4054
f 3791/3791/3791 4056/4056/4056 4054/4054/4054
f 4056/4056/4056 4055/4055/4055 4052/4052/4052
f 4057/4057/4057 4056/4056/4056 3791/3791/3791
f 3785/3785/3785 4057/4057/4057 3791/3791/3791
f 2372/2372/2372 4057/4057/4057 3785/3785/3785
f 2372/2372/2372 2374/2374/2374 4057/4057/4057
f 4057/4057/4057 4058/4058/4058 4056/4056/4056
f 2374/2374/2374 4058/4058/4058 4057/4057/4057
f 4058/4058/4058 4055/4055/4055 4056/4056/4056
f 2374/2374/2374 2376/2376/2376 4058/4058/4058
f 4058/4058/4058 4059/4059/4059 4055/4055/4055
f 2376/2376/2376 4059/4059/4059 4058/4058/4058
f 4059/4059/4059 4053/4053/4053 4055/4055/4055
f 2376/2376/2376 2378/2378/2378 4059/4059/4059
f 4059/4059/4059 4060/4060/4060 4053/4053/4053
f 2378/2378/2378 4060/4060/4060 4059/4059/4059
f 4060/4060/4060 4051/4051/4051 4053/4053/4053
f 2378/2378/2378 2380/2380/2380 4060/4060/4060
f 4060/4060/4060 4061/4061/4061 4051/4051/4051
f 2380/2380/2380 4061/4061/4061 4060/4060/4060
f 4061/4061/4061 4049/4049/4049 4051/4051/4051
f 2380/2380/2380 2382/2382/2382 4061/4061/4061
f 4061/4061/4061 4062/4062/4062 4049/4049/4049
f 2382/2382/2382 4062/4062/4062 4061/4061/4061
f 4062/4062/4062 4047/4047/4047 4049/4049/4049
f 2382/2382/2382 2384/2384/2384 4062/4062/4062
f 4062/4062/4062 4063/4063/4063 4047/4047/4047
f 2384/2384/2384 4063/4063/4063 4062/4062/4062
f 4063/4063/4063 4045/4045/4045 4047/4047/4047
f 2384/2384/2384 2386/2386/2386 4063/4063/4063
f 4063/4063/4063 4064/4064/4064 4045/4045/4045
f 2386/2386/2386 4064/4064/4064 4063/4063/4063
f 4064/4064/4064 4043/4043/4043 4045/4045/4045
f 2386/2386/2386 2388/2388/2388 4064/4064/4064
f 4064/4064/4064 4065/4065/4065 4043/4043/4043
f 2388/2388/2388 4065/4065/4065 4064/4064/4064
f 4065/4065/4065 4041/4041/4041 4043/4043/4043
f 2388/2388/2388 2391/2391/2391 4065/4065/4065
f 4065/4065/4065 4066/4066/4066 4041/4041/4041
f 2391/2391/2391 4066/4066/4066 4065/4065/4065
f 4066/4066/4066 4039/4039/4039 4041/4041/4041
f 2391/2391/2391 2393/2393/2393 4066/4066/4066
f 4066/4066/4066 4067/4067/4067 4039/4039/4039
f 2393/2393/2393 4067/4067/4067 4066/4066/4066
f 4067/4067/4067 4037/4037/4037 4039/4039/4039
f 2393/2393/2393 2395/2395/2395 4067/4067/4067
f 4067/4067/4067 4068/4068/4068 4037/4037/4037
f 2395/2395/2395 4068/4068/4068 4067/4067/4067
f 4068/4068/4068 4035/4035/4035 4037/4037/4037
f 2395/2395/2395 2397/2397/2397 4068/4068/4068
f 4068/4068/4068 4069/4069/4069 4035/4035/4035
f 2397/2397/2397 4069/4069/4069 4068/4068/4068
f 4069/4069/4069 4033/4033/4033 4035/4035/4035
f 2397/2397/2397 2399/2399/2399 4069/4069/4069
f 4069/4069/4069 4070/4070/4070 4033/4033/4033
f 2399/2399/2399 4070/4070/4070 4069/4069/4069
f 4070/4070/4070 4031/4031/4031 4033/4033/4033
f 2399/2399/2399 2401/2401/2401 4070/4070/4070
f 4070/4070/4070 4071/4071/4071 4031/4031/4031
f 2401/2401/2401 4071/4071/4071 4070/4070/4070
f 4071/4071/4071 4029/4029/4029 4031/4031/4031
f 2401/2401/2401 2403/2403/2403 4071/4071/4071
f 4071/4071/4071 4072/4072/4072 4029/4029/4029
f 2403/2403/2403 4072/4072/4072 4071/4071/4071
f 4072/4072/4072 4027/4027/4027 4029/4029/4029
f 2403/2403/2403 2405/2405/2405 4072/4072/4072
f 4072/4072/4072 4073/4073/4073 4027/4027/4027
f 2405/2405/2405 4073/4073/4073 4072/4072/4072
f 4073/4073/4073 4025/4025/4025 4027/4027/4027
f 2405/2405/2405 2407/2407/2407 4073/4073/4073
f 4073/4073/4073 4074/4074/4074 4025/4025/4025
f 2407/2407/2407 4074/4074/4074 4073/4073/4073
f 4074/4074/4074 4023/4023/4023 4025/4025/4025
f 2407/2407/2407 2409/2409/2409 4074/4074/4074
f 4074/4074/4074 4075/4075/4075 4023/4023/4023
f 2409/2409/2409 4075/4075/4075 4074/4074/4074
f 4075/4075/4075 4021/4021/4021 4023/4023/4023
f 2409/2409/2409 2411/2411/2411 4075/4075/4075
f 4075/4075/4075 4076/4076/4076 4021/4021/4021
f 2411/2411/2411 4076/4076/4076 4075/4075/4075
f 4076/4076/4076 4019/4019/4019 4021/4021/4021
f 2411/2411/2411 2413/2413/2413 4076/4076/4076
f 4076/4076/4076 4077/4077/4077 4019/4019/4019
f 2413/2413/2413 4077/4077/4077 4076/4076/4076
f 4077/4077/4077 4017/4017/4017 4019/4019/4019
f 2413/2413/2413 2415/2415/2415 4077/4077/4077
f 4077/4077/4077 4078/4078/4078 4017/4017/4017
f 2415/2415/2415 4078/4078/4078 4077/4077/4077
f 4078/4078/4078 4015/4015/4015 4017/4017/4017
f 2415/2415/2415 2417/2417/2417 4078/4078/4078
f 4078/4078/4078 4079/4079/4079 4015/4015/4015
f 2417/2417/2417 4079/4079/4079 4078/4078/4078
f 4079/4079/4079 4013/4013/4013 4015/4015/4015
f 2417/2417/2417 2419/2419/2419 4079/4079/4079
f 4079/4079/4079 4080/4080/4080 4013/4013/4013
f 2419/2419/2419 4080/4080/4080 4079/4079/4079
f 4080/4080/4080 4011/4011/4011 4013/4013/4013
f 2419/2419/2419 2421/2421/2421 4080/4080/4080
f 4080/4080/4080 4081/4081/4081 4011/4011/4011
f 2421/2421/2421 4081/4081/4081 4080/4080/4080
f 4081/4081/4081 4009/4009/4009 4011/4011/4011
f 2421/2421/2421 2423/2423/2423 4081/4081/4081
f 4081/4081/4081 4082/4082/4082 4009/4009/4009
f 2423/2423/2423 4082/4082/4082 4081/4081/4081
f 4082/4082/4082 4007/4007/4007 4009/4009/4009
f 2423/2423/2423 2425/2425/2425 4082/4082/4082
f 4082/4082/4082 4083/4083/4083 4007/4007/4007
f 2425/2425/2425 4083/4083/4083 4082/4082/4082
f 4083/4083/4083 4005/4005/4005 4007/4007/4007
f 2425/2425/2425 2427/2427/2427 4083/4083/4083
f 4083/4083/4083 4084/4084/4084 4005/4005/4005
f 2427/2427/2427 4084/4084/4084 4083/4083/4083
f 4084/4084/4084 4003/4003/4003 4005/4005/4005
f 2427/2427/2427 2429/2429/2429 4084/4084/4084
f 4084/4084/4084 4085/4085/4085 4003/4003/4003
f 2429/2429/2429 4085/4085/4085 4084/4084/4084
f 4085/4085/4085 4001/4001/4001 4003/4003/4003
f 2429/2429/2429 2435/2435/2435 4085/4085/4085
f 4085/4085/4085 4086/4086/4086 4001/4001/4001
f 2435/2435/2435 4086/4086/4086 4085/4085/4085
f 4086/4086/4086 3999/3999/3999 4001/4001/4001
f 2435/2435/2435 2437/2437/2437 4086/4086/4086
f 4086/4086/4086 4087/4087/4087 3999/3999/3999
f 2437/2437/2437 4087/4087/4087 4086/4086/4086
f 4087/4087/4087 3997/3997/3997 3999/3999/3999
f 2437/2437/2437 2439/2439/2439 4087/4087/4087
f 4087/4087/4087 4088/4088/4088 3997/3997/3997
f 2439/2439/2439 4088/4088/4088 4087/4087/4087
f 4088/4088/4088 3995/3995/3995 3997/3997/3997
f 2439/2439/2439 2441/2441/2441 4088/4088/4088
f 4088/4088/4088 4089/4089/4089 3995/3995/3995
f 2441/2441/2441 4089/4089/4089 4088/4088/4088
f 4089/4089/4089 3991/3991/3991 3995/3995/3995
f 2441/2441/2441 2443/2443/2443 4089/4089/4089
f 4089/4089/4089 4090/4090/4090 3991/3991/3991
f 2443/2443/2443 4090/4090/4090 4089/4089/4089
f 4090/4090/4090 3988/3988/3988 3991/3991/3991
f 2443/2443/2443 2445/2445/2445 4090/4090/4090
f 4090/4090/4090 4091/4091/4091 3988/3988/3988
f 2445/2445/2445 4091/4091/4091 4090/4090/4090
f 4091/4091/4091 3985/3985/3985 3988/3988/3988
f 2445/2445/2445 2447/2447/2447 4091/4091/4091
f 4091/4091/4091 4092/4092/4092 3985/3985/3985
f 2447/2447/2447 4092/4092/4092 4091/4091/4091
f 2447/2447/2447 2454/2454/2454 4092/4092/4092
f 4092/4092/4092 3981/3981/3981 3985/3985/3985
f 2454/2454/2454 4093/4093/4093 4092/4092/4092
f 4092/4092/4092 4093/4093/4093 3981/3981/3981
f 2454/2454/2454 2456/2456/2456 4093/4093/4093
f 4093/4093/4093 4094/4094/4094 3981/3981/3981
f 3981/3981/3981 4094/4094/4094 4095/4095/4095
f 2456/2456/2456 4096/4096/4096 4093/4093/4093
f 4093/4093/4093 4096/4096/4096 4094/4094/4094
f 2456/2456/2456 2458/2458/2458 4096/4096/4096
f 4094/4094/4094 4097/4097/4097 4095/4095/4095
f 4095/4095/4095 4097/4097/4097 4098/4098/4098
f 4096/4096/4096 4099/4099/4099 4094/4094/4094
f 4094/4094/4094 4099/4099/4099 4097/4097/4097
f 2458/2458/2458 4100/4100/4100 4096/4096/4096
f 4096/4096/4096 4100/4100/4100 4099/4099/4099
f 2458/2458/2458 2460/2460/2460 4100/4100/4100
f 4097/4097/4097 4101/4101/4101 4098/4098/4098
f 4102/4102/4102 4098/4098/4098 4101/4101/4101
f 4099/4099/4099 4103/4103/4103 4097/4097/4097
f 4097/4097/4097 4103/4103/4103 4101/4101/4101
f 4100/4100/4100 4104/4104/4104 4099/4099/4099
f 4099/4099/4099 4104/4104/4104 4103/4103/4103
f 2460/2460/2460 4105/4105/4105 4100/4100/4100
f 4100/4100/4100 4105/4105/4105 4104/4104/4104
f 2460/2460/2460 2462/2462/2462 4105/4105/4105
f 4106/4106/4106 4102/4102/4102 4101/4101/4101
f 4102/4102/4102 4106/4106/4106 4107/4107/4107
f 4103/4103/4103 4108/4108/4108 4101/4101/4101
f 4106/4106/4106 4101/4101/4101 4108/4108/4108
f 4104/4104/4104 4109/4109/4109 4103/4103/4103
f 4103/4103/4103 4109/4109/4109 4108/4108/4108
f 4105/4105/4105 4110/4110/4110 4104/4104/4104
f 4104/4104/4104 4110/4110/4110 4109/4109/4109
f 2462/2462/2462 4111/4111/4111 4105/4105/4105
f 4105/4105/4105 4111/4111/4111 4110/4110/4110
f 2462/2462/2462 2464/2464/2464 4111/4111/4111
f 4106/4106/4106 4112/4112/4112 4107/4107/4107
f 4107/4107/4107 4112/4112/4112 1553/1553/1553
f 4112/4112/4112 1549/1549/1549 1553/1553/1553
f 4113/4113/4113 4106/4106/4106 4108/4108/4108
f 4106/4106/4106 4113/4113/4113 4112/4112/4112
f 4112/4112/4112 4114/4114/4114 1549/1549/1549
f 4113/4113/4113 4114/4114/4114 4112/4112/4112
f 4114/4114/4114 1545/1545/1545 1549/1549/1549
f 4109/4109/4109 4115/4115/4115 4108/4108/4108
f 4113/4113/4113 4108/4108/4108 4115/4115/4115
f 4110/4110/4110 4116/4116/4116 4109/4109/4109
f 4109/4109/4109 4116/4116/4116 4115/4115/4115
f 4111/4111/4111 4117/4117/4117 4110/4110/4110
f 4110/4110/4110 4117/4117/4117 4116/4116/4116
f 4114/4114/4114 4118/4118/4118 1545/1545/1545
f 4118/4118/4118 1541/1541/1541 1545/1545/1545
f 4113/4113/4113 4119/4119/4119 4114/4114/4114
f 4119/4119/4119 4113/4113/4113 4115/4115/4115
f 4119/4119/4119 4118/4118/4118 4114/4114/4114
f 4116/4116/4116 4120/4120/4120 4115/4115/4115
f 4119/4119/4119 4115/4115/4115 4120/4120/4120
f 4118/4118/4118 4121/4121/4121 1541/1541/1541
f 4121/4121/4121 1537/1537/1537 1541/1541/1541
f 4119/4119/4119 4122/4122/4122 4118/4118/4118
f 4122/4122/4122 4119/4119/4119 4120/4120/4120
f 4122/4122/4122 4121/4121/4121 4118/4118/4118
f 4116/4116/4116 4123/4123/4123 4120/4120/4120
f 4117/4117/4117 4123/4123/4123 4116/4116/4116
f 4111/4111/4111 4124/4124/4124 4117/4117/4117
f 2464/2464/2464 4124/4124/4124 4111/4111/4111
f 2464/2464/2464 2466/2466/2466 4124/4124/4124
f 4121/4121/4121 4125/4125/4125 1537/1537/1537
f 4125/4125/4125 1525/1525/1525 1537/1537/1537
f 4122/4122/4122 4120/4120/4120 4126/4126/4126
f 4123/4123/4123 4126/4126/4126 4120/4120/4120
f 4122/4122/4122 4127/4127/4127 4121/4121/4121
f 4127/4127/4127 4125/4125/4125 4121/4121/4121
f 4127/4127/4127 4122/4122/4122 4126/4126/4126
f 4117/4117/4117 4128/4128/4128 4123/4123/4123
f 4124/4124/4124 4128/4128/4128 4117/4117/4117
f 2466/2466/2466 4129/4129/4129 4124/4124/4124
f 4124/4124/4124 4129/4129/4129 4128/4128/4128
f 2466/2466/2466 2468/2468/2468 4129/4129/4129
f 4125/4125/4125 4130/4130/4130 1525/1525/1525
f 4130/4130/4130 1519/1519/1519 1525/1525/1525
f 4130/4130/4130 1524/1524/1524 1519/1519/1519
f 4123/4123/4123 4131/4131/4131 4126/4126/4126
f 4128/4128/4128 4131/4131/4131 4123/4123/4123
f 4127/4127/4127 4126/4126/4126 4132/4132/4132
f 4131/4131/4131 4132/4132/4132 4126/4126/4126
f 4127/4127/4127 4133/4133/4133 4125/4125/4125
f 4133/4133/4133 4130/4130/4130 4125/4125/4125
f 4133/4133/4133 4127/4127/4127 4132/4132/4132
f 4129/4129/4129 4134/4134/4134 4128/4128/4128
f 4128/4128/4128 4134/4134/4134 4131/4131/4131
f 2468/2468/2468 4135/4135/4135 4129/4129/4129
f 4129/4129/4129 4135/4135/4135 4134/4134/4134
f 2468/2468/2468 2470/2470/2470 4135/4135/4135
f 4136/4136/4136 1524/1524/1524 4130/4130/4130
f 4133/4133/4133 4136/4136/4136 4130/4130/4130
f 4133/4133/4133 4132/4132/4132 4137/4137/4137
f 4136/4136/4136 4133/4133/4133 4137/4137/4137
f 4131/4131/4131 4138/4138/4138 4132/4132/4132
f 4134/4134/4134 4138/4138/4138 4131/4131/4131
f 4138/4138/4138 4137/4137/4137 4132/4132/4132
f 4135/4135/4135 4139/4139/4139 4134/4134/4134
f 4134/4134/4134 4139/4139/4139 4138/4138/4138
f 2470/2470/2470 4140/4140/4140 4135/4135/4135
f 4135/4135/4135 4140/4140/4140 4139/4139/4139
f 2470/2470/2470 2472/2472/2472 4140/4140/4140
f 4136/4136/4136 4141/4141/4141 1524/1524/1524
f 4141/4141/4141 1518/1518/1518 1524/1524/1524
f 4141/4141/4141 1523/1523/1523 1518/1518/1518
f 4136/4136/4136 4137/4137/4137 4142/4142/4142
f 4141/4141/4141 4136/4136/4136 4142/4142/4142
f 4138/4138/4138 4143/4143/4143 4137/4137/4137
f 4139/4139/4139 4143/4143/4143 4138/4138/4138
f 4143/4143/4143 4142/4142/4142 4137/4137/4137
f 4140/4140/4140 4144/4144/4144 4139/4139/4139
f 4139/4139/4139 4144/4144/4144 4143/4143/4143
f 2472/2472/2472 4145/4145/4145 4140/4140/4140
f 4140/4140/4140 4145/4145/4145 4144/4144/4144
f 2472/2472/2472 2474/2474/2474 4145/4145/4145
f 1523/1523/1523 4141/4141/4141 4146/4146/4146
f 4141/4141/4141 4142/4142/4142 4146/4146/4146
f 4143/4143/4143 4147/4147/4147 4142/4142/4142
f 4144/4144/4144 4147/4147/4147 4143/4143/4143
f 4147/4147/4147 4146/4146/4146 4142/4142/4142
f 4145/4145/4145 4148/4148/4148 4144/4144/4144
f 4144/4144/4144 4148/4148/4148 4147/4147/4147
f 2474/2474/2474 4149/4149/4149 4145/4145/4145
f 4145/4145/4145 4149/4149/4149 4148/4148/4148
f 2474/2474/2474 2476/2476/2476 4149/4149/4149
f 1523/1523/1523 4146/4146/4146 4150/4150/4150
f 1517/1517/1517 1523/1523/1523 4150/4150/4150
f 4147/4147/4147 4151/4151/4151 4146/4146/4146
f 4148/4148/4148 4151/4151/4151 4147/4147/4147
f 4151/4151/4151 4150/4150/4150 4146/4146/4146
f 4149/4149/4149 4152/4152/4152 4148/4148/4148
f 4148/4148/4148 4152/4152/4152 4151/4151/4151
f 2476/2476/2476 4153/4153/4153 4149/4149/4149
f 4149/4149/4149 4153/4153/4153 4152/4152/4152
f 2476/2476/2476 2478/2478/2478 4153/4153/4153
f 1517/1517/1517 4150/4150/4150 4154/4154/4154
f 1511/1511/1511 1517/1517/1517 4154/4154/4154
f 4151/4151/4151 4155/4155/4155 4150/4150/4150
f 4152/4152/4152 4155/4155/4155 4151/4151/4151
f 4155/4155/4155 4154/4154/4154 4150/4150/4150
f 4153/4153/4153 4156/4156/4156 4152/4152/4152
f 4152/4152/4152 4156/4156/4156 4155/4155/4155
f 2478/2478/2478 4157/4157/4157 4153/4153/4153
f 4153/4153/4153 4157/4157/4157 4156/4156/4156
f 2478/2478/2478 2480/2480/2480 4157/4157/4157
f 1511/1511/1511 4154/4154/4154 4158/4158/4158
f 1505/1505/1505 1511/1511/1511 4158/4158/4158
f 4155/4155/4155 4159/4159/4159 4154/4154/4154
f 4156/4156/4156 4159/4159/4159 4155/4155/4155
f 4159/4159/4159 4158/4158/4158 4154/4154/4154
f 4157/4157/4157 4160/4160/4160 4156/4156/4156
f 4156/4156/4156 4160/4160/4160 4159/4159/4159
f 2480/2480/2480 4161/4161/4161 4157/4157/4157
f 4157/4157/4157 4161/4161/4161 4160/4160/4160
f 2480/2480/2480 2482/2482/2482 4161/4161/4161
f 1505/1505/1505 4158/4158/4158 4162/4162/4162
f 1499/1499/1499 1505/1505/1505 4162/4162/4162
f 4159/4159/4159 4163/4163/4163 4158/4158/4158
f 4160/4160/4160 4163/4163/4163 4159/4159/4159
f 4163/4163/4163 4162/4162/4162 4158/4158/4158
f 4161/4161/4161 4164/4164/4164 4160/4160/4160
f 4160/4160/4160 4164/4164/4164 4163/4163/4163
f 2482/2482/2482 4165/4165/4165 4161/4161/4161
f 4161/4161/4161 4165/4165/4165 4164/4164/4164
f 2482/2482/2482 2484/2484/2484 4165/4165/4165
f 1499/1499/1499 4162/4162/4162 4166/4166/4166
f 1493/1493/1493 1499/1499/1499 4166/4166/4166
f 4163/4163/4163 4167/4167/4167 4162/4162/4162
f 4164/4164/4164 4167/4167/4167 4163/4163/4163
f 4167/4167/4167 4166/4166/4166 4162/4162/4162
f 4165/4165/4165 4168/4168/4168 4164/4164/4164
f 4164/4164/4164 4168/4168/4168 4167/4167/4167
f 2484/2484/2484 4169/4169/4169 4165/4165/4165
f 4165/4165/4165 4169/4169/4169 4168/4168/4168
f 2484/2484/2484 2486/2486/2486 4169/4169/4169
f 1493/1493/1493 4166/4166/4166 4170/4170/4170
f 1487/1487/1487 1493/1493/1493 4170/4170/4170
f 4167/4167/4167 4171/4171/4171 4166/4166/4166
f 4168/4168/4168 4171/4171/4171 4167/4167/4167
f 4171/4171/4171 4170/4170/4170 4166/4166/4166
f 4169/4169/4169 4172/4172/4172 4168/4168/4168
f 4168/4168/4168 4172/4172/4172 4171/4171/4171
f 2486/2486/2486 4173/4173/4173 4169/4169/4169
f 4169/4169/4169 4173/4173/4173 4172/4172/4172
f 2486/2486/2486 2488/2488/2488 4173/4173/4173
f 1487/1487/1487 4170/4170/4170 4174/4174/4174
f 1481/1481/1481 1487/1487/1487 4174/4174/4174
f 4171/4171/4171 4175/4175/4175 4170/4170/4170
f 4172/4172/4172 4175/4175/4175 4171/4171/4171
f 4175/4175/4175 4174/4174/4174 4170/4170/4170
f 4173/4173/4173 4176/4176/4176 4172/4172/4172
f 4172/4172/4172 4176/4176/4176 4175/4175/4175
f 2488/2488/2488 4177/4177/4177 4173/4173/4173
f 4173/4173/4173 4177/4177/4177 4176/4176/4176
f 2488/2488/2488 2490/2490/2490 4177/4177/4177
f 1481/1481/1481 4174/4174/4174 4178/4178/4178
f 1475/1475/1475 1481/1481/1481 4178/4178/4178
f 4175/4175/4175 4179/4179/4179 4174/4174/4174
f 4176/4176/4176 4179/4179/4179 4175/4175/4175
f 4179/4179/4179 4178/4178/4178 4174/4174/4174
f 4177/4177/4177 4180/4180/4180 4176/4176/4176
f 4176/4176/4176 4180/4180/4180 4179/4179/4179
f 2490/2490/2490 4181/4181/4181 4177/4177/4177
f 4177/4177/4177 4181/4181/4181 4180/4180/4180
f 2490/2490/2490 2492/2492/2492 4181/4181/4181
f 1475/1475/1475 4178/4178/4178 4182/4182/4182
f 1469/1469/1469 1475/1475/1475 4182/4182/4182
f 4179/4179/4179 4183/4183/4183 4178/4178/4178
f 4180/4180/4180 4183/4183/4183 4179/4179/4179
f 4183/4183/4183 4182/4182/4182 4178/4178/4178
f 4181/4181/4181 4184/4184/4184 4180/4180/4180
f 4180/4180/4180 4184/4184/4184 4183/4183/4183
f 2492/2492/2492 4185/4185/4185 4181/4181/4181
f 4181/4181/4181 4185/4185/4185 4184/4184/4184
f 2492/2492/2492 2494/2494/2494 4185/4185/4185
f 1469/1469/1469 4182/4182/4182 4186/4186/4186
f 1463/1463/1463 1469/1469/1469 4186/4186/4186
f 4183/4183/4183 4187/4187/4187 4182/4182/4182
f 4184/4184/4184 4187/4187/4187 4183/4183/4183
f 4187/4187/4187 4186/4186/4186 4182/4182/4182
f 4185/4185/4185 4188/4188/4188 4184/4184/4184
f 4184/4184/4184 4188/4188/4188 4187/4187/4187
f 2494/2494/2494 4189/4189/4189 4185/4185/4185
f 4185/4185/4185 4189/4189/4189 4188/4188/4188
f 2494/2494/2494 2496/2496/2496 4189/4189/4189
f 1463/1463/1463 4186/4186/4186 4190/4190/4190
f 1457/1457/1457 1463/1463/1463 4190/4190/4190
f 4187/4187/4187 4191/4191/4191 4186/4186/4186
f 4188/4188/4188 4191/4191/4191 4187/4187/4187
f 4191/4191/4191 4190/4190/4190 4186/4186/4186
f 4189/4189/4189 4192/4192/4192 4188/4188/4188
f 4188/4188/4188 4192/4192/4192 4191/4191/4191
f 2496/2496/2496 4193/4193/4193 4189/4189/4189
f 4189/4189/4189 4193/4193/4193 4192/4192/4192
f 2496/2496/2496 2498/2498/2498 4193/4193/4193
f 1457/1457/1457 4190/4190/4190 4194/4194/4194
f 1451/1451/1451 1457/1457/1457 4194/4194/4194
f 4191/4191/4191 4195/4195/4195 4190/4190/4190
f 4192/4192/4192 4195/4195/4195 4191/4191/4191
f 4195/4195/4195 4194/4194/4194 4190/4190/4190
f 4193/4193/4193 4196/4196/4196 4192/4192/4192
f 4192/4192/4192 4196/4196/4196 4195/4195/4195
f 2498/2498/2498 4197/4197/4197 4193/4193/4193
f 4193/4193/4193 4197/4197/4197 4196/4196/4196
f 2498/2498/2498 2500/2500/2500 4197/4197/4197
f 1451/1451/1451 4194/4194/4194 4198/4198/4198
f 1445/1445/1445 1451/1451/1451 4198/4198/4198
f 4195/4195/4195 4199/4199/4199 4194/4194/4194
f 4196/4196/4196 4199/4199/4199 4195/4195/4195
f 4199/4199/4199 4198/4198/4198 4194/4194/4194
f 4197/4197/4197 4200/4200/4200 4196/4196/4196
f 4196/4196/4196 4200/4200/4200 4199/4199/4199
f 2500/2500/2500 4201/4201/4201 4197/4197/4197
f 4197/4197/4197 4201/4201/4201 4200/4200/4200
f 2500/2500/2500 2502/2502/2502 4201/4201/4201
f 1445/1445/1445 4198/4198/4198 4202/4202/4202
f 1439/1439/1439 1445/1445/1445 4202/4202/4202
f 4199/4199/4199 4203/4203/4203 4198/4198/4198
f 4200/4200/4200 4203/4203/4203 4199/4199/4199
f 4203/4203/4203 4202/4202/4202 4198/4198/4198
f 4201/4201/4201 4204/4204/4204 4200/4200/4200
f 4200/4200/4200 4204/4204/4204 4203/4203/4203
f 2502/2502/2502 4205/4205/4205 4201/4201/4201
f 4201/4201/4201 4205/4205/4205 4204/4204/4204
f 2502/2502/2502 2504/2504/2504 4205/4205/4205
f 1439/1439/1439 4202/4202/4202 4206/4206/4206
f 1433/1433/1433 1439/1439/1439 4206/4206/4206
f 4203/4203/4203 4207/4207/4207 4202/4202/4202
f 4204/4204/4204 4207/4207/4207 4203/4203/4203
f 4207/4207/4207 4206/4206/4206 4202/4202/4202
f 4205/4205/4205 4208/4208/4208 4204/4204/4204
f 4204/4204/4204 4208/4208/4208 4207/4207/4207
f 2504/2504/2504 4209/4209/4209 4205/4205/4205
f 4205/4205/4205 4209/4209/4209 4208/4208/4208
f 2504/2504/2504 2506/2506/2506 4209/4209/4209
f 1433/1433/1433 4206/4206/4206 4210/4210/4210
f 1427/1427/1427 1433/1433/1433 4210/4210/4210
f 4207/4207/4207 4211/4211/4211 4206/4206/4206
f 4208/4208/4208 4211/4211/4211 4207/4207/4207
f 4211/4211/4211 4210/4210/4210 4206/4206/4206
f 4209/4209/4209 4212/4212/4212 4208/4208/4208
f 4208/4208/4208 4212/4212/4212 4211/4211/4211
f 2506/2506/2506 4213/4213/4213 4209/4209/4209
f 4209/4209/4209 4213/4213/4213 4212/4212/4212
f 2506/2506/2506 2508/2508/2508 4213/4213/4213
f 1427/1427/1427 4210/4210/4210 4214/4214/4214
f 1421/1421/1421 1427/1427/1427 4214/4214/4214
f 4211/4211/4211 4215/4215/4215 4210/4210/4210
f 4212/4212/4212 4215/4215/4215 4211/4211/4211
f 4215/4215/4215 4214/4214/4214 4210/4210/4210
f 2508/2508/2508 4216/4216/4216 4213/4213/4213
f 2508/2508/2508 2510/2510/2510 4216/4216/4216
f 4213/4213/4213 4217/4217/4217 4212/4212/4212
f 4212/4212/4212 4217/4217/4217 4215/4215/4215
f 4213/4213/4213 4216/4216/4216 4217/4217/4217
f 1421/1421/1421 4214/4214/4214 4218/4218/4218
f 1415/1415/1415 1421/1421/1421 4218/4218/4218
f 4215/4215/4215 4219/4219/4219 4214/4214/4214
f 4217/4217/4217 4219/4219/4219 4215/4215/4215
f 4219/4219/4219 4218/4218/4218 4214/4214/4214
f 2510/2510/2510 4220/4220/4220 4216/4216/4216
f 2510/2510/2510 2512/2512/2512 4220/4220/4220
f 4216/4216/4216 4221/4221/4221 4217/4217/4217
f 4217/4217/4217 4221/4221/4221 4219/4219/4219
f 4216/4216/4216 4220/4220/4220 4221/4221/4221
f 1415/1415/1415 4218/4218/4218 4222/4222/4222
f 1409/1409/1409 1415/1415/1415 4222/4222/4222
f 4219/4219/4219 4223/4223/4223 4218/4218/4218
f 4221/4221/4221 4223/4223/4223 4219/4219/4219
f 4223/4223/4223 4222/4222/4222 4218/4218/4218
f 2512/2512/2512 4224/4224/4224 4220/4220/4220
f 2512/2512/2512 2514/2514/2514 4224/4224/4224
f 4220/4220/4220 4225/4225/4225 4221/4221/4221
f 4221/4221/4221 4225/4225/4225 4223/4223/4223
f 4220/4220/4220 4224/4224/4224 4225/4225/4225
f 1409/1409/1409 4222/4222/4222 4226/4226/4226
f 1403/1403/1403 1409/1409/1409 4226/4226/4226
f 4223/4223/4223 4227/4227/4227 4222/4222/4222
f 4225/4225/4225 4227/4227/4227 4223/4223/4223
f 4227/4227/4227 4226/4226/4226 4222/4222/4222
f 2514/2514/2514 4228/4228/4228 4224/4224/4224
f 2514/2514/2514 2516/2516/2516 4228/4228/4228
f 4224/4224/4224 4229/4229/4229 4225/4225/4225
f 4225/4225/4225 4229/4229/4229 4227/4227/4227
f 4224/4224/4224 4228/4228/4228 4229/4229/4229
f 1403/1403/1403 4226/4226/4226 4230/4230/4230
f 1397/1397/1397 1403/1403/1403 4230/4230/4230
f 4227/4227/4227 4231/4231/4231 4226/4226/4226
f 4229/4229/4229 4231/4231/4231 4227/4227/4227
f 4231/4231/4231 4230/4230/4230 4226/4226/4226
f 2516/2516/2516 4232/4232/4232 4228/4228/4228
f 2516/2516/2516 2518/2518/2518 4232/4232/4232
f 4228/4228/4228 4233/4233/4233 4229/4229/4229
f 4229/4229/4229 4233/4233/4233 4231/4231/4231
f 4228/4228/4228 4232/4232/4232 4233/4233/4233
f 1397/1397/1397 4230/4230/4230 4234/4234/4234
f 1391/1391/1391 1397/1397/1397 4234/4234/4234
f 4231/4231/4231 4235/4235/4235 4230/4230/4230
f 4233/4233/4233 4235/4235/4235 4231/4231/4231
f 4235/4235/4235 4234/4234/4234 4230/4230/4230
f 2518/2518/2518 4236/4236/4236 4232/4232/4232
f 2518/2518/2518 2520/2520/2520 4236/4236/4236
f 4232/4232/4232 4237/4237/4237 4233/4233/4233
f 4233/4233/4233 4237/4237/4237 4235/4235/4235
f 4232/4232/4232 4236/4236/4236 4237/4237/4237
f 1391/1391/1391 4234/4234/4234 4238/4238/4238
f 1385/1385/1385 1391/1391/1391 4238/4238/4238
f 4235/4235/4235 4239/4239/4239 4234/4234/4234
f 4237/4237/4237 4239/4239/4239 4235/4235/4235
f 4239/4239/4239 4238/4238/4238 4234/4234/4234
f 2520/2520/2520 4240/4240/4240 4236/4236/4236
f 2520/2520/2520 2522/2522/2522 4240/4240/4240
f 4236/4236/4236 4241/4241/4241 4237/4237/4237
f 4237/4237/4237 4241/4241/4241 4239/4239/4239
f 4236/4236/4236 4240/4240/4240 4241/4241/4241
f 1385/1385/1385 4238/4238/4238 4242/4242/4242
f 1379/1379/1379 1385/1385/1385 4242/4242/4242
f 4239/4239/4239 4243/4243/4243 4238/4238/4238
f 4241/4241/4241 4243/4243/4243 4239/4239/4239
f 4243/4243/4243 4242/4242/4242 4238/4238/4238
f 2522/2522/2522 4244/4244/4244 4240/4240/4240
f 2522/2522/2522 2524/2524/2524 4244/4244/4244
f 4240/4240/4240 4245/4245/4245 4241/4241/4241
f 4241/4241/4241 4245/4245/4245 4243/4243/4243
f 4240/4240/4240 4244/4244/4244 4245/4245/4245
f 1379/1379/1379 4242/4242/4242 4246/4246/4246
f 1373/1373/1373 1379/1379/1379 4246/4246/4246
f 4243/4243/4243 4247/4247/4247 4242/4242/4242
f 4245/4245/4245 4247/4247/4247 4243/4243/4243
f 4247/4247/4247 4246/4246/4246 4242/4242/4242
f 2524/2524/2524 4248/4248/4248 4244/4244/4244
f 2524/2524/2524 2526/2526/2526 4248/4248/4248
f 4244/4244/4244 4249/4249/4249 4245/4245/4245
f 4245/4245/4245 4249/4249/4249 4247/4247/4247
f 4244/4244/4244 4248/4248/4248 4249/4249/4249
f 1373/1373/1373 4246/4246/4246 4250/4250/4250
f 1367/1367/1367 1373/1373/1373 4250/4250/4250
f 4247/4247/4247 4251/4251/4251 4246/4246/4246
f 4249/4249/4249 4251/4251/4251 4247/4247/4247
f 4251/4251/4251 4250/4250/4250 4246/4246/4246
f 2526/2526/2526 4252/4252/4252 4248/4248/4248
f 2526/2526/2526 2528/2528/2528 4252/4252/4252
f 4248/4248/4248 4253/4253/4253 4249/4249/4249
f 4249/4249/4249 4253/4253/4253 4251/4251/4251
f 4248/4248/4248 4252/4252/4252 4253/4253/4253
f 1367/1367/1367 4250/4250/4250 4254/4254/4254
f 1361/1361/1361 1367/1367/1367 4254/4254/4254
f 4251/4251/4251 4255/4255/4255 4250/4250/4250
f 4253/4253/4253 4255/4255/4255 4251/4251/4251
f 4255/4255/4255 4254/4254/4254 4250/4250/4250
f 2528/2528/2528 4256/4256/4256 4252/4252/4252
f 2528/2528/2528 2530/2530/2530 4256/4256/4256
f 4252/4252/4252 4257/4257/4257 4253/4253/4253
f 4253/4253/4253 4257/4257/4257 4255/4255/4255
f 4252/4252/4252 4256/4256/4256 4257/4257/4257
f 1361/1361/1361 4254/4254/4254 4258/4258/4258
f 1355/1355/1355 1361/1361/1361 4258/4258/4258
f 4255/4255/4255 4259/4259/4259 4254/4254/4254
f 4257/4257/4257 4259/4259/4259 4255/4255/4255
f 4259/4259/4259 4258/4258/4258 4254/4254/4254
f 2530/2530/2530 4260/4260/4260 4256/4256/4256
f 2530/2530/2530 2532/2532/2532 4260/4260/4260
f 4256/4256/4256 4261/4261/4261 4257/4257/4257
f 4257/4257/4257 4261/4261/4261 4259/4259/4259
f 4256/4256/4256 4260/4260/4260 4261/4261/4261
f 1355/1355/1355 4258/4258/4258 4262/4262/4262
f 1349/1349/1349 1355/1355/1355 4262/4262/4262
f 4259/4259/4259 4263/4263/4263 4258/4258/4258
f 4261/4261/4261 4263/4263/4263 4259/4259/4259
f 4263/4263/4263 4262/4262/4262 4258/4258/4258
f 2532/2532/2532 4264/4264/4264 4260/4260/4260
f 2532/2532/2532 2534/2534/2534 4264/4264/4264
f 4260/4260/4260 4265/4265/4265 4261/4261/4261
f 4261/4261/4261 4265/4265/4265 4263/4263/4263
f 4260/4260/4260 4264/4264/4264 4265/4265/4265
f 1349/1349/1349 4262/4262/4262 4266/4266/4266
f 1343/1343/1343 1349/1349/1349 4266/4266/4266
f 4263/4263/4263 4267/4267/4267 4262/4262/4262
f 4265/4265/4265 4267/4267/4267 4263/4263/4263
f 4267/4267/4267 4266/4266/4266 4262/4262/4262
f 2534/2534/2534 4268/4268/4268 4264/4264/4264
f 2534/2534/2534 2536/2536/2536 4268/4268/4268
f 4264/4264/4264 4269/4269/4269 4265/4265/4265
f 4265/4265/4265 4269/4269/4269 4267/4267/4267
f 4264/4264/4264 4268/4268/4268 4269/4269/4269
f 1343/1343/1343 4266/4266/4266 4270/4270/4270
f 1337/1337/1337 1343/1343/1343 4270/4270/4270
f 4267/4267/4267 4271/4271/4271 4266/4266/4266
f 4269/4269/4269 4271/4271/4271 4267/4267/4267
f 4271/4271/4271 4270/4270/4270 4266/4266/4266
f 2536/2536/2536 4272/4272/4272 4268/4268/4268
f 2536/2536/2536 2538/2538/2538 4272/4272/4272
f 4268/4268/4268 4273/4273/4273 4269/4269/4269
f 4269/4269/4269 4273/4273/4273 4271/4271/4271
f 4268/4268/4268 4272/4272/4272 4273/4273/4273
f 1337/1337/1337 4270/4270/4270 4274/4274/4274
f 1331/1331/1331 1337/1337/1337 4274/4274/4274
f 4271/4271/4271 4275/4275/4275 4270/4270/4270
f 4273/4273/4273 4275/4275/4275 4271/4271/4271
f 4275/4275/4275 4274/4274/4274 4270/4270/4270
f 2538/2538/2538 4276/4276/4276 4272/4272/4272
f 2538/2538/2538 2540/2540/2540 4276/4276/4276
f 4272/4272/4272 4277/4277/4277 4273/4273/4273
f 4273/4273/4273 4277/4277/4277 4275/4275/4275
f 4272/4272/4272 4276/4276/4276 4277/4277/4277
f 1331/1331/1331 4274/4274/4274 4278/4278/4278
f 1325/1325/1325 1331/1331/1331 4278/4278/4278
f 4275/4275/4275 4279/4279/4279 4274/4274/4274
f 4277/4277/4277 4279/4279/4279 4275/4275/4275
f 4279/4279/4279 4278/4278/4278 4274/4274/4274
f 2540/2540/2540 4280/4280/4280 4276/4276/4276
f 2540/2540/2540 2542/2542/2542 4280/4280/4280
f 4276/4276/4276 4281/4281/4281 4277/4277/4277
f 4277/4277/4277 4281/4281/4281 4279/4279/4279
f 4276/4276/4276 4280/4280/4280 4281/4281/4281
f 1325/1325/1325 4278/4278/4278 4282/4282/4282
f 1319/1319/1319 1325/1325/1325 4282/4282/4282
f 4279/4279/4279 4283/4283/4283 4278/4278/4278
f 4281/4281/4281 4283/4283/4283 4279/4279/4279
f 4283/4283/4283 4282/4282/4282 4278/4278/4278
f 2542/2542/2542 4284/4284/4284 4280/4280/4280
f 2542/2542/2542 2544/2544/2544 4284/4284/4284
f 4280/4280/4280 4285/4285/4285 4281/4281/4281
f 4281/4281/4281 4285/4285/4285 4283/4283/4283
f 4280/4280/4280 4284/4284/4284 4285/4285/4285
f 1319/1319/1319 4282/4282/4282 4286/4286/4286
f 1313/1313/1313 1319/1319/1319 4286/4286/4286
f 4283/4283/4283 4287/4287/4287 4282/4282/4282
f 4285/4285/4285 4287/4287/4287 4283/4283/4283
f 4287/4287/4287 4286/4286/4286 4282/4282/4282
f 2544/2544/2544 4288/4288/4288 4284/4284/4284
f 2544/2544/2544 2546/2546/2546 4288/4288/4288
f 4284/4284/4284 4289/4289/4289 4285/4285/4285
f 4285/4285/4285 4289/4289/4289 4287/4287/4287
f 4284/4284/4284 4288/4288/4288 4289/4289/4289
f 1313/1313/1313 4286/4286/4286 4290/4290/4290
f 1307/1307/1307 1313/1313/1313 4290/4290/4290
f 4287/4287/4287 4291/4291/4291 4286/4286/4286
f 4289/4289/4289 4291/4291/4291 4287/4287/4287
f 4291/4291/4291 4290/4290/4290 4286/4286/4286
f 2546/2546/2546 4292/4292/4292 4288/4288/4288
f 2546/2546/2546 2548/2548/2548 4292/4292/4292
f 4288/4288/4288 4293/4293/4293 4289/4289/4289
f 4289/4289/4289 4293/4293/4293 4291/4291/4291
f 4288/4288/4288 4292/4292/4292 4293/4293/4293
f 1307/1307/1307 4290/4290/4290 4294/4294/4294
f 1301/1301/1301 1307/1307/1307 4294/4294/4294
f 4291/4291/4291 4295/4295/4295 4290/4290/4290
f 4293/4293/4293 4295/4295/4295 4291/4291/4291
f 4295/4295/4295 4294/4294/4294 4290/4290/4290
f 2548/2548/2548 4296/4296/4296 4292/4292/4292
f 2548/2548/2548 2550/2550/2550 4296/4296/4296
f 4292/4292/4292 4297/4297/4297 4293/4293/4293
f 4293/4293/4293 4297/4297/4297 4295/4295/4295
f 4292/4292/4292 4296/4296/4296 4297/4297/4297
f 1301/1301/1301 4294/4294/4294 4298/4298/4298
f 1295/1295/1295 1301/1301/1301 4298/4298/4298
f 4295/4295/4295 4299/4299/4299 4294/4294/4294
f 4297/4297/4297 4299/4299/4299 4295/4295/4295
f 4299/4299/4299 4298/4298/4298 4294/4294/4294
f 2550/2550/2550 4300/4300/4300 4296/4296/4296
f 2550/2550/2550 2552/2552/2552 4300/4300/4300
f 4296/4296/4296 4301/4301/4301 4297/4297/4297
f 4297/4297/4297 4301/4301/4301 4299/4299/4299
f 4296/4296/4296 4300/4300/4300 4301/4301/4301
f 1295/1295/1295 4298/4298/4298 4302/4302/4302
f 1289/1289/1289 1295/1295/1295 4302/4302/4302
f 4299/4299/4299 4303/4303/4303 4298/4298/4298
f 4301/4301/4301 4303/4303/4303 4299/4299/4299
f 4303/4303/4303 4302/4302/4302 4298/4298/4298
f 2552/2552/2552 4304/4304/4304 4300/4300/4300
f 2552/2552/2552 2554/2554/2554 4304/4304/4304
f 4300/4300/4300 4305/4305/4305 4301/4301/4301
f 4301/4301/4301 4305/4305/4305 4303/4303/4303
f 4300/4300/4300 4304/4304/4304 4305/4305/4305
f 1289/1289/1289 4302/4302/4302 4306/4306/4306
f 1283/1283/1283 1289/1289/1289 4306/4306/4306
f 4303/4303/4303 4307/4307/4307 4302/4302/4302
f 4305/4305/4305 4307/4307/4307 4303/4303/4303
f 4307/4307/4307 4306/4306/4306 4302/4302/4302
f 2554/2554/2554 4308/4308/4308 4304/4304/4304
f 2554/2554/2554 2556/2556/2556 4308/4308/4308
f 4304/4304/4304 4309/4309/4309 4305/4305/4305
f 4305/4305/4305 4309/4309/4309 4307/4307/4307
f 4304/4304/4304 4308/4308/4308 4309/4309/4309
f 1283/1283/1283 4306/4306/4306 4310/4310/4310
f 1277/1277/1277 1283/1283/1283 4310/4310/4310
f 4307/4307/4307 4311/4311/4311 4306/4306/4306
f 4309/4309/4309 4311/4311/4311 4307/4307/4307
f 4311/4311/4311 4310/4310/4310 4306/4306/4306
f 2556/2556/2556 4312/4312/4312 4308/4308/4308
f 2556/2556/2556 2558/2558/2558 4312/4312/4312
f 4308/4308/4308 4313/4313/4313 4309/4309/4309
f 4309/4309/4309 4313/4313/4313 4311/4311/4311
f 4308/4308/4308 4312/4312/4312 4313/4313/4313
f 1277/1277/1277 4310/4310/4310 4314/4314/4314
f 1271/1271/1271 1277/1277/1277 4314/4314/4314
f 4311/4311/4311 4315/4315/4315 4310/4310/4310
f 4313/4313/4313 4315/4315/4315 4311/4311/4311
f 4315/4315/4315 4314/4314/4314 4310/4310/4310
f 2558/2558/2558 4316/4316/4316 4312/4312/4312
f 2558/2558/2558 2560/2560/2560 4316/4316/4316
f 4312/4312/4312 4317/4317/4317 4313/4313/4313
f 4313/4313/4313 4317/4317/4317 4315/4315/4315
f 4312/4312/4312 4316/4316/4316 4317/4317/4317
f 1271/1271/1271 4314/4314/4314 4318/4318/4318
f 1265/1265/1265 1271/1271/1271 4318/4318/4318
f 4315/4315/4315 4319/4319/4319 4314/4314/4314
f 4317/4317/4317 4319/4319/4319 4315/4315/4315
f 4319/4319/4319 4318/4318/4318 4314/4314/4314
f 2560/2560/2560 4320/4320/4320 4316/4316/4316
f 2560/2560/2560 2562/2562/2562 4320/4320/4320
f 4316/4316/4316 4321/4321/4321 4317/4317/4317
f 4317/4317/4317 4321/4321/4321 4319/4319/4319
f 4316/4316/4316 4320/4320/4320 4321/4321/4321
f 1265/1265/1265 4318/4318/4318 4322/4322/4322
f 1259/1259/1259 1265/1265/1265 4322/4322/4322
f 4319/4319/4319 4323/4323/4323 4318/4318/4318
f 4321/4321/4321 4323/4323/4323 4319/4319/4319
f 4323/4323/4323 4322/4322/4322 4318/4318/4318
f 2562/2562/2562 4324/4324/4324 4320/4320/4320
f 2562/2562/2562 2564/2564/2564 4324/4324/4324
f 4320/4320/4320 4325/4325/4325 4321/4321/4321
f 4321/4321/4321 4325/4325/4325 4323/4323/4323
f 4320/4320/4320 4324/4324/4324 4325/4325/4325
f 1259/1259/1259 4322/4322/4322 4326/4326/4326
f 1253/1253/1253 1259/1259/1259 4326/4326/4326
f 4323/4323/4323 4327/4327/4327 4322/4322/4322
f 4325/4325/4325 4327/4327/4327 4323/4323/4323
f 4327/4327/4327 4326/4326/4326 4322/4322/4322
f 2564/2564/2564 4328/4328/4328 4324/4324/4324
f 2564/2564/2564 2566/2566/2566 4328/4328/4328
f 4324/4324/4324 4329/4329/4329 4325/4325/4325
f 4325/4325/4325 4329/4329/4329 4327/4327/4327
f 4324/4324/4324 4328/4328/4328 4329/4329/4329
f 1253/1253/1253 4326/4326/4326 4330/4330/4330
f 1247/1247/1247 1253/1253/1253 4330/4330/4330
f 4327/4327/4327 4331/4331/4331 4326/4326/4326
f 4329/4329/4329 4331/4331/4331 4327/4327/4327
f 4331/4331/4331 4330/4330/4330 4326/4326/4326
f 2566/2566/2566 4332/4332/4332 4328/4328/4328
f 2566/2566/2566 2568/2568/2568 4332/4332/4332
f 4328/4328/4328 4333/4333/4333 4329/4329/4329
f 4329/4329/4329 4333/4333/4333 4331/4331/4331
f 4328/4328/4328 4332/4332/4332 4333/4333/4333
f 1247/1247/1247 4330/4330/4330 4334/4334/4334
f 1241/1241/1241 1247/1247/1247 4334/4334/4334
f 4331/4331/4331 4335/4335/4335 4330/4330/4330
f 4333/4333/4333 4335/4335/4335 4331/4331/4331
f 4335/4335/4335 4334/4334/4334 4330/4330/4330
f 2568/2568/2568 4336/4336/4336 4332/4332/4332
f 2568/2568/2568 2570/2570/2570 4336/4336/4336
f 4332/4332/4332 4337/4337/4337 4333/4333/4333
f 4333/4333/4333 4337/4337/4337 4335/4335/4335
f 4332/4332/4332 4336/4336/4336 4337/4337/4337
f 1241/1241/1241 4334/4334/4334 4338/4338/4338
f 1235/1235/1235 1241/1241/1241 4338/4338/4338
f 4335/4335/4335 4339/4339/4339 4334/4334/4334
f 4337/4337/4337 4339/4339/4339 4335/4335/4335
f 4339/4339/4339 4338/4338/4338 4334/4334/4334
f 2570/2570/2570 4340/4340/4340 4336/4336/4336
f 2570/2570/2570 2572/2572/2572 4340/4340/4340
f 4336/4336/4336 4341/4341/4341 4337/4337/4337
f 4337/4337/4337 4341/4341/4341 4339/4339/4339
f 4336/4336/4336 4340/4340/4340 4341/4341/4341
f 1235/1235/1235 4338/4338/4338 4342/4342/4342
f 1229/1229/1229 1235/1235/1235 4342/4342/4342
f 4339/4339/4339 4343/4343/4343 4338/4338/4338
f 4341/4341/4341 4343/4343/4343 4339/4339/4339
f 4343/4343/4343 4342/4342/4342 4338/4338/4338
f 2572/2572/2572 4344/4344/4344 4340/4340/4340
f 2572/2572/2572 2574/2574/2574 4344/4344/4344
f 4340/4340/4340 4345/4345/4345 4341/4341/4341
f 4341/4341/4341 4345/4345/4345 4343/4343/4343
f 4340/4340/4340 4344/4344/4344 4345/4345/4345
f 1229/1229/1229 4342/4342/4342 4346/4346/4346
f 1223/1223/1223 1229/1229/1229 4346/4346/4346
f 4343/4343/4343 4347/4347/4347 4342/4342/4342
f 4345/4345/4345 4347/4347/4347 4343/4343/4343
f 4347/4347/4347 4346/4346/4346 4342/4342/4342
f 2574/2574/2574 4348/4348/4348 4344/4344/4344
f 2574/2574/2574 2576/2576/2576 4348/4348/4348
f 4344/4344/4344 4349/4349/4349 4345/4345/4345
f 4345/4345/4345 4349/4349/4349 4347/4347/4347
f 4344/4344/4344 4348/4348/4348 4349/4349/4349
f 1223/1223/1223 4346/4346/4346 4350/4350/4350
f 1217/1217/1217 1223/1223/1223 4350/4350/4350
f 4347/4347/4347 4351/4351/4351 4346/4346/4346
f 4349/4349/4349 4351/4351/4351 4347/4347/4347
f 4351/4351/4351 4350/4350/4350 4346/4346/4346
f 2576/2576/2576 4352/4352/4352 4348/4348/4348
f 2576/2576/2576 2578/2578/2578 4352/4352/4352
f 4348/4348/4348 4353/4353/4353 4349/4349/4349
f 4349/4349/4349 4353/4353/4353 4351/4351/4351
f 4348/4348/4348 4352/4352/4352 4353/4353/4353
f 1217/1217/1217 4350/4350/4350 4354/4354/4354
f 1211/1211/1211 1217/1217/1217 4354/4354/4354
f 4351/4351/4351 4355/4355/4355 4350/4350/4350
f 4353/4353/4353 4355/4355/4355 4351/4351/4351
f 4355/4355/4355 4354/4354/4354 4350/4350/4350
f 2578/2578/2578 4356/4356/4356 4352/4352/4352
f 2578/2578/2578 2580/2580/2580 4356/4356/4356
f 4352/4352/4352 4357/4357/4357 4353/4353/4353
f 4353/4353/4353 4357/4357/4357 4355/4355/4355
f 4352/4352/4352 4356/4356/4356 4357/4357/4357
f 1211/1211/1211 4354/4354/4354 4358/4358/4358
f 1205/1205/1205 1211/1211/1211 4358/4358/4358
f 4355/4355/4355 4359/4359/4359 4354/4354/4354
f 4357/4357/4357 4359/4359/4359 4355/4355/4355
f 4359/4359/4359 4358/4358/4358 4354/4354/4354
f 2580/2580/2580 4360/4360/4360 4356/4356/4356
f 2580/2580/2580 2582/2582/2582 4360/4360/4360
f 4356/4356/4356 4361/4361/4361 4357/4357/4357
f 4357/4357/4357 4361/4361/4361 4359/4359/4359
f 4356/4356/4356 4360/4360/4360 4361/4361/4361
f 1205/1205/1205 4358/4358/4358 4362/4362/4362
f 1199/1199/1199 1205/1205/1205 4362/4362/4362
f 4359/4359/4359 4363/4363/4363 4358/4358/4358
f 4361/4361/4361 4363/4363/4363 4359/4359/4359
f 4363/4363/4363 4362/4362/4362 4358/4358/4358
f 2582/2582/2582 4364/4364/4364 4360/4360/4360
f 2582/2582/2582 2584/2584/2584 4364/4364/4364
f 4360/4360/4360 4365/4365/4365 4361/4361/4361
f 4361/4361/4361 4365/4365/4365 4363/4363/4363
f 4360/4360/4360 4364/4364/4364 4365/4365/4365
f 1199/1199/1199 4362/4362/4362 4366/4366/4366
f 1193/1193/1193 1199/1199/1199 4366/4366/4366
f 4363/4363/4363 4367/4367/4367 4362/4362/4362
f 4365/4365/4365 4367/4367/4367 4363/4363/4363
f 4367/4367/4367 4366/4366/4366 4362/4362/4362
f 2584/2584/2584 4368/4368/4368 4364/4364/4364
f 2584/2584/2584 2586/2586/2586 4368/4368/4368
f 4364/4364/4364 4369/4369/4369 4365/4365/4365
f 4365/4365/4365 4369/4369/4369 4367/4367/4367
f 4364/4364/4364 4368/4368/4368 4369/4369/4369
f 1193/1193/1193 4366/4366/4366 4370/4370/4370
f 1187/1187/1187 1193/1193/1193 4370/4370/4370
f 4367/4367/4367 4371/4371/4371 4366/4366/4366
f 4369/4369/4369 4371/4371/4371 4367/4367/4367
f 4371/4371/4371 4370/4370/4370 4366/4366/4366
f 2586/2586/2586 4372/4372/4372 4368/4368/4368
f 2586/2586/2586 2588/2588/2588 4372/4372/4372
f 4368/4368/4368 4373/4373/4373 4369/4369/4369
f 4369/4369/4369 4373/4373/4373 4371/4371/4371
f 4368/4368/4368 4372/4372/4372 4373/4373/4373
f 1187/1187/1187 4370/4370/4370 4374/4374/4374
f 1181/1181/1181 1187/1187/1187 4374/4374/4374
f 4371/4371/4371 4375/4375/4375 4370/4370/4370
f 4373/4373/4373 4375/4375/4375 4371/4371/4371
f 4375/4375/4375 4374/4374/4374 4370/4370/4370
f 2588/2588/2588 4376/4376/4376 4372/4372/4372
f 2588/2588/2588 2590/2590/2590 4376/4376/4376
f 4372/4372/4372 4377/4377/4377 4373/4373/4373
f 4373/4373/4373 4377/4377/4377 4375/4375/4375
f 4372/4372/4372 4376/4376/4376 4377/4377/4377
f 1181/1181/1181 4374/4374/4374 4378/4378/4378
f 1175/1175/1175 1181/1181/1181 4378/4378/4378
f 4375/4375/4375 4379/4379/4379 4374/4374/4374
f 4377/4377/4377 4379/4379/4379 4375/4375/4375
f 4379/4379/4379 4378/4378/4378 4374/4374/4374
f 2590/2590/2590 4380/4380/4380 4376/4376/4376
f 2590/2590/2590 2592/2592/2592 4380/4380/4380
f 4376/4376/4376 4381/4381/4381 4377/4377/4377
f 4377/4377/4377 4381/4381/4381 4379/4379/4379
f 4376/4376/4376 4380/4380/4380 4381/4381/4381
f 1175/1175/1175 4378/4378/4378 4382/4382/4382
f 1169/1169/1169 1175/1175/1175 4382/4382/4382
f 4379/4379/4379 4383/4383/4383 4378/4378/4378
f 4381/4381/4381 4383/4383/4383 4379/4379/4379
f 4383/4383/4383 4382/4382/4382 4378/4378/4378
f 2592/2592/2592 4384/4384/4384 4380/4380/4380
f 2592/2592/2592 2594/2594/2594 4384/4384/4384
f 4380/4380/4380 4385/4385/4385 4381/4381/4381
f 4381/4381/4381 4385/4385/4385 4383/4383/4383
f 4380/4380/4380 4384/4384/4384 4385/4385/4385
f 1169/1169/1169 4382/4382/4382 4386/4386/4386
f 1163/1163/1163 1169/1169/1169 4386/4386/4386
f 4383/4383/4383 4387/4387/4387 4382/4382/4382
f 4385/4385/4385 4387/4387/4387 4383/4383/4383
f 4387/4387/4387 4386/4386/4386 4382/4382/4382
f 2594/2594/2594 4388/4388/4388 4384/4384/4384
f 2594/2594/2594 2596/2596/2596 4388/4388/4388
f 4384/4384/4384 4389/4389/4389 4385/4385/4385
f 4385/4385/4385 4389/4389/4389 4387/4387/4387
f 4384/4384/4384 4388/4388/4388 4389/4389/4389
f 1163/1163/1163 4386/4386/4386 4390/4390/4390
f 1157/1157/1157 1163/1163/1163 4390/4390/4390
f 4387/4387/4387 4391/4391/4391 4386/4386/4386
f 4389/4389/4389 4391/4391/4391 4387/4387/4387
f 4391/4391/4391 4390/4390/4390 4386/4386/4386
f 2596/2596/2596 4392/4392/4392 4388/4388/4388
f 2596/2596/2596 2598/2598/2598 4392/4392/4392
f 4388/4388/4388 4393/4393/4393 4389/4389/4389
f 4389/4389/4389 4393/4393/4393 4391/4391/4391
f 4388/4388/4388 4392/4392/4392 4393/4393/4393
f 1157/1157/1157 4390/4390/4390 4394/4394/4394
f 1151/1151/1151 1157/1157/1157 4394/4394/4394
f 4391/4391/4391 4395/4395/4395 4390/4390/4390
f 4393/4393/4393 4395/4395/4395 4391/4391/4391
f 4395/4395/4395 4394/4394/4394 4390/4390/4390
f 2598/2598/2598 4396/4396/4396 4392/4392/4392
f 2598/2598/2598 2600/2600/2600 4396/4396/4396
f 2600/2600/2600 2616/2616/2616 4396/4396/4396
f 4392/4392/4392 4397/4397/4397 4393/4393/4393
f 4393/4393/4393 4397/4397/4397 4395/4395/4395
f 4392/4392/4392 4396/4396/4396 4397/4397/4397
f 1151/1151/1151 4394/4394/4394 4398/4398/4398
f 1145/1145/1145 1151/1151/1151 4398/4398/4398
f 4395/4395/4395 4399/4399/4399 4394/4394/4394
f 4397/4397/4397 4399/4399/4399 4395/4395/4395
f 4399/4399/4399 4398/4398/4398 4394/4394/4394
f 4396/4396/4396 4400/4400/4400 4397/4397/4397
f 4396/4396/4396 2616/2616/2616 4400/4400/4400
f 4397/4397/4397 4400/4400/4400 4399/4399/4399
f 1145/1145/1145 4398/4398/4398 4401/4401/4401
f 1130/1130/1130 1145/1145/1145 4401/4401/4401
f 4399/4399/4399 4402/4402/4402 4398/4398/4398
f 4400/4400/4400 4402/4402/4402 4399/4399/4399
f 4402/4402/4402 4401/4401/4401 4398/4398/4398
f 2616/2616/2616 4403/4403/4403 4400/4400/4400
f 4400/4400/4400 4403/4403/4403 4402/4402/4402
f 2616/2616/2616 2608/2608/2608 4403/4403/4403
f 1130/1130/1130 4401/4401/4401 4404/4404/4404
f 1119/1119/1119 1130/1130/1130 4404/4404/4404
f 1119/1119/1119 4404/4404/4404 1105/1105/1105
f 4402/4402/4402 4405/4405/4405 4401/4401/4401
f 4403/4403/4403 4405/4405/4405 4402/4402/4402
f 4405/4405/4405 4404/4404/4404 4401/4401/4401
f 2608/2608/2608 4406/4406/4406 4403/4403/4403
f 4403/4403/4403 4406/4406/4406 4405/4405/4405
f 4406/4406/4406 2608/2608/2608 1106/1106/1106
f 1106/1106/1106 1105/1105/1105 4407/4407/4407
f 4407/4407/4407 1105/1105/1105 4404/4404/4404
f 4405/4405/4405 4407/4407/4407 4404/4404/4404
f 4407/4407/4407 4406/4406/4406 1106/1106/1106
f 4406/4406/4406 4407/4407/4407 4405/4405/4405