mtllib materials.mtl
g TheUnsister
v -0.232893094 -0.695156336 0.300000012
v -1.4862262 -0.100775495 0.300000012
v 0.017107062 -0.100775719 0.300000012
v -1.78289282 -0.695156097 0.300000012
v -1.4862262 -0.100775495 0.300000012
v -1.78289294 -0.247442305 0.300000012
v -1.4862262 0.00255781412 0.300000012
v -1.4862262 -0.100775495 0.300000012
v -1.78289294 -0.247442305 0.300000012
v -2.03289318 0.00255790353 0.300000012
v -1.4862262 0.00255781412 0.300000012
v 0.26710701 -0.695156455 0.300000012
v 0.0171069279 -0.945156574 0.300000012
v 0.017107062 -0.100775719 0.300000012
v -0.232892856 0.700271606 0.299999982
v 0.0171072185 0.950271726 0.300000012
v 0.0171070844 0.1058909 0.300000012
v 1.81710708 0.252557546 0.300000012
v 2.0671072 0.00255727768 0.300000012
v 1.52044022 0.00255736709 0.300000012
v -0.232893094 -0.695156336 -6.33299351E-08
v 0.0171069279 -0.945156574 -6.33299351E-08
v 0.017107062 -0.100775726 -5.96046448E-08
v 1.81710696 -0.247442842 -6.33299351E-08
v 2.0671072 0.00255729258 -6.33299351E-08
v 1.52044022 0.00255736709 -6.33299351E-08
v -1.78289282 0.252558053 -5.96046448E-08
v -2.03289318 0.00255790353 -6.33299351E-08
v -1.4862262 0.00255782902 -6.33299351E-08
v 0.267107248 0.700271487 -6.33299351E-08
v 0.0171072185 0.950271726 -5.96046448E-08
v 0.0171070844 0.10589093 -6.33299351E-08
v 1.7687881 0.100000203 1.10386825
v 1.79231668 0.10000021 1.1485908
v 1.76922417 0.100000218 1.10355043
v 1.76922417 -0.0999998078 1.10355043
v 1.80295336 -0.0999998003 1.14083815
v 1.7687881 -0.0999998078 1.10386825
v -0.232893094 -0.695156336 0.300000012
v 0.017107062 -0.100775719 0.300000012
v 0.0171069279 -0.945156574 0.300000012
v 1.81710696 -0.247442842 0.300000012
v 1.52044022 0.00255736709 0.300000012
v 2.0671072 0.00255727768 0.300000012
v -1.78289282 0.252558082 0.300000012
v -1.4862262 0.00255781412 0.300000012
v -2.03289318 0.00255790353 0.300000012
v 0.267107248 0.700271487 0.299999982
v 0.0171070844 0.1058909 0.300000012
v 0.0171072185 0.950271726 0.300000012
v -1.78289294 -0.24744232 -6.33299351E-08
v -1.4862262 0.00255782902 -6.33299351E-08
v -2.03289318 0.00255790353 -6.33299351E-08
v 0.26710701 -0.695156455 -6.33299351E-08
v 0.017107062 -0.100775726 -5.96046448E-08
v 0.0171069279 -0.945156574 -6.33299351E-08
v -0.232892856 0.700271726 -6.33299351E-08
v 0.0171070844 0.10589093 -6.33299351E-08
v 0.0171072185 0.950271726 -5.96046448E-08
v 1.81710708 0.252557516 -5.96046448E-08
v 1.52044022 0.00255736709 -6.33299351E-08
v 2.0671072 0.00255729258 -6.33299351E-08
v -0.232893094 -0.695156336 0.300000012
v -0.232893094 -0.695156336 0.149999976
v -1.78289282 -0.695156097 0.149999976
v -1.78289282 -0.695156097 0.300000012
v 0.0171069279 -0.945156574 0.300000012
v 0.0171069279 -0.945156574 0.149999976
v -0.232893094 -0.695156336 0.149999976
v -0.232893094 -0.695156336 0.300000012
v -1.78289282 -0.695156097 0.149999976
v -1.78289294 -0.247442007 0.149999991
v -1.78289294 -0.247442305 0.300000012
v -1.78289282 -0.695156097 0.300000012
v -1.78289294 -0.247442007 0.149999991
v -2.03289318 0.00255791843 0.149999976
v -2.03289318 0.00255790353 0.300000012
v -1.78289294 -0.247442305 0.300000012
v -1.4862262 0.00255782902 0.149999976
v -1.4862262 -0.100775495 0.149999976
v -1.4862262 -0.100775495 0.300000012
v -1.4862262 0.00255781412 0.300000012
v 1.81710708 -0.695156693 0.300000012
v 0.26710701 -0.695156455 0.300000012
v 1.52044022 -0.10077595 0.300000012
v 0.017107062 -0.100775719 0.300000012
v 1.81710708 -0.695156693 0.149999976
v 0.26710701 -0.695156455 0.149999976
v 0.26710701 -0.695156455 0.300000012
v 1.81710708 -0.695156693 0.300000012
v 0.26710701 -0.695156455 0.149999976
v 0.0171069279 -0.945156574 0.149999976
v 0.0171069279 -0.945156574 0.300000012
v 0.26710701 -0.695156455 0.300000012
v 1.81710708 -0.695156693 0.149999976
v 1.81710708 -0.695156693 0.300000012
v 1.81710696 -0.247442842 0.300000012
v 1.81710696 -0.247442544 0.149999991
v 1.81710696 -0.247442544 0.149999991
v 1.81710696 -0.247442842 0.300000012
v 2.0671072 0.00255727768 0.300000012
v 2.0671072 0.00255729258 0.149999976
v 1.52044022 -0.100775942 0.149999976
v 1.52044022 0.00255738199 0.149999976
v 1.52044022 0.00255736709 0.300000012
v 1.52044022 -0.10077595 0.300000012
v 1.81710696 -0.247442842 0.300000012
v 1.52044022 -0.10077595 0.300000012
v 1.52044022 0.00255736709 0.300000012
v 1.81710708 -0.695156693 0.300000012
v -1.78289282 0.700271964 0.299999982
v -0.232892856 0.700271606 0.299999982
v -1.48622608 0.105891138 0.300000012
v 0.0171070844 0.1058909 0.300000012
v -1.78289282 0.700271964 0.149999976
v -0.232892856 0.700271726 0.149999976
v -0.232892856 0.700271606 0.299999982
v -1.78289282 0.700271964 0.299999982
v -0.232892856 0.700271726 0.149999976
v 0.0171072185 0.950271726 0.149999976
v 0.0171072185 0.950271726 0.300000012
v -0.232892856 0.700271606 0.299999982
v -1.78289282 0.700271964 0.149999976
v -1.78289282 0.700271964 0.299999982
v -1.78289282 0.252558082 0.300000012
v -1.78289282 0.252557725 0.149999976
v -1.78289282 0.252557725 0.149999976
v -1.78289282 0.252558082 0.300000012
v -2.03289318 0.00255790353 0.300000012
v -2.03289318 0.00255791843 0.149999976
v -1.48622608 0.105891138 0.149999976
v -1.4862262 0.00255782902 0.149999976
v -1.4862262 0.00255781412 0.300000012
v -1.48622608 0.105891138 0.300000012
v -1.78289282 0.252558082 0.300000012
v -1.48622608 0.105891138 0.300000012
v -1.4862262 0.00255781412 0.300000012
v -1.78289282 0.700271964 0.299999982
v 1.81710708 0.700271368 0.299999982
v 1.81710708 0.252557546 0.300000012
v 1.52044034 0.105890691 0.300000012
v 1.52044022 0.00255736709 0.300000012
v 0.267107248 0.700271487 0.299999982
v 0.267107248 0.700271487 0.149999976
v 1.81710708 0.700271368 0.149999976
v 1.81710708 0.700271368 0.299999982
v 0.0171072185 0.950271726 0.300000012
v 0.0171072185 0.950271726 0.149999976
v 0.267107248 0.700271487 0.149999976
v 0.267107248 0.700271487 0.299999982
v 0.267107248 0.700271487 0.299999982
v 1.52044034 0.105890691 0.300000012
v 0.0171070844 0.1058909 0.300000012
v 1.81710708 0.700271368 0.299999982
v 1.81710708 0.700271368 0.149999976
v 1.81710708 0.252557188 0.149999976
v 1.81710708 0.252557546 0.300000012
v 1.81710708 0.700271368 0.299999982
v 1.81710708 0.252557188 0.149999976
v 2.0671072 0.00255729258 0.149999976
v 2.0671072 0.00255727768 0.300000012
v 1.81710708 0.252557546 0.300000012
v 1.52044022 0.00255736709 0.300000012
v 1.52044022 0.00255738199 0.149999976
v 1.52044034 0.105890691 0.149999976
v 1.52044034 0.105890691 0.300000012
v -1.78289282 -0.695156097 -6.33299351E-08
v -0.232893094 -0.695156336 -6.33299351E-08
v -1.4862262 -0.100775495 -5.96046448E-08
v 0.017107062 -0.100775726 -5.96046448E-08
v -1.78289282 -0.695156097 0.149999976
v -0.232893094 -0.695156336 0.149999976
v -0.232893094 -0.695156336 -6.33299351E-08
v -1.78289282 -0.695156097 -6.33299351E-08
v -0.232893094 -0.695156336 0.149999976
v 0.0171069279 -0.945156574 0.149999976
v 0.0171069279 -0.945156574 -6.33299351E-08
v -0.232893094 -0.695156336 -6.33299351E-08
v -1.78289282 -0.695156097 0.149999976
v -1.78289282 -0.695156097 -6.33299351E-08
v -1.78289294 -0.24744232 -6.33299351E-08
v -1.78289294 -0.247442007 0.149999991
v -1.78289294 -0.247442007 0.149999991
v -1.78289294 -0.24744232 -6.33299351E-08
v -2.03289318 0.00255790353 -6.33299351E-08
v -2.03289318 0.00255791843 0.149999976
v -1.4862262 -0.100775495 0.149999976
v -1.4862262 0.00255782902 0.149999976
v -1.4862262 0.00255782902 -6.33299351E-08
v -1.4862262 -0.100775495 -5.96046448E-08
v -1.78289294 -0.24744232 -6.33299351E-08
v -1.4862262 -0.100775495 -5.96046448E-08
v -1.4862262 0.00255782902 -6.33299351E-08
v -1.78289282 -0.695156097 -6.33299351E-08
v 1.81710708 -0.695156693 -6.33299351E-08
v 1.81710696 -0.247442842 -6.33299351E-08
v 1.52044022 -0.10077595 -5.96046448E-08
v 1.52044022 0.00255736709 -6.33299351E-08
v 0.26710701 -0.695156455 -6.33299351E-08
v 0.26710701 -0.695156455 0.149999976
v 1.81710708 -0.695156693 0.149999976
v 1.81710708 -0.695156693 -6.33299351E-08
v 0.0171069279 -0.945156574 -6.33299351E-08
v 0.0171069279 -0.945156574 0.149999976
v 0.26710701 -0.695156455 0.149999976
v 0.26710701 -0.695156455 -6.33299351E-08
v 0.26710701 -0.695156455 -6.33299351E-08
v 1.52044022 -0.10077595 -5.96046448E-08
v 0.017107062 -0.100775726 -5.96046448E-08
v 1.81710708 -0.695156693 -6.33299351E-08
v 1.81710708 -0.695156693 0.149999976
v 1.81710696 -0.247442544 0.149999991
v 1.81710696 -0.247442842 -6.33299351E-08
v 1.81710708 -0.695156693 -6.33299351E-08
v 1.81710696 -0.247442544 0.149999991
v 2.0671072 0.00255729258 0.149999976
v 2.0671072 0.00255729258 -6.33299351E-08
v 1.81710696 -0.247442842 -6.33299351E-08
v 1.52044022 0.00255736709 -6.33299351E-08
v 1.52044022 0.00255738199 0.149999976
v 1.52044022 -0.100775942 0.149999976
v 1.52044022 -0.10077595 -5.96046448E-08
v -1.78289282 0.700271964 -6.33299351E-08
v -1.78289282 0.252558053 -5.96046448E-08
v -1.48622608 0.105891138 -6.33299351E-08
v -1.4862262 0.00255782902 -6.33299351E-08
v -0.232892856 0.700271726 -6.33299351E-08
v -0.232892856 0.700271726 0.149999976
v -1.78289282 0.700271964 0.149999976
v -1.78289282 0.700271964 -6.33299351E-08
v 0.0171072185 0.950271726 -5.96046448E-08
v 0.0171072185 0.950271726 0.149999976
v -0.232892856 0.700271726 0.149999976
v -0.232892856 0.700271726 -6.33299351E-08
v -0.232892856 0.700271726 -6.33299351E-08
v -1.48622608 0.105891138 -6.33299351E-08
v 0.0171070844 0.10589093 -6.33299351E-08
v -1.78289282 0.700271964 -6.33299351E-08
v -1.78289282 0.700271964 0.149999976
v -1.78289282 0.252557725 0.149999976
v -1.78289282 0.252558053 -5.96046448E-08
v -1.78289282 0.700271964 -6.33299351E-08
v -1.78289282 0.252557725 0.149999976
v -2.03289318 0.00255791843 0.149999976
v -2.03289318 0.00255790353 -6.33299351E-08
v -1.78289282 0.252558053 -5.96046448E-08
v -1.4862262 0.00255782902 -6.33299351E-08
v -1.4862262 0.00255782902 0.149999976
v -1.48622608 0.105891138 0.149999976
v -1.48622608 0.105891138 -6.33299351E-08
v 1.81710708 0.700271368 -6.33299351E-08
v 0.267107248 0.700271487 -6.33299351E-08
v 1.52044034 0.105890721 -6.33299351E-08
v 0.0171070844 0.10589093 -6.33299351E-08
v 1.81710708 0.700271368 0.149999976
v 0.267107248 0.700271487 0.149999976
v 0.267107248 0.700271487 -6.33299351E-08
v 1.81710708 0.700271368 -6.33299351E-08
v 0.267107248 0.700271487 0.149999976
v 0.0171072185 0.950271726 0.149999976
v 0.0171072185 0.950271726 -5.96046448E-08
v 0.267107248 0.700271487 -6.33299351E-08
v 1.81710708 0.700271368 0.149999976
v 1.81710708 0.700271368 -6.33299351E-08
v 1.81710708 0.252557516 -5.96046448E-08
v 1.81710708 0.252557188 0.149999976
v 1.81710708 0.252557188 0.149999976
v 1.81710708 0.252557516 -5.96046448E-08
v 2.0671072 0.00255729258 -6.33299351E-08
v 2.0671072 0.00255729258 0.149999976
v 1.52044034 0.105890691 0.149999976
v 1.52044022 0.00255738199 0.149999976
v 1.52044022 0.00255736709 -6.33299351E-08
v 1.52044034 0.105890721 -6.33299351E-08
v 1.81710708 0.252557516 -5.96046448E-08
v 1.52044034 0.105890721 -6.33299351E-08
v 1.52044022 0.00255736709 -6.33299351E-08
v 1.81710708 0.700271368 -6.33299351E-08
v -2.17199254 0.0999971107 0.416235149
v -2.24145818 0.100000143 0.302021801
v -2.18097711 0.100000143 0.302022308
v -2.23415852 0.0999990031 0.344851583
v -2.22050738 0.100004286 0.429447591
v -2.14125299 0.100000173 0.495069206
v -2.24552441 0.0985310227 0.332609981
v -2.18433166 0.099997893 0.52222234
v -2.09439921 0.100000173 0.545059502
v -2.2295022 0.0985337645 0.431897283
v -2.25545692 0.0942700878 0.323554516
v -2.12422085 0.100000165 0.586357355
v -2.19231892 0.0985302925 0.527256727
v -2.23761678 0.0942705721 0.434107304
v -2.26298404 0.0876332894 0.318570852
v -2.00658369 0.100000173 0.6407426
v -1.96024585 0.10000018 0.60708046
v -1.94985437 0.100000188 0.694165409
v -2.12975001 0.0985318571 0.594014287
v -2.26736856 0.0792702734 0.318147361
v -2.26003504 0.0722600222 0.302021652
v -2.27145815 0.0700001419 0.302021563
v -2.2440567 0.0876320302 0.435861111
v -2.1995244 0.0942697376 0.531798303
v -1.99948335 0.10000018 0.700249434
v -1.94296432 0.100000195 0.748659849
v -2.2681818 0.0699996799 0.32232523
v -2.27145815 -0.0699998662 0.302021563
v -2.01517534 0.098531872 0.646983922
v -2.24819136 0.0792679638 0.436987162
v -2.20524263 0.0876332819 0.535402536
v -2.13473797 0.0942706764 0.600921869
v -1.99243689 0.100000188 0.755980074
v -1.93457174 0.100000195 0.798133731
v -2.24961615 -0.0699968114 0.437375247
v -2.26997113 -0.0792703778 0.302021593
v -2.24961615 0.069997102 0.437375247
v -2.00868392 0.0985318646 0.701384425
v -2.20891404 0.0792705566 0.537716627
v -2.13869667 0.0876337215 0.606403589
v -2.02292585 0.0942706838 0.652614295
v -2.21017909 0.0700001568 0.538513958
v -2.24819136 -0.0792676732 0.436987162
v -2.2656548 -0.0876334235 0.302021623
v -2.14123821 0.0792706758 0.609923184
v -2.02907658 0.087633729 0.657082498
v -2.01698399 0.0942706764 0.702408373
v -2.21017909 -0.0699998513 0.538514018
v -2.2440567 -0.0876317471 0.43586114
v -2.25893188 -0.0942703784 0.302021682
v -2.20891404 -0.0792702511 0.537716627
v -2.14211392 -0.0699998438 0.611136079
v -2.14211392 0.0700001642 0.611136079
v -2.03302598 0.0792706832 0.659951389
v -2.23761678 -0.0942702889 0.434107304
v -2.25046086 -0.0985315666 0.302021742
v -2.20524263 -0.0876329765 0.535402536
v -2.14123821 -0.079270348 0.609923244
v -2.03438663 -0.0699998364 0.660939872
v -2.2295022 -0.0985334665 0.431897342
v -2.24107003 -0.0999998674 0.302021831
v -2.1995244 -0.0942694247 0.531798363
v -2.13869667 -0.0876333937 0.606403708
v -2.22050738 -0.100003995 0.429447651
v -2.1891005 -0.0999998674 0.302022278
v -2.17199254 -0.0999968201 0.416235149
v -2.14125299 -0.0999998599 0.495069206
v -2.19231892 -0.0985299796 0.527256787
v -2.18433166 -0.0999975875 0.5222224
v -2.09439921 -0.0999998599 0.545059562
v -2.13473797 -0.0942703485 0.600921869
v -2.03302598 -0.079270348 0.659951389
v -2.12975001 -0.0985315368 0.594014406
v -2.12422085 -0.0999998525 0.586357415
v -2.02907658 -0.0876333937 0.657082498
v -2.00658369 -0.0999998376 0.6407426
v -1.96024585 -0.0999998525 0.60708046
v -1.94985437 -0.099999845 0.694165409
v -2.01517534 -0.0985315293 0.646983922
v -2.02292585 -0.0942703485 0.652614295
v -1.99948335 -0.0999998376 0.700249434
v -1.94296432 -0.0999998376 0.748659849
v -2.00868392 -0.0985315144 0.701384425
v -2.01698399 -0.0942703038 0.702408373
v -2.02357101 -0.0876333117 0.703220963
v -2.02780032 -0.0792702138 0.703742683
v -1.99243689 -0.0999998301 0.755980074
v -1.93457174 -0.0999998376 0.798133731
v -2.0016098 -0.0985315293 0.757337391
v -2.00988436 -0.0942703411 0.75856185
v -2.01645136 -0.0876333863 0.759533525
v -1.98337007 -0.0999998301 0.8094275
v -1.92816162 -0.0999998376 0.8198663
v -1.99241781 -0.0985315293 0.811521351
v -2.00058007 -0.0942703411 0.813410282
v -2.02066779 -0.0792703405 0.760157466
v -2.00705767 -0.0876333863 0.814909339
v -2.01121616 -0.0792703405 0.815871775
v -1.97338521 -0.0999998301 0.843280494
v -1.98177004 -0.0985315293 0.847621799
v -1.98933434 -0.0942703411 0.851538062
v -1.99533725 -0.0876333863 0.854645967
v -1.95799303 -0.0999998301 0.862767279
v -1.91917229 -0.0999998376 0.831243992
v -1.96513951 -0.0985315293 0.868674338
v -1.97158659 -0.0942703411 0.874003232
v -1.91849601 -0.0999998301 0.90948087
v -1.8805337 -0.0999998301 0.87693882
v -1.84102893 -0.0999998301 0.9223966
v -1.92553449 -0.0985314995 0.915514708
v -1.87813962 -0.0999998227 0.955915332
v -1.83294272 -0.0999998301 0.932776332
v -1.97670293 -0.0876333863 0.878232241
v -1.93188381 -0.0942702144 0.920957923
v -1.88507056 -0.098531507 0.962074041
v -1.93692279 -0.0876331031 0.92527771
v -1.89132285 -0.0942703187 0.967629731
v -1.89628482 -0.0876333639 0.972038865
v -1.97998774 -0.0792703405 0.880947411
v -1.94015801 -0.0792698637 0.928051174
v -1.89947057 -0.0792703182 0.974869609
v -1.99919128 -0.0792703405 0.856641471
v -1.86670387 -0.098531507 0.98214972
v -1.8715018 -0.0942703187 0.989166379
v -1.87530947 -0.0876333639 0.994734824
v -1.87775421 -0.0792703182 0.99831003
v -1.86138535 -0.0999998227 0.974371731
v -1.98111963 -0.0699998215 0.881882966
v -2.00051928 -0.0699998215 0.857329011
v -1.94127274 -0.069999136 0.929006815
v -1.90056825 -0.069999814 0.975844979
v -1.87859654 -0.069999814 0.999541938
v -2.0126493 -0.0699998289 0.816203415
v -1.90056825 0.070000194 0.975844979
v -2.02212048 -0.0699998289 0.7603724
v -2.02925777 -0.0699996501 0.703922451
v -2.02212048 0.0700001791 0.7603724
v -2.0126493 0.0700001791 0.816203415
v -2.03438663 0.0700001717 0.660939872
v -2.02925777 0.0700001717 0.703922451
v -2.02780032 0.0792706758 0.703742683
v -2.02066779 0.0792706981 0.760157466
v -2.02357101 0.0876337215 0.703220963
v -2.01645136 0.0876337439 0.759533525
v -2.01121616 0.0792706981 0.815871775
v -2.00988436 0.0942706987 0.75856185
v -2.00705767 0.0876337439 0.814909339
v -2.0016098 0.0985318869 0.757337391
v -2.00058007 0.0942706987 0.813410282
v -1.98337007 0.100000188 0.8094275
v -1.92816162 0.100000195 0.8198663
v -1.99241781 0.0985318869 0.811521351
v -1.97338521 0.100000188 0.843280494
v -1.98177004 0.0985318869 0.847621799
v -1.95799303 0.100000188 0.862767279
v -1.91917229 0.100000195 0.831243992
v -1.98933434 0.0942706987 0.851538062
v -1.91849601 0.100000188 0.90948087
v -1.8805337 0.100000203 0.87693882
v -1.84102893 0.100000203 0.9223966
v -1.96513963 0.0985318869 0.868674397
v -1.99533725 0.0876337439 0.854645967
v -1.87813962 0.100000195 0.955915332
v -1.83294272 0.100000203 0.932776332
v -1.97158659 0.0942706987 0.874003232
v -1.92553449 0.0985318869 0.915514708
v -1.99919128 0.0792706981 0.856641471
v -1.97670293 0.0876337439 0.878232241
v -1.93188381 0.0942706987 0.920957923
v -1.88507056 0.0985318869 0.962074041
v -2.00051928 0.0700001866 0.857329011
v -1.97998774 0.0792706981 0.880947411
v -1.98111963 0.0700001866 0.881882966
v -1.93692279 0.0876337439 0.92527771
v -1.94127274 0.0700001866 0.929006815
v -1.94015801 0.0792706981 0.928051174
v -1.89132285 0.0942707062 0.967629731
v -1.89947057 0.0792707056 0.974869609
v -1.89628482 0.0876337513 0.972038865
v -1.86670387 0.0985318869 0.98214972
v -1.8715018 0.0942707062 0.989166379
v -1.87530947 0.0876337513 0.994734824
v -1.87775421 0.0792707056 0.99831003
v -1.86138535 0.100000195 0.974371731
v -1.85508931 0.100000195 0.977665544
v -1.85922849 0.0985318869 0.986055255
v -1.86296248 0.0942707062 0.993623734
v -1.84796286 0.100000195 0.980120003
v -1.83067155 0.100000195 0.987170756
v -1.80509949 0.10000021 0.94354856
v -1.85077047 0.0985318869 0.988969684
v -1.86592579 0.0876337513 0.999630153
v -1.81171834 0.100000195 1.00249231
v -1.7679882 0.10000021 0.973549724
v -1.7576493 0.10000021 1.00972617
v -1.85330331 0.0942707062 0.99695313
v -1.83547854 0.0985318869 0.995205641
v -1.86782837 0.0792707056 1.00348651
v -1.8553133 0.0876337513 1.00328875
v -1.83981502 0.0942707062 1.00245404
v -1.81982636 0.0985318869 1.00785863
v -1.8057245 0.100000203 1.02346551
v -1.80233765 0.100000203 1.03531647
v -1.75426233 0.10000021 1.02157736
v -1.75087547 0.10000021 1.03342879
v -1.81463802 0.0985319018 1.0260129
v -1.82714081 0.0942707062 1.0126996
v -1.84325647 0.0876337513 1.00820637
v -1.79895079 0.100000203 1.04716778
v -1.74882317 0.10000021 1.04061007
v -1.8112514 0.0985319018 1.03786385
v -1.82267916 0.0942707136 1.02831089
v -1.85660386 0.0792707056 1.00735664
v -1.83294535 0.0876337513 1.01654148
v -1.8454659 0.0792707056 1.01189959
v -1.79606438 0.100000203 1.0572679
v -1.80786431 0.0985319018 1.04971516
v -1.81929255 0.0942707136 1.04016197
v -1.82906067 0.0876337588 1.03013468
v -1.76493454 0.100000218 1.13097167
v -1.71816218 0.100000218 1.11320364
v -1.68943274 0.100000225 1.19806647
v -1.80482328 0.0985319018 1.06035638
v -1.81590545 0.0942707136 1.05201316
v -1.736902 0.100000195 1.21377587
v -1.66287947 0.0999971777 1.28019857
v -1.77360678 0.0985319167 1.13426578
v -1.83667231 0.0792707056 1.01900816
v -1.82567406 0.0876337588 1.04198563
v -1.81272483 0.0942707136 1.06314254
v -1.83315778 0.079270713 1.03130555
v -1.82228696 0.0876337588 1.05383682
v -1.82977116 0.079270713 1.04315662
v -1.74570346 0.0985318571 1.2166878
v -1.78143001 0.0942707285 1.13723743
v -1.81899559 0.0876337588 1.06535363
v -1.82638407 0.079270713 1.0550077
v -1.71013939 0.0999971703 1.29655552
v -1.68019438 0.100006379 1.37765551
v -1.63175201 0.10000024 1.36450052
v -1.71890187 0.0985288695 1.2995882
v -1.75364351 0.0942705721 1.21931458
v -1.78763866 0.0876337737 1.13959575
v -1.66189504 0.100004435 1.48018551
v -1.61178279 0.100000247 1.47638714
v -1.61467385 0.0999972001 1.59049308
v -1.68917608 0.098536171 1.38009453
v -1.72680664 0.0942676738 1.30232406
v -1.66469491 0.0999971926 1.5906955
v -1.61170304 0.0999972075 1.6794771
v -1.67118645 0.0985348374 1.48088956
v -1.66137743 0.0999999642 1.69006646
v -1.59018469 0.100000262 1.7323221
v -1.7599448 0.0876334608 1.22139931
v -1.69727862 0.0942732692 1.38229477
v -1.67396951 0.0985288918 1.59073246
v -1.73307979 0.0876307264 1.30449533
v -1.67956829 0.0942724794 1.48152471
v -1.70370877 0.0876349509 1.38404095
v -1.63073945 0.100000255 1.76530731
v -1.67058766 0.0985307992 1.69202995
v -1.68233609 0.0942677036 1.59076571
v -1.50854015 0.100000255 1.8474524
v -1.48718059 0.10000027 1.80156362
v -1.63825881 0.0985319465 1.7714231
v -1.35656714 0.100003406 1.89106083
v -1.33808792 0.100000277 1.84434557
v -1.68622017 0.0876345932 1.48202872
v -1.67889631 0.0942688435 1.69380116
v -1.51250041 0.0985319614 1.85596061
v -1.21100354 0.0999954268 1.96572411
v -1.172598 0.0999972224 1.92922974
v -1.68897581 0.0876307487 1.59079218
v -1.64504206 0.0942707658 1.77694035
v -1.35999346 0.0985341296 1.89972234
v -1.12543428 0.100000851 2.15584683
v -1.06680906 0.1000003 2.16427755
v -1.11319458 0.100000285 2.21840048
v -1.68549001 0.0876312703 1.69520688
v -1.51607299 0.0942707732 1.8636359
v -1.21812427 0.0985276848 1.97249055
v -1.6504252 0.0876338109 1.78131866
v -1.36308444 0.0942720622 1.90753591
v -1.51890826 0.0876338258 1.86972713
v -1.15626168 0.100000285 2.19181657
v -1.13630402 0.0985323712 2.15428376
v -1.2245481 0.0942670032 1.97859466
v -1.1653837 0.100000285 2.21354485
v -1.11844707 0.100000292 2.23091149
v -1.16424692 0.0985319763 2.1868875
v -1.17442524 0.100000329 2.24164367
v -1.12835455 0.100000292 2.26170111
v -1.36553741 0.0876344144 1.91373682
v -1.1461097 0.0942710266 2.15287352
v -1.17408597 0.0985319763 2.21032453
v -1.19183445 0.100000292 2.27277303
v -1.15356386 0.100000292 2.30677772
v -1.18463945 0.100000285 2.32933187
v -1.22964597 0.0876304507 1.98343885
v -1.17145038 0.0942707956 2.182441
v -1.18296742 0.0985320061 2.23792458
v -1.20884895 0.100000292 2.28512144
v -1.20617712 0.1000003 2.33710408
v -1.15389156 0.0876339525 2.15175462
v -1.1819365 0.0942707956 2.20741963
v -1.19893026 0.0985319912 2.26646805
v -1.17716694 0.0876338407 2.1789124
v -1.19067311 0.0942708105 2.23456979
v -1.18816686 0.0876338407 2.20511413
v -1.2329191 0.0792676508 1.98654914
v -1.15888762 0.0792708248 2.15103602
v -1.18083739 0.079270795 2.17664671
v -1.36711228 0.0792709291 1.91771805
v -1.52072859 0.0792707801 1.87363791
v -1.65388155 0.0792707652 1.78412986
v -1.68972337 0.0792678371 1.69610929
v -1.69323885 0.079267703 1.59080911
v -1.69049096 0.079270944 1.48235238
v -1.7078371 0.0792710334 1.38516212
v -1.7371074 0.0792676806 1.30588925
v -1.7639904 0.0792702213 1.22273755
v -1.79162478 0.0792707279 1.14110982
v -1.82302165 0.079270713 1.0667733
v -1.69196248 0.0700002313 1.48246384
v -1.70925975 0.0700002238 1.38554835
v -1.73849535 0.0699971691 1.30636966
v -1.76538444 0.0699995011 1.22319865
v -1.79299831 0.0700002089 1.1416316
v -1.82440913 0.0700002015 1.06726253
v -1.82779598 0.0700002015 1.05541122
v -1.69470763 0.0699971914 1.59081495
v -1.69118202 0.0699971989 1.69642031
v -1.69470763 -0.069996722 1.59081495
v -1.83118284 0.0700002015 1.04356003
v -1.65507233 0.0700002536 1.78509843
v -1.52135587 0.0700002611 1.87498558
v -1.65507233 -0.0699997544 1.78509843
v -1.69196248 -0.0699997768 1.48246384
v -1.83456969 0.070000194 1.03170907
v -1.36765492 0.0700002611 1.91908979
v -1.69118202 -0.0699967146 1.69642031
v -1.70925975 -0.0699997842 1.38554835
v -1.83795655 0.070000194 1.01985812
v -1.23404694 0.0699972212 1.98762083
v -1.16060936 0.0700002834 2.15078855
v -1.16060936 -0.0699997246 2.15078855
v -1.23404694 -0.0699966922 1.98762083
v -1.73849535 -0.0699967444 1.30636966
v -1.84622729 0.070000194 1.01317215
v -1.36765492 -0.069999747 1.91908979
v -1.2329191 -0.079267107 1.98654914
v -1.15888762 -0.0792702734 2.15103602
v -1.76538444 -0.0699990913 1.22319865
v -1.85704863 0.070000194 1.00875831
v -1.52135587 -0.069999747 1.87498558
v -1.36711228 -0.079270415 1.91771805
v -1.52072859 -0.079270266 1.87363791
v -1.65388155 -0.0792702585 1.78412986
v -1.79299831 -0.0699997991 1.1416316
v -1.86848402 0.070000194 1.00481534
v -1.68972337 -0.0792673603 1.69610929
v -1.82440913 -0.0699998066 1.06726253
v -1.87859654 0.070000194 0.999541938
v -1.86848402 -0.069999814 1.00481534
v -1.85704863 -0.069999814 1.00875831
v -1.86782837 -0.0792703182 1.00348651
v -1.84622729 -0.069999814 1.01317215
v -1.86592579 -0.0876333639 0.999630153
v -1.85660386 -0.0792703182 1.00735664
v -1.83795655 -0.069999814 1.01985812
v -1.86296248 -0.0942703187 0.993623734
v -1.8553133 -0.0876333639 1.00328875
v -1.8454659 -0.0792703256 1.01189959
v -1.83456969 -0.069999814 1.03170907
v -1.85922849 -0.098531507 0.986055255
v -1.85330331 -0.0942703187 0.99695313
v -1.84325647 -0.0876333714 1.00820637
v -1.83667231 -0.0792703256 1.01900816
v -1.83118284 -0.0699998066 1.04356003
v -1.85508931 -0.0999998227 0.977665544
v -1.85077047 -0.098531507 0.988969684
v -1.83981502 -0.0942703262 1.00245404
v -1.83294535 -0.0876333714 1.01654148
v -1.83315778 -0.0792703256 1.03130555
v -1.82779598 -0.0699998066 1.05541122
v -1.84796286 -0.0999998227 0.980120003
v -1.83547854 -0.0985315144 0.995205641
v -1.83067155 -0.0999998152 0.987170756
v -1.80509949 -0.0999998227 0.94354856
v -1.82714081 -0.0942703262 1.0126996
v -1.82906067 -0.0876333714 1.03013468
v -1.81171834 -0.0999998152 1.00249231
v -1.7679882 -0.0999998227 0.973549724
v -1.7576493 -0.0999998227 1.00972617
v -1.81982636 -0.0985315144 1.00785863
v -1.82267916 -0.0942703262 1.02831089
v -1.82977116 -0.0792703182 1.04315662
v -1.81463802 -0.0985315144 1.0260129
v -1.8057245 -0.0999998152 1.02346551
v -1.82567406 -0.0876333639 1.04198563
v -1.82638407 -0.0792703256 1.0550077
v -1.80233765 -0.0999998078 1.03531647
v -1.75426233 -0.0999998227 1.02157736
v -1.75087547 -0.0999998227 1.03342879
v -1.8112514 -0.0985314995 1.03786385
v -1.81929255 -0.0942703187 1.04016197
v -1.82228696 -0.0876333714 1.05383682
v -1.82302165 -0.0792703256 1.0667733
v -1.79895079 -0.0999998152 1.04716778
v -1.74882317 -0.0999998227 1.04061007
v -1.80786431 -0.0985315144 1.04971516
v -1.81590545 -0.0942703262 1.05201316
v -1.81899559 -0.0876333714 1.06535363
v -1.79162478 -0.0792703032 1.14110982
v -1.81272483 -0.0942703262 1.06314254
v -1.80482328 -0.0985315144 1.06035638
v -1.79606438 -0.0999998152 1.0572679
v -1.78763866 -0.087633349 1.13959575
v -1.7639904 -0.0792698115 1.22273755
v -1.76493454 -0.0999998078 1.13097167
v -1.71816218 -0.0999998152 1.11320364
v -1.68943274 -0.0999998078 1.19806647
v -1.77360678 -0.0985314921 1.13426578
v -1.78143001 -0.0942703038 1.13723743
v -1.7599448 -0.0876330584 1.22139931
v -1.7371074 -0.079267256 1.30588925
v -1.736902 -0.0999998003 1.21377587
v -1.66287947 -0.099996753 1.28019857
v -1.74570346 -0.0985314548 1.2166878
v -1.75364351 -0.0942701697 1.21931458
v -1.73307979 -0.0876302943 1.30449533
v -1.7078371 -0.0792705864 1.38516212
v -1.72680664 -0.0942672491 1.30232406
v -1.71890187 -0.0985284448 1.2995882
v -1.71013939 -0.0999967456 1.29655552
v -1.70370877 -0.0876345038 1.38404095
v -1.69049096 -0.079270497 1.48235238
v -1.68019438 -0.100005932 1.37765551
v -1.63175201 -0.0999997929 1.36450052
v -1.68917608 -0.0985357165 1.38009453
v -1.69727862 -0.0942728221 1.38229477
v -1.68622017 -0.0876341388 1.48202872
v -1.69323885 -0.0792672336 1.59080911
v -1.66189504 -0.10000398 1.48018551
v -1.61178279 -0.0999997854 1.47638714
v -1.61467385 -0.0999967307 1.59049308
v -1.67118645 -0.0985343754 1.48088956
v -1.67956829 -0.0942720175 1.48152471
v -1.68897581 -0.0876302794 1.59079218
v -1.66469491 -0.0999967232 1.5906955
v -1.61170304 -0.0999967232 1.6794771
v -1.67396951 -0.098528415 1.59073246
v -1.68233609 -0.0942672342 1.59076571
v -1.68549001 -0.0876307935 1.69520688
v -1.66137743 -0.0999994725 1.69006646
v -1.59018469 -0.0999997705 1.7323221
v -1.67058766 -0.0985303149 1.69202995
v -1.67889631 -0.0942683592 1.69380116
v -1.6504252 -0.0876333043 1.78131866
v -1.64504206 -0.0942702591 1.77694035
v -1.51890826 -0.0876333117 1.86972713
v -1.63825881 -0.0985314474 1.7714231
v -1.63073945 -0.0999997631 1.76530731
v -1.51607299 -0.0942702666 1.8636359
v -1.36553741 -0.0876339078 1.91373682
v -1.50854015 -0.0999997556 1.8474524
v -1.48718059 -0.0999997631 1.80156362
v -1.51250041 -0.0985314548 1.85596061
v -1.36308444 -0.0942715555 1.90753591
v -1.22964597 -0.0876298994 1.98343885
v -1.35656714 -0.100002907 1.89106083
v -1.33808792 -0.0999997556 1.84434557
v -1.35999346 -0.0985336304 1.89972234
v -1.2245481 -0.0942664593 1.97859466
v -1.21100354 -0.0999948978 1.96572411
v -1.172598 -0.0999967083 1.92922974
v -1.21812427 -0.0985271484 1.97249055
v -1.15389156 -0.0876333937 2.15175462
v -1.12543428 -0.100000285 2.15584683
v -1.06680906 -0.0999997333 2.16427755
v -1.11319458 -0.0999997258 2.21840048
v -1.13630402 -0.0985318124 2.15428376
v -1.1461097 -0.0942704752 2.15287352
v -1.18083739 -0.0792702362 2.17664671
v -1.17716694 -0.0876332819 2.1789124
v -1.17145038 -0.0942702368 2.182441
v -1.16424692 -0.098531425 2.1868875
v -1.15626168 -0.0999997258 2.19181657
v -1.1653837 -0.0999997258 2.21354485
v -1.11844707 -0.0999997184 2.23091149
v -1.17408597 -0.098531425 2.21032453
v -1.1819365 -0.0942702368 2.20741963
v -1.18816686 -0.0876332819 2.20511413
v -1.17442524 -0.0999996811 2.24164367
v -1.12835455 -0.0999997184 2.26170111
v -1.18296742 -0.0985313803 2.23792458
v -1.19067311 -0.094270207 2.23456979
v -1.19183445 -0.0999997184 2.27277303
v -1.15356386 -0.0999997184 2.30677772
v -1.18463945 -0.0999997109 2.32933187
v -1.19893026 -0.0985314101 2.26646805
v -1.20884895 -0.0999997184 2.28512144
v -1.20617712 -0.099999696 2.33710408
v -1.19678855 -0.0876332596 2.23190737
v -1.20533133 -0.0942702293 2.26078033
v -1.21334958 -0.0985314101 2.27693295
v -1.21041131 -0.0876332745 2.25626659
v -1.21740949 -0.0942702293 2.26954603
v -1.22063136 -0.0876332745 2.2636838
v -1.20071483 -0.0792702213 2.23019791
v -1.21367288 -0.0792702287 2.25336838
v -1.22270012 -0.0792702287 2.25992012
v -1.19216681 -0.0792702362 2.20363379
v -1.22706461 -0.0985314026 2.28233719
v -1.23004413 -0.0942702144 2.27452469
v -1.23240876 -0.087633267 2.26832461
v -1.23392689 -0.0792702213 2.26434398
v -1.2237618 -0.0999997109 2.29099703
v -1.20206761 -0.0699997172 2.22960901
v -1.19354522 -0.0699997246 2.20312381
v -1.21479666 -0.0699997172 2.25236988
v -1.22341287 -0.0699997172 2.25862312
v -1.2344501 -0.0699997172 2.26297212
v -1.18210185 -0.0699997246 2.17586613
v -1.16060936 -0.0699997246 2.15078855
v -1.16060936 0.0700002834 2.15078855
v -1.18210185 0.0700002834 2.17586613
v -1.19354522 0.0700002834 2.20312381
v -1.20206761 0.0700002909 2.22960901
v -1.21479666 0.0700002909 2.25236988
v -1.19216681 0.079270795 2.20363379
v -1.20071483 0.079270795 2.23019791
v -1.19678855 0.0876338482 2.23190737
v -1.21367288 0.0792708024 2.25336838
v -1.22341287 0.0700002909 2.25862312
v -1.20533133 0.094270803 2.26078033
v -1.21041131 0.0876338482 2.25626659
v -1.22270012 0.0792708024 2.25992012
v -1.21334958 0.0985319912 2.27693295
v -1.22063136 0.0876338482 2.2636838
v -1.21740949 0.094270803 2.26954603
v -1.2237618 0.100000292 2.29099703
v -1.22706461 0.0985319912 2.28233719
v -1.23004413 0.094270803 2.27452469
v -1.23240876 0.0876338482 2.26832461
v -1.23392689 0.0792708024 2.26434398
v -1.23083436 0.100000292 2.29356289
v -1.23546541 0.0985319912 2.28538513
v -1.2396431 0.094270803 2.27800798
v -1.23680639 0.100000292 2.29705
v -1.24256372 0.0985319912 2.28952098
v -1.24295866 0.0876338482 2.27215314
v -1.2344501 0.0700002909 2.26297212
v -1.24670637 0.100000292 2.30917645
v -1.24775743 0.094270803 2.28272915
v -1.24508727 0.0792708024 2.26839399
v -1.24582076 -0.0699997172 2.2670989
v -1.25644588 0.100000292 2.32833338
v -1.21131432 0.1000003 2.35048556
v -1.25433552 0.0985319912 2.30391932
v -1.25187922 0.0876338482 2.27733898
v -1.24582076 0.0700002909 2.2670989
v -1.24508727 -0.0792702213 2.26839399
v -1.26675951 0.100000307 2.3564465
v -1.21912563 0.1000003 2.37177801
v -1.22235405 0.100000314 2.38339067
v -1.26121783 0.094270803 2.29917693
v -1.2651999 0.0985319912 2.325279
v -1.25543737 -0.0699997172 2.272686
v -1.24295866 -0.087633267 2.27215314
v -1.25452554 -0.0792702213 2.27387834
v -1.2396431 -0.0942702144 2.27800798
v -1.25187922 -0.087633267 2.27733898
v -1.23546541 -0.0985314026 2.28538513
v -1.24775743 -0.0942702144 2.28272915
v -1.23083436 -0.0999997109 2.29356289
v -1.24256372 -0.0985314026 2.28952098
v -1.23680639 -0.0999997109 2.29705
v -1.27139485 -0.0699997172 2.29216433
v -1.27018642 -0.0792702213 2.29299688
v -1.26667976 -0.087633267 2.29541326
v -1.26121783 -0.0942702144 2.29917693
v -1.25433552 -0.0985314026 2.30391932
v -1.24670637 -0.0999997109 2.30917645
v -1.25644588 -0.0999997109 2.32833338
v -1.21131432 -0.0999997109 2.35048556
v -1.2651999 -0.0985314026 2.325279
v -1.27309728 -0.0942702144 2.32252359
v -1.27936459 -0.087633267 2.32033706
v -1.28338838 -0.0792702213 2.31893301
v -1.26675951 -0.0999997109 2.35644674
v -1.21912563 -0.0999997109 2.37177801
v -1.22235405 -0.0999997184 2.38339067
v -1.27559137 -0.0985314101 2.35360408
v -1.28355885 -0.0942702219 2.35103965
v -1.28988171 -0.087633267 2.34900475
v -1.28477502 -0.0699997172 2.31844926
v -1.29394114 -0.0792702213 2.34769797
v -1.29533994 -0.0699997097 2.34724784
v -1.2726649 -0.0999997109 2.37768793
v -1.28199291 -0.0985314101 2.37663054
v -1.29040813 -0.0942702219 2.37567687
v -1.29708624 -0.087633267 2.37491989
v -1.30137396 -0.0792702213 2.37443376
v -1.27118909 -0.0999997109 2.41014981
v -1.22124076 -0.0999997184 2.40787911
v -1.28044999 -0.0985314101 2.41057086
v -1.28880441 -0.0942702219 2.41095066
v -1.29543447 -0.087633267 2.41125226
v -1.26949561 -0.0999997035 2.44739604
v -1.21954727 -0.0999997109 2.4451251
v -1.2178539 -0.0999997109 2.48237181
v -1.2787565 -0.0985313952 2.44781709
v -1.28711092 -0.0942702144 2.44819689
v -1.29969132 -0.0792702213 2.41144562
v -1.29374099 -0.0876332596 2.44849849
v -1.29799783 -0.0792702138 2.44869184
v -1.26780224 -0.0999997035 2.48464251
v -1.27706337 -0.0985313952 2.48506355
v -1.2854178 -0.0942702144 2.48544335
v -1.29204786 -0.0876332596 2.48574495
v -1.26587641 -0.0999996811 2.52700448
v -1.21554041 -0.0999997035 2.53325963
v -1.23709071 -0.099999696 2.60477042
v -1.27520931 -0.0985313803 2.52584457
v -1.28362846 -0.0942701995 2.52479839
v -1.28412271 -0.099999696 2.58755159
v -1.26125491 -0.0999996886 2.66049242
v -1.2928431 -0.0985313952 2.58435941
v -1.30667353 -0.0999996886 2.63955307
v -1.2844466 -0.0999996886 2.70792294
v -1.29031014 -0.0876332521 2.52396798
v -1.30070984 -0.094270207 2.58147955
v -1.31509447 -0.0985313803 2.6356709
v -1.32973766 -0.0999996886 2.68672299
v -1.3006779 -0.0999996811 2.74414825
v -1.30695295 -0.0876332521 2.57919407
v -1.32269132 -0.0942701995 2.63216877
v -1.3381325 -0.0985313803 2.68278742
v -1.32872009 -0.0876332447 2.62938952
v -1.34570575 -0.0942701995 2.67923689
v -1.35171604 -0.0876332447 2.67641926
v -1.3486042 -0.0999996811 2.72883081
v -1.3574903 -0.0985313803 2.72599077
v -1.36550641 -0.0942701921 2.72342873
v -1.3513298 -0.0999996811 2.74245524
v -1.30230129 -0.0999996811 2.75226331
v -1.3056879 -0.0999996811 2.7691927
v -1.36041999 -0.0985313803 2.74063683
v -1.35471666 -0.0999996811 2.75938487
v -1.30907452 -0.0999996811 2.78612185
v -1.37186813 -0.0876332372 2.72139549
v -1.36862063 -0.0942701921 2.73899627
v -1.3638072 -0.0985313803 2.75756645
v -1.37512863 -0.0876332372 2.73769426
v -1.37200773 -0.0942701921 2.75592589
v -1.37851572 -0.0876332372 2.75462413
v -1.35810316 -0.0999996811 2.77631474
v -1.36719358 -0.0985313803 2.77449632
v -1.37539423 -0.0942701921 2.772856
v -1.3632617 -0.0999996811 2.80210423
v -1.31718659 -0.0999996737 2.8266778
v -1.34803975 -0.0999996737 2.85771012
v -1.37180459 -0.0985313803 2.79754806
v -1.38185871 -0.0999996811 2.8208096
v -1.3629477 -0.0999996737 2.87014961
v -1.3819021 -0.0876332372 2.77155423
v -1.37951112 -0.0942701921 2.79343796
v -1.38812888 -0.0985313803 2.81396747
v -1.39498818 -0.0999996811 2.8317647
v -1.36835694 -0.0999966264 2.87537766
v -1.38562727 -0.0876332372 2.79017591
v -1.39378524 -0.0942701921 2.80779505
v -1.40134072 -0.0985313803 2.82499146
v -1.39827418 -0.0876332372 2.80289674
v -1.40707135 -0.0942701921 2.81888127
v -1.41161942 -0.0876332372 2.81403208
v -1.38955379 -0.0792701915 2.78808165
v -1.40115631 -0.0792701915 2.79975176
v -1.41453922 -0.0792701915 2.81091881
v -1.38608062 -0.0792701915 2.77071834
v -1.38269413 -0.0792701915 2.75378823
v -1.37930703 -0.0792701915 2.73685837
v -1.37595272 -0.0792701915 2.72009015
v -1.35557485 -0.0792701989 2.67461038
v -1.33259094 -0.0792701989 2.62760496
v -1.31096125 -0.0792702064 2.57772684
v -1.29460001 -0.0792702064 2.52343488
v -1.2963047 -0.0792702138 2.48593831
v -1.38074696 -0.0699996799 2.73657036
v -1.37736011 -0.0699996799 2.71964025
v -1.35690463 -0.0699996874 2.67398691
v -1.33392489 -0.0699996874 2.62699008
v -1.31234229 -0.0699996948 2.57722116
v -1.29607809 -0.0699996948 2.5232513
v -1.29777133 -0.0699997023 2.48600507
v -1.38413382 -0.0699996799 2.75350022
v -1.2994647 -0.0699997023 2.4487586
v -1.38752043 -0.0699996799 2.77043033
v -1.30115819 -0.0699997097 2.41151237
v -1.39090681 -0.0699996799 2.78736019
v -1.30285144 -0.0699997097 2.37426639
v -1.40214932 -0.0699996799 2.79866815
v -1.41554546 -0.0699996799 2.80984592
v -1.30115819 0.0700002983 2.41151237
v -1.30285144 0.0700002983 2.37426639
v -1.29533994 0.0700002983 2.34724784
v -1.2994647 0.0700003058 2.4487586
v -1.28477502 0.0700002909 2.31844926
v -1.29777133 0.0700003058 2.48600507
v -1.27139485 0.0700002909 2.29216433
v -1.29607809 0.0700003132 2.5232513
v -1.25543737 0.0700002909 2.272686
v -1.25452554 0.0792708024 2.27387834
v -1.27018642 0.0792708024 2.29299688
v -1.26667976 0.0876338482 2.29541326
v -1.28338838 0.0792708024 2.31893301
v -1.27309728 0.094270803 2.32252359
v -1.27936459 0.0876338482 2.32033706
v -1.29394102 0.0792708173 2.34769797
v -1.27559137 0.0985320061 2.35360408
v -1.28988159 0.0876338631 2.34900451
v -1.28355861 0.0942708179 2.35103965
v -1.30137396 0.0792708173 2.37443376
v -1.2726649 0.100000307 2.37768793
v -1.28199291 0.0985320061 2.37663054
v -1.27118909 0.100000307 2.41014981
v -1.22124076 0.100000314 2.40787911
v -1.29708624 0.0876338631 2.37491989
v -1.29040813 0.0942708179 2.37567687
v -1.29969132 0.0792708173 2.41144562
v -1.26949561 0.100000314 2.44739604
v -1.21954727 0.100000322 2.4451251
v -1.2178539 0.100000322 2.48237181
v -1.28044999 0.0985320061 2.41057086
v -1.29543447 0.0876338631 2.41125226
v -1.28880441 0.0942708179 2.41095066
v -1.29799783 0.0792708099 2.44869184
v -1.2787565 0.0985319987 2.44781709
v -1.26780224 0.100000314 2.48464251
v -1.29374099 0.0876338556 2.44849849
v -1.28711092 0.0942708105 2.44819689
v -1.2963047 0.0792708099 2.48593831
v -1.26587641 0.100000329 2.52700448
v -1.21554041 0.100000329 2.53325963
v -1.23709071 0.100000314 2.60477042
v -1.27706337 0.0985319987 2.48506355
v -1.29204786 0.0876338556 2.48574495
v -1.2854178 0.0942708105 2.48544335
v -1.29460001 0.0792708248 2.52343488
v -1.28412271 0.100000314 2.58755159
v -1.26125491 0.100000322 2.66049242
v -1.27520931 0.098532021 2.52584457
v -1.29031014 0.087633878 2.52396798
v -1.28362846 0.0942708254 2.52479839
v -1.30667353 0.100000322 2.63955307
v -1.2844466 0.100000322 2.70792294
v -1.2928431 0.0985320061 2.58435941
v -1.30070984 0.0942708254 2.58147955
v -1.30695295 0.0876338705 2.57919407
v -1.32973766 0.100000322 2.68672299
v -1.3006779 0.100000329 2.74414825
v -1.31509447 0.098532021 2.6356709
v -1.32269132 0.0942708328 2.63216877
v -1.31096125 0.0792708248 2.57772684
v -1.3381325 0.098532021 2.68278742
v -1.3486042 0.100000329 2.72883081
v -1.32872009 0.087633878 2.62938952
v -1.31234229 0.0700003132 2.57722116
v -1.3513298 0.100000337 2.74245524
v -1.30230129 0.100000344 2.75226331
v -1.3056879 0.100000344 2.7691927
v -1.34570575 0.0942708328 2.67923689
v -1.3574903 0.098532021 2.72599077
v -1.33259094 0.0792708322 2.62760496
v -1.33392489 0.0700003207 2.62699008
v -1.35471666 0.100000337 2.75938487
v -1.30907452 0.100000344 2.78612185
v -1.35171604 0.087633878 2.67641926
v -1.36550641 0.0942708403 2.72342873
v -1.36041999 0.0985320359 2.74063683
v -1.35690463 0.0700003207 2.67398691
v -1.35557485 0.0792708322 2.67461038
v -1.37186813 0.0876338854 2.72139549
v -1.36862063 0.0942708477 2.73899627
v -1.3638072 0.0985320359 2.75756645
v -1.37736011 0.0700003281 2.71964025
v -1.37595272 0.0792708397 2.72009015
v -1.37512863 0.0876338929 2.73769426
v -1.38074696 0.0700003281 2.73657036
v -1.37930703 0.0792708471 2.73685837
v -1.37200773 0.0942708477 2.75592589
v -1.35810316 0.100000337 2.77631474
v -1.38413382 0.0700003281 2.75350022
v -1.38269413 0.0792708471 2.75378823
v -1.37851572 0.0876338929 2.75462413
v -1.36719358 0.0985320359 2.77449632
v -1.3632617 0.100000329 2.80210423
v -1.31718659 0.100000337 2.8266778
v -1.34803975 0.100000337 2.85771012
v -1.38752043 0.0700003281 2.77043033
v -1.37539423 0.0942708477 2.772856
v -1.38608062 0.0792708471 2.77071834
v -1.3819021 0.0876338929 2.77155423
v -1.38185871 0.100000329 2.8208096
v -1.3629477 0.100000337 2.87014961
v -1.37180459 0.098532021 2.79754806
v -1.39090681 0.0700003281 2.78736019
v -1.37951112 0.0942708403 2.79343796
v -1.38955379 0.0792708397 2.78808165
v -1.38562727 0.0876338854 2.79017591
v -1.39498818 0.100001007 2.8317647
v -1.36835694 0.100000337 2.87537766
v -1.38812888 0.098532021 2.81396747
v -1.40214932 0.0700003281 2.79866815
v -1.39378524 0.0942708403 2.80779505
v -1.40115631 0.0792708397 2.79975176
v -1.39827418 0.0876338854 2.80289674
v -1.40134072 0.098532483 2.82499146
v -1.40707135 0.0942711085 2.81888127
v -1.41161942 0.0876340121 2.81403208
v -1.41453922 0.0792708695 2.81091881
v -1.41554546 0.0700003281 2.80984592
v -1.40595591 0.0999984294 2.84176445
v -1.41291487 0.0985297784 2.83554316
v -1.41919267 0.0942682773 2.82993102
v -1.4241749 0.0876310766 2.82547688
v -1.41210687 0.0999984294 2.84998155
v -1.42020798 0.0985297784 2.84527922
v -1.41657615 0.100000337 2.86197639
v -1.42751575 0.0942682773 2.84103703
v -1.42737365 0.0792678595 2.82261729
v -1.42115653 0.100000337 2.88204789
v -1.37256026 0.100000337 2.89397597
v -1.42550778 0.0985320359 2.85949397
v -1.43331528 0.0876310766 2.83767056
v -1.42782617 0.100000337 2.90523314
v -1.38163376 0.100000344 2.92551875
v -1.43356526 0.0942708403 2.85725474
v -1.43008769 0.0985320359 2.87956095
v -1.44263864 0.100000307 2.92953038
v -1.40467775 0.100000344 2.96331763
v -1.43959916 0.100000344 2.99062681
v -1.43639076 0.0985320359 2.90147209
v -1.43814468 0.0942708477 2.87731767
v -1.43995965 0.0876338929 2.85547757
v -1.46680665 0.100000396 2.94843006
v -1.46895909 0.100000329 3.00597644
v -1.44967687 0.0985320136 2.9232657
v -1.44411707 0.0942708477 2.8980794
v -1.49126935 0.100000344 2.96121955
v -1.48925555 0.100000337 3.01561141
v -1.47185135 0.0985320657 2.94060659
v -1.51277316 0.0999999791 2.97142768
v -1.50265467 0.0999973044 3.02355337
v -1.43703878 0.0792678595 2.83550906
v -1.44453859 0.0876338929 2.87553716
v -1.45602608 0.0942708328 2.91761446
v -1.49540687 0.0985320359 2.95292163
v -1.42847586 0.0699972883 2.82163191
v -1.44406509 0.0792708471 2.8543365
v -1.4502486 0.0876338929 2.89538693
v -1.47640228 0.0942708701 2.93354869
v -1.42847586 -0.0699966252 2.82163191
v -1.43832159 0.0699972883 2.83476448
v -1.4486438 0.0792708471 2.87439418
v -1.46106505 0.0876338854 2.91312933
v -1.42737365 -0.0792671368 2.82261729
v -1.43832159 -0.0699966252 2.83476448
v -1.44547975 0.0700003356 2.85394335
v -1.45418525 0.0792708471 2.89365816
v -1.4241749 -0.0876301825 2.82547688
v -1.44547975 -0.0699996725 2.85394335
v -1.43703878 -0.0792671368 2.83550906
v -1.45005822 0.0700003356 2.87400031
v -1.41919267 -0.0942671373 2.82993102
v -1.43331528 -0.0876301825 2.83767056
v -1.45005822 -0.0699996725 2.87400031
v -1.44406509 -0.0792701244 2.8543365
v -1.41291487 -0.0985283256 2.83554316
v -1.42751575 -0.0942671373 2.84103703
v -1.43995965 -0.0876329988 2.85547757
v -1.4486438 -0.079270117 2.87439418
v -1.45554173 -0.0699996725 2.89306259
v -1.40595591 -0.0999966264 2.84176445
v -1.42020798 -0.0985283256 2.84527922
v -1.43356526 -0.0942697078 2.85725474
v -1.44453859 -0.0876330063 2.87553716
v -1.41210687 -0.0999966264 2.84998155
v -1.42550778 -0.0985305756 2.85949397
v -1.41657615 -0.0999985337 2.86197639
v -1.43814468 -0.0942697078 2.87731767
v -1.45418525 -0.079270184 2.89365816
v -1.42115653 -0.0999985337 2.88204789
v -1.37256026 -0.0999996737 2.89397597
v -1.43008769 -0.0985305756 2.87956095
v -1.4502486 -0.0876332298 2.89538693
v -1.42782617 -0.0999996737 2.90523314
v -1.38163376 -0.0999996662 2.92551875
v -1.43639076 -0.0985313654 2.90147209
v -1.44411707 -0.0942701846 2.8980794
v -1.44263864 -0.0999997035 2.92953038
v -1.40467775 -0.0999996662 2.96331763
v -1.43959916 -0.0999996662 2.99062681
v -1.44967687 -0.0985313877 2.9232657
v -1.45602608 -0.0942701995 2.91761446
v -1.46106493 -0.0876332372 2.91312957
v -1.46430016 -0.079270184 2.91024995
v -1.46680665 -0.0999996141 2.94843006
v -1.46895909 -0.0999996662 3.00597644
v -1.47185135 -0.0985313207 2.94060659
v -1.47640228 -0.0942701474 2.93354869
v -1.48001385 -0.0876332074 2.92794752
v -1.49126935 -0.0999996662 2.96121955
v -1.48925555 -0.0999996588 3.01561141
v -1.49540687 -0.0985313654 2.95292163
v -1.49913931 -0.0942701772 2.945436
v -1.51277316 -0.0999996662 2.97142768
v -1.50265467 -0.0999966115 3.02355337
v -1.51713371 -0.0985313654 2.96323586
v -1.48233259 -0.0792701691 2.92435145
v -1.50210142 -0.0876332223 2.93949533
v -1.52106726 -0.0942701772 2.95584583
v -1.50400317 -0.0792701766 2.93568134
v -1.52418911 -0.0876332223 2.94998074
v -1.52619338 -0.0792701766 2.94621539
v -1.53528476 -0.0985283107 2.97399426
v -1.53988886 -0.0942671299 2.96700144
v -1.54354274 -0.0876301751 2.96145177
v -1.54588866 -0.0792671293 2.95788884
v -1.53018105 -0.0999966189 2.98174572
v -1.60128868 -0.0999966189 3.03353333
v -1.57147086 -0.0999966115 3.07367206
v -1.6438942 -0.0999996513 3.12857604
v -1.60681999 -0.0985283107 3.02609348
v -1.61180997 -0.0942671299 3.01938152
v -1.6157701 -0.0876301825 3.01405501
v -1.67540765 -0.0999996588 3.08972263
v -1.7089138 -0.0999996513 3.18494654
v -1.68125057 -0.0985313505 3.08251905
v -1.68652153 -0.0942701697 3.07602048
v -1.6183126 -0.0792671293 3.01063538
v -1.6907047 -0.0876332149 3.07086301
v -1.69339037 -0.0792701691 3.06755185
v -1.74400628 -0.0999996513 3.14919567
v -1.75051272 -0.0985313505 3.14256716
v -1.75638223 -0.0942701623 3.13658762
v -1.76104033 -0.0876332074 3.13184214
v -1.80097306 -0.0999996513 3.21248817
v -1.76191366 -0.0999996439 3.2438314
v -1.80821526 -0.0985313505 3.20667696
v -1.81474853 -0.0942701623 3.20143461
v -1.8594327 -0.0999996439 3.29444337
v -1.81778169 -0.0999996364 3.32215381
v -1.86955142 -0.0999996364 3.40573335
v -1.8671546 -0.0985313356 3.28930521
v -1.91319239 -0.0999996364 3.38123608
v -1.91442084 -0.0999965817 3.49441814
v -1.8199333 -0.0876332074 3.19727421
v -1.87412083 -0.0942701548 3.28466964
v -1.9212842 -0.0985313356 3.37669468
v -1.96019006 -0.0999965817 3.47412753
v -1.95016623 -0.0999996215 3.58761859
v -1.87964916 -0.0876332 3.28099108
v -1.92858386 -0.0942701474 3.37259769
v -1.96867585 -0.0985282734 3.47036505
v -1.93437696 -0.0876331925 3.36934662
v -1.976331 -0.0942670926 3.46697068
v -1.98240638 -0.0876301378 3.46427679
v -1.99857032 -0.0999996215 3.57419777
v -2.00754499 -0.0985313207 3.57170939
v -2.01564121 -0.0942701325 3.56946468
v -2.00314951 -0.0999996215 3.60014081
v -1.95391083 -0.0999996215 3.60883236
v -2.01227903 -0.0985313207 3.59852934
v -2.00822973 -0.0999996141 3.62892199
v -1.95899081 -0.0999996215 3.63761306
v -2.02206612 -0.0876331776 3.56768322
v -2.02051473 -0.0942701325 3.5970757
v -2.01735926 -0.0985313058 3.62731051
v -2.01330972 -0.0999996141 3.6577034
v -1.9640708 -0.0999996215 3.66639447
v -2.02705073 -0.0876331776 3.59592199
v -2.02559495 -0.094270125 3.62585688
v -2.02243924 -0.0985313058 3.65609193
v -2.01848221 -0.0999996141 3.68700695
v -1.96940017 -0.0999996141 3.69658566
v -1.98726916 -0.0999965668 3.7802124
v -2.03213096 -0.0876331702 3.62470317
v -2.03067493 -0.094270125 3.65463829
v -2.02758312 -0.0985313058 3.68523383
v -2.03667712 -0.0999965668 3.77216005
v -1.99693084 -0.0999965593 3.86569023
v -2.03721094 -0.0876331702 3.65348458
v -2.0357933 -0.094270125 3.68363452
v -2.04583812 -0.098528266 3.77066755
v -2.04694486 -0.0999965519 3.86299896
v -1.9964931 -0.0999995992 3.95204306
v -2.04230881 -0.0876331776 3.68236518
v -2.05410242 -0.0942670777 3.7693212
v -2.05621815 -0.0985282511 3.86250043
v -2.06066084 -0.0876301229 3.76825285
v -2.06458354 -0.0942670628 3.86205053
v -2.07122231 -0.087630108 3.86169362
v -2.0464735 -0.0999995917 3.95607734
v -2.05574059 -0.0985312909 3.95682549
v -2.06410027 -0.0942701027 3.95750022
v -2.03210711 -0.0999995843 4.04740381
v -1.98315167 -0.0999995917 4.03685474
v -2.04118395 -0.098531276 4.04935932
v -2.0139277 -0.0999995768 4.11349583
v -1.96571827 -0.0999995917 4.10023594
v -2.0707345 -0.0876331478 3.95803571
v -2.04937243 -0.0942700952 4.05112362
v -2.02286601 -0.098531276 4.1159544
v -1.99530065 -0.0999995843 4.18121672
v -1.9470911 -0.0999995843 4.16795635
v -1.92846441 -0.0999995768 4.23567677
v -2.05587101 -0.0876331404 4.05252314
v -2.03092957 -0.0942700878 4.11817265
v -2.00423932 -0.0985312685 4.18367529
v -1.97667396 -0.0999995694 4.24893713
v -1.9130168 -0.0999995768 4.29183817
v -2.03732872 -0.0876331329 4.11993265
v -2.01230264 -0.0942700803 4.18589306
v -1.98561251 -0.0985312611 4.2513957
v -2.01870203 -0.0876331255 4.18765306
v -1.99367607 -0.0942700803 4.25361347
v -2.00007534 -0.0876331255 4.25537348
v -1.95923913 -0.0999995694 4.31232262
v -1.96780932 -0.0985312536 4.31612062
v -1.97554064 -0.0942700654 4.31954718
v -1.85594487 -0.099999547 4.47493553
v -1.81615686 -0.0999995619 4.44432116
v -1.86332166 -0.0985312387 4.48061132
v -1.72226191 -0.0999995396 4.61966944
v -1.68849087 -0.0999995545 4.58254099
v -1.53725076 -0.0999964923 4.69776917
v -1.9816761 -0.0876331106 4.3222661
v -1.86997676 -0.0942700505 4.48573208
v -1.72852325 -0.0985312313 4.62655354
v -1.56405115 -0.0999990478 4.74020815
v -1.37210393 -0.0999964923 4.78279305
v -1.87525821 -0.0876331031 4.48979568
v -1.73417163 -0.0942700505 4.63276386
v -1.56902027 -0.0985299498 4.74807692
v -1.38711536 -0.0999973863 4.83130169
v -1.17807841 -0.0999980122 4.83116865
v -1.73865414 -0.0876330957 4.63769245
v -1.57350302 -0.0942680538 4.75517559
v -1.39038026 -0.0985288024 4.84004784
v -1.18404698 -0.0999980047 4.88080359
v -0.984052896 -0.0999995321 4.84837294
v -1.57706034 -0.0876305327 4.76080894
v -1.39332557 -0.0942673609 4.84793758
v -1.18564868 -0.0985296965 4.88995457
v -1.39566302 -0.0876302049 4.85419941
v -1.18709373 -0.0942685008 4.89821053
v -1.18824041 -0.0876315534 4.90476227
v -0.981990695 -0.0999995247 4.89984417
v -0.981616616 -0.0985312164 4.90918112
v -0.981279135 -0.0942700207 4.91760445
v -0.797312379 -0.0999995247 4.87043667
v -0.808448315 -0.0999995321 4.82181311
v -0.795099318 -0.0985312089 4.87948132
v -0.612398148 -0.0999995247 4.80643368
v -0.632843792 -0.0999995396 4.7596283
v -0.981011331 -0.0876330659 4.9242897
v -0.79310298 -0.0942700207 4.88764048
v -0.60841924 -0.0985312164 4.81486654
v -0.455272198 -0.0999995396 4.71040916
v -0.483157456 -0.099999547 4.66895103
v -0.346832961 -0.099999547 4.5649066
v -0.791518688 -0.0876330659 4.89411545
v -0.604829848 -0.0942700356 4.822474
v -0.4500404 -0.0985312238 4.71807623
v -0.601981282 -0.0876330808 4.82851124
v -0.445320785 -0.0942700356 4.72499323
v -0.44157517 -0.0876330808 4.73048258
v -0.311487585 -0.0999995396 4.60159159
v -0.305009305 -0.0985312313 4.60831547
v -0.29916513 -0.0942700505 4.61438131
v -0.2057648 -0.0999995545 4.47197914
v -0.226974219 -0.0999995619 4.41653204
v -0.198283523 -0.0985312462 4.47747278
v -0.104424633 -0.0999995619 4.3184948
v -0.124931231 -0.0999995768 4.26369476
v -0.0358289182 -0.0999995768 4.28065109
v -0.294527233 -0.0876330957 4.61919498
v -0.191534251 -0.0942700654 4.48242903
v -0.100090951 -0.0985312611 4.32875633
v -0.186178088 -0.0876331106 4.48636246
v -0.0961814821 -0.0942700729 4.33801317
v -0.0930788293 -0.087633118 4.3453598
v -0.0383590013 -0.0999995694 4.33106661
v -0.0388281047 -0.0985312536 4.34041405
v -0.0392512903 -0.0942700654 4.34884691
v 0.00536680967 -0.0999995619 4.32721949
v -0.00573053956 -0.0999995768 4.27800274
v 0.0176989287 -0.0999995694 4.26929474
v 0.00742510473 -0.0985312611 4.33634472
v 0.0431621596 -0.0999995619 4.31317282
v 0.029559359 -0.0999995694 4.25938988
v -0.0395871326 -0.0876331106 4.35553932
v 0.00928182993 -0.0942700729 4.34457636
v 0.0478832386 -0.0985312611 4.32130909
v 0.0107553806 -0.087633118 4.3511095
v 0.0521419421 -0.0942700729 4.32864857
v 0.0555216968 -0.087633118 4.33447266
v 0.0688871667 -0.0999995619 4.29168987
v 0.0761789978 -0.0985312611 4.29767847
v 0.0827568769 -0.0942700729 4.30308104
v 0.0770476535 -0.0999995694 4.27675772
v 0.0317128673 -0.0999995694 4.25545025
v 0.0854530334 -0.0985312611 4.28070831
v 0.0861238763 -0.0999995694 4.25393867
v 0.0414271429 -0.0999995694 4.23102665
v 0.0879770964 -0.087633118 4.30736828
v 0.0930358618 -0.0942700803 4.28427219
v 0.0944112539 -0.0985312611 4.25818729
v 0.103681378 -0.0999995694 4.22647572
v 0.0682294369 -0.0999995768 4.18910313
v 0.0990537107 -0.0876331255 4.28710032
v 0.101887152 -0.0942700803 4.26201963
v 0.110254407 -0.0985312611 4.23340511
v 0.145148009 -0.0999995694 4.20294857
v 0.142609954 -0.0999995843 4.14690113
v 0.21578002 -0.0999995843 4.18006754
v 0.107820109 -0.0876331255 4.2650609
v 0.116184264 -0.0942700803 4.23965597
v 0.145618647 -0.0985312611 4.21334028
v 0.120889947 -0.0876331255 4.24461699
v 0.146043211 -0.0942700803 4.2227149
v 0.146380126 -0.0876331255 4.23015451
v 0.19892092 -0.0999995768 4.22732258
v 0.195795029 -0.098531276 4.23608398
v 0.192975178 -0.0942700878 4.24398804
v 0.249173805 -0.0999995768 4.24068117
v 0.26128754 -0.0999995843 4.19216442
v 0.246930033 -0.098531276 4.2496767
v 0.304522783 -0.0999995768 4.25360346
v 0.317884564 -0.0999995768 4.20537853
v 0.190737396 -0.0876331329 4.25026035
v 0.244905844 -0.0942700878 4.257792
v 0.302045703 -0.098531276 4.26254511
v 0.354091793 -0.0999995694 4.26954651
v 0.372411549 -0.0999995768 4.22291613
v 0.437114477 -0.0999995768 4.25317478
v 0.243299484 -0.0876331329 4.26423216
v 0.299811095 -0.0942700878 4.27061129
v 0.350695908 -0.0985312611 4.27819252
v 0.415412337 -0.0999995694 4.29822302
v 0.498691827 -0.0999995768 4.28374004
v 0.298037738 -0.0876331329 4.27701283
v 0.347632527 -0.0942700803 4.28599215
v 0.411385357 -0.0985312536 4.30657387
v 0.47664386 -0.0999995694 4.32861662
v 0.558817029 -0.0999995694 4.31297445
v 0.345201373 -0.0876331255 4.29218197
v 0.407752514 -0.0942700654 4.31410742
v 0.472556055 -0.0985312611 4.3369379
v 0.537838995 -0.0999995619 4.35837126
v 0.615504622 -0.0999995694 4.33782053
v 0.404869556 -0.0876331106 4.320086
v 0.468868434 -0.0942700356 4.34444427
v 0.533950448 -0.0985312611 4.36678886
v 0.465941906 -0.0876330212 4.35040092
v 0.530442595 -0.0942700729 4.37438202
v 0.527658641 -0.087633118 4.38040876
v 0.597655892 -0.0999995619 4.3845892
v 0.594346702 -0.0985312611 4.39326048
v 0.591361344 -0.0942700803 4.40108299
v 0.661809802 -0.0999966338 4.40557003
v 0.675225377 -0.0999965221 4.35735178
v 0.659322143 -0.0985282883 4.41451025
v 0.729643524 -0.0999994799 4.42121506
v 0.740125239 -0.0999995694 4.3723197
v 0.588992119 -0.087633118 4.40729094
v 0.657078028 -0.0942670554 4.422575
v 0.727701306 -0.0985312015 4.43028069
v 0.800373971 -0.0999995619 4.43522739
v 0.81069833 -0.0999995694 4.38630104
v 0.882183254 -0.0999995619 4.40231323
v 0.655297041 -0.0876300782 4.42897511
v 0.725949168 -0.0942700356 4.4384594
v 0.798459709 -0.0985312611 4.44429874
v 0.871230006 -0.0999995545 4.45109892
v 0.94507736 -0.0999995619 4.41646576
v 0.724558711 -0.0876331031 4.4449501
v 0.796732783 -0.0942700729 4.4524827
v 0.869199514 -0.0985312462 4.46014404
v 0.935799778 -0.0999995545 4.46562862
v 1.01728034 -0.0999995619 4.42751122
v 0.795362353 -0.087633118 4.45897675
v 0.867367625 -0.094270058 4.46830368
v 0.934078336 -0.0985312462 4.47474384
v 1.01278913 -0.0999995545 4.47740555
v 1.07680726 -0.0999995619 4.42915678
v 0.865913928 -0.0876331031 4.47477961
v 0.932525575 -0.0942700654 4.4829669
v 1.01195765 -0.0985312387 4.48665714
v 1.08297598 -0.0999995619 4.47934628
v 1.10828102 -0.0999995619 4.42037201
v 0.931293249 -0.0876331106 4.48949242
v 1.01120758 -0.0942700505 4.49500275
v 1.0841192 -0.0985312536 4.48865223
v 1.12958694 -0.0999995396 4.46633625
v 1.13144886 -0.0999995545 4.4046607
v 1.01061225 -0.0876330957 4.50162601
v 1.08515048 -0.0942700654 4.49704695
v 1.13353741 -0.0985312387 4.47485828
v 1.08596885 -0.0876331031 4.50370932
v 1.13710117 -0.094270058 4.48254633
v 1.13992941 -0.0876331031 4.48864746
v 1.1681813 -0.0999995545 4.44016314
v 1.17499185 -0.0985312462 4.4467454
v 1.18113589 -0.0942700654 4.45268345
v 1.19809008 -0.0999995619 4.39265537
v 1.15070462 -0.0999995619 4.37407446
v 1.15682709 -0.099999547 4.34145546
v 1.2068758 -0.0985312611 4.39610052
v 1.18601179 -0.0876331106 4.45739651
v 1.21480143 -0.0942700729 4.39920855
v 1.22109151 -0.087633118 4.40167522
v 1.20841885 -0.0999995545 4.33762693
v 1.21798468 -0.0985312611 4.33691692
v 1.22661388 -0.0942700729 4.33627701
v 1.18971837 -0.0999995545 4.28367805
v 1.14444947 -0.099999547 4.30574703
v 1.13049936 -0.0999995545 4.28415012
v 1.19811153 -0.0985312536 4.27958632
v 1.2334621 -0.0876331255 4.3357687
v 1.20568335 -0.0942700729 4.27589512
v 1.21169233 -0.087633118 4.27296591
v 1.16655707 -0.0999995619 4.24782228
v 1.17324269 -0.0985312536 4.24108648
v 1.17927372 -0.0942700654 4.23501015
v 1.13293242 -0.0999995545 4.22645712
v 1.11079812 -0.0999995545 4.27163267
v 1.13703632 -0.0985312462 4.21808147
v 1.08554327 -0.0999995694 4.20941877
v 1.06886697 -0.0999995545 4.25655651
v 1.18405998 -0.087633118 4.23018789
v 1.14073873 -0.0942700654 4.21052551
v 1.08863258 -0.0985312462 4.20067835
v 1.03016579 -0.0999964848 4.19015932
v 1.01249695 -0.0999965072 4.23695183
v 0.926465452 -0.0999995545 4.20184565
v 1.14367676 -0.087633118 4.20452929
v 1.09141958 -0.0942700058 4.19279289
v 1.0334425 -0.0985281914 4.18148327
v 1.09363151 -0.0876329616 4.18653584
v 1.03639841 -0.0942670181 4.17365694
v 1.03874409 -0.0876300782 4.16744614
v 0.945487976 -0.0999995694 4.15560532
v 0.949014902 -0.098531276 4.14703178
v 0.952196598 -0.0942700878 4.13929749
v 0.860535085 -0.0999995768 4.12037468
v 0.841046691 -0.0999995619 4.16642141
v 0.864148021 -0.0985312685 4.11183691
v 0.776953459 -0.0999995768 4.08428764
v 0.756239951 -0.0999995619 4.12980604
v 0.95472163 -0.0876331404 4.13315964
v 0.867407203 -0.0942700803 4.10413456
v 0.780629158 -0.0985312685 4.07577705
v 0.682560205 -0.0999995843 4.04350471
v 0.628869474 -0.0999995694 4.07108021
v 0.609693289 -0.0999995768 3.99641275
v 0.69141221 -0.0999995843 3.9830997
v 0.649841905 -0.0999995917 3.9489789
v 0.717336297 -0.0999995992 3.93309975
v 0.725803137 -0.0999995992 3.93309975
v 0.692763567 -0.098531276 4.03781414
v 0.783945143 -0.0942700803 4.06809902
v 0.725803137 -0.0999995917 3.9830997
v 0.734269977 -0.0999995992 3.93309975
v 0.699423313 -0.098531276 3.99237037
v 0.701968312 -0.0942700952 4.03268099
v 0.725803137 -0.0985312909 3.99237037
v 0.706650138 -0.0942700952 4.00073338
v 0.725803137 -0.0942701027 4.00073338
v 0.786576629 -0.0876331329 4.06200647
v 0.709272981 -0.0876331404 4.02860737
v 0.712385416 -0.0876331404 4.00737047
v 0.725803137 -0.0876331478 4.00737047
v 0.869993865 -0.0876331329 4.09802246
v 0.713963032 -0.0792700946 4.02599144
v 0.788266182 -0.0792700872 4.0580945
v 0.715579152 -0.0699995831 4.02509022
v 0.716067553 -0.0792700946 4.01163149
v 0.713963032 -0.0792700946 4.02599144
v 0.717336297 -0.0699995831 4.01309967
v 0.715579152 -0.0699995831 4.02509022
v 0.715579152 0.070000425 4.02509022
v 0.717336297 0.070000425 4.01309967
v 0.716067553 0.0792709365 4.01163149
v 0.713963032 0.0792709365 4.02599144
v 0.712385416 0.0876339823 4.00737047
v 0.709272981 0.0876339823 4.02860737
v 0.788848341 -0.0699995831 4.05674648
v 0.87165451 -0.0792700872 4.09409809
v 0.956342816 -0.0792700946 4.12921906
v 0.788848341 0.070000425 4.05674648
v 0.715579152 0.070000425 4.02509022
v 0.713963032 0.0792709365 4.02599144
v 0.872226715 -0.0699995831 4.09274578
v 1.0402503 -0.0792670399 4.16345787
v 0.872226715 0.070000425 4.09274578
v 0.788266182 0.0792709365 4.0580945
v 0.956901431 -0.0699995756 4.12786102
v 1.09505165 -0.0792697966 4.18251801
v 0.956900954 0.0700003132 4.12786102
v 1.04076898 -0.0699965283 4.16208458
v 0.87165451 0.0792709365 4.09409809
v 1.14556336 -0.0792700797 4.2006793
v 0.786576629 0.0876339823 4.06200647
v 1.09554112 -0.0699991658 4.18113375
v 1.18713307 -0.0792700723 4.22709179
v 1.14621353 -0.0699995756 4.19935226
v 1.21555042 -0.0792700797 4.27108526
v 1.18819189 -0.0699995682 4.2260251
v 1.23785889 -0.0792700797 4.33544254
v 1.21687984 -0.0699995682 4.27043724
v 1.22512984 -0.0792700723 4.4032588
v 1.23937392 -0.0699995607 4.33533001
v 1.18914223 -0.0792700648 4.46042156
v 1.22652137 -0.0699995533 4.4038043
v 1.23937392 0.0700004473 4.33533001
v 1.21687984 0.0700004399 4.27043724
v 1.18819189 0.0700004399 4.2260251
v 1.14174533 -0.0792700648 4.49256516
v 1.19022095 -0.0699995533 4.46146441
v 1.08649433 -0.0792700574 4.50798655
v 1.14621353 0.0700004324 4.19935226
v 1.14237106 -0.0699995533 4.4939146
v 1.01023006 -0.0792700499 4.50587797
v 1.09554112 0.0700000226 4.18113375
v 1.08667541 -0.0699995458 4.50946045
v 0.930502057 -0.0792700648 4.49368191
v 1.04076898 0.0699973851 4.16208458
v 0.956342459 0.079270862 4.12921906
v 1.0402503 0.0792679042 4.16345787
v 1.09505165 0.0792706609 4.18251801
v 0.869993865 0.0876339823 4.09802246
v 0.954721451 0.0876339376 4.13315964
v 1.01009846 -0.0699995458 4.50734282
v 1.14556336 0.0792709365 4.2006793
v 1.03874409 0.0876309425 4.16744614
v 1.18713307 0.0792709589 4.22709179
v 1.09363151 0.0876338333 4.18653584
v 1.21555042 0.0792709514 4.27108526
v 1.14367676 0.0876339823 4.20452929
v 1.18405998 0.0876340047 4.23018789
v 0.952196538 0.0942709222 4.13929749
v 1.03639841 0.0942678899 4.17365694
v 1.09141958 0.0942708701 4.19279289
v 1.14073873 0.0942709446 4.21052551
v 0.867407203 0.0942709371 4.10413456
v 0.783945143 0.0942709371 4.06809902
v 0.701968312 0.0942709371 4.03268099
v 0.706650138 0.0942709371 4.00073338
v 1.0334425 0.0985290632 4.18148327
v 0.949014902 0.0985321254 4.14703178
v 0.864148021 0.0985321254 4.11183691
v 0.780629158 0.0985321254 4.07577705
v 0.692763567 0.0985321254 4.03781414
v 0.699423313 0.0985321254 3.99237013
v 1.08863258 0.0985321179 4.20067835
v 0.725803137 0.0942709371 4.00073338
v 0.725803137 0.0985321254 3.99237037
v 0.725803137 0.0876339823 4.00737047
v 0.716067553 0.0792709365 4.01163149
v 0.725803137 0.0792709365 4.01163149
v 0.717336297 0.070000425 4.01309967
v 0.682560205 0.100000426 4.04350471
v 0.69141221 0.100000426 3.9830997
v 0.725803137 0.100000426 3.9830997
v 0.776953459 0.100000426 4.08428764
v 0.860535085 0.100000426 4.12037468
v 0.945487976 0.100000434 4.15560532
v 1.03016579 0.0999973491 4.19015932
v 0.926465452 0.100000426 4.20184565
v 0.841046691 0.100000419 4.16642141
v 0.756239951 0.100000419 4.12980604
v 0.628869474 0.100000411 4.07108021
v 0.609693289 0.100000404 3.99641275
v 1.01249695 0.0999973789 4.23695183
v 0.649841905 0.100000419 3.9489789
v 0.717336297 0.100000434 3.93309975
v 1.06886697 0.100000426 4.25655651
v 0.725803137 0.100000434 3.93309975
v 1.08554327 0.100000434 4.20941877
v 1.11079812 0.100000426 4.27163267
v 0.734269977 0.100000426 3.9830997
v 0.734269977 0.100000434 3.93309975
v 1.13293242 0.100000456 4.22645712
v 1.13049936 0.100000426 4.28415012
v 1.13703632 0.0985321403 4.21808147
v 0.748115659 0.100000426 3.9830997
v 0.757079899 0.100000434 3.93309975
v 0.793417811 0.100000434 3.94656229
v 0.734269977 0.0985321254 3.99237037
v 1.17927372 0.094270952 4.23501015
v 1.17324269 0.0985321403 4.24108648
v 0.734269977 0.0942709371 4.00073338
v 0.746453464 0.0985321254 3.99237037
v 0.782567024 0.100000426 3.99586344
v 1.21169233 0.0876339972 4.27296591
v 0.734269977 0.0876339823 4.00737047
v 0.816742301 0.100000426 3.99855042
v 0.818975687 0.100000434 3.94857216
v 0.74495399 0.0942709371 4.00073338
v 0.780555248 0.0985321254 4.00500393
v 0.859134436 0.100000426 3.99900913
v 0.86208272 0.100000434 3.94903803
v 0.909302533 0.100000434 3.95411348
v 0.816328585 0.0985321254 4.00781727
v 0.778740406 0.0942709371 4.01324987
v 0.743764043 0.0876339823 4.00737047
v 0.902568221 0.100000426 4.00367737
v 1.02494454 0.100000434 3.97313595
v 0.858587563 0.0985321254 4.00827408
v 0.8159554 0.0942709371 4.01617622
v 1.02059209 0.100000426 4.02309227
v 1.13252068 0.100000434 3.97429109
v 0.901319385 0.0985321254 4.01286697
v 1.14036512 0.100000426 4.02437878
v 1.19415176 0.100000419 3.95376992
v 0.734269977 0.0792709365 4.01163149
v 0.77730006 0.0876339823 4.01979399
v 0.858094215 0.0942709371 4.01663208
v 1.01978552 0.0985321254 4.03235483
v 0.725803137 0.070000425 4.01309967
v 0.743000031 0.0792709365 4.01163149
v 0.815659165 0.0876339823 4.02281094
v 0.900192857 0.0942709371 4.02115726
v 0.725803137 -0.0699995831 4.01309967
v 0.717336297 -0.0699995831 4.01309967
v 0.716067553 -0.0792700946 4.01163149
v 0.734269977 0.070000425 4.01309967
v 0.776375294 0.0792709365 4.0239954
v 0.857702732 0.0876339823 4.02326536
v 0.725803137 -0.0792701021 4.01163149
v 0.734269977 -0.0699995831 4.01309967
v 0.742736816 0.070000425 4.01309967
v 0.815469027 0.0792709365 4.02707005
v 0.734269977 -0.0792701021 4.01163149
v 0.742736816 -0.0699995831 4.01309967
v 0.776056528 0.070000425 4.02544403
v 0.734269977 -0.0876331478 4.00737047
v 0.776056528 -0.0699995831 4.02544403
v 0.743000031 -0.0792700946 4.01163149
v 0.734269977 -0.0942701027 4.00073338
v 0.743764043 -0.0876331404 4.00737047
v 0.776375294 -0.0792701021 4.0239954
v 0.815403521 -0.0699995831 4.02853775
v 0.815403521 0.070000425 4.02853775
v 0.734269977 -0.0985312909 3.99237037
v 0.74495399 -0.0942700952 4.00073338
v 0.77730006 -0.0876331478 4.01979399
v 0.815469027 -0.0792701021 4.02707005
v 0.734269977 -0.0999995917 3.9830997
v 0.746453464 -0.098531276 3.99237037
v 0.748115659 -0.0999995843 3.9830997
v 0.757079899 -0.0999995992 3.93309975
v 0.793417811 -0.0999995992 3.94656229
v 0.778740406 -0.0942701027 4.01324987
v 0.780555248 -0.0985312909 4.00500393
v 0.782567024 -0.0999995917 3.99586344
v 0.815659165 -0.0876331478 4.02281094
v 0.816742301 -0.0999995917 3.99855042
v 0.818975687 -0.0999995992 3.94857216
v 0.816328585 -0.0985312909 4.00781727
v 0.8159554 -0.0942701027 4.01617622
v 0.859134555 -0.0999995917 3.99900913
v 0.86208272 -0.0999995992 3.94903803
v 0.909302533 -0.0999995992 3.95411348
v 0.858587623 -0.0985312909 4.00827408
v 0.858094275 -0.0942701027 4.01663208
v 0.857702732 -0.0876331478 4.02326536
v 0.85745132 -0.0792701021 4.02752399
v 0.902568221 -0.0999995917 4.00367737
v 1.02494454 -0.0999995992 3.97313595
v 0.901319385 -0.0985312909 4.01286697
v 0.900192857 -0.0942701027 4.02115726
v 0.899298787 -0.0876331478 4.02773619
v 1.02059209 -0.0999995917 4.02309227
v 1.13252068 -0.0999995992 3.97429109
v 1.01978552 -0.0985312909 4.03235483
v 1.01905799 -0.0942701027 4.04071093
v 1.14036512 -0.0999995843 4.02437878
v 1.19415176 -0.0999995917 3.95376992
v 1.14181924 -0.098531276 4.03366566
v 0.898724794 -0.0792701021 4.03196049
v 1.01848054 -0.0876331478 4.04734182
v 1.14313102 -0.0942700952 4.04204273
v 1.0181098 -0.0792701021 4.05159903
v 1.14417207 -0.0876331404 4.04869127
v 1.14484048 -0.0792700946 4.0529604
v 1.23463678 -0.098531276 4.00275946
v 1.24034917 -0.0942700952 4.00967169
v 1.24488258 -0.0876331404 4.0151577
v 1.24779332 -0.0792700946 4.01867962
v 1.22830451 -0.0999995843 3.99509692
v 1.27104723 -0.0999995917 3.91885328
v 1.22585595 -0.0999995992 3.89721632
v 1.22970653 -0.0999995992 3.88763499
v 1.2794261 -0.0985312909 3.92286491
v 1.28698492 -0.0942701027 3.92648411
v 1.29298353 -0.0876331478 3.9293561
v 1.29683495 -0.0792701021 3.93120003
v 1.24879622 -0.0699995831 4.01989317
v 1.29816198 -0.0699995905 3.93183541
v 1.14507079 -0.0699995831 4.05443096
v 1.01798213 -0.0699995831 4.05306578
v 0.898526967 -0.0699995831 4.03341579
v 0.857364714 -0.0699995831 4.0289917
v 0.857364714 0.070000425 4.0289917
v 0.898526967 0.070000425 4.03341579
v 1.01798213 0.070000425 4.05306578
v 1.14507079 0.070000425 4.05443096
v 0.85745132 0.0792709365 4.02752399
v 0.898724794 0.0792709365 4.03196049
v 0.899298787 0.0876339823 4.02773619
v 1.0181098 0.0792709365 4.05159903
v 1.01905799 0.0942709371 4.04071093
v 1.01848054 0.0876339823 4.04734182
v 1.14484048 0.0792709365 4.0529604
v 1.14181924 0.0985321254 4.03366566
v 1.14417207 0.0876339823 4.04869127
v 1.14313102 0.0942709371 4.04204273
v 1.22830451 0.100000426 3.99509692
v 1.23463678 0.0985321254 4.00275946
v 1.27104723 0.100000419 3.91885328
v 1.22585595 0.100000411 3.89721632
v 1.22970653 0.100000411 3.88763499
v 1.24034917 0.0942709371 4.00967169
v 1.24488258 0.0876339823 4.0151577
v 1.2794261 0.0985321105 3.92286491
v 1.27933311 0.100000419 3.89823484
v 1.2869848 0.0942709297 3.92648387
v 1.24779332 0.0792709365 4.01867962
v 1.28033936 0.100000441 3.87228155
v 1.23015618 0.100000396 3.87603545
v 1.22733915 0.100000396 3.8612349
v 1.28853452 0.0985321105 3.90020013
v 1.29298353 0.0876339749 3.9293561
v 1.24879622 0.070000425 4.01989317
v 1.2752223 0.0999882072 3.8453958
v 1.22488046 0.0999973491 3.8561554
v 1.29683518 0.0942709297 3.90197301
v 1.28964365 0.0985321254 3.87158561
v 1.29683495 0.0792709291 3.93120003
v 1.29816198 0.0700004175 3.93183541
v 1.26644766 0.100010797 3.82726955
v 1.17970431 0.100000396 3.80898356
v 1.30342257 0.0876339749 3.90338016
v 1.29803729 0.0942709297 3.87095761
v 1.28410029 0.0985236764 3.8424592
v 1.307652 0.0792709291 3.90428352
v 1.30910909 -0.0699995905 3.90459466
v 1.30469847 0.0876339749 3.87045932
v 1.29210925 0.0942658931 3.83980989
v 1.27415466 0.0985383317 3.82191372
v 1.30910909 0.0700004175 3.90459466
v 1.307652 -0.0792701021 3.90428352
v 1.30897546 0.0792709216 3.87013936
v 1.29846513 0.0876316354 3.83770752
v 1.31044912 -0.069999598 3.87002921
v 1.30342257 -0.0876331478 3.90338016
v 1.31044912 0.0700004101 3.87002921
v 1.30897546 -0.0792701095 3.87013936
v 1.29683518 -0.0942701027 3.90197301
v 1.28110719 0.0942734033 3.81708241
v 1.30254579 0.0792703256 3.83635759
v 1.30395198 -0.069999598 3.83589244
v 1.30469847 -0.0876331478 3.87045932
v 1.28853452 -0.0985312909 3.90020013
v 1.28662479 0.0876334757 3.81324792
v 1.30395198 0.0700004101 3.83589244
v 1.30254579 -0.0792695135 3.83635759
v 1.29803729 -0.0942700952 3.87095761
v 1.27933311 -0.0999995917 3.89823484
v 1.28964365 -0.098531276 3.87158561
v 1.28033936 -0.0999995694 3.87228155
v 1.23015618 -0.0999995843 3.87603545
v 1.22733915 -0.0999995843 3.8612349
v 1.29846513 -0.0876308233 3.83770752
v 1.29138792 -0.0699965507 3.80993795
v 1.29210925 -0.0942650735 3.83980989
v 1.2752223 -0.0999873951 3.8453958
v 1.22488046 -0.099996537 3.8561554
v 1.28410029 -0.0985228643 3.8424592
v 1.29016721 -0.0792677104 3.81078625
v 1.26644766 -0.10001 3.82726955
v 1.17970431 -0.0999995843 3.80898356
v 1.28662479 -0.087632671 3.81324792
v 1.27415466 -0.0985375345 3.82191372
v 1.28110719 -0.0942725986 3.81708241
v 1.22608745 -0.0699996054 3.74175262
v 1.22523618 -0.0792701244 3.74298644
v 1.22276556 -0.0876331702 3.74656749
v 1.21891761 -0.0942701176 3.75214505
v 1.21406889 -0.0985313058 3.75917339
v 1.29138792 0.0699973628 3.80993795
v 1.20869374 -0.0999995992 3.7669642
v 1.09606922 -0.0999996066 3.71923661
v 1.0807054 -0.0999995917 3.76703048
v 1.09891772 -0.0985312983 3.71037483
v 1.10148716 -0.0942701101 3.7023809
v 1.10352635 -0.0876331627 3.69603682
v 0.957824945 -0.0999996066 3.68814802
v 0.950217485 -0.0999995917 3.73768592
v 0.959234953 -0.0985312983 3.67896295
v 0.960506916 -0.0942701101 3.67067719
v 0.803881526 -0.0999911353 3.67526174
v 0.759030342 -0.0999965444 3.72168255
v 0.749376833 -0.0999995992 3.64018106
v 0.812197566 -0.0985245183 3.66665459
v 0.798810124 -0.0999996066 3.63244605
v 0.746734262 -0.0999995992 3.62662292
v 0.961516321 -0.0876331627 3.6641016
v 0.819699407 -0.0942648426 3.65889025
v 0.80797565 -0.0985312983 3.63101244
v 0.795295119 -0.0999996141 3.61441231
v 0.744340599 -0.0999995992 3.61889124
v 0.825652838 -0.0876290947 3.65272856
v 0.816243947 -0.0942701101 3.62971902
v 0.804298759 -0.0985313207 3.61214781
v 0.822805703 -0.0876331627 3.62869263
v 0.812421083 -0.0942701325 3.61010504
v 0.818866909 -0.0876331851 3.60848403
v 0.829475284 -0.0792668164 3.64877224
v 0.962164402 -0.079270117 3.65987968
v 0.830792248 -0.0699965656 3.64740944
v 0.827018619 -0.079270117 3.6280334
v 0.829475284 -0.0792668164 3.64877224
v 1.10483575 -0.079270117 3.69196367
v 0.962387741 -0.0699996129 3.65842485
v 1.10528672 -0.0699996129 3.69056034
v 0.962387741 0.0700003952 3.65842485
v 0.830792248 0.0699973479 3.64740944
v 0.829475284 0.0792675838 3.64877224
v 1.10528672 0.0700003952 3.69056034
v 0.962164402 0.0792709067 3.65987968
v 0.825652838 0.0876298621 3.65272856
v 1.22608745 0.0700004026 3.74175262
v 1.10483575 0.0792708993 3.69196367
v 1.22523618 0.0792709142 3.74298644
v 0.961516321 0.0876339525 3.6641016
v 1.29016721 0.0792685226 3.81078625
v 1.10352635 0.087633945 3.69603682
v 1.22276556 0.0876339599 3.74656749
v 1.21891761 0.0942709148 3.75214505
v 1.10148716 0.0942708999 3.7023809
v 0.960506916 0.0942709073 3.67067719
v 1.21406889 0.0985320956 3.75917339
v 1.09891772 0.0985320881 3.71037483
v 1.20869374 0.100000404 3.7669642
v 1.09606922 0.100000404 3.71923661
v 1.0807054 0.100000389 3.76703048
v 0.957824945 0.100000396 3.68814802
v 0.950217485 0.100000389 3.73768592
v 0.959234953 0.0985320956 3.67896295
v 0.803881526 0.0999919176 3.67526174
v 0.759030342 0.0999973342 3.72168255
v 0.749376833 0.100000381 3.64018106
v 0.812197566 0.0985252857 3.66665459
v 0.798810124 0.100000396 3.63244605
v 0.746734262 0.100000381 3.62662292
v 0.819699407 0.09426561 3.65889025
v 0.795295119 0.100000389 3.61441231
v 0.744340599 0.100000381 3.61889124
v 0.80797565 0.0985320956 3.63101244
v 0.816243947 0.0942709073 3.62971902
v 0.804298759 0.0985320807 3.61214781
v 0.790685654 0.100000389 3.59952283
v 0.822805703 0.0876339525 3.62869263
v 0.829475284 0.0792675838 3.64877224
v 0.784731269 0.100000381 3.58839941
v 0.741830409 0.100000381 3.61420202
v 0.720319927 0.100000374 3.58217907
v 0.812421083 0.0942708999 3.61010504
v 0.799278498 0.0985320807 3.59593177
v 0.827018619 0.0792709067 3.6280334
v 0.830792248 0.0699973479 3.64740944
v 0.818866909 0.087633945 3.60848403
v 0.807030201 0.0942708999 3.59269214
v 0.79268527 0.0985320732 3.5836153
v 0.755640686 0.100000381 3.54509187
v 0.713697016 0.100000381 3.5197947
v 0.690822363 0.100000374 3.56438851
v 0.762189627 0.0985320732 3.5382154
v 0.799860954 0.094270885 3.57929921
v 0.813181996 0.087633945 3.59012127
v 0.823005438 0.0792708993 3.60744309
v 0.658221304 0.100000381 3.49599767
v 0.6350528 0.100000374 3.54046512
v 0.717938304 0.0985320807 3.51152682
v 0.768097401 0.094270885 3.53201222
v 0.805555463 0.0876339376 3.57587409
v 0.601717055 0.100000381 3.46093249
v 0.569887519 0.100000367 3.50002527
v 0.535725951 0.100000367 3.46404862
v 0.662516832 0.0985320807 3.48775315
v 0.721764565 0.0942708924 3.50406814
v 0.574273646 0.100000381 3.43203092
v 0.511951566 0.100000367 3.43121505
v 0.60761857 0.0985320807 3.45368433
v 0.562767446 0.100000367 3.41614032
v 0.498934448 0.100000359 3.40081191
v 0.772785902 0.0876339376 3.52708936
v 0.666391969 0.0942708924 3.48031521
v 0.581420839 0.0985320807 3.42609453
v 0.724801064 0.0876339376 3.49814892
v 0.612942338 0.0942708924 3.4471457
v 0.669467211 0.0876339376 3.47441268
v 0.809211612 0.0792708918 3.57367516
v 0.775796056 0.0792708918 3.52392864
v 0.726750731 0.0792708918 3.49434829
v 0.817131639 0.0792708993 3.5884707
v 0.567449689 0.0985320583 3.40679979
v 0.587868452 0.0942708924 3.42073941
v 0.617167413 0.0876339376 3.44195652
v 0.671441674 0.0792708918 3.47062302
v 0.535785437 0.100000367 3.37460804
v 0.818492711 0.0700003877 3.58790183
v 0.824431419 0.0700003877 3.60708451
v 0.810471535 0.0700003877 3.57291722
v 0.776833177 0.0700003877 3.52283955
v 0.727422535 0.0700003803 3.49303865
v 0.828470349 0.0700003952 3.62780643
v 0.828470349 -0.0699996129 3.62780643
v 0.830792248 -0.0699965656 3.64740944
v 0.824431419 -0.0699996203 3.60708451
v 0.818492711 -0.0699996203 3.58790183
v 0.823005438 -0.0792701393 3.60744309
v 0.810471535 -0.0699996203 3.57291722
v 0.817131639 -0.0792701393 3.5884707
v 0.776833177 -0.0699996203 3.52283955
v 0.813181996 -0.0876331851 3.59012127
v 0.809211612 -0.0792701393 3.57367516
v 0.727422535 -0.0699996278 3.49303865
v 0.807030201 -0.0942701325 3.59269214
v 0.805555463 -0.0876331851 3.57587409
v 0.775796056 -0.0792701393 3.52392864
v 0.799278498 -0.0985313207 3.59593177
v 0.799860954 -0.0942701325 3.57929921
v 0.772785902 -0.0876331851 3.52708936
v 0.726750731 -0.0792701319 3.49434829
v 0.67212218 -0.0699996278 3.46931696
v 0.790685654 -0.0999996141 3.59952283
v 0.79268527 -0.0985313207 3.5836153
v 0.784731269 -0.0999996141 3.58839941
v 0.741830409 -0.0999995992 3.61420202
v 0.720319927 -0.0999996066 3.58217907
v 0.768097401 -0.0942701325 3.53201222
v 0.724801064 -0.0876331776 3.49814892
v 0.762189627 -0.0985313207 3.5382154
v 0.755640686 -0.0999996141 3.54509187
v 0.721764565 -0.094270125 3.50406814
v 0.671441674 -0.0792701319 3.47062302
v 0.713697016 -0.0999996215 3.5197947
v 0.690822363 -0.0999996066 3.56438851
v 0.717938304 -0.0985313132 3.51152682
v 0.669467211 -0.0876331776 3.47441268
v 0.658221304 -0.0999996215 3.49599767
v 0.6350528 -0.0999996066 3.54046512
v 0.662516832 -0.0985313132 3.48775315
v 0.666391969 -0.094270125 3.48031521
v 0.601717055 -0.099999629 3.46093249
v 0.569887519 -0.0999996141 3.50002527
v 0.535725951 -0.0999996141 3.46404862
v 0.60761857 -0.0985313207 3.45368433
v 0.612942338 -0.0942701399 3.4471457
v 0.617167413 -0.0876331851 3.44195652
v 0.61988008 -0.0792701393 3.43862486
v 0.574273646 -0.0999996215 3.43203092
v 0.511951566 -0.0999996141 3.43121505
v 0.581420779 -0.0985313132 3.42609453
v 0.587868392 -0.094270125 3.42073941
v 0.592985332 -0.0876331776 3.41648936
v 0.562767446 -0.099999629 3.41614032
v 0.498934448 -0.0999996215 3.40081191
v 0.567449689 -0.0985313356 3.40679979
v 0.571673632 -0.0942701474 3.3983736
v 0.596270442 -0.0792701319 3.4137609
v 0.575025737 -0.0876332 3.39168644
v 0.577178001 -0.0792701542 3.387393
v 0.543133378 -0.0985313356 3.3693831
v 0.549761891 -0.0942701474 3.36466956
v 0.555022359 -0.0876332 3.36092901
v 0.558399856 -0.0792701542 3.35852742
v 0.535785437 -0.099999629 3.37460804
v 0.597402573 -0.0699996278 3.41282058
v 0.577919543 -0.0699996352 3.38591361
v 0.559563637 -0.0699996352 3.35769987
v 0.6208148 -0.0699996278 3.43747687
v 0.67212218 0.0700003803 3.46931696
v 0.6208148 0.0700003803 3.43747687
v 0.61988008 0.0792708918 3.43862486
v 0.597402573 0.0700003803 3.41282058
v 0.592985332 0.0876339376 3.41648936
v 0.596270442 0.0792708918 3.4137609
v 0.577919543 0.0700003728 3.38591361
v 0.571673632 0.0942708701 3.3983736
v 0.577178001 0.0792708769 3.387393
v 0.575025737 0.0876339227 3.39168644
v 0.543133378 0.0985320583 3.3693831
v 0.549761891 0.0942708701 3.36466956
v 0.555022359 0.0876339227 3.36092901
v 0.558399856 0.0792708769 3.35852742
v 0.559563637 0.0700003728 3.35769987
v 0.523664713 0.100000367 3.3571434
v 0.528568149 0.0985320583 3.34848499
v 0.500521183 0.100000396 3.349365
v 0.466074049 0.100000359 3.38896394
v 0.437133431 0.100000359 3.34132361
v 0.532991648 0.0942708701 3.34067392
v 0.536502123 0.0876339227 3.33447504
v 0.48227033 0.1000003 3.31932139
v 0.427806079 0.100000359 3.31663465
v 0.506297052 0.0985320807 3.34101772
v 0.474489987 0.100000359 3.29872727
v 0.424067885 0.100000352 3.30703402
v 0.51150769 0.094270885 3.33348703
v 0.49063921 0.098532021 3.31524205
v 0.538756013 0.0792708769 3.33049536
v 0.515642881 0.0876339227 3.3275106
v 0.498188853 0.0942708552 3.31156182
v 0.483145893 0.0985320359 3.2954073
v 0.468736649 0.100000359 3.28395128
v 0.450420111 0.100000367 3.25615287
v 0.3922126 0.100000352 3.25868845
v 0.436047018 0.100000359 3.17759347
v 0.477018714 0.0985320657 3.27967143
v 0.490954399 0.0942707956 3.29241252
v 0.504180372 0.0876339152 3.30864143
v 0.518297732 0.0792708769 3.32367373
v 0.478818268 0.100000367 3.20361519
v 0.456442356 0.100000359 3.1476264
v 0.461212337 0.0985320657 3.25568271
v 0.484490037 0.0942708775 3.27581072
v 0.497151256 0.0876337662 3.29003572
v 0.499794334 0.0999998897 3.17279482
v 0.467024475 0.0999973118 3.12596416
v 0.486748636 0.0985320657 3.20843983
v 0.470948219 0.0942708775 3.25525856
v 0.508027136 0.0792708769 3.30676627
v 0.490419269 0.0876339301 3.27274656
v 0.501129985 0.0792706162 3.28850961
v 0.515030146 0.0999973118 3.14160633
v 0.507832408 0.0985317379 3.17746115
v 0.493902653 0.0942708775 3.21279216
v 0.478674591 0.0876339227 3.25492215
v 0.527609229 0.100002132 3.07069945
v 0.485159278 0.100000352 3.02374053
v 0.614534438 0.100000359 3.014045
v 0.523930907 0.098529011 3.14450645
v 0.515083551 0.0942706764 3.18167067
v 0.494226158 0.0792708844 3.27077937
v 0.499580145 0.0876339227 3.21624613
v 0.483635306 0.0792708769 3.25470591
v 0.621528506 0.100000352 3.0636611
v 0.535479903 0.0985332876 3.07940626
v 0.531960249 0.0942678228 3.14712286
v 0.520838141 0.0876338333 3.18501139
v 0.685289204 0.100000352 3.05038524
v 0.672801912 0.100000359 3.00191307
v 0.622825325 0.0985320508 3.07286072
v 0.542580187 0.0942716002 3.08726048
v 0.74642241 0.100000352 3.03154111
v 0.730679333 0.100000359 2.98407221
v 0.782519937 0.100000359 2.96535826
v 0.687604725 0.0985320508 3.05937243
v 0.503225327 0.0792708769 3.21846366
v 0.538332582 0.087630868 3.14919925
v 0.623995125 0.0942708626 3.08115935
v 0.524532855 0.0792708546 3.1871562
v 0.548214912 0.0876342505 3.0934937
v 0.542423785 0.0792678222 3.15053225
v 0.749391198 0.0985320508 3.04032707
v 0.68969357 0.0942708626 3.06748009
v 0.624923468 0.0876339078 3.08774543
v 0.551832736 0.0792709589 3.09749603
v 0.551832736 0.0792709589 3.09749603
v 0.543833613 0.0699973106 3.15099168
v 0.553079307 0.0700003505 3.09887481
v 0.553079307 -0.0699996576 3.09887481
v 0.52580595 0.0700003579 3.1878953
v 0.625519574 0.079270862 3.09197402
v 0.553079307 0.0700003505 3.09887481
v 0.691351295 0.0876339078 3.07391405
v 0.543833613 -0.0699966028 3.15099168
v 0.504481316 0.0700003654 3.21922779
v 0.752069414 0.0942708626 3.04825282
v 0.542423785 -0.0792671144 3.15053225
v 0.551832795 -0.0792702511 3.09749603
v 0.52580595 -0.0699996501 3.1878953
v 0.485344589 0.0700003654 3.25463152
v 0.504481316 -0.0699996427 3.21922779
v 0.485344589 -0.0699996427 3.25463152
v 0.483635306 -0.0792701542 3.25470591
v 0.524533033 -0.0792701617 3.1871562
v 0.503225327 -0.0792701542 3.21846366
v 0.538332582 -0.0876301676 3.14919925
v 0.548214972 -0.0876335502 3.0934937
v 0.52083838 -0.0876332074 3.18501139
v 0.499580145 -0.0876332 3.21624613
v 0.478674591 -0.0876332 3.25492215
v 0.51508379 -0.0942701548 3.18167067
v 0.493902653 -0.0942701548 3.21279216
v 0.531960249 -0.094267115 3.14712286
v 0.470948219 -0.0942701548 3.25525856
v 0.490419269 -0.0876331925 3.27274656
v 0.484490037 -0.0942701399 3.27581072
v 0.494226158 -0.0792701468 3.27077937
v 0.485344589 -0.0699996427 3.25463152
v 0.486748636 -0.0985313356 3.20843983
v 0.461212337 -0.0985313356 3.25568271
v 0.507832527 -0.0985313505 3.17746115
v 0.477018714 -0.0985313281 3.27967143
v 0.490954399 -0.0942700803 3.29241252
v 0.497151256 -0.0876330435 3.29003572
v 0.483145893 -0.0985313132 3.2954073
v 0.495537907 -0.0699996427 3.27010155
v 0.501129985 -0.0792698935 3.28850961
v 0.495537907 0.0700003654 3.27010155
v 0.485344589 0.0700003654 3.25463152
v 0.502500772 0.0699999854 3.28798389
v 0.502500772 -0.0699992627 3.28798389
v 0.509352565 0.0700003654 3.30612016
v 0.519212723 0.0700003728 3.32235146
v 0.539532661 0.0700003728 3.32912397
v 0.539532661 -0.0699996352 3.32912397
v 0.519212723 -0.0699996352 3.32235146
v 0.538756013 -0.0792701542 3.33049536
v 0.509352565 -0.0699996427 3.30612016
v 0.536502123 -0.0876332 3.33447504
v 0.518297791 -0.0792701393 3.32367373
v 0.508027136 -0.0792701542 3.30676627
v 0.532991648 -0.0942701474 3.34067392
v 0.515642881 -0.0876331776 3.3275106
v 0.504180372 -0.0876332074 3.30864143
v 0.528568149 -0.0985313356 3.34848499
v 0.51150763 -0.094270125 3.33348703
v 0.498188853 -0.0942701772 3.31156182
v 0.523664713 -0.099999629 3.3571434
v 0.506296992 -0.0985313058 3.34101772
v 0.49063921 -0.0985313803 3.31524205
v 0.500521123 -0.0999996141 3.349365
v 0.466074049 -0.0999996215 3.38896394
v 0.437133431 -0.0999996215 3.34132361
v 0.48227033 -0.0999997035 3.31932139
v 0.427806079 -0.0999996215 3.31663465
v 0.474489987 -0.0999996364 3.29872727
v 0.424067885 -0.099999629 3.30703402
v 0.468736649 -0.0999996364 3.28395128
v 0.450420111 -0.0999996439 3.25615287
v 0.3922126 -0.099999629 3.25868845
v 0.436047018 -0.0999996513 3.17759347
v 0.478818268 -0.0999996439 3.20361519
v 0.456442356 -0.0999996513 3.1476264
v 0.499794424 -0.0999996513 3.17279458
v 0.467024475 -0.099996604 3.12596416
v 0.523930907 -0.0985283032 3.14450645
v 0.515030146 -0.099996604 3.14160633
v 0.542580247 -0.0942708924 3.08726048
v 0.527609289 -0.100001439 3.07069945
v 0.485159278 -0.0999996588 3.02374053
v 0.614534438 -0.0999996737 3.014045
v 0.535480022 -0.0985325798 3.07940626
v 0.624923468 -0.0876332223 3.08774543
v 0.623995125 -0.0942701772 3.08115935
v 0.622825325 -0.0985313654 3.07286072
v 0.621528506 -0.0999996662 3.0636611
v 0.685289204 -0.0999996662 3.05038524
v 0.672801912 -0.0999996737 3.00191307
v 0.687604725 -0.0985313654 3.05937243
v 0.68969357 -0.0942701772 3.06748009
v 0.74642241 -0.0999996662 3.03154111
v 0.730679333 -0.0999996737 2.98407221
v 0.782519937 -0.0999996662 2.96535826
v 0.749391198 -0.0985313654 3.04032707
v 0.691351295 -0.0876332223 3.07391405
v 0.752069414 -0.0942701772 3.04825282
v 0.754194856 -0.0876332223 3.05454254
v 0.808250129 -0.0985313505 3.01912904
v 0.81187892 -0.0942701697 3.02671242
v 0.804227531 -0.0999996588 3.01072264
v 0.814758778 -0.0876332149 3.03273082
v 0.692415595 -0.0792701766 3.07804513
v 0.755559444 -0.0792701766 3.05858088
v 0.816607714 -0.0792701691 3.03659463
v 0.625519574 -0.0792701766 3.09197402
v 0.551832795 -0.0792702511 3.09749603
v 0.625724912 -0.0699996576 3.09343076
v 0.553079307 -0.0699996576 3.09887481
v 0.692782342 -0.0699996576 3.07946849
v 0.625724912 0.0700003505 3.09343076
v 0.756029665 -0.0699996576 3.05997252
v 0.692415595 0.079270862 3.07804513
v 0.692782342 0.0700003505 3.07946849
v 0.817244887 -0.0699996576 3.0379262
v 0.754194856 0.0876339078 3.05454254
v 0.756029665 0.0700003505 3.05997252
v 0.755559444 0.079270862 3.05858088
v 0.831196845 -0.0699996576 3.02933931
v 0.817244887 0.0700003505 3.0379262
v 0.816607714 0.079270862 3.03659463
v 0.814758778 0.0876339078 3.03273082
v 0.81187892 0.0942708626 3.02671242
v 0.830303609 -0.0792701691 3.02816534
v 0.808250129 0.0985320508 3.01912904
v 0.827711761 -0.0876332149 3.02475834
v 0.804227531 0.100000352 3.01072264
v 0.8129493 0.100000352 3.00535464
v 0.818588018 0.0985320508 3.01276612
v 0.824500561 0.0999973044 2.99471951
v 0.790776968 0.0999972969 2.95781016
v 0.823674917 0.0942708552 3.01945233
v 0.840453863 0.100022934 2.9802587
v 0.811070263 0.100000344 2.93940783
v 0.830755234 0.0985289961 3.00156403
v 0.827711761 0.0876339078 3.02475834
v 0.863123477 0.100000344 2.96756268
v 0.849275351 0.100000359 2.91801047
v 0.910138786 0.100000352 2.91591048
v 0.836397648 0.0942678228 3.00773859
v 0.845902026 0.0985476524 2.98783302
v 0.830303609 0.079270862 3.02816534
v 0.90530318 0.100000344 2.96610713
v 0.959394038 0.100000359 2.92726588
v 0.840875506 0.087630868 3.01263881
v 0.850816786 0.0942801684 2.99466586
v 0.865690947 0.0985320359 2.9767499
v 0.831196845 0.0700003505 3.02933931
v 0.945488274 0.100000516 2.9753716
v 0.996612012 0.0999973044 2.94027185
v 0.843750477 0.0792678148 3.01578498
v 0.854717135 0.0876382142 3.00008821
v 0.868007183 0.0942708552 2.9850378
v 0.904406369 0.0985320359 2.97541428
v 0.844741106 -0.0699963942 3.01686907
v 0.97963661 0.0999973044 2.98730445
v 1.01734066 0.0999973044 2.94795394
v 0.844741106 0.0699973032 3.01686907
v 0.857221365 0.0792719573 3.00356984
v 0.869845271 0.0876339003 2.9916153
v 0.903597355 0.0942708552 2.98380995
v 0.942910314 0.0985321552 2.9842906
v 0.858084083 0.070000343 3.00476933
v 0.871025503 0.0792708546 2.9958384
v 0.902955353 0.0876339003 2.99047303
v 0.9405846 0.0942709148 2.99233699
v 0.976508617 0.0985289961 2.99603176
v 1.00234962 0.0999973044 2.99572134
v 1.05734205 0.100000352 3.0099566
v 1.06772327 0.100000359 2.96099567
v 1.1324333 0.100000359 2.97174001
v 0.999570012 0.0985289961 3.00457811
v 0.973686755 0.0942678154 3.00390482
v 0.938738942 0.0876339227 2.99872255
v 0.902543128 0.0792708546 2.99475098
v 1.12705588 0.100000352 3.02153158
v 1.19021904 0.100000359 2.97466826
v 1.05541778 0.0985320508 3.01903415
v 0.997062624 0.0942678154 3.01256776
v 0.971447349 0.087630868 3.01015282
v 1.19361663 0.100000352 3.02490473
v 1.22076154 0.100000359 2.96893144
v 1.12605882 0.0985320508 3.03076339
v 1.05368185 0.0942708626 3.02722359
v 0.937554002 0.0792708546 3.0028224
v 0.995072722 0.0876308605 3.0189085
v 0.970009506 0.0792678148 3.01416445
v 1.23950255 0.100000352 3.01628542
v 1.19424641 0.0985320508 3.03421926
v 1.12515926 0.0942708626 3.03909159
v 1.05230415 0.0876339078 3.0337224
v 1.27022541 0.0999973044 2.99667883
v 1.24190044 0.0999972969 2.95544076
v 1.24297738 0.0985320508 3.02506566
v 1.19481444 0.0942708626 3.04262161
v 1.32397592 0.099997364 2.95701385
v 1.2935282 0.0999972969 2.91734219
v 1.34332681 0.100000337 2.87761378
v 1.27547753 0.0985289961 3.0043242
v 1.37595999 0.100000344 2.91554189
v 1.36561644 0.100000337 2.8569448
v 1.12444544 0.0876339078 3.04570079
v 1.24611211 0.0942708626 3.03298616
v 1.32962036 0.0985290334 2.96436977
v 1.19526529 0.0876339078 3.04928994
v 1.28021574 0.0942678154 3.01122141
v 1.24859977 0.0876339078 3.03927183
v 1.40389252 0.100000337 2.88964033
v 1.38201129 0.0985320359 2.92257357
v 1.33471251 0.0942678303 2.97100592
v 1.41321635 0.100000337 2.87573743
v 1.37061191 0.100000337 2.84949589
v 1.41098905 0.0985320359 2.89570236
v 1.4232018 0.0999972895 2.85802555
v 1.38036501 0.0999972895 2.83219647
v 1.28397584 0.0876308605 3.01669502
v 1.38747025 0.0942708552 2.92891693
v 1.4211154 0.0985320359 2.88060284
v 1.43621719 0.100023679 2.83780336
v 1.39681625 0.100000329 2.80663586
v 1.42014563 0.100000329 2.78241253
v 1.33875346 0.0876308605 2.97627211
v 1.41739106 0.0942708477 2.90117073
v 1.43114424 0.0985289812 2.86281514
v 1.45397544 0.100000337 2.81936431
v 1.46036029 0.100000329 2.74999952
v 1.39180243 0.0876339003 2.9339509
v 1.42824149 0.0942708477 2.88499212
v 1.44352281 0.0985481516 2.84358191
v 1.49265909 0.100000329 2.7881856
v 1.4935137 0.100000329 2.7205863
v 1.42247188 0.0876338929 2.9055109
v 1.43830895 0.0942678005 2.86713576
v 1.4602474 0.0985320359 2.82621598
v 1.5286634 0.100000329 2.75624299
v 1.51978528 0.100000322 2.69181371
v 1.43389666 0.0876338929 2.88847518
v 1.45011318 0.094280459 2.8487947
v 1.49864721 0.098532021 2.79526615
v 1.55984664 0.100000307 2.72209167
v 1.53341329 0.100000322 2.67068243
v 1.44399476 0.0876308531 2.87056446
v 1.46590543 0.0942708477 2.83239698
v 1.53518057 0.098532021 2.76285386
v 1.45534348 0.0876383409 2.85293174
v 1.50404906 0.0942708403 2.80165339
v 1.47039568 0.0876338929 2.83730221
v 1.43752766 0.0792708471 2.89071178
v 1.44764555 0.0792677999 2.87276602
v 1.45870149 0.0792719796 2.85558796
v 1.4257338 0.0792708471 2.9082973
v 1.39458382 0.0792708546 2.9371829
v 1.34134793 0.0792677999 2.97965336
v 1.28639007 0.0792678148 3.02020907
v 1.25019693 0.079270862 3.04330754
v 1.19555473 0.079270862 3.05357122
v 1.12398708 0.079270862 3.04994416
v 1.05141962 0.079270862 3.0378952
v 0.993795156 0.0792678148 3.02297926
v 1.28722203 0.0699973032 3.02142024
v 1.2507472 0.0700003505 3.044698
v 1.19565451 0.0700003505 3.05504656
v 1.12382913 0.0700003505 3.05140662
v 1.0511148 0.0700003505 3.03933334
v 0.993354976 0.0699973032 3.02438188
v 0.969514072 0.0699973032 3.01554656
v 1.342242 0.0699972957 2.98081851
v 1.28722203 -0.0699966103 3.02142024
v 1.2507472 -0.0699996576 3.044698
v 1.19565451 -0.0699996576 3.05504656
v 1.39554226 0.070000343 2.93829656
v 0.937145591 0.070000343 3.00423527
v 1.342242 -0.0699966177 2.98081851
v 1.12382913 -0.0699996576 3.05140662
v 1.42685807 0.0700003356 2.90925765
v 0.90240109 0.070000343 2.99622512
v 1.43877888 0.0700003356 2.89148235
v 0.871432185 0.070000343 2.99729371
v 1.4489032 0.0699972883 2.87352443
v 1.42685807 -0.0699996725 2.90925765
v 1.43877888 -0.0699996725 2.89148235
v 1.4489032 -0.0699966252 2.87352443
v 1.39554226 -0.069999665 2.93829656
v 0.90240109 -0.069999665 2.99622512
v 0.871432185 -0.069999665 2.99729371
v 0.937145591 -0.069999665 3.00423527
v 0.858084083 -0.069999665 3.00476933
v 0.843750477 -0.0792669952 3.01578498
v 0.857221365 -0.0792712942 3.00356984
v 0.871025503 -0.0792701766 2.9958384
v 0.840875506 -0.0876301676 3.01263881
v 0.969514072 -0.0699966103 3.01554656
v 0.902543128 -0.0792701766 2.99475098
v 0.854717135 -0.087637566 3.00008821
v 0.823674917 -0.0942701697 3.01945233
v 0.836397648 -0.0942672715 3.00773859
v 0.818588018 -0.0985313505 3.01276612
v 0.869845271 -0.0876332223 2.9916153
v 0.937554002 -0.0792701766 3.0028224
v 0.850816786 -0.0942795426 2.99466586
v 0.8129493 -0.0999996588 3.00535464
v 0.830755234 -0.0985286087 3.00156403
v 0.824500561 -0.099997066 2.99471951
v 0.790776968 -0.0999966189 2.95781016
v 0.902955353 -0.0876332223 2.99047303
v 0.845902026 -0.0985470563 2.98783302
v 0.840453863 -0.100022368 2.9802587
v 0.811070263 -0.0999996662 2.93940783
v 0.868007183 -0.0942701772 2.9850378
v 0.863123477 -0.0999996662 2.96756268
v 0.849275351 -0.0999996737 2.91801047
v 0.910138786 -0.0999996811 2.91591048
v 0.865690947 -0.0985313654 2.9767499
v 0.903597355 -0.0942701772 2.98380995
v 0.938738942 -0.0876332223 2.99872255
v 0.90530318 -0.0999996662 2.96610713
v 0.959394038 -0.0999996737 2.92726588
v 0.904406369 -0.0985313654 2.97541428
v 0.945488274 -0.0999996662 2.9753716
v 0.996612012 -0.0999966264 2.94027185
v 0.9405846 -0.0942701772 2.99233699
v 0.942910314 -0.0985313654 2.9842906
v 0.970009506 -0.0792671144 3.01416445
v 0.97963661 -0.0999966189 2.98730445
v 1.01734066 -0.0999966264 2.94795394
v 0.971447349 -0.0876301676 3.01015282
v 0.976508617 -0.0985283032 2.99603176
v 0.973686755 -0.094267115 3.00390482
v 0.993354976 -0.0699966103 3.02438188
v 0.993795156 -0.0792671144 3.02297926
v 1.0511148 -0.0699996576 3.03933334
v 0.995072722 -0.0876301602 3.0189085
v 1.05141962 -0.0792701691 3.0378952
v 0.997062624 -0.094267115 3.01256776
v 1.12398708 -0.0792701766 3.04994416
v 1.05230415 -0.0876331925 3.0337224
v 0.999570012 -0.0985283032 3.00457811
v 1.19555473 -0.0792701691 3.05357122
v 1.05368185 -0.0942701176 3.02722359
v 1.12444544 -0.0876332223 3.04570079
v 1.00234962 -0.0999966189 2.99572134
v 1.25019693 -0.0792701766 3.04330754
v 1.05541778 -0.0985312611 3.01903415
v 1.05734205 -0.0999995172 3.0099566
v 1.06772327 -0.0999996737 2.96099567
v 1.1324333 -0.0999996737 2.97174001
v 1.12515926 -0.0942701772 3.03909159
v 1.19526529 -0.0876332149 3.04928994
v 1.28639007 -0.0792671442 3.02020907
v 1.12705588 -0.0999996662 3.02153158
v 1.19021904 -0.0999996737 2.97466826
v 1.12605882 -0.0985313654 3.03076339
v 1.19481444 -0.0942701697 3.04262161
v 1.24859977 -0.0876332223 3.03927183
v 1.34134793 -0.0792671293 2.97965336
v 1.19361663 -0.0999996588 3.02490473
v 1.22076154 -0.0999996737 2.96893144
v 1.19424641 -0.0985313505 3.03421926
v 1.24611211 -0.0942701772 3.03298616
v 1.28397584 -0.087630257 3.01669502
v 1.39458382 -0.0792701766 2.9371829
v 1.24297738 -0.0985313654 3.02506566
v 1.23950255 -0.0999996662 3.01628542
v 1.28021574 -0.0942673236 3.01122141
v 1.33875346 -0.0876301751 2.97627211
v 1.4257338 -0.079270184 2.9082973
v 1.27022541 -0.0999971032 2.99667883
v 1.24190044 -0.0999966189 2.95544076
v 1.27547753 -0.0985286459 3.0043242
v 1.33471251 -0.0942671299 2.97100592
v 1.39180243 -0.0876332223 2.9339509
v 1.43752754 -0.079270184 2.89071155
v 1.32397592 -0.0999966189 2.95701385
v 1.2935282 -0.0999966189 2.91734219
v 1.34332681 -0.0999996737 2.87761378
v 1.32962036 -0.0985283107 2.96436977
v 1.38747025 -0.0942701772 2.92891693
v 1.42247188 -0.0876332298 2.9055109
v 1.37595999 -0.0999996662 2.91554189
v 1.36561644 -0.0999996737 2.8569448
v 1.38201129 -0.0985313654 2.92257357
v 1.41739106 -0.0942701846 2.90117073
v 1.43389654 -0.0876332298 2.88847518
v 1.41098905 -0.0985313654 2.89570236
v 1.40389252 -0.0999996737 2.88964033
v 1.42824137 -0.0942701846 2.88499188
v 1.44764543 -0.0792671368 2.87276602
v 1.41321623 -0.0999996737 2.87573743
v 1.37061191 -0.0999996737 2.84949589
v 1.42111528 -0.0985313654 2.8806026
v 1.44399476 -0.0876301974 2.87056446
v 1.45985842 -0.0699996725 2.85650301
v 1.42320192 -0.0999966711 2.85802555
v 1.38036501 -0.0999966264 2.83219647
v 1.43114424 -0.0985283479 2.8628149
v 1.43830884 -0.0942671597 2.86713552
v 1.45870137 -0.079271324 2.85558796
v 1.45985842 0.0700003356 2.85650301
v 1.43621719 -0.100023009 2.83780336
v 1.39681625 -0.0999996811 2.80663586
v 1.42014563 -0.0999996811 2.78241253
v 1.45534337 -0.0876376852 2.85293174
v 1.44352281 -0.0985474885 2.84358191
v 1.45011318 -0.0942798033 2.8487947
v 1.47427201 -0.0699996725 2.841537
v 1.47327852 0.0792708471 2.84045172
v 1.47327876 -0.079270184 2.84045196
v 1.4703958 -0.0876332298 2.83730268
v 1.46590543 -0.0942701846 2.83239746
v 1.46024728 -0.0985313654 2.82621646
v 1.47427201 0.0700003356 2.841537
v 1.50833607 0.0876338854 2.80672264
v 1.51108837 0.0792708397 2.80997705
v 1.5120368 0.0700003281 2.81109858
v 1.5120368 -0.0699996799 2.81109858
v 1.51108861 -0.0792701915 2.80997729
v 1.50833631 -0.0876332372 2.80672264
v 1.54105997 0.0942708403 2.76881766
v 1.54572582 0.0876338854 2.77355075
v 1.54975379 -0.0699996799 2.77763653
v 1.56718612 0.098532021 2.72780228
v 1.54872155 0.0792708397 2.77658939
v 1.573807 0.0942708403 2.73295403
v 1.58109283 0.100000322 2.68857408
v 1.58994555 0.098532021 2.69189596
v 1.57906139 0.0876338929 2.73704243
v 1.54975379 0.0700003281 2.77763653
v 1.58215344 0.100000322 2.68222928
v 1.59793174 0.0942708328 2.69489288
v 1.58243489 0.0792708471 2.73966742
v 1.58351433 0.100000314 2.67407107
v 1.53591037 0.100000307 2.65569401
v 1.59120166 0.098532021 2.6843729
v 1.6042695 0.087633878 2.69727111
v 1.59936428 0.0942708328 2.68630672
v 1.59266543 0.098532021 2.67559671
v 1.58522964 0.100000314 2.66391635
v 1.58795726 0.0999751687 2.6475563
v 1.54036129 0.0999972746 2.62899709
v 1.56974208 0.0999972671 2.58399415
v 1.59437394 0.098532021 2.66544104
v 1.60092068 0.0942708328 2.67697287
v 1.60584211 0.087633878 2.68784118
v 1.60833859 0.0792708322 2.69879794
v 1.61097431 0.0999972746 2.61230063
v 1.59272528 0.0999972671 2.55212188
v 1.59678197 0.0985137075 2.65099716
v 1.60262299 0.0942708328 2.66681695
v 1.60747218 0.0876338854 2.67806506
v 1.63348353 0.0999973789 2.58108521
v 1.61247253 0.100000314 2.5239203
v 1.61862004 0.0985289663 2.61754799
v 1.60474288 0.0942586809 2.65410137
v 1.65453339 0.100000314 2.55102372
v 1.6251955 0.100000307 2.50240088
v 1.64104056 0.098529011 2.58645511
v 1.61000133 0.0792708322 2.68882656
v 1.60916948 0.0876338854 2.66790938
v 1.62551725 0.0942677855 2.62228155
v 1.61167848 0.0792708397 2.67876625
v 1.61106062 0.0876266211 2.65656495
v 1.61337233 0.0792708397 2.66861129
v 1.66233206 0.0985320061 2.55604887
v 1.6478579 0.0942676812 2.59129953
v 1.63099074 0.0876308307 2.62603807
v 1.61511707 0.0792667121 2.65814662
v 1.67057145 0.100000314 2.52389717
v 1.68289399 0.100000307 2.49023199
v 1.63475502 0.100000307 2.47628474
v 1.67898452 0.0985320061 2.52788281
v 1.66936707 0.0942708254 2.56058192
v 1.65326834 0.087630555 2.5951438
v 1.69085991 0.100000307 2.45342207
v 1.64211786 0.100000307 2.44226146
v 1.69181943 0.0985320061 2.49281788
v 1.6865741 0.0942708254 2.53147817
v 1.70066023 0.10000027 2.41283035
v 1.6532023 0.1000003 2.39635062
v 1.69989777 0.0985320061 2.4554894
v 1.71982825 0.1000003 2.37120771
v 1.67752445 0.1000003 2.34353614
v 1.71002913 0.100000292 2.30699039
v 1.67495036 0.0876338705 2.56417942
v 1.6998713 0.0942708179 2.4951508
v 1.7094593 0.0985319763 2.41588616
v 1.74445868 0.1000003 2.34351492
v 1.74216163 0.100000292 2.28164434
v 1.69259727 0.0876338705 2.53433156
v 1.70805073 0.0942708179 2.45735431
v 1.7276721 0.0985319912 2.37633824
v 1.77231097 0.1000003 2.32154536
v 1.76730096 0.100000292 2.26345539
v 1.70626128 0.0876338631 2.49700212
v 1.71739697 0.0942707956 2.41864276
v 1.75084186 0.0985319912 2.35028696
v 1.71452105 0.0876338631 2.45883441
v 1.73474789 0.0942708105 2.38096642
v 1.72369647 0.0876338482 2.42083049
v 1.79823804 0.1000003 2.30278659
v 1.77790165 0.0985319912 2.32894325
v 1.7566005 0.0942708105 2.35639644
v 1.82875609 0.100005306 2.27673197
v 1.80995131 0.100000307 2.22704268
v 1.86685956 0.0999972522 2.22607994
v 1.80397415 0.0985319912 2.3100791
v 1.74036336 0.0876338556 2.3846395
v 1.7829448 0.0942708105 2.33561659
v 1.76117039 0.0876338556 2.36124492
v 1.86796725 0.0999972448 2.27606845
v 1.83224273 0.0985354483 2.28594494
v 1.80914867 0.0942708105 2.31665754
v 1.90217435 0.100000292 2.27513099
v 1.9013232 0.1000003 2.2251358
v 1.86817265 0.0985289291 2.28533697
v 1.93529677 0.100000292 2.27489448
v 1.93707609 0.1000003 2.22488046
v 1.78694725 0.0876338556 2.34091282
v 1.83538806 0.0942728594 2.29425573
v 1.90233815 0.0985319912 2.28440046
v 1.9623518 0.0999834016 2.27701473
v 1.97428942 0.0999972522 2.22779679
v 2.01226354 0.0999972522 2.2437501
v 1.81325531 0.0876338556 2.32187843
v 1.8683579 0.0942676887 2.29369783
v 1.93496752 0.0985319912 2.28416753
v 1.98951781 0.0999970287 2.28842735
v 2.03995514 0.100000307 2.26050282
v 1.83788419 0.0876348019 2.30085135
v 1.90248585 0.094270803 2.29276276
v 1.9601382 0.0985193774 2.2861402
v 2.01443338 0.1000003 2.30350089
v 2.05899048 0.100000307 2.27157784
v 1.86850488 0.0876306444 2.3003335
v 1.93467057 0.094270803 2.29253292
v 1.98530078 0.0985287875 2.29671121
v 2.03719926 0.1000003 2.31674671
v 2.06798887 0.100000307 2.27508879
v 1.90260303 0.0876338482 2.2993989
v 1.95814121 0.0942620486 2.29437232
v 2.00970483 0.0985319912 2.31147504
v 1.93443489 0.0876338482 2.29917192
v 1.98149657 0.0942676589 2.30418396
v 1.95655644 0.0876281559 2.30090547
v 2.05675602 0.1000003 2.3243773
v 2.03315949 0.0985319912 2.32512188
v 2.00543904 0.0942708105 2.3186686
v 2.07387209 0.1000003 2.32568288
v 2.07092261 0.100000307 2.27531266
v 2.05467343 0.0985319912 2.33351588
v 2.09148479 0.1000003 2.32223892
v 2.0795815 0.100000307 2.27361965
v 1.97847748 0.0876307487 2.31011438
v 2.0295155 0.0942708105 2.33267713
v 2.07441854 0.0985319912 2.33502245
v 2.11402893 0.1000003 2.31558228
v 2.10238361 0.100000307 2.26688671
v 2.10558891 0.100000307 2.26629567
v 2.00205374 0.0876338556 2.32437754
v 2.05279446 0.0942708105 2.34175968
v 2.09369183 0.0985319912 2.33125353
v 2.02662325 0.0876338556 2.33867311
v 2.07491159 0.0942708105 2.34344721
v 2.05130363 0.0876338556 2.34830236
v 2.13012457 0.1000003 2.31261444
v 2.11618781 0.0985319912 2.32461119
v 2.09568286 0.0942708105 2.33938551
v 2.14693522 0.100000292 2.29558277
v 2.11299849 0.100000292 2.25878811
v 2.13847542 0.100000292 2.23741341
v 2.1346736 0.0985319912 2.32120228
v 2.17209077 0.100000292 2.27447748
v 2.15249562 0.100000285 2.22367573
v 2.07530284 0.0876338556 2.35013342
v 2.11813545 0.0942708105 2.33275604
v 2.15322733 0.0985319912 2.30240512
v 2.19189215 0.100000292 2.25507522
v 2.15746379 0.100000285 2.21557713
v 2.0972631 0.0876338556 2.34583926
v 2.13877749 0.0942708105 2.32894945
v 2.17832351 0.0985319912 2.28134942
v 2.20461202 0.0999985933 2.23433971
v 2.1839807 0.099997215 2.08947039
v 2.11968112 0.0876338556 2.33922005
v 2.15890312 0.094270803 2.30855966
v 2.19919682 0.0985319912 2.26089692
v 2.14203429 0.0876338556 2.33509779
v 2.18394589 0.094270803 2.28754878
v 2.16340756 0.0876338482 2.31344366
v 2.23517442 0.0999972224 2.0889926
v 2.21335363 0.0985308141 2.23781872
v 2.20578647 0.094270803 2.26614857
v 2.20863605 0.0999983996 1.97352934
v 2.16207433 0.100000255 1.99416041
v 2.2446661 0.0985289142 2.08890414
v 2.14038277 0.100000262 1.87551177
v 2.10254622 0.100000247 1.90867317
v 2.18840814 0.0876338482 2.29246855
v 2.22123957 0.0942701027 2.24095702
v 2.21726942 0.0985306799 1.96970403
v 2.04272938 0.100000247 1.78638399
v 2.00800943 0.10000024 1.8223896
v 2.21101594 0.0876338482 2.27031636
v 2.25322914 0.0942677259 2.08882403
v 2.14739799 0.0985319614 1.86936355
v 2.02821946 0.0999971107 1.77160025
v 1.99080575 0.0999971926 1.80486155
v 1.97733355 0.10000024 1.78811181
v 2.22749782 0.0876335204 2.24344778
v 2.22505736 0.0942700207 1.96625328
v 2.04916763 0.0985319391 1.77970886
v 2.01509476 0.100000247 1.75528252
v 1.97292304 0.10000024 1.78272557
v 2.26002455 0.0876307786 2.08876085
v 2.15372682 0.0942707732 1.86381698
v 2.03515625 0.0985288471 1.76543331
v 2.23123789 0.0876334757 1.9635148
v 2.05497551 0.0942707509 1.77368724
v 2.1587491 0.0876338184 1.85941529
v 2.23151588 0.0792707205 2.24504662
v 2.26438761 0.0792677328 2.08872008
v 2.23520613 0.0792706907 1.96175659
v 2.21437359 0.0792708024 2.27299237
v 2.19127297 0.0792708024 2.29562736
v 2.16629982 0.0792708024 2.31657982
v 2.14412546 0.0792708099 2.33904529
v 2.12067342 0.0792708099 2.34336996
v 2.09827757 0.0792708099 2.34998274
v 2.07555413 0.0792708099 2.35442615
v 2.05034637 0.0792708099 2.35250282
v 2.02476645 0.0792708099 2.34252262
v 1.99988031 0.0792708099 2.32804298
v 1.97653913 0.0792677402 2.31392217
v 1.95553899 0.0792670771 2.30509996
v 1.93428349 0.0792708024 2.3034339
v 1.90267825 0.0792708024 2.30365968
v 1.8685993 0.0792674795 2.30459356
v 1.83948684 0.0792710409 2.30508614
v 1.81589174 0.0792708099 2.32523036
v 1.78951681 0.0792708099 2.34431314
v 1.7641046 0.0792708099 2.36435795
v 1.74396873 0.0792708099 2.3869977
v 1.727741 0.0792708099 2.42223501
v 1.71867537 0.0792708173 2.45978475
v 1.71036386 0.0792708173 2.49819064
v 1.6964643 0.0792708248 2.53616357
v 1.67853498 0.0792708248 2.56648922
v 1.65674222 0.0792672858 2.5976119
v 1.63450515 0.079267785 2.62845016
v 1.72010672 0.0700003058 2.46011209
v 1.71177757 0.0700003058 2.49860024
v 1.69779694 0.0700003132 2.5367949
v 1.67977011 0.0700003132 2.56728506
v 1.65793943 0.0699965432 2.5984621
v 1.63571596 0.0699972734 2.62928104
v 1.6165148 0.0699972734 2.65869164
v 1.72913468 0.0700002983 2.422719
v 1.61482048 0.0700003207 2.668854
v 1.74521089 0.0700002983 2.38781023
v 1.61312783 0.0700003207 2.67900777
v 1.76511574 0.0700002983 2.36543059
v 1.61143434 0.0700003207 2.68916607
v 1.79040229 0.0700002983 2.34548473
v 1.60974073 0.0700003207 2.69932413
v 1.81680024 0.0700002983 2.32638526
v 1.84003901 0.0700002909 2.30654526
v 1.81680024 -0.0699997097 2.32638526
v 1.79040229 -0.0699997097 2.34548473
v 1.58359718 0.0700003281 2.74057174
v 1.58359718 -0.0699996799 2.74057174
v 1.60974073 -0.0699996874 2.69932413
v 1.54872155 -0.0792701915 2.77658939
v 1.58243489 -0.0792701915 2.73966742
v 1.61143434 -0.0699996874 2.68916607
v 1.54572582 -0.0876332372 2.77355075
v 1.60833859 -0.0792701915 2.69879794
v 1.61312783 -0.0699996874 2.67900777
v 1.50404954 -0.0942701921 2.80165315
v 1.57906139 -0.0876332447 2.73704243
v 1.61000133 -0.0792701915 2.68882656
v 1.61482048 -0.0699996874 2.668854
v 1.54105997 -0.0942701921 2.76881766
v 1.49864805 -0.0985313803 2.79526544
v 1.6042695 -0.0876332372 2.69727111
v 1.61167848 -0.0792701915 2.67876625
v 1.6165148 -0.0699966401 2.65869164
v 1.573807 -0.0942701995 2.73295403
v 1.60584211 -0.0876332372 2.68784118
v 1.61337233 -0.0792701915 2.66861129
v 1.63571596 -0.0699966401 2.62928104
v 1.53518057 -0.0985313803 2.76285386
v 1.59793174 -0.0942701846 2.69489288
v 1.60747218 -0.0876332372 2.67806506
v 1.61511707 -0.0792660713 2.65814662
v 1.65793943 -0.0699959248 2.5984621
v 1.56718612 -0.0985313952 2.72780228
v 1.59936428 -0.0942701846 2.68630672
v 1.60916948 -0.0876332372 2.66790938
v 1.63450491 -0.0792671517 2.62844968
v 1.67977011 -0.0699996948 2.56728506
v 1.58994555 -0.0985313728 2.69189596
v 1.60092068 -0.0942701846 2.67697287
v 1.61106062 -0.0876259804 2.65656495
v 1.65674222 -0.0792666525 2.5976119
v 1.69779694 -0.0699996948 2.5367949
v 1.59120166 -0.0985313728 2.6843729
v 1.60262299 -0.0942701846 2.66681695
v 1.63099086 -0.0876301974 2.6260376
v 1.67853498 -0.0792702064 2.56648922
v 1.71177757 -0.0699997023 2.49860024
v 1.59266543 -0.0985313728 2.67559671
v 1.60474288 -0.0942580402 2.65410137
v 1.65326834 -0.0876298994 2.5951438
v 1.6964643 -0.0792702064 2.53616357
v 1.72010672 -0.0699997023 2.46011209
v 1.59437394 -0.0985313728 2.66544104
v 1.62551761 -0.0942671522 2.62228036
v 1.67495036 -0.0876332521 2.56417942
v 1.71036386 -0.0792702138 2.49819064
v 1.72913468 -0.0699997097 2.422719
v 1.59678197 -0.0985130593 2.65099716
v 1.6478579 -0.0942670107 2.59129953
v 1.69259727 -0.0876332521 2.53433156
v 1.71867537 -0.0792702138 2.45978475
v 1.74521089 -0.0699997097 2.38781023
v 1.61862087 -0.0985283405 2.61754608
v 1.66936707 -0.0942701995 2.56058192
v 1.70626128 -0.0876332596 2.49700212
v 1.727741 -0.0792702213 2.42223501
v 1.76511574 -0.0699997097 2.36543059
v 1.74396873 -0.0792702213 2.3869977
v 1.71452105 -0.0876332596 2.45883441
v 1.6865741 -0.094270207 2.53147817
v 1.7641046 -0.0792702213 2.36435795
v 1.72369647 -0.0876332745 2.42083049
v 1.6998713 -0.0942702144 2.4951508
v 1.78951681 -0.0792702213 2.34431314
v 1.74036336 -0.087633267 2.3846395
v 1.70805073 -0.0942702144 2.45735431
v 1.76117039 -0.087633267 2.36124492
v 1.71739697 -0.0942702293 2.41864276
v 1.73474789 -0.0942702219 2.38096642
v 1.67898452 -0.0985313952 2.52788281
v 1.69181943 -0.0985313952 2.49281788
v 1.69989777 -0.0985313952 2.4554894
v 1.7094593 -0.098531425 2.41588616
v 1.66233206 -0.0985313952 2.55604887
v 1.64104056 -0.0985283032 2.58645511
v 1.7566005 -0.0942702219 2.35639644
v 1.7276721 -0.0985314101 2.37633824
v 1.78694725 -0.087633267 2.34091282
v 1.81589174 -0.0792702213 2.32523036
v 1.84003901 -0.0699997172 2.30654526
v 1.63348353 -0.0999966487 2.58108521
v 1.61097598 -0.0999966413 2.61229825
v 1.65453339 -0.099999696 2.55102372
v 1.58795726 -0.099974528 2.6475563
v 1.67057145 -0.099999696 2.52389717
v 1.68289399 -0.0999997035 2.49023199
v 1.6251955 -0.0999997035 2.50240088
v 1.61247253 -0.099999696 2.5239203
v 1.59272528 -0.0999966487 2.55212188
v 1.56974208 -0.0999966487 2.58399415
v 1.54036129 -0.0999966413 2.62899709
v 1.63475502 -0.0999997035 2.47628474
v 1.53591037 -0.0999996737 2.65569401
v 1.69085991 -0.0999997035 2.45342207
v 1.64211786 -0.0999997035 2.44226146
v 1.70066023 -0.0999997407 2.41283035
v 1.6532023 -0.0999997109 2.39635062
v 1.71982825 -0.0999997109 2.37120771
v 1.67752445 -0.0999997109 2.34353614
v 1.71002913 -0.0999997184 2.30699039
v 1.58522964 -0.0999996811 2.66391635
v 1.58351433 -0.0999996811 2.67407107
v 1.53341329 -0.0999996737 2.67068243
v 1.58215344 -0.0999996811 2.68222928
v 1.58109283 -0.0999996811 2.68857408
v 1.55984664 -0.0999997109 2.72209167
v 1.51978528 -0.0999996886 2.69181371
v 1.5286634 -0.0999996811 2.75624299
v 1.4935137 -0.0999996811 2.7205863
v 1.49266028 -0.0999996811 2.7881844
v 1.46036029 -0.0999996811 2.74999952
v 1.45397508 -0.0999996737 2.81936479
v -2.26003504 0.0722600222 0.302021652
v -2.18097711 0.100000143 0.302022308
v -2.24145818 0.100000143 0.302021801
v -2.1891005 -0.0999998674 0.302022278
v -2.24107003 -0.0999998674 0.302021831
v 2.26419997 -0.0999998674 0.30205968
v -2.25046086 -0.0985315666 0.302021742
v -2.25893188 -0.0942703784 0.302021682
v -2.2656548 -0.0876334235 0.302021623
v -2.27145815 0.0700001419 0.302021563
v -2.26997113 -0.0792703778 0.302021593
v -2.27145815 -0.0699998662 0.302021563
v 2.25883651 0.100000143 0.302059621
v 2.31127596 0.100000143 0.302060068
v 2.33048797 0.0720069483 0.302060217
v 2.31127524 -0.0999998674 0.302060068
v 2.34127593 0.0700001419 0.302060306
v 2.34127593 -0.0699998662 0.302060336
v 2.33981657 0.0792706534 0.303523004
v 2.32054973 -0.0985315591 0.302646339
v 2.32892394 -0.0942703784 0.304347634
v 2.33558202 0.0876336992 0.307767034
v 2.34031177 0.079270646 0.381904125
v 2.34178019 0.0700001493 0.381907284
v 2.34127593 0.0700001419 0.302060306
v 2.32898664 0.094270654 0.314377278
v 2.33605051 0.0876336992 0.381894916
v 2.32067609 0.0985318422 0.32270658
v 2.32941294 0.0942706466 0.381880611
v 2.31146383 0.100000143 0.331939518
v 2.25883651 0.100000143 0.302059621
v 2.26177669 0.100000136 0.381738812
v 2.32104969 0.0985318273 0.381862581
v 2.31177855 0.100000143 0.381842583
v 2.26103377 0.0999970883 0.430287838
v 2.31101108 0.0999971032 0.432805747
v 2.25618362 0.100000143 0.483618081
v 2.32027507 0.0985288024 0.433295876
v 2.32863235 0.0942676067 0.433738023
v 2.33526468 0.0876306593 0.434088945
v 2.30560875 0.100000151 0.492209673
v 2.24661827 0.100000158 0.52053833
v 2.31477261 0.0985318571 0.493802428
v 2.32303953 0.0942706689 0.495239317
v 2.33952308 0.0792676136 0.434314221
v 2.3296001 0.0876337215 0.496379614
v 2.33381224 0.0792706758 0.497111708
v 2.34099054 0.069997102 0.434391856
v 2.33526373 0.0700001568 0.497363985
v 2.30169392 0.0985318571 0.544283032
v 2.30946493 0.0942706764 0.54763341
v 2.31563234 0.0876337215 0.550292313
v 2.31959176 0.0792706758 0.55199939
v 2.32095599 0.0700001642 0.552587569
v 2.29307938 0.100000165 0.540569067
v 2.2787962 0.100000165 0.563321114
v 2.23923421 0.100000158 0.532300651
v 2.28613138 0.0985318571 0.569072604
v 2.29274869 0.0942706764 0.574261069
v 2.2980001 0.0876337215 0.578378677
v 2.30137181 0.0792706758 0.581022263
v 2.2556324 0.100000165 0.587241113
v 2.21998453 0.100000165 0.552178681
v 2.26224256 0.0985318571 0.593741536
v 2.26820564 0.0942706764 0.59960562
v 2.27293801 0.0876337215 0.604259372
v 2.22828603 0.100000128 0.614618778
v 2.18965411 0.100000165 0.582543671
v 2.23544908 0.0985318273 0.620565891
v 2.2419107 0.094270654 0.625930786
v 2.20549631 0.100000195 0.647857308
v 2.15982246 0.100000165 0.626052618
v 2.14286327 0.100000173 0.682929873
v 2.2139647 0.0985318869 0.651899993
v 2.19193244 0.100000173 0.693347156
v 2.13697743 0.100000158 0.728444695
v 2.24703884 0.0876337066 0.630188346
v 2.22160411 0.0942706987 0.655547023
v 2.20103025 0.098531872 0.695278585
v 2.18655109 0.100000165 0.734961271
v 2.13265491 0.099997133 0.760800421
v 2.22766685 0.0876337439 0.658441305
v 2.20923758 0.0942706838 0.697021008
v 2.19574237 0.0985318571 0.736169457
v 2.18165326 0.099997133 0.77162385
v 2.126477 0.10000018 0.780630589
v 2.21575093 0.087633729 0.698403776
v 2.20403409 0.0942706689 0.737259269
v 2.19073796 0.0985288322 0.773630798
v 2.21061444 0.0876336992 0.738124013
v 2.1989336 0.094267644 0.775441289
v 2.20543742 0.0876306891 0.776878119
v 2.17182469 0.10000018 0.803171813
v 2.180233 0.098531872 0.807351291
v 2.18781757 0.0942706913 0.811121523
v 2.16294432 0.100000218 0.815595388
v 2.12634158 0.10000018 0.780819774
v 2.16973066 0.0985319093 0.8220433
v 2.14888501 0.100000188 0.826774359
v 2.11943936 0.10000018 0.786307931
v 2.19383717 0.0876337439 0.814113617
v 2.17585278 0.0942707136 0.827859879
v 2.15434456 0.0985318869 0.834277213
v 2.12935543 0.100000188 0.839746773
v 2.09910512 0.10000018 0.799814939
v 2.18071127 0.0876337513 0.832476139
v 2.15926957 0.0942706987 0.841045678
v 2.13496423 0.0985318869 0.847150326
v 2.10390687 0.100000188 0.861634374
v 2.05825496 0.10000018 0.834949195
v 2.04946613 0.100000173 0.878881991
v 2.16317821 0.0876337439 0.846417189
v 2.14002395 0.0942706987 0.853829265
v 2.11237144 0.0985318869 0.866582155
v 2.14403939 0.0876337439 0.859129727
v 2.12000751 0.0942706987 0.87104547
v 2.1260674 0.0876337439 0.874587536
v 2.09849477 0.10000018 0.888690174
v 2.10758519 0.0985318869 0.890508711
v 2.1157856 0.0942706987 0.89214927
v 2.09510779 0.10000018 0.905620277
v 2.04607916 0.100000173 0.895812094
v 2.10419822 0.0985318869 0.907438815
v 2.09172106 0.10000018 0.922550261
v 2.04269218 0.100000173 0.912742078
v 2.04200482 0.100000188 0.916178584
v 2.12229371 0.0876337513 0.893451214
v 2.11239862 0.0942706987 0.909079313
v 2.10081148 0.0985318869 0.924368799
v 2.11890674 0.0876337513 0.910381258
v 2.10901189 0.0942706987 0.926009357
v 2.11552 0.0876337513 0.927311301
v 2.08934617 0.100000195 0.934420168
v 2.09812355 0.0985318869 0.937802315
v 2.10604191 0.0942707062 0.940853357
v 2.08313942 0.100000195 0.944818676
v 2.0414629 0.100000188 0.917086482
v 2.0908668 0.0985318869 0.949960649
v 2.06998444 0.100000195 0.962630153
v 2.03082061 0.100000188 0.931495786
v 2.01947927 0.0999971479 0.944766402
v 2.11232615 0.0876337513 0.943274736
v 2.09783769 0.0942707062 0.954599142
v 2.07724595 0.0985318869 0.968402505
v 2.05568528 0.0999971479 0.979361832
v 2.01488566 0.100000195 0.949068666
v 2.10336995 0.0876337513 0.958280325
v 2.08379674 0.0942707062 0.973609865
v 2.06239796 0.0985288396 0.985776186
v 2.08899546 0.0876337588 0.977742374
v 2.06845379 0.0942676589 0.991562843
v 2.07325983 0.087630704 0.996155083
v 2.04530954 0.100000195 0.989079237
v 2.05095053 0.0985318869 0.996497571
v 2.05603909 0.0942707062 1.0031898
v 2.00222349 0.100000203 1.01535344
v 1.97849834 0.10000021 0.971257985
v 2.00662279 0.0985319018 1.02352881
v 1.95378196 0.100000203 1.03813934
v 1.93286371 0.10000021 0.992723644
v 2.06007767 0.0876337513 1.00850081
v 2.01059151 0.0942707136 1.03090405
v 1.95766032 0.0985319018 1.04656005
v 1.90235579 0.100000203 1.06132567
v 1.88009202 0.10000021 1.01651657
v 2.01374102 0.0876337588 1.03675699
v 1.96115899 0.0942707136 1.05415642
v 1.90648341 0.0985319018 1.06963384
v 1.84961653 0.100000203 1.09004557
v 1.82042193 0.100000203 1.04901075
v 1.79359424 0.100000203 1.07341361
v 1.96393561 0.0876337588 1.06018496
v 1.91020703 0.0942707136 1.07712877
v 1.85502958 0.0985319018 1.09765375
v 1.83020484 0.100000203 1.10770285
v 1.77652121 0.100000203 1.09484661
v 1.91316199 0.0876337588 1.08307672
v 1.85991287 0.0942707136 1.1045171
v 1.83699286 0.0985319018 1.11406064
v 1.81506968 0.10000021 1.12670302
v 1.7687881 0.100000203 1.10386825
v 1.86378813 0.0876337588 1.10996389
v 1.84311628 0.0942707136 1.11979592
v 1.82221675 0.0985319018 1.13260984
v 1.80295336 0.10000021 1.14083827
v 1.79231668 0.10000021 1.1485908
v 1.80928791 0.0985319018 1.1476928
v 1.82866406 0.0942707211 1.13793838
v 1.84797597 0.0876337588 1.12434745
v 1.79659832 0.0985319018 1.15694177
v 1.81500244 0.0942707211 1.15387642
v 1.83378088 0.0876337662 1.14216721
v 1.80046082 0.0942707211 1.1644752
v 1.8195374 0.0876337662 1.15878379
v 1.80352616 0.0876337662 1.17045379
v 1.85109603 0.079270713 1.12726974
v 1.83706594 0.0792707205 1.1448822
v 1.82244909 0.0792707205 1.16193449
v 1.80549419 0.0792707205 1.17429221
v 1.86627638 0.079270713 1.11346102
v 1.91505933 0.079270713 1.0868957
v 1.96571827 0.079270713 1.06405544
v 2.01576328 0.079270713 1.04051483
v 2.06267047 0.0792707056 1.01191068
v 2.07634544 0.0792676508 0.999103427
v 2.09233332 0.0792707056 0.980395675
v 2.10692167 0.0792707056 0.960643768
v 2.11636066 0.0792707056 0.944829345
v 2.11969829 0.0792707056 0.928147197
v 2.12308502 0.0792707056 0.911217153
v 2.126472 0.0792707056 0.894287109
v 2.12995815 0.0792706981 0.876861751
v 2.14661765 0.0792706981 0.862532854
v 2.16568756 0.0792706981 0.849865913
v 2.18383074 0.0792706981 0.835439801
v 2.19770193 0.0792706907 0.816034675
v 2.20961308 0.0792676434 0.77780062
v 2.21483946 0.0792706385 0.738679111
v 2.21993303 0.0792706832 0.699291587
v 2.23155928 0.0792706907 0.660299599
v 2.25033092 0.0792706683 0.632921815
v 2.27597618 0.0792706758 0.607247233
v 2.19903326 0.0700001791 0.816696525
v 2.21105218 0.0699971318 0.778118491
v 2.21629548 0.0700001046 0.738870144
v 2.22137403 0.0700001717 0.699597538
v 2.23290062 0.0700001717 0.660939872
v 2.25146532 0.0700001642 0.633863628
v 2.27702308 0.0700001642 0.608276665
v 2.23290062 -0.0699998364 0.660939872
v 2.18490553 0.0700001791 0.836461067
v 2.22137403 -0.0699998364 0.699597538
v 2.30253363 0.0700001642 0.58193326
v 2.16655231 0.0700001866 0.851054192
v 2.147506 0.0700001866 0.863705635
v 2.13129854 0.0700001866 0.877645254
v 2.12791181 0.0700001866 0.894575119
v 2.12452483 0.0700001866 0.911505163
v 2.1211381 0.0700001866 0.928435206
v 2.11775112 0.070000194 0.945365071
v 2.10814548 0.070000194 0.961458027
v 2.09348345 0.070000194 0.981309891
v 2.07740855 0.0699971467 1.00011945
v 2.06356382 0.070000194 1.0130856
v 2.01646018 0.0700002015 1.04180992
v 1.96633244 0.0700002015 1.06538904
v 1.91571307 0.0700002015 1.08821154
v 1.86713374 0.0700002015 1.1146661
v 1.85217094 0.0700002015 1.12827659
v 1.83819795 0.0700002089 1.14581776
v 1.82345247 0.0700002089 1.16302025
v 1.80617237 0.0700002089 1.17561483
v 2.01646018 -0.0699998066 1.04180992
v 1.96633244 -0.0699998066 1.06538904
v 1.91571307 -0.0699998066 1.08821154
v 1.86713374 -0.0699998066 1.1146661
v 1.85217094 -0.0699998066 1.12827659
v 1.83819795 -0.0699997991 1.14581776
v 1.82345247 -0.0699997991 1.16302025
v 2.06356382 -0.069999814 1.0130856
v 2.07740855 -0.0699967667 1.00011945
v 2.09348345 -0.069999814 0.981309891
v 2.10814548 -0.069999814 0.961458027
v 2.11775112 -0.069999814 0.945365071
v 2.1211381 -0.0699998215 0.928435206
v 2.12452483 -0.0699998215 0.911505163
v 2.12791181 -0.0699998215 0.894575119
v 2.13129854 -0.0699998215 0.877645254
v 2.147506 -0.0699998215 0.863705635
v 2.16655231 -0.0699998215 0.851054192
v 2.18490553 -0.0699998289 0.836461067
v 2.19903326 -0.0699998289 0.816696525
v 2.21105218 -0.0699967816 0.778118491
v 2.21629524 -0.0699998364 0.738871276
v 2.12995815 -0.0792703331 0.876861751
v 2.14661765 -0.0792703331 0.862532854
v 2.16568756 -0.0792703331 0.849865913
v 2.18383074 -0.0792703405 0.835439801
v 2.19770193 -0.0792703331 0.816034675
v 2.20961308 -0.0792673156 0.77780062
v 2.21483946 -0.079270348 0.738679886
v 2.126472 -0.0792703331 0.894287109
v 2.21993303 -0.0792703405 0.699291587
v 2.12308502 -0.0792703331 0.911217153
v 2.11969829 -0.0792703331 0.928147197
v 2.11636066 -0.0792703256 0.944829345
v 2.10692167 -0.0792703256 0.960643768
v 2.09233332 -0.0792703032 0.980395675
v 2.07634544 -0.0792673081 0.999103427
v 2.06267047 -0.0792703256 1.01191068
v 2.01576328 -0.0792703182 1.04051495
v 1.96571827 -0.0792703256 1.06405544
v 1.91505933 -0.0792703182 1.0868957
v 1.86627638 -0.0792703182 1.11346102
v 1.85109603 -0.0792703182 1.12726974
v 1.83706594 -0.0792703107 1.1448822
v 1.82244909 -0.0792703107 1.16193449
v 2.01374102 -0.0876333639 1.03675699
v 1.96393561 -0.0876333714 1.06018496
v 1.91316199 -0.0876333639 1.08307672
v 1.86378813 -0.0876333639 1.10996389
v 1.84797597 -0.0876333639 1.12434745
v 1.83378088 -0.0876333565 1.14216721
v 1.8195374 -0.0876333565 1.15878379
v 2.06007767 -0.0876333714 1.00850081
v 2.07325983 -0.0876304656 0.996155083
v 2.08899546 -0.0876333117 0.977742434
v 2.10336995 -0.0876333714 0.958280325
v 2.11232615 -0.0876333714 0.943274736
v 2.11552 -0.0876333788 0.927311301
v 2.11890674 -0.0876333788 0.910381258
v 2.12229371 -0.0876333788 0.893451214
v 2.1260674 -0.0876333788 0.874587536
v 2.14403939 -0.0876333788 0.859129727
v 2.16317821 -0.0876333788 0.846417189
v 2.18071127 -0.0876333788 0.832476139
v 2.19383717 -0.0876333863 0.814113617
v 2.20543742 -0.0876304433 0.776878119
v 2.21061468 -0.0876333639 0.73812449
v 2.1157856 -0.0942703336 0.89214927
v 2.12000751 -0.0942703336 0.87104547
v 2.14002395 -0.0942703336 0.853829265
v 2.15926957 -0.0942703336 0.841045678
v 2.17585278 -0.0942703262 0.827859879
v 2.18781757 -0.0942703485 0.811121523
v 2.1989336 -0.0942675173 0.775441289
v 2.11239862 -0.0942703336 0.909079313
v 2.10901189 -0.0942703336 0.926009357
v 2.10604191 -0.0942703262 0.940853357
v 2.09783769 -0.0942703262 0.954599142
v 2.08379698 -0.0942701846 0.973609924
v 2.06845379 -0.0942675918 0.991562843
v 2.05603909 -0.0942703262 1.0031898
v 2.01059151 -0.0942703187 1.03090405
v 1.96115899 -0.0942703262 1.05415642
v 1.91020703 -0.0942703187 1.07712877
v 1.85991287 -0.0942703187 1.1045171
v 1.84311628 -0.0942703187 1.11979592
v 1.82866406 -0.0942703113 1.13793838
v 1.81500232 -0.0942703113 1.1538763
v 2.00662279 -0.0985314995 1.02352881
v 1.95766032 -0.0985315144 1.04656005
v 1.90648341 -0.0985314995 1.06963384
v 1.85502958 -0.0985314995 1.09765375
v 1.83699286 -0.0985314995 1.11406064
v 1.82221675 -0.0985314995 1.13260984
v 1.80928779 -0.0985314995 1.14769268
v 2.05095053 -0.0985315144 0.996497571
v 2.06239796 -0.0985289812 0.985776186
v 2.07724595 -0.098531276 0.968402505
v 2.09086704 -0.0985315144 0.949960589
v 2.09812355 -0.0985315144 0.937802315
v 2.10081148 -0.0985315144 0.924368799
v 2.10419822 -0.0985315144 0.907438815
v 2.10758519 -0.0985315144 0.890508711
v 2.11237144 -0.0985315144 0.866582155
v 2.13496423 -0.0985315144 0.847150326
v 2.15434456 -0.0985315144 0.834277213
v 2.16973066 -0.098531507 0.8220433
v 2.180233 -0.0985315293 0.807351291
v 2.09172106 -0.0999998227 0.922550261
v 2.09510779 -0.0999998227 0.905620277
v 2.09849477 -0.0999998227 0.888690174
v 2.10390687 -0.0999998227 0.861634374
v 2.12935543 -0.0999998227 0.839746773
v 2.14888501 -0.0999998227 0.826774359
v 2.04946613 -0.0999998227 0.878881991
v 2.04607916 -0.0999998227 0.895812094
v 2.05825496 -0.0999998301 0.834949195
v 2.09910512 -0.0999998301 0.799814939
v 2.11943936 -0.0999998301 0.786307931
v 2.04269218 -0.0999998227 0.912742078
v 2.12634158 -0.0999998301 0.780819774
v 2.04200482 -0.0999998227 0.916178584
v 2.16294432 -0.0999998003 0.815595388
v 2.126477 -0.0999998301 0.780630589
v 2.08934617 -0.0999998152 0.934420168
v 2.08313942 -0.0999998152 0.944818616
v 2.0414629 -0.0999998227 0.917086482
v 2.06998444 -0.0999994725 0.962630212
v 2.03082061 -0.0999998227 0.931495786
v 2.01947927 -0.0999967679 0.944766402
v 2.05568528 -0.0999975353 0.979361832
v 2.01488566 -0.0999998152 0.949068666
v 2.04530954 -0.0999998152 0.989079237
v 2.00222349 -0.0999998078 1.01535344
v 1.97849834 -0.0999998152 0.971257985
v 1.95378196 -0.0999998152 1.03813934
v 1.93286371 -0.0999998227 0.992723644
v 1.90235579 -0.0999998078 1.06132567
v 1.88009202 -0.0999998152 1.01651657
v 1.84961653 -0.0999998078 1.09004557
v 1.82042193 -0.0999998078 1.04901075
v 1.79359424 -0.0999998078 1.07341361
v 1.83020484 -0.0999998078 1.10770285
v 1.77652121 -0.0999998078 1.09484661
v 1.81506968 -0.0999998003 1.12670302
v 1.7687881 -0.0999998078 1.10386825
v 1.80295336 -0.0999998003 1.14083815
v 1.79231679 -0.0999998003 1.14859068
v 1.76922417 -0.0999998078 1.10355043
v 1.79659843 -0.0985314995 1.15694165
v 1.76149988 -0.0999998078 1.15872467
v 1.74806261 -0.0999998152 1.11050916
v 1.80046082 -0.0942703113 1.16447496
v 1.72710454 -0.0999998003 1.16662908
v 1.71038651 -0.0999998152 1.1191678
v 1.76399136 -0.0985314921 1.16766405
v 1.80352616 -0.0876333565 1.17045367
v 1.69014859 -0.0999998003 1.18454754
v 1.65632999 -0.0999998003 1.14537764
v 1.73020434 -0.0985314995 1.17542887
v 1.76623893 -0.0942703038 1.17572868
v 1.80549419 -0.0792703107 1.17429209
v 1.66089892 -0.0999998078 1.22750103
v 1.6106925 -0.0999998003 1.21239662
v 1.6122638 -0.099999778 1.32988286
v 1.696419 -0.0985314995 1.19181013
v 1.73300064 -0.0942703113 1.18336725
v 1.76802266 -0.087633349 1.18212867
v 1.80617237 -0.0699997991 1.17561483
v 1.6621778 -0.100003034 1.32312226
v 1.64394128 -0.0999967158 1.45097053
v 1.67020774 -0.0985314921 1.2303015
v 1.7020756 -0.0942703113 1.19836187
v 1.73521984 -0.0876333565 1.18966722
v 1.7691679 -0.0792703032 1.18623781
v 1.76956248 0.0700002089 1.18765378
v 1.69262946 -0.0999968946 1.43952394
v 1.66500592 -0.0999997556 1.55181003
v 1.67143238 -0.0985337198 1.32186878
v 1.67860532 -0.0942703038 1.23282778
v 1.70656466 -0.0876333565 1.20356119
v 1.73664474 -0.0792703107 1.193712
v 1.76956248 -0.0699997991 1.18765378
v 1.71582019 -0.0999997631 1.55054164
v 1.70165682 -0.0985285491 1.43740177
v 1.67978108 -0.09427163 1.32073808
v 1.68526971 -0.087633349 1.23483276
v 1.70944679 -0.0792703107 1.2068994
v 1.73713565 -0.0699997991 1.19510579
v 1.73713565 0.0700002089 1.19510579
v 1.70166361 -0.0999997556 1.64054048
v 1.65166354 -0.0999997482 1.63663197
v 1.7252419 -0.0985314697 1.55030644
v 1.70980036 -0.0942673162 1.43548727
v 1.68640661 -0.0876339599 1.31984067
v 1.68954849 -0.0792703032 1.23611999
v 1.7104398 -0.0699997991 1.20804954
v 1.70166361 -0.0999997556 1.64627171
v 1.64447296 -0.0999997482 1.66005361
v 1.71093416 -0.0985314474 1.64126515
v 1.73374104 -0.0942702889 1.55009437
v 1.71626318 -0.0876303241 1.43396795
v 1.69066048 -0.0792704523 1.31926453
v 1.70166361 -0.0999997556 1.64965796
v 1.64447296 -0.0999997482 1.66343975
v 1.71093416 -0.0985314474 1.64627171
v 1.71929717 -0.0942702591 1.64191878
v 1.74048615 -0.0876333341 1.54992592
v 1.70166361 -0.0999997631 1.66620839
v 1.64627063 -0.0999997482 1.69468927
v 1.71093416 -0.0985314474 1.64965796
v 1.71929717 -0.0942702591 1.64627171
v 1.72110271 -0.0999997631 1.684093
v 1.65166354 -0.0999997482 1.71820581
v 1.73189056 -0.0999997407 1.73917723
v 1.71093416 -0.0985314548 1.66214037
v 1.72041261 -0.0792672634 1.43299246
v 1.72593403 -0.0876333117 1.64243758
v 1.71929717 -0.0942702591 1.64965796
v 1.74481678 -0.0792702883 1.5498178
v 1.72593415 -0.0876333117 1.64627171
v 1.73019528 -0.079270266 1.64277065
v 1.72575498 -0.0985314548 1.675776
v 1.71929717 -0.094270274 1.65847063
v 1.72593415 -0.0876333117 1.64965796
v 1.73019528 -0.079270266 1.64627171
v 1.74609232 -0.0999997556 1.6912024
v 1.76756513 -0.0999997556 1.69832385
v 1.75156367 -0.0999997407 1.74569511
v 1.74872446 -0.0985314474 1.68231082
v 1.72995186 -0.094270274 1.66827321
v 1.72593403 -0.0876333192 1.65555811
v 1.78985417 -0.0999997556 1.70599532
v 1.77464592 -0.0999997407 1.75363958
v 1.77053082 -0.098531425 1.68954039
v 1.75109899 -0.0942702591 1.67428935
v 1.81319964 -0.0999997556 1.71287227
v 1.80233419 -0.0999997407 1.76179576
v 1.86325586 -0.0999997407 1.7710408
v 1.79267383 -0.0985314474 1.69716144
v 1.86813426 -0.0999997556 1.72120869
v 1.91389656 -0.0999997407 1.77330005
v 1.73328257 -0.0876333192 1.66231894
v 1.77320611 -0.0942701697 1.68161666
v 1.81521404 -0.0985314474 1.70380127
v 1.91716075 -0.0999997556 1.72339594
v 1.94991767 -0.0999997407 1.77640736
v 1.75298345 -0.0876333117 1.66792357
v 1.79521739 -0.0942702591 1.6891923
v 1.86903906 -0.0985314474 1.71196914
v 1.95965326 -0.0999997631 1.72706139
v 1.97292304 -0.0999997407 1.78272557
v 1.77532935 -0.0876331106 1.67532825
v 1.81703115 -0.0942702591 1.69561815
v 1.91776597 -0.0985314474 1.71414328
v 1.79723597 -0.0876333117 1.682868
v 1.86985517 -0.0942702591 1.70363426
v 1.81847334 -0.0876333117 1.68912411
v 1.75419331 -0.079270266 1.66383648
v 1.77669251 -0.0792699307 1.67129099
v 1.79853201 -0.079270266 1.67880762
v 1.73542094 -0.0792702734 1.65849614
v 1.73019528 -0.0792702734 1.65368831
v 1.73019528 -0.079270266 1.64965796
v 1.87050295 -0.0876333117 1.69701958
v 1.81939924 -0.079270266 1.68495464
v 1.91831195 -0.0942702591 1.70579636
v 1.96127152 -0.0985314548 1.71789622
v 1.99565828 -0.0999997556 1.73774529
v 1.73166358 -0.0699997619 1.64965796
v 1.73166358 -0.0699997619 1.64627171
v 1.73166358 -0.0699997619 1.65304399
v 1.73166358 -0.0699997619 1.64288545
v 1.73615777 -0.0699997619 1.65717876
v 1.7463088 -0.0699997693 1.54978061
v 1.75461018 -0.0699997619 1.66242814
v 1.72184241 -0.0699967369 1.43265629
v 1.69212627 -0.0699997917 1.31906605
v 1.72184241 0.0699971765 1.43265629
v 1.69102287 -0.0699997991 1.23656356
v 1.69212627 0.0700002164 1.31906605
v 1.69102287 0.0700002089 1.23656356
v 1.77716219 -0.0699992627 1.66989982
v 1.7463088 0.0700002387 1.54978061
v 1.7104398 0.0700002089 1.20804954
v 1.79897857 -0.0699997619 1.67740858
v 1.77716219 0.069999747 1.66989982
v 1.79897857 0.0700002462 1.67740858
v 1.75461018 0.0700002462 1.66242814
v 1.73615777 0.0700002462 1.65717876
v 1.73166358 0.0700002462 1.65304399
v 1.73166358 0.0700002462 1.64965796
v 1.73166358 0.0700002462 1.64627171
v 1.73166358 0.0700002462 1.64288545
v 1.75419331 0.0792707577 1.66383648
v 1.73542094 0.0792707577 1.65849614
v 1.73019528 0.0792707577 1.65368831
v 1.73019528 0.0792707652 1.64965796
v 1.73019528 0.0792707652 1.64627171
v 1.73019528 0.0792707652 1.64277065
v 1.74481678 0.0792707354 1.5498178
v 1.77669251 0.0792704076 1.67129099
v 1.72041261 0.0792676881 1.43299246
v 1.69066048 0.0792708844 1.31926453
v 1.68954849 0.079270713 1.23611999
v 1.70944679 0.0792707205 1.2068994
v 1.73664474 0.0792707205 1.193712
v 1.7691679 0.0792707205 1.18623781
v 1.76802266 0.0876337662 1.18212867
v 1.73521984 0.0876337662 1.18966722
v 1.76623893 0.0942707211 1.17572868
v 1.70656466 0.0876337662 1.20356119
v 1.73300064 0.0942707211 1.18336725
v 1.76399136 0.0985319018 1.16766405
v 1.68526971 0.0876337588 1.23483276
v 1.7020756 0.0942707211 1.19836187
v 1.73020434 0.0985319018 1.17542887
v 1.76149988 0.10000021 1.15872467
v 1.76922417 0.100000218 1.10355043
v 1.74806261 0.100000218 1.11050916
v 1.72710454 0.10000021 1.16662908
v 1.71038651 0.100000218 1.1191678
v 1.68640661 0.0876343921 1.31984067
v 1.67860532 0.0942707062 1.23282778
v 1.696419 0.0985319018 1.19181013
v 1.69014859 0.10000021 1.18454754
v 1.65632999 0.10000021 1.14537764
v 1.71626318 0.0876307264 1.43396795
v 1.67978108 0.0942720622 1.32073808
v 1.67020774 0.0985318944 1.2303015
v 1.66089892 0.100000203 1.22750103
v 1.6106925 0.10000021 1.21239662
v 1.6122638 0.100000203 1.32988286
v 1.74048615 0.0876337886 1.54992592
v 1.70980036 0.0942676812 1.43548727
v 1.67143238 0.0985341519 1.32186878
v 1.6621778 0.100003466 1.32312226
v 1.64394128 0.0999971703 1.45097053
v 1.72593403 0.0876338109 1.64243758
v 1.73374104 0.094270736 1.55009437
v 1.70165682 0.0985288769 1.43740177
v 1.69262946 0.0999971777 1.43952394
v 1.66500592 0.100000225 1.55181003
v 1.72593415 0.0876338109 1.64627171
v 1.71929717 0.0942707583 1.64191878
v 1.7252419 0.0985319167 1.55030644
v 1.71582019 0.100000232 1.55054164
v 1.72593415 0.0876338109 1.64965796
v 1.71929717 0.0942707583 1.64627171
v 1.71093416 0.0985319465 1.64126515
v 1.70166361 0.10000024 1.64054048
v 1.65166354 0.100000232 1.63663197
v 1.72593403 0.0876338035 1.65555811
v 1.71929717 0.0942707583 1.64965796
v 1.71093416 0.0985319465 1.64627171
v 1.70166361 0.10000024 1.64627171
v 1.64447296 0.100000232 1.66005361
v 1.73328257 0.0876338035 1.66231894
v 1.71929717 0.0942707583 1.65847063
v 1.71093416 0.0985319465 1.64965796
v 1.70166361 0.10000024 1.64965796
v 1.64447296 0.100000232 1.66343975
v 1.75298345 0.0876338035 1.66792357
v 1.72995186 0.0942707583 1.66827321
v 1.71093416 0.0985319465 1.66214037
v 1.70166361 0.100000247 1.66620839
v 1.64627063 0.100000232 1.69468927
v 1.72575498 0.0985319465 1.675776
v 1.72110271 0.100000247 1.684093
v 1.65166354 0.100000225 1.71820581
v 1.73189056 0.10000024 1.73917723
v 1.75109899 0.0942707583 1.67428935
v 1.74872446 0.0985319465 1.68231082
v 1.74609232 0.100000247 1.6912024
v 1.77532935 0.0876335949 1.67532825
v 1.76756513 0.100000247 1.69832385
v 1.75156367 0.10000024 1.74569511
v 1.77320611 0.094270654 1.68161666
v 1.77053082 0.0985319093 1.68954039
v 1.79853201 0.0792707577 1.67880762
v 1.78985417 0.100000247 1.70599532
v 1.77464592 0.10000024 1.75363958
v 1.79723597 0.0876338035 1.682868
v 1.79521739 0.0942707583 1.6891923
v 1.79267383 0.0985319465 1.69716144
v 1.81971824 0.0700002462 1.68351793
v 1.81319964 0.100000247 1.71287227
v 1.80233419 0.10000024 1.76179576
v 1.86325586 0.10000024 1.7710408
v 1.81939924 0.0792707577 1.68495464
v 1.81847334 0.0876338035 1.68912411
v 1.81703115 0.0942707583 1.69561815
v 1.81521404 0.0985319465 1.70380127
v 1.81971824 -0.0699997619 1.68351793
v 1.86813426 0.100000247 1.72120869
v 1.91389656 0.10000024 1.77330005
v 1.87106204 0.0700002462 1.69130945
v 1.87091875 0.0792707577 1.69277263
v 1.87050295 0.0876338035 1.69701958
v 1.86985517 0.0942707583 1.70363426
v 1.86903906 0.0985319465 1.71196914
v 1.91716075 0.100000247 1.72339594
v 1.94991767 0.10000024 1.77640736
v 1.91776597 0.0985319465 1.71414328
v 1.91831195 0.0942707583 1.70579636
v 1.91874516 0.0876338035 1.69917214
v 1.91902339 0.0792707577 1.69491911
v 1.95965326 0.100000247 1.72706139
v 1.96127152 0.0985319465 1.71789622
v 1.96273148 0.0942707583 1.70962811
v 1.96389019 0.0876338035 1.70306635
v 1.91911924 0.0700002462 1.69345355
v 1.96463406 0.0792707577 1.69885349
v 1.87106204 -0.0699997619 1.69130945
v 1.96489036 0.0700002462 1.69740176
v 1.87091875 -0.079270266 1.69277263
v 1.91911924 -0.0699997619 1.69345355
v 1.91874516 -0.0876333117 1.69917214
v 1.91902339 -0.079270266 1.69491911
v 1.96273148 -0.094270274 1.70962811
v 1.96389019 -0.0876333192 1.70306635
v 1.96463406 -0.0792702734 1.69885349
v 1.96489036 -0.0699997619 1.69740176
v 1.99989712 -0.0985314474 1.72935891
v 2.00372124 -0.0942702591 1.72179329
v 2.00675583 -0.0876333117 1.71578932
v 2.00532675 -0.0999997556 1.74449325
v 2.0113678 -0.0985314474 1.73736572
v 2.01509476 -0.0999998152 1.75528252
v 1.97733355 -0.0999997407 1.78811181
v 2.01681733 -0.0942702591 1.73093581
v 2.00870442 -0.079270266 1.71193433
v 2.02821946 -0.0999963209 1.77160025
v 1.99080575 -0.0999966934 1.80486155
v 2.00800943 -0.0999997407 1.8223896
v 2.02223635 -0.0985314921 1.7493701
v 2.02114201 -0.0876333117 1.72583306
v 2.04272938 -0.0999997482 1.78638399
v 2.10254622 -0.0999997333 1.90867317
v 2.03515625 -0.0985281318 1.76543331
v 2.02867889 -0.0942702889 1.74403632
v 2.14038277 -0.0999997482 1.87551177
v 2.16207433 -0.0999997258 1.99416041
v 2.04916763 -0.0985314548 1.77970886
v 2.04141426 -0.0942670554 1.75987005
v 2.03379154 -0.0876333266 1.73980355
v 2.02391887 -0.079270266 1.72255683
v 2.20863605 -0.0999978706 1.97352934
v 2.1839807 -0.0999966711 2.08947039
v 2.14739799 -0.0985314399 1.86936355
v 2.05497551 -0.0942702666 1.77368724
v 2.04638052 -0.08763019 1.7554549
v 2.00937581 -0.0699997619 1.71060598
v 2.03707409 -0.079270266 1.73708582
v 2.00937581 0.0700002462 1.71060598
v 2.02487564 -0.0699997619 1.72142792
v 2.02487564 0.0700002462 1.72142792
v 2.00870442 0.0792707577 1.71193433
v 2.00675583 0.0876338035 1.71578932
v 2.02391887 0.0792707577 1.72255683
v 2.03820539 0.0700002536 1.73614931
v 2.03820539 -0.0699997544 1.73614931
v 2.00372124 0.0942707583 1.72179329
v 2.02114201 0.0876338035 1.72583306
v 2.03707409 0.0792707577 1.73708582
v 1.99989712 0.0985319465 1.72935891
v 2.01681733 0.0942707583 1.73093581
v 1.99565828 0.100000247 1.73774529
v 2.0113678 0.0985319465 1.73736572
v 2.00532675 0.100000247 1.74449325
v 2.02223635 0.0985319391 1.7493701
v 2.03379154 0.0876338035 1.73980355
v 2.02867889 0.0942707509 1.74403632
v 2.04141426 0.0942676812 1.75987005
v 2.04638052 0.0876307562 1.7554549
v 2.05958462 0.0876338035 1.7689085
v 2.04956889 0.0792677179 1.75262022
v 2.16197371 0.0792707726 1.8565892
v 2.06254411 0.0792707577 1.76584017
v 2.05066776 0.0699972063 1.75164342
v 2.06356382 0.0700002536 1.76478291
v 2.16308498 0.0700002611 1.85561538
v 2.23657322 0.0700002685 1.96115077
v 2.05066776 -0.0699967071 1.75164342
v 2.06356382 -0.0699997544 1.76478291
v 2.04956889 -0.0792672038 1.75262022
v 2.06254411 -0.0792702734 1.76584017
v 2.05958462 -0.0876333117 1.7689085
v 2.16308498 -0.069999747 1.85561538
v 2.26589084 0.0699972287 2.08870602
v 2.16197371 -0.0792702585 1.8565892
v 2.15372682 -0.0942702591 1.86381698
v 2.1587491 -0.0876333043 1.85941529
v 2.23657322 -0.0699997395 1.96115077
v 2.21726942 -0.098530136 1.96970403
v 2.23520613 -0.0792701542 1.96175659
v 2.22505736 -0.0942694694 1.96625328
v 2.23123789 -0.0876329392 1.9635148
v 2.23517442 -0.0999966785 2.0889926
v 2.2446661 -0.0985283852 2.08890414
v 2.20461202 -0.0999980345 2.23433948
v 2.15746379 -0.0999997258 2.21557713
v 2.25322914 -0.0942672044 2.08882403
v 2.26002455 -0.0876302496 2.08876085
v 2.19189215 -0.0999997184 2.25507522
v 2.15249562 -0.0999997258 2.22367573
v 2.21335363 -0.0985302478 2.23781848
v 2.17209077 -0.0999997184 2.27447748
v 2.13847542 -0.0999997184 2.23741341
v 2.22123957 -0.094269529 2.24095678
v 2.19919682 -0.0985314101 2.26089692
v 2.26438761 -0.0792672038 2.08872008
v 2.14693522 -0.0999997184 2.29558277
v 2.11299849 -0.0999997184 2.25878811
v 2.10558891 -0.0999997184 2.26629567
v 2.17832351 -0.0985314101 2.28134942
v 2.20578647 -0.0942702293 2.26614857
v 2.22749782 -0.0876329541 2.24344754
v 2.26589084 -0.0699966848 2.08870602
v 2.23151588 -0.0792701468 2.24504685
v 2.21101594 -0.0876332745 2.27031636
v 2.18394589 -0.0942702293 2.28754878
v 2.15322733 -0.0985314101 2.30240512
v 2.23290062 -0.0699997172 2.24559784
v 2.21437359 -0.0792702287 2.27299237
v 2.18840814 -0.0876332745 2.29246855
v 2.13012457 -0.0999997109 2.31261444
v 2.15890312 -0.0942702293 2.30855966
v 2.11402893 -0.0999997184 2.31558228
v 2.10238361 -0.0999997258 2.26688671
v 2.0795815 -0.0999997258 2.27361965
v 2.1346736 -0.0985314101 2.32120228
v 2.09148479 -0.0999997184 2.32223892
v 2.07092261 -0.0999997258 2.27531266
v 2.11618781 -0.0985314026 2.32461119
v 2.13877749 -0.0942702219 2.32894945
v 2.16340756 -0.0876332745 2.31344366
v 2.07387209 -0.0999997109 2.32568288
v 2.06798887 -0.0999997258 2.27508879
v 2.09369183 -0.0985314026 2.33125353
v 2.11813545 -0.0942702144 2.33275604
v 2.19127297 -0.0792702287 2.29562736
v 2.14203429 -0.087633267 2.33509779
v 2.16629982 -0.0792702287 2.31657982
v 2.2155304 -0.0699997172 2.27391434
v 2.19226003 -0.0699997172 2.29671574
v 2.07441854 -0.0985314101 2.33502245
v 2.09568286 -0.0942702144 2.33938551
v 2.11968112 -0.0876332596 2.33922005
v 2.14412546 -0.0792702213 2.33904529
v 2.16729617 -0.0699997172 2.31766009
v 2.05675602 -0.0999997184 2.3243773
v 2.03719926 -0.0999997184 2.31674671
v 2.05899048 -0.0999997258 2.27157784
v 2.05467343 -0.0985314026 2.33351588
v 2.07491159 -0.0942702219 2.34344721
v 2.0972631 -0.0876332596 2.34583926
v 2.12067342 -0.0792702138 2.34336996
v 2.14484596 -0.0699997097 2.3404057
v 2.01443338 -0.0999997184 2.30350089
v 2.03995514 -0.0999997258 2.26050282
v 2.03315949 -0.0985314026 2.32512188
v 2.05279446 -0.0942702144 2.34175968
v 2.07530284 -0.087633267 2.35013342
v 2.09827757 -0.0792702138 2.34998274
v 1.98951781 -0.0999966711 2.28842735
v 2.01226354 -0.0999966785 2.2437501
v 2.00970483 -0.0985314101 2.31147504
v 2.0295155 -0.0942702144 2.33267713
v 2.05130363 -0.0876332596 2.34830236
v 1.9623518 -0.0999828279 2.27701473
v 1.97428942 -0.0999966785 2.22779679
v 1.93707609 -0.0999997333 2.22488046
v 1.98530078 -0.0985283703 2.29671121
v 2.00543904 -0.0942702144 2.3186686
v 1.93529677 -0.0999997258 2.27489448
v 1.9013232 -0.0999997333 2.2251358
v 1.9601382 -0.0985188037 2.2861402
v 1.90217435 -0.0999997333 2.27513099
v 1.86685956 -0.0999966785 2.22607994
v 2.02662325 -0.0876332596 2.33867311
v 1.98149657 -0.0942671821 2.30418396
v 1.93496752 -0.098531425 2.28416753
v 2.00205374 -0.0876332596 2.32437754
v 1.95814121 -0.0942614749 2.29437232
v 1.97847748 -0.0876302272 2.31011438
v 1.86796725 -0.0999966711 2.27606845
v 1.90233815 -0.098531425 2.28440046
v 1.93467057 -0.0942702368 2.29253292
v 1.82875609 -0.100004748 2.27673197
v 1.80995131 -0.0999997258 2.22704268
v 1.76730096 -0.0999997184 2.26345539
v 1.86817265 -0.0985283405 2.28533697
v 1.95655644 -0.0876275897 2.30090547
v 1.90248585 -0.0942702293 2.29276276
v 1.93443489 -0.0876332819 2.29917192
v 1.79823804 -0.0999997109 2.30278659
v 1.83224273 -0.0985348821 2.28594494
v 1.8683579 -0.0942671001 2.29369783
v 1.77231097 -0.0999997109 2.32154536
v 1.74216163 -0.0999997184 2.28164434
v 1.80397415 -0.0985314101 2.3100791
v 1.74445868 -0.0999997109 2.34351492
v 1.77790165 -0.0985314101 2.32894325
v 1.75084186 -0.0985314101 2.3502872
v 1.7829448 -0.0942702219 2.33561659
v 1.83538806 -0.0942722932 2.29425573
v 1.80914867 -0.0942702219 2.31665754
v 1.81325531 -0.087633267 2.32187843
v 1.83788419 -0.0876342282 2.30085135
v 1.83948684 -0.0792704672 2.30508614
v 1.86850488 -0.0876300558 2.3003335
v 1.86863184 -0.0699962601 2.30606151
v 1.8685993 -0.0792668909 2.30459356
v 1.90260303 -0.0876332819 2.2993989
v 1.86863184 0.0699968338 2.30606151
v 1.90267825 -0.0792702287 2.30365968
v 1.90270424 -0.0699997172 2.30512786
v 1.90270424 0.0700002909 2.30512786
v 1.93428349 -0.0792702362 2.3034339
v 1.9342314 -0.0699997172 2.30490279
v 1.9342314 0.0700002909 2.30490279
v 1.95553899 -0.0792665035 2.30509996
v 1.95518839 -0.0699966699 2.30654526
v 1.95518839 0.0699972436 2.30654526
v 1.97653913 -0.079267174 2.31392217
v 1.97587121 -0.0699966699 2.31523418
v 1.97587121 0.0699972436 2.31523418
v 1.99988031 -0.0792702138 2.32804298
v 1.9991312 -0.0699997097 2.32930613
v 1.9991312 0.0700002983 2.32930613
v 2.02476645 -0.0792702138 2.34252262
v 2.02412677 -0.0699997097 2.34384894
v 2.02412677 0.0700002983 2.34384894
v 2.05034637 -0.0792702138 2.35250282
v 2.0500164 -0.0699997097 2.35395026
v 2.0500164 0.0700002983 2.35395026
v 2.07555413 -0.0792702213 2.35442615
v 2.07564068 -0.0699997097 2.35590506
v 2.07564068 0.0700002983 2.35590506
v 2.09862709 -0.0699997097 2.35141039
v 2.09862709 0.0700002983 2.35141039
v 2.12101531 -0.0699997097 2.34479976
v 2.12101531 0.0700002983 2.34479976
v 2.14484596 0.0700002983 2.3404057
v 2.16729617 0.0700002909 2.31766009
v 2.19226003 0.0700002909 2.29671574
v 2.2155304 0.0700002909 2.27391434
v 2.23290062 0.0700002909 2.24559784
v -1.6438942 0.100000359 3.12857604
v -1.60128868 0.0999973416 3.03353333
v -1.57147086 0.0999973044 3.07367206
v -1.67540765 0.100000352 3.08972263
v -1.7089138 0.100000359 3.18494654
v -1.53018105 0.0999972969 2.98174572
v -1.51713371 0.0985317826 2.96323586
v -1.53528476 0.0985289961 2.97399426
v -1.49913931 0.0942708552 2.945436
v -1.60681999 0.0985290259 3.02609348
v -1.52106726 0.0942706913 2.95584583
v -1.48001385 0.0876339003 2.92794752
v -1.53988886 0.0942678079 2.96700144
v -1.50210142 0.0876339003 2.93949533
v -1.46430016 0.0792708471 2.91024995
v -1.52418911 0.0876338258 2.94998074
v -1.48233259 0.0792708471 2.92435145
v -1.45554173 0.0700003356 2.89306259
v -1.46541488 0.0700003356 2.90925765
v -1.46541488 -0.0699996725 2.90925765
v -1.48313165 -0.069999665 2.92311239
v -1.50400317 0.0792708546 2.93568134
v -1.48313165 0.070000343 2.92311239
v -1.50465858 -0.069999665 2.93436694
v -1.50465858 0.070000343 2.93436694
v -1.5268842 -0.069999665 2.94491768
v -1.52619338 0.0792708248 2.94621539
v -1.5268842 0.070000343 2.94491768
v -1.5466969 -0.0699966177 2.95666122
v -1.54354274 0.0876308531 2.96145177
v -1.54588866 0.0792678073 2.95788884
v -1.5466969 0.0699972957 2.95666122
v -1.61918867 -0.0699966177 3.00945687
v -1.61180997 0.0942678303 3.01938152
v -1.6157701 0.087630868 3.01405501
v -1.6183126 0.0792678073 3.01063538
v -1.61918867 0.0699972957 3.00945687
v -1.69431591 -0.0699996576 3.06641078
v -1.68125057 0.0985320508 3.08251905
v -1.68652153 0.0942708626 3.07602048
v -1.6907047 0.0876339078 3.07086301
v -1.69339037 0.079270862 3.06755185
v -1.69431591 0.0700003505 3.06641078
v -1.76506174 -0.0699996501 3.12774539
v -1.74400628 0.100000359 3.14919567
v -1.75051272 0.0985320508 3.14256716
v -1.80097306 0.100000359 3.21248817
v -1.76191366 0.100000367 3.2438314
v -1.75638223 0.0942708701 3.13658762
v -1.76104033 0.0876339152 3.13184214
v -1.76403105 0.0792708695 3.12879539
v -1.8594327 0.100000367 3.29444337
v -1.81778169 0.100000374 3.32215381
v -1.86955142 0.100000374 3.40573335
v -1.80821526 0.0985320508 3.20667696
v -1.81474853 0.0942708701 3.20143461
v -1.91319239 0.100000292 3.38123608
v -1.91442084 0.0999973342 3.49441814
v -1.8671546 0.0985320657 3.28930521
v -1.8199333 0.0876339152 3.19727421
v -1.96019006 0.0999974608 3.47412753
v -1.95016623 0.100000389 3.58761859
v -1.87412083 0.0942708775 3.28466964
v -1.9212842 0.098532021 3.37669468
v -1.82326221 0.0792708695 3.1946032
v -1.87964916 0.0876339227 3.28099108
v -1.92858386 0.0942708552 3.37259769
v -1.96867585 0.0985291228 3.47036505
v -1.99857032 0.100000389 3.57419777
v -2.00314951 0.100000396 3.60014081
v -1.95391083 0.100000411 3.60883236
v -2.00754499 0.0985320807 3.57170939
v -1.976331 0.0942679048 3.46697068
v -1.93437696 0.0876339227 3.36934662
v -2.00822973 0.100000404 3.62892199
v -1.95899081 0.100000411 3.63761306
v -2.01227903 0.0985320956 3.59852934
v -2.01564121 0.0942708999 3.56946468
v -2.01330972 0.100000404 3.6577034
v -1.9640708 0.100000411 3.66639447
v -2.01735926 0.0985320881 3.62731051
v -2.01848221 0.100000374 3.68700695
v -1.96940017 0.100000411 3.69658566
v -1.98726916 0.099997364 3.7802124
v -1.98240638 0.0876309201 3.46427679
v -2.02051473 0.0942709073 3.5970757
v -2.02243924 0.0985320881 3.65609193
v -2.03667712 0.0999973565 3.77216005
v -1.99693084 0.0999973714 3.86569023
v -2.02206612 0.087633945 3.56768322
v -2.02559495 0.0942708999 3.62585688
v -2.02758312 0.0985320657 3.68523383
v -2.04694486 0.0999974906 3.86299896
v -1.9964931 0.100000434 3.95204306
v -2.02705073 0.0876339525 3.59592199
v -2.03067493 0.0942708999 3.65463829
v -2.04583812 0.0985290557 3.77066755
v -2.03213096 0.087633945 3.62470317
v -2.0357933 0.094270885 3.68363452
v -2.03721094 0.087633945 3.65348458
v -2.0464735 0.100000426 3.95607734
v -2.05621815 0.0985291526 3.86250043
v -2.05410242 0.0942678675 3.7693212
v -2.03210711 0.100000434 4.04740381
v -1.98315167 0.100000441 4.03685474
v -2.05574059 0.0985321254 3.95682549
v -2.0139277 0.100000434 4.11349583
v -1.96571827 0.100000441 4.10023594
v -2.04230881 0.0876339376 3.68236518
v -2.06458354 0.0942679346 3.86205053
v -2.04118395 0.0985321179 4.04935932
v -1.99530065 0.100000441 4.18121672
v -1.9470911 0.100000449 4.16795635
v -1.92846441 0.100000456 4.23567677
v -2.06066084 0.0876309127 3.76825285
v -2.06410027 0.0942709371 3.95750022
v -2.02286601 0.0985321254 4.1159544
v -1.97667396 0.100000441 4.24893713
v -1.9130168 0.100000456 4.29183817
v -2.07122231 0.0876309574 3.86169362
v -2.04937243 0.0942709297 4.05112362
v -2.00423932 0.0985321403 4.18367529
v -2.0707345 0.0876339823 3.95803571
v -2.03092957 0.0942709446 4.11817265
v -2.05587101 0.0876339749 4.05252314
v -1.95923913 0.100000449 4.31232262
v -1.98561251 0.0985321403 4.2513957
v -2.01230264 0.094270952 4.18589306
v -1.85594487 0.100000463 4.47493553
v -1.81615686 0.100000471 4.44432116
v -1.96780932 0.0985321403 4.31612062
v -1.72226191 0.100000396 4.61966944
v -1.68849087 0.100000478 4.58254099
v -1.53725076 0.0999974385 4.69776917
v -2.03732872 0.0876339898 4.11993265
v -1.99367607 0.094270952 4.25361347
v -1.86332166 0.0985321477 4.48061132
v -1.56405115 0.099999994 4.74020815
v -1.37210393 0.0999974385 4.78279305
v -2.01870203 0.0876339972 4.18765306
v -1.97554064 0.0942709595 4.31954718
v -1.72852325 0.0985321105 4.62655354
v -1.38711536 0.0999983475 4.83130169
v -1.17807841 0.0999989733 4.83116865
v -2.00007534 0.0876339972 4.25537348
v -1.86997676 0.0942709595 4.48573208
v -1.56902027 0.098530896 4.74807692
v -1.18404698 0.099999018 4.88080359
v -0.984052896 0.100000501 4.84837294
v -1.9816761 0.0876340047 4.3222661
v -1.73417163 0.094270952 4.63276386
v -1.39038026 0.098529771 4.84004784
v -1.87525821 0.0876340047 4.48979568
v -1.57350302 0.0942689925 4.75517559
v -1.73865414 0.0876340121 4.63769245
v -0.981990695 0.100000493 4.89984417
v -1.18564868 0.0985306948 4.88995457
v -1.39332557 0.094268322 4.84793758
v -0.797312379 0.100000486 4.87043667
v -0.808448315 0.100000501 4.82181311
v -0.981616616 0.098532185 4.90918112
v -0.612398148 0.100000486 4.80643368
v -0.632843792 0.100000493 4.7596283
v -1.57706034 0.0876314789 4.76080894
v -1.18709373 0.0942694992 4.89821053
v -0.795099318 0.0985321775 4.87948132
v -0.455272198 0.100000478 4.71040916
v -0.483157456 0.100000478 4.66895103
v -0.346832961 0.100000463 4.5649066
v -1.39566302 0.087631166 4.85419941
v -0.981279135 0.0942710042 4.91760445
v -0.60841924 0.098532185 4.81486654
v -1.18824041 0.0876325369 4.90476227
v -0.79310298 0.0942709893 4.88764048
v -0.981011331 0.0876340494 4.9242897
v -0.311487585 0.100000471 4.60159159
v -0.4500404 0.0985321701 4.71807623
v -0.604829848 0.0942709967 4.822474
v -0.20576486 0.100000456 4.47197914
v -0.226974219 0.100000463 4.41653204
v -0.305009305 0.0985321701 4.60831547
v -0.104424641 0.100000449 4.3184948
v -0.124931231 0.100000456 4.26369476
v -0.0358289182 0.100000456 4.28065109
v -0.791518688 0.0876340419 4.89411545
v -0.445320785 0.0942709893 4.72499323
v -0.198283568 0.0985321552 4.47747278
v -0.601981282 0.0876340419 4.82851124
v -0.29916513 0.0942709818 4.61438131
v -0.44157517 0.0876340345 4.73048258
v -0.0383590013 0.100000449 4.33106661
v -0.100090966 0.0985321403 4.32875633
v -0.191534281 0.0942709669 4.48242903
v 0.00536680967 0.100000449 4.32721949
v -0.00573053956 0.100000456 4.27800274
v 0.0176989287 0.100000456 4.26929474
v -0.0388281047 0.0985321403 4.34041405
v 0.0431621596 0.100000449 4.31317282
v 0.029559359 0.100000441 4.25938988
v -0.294527233 0.087634027 4.61919498
v -0.0961814895 0.0942709595 4.33801317
v 0.00742510427 0.0985321403 4.33634472
v -0.186178118 0.0876340121 4.48636246
v -0.0392512903 0.0942709595 4.34884691
v -0.0930788368 0.0876340047 4.3453598
v 0.0688871667 0.100000449 4.29168987
v 0.0478832424 0.0985321403 4.32130909
v 0.00928182993 0.0942709595 4.34457636
v 0.0770476535 0.100000441 4.27675772
v 0.0317128673 0.100000441 4.25545025
v 0.0761789978 0.0985321403 4.29767847
v 0.0861238763 0.100000441 4.25393867
v 0.0414271429 0.100000441 4.23102665
v -0.0395871326 0.0876340047 4.35553932
v 0.0521419421 0.0942709595 4.32864857
v 0.0854530334 0.0985321403 4.28070831
v 0.103681378 0.100000441 4.22647572
v 0.0682294369 0.100000434 4.18910313
v 0.0107553806 0.0876340047 4.3511095
v 0.0827568769 0.0942709595 4.30308104
v 0.0944112539 0.0985321403 4.25818729
v 0.145148009 0.100000441 4.20294857
v 0.142609954 0.100000449 4.14690113
v 0.21578002 0.100000449 4.18006754
v 0.0555216968 0.0876340047 4.33447266
v 0.0930358618 0.094270952 4.28427219
v 0.110254407 0.0985321403 4.23340511
v 0.0879770964 0.0876340047 4.30736828
v 0.101887152 0.094270952 4.26201963
v 0.0990537107 0.0876339972 4.28710032
v 0.19892092 0.100000441 4.22732258
v 0.145618632 0.0985321403 4.21334028
v 0.116184264 0.094270952 4.23965597
v 0.249173805 0.100000441 4.24068117
v 0.26128754 0.100000449 4.19216442
v 0.195795029 0.0985321403 4.23608398
v 0.304522783 0.100000449 4.25360346
v 0.317884564 0.100000456 4.20537853
v 0.107820109 0.0876339972 4.2650609
v 0.146043211 0.094270952 4.2227149
v 0.246930033 0.0985321403 4.2496767
v 0.354091793 0.100000441 4.26954651
v 0.372411549 0.100000456 4.22291613
v 0.437114477 0.100000456 4.25317478
v 0.120889947 0.0876339972 4.24461699
v 0.192975178 0.094270952 4.24398804
v 0.302045703 0.0985321328 4.26254511
v 0.415412337 0.100000449 4.29822302
v 0.498691827 0.100000456 4.28374004
v 0.146380126 0.0876339972 4.23015451
v 0.244905844 0.094270952 4.257792
v 0.350695908 0.0985321403 4.27819252
v 0.47664386 0.100000456 4.32861662
v 0.558817029 0.100000463 4.31297445
v 0.190737396 0.0876339972 4.25026035
v 0.299811095 0.0942709446 4.27061129
v 0.411385357 0.0985321403 4.30657387
v 0.537838995 0.100000449 4.35837126
v 0.615504622 0.100000463 4.33782053
v 0.243299484 0.0876339972 4.26423216
v 0.347632527 0.094270952 4.28599215
v 0.472556055 0.0985321403 4.3369379
v 0.298037738 0.0876339898 4.27701283
v 0.407752514 0.0942709595 4.31410742
v 0.345201373 0.0876339972 4.29218197
v 0.597655892 0.100000456 4.3845892
v 0.533950508 0.0985321403 4.36678886
v 0.468868434 0.0942709148 4.34444427
v 0.661809802 0.0999974087 4.40557003
v 0.675225377 0.0999974087 4.35735178
v 0.594346702 0.0985321552 4.39326048
v 0.729643524 0.100000456 4.42121506
v 0.740125239 0.100000463 4.3723197
v 0.404869556 0.0876340047 4.320086
v 0.530442595 0.0942709595 4.37438202
v 0.659322143 0.0985291079 4.41451025
v 0.800373971 0.100000463 4.43522739
v 0.81069833 0.100000463 4.38630104
v 0.882183254 0.100000471 4.40231323
v 0.465941906 0.0876339078 4.35040092
v 0.591361344 0.0942709669 4.40108299
v 0.727701306 0.0985321552 4.43028069
v 0.871230006 0.100000463 4.45109892
v 0.94507736 0.100000471 4.41646576
v 0.527658641 0.0876340047 4.38040876
v 0.657078028 0.0942679122 4.422575
v 0.798459709 0.0985321477 4.44429874
v 0.935799778 0.100000456 4.46562862
v 1.01728034 0.100000471 4.42751122
v 0.588992119 0.0876340121 4.40729094
v 0.725949168 0.0942709669 4.4384594
v 0.869199514 0.0985321477 4.46014404
v 1.01278913 0.100000463 4.47740555
v 1.07680726 0.100000471 4.42915678
v 0.655297041 0.0876309648 4.42897511
v 0.796732783 0.0942709595 4.4524827
v 0.934078336 0.0985321552 4.47474384
v 1.08297598 0.100000449 4.47934628
v 1.10828102 0.100000471 4.42037201
v 0.724558711 0.0876340121 4.4449501
v 0.867367625 0.0942709595 4.46830368
v 1.01195765 0.0985321552 4.48665714
v 1.12958694 0.100000471 4.46633625
v 1.13144886 0.100000456 4.4046607
v 0.795362353 0.0876340047 4.45897675
v 0.932525575 0.0942709669 4.4829669
v 1.0841192 0.0985321477 4.48865223
v 0.865913928 0.0876340047 4.47477961
v 1.01120758 0.0942709744 4.49500275
v 0.931293249 0.0876340121 4.48949242
v 1.1681813 0.100000456 4.44016314
v 1.13353741 0.0985321626 4.47485828
v 1.08515048 0.0942709669 4.49704695
v 1.19809008 0.100000449 4.39265537
v 1.15070462 0.100000449 4.37407446
v 1.15682709 0.100000434 4.34145546
v 1.17499185 0.0985321552 4.4467454
v 1.01061225 0.0876340196 4.50162601
v 1.13710117 0.0942709744 4.48254633
v 1.08596885 0.0876340121 4.50370932
v 1.20841897 0.100000441 4.33762693
v 1.2068758 0.0985321552 4.39610052
v 1.18113589 0.0942709669 4.45268345
v 1.18971837 0.100000456 4.28367805
v 1.14444947 0.100000434 4.30574703
v 1.2179848 0.0985321328 4.33691692
v 1.16655707 0.100000434 4.24782228
v 1.19811153 0.0985321477 4.27958632
v 1.21480143 0.0942709669 4.39920855
v 1.13992941 0.0876340121 4.48864746
v 1.20568335 0.0942709595 4.27589512
v 1.226614 0.0942709446 4.33627701
v 1.18601179 0.0876340121 4.45739651
v 1.2334621 0.0876339972 4.3357687
v 1.22109139 0.0876340196 4.40167522
v 1.23785901 0.0792709514 4.33544254
v 1.22512984 0.0792709738 4.4032588
v 1.22652137 0.0700004548 4.4038043
v 1.19022095 0.0700004548 4.46146441
v 1.18914223 0.0792709664 4.46042156
v 1.14237106 0.0700004548 4.4939146
v 1.14174533 0.0792709664 4.49256516
v 1.08667541 0.0700004622 4.50946045
v 1.08649433 0.0792709738 4.50798655
v 1.01009846 0.0700004622 4.50734282
v 1.01023006 0.0792709738 4.50587797
v 0.930229545 0.0700004548 4.49512529
v 0.930502057 0.0792709664 4.49368191
v 0.930229545 -0.0699995533 4.49512529
v 0.864658833 0.0700004548 4.48037052
v 0.864980578 0.0792709589 4.47893715
v 0.864980578 -0.0792700499 4.47893715
v 0.864658833 -0.0699995458 4.48037052
v 0.79448241 -0.0792700723 4.46314669
v 0.794179261 0.0700004548 4.4645834
v 0.79448241 0.0792709589 4.46314669
v 0.723665953 -0.0792700574 4.44911671
v 0.794179261 -0.0699995533 4.4645834
v 0.723358333 0.0700004548 4.45055294
v 0.723665953 0.0792709589 4.44911671
v 0.654153585 -0.0792670175 4.43308496
v 0.723358333 -0.0699995533 4.45055294
v 0.653759599 0.0699974075 4.43450069
v 0.654153585 0.0792679191 4.43308496
v 0.587471008 -0.0792700723 4.41127682
v 0.653759599 -0.069996506 4.43450069
v 0.586946666 0.0700004548 4.41265059
v 0.587471008 0.0792709664 4.41127682
v 0.525871277 -0.0792700723 4.38427782
v 0.586946666 -0.0699995533 4.41265059
v 0.525255382 0.0700004473 4.38561106
v 0.525871277 0.0792709589 4.38427782
v 0.464063108 -0.0792699009 4.35422564
v 0.525255382 -0.0699995607 4.38561106
v 0.463415861 0.0700002015 4.35554314
v 0.464063108 0.0792707875 4.35422564
v 0.403018534 -0.0792700648 4.32392454
v 0.463415861 -0.0699993074 4.35554314
v 0.402380735 0.0700004473 4.32524729
v 0.403018534 0.0792709589 4.32392454
v 0.343640447 -0.0792700797 4.29615593
v 0.402380735 -0.0699995607 4.32524729
v 0.343102574 0.0700004399 4.29752541
v 0.343640447 0.0792709514 4.29615593
v 0.29689914 -0.0792700872 4.28112316
v 0.343102574 -0.0699995682 4.29752541
v 0.296506822 0.0700004399 4.28253889
v 0.29689914 0.079270944 4.28112316
v 0.242268085 -0.0792700872 4.26836729
v 0.296506822 -0.0699995682 4.28253889
v 0.241912603 0.0700004399 4.26979256
v 0.242268085 0.0792709514 4.26836729
v 0.189300597 -0.0792700872 4.25428772
v 0.241912603 -0.0699995682 4.26979256
v 0.188805461 0.0700004399 4.25567532
v 0.189300597 0.0792709514 4.25428772
v 0.146596462 -0.0792700797 4.23493099
v 0.188805461 -0.0699995682 4.25567532
v 0.146670997 0.0700004399 4.23657703
v 0.146596462 0.0792709514 4.23493099
v 0.123911366 -0.0792700797 4.24780178
v 0.146670997 -0.0699995682 4.23657703
v 0.124952435 0.0700004399 4.24889946
v 0.123911366 0.0792709514 4.24780178
v 0.111629322 -0.0792700797 4.26701355
v 0.124952435 -0.0699995682 4.24889946
v 0.11294166 0.0700004399 4.26768637
v 0.111629322 0.0792709514 4.26701355
v 0.102917247 -0.0792700797 4.28891659
v 0.11294166 -0.0699995682 4.26768637
v 0.104248717 0.0700004399 4.2895422
v 0.102917247 0.0792709514 4.28891659
v 0.0913286954 -0.0792700723 4.31012106
v 0.104248717 -0.0699995682 4.2895422
v 0.0924836695 0.0700004473 4.31106949
v 0.0913286954 0.0792709589 4.31012106
v 0.0576916113 -0.0792700723 4.33821249
v 0.0924836695 -0.0699995607 4.31106949
v 0.0584390312 0.0700004473 4.33950043
v 0.0576916113 0.0792709589 4.33821249
v 0.0117014805 -0.0792700723 4.35530376
v 0.0584390312 -0.0699995607 4.33950043
v 0.0120274574 0.0700004473 4.35674906
v 0.0117014814 0.0792709589 4.35530376
v -0.0398027636 -0.0792700648 4.35983562
v 0.0120274574 -0.0699995607 4.35674906
v -0.0398770571 0.0700004473 4.3613162
v -0.0398027636 0.0792709589 4.35983562
v -0.091086857 -0.0792700723 4.35007668
v -0.0398770571 -0.0699995607 4.3613162
v -0.090400517 -0.0699995607 4.35170174
v -0.090400517 0.0700004473 4.35170174
v -0.0910868645 0.0792709589 4.35007668
v -0.182739139 -0.0792700648 4.48888779
v -0.090400517 -0.0699995607 4.35170174
v -0.182739139 0.0792709664 4.48888779
v -0.291549355 -0.0792700499 4.62228584
v -0.181554049 -0.0699995533 4.48975801
v -0.43917042 -0.079270035 4.7340064
v -0.181554049 0.0700004548 4.48975801
v -0.090400517 0.0700004473 4.35170174
v -0.291549385 0.0792709813 4.62228584
v -0.29052338 0.0700004697 4.62335062
v -0.29052338 -0.0699995384 4.62335062
v -0.600152254 -0.079270035 4.83238745
v -0.438341856 -0.0699995309 4.73522091
v -0.43917042 0.0792709887 4.7340064
v -0.438341856 0.0700004771 4.73522091
v -0.790501475 -0.0792700201 4.89827251
v -0.599522114 -0.0699995235 4.83372307
v -0.600152254 0.0792709962 4.83238745
v -0.599522114 0.0700004846 4.83372307
v -0.980839372 -0.0792700201 4.92858124
v -0.790501475 0.0792709962 4.89827251
v -0.790151119 0.070000492 4.89970446
v -0.790151119 -0.069999516 4.89970446
v -1.18897665 -0.0792685002 4.90896893
v -0.980839372 0.0792710036 4.92858124
v -0.980780125 0.070000492 4.93006039
v -0.980780125 -0.069999516 4.93006039
v -1.39716375 -0.0792670324 4.85821962
v -1.18897665 0.0792694837 4.90896893
v -1.18923044 0.0699989721 4.91041851
v -1.18923044 -0.0699979886 4.91041851
v -1.57934439 -0.0792671219 4.76442575
v -1.39768088 -0.0699964762 4.85960484
v -1.39716375 0.0792679936 4.85821962
v -1.39768088 0.0699974373 4.85960484
v -1.74153233 -0.0792700499 4.64085674
v -1.57934439 0.0792680681 4.76442575
v -1.58013141 0.0699974298 4.76567221
v -1.58013141 -0.0699964836 4.76567221
v -1.878649 -0.0792700574 4.49240446
v -1.74153233 0.0792709738 4.64085674
v -1.74252391 0.0700004697 4.64194727
v -1.74252391 -0.0699995384 4.64194727
v -1.98561525 -0.0792700648 4.3240118
v -1.878649 0.0792709589 4.49240446
v -1.87981784 0.0700004548 4.49330378
v -1.87981784 -0.0699995533 4.49330378
v -2.00418401 -0.0792700797 4.25650358
v -1.98561525 0.0792709589 4.3240118
v -1.98697257 0.0700004473 4.32461357
v -1.98697257 -0.0699995607 4.32461357
v -2.0228107 -0.0792700797 4.18878317
v -2.00418401 0.0792709514 4.25650358
v -2.00559974 0.0700004399 4.25689316
v -2.00559974 -0.0699995682 4.25689316
v -2.04143739 -0.0792700872 4.12106276
v -2.0228107 0.0792709514 4.18878317
v -2.02422643 0.0700004324 4.18917274
v -2.02422643 -0.0699995756 4.18917274
v -2.06004286 -0.0792700946 4.05342197
v -2.04143739 0.079270944 4.12106276
v -2.04285336 0.0700004324 4.12145233
v -2.04285336 -0.0699995756 4.12145233
v -2.07499409 -0.0792701021 3.95837951
v -2.06004286 0.0792709291 4.05342197
v -2.06148076 0.070000425 4.05373192
v -2.06148076 -0.0699995831 4.05373192
v -2.07548475 -0.0792670622 3.86146426
v -2.07499409 0.0792709365 3.95837951
v -2.07646155 0.0700004175 3.958498
v -2.07646155 -0.0699995905 3.958498
v -2.06487155 -0.0792670771 3.76756668
v -2.07548475 0.0792678893 3.86146426
v -2.07695365 0.0699973628 3.86138535
v -2.07695365 -0.0699965507 3.86138535
v -2.0464921 -0.0792701244 3.68155026
v -2.06487155 0.0792678669 3.76756668
v -2.06632233 0.0699973553 3.76733041
v -2.06632233 -0.0699965581 3.76733041
v -2.04140711 -0.0792701244 3.65274405
v -2.0464921 0.0792708993 3.68155026
v -2.04793334 0.0700003952 3.68126941
v -2.04793334 -0.0699996129 3.68126941
v -2.03632712 -0.0792701244 3.62396264
v -2.04140711 0.0792708993 3.65274405
v -2.04285312 0.0700003952 3.65248871
v -2.04285312 -0.0699996129 3.65248871
v -2.0312469 -0.0792701319 3.59518147
v -2.03632712 0.0792708993 3.62396264
v -2.03777313 0.0700003952 3.62370729
v -2.03777313 -0.0699996129 3.62370729
v -2.02619147 -0.0792701319 3.56653953
v -2.0312469 0.0792709067 3.59518147
v -2.03269291 0.0700003877 3.59492612
v -2.03269291 -0.0699996203 3.59492612
v -1.98630691 -0.079267092 3.46254754
v -2.02619147 0.0792708993 3.56653953
v -2.02761269 0.0700003877 3.56614542
v -2.02761269 -0.0699996203 3.56614542
v -1.93809628 -0.0792701468 3.36725903
v -1.98630691 0.079267852 3.46254754
v -1.98765087 0.069997333 3.46195149
v -1.98765087 -0.0699965805 3.46195149
v -1.88319862 -0.0792701542 3.2786293
v -1.93809628 0.0792708844 3.36725903
v -1.93937802 0.0700003728 3.36653972
v -1.93937802 -0.0699996352 3.36653972
v -1.82326221 -0.0792701617 3.1946032
v -1.88319862 0.0792708769 3.2786293
v -1.88442183 0.0700003654 3.27781534
v -1.88442183 -0.0699996427 3.27781534
v -1.82440913 0.0700003579 3.19368291
v -1.76403105 -0.0792701617 3.12879539
v -1.82440913 -0.0699996501 3.19368291
v -1.76506174 0.0700003579 3.12774539
v 2.14286327 -0.0999998376 0.682929873
v 2.20549631 -0.0999998152 0.647857308
v 2.15982246 -0.099999845 0.626052618
v 2.18965411 -0.099999845 0.582543671
v 2.19193244 -0.0999998301 0.693347156
v 2.13697743 -0.0999998227 0.728444695
v 2.22828603 -0.0999998823 0.614618778
v 2.21998453 -0.099999845 0.552178681
v 2.18655109 -0.0999996364 0.734961271
v 2.13265491 -0.0999967828 0.760800421
v 2.2556324 -0.099999845 0.587241113
v 2.23923421 -0.0999998525 0.532300711
v 2.18165326 -0.0999973416 0.77162385
v 2.2787962 -0.099999845 0.563321114
v 2.24661827 -0.0999998525 0.52053833
v 2.17182469 -0.0999998301 0.803171813
v 2.19073796 -0.098528862 0.773630798
v 2.19574261 -0.0985314026 0.736169517
v 2.20403433 -0.094270274 0.737259507
v 2.20103025 -0.0985315219 0.695278585
v 2.21575093 -0.0876333863 0.698403776
v 2.20923758 -0.0942703336 0.697021008
v 2.2139647 -0.0985315293 0.651899993
v 2.23155928 -0.0792703554 0.660299599
v 2.22160411 -0.0942703485 0.655547023
v 2.22766685 -0.0876334012 0.658441305
v 2.23544908 -0.0985315591 0.620565891
v 2.25146532 -0.0699998438 0.633863628
v 2.25033092 -0.079270348 0.632921815
v 2.27702308 -0.0699998438 0.608276665
v 2.2419107 -0.0942703635 0.625930786
v 2.24703884 -0.0876334012 0.630188346
v 2.26224256 -0.0985315442 0.593741536
v 2.30253363 -0.0699998438 0.58193326
v 2.27597618 -0.0792703554 0.607247233
v 2.26820564 -0.094270356 0.59960562
v 2.27293801 -0.0876334012 0.604259372
v 2.28613138 -0.0985315442 0.569072604
v 2.32095599 -0.0699998438 0.552587569
v 2.30137181 -0.0792703554 0.581022263
v 2.29274869 -0.094270356 0.574261069
v 2.2980001 -0.0876334012 0.578378677
v 2.33526373 -0.0699998513 0.497364044
v 2.31959176 -0.0792703554 0.55199939
v 2.31563234 -0.0876334012 0.550292313
v 2.30946493 -0.094270356 0.54763341
v 2.34099054 -0.0699968114 0.434391856
v 2.33381224 -0.0792703629 0.497111768
v 2.34178019 -0.0699998587 0.381907284
v 2.3296001 -0.0876334086 0.496379673
v 2.33952308 -0.0792673305 0.434314221
v 2.30169392 -0.0985315442 0.544283032
v 2.34135151 -0.0699998662 0.314037383
v 2.32303953 -0.0942703635 0.495239377
v 2.33526468 -0.087630406 0.434088945
v 2.34031177 -0.0792703629 0.381904125
v 2.29307938 -0.099999845 0.540569067
v 2.33985996 -0.0792703778 0.310336262
v 2.31477261 -0.0985315442 0.493802488
v 2.30560875 -0.0999998525 0.492209733
v 2.25618362 -0.0999998376 0.483618081
v 2.32863235 -0.0942673832 0.433738053
v 2.33605051 -0.0876334012 0.381894916
v 2.33557773 -0.0876334235 0.306997389
v 2.32941294 -0.0942703336 0.381880611
v 2.32027507 -0.0985286236 0.433295906
v 2.31101108 -0.0999969766 0.432805777
v 2.26103377 -0.0999967977 0.430287868
v 2.32104969 -0.0985314921 0.381862581
v 2.32054973 -0.0985315591 0.302646339
v 2.31177855 -0.0999997705 0.381842583
v 2.26177669 -0.099999845 0.381738812
v 2.31127524 -0.0999998674 0.302060068
v 2.26419997 -0.0999998674 0.30205968
v 0.017107062 -0.100775711 0.149999976
v 0.017107062 -0.100775719 0.300000012
v -1.4862262 -0.100775495 0.300000012
v 1.52044022 -0.10077595 0.300000012
v -1.4862262 -0.100775495 0.149999976
v 1.52044022 -0.100775942 0.149999976
v -1.4862262 -0.100775495 -5.96046448E-08
v 1.52044022 -0.10077595 -5.96046448E-08
v 0.017107062 -0.100775726 -5.96046448E-08
v -1.48622608 0.105891138 0.300000012
v 0.0171070844 0.1058909 0.300000012
v 0.0171070844 0.10589093 0.149999976
v -1.48622608 0.105891138 0.149999976
v 1.52044034 0.105890691 0.300000012
v -1.48622608 0.105891138 -6.33299351E-08
v 1.52044034 0.105890691 0.149999976
v 0.0171070844 0.10589093 -6.33299351E-08
v 1.52044034 0.105890721 -6.33299351E-08
v 1.76922417 0.100000218 1.10355043
v 1.79359424 0.100000203 1.07341361
v 1.7687881 0.100000203 1.10386825
v 1.79359424 -0.0999998078 1.07341361
v 1.76922417 -0.0999998078 1.10355043
v 1.7687881 -0.0999998078 1.10386825
v 1.7687881 0.100000203 1.10386825
v 1.79359424 0.100000203 1.07341361
v 1.77652121 0.100000203 1.09484661
v 1.74806261 0.100000218 1.11050916
v 1.76922417 0.100000218 1.10355043
v 1.71038651 0.100000218 1.1191678
v 1.82042193 0.100000203 1.04901075
v 1.65632999 0.10000021 1.14537764
v 2.15982246 0.100000165 0.626052618
v 2.05825496 0.10000018 0.834949195
v 1.88009202 0.10000021 1.01651657
v 1.93286371 0.10000021 0.992723644
v 2.04946613 0.100000173 0.878881991
v 1.97849834 0.10000021 0.971257985
v 2.04607916 0.100000173 0.895812094
v 2.01488566 0.100000195 0.949068666
v 2.01947927 0.0999971479 0.944766402
v 2.03082061 0.100000188 0.931495786
v 2.04269218 0.100000173 0.912742078
v 2.0414629 0.100000188 0.917086482
v 2.04200482 0.100000188 0.916178584
v 2.14286327 0.100000173 0.682929873
v 2.09910512 0.10000018 0.799814939
v 2.13697743 0.100000158 0.728444695
v 2.13265491 0.099997133 0.760800421
v 2.11943936 0.10000018 0.786307931
v 2.126477 0.10000018 0.780630589
v 2.12634158 0.10000018 0.780819774
v 2.25883651 0.100000143 0.302059621
v 2.18965411 0.100000165 0.582543671
v 2.26177669 0.100000136 0.381738812
v 2.26103377 0.0999970883 0.430287838
v 2.21998453 0.100000165 0.552178681
v 2.25618362 0.100000143 0.483618081
v 2.23923421 0.100000158 0.532300651
v 2.24661827 0.100000158 0.52053833
v -1.96024585 0.10000018 0.60708046
v -2.18097711 0.100000143 0.302022308
v -2.17199254 0.0999971107 0.416235149
v -2.09439921 0.100000173 0.545059502
v -2.14125299 0.100000173 0.495069206
v -1.7679882 0.10000021 0.973549724
v 1.6106925 0.10000021 1.21239662
v -1.94985437 0.100000188 0.694165409
v -1.71816218 0.100000218 1.11320364
v -1.7576493 0.10000021 1.00972617
v -1.75426233 0.10000021 1.02157736
v -1.75087547 0.10000021 1.03342879
v -1.74882317 0.10000021 1.04061007
v -1.80509949 0.10000021 0.94354856
v -1.172598 0.0999972224 1.92922974
v -1.68943274 0.100000225 1.19806647
v -1.66287947 0.0999971777 1.28019857
v -1.63175201 0.10000024 1.36450052
v 1.6122638 0.100000203 1.32988286
v -1.33808792 0.100000277 1.84434557
v -1.61178279 0.100000247 1.47638714
v -1.61467385 0.0999972001 1.59049308
v -1.48718059 0.10000027 1.80156362
v -1.61170304 0.0999972075 1.6794771
v -1.59018469 0.100000262 1.7323221
v -1.06680906 0.1000003 2.16427755
v 1.64447296 0.100000232 1.66005361
v 1.64394128 0.0999971703 1.45097053
v 0.485159278 0.100000352 3.02374053
v 1.64447296 0.100000232 1.66343975
v 1.65166354 0.100000232 1.63663197
v 1.66500592 0.100000225 1.55181003
v 0.849275351 0.100000359 2.91801047
v 1.64627063 0.100000232 1.69468927
v 1.65166354 0.100000225 1.71820581
v 0.910138786 0.100000352 2.91591048
v 0.811070263 0.100000344 2.93940783
v 0.614534438 0.100000359 3.014045
v 0.672801912 0.100000359 3.00191307
v 0.730679333 0.100000359 2.98407221
v 0.790776968 0.0999972969 2.95781016
v 0.782519937 0.100000359 2.96535826
v 1.6532023 0.1000003 2.39635062
v 1.67752445 0.1000003 2.34353614
v 1.71002913 0.100000292 2.30699039
v 1.74216163 0.100000292 2.28164434
v 1.76730096 0.100000292 2.26345539
v 1.80995131 0.100000307 2.22704268
v 1.73189056 0.10000024 1.73917723
v 1.75156367 0.10000024 1.74569511
v 1.77464592 0.10000024 1.75363958
v 1.80233419 0.10000024 1.76179576
v 1.86325586 0.10000024 1.7710408
v 1.86685956 0.0999972522 2.22607994
v 2.00800943 0.10000024 1.8223896
v 1.9013232 0.1000003 2.2251358
v 1.91389656 0.10000024 1.77330005
v 1.93707609 0.1000003 2.22488046
v 1.99080575 0.0999971926 1.80486155
v 2.10254622 0.100000247 1.90867317
v 1.94991767 0.10000024 1.77640736
v 1.97733355 0.10000024 1.78811181
v 1.97292304 0.10000024 1.78272557
v 1.97428942 0.0999972522 2.22779679
v 2.16207433 0.100000255 1.99416041
v 2.1839807 0.099997215 2.08947039
v 2.01226354 0.0999972522 2.2437501
v 2.15746379 0.100000285 2.21557713
v 2.13847542 0.100000292 2.23741341
v 2.15249562 0.100000285 2.22367573
v 2.03995514 0.100000307 2.26050282
v 2.11299849 0.100000292 2.25878811
v 2.0795815 0.100000307 2.27361965
v 2.05899048 0.100000307 2.27157784
v 2.10238361 0.100000307 2.26688671
v 2.10558891 0.100000307 2.26629567
v 2.07092261 0.100000307 2.27531266
v 2.06798887 0.100000307 2.27508879
v 1.79359424 -0.0999998078 1.07341361
v 1.7687881 -0.0999998078 1.10386825
v 1.77652121 -0.0999998078 1.09484661
v 1.76922417 -0.0999998078 1.10355043
v 1.74806261 -0.0999998152 1.11050916
v 1.71038651 -0.0999998152 1.1191678
v 1.82042193 -0.0999998078 1.04901075
v 1.65632999 -0.0999998003 1.14537764
v 2.15982246 -0.099999845 0.626052618
v 2.05825496 -0.0999998301 0.834949195
v 1.88009202 -0.0999998152 1.01651657
v 1.93286371 -0.0999998227 0.992723644
v 2.04946613 -0.0999998227 0.878881991
v 1.97849834 -0.0999998152 0.971257985
v 2.04607916 -0.0999998227 0.895812094
v 2.01488566 -0.0999998152 0.949068666
v 2.01947927 -0.0999967679 0.944766402
v 2.03082061 -0.0999998227 0.931495786
v 2.04269218 -0.0999998227 0.912742078
v 2.0414629 -0.0999998227 0.917086482
v 2.04200482 -0.0999998227 0.916178584
v 2.14286327 -0.0999998376 0.682929873
v 2.09910512 -0.0999998301 0.799814939
v 2.13697743 -0.0999998227 0.728444695
v 2.13265491 -0.0999967828 0.760800421
v 2.11943936 -0.0999998301 0.786307931
v 2.126477 -0.0999998301 0.780630589
v 2.12634158 -0.0999998301 0.780819774
v 2.26419997 -0.0999998674 0.30205968
v 2.18965411 -0.099999845 0.582543671
v 2.26177669 -0.099999845 0.381738812
v 2.26103377 -0.0999967977 0.430287868
v 2.21998453 -0.099999845 0.552178681
v 2.25618362 -0.0999998376 0.483618081
v 2.23923421 -0.0999998525 0.532300711
v 2.24661827 -0.0999998525 0.52053833
v -1.96024585 -0.0999998525 0.60708046
v -2.1891005 -0.0999998674 0.302022278
v -2.17199254 -0.0999968201 0.416235149
v -2.09439921 -0.0999998599 0.545059562
v -2.14125299 -0.0999998599 0.495069206
v -1.7679882 -0.0999998227 0.973549724
v -1.94985437 -0.099999845 0.694165409
v 1.6106925 -0.0999998003 1.21239662
v -1.80509949 -0.0999998227 0.94354856
v -1.71816218 -0.0999998152 1.11320364
v -1.7576493 -0.0999998227 1.00972617
v -1.75426233 -0.0999998227 1.02157736
v -1.75087547 -0.0999998227 1.03342879
v -1.74882317 -0.0999998227 1.04061007
v -1.172598 -0.0999967083 1.92922974
v -1.68943274 -0.0999998078 1.19806647
v -1.66287947 -0.099996753 1.28019857
v -1.63175201 -0.0999997929 1.36450052
v 1.6122638 -0.099999778 1.32988286
v -1.33808792 -0.0999997556 1.84434557
v -1.61178279 -0.0999997854 1.47638714
v -1.61467385 -0.0999967307 1.59049308
v -1.48718059 -0.0999997631 1.80156362
v -1.61170304 -0.0999967232 1.6794771
v -1.59018469 -0.0999997705 1.7323221
v -1.06680906 -0.0999997333 2.16427755
v 1.64447296 -0.0999997482 1.66005361
v 1.64394128 -0.0999967158 1.45097053
v 0.485159278 -0.0999996588 3.02374053
v 1.64447296 -0.0999997482 1.66343975
v 1.65166354 -0.0999997482 1.63663197
v 1.66500592 -0.0999997556 1.55181003
v 0.849275351 -0.0999996737 2.91801047
v 1.64627063 -0.0999997482 1.69468927
v 1.65166354 -0.0999997482 1.71820581
v 0.910138786 -0.0999996811 2.91591048
v 0.811070263 -0.0999996662 2.93940783
v 0.614534438 -0.0999996737 3.014045
v 0.672801912 -0.0999996737 3.00191307
v 0.730679333 -0.0999996737 2.98407221
v 0.790776968 -0.0999966189 2.95781016
v 0.782519937 -0.0999996662 2.96535826
v 1.6532023 -0.0999997109 2.39635062
v 1.67752445 -0.0999997109 2.34353614
v 1.71002913 -0.0999997184 2.30699039
v 1.74216163 -0.0999997184 2.28164434
v 1.76730096 -0.0999997184 2.26345539
v 1.80995131 -0.0999997258 2.22704268
v 1.73189056 -0.0999997407 1.73917723
v 1.75156367 -0.0999997407 1.74569511
v 1.77464592 -0.0999997407 1.75363958
v 1.80233419 -0.0999997407 1.76179576
v 1.86325586 -0.0999997407 1.7710408
v 1.86685956 -0.0999966785 2.22607994
v 2.00800943 -0.0999997407 1.8223896
v 1.9013232 -0.0999997333 2.2251358
v 1.91389656 -0.0999997407 1.77330005
v 1.93707609 -0.0999997333 2.22488046
v 1.99080575 -0.0999966934 1.80486155
v 2.10254622 -0.0999997333 1.90867317
v 1.94991767 -0.0999997407 1.77640736
v 1.97733355 -0.0999997407 1.78811181
v 1.97292304 -0.0999997407 1.78272557
v 1.97428942 -0.0999966785 2.22779679
v 2.16207433 -0.0999997258 1.99416041
v 2.1839807 -0.0999966711 2.08947039
v 2.01226354 -0.0999966785 2.2437501
v 2.15746379 -0.0999997258 2.21557713
v 2.13847542 -0.0999997184 2.23741341
v 2.15249562 -0.0999997258 2.22367573
v 2.03995514 -0.0999997258 2.26050282
v 2.11299849 -0.0999997184 2.25878811
v 2.0795815 -0.0999997258 2.27361965
v 2.05899048 -0.0999997258 2.27157784
v 2.10238361 -0.0999997258 2.26688671
v 2.10558891 -0.0999997184 2.26629567
v 2.07092261 -0.0999997258 2.27531266
v 2.06798887 -0.0999997258 2.27508879
v -1.93457174 0.100000195 0.798133731
v -1.91917229 0.100000195 0.831243992
v -1.92816162 0.100000195 0.8198663
v -1.94296432 0.100000195 0.748659849
v -1.8805337 0.100000203 0.87693882
v -1.84102893 0.100000203 0.9223966
v -1.83294272 0.100000203 0.932776332
v -1.11844707 0.100000292 2.23091149
v -1.11319458 0.100000285 2.21840048
v -1.12835455 0.100000292 2.26170111
v -1.21554041 0.100000329 2.53325963
v -1.15356386 0.100000292 2.30677772
v -1.2178539 0.100000322 2.48237181
v -1.21954727 0.100000322 2.4451251
v -1.22124076 0.100000314 2.40787911
v -1.18463945 0.100000285 2.32933187
v -1.21912563 0.1000003 2.37177801
v -1.22235405 0.100000314 2.38339067
v -1.21131432 0.1000003 2.35048556
v -1.20617712 0.1000003 2.33710408
v 0.3922126 0.100000352 3.25868845
v -1.23709071 0.100000314 2.60477042
v -1.26125491 0.100000322 2.66049242
v 0.436047018 0.100000359 3.17759347
v -1.31718659 0.100000337 2.8266778
v 0.467024475 0.0999973118 3.12596416
v 0.456442356 0.100000359 3.1476264
v -1.30907452 0.100000344 2.78612185
v -1.2844466 0.100000322 2.70792294
v -1.3056879 0.100000344 2.7691927
v -1.30230129 0.100000344 2.75226331
v -1.3006779 0.100000329 2.74414825
v -1.38163376 0.100000344 2.92551875
v -1.34803975 0.100000337 2.85771012
v -1.37256026 0.100000337 2.89397597
v -1.3629477 0.100000337 2.87014961
v -1.36835694 0.100000337 2.87537766
v -0.124931231 0.100000456 4.26369476
v -1.40467775 0.100000344 2.96331763
v -1.43959916 0.100000344 2.99062681
v 0.0682294369 0.100000434 4.18910313
v 0.0414271429 0.100000441 4.23102665
v 0.142609954 0.100000449 4.14690113
v -0.0358289182 0.100000456 4.28065109
v -0.00573053956 0.100000456 4.27800274
v 0.0317128673 0.100000441 4.25545025
v 0.0176989287 0.100000456 4.26929474
v 0.029559359 0.100000441 4.25938988
v -0.226974219 0.100000463 4.41653204
v -1.57147086 0.0999973044 3.07367206
v -1.46895909 0.100000329 3.00597644
v -1.96940017 0.100000411 3.69658566
v -0.483157456 0.100000478 4.66895103
v -0.346832961 0.100000463 4.5649066
v -1.50265467 0.0999973044 3.02355337
v -1.48925555 0.100000337 3.01561141
v -1.81778169 0.100000374 3.32215381
v -1.6438942 0.100000359 3.12857604
v -1.76191366 0.100000367 3.2438314
v -1.7089138 0.100000359 3.18494654
v -1.86955142 0.100000374 3.40573335
v -1.9640708 0.100000411 3.66639447
v -1.91442084 0.0999973342 3.49441814
v -1.95899081 0.100000411 3.63761306
v -1.95391083 0.100000411 3.60883236
v -1.95016623 0.100000389 3.58761859
v -1.96571827 0.100000441 4.10023594
v -1.98726916 0.099997364 3.7802124
v -1.99693084 0.0999973714 3.86569023
v -1.98315167 0.100000441 4.03685474
v -1.9964931 0.100000434 3.95204306
v -1.9470911 0.100000449 4.16795635
v -1.53725076 0.0999974385 4.69776917
v -1.68849087 0.100000478 4.58254099
v -1.81615686 0.100000471 4.44432116
v -1.92846441 0.100000456 4.23567677
v -1.9130168 0.100000456 4.29183817
v -1.17807841 0.0999989733 4.83116865
v -1.37210393 0.0999974385 4.78279305
v -0.808448315 0.100000501 4.82181311
v -0.984052896 0.100000501 4.84837294
v -0.632843792 0.100000493 4.7596283
v 1.6251955 0.100000307 2.50240088
v 1.61247253 0.100000314 2.5239203
v 1.63475502 0.100000307 2.47628474
v 1.64211786 0.100000307 2.44226146
v 1.59272528 0.0999972671 2.55212188
v 1.56974208 0.0999972671 2.58399415
v 1.54036129 0.0999972746 2.62899709
v 1.42014563 0.100000329 2.78241253
v 0.959394038 0.100000359 2.92726588
v 1.46036029 0.100000329 2.74999952
v 1.4935137 0.100000329 2.7205863
v 1.53591037 0.100000307 2.65569401
v 1.51978528 0.100000322 2.69181371
v 1.53341329 0.100000322 2.67068243
v 1.39681625 0.100000329 2.80663586
v 0.996612012 0.0999973044 2.94027185
v 1.01734066 0.0999973044 2.94795394
v 1.38036501 0.0999972895 2.83219647
v 1.06772327 0.100000359 2.96099567
v 1.2935282 0.0999972969 2.91734219
v 1.1324333 0.100000359 2.97174001
v 1.34332681 0.100000337 2.87761378
v 1.37061191 0.100000337 2.84949589
v 1.36561644 0.100000337 2.8569448
v 1.24190044 0.0999972969 2.95544076
v 1.19021904 0.100000359 2.97466826
v 1.22076154 0.100000359 2.96893144
v 0.427806079 0.100000359 3.31663465
v 0.424067885 0.100000352 3.30703402
v 0.437133431 0.100000359 3.34132361
v 0.466074049 0.100000359 3.38896394
v 0.535725951 0.100000367 3.46404862
v 0.511951566 0.100000367 3.43121505
v 0.498934448 0.100000359 3.40081191
v 0.569887519 0.100000367 3.50002527
v 0.609693289 0.100000404 3.99641275
v 0.21578002 0.100000449 4.18006754
v 0.26128754 0.100000449 4.19216442
v 0.317884564 0.100000456 4.20537853
v 0.372411549 0.100000456 4.22291613
v 0.649841905 0.100000419 3.9489789
v 0.628869474 0.100000411 4.07108021
v 0.437114477 0.100000456 4.25317478
v 0.498691827 0.100000456 4.28374004
v 0.558817029 0.100000463 4.31297445
v 0.615504622 0.100000463 4.33782053
v 0.756239951 0.100000419 4.12980604
v 0.675225377 0.0999974087 4.35735178
v 0.740125239 0.100000463 4.3723197
v 0.841046691 0.100000419 4.16642141
v 0.81069833 0.100000463 4.38630104
v 0.926465452 0.100000426 4.20184565
v 0.882183254 0.100000471 4.40231323
v 1.01249695 0.0999973789 4.23695183
v 0.94507736 0.100000471 4.41646576
v 1.01728034 0.100000471 4.42751122
v 1.06886697 0.100000426 4.25655651
v 1.07680726 0.100000471 4.42915678
v 1.11079812 0.100000426 4.27163267
v 1.14444947 0.100000434 4.30574703
v 1.13049936 0.100000426 4.28415012
v 1.10828102 0.100000471 4.42037201
v 1.15070462 0.100000449 4.37407446
v 1.13144886 0.100000456 4.4046607
v 1.15682709 0.100000434 4.34145546
v 0.720319927 0.100000374 3.58217907
v 0.741830409 0.100000381 3.61420202
v 0.690822363 0.100000374 3.56438851
v 0.749376833 0.100000381 3.64018106
v 0.6350528 0.100000374 3.54046512
v 0.759030342 0.0999973342 3.72168255
v 0.746734262 0.100000381 3.62662292
v 0.744340599 0.100000381 3.61889124
v 0.717336297 0.100000434 3.93309975
v 0.725803137 0.100000434 3.93309975
v 0.734269977 0.100000434 3.93309975
v 0.757079899 0.100000434 3.93309975
v 0.818975687 0.100000434 3.94857216
v 0.793417811 0.100000434 3.94656229
v 0.86208272 0.100000434 3.94903803
v 0.950217485 0.100000389 3.73768592
v 0.909302533 0.100000434 3.95411348
v 1.02494454 0.100000434 3.97313595
v 1.0807054 0.100000389 3.76703048
v 1.13252068 0.100000434 3.97429109
v 1.17970431 0.100000396 3.80898356
v 1.19415176 0.100000419 3.95376992
v 1.22585595 0.100000411 3.89721632
v 1.22488046 0.0999973491 3.8561554
v 1.23015618 0.100000396 3.87603545
v 1.22970653 0.100000411 3.88763499
v 1.22733915 0.100000396 3.8612349
v -1.92816162 -0.0999998376 0.8198663
v -1.91917229 -0.0999998376 0.831243992
v -1.93457174 -0.0999998376 0.798133731
v -1.94296432 -0.0999998376 0.748659849
v -1.8805337 -0.0999998301 0.87693882
v -1.84102893 -0.0999998301 0.9223966
v -1.83294272 -0.0999998301 0.932776332
v -1.11844707 -0.0999997184 2.23091149
v -1.11319458 -0.0999997258 2.21840048
v -1.12835455 -0.0999997184 2.26170111
v -1.21554041 -0.0999997035 2.53325963
v -1.15356386 -0.0999997184 2.30677772
v -1.2178539 -0.0999997109 2.48237181
v -1.21954727 -0.0999997109 2.4451251
v -1.22124076 -0.0999997184 2.40787911
v -1.18463945 -0.0999997109 2.32933187
v -1.21912563 -0.0999997109 2.37177801
v -1.22235405 -0.0999997184 2.38339067
v -1.21131432 -0.0999997109 2.35048556
v -1.20617712 -0.099999696 2.33710408
v 0.3922126 -0.099999629 3.25868845
v -1.23709071 -0.099999696 2.60477042
v -1.26125491 -0.0999996886 2.66049242
v 0.436047018 -0.0999996513 3.17759347
v -1.31718659 -0.0999996737 2.8266778
v 0.467024475 -0.099996604 3.12596416
v 0.456442356 -0.0999996513 3.1476264
v -1.30907452 -0.0999996811 2.78612185
v -1.2844466 -0.0999996886 2.70792294
v -1.3056879 -0.0999996811 2.7691927
v -1.30230129 -0.0999996811 2.75226331
v -1.3006779 -0.0999996811 2.74414825
v -1.38163376 -0.0999996662 2.92551875
v -1.34803975 -0.0999996737 2.85771012
v -1.37256026 -0.0999996737 2.89397597
v -1.3629477 -0.0999996737 2.87014961
v -1.36835694 -0.0999966264 2.87537766
v -0.124931231 -0.0999995768 4.26369476
v -1.40467775 -0.0999996662 2.96331763
v -1.43959916 -0.0999996662 2.99062681
v 0.0682294369 -0.0999995768 4.18910313
v 0.0414271429 -0.0999995694 4.23102665
v 0.142609954 -0.0999995843 4.14690113
v -0.0358289182 -0.0999995768 4.28065109
v -0.00573053956 -0.0999995768 4.27800274
v 0.0317128673 -0.0999995694 4.25545025
v 0.0176989287 -0.0999995694 4.26929474
v 0.029559359 -0.0999995694 4.25938988
v -0.226974219 -0.0999995619 4.41653204
v -1.57147086 -0.0999966115 3.07367206
v -1.46895909 -0.0999996662 3.00597644
v -1.96940017 -0.0999996141 3.69658566
v -0.483157456 -0.099999547 4.66895103
v -0.346832961 -0.099999547 4.5649066
v -1.50265467 -0.0999966115 3.02355337
v -1.48925555 -0.0999996588 3.01561141
v -1.81778169 -0.0999996364 3.32215381
v -1.6438942 -0.0999996513 3.12857604
v -1.76191366 -0.0999996439 3.2438314
v -1.7089138 -0.0999996513 3.18494654
v -1.86955142 -0.0999996364 3.40573335
v -1.9640708 -0.0999996215 3.66639447
v -1.91442084 -0.0999965817 3.49441814
v -1.95899081 -0.0999996215 3.63761306
v -1.95391083 -0.0999996215 3.60883236
v -1.95016623 -0.0999996215 3.58761859
v -1.98726916 -0.0999965668 3.7802124
v -1.96571827 -0.0999995917 4.10023594
v -1.99693084 -0.0999965593 3.86569023
v -1.98315167 -0.0999995917 4.03685474
v -1.9964931 -0.0999995992 3.95204306
v -1.9470911 -0.0999995843 4.16795635
v -1.53725076 -0.0999964923 4.69776917
v -1.68849087 -0.0999995545 4.58254099
v -1.81615686 -0.0999995619 4.44432116
v -1.92846441 -0.0999995768 4.23567677
v -1.9130168 -0.0999995768 4.29183817
v -1.17807841 -0.0999980122 4.83116865
v -1.37210393 -0.0999964923 4.78279305
v -0.808448315 -0.0999995321 4.82181311
v -0.632843792 -0.0999995396 4.7596283
v -0.984052896 -0.0999995321 4.84837294
v 1.63475502 -0.0999997035 2.47628474
v 1.61247253 -0.099999696 2.5239203
v 1.6251955 -0.0999997035 2.50240088
v 1.64211786 -0.0999997035 2.44226146
v 1.59272528 -0.0999966487 2.55212188
v 1.56974208 -0.0999966487 2.58399415
v 1.54036129 -0.0999966413 2.62899709
v 1.42014563 -0.0999996811 2.78241253
v 0.959394038 -0.0999996737 2.92726588
v 1.46036029 -0.0999996811 2.74999952
v 1.4935137 -0.0999996811 2.7205863
v 1.53591037 -0.0999996737 2.65569401
v 1.51978528 -0.0999996886 2.69181371
v 1.53341329 -0.0999996737 2.67068243
v 1.39681625 -0.0999996811 2.80663586
v 0.996612012 -0.0999966264 2.94027185
v 1.01734066 -0.0999966264 2.94795394
v 1.38036501 -0.0999966264 2.83219647
v 1.06772327 -0.0999996737 2.96099567
v 1.2935282 -0.0999966189 2.91734219
v 1.1324333 -0.0999996737 2.97174001
v 1.34332681 -0.0999996737 2.87761378
v 1.37061191 -0.0999996737 2.84949589
v 1.36561644 -0.0999996737 2.8569448
v 1.24190044 -0.0999966189 2.95544076
v 1.19021904 -0.0999996737 2.97466826
v 1.22076154 -0.0999996737 2.96893144
v 0.427806079 -0.0999996215 3.31663465
v 0.424067885 -0.099999629 3.30703402
v 0.437133431 -0.0999996215 3.34132361
v 0.466074049 -0.0999996215 3.38896394
v 0.535725951 -0.0999996141 3.46404862
v 0.511951566 -0.0999996141 3.43121505
v 0.498934448 -0.0999996215 3.40081191
v 0.569887519 -0.0999996141 3.50002527
v 0.609693289 -0.0999995768 3.99641275
v 0.21578002 -0.0999995843 4.18006754
v 0.26128754 -0.0999995843 4.19216442
v 0.317884564 -0.0999995768 4.20537853
v 0.372411549 -0.0999995768 4.22291613
v 0.649841905 -0.0999995917 3.9489789
v 0.628869474 -0.0999995694 4.07108021
v 0.437114477 -0.0999995768 4.25317478
v 0.498691827 -0.0999995768 4.28374004
v 0.558817029 -0.0999995694 4.31297445
v 0.615504622 -0.0999995694 4.33782053
v 0.756239951 -0.0999995619 4.12980604
v 0.675225377 -0.0999965221 4.35735178
v 0.740125239 -0.0999995694 4.3723197
v 0.841046691 -0.0999995619 4.16642141
v 0.81069833 -0.0999995694 4.38630104
v 0.926465452 -0.0999995545 4.20184565
v 0.882183254 -0.0999995619 4.40231323
v 1.01249695 -0.0999965072 4.23695183
v 0.94507736 -0.0999995619 4.41646576
v 1.01728034 -0.0999995619 4.42751122
v 1.06886697 -0.0999995545 4.25655651
v 1.07680726 -0.0999995619 4.42915678
v 1.11079812 -0.0999995545 4.27163267
v 1.14444947 -0.099999547 4.30574703
v 1.13049936 -0.0999995545 4.28415012
v 1.10828102 -0.0999995619 4.42037201
v 1.15070462 -0.0999995619 4.37407446
v 1.15682709 -0.099999547 4.34145546
v 1.13144886 -0.0999995545 4.4046607
v 0.690822363 -0.0999996066 3.56438851
v 0.741830409 -0.0999995992 3.61420202
v 0.720319927 -0.0999996066 3.58217907
v 0.749376833 -0.0999995992 3.64018106
v 0.6350528 -0.0999996066 3.54046512
v 0.759030342 -0.0999965444 3.72168255
v 0.746734262 -0.0999995992 3.62662292
v 0.744340599 -0.0999995992 3.61889124
v 0.717336297 -0.0999995992 3.93309975
v 0.725803137 -0.0999995992 3.93309975
v 0.734269977 -0.0999995992 3.93309975
v 0.757079899 -0.0999995992 3.93309975
v 0.818975687 -0.0999995992 3.94857216
v 0.793417811 -0.0999995992 3.94656229
v 0.86208272 -0.0999995992 3.94903803
v 0.950217485 -0.0999995917 3.73768592
v 0.909302533 -0.0999995992 3.95411348
v 1.02494454 -0.0999995992 3.97313595
v 1.0807054 -0.0999995917 3.76703048
v 1.13252068 -0.0999995992 3.97429109
v 1.17970431 -0.0999995843 3.80898356
v 1.19415176 -0.0999995917 3.95376992
v 1.22585595 -0.0999995992 3.89721632
v 1.22488046 -0.099996537 3.8561554
v 1.23015618 -0.0999995843 3.87603545
v 1.22733915 -0.0999995843 3.8612349
v 1.22970653 -0.0999995992 3.88763499
vt 0.6875 0.5
vt 0.6875 0.583496094
vt 0.75 0.583496094
vt 0.625 0.5
vt 0.6875 0.583496094
vt 0.625 0.583496094
vt 0.6875 0.625
vt 0.6875 0.583496094
vt 0.625 0.583496094
vt 0.625 0.625
vt 0.6875 0.625
vt 0.6875 0.5
vt 0.75 0.5
vt 0.75 0.583496094
vt 0.6875 0.5
vt 0.75 0.5
vt 0.75 0.583496094
vt 0.625 0.583496094
vt 0.625 0.625
vt 0.6875 0.625
vt 0.6875 0.5
vt 0.75 0.5
vt 0.75 0.583496094
vt 0.625 0.583496094
vt 0.625 0.625
vt 0.6875 0.625
vt 0.625 0.583496094
vt 0.625 0.625
vt 0.6875 0.625
vt 0.6875 0.5
vt 0.75 0.5
vt 0.75 0.583496094
vt 0 0
vt 0 0
vt 0 0
vt 0 0
vt 0 0
vt 0 0
vt 0.6875 0.5
vt 0.75 0.583496094
vt 0.75 0.5
vt 0.625 0.583496094
vt 0.6875 0.625
vt 0.625 0.625
vt 0.625 0.583496094
vt 0.6875 0.625
vt 0.625 0.625
vt 0.6875 0.5
vt 0.75 0.583496094
vt 0.75 0.5
vt 0.625 0.583496094
vt 0.6875 0.625
vt 0.625 0.625
vt 0.6875 0.5
vt 0.75 0.583496094
vt 0.75 0.5
vt 0.6875 0.5
vt 0.75 0.583496094
vt 0.75 0.5
vt 0.625 0.583496094
vt 0.6875 0.625
vt 0.625 0.625
vt 0.625 0.4375
vt 0.375 0.4375
vt 0.375 0.5
vt 0.625 0.5
vt 0.625 0.375
vt 0.375 0.375
vt 0.375 0.4375
vt 0.625 0.4375
vt 0.375 0.5
vt 0.375 0.583496094
vt 0.625 0.583496094
vt 0.625 0.5
vt 0.375 0.583496094
vt 0.375 0.625
vt 0.625 0.625
vt 0.625 0.583496094
vt 0.3125 0.625
vt 0.3125 0.583496094
vt 0.6875 0.583496094
vt 0.6875 0.625
vt 0.625 0.5
vt 0.6875 0.5
vt 0.6875 0.583496094
vt 0.75 0.583496094
vt 0.375 0.5
vt 0.375 0.4375
vt 0.625 0.4375
vt 0.625 0.5
vt 0.375 0.4375
vt 0.375 0.375
vt 0.625 0.375
vt 0.625 0.4375
vt 0.375 0.5
vt 0.625 0.5
vt 0.625 0.583496094
vt 0.375 0.583496094
vt 0.375 0.583496094
vt 0.625 0.583496094
vt 0.625 0.625
vt 0.375 0.625
vt 0.3125 0.583496094
vt 0.3125 0.625
vt 0.6875 0.625
vt 0.6875 0.583496094
vt 0.625 0.583496094
vt 0.6875 0.583496094
vt 0.6875 0.625
vt 0.625 0.5
vt 0.625 0.5
vt 0.6875 0.5
vt 0.6875 0.583496094
vt 0.75 0.583496094
vt 0.375 0.5
vt 0.375 0.4375
vt 0.625 0.4375
vt 0.625 0.5
vt 0.375 0.4375
vt 0.375 0.375
vt 0.625 0.375
vt 0.625 0.4375
vt 0.375 0.5
vt 0.625 0.5
vt 0.625 0.583496094
vt 0.375 0.583496094
vt 0.375 0.583496094
vt 0.625 0.583496094
vt 0.625 0.625
vt 0.375 0.625
vt 0.3125 0.583496094
vt 0.3125 0.625
vt 0.6875 0.625
vt 0.6875 0.583496094
vt 0.625 0.583496094
vt 0.6875 0.583496094
vt 0.6875 0.625
vt 0.625 0.5
vt 0.625 0.5
vt 0.625 0.583496094
vt 0.6875 0.583496094
vt 0.6875 0.625
vt 0.625 0.4375
vt 0.375 0.4375
vt 0.375 0.5
vt 0.625 0.5
vt 0.625 0.375
vt 0.375 0.375
vt 0.375 0.4375
vt 0.625 0.4375
vt 0.6875 0.5
vt 0.6875 0.583496094
vt 0.75 0.583496094
vt 0.625 0.5
vt 0.375 0.5
vt 0.375 0.583496094
vt 0.625 0.583496094
vt 0.625 0.5
vt 0.375 0.583496094
vt 0.375 0.625
vt 0.625 0.625
vt 0.625 0.583496094
vt 0.6875 0.625
vt 0.3125 0.625
vt 0.3125 0.583496094
vt 0.6875 0.583496094
vt 0.625 0.5
vt 0.6875 0.5
vt 0.6875 0.583496094
vt 0.75 0.583496094
vt 0.375 0.5
vt 0.375 0.4375
vt 0.625 0.4375
vt 0.625 0.5
vt 0.375 0.4375
vt 0.375 0.375
vt 0.625 0.375
vt 0.625 0.4375
vt 0.375 0.5
vt 0.625 0.5
vt 0.625 0.583496094
vt 0.375 0.583496094
vt 0.375 0.583496094
vt 0.625 0.583496094
vt 0.625 0.625
vt 0.375 0.625
vt 0.3125 0.583496094
vt 0.3125 0.625
vt 0.6875 0.625
vt 0.6875 0.583496094
vt 0.625 0.583496094
vt 0.6875 0.583496094
vt 0.6875 0.625
vt 0.625 0.5
vt 0.625 0.5
vt 0.625 0.583496094
vt 0.6875 0.583496094
vt 0.6875 0.625
vt 0.625 0.4375
vt 0.375 0.4375
vt 0.375 0.5
vt 0.625 0.5
vt 0.625 0.375
vt 0.375 0.375
vt 0.375 0.4375
vt 0.625 0.4375
vt 0.6875 0.5
vt 0.6875 0.583496094
vt 0.75 0.583496094
vt 0.625 0.5
vt 0.375 0.5
vt 0.375 0.583496094
vt 0.625 0.583496094
vt 0.625 0.5
vt 0.375 0.583496094
vt 0.375 0.625
vt 0.625 0.625
vt 0.625 0.583496094
vt 0.6875 0.625
vt 0.3125 0.625
vt 0.3125 0.583496094
vt 0.6875 0.583496094
vt 0.625 0.5
vt 0.625 0.583496094
vt 0.6875 0.583496094
vt 0.6875 0.625
vt 0.625 0.4375
vt 0.375 0.4375
vt 0.375 0.5
vt 0.625 0.5
vt 0.625 0.375
vt 0.375 0.375
vt 0.375 0.4375
vt 0.625 0.4375
vt 0.6875 0.5
vt 0.6875 0.583496094
vt 0.75 0.583496094
vt 0.625 0.5
vt 0.375 0.5
vt 0.375 0.583496094
vt 0.625 0.583496094
vt 0.625 0.5
vt 0.375 0.583496094
vt 0.375 0.625
vt 0.625 0.625
vt 0.625 0.583496094
vt 0.6875 0.625
vt 0.3125 0.625
vt 0.3125 0.583496094
vt 0.6875 0.583496094
vt 0.625 0.5
vt 0.6875 0.5
vt 0.6875 0.583496094
vt 0.75 0.583496094
vt 0.375 0.5
vt 0.375 0.4375
vt 0.625 0.4375
vt 0.625 0.5
vt 0.375 0.4375
vt 0.375 0.375
vt 0.625 0.375
vt 0.625 0.4375
vt 0.375 0.5
vt 0.625 0.5
vt 0.625 0.583496094
vt 0.375 0.583496094
vt 0.375 0.583496094
vt 0.625 0.583496094
vt 0.625 0.625
vt 0.375 0.625
vt 0.3125 0.583496094
vt 0.3125 0.625
vt 0.6875 0.625
vt 0.6875 0.583496094
vt 0.625 0.583496094
vt 0.6875 0.583496094
vt 0.6875 0.625
vt 0.625 0.5
vt 0 0
vt 0 0
vt 0 0
vt 0 0
vt 0 0
vt 0 0
vt 0 0
vt 0 0
vt 0 0
vt 0 0
vt 0 0
vt 0 0
vt 0 0
vt 0 0
vt 0 0
vt 0 0
vt 0 0
vt 0 0
vt 0 0
vt 0 0
vt 0 0
vt 0 0
vt 0 0
vt 0 0
vt 0 0
vt 0 0
vt 0 0
vt 0 0
vt 0 0
vt 0 0
vt 0 0
vt 0 0
vt 0 0
vt 0 0
vt 0 0
vt 0 0
vt 0 0
vt 0 0
vt 0 0
vt 0 0
vt 0 0
vt 0 0
vt 0 0
vt 0 0
vt 0 0
vt 0 0
vt 0 0
vt 0 0
vt 0 0
vt 0 0
vt 0 0
vt 0 0
vt 0 0
vt 0 0
vt 0 0
vt 0 0
vt 0 0
vt 0 0
vt 0 0
vt 0 0
vt 0 0
vt 0 0
vt 0 0
vt 0 0
vt 0 0
vt 0 0
vt 0 0
vt 0 0
vt 0 0
vt 0 0
vt 0 0
vt 0 0
vt 0 0
vt 0 0
vt 0 0
vt 0 0
vt 0 0
vt 0 0
vt 0 0
vt 0 0
vt 0 0
vt 0 0
vt 0 0
vt 0 0
vt 0 0
vt 0 0
vt 0 0
vt 0 0
vt 0 0
vt 0 0
vt 0 0
vt 0 0
vt 0 0
vt 0 0
vt 0 0
vt 0 0
vt 0 0
vt 0 0
vt 0 0
vt 0 0
vt 0 0
vt 0 0
vt 0 0
vt 0 0
vt 0 0
vt 0 0
vt 0 0
vt 0 0
vt 0 0
vt 0 0
vt 0 0
vt 0 0
vt 0 0
vt 0 0
vt 0 0
vt 0 0
vt 0 0
vt 0 0
vt 0 0
vt 0 0
vt 0 0
vt 0 0
vt 0 0
vt 0 0
vt 0 0
vt 0 0
vt 0 0
vt 0 0
vt 0 0
vt 0 0
vt 0 0
vt 0 0
vt 0 0
vt 0 0
vt 0 0
vt 0 0
vt 0 0
vt 0 0
vt 0 0
vt 0 0
vt 0 0
vt 0 0
vt 0 0
vt 0 0
vt 0 0
vt 0 0
vt 0 0
vt 0 0
vt 0 0
vt 0 0
vt 0 0
vt 0 0
vt 0 0
vt 0 0
vt 0 0
vt 0 0
vt 0 0
vt 0 0
vt 0 0
vt 0 0
vt 0 0
vt 0 0
vt 0 0
vt 0 0
vt 0 0
vt 0 0
vt 0 0
vt 0 0
vt 0 0
vt 0 0
vt 0 0
vt 0 0
vt 0 0
vt 0 0
vt 0 0
vt 0 0
vt 0 0
vt 0 0
vt 0 0
vt 0 0
vt 0 0
vt 0 0
vt 0 0
vt 0 0
vt 0 0
vt 0 0
vt 0 0
vt 0 0
vt 0 0
vt 0 0
vt 0 0
vt 0 0
vt 0 0
vt 0 0
vt 0 0
vt 0 0
vt 0 0
vt 0 0
vt 0 0
vt 0 0
vt 0 0
vt 0 0
vt 0 0
vt 0 0
vt 0 0
vt 0 0
vt 0 0
vt 0 0
vt 0 0
vt 0 0
vt 0 0
vt 0 0
vt 0 0
vt 0 0
vt 0 0
vt 0 0
vt 0 0
vt 0 0
vt 0 0
vt 0 0
vt 0 0
vt 0 0
vt 0 0
vt 0 0
vt 0 0
vt 0 0
vt 0 0
vt 0 0
vt 0 0
vt 0 0
vt 0 0
vt 0 0
vt 0 0
vt 0 0
vt 0 0
vt 0 0
vt 0 0
vt 0 0
vt 0 0
vt 0 0
vt 0 0
vt 0 0
vt 0 0
vt 0 0
vt 0 0
vt 0 0
vt 0 0
vt 0 0
vt 0 0
vt 0 0
vt 0 0
vt 0 0
vt 0 0
vt 0 0
vt 0 0
vt 0 0
vt 0 0
vt 0 0
vt 0 0
vt 0 0
vt 0 0
vt 0 0
vt 0 0
vt 0 0
vt 0 0
vt 0 0
vt 0 0
vt 0 0
vt 0 0
vt 0 0
vt 0 0
vt 0 0
vt 0 0
vt 0 0
vt 0 0
vt 0 0
vt 0 0
vt 0 0
vt 0 0
vt 0 0
vt 0 0
vt 0 0
vt 0 0
vt 0 0
vt 0 0
vt 0 0
vt 0 0
vt 0 0
vt 0 0
vt 0 0
vt 0 0
vt 0 0
vt 0 0
vt 0 0
vt 0 0
vt 0 0
vt 0 0
vt 0 0
vt 0 0
vt 0 0
vt 0 0
vt 0 0
vt 0 0
vt 0 0
vt 0 0
vt 0 0
vt 0 0
vt 0 0
vt 0 0
vt 0 0
vt 0 0
vt 0 0
vt 0 0
vt 0 0
vt 0 0
vt 0 0
vt 0 0
vt 0 0
vt 0 0
vt 0 0
vt 0 0
vt 0 0
vt 0 0
vt 0 0
vt 0 0
vt 0 0
vt 0 0
vt 0 0
vt 0 0
vt 0 0
vt 0 0
vt 0 0
vt 0 0
vt 0 0
vt 0 0
vt 0 0
vt 0 0
vt 0 0
vt 0 0
vt 0 0
vt 0 0
vt 0 0
vt 0 0
vt 0 0
vt 0 0
vt 0 0
vt 0 0
vt 0 0
vt 0 0
vt 0 0
vt 0 0
vt 0 0
vt 0 0
vt 0 0
vt 0 0
vt 0 0
vt 0 0
vt 0 0
vt 0 0
vt 0 0
vt 0 0
vt 0 0
vt 0 0
vt 0 0
vt 0 0
vt 0 0
vt 0 0
vt 0 0
vt 0 0
vt 0 0
vt 0 0
vt 0 0
vt 0 0
vt 0 0
vt 0 0
vt 0 0
vt 0 0
vt 0 0
vt 0 0
vt 0 0
vt 0 0
vt 0 0
vt 0 0
vt 0 0
vt 0 0
vt 0 0
vt 0 0
vt 0 0
vt 0 0
vt 0 0
vt 0 0
vt 0 0
vt 0 0
vt 0 0
vt 0 0
vt 0 0
vt 0 0
vt 0 0
vt 0 0
vt 0 0
vt 0 0
vt 0 0
vt 0 0
vt 0 0
vt 0 0
vt 0 0
vt 0 0
vt 0 0
vt 0 0
vt 0 0
vt 0 0
vt 0 0
vt 0 0
vt 0 0
vt 0 0
vt 0 0
vt 0 0
vt 0 0
vt 0 0
vt 0 0
vt 0 0
vt 0 0
vt 0 0
vt 0 0
vt 0 0
vt 0 0
vt 0 0
vt 0 0
vt 0 0
vt 0 0
vt 0 0
vt 0 0
vt 0 0
vt 0 0
vt 0 0
vt 0 0
vt 0 0
vt 0 0
vt 0 0
vt 0 0
vt 0 0
vt 0 0
vt 0 0
vt 0 0
vt 0 0
vt 0 0
vt 0 0
vt 0 0
vt 0 0
vt 0 0
vt 0 0
vt 0 0
vt 0 0
vt 0 0
vt 0 0
vt 0 0
vt 0 0
vt 0 0
vt 0 0
vt 0 0
vt 0 0
vt 0 0
vt 0 0
vt 0 0
vt 0 0
vt 0 0
vt 0 0
vt 0 0
vt 0 0
vt 0 0
vt 0 0
vt 0 0
vt 0 0
vt 0 0
vt 0 0
vt 0 0
vt 0 0
vt 0 0
vt 0 0
vt 0 0
vt 0 0
vt 0 0
vt 0 0
vt 0 0
vt 0 0
vt 0 0
vt 0 0
vt 0 0
vt 0 0
vt 0 0
vt 0 0
vt 0 0
vt 0 0
vt 0 0
vt 0 0
vt 0 0
vt 0 0
vt 0 0
vt 0 0
vt 0 0
vt 0 0
vt 0 0
vt 0 0
vt 0 0
vt 0 0
vt 0 0
vt 0 0
vt 0 0
vt 0 0
vt 0 0
vt 0 0
vt 0 0
vt 0 0
vt 0 0
vt 0 0
vt 0 0
vt 0 0
vt 0 0
vt 0 0
vt 0 0
vt 0 0
vt 0 0
vt 0 0
vt 0 0
vt 0 0
vt 0 0
vt 0 0
vt 0 0
vt 0 0
vt 0 0
vt 0 0
vt 0 0
vt 0 0
vt 0 0
vt 0 0
vt 0 0
vt 0 0
vt 0 0
vt 0 0
vt 0 0
vt 0 0
vt 0 0
vt 0 0
vt 0 0
vt 0 0
vt 0 0
vt 0 0
vt 0 0
vt 0 0
vt 0 0
vt 0 0
vt 0 0
vt 0 0
vt 0 0
vt 0 0
vt 0 0
vt 0 0
vt 0 0
vt 0 0
vt 0 0
vt 0 0
vt 0 0
vt 0 0
vt 0 0
vt 0 0
vt 0 0
vt 0 0
vt 0 0
vt 0 0
vt 0 0
vt 0 0
vt 0 0
vt 0 0
vt 0 0
vt 0 0
vt 0 0
vt 0 0
vt 0 0
vt 0 0
vt 0 0
vt 0 0
vt 0 0
vt 0 0
vt 0 0
vt 0 0
vt 0 0
vt 0 0
vt 0 0
vt 0 0
vt 0 0
vt 0 0
vt 0 0
vt 0 0
vt 0 0
vt 0 0
vt 0 0
vt 0 0
vt 0 0
vt 0 0
vt 0 0
vt 0 0
vt 0 0
vt 0 0
vt 0 0
vt 0 0
vt 0 0
vt 0 0
vt 0 0
vt 0 0
vt 0 0
vt 0 0
vt 0 0
vt 0 0
vt 0 0
vt 0 0
vt 0 0
vt 0 0
vt 0 0
vt 0 0
vt 0 0
vt 0 0
vt 0 0
vt 0 0
vt 0 0
vt 0 0
vt 0 0
vt 0 0
vt 0 0
vt 0 0
vt 0 0
vt 0 0
vt 0 0
vt 0 0
vt 0 0
vt 0 0
vt 0 0
vt 0 0
vt 0 0
vt 0 0
vt 0 0
vt 0 0
vt 0 0
vt 0 0
vt 0 0
vt 0 0
vt 0 0
vt 0 0
vt 0 0
vt 0 0
vt 0 0
vt 0 0
vt 0 0
vt 0 0
vt 0 0
vt 0 0
vt 0 0
vt 0 0
vt 0 0
vt 0 0
vt 0 0
vt 0 0
vt 0 0
vt 0 0
vt 0 0
vt 0 0
vt 0 0
vt 0 0
vt 0 0
vt 0 0
vt 0 0
vt 0 0
vt 0 0
vt 0 0
vt 0 0
vt 0 0
vt 0 0
vt 0 0
vt 0 0
vt 0 0
vt 0 0
vt 0 0
vt 0 0
vt 0 0
vt 0 0
vt 0 0
vt 0 0
vt 0 0
vt 0 0
vt 0 0
vt 0 0
vt 0 0
vt 0 0
vt 0 0
vt 0 0
vt 0 0
vt 0 0
vt 0 0
vt 0 0
vt 0 0
vt 0 0
vt 0 0
vt 0 0
vt 0 0
vt 0 0
vt 0 0
vt 0 0
vt 0 0
vt 0 0
vt 0 0
vt 0 0
vt 0 0
vt 0 0
vt 0 0
vt 0 0
vt 0 0
vt 0 0
vt 0 0
vt 0 0
vt 0 0
vt 0 0
vt 0 0
vt 0 0
vt 0 0
vt 0 0
vt 0 0
vt 0 0
vt 0 0
vt 0 0
vt 0 0
vt 0 0
vt 0 0
vt 0 0
vt 0 0
vt 0 0
vt 0 0
vt 0 0
vt 0 0
vt 0 0
vt 0 0
vt 0 0
vt 0 0
vt 0 0
vt 0 0
vt 0 0
vt 0 0
vt 0 0
vt 0 0
vt 0 0
vt 0 0
vt 0 0
vt 0 0
vt 0 0
vt 0 0
vt 0 0
vt 0 0
vt 0 0
vt 0 0
vt 0 0
vt 0 0
vt 0 0
vt 0 0
vt 0 0
vt 0 0
vt 0 0
vt 0 0
vt 0 0
vt 0 0
vt 0 0
vt 0 0
vt 0 0
vt 0 0
vt 0 0
vt 0 0
vt 0 0
vt 0 0
vt 0 0
vt 0 0
vt 0 0
vt 0 0
vt 0 0
vt 0 0
vt 0 0
vt 0 0
vt 0 0
vt 0 0
vt 0 0
vt 0 0
vt 0 0
vt 0 0
vt 0 0
vt 0 0
vt 0 0
vt 0 0
vt 0 0
vt 0 0
vt 0 0
vt 0 0
vt 0 0
vt 0 0
vt 0 0
vt 0 0
vt 0 0
vt 0 0
vt 0 0
vt 0 0
vt 0 0
vt 0 0
vt 0 0
vt 0 0
vt 0 0
vt 0 0
vt 0 0
vt 0 0
vt 0 0
vt 0 0
vt 0 0
vt 0 0
vt 0 0
vt 0 0
vt 0 0
vt 0 0
vt 0 0
vt 0 0
vt 0 0
vt 0 0
vt 0 0
vt 0 0
vt 0 0
vt 0 0
vt 0 0
vt 0 0
vt 0 0
vt 0 0
vt 0 0
vt 0 0
vt 0 0
vt 0 0
vt 0 0
vt 0 0
vt 0 0
vt 0 0
vt 0 0
vt 0 0
vt 0 0
vt 0 0
vt 0 0
vt 0 0
vt 0 0
vt 0 0
vt 0 0
vt 0 0
vt 0 0
vt 0 0
vt 0 0
vt 0 0
vt 0 0
vt 0 0
vt 0 0
vt 0 0
vt 0 0
vt 0 0
vt 0 0
vt 0 0
vt 0 0
vt 0 0
vt 0 0
vt 0 0
vt 0 0
vt 0 0
vt 0 0
vt 0 0
vt 0 0
vt 0 0
vt 0 0
vt 0 0
vt 0 0
vt 0 0
vt 0 0
vt 0 0
vt 0 0
vt 0 0
vt 0 0
vt 0 0
vt 0 0
vt 0 0
vt 0 0
vt 0 0
vt 0 0
vt 0 0
vt 0 0
vt 0 0
vt 0 0
vt 0 0
vt 0 0
vt 0 0
vt 0 0
vt 0 0
vt 0 0
vt 0 0
vt 0 0
vt 0 0
vt 0 0
vt 0 0
vt 0 0
vt 0 0
vt 0 0
vt 0 0
vt 0 0
vt 0 0
vt 0 0
vt 0 0
vt 0 0
vt 0 0
vt 0 0
vt 0 0
vt 0 0
vt 0 0
vt 0 0
vt 0 0
vt 0 0
vt 0 0
vt 0 0
vt 0 0
vt 0 0
vt 0 0
vt 0 0
vt 0 0
vt 0 0
vt 0 0
vt 0 0
vt 0 0
vt 0 0
vt 0 0
vt 0 0
vt 0 0
vt 0 0
vt 0 0
vt 0 0
vt 0 0
vt 0 0
vt 0 0
vt 0 0
vt 0 0
vt 0 0
vt 0 0
vt 0 0
vt 0 0
vt 0 0
vt 0 0
vt 0 0
vt 0 0
vt 0 0
vt 0 0
vt 0 0
vt 0 0
vt 0 0
vt 0 0
vt 0 0
vt 0 0
vt 0 0
vt 0 0
vt 0 0
vt 0 0
vt 0 0
vt 0 0
vt 0 0
vt 0 0
vt 0 0
vt 0 0
vt 0 0
vt 0 0
vt 0 0
vt 0 0
vt 0 0
vt 0 0
vt 0 0
vt 0 0
vt 0 0
vt 0 0
vt 0 0
vt 0 0
vt 0 0
vt 0 0
vt 0 0
vt 0 0
vt 0 0
vt 0 0
vt 0 0
vt 0 0
vt 0 0
vt 0 0
vt 0 0
vt 0 0
vt 0 0
vt 0 0
vt 0 0
vt 0 0
vt 0 0
vt 0 0
vt 0 0
vt 0 0
vt 0 0
vt 0 0
vt 0 0
vt 0 0
vt 0 0
vt 0 0
vt 0 0
vt 0 0
vt 0 0
vt 0 0
vt 0 0
vt 0 0
vt 0 0
vt 0 0
vt 0 0
vt 0 0
vt 0 0
vt 0 0
vt 0 0
vt 0 0
vt 0 0
vt 0 0
vt 0 0
vt 0 0
vt 0 0
vt 0 0
vt 0 0
vt 0 0
vt 0 0
vt 0 0
vt 0 0
vt 0 0
vt 0 0
vt 0 0
vt 0 0
vt 0 0
vt 0 0
vt 0 0
vt 0 0
vt 0 0
vt 0 0
vt 0 0
vt 0 0
vt 0 0
vt 0 0
vt 0 0
vt 0 0
vt 0 0
vt 0 0
vt 0 0
vt 0 0
vt 0 0
vt 0 0
vt 0 0
vt 0 0
vt 0 0
vt 0 0
vt 0 0
vt 0 0
vt 0 0
vt 0 0
vt 0 0
vt 0 0
vt 0 0
vt 0 0
vt 0 0
vt 0 0
vt 0 0
vt 0 0
vt 0 0
vt 0 0
vt 0 0
vt 0 0
vt 0 0
vt 0 0
vt 0 0
vt 0 0
vt 0 0
vt 0 0
vt 0 0
vt 0 0
vt 0 0
vt 0 0
vt 0 0
vt 0 0
vt 0 0
vt 0 0
vt 0 0
vt 0 0
vt 0 0
vt 0 0
vt 0 0
vt 0 0
vt 0 0
vt 0 0
vt 0 0
vt 0 0
vt 0 0
vt 0 0
vt 0 0
vt 0 0
vt 0 0
vt 0 0
vt 0 0
vt 0 0
vt 0 0
vt 0 0
vt 0 0
vt 0 0
vt 0 0
vt 0 0
vt 0 0
vt 0 0
vt 0 0
vt 0 0
vt 0 0
vt 0 0
vt 0 0
vt 0 0
vt 0 0
vt 0 0
vt 0 0
vt 0 0
vt 0 0
vt 0 0
vt 0 0
vt 0 0
vt 0 0
vt 0 0
vt 0 0
vt 0 0
vt 0 0
vt 0 0
vt 0 0
vt 0 0
vt 0 0
vt 0 0
vt 0 0
vt 0 0
vt 0 0
vt 0 0
vt 0 0
vt 0 0
vt 0 0
vt 0 0
vt 0 0
vt 0 0
vt 0 0
vt 0 0
vt 0 0
vt 0 0
vt 0 0
vt 0 0
vt 0 0
vt 0 0
vt 0 0
vt 0 0
vt 0 0
vt 0 0
vt 0 0
vt 0 0
vt 0 0
vt 0 0
vt 0 0
vt 0 0
vt 0 0
vt 0 0
vt 0 0
vt 0 0
vt 0 0
vt 0 0
vt 0 0
vt 0 0
vt 0 0
vt 0 0
vt 0 0
vt 0 0
vt 0 0
vt 0 0
vt 0 0
vt 0 0
vt 0 0
vt 0 0
vt 0 0
vt 0 0
vt 0 0
vt 0 0
vt 0 0
vt 0 0
vt 0 0
vt 0 0
vt 0 0
vt 0 0
vt 0 0
vt 0 0
vt 0 0
vt 0 0
vt 0 0
vt 0 0
vt 0 0
vt 0 0
vt 0 0
vt 0 0
vt 0 0
vt 0 0
vt 0 0
vt 0 0
vt 0 0
vt 0 0
vt 0 0
vt 0 0
vt 0 0
vt 0 0
vt 0 0
vt 0 0
vt 0 0
vt 0 0
vt 0 0
vt 0 0
vt 0 0
vt 0 0
vt 0 0
vt 0 0
vt 0 0
vt 0 0
vt 0 0
vt 0 0
vt 0 0
vt 0 0
vt 0 0
vt 0 0
vt 0 0
vt 0 0
vt 0 0
vt 0 0
vt 0 0
vt 0 0
vt 0 0
vt 0 0
vt 0 0
vt 0 0
vt 0 0
vt 0 0
vt 0 0
vt 0 0
vt 0 0
vt 0 0
vt 0 0
vt 0 0
vt 0 0
vt 0 0
vt 0 0
vt 0 0
vt 0 0
vt 0 0
vt 0 0
vt 0 0
vt 0 0
vt 0 0
vt 0 0
vt 0 0
vt 0 0
vt 0 0
vt 0 0
vt 0 0
vt 0 0
vt 0 0
vt 0 0
vt 0 0
vt 0 0
vt 0 0
vt 0 0
vt 0 0
vt 0 0
vt 0 0
vt 0 0
vt 0 0
vt 0 0
vt 0 0
vt 0 0
vt 0 0
vt 0 0
vt 0 0
vt 0 0
vt 0 0
vt 0 0
vt 0 0
vt 0 0
vt 0 0
vt 0 0
vt 0 0
vt 0 0
vt 0 0
vt 0 0
vt 0 0
vt 0 0
vt 0 0
vt 0 0
vt 0 0
vt 0 0
vt 0 0
vt 0 0
vt 0 0
vt 0 0
vt 0 0
vt 0 0
vt 0 0
vt 0 0
vt 0 0
vt 0 0
vt 0 0
vt 0 0
vt 0 0
vt 0 0
vt 0 0
vt 0 0
vt 0 0
vt 0 0
vt 0 0
vt 0 0
vt 0 0
vt 0 0
vt 0 0
vt 0 0
vt 0 0
vt 0 0
vt 0 0
vt 0 0
vt 0 0
vt 0 0
vt 0 0
vt 0 0
vt 0 0
vt 0 0
vt 0 0
vt 0 0
vt 0 0
vt 0 0
vt 0 0
vt 0 0
vt 0 0
vt 0 0
vt 0 0
vt 0 0
vt 0 0
vt 0 0
vt 0 0
vt 0 0
vt 0 0
vt 0 0
vt 0 0
vt 0 0
vt 0 0
vt 0 0
vt 0 0
vt 0 0
vt 0 0
vt 0 0
vt 0 0
vt 0 0
vt 0 0
vt 0 0
vt 0 0
vt 0 0
vt 0 0
vt 0 0
vt 0 0
vt 0 0
vt 0 0
vt 0 0
vt 0 0
vt 0 0
vt 0 0
vt 0 0
vt 0 0
vt 0 0
vt 0 0
vt 0 0
vt 0 0
vt 0 0
vt 0 0
vt 0 0
vt 0 0
vt 0 0
vt 0 0
vt 0 0
vt 0 0
vt 0 0
vt 0 0
vt 0 0
vt 0 0
vt 0 0
vt 0 0
vt 0 0
vt 0 0
vt 0 0
vt 0 0
vt 0 0
vt 0 0
vt 0 0
vt 0 0
vt 0 0
vt 0 0
vt 0 0
vt 0 0
vt 0 0
vt 0 0
vt 0 0
vt 0 0
vt 0 0
vt 0 0
vt 0 0
vt 0 0
vt 0 0
vt 0 0
vt 0 0
vt 0 0
vt 0 0
vt 0 0
vt 0 0
vt 0 0
vt 0 0
vt 0 0
vt 0 0
vt 0 0
vt 0 0
vt 0 0
vt 0 0
vt 0 0
vt 0 0
vt 0 0
vt 0 0
vt 0 0
vt 0 0
vt 0 0
vt 0 0
vt 0 0
vt 0 0
vt 0 0
vt 0 0
vt 0 0
vt 0 0
vt 0 0
vt 0 0
vt 0 0
vt 0 0
vt 0 0
vt 0 0
vt 0 0
vt 0 0
vt 0 0
vt 0 0
vt 0 0
vt 0 0
vt 0 0
vt 0 0
vt 0 0
vt 0 0
vt 0 0
vt 0 0
vt 0 0
vt 0 0
vt 0 0
vt 0 0
vt 0 0
vt 0 0
vt 0 0
vt 0 0
vt 0 0
vt 0 0
vt 0 0
vt 0 0
vt 0 0
vt 0 0
vt 0 0
vt 0 0
vt 0 0
vt 0 0
vt 0 0
vt 0 0
vt 0 0
vt 0 0
vt 0 0
vt 0 0
vt 0 0
vt 0 0
vt 0 0
vt 0 0
vt 0 0
vt 0 0
vt 0 0
vt 0 0
vt 0 0
vt 0 0
vt 0 0
vt 0 0
vt 0 0
vt 0 0
vt 0 0
vt 0 0
vt 0 0
vt 0 0
vt 0 0
vt 0 0
vt 0 0
vt 0 0
vt 0 0
vt 0 0
vt 0 0
vt 0 0
vt 0 0
vt 0 0
vt 0 0
vt 0 0
vt 0 0
vt 0 0
vt 0 0
vt 0 0
vt 0 0
vt 0 0
vt 0 0
vt 0 0
vt 0 0
vt 0 0
vt 0 0
vt 0 0
vt 0 0
vt 0 0
vt 0 0
vt 0 0
vt 0 0
vt 0 0
vt 0 0
vt 0 0
vt 0 0
vt 0 0
vt 0 0
vt 0 0
vt 0 0
vt 0 0
vt 0 0
vt 0 0
vt 0 0
vt 0 0
vt 0 0
vt 0 0
vt 0 0
vt 0 0
vt 0 0
vt 0 0
vt 0 0
vt 0 0
vt 0 0
vt 0 0
vt 0 0
vt 0 0
vt 0 0
vt 0 0
vt 0 0
vt 0 0
vt 0 0
vt 0 0
vt 0 0
vt 0 0
vt 0 0
vt 0 0
vt 0 0
vt 0 0
vt 0 0
vt 0 0
vt 0 0
vt 0 0
vt 0 0
vt 0 0
vt 0 0
vt 0 0
vt 0 0
vt 0 0
vt 0 0
vt 0 0
vt 0 0
vt 0 0
vt 0 0
vt 0 0
vt 0 0
vt 0 0
vt 0 0
vt 0 0
vt 0 0
vt 0 0
vt 0 0
vt 0 0
vt 0 0
vt 0 0
vt 0 0
vt 0 0
vt 0 0
vt 0 0
vt 0 0
vt 0 0
vt 0 0
vt 0 0
vt 0 0
vt 0 0
vt 0 0
vt 0 0
vt 0 0
vt 0 0
vt 0 0
vt 0 0
vt 0 0
vt 0 0
vt 0 0
vt 0 0
vt 0 0
vt 0 0
vt 0 0
vt 0 0
vt 0 0
vt 0 0
vt 0 0
vt 0 0
vt 0 0
vt 0 0
vt 0 0
vt 0 0
vt 0 0
vt 0 0
vt 0 0
vt 0 0
vt 0 0
vt 0 0
vt 0 0
vt 0 0
vt 0 0
vt 0 0
vt 0 0
vt 0 0
vt 0 0
vt 0 0
vt 0 0
vt 0 0
vt 0 0
vt 0 0
vt 0 0
vt 0 0
vt 0 0
vt 0 0
vt 0 0
vt 0 0
vt 0 0
vt 0 0
vt 0 0
vt 0 0
vt 0 0
vt 0 0
vt 0 0
vt 0 0
vt 0 0
vt 0 0
vt 0 0
vt 0 0
vt 0 0
vt 0 0
vt 0 0
vt 0 0
vt 0 0
vt 0 0
vt 0 0
vt 0 0
vt 0 0
vt 0 0
vt 0 0
vt 0 0
vt 0 0
vt 0 0
vt 0 0
vt 0 0
vt 0 0
vt 0 0
vt 0 0
vt 0 0
vt 0 0
vt 0 0
vt 0 0
vt 0 0
vt 0 0
vt 0 0
vt 0 0
vt 0 0
vt 0 0
vt 0 0
vt 0 0
vt 0 0
vt 0 0
vt 0 0
vt 0 0
vt 0 0
vt 0 0
vt 0 0
vt 0 0
vt 0 0
vt 0 0
vt 0 0
vt 0 0
vt 0 0
vt 0 0
vt 0 0
vt 0 0
vt 0 0
vt 0 0
vt 0 0
vt 0 0
vt 0 0
vt 0 0
vt 0 0
vt 0 0
vt 0 0
vt 0 0
vt 0 0
vt 0 0
vt 0 0
vt 0 0
vt 0 0
vt 0 0
vt 0 0
vt 0 0
vt 0 0
vt 0 0
vt 0 0
vt 0 0
vt 0 0
vt 0 0
vt 0 0
vt 0 0
vt 0 0
vt 0 0
vt 0 0
vt 0 0
vt 0 0
vt 0 0
vt 0 0
vt 0 0
vt 0 0
vt 0 0
vt 0 0
vt 0 0
vt 0 0
vt 0 0
vt 0 0
vt 0 0
vt 0 0
vt 0 0
vt 0 0
vt 0 0
vt 0 0
vt 0 0
vt 0 0
vt 0 0
vt 0 0
vt 0 0
vt 0 0
vt 0 0
vt 0 0
vt 0 0
vt 0 0
vt 0 0
vt 0 0
vt 0 0
vt 0 0
vt 0 0
vt 0 0
vt 0 0
vt 0 0
vt 0 0
vt 0 0
vt 0 0
vt 0 0
vt 0 0
vt 0 0
vt 0 0
vt 0 0
vt 0 0
vt 0 0
vt 0 0
vt 0 0
vt 0 0
vt 0 0
vt 0 0
vt 0 0
vt 0 0
vt 0 0
vt 0 0
vt 0 0
vt 0 0
vt 0 0
vt 0 0
vt 0 0
vt 0 0
vt 0 0
vt 0 0
vt 0 0
vt 0 0
vt 0 0
vt 0 0
vt 0 0
vt 0 0
vt 0 0
vt 0 0
vt 0 0
vt 0 0
vt 0 0
vt 0 0
vt 0 0
vt 0 0
vt 0 0
vt 0 0
vt 0 0
vt 0 0
vt 0 0
vt 0 0
vt 0 0
vt 0 0
vt 0 0
vt 0 0
vt 0 0
vt 0 0
vt 0 0
vt 0 0
vt 0 0
vt 0 0
vt 0 0
vt 0 0
vt 0 0
vt 0 0
vt 0 0
vt 0 0
vt 0 0
vt 0 0
vt 0 0
vt 0 0
vt 0 0
vt 0 0
vt 0 0
vt 0 0
vt 0 0
vt 0 0
vt 0 0
vt 0 0
vt 0 0
vt 0 0
vt 0 0
vt 0 0
vt 0 0
vt 0 0
vt 0 0
vt 0 0
vt 0 0
vt 0 0
vt 0 0
vt 0 0
vt 0 0
vt 0 0
vt 0 0
vt 0 0
vt 0 0
vt 0 0
vt 0 0
vt 0 0
vt 0 0
vt 0 0
vt 0 0
vt 0 0
vt 0 0
vt 0 0
vt 0 0
vt 0 0
vt 0 0
vt 0 0
vt 0 0
vt 0 0
vt 0 0
vt 0 0
vt 0 0
vt 0 0
vt 0 0
vt 0 0
vt 0 0
vt 0 0
vt 0 0
vt 0 0
vt 0 0
vt 0 0
vt 0 0
vt 0 0
vt 0 0
vt 0 0
vt 0 0
vt 0 0
vt 0 0
vt 0 0
vt 0 0
vt 0 0
vt 0 0
vt 0 0
vt 0 0
vt 0 0
vt 0 0
vt 0 0
vt 0 0
vt 0 0
vt 0 0
vt 0 0
vt 0 0
vt 0 0
vt 0 0
vt 0 0
vt 0 0
vt 0 0
vt 0 0
vt 0 0
vt 0 0
vt 0 0
vt 0 0
vt 0 0
vt 0 0
vt 0 0
vt 0 0
vt 0 0
vt 0 0
vt 0 0
vt 0 0
vt 0 0
vt 0 0
vt 0 0
vt 0 0
vt 0 0
vt 0 0
vt 0 0
vt 0 0
vt 0 0
vt 0 0
vt 0 0
vt 0 0
vt 0 0
vt 0 0
vt 0 0
vt 0 0
vt 0 0
vt 0 0
vt 0 0
vt 0 0
vt 0 0
vt 0 0
vt 0 0
vt 0 0
vt 0 0
vt 0 0
vt 0 0
vt 0 0
vt 0 0
vt 0 0
vt 0 0
vt 0 0
vt 0 0
vt 0 0
vt 0 0
vt 0 0
vt 0 0
vt 0 0
vt 0 0
vt 0 0
vt 0 0
vt 0 0
vt 0 0
vt 0 0
vt 0 0
vt 0 0
vt 0 0
vt 0 0
vt 0 0
vt 0 0
vt 0 0
vt 0 0
vt 0 0
vt 0 0
vt 0 0
vt 0 0
vt 0 0
vt 0 0
vt 0 0
vt 0 0
vt 0 0
vt 0 0
vt 0 0
vt 0 0
vt 0 0
vt 0 0
vt 0 0
vt 0 0
vt 0 0
vt 0 0
vt 0 0
vt 0 0
vt 0 0
vt 0 0
vt 0 0
vt 0 0
vt 0 0
vt 0 0
vt 0 0
vt 0 0
vt 0 0
vt 0 0
vt 0 0
vt 0 0
vt 0 0
vt 0 0
vt 0 0
vt 0 0
vt 0 0
vt 0 0
vt 0 0
vt 0 0
vt 0 0
vt 0 0
vt 0 0
vt 0 0
vt 0 0
vt 0 0
vt 0 0
vt 0 0
vt 0 0
vt 0 0
vt 0 0
vt 0 0
vt 0 0
vt 0 0
vt 0 0
vt 0 0
vt 0 0
vt 0 0
vt 0 0
vt 0 0
vt 0 0
vt 0 0
vt 0 0
vt 0 0
vt 0 0
vt 0 0
vt 0 0
vt 0 0
vt 0 0
vt 0 0
vt 0 0
vt 0 0
vt 0 0
vt 0 0
vt 0 0
vt 0 0
vt 0 0
vt 0 0
vt 0 0
vt 0 0
vt 0 0
vt 0 0
vt 0 0
vt 0 0
vt 0 0
vt 0 0
vt 0 0
vt 0 0
vt 0 0
vt 0 0
vt 0 0
vt 0 0
vt 0 0
vt 0 0
vt 0 0
vt 0 0
vt 0 0
vt 0 0
vt 0 0
vt 0 0
vt 0 0
vt 0 0
vt 0 0
vt 0 0
vt 0 0
vt 0 0
vt 0 0
vt 0 0
vt 0 0
vt 0 0
vt 0 0
vt 0 0
vt 0 0
vt 0 0
vt 0 0
vt 0 0
vt 0 0
vt 0 0
vt 0 0
vt 0 0
vt 0 0
vt 0 0
vt 0 0
vt 0 0
vt 0 0
vt 0 0
vt 0 0
vt 0 0
vt 0 0
vt 0 0
vt 0 0
vt 0 0
vt 0 0
vt 0 0
vt 0 0
vt 0 0
vt 0 0
vt 0 0
vt 0 0
vt 0 0
vt 0 0
vt 0 0
vt 0 0
vt 0 0
vt 0 0
vt 0 0
vt 0 0
vt 0 0
vt 0 0
vt 0 0
vt 0 0
vt 0 0
vt 0 0
vt 0 0
vt 0 0
vt 0 0
vt 0 0
vt 0 0
vt 0 0
vt 0 0
vt 0 0
vt 0 0
vt 0 0
vt 0 0
vt 0 0
vt 0 0
vt 0 0
vt 0 0
vt 0 0
vt 0 0
vt 0 0
vt 0 0
vt 0 0
vt 0 0
vt 0 0
vt 0 0
vt 0 0
vt 0 0
vt 0 0
vt 0 0
vt 0 0
vt 0 0
vt 0 0
vt 0 0
vt 0 0
vt 0 0
vt 0 0
vt 0 0
vt 0 0
vt 0 0
vt 0 0
vt 0 0
vt 0 0
vt 0 0
vt 0 0
vt 0 0
vt 0 0
vt 0 0
vt 0 0
vt 0 0
vt 0 0
vt 0 0
vt 0 0
vt 0 0
vt 0 0
vt 0 0
vt 0 0
vt 0 0
vt 0 0
vt 0 0
vt 0 0
vt 0 0
vt 0 0
vt 0 0
vt 0 0
vt 0 0
vt 0 0
vt 0 0
vt 0 0
vt 0 0
vt 0 0
vt 0 0
vt 0 0
vt 0 0
vt 0 0
vt 0 0
vt 0 0
vt 0 0
vt 0 0
vt 0 0
vt 0 0
vt 0 0
vt 0 0
vt 0 0
vt 0 0
vt 0 0
vt 0 0
vt 0 0
vt 0 0
vt 0 0
vt 0 0
vt 0 0
vt 0 0
vt 0 0
vt 0 0
vt 0 0
vt 0 0
vt 0 0
vt 0 0
vt 0 0
vt 0 0
vt 0 0
vt 0 0
vt 0 0
vt 0 0
vt 0 0
vt 0 0
vt 0 0
vt 0 0
vt 0 0
vt 0 0
vt 0 0
vt 0 0
vt 0 0
vt 0 0
vt 0 0
vt 0 0
vt 0 0
vt 0 0
vt 0 0
vt 0 0
vt 0 0
vt 0 0
vt 0 0
vt 0 0
vt 0 0
vt 0 0
vt 0 0
vt 0 0
vt 0 0
vt 0 0
vt 0 0
vt 0 0
vt 0 0
vt 0 0
vt 0 0
vt 0 0
vt 0 0
vt 0 0
vt 0 0
vt 0 0
vt 0 0
vt 0 0
vt 0 0
vt 0 0
vt 0 0
vt 0 0
vt 0 0
vt 0 0
vt 0 0
vt 0 0
vt 0 0
vt 0 0
vt 0 0
vt 0 0
vt 0 0
vt 0 0
vt 0 0
vt 0 0
vt 0 0
vt 0 0
vt 0 0
vt 0 0
vt 0 0
vt 0 0
vt 0 0
vt 0 0
vt 0 0
vt 0 0
vt 0 0
vt 0 0
vt 0 0
vt 0 0
vt 0 0
vt 0 0
vt 0 0
vt 0 0
vt 0 0
vt 0 0
vt 0 0
vt 0 0
vt 0 0
vt 0 0
vt 0 0
vt 0 0
vt 0 0
vt 0 0
vt 0 0
vt 0 0
vt 0 0
vt 0 0
vt 0 0
vt 0 0
vt 0 0
vt 0 0
vt 0 0
vt 0 0
vt 0 0
vt 0 0
vt 0 0
vt 0 0
vt 0 0
vt 0 0
vt 0 0
vt 0 0
vt 0 0
vt 0 0
vt 0 0
vt 0 0
vt 0 0
vt 0 0
vt 0 0
vt 0 0
vt 0 0
vt 0 0
vt 0 0
vt 0 0
vt 0 0
vt 0 0
vt 0 0
vt 0 0
vt 0 0
vt 0 0
vt 0 0
vt 0 0
vt 0 0
vt 0 0
vt 0 0
vt 0 0
vt 0 0
vt 0 0
vt 0 0
vt 0 0
vt 0 0
vt 0 0
vt 0 0
vt 0 0
vt 0 0
vt 0 0
vt 0 0
vt 0 0
vt 0 0
vt 0 0
vt 0 0
vt 0 0
vt 0 0
vt 0 0
vt 0 0
vt 0 0
vt 0 0
vt 0 0
vt 0 0
vt 0 0
vt 0 0
vt 0 0
vt 0 0
vt 0 0
vt 0 0
vt 0 0
vt 0 0
vt 0 0
vt 0 0
vt 0 0
vt 0 0
vt 0 0
vt 0 0
vt 0 0
vt 0 0
vt 0 0
vt 0 0
vt 0 0
vt 0 0
vt 0 0
vt 0 0
vt 0 0
vt 0 0
vt 0 0
vt 0 0
vt 0 0
vt 0 0
vt 0 0
vt 0 0
vt 0 0
vt 0 0
vt 0 0
vt 0 0
vt 0 0
vt 0 0
vt 0 0
vt 0 0
vt 0 0
vt 0 0
vt 0 0
vt 0 0
vt 0 0
vt 0 0
vt 0 0
vt 0 0
vt 0 0
vt 0 0
vt 0 0
vt 0 0
vt 0 0
vt 0 0
vt 0 0
vt 0 0
vt 0 0
vt 0 0
vt 0 0
vt 0 0
vt 0 0
vt 0 0
vt 0 0
vt 0 0
vt 0 0
vt 0 0
vt 0 0
vt 0 0
vt 0 0
vt 0 0
vt 0 0
vt 0 0
vt 0 0
vt 0 0
vt 0 0
vt 0 0
vt 0 0
vt 0 0
vt 0 0
vt 0 0
vt 0 0
vt 0 0
vt 0 0
vt 0 0
vt 0 0
vt 0 0
vt 0 0
vt 0 0
vt 0 0
vt 0 0
vt 0 0
vt 0 0
vt 0 0
vt 0 0
vt 0 0
vt 0 0
vt 0 0
vt 0 0
vt 0 0
vt 0 0
vt 0 0
vt 0 0
vt 0 0
vt 0 0
vt 0 0
vt 0 0
vt 0 0
vt 0 0
vt 0 0
vt 0 0
vt 0 0
vt 0 0
vt 0 0
vt 0 0
vt 0 0
vt 0 0
vt 0 0
vt 0 0
vt 0 0
vt 0 0
vt 0 0
vt 0 0
vt 0 0
vt 0 0
vt 0 0
vt 0 0
vt 0 0
vt 0 0
vt 0 0
vt 0 0
vt 0 0
vt 0 0
vt 0 0
vt 0 0
vt 0 0
vt 0 0
vt 0 0
vt 0 0
vt 0 0
vt 0 0
vt 0 0
vt 0 0
vt 0 0
vt 0 0
vt 0 0
vt 0 0
vt 0 0
vt 0 0
vt 0 0
vt 0 0
vt 0 0
vt 0 0
vt 0 0
vt 0 0
vt 0 0
vt 0 0
vt 0 0
vt 0 0
vt 0 0
vt 0 0
vt 0 0
vt 0 0
vt 0 0
vt 0 0
vt 0 0
vt 0 0
vt 0 0
vt 0 0
vt 0 0
vt 0 0
vt 0 0
vt 0 0
vt 0 0
vt 0 0
vt 0 0
vt 0 0
vt 0 0
vt 0 0
vt 0 0
vt 0 0
vt 0 0
vt 0 0
vt 0 0
vt 0 0
vt 0 0
vt 0 0
vt 0 0
vt 0 0
vt 0 0
vt 0 0
vt 0 0
vt 0 0
vt 0 0
vt 0 0
vt 0 0
vt 0 0
vt 0 0
vt 0 0
vt 0 0
vt 0 0
vt 0 0
vt 0 0
vt 0 0
vt 0 0
vt 0 0
vt 0 0
vt 0 0
vt 0 0
vt 0 0
vt 0 0
vt 0 0
vt 0 0
vt 0 0
vt 0 0
vt 0 0
vt 0 0
vt 0 0
vt 0 0
vt 0 0
vt 0 0
vt 0 0
vt 0 0
vt 0 0
vt 0 0
vt 0 0
vt 0 0
vt 0 0
vt 0 0
vt 0 0
vt 0 0
vt 0 0
vt 0 0
vt 0 0
vt 0 0
vt 0 0
vt 0 0
vt 0 0
vt 0 0
vt 0 0
vt 0 0
vt 0 0
vt 0 0
vt 0 0
vt 0 0
vt 0 0
vt 0 0
vt 0 0
vt 0 0
vt 0 0
vt 0 0
vt 0 0
vt 0 0
vt 0 0
vt 0 0
vt 0 0
vt 0 0
vt 0 0
vt 0 0
vt 0 0
vt 0 0
vt 0 0
vt 0 0
vt 0 0
vt 0 0
vt 0 0
vt 0 0
vt 0 0
vt 0 0
vt 0 0
vt 0 0
vt 0 0
vt 0 0
vt 0 0
vt 0 0
vt 0 0
vt 0 0
vt 0 0
vt 0 0
vt 0 0
vt 0 0
vt 0 0
vt 0 0
vt 0 0
vt 0 0
vt 0 0
vt 0 0
vt 0 0
vt 0 0
vt 0 0
vt 0 0
vt 0 0
vt 0 0
vt 0 0
vt 0 0
vt 0 0
vt 0 0
vt 0 0
vt 0 0
vt 0 0
vt 0 0
vt 0 0
vt 0 0
vt 0 0
vt 0 0
vt 0 0
vt 0 0
vt 0 0
vt 0 0
vt 0 0
vt 0 0
vt 0 0
vt 0 0
vt 0 0
vt 0 0
vt 0 0
vt 0 0
vt 0 0
vt 0 0
vt 0 0
vt 0 0
vt 0 0
vt 0 0
vt 0 0
vt 0 0
vt 0 0
vt 0 0
vt 0 0
vt 0 0
vt 0 0
vt 0 0
vt 0 0
vt 0 0
vt 0 0
vt 0 0
vt 0 0
vt 0 0
vt 0 0
vt 0 0
vt 0 0
vt 0 0
vt 0 0
vt 0 0
vt 0 0
vt 0 0
vt 0 0
vt 0 0
vt 0 0
vt 0 0
vt 0 0
vt 0 0
vt 0 0
vt 0 0
vt 0 0
vt 0 0
vt 0 0
vt 0 0
vt 0 0
vt 0 0
vt 0 0
vt 0 0
vt 0 0
vt 0 0
vt 0 0
vt 0 0
vt 0 0
vt 0 0
vt 0 0
vt 0 0
vt 0 0
vt 0 0
vt 0 0
vt 0 0
vt 0 0
vt 0 0
vt 0 0
vt 0 0
vt 0 0
vt 0 0
vt 0 0
vt 0 0
vt 0 0
vt 0 0
vt 0 0
vt 0 0
vt 0 0
vt 0 0
vt 0 0
vt 0 0
vt 0 0
vt 0 0
vt 0 0
vt 0 0
vt 0 0
vt 0 0
vt 0 0
vt 0 0
vt 0 0
vt 0 0
vt 0 0
vt 0 0
vt 0 0
vt 0 0
vt 0 0
vt 0 0
vt 0 0
vt 0 0
vt 0 0
vt 0 0
vt 0 0
vt 0 0
vt 0 0
vt 0 0
vt 0 0
vt 0 0
vt 0 0
vt 0 0
vt 0 0
vt 0 0
vt 0 0
vt 0 0
vt 0 0
vt 0 0
vt 0 0
vt 0 0
vt 0 0
vt 0 0
vt 0 0
vt 0 0
vt 0 0
vt 0 0
vt 0 0
vt 0 0
vt 0 0
vt 0 0
vt 0 0
vt 0 0
vt 0 0
vt 0 0
vt 0 0
vt 0 0
vt 0 0
vt 0 0
vt 0 0
vt 0 0
vt 0 0
vt 0 0
vt 0 0
vt 0 0
vt 0 0
vt 0 0
vt 0 0
vt 0 0
vt 0 0
vt 0 0
vt 0 0
vt 0 0
vt 0 0
vt 0 0
vt 0 0
vt 0 0
vt 0 0
vt 0 0
vt 0 0
vt 0 0
vt 0 0
vt 0 0
vt 0 0
vt 0 0
vt 0 0
vt 0 0
vt 0 0
vt 0 0
vt 0 0
vt 0 0
vt 0 0
vt 0 0
vt 0 0
vt 0 0
vt 0 0
vt 0 0
vt 0 0
vt 0 0
vt 0 0
vt 0 0
vt 0 0
vt 0 0
vt 0 0
vt 0 0
vt 0 0
vt 0 0
vt 0 0
vt 0 0
vt 0 0
vt 0 0
vt 0 0
vt 0 0
vt 0 0
vt 0 0
vt 0 0
vt 0 0
vt 0 0
vt 0 0
vt 0 0
vt 0 0
vt 0 0
vt 0 0
vt 0 0
vt 0 0
vt 0 0
vt 0 0
vt 0 0
vt 0 0
vt 0 0
vt 0 0
vt 0 0
vt 0 0
vt 0 0
vt 0 0
vt 0 0
vt 0 0
vt 0 0
vt 0 0
vt 0 0
vt 0 0
vt 0 0
vt 0 0
vt 0 0
vt 0 0
vt 0 0
vt 0 0
vt 0 0
vt 0 0
vt 0 0
vt 0 0
vt 0 0
vt 0 0
vt 0 0
vt 0 0
vt 0 0
vt 0 0
vt 0 0
vt 0 0
vt 0 0
vt 0 0
vt 0 0
vt 0 0
vt 0 0
vt 0 0
vt 0 0
vt 0 0
vt 0 0
vt 0 0
vt 0 0
vt 0 0
vt 0 0
vt 0 0
vt 0 0
vt 0 0
vt 0 0
vt 0 0
vt 0 0
vt 0 0
vt 0 0
vt 0 0
vt 0 0
vt 0 0
vt 0 0
vt 0 0
vt 0 0
vt 0 0
vt 0 0
vt 0 0
vt 0 0
vt 0 0
vt 0 0
vt 0 0
vt 0 0
vt 0 0
vt 0 0
vt 0 0
vt 0 0
vt 0 0
vt 0 0
vt 0 0
vt 0 0
vt 0 0
vt 0 0
vt 0 0
vt 0 0
vt 0 0
vt 0 0
vt 0 0
vt 0 0
vt 0 0
vt 0 0
vt 0 0
vt 0 0
vt 0 0
vt 0 0
vt 0 0
vt 0 0
vt 0 0
vt 0 0
vt 0 0
vt 0 0
vt 0 0
vt 0 0
vt 0 0
vt 0 0
vt 0 0
vt 0 0
vt 0 0
vt 0 0
vt 0 0
vt 0 0
vt 0 0
vt 0 0
vt 0 0
vt 0 0
vt 0 0
vt 0 0
vt 0 0
vt 0 0
vt 0 0
vt 0 0
vt 0 0
vt 0 0
vt 0 0
vt 0 0
vt 0 0
vt 0 0
vt 0 0
vt 0 0
vt 0 0
vt 0 0
vt 0 0
vt 0 0
vt 0 0
vt 0 0
vt 0 0
vt 0 0
vt 0 0
vt 0 0
vt 0 0
vt 0 0
vt 0 0
vt 0 0
vt 0 0
vt 0 0
vt 0 0
vt 0 0
vt 0 0
vt 0 0
vt 0 0
vt 0 0
vt 0 0
vt 0 0
vt 0 0
vt 0 0
vt 0 0
vt 0 0
vt 0 0
vt 0 0
vt 0 0
vt 0 0
vt 0 0
vt 0 0
vt 0 0
vt 0 0
vt 0 0
vt 0 0
vt 0 0
vt 0 0
vt 0 0
vt 0 0
vt 0 0
vt 0 0
vt 0 0
vt 0 0
vt 0 0
vt 0 0
vt 0 0
vt 0 0
vt 0 0
vt 0 0
vt 0 0
vt 0 0
vt 0 0
vt 0 0
vt 0 0
vt 0 0
vt 0 0
vt 0 0
vt 0 0
vt 0 0
vt 0 0
vt 0 0
vt 0 0
vt 0 0
vt 0 0
vt 0 0
vt 0 0
vt 0 0
vt 0 0
vt 0 0
vt 0 0
vt 0 0
vt 0 0
vt 0 0
vt 0 0
vt 0 0
vt 0 0
vt 0 0
vt 0 0
vt 0 0
vt 0 0
vt 0 0
vt 0 0
vt 0 0
vt 0 0
vt 0 0
vt 0 0
vt 0 0
vt 0 0
vt 0 0
vt 0 0
vt 0 0
vt 0 0
vt 0 0
vt 0 0
vt 0 0
vt 0 0
vt 0 0
vt 0 0
vt 0 0
vt 0 0
vt 0 0
vt 0 0
vt 0 0
vt 0 0
vt 0 0
vt 0 0
vt 0 0
vt 0 0
vt 0 0
vt 0 0
vt 0 0
vt 0 0
vt 0 0
vt 0 0
vt 0 0
vt 0 0
vt 0 0
vt 0 0
vt 0 0
vt 0 0
vt 0 0
vt 0 0
vt 0 0
vt 0 0
vt 0 0
vt 0 0
vt 0 0
vt 0 0
vt 0 0
vt 0 0
vt 0 0
vt 0 0
vt 0 0
vt 0 0
vt 0 0
vt 0 0
vt 0 0
vt 0 0
vt 0 0
vt 0 0
vt 0 0
vt 0 0
vt 0 0
vt 0 0
vt 0 0
vt 0 0
vt 0 0
vt 0 0
vt 0 0
vt 0 0
vt 0 0
vt 0 0
vt 0 0
vt 0 0
vt 0 0
vt 0 0
vt 0 0
vt 0 0
vt 0 0
vt 0 0
vt 0 0
vt 0 0
vt 0 0
vt 0 0
vt 0 0
vt 0 0
vt 0 0
vt 0 0
vt 0 0
vt 0 0
vt 0 0
vt 0 0
vt 0 0
vt 0 0
vt 0 0
vt 0 0
vt 0 0
vt 0 0
vt 0 0
vt 0 0
vt 0 0
vt 0 0
vt 0 0
vt 0 0
vt 0 0
vt 0 0
vt 0 0
vt 0 0
vt 0 0
vt 0 0
vt 0 0
vt 0 0
vt 0 0
vt 0 0
vt 0 0
vt 0 0
vt 0 0
vt 0 0
vt 0 0
vt 0 0
vt 0 0
vt 0 0
vt 0 0
vt 0 0
vt 0 0
vt 0 0
vt 0 0
vt 0 0
vt 0 0
vt 0 0
vt 0 0
vt 0 0
vt 0 0
vt 0 0
vt 0 0
vt 0 0
vt 0 0
vt 0 0
vt 0 0
vt 0 0
vt 0 0
vt 0 0
vt 0 0
vt 0 0
vt 0 0
vt 0 0
vt 0 0
vt 0 0
vt 0 0
vt 0 0
vt 0 0
vt 0 0
vt 0 0
vt 0 0
vt 0 0
vt 0 0
vt 0 0
vt 0 0
vt 0 0
vt 0 0
vt 0 0
vt 0 0
vt 0 0
vt 0 0
vt 0 0
vt 0 0
vt 0 0
vt 0 0
vt 0 0
vt 0 0
vt 0 0
vt 0 0
vt 0 0
vt 0 0
vt 0 0
vt 0 0
vt 0 0
vt 0 0
vt 0 0
vt 0 0
vt 0 0
vt 0 0
vt 0 0
vt 0 0
vt 0 0
vt 0 0
vt 0 0
vt 0 0
vt 0 0
vt 0 0
vt 0 0
vt 0 0
vt 0 0
vt 0 0
vt 0 0
vt 0 0
vt 0 0
vt 0 0
vt 0 0
vt 0 0
vt 0 0
vt 0 0
vt 0 0
vt 0 0
vt 0 0
vt 0 0
vt 0 0
vt 0 0
vt 0 0
vt 0 0
vt 0 0
vt 0 0
vt 0 0
vt 0 0
vt 0 0
vt 0 0
vt 0 0
vt 0 0
vt 0 0
vt 0 0
vt 0 0
vt 0 0
vt 0 0
vt 0 0
vt 0 0
vt 0 0
vt 0 0
vt 0 0
vt 0 0
vt 0 0
vt 0 0
vt 0 0
vt 0 0
vt 0 0
vt 0 0
vt 0 0
vt 0 0
vt 0 0
vt 0 0
vt 0 0
vt 0 0
vt 0 0
vt 0 0
vt 0 0
vt 0 0
vt 0 0
vt 0 0
vt 0 0
vt 0 0
vt 0 0
vt 0 0
vt 0 0
vt 0 0
vt 0 0
vt 0 0
vt 0 0
vt 0 0
vt 0 0
vt 0 0
vt 0 0
vt 0 0
vt 0 0
vt 0 0
vt 0 0
vt 0 0
vt 0 0
vt 0 0
vt 0 0
vt 0 0
vt 0 0
vt 0 0
vt 0 0
vt 0 0
vt 0 0
vt 0 0
vt 0 0
vt 0 0
vt 0 0
vt 0 0
vt 0 0
vt 0 0
vt 0 0
vt 0 0
vt 0 0
vt 0 0
vt 0 0
vt 0 0
vt 0 0
vt 0 0
vt 0 0
vt 0 0
vt 0 0
vt 0 0
vt 0 0
vt 0 0
vt 0 0
vt 0 0
vt 0 0
vt 0 0
vt 0 0
vt 0 0
vt 0 0
vt 0 0
vt 0 0
vt 0 0
vt 0 0
vt 0 0
vt 0 0
vt 0 0
vt 0 0
vt 0 0
vt 0 0
vt 0 0
vt 0 0
vt 0 0
vt 0 0
vt 0 0
vt 0 0
vt 0 0
vt 0 0
vt 0 0
vt 0 0
vt 0 0
vt 0 0
vt 0 0
vt 0 0
vt 0 0
vt 0 0
vt 0 0
vt 0 0
vt 0 0
vt 0 0
vt 0 0
vt 0 0
vt 0 0
vt 0 0
vt 0 0
vt 0 0
vt 0 0
vt 0 0
vt 0 0
vt 0 0
vt 0 0
vt 0 0
vt 0 0
vt 0 0
vt 0 0
vt 0 0
vt 0 0
vt 0 0
vt 0 0
vt 0 0
vt 0 0
vt 0 0
vt 0 0
vt 0 0
vt 0 0
vt 0 0
vt 0 0
vt 0 0
vt 0 0
vt 0 0
vt 0 0
vt 0 0
vt 0 0
vt 0 0
vt 0 0
vt 0 0
vt 0 0
vt 0 0
vt 0 0
vt 0 0
vt 0 0
vt 0 0
vt 0 0
vt 0 0
vt 0 0
vt 0 0
vt 0 0
vt 0 0
vt 0 0
vt 0 0
vt 0 0
vt 0 0
vt 0 0
vt 0 0
vt 0 0
vt 0 0
vt 0 0
vt 0 0
vt 0 0
vt 0 0
vt 0 0
vt 0 0
vt 0 0
vt 0 0
vt 0 0
vt 0 0
vt 0 0
vt 0 0
vt 0 0
vt 0 0
vt 0 0
vt 0 0
vt 0 0
vt 0 0
vt 0 0
vt 0 0
vt 0 0
vt 0 0
vt 0 0
vt 0 0
vt 0 0
vt 0 0
vt 0 0
vt 0 0
vt 0 0
vt 0 0
vt 0 0
vt 0 0
vt 0 0
vt 0 0
vt 0 0
vt 0 0
vt 0 0
vt 0 0
vt 0 0
vt 0 0
vt 0 0
vt 0 0
vt 0 0
vt 0 0
vt 0 0
vt 0 0
vt 0 0
vt 0 0
vt 0 0
vt 0 0
vt 0 0
vt 0 0
vt 0 0
vt 0 0
vt 0 0
vt 0 0
vt 0 0
vt 0 0
vt 0 0
vt 0 0
vt 0 0
vt 0 0
vt 0 0
vt 0 0
vt 0 0
vt 0 0
vt 0 0
vt 0 0
vt 0 0
vt 0 0
vt 0 0
vt 0 0
vt 0 0
vt 0 0
vt 0 0
vt 0 0
vt 0 0
vt 0 0
vt 0 0
vt 0 0
vt 0 0
vt 0 0
vt 0 0
vt 0 0
vt 0 0
vt 0 0
vt 0 0
vt 0 0
vt 0 0
vt 0 0
vt 0 0
vt 0 0
vt 0 0
vt 0 0
vt 0 0
vt 0 0
vt 0 0
vt 0 0
vt 0 0
vt 0 0
vt 0 0
vt 0 0
vt 0 0
vt 0 0
vt 0 0
vt 0 0
vt 0 0
vt 0 0
vt 0 0
vt 0 0
vt 0 0
vt 0 0
vt 0 0
vt 0 0
vt 0 0
vt 0 0
vt 0 0
vt 0 0
vt 0 0
vt 0 0
vt 0 0
vt 0 0
vt 0 0
vt 0 0
vt 0 0
vt 0 0
vt 0 0
vt 0 0
vt 0 0
vt 0 0
vt 0 0
vt 0 0
vt 0 0
vt 0 0
vt 0 0
vt 0 0
vt 0 0
vt 0 0
vt 0 0
vt 0 0
vt 0 0
vt 0 0
vt 0 0
vt 0 0
vt 0 0
vt 0 0
vt 0 0
vt 0 0
vt 0 0
vt 0 0
vt 0 0
vt 0 0
vt 0 0
vt 0 0
vt 0 0
vt 0 0
vt 0 0
vt 0 0
vt 0 0
vt 0 0
vt 0 0
vt 0 0
vt 0 0
vt 0 0
vt 0 0
vt 0 0
vt 0 0
vt 0 0
vt 0 0
vt 0 0
vt 0 0
vt 0 0
vt 0 0
vt 0 0
vt 0 0
vt 0 0
vt 0 0
vt 0 0
vt 0 0
vt 0 0
vt 0 0
vt 0 0
vt 0 0
vt 0 0
vt 0 0
vt 0 0
vt 0 0
vt 0 0
vt 0 0
vt 0 0
vt 0 0
vt 0 0
vt 0 0
vt 0 0
vt 0 0
vt 0 0
vt 0 0
vt 0 0
vt 0 0
vt 0 0
vt 0 0
vt 0 0
vt 0 0
vt 0 0
vt 0 0
vt 0 0
vt 0 0
vt 0 0
vt 0 0
vt 0 0
vt 0 0
vt 0 0
vt 0 0
vt 0 0
vt 0 0
vt 0 0
vt 0 0
vt 0 0
vt 0 0
vt 0 0
vt 0 0
vt 0 0
vt 0 0
vt 0 0
vt 0 0
vt 0 0
vt 0 0
vt 0 0
vt 0 0
vt 0 0
vt 0 0
vt 0 0
vt 0 0
vt 0 0
vt 0 0
vt 0 0
vt 0 0
vt 0 0
vt 0 0
vt 0 0
vt 0 0
vt 0 0
vt 0 0
vt 0 0
vt 0 0
vt 0 0
vt 0 0
vt 0 0
vt 0 0
vt 0 0
vt 0 0
vt 0 0
vt 0 0
vt 0 0
vt 0 0
vt 0 0
vt 0 0
vt 0 0
vt 0 0
vt 0 0
vt 0 0
vt 0 0
vt 0 0
vt 0 0
vt 0 0
vt 0 0
vt 0 0
vt 0 0
vt 0 0
vt 0 0
vt 0 0
vt 0 0
vt 0 0
vt 0 0
vt 0 0
vt 0 0
vt 0 0
vt 0 0
vt 0 0
vt 0 0
vt 0 0
vt 0 0
vt 0 0
vt 0 0
vt 0 0
vt 0 0
vt 0 0
vt 0 0
vt 0 0
vt 0 0
vt 0 0
vt 0 0
vt 0 0
vt 0 0
vt 0 0
vt 0 0
vt 0 0
vt 0 0
vt 0 0
vt 0 0
vt 0 0
vt 0 0
vt 0 0
vt 0 0
vt 0 0
vt 0 0
vt 0 0
vt 0 0
vt 0 0
vt 0 0
vt 0 0
vt 0 0
vt 0 0
vt 0 0
vt 0 0
vt 0 0
vt 0 0
vt 0 0
vt 0 0
vt 0 0
vt 0 0
vt 0 0
vt 0 0
vt 0 0
vt 0 0
vt 0 0
vt 0 0
vt 0 0
vt 0 0
vt 0 0
vt 0 0
vt 0 0
vt 0 0
vt 0 0
vt 0 0
vt 0 0
vt 0 0
vt 0 0
vt 0 0
vt 0 0
vt 0 0
vt 0 0
vt 0 0
vt 0 0
vt 0 0
vt 0 0
vt 0 0
vt 0 0
vt 0 0
vt 0 0
vt 0 0
vt 0 0
vt 0 0
vt 0 0
vt 0 0
vt 0 0
vt 0 0
vt 0 0
vt 0 0
vt 0 0
vt 0 0
vt 0 0
vt 0 0
vt 0 0
vt 0 0
vt 0 0
vt 0 0
vt 0 0
vt 0 0
vt 0 0
vt 0 0
vt 0 0
vt 0 0
vt 0 0
vt 0 0
vt 0 0
vt 0 0
vt 0 0
vt 0 0
vt 0 0
vt 0 0
vt 0 0
vt 0 0
vt 0 0
vt 0 0
vt 0 0
vt 0 0
vt 0 0
vt 0 0
vt 0 0
vt 0 0
vt 0 0
vt 0 0
vt 0 0
vt 0 0
vt 0 0
vt 0 0
vt 0 0
vt 0 0
vt 0 0
vt 0 0
vt 0 0
vt 0 0
vt 0 0
vt 0 0
vt 0 0
vt 0 0
vt 0 0
vt 0 0
vt 0 0
vt 0 0
vt 0 0
vt 0 0
vt 0 0
vt 0 0
vt 0 0
vt 0 0
vt 0 0
vt 0 0
vt 0 0
vt 0 0
vt 0 0
vt 0 0
vt 0 0
vt 0 0
vt 0 0
vt 0 0
vt 0 0
vt 0 0
vt 0 0
vt 0 0
vt 0 0
vt 0 0
vt 0 0
vt 0 0
vt 0 0
vt 0 0
vt 0 0
vt 0 0
vt 0 0
vt 0 0
vt 0 0
vt 0 0
vt 0 0
vt 0 0
vt 0 0
vt 0 0
vt 0 0
vt 0 0
vt 0 0
vt 0 0
vt 0 0
vt 0 0
vt 0 0
vt 0 0
vt 0 0
vt 0 0
vt 0 0
vt 0 0
vt 0 0
vt 0 0
vt 0 0
vt 0 0
vt 0 0
vt 0 0
vt 0 0
vt 0 0
vt 0 0
vt 0 0
vt 0 0
vt 0 0
vt 0 0
vt 0 0
vt 0 0
vt 0 0
vt 0 0
vt 0 0
vt 0 0
vt 0 0
vt 0 0
vt 0 0
vt 0 0
vt 0 0
vt 0 0
vt 0 0
vt 0 0
vt 0 0
vt 0 0
vt 0 0
vt 0 0
vt 0 0
vt 0 0
vt 0 0
vt 0 0
vt 0 0
vt 0 0
vt 0 0
vt 0 0
vt 0 0
vt 0 0
vt 0 0
vt 0 0
vt 0 0
vt 0 0
vt 0 0
vt 0 0
vt 0 0
vt 0 0
vt 0 0
vt 0 0
vt 0 0
vt 0 0
vt 0 0
vt 0 0
vt 0 0
vt 0 0
vt 0 0
vt 0 0
vt 0 0
vt 0 0
vt 0 0
vt 0 0
vt 0 0
vt 0 0
vt 0 0
vt 0 0
vt 0 0
vt 0 0
vt 0 0
vt 0 0
vt 0 0
vt 0 0
vt 0 0
vt 0 0
vt 0 0
vt 0 0
vt 0 0
vt 0 0
vt 0 0
vt 0 0
vt 0 0
vt 0 0
vt 0 0
vt 0 0
vt 0 0
vt 0 0
vt 0 0
vt 0 0
vt 0 0
vt 0 0
vt 0 0
vt 0 0
vt 0 0
vt 0 0
vt 0 0
vt 0 0
vt 0 0
vt 0 0
vt 0 0
vt 0 0
vt 0 0
vt 0 0
vt 0 0
vt 0 0
vt 0 0
vt 0 0
vt 0 0
vt 0 0
vt 0 0
vt 0 0
vt 0 0
vt 0 0
vt 0 0
vt 0 0
vt 0 0
vt 0 0
vt 0 0
vt 0 0
vt 0 0
vt 0 0
vt 0 0
vt 0 0
vt 0 0
vt 0 0
vt 0 0
vt 0 0
vt 0 0
vt 0 0
vt 0 0
vt 0 0
vt 0 0
vt 0 0
vt 0 0
vt 0 0
vt 0 0
vt 0 0
vt 0 0
vt 0 0
vt 0 0
vt 0 0
vt 0 0
vt 0 0
vt 0 0
vt 0 0
vt 0 0
vt 0 0
vt 0 0
vt 0 0
vt 0 0
vt 0 0
vt 0 0
vt 0 0
vt 0 0
vt 0 0
vt 0 0
vt 0 0
vt 0 0
vt 0 0
vt 0 0
vt 0 0
vt 0 0
vt 0 0
vt 0 0
vt 0 0
vt 0 0
vt 0 0
vt 0 0
vt 0 0
vt 0 0
vt 0 0
vt 0 0
vt 0 0
vt 0 0
vt 0 0
vt 0 0
vt 0 0
vt 0 0
vt 0 0
vt 0 0
vt 0 0
vt 0 0
vt 0 0
vt 0 0
vt 0 0
vt 0 0
vt 0 0
vt 0 0
vt 0 0
vt 0 0
vt 0 0
vt 0 0
vt 0 0
vt 0 0
vt 0 0
vt 0 0
vt 0 0
vt 0 0
vt 0 0
vt 0 0
vt 0 0
vt 0 0
vt 0 0
vt 0 0
vt 0 0
vt 0 0
vt 0 0
vt 0 0
vt 0 0
vt 0 0
vt 0 0
vt 0 0
vt 0 0
vt 0 0
vt 0 0
vt 0 0
vt 0 0
vt 0 0
vt 0 0
vt 0 0
vt 0 0
vt 0 0
vt 0 0
vt 0 0
vt 0 0
vt 0 0
vt 0 0
vt 0 0
vt 0 0
vt 0 0
vt 0 0
vt 0 0
vt 0 0
vt 0 0
vt 0 0
vt 0 0
vt 0 0
vt 0 0
vt 0 0
vt 0 0
vt 0 0
vt 0 0
vt 0 0
vt 0 0
vt 0 0
vt 0 0
vt 0 0
vt 0 0
vt 0.25 0.583496094
vt 0.75 0.583496094
vt 0.6875 0.583496094
vt 0.6875 0.583496094
vt 0.3125 0.583496094
vt 0.3125 0.583496094
vt 0.6875 0.583496094
vt 0.6875 0.583496094
vt 0.75 0.583496094
vt 0.6875 0.583496094
vt 0.75 0.583496094
vt 0.25 0.583496094
vt 0.3125 0.583496094
vt 0.6875 0.583496094
vt 0.6875 0.583496094
vt 0.3125 0.583496094
vt 0.75 0.583496094
vt 0.6875 0.583496094
vt 0.553710938 0.149047852
vt 0.551269531 0.143432617
vt 0.554199219 0.149047852
vt 0.448974609 0.146728516
vt 0.446289062 0.15222168
vt 0.446289062 0.15234375
vt 0.554199219 0.149047852
vt 0.551269531 0.143432617
vt 0.553222656 0.147460938
vt 0.556152344 0.150268555
vt 0.553710938 0.149047852
vt 0.560546875 0.151855469
vt 0.548339844 0.139038086
vt 0.56640625 0.156738281
vt 0.511230469 0.061126709
vt 0.522460938 0.099609375
vt 0.541992188 0.133056641
vt 0.536132812 0.128662109
vt 0.5234375 0.107666016
vt 0.53125 0.124694824
vt 0.523925781 0.110778809
vt 0.52734375 0.120605469
vt 0.526855469 0.119812012
vt 0.525390625 0.117370605
vt 0.524414062 0.113891602
vt 0.524414062 0.114685059
vt 0.524414062 0.114562988
vt 0.513183594 0.0715942383
vt 0.518066406 0.0931396484
vt 0.514160156 0.0799560547
vt 0.514160156 0.0859375
vt 0.515625 0.090637207
vt 0.515136719 0.0895996094
vt 0.515136719 0.0895996094
vt 0.500488281 0.00146579742
vt 0.508300781 0.0531005859
vt 0.500488281 0.01612854
vt 0.500488281 0.0250701904
vt 0.504882812 0.0475158691
vt 0.500976562 0.0348815918
vt 0.502929688 0.0438537598
vt 0.501953125 0.0416870117
vt 0.959960938 0.0576171875
vt 0.983886719 0.0014591217
vt 0.982910156 0.0224914551
vt 0.974121094 0.0462036133
vt 0.979492188 0.0370178223
vt 0.938964844 0.12512207
vt 0.571289062 0.169067383
vt 0.958496094 0.0736694336
vt 0.93359375 0.150756836
vt 0.9375 0.131713867
vt 0.9375 0.133911133
vt 0.937011719 0.136108398
vt 0.936523438 0.137451172
vt 0.942871094 0.119567871
vt 0.874023438 0.301025391
vt 0.930175781 0.166381836
vt 0.927246094 0.181518555
vt 0.923828125 0.197143555
vt 0.570800781 0.190673828
vt 0.892089844 0.285400391
vt 0.921875 0.217651367
vt 0.922363281 0.238647461
vt 0.908203125 0.277587891
vt 0.921875 0.255126953
vt 0.919433594 0.264892578
vt 0.862304688 0.344238281
vt 0.567382812 0.251464844
vt 0.567382812 0.213012695
vt 0.693847656 0.502441406
vt 0.567382812 0.252197266
vt 0.566894531 0.247192383
vt 0.565429688 0.231567383
vt 0.653808594 0.483154297
vt 0.567382812 0.2578125
vt 0.566894531 0.262207031
vt 0.647460938 0.482666016
vt 0.658203125 0.487060547
vt 0.6796875 0.500976562
vt 0.673339844 0.498535156
vt 0.666992188 0.495361328
vt 0.660644531 0.490478516
vt 0.661132812 0.491943359
vt 0.56640625 0.386962891
vt 0.563964844 0.377441406
vt 0.560546875 0.370605469
vt 0.557128906 0.365966797
vt 0.554199219 0.362548828
vt 0.549316406 0.355957031
vt 0.558105469 0.266113281
vt 0.555664062 0.267333984
vt 0.553222656 0.268798828
vt 0.550292969 0.270263672
vt 0.543945312 0.271972656
vt 0.543457031 0.355712891
vt 0.527832031 0.281494141
vt 0.539550781 0.35546875
vt 0.538085938 0.272460938
vt 0.535644531 0.35546875
vt 0.529785156 0.278076172
vt 0.517578125 0.297363281
vt 0.534179688 0.272949219
vt 0.53125 0.275146484
vt 0.531738281 0.274169922
vt 0.531738281 0.355957031
vt 0.511230469 0.312988281
vt 0.508789062 0.330566406
vt 0.52734375 0.358886719
vt 0.51171875 0.353759766
vt 0.513671875 0.357910156
vt 0.512207031 0.355224609
vt 0.524414062 0.362060547
vt 0.516601562 0.361816406
vt 0.520019531 0.364501953
vt 0.522460938 0.364013672
vt 0.517578125 0.36328125
vt 0.517578125 0.363037109
vt 0.520996094 0.364746094
vt 0.521484375 0.364746094
vt 0.448974609 0.146728516
vt 0.446289062 0.15234375
vt 0.447021484 0.150634766
vt 0.446289062 0.15222168
vt 0.443847656 0.153564453
vt 0.439941406 0.155151367
vt 0.451660156 0.142211914
vt 0.434082031 0.159912109
vt 0.488525391 0.0646972656
vt 0.477539062 0.102966309
vt 0.458251953 0.136230469
vt 0.463867188 0.131958008
vt 0.4765625 0.111022949
vt 0.468994141 0.127929688
vt 0.476318359 0.114135742
vt 0.472900391 0.123901367
vt 0.473388672 0.12310791
vt 0.474609375 0.120666504
vt 0.475830078 0.117248535
vt 0.475830078 0.118041992
vt 0.475830078 0.117858887
vt 0.486816406 0.0751342773
vt 0.481933594 0.0965576172
vt 0.486083984 0.0834960938
vt 0.485595703 0.0894165039
vt 0.484130859 0.0940551758
vt 0.484863281 0.0930175781
vt 0.484863281 0.0930786133
vt 0.499755859 0.0052947998
vt 0.491699219 0.0567321777
vt 0.499511719 0.0198974609
vt 0.499511719 0.0288085938
vt 0.495117188 0.0511474609
vt 0.499023438 0.0385742188
vt 0.497070312 0.0475158691
vt 0.498046875 0.0453491211
vt 0.0420227051 0.0612182617
vt 0.0172119141 0.00528717041
vt 0.0190734863 0.0262298584
vt 0.0274810791 0.0498352051
vt 0.0223999023 0.0406799316
vt 0.0628662109 0.128417969
vt 0.0431518555 0.0772094727
vt 0.428955078 0.172241211
vt 0.0588378906 0.122924805
vt 0.0682373047 0.154052734
vt 0.0639648438 0.135009766
vt 0.0643310547 0.137207031
vt 0.0646972656 0.139404297
vt 0.0649414062 0.14074707
vt 0.127441406 0.303710938
vt 0.0713500977 0.169555664
vt 0.07421875 0.184570312
vt 0.0776367188 0.200073242
vt 0.429199219 0.193725586
vt 0.109436035 0.288085938
vt 0.0797729492 0.220581055
vt 0.0794677734 0.241577148
vt 0.0932617188 0.280273438
vt 0.0797729492 0.2578125
vt 0.0821533203 0.267578125
vt 0.138793945 0.346679688
vt 0.432617188 0.254394531
vt 0.432617188 0.215942383
vt 0.307128906 0.504394531
vt 0.432617188 0.254882812
vt 0.43359375 0.25
vt 0.434814453 0.234375
vt 0.346435547 0.484863281
vt 0.432861328 0.260742188
vt 0.43359375 0.264892578
vt 0.353027344 0.484619141
vt 0.342285156 0.488769531
vt 0.321044922 0.502441406
vt 0.327392578 0.500488281
vt 0.333740234 0.497070312
vt 0.340087891 0.4921875
vt 0.339355469 0.493652344
vt 0.43359375 0.389160156
vt 0.436279297 0.379638672
vt 0.439697266 0.372802734
vt 0.443359375 0.368164062
vt 0.446044922 0.364990234
vt 0.450683594 0.358154297
vt 0.442138672 0.268798828
vt 0.444335938 0.270019531
vt 0.446777344 0.271484375
vt 0.449707031 0.272949219
vt 0.456298828 0.274658203
vt 0.456787109 0.358154297
vt 0.472167969 0.283935547
vt 0.460449219 0.357910156
vt 0.461914062 0.275146484
vt 0.464355469 0.357910156
vt 0.470214844 0.280761719
vt 0.482421875 0.299804688
vt 0.465820312 0.275634766
vt 0.46875 0.277832031
vt 0.468261719 0.276855469
vt 0.468505859 0.358398438
vt 0.488769531 0.315429688
vt 0.491210938 0.333007812
vt 0.47265625 0.361328125
vt 0.48828125 0.356201172
vt 0.486328125 0.360107422
vt 0.487792969 0.357666016
vt 0.475585938 0.364257812
vt 0.483398438 0.364013672
vt 0.479736328 0.366699219
vt 0.477539062 0.366455078
vt 0.482421875 0.365478516
vt 0.482666016 0.365478516
vt 0.479003906 0.3671875
vt 0.478515625 0.366943359
vt 0.95703125 0.0927734375
vt 0.955078125 0.0988769531
vt 0.956054688 0.0968017578
vt 0.958007812 0.0836791992
vt 0.951171875 0.107299805
vt 0.946777344 0.115661621
vt 0.945800781 0.117614746
vt 0.868164062 0.356689453
vt 0.867675781 0.354248047
vt 0.869140625 0.362304688
vt 0.87890625 0.412353516
vt 0.872070312 0.370605469
vt 0.87890625 0.402832031
vt 0.87890625 0.395996094
vt 0.879394531 0.389160156
vt 0.875488281 0.374755859
vt 0.87890625 0.382568359
vt 0.879394531 0.384765625
vt 0.878417969 0.378662109
vt 0.877929688 0.376220703
vt 0.703613281 0.545898438
vt 0.880859375 0.425537109
vt 0.883789062 0.435791016
vt 0.69921875 0.530761719
vt 0.889648438 0.466308594
vt 0.695800781 0.521484375
vt 0.696777344 0.525390625
vt 0.888671875 0.458740234
vt 0.886230469 0.444335938
vt 0.888671875 0.455810547
vt 0.888183594 0.452636719
vt 0.888183594 0.451171875
vt 0.896972656 0.484619141
vt 0.893066406 0.471923828
vt 0.895996094 0.478759766
vt 0.89453125 0.474365234
vt 0.895507812 0.475341797
vt 0.760253906 0.730957031
vt 0.899414062 0.491455078
vt 0.903320312 0.496582031
vt 0.739257812 0.717285156
vt 0.7421875 0.725097656
vt 0.730957031 0.709472656
vt 0.750488281 0.733886719
vt 0.747070312 0.733398438
vt 0.743164062 0.729492188
vt 0.744628906 0.731933594
vt 0.743164062 0.729980469
vt 0.770996094 0.758789062
vt 0.917480469 0.51171875
vt 0.90625 0.499267578
vt 0.9609375 0.626464844
vt 0.798828125 0.805664062
vt 0.784179688 0.786132812
vt 0.91015625 0.502441406
vt 0.908691406 0.500976562
vt 0.944335938 0.557617188
vt 0.925292969 0.521972656
vt 0.937988281 0.54296875
vt 0.932617188 0.532226562
vt 0.949707031 0.572753906
vt 0.959960938 0.62109375
vt 0.954589844 0.589355469
vt 0.959472656 0.615722656
vt 0.958984375 0.610351562
vt 0.958496094 0.606445312
vt 0.960449219 0.700683594
vt 0.962890625 0.642089844
vt 0.963867188 0.657714844
vt 0.962402344 0.688964844
vt 0.963867188 0.673339844
vt 0.958496094 0.713378906
vt 0.913574219 0.811035156
vt 0.930175781 0.789550781
vt 0.943847656 0.764160156
vt 0.956054688 0.725585938
vt 0.954589844 0.735839844
vt 0.874511719 0.835449219
vt 0.895507812 0.826660156
vt 0.834472656 0.833496094
vt 0.853515625 0.838378906
vt 0.815429688 0.822265625
vt 0.569824219 0.406494141
vt 0.570800781 0.410644531
vt 0.568359375 0.401855469
vt 0.567871094 0.395507812
vt 0.573242188 0.415771484
vt 0.575683594 0.421630859
vt 0.578613281 0.429931641
vt 0.591796875 0.458251953
vt 0.642089844 0.484863281
vt 0.587402344 0.452148438
vt 0.583984375 0.446777344
vt 0.579101562 0.434814453
vt 0.581054688 0.44140625
vt 0.579589844 0.4375
vt 0.594238281 0.462646484
vt 0.638183594 0.487304688
vt 0.635742188 0.488525391
vt 0.596191406 0.467285156
vt 0.630371094 0.490966797
vt 0.60546875 0.482910156
vt 0.623046875 0.492919922
vt 0.600097656 0.475585938
vt 0.597167969 0.470458984
vt 0.59765625 0.471923828
vt 0.611328125 0.489990234
vt 0.6171875 0.493652344
vt 0.613769531 0.492431641
vt 0.699707031 0.556640625
vt 0.700195312 0.5546875
vt 0.698730469 0.561035156
vt 0.695800781 0.569824219
vt 0.687988281 0.583496094
vt 0.690917969 0.577636719
vt 0.692382812 0.571777344
vt 0.684570312 0.590332031
vt 0.680175781 0.681640625
vt 0.723144531 0.715332031
vt 0.718261719 0.717773438
vt 0.711914062 0.720214844
vt 0.706054688 0.723144531
vt 0.67578125 0.672851562
vt 0.678222656 0.6953125
vt 0.698730469 0.729003906
vt 0.692382812 0.734375
vt 0.685546875 0.739746094
vt 0.6796875 0.744628906
vt 0.6640625 0.706054688
vt 0.672851562 0.748046875
vt 0.666015625 0.750976562
vt 0.654785156 0.712890625
vt 0.658203125 0.753417969
vt 0.645507812 0.719726562
vt 0.650390625 0.756347656
vt 0.636230469 0.726074219
vt 0.643554688 0.758789062
vt 0.635742188 0.761230469
vt 0.630371094 0.729492188
vt 0.629394531 0.761230469
vt 0.625488281 0.732421875
vt 0.622070312 0.738769531
vt 0.623535156 0.734863281
vt 0.625976562 0.759765625
vt 0.62109375 0.750976562
vt 0.623535156 0.756835938
vt 0.620605469 0.745117188
vt 0.66796875 0.60546875
vt 0.665527344 0.611328125
vt 0.671386719 0.602050781
vt 0.665039062 0.616210938
vt 0.677246094 0.59765625
vt 0.6640625 0.630859375
vt 0.665039062 0.613769531
vt 0.665527344 0.612304688
vt 0.668457031 0.669921875
vt 0.667480469 0.669921875
vt 0.666503906 0.669921875
vt 0.6640625 0.669921875
vt 0.657226562 0.672851562
vt 0.66015625 0.672363281
vt 0.652832031 0.672851562
vt 0.643066406 0.634277344
vt 0.647460938 0.673828125
vt 0.634765625 0.677246094
vt 0.62890625 0.639648438
vt 0.623046875 0.677734375
vt 0.618164062 0.646972656
vt 0.616699219 0.673828125
vt 0.61328125 0.663574219
vt 0.61328125 0.655761719
vt 0.612792969 0.659667969
vt 0.612792969 0.661621094
vt 0.612792969 0.656738281
vt 0.045501709 0.100219727
vt 0.0464782715 0.102294922
vt 0.0447998047 0.0962524414
vt 0.0438842773 0.0871582031
vt 0.0506591797 0.110717773
vt 0.0549316406 0.119018555
vt 0.0558166504 0.120910645
vt 0.133300781 0.358886719
vt 0.133789062 0.356689453
vt 0.132202148 0.364501953
vt 0.122741699 0.414306641
vt 0.129394531 0.372802734
vt 0.122497559 0.405029297
vt 0.122314453 0.398193359
vt 0.122131348 0.391357422
vt 0.126098633 0.376953125
vt 0.122314453 0.384765625
vt 0.122009277 0.386962891
vt 0.123168945 0.380859375
vt 0.123718262 0.378417969
vt 0.296875 0.547363281
vt 0.120422363 0.427490234
vt 0.117797852 0.437744141
vt 0.301757812 0.532714844
vt 0.111694336 0.468261719
vt 0.305175781 0.522949219
vt 0.303955078 0.526855469
vt 0.112609863 0.460693359
vt 0.115234375 0.446289062
vt 0.112976074 0.457519531
vt 0.113342285 0.454589844
vt 0.113525391 0.453125
vt 0.104736328 0.486328125
vt 0.108398438 0.473876953
vt 0.105712891 0.48046875
vt 0.106750488 0.476074219
vt 0.106140137 0.477050781
vt 0.240966797 0.731445312
vt 0.102233887 0.493164062
vt 0.098449707 0.498291016
vt 0.261962891 0.717773438
vt 0.259033203 0.725585938
vt 0.270019531 0.710449219
vt 0.250488281 0.734863281
vt 0.25390625 0.734375
vt 0.2578125 0.729980469
vt 0.256347656 0.732421875
vt 0.257568359 0.730957031
vt 0.229858398 0.759765625
vt 0.0841674805 0.513671875
vt 0.0952758789 0.500976562
vt 0.041015625 0.627441406
vt 0.202148438 0.806152344
vt 0.216918945 0.786621094
vt 0.0916137695 0.504394531
vt 0.0930786133 0.502929688
vt 0.0574645996 0.559082031
vt 0.0762939453 0.5234375
vt 0.0635375977 0.544433594
vt 0.0692749023 0.533691406
vt 0.0518493652 0.57421875
vt 0.041595459 0.622070312
vt 0.0469970703 0.590820312
vt 0.0421447754 0.616699219
vt 0.0426940918 0.611328125
vt 0.0431213379 0.607910156
vt 0.0390930176 0.643066406
vt 0.0414123535 0.701660156
vt 0.0380554199 0.658691406
vt 0.0395507812 0.689941406
vt 0.0380859375 0.674316406
vt 0.0434570312 0.713867188
vt 0.087890625 0.811035156
vt 0.071472168 0.790039062
vt 0.0576477051 0.764648438
vt 0.0454711914 0.7265625
vt 0.0471496582 0.736816406
vt 0.126831055 0.835449219
vt 0.105773926 0.826660156
vt 0.166870117 0.833984375
vt 0.185913086 0.822753906
vt 0.147827148 0.838867188
vt 0.431640625 0.403808594
vt 0.429199219 0.412597656
vt 0.430664062 0.408691406
vt 0.432373047 0.397705078
vt 0.427001953 0.417724609
vt 0.424560547 0.423583984
vt 0.421386719 0.431884766
vt 0.408447266 0.459960938
vt 0.358398438 0.486572266
vt 0.412841797 0.454101562
vt 0.416259766 0.448730469
vt 0.420898438 0.436767578
vt 0.419189453 0.443359375
vt 0.420654297 0.439453125
vt 0.405761719 0.464599609
vt 0.362548828 0.489013672
vt 0.364746094 0.490478516
vt 0.404052734 0.469238281
vt 0.370117188 0.492675781
vt 0.394775391 0.484863281
vt 0.377197266 0.494873047
vt 0.400146484 0.477539062
vt 0.403076172 0.472412109
vt 0.402587891 0.473632812
vt 0.389160156 0.491699219
vt 0.383544922 0.495361328
vt 0.38671875 0.494140625
vt 0.30078125 0.558105469
vt 0.300537109 0.556152344
vt 0.301757812 0.5625
vt 0.304931641 0.571289062
vt 0.3125 0.584960938
vt 0.310058594 0.579101562
vt 0.30859375 0.573242188
vt 0.316162109 0.591796875
vt 0.320556641 0.682617188
vt 0.277832031 0.716308594
vt 0.282714844 0.71875
vt 0.288818359 0.720703125
vt 0.294921875 0.724121094
vt 0.324951172 0.673828125
vt 0.322509766 0.696289062
vt 0.301757812 0.729492188
vt 0.30859375 0.735351562
vt 0.314941406 0.740722656
vt 0.321289062 0.745117188
vt 0.336425781 0.70703125
vt 0.327636719 0.749023438
vt 0.334716797 0.751464844
vt 0.345703125 0.713867188
vt 0.342285156 0.75390625
vt 0.354980469 0.720214844
vt 0.350097656 0.756835938
vt 0.364257812 0.7265625
vt 0.356933594 0.759765625
vt 0.364746094 0.76171875
vt 0.370361328 0.73046875
vt 0.37109375 0.762207031
vt 0.374755859 0.732910156
vt 0.378417969 0.739257812
vt 0.376953125 0.735351562
vt 0.374511719 0.760253906
vt 0.379150391 0.751953125
vt 0.379882812 0.74609375
vt 0.377197266 0.757324219
vt 0.329345703 0.603515625
vt 0.334960938 0.612792969
vt 0.332519531 0.606445312
vt 0.335693359 0.6171875
vt 0.323242188 0.599121094
vt 0.336669922 0.632324219
vt 0.335449219 0.614746094
vt 0.335205078 0.61328125
vt 0.332275391 0.670898438
vt 0.333251953 0.670898438
vt 0.333984375 0.670898438
vt 0.336425781 0.670898438
vt 0.343261719 0.673828125
vt 0.340576172 0.673339844
vt 0.347900391 0.673828125
vt 0.357421875 0.635253906
vt 0.353027344 0.674804688
vt 0.365478516 0.678222656
vt 0.371582031 0.640625
vt 0.377197266 0.678710938
vt 0.382324219 0.6484375
vt 0.383789062 0.674804688
vt 0.387207031 0.664550781
vt 0.387207031 0.656738281
vt 0.387695312 0.660644531
vt 0.387451172 0.657714844
vt 0.387695312 0.662597656
vn -0 0 1
vn -0 0 1
vn -0 0 1
vn -0 0 1
vn -0 0 1
vn -0 0 1
vn -0 0 1
vn -0 0 1
vn -0 0 1
vn -0 0 1
vn -0 0 1
vn -0 0 1
vn -0 0 1
vn -0 0 1
vn -0 0 1
vn -0 0 1
vn -0 0 1
vn -0 0 1
vn -0 0 1
vn -0 0 1
vn -0 0 -1
vn -0 0 -1
vn -0 0 -1
vn -0 0 -1
vn -0 0 -1
vn -0 0 -1
vn -0 0 -1
vn -0 0 -1
vn -0 0 -1
vn -0 0 -1
vn -0 0 -1
vn -0 0 -1
vn 3.2544136E-05 -1 0
vn 2.47955322E-05 -1 -1.7285347E-05
vn 6.46114349E-05 -1 5.22136688E-05
vn -0 1 1.2755394E-05
vn -0 1 0
vn -0 1 0
vn -0 0 1
vn -0 0 1
vn -0 0 1
vn -0 0 1
vn -0 0 1
vn -0 0 1
vn -0 0 1
vn -0 0 1
vn -0 0 1
vn -0 0 1
vn -0 0 1
vn -0 0 1
vn -0 0 -1
vn -0 0 -1
vn -0 0 -1
vn -0 0 -1
vn -0 0 -1
vn -0 0 -1
vn -0 0 -1
vn -0 0 -1
vn -0 0 -1
vn -0 0 -1
vn -0 0 -1
vn -0 0 -1
vn -0 -1 0
vn -0 -1 0
vn -0 -1 0
vn -0 -1 0
vn -0.70703125 -0.70703125 0
vn -0.70703125 -0.70703125 0
vn -0.70703125 -0.70703125 0
vn -0.70703125 -0.70703125 0
vn -1 0 0
vn -1 0 0
vn -1 0 0
vn -1 0 0
vn -0.70703125 -0.70703125 0
vn -0.70703125 -0.70703125 0
vn -0.70703125 -0.70703125 0
vn -0.70703125 -0.70703125 0
vn 1 0 0
vn 1 0 0
vn 1 0 0
vn 1 0 0
vn -0 0 1
vn -0 0 1
vn -0 0 1
vn -0 0 1
vn -0 -1 0
vn -0 -1 0
vn -0 -1 0
vn -0 -1 0
vn 0.70703125 -0.70703125 0
vn 0.70703125 -0.70703125 0
vn 0.70703125 -0.70703125 0
vn 0.70703125 -0.70703125 0
vn 1 0 0
vn 1 0 0
vn 1 0 0
vn 1 0 0
vn 0.70703125 -0.70703125 0
vn 0.70703125 -0.70703125 0
vn 0.70703125 -0.70703125 0
vn 0.70703125 -0.70703125 0
vn -1 0 0
vn -1 0 0
vn -1 0 0
vn -1 0 0
vn -0 0 1
vn -0 0 1
vn -0 0 1
vn -0 0 1
vn -0 0 1
vn -0 0 1
vn -0 0 1
vn -0 0 1
vn -0 1 0
vn -0 1 0
vn -0 1 0
vn -0 1 0
vn -0.70703125 0.70703125 0
vn -0.70703125 0.70703125 0
vn -0.70703125 0.70703125 0
vn -0.70703125 0.70703125 0
vn -1 0 0
vn -1 0 0
vn -1 0 0
vn -1 0 0
vn -0.70703125 0.70703125 0
vn -0.70703125 0.70703125 0
vn -0.70703125 0.70703125 0
vn -0.70703125 0.70703125 0
vn 1 0 0
vn 1 0 0
vn 1 0 0
vn 1 0 0
vn -0 0 1
vn -0 0 1
vn -0 0 1
vn -0 0 1
vn -0 0 1
vn -0 0 1
vn -0 0 1
vn -0 0 1
vn -0 1 0
vn -0 1 0
vn -0 1 0
vn -0 1 0
vn 0.70703125 0.70703125 0
vn 0.70703125 0.70703125 0
vn 0.70703125 0.70703125 0
vn 0.70703125 0.70703125 0
vn -0 0 1
vn -0 0 1
vn -0 0 1
vn -0 0 1
vn 1 0 0
vn 1 0 0
vn 1 0 0
vn 1 0 0
vn 0.70703125 0.70703125 0
vn 0.70703125 0.70703125 0
vn 0.70703125 0.70703125 0
vn 0.70703125 0.70703125 0
vn -1 0 0
vn -1 0 0
vn -1 0 0
vn -1 0 0
vn -0 0 -1
vn -0 0 -1
vn -0 0 -1
vn -0 0 -1
vn -0 -1 0
vn -0 -1 0
vn -0 -1 0
vn -0 -1 0
vn -0.70703125 -0.70703125 0
vn -0.70703125 -0.70703125 0
vn -0.70703125 -0.70703125 0
vn -0.70703125 -0.70703125 0
vn -1 0 0
vn -1 0 0
vn -1 0 0
vn -1 0 0
vn -0.70703125 -0.70703125 0
vn -0.70703125 -0.70703125 0
vn -0.70703125 -0.70703125 0
vn -0.70703125 -0.70703125 0
vn 1 0 0
vn 1 0 0
vn 1 0 0
vn 1 0 0
vn -0 0 -1
vn -0 0 -1
vn -0 0 -1
vn -0 0 -1
vn -0 0 -1
vn -0 0 -1
vn -0 0 -1
vn -0 0 -1
vn -0 -1 0
vn -0 -1 0
vn -0 -1 0
vn -0 -1 0
vn 0.70703125 -0.70703125 0
vn 0.70703125 -0.70703125 0
vn 0.70703125 -0.70703125 0
vn 0.70703125 -0.70703125 0
vn -0 0 -1
vn -0 0 -1
vn -0 0 -1
vn -0 0 -1
vn 1 0 0
vn 1 0 0
vn 1 0 0
vn 1 0 0
vn 0.70703125 -0.70703125 0
vn 0.70703125 -0.70703125 0
vn 0.70703125 -0.70703125 0
vn 0.70703125 -0.70703125 0
vn -1 0 0
vn -1 0 0
vn -1 0 0
vn -1 0 0
vn -0 0 -1
vn -0 0 -1
vn -0 0 -1
vn -0 0 -1
vn -0 1 0
vn -0 1 0
vn -0 1 0
vn -0 1 0
vn -0.70703125 0.70703125 0
vn -0.70703125 0.70703125 0
vn -0.70703125 0.70703125 0
vn -0.70703125 0.70703125 0
vn -0 0 -1
vn -0 0 -1
vn -0 0 -1
vn -0 0 -1
vn -1 0 0
vn -1 0 0
vn -1 0 0
vn -1 0 0
vn -0.70703125 0.70703125 0
vn -0.70703125 0.70703125 0
vn -0.70703125 0.70703125 0
vn -0.70703125 0.70703125 0
vn 1 0 0
vn 1 0 0
vn 1 0 0
vn 1 0 0
vn -0 0 -1
vn -0 0 -1
vn -0 0 -1
vn -0 0 -1
vn -0 1 0
vn -0 1 0
vn -0 1 0
vn -0 1 0
vn 0.70703125 0.70703125 0
vn 0.70703125 0.70703125 0
vn 0.70703125 0.70703125 0
vn 0.70703125 0.70703125 0
vn 1 0 0
vn 1 0 0
vn 1 0 0
vn 1 0 0
vn 0.70703125 0.70703125 0
vn 0.70703125 0.70703125 0
vn 0.70703125 0.70703125 0
vn 0.70703125 0.70703125 0
vn -1 0 0
vn -1 0 0
vn -1 0 0
vn -1 0 0
vn -0 0 -1
vn -0 0 -1
vn -0 0 -1
vn -0 0 -1
vn 4.24385071E-05 1 -2.74181366E-05
vn -0.336425781 0.928222656 -0.16003418
vn -0 1 1.90734863E-05
vn -0.119262695 0.992675781 -0.0160217285
vn -0.0803222656 0.996582031 0.0218658447
vn 3.03387642E-05 1 -1.31726265E-05
vn -0.497802734 0.860839844 -0.106933594
vn -0.073059082 0.99609375 0.046081543
vn -0 1 -1.55568123E-05
vn -0.305908203 0.948242188 0.0833129883
vn -0.623535156 0.776855469 -0.0863037109
vn -0.0505981445 0.99609375 0.0700073242
vn -0.271484375 0.947265625 0.171142578
vn -0.571777344 0.805664062 0.155761719
vn -0.728515625 0.681152344 -0.0725708008
vn -0.0375671387 0.999023438 0.0272827148
vn -0 1 0
vn -0 1 0
vn -0.187988281 0.947265625 0.260253906
vn -0.812011719 0.579589844 -0.0651855469
vn -0.582519531 0.764160156 -0.277099609
vn -0.908691406 0.413574219 -0.054107666
vn -0.782714844 0.584960938 0.213134766
vn -0.501953125 0.805175781 0.31640625
vn -0.0780639648 0.997070312 0.00959014893
vn -0 1 0
vn -0.975097656 0.205322266 0.0833129883
vn -0.984375 -0.0778198242 0.158813477
vn -0.187255859 0.97265625 0.136108398
vn -0.91796875 0.307373047 0.25
vn -0.685546875 0.585449219 0.432373047
vn -0.347412109 0.805175781 0.480957031
vn -0.0786132812 0.997070312 0.0116348267
vn -0 1 0
vn -0.961914062 -0.0784912109 0.261962891
vn -0.940429688 -0.304199219 0.151733398
vn -0.961914062 0.0784912109 0.261962891
vn -0.307128906 0.951171875 0.0377197266
vn -0.8046875 0.308349609 0.507324219
vn -0.474609375 0.585449219 0.657226562
vn -0.406494141 0.864746094 0.295166016
vn -0.843261719 0.0791015625 0.531738281
vn -0.91796875 -0.307373047 0.25
vn -0.804199219 -0.580078125 0.129760742
vn -0.557128906 0.308349609 0.770996094
vn -0.60546875 0.663085938 0.439941406
vn -0.583496094 0.809082031 0.0717163086
vn -0.843261719 -0.0791015625 0.531738281
vn -0.782714844 -0.584960938 0.213134766
vn -0.590820312 -0.801269531 0.0953369141
vn -0.8046875 -0.308349609 0.507324219
vn -0.583496094 -0.0791625977 0.808105469
vn -0.583496094 0.0791625977 0.808105469
vn -0.752929688 0.365478516 0.546875
vn -0.571777344 -0.805664062 0.155761719
vn -0.319335938 -0.946289062 0.0515441895
vn -0.685546875 -0.585449219 0.432128906
vn -0.557128906 -0.308349609 0.770996094
vn -0.805664062 -0.0922241211 0.585449219
vn -0.305908203 -0.948242188 0.0833129883
vn -0.0853881836 -0.99609375 0.0137481689
vn -0.501953125 -0.805175781 0.31640625
vn -0.474609375 -0.585449219 0.657226562
vn -0.0803222656 -0.996582031 0.0218811035
vn 1.15633011E-05 -1 0
vn 5.84721565E-05 -1 -1.23977661E-05
vn 3.02195549E-05 -1 -1.30534172E-05
vn -0.271484375 -0.947265625 0.171142578
vn -0.073059082 -0.99609375 0.046081543
vn -0 -1 -1.54972076E-05
vn -0.347412109 -0.805175781 0.480957031
vn -0.752929688 -0.365478516 0.546875
vn -0.187988281 -0.947265625 0.260253906
vn -0.0505981445 -0.99609375 0.0700073242
vn -0.60546875 -0.663085938 0.439941406
vn -0.0375671387 -0.999023438 0.0272827148
vn -0 -1 0
vn -0 -1 0
vn -0.187255859 -0.97265625 0.136108398
vn -0.406494141 -0.864746094 0.295166016
vn -0.0780639648 -0.997070312 0.00959014893
vn -0 -1 0
vn -0.307128906 -0.951171875 0.0377197266
vn -0.583496094 -0.809082031 0.0717163086
vn -0.803222656 -0.587402344 0.0986938477
vn -0.943847656 -0.308837891 0.115966797
vn -0.0786132812 -0.997070312 0.0116348267
vn -0 -1 0
vn -0.307617188 -0.950683594 0.045501709
vn -0.582519531 -0.808105469 0.0862426758
vn -0.80078125 -0.586914062 0.118530273
vn -0.0791625977 -0.996582031 0.0183258057
vn -0 -1 0
vn -0.305664062 -0.949707031 0.0707397461
vn -0.575683594 -0.806640625 0.133300781
vn -0.940917969 -0.308349609 0.139282227
vn -0.789550781 -0.585449219 0.182739258
vn -0.926757812 -0.307861328 0.214477539
vn -0.0766601562 -0.99609375 0.0397033691
vn -0.28515625 -0.947265625 0.147583008
vn -0.526855469 -0.805175781 0.272705078
vn -0.719726562 -0.585449219 0.372802734
vn -0.0613708496 -0.997070312 0.0501708984
vn -0 -1 0
vn -0.240356445 -0.950683594 0.196533203
vn -0.455810547 -0.808105469 0.372558594
vn -0.0598144531 -0.997070312 0.0512695312
vn -0 -1 0
vn -0 -1 0
vn -0.235107422 -0.950683594 0.201538086
vn -0.0591430664 -0.997070312 0.0526428223
vn -0 -1 0
vn -0.626953125 -0.586914062 0.512207031
vn -0.446533203 -0.80859375 0.3828125
vn -0.231933594 -0.950683594 0.20690918
vn -0.614257812 -0.587402344 0.526855469
vn -0.439453125 -0.807617188 0.393066406
vn -0.603515625 -0.586425781 0.540527344
vn -0.736328125 -0.30859375 0.602050781
vn -0.722167969 -0.308837891 0.619140625
vn -0.708007812 -0.308105469 0.635253906
vn -0.844726562 -0.308349609 0.437255859
vn -0.195800781 -0.947265625 0.252929688
vn -0.361083984 -0.805664062 0.469970703
vn -0.4921875 -0.5859375 0.643554688
vn -0.576660156 -0.30859375 0.756347656
vn -0.0528259277 -0.99609375 0.067565918
vn -0.771972656 -0.0784301758 0.630859375
vn -0.885253906 -0.0791015625 0.458251953
vn -0.756835938 -0.0784301758 0.648925781
vn -0.741699219 -0.0782470703 0.666015625
vn -0.604492188 -0.0791015625 0.792480469
vn -0.971191406 -0.0783691406 0.224731445
vn -0.741699219 0.0782470703 0.666015625
vn -0.986328125 -0.0783691406 0.145874023
vn -0.989257812 -0.0784301758 0.121582031
vn -0.986328125 0.0783691406 0.145874023
vn -0.971191406 0.0783691406 0.224731445
vn -0.805664062 0.0922241211 0.585449219
vn -0.989257812 0.0784301758 0.121582031
vn -0.943847656 0.308837891 0.115966797
vn -0.940917969 0.308349609 0.139282227
vn -0.803222656 0.587402344 0.0986938477
vn -0.80078125 0.586914062 0.118530273
vn -0.926757812 0.307861328 0.214477539
vn -0.582519531 0.808105469 0.0862426758
vn -0.789550781 0.585449219 0.182739258
vn -0.307617188 0.950683594 0.045501709
vn -0.575683594 0.806640625 0.133300781
vn -0.0791625977 0.996582031 0.0183258057
vn -0 1 0
vn -0.305664062 0.949707031 0.0707397461
vn -0.0766601562 0.99609375 0.0397033691
vn -0.28515625 0.947265625 0.147583008
vn -0.0613708496 0.997070312 0.0501708984
vn -0 1 0
vn -0.526855469 0.805175781 0.272705078
vn -0.0598144531 0.997070312 0.0512695312
vn -0 1 0
vn -0 1 0
vn -0.240356445 0.950683594 0.196533203
vn -0.719726562 0.585449219 0.372802734
vn -0.0591430664 0.997070312 0.0526428223
vn -0 1 0
vn -0.455810547 0.808105469 0.372558594
vn -0.235107422 0.950683594 0.201538086
vn -0.844726562 0.308349609 0.437255859
vn -0.626953125 0.586914062 0.512207031
vn -0.446533203 0.80859375 0.3828125
vn -0.231933594 0.950683594 0.20690918
vn -0.885253906 0.0791015625 0.458251953
vn -0.736328125 0.30859375 0.602050781
vn -0.771972656 0.0784301758 0.630859375
vn -0.614257812 0.587402344 0.526855469
vn -0.756835938 0.0784301758 0.648925781
vn -0.722167969 0.308837891 0.619140625
vn -0.439453125 0.807617188 0.393066406
vn -0.708007812 0.308105469 0.635253906
vn -0.603515625 0.586425781 0.540527344
vn -0.195800781 0.947265625 0.252929688
vn -0.361083984 0.805664062 0.469970703
vn -0.4921875 0.5859375 0.643554688
vn -0.576660156 0.30859375 0.756347656
vn -0.0528259277 0.99609375 0.067565918
vn -0.0320739746 0.996582031 0.075012207
vn -0.123657227 0.949707031 0.288085938
vn -0.233032227 0.807617188 0.541992188
vn -0.027053833 0.997070312 0.0721435547
vn -0.0358886719 0.997558594 0.0606689453
vn -0 1 0
vn -0.107727051 0.951660156 0.286865234
vn -0.320068359 0.586914062 0.743652344
vn -0.0502929688 0.998046875 0.0332946777
vn -0 1 0
vn -0 1 0
vn -0.206176758 0.810546875 0.548339844
vn -0.149169922 0.956054688 0.252441406
vn -0.376220703 0.308837891 0.873535156
vn -0.284423828 0.589355469 0.756347656
vn -0.292236328 0.818359375 0.494628906
vn -0.224609375 0.962890625 0.148681641
vn -0.0754394531 0.997070312 0.0215606689
vn -0.0754394531 0.997070312 0.0215606689
vn -0 1 0
vn -0 1 0
vn -0.297119141 0.951171875 0.0848999023
vn -0.458251953 0.835449219 0.303222656
vn -0.407470703 0.598632812 0.689941406
vn -0.0754394531 0.997070312 0.0215606689
vn -0 1 0
vn -0.297119141 0.951171875 0.0848999023
vn -0.564941406 0.809082031 0.161499023
vn -0.334716797 0.309814453 0.890136719
vn -0.653808594 0.620605469 0.432861328
vn -0.482421875 0.316162109 0.816894531
vn -0.0767211914 0.996582031 0.0270385742
vn -0.297119141 0.951171875 0.0848999023
vn -0.564941406 0.809082031 0.161499023
vn -0.777832031 0.587890625 0.222290039
vn -0.0715942383 0.997070312 0.0271911621
vn -0 1 0
vn -0 1 0
vn -0.296142578 0.94921875 0.104431152
vn -0.564941406 0.809082031 0.161499023
vn -0.0741577148 0.997070312 0.0245513916
vn -2.82526016E-05 1 1.07288361E-05
vn -0.285644531 0.952148438 0.108520508
vn -0.786621094 0.331787109 0.520507812
vn -0.777832031 0.587890625 0.222290039
vn -0.557617188 0.806640625 0.196533203
vn -0.914550781 0.309082031 0.261230469
vn -0.777832031 0.587890625 0.222290039
vn -0.914550781 0.309082031 0.261230469
vn -0.292724609 0.951171875 0.0969238281
vn -0.546875 0.811035156 0.207763672
vn -0.764648438 0.585449219 0.26953125
vn -0.914550781 0.309082031 0.261230469
vn -0.0751342773 0.997070312 0.025970459
vn -0.0712280273 0.997070312 0.0193023682
vn 9.43541527E-05 1 -5.14984131E-05
vn -0.293701172 0.950683594 0.101623535
vn -0.557617188 0.809570312 0.184570312
vn -0.754882812 0.58984375 0.286865234
vn -0.0728759766 0.997558594 0.00555419922
vn 3.56435776E-05 1 0
vn -0 1 2.28285789E-05
vn -0.289550781 0.954101562 0.0786132812
vn -0.556640625 0.808105469 0.192626953
vn -0.0798950195 0.996582031 0.00034403801
vn 1.46627426E-05 1 -3.12924385E-05
vn -0.297851562 0.954589844 0.0226135254
vn -0.083984375 0.99609375 0.0178833008
vn 2.52723694E-05 1 -4.02331352E-05
vn -0.768066406 0.587890625 0.254150391
vn -0.560058594 0.813964844 0.152099609
vn -0.311523438 0.950195312 0.00126934052
vn -0.765136719 0.586914062 0.264892578
vn -0.577636719 0.814941406 0.0437927246
vn -0.776855469 0.593261719 0.2109375
vn -0.069152832 0.99609375 0.0562438965
vn -0.313476562 0.947265625 0.0668334961
vn -0.589355469 0.807617188 0.00238418579
vn -0.035949707 0.996582031 0.0772094727
vn -0 1 -1.37686729E-05
vn -0.250488281 0.946289062 0.203735352
vn -0.0269317627 0.997070312 0.0681152344
vn 2.82526016E-05 1 -2.65240669E-05
vn -0.801757812 0.594238281 0.0607910156
vn -0.580566406 0.8046875 0.123718262
vn -0.134887695 0.947753906 0.289794922
vn -0.0422363281 0.998535156 0.0401611328
vn -0 1 0
vn -0.810058594 0.586425781 0.00326538086
vn -0.458007812 0.807128906 0.372558594
vn -0.109985352 0.954101562 0.278076172
vn -0.0421142578 0.999023438 -0.00606155396
vn -0 1 0
vn -0 1 0
vn -0.79296875 0.585449219 0.169067383
vn -0.250488281 0.805175781 0.538085938
vn -0.19140625 0.964355469 0.182006836
vn -0.626464844 0.590332031 0.509277344
vn -0.213256836 0.814941406 0.5390625
vn -0.342285156 0.584960938 0.735351562
vn -0.0724487305 0.996582031 -0.044708252
vn -0.217529297 0.975585938 -0.0313110352
vn -0.394042969 0.839355469 0.374511719
vn -0.0755004883 0.996582031 -0.0279388428
vn -0 1 0
vn -0.271972656 0.947753906 -0.16784668
vn -0.0670776367 0.997558594 -0.0292053223
vn -0 1 0
vn -0.295898438 0.594238281 0.748046875
vn -0.480957031 0.874023438 -0.0692138672
vn -0.293212891 0.949707031 -0.108520508
vn -0.0494384766 0.998046875 -0.0439453125
vn -0 1 0
vn -0 1 0
vn -0.565429688 0.625488281 0.537109375
vn -0.504882812 0.805175781 -0.311767578
vn -0.273925781 0.954101562 -0.119262695
vn -0.0344543457 0.997558594 -0.0628051758
vn -0 1 0
vn -0.727050781 0.678222656 -0.104553223
vn -0.553710938 0.807128906 -0.204833984
vn -0.211791992 0.958984375 -0.188232422
vn -0.689941406 0.584960938 -0.426025391
vn -0.53125 0.814941406 -0.231323242
vn -0.759765625 0.5859375 -0.28125
vn -0.682617188 0.335693359 0.648925781
vn -0.916015625 0.378417969 -0.131713867
vn -0.809570312 0.307617188 -0.499755859
vn -0.349365234 0.313232422 0.883300781
vn -0.401611328 0.307861328 0.862792969
vn -0.736816406 0.312255859 0.599609375
vn -0.930664062 0.308105469 0.198364258
vn -0.951171875 0.308349609 0.00382995605
vn -0.946777344 0.313476562 0.0717773438
vn -0.916503906 0.312744141 0.248901367
vn -0.898925781 0.308349609 0.311035156
vn -0.902832031 0.309326172 0.298828125
vn -0.888671875 0.310302734 0.337646484
vn -0.897460938 0.307861328 0.31640625
vn -0.994140625 0.0792236328 0.0753173828
vn -0.961914062 0.0791015625 0.261230469
vn -0.941894531 0.0783691406 0.326171875
vn -0.946289062 0.0784912109 0.313232422
vn -0.932128906 0.0786743164 0.354003906
vn -0.940429688 0.0783691406 0.331542969
vn -0.958496094 0.0784912109 0.273925781
vn -0.997070312 0.0783691406 0.00400924683
vn -0.975097656 0.0789794922 0.207885742
vn -0.997070312 -0.0783691406 0.00400924683
vn -0.958496094 0.0784301758 0.273925781
vn -0.7734375 0.0807495117 0.62890625
vn -0.420654297 0.0787963867 0.903808594
vn -0.7734375 -0.0807495117 0.62890625
vn -0.994140625 -0.0792236328 0.0753173828
vn -0.958496094 0.0784301758 0.273925781
vn -0.366699219 0.0792236328 0.926757812
vn -0.975097656 -0.0789794922 0.207885742
vn -0.961914062 -0.0791015625 0.261230469
vn -0.831054688 0.0835571289 0.549804688
vn -0.722167969 0.0845336914 0.686523438
vn -0.908691406 0.080871582 0.409179688
vn -0.908691406 -0.080871582 0.409179688
vn -0.722167969 -0.0845336914 0.686523438
vn -0.941894531 -0.0783691406 0.326171875
vn -0.506835938 0.0798339844 0.858398438
vn -0.366699219 -0.0792236328 0.926757812
vn -0.682617188 -0.335693359 0.648925781
vn -0.916015625 -0.378417969 -0.131713867
vn -0.946289062 -0.0784912109 0.313232422
vn -0.350830078 0.0785522461 0.933105469
vn -0.420654297 -0.0787963867 0.903808594
vn -0.349365234 -0.313232422 0.883300781
vn -0.401611328 -0.307617188 0.862792969
vn -0.736816406 -0.312255859 0.599609375
vn -0.932128906 -0.0786743164 0.354003906
vn -0.394287109 0.0787963867 0.915527344
vn -0.930664062 -0.308105469 0.198364258
vn -0.940429688 -0.0783691406 0.331542969
vn -0.604492188 0.0791015625 0.792480469
vn -0.394287109 -0.0787963867 0.915527344
vn -0.350830078 -0.0785522461 0.933105469
vn -0.376220703 -0.308837891 0.873535156
vn -0.506835938 -0.0798339844 0.858398438
vn -0.320068359 -0.586914062 0.743652344
vn -0.334716797 -0.309814453 0.890136719
vn -0.831054688 -0.0835571289 0.549804688
vn -0.233032227 -0.807617188 0.541992188
vn -0.284423828 -0.589355469 0.756347656
vn -0.482421875 -0.316162109 0.816894531
vn -0.958496094 -0.0784301758 0.273925781
vn -0.123657227 -0.949707031 0.288085938
vn -0.206176758 -0.810546875 0.548339844
vn -0.407470703 -0.598632812 0.689941406
vn -0.786621094 -0.331787109 0.520507812
vn -0.958496094 -0.0784301758 0.273925781
vn -0.0320739746 -0.996582031 0.075012207
vn -0.107727051 -0.951660156 0.286865234
vn -0.292236328 -0.818359375 0.494628906
vn -0.653808594 -0.620605469 0.432861328
vn -0.914550781 -0.309082031 0.261230469
vn -0.958496094 -0.0784912109 0.273925781
vn -0.027053833 -0.997070312 0.0721435547
vn -0.149169922 -0.956054688 0.252441406
vn -0.0358886719 -0.997558594 0.0606689453
vn -0 -1 0
vn -0.458251953 -0.835449219 0.303222656
vn -0.777832031 -0.587890625 0.222290039
vn -0.0502929688 -0.998046875 0.0332946777
vn -0 -1 0
vn -0 -1 0
vn -0.224609375 -0.962890625 0.148681641
vn -0.564941406 -0.809082031 0.161499023
vn -0.914550781 -0.309082031 0.261230469
vn -0.297119141 -0.951171875 0.0848999023
vn -0.0754394531 -0.997070312 0.0215606689
vn -0.777832031 -0.587890625 0.222290039
vn -0.914550781 -0.309082031 0.261230469
vn -0.0754394531 -0.997070312 0.0215606689
vn -0 -1 0
vn -0 -1 0
vn -0.297119141 -0.951171875 0.0848999023
vn -0.564941406 -0.809082031 0.161499023
vn -0.777832031 -0.587890625 0.222290039
vn -0.897460938 -0.307861328 0.31640625
vn -0.0754394531 -0.997070312 0.0215606689
vn -0 -1 0
vn -0.297119141 -0.951171875 0.0848999023
vn -0.564941406 -0.809082031 0.161499023
vn -0.764648438 -0.585449219 0.26953125
vn -0.888671875 -0.310302734 0.337646484
vn -0.557617188 -0.806640625 0.196533203
vn -0.296142578 -0.94921875 0.104431152
vn -0.0767211914 -0.996582031 0.0270385742
vn -0.754882812 -0.58984375 0.286865234
vn -0.902832031 -0.309326172 0.298828125
vn -0.0715942383 -0.997070312 0.0271911621
vn -0 -1 0
vn -0 -1 0
vn -0.285644531 -0.952148438 0.108520508
vn -0.546875 -0.811035156 0.207763672
vn -0.768066406 -0.587890625 0.254150391
vn -0.898925781 -0.308349609 0.311035156
vn -0.0741577148 -0.997070312 0.0245513916
vn -2.81333923E-05 -1 1.07288361E-05
vn -0.292724609 -0.951171875 0.0969238281
vn -0.557617188 -0.809570312 0.184570312
vn -0.765136719 -0.586914062 0.264892578
vn -0.916503906 -0.312744141 0.248901367
vn -0.556640625 -0.808105469 0.192626953
vn -0.293701172 -0.950683594 0.101623535
vn -0.0751342773 -0.997070312 0.025970459
vn -0.776855469 -0.593261719 0.2109375
vn -0.946777344 -0.313476562 0.0717773438
vn -0.0712280273 -0.997070312 0.0193023682
vn 9.42349434E-05 -1 -5.12599945E-05
vn -0.289550781 -0.954101562 0.0786132812
vn -0.560058594 -0.813964844 0.152099609
vn -0.801757812 -0.594238281 0.0607910156
vn -0.951171875 -0.308349609 0.00382995605
vn -0.0728759766 -0.997558594 0.00555419922
vn 3.57627869E-05 -1 0
vn -0 -1 2.29477882E-05
vn -0.297851562 -0.954589844 0.0226135254
vn -0.577636719 -0.814941406 0.0437927246
vn -0.810058594 -0.586425781 0.00326538086
vn -0.0798950195 -0.996582031 0.000344276428
vn 1.4603138E-05 -1 -3.11136246E-05
vn -0.311523438 -0.950195312 0.00126934052
vn -0.589355469 -0.807617188 0.00238418579
vn -0.79296875 -0.585449219 0.169067383
vn -0.083984375 -0.99609375 0.0178833008
vn 2.52723694E-05 -1 -4.04715538E-05
vn -0.313476562 -0.947265625 0.0668334961
vn -0.580566406 -0.8046875 0.123718262
vn -0.626464844 -0.590332031 0.509277344
vn -0.458007812 -0.807128906 0.372558594
vn -0.342285156 -0.584960938 0.735351562
vn -0.250488281 -0.946289062 0.203735352
vn -0.069152832 -0.99609375 0.0562438965
vn -0.250488281 -0.805175781 0.538085938
vn -0.295898438 -0.594238281 0.748046875
vn -0.035949707 -0.996582031 0.0772094727
vn -0 -1 -1.38282776E-05
vn -0.134887695 -0.947753906 0.289794922
vn -0.213256836 -0.814941406 0.5390625
vn -0.565429688 -0.625488281 0.537109375
vn -0.0269317627 -0.997070312 0.0681152344
vn 2.83122063E-05 -1 -2.65836716E-05
vn -0.109985352 -0.954101562 0.278076172
vn -0.394042969 -0.839355469 0.374511719
vn -0.0422363281 -0.998535156 0.0401611328
vn -0 -1 0
vn -0.19140625 -0.964355469 0.182006836
vn -0.727050781 -0.678222656 -0.104553223
vn -0.0421142578 -0.999023438 -0.00606155396
vn -0 -1 0
vn -0 -1 0
vn -0.217529297 -0.975585938 -0.0313110352
vn -0.480957031 -0.874023438 -0.0692138672
vn -0.809570312 -0.307617188 -0.499755859
vn -0.689941406 -0.584960938 -0.426025391
vn -0.504882812 -0.805175781 -0.311767578
vn -0.271972656 -0.947753906 -0.16784668
vn -0.0724487305 -0.996582031 -0.044708252
vn -0.0755004883 -0.996582031 -0.0279388428
vn -0 -1 0
vn -0.293212891 -0.949707031 -0.108520508
vn -0.553710938 -0.807128906 -0.204833984
vn -0.759765625 -0.5859375 -0.28125
vn -0.0670776367 -0.997558594 -0.0292053223
vn -0 -1 0
vn -0.273925781 -0.954101562 -0.119262695
vn -0.53125 -0.814941406 -0.231323242
vn -0.0494384766 -0.998046875 -0.0439453125
vn -0 -1 0
vn -0 -1 0
vn -0.211791992 -0.958984375 -0.188232422
vn -0.0344543457 -0.997558594 -0.0628051758
vn -0 -1 0
vn -0.737304688 -0.594238281 -0.321044922
vn -0.422119141 -0.825195312 -0.375
vn -0.142089844 -0.955566406 -0.259033203
vn -0.594238281 -0.606933594 -0.527832031
vn -0.277099609 -0.816894531 -0.505371094
vn -0.385742188 -0.596679688 -0.703613281
vn -0.870605469 -0.313232422 -0.379150391
vn -0.707519531 -0.322021484 -0.62890625
vn -0.456298828 -0.314941406 -0.83203125
vn -0.892089844 -0.308105469 -0.330078125
vn -0.108947754 -0.951660156 -0.287841797
vn -0.207763672 -0.809570312 -0.548828125
vn -0.286132812 -0.588378906 -0.756347656
vn -0.336425781 -0.309326172 -0.889160156
vn -0.0275268555 -0.997070312 -0.0727539062
vn -0.9140625 -0.0792236328 -0.397949219
vn -0.935058594 -0.0783691406 -0.345947266
vn -0.745117188 -0.0811767578 -0.662109375
vn -0.479248047 -0.0795898438 -0.874023438
vn -0.352783203 -0.0784912109 -0.932617188
vn -0.848144531 -0.0787963867 -0.5234375
vn -0.756835938 -0.080871582 -0.6484375
vn -0.756835938 0.080871582 -0.6484375
vn -0.848144531 0.0787963867 -0.5234375
vn -0.935058594 0.0783691406 -0.345947266
vn -0.9140625 0.0792236328 -0.397949219
vn -0.745117188 0.0811767578 -0.662109375
vn -0.892089844 0.308105469 -0.330078125
vn -0.870605469 0.313232422 -0.379150391
vn -0.737304688 0.594238281 -0.321044922
vn -0.707519531 0.322021484 -0.62890625
vn -0.479248047 0.0795898438 -0.874023438
vn -0.422119141 0.825195312 -0.375
vn -0.594238281 0.606933594 -0.527832031
vn -0.456298828 0.314941406 -0.83203125
vn -0.142089844 0.955566406 -0.259033203
vn -0.385742188 0.596679688 -0.703613281
vn -0.277099609 0.816894531 -0.505371094
vn -0.0275268555 0.997070312 -0.0727539062
vn -0.108947754 0.951660156 -0.287841797
vn -0.207763672 0.809570312 -0.548828125
vn -0.286132812 0.588378906 -0.756347656
vn -0.336425781 0.309326172 -0.889160156
vn -0.0344543457 0.996582031 -0.0745239258
vn -0.132568359 0.94921875 -0.284912109
vn -0.249389648 0.807617188 -0.534179688
vn -0.056060791 0.99609375 -0.0646972656
vn -0.208129883 0.947753906 -0.24206543
vn -0.342773438 0.587402344 -0.732910156
vn -0.352783203 0.0784912109 -0.932617188
vn -0.0703735352 0.996582031 -0.0456848145
vn -0.384521484 0.806152344 -0.449707031
vn -0.403076172 0.309326172 -0.861328125
vn -0.422363281 -0.078918457 -0.902832031
vn -0.0747680664 0.996582031 -0.0328369141
vn -0 1 0
vn -0.267333984 0.947753906 -0.174072266
vn -0.524902344 0.586914062 -0.616210938
vn -0.422363281 0.078918457 -0.902832031
vn -0.403076172 -0.309326172 -0.861328125
vn -0.0765380859 0.996582031 -0.0246276855
vn -0 1 0
vn -0 1 0
vn -0.498535156 0.803710938 -0.325195312
vn -0.288818359 0.94921875 -0.126342773
vn -0.645996094 -0.0793457031 -0.759277344
vn -0.342773438 -0.587402344 -0.732910156
vn -0.616210938 -0.309326172 -0.724609375
vn -0.249389648 -0.807617188 -0.534179688
vn -0.524902344 -0.586914062 -0.616210938
vn -0.132568359 -0.94921875 -0.284912109
vn -0.384521484 -0.806152344 -0.449707031
vn -0.0344543457 -0.996582031 -0.0745239258
vn -0.208129883 -0.947753906 -0.24206543
vn -0.056060791 -0.99609375 -0.0646972656
vn -0.834472656 -0.0779418945 -0.545410156
vn -0.796875 -0.305664062 -0.520996094
vn -0.680664062 -0.582519531 -0.444580078
vn -0.498535156 -0.803710938 -0.325195312
vn -0.267333984 -0.947753906 -0.174072266
vn -0.0703735352 -0.996582031 -0.0456848145
vn -0.0747680664 -0.996582031 -0.0328369141
vn -0 -1 0
vn -0.288818359 -0.94921875 -0.126342773
vn -0.54296875 -0.805664062 -0.237060547
vn -0.744140625 -0.583984375 -0.324462891
vn -0.872558594 -0.306640625 -0.380126953
vn -0.0765380859 -0.996582031 -0.0246276855
vn -0 -1 0
vn -0 -1 0
vn -0.297363281 -0.949707031 -0.095703125
vn -0.561523438 -0.807128906 -0.180786133
vn -0.770996094 -0.5859375 -0.248168945
vn -0.9140625 -0.0780029297 -0.3984375
vn -0.905761719 -0.308105469 -0.291503906
vn -0.94921875 -0.0783691406 -0.305419922
vn -0.0847167969 -0.996582031 -0.00959777832
vn -0.317626953 -0.947753906 -0.0360107422
vn -0.589355469 -0.805175781 -0.0668334961
vn -0.805664062 -0.584960938 -0.0913696289
vn -0.9453125 -0.307861328 -0.107177734
vn -0.0783691406 -0.997070312 0.00356292725
vn -0 -1 0
vn -0.30859375 -0.951171875 0.0140380859
vn -0.587402344 -0.809082031 0.0267028809
vn -0.808105469 -0.587890625 0.0367431641
vn -0.0783691406 -0.997070312 0.00356292725
vn -0 -1 0
vn -0 -1 0
vn -0.30859375 -0.951171875 0.0140380859
vn -0.587402344 -0.809082031 0.0266876221
vn -0.950195312 -0.309082031 0.043182373
vn -0.808105469 -0.587890625 0.0367431641
vn -0.950195312 -0.309082031 0.043182373
vn -0.0783691406 -0.997070312 0.00356292725
vn -0.30859375 -0.951171875 0.0140304565
vn -0.587402344 -0.809082031 0.0266876221
vn -0.808105469 -0.587890625 0.0367431641
vn -0.0685424805 -0.997558594 -0.00852203369
vn -0 -1 0
vn -0 -1 0
vn -0.287841797 -0.95703125 -0.0357666016
vn -0.566894531 -0.820800781 -0.0704345703
vn -0.0708618164 -0.997070312 -0.0259399414
vn -0 -1 0
vn -0.284912109 -0.953125 -0.104248047
vn -0.0701904297 -0.997070312 -0.0323791504
vn -0 -1 0
vn -0.79296875 -0.601074219 -0.0985717773
vn -0.547851562 -0.812011719 -0.200561523
vn -0.278808594 -0.951660156 -0.128540039
vn -0.0717773438 -0.997070312 -0.0336303711
vn -0 -1 0
vn -0.757324219 -0.591308594 -0.27734375
vn -0.532226562 -0.810058594 -0.245361328
vn -0.28125 -0.950683594 -0.131713867
vn -0.733886719 -0.588867188 -0.338378906
vn -0.533203125 -0.808105469 -0.249755859
vn -0.732910156 -0.586914062 -0.343261719
vn -0.0795288086 -0.996582031 -0.0254211426
vn -0.302246094 -0.948242188 -0.0966186523
vn -0.564453125 -0.805664062 -0.180419922
vn -0.076965332 -0.997070312 -0.0153884888
vn -0 -1 0
vn -0 -1 0
vn -0.302978516 -0.951171875 -0.0606079102
vn -0.0769042969 -0.997070312 -0.0153884888
vn -0 -1 0
vn -0.772460938 -0.584960938 -0.246948242
vn -0.576171875 -0.809082031 -0.11529541
vn -0.302978516 -0.951171875 -0.0606079102
vn -0.793457031 -0.587890625 -0.158691406
vn -0.576171875 -0.809082031 -0.11529541
vn -0.793457031 -0.587890625 -0.158691406
vn -0.0769042969 -0.997070312 -0.0153884888
vn -0.302978516 -0.951171875 -0.0606079102
vn -0.576171875 -0.809082031 -0.11529541
vn -0.0540161133 -0.998046875 -0.0288085938
vn -0 -1 0
vn -0 -1 0
vn -0.239624023 -0.962402344 -0.127807617
vn -0.0513916016 -0.997070312 -0.0560913086
vn -0.000143051147 -1 4.33325768E-05
vn -0.793457031 -0.587890625 -0.158691406
vn -0.487060547 -0.833984375 -0.259765625
vn -0.205810547 -0.952636719 -0.224487305
vn -0.0522766113 -0.997070312 -0.0598449707
vn -0.00044131279 -1 -0.000124573708
vn -0.693847656 -0.618164062 -0.369873047
vn -0.394775391 -0.811523438 -0.430908203
vn -0.204223633 -0.950683594 -0.234130859
vn -0.545410156 -0.590332031 -0.595214844
vn -0.386962891 -0.808105469 -0.443603516
vn -0.532226562 -0.586914062 -0.609863281
vn -0.833007812 -0.330078125 -0.444091797
vn -0.642089844 -0.310791016 -0.700683594
vn -0.625488281 -0.30859375 -0.716796875
vn -0.932617188 -0.309082031 -0.186523438
vn -0.932617188 -0.309082031 -0.186523438
vn -0.932617188 -0.309082031 -0.186523438
vn -0.90625 -0.307373047 -0.289794922
vn -0.861328125 -0.30859375 -0.403320312
vn -0.86328125 -0.309814453 -0.398193359
vn -0.892578125 -0.311279297 -0.326660156
vn -0.940917969 -0.318115234 -0.116943359
vn -0.950195312 -0.309082031 0.043182373
vn -0.977539062 -0.0784912109 -0.195556641
vn -0.949707031 -0.0784912109 -0.303466797
vn -0.902832031 -0.0784301758 -0.422851562
vn -0.905273438 -0.0785522461 -0.417480469
vn -0.936035156 -0.0787963867 -0.342773438
vn -0.989257812 -0.0802612305 -0.122924805
vn -0.99609375 -0.0784301758 0.0452880859
vn -0.977539062 -0.0784301758 -0.195556641
vn -0.99609375 -0.0784912109 0.0452880859
vn -0.977539062 -0.0784301758 -0.195556641
vn -0.99609375 -0.0784912109 0.0452880859
vn -0.879394531 -0.0831298828 -0.468994141
vn -0.990722656 -0.0787963867 -0.112304688
vn -0.673339844 -0.0787353516 -0.734863281
vn -0.655273438 -0.0784912109 -0.751464844
vn -0.99609375 0.0784912109 0.0452880859
vn -0.990722656 0.0787963867 -0.112304688
vn -0.94921875 0.0783691406 -0.305419922
vn -0.99609375 0.0784912109 0.0452880859
vn -0.9140625 0.0780029297 -0.3984375
vn -0.99609375 0.0784301758 0.0452880859
vn -0.834472656 0.0779418945 -0.545410156
vn -0.989257812 0.0802612305 -0.122924805
vn -0.645996094 0.0793457031 -0.759277344
vn -0.616210938 0.309326172 -0.724609375
vn -0.796875 0.305664062 -0.520996094
vn -0.680664062 0.582519531 -0.444580078
vn -0.872558594 0.306640625 -0.380126953
vn -0.54296875 0.805664062 -0.237060547
vn -0.744140625 0.583984375 -0.324462891
vn -0.905761719 0.308105469 -0.291503906
vn -0.297363281 0.949707031 -0.095703125
vn -0.770996094 0.5859375 -0.248168945
vn -0.561523438 0.807128906 -0.180786133
vn -0.9453125 0.307861328 -0.107177734
vn -0.0847167969 0.996582031 -0.00959777832
vn -0.317626953 0.947753906 -0.0360107422
vn -0.0783691406 0.997070312 0.00356292725
vn -0 1 0
vn -0.805664062 0.584960938 -0.0913696289
vn -0.589355469 0.805175781 -0.0668334961
vn -0.950195312 0.309082031 0.043182373
vn -0.0783691406 0.997070312 0.00356292725
vn -0 1 0
vn -0 1 0
vn -0.30859375 0.951171875 0.0140380859
vn -0.808105469 0.587890625 0.0367431641
vn -0.587402344 0.809082031 0.0267028809
vn -0.950195312 0.309082031 0.043182373
vn -0.30859375 0.951171875 0.0140304565
vn -0.0783691406 0.997070312 0.00356292725
vn -0.808105469 0.587890625 0.0367431641
vn -0.587402344 0.809082031 0.0266876221
vn -0.950195312 0.309082031 0.043182373
vn -0.0685424805 0.997558594 -0.00852203369
vn -0 1 0
vn -0 1 0
vn -0.30859375 0.951171875 0.0140304565
vn -0.808105469 0.587890625 0.0367431641
vn -0.587402344 0.809082031 0.0266876221
vn -0.940917969 0.318115234 -0.116943359
vn -0.0708618164 0.997070312 -0.0259399414
vn -0 1 0
vn -0.287841797 0.95703125 -0.0357666016
vn -0.79296875 0.601074219 -0.0985717773
vn -0.566894531 0.820800781 -0.0704345703
vn -0.0701904297 0.997070312 -0.0323791504
vn -0 1 0
vn -0.284912109 0.953125 -0.104248047
vn -0.547851562 0.812011719 -0.200561523
vn -0.757324219 0.591308594 -0.27734375
vn -0.0717773438 0.997070312 -0.0336303711
vn -0 1 0
vn -0.278808594 0.951660156 -0.128540039
vn -0.532226562 0.810058594 -0.245361328
vn -0.892578125 0.311279297 -0.326660156
vn -0.28125 0.950683594 -0.131713867
vn -0.0795288086 0.996582031 -0.0254211426
vn -0.733886719 0.588867188 -0.338378906
vn -0.936035156 0.0787963867 -0.342773438
vn -0.076965332 0.997070312 -0.0153884888
vn -0 1 0
vn -0 1 0
vn -0.533203125 0.808105469 -0.249755859
vn -0.302246094 0.948242188 -0.0966186523
vn -0.86328125 0.309814453 -0.398193359
vn -0.905273438 0.0785522461 -0.417480469
vn -0.0769042969 0.997070312 -0.0153884888
vn -0 1 0
vn -0.732910156 0.586914062 -0.343261719
vn -0.564453125 0.805664062 -0.180419922
vn -0.302978516 0.951171875 -0.0606079102
vn -0.902832031 0.0784301758 -0.422851562
vn -0.861328125 0.30859375 -0.403320312
vn -0.772460938 0.584960938 -0.246948242
vn -0.576171875 0.809082031 -0.11529541
vn -0.302978516 0.951171875 -0.0606079102
vn -0.949707031 0.0784912109 -0.303466797
vn -0.90625 0.307373047 -0.289794922
vn -0.793457031 0.587890625 -0.158691406
vn -0.977539062 0.0784912109 -0.195556641
vn -0.932617188 0.309082031 -0.186523438
vn -0.576171875 0.809082031 -0.11529541
vn -0.0769042969 0.997070312 -0.0153884888
vn -0.977539062 0.0784301758 -0.195556641
vn -0.932617188 0.309082031 -0.186523438
vn -0.793457031 0.587890625 -0.158691406
vn -0.302978516 0.951171875 -0.0606079102
vn -0.0540161133 0.998046875 -0.0288238525
vn -0 1 0
vn -0 1 0
vn -0.977539062 0.0784301758 -0.195556641
vn -0.576171875 0.809082031 -0.11529541
vn -0.932617188 0.309082031 -0.186523438
vn -0.793457031 0.587890625 -0.158691406
vn -0.0513916016 0.997070312 -0.0560913086
vn -0 1 0
vn -0.239624023 0.962402344 -0.127807617
vn -0.879394531 0.0831298828 -0.468994141
vn -0.487060547 0.833984375 -0.259765625
vn -0.833007812 0.330078125 -0.444091797
vn -0.693847656 0.618164062 -0.369873047
vn -0.0522460938 0.997070312 -0.0598754883
vn -0 1 0
vn -0.205810547 0.952636719 -0.224487305
vn -0.673339844 0.0787353516 -0.734863281
vn -0.394775391 0.811523438 -0.430908203
vn -0.642089844 0.310791016 -0.700683594
vn -0.545410156 0.590332031 -0.595214844
vn -0.204223633 0.950683594 -0.234130859
vn -0.386962891 0.808105469 -0.443603516
vn -0.532226562 0.586914062 -0.609863281
vn -0.625488281 0.30859375 -0.716796875
vn -0.655273438 0.0784912109 -0.751464844
vn -0.0611877441 0.996582031 -0.0555114746
vn -0.233642578 0.948730469 -0.212158203
vn -0.437744141 0.806640625 -0.397705078
vn -0.600097656 0.5859375 -0.544921875
vn -0.0744628906 0.996582031 -0.0404968262
vn -0.280273438 0.947753906 -0.152587891
vn -0.0783081055 0.996582031 -0.0235595703
vn -0.520996094 0.805175781 -0.284179688
vn -0.704101562 0.308105469 -0.639648438
vn -0.0746459961 0.997070312 -0.0192565918
vn -0 1 0
vn -0.301757812 0.94921875 -0.0904541016
vn -0.711914062 0.584960938 -0.389160156
vn -0.0651855469 0.997558594 -0.0286254883
vn -0 1 0
vn -0.567382812 0.805664062 -0.169921875
vn -0.296875 0.951660156 -0.0765380859
vn -0.0511169434 0.997558594 -0.045501709
vn -0 1 0
vn -0 1 0
vn -0.269775391 0.955566406 -0.118469238
vn -0.567382812 0.810058594 -0.146240234
vn -0.77734375 0.584472656 -0.232666016
vn -0.0399169922 0.997070312 -0.0618896484
vn 5.33461571E-05 1 0.000106990337
vn -0.215576172 0.957519531 -0.191772461
vn -0.526855469 0.817871094 -0.231445312
vn -0.034576416 0.997070312 -0.0693359375
vn 0.000396490097 1 0.000951766968
vn -0.162353516 0.954101562 -0.251953125
vn -0.0379638672 0.996582031 -0.0711669922
vn -0.000183939934 1 -0.000169634819
vn -0.834960938 0.307617188 -0.456542969
vn -0.782714844 0.588867188 -0.201660156
vn -0.425537109 0.821777344 -0.37890625
vn -0.137084961 0.951660156 -0.274902344
vn -0.737792969 0.0786132812 -0.670410156
vn -0.911621094 0.307128906 -0.272705078
vn -0.734375 0.59765625 -0.322509766
vn -0.314453125 0.814453125 -0.487792969
vn -0.737792969 -0.0786132812 -0.670410156
vn -0.874511719 0.0786743164 -0.478271484
vn -0.920898438 0.309814453 -0.237304688
vn -0.596191406 0.602539062 -0.530761719
vn -0.704101562 -0.308105469 -0.639648438
vn -0.874511719 -0.0786743164 -0.478271484
vn -0.955078125 0.0781860352 -0.285888672
vn -0.868652344 0.315429688 -0.381591797
vn -0.600097656 -0.5859375 -0.544921875
vn -0.955078125 -0.0781860352 -0.285888672
vn -0.834960938 -0.307617188 -0.456542969
vn -0.965332031 0.0785522461 -0.248779297
vn -0.437744141 -0.806640625 -0.397460938
vn -0.711914062 -0.584960938 -0.389160156
vn -0.965332031 -0.0785522461 -0.248779297
vn -0.911621094 -0.307128906 -0.272705078
vn -0.233642578 -0.948730469 -0.212158203
vn -0.520996094 -0.805175781 -0.284179688
vn -0.77734375 -0.584472656 -0.232666016
vn -0.920898438 -0.309814453 -0.237304688
vn -0.912597656 -0.0797119141 -0.400878906
vn -0.0611877441 -0.996582031 -0.055480957
vn -0.280273438 -0.947753906 -0.152587891
vn -0.567382812 -0.805664062 -0.169921875
vn -0.782714844 -0.588867188 -0.201660156
vn -0.0744018555 -0.996582031 -0.0404663086
vn -0.301757812 -0.94921875 -0.0904541016
vn -0.0782470703 -0.996582031 -0.0235595703
vn -0.567382812 -0.810546875 -0.146240234
vn -0.868652344 -0.315429688 -0.381591797
vn -0.0746459961 -0.997070312 -0.0192871094
vn -2.02059746E-05 -1 -5.20348549E-05
vn -0.296875 -0.951660156 -0.0765380859
vn -0.734375 -0.59765625 -0.322509766
vn -0.0651855469 -0.997558594 -0.0286407471
vn -0 -1 0
vn -0.269775391 -0.955566406 -0.118469238
vn -0.526855469 -0.817871094 -0.231445312
vn -0.0511169434 -0.997558594 -0.045501709
vn -0 -1 0
vn -0 -1 0
vn -0.215576172 -0.957519531 -0.191772461
vn -0.425537109 -0.821777344 -0.37890625
vn -0.596191406 -0.602539062 -0.530761719
vn -0.708007812 -0.318847656 -0.630371094
vn -0.0399169922 -0.997070312 -0.0618896484
vn 5.50150871E-05 -1 0.000110149384
vn -0.162353516 -0.954101562 -0.251953125
vn -0.314453125 -0.814453125 -0.487792969
vn -0.436035156 -0.59375 -0.676269531
vn -0.034576416 -0.997070312 -0.0693359375
vn 0.000398635864 -1 0.000967502594
vn -0.137084961 -0.951660156 -0.274902344
vn -0.26171875 -0.810058594 -0.524902344
vn -0.0379638672 -0.996582031 -0.0711669922
vn -0.000185847282 -1 -0.000169754028
vn -0.147094727 -0.949707031 -0.276123047
vn -0.514648438 -0.312744141 -0.798339844
vn -0.360595703 -0.588867188 -0.723632812
vn -0.27734375 -0.807128906 -0.520996094
vn -0.424316406 -0.309570312 -0.851074219
vn -0.380859375 -0.5859375 -0.715332031
vn -0.447021484 -0.307861328 -0.83984375
vn -0.172119141 -0.949707031 -0.261474609
vn -0.324707031 -0.807128906 -0.493164062
vn -0.445556641 -0.5859375 -0.676757812
vn -0.5234375 -0.307861328 -0.794433594
vn -0.0444641113 -0.996582031 -0.0673828125
vn -0.0470581055 -0.997070312 -0.0633544922
vn -0 -1 0
vn 6.85453415E-05 -1 5.03659248E-05
vn -0.184814453 -0.950683594 -0.248779297
vn -0.350830078 -0.80859375 -0.472167969
vn -0.482666016 -0.587402344 -0.649414062
vn -0.0504150391 -0.996582031 -0.0621643066
vn -0 -1 0
vn -0.196411133 -0.950195312 -0.2421875
vn -0.371582031 -0.807617188 -0.458007812
vn -0.567382812 -0.308837891 -0.763671875
vn -0.510253906 -0.586425781 -0.62890625
vn -0.599121094 -0.308105469 -0.738769531
vn -0.0570068359 -0.996582031 -0.0580749512
vn -0.219970703 -0.94921875 -0.224121094
vn -0.4140625 -0.806640625 -0.421875
vn -0.567871094 -0.585449219 -0.578613281
vn -0.063293457 -0.996582031 -0.05078125
vn -0 -1 0
vn -0.244628906 -0.949707031 -0.196289062
vn -0.4609375 -0.806640625 -0.369873047
vn -0.0666503906 -0.996582031 -0.044342041
vn 1.01923943E-05 -1 0
vn -0 -1 0
vn -0.259521484 -0.950195312 -0.172729492
vn -0.0702514648 -0.996582031 -0.0393981934
vn -0.000110805035 -1 -4.08291817E-05
vn -0.632324219 -0.5859375 -0.507324219
vn -0.490966797 -0.807617188 -0.326660156
vn -0.272705078 -0.949707031 -0.152954102
vn -0.0739746094 -0.996582031 -0.0327758789
vn 7.635355E-05 -1 0
vn -0.674316406 -0.586425781 -0.448730469
vn -0.514648438 -0.807128906 -0.288818359
vn -0.286376953 -0.949707031 -0.126953125
vn -0.706542969 -0.5859375 -0.396484375
vn -0.540039062 -0.807128906 -0.239379883
vn -0.740722656 -0.5859375 -0.328369141
vn -0.0798339844 -0.996582031 -0.0221405029
vn -0.304931641 -0.948730469 -0.0845336914
vn -0.570800781 -0.805664062 -0.158203125
vn -0.0772705078 -0.997070312 -0.0136413574
vn 7.87377357E-05 -1 1.43647194E-05
vn -0.304199219 -0.951171875 -0.0537109375
vn -0.0772705078 -0.997070312 -0.013633728
vn 7.86781311E-05 -1 1.34706497E-05
vn -0.781738281 -0.584960938 -0.216674805
vn -0.578613281 -0.809082031 -0.102172852
vn -0.304199219 -0.951171875 -0.0537109375
vn -0.0772705078 -0.997070312 -0.013633728
vn -0 -1 0
vn -0.796875 -0.587890625 -0.140625
vn -0.578613281 -0.809082031 -0.102172852
vn -0.304199219 -0.951171875 -0.0537109375
vn -0.0761108398 -0.997070312 -0.014831543
vn -0 -1 0
vn -7.74860382E-05 -1 0
vn -0.796875 -0.587890625 -0.140625
vn -0.578613281 -0.809082031 -0.102172852
vn -0.301757812 -0.951660156 -0.058807373
vn -0.0797729492 -0.996582031 -0.0129776001
vn -2.04443932E-05 -1 -1.24573708E-05
vn -0.796875 -0.587890625 -0.140625
vn -0.575683594 -0.810058594 -0.112243652
vn -0.309082031 -0.949707031 -0.0503234863
vn -0.0811157227 -0.996582031 -0.00437927246
vn 0.000109910965 -1 -2.61068344E-05
vn -0.793457031 -0.588867188 -0.154785156
vn -0.583007812 -0.807128906 -0.0949707031
vn -0.313476562 -0.949707031 -0.0168762207
vn -0.799804688 -0.5859375 -0.130371094
vn -0.590332031 -0.806640625 -0.0317687988
vn -0.809570312 -0.585449219 -0.043548584
vn -0.0817260742 -0.996582031 0.00658035278
vn -0.313964844 -0.94921875 0.0253295898
vn -0.58984375 -0.806152344 0.0475769043
vn -0.079284668 -0.996582031 0.0170898438
vn 4.55379486E-05 -1 -1.21593475E-05
vn -0.306640625 -0.949707031 0.0660400391
vn -0.0756225586 -0.997070312 0.0208129883
vn -0 -1 0
vn -0.808105469 -0.585449219 0.065246582
vn -0.577636719 -0.806640625 0.124450684
vn -0.297851562 -0.951171875 0.0819702148
vn -0.0756225586 -0.997070312 0.0208129883
vn -0 -1 0
vn -0 -1 0
vn -0.792480469 -0.5859375 0.170776367
vn -0.566894531 -0.809082031 0.155883789
vn -0.297851562 -0.951171875 0.0819702148
vn -0.0756225586 -0.997070312 0.0208129883
vn -0 -1 0
vn -0.780273438 -0.587890625 0.214599609
vn -0.566894531 -0.809082031 0.155883789
vn -0.297851562 -0.951171875 0.0819702148
vn -0.780273438 -0.587890625 0.214599609
vn -0.566894531 -0.809082031 0.155883789
vn -0.780273438 -0.587890625 0.214599609
vn -0.0776367188 -0.996582031 0.0343933105
vn -0.291992188 -0.947753906 0.129394531
vn -0.542480469 -0.805175781 0.240356445
vn -0.0654296875 -0.996582031 0.0503540039
vn -0 -1 0
vn -0.250488281 -0.948730469 0.192626953
vn -0.055480957 -0.996582031 0.0610046387
vn 2.00867653E-05 -1 0
vn 1.46627426E-05 -1 -1.97291374E-05
vn -0.741699219 -0.584960938 0.328613281
vn -0.469238281 -0.805664062 0.361083984
vn -0.212524414 -0.948730469 0.233642578
vn -0.0440368652 -0.996582031 0.0697631836
vn -0 -1 0
vn -0.642578125 -0.584960938 0.494628906
vn -0.3984375 -0.806152344 0.437988281
vn -0.168701172 -0.948730469 0.267089844
vn -0.029296875 -0.996582031 0.0784912109
vn -0 -1 0
vn -0.545898438 -0.584960938 0.600097656
vn -0.316162109 -0.805664062 0.500488281
vn -0.111083984 -0.948242188 0.297607422
vn -0.0135574341 -0.996582031 0.0807495117
vn -0 -1 -1.47223473E-05
vn -0.433105469 -0.584960938 0.685546875
vn -0.207275391 -0.805175781 0.555175781
vn -0.052154541 -0.94921875 0.310546875
vn -0.283691406 -0.584960938 0.759765625
vn -0.0980834961 -0.806152344 0.583496094
vn -0.134399414 -0.584960938 0.799804688
vn 0.00262260437 -0.996582031 0.083984375
vn 0.0100479126 -0.948242188 0.317871094
vn 0.0188751221 -0.805175781 0.592773438
vn 0.0200653076 -0.996582031 0.0799560547
vn -0 -1 0
vn 0.0767822266 -0.948730469 0.306152344
vn 0.0355529785 -0.996582031 0.075378418
vn -0 -1 0
vn 0.0259246826 -0.584960938 0.810546875
vn 0.143920898 -0.806152344 0.57421875
vn 0.135253906 -0.948242188 0.286865234
vn 0.045501709 -0.996582031 0.0667724609
vn -0 -1 0
vn -0 -1 0
vn 0.197143555 -0.585449219 0.786621094
vn 0.252929688 -0.805664062 0.536132812
vn 0.176391602 -0.949707031 0.258789062
vn 0.346191406 -0.584960938 0.733398438
vn 0.332519531 -0.807128906 0.488037109
vn 0.456298828 -0.5859375 0.669433594
vn 0.0581665039 -0.996582031 0.0603027344
vn 0.220581055 -0.948242188 0.228759766
vn 0.411621094 -0.805175781 0.426757812
vn 0.0651245117 -0.996582031 0.0478820801
vn -0 -1 0
vn 0.252441406 -0.949707031 0.185546875
vn 0.0159606934 -0.999023438 0.0378112793
vn -0 -1 0
vn -0 -1 0
vn 0.562988281 -0.584960938 0.583984375
vn 0.475830078 -0.807128906 0.349853516
vn 0.0836791992 -0.9765625 0.198120117
vn 0.652832031 -0.5859375 0.479980469
vn 0.186401367 -0.877929688 0.44140625
vn 0.283447266 -0.684570312 0.671386719
vn -0.00423431396 -0.996582031 0.0844116211
vn -0.0159759521 -0.947753906 0.318359375
vn -0.0297393799 -0.805175781 0.592285156
vn 0.0185546875 -0.996582031 0.0822753906
vn -0 -1 0
vn -0 -1 0
vn 0.0700683594 -0.947753906 0.310791016
vn 0.0429992676 -0.99609375 0.0740966797
vn -0 -1 0
vn -0.0406494141 -0.584960938 0.810058594
vn 0.130493164 -0.805175781 0.578613281
vn 0.160644531 -0.947265625 0.276855469
vn 0.178466797 -0.584960938 0.791503906
vn 0.297851562 -0.8046875 0.513183594
vn 0.406982422 -0.584960938 0.701171875
vn 0.0666503906 -0.99609375 0.0547485352
vn 0.247924805 -0.947265625 0.203613281
vn 0.458496094 -0.805175781 0.376464844
vn 0.0736083984 -0.996582031 0.0346069336
vn -0 -1 0
vn 0.284179688 -0.94921875 0.133544922
vn 0.0653076172 -0.997070312 0.0334777832
vn -0 -1 0
vn 0.626464844 -0.585449219 0.514648438
vn 0.534667969 -0.806640625 0.251464844
vn 0.266357422 -0.954101562 0.136474609
vn 0.0443725586 -0.998046875 0.0467529297
vn -0 -1 0
vn 0.733398438 -0.585449219 0.344726562
vn 0.516113281 -0.814941406 0.264404297
vn 0.192260742 -0.959960938 0.202758789
vn 0.00222206116 -0.999023438 0.0490722656
vn -0 -1 0
vn -0 -1 0
vn 0.715820312 -0.59375 0.366943359
vn 0.385742188 -0.828125 0.406738281
vn 0.0108261108 -0.970703125 0.239013672
vn 0.544921875 -0.610351562 0.574707031
vn 0.0231933594 -0.858398438 0.512207031
vn 0.0342407227 -0.653808594 0.755859375
vn -0.0276489258 -0.996582031 0.0775146484
vn -0.106018066 -0.948730469 0.297119141
vn -0.198852539 -0.806152344 0.557617188
vn -0.0191802979 -0.997070312 0.0768432617
vn -0 -1 0
vn -0.0751342773 -0.950683594 0.301025391
vn -0.0203857422 -0.997070312 0.0736083984
vn -0 -1 0
vn -0.272460938 -0.584960938 0.763671875
vn -0.142578125 -0.808105469 0.571289062
vn -0.0814819336 -0.952148438 0.293945312
vn -0.0274810791 -0.997070312 0.0699462891
vn -0 -1 0
vn -0 -1 0
vn -0.196044922 -0.586914062 0.785644531
vn -0.15612793 -0.811035156 0.563476562
vn -0.110717773 -0.953125 0.281738281
vn -0.0338134766 -0.997070312 0.0701293945
vn -0 -1 0
vn -0.215576172 -0.58984375 0.777832031
vn -0.213134766 -0.8125 0.542480469
vn -0.133666992 -0.951171875 0.27734375
vn -0.0346984863 -0.997070312 0.0706176758
vn -0 -1 0
vn -0.294921875 -0.591308594 0.750488281
vn -0.254882812 -0.809570312 0.528808594
vn -0.136474609 -0.951171875 0.277587891
vn -0.0333251953 -0.997070312 0.0720825195
vn 1.97291374E-05 -1 0
vn -0.351074219 -0.588378906 0.728515625
vn -0.259277344 -0.80859375 0.527832031
vn -0.130371094 -0.950683594 0.281982422
vn -0.356689453 -0.587402344 0.726074219
vn -0.247070312 -0.808105469 0.534667969
vn -0.339599609 -0.586914062 0.734863281
vn -0.0287780762 -0.996582031 0.0755004883
vn -0.111633301 -0.949707031 0.292480469
vn -0.210571289 -0.807128906 0.551757812
vn -0.0216064453 -0.996582031 0.0776367188
vn -0 -1 0
vn -0.0838623047 -0.949707031 0.301269531
vn -0.0166168213 -0.997070312 0.0774536133
vn -2.19941139E-05 -1 0
vn -0.288818359 -0.5859375 0.757324219
vn -0.158203125 -0.807128906 0.568847656
vn -0.0650634766 -0.950683594 0.303466797
vn -0.0160675049 -0.997070312 0.076171875
vn -0 -1 0
vn -0 -1 0
vn -0.217163086 -0.5859375 0.780761719
vn -0.123413086 -0.808105469 0.575683594
vn -0.0635986328 -0.951660156 0.301269531
vn -0.0171813965 -0.997070312 0.0765380859
vn -0 -1 0
vn -0.169677734 -0.586914062 0.791503906
vn -0.12121582 -0.809570312 0.57421875
vn -0.0676879883 -0.951171875 0.301513672
vn -0.0148620605 -0.996582031 0.0787353516
vn -0 -1 0
vn -0.166992188 -0.588378906 0.791015625
vn -0.12878418 -0.809082031 0.573242188
vn -0.0578613281 -0.950195312 0.306640625
vn -0.00729370117 -0.996582031 0.0810546875
vn -0 -1 0
vn -0.177246094 -0.587890625 0.789550781
vn -0.109436035 -0.807617188 0.579589844
vn -0.028137207 -0.94921875 0.312744141
vn 0.0103607178 -0.996582031 0.0842895508
vn -0 -1 0
vn -0.150268555 -0.586425781 0.795898438
vn -0.052947998 -0.806640625 0.588867188
vn 0.0389404297 -0.947753906 0.316894531
vn 0.0359191895 -0.996582031 0.0774536133
vn -0 -1 0
vn -0.0726318359 -0.585449219 0.807128906
vn 0.0723876953 -0.805175781 0.588867188
vn 0.134521484 -0.947265625 0.290283203
vn 0.0989379883 -0.584960938 0.805175781
vn 0.249511719 -0.805175781 0.538574219
vn 0.341064453 -0.584960938 0.735839844
vn 0.0624389648 -0.99609375 0.0603637695
vn 0.231201172 -0.946777344 0.223388672
vn 0.426513672 -0.805175781 0.412109375
vn 0.0803222656 -0.99609375 0.0314941406
vn -0 -1 0
vn -0 -1 0
vn 0.298828125 -0.947265625 0.117126465
vn 0.582519531 -0.5859375 0.562988281
vn 0.552246094 -0.805175781 0.216552734
vn 0.754882812 -0.585449219 0.295898438
vn 0.0880737305 -0.99609375 -0.00653457642
vn 0.321777344 -0.946777344 -0.0238647461
vn 0.590332031 -0.806152344 -0.0437927246
vn 0.0753173828 -0.996582031 -0.0367126465
vn -0 -1 0
vn -0 -1 0
vn 0.285644531 -0.948242188 -0.139282227
vn 0.806640625 -0.587890625 -0.0598449707
vn 0.532714844 -0.805175781 -0.259765625
vn 0.729003906 -0.584960938 -0.35546875
vn 0.0613708496 -0.99609375 -0.0618286133
vn 0.22668457 -0.946777344 -0.228393555
vn 0.417724609 -0.805175781 -0.420898438
vn 0.0367126465 -0.996582031 -0.0749511719
vn -0 -1 0
vn 0.139526367 -0.948242188 -0.284912109
vn 0.0262145996 -0.997070312 -0.07421875
vn -2.47955322E-05 -1 0
vn 0.570800781 -0.586425781 -0.575195312
vn 0.260742188 -0.805664062 -0.532226562
vn 0.103149414 -0.950683594 -0.291748047
vn 0.0272369385 -0.997070312 -0.0721435547
vn -0 -1 0
vn 1.50203705E-05 -1 0
vn 0.356933594 -0.584960938 -0.728515625
vn 0.196044922 -0.80859375 -0.5546875
vn 0.108276367 -0.951660156 -0.286865234
vn 0.269775391 -0.587402344 -0.762695312
vn 0.20703125 -0.810546875 -0.548339844
vn 0.285400391 -0.589355469 -0.755859375
vn 0.0298156738 -0.997070312 -0.0724487305
vn 0.117492676 -0.951171875 -0.285644531
vn 0.223510742 -0.809082031 -0.543457031
vn 0.0304412842 -0.997070312 -0.0718994141
vn -0 -1 0
vn 0.120178223 -0.951171875 -0.283935547
vn 0.0311126709 -0.997070312 -0.0720214844
vn -0 -1 0
vn 0.307861328 -0.587890625 -0.748046875
vn 0.228881836 -0.809570312 -0.541015625
vn 0.122497559 -0.951171875 -0.283691406
vn 0.0318603516 -0.999511719 -0.0177764893
vn -0 -1 0
vn -0 -1 0
vn 0.0213165283 -0.999511719 0.0246582031
vn -0 -1 0
vn -0 -1 0
vn -0 -1 0
vn 0.175048828 -0.979492188 -0.0975952148
vn 0.233032227 -0.809082031 -0.539550781
vn -0 -0.997070312 0.0784301758
vn -0 -1 0
vn 0.122375488 -0.982421875 0.141601562
vn 0.399169922 -0.889160156 -0.22265625
vn -0 -0.951171875 0.309082031
vn 0.28515625 -0.899902344 0.330078125
vn -0 -0.809082031 0.587890625
vn 0.320800781 -0.587890625 -0.742675781
vn 0.619140625 -0.705078125 -0.345214844
vn 0.450439453 -0.724609375 0.521484375
vn -0 -0.587890625 0.809082031
vn 0.315185547 -0.587890625 -0.744628906
vn 0.374511719 -0.329345703 -0.866699219
vn 0.377197266 -0.309082031 -0.873046875
vn 0.395263672 -0.0813598633 -0.915039062
vn 0.93359375 -0.331542969 0.13684082
vn 0.934082031 -0.329345703 0.136962891
vn 0.986328125 -0.0816650391 0.14453125
vn 0.986328125 -0.0813598633 0.14453125
vn 0.986328125 0.0813598633 0.14453125
vn 0.986328125 0.0816650391 0.14453125
vn 0.93359375 0.331542969 0.13684082
vn 0.934082031 0.329345703 0.136962891
vn 0.450439453 0.724609375 0.521484375
vn 0.619140625 0.705078125 -0.345214844
vn 0.395263672 -0.0784912109 -0.915039062
vn 0.370605469 -0.309326172 -0.875976562
vn 0.361816406 -0.309082031 -0.879394531
vn 0.395263672 0.0784912109 -0.915039062
vn 0.395263672 0.0813598633 -0.915039062
vn 0.374511719 0.329345703 -0.866699219
vn 0.388427734 -0.0784912109 -0.91796875
vn 0.3359375 -0.309814453 -0.889648438
vn 0.388427734 0.0784912109 -0.91796875
vn 0.377197266 0.309082031 -0.873046875
vn 0.379394531 -0.0784912109 -0.921875
vn 0.317138672 -0.308837891 -0.896484375
vn 0.379394531 0.0784912109 -0.921875
vn 0.352294922 -0.0785522461 -0.932617188
vn 0.370605469 0.309326172 -0.875976562
vn 0.418701172 -0.307373047 -0.854492188
vn 0.320800781 0.587890625 -0.742675781
vn 0.332275391 -0.0784301758 -0.939941406
vn 0.669921875 -0.309082031 -0.674804688
vn 0.438720703 -0.0784912109 -0.895019531
vn 0.85546875 -0.307373047 -0.416992188
vn 0.702148438 -0.0794067383 -0.707519531
vn 0.947753906 -0.310546875 -0.0703125
vn 0.895996094 -0.0785522461 -0.436767578
vn 0.885742188 -0.308349609 0.347167969
vn 0.994140625 -0.080078125 -0.0737304688
vn 0.684082031 -0.308837891 0.661132812
vn 0.928222656 -0.0791015625 0.364013672
vn 0.994140625 0.080078125 -0.0737915039
vn 0.895996094 0.0785522461 -0.436767578
vn 0.702148438 0.0794067383 -0.707519531
vn 0.400146484 -0.307861328 0.86328125
vn 0.716796875 -0.079284668 0.692871094
vn 0.116027832 -0.307617188 0.944335938
vn 0.438720703 0.0784912109 -0.895019531
vn 0.419189453 -0.0788574219 0.904296875
vn -0.0852661133 -0.307617188 0.947753906
vn 0.332275391 0.0784301758 -0.939941406
vn 0.121582031 -0.0787353516 0.989257812
vn -0.176513672 -0.308105469 0.935058594
vn 0.352294922 0.0785522461 -0.932617188
vn 0.361816406 0.309082031 -0.879394531
vn 0.3359375 0.309814453 -0.889648438
vn 0.317138672 0.308837891 -0.896484375
vn 0.315185547 0.587890625 -0.744628906
vn 0.307861328 0.587890625 -0.748046875
vn -0.0892944336 -0.0783691406 0.992675781
vn 0.418701172 0.307373047 -0.854492188
vn 0.285400391 0.589355469 -0.755859375
vn 0.669921875 0.309082031 -0.674804688
vn 0.269775391 0.587402344 -0.762695312
vn 0.85546875 0.307373047 -0.416992188
vn 0.356933594 0.584960938 -0.728515625
vn 0.570800781 0.586425781 -0.575195312
vn 0.223510742 0.809082031 -0.543457031
vn 0.20703125 0.810546875 -0.548339844
vn 0.196044922 0.80859375 -0.5546875
vn 0.260742188 0.805664062 -0.532226562
vn 0.228881836 0.809570312 -0.541015625
vn 0.233032227 0.809082031 -0.539550781
vn 0.399414062 0.889160156 -0.22265625
vn 0.28515625 0.899902344 0.330078125
vn 0.108276367 0.951660156 -0.286865234
vn 0.117492676 0.951171875 -0.285644531
vn 0.120178223 0.951171875 -0.283935547
vn 0.122497559 0.951171875 -0.283691406
vn 0.175048828 0.979492188 -0.0975952148
vn 0.122375488 0.982421875 0.141601562
vn 0.103149414 0.950683594 -0.291748047
vn -0 0.809082031 0.587890625
vn -0 0.951171875 0.309082031
vn -0 0.587890625 0.809082031
vn -0 0.331542969 0.943359375
vn -0 0.309082031 0.951171875
vn -0 0.0816650391 0.996582031
vn 0.0318603516 0.999511719 -0.0177764893
vn 0.0213165283 0.999511719 0.0246582031
vn -0 0.997070312 0.0784301758
vn 0.0311126709 0.997070312 -0.0720214844
vn 0.0304412842 0.997070312 -0.0718994141
vn 0.0298156738 0.997070312 -0.0724487305
vn 0.0272369385 0.997070312 -0.0721435547
vn 1.49607658E-05 1 0
vn -0 1 0
vn -0 1 0
vn -0 1 0
vn -0 1 0
vn -0 1 0
vn -0 1 0
vn -0 1 0
vn -2.47359276E-05 1 0
vn -0 1 0
vn 0.0262145996 0.997070312 -0.07421875
vn -0 1 0
vn -0 0.997070312 0.0784301758
vn -0 1 0
vn 0.0367126465 0.996582031 -0.0749511719
vn -0 1 0
vn 0.139526367 0.948242188 -0.284912109
vn -0.0121002197 0.997558594 0.0675048828
vn -0 1 0
vn -0 1 0
vn -0 0.951171875 0.309082031
vn 0.417724609 0.805175781 -0.420898438
vn 0.22668457 0.946777344 -0.228393555
vn -0 0.809082031 0.587890625
vn -0.0509643555 0.957519531 0.284423828
vn -0.0181732178 0.996582031 0.0825195312
vn 0.729003906 0.584960938 -0.35546875
vn -0 0.587890625 0.809082031
vn -0.00357437134 0.996582031 0.0800170898
vn -0 1 0
vn -0.100585938 0.821777344 0.561035156
vn -0.0684814453 0.947753906 0.311279297
vn -0.00447463989 0.997070312 0.0758666992
vn -0 1 0
vn -0 1 0
vn -0.013923645 0.950195312 0.311523438
vn -0.127441406 0.805175781 0.579101562
vn -0.140869141 0.602050781 0.785644531
vn -0.0103759766 0.997070312 0.0763549805
vn -0 1 0
vn -0.0179290771 0.952636719 0.303955078
vn -0.0263214111 0.807617188 0.589355469
vn -0.0071182251 0.996582031 0.0816650391
vn -0 1 0
vn -0.0412597656 0.952148438 0.303710938
vn 0.0132293701 0.99609375 0.0844726562
vn -0 1 0
vn -0 0.309082031 0.951171875
vn -0.174316406 0.584960938 0.791992188
vn -0.0344238281 0.811523438 0.583007812
vn -0.02734375 0.94921875 0.313964844
vn -0 0.0784301758 0.997070312
vn -0.167236328 0.318603516 0.933105469
vn -0.0361633301 0.586425781 0.809082031
vn -0.0788574219 0.810546875 0.580566406
vn -0 -0.0784301758 0.997070312
vn -0 -0.0816650391 0.996582031
vn -0 -0.331542969 0.943359375
vn -0 0.0784301758 0.997070312
vn -0.204467773 0.307617188 0.929199219
vn -0.0475463867 0.590332031 0.805664062
vn -0 -0.309082031 0.951171875
vn -0 -0.0784301758 0.997070312
vn -0.17590332 0.0803833008 0.980957031
vn -0.0424499512 0.308105469 0.950195312
vn -0 -0.309082031 0.951171875
vn -0.17590332 -0.0803833008 0.980957031
vn -0.214233398 0.0786743164 0.973632812
vn -0 -0.587890625 0.809082031
vn -0.214233398 -0.0786743164 0.973632812
vn -0.167236328 -0.318603516 0.933105469
vn -0 -0.809082031 0.587890625
vn -0.140869141 -0.602050781 0.785644531
vn -0.204467773 -0.307617188 0.929199219
vn -0.0444946289 -0.0783691406 0.99609375
vn -0.0444946289 0.0783691406 0.99609375
vn -0 -0.951171875 0.309082031
vn -0.100585938 -0.821777344 0.561035156
vn -0.174316406 -0.584960938 0.791992188
vn -0.0424499512 -0.308105469 0.950195312
vn -0 -0.997070312 0.0784301758
vn -0.0509643555 -0.957519531 0.284423828
vn -0.0121002197 -0.997558594 0.0675048828
vn -0 -1 0
vn -0 -1 0
vn -0.127441406 -0.805175781 0.579101562
vn -0.0685424805 -0.947753906 0.311279297
vn -0.0181732178 -0.996582031 0.0825195312
vn -0.0361633301 -0.586425781 0.809082031
vn -0.00357437134 -0.996582031 0.0800170898
vn -0 -1 0
vn -0.013923645 -0.950195312 0.311523438
vn -0.0263214111 -0.807617188 0.589355469
vn -0.00447463989 -0.997070312 0.0758666992
vn -0 -1 0
vn -0 -1 0
vn -0.0179290771 -0.952636719 0.303955078
vn -0.0344238281 -0.811523438 0.583007812
vn -0.0475463867 -0.590332031 0.805664062
vn -0.0559997559 -0.310791016 0.948730469
vn -0.0103759766 -0.997070312 0.0763549805
vn -0 -1 0
vn -0.0412597656 -0.952148438 0.303710938
vn -0.0788574219 -0.810546875 0.580566406
vn -0.108764648 -0.589355469 0.80078125
vn -0.0071182251 -0.996582031 0.0816650391
vn -0 -1 0
vn -0.02734375 -0.94921875 0.313964844
vn -0.0513305664 -0.806152344 0.589355469
vn 0.0132293701 -0.99609375 0.0844726562
vn -0 -1 0
vn 0.0495300293 -0.947265625 0.316162109
vn -0.128051758 -0.310058594 0.941894531
vn -0.0703735352 -0.585449219 0.807617188
vn 0.091796875 -0.8046875 0.586425781
vn -0.0825805664 -0.307617188 0.947753906
vn 0.125488281 -0.584960938 0.801269531
vn 0.147216797 -0.307861328 0.939941406
vn 0.205078125 -0.946777344 0.248168945
vn 0.373046875 -0.810546875 0.451416016
vn 0.51171875 -0.595703125 0.619140625
vn 0.604003906 -0.316650391 0.730957031
vn 0.0575561523 -0.99609375 0.0696411133
vn 0.0734863281 -0.996582031 0.0351867676
vn -0 -1 0
vn -0 -1 0
vn 0.283447266 -0.94921875 0.135742188
vn 0.533203125 -0.806640625 0.255371094
vn 0.730957031 -0.585449219 0.350097656
vn 0.858398438 -0.307617188 0.410888672
vn 0.634765625 -0.0824584961 0.768066406
vn 0.899414062 -0.0783691406 0.430419922
vn 0.154296875 -0.0788574219 0.984863281
vn -0.0864868164 -0.0783691406 0.993164062
vn -0.134277344 -0.0786132812 0.987792969
vn -0.0587158203 -0.0787353516 0.995117188
vn -0.0587158203 0.0787353516 0.995117188
vn -0.134277344 0.0786132812 0.987792969
vn -0.0864868164 0.0783691406 0.993164062
vn 0.154296875 0.0788574219 0.984863281
vn -0.0559997559 0.310791016 0.948730469
vn -0.128051758 0.310058594 0.941894531
vn -0.108764648 0.589355469 0.80078125
vn -0.0825805664 0.307617188 0.947753906
vn -0.0513305664 0.806152344 0.589355469
vn -0.0703735352 0.585449219 0.807617188
vn 0.147216797 0.307861328 0.939941406
vn 0.0495300293 0.947265625 0.316162109
vn 0.125488281 0.584960938 0.801269531
vn 0.091796875 0.8046875 0.586425781
vn 0.0575561523 0.99609375 0.0696411133
vn 0.205078125 0.946777344 0.248168945
vn 0.0734863281 0.996582031 0.0351867676
vn -0 1 0
vn -0 1 0
vn 0.373046875 0.810546875 0.451416016
vn 0.51171875 0.596191406 0.619140625
vn 0.283447266 0.94921875 0.135742188
vn 0.0838012695 0.99609375 0.0178985596
vn 0.533203125 0.806640625 0.255371094
vn 0.604003906 0.316650391 0.730957031
vn 0.0832519531 0.996582031 -0.00640487671
vn -0.00016283989 1 -2.45571136E-05
vn -0.000914573669 1 -3.09944153E-05
vn 0.313232422 0.947265625 0.0668945312
vn 0.730957031 0.585449219 0.350097656
vn 0.634765625 0.0824584961 0.768066406
vn 0.0801391602 0.996582031 -0.0262298584
vn -2.75969505E-05 1 -2.46763229E-05
vn 0.580078125 0.8046875 0.123962402
vn 0.31640625 0.948242188 -0.0237884521
vn 0.858398438 0.307617188 0.410888672
vn 0.899414062 0.0783691406 0.430419922
vn 0.0701293945 0.996582031 -0.0481872559
vn -2.88486481E-05 1 0
vn 0.79296875 0.584960938 0.169433594
vn 0.590820312 0.805664062 -0.0442810059
vn 0.302246094 0.947753906 -0.0998535156
vn 0.930175781 0.307861328 0.198730469
vn 0.975097656 -0.078918457 0.208251953
vn 0.809082031 0.584960938 -0.0605163574
vn 0.562988281 0.805175781 -0.186157227
vn 0.262695312 0.947753906 -0.182250977
vn 0.975097656 0.078918457 0.208251953
vn 0.930175781 -0.307861328 0.198730469
vn 0.948730469 0.307373047 -0.0709838867
vn 0.770019531 0.584960938 -0.254638672
vn 0.994140625 -0.0784912109 -0.0743408203
vn 0.79296875 -0.584960938 0.169433594
vn 0.994140625 0.0784912109 -0.0743408203
vn 0.948730469 -0.307373047 -0.0709838867
vn 0.580078125 -0.8046875 0.123962402
vn 0.487304688 0.8046875 -0.338623047
vn 0.903320312 0.307617188 -0.298828125
vn 0.946289062 -0.0786132812 -0.312988281
vn 0.809082031 -0.584960938 -0.0605163574
vn 0.313232422 -0.947265625 0.0668945312
vn 0.666015625 0.584960938 -0.462890625
vn 0.946289062 0.0786132812 -0.312988281
vn 0.903320312 -0.307617188 -0.298828125
vn 0.590820312 -0.805664062 -0.0442810059
vn 0.0838012695 -0.99609375 0.0178985596
vn 0.31640625 -0.948242188 -0.0237884521
vn 0.0832519531 -0.996582031 -0.00640487671
vn -0.000162243843 -1 -2.41994858E-05
vn -0.000914573669 -1 -3.0875206E-05
vn 0.770019531 -0.584960938 -0.254638672
vn 0.818847656 -0.0787963867 -0.568847656
vn 0.562988281 -0.805175781 -0.186157227
vn 0.0801391602 -0.996582031 -0.0262298584
vn -2.76565552E-05 -1 -2.4497509E-05
vn 0.302246094 -0.947753906 -0.0998535156
vn 0.78125 -0.307617188 -0.54296875
vn 0.0701293945 -0.996582031 -0.0481872559
vn -2.89082527E-05 -1 0
vn 0.666015625 -0.584960938 -0.462890625
vn 0.262695312 -0.947753906 -0.182250977
vn 0.487304688 -0.8046875 -0.338623047
vn 0.565917969 -0.079284668 -0.8203125
vn 0.540039062 -0.30859375 -0.782714844
vn 0.460205078 -0.5859375 -0.666992188
vn 0.336914062 -0.805175781 -0.48828125
vn 0.182495117 -0.946777344 -0.264648438
vn 0.818847656 0.0787963867 -0.568847656
vn 0.0492553711 -0.99609375 -0.071472168
vn 0.0252685547 -0.996582031 -0.0786132812
vn -0 -1 0
vn 0.0966796875 -0.948730469 -0.30078125
vn 0.181152344 -0.805664062 -0.563476562
vn 0.248168945 -0.584960938 -0.771972656
vn 0.0123672485 -0.996582031 -0.0807495117
vn -1.47819519E-05 -1 0
vn 0.0477294922 -0.94921875 -0.310791016
vn 0.0897216797 -0.806640625 -0.584472656
vn 0.0239562988 -0.999511719 -0.0247344971
vn 2.25305557E-05 -1 -1.45435333E-05
vn -0 -1 4.11272049E-05
vn 0.134399414 -0.980957031 -0.139038086
vn 0.079284668 -0.996582031 -0.0123062134
vn -0 -1 0
vn 0.123046875 -0.585449219 -0.801269531
vn 0.310058594 -0.895019531 -0.321044922
vn 0.308349609 -0.950195312 -0.0481567383
vn 0.0785522461 -0.996582031 -0.0197601318
vn -0 -1 0
vn 0.485595703 -0.715332031 -0.502441406
vn 0.583007812 -0.807617188 -0.0911254883
vn 0.303955078 -0.949707031 -0.0764160156
vn 0.800292969 -0.586425781 -0.12512207
vn 0.572753906 -0.806640625 -0.144042969
vn 0.786132812 -0.5859375 -0.197631836
vn 0.0787353516 -0.330566406 -0.940429688
vn 0.14440918 -0.307617188 -0.940429688
vn 0.0831298828 -0.0814819336 -0.993164062
vn 0.939941406 -0.308105469 -0.146972656
vn 0.9375 -0.330566406 -0.110961914
vn 0.291259766 -0.307373047 -0.905761719
vn 0.151245117 -0.0783691406 -0.985351562
vn 0.305175781 -0.0784301758 -0.94921875
vn 0.151245117 0.0783691406 -0.985351562
vn 0.0831298828 0.0814819336 -0.993164062
vn 0.0787353516 0.330566406 -0.940429688
vn 0.305175781 0.0784301758 -0.94921875
vn 0.14440918 0.307617188 -0.940429688
vn 0.485595703 0.715332031 -0.502441406
vn 0.565917969 0.079284668 -0.8203125
vn 0.291259766 0.307373047 -0.905761719
vn 0.540039062 0.30859375 -0.782714844
vn 0.123046875 0.585449219 -0.801269531
vn 0.78125 0.307617188 -0.54296875
vn 0.248168945 0.584960938 -0.771972656
vn 0.460205078 0.5859375 -0.666992188
vn 0.336914062 0.805175781 -0.48828125
vn 0.181152344 0.805664062 -0.563476562
vn 0.0897216797 0.806640625 -0.584472656
vn 0.182495117 0.946777344 -0.264648438
vn 0.0966796875 0.948730469 -0.30078125
vn 0.0492553711 0.99609375 -0.071472168
vn 0.0252685547 0.996582031 -0.0786132812
vn -0 1 0
vn 0.0123672485 0.996582031 -0.0807495117
vn -1.47819519E-05 1 0
vn 0.0477294922 0.94921875 -0.310791016
vn 0.0239562988 0.999511719 -0.0247344971
vn 2.25305557E-05 1 -1.46627426E-05
vn -0 1 4.13060188E-05
vn 0.134399414 0.980957031 -0.139038086
vn 0.079284668 0.996582031 -0.0123062134
vn -0 1 0
vn 0.310058594 0.895019531 -0.321044922
vn 0.0785522461 0.996582031 -0.0197601318
vn -0 1 0
vn 0.308349609 0.950195312 -0.0481567383
vn 0.583007812 0.807617188 -0.0911254883
vn 0.303955078 0.949707031 -0.0764160156
vn 0.0764160156 0.996582031 -0.0319519043
vn 0.800292969 0.586425781 -0.12512207
vn 0.9375 0.330566406 -0.110961914
vn 0.0692749023 0.996582031 -0.0416564941
vn -0 1 0
vn -0 1 0
vn 0.572753906 0.806640625 -0.144042969
vn 0.291992188 0.948730469 -0.122009277
vn 0.939941406 0.308105469 -0.146972656
vn 0.989746094 0.0814819336 -0.117248535
vn 0.786132812 0.5859375 -0.197631836
vn 0.546386719 0.805664062 -0.228393555
vn 0.268310547 0.949707031 -0.161376953
vn 0.0601501465 0.99609375 -0.0631713867
vn 0.0372924805 0.996582031 -0.0726928711
vn -0 1 0
vn 0.221923828 0.946777344 -0.233032227
vn 0.505859375 0.807128906 -0.304443359
vn 0.748535156 0.584960938 -0.312744141
vn 0.922851562 0.307861328 -0.232055664
vn 0.0344238281 0.997070312 -0.0661010742
vn -0 1 0
vn 0.143554688 0.94921875 -0.279785156
vn 0.408935547 0.805175781 -0.429443359
vn 0.694335938 0.5859375 -0.417724609
vn 0.0451660156 0.997558594 -0.0554504395
vn -0 1 0
vn -0 1 0
vn 0.139282227 0.953613281 -0.267333984
vn 0.270019531 0.806640625 -0.526367188
vn 0.0576782227 0.997070312 -0.0479125977
vn -0 1 0
vn 0.186401367 0.955566406 -0.229003906
vn 0.0639038086 0.997070312 -0.0445861816
vn -0 1 0
vn 0.55859375 0.586425781 -0.586425781
vn 0.268798828 0.813476562 -0.516113281
vn 0.232666016 0.953125 -0.193237305
vn 0.370117188 0.585449219 -0.721191406
vn 0.363769531 0.817382812 -0.447021484
vn 0.372314453 0.592285156 -0.714355469
vn 0.815429688 0.307861328 -0.490478516
vn 0.655761719 0.309082031 -0.688476562
vn 0.434326172 0.307617188 -0.846679688
vn 0.877929688 0.307373047 -0.366943359
vn 0.255126953 0.950683594 -0.176147461
vn 0.448242188 0.812988281 -0.372314453
vn 0.506347656 0.597167969 -0.622070312
vn 0.438964844 0.312011719 -0.842773438
vn 0.0676879883 0.996582031 -0.0454711914
vn 0.919921875 0.0784301758 -0.384521484
vn 0.966796875 0.0783691406 -0.243164062
vn 0.854492188 0.0783691406 -0.513671875
vn 0.6875 0.0794677734 -0.721679688
vn 0.455078125 0.0783691406 -0.887207031
vn 0.984863281 0.0783691406 -0.154052734
vn 0.984863281 -0.0783691406 -0.154052734
vn 0.989746094 -0.0814819336 -0.117248535
vn 0.966796875 -0.0783691406 -0.243164062
vn 0.919921875 -0.0784301758 -0.384521484
vn 0.922851562 -0.307861328 -0.232055664
vn 0.854492188 -0.0783691406 -0.513671875
vn 0.877929688 -0.307373047 -0.366943359
vn 0.6875 -0.0794677734 -0.721679688
vn 0.748535156 -0.584960938 -0.312744141
vn 0.815429688 -0.307861328 -0.490478516
vn 0.455078125 -0.0783691406 -0.887207031
vn 0.546386719 -0.805664062 -0.228393555
vn 0.694335938 -0.5859375 -0.417724609
vn 0.655761719 -0.309082031 -0.688476562
vn 0.291992188 -0.948730469 -0.122009277
vn 0.505859375 -0.807128906 -0.304443359
vn 0.55859375 -0.586425781 -0.586425781
vn 0.434326172 -0.307617188 -0.846679688
vn 0.460693359 -0.0789794922 -0.884277344
vn 0.0764160156 -0.996582031 -0.0319519043
vn 0.268310547 -0.949707031 -0.161376953
vn 0.0692749023 -0.996582031 -0.0416564941
vn -0 -1 0
vn -0 -1 0
vn 0.408935547 -0.805175781 -0.429443359
vn 0.370117188 -0.585449219 -0.721191406
vn 0.221923828 -0.946777344 -0.233032227
vn 0.0601501465 -0.99609375 -0.0631713867
vn 0.270019531 -0.806640625 -0.526367188
vn 0.438964844 -0.312011719 -0.842773438
vn 0.0372924805 -0.996582031 -0.0726928711
vn -0 -1 0
vn 0.143554688 -0.94921875 -0.279785156
vn 0.372314453 -0.592285156 -0.714355469
vn 0.0344238281 -0.997070312 -0.0661010742
vn -0 -1 0
vn 0.139282227 -0.953613281 -0.267333984
vn 0.268798828 -0.813476562 -0.516113281
vn 0.0451660156 -0.997558594 -0.0554504395
vn -0 -1 0
vn -0 -1 0
vn 0.186401367 -0.955566406 -0.229003906
vn 0.363769531 -0.817382812 -0.447021484
vn 0.506347656 -0.597167969 -0.622070312
vn 0.599121094 -0.314941406 -0.735839844
vn 0.0576782227 -0.997070312 -0.0479125977
vn -0 -1 0
vn 0.232666016 -0.953125 -0.193237305
vn 0.448242188 -0.812988281 -0.372314453
vn 0.620117188 -0.591796875 -0.515136719
vn 0.0639038086 -0.997070312 -0.0445861816
vn -0 -1 0
vn 0.255126953 -0.950683594 -0.176147461
vn 0.487304688 -0.806640625 -0.334960938
vn 0.730957031 -0.311523438 -0.606933594
vn 0.669921875 -0.583496094 -0.459228516
vn 0.785644531 -0.305664062 -0.538085938
vn 0.263916016 -0.947753906 -0.177734375
vn 0.497070312 -0.800292969 -0.335205078
vn 0.677246094 -0.576660156 -0.45703125
vn 0.790527344 -0.301025391 -0.533691406
vn 0.0676879883 -0.996582031 -0.0454711914
vn 0.767089844 -0.078918457 -0.63671875
vn 0.822265625 -0.0774536133 -0.563964844
vn 0.826171875 -0.0762329102 -0.558105469
vn 0.629394531 -0.0795898438 -0.772949219
vn 0.460693359 0.0789794922 -0.884277344
vn 0.629394531 0.0795898438 -0.772949219
vn 0.599121094 0.314941406 -0.735839844
vn 0.767089844 0.078918457 -0.63671875
vn 0.620117188 0.591796875 -0.515136719
vn 0.730957031 0.311523438 -0.606933594
vn 0.822265625 0.0774536133 -0.563964844
vn 0.487304688 0.806640625 -0.334960938
vn 0.785644531 0.305664062 -0.538085938
vn 0.669921875 0.583496094 -0.459228516
vn 0.263916016 0.947753906 -0.177734375
vn 0.497070312 0.800292969 -0.335205078
vn 0.677246094 0.576660156 -0.45703125
vn 0.790527344 0.301025391 -0.533691406
vn 0.826171875 0.0762329102 -0.558105469
vn 0.0559387207 0.99609375 -0.0693359375
vn 0.197387695 0.947265625 -0.252441406
vn 0.0343933105 0.998535156 -0.0440368652
vn -0 1 0
vn -0 1 0
vn 0.355224609 0.810546875 -0.465332031
vn 0.482177734 0.595703125 -0.642089844
vn 0.0661010742 0.997070312 -0.0322265625
vn -0 1 0
vn 0.159790039 0.966796875 -0.199707031
vn 0.0734863281 0.997070312 -0.0281829834
vn -0 1 0
vn 0.333496094 0.847167969 -0.413574219
vn 0.269287109 0.954101562 -0.131225586
vn 0.565429688 0.316650391 -0.76171875
vn 0.483154297 0.637695312 -0.600097656
vn 0.521484375 0.814453125 -0.254150391
vn 0.2890625 0.950683594 -0.110839844
vn 0.0739746094 0.996582031 -0.0382080078
vn 0.044342041 0.999023438 -0.00193119049
vn -0 1 0
vn -0 1 0
vn 0.281494141 0.948242188 -0.145507812
vn 0.549316406 0.80859375 -0.210571289
vn 0.723144531 0.59375 -0.352539062
vn 0.587890625 0.345214844 -0.731933594
vn 0.0647583008 0.997070312 0.0393981934
vn -0.000329256058 1 -0.000268936157
vn 0.225219727 0.974121094 -0.00981140137
vn 0.526367188 0.805664062 -0.271972656
vn 0.755371094 0.587402344 -0.289794922
vn 0.0707397461 0.996582031 0.041015625
vn 8.73804092E-05 1 1.03116035E-05
vn 0.259765625 0.952636719 0.158081055
vn 0.493408203 0.869628906 -0.0214996338
vn 0.853515625 0.312988281 -0.416259766
vn 0.720703125 0.584960938 -0.372314453
vn 0.888183594 0.308837891 -0.340576172
vn 0.0803833008 0.996582031 0.0261993408
vn 0.272216797 0.94921875 0.157958984
vn 0.498779297 0.812011719 0.303466797
vn 0.740722656 0.670898438 -0.0322570801
vn 0.0241851807 0.999511719 0.0267791748
vn -0 1 0
vn -0 1 0
vn 0.303222656 0.947753906 0.0987548828
vn 0.51171875 0.806152344 0.296875
vn 0.845214844 0.307373047 -0.436767578
vn 0.689453125 0.590820312 0.419433594
vn 0.927246094 0.372070312 -0.0404052734
vn 0.011390686 0.996582031 0.0807495117
vn 0.133544922 0.979980469 0.147705078
vn 0.563964844 0.805175781 0.18371582
vn 0.701171875 0.585449219 0.406982422
vn 0.0201263428 0.996582031 0.078125
vn -0 1 0
vn 0.0438842773 0.94921875 0.311279297
vn 0.305175781 0.890625 0.337646484
vn 0.0252075195 0.997070312 0.0755004883
vn -0 1 0
vn -5.47170639E-05 1 -0.000338554382
vn 0.0780639648 0.949707031 0.302978516
vn 0.812011719 0.310791016 0.493896484
vn 0.771484375 0.584960938 0.251220703
vn 0.0825195312 0.806640625 0.585449219
vn 0.822753906 0.307617188 0.477783203
vn 0.474121094 0.70703125 0.524414062
vn 0.904785156 0.307617188 0.294677734
vn 0.0985107422 0.950195312 0.294921875
vn 0.147338867 0.807128906 0.571777344
vn 0.11315918 0.585449219 0.802734375
vn 0.9296875 0.329589844 0.164916992
vn 0.0705566406 0.329589844 0.94140625
vn 0.947753906 0.0786743164 0.308837891
vn 0.981445312 0.0813598633 0.174072266
vn 0.981445312 -0.0813598633 0.174072266
vn 0.862304688 0.0783691406 0.500488281
vn 0.1328125 0.307617188 0.942382812
vn 0.0744628906 0.0813598633 0.994140625
vn 0.202148438 0.5859375 0.784667969
vn 0.947753906 -0.0786743164 0.308837891
vn 0.8515625 0.0787353516 0.518066406
vn 0.186645508 0.808105469 0.55859375
vn 0.904785156 -0.307617188 0.294677734
vn 0.9296875 -0.329589844 0.164916992
vn 0.862304688 -0.0783691406 0.500488281
vn 0.876953125 0.0807495117 0.473876953
vn 0.8515625 -0.0787353516 0.518066406
vn 0.876953125 -0.0807495117 0.473876953
vn 0.927246094 -0.372070312 -0.0404052734
vn 0.822753906 -0.307617188 0.477783203
vn 0.812011719 -0.310791016 0.493896484
vn 0.771484375 -0.584960938 0.251220703
vn 0.474121094 -0.70703125 0.524414062
vn 0.701171875 -0.585449219 0.406982422
vn 0.689453125 -0.590820312 0.419433594
vn 0.740722656 -0.670898438 -0.0322570801
vn 0.51171875 -0.806152344 0.296875
vn 0.498779297 -0.812011719 0.303466797
vn 0.563964844 -0.805175781 0.18371582
vn 0.493408203 -0.869628906 -0.0214996338
vn 0.720703125 -0.584960938 -0.372314453
vn 0.526367188 -0.805664062 -0.271972656
vn 0.845214844 -0.307373047 -0.436767578
vn 0.832519531 -0.0807495117 -0.548339844
vn 0.259765625 -0.952636719 0.158081055
vn 0.225219727 -0.974121094 -0.00981140137
vn 0.272216797 -0.94921875 0.157958984
vn 0.281494141 -0.948242188 -0.145507812
vn 0.549316406 -0.80859375 -0.210571289
vn 0.755371094 -0.587402344 -0.289794922
vn 0.2890625 -0.950683594 -0.110839844
vn 0.885742188 -0.0784912109 -0.457763672
vn 0.888183594 -0.308837891 -0.340576172
vn 0.885742188 0.0784912109 -0.457763672
vn 0.832519531 0.0807495117 -0.548339844
vn 0.930664062 0.0784301758 -0.356933594
vn 0.930664062 -0.0784301758 -0.356933594
vn 0.895996094 0.0791625977 -0.436767578
vn 0.622070312 0.0872192383 -0.777832031
vn 0.594238281 0.0821533203 -0.800292969
vn 0.594238281 -0.0821533203 -0.800292969
vn 0.622070312 -0.0872192383 -0.777832031
vn 0.565429688 -0.316650391 -0.76171875
vn 0.895996094 -0.0791625977 -0.436767578
vn 0.482177734 -0.595703125 -0.642089844
vn 0.587402344 -0.345214844 -0.731933594
vn 0.853515625 -0.312988281 -0.416259766
vn 0.355224609 -0.810546875 -0.465332031
vn 0.483154297 -0.637695312 -0.600097656
vn 0.723144531 -0.59375 -0.352539062
vn 0.197387695 -0.947265625 -0.252441406
vn 0.333496094 -0.847167969 -0.413574219
vn 0.521484375 -0.814453125 -0.254150391
vn 0.0559082031 -0.99609375 -0.0693359375
vn 0.159790039 -0.966796875 -0.199707031
vn 0.269287109 -0.954101562 -0.131225586
vn 0.0343933105 -0.998535156 -0.0440368652
vn -0 -1 0
vn -0 -1 0
vn 0.0661010742 -0.997070312 -0.0322265625
vn -0 -1 0
vn 0.0734863281 -0.997070312 -0.0281829834
vn -0 -1 0
vn 0.0739746094 -0.996582031 -0.0382080078
vn 0.044342041 -0.999023438 -0.00193119049
vn -0 -1 0
vn -0 -1 0
vn 0.0647583008 -0.997070312 0.0393981934
vn -0.000332832336 -1 -0.000265598297
vn 0.0707397461 -0.996582031 0.041015625
vn 8.64863396E-05 -1 0
vn 0.303222656 -0.947753906 0.0987548828
vn 0.0803833008 -0.996582031 0.026184082
vn 0.305175781 -0.890625 0.337646484
vn 0.0241851807 -0.999511719 0.0267791748
vn -0 -1 0
vn -0 -1 0
vn 0.133544922 -0.979980469 0.147705078
vn 0.11315918 -0.585449219 0.802734375
vn 0.0825195312 -0.806640625 0.585449219
vn 0.0438842773 -0.94921875 0.311279297
vn 0.011390686 -0.996582031 0.0807495117
vn 0.0201263428 -0.996582031 0.078125
vn -0 -1 0
vn 0.0780639648 -0.949707031 0.302978516
vn 0.147338867 -0.807128906 0.571777344
vn 0.0252075195 -0.997070312 0.0755004883
vn -0 -1 0
vn -5.66840172E-05 -1 -0.000336647034
vn 0.0985107422 -0.950195312 0.294921875
vn 0.202148438 -0.5859375 0.784667969
vn 0.186645508 -0.808105469 0.55859375
vn 0.256591797 -0.586914062 0.768066406
vn 0.137451172 -0.948242188 0.285400391
vn 0.257080078 -0.805664062 0.533691406
vn 0.0360717773 -0.996582031 0.0748901367
vn 0.351806641 -0.584960938 0.730957031
vn 0.237304688 -0.307861328 0.921386719
vn 0.301269531 -0.308349609 0.90234375
vn 0.412841797 -0.307373047 0.857421875
vn 0.1328125 -0.307617188 0.942382812
vn 0.0705566406 -0.329589844 0.94140625
vn 0.139160156 -0.0783691406 0.987304688
vn 0.0744628906 -0.0813598633 0.994140625
vn 0.248657227 -0.0783691406 0.965332031
vn 0.139160156 0.0783691406 0.987304688
vn 0.315917969 -0.0784301758 0.945800781
vn 0.237304688 0.307861328 0.921386719
vn 0.248657227 0.0783691406 0.965332031
vn 0.432373047 -0.0784912109 0.8984375
vn 0.256591797 0.586914062 0.768066406
vn 0.315917969 0.0784301758 0.945800781
vn 0.301269531 0.308349609 0.90234375
vn 0.6015625 -0.0784301758 0.794921875
vn 0.432373047 0.0784912109 0.8984375
vn 0.412841797 0.307373047 0.857421875
vn 0.351806641 0.584960938 0.730957031
vn 0.257080078 0.805664062 0.533691406
vn 0.57421875 -0.307373047 0.758789062
vn 0.137451172 0.948730469 0.285400391
vn 0.489501953 -0.584960938 0.646484375
vn 0.0360717773 0.996582031 0.0748901367
vn 0.0500793457 0.996582031 0.0660400391
vn 0.191040039 0.948730469 0.252197266
vn 0.0524902344 0.997070312 0.0581359863
vn 1.48415565E-05 1 0.000113070011
vn 0.357421875 0.805664062 0.472167969
vn 0.0422668457 0.997558594 0.0588684082
vn -4.75049019E-05 1 -0.000111818314
vn 0.208007812 0.951171875 0.228271484
vn 0.489501953 0.584960938 0.646484375
vn 0.0177001953 0.998046875 0.0622253418
vn -0 1 0
vn -0 1 0
vn 0.396240234 0.809082031 0.433837891
vn 0.173583984 0.954589844 0.241577148
vn 0.57421875 0.307373047 0.758789062
vn -0.00684738159 0.997558594 0.0710449219
vn 2.13384628E-05 1 1.65104866E-05
vn 0.545410156 0.587890625 0.597167969
vn 0.337646484 0.815917969 0.469482422
vn 0.0758056641 0.959960938 0.269775391
vn 0.6015625 0.0784301758 0.794921875
vn -0.0209655762 0.997070312 0.0726928711
vn 3.34382057E-05 1 5.88297844E-05
vn 0.641601562 0.309082031 0.702148438
vn 0.468994141 0.595703125 0.65234375
vn 0.151367188 0.827636719 0.540527344
vn -0.0282897949 0.955566406 0.293701172
vn 0.672363281 -0.0784912109 0.735839844
vn -0.0263671875 0.997070312 0.073425293
vn -1.8119812E-05 1 0
vn 0.672363281 0.0784912109 0.735839844
vn 0.554199219 0.313964844 0.770507812
vn 0.213378906 0.609863281 0.763183594
vn -0.0552368164 0.817382812 0.573242188
vn -0.0842895508 0.952636719 0.291748047
vn 0.58203125 0.0794067383 0.809082031
vn 0.254638672 0.32421875 0.911132812
vn -0.0769042969 0.597167969 0.798339844
vn -0.161987305 0.812011719 0.560546875
vn -0.104309082 0.951171875 0.290039062
vn -0.0242462158 0.996582031 0.0771484375
vn -0.0167388916 0.996582031 0.0787963867
vn -2.7179718E-05 1 -4.6312809E-05
vn -0 1 -1.87754631E-05
vn -0.0938110352 0.949707031 0.298828125
vn -0.198852539 0.809570312 0.552246094
vn -0.223999023 0.590820312 0.774902344
vn -0.091003418 0.315185547 0.944824219
vn -0.00871276855 0.996582031 0.0806884766
vn -0 1 -6.96182251E-05
vn -0.0648803711 0.949707031 0.305908203
vn -0.176879883 0.807128906 0.563476562
vn -0.273925781 0.588378906 0.760742188
vn 0.00564956665 0.996582031 0.0835571289
vn -0 1 -0.000155925751
vn -0.0336914062 0.949707031 0.311767578
vn -0.122436523 0.807128906 0.577636719
vn -0.263916016 0.311035156 0.913085938
vn -0.242675781 0.5859375 0.7734375
vn -0.322021484 0.309326172 0.89453125
vn 0.031829834 0.99609375 0.0802612305
vn 0.0214385986 0.948242188 0.316894531
vn -0.0634765625 0.806640625 0.587402344
vn -0.16809082 0.5859375 0.792480469
vn 0.0453796387 0.996582031 0.0659790039
vn 3.85046005E-05 1 -1.29342079E-05
vn 0.118164062 0.947265625 0.298339844
vn 0.0400085449 0.805175781 0.591308594
vn 0.0483093262 0.997070312 0.0629882812
vn -0 1 0
vn -0.000167965889 1 -0.000154018402
vn 0.176635742 0.950195312 0.257080078
vn 0.0523376465 0.996582031 0.0608520508
vn -0 1 0
vn -0.0870361328 0.585449219 0.805664062
vn 0.218383789 0.805175781 0.551757812
vn 0.189086914 0.950683594 0.246459961
vn 0.0547180176 0.584960938 0.809570312
vn 0.333984375 0.807617188 0.486083984
vn 0.298339844 0.585449219 0.75390625
vn 0.0635986328 0.996582031 0.0543518066
vn 0.203613281 0.950195312 0.236694336
vn 0.358642578 0.808105469 0.467285156
vn 0.0684204102 0.996582031 0.0420532227
vn -0.000178575516 1 -0.000224947929
vn 0.241455078 0.948242188 0.206298828
vn 0.0657348633 0.997070312 0.0401611328
vn -9.84072685E-05 1 4.45246696E-05
vn 0.458740234 0.586425781 0.667480469
vn 0.384765625 0.807617188 0.447265625
vn 0.265869141 0.950195312 0.163696289
vn 0.0575561523 0.997070312 0.0456237793
vn -0.000180363655 1 -0.000100255013
vn -1.11460686E-05 1 -0.000111043453
vn 0.492919922 0.586914062 0.642089844
vn 0.450683594 0.805175781 0.385009766
vn 0.262207031 0.951660156 0.158569336
vn 0.0511474609 0.997070312 0.0552368164
vn -2.18749046E-05 1 -2.70009041E-05
vn 0.528320312 0.586425781 0.614257812
vn 0.502441406 0.807617188 0.309326172
vn 0.234741211 0.954101562 0.185791016
vn 0.0514221191 0.996582031 0.0607910156
vn -2.77757645E-05 1 -2.93254852E-05
vn 0.616699219 0.584960938 0.526855469
vn 0.501464844 0.810546875 0.302734375
vn 0.204833984 0.953125 0.223266602
vn 0.0568237305 0.996582031 0.0576477051
vn -0 1 0
vn 0.689941406 0.586425781 0.424804688
vn 0.454833984 0.814941406 0.359863281
vn 0.200927734 0.950195312 0.237548828
vn 0.065612793 0.996582031 0.0500793457
vn -0 1 0
vn 0.691894531 0.589355469 0.417236328
vn 0.393798828 0.8125 0.429931641
vn 0.219970703 0.949707031 0.223144531
vn 0.630859375 0.594238281 0.499023438
vn 0.380615234 0.808105469 0.449951172
vn 0.544433594 0.591308594 0.594726562
vn 0.810058594 0.308105469 0.499023438
vn 0.813964844 0.310058594 0.490966797
vn 0.744628906 0.313232422 0.589355469
vn 0.723632812 0.307373047 0.618164062
vn 0.620605469 0.308105469 0.721191406
vn 0.579101562 0.30859375 0.754394531
vn 0.538574219 0.308105469 0.784179688
vn 0.350097656 0.308349609 0.884277344
vn 0.0642089844 0.307373047 0.94921875
vn -0.102172852 0.307861328 0.945800781
vn -0.197265625 0.308105469 0.930664062
vn -0.284912109 0.307861328 0.907714844
vn 0.564453125 0.0783691406 0.821777344
vn 0.366943359 0.0791015625 0.926757812
vn 0.0672607422 0.0785522461 0.994628906
vn -0.107055664 0.0783691406 0.991210938
vn -0.206787109 0.0783691406 0.975097656
vn -0.298583984 0.0783691406 0.951171875
vn -0.337646484 0.0784912109 0.937988281
vn 0.606933594 0.0784301758 0.791015625
vn 0.564453125 -0.0783691406 0.821777344
vn 0.366943359 -0.0791015625 0.926757812
vn 0.0672607422 -0.0785522461 0.994628906
vn 0.650390625 0.0783691406 0.755859375
vn -0.276855469 0.0787963867 0.957519531
vn 0.606933594 -0.0784301758 0.791015625
vn -0.107055664 -0.0783691406 0.991210938
vn 0.7578125 0.0785522461 0.647460938
vn -0.0955810547 0.0796508789 0.9921875
vn 0.848632812 0.0783691406 0.522949219
vn 0.268310547 0.0816650391 0.959960938
vn 0.853515625 0.0786132812 0.514648438
vn 0.7578125 -0.0785522461 0.647460938
vn 0.848632812 -0.0783691406 0.522949219
vn 0.853515625 -0.0786132812 0.514648438
vn 0.650390625 -0.0783691406 0.755859375
vn -0.0955810547 -0.0796508789 0.9921875
vn 0.268310547 -0.0816650391 0.959960938
vn -0.276855469 -0.0787963867 0.957519531
vn 0.58203125 -0.0794067383 0.809082031
vn 0.641601562 -0.309082031 0.702148438
vn 0.554199219 -0.313964844 0.770507812
vn 0.254638672 -0.32421875 0.911132812
vn 0.545410156 -0.587890625 0.597167969
vn -0.337646484 -0.0784912109 0.937988281
vn -0.091003418 -0.315185547 0.944824219
vn 0.468994141 -0.595703125 0.65234375
vn 0.357421875 -0.805664062 0.472167969
vn 0.396240234 -0.809082031 0.433837891
vn 0.191040039 -0.948730469 0.252197266
vn 0.213378906 -0.609863281 0.763183594
vn -0.263916016 -0.311035156 0.913085938
vn 0.337646484 -0.815917969 0.469482422
vn 0.0500793457 -0.996582031 0.0660400391
vn 0.208007812 -0.951171875 0.228271484
vn 0.0524902344 -0.997070312 0.0581665039
vn 1.31726265E-05 -1 0.00010997057
vn -0.0769042969 -0.597167969 0.798339844
vn 0.173583984 -0.954589844 0.241577148
vn 0.0422668457 -0.997558594 0.0588684082
vn -4.78029251E-05 -1 -0.000112652779
vn 0.151367188 -0.827636719 0.540527344
vn 0.0177001953 -0.998046875 0.0622253418
vn -0 -1 0
vn -0 -1 0
vn 0.0758056641 -0.959960938 0.269775391
vn -0.0552368164 -0.817382812 0.573242188
vn -0.223999023 -0.590820312 0.774902344
vn -0.00684356689 -0.997558594 0.0710449219
vn 2.14576721E-05 -1 1.79409981E-05
vn -0.0282897949 -0.955566406 0.293701172
vn -0.0209655762 -0.997070312 0.0726928711
vn 3.27825546E-05 -1 5.91874123E-05
vn -0.161987305 -0.812011719 0.560546875
vn -0.0842895508 -0.952636719 0.291748047
vn -0.322021484 -0.309326172 0.89453125
vn -0.0263824463 -0.997070312 0.073425293
vn -1.78813934E-05 -1 0
vn -0.273925781 -0.588378906 0.760742188
vn -0.104309082 -0.951171875 0.290039062
vn -0.198852539 -0.809570312 0.552246094
vn -0.298583984 -0.0783691406 0.951171875
vn -0.284912109 -0.307861328 0.907714844
vn -0.206787109 -0.0783691406 0.975097656
vn -0.242675781 -0.5859375 0.7734375
vn -0.197265625 -0.308105469 0.930664062
vn -0.176879883 -0.807128906 0.563476562
vn -0.102172852 -0.307861328 0.945800781
vn -0.16809082 -0.5859375 0.792480469
vn -0.0938110352 -0.949707031 0.298828125
vn 0.0642089844 -0.307373047 0.94921875
vn -0.122436523 -0.807128906 0.577636719
vn -0.0870361328 -0.585449219 0.805664062
vn -0.0242462158 -0.996582031 0.0771484375
vn 0.350097656 -0.308349609 0.884277344
vn -0.0648803711 -0.949707031 0.305908203
vn -0.0167388916 -0.996582031 0.0787963867
vn -2.74777412E-05 -1 -4.46438789E-05
vn -0 -1 -1.84774399E-05
vn -0.0634765625 -0.806640625 0.587402344
vn 0.0547180176 -0.584960938 0.809570312
vn 0.538574219 -0.308105469 0.784179688
vn -0.00871276855 -0.996582031 0.0806884766
vn -0 -1 -6.93202019E-05
vn -0.0336914062 -0.949707031 0.311767578
vn 0.0400085449 -0.805175781 0.591308594
vn 0.298339844 -0.585449219 0.75390625
vn 0.579101562 -0.30859375 0.754394531
vn 0.00564956665 -0.996582031 0.0835571289
vn -0 -1 -0.000157356262
vn 0.0214385986 -0.948242188 0.316894531
vn 0.218383789 -0.805175781 0.551757812
vn 0.458740234 -0.586425781 0.667480469
vn 0.620605469 -0.308105469 0.721191406
vn 0.118164062 -0.947265625 0.298339844
vn 0.0317993164 -0.99609375 0.0802612305
vn 0.333984375 -0.807617188 0.486083984
vn 0.492919922 -0.586914062 0.642089844
vn 0.723632812 -0.307373047 0.618164062
vn 0.0453796387 -0.996582031 0.0659790039
vn 3.73125076E-05 -1 -1.69873238E-05
vn 0.176635742 -0.950195312 0.257080078
vn 0.358642578 -0.808105469 0.467285156
vn 0.528320312 -0.586425781 0.614257812
vn 0.810058594 -0.308105469 0.499023438
vn 0.0483093262 -0.997070312 0.0629882812
vn -0 -1 1.03712082E-05
vn -0.000168323517 -1 -0.000154137611
vn 0.189086914 -0.950683594 0.246459961
vn 0.384765625 -0.807617188 0.447265625
vn 0.616699219 -0.584960938 0.526855469
vn 0.0523376465 -0.996582031 0.0608520508
vn -0 -1 0
vn 0.203613281 -0.950195312 0.236694336
vn 0.450683594 -0.805175781 0.385009766
vn 0.689941406 -0.586425781 0.424804688
vn 0.241455078 -0.948242188 0.206298828
vn 0.0635986328 -0.996582031 0.0543518066
vn 0.502441406 -0.807617188 0.309326172
vn 0.813964844 -0.310058594 0.490966797
vn 0.0684204102 -0.996582031 0.0420532227
vn -0.000178813934 -1 -0.000226974487
vn 0.265869141 -0.950195312 0.163696289
vn 0.691894531 -0.589355469 0.417236328
vn 0.781738281 -0.0792236328 0.618652344
vn 0.0657348633 -0.997070312 0.0401611328
vn -9.85264778E-05 -1 4.4465065E-05
vn 0.262207031 -0.951660156 0.158569336
vn 0.501464844 -0.810546875 0.302734375
vn 0.744628906 -0.313232422 0.589355469
vn 0.781738281 0.0792236328 0.618652344
vn 0.0575561523 -0.997070312 0.0456237793
vn -0.000180363655 -1 -9.97781754E-05
vn -1.10268593E-05 -1 -0.000110983849
vn 0.630859375 -0.594238281 0.499023438
vn 0.234741211 -0.954101562 0.185791016
vn 0.454833984 -0.814941406 0.359863281
vn 0.673339844 -0.0788574219 0.735351562
vn 0.641601562 0.311279297 0.700683594
vn 0.641601562 -0.311279297 0.700683594
vn 0.544433594 -0.591308594 0.594726562
vn 0.393798828 -0.8125 0.429931641
vn 0.204833984 -0.953125 0.223266602
vn 0.673339844 0.0788574219 0.735351562
vn 0.522949219 0.586914062 0.618164062
vn 0.614257812 0.308349609 0.726074219
vn 0.643554688 0.0783691406 0.761230469
vn 0.643554688 -0.0783691406 0.761230469
vn 0.614257812 -0.308349609 0.726074219
vn 0.522949219 -0.586914062 0.618164062
vn 0.414794922 0.807128906 0.420654297
vn 0.568847656 0.5859375 0.577148438
vn 0.699707031 -0.0783691406 0.709960938
vn 0.251220703 0.948730469 0.191772461
vn 0.66796875 0.307861328 0.677734375
vn 0.470703125 0.805664062 0.359619141
vn 0.0809326172 0.99609375 0.031036377
vn 0.300048828 0.946777344 0.114929199
vn 0.64453125 0.584960938 0.492431641
vn 0.699707031 0.0783691406 0.709960938
vn 0.077331543 0.997070312 0.0129089355
vn 0.554199219 0.805175781 0.212036133
vn 0.756347656 0.307373047 0.577636719
vn 0.0772705078 0.997070312 0.0129623413
vn -0 1 -0.000149965286
vn 0.3046875 0.951171875 0.0508117676
vn 0.757324219 0.585449219 0.289306641
vn 0.579589844 0.809082031 0.0966796875
vn 0.304443359 0.951171875 0.050994873
vn 0.0774536133 0.997070312 0.0122528076
vn 0.0621948242 0.997558594 0.0237884521
vn 0.000173449516 1 3.54647636E-05
vn 2.66432762E-05 1 9.16719437E-05
vn 0.3046875 0.951171875 0.0504150391
vn 0.579589844 0.809082031 0.096862793
vn 0.797851562 0.587890625 0.133056641
vn 0.888671875 0.308349609 0.339599609
vn 0.0635375977 0.997070312 0.0439147949
vn 2.43782997E-05 1 4.88162041E-05
vn 0.265136719 0.958496094 0.102905273
vn 0.579589844 0.809082031 0.096496582
vn 0.797851562 0.587890625 0.133178711
vn 0.0642089844 0.997070312 0.0456848145
vn -0.000159502029 1 -3.60012054E-05
vn 0.252685547 0.951660156 0.173706055
vn 0.52734375 0.824707031 0.205322266
vn 0.0675048828 0.996582031 0.043548584
vn -0 1 0
vn 0.252441406 0.950683594 0.179443359
vn 0.937988281 0.309326172 0.15637207
vn 0.797851562 0.587890625 0.13293457
vn 0.483154297 0.810058594 0.331787109
vn 0.937988281 0.309082031 0.156494141
vn 0.741210938 0.605957031 0.288818359
vn 0.937988281 0.309082031 0.15637207
vn 0.262451172 0.950195312 0.169189453
vn 0.479492188 0.80859375 0.340820312
vn 0.666015625 0.588867188 0.457275391
vn 0.882324219 0.321289062 0.343994141
vn 0.0747070312 0.996582031 0.0354003906
vn 0.0784301758 0.996582031 0.0227355957
vn -0 1 0
vn 0.285644531 0.948730469 0.135375977
vn 0.495849609 0.807617188 0.319580078
vn 0.659667969 0.587402344 0.46875
vn 0.0759277344 0.997070312 0.017364502
vn -3.99947166E-05 1 -1.01923943E-05
vn 0.302246094 0.94921875 0.0875244141
vn 0.53515625 0.805664062 0.253417969
vn 0.0692138672 0.997070312 0.0240325928
vn -0 1 0
vn 0.300048828 0.951171875 0.0687255859
vn 0.0588684082 0.997558594 0.0385131836
vn -0 1 0
vn -0 1 0
vn 0.681152344 0.586425781 0.438720703
vn 0.567871094 0.806640625 0.164550781
vn 0.282470703 0.954101562 0.0980834961
vn 0.0506286621 0.997070312 0.0537109375
vn -0 1 0
vn 0.732910156 0.584960938 0.347167969
vn 0.572265625 0.809570312 0.130981445
vn 0.244995117 0.956054688 0.16027832
vn 0.046661377 0.997070312 0.0617675781
vn -2.04443932E-05 1 0
vn 0.778808594 0.585449219 0.225585938
vn 0.547363281 0.814941406 0.190185547
vn 0.205810547 0.954101562 0.218383789
vn 0.788085938 0.588378906 0.180419922
vn 0.480224609 0.818847656 0.314208984
vn 0.759765625 0.594238281 0.263916016
vn 0.0496520996 0.996582031 0.0632324219
vn 0.185180664 0.951660156 0.244995117
vn 0.398193359 0.814453125 0.422363281
vn 0.0204772949 0.998535156 0.0540161133
vn -0 1 -3.68952751E-05
vn -0 1 -2.01463699E-05
vn 0.193115234 0.949707031 0.245605469
vn 0.670410156 0.599121094 0.438476562
vn 0.353515625 0.810058594 0.467773438
vn 0.552246094 0.593261719 0.5859375
vn 0.00179958344 0.997070312 0.0787353516
vn 0.0930786133 0.96484375 0.245849609
vn 0.364746094 0.807128906 0.463867188
vn 0.00130176544 0.997070312 0.0779418945
vn -4.82797623E-05 1 0
vn 0.00690078735 0.950683594 0.309326172
vn -0.00241088867 0.997070312 0.076171875
vn 7.25984573E-05 1 5.82933426E-05
vn 0.487304688 0.588867188 0.645019531
vn 0.191894531 0.840332031 0.506835938
vn 0.00527954102 0.951171875 0.308105469
vn -0.0163269043 0.997558594 0.0676269531
vn 1.30534172E-05 1 0.00013756752
vn -7.70688057E-05 1 0
vn 0.500976562 0.5859375 0.63671875
vn 0.0130615234 0.80859375 0.587890625
vn -0.0105895996 0.952636719 0.3046875
vn -0.0340881348 0.997070312 0.0663452148
vn -3.42130661E-05 1 -6.10947609E-05
vn 0.275634766 0.626953125 0.728515625
vn 0.0101013184 0.809570312 0.586914062
vn -0.0685424805 0.956542969 0.282714844
vn -0.0403137207 0.997070312 0.0678100586
vn -0 1 0
vn 0.0179443359 0.587402344 0.809082031
vn -0.020614624 0.811523438 0.584472656
vn -0.137084961 0.953613281 0.268798828
vn -0.0356445312 0.996582031 0.0739135742
vn -0 1 0
vn 0.0139312744 0.588378906 0.80859375
vn -0.134887695 0.819824219 0.556152344
vn -0.158081055 0.950683594 0.266357422
vn -0.0285949707 0.590332031 0.806640625
vn -0.264160156 0.813476562 0.518554688
vn -0.188476562 0.600097656 0.77734375
vn -0.0188598633 0.996582031 0.0827636719
vn -0.136962891 0.94921875 0.283935547
vn -0.300292969 0.80859375 0.505859375
vn 0.00493240356 0.996582031 0.0842285156
vn -0 1 0
vn -0.0709228516 0.947753906 0.311279297
vn 0.0191955566 0.996582031 0.0783691406
vn -0 1 0
vn -0.365722656 0.592285156 0.717773438
vn -0.257080078 0.806152344 0.532714844
vn 0.0186157227 0.947753906 0.318115234
vn 0.0176239014 0.997070312 0.0736694336
vn -0 1 0
vn -0 1 0
vn -0.413085938 0.587402344 0.695800781
vn -0.131835938 0.805175781 0.578613281
vn 0.0744018555 0.949707031 0.303955078
vn -0.352294922 0.585449219 0.73046875
vn 0.0346679688 0.805175781 0.592285156
vn -0.180175781 0.584960938 0.791015625
vn 0.041809082 0.99609375 0.078918457
vn 0.0706787109 0.952636719 0.295654297
vn 0.140380859 0.807128906 0.573730469
vn 0.0515441895 0.997070312 0.0559082031
vn -0 1 0
vn -1.01327896E-05 1 -1.18017197E-05
vn 0.151123047 0.946289062 0.28515625
vn 0.0539550781 0.996582031 0.0594787598
vn -0 1 0
vn 0.0474243164 0.584960938 0.809570312
vn 0.135742188 0.812011719 0.567871094
vn 0.206420898 0.952636719 0.223876953
vn 0.065612793 0.996582031 0.0522766113
vn -0 1 -1.95503235E-05
vn 0.192749023 0.5859375 0.787109375
vn 0.276123047 0.807617188 0.521484375
vn 0.209838867 0.950195312 0.231323242
vn 0.0796508789 0.99609375 0.0316467285
vn -0 1 0
vn 0.18762207 0.590820312 0.784667969
vn 0.396240234 0.811523438 0.429443359
vn 0.248657227 0.948242188 0.198120117
vn 0.377685547 0.590820312 0.712890625
vn 0.396484375 0.807617188 0.437011719
vn 0.547363281 0.590332031 0.593261719
vn 0.0871582031 0.99609375 -0.000812530518
vn 0.297607422 0.947265625 0.118408203
vn 0.463623047 0.805175781 0.369628906
vn 0.0789794922 0.99609375 -0.0349731445
vn 2.16364861E-05 1 1.01327896E-05
vn 0.321777344 0.946777344 -0.0030002594
vn 0.0627441406 0.996582031 -0.0550231934
vn -0 1 0
vn 0.544433594 0.586425781 0.600097656
vn 0.551269531 0.805175781 0.219360352
vn 0.293457031 0.947265625 -0.130004883
vn 0.0534362793 0.997070312 -0.0555114746
vn -1.41263008E-05 1 -4.03523445E-05
vn 0.634277344 0.584960938 0.505371094
vn 0.592773438 0.805175781 -0.00553512573
vn 0.238647461 0.948242188 -0.209106445
vn 0.0567321777 0.997070312 -0.0504455566
vn 7.86185265E-05 1 -0.000135660172
vn -2.52723694E-05 1 0.000145196915
vn 0.753417969 0.584960938 0.299804688
vn 0.542480469 0.805175781 -0.240356445
vn 0.212646484 0.951660156 -0.220581055
vn 0.0608215332 0.996582031 -0.0518493652
vn -0 1 0
vn 0.810058594 0.586425781 -0.00755691528
vn 0.445800781 0.805664062 -0.390625
vn 0.227416992 0.952636719 -0.202148438
vn 0.741210938 0.585449219 -0.328369141
vn 0.406738281 0.810546875 -0.421630859
vn 0.609863281 0.584960938 -0.534667969
vn 0.883789062 0.307861328 0.351806641
vn 0.951171875 0.309082031 -0.00887298584
vn 0.869628906 0.308349609 -0.385253906
vn 0.744140625 0.307373047 0.593261719
vn 0.639160156 0.308105469 0.704589844
vn 0.64453125 0.310791016 0.698730469
vn 0.444580078 0.312744141 0.839355469
vn 0.221069336 0.311035156 0.924316406
vn 0.226196289 0.307861328 0.924316406
vn 0.0556030273 0.307617188 0.949707031
vn -0.211425781 0.307617188 0.927734375
vn -0.413330078 0.307617188 0.856933594
vn -0.485351562 0.308837891 0.817871094
vn -0.431152344 0.312011719 0.846679688
vn -0.223510742 0.317382812 0.921386719
vn -0.0337524414 0.310546875 0.950195312
vn 0.0164031982 0.309326172 0.950683594
vn 0.0210723877 0.308837891 0.950683594
vn 0.333251953 0.336914062 0.880371094
vn 0.588378906 0.308105469 0.747558594
vn 0.573242188 0.309570312 0.758789062
vn 0.651367188 0.312744141 0.69140625
vn 0.793945312 0.31640625 0.519042969
vn 0.896972656 0.313232422 0.311523438
vn 0.926757812 0.309326172 0.212158203
vn 0.9140625 0.307617188 0.264892578
vn 0.859863281 0.307373047 0.407470703
vn 0.799804688 0.308105469 0.515136719
vn 0.775390625 0.308837891 0.55078125
vn 0.783691406 0.309814453 0.538085938
vn 0.971679688 0.0784912109 0.222412109
vn 0.957519531 0.0783691406 0.27734375
vn 0.900878906 0.0784301758 0.426757812
vn 0.837890625 0.0783691406 0.540039062
vn 0.8125 0.0784301758 0.577636719
vn 0.821777344 0.0785522461 0.563964844
vn 0.928710938 0.0809936523 0.362060547
vn 0.941894531 0.0792236328 0.326904297
vn 0.983398438 0.0784912109 0.16394043
vn 0.833984375 0.0798950195 0.545410156
vn 0.983398438 0.0784912109 0.16394043
vn 0.68359375 0.0791015625 0.725585938
vn 0.983398438 0.0784912109 0.16394043
vn 0.601074219 0.0785522461 0.795410156
vn 0.931152344 0.0792236328 0.355957031
vn 0.616210938 0.0783691406 0.783691406
vn 0.352783203 0.084777832 0.932128906
vn 0.616210938 -0.0783691406 0.783691406
vn 0.601074219 -0.0785522461 0.795410156
vn 0.791992188 0.0783691406 0.60546875
vn 0.791992188 -0.0783691406 0.60546875
vn 0.931152344 -0.0792236328 0.355712891
vn 0.66796875 -0.307861328 0.677734375
vn 0.756347656 -0.307373047 0.577636719
vn 0.983398438 -0.0785522461 0.16394043
vn 0.568847656 -0.5859375 0.577148438
vn 0.888671875 -0.308349609 0.339599609
vn 0.983398438 -0.0784912109 0.16394043
vn 0.380615234 -0.808105469 0.449951172
vn 0.64453125 -0.584960938 0.492431641
vn 0.937988281 -0.309326172 0.15637207
vn 0.983398438 -0.0784912109 0.16394043
vn 0.414794922 -0.807128906 0.420654297
vn 0.200927734 -0.950195312 0.237548828
vn 0.757324219 -0.585449219 0.289306641
vn 0.937988281 -0.309082031 0.156494141
vn 0.928710938 -0.0809936523 0.362060547
vn 0.470703125 -0.805664062 0.359619141
vn 0.797851562 -0.587890625 0.133056641
vn 0.937988281 -0.309082031 0.15637207
vn 0.821777344 -0.0785522461 0.563964844
vn 0.219970703 -0.949707031 0.223144531
vn 0.554199219 -0.805175781 0.212036133
vn 0.797851562 -0.587890625 0.133178711
vn 0.882324219 -0.321289062 0.343994141
vn 0.8125 -0.0784301758 0.577636719
vn 0.251220703 -0.948730469 0.191772461
vn 0.579589844 -0.809082031 0.0966796875
vn 0.797851562 -0.587890625 0.13293457
vn 0.783691406 -0.309814453 0.538085938
vn 0.837890625 -0.0783691406 0.540039062
vn 0.300048828 -0.946777344 0.114929199
vn 0.579589844 -0.809082031 0.096862793
vn 0.741210938 -0.605957031 0.288818359
vn 0.775390625 -0.308837891 0.55078125
vn 0.900878906 -0.0784301758 0.426757812
vn 0.3046875 -0.951171875 0.0508117676
vn 0.579589844 -0.809082031 0.096496582
vn 0.666015625 -0.588867188 0.457275391
vn 0.799804688 -0.308105469 0.515136719
vn 0.957519531 -0.0783691406 0.27734375
vn 0.3046875 -0.951171875 0.050994873
vn 0.52734375 -0.824707031 0.205322266
vn 0.659667969 -0.587402344 0.46875
vn 0.859863281 -0.307373047 0.407470703
vn 0.971679688 -0.0784912109 0.222412109
vn 0.3046875 -0.951171875 0.0504150391
vn 0.483154297 -0.810058594 0.331787109
vn 0.681152344 -0.586425781 0.438720703
vn 0.9140625 -0.307617188 0.264892578
vn 0.941894531 -0.0792236328 0.326904297
vn 0.265136719 -0.958496094 0.102905273
vn 0.479492188 -0.80859375 0.340820312
vn 0.732910156 -0.584960938 0.347167969
vn 0.926757812 -0.309326172 0.212158203
vn 0.833984375 -0.0798950195 0.545410156
vn 0.252685547 -0.951660156 0.173706055
vn 0.495849609 -0.807617188 0.319580078
vn 0.778808594 -0.585449219 0.225585938
vn 0.896972656 -0.313232422 0.311523438
vn 0.68359375 -0.0791015625 0.725585938
vn 0.793945312 -0.31640625 0.519042969
vn 0.788085938 -0.588378906 0.180419922
vn 0.53515625 -0.805664062 0.253417969
vn 0.651367188 -0.312744141 0.69140625
vn 0.759765625 -0.594238281 0.263916016
vn 0.567871094 -0.806152344 0.164550781
vn 0.573242188 -0.309570312 0.758789062
vn 0.670410156 -0.599121094 0.438476562
vn 0.572265625 -0.809570312 0.130981445
vn 0.552246094 -0.593261719 0.5859375
vn 0.547363281 -0.814941406 0.190185547
vn 0.480224609 -0.818847656 0.314208984
vn 0.285644531 -0.948730469 0.135375977
vn 0.302246094 -0.94921875 0.0875244141
vn 0.300048828 -0.951171875 0.0687255859
vn 0.282470703 -0.954101562 0.0980834961
vn 0.262451172 -0.950195312 0.169189453
vn 0.252441406 -0.950683594 0.179443359
vn 0.398193359 -0.814453125 0.422363281
vn 0.244995117 -0.956054688 0.16027832
vn 0.487304688 -0.588867188 0.645019531
vn 0.588378906 -0.308105469 0.747558594
vn 0.352783203 -0.084777832 0.932128906
vn 0.0642089844 -0.997070312 0.0456848145
vn 0.0635375977 -0.997070312 0.0439147949
vn 0.0675048828 -0.996582031 0.043548584
vn 0.0621948242 -0.997558594 0.0237884521
vn 0.0747070312 -0.996582031 0.0354003906
vn 0.0784301758 -0.996582031 0.0227355957
vn -0 -1 0
vn -0.000159263611 -1 -3.51071358E-05
vn 2.54511833E-05 -1 4.8995018E-05
vn 2.67624855E-05 -1 9.1791153E-05
vn 0.000173568726 -1 3.58223915E-05
vn -0 -1 0
vn -0 -1 -0.000149130821
vn 0.0759277344 -0.997070312 0.0173797607
vn -3.98755074E-05 -1 0
vn 0.0692138672 -0.997070312 0.0240325928
vn -0 -1 0
vn 0.0588684082 -0.997558594 0.0385131836
vn -0 -1 0
vn -0 -1 0
vn 0.0774536133 -0.997070312 0.0122528076
vn 0.0772705078 -0.997070312 0.0129623413
vn -0 -1 0
vn 0.077331543 -0.997070312 0.0129089355
vn 0.0809326172 -0.99609375 0.031036377
vn 0.065612793 -0.996582031 0.0500793457
vn -0 -1 0
vn 0.0568237305 -0.996582031 0.0576477051
vn -2.77757645E-05 -1 -2.93254852E-05
vn 0.0514221191 -0.997070312 0.0607910156
vn -2.18153E-05 -1 -2.69412994E-05
vn 0.0511474609 -0.997070312 0.0552368164
vn -0 0 -1
vn -0 0 -1
vn -0 0 -1
vn -0 0 -1
vn -0 0 -1
vn -0 0 -1
vn -0 0 -1
vn -0 0 -1
vn -0 0 -1
vn -0 0 -1
vn -0 0 -1
vn -0 0 -1
vn -0 0 -1
vn 0.123474121 0.649902344 -0.75
vn 0.136230469 0.299560547 -0.944335938
vn 0.0157928467 -0.0157928467 -0.999511719
vn 0.150634766 0.331298828 -0.931640625
vn 0.71484375 -0.105773926 -0.690917969
vn 0.745605469 0.569335938 -0.346679688
vn 0.117492676 -0.105651855 -0.987304688
vn 0.556152344 -0.65234375 -0.515136719
vn 0.64453125 0.689453125 -0.329833984
vn 0.951171875 0.308837891 0.00415802002
vn 0.997070312 0.0784301758 0.00435256958
vn 0.997070312 0.0744628906 -0.00629806519
vn 0.520019531 0.791992188 -0.319335938
vn 0.809570312 0.587402344 0.00355148315
vn 0.375244141 0.872070312 -0.314453125
vn 0.588378906 0.80859375 0.00259590149
vn 0.103271484 0.991210938 -0.0801391602
vn -0 1 0
vn -0 1 1.93715096E-05
vn 0.310058594 0.950683594 0.00138473511
vn 0.0789794922 0.997070312 0.000376701355
vn 7.37905502E-05 1 2.61068344E-05
vn 0.0802001953 0.996582031 0.00424575806
vn -5.54323196E-05 1 -4.48822975E-05
vn 0.311767578 0.950195312 0.0165100098
vn 0.589355469 0.807617188 0.0311889648
vn 0.809082031 0.586425781 0.0428161621
vn 0.0809936523 0.996582031 0.0140533447
vn -0 1 0
vn 0.310791016 0.948730469 0.0539855957
vn 0.583007812 0.806152344 0.101318359
vn 0.950195312 0.308105469 0.0502624512
vn 0.798828125 0.584960938 0.138916016
vn 0.9375 0.307617188 0.162963867
vn 0.995605469 0.0783691406 0.0526733398
vn 0.982421875 0.0783691406 0.170776367
vn 0.293457031 0.947753906 0.126464844
vn 0.544921875 0.805175781 0.234863281
vn 0.744628906 0.584960938 0.321044922
vn 0.873535156 0.307617188 0.376708984
vn 0.915527344 0.0787353516 0.394775391
vn 0.078125 0.996582031 0.0336914062
vn 0.0654907227 0.996582031 0.0513305664
vn -0 1 0
vn 0.249389648 0.948242188 0.195556641
vn 0.466308594 0.805664062 0.365722656
vn 0.638183594 0.584960938 0.500488281
vn 0.749023438 0.307373047 0.586914062
vn 0.0562133789 0.997070312 0.0552978516
vn -1.95503235E-05 1 -1.79409981E-05
vn 0.220825195 0.950683594 0.217163086
vn 0.419433594 0.80859375 0.412597656
vn 0.577148438 0.587402344 0.567382812
vn 0.0566101074 0.997070312 0.0469970703
vn -0 1 0
vn 0.23046875 0.954101562 0.19140625
vn 0.446289062 0.814453125 0.370605469
vn 0.0630493164 0.997558594 0.0301055908
vn -0 1 0
vn -0 1 0
vn 0.263183594 0.956542969 0.125732422
vn 0.0726318359 0.997070312 0.015411377
vn 1.09672546E-05 1 3.0040741E-05
vn 0.619140625 0.59375 0.514160156
vn 0.517089844 0.819335938 0.246826172
vn 0.294433594 0.953613281 0.0624694824
vn 0.0778808594 0.997070312 0.0102844238
vn 9.18507576E-05 1 2.35438347E-05
vn 0.722167969 0.599609375 0.344726562
vn 0.568847656 0.813476562 0.120727539
vn 0.306640625 0.951171875 0.0403442383
vn 0.0804443359 0.996582031 0.0177612305
vn -5.76376915E-05 1 -0.000111043453
vn 0.787597656 0.592773438 0.167236328
vn 0.583007812 0.809082031 0.0766601562
vn 0.308105469 0.948730469 0.0680541992
vn 0.802246094 0.587890625 0.10546875
vn 0.578125 0.806152344 0.127685547
vn 0.791992188 0.584960938 0.174926758
vn 0.0764160156 0.996582031 0.0379333496
vn 0.286376953 0.947265625 0.142333984
vn 0.53125 0.805175781 0.264160156
vn 0.0613098145 0.996582031 0.0582275391
vn -0 1 7.36713409E-05
vn 0.231079102 0.947753906 0.219604492
vn 0.0473632812 0.996582031 0.0651245117
vn -6.16908073E-05 1 -8.98241997E-05
vn 0.726074219 0.584960938 0.361083984
vn 0.429931641 0.805175781 0.408691406
vn 0.183959961 0.949707031 0.252685547
vn 0.0454406738 0.997070312 0.059967041
vn -0 1 0
vn 0.587890625 0.584960938 0.55859375
vn 0.347167969 0.807128906 0.477294922
vn 0.182861328 0.953125 0.241455078
vn 0.0506286621 0.998046875 0.029586792
vn -0 1 0
vn -0 1 0
vn 0.476806641 0.5859375 0.655273438
vn 0.352050781 0.8125 0.464599609
vn 0.228881836 0.964355469 0.133789062
vn 0.486816406 0.591308594 0.642578125
vn 0.470214844 0.838867188 0.274902344
vn 0.674316406 0.624511719 0.394042969
vn 0.076965332 0.997070312 0.0153884888
vn 0.302978516 0.951171875 0.0606079102
vn 0.576171875 0.809082031 0.11529541
vn 0.0769042969 0.997070312 0.0153884888
vn -0 1 0
vn 0.302978516 0.951171875 0.0606079102
vn 0.0769042969 0.997070312 0.0153884888
vn -0 1 0
vn -0 1 0
vn 0.793457031 0.587890625 0.158691406
vn 0.576171875 0.809082031 0.11529541
vn 0.302978516 0.951171875 0.0606079102
vn 0.793457031 0.587890625 0.158691406
vn 0.576171875 0.809082031 0.11529541
vn 0.793457031 0.587890625 0.158691406
vn 0.0799560547 0.99609375 0.0308074951
vn 0.298828125 0.947265625 0.115112305
vn 0.553710938 0.805175781 0.213378906
vn 0.0672607422 0.996582031 0.0447692871
vn -0 1 0
vn 0.260742188 0.949707031 0.173461914
vn 0.0626831055 0.996582031 0.0499267578
vn -0.000270605087 1 -6.92009926E-05
vn 0.000700950623 1 0.000320911407
vn 0.756835938 0.584960938 0.291503906
vn 0.491699219 0.807128906 0.327148438
vn 0.244262695 0.950195312 0.194213867
vn 0.0586547852 0.996582031 0.0559997559
vn 0.00014936924 1 -4.39286232E-05
vn 0.674804688 0.5859375 0.448974609
vn 0.461669922 0.807617188 0.3671875
vn 0.226806641 0.949707031 0.216674805
vn 0.634277344 0.586425781 0.50390625
vn 0.427246094 0.806640625 0.408203125
vn 0.5859375 0.5859375 0.560058594
vn 0.0503845215 0.996582031 0.0661010742
vn 0.191772461 0.948730469 0.252197266
vn 0.358642578 0.805664062 0.471679688
vn 0.0383911133 0.996582031 0.0713500977
vn -0 1 0
vn 0.14855957 0.949707031 0.276123047
vn 0.032989502 0.997070312 0.0715942383
vn -0 1 0
vn 0.490966797 0.584960938 0.645507812
vn 0.280029297 0.806640625 0.520019531
vn 0.129516602 0.950683594 0.28125
vn 0.0340576172 0.997070312 0.0685424805
vn -0 1 0
vn 0.384033203 0.5859375 0.713867188
vn 0.24609375 0.80859375 0.534179688
vn 0.135864258 0.952148438 0.2734375
vn 0.0417480469 0.997558594 0.0586547852
vn -0 1 0
vn -0 1 0
vn 0.338623047 0.587402344 0.734863281
vn 0.260253906 0.811035156 0.523925781
vn 0.17175293 0.955078125 0.241455078
vn 0.0541992188 0.997070312 0.0507507324
vn -0 1 0
vn 0.359375 0.58984375 0.723144531
vn 0.334716797 0.81640625 0.470214844
vn 0.219604492 0.953613281 0.205688477
vn 0.0611572266 0.997070312 0.0505371094
vn -0 1 0
vn 0.465332031 0.596191406 0.654296875
vn 0.424316406 0.813476562 0.397460938
vn 0.239379883 0.950683594 0.197875977
vn 0.0567932129 0.996582031 0.0614318848
vn 0.0387878418 0.996582031 0.0756835938
vn 0.215576172 0.948242188 0.233276367
vn 0.453857422 0.808105469 0.375244141
vn 0.587890625 0.592773438 0.550292969
vn 0.145751953 0.947753906 0.284423828
vn 0.40234375 0.805175781 0.435302734
vn 0.624023438 0.586914062 0.515625
vn 0.270751953 0.805175781 0.527832031
vn 0.55078125 0.584960938 0.595703125
vn 0.370117188 0.584960938 0.721679688
vn 0.693359375 0.312255859 0.649414062
vn 0.733398438 0.30859375 0.605957031
vn 0.645996094 0.307373047 0.698730469
vn 0.434082031 0.307617188 0.846679688
vn 0.550292969 0.314453125 0.7734375
vn 0.423095703 0.310302734 0.8515625
vn 0.397949219 0.308837891 0.863769531
vn 0.450927734 0.307861328 0.837890625
vn 0.576171875 0.307373047 0.757324219
vn 0.687988281 0.307861328 0.657226562
vn 0.744628906 0.308105469 0.591796875
vn 0.791992188 0.307861328 0.526855469
vn 0.887695312 0.307861328 0.342041016
vn 0.932617188 0.309082031 0.186523438
vn 0.932617188 0.309082031 0.186523438
vn 0.932617188 0.309082031 0.186523438
vn 0.813476562 0.334960938 0.475585938
vn 0.573730469 0.311279297 0.757324219
vn 0.559570312 0.308105469 0.769042969
vn 0.689941406 0.307617188 0.655273438
vn 0.852050781 0.307861328 0.423583984
vn 0.929199219 0.307617188 0.205200195
vn 0.942871094 0.309082031 0.123962402
vn 0.929199219 0.312255859 0.197265625
vn 0.855957031 0.316894531 0.408691406
vn 0.730957031 0.312988281 0.606933594
vn 0.678222656 0.308837891 0.666992188
vn 0.892578125 0.0787963867 0.443847656
vn 0.973632812 0.0784301758 0.215087891
vn 0.98828125 0.0784912109 0.129882812
vn 0.975097656 0.0790405273 0.20703125
vn 0.899414062 0.0800170898 0.429443359
vn 0.767089844 0.0791625977 0.63671875
vn 0.7109375 0.0784301758 0.69921875
vn 0.899414062 -0.0800170898 0.429443359
vn 0.72265625 0.0786743164 0.686523438
vn 0.975097656 -0.0790405273 0.20703125
vn 0.784667969 0.0784912109 0.615234375
vn 0.586425781 0.0783691406 0.806152344
vn 0.602050781 0.0788574219 0.794433594
vn 0.860351562 0.0843505859 0.502929688
vn 0.977539062 0.0784301758 0.195556641
vn 0.977539062 0.0784301758 0.195556641
vn 0.977539062 0.0784301758 0.195556641
vn 0.930175781 0.078918457 0.358398438
vn 0.830078125 0.0783691406 0.552246094
vn 0.780273438 0.0783691406 0.620605469
vn 0.720703125 0.0783691406 0.688964844
vn 0.603515625 0.0784912109 0.793457031
vn 0.472412109 0.0783691406 0.877929688
vn 0.416992188 0.0784301758 0.905273438
vn 0.443603516 0.0786743164 0.892578125
vn 0.578125 0.0794677734 0.812011719
vn 0.727539062 0.0790405273 0.681640625
vn 0.768554688 0.0783691406 0.635253906
vn 0.676757812 0.0785522461 0.731933594
vn 0.454833984 0.0787963867 0.887207031
vn 0.472412109 -0.0783691406 0.877929688
vn 0.416992188 -0.0784301758 0.905273438
vn 0.443603516 -0.0786743164 0.892578125
vn 0.578125 -0.0794677734 0.812011719
vn 0.727539062 -0.0790405273 0.681640625
vn 0.768554688 -0.0783691406 0.635253906
vn 0.676757812 -0.0785522461 0.731933594
vn 0.603515625 -0.0784912109 0.793457031
vn 0.720703125 -0.0783691406 0.688964844
vn 0.780273438 -0.0783691406 0.620605469
vn 0.830078125 -0.0783691406 0.552246094
vn 0.930175781 -0.078918457 0.358398438
vn 0.977539062 -0.0784301758 0.195556641
vn 0.977539062 -0.0784301758 0.195556641
vn 0.977539062 -0.0784301758 0.195556641
vn 0.860351562 -0.0843505859 0.502929688
vn 0.602050781 -0.0788574219 0.794433594
vn 0.586425781 -0.0783691406 0.806152344
vn 0.72265625 -0.0786743164 0.686523438
vn 0.892578125 -0.0787963867 0.443847656
vn 0.973632812 -0.0783691406 0.215087891
vn 0.98828125 -0.0784301758 0.129882812
vn 0.813476562 -0.334960938 0.475585938
vn 0.573730469 -0.311279297 0.757324219
vn 0.559570312 -0.308105469 0.769042969
vn 0.689941406 -0.307617188 0.655273438
vn 0.852050781 -0.307861328 0.423583984
vn 0.929199219 -0.307617188 0.205200195
vn 0.942871094 -0.308837891 0.123962402
vn 0.932617188 -0.309082031 0.186523438
vn 0.929199219 -0.312255859 0.197265625
vn 0.932617188 -0.309082031 0.186523438
vn 0.932617188 -0.309082031 0.186523438
vn 0.887695312 -0.307861328 0.342041016
vn 0.791992188 -0.307861328 0.526855469
vn 0.744628906 -0.308105469 0.591796875
vn 0.687988281 -0.307861328 0.657226562
vn 0.576171875 -0.307373047 0.757324219
vn 0.450927734 -0.307861328 0.837890625
vn 0.397949219 -0.308837891 0.863769531
vn 0.423095703 -0.310302734 0.8515625
vn 0.550292969 -0.314453125 0.7734375
vn 0.693359375 -0.312255859 0.649414062
vn 0.733398438 -0.30859375 0.605957031
vn 0.645996094 -0.307373047 0.698730469
vn 0.384033203 -0.5859375 0.713867188
vn 0.338623047 -0.587402344 0.734863281
vn 0.359375 -0.58984375 0.723144531
vn 0.465332031 -0.596191406 0.654296875
vn 0.587890625 -0.592773438 0.550292969
vn 0.624023438 -0.586914062 0.515625
vn 0.55078125 -0.584960938 0.595703125
vn 0.490966797 -0.584960938 0.645507812
vn 0.5859375 -0.5859375 0.560058594
vn 0.634277344 -0.586425781 0.50390625
vn 0.674804688 -0.5859375 0.448974609
vn 0.756835938 -0.584960938 0.291503906
vn 0.793457031 -0.587890625 0.158691406
vn 0.793457031 -0.587890625 0.158691406
vn 0.793457031 -0.587890625 0.158691406
vn 0.674316406 -0.624511719 0.394042969
vn 0.486816406 -0.591308594 0.642578125
vn 0.476806641 -0.5859375 0.655273438
vn 0.587890625 -0.584960938 0.55859375
vn 0.726074219 -0.584960938 0.361083984
vn 0.791992188 -0.584960938 0.174926758
vn 0.802246094 -0.587890625 0.10546875
vn 0.576171875 -0.809082031 0.11529541
vn 0.470214844 -0.838867188 0.274902344
vn 0.352050781 -0.8125 0.464599609
vn 0.347167969 -0.807128906 0.477294922
vn 0.429931641 -0.805175781 0.408691406
vn 0.53125 -0.805175781 0.264160156
vn 0.578125 -0.806152344 0.127685547
vn 0.576171875 -0.809082031 0.11529541
vn 0.576171875 -0.809082031 0.11529541
vn 0.553710938 -0.805175781 0.213378906
vn 0.491699219 -0.807128906 0.327148438
vn 0.461669922 -0.807617188 0.3671875
vn 0.427246094 -0.806640625 0.408203125
vn 0.358642578 -0.805664062 0.471679688
vn 0.280029297 -0.806640625 0.520019531
vn 0.24609375 -0.80859375 0.534179688
vn 0.260253906 -0.811035156 0.523925781
vn 0.334716797 -0.81640625 0.470458984
vn 0.424316406 -0.813476562 0.397460938
vn 0.453857422 -0.808105469 0.375244141
vn 0.40234375 -0.805175781 0.435302734
vn 0.14855957 -0.949707031 0.276123047
vn 0.129516602 -0.950683594 0.28125
vn 0.135864258 -0.952148438 0.2734375
vn 0.17175293 -0.955078125 0.241455078
vn 0.219604492 -0.953613281 0.205688477
vn 0.239379883 -0.950683594 0.197875977
vn 0.215576172 -0.948242188 0.233276367
vn 0.191772461 -0.948730469 0.252197266
vn 0.226806641 -0.949707031 0.216674805
vn 0.244262695 -0.950195312 0.194213867
vn 0.260742188 -0.949707031 0.173461914
vn 0.298828125 -0.947265625 0.115112305
vn 0.302978516 -0.951171875 0.0606384277
vn 0.302978516 -0.951171875 0.0606079102
vn 0.302978516 -0.951171875 0.0606079102
vn 0.228881836 -0.964355469 0.133789062
vn 0.182861328 -0.953125 0.241455078
vn 0.183959961 -0.949707031 0.252685547
vn 0.231079102 -0.947753906 0.219604492
vn 0.286376953 -0.947265625 0.142333984
vn 0.0769042969 -0.997070312 0.0153961182
vn 0.0769042969 -0.997070312 0.0153884888
vn 0.076965332 -0.997070312 0.0153884888
vn 0.0506286621 -0.998046875 0.029586792
vn 0.0454406738 -0.997070312 0.059967041
vn 0.0473632812 -0.996582031 0.0651245117
vn -0 -1 0
vn -0 -1 0
vn -0 -1 0
vn -0 -1 0
vn -6.16312027E-05 -1 -8.93473625E-05
vn -0 -1 0
vn -0 -1 0
vn -0 -1 0
vn 0.0613098145 -0.996582031 0.0582275391
vn -6.00814819E-05 -1 -0.000115990639
vn 0.0799560547 -0.99609375 0.0308074951
vn 0.0672607422 -0.996582031 0.0447692871
vn -0 -1 0
vn 0.0627441406 -0.996582031 0.0499267578
vn -0.000268697739 -1 -6.69360161E-05
vn 0.000700950623 -1 0.00031542778
vn 0.0586547852 -0.996582031 0.0559997559
vn 0.000145077705 -1 -4.52399254E-05
vn 0.0503845215 -0.996582031 0.0661010742
vn 0.0383911133 -0.996582031 0.0713500977
vn -0 -1 0
vn 0.032989502 -0.997070312 0.0715942383
vn -0 -1 0
vn 0.0340576172 -0.997070312 0.0685424805
vn -0 -1 0
vn 0.0417480469 -0.997558594 0.0586547852
vn -0 -1 0
vn -0 -1 0
vn 0.0541992188 -0.997070312 0.0507507324
vn -0 -1 0
vn 0.0611572266 -0.997070312 0.0505371094
vn -0 -1 0
vn 0.0567016602 -0.996582031 0.061340332
vn 0.038848877 -0.996582031 0.0758056641
vn -0 -1 0
vn 0.145874023 -0.947753906 0.284423828
vn 0.0216522217 -0.996582031 0.0776977539
vn -0 -1 0
vn 0.270751953 -0.805175781 0.527832031
vn 0.0240478516 -0.997558594 0.0682983398
vn -0 -1 0
vn 0.083984375 -0.949707031 0.301269531
vn 0.370117188 -0.584960938 0.721679688
vn 0.0413818359 -0.998046875 0.0479125977
vn -0 -1 0
vn 0.0986938477 -0.955078125 0.280273438
vn 0.158447266 -0.807128906 0.568847656
vn 0.434082031 -0.307861328 0.846679688
vn 0.0578308105 -0.998046875 0.0173797607
vn -0 -1 0
vn -2.12788582E-05 -1 0
vn 0.180786133 -0.9609375 0.209350586
vn 0.192016602 -0.815917969 0.544921875
vn 0.217529297 -0.5859375 0.780761719
vn 0.454833984 -0.0787963867 0.887207031
vn 0.0712890625 -0.997558594 -0.00965118408
vn 6.33597374E-05 -1 0
vn 0.258056641 -0.962890625 0.0776367188
vn 0.364257812 -0.830078125 0.422119141
vn 0.266845703 -0.595703125 0.7578125
vn 0.255371094 -0.307861328 0.916503906
vn 0.267578125 0.0783691406 0.960449219
vn 0.0775756836 -0.996582031 -0.0182189941
vn -3.74317169E-05 -1 -1.29938126E-05
vn 0.293457031 -0.955078125 -0.0397338867
vn 0.526367188 -0.835449219 0.158325195
vn 0.516113281 -0.61328125 0.598144531
vn 0.315429688 -0.314208984 0.895507812
vn 0.267578125 -0.0783691406 0.960449219
vn 0.0859985352 -0.99609375 -0.00215911865
vn 0.302978516 -0.950195312 -0.0712280273
vn 0.571777344 -0.816894531 -0.0774536133
vn 0.750976562 -0.620117188 0.225952148
vn 0.617675781 -0.326416016 0.715332031
vn 0.331298828 -0.0794067383 0.940429688
vn 0.331298828 0.0794067383 0.940429688
vn 0.0741577148 -0.997070312 0.00579452515
vn -2.35438347E-05 -1 0
vn 0.320556641 -0.947265625 -0.00801086426
vn 0.573730469 -0.808105469 -0.134887695
vn 0.795410156 -0.596191406 -0.107727051
vn 0.903320312 -0.331787109 0.271728516
vn 0.651367188 -0.0822143555 0.754394531
vn 0.0784301758 -0.997070312 0
vn -0 -1 0
vn 0.300292969 -0.953613281 0.0234680176
vn 0.593261719 -0.805175781 -0.0148162842
vn 0.788085938 -0.586914062 -0.185302734
vn 0.940429688 -0.314697266 -0.127441406
vn 0.0784301758 -0.997070312 0
vn -0 -1 0
vn 0.309082031 -0.951171875 0
vn 0.579589844 -0.813476562 0.0453186035
vn 0.810546875 -0.585449219 -0.0202331543
vn 0.0485839844 -0.998535156 -0.0213165283
vn -0 -1 0
vn 0.309082031 -0.951171875 0
vn 0.587890625 -0.809082031 0
vn 0.0317993164 -0.998046875 -0.0567626953
vn -0 -1 0
vn -0 -1 0
vn 0.229248047 -0.968261719 -0.100585938
vn 0.92578125 -0.308349609 -0.217651367
vn 0.803222656 -0.592773438 0.0627441406
vn 0.587890625 -0.809082031 0
vn 0.951171875 -0.308105469 -0.0237426758
vn 0.809082031 -0.587890625 0
vn 0.947265625 -0.312255859 0.0740356445
vn 0.137207031 -0.959960938 -0.244995117
vn 0.482421875 -0.850097656 -0.211669922
vn 0.809082031 -0.587890625 0
vn 0.951171875 -0.309082031 0
vn 0.0234069824 -0.997070312 -0.0759887695
vn 0.0252075195 -0.997070312 -0.0745849609
vn -0 -1 0
vn 0.0914916992 -0.950683594 -0.297119141
vn 0.274658203 -0.827148438 -0.490234375
vn 0.703125 -0.640625 -0.30859375
vn 0.0235137939 -0.997070312 -0.0736694336
vn -0 -1 0
vn 0.0990600586 -0.950683594 -0.293212891
vn 0.173339844 -0.808105469 -0.562988281
vn 0.0162353516 -0.997070312 -0.0731201172
vn -0 -1 0
vn -0 -1 0
vn 0.0933227539 -0.951660156 -0.292480469
vn 0.00737762451 -0.997070312 -0.075378418
vn -0 -1 0
vn 0.387451172 -0.609375 -0.691894531
vn 0.188232422 -0.80859375 -0.557128906
vn 0.0655517578 -0.953125 -0.295166016
vn 0.00518798828 -0.997070312 -0.079284668
vn -0 -1 5.97834587E-05
vn 0.23815918 -0.586914062 -0.773925781
vn 0.178222656 -0.810058594 -0.55859375
vn 0.0296020508 -0.952636719 -0.302490234
vn 0.0155563354 -0.996582031 -0.0817260742
vn -0 -1 0
vn 0.259033203 -0.587402344 -0.766601562
vn 0.126342773 -0.812988281 -0.568847656
vn 0.0202941895 -0.950683594 -0.310058594
vn 0.245727539 -0.588867188 -0.770019531
vn 0.0568847656 -0.812011719 -0.581054688
vn 0.174804688 -0.591796875 -0.786621094
vn 0.279785156 -0.308349609 -0.909179688
vn 0.304443359 -0.308837891 -0.900878906
vn 0.2890625 -0.309814453 -0.905761719
vn 0.462402344 -0.323730469 -0.825683594
vn 0.858886719 -0.347412109 -0.376708984
vn 0.951171875 -0.309082031 0
vn 0.0786132812 -0.590820312 -0.802734375
vn 0.206054688 -0.311523438 -0.927734375
vn 0.0384521484 -0.808105469 -0.587890625
vn 0.059173584 -0.948242188 -0.311523438
vn 0.0368347168 -0.996582031 -0.0769042969
vn 0.997070312 -0.0784301758 0
vn 0.997070312 -0.0784912109 0
vn 0.912109375 -0.0874633789 -0.400390625
vn 0.993652344 -0.0789794922 0.0776977539
vn 0.487060547 -0.0816040039 -0.869628906
vn 0.996582031 -0.0790405273 -0.0248718262
vn 0.293212891 -0.0783691406 -0.952636719
vn 0.970703125 -0.0783691406 -0.228149414
vn 0.987792969 -0.0795288086 -0.133789062
vn 0.970703125 0.0783691406 -0.228149414
vn 0.954101562 -0.0834960938 0.287109375
vn 0.987792969 0.0795288086 -0.133789062
vn 0.954101562 0.0834960938 0.287109375
vn 0.319091797 -0.0784301758 -0.944335938
vn 0.996582031 0.0790405273 -0.0248718262
vn 0.651367188 0.0822143555 0.754394531
vn 0.303222656 -0.0785522461 -0.949707031
vn 0.319091797 0.0784301758 -0.944335938
vn 0.303222656 0.0785522461 -0.949707031
vn 0.293212891 0.0784301758 -0.952636719
vn 0.487060547 0.0816040039 -0.869628906
vn 0.912109375 0.0874633789 -0.400390625
vn 0.997070312 0.0784301758 0
vn 0.997070312 0.0784912109 0
vn 0.993652344 0.0789794922 0.0776977539
vn 0.279785156 0.308349609 -0.909179688
vn 0.462402344 0.323730469 -0.825683594
vn 0.858886719 0.347412109 -0.376708984
vn 0.951171875 0.309082031 0
vn 0.951171875 0.309082031 0
vn 0.947265625 0.312255859 0.0740356445
vn 0.951171875 0.308105469 -0.0237426758
vn 0.304443359 0.308837891 -0.900878906
vn 0.92578125 0.308349609 -0.217651367
vn 0.940429688 0.314697266 -0.127441406
vn 0.903320312 0.331787109 0.271728516
vn 0.617675781 0.326416016 0.715332031
vn 0.315429688 0.314208984 0.895507812
vn 0.255371094 0.307861328 0.916503906
vn 0.217529297 0.5859375 0.780761719
vn 0.266845703 0.595703125 0.7578125
vn 0.158447266 0.807128906 0.568847656
vn 0.516113281 0.61328125 0.598144531
vn 0.192016602 0.815917969 0.544921875
vn 0.083984375 0.949707031 0.301269531
vn 0.750976562 0.620117188 0.225952148
vn 0.364257812 0.830078125 0.422119141
vn 0.0986938477 0.955078125 0.280273438
vn 0.0216522217 0.996582031 0.0776977539
vn -0 1 0
vn -0 1 0
vn 0.0240478516 0.997558594 0.0682983398
vn -0 1 0
vn 0.795410156 0.596191406 -0.107727051
vn 0.526367188 0.835449219 0.158325195
vn 0.180786133 0.9609375 0.209350586
vn 0.0413818359 0.998046875 0.0479125977
vn -0 1 0
vn 0.788085938 0.586914062 -0.185302734
vn 0.571777344 0.816894531 -0.0774536133
vn 0.258056641 0.962890625 0.0776367188
vn 0.0578308105 0.998046875 0.0173797607
vn -0 1 0
vn -2.13384628E-05 1 0
vn 0.810546875 0.585449219 -0.0202331543
vn 0.573730469 0.808105469 -0.134887695
vn 0.293457031 0.955078125 -0.0397338867
vn 0.0712280273 0.997558594 -0.00965118408
vn 6.46710396E-05 1 0
vn 0.803222656 0.592773438 0.0627441406
vn 0.593261719 0.805175781 -0.0148162842
vn 0.302978516 0.950195312 -0.0712280273
vn 0.0775756836 0.996582031 -0.0182189941
vn -3.71932983E-05 1 -1.35302544E-05
vn 0.809082031 0.587890625 0
vn 0.579589844 0.813476562 0.0453186035
vn 0.320556641 0.947265625 -0.00801086426
vn 0.0859985352 0.99609375 -0.00215911865
vn 0.809082031 0.587890625 0
vn 0.587890625 0.809082031 0
vn 0.300292969 0.953613281 0.0234680176
vn 0.0741577148 0.997070312 0.00579452515
vn -2.37822533E-05 1 0
vn 0.703125 0.640625 -0.30859375
vn 0.587890625 0.809082031 0
vn 0.309082031 0.951171875 0
vn 0.0784301758 0.997070312 0
vn -0 1 0
vn 0.387451172 0.609375 -0.691894531
vn 0.482421875 0.850097656 -0.211669922
vn 0.309082031 0.951171875 0
vn 0.0784301758 0.997070312 0
vn -0 1 0
vn 0.23815918 0.586914062 -0.773925781
vn 0.274658203 0.827148438 -0.490234375
vn 0.229248047 0.968261719 -0.100585938
vn 0.0485839844 0.998535156 -0.0213165283
vn -0 1 0
vn 0.137207031 0.959960938 -0.244995117
vn 0.0317993164 0.998046875 -0.0567626953
vn -0 1 0
vn -0 1 0
vn 0.173339844 0.808105469 -0.562988281
vn 0.0914916992 0.950683594 -0.297119141
vn 0.0234069824 0.997070312 -0.0759887695
vn 0.259033203 0.587402344 -0.766601562
vn 0.0252075195 0.997070312 -0.0745849609
vn -0 1 0
vn 0.188232422 0.80859375 -0.557128906
vn 0.0990600586 0.950683594 -0.293212891
vn 0.2890625 0.309814453 -0.905761719
vn 0.0235137939 0.997070312 -0.0736694336
vn -0 1 0
vn 0.245727539 0.588867188 -0.770019531
vn 0.178222656 0.810058594 -0.55859375
vn 0.0933227539 0.951660156 -0.292480469
vn 0.216186523 0.078918457 -0.973144531
vn 0.0162353516 0.997070312 -0.0731201172
vn -0 1 0
vn -0 1 0
vn 0.206054688 0.311523438 -0.927734375
vn 0.174804688 0.591796875 -0.786621094
vn 0.126220703 0.812988281 -0.568847656
vn 0.0655517578 0.953125 -0.295166016
vn 0.216064453 -0.078918457 -0.973144531
vn 0.00737762451 0.997070312 -0.075378418
vn -0 1 0
vn 0.0971679688 0.0787963867 -0.9921875
vn 0.092590332 0.311035156 -0.945800781
vn 0.0786132812 0.590820312 -0.802734375
vn 0.0568847656 0.812011719 -0.581054688
vn 0.0296020508 0.952636719 -0.302490234
vn 0.00518798828 0.997070312 -0.079284668
vn -0 1 6.01410866E-05
vn 0.0202941895 0.950683594 -0.310058594
vn 0.0384521484 0.808105469 -0.587890625
vn 0.0528564453 0.586914062 -0.808105469
vn 0.0621032715 0.308349609 -0.94921875
vn 0.0155563354 0.996582031 -0.0817260742
vn 0.059173584 0.948242188 -0.311523438
vn 0.110473633 0.805175781 -0.582519531
vn 0.151123047 0.584472656 -0.797363281
vn 0.0650634766 0.0783691406 -0.994628906
vn 0.177124023 0.307128906 -0.935058594
vn 0.0971069336 -0.0787963867 -0.9921875
vn 0.185546875 0.0783691406 -0.979492188
vn 0.092590332 -0.311035156 -0.945800781
vn 0.0650634766 -0.0783691406 -0.994628906
vn 0.0528564453 -0.586914062 -0.808105469
vn 0.0621032715 -0.308349609 -0.94921875
vn 0.110473633 -0.805175781 -0.582519531
vn 0.151123047 -0.584472656 -0.797363281
vn 0.177124023 -0.307128906 -0.935058594
vn 0.185546875 -0.0783691406 -0.979492188
vn 0.138427734 -0.947753906 -0.288085938
vn 0.257324219 -0.805175781 -0.534667969
vn 0.352050781 -0.584960938 -0.73046875
vn 0.0552368164 -0.996582031 -0.0625
vn 0.209716797 -0.948242188 -0.237670898
vn 0.0608215332 -0.996582031 -0.0518493652
vn -2.40206718E-05 -1 0.00014424324
vn 0.391601562 -0.805664062 -0.444335938
vn 0.413085938 -0.307861328 -0.856933594
vn 0.0567321777 -0.997070312 -0.0504455566
vn 8.0704689E-05 -1 -0.000137448311
vn -1.40070915E-05 -1 -4.14252281E-05
vn 0.237060547 -0.950195312 -0.202270508
vn 0.536132812 -0.585449219 -0.608398438
vn 0.0534362793 -0.997070312 -0.0555419922
vn -0 -1 0
vn 0.227416992 -0.952636719 -0.202148438
vn 0.448486328 -0.807617188 -0.3828125
vn 0.0627441406 -0.996582031 -0.0550231934
vn 2.16960907E-05 -1 1.03116035E-05
vn 0.212646484 -0.951660156 -0.220581055
vn 0.436523438 -0.811523438 -0.388183594
vn 0.616210938 -0.586425781 -0.525878906
vn 0.62890625 -0.307861328 -0.713867188
vn 0.0789794922 -0.99609375 -0.0349731445
vn -0 -1 0
vn 0.238647461 -0.948242188 -0.209106445
vn 0.406738281 -0.810546875 -0.421630859
vn 0.603027344 -0.590332031 -0.536132812
vn 0.432861328 -0.0788574219 -0.897949219
vn 0.723632812 -0.308105469 -0.617675781
vn 0.432861328 0.0788574219 -0.897949219
vn 0.659179688 -0.0786132812 -0.748046875
vn 0.659179688 0.0786132812 -0.748046875
vn 0.413085938 0.307861328 -0.856933594
vn 0.352050781 0.584960938 -0.73046875
vn 0.62890625 0.307861328 -0.713867188
vn 0.758300781 0.0783691406 -0.647460938
vn 0.758300781 -0.0783691406 -0.647460938
vn 0.257324219 0.805175781 -0.534667969
vn 0.536132812 0.585449219 -0.608398438
vn 0.723632812 0.308105469 -0.617675781
vn 0.138427734 0.947753906 -0.288085938
vn 0.391601562 0.805664062 -0.444335938
vn 0.0368347168 0.996582031 -0.0769042969
vn 0.209716797 0.948242188 -0.237670898
vn 0.0552368164 0.996582031 -0.0625
vn 0.237060547 0.950195312 -0.202270508
vn 0.616210938 0.586425781 -0.525878906
vn 0.448486328 0.807617188 -0.3828125
vn 0.436523438 0.811523438 -0.388183594
vn 0.603027344 0.590332031 -0.536132812
vn 0.561035156 0.589355469 -0.581542969
vn 0.710449219 0.310791016 -0.631347656
vn 0.715820312 0.307373047 -0.626953125
vn 0.66015625 0.310058594 -0.684570312
vn 0.745117188 0.0787353516 -0.662597656
vn 0.691894531 0.0786132812 -0.717773438
vn 0.749511719 0.0784912109 -0.657226562
vn 0.911621094 0.0791015625 -0.403808594
vn 0.745117188 -0.0787353516 -0.662597656
vn 0.691894531 -0.0786132812 -0.717773438
vn 0.710449219 -0.310791016 -0.631347656
vn 0.66015625 -0.310058594 -0.684570312
vn 0.561035156 -0.589355469 -0.581542969
vn 0.749511719 -0.0784912109 -0.657226562
vn 0.996582031 0.0794067383 -0.00930023193
vn 0.715820312 -0.307373047 -0.626953125
vn 0.445800781 -0.805664062 -0.390625
vn 0.609863281 -0.584960938 -0.534667969
vn 0.911621094 -0.0791015625 -0.403808594
vn 0.293457031 -0.947265625 -0.130004883
vn 0.869628906 -0.308349609 -0.385253906
vn 0.542480469 -0.805175781 -0.240356445
vn 0.741210938 -0.585449219 -0.328369141
vn 0.0871582031 -0.99609375 -0.00081205368
vn 0.321777344 -0.946777344 -0.0030002594
vn 0.0796508789 -0.99609375 0.0316467285
vn -0 -1 -1.93715096E-05
vn 0.592773438 -0.805175781 -0.00553512573
vn 0.810058594 -0.586425781 -0.00755691528
vn 0.065612793 -0.996582031 0.0522766113
vn -0 -1 0
vn 0.297607422 -0.947265625 0.118408203
vn 0.0539550781 -0.996582031 0.0594787598
vn -1.03116035E-05 -1 -1.12056732E-05
vn 0.551269531 -0.805175781 0.219360352
vn 0.248657227 -0.948242188 0.198120117
vn 0.951171875 -0.309082031 -0.00887298584
vn 0.0515441895 -0.997070312 0.0559082031
vn -0 -1 0
vn -0 -1 0
vn 0.209838867 -0.950195312 0.231323242
vn 0.463623047 -0.805175781 0.369628906
vn 0.753417969 -0.584960938 0.299804688
vn 0.996582031 -0.0794067383 -0.00930023193
vn 0.883789062 -0.307861328 0.351806641
vn 0.634277344 -0.584960938 0.505371094
vn 0.396484375 -0.807617188 0.437011719
vn 0.206420898 -0.952636719 0.223876953
vn 0.926269531 -0.078918457 0.368652344
vn 0.744140625 -0.307373047 0.593261719
vn 0.544433594 -0.586425781 0.600097656
vn 0.041809082 -0.99609375 0.078918457
vn 0.396240234 -0.811523438 0.429443359
vn 0.0176239014 -0.997070312 0.0736694336
vn -0 -1 0
vn -0 -1 0
vn 0.151123047 -0.946289062 0.28515625
vn 0.0191955566 -0.996582031 0.0783691406
vn -0 -1 0
vn 0.0706787109 -0.952636719 0.295654297
vn 0.276123047 -0.807617188 0.521484375
vn 0.547363281 -0.590332031 0.593261719
vn 0.00493240356 -0.996582031 0.0842285156
vn -0 -1 0
vn 0.0744018555 -0.949707031 0.303955078
vn 0.135742188 -0.812011719 0.567871094
vn 0.639160156 -0.308105469 0.704589844
vn 0.377685547 -0.590820312 0.712890625
vn 0.64453125 -0.310791016 0.698730469
vn 0.779785156 -0.0785522461 0.62109375
vn 0.669921875 -0.0783691406 0.73828125
vn 0.0186157227 -0.947753906 0.318115234
vn 0.140380859 -0.807128906 0.573730469
vn 0.18762207 -0.590820312 0.784667969
vn 0.444580078 -0.312744141 0.839355469
vn 0.67578125 -0.0787353516 0.732910156
vn -0.0188598633 -0.996582031 0.0827636719
vn -0.0356445312 -0.996582031 0.0739135742
vn -0 -1 0
vn -0.0709228516 -0.947753906 0.311279297
vn 0.0346679688 -0.805175781 0.592285156
vn 0.192749023 -0.5859375 0.787109375
vn 0.221069336 -0.311035156 0.924316406
vn 0.466552734 -0.0809326172 0.880859375
vn -0.0402832031 -0.997070312 0.0678100586
vn -3.31997871E-05 -1 -6.13331795E-05
vn -0.136962891 -0.94921875 0.283935547
vn -0.131835938 -0.805175781 0.578613281
vn 0.0474243164 -0.584960938 0.809570312
vn 0.226196289 -0.307861328 0.924316406
vn -0.0340881348 -0.997070312 0.0663452148
vn -7.68899918E-05 -1 0
vn -0.158081055 -0.950683594 0.266357422
vn -0.257080078 -0.806152344 0.532714844
vn -0.180175781 -0.584960938 0.791015625
vn -0.0163269043 -0.997558594 0.0676269531
vn 1.31726265E-05 -1 0.000137686729
vn 7.2658062E-05 -1 5.84125519E-05
vn -0.137084961 -0.953613281 0.268798828
vn -0.300292969 -0.80859375 0.505859375
vn -0.00241088867 -0.997070312 0.076171875
vn -4.83989716E-05 -1 0
vn -0.0685424805 -0.956542969 0.282714844
vn 0.00130176544 -0.997070312 0.0779418945
vn -0 -1 -2.00867653E-05
vn -0.352294922 -0.585449219 0.73046875
vn -0.264160156 -0.813476562 0.518554688
vn -0.0105819702 -0.952636719 0.3046875
vn -0.413085938 -0.587402344 0.695800781
vn -0.134887695 -0.819824219 0.556152344
vn -0.365722656 -0.592285156 0.717773438
vn 0.00179958344 -0.997070312 0.0787353516
vn 0.00527572632 -0.951171875 0.308105469
vn -0.020614624 -0.811523438 0.584472656
vn 0.0204772949 -0.998535156 0.0540161133
vn -0 -1 -3.68356705E-05
vn -2.03847885E-05 -1 0
vn 0.00690078735 -0.950683594 0.309326172
vn -0.188476562 -0.600097656 0.77734375
vn 0.0101013184 -0.809570312 0.586914062
vn -0.0285949707 -0.590332031 0.806640625
vn 0.0496520996 -0.996582031 0.0632324219
vn 0.0930786133 -0.96484375 0.245849609
vn 0.0130615234 -0.80859375 0.587890625
vn 0.046661377 -0.997070312 0.0617675781
vn -0 -1 0
vn 0.193115234 -0.949707031 0.245605469
vn 0.0506286621 -0.997070312 0.0537109375
vn 0.185180664 -0.951660156 0.244995117
vn 0.205810547 -0.954101562 0.218383789
vn 0.353515625 -0.810058594 0.467773438
vn 0.191894531 -0.840332031 0.506835938
vn 0.364746094 -0.807128906 0.463867188
vn 0.500976562 -0.5859375 0.63671875
vn 0.275634766 -0.626953125 0.728515625
vn 0.333251953 -0.336914062 0.880371094
vn 0.0179443359 -0.587402344 0.809082031
vn 0.0220794678 -0.0784301758 0.996582031
vn 0.0210723877 -0.308837891 0.950683594
vn 0.0139312744 -0.588378906 0.80859375
vn 0.0220947266 0.0784301758 0.996582031
vn 0.0164031982 -0.309326172 0.950683594
vn 0.0172119141 -0.0784912109 0.996582031
vn 0.0172119141 0.0784912109 0.996582031
vn -0.0337524414 -0.310546875 0.950195312
vn -0.0354309082 -0.0787353516 0.99609375
vn -0.0354003906 0.0787353516 0.99609375
vn -0.223510742 -0.317382812 0.921386719
vn -0.234985352 -0.080078125 0.96875
vn -0.234985352 0.080078125 0.96875
vn -0.431152344 -0.312011719 0.846679688
vn -0.452148438 -0.0789794922 0.888183594
vn -0.452392578 0.0789794922 0.888183594
vn -0.485351562 -0.308837891 0.817871094
vn -0.508789062 -0.0784301758 0.857421875
vn -0.508789062 0.0784301758 0.857421875
vn -0.413330078 -0.307617188 0.856933594
vn -0.433105469 -0.0783691406 0.897949219
vn -0.433105469 0.0783691406 0.897949219
vn -0.211425781 -0.307617188 0.927734375
vn -0.221557617 -0.0787353516 0.972167969
vn -0.221557617 0.0787353516 0.972167969
vn 0.0556030273 -0.307617188 0.949707031
vn 0.0582580566 -0.0786132812 0.995117188
vn 0.0582580566 0.0786132812 0.995117188
vn 0.237060547 -0.0783691406 0.968261719
vn 0.237060547 0.0783691406 0.968261719
vn 0.231811523 -0.0787963867 0.969726562
vn 0.231811523 0.0787963867 0.969726562
vn 0.466552734 0.0809326172 0.880859375
vn 0.67578125 0.0787353516 0.732910156
vn 0.669921875 0.0783691406 0.73828125
vn 0.779785156 0.0785522461 0.62109375
vn 0.926269531 0.078918457 0.368652344
vn 6.85453415E-05 1 5.07235527E-05
vn -0.0470581055 0.997070312 -0.0633544922
vn -0 1 0
vn -0.0504150391 0.996582031 -0.0621643066
vn -0 1 0
vn -0.0444335938 0.996582031 -0.0673828125
vn -0.147094727 0.949707031 -0.276123047
vn -0.172119141 0.949707031 -0.261474609
vn -0.26171875 0.810058594 -0.524902344
vn -0.184814453 0.950683594 -0.248779297
vn -0.27734375 0.807128906 -0.520996094
vn -0.436035156 0.59375 -0.676269531
vn -0.324707031 0.807128906 -0.493164062
vn -0.360595703 0.588867188 -0.723632812
vn -0.708007812 0.318847656 -0.630371094
vn -0.380859375 0.5859375 -0.715332031
vn -0.514648438 0.312744141 -0.798339844
vn -0.912597656 0.0797119141 -0.400878906
vn -0.744628906 0.0804443359 -0.662597656
vn -0.744628906 -0.0804443359 -0.662597656
vn -0.540039062 -0.0791625977 -0.837890625
vn -0.424316406 0.309570312 -0.851074219
vn -0.540039062 0.0791625977 -0.837890625
vn -0.444824219 -0.0785522461 -0.892089844
vn -0.444824219 0.0785522461 -0.892089844
vn -0.468505859 -0.0783691406 -0.879882812
vn -0.447021484 0.307861328 -0.83984375
vn -0.468505859 0.0783691406 -0.879882812
vn -0.548339844 -0.0783691406 -0.832519531
vn -0.445556641 0.5859375 -0.676757812
vn -0.5234375 0.307861328 -0.794433594
vn -0.548339844 0.0783691406 -0.832519531
vn -0.594726562 -0.0784301758 -0.800292969
vn -0.350830078 0.80859375 -0.472167969
vn -0.482666016 0.587402344 -0.649414062
vn -0.567382812 0.308837891 -0.763671875
vn -0.594726562 0.0784301758 -0.800292969
vn -0.627929688 -0.0783691406 -0.774414062
vn -0.196411133 0.950195312 -0.2421875
vn -0.371582031 0.807617188 -0.458007812
vn -0.510253906 0.586425781 -0.62890625
vn -0.599121094 0.308105469 -0.738769531
vn -0.627929688 0.0783691406 -0.774414062
vn -0.698242188 -0.0783691406 -0.711425781
vn -0.0570068359 0.996582031 -0.0580749512
vn -0.219970703 0.94921875 -0.224121094
vn -0.063293457 0.996582031 -0.05078125
vn -0 1 0
vn -0.4140625 0.806640625 -0.421875
vn -0.567871094 0.585449219 -0.578613281
vn -0.666503906 0.307617188 -0.679199219
vn -0.0666503906 0.996582031 -0.044342041
vn 1.0073185E-05 1 0
vn -0 1 0
vn -0.244628906 0.949707031 -0.196289062
vn -0.4609375 0.806640625 -0.369873047
vn -0.0702514648 0.996582031 -0.0393981934
vn -0.000109791756 1 -4.08887863E-05
vn -0.259521484 0.950195312 -0.172729492
vn -0.632324219 0.5859375 -0.507324219
vn -0.0739746094 0.996582031 -0.0327758789
vn 7.43865967E-05 1 0
vn -0.490966797 0.807617188 -0.326660156
vn -0.272705078 0.949707031 -0.152954102
vn -0.7421875 0.307861328 -0.595703125
vn -0.674316406 0.586425781 -0.448730469
vn -0.514648438 0.807128906 -0.288818359
vn -0.286376953 0.949707031 -0.126953125
vn -0.0798339844 0.996582031 -0.0221405029
vn -0.0772705078 0.997070312 -0.0136413574
vn 7.95125961E-05 1 1.41263008E-05
vn -0.304931641 0.948730469 -0.0845336914
vn -0.540039062 0.807128906 -0.239379883
vn -0.706542969 0.5859375 -0.396484375
vn -0.0772705078 0.997070312 -0.0136413574
vn 7.96318054E-05 1 1.34110451E-05
vn -0.304199219 0.951171875 -0.0537109375
vn -0.570800781 0.805664062 -0.158203125
vn -0.0772705078 0.997070312 -0.013633728
vn -0 1 0
vn -0.304199219 0.951171875 -0.0537109375
vn -0.0761108398 0.997070312 -0.014831543
vn -0 1 0
vn -7.79032707E-05 1 0
vn -0.740722656 0.5859375 -0.328369141
vn -0.578613281 0.809082031 -0.102172852
vn -0.304199219 0.951171875 -0.0537109375
vn -0.0797729492 0.996582031 -0.0129776001
vn -1.92523003E-05 1 -1.28149986E-05
vn -0.781738281 0.584960938 -0.216674805
vn -0.578613281 0.809082031 -0.102172852
vn -0.301757812 0.951660156 -0.058807373
vn -0.0811157227 0.996582031 -0.00437927246
vn 0.000110447407 1 -2.61068344E-05
vn -0.796875 0.587890625 -0.140625
vn -0.578613281 0.809082031 -0.102172852
vn -0.309082031 0.949707031 -0.0503540039
vn -0.796875 0.587890625 -0.140625
vn -0.575683594 0.810058594 -0.112243652
vn -0.796875 0.587890625 -0.140625
vn -0.0817260742 0.996582031 0.00658035278
vn -0.313476562 0.949707031 -0.0168762207
vn -0.583007812 0.807128906 -0.0949707031
vn -0.079284668 0.996582031 0.0170898438
vn 4.60743904E-05 1 -1.23977661E-05
vn -0.313964844 0.94921875 0.0253295898
vn -0.0756225586 0.997070312 0.0208129883
vn -0 1 0
vn -0.793457031 0.588867188 -0.154785156
vn -0.590332031 0.806640625 -0.0317687988
vn -0.306640625 0.949707031 0.0660400391
vn -0.0756225586 0.997070312 0.0208129883
vn -0 1 0
vn -0 1 0
vn -0.799804688 0.5859375 -0.130371094
vn -0.58984375 0.806152344 0.0475769043
vn -0.297851562 0.951171875 0.0819702148
vn -0.0756225586 0.997070312 0.0208129883
vn -0 1 0
vn -0.809570312 0.585449219 -0.043548584
vn -0.577636719 0.806640625 0.124450684
vn -0.297851562 0.951171875 0.0819702148
vn -0.808105469 0.585449219 0.065246582
vn -0.566894531 0.809082031 0.155883789
vn -0.792480469 0.5859375 0.170776367
vn -0.0776367188 0.996582031 0.0343933105
vn -0.297851562 0.951171875 0.0819702148
vn -0.566894531 0.809082031 0.155883789
vn -0.0654296875 0.996582031 0.0503540039
vn -0 1 0
vn -0.291992188 0.947753906 0.129394531
vn -0.055480957 0.996582031 0.0610046387
vn 1.95503235E-05 1 0
vn 1.44839287E-05 1 -1.96695328E-05
vn -0.780273438 0.587890625 0.214599609
vn -0.566894531 0.809082031 0.155883789
vn -0.250488281 0.948730469 0.192626953
vn -0.0440368652 0.996582031 0.0697631836
vn -0 1 0
vn -0.780273438 0.587890625 0.214599609
vn -0.542480469 0.805175781 0.240356445
vn -0.212524414 0.948730469 0.233642578
vn -0.029296875 0.996582031 0.0784912109
vn -0 1 0
vn -0.780273438 0.587890625 0.214599609
vn -0.469238281 0.805664062 0.361083984
vn -0.168701172 0.948730469 0.267089844
vn -0.0135574341 0.996582031 0.0807495117
vn -0 1 -1.4603138E-05
vn -0.741699219 0.584960938 0.328613281
vn -0.3984375 0.806152344 0.437988281
vn -0.111083984 0.948242188 0.297607422
vn -0.642578125 0.584960938 0.494628906
vn -0.316162109 0.805664062 0.500488281
vn -0.545898438 0.584960938 0.600097656
vn 0.00262260437 0.996582031 0.083984375
vn -0.052154541 0.94921875 0.310546875
vn -0.207275391 0.805175781 0.555175781
vn 0.0200653076 0.996582031 0.0799560547
vn -0 1 0
vn 0.0100479126 0.948242188 0.317871094
vn 0.0355529785 0.996582031 0.075378418
vn -0 1 0
vn -0.433105469 0.584960938 0.685546875
vn -0.0980834961 0.806152344 0.583496094
vn 0.0767822266 0.948730469 0.306152344
vn 0.045501709 0.996582031 0.0667724609
vn -0 1 0
vn -0 1 0
vn -0.283691406 0.584960938 0.759765625
vn 0.0188751221 0.805175781 0.592773438
vn 0.135253906 0.948242188 0.286865234
vn -0.134399414 0.584960938 0.799804688
vn 0.143920898 0.806152344 0.57421875
vn 0.0259399414 0.584960938 0.810546875
vn 0.0581665039 0.996582031 0.0603027344
vn 0.176391602 0.949707031 0.258789062
vn 0.252929688 0.805664062 0.536132812
vn 0.0651245117 0.996582031 0.0478820801
vn -0 1 0
vn 0.220581055 0.948242188 0.228759766
vn 0.0159606934 0.999023438 0.0378112793
vn -0 1 0
vn -0 1 0
vn 0.197143555 0.585449219 0.786621094
vn 0.332519531 0.807128906 0.488037109
vn 0.252441406 0.949707031 0.185546875
vn 0.346191406 0.584960938 0.733398438
vn 0.411621094 0.805175781 0.426757812
vn 0.456298828 0.5859375 0.669433594
vn -0.00423431396 0.996582031 0.0844116211
vn 0.0836791992 0.9765625 0.198120117
vn 0.475830078 0.807128906 0.349853516
vn 0.0185546875 0.996582031 0.0822753906
vn -0 1 0
vn -0 1 0
vn -0.0159759521 0.947753906 0.318359375
vn 0.0429992676 0.99609375 0.0740966797
vn -0 1 0
vn 0.562988281 0.584960938 0.583984375
vn 0.186401367 0.877929688 0.44140625
vn 0.0700683594 0.947753906 0.310791016
vn 0.652832031 0.5859375 0.479980469
vn -0.0297393799 0.805175781 0.592285156
vn 0.283447266 0.684570312 0.671386719
vn 0.0666503906 0.99609375 0.0547485352
vn 0.160644531 0.947265625 0.276855469
vn 0.130493164 0.805175781 0.578613281
vn 0.0736083984 0.996582031 0.0346069336
vn -0 1 0
vn 0.247924805 0.947265625 0.203613281
vn 0.0653076172 0.997070312 0.0334777832
vn -0 1 0
vn -0.0406494141 0.584960938 0.810058594
vn 0.297851562 0.8046875 0.513183594
vn 0.284179688 0.94921875 0.133544922
vn 0.0443725586 0.998046875 0.0467529297
vn -0 1 0
vn 0.178466797 0.584960938 0.791503906
vn 0.458496094 0.805175781 0.376464844
vn 0.266357422 0.954101562 0.136474609
vn 0.00222206116 0.999023438 0.0490722656
vn -0 1 0
vn -0 1 0
vn 0.406982422 0.584960938 0.701171875
vn 0.534667969 0.806640625 0.251464844
vn 0.192260742 0.959960938 0.202758789
vn 0.626464844 0.585449219 0.514648438
vn 0.516113281 0.814941406 0.264404297
vn 0.733398438 0.585449219 0.344726562
vn -0.0276489258 0.996582031 0.0775146484
vn 0.0108261108 0.971191406 0.239013672
vn 0.385742188 0.828125 0.406738281
vn -0.0191802979 0.997070312 0.0768432617
vn -0 1 0
vn -0.106018066 0.948730469 0.297119141
vn -0.0203857422 0.997070312 0.0736083984
vn -0 1 0
vn 0.715820312 0.59375 0.366943359
vn 0.0231933594 0.858398438 0.512207031
vn -0.0751342773 0.950683594 0.301025391
vn -0.0274810791 0.997070312 0.0699462891
vn -0 1 0
vn -0 1 0
vn 0.544921875 0.610351562 0.574707031
vn -0.198852539 0.806152344 0.557617188
vn -0.0814819336 0.952148438 0.293945312
vn -0.0338134766 0.997070312 0.0701293945
vn -0 1 0
vn 0.0342407227 0.653808594 0.755859375
vn -0.142578125 0.808105469 0.571289062
vn -0.110717773 0.953125 0.281738281
vn -0.0346984863 0.997070312 0.0706176758
vn -0 1 0
vn -0.272460938 0.584960938 0.763671875
vn -0.15612793 0.811035156 0.563476562
vn -0.133666992 0.951171875 0.27734375
vn -0.0333251953 0.997070312 0.0720825195
vn 1.9967556E-05 1 0
vn -0.196044922 0.586914062 0.785644531
vn -0.213134766 0.8125 0.542480469
vn -0.136474609 0.951171875 0.277587891
vn -0.215576172 0.58984375 0.777832031
vn -0.254882812 0.809570312 0.528808594
vn -0.294921875 0.591308594 0.750488281
vn -0.0287780762 0.996582031 0.0755004883
vn -0.130371094 0.950683594 0.281982422
vn -0.259277344 0.80859375 0.527832031
vn -0.0216064453 0.996582031 0.0776367188
vn -0 1 0
vn -0.111633301 0.949707031 0.292480469
vn -0.0166168213 0.997070312 0.0774536133
vn -2.17556953E-05 1 0
vn -0.351074219 0.588378906 0.728515625
vn -0.247070312 0.808105469 0.534667969
vn -0.0838623047 0.949707031 0.301269531
vn -0.0160675049 0.997070312 0.076171875
vn -0 1 0
vn -0 1 0
vn -0.356689453 0.587402344 0.726074219
vn -0.210571289 0.807128906 0.551757812
vn -0.0650634766 0.950683594 0.303466797
vn -0.0171813965 0.997070312 0.0765380859
vn -0 1 0
vn -0.339599609 0.586914062 0.734863281
vn -0.158203125 0.807128906 0.568847656
vn -0.0635375977 0.951660156 0.301269531
vn -0.0148620605 0.996582031 0.0787353516
vn -0 1 0
vn -0.288818359 0.5859375 0.757324219
vn -0.123413086 0.808105469 0.575683594
vn -0.0676879883 0.951171875 0.301513672
vn -0.00728988647 0.996582031 0.0810546875
vn -0 1 0
vn -0.217163086 0.5859375 0.780761719
vn -0.12121582 0.809570312 0.57421875
vn -0.0578613281 0.950195312 0.306640625
vn 0.0103607178 0.996582031 0.0842895508
vn -0 1 0
vn -0.169677734 0.586914062 0.791503906
vn -0.12878418 0.809082031 0.573242188
vn -0.028137207 0.94921875 0.312744141
vn 0.0359191895 0.996582031 0.0774536133
vn -0 1 0
vn -0.166992188 0.588378906 0.791015625
vn -0.109436035 0.807617188 0.579589844
vn 0.0389404297 0.947753906 0.316894531
vn -0.177246094 0.587890625 0.789550781
vn -0.052947998 0.806640625 0.588867188
vn -0.150268555 0.586425781 0.795898438
vn 0.0624389648 0.99609375 0.0603637695
vn 0.134521484 0.947265625 0.290283203
vn 0.0723876953 0.805175781 0.588867188
vn 0.0803222656 0.99609375 0.0314941406
vn -0 1 0
vn -0 1 0
vn 0.231201172 0.946777344 0.223388672
vn -0.0726318359 0.585449219 0.807128906
vn 0.249511719 0.805175781 0.538574219
vn 0.0989379883 0.584960938 0.805175781
vn 0.0880737305 0.99609375 -0.00653457642
vn 0.298828125 0.947265625 0.117126465
vn 0.426513672 0.805175781 0.412109375
vn 0.0753173828 0.996582031 -0.0367126465
vn -0 1 0
vn 0.321777344 0.946777344 -0.0238647461
vn 0.0613708496 0.99609375 -0.0618286133
vn 0.285644531 0.948242188 -0.139282227
vn 0.552246094 0.805175781 0.216552734
vn 0.341064453 0.584960938 0.735839844
vn 0.532714844 0.805175781 -0.259765625
vn 0.590332031 0.806152344 -0.0437927246
vn 0.582519531 0.5859375 0.562988281
vn 0.806640625 0.587890625 -0.0598449707
vn 0.754882812 0.585449219 0.295898438
vn 0.947753906 0.310546875 -0.0703125
vn 0.885742188 0.308349609 0.347167969
vn 0.928222656 0.0791015625 0.364013672
vn 0.716796875 0.079284668 0.692871094
vn 0.684082031 0.308837891 0.661132812
vn 0.419189453 0.0788574219 0.904296875
vn 0.400146484 0.307861328 0.86328125
vn 0.121582031 0.0787353516 0.989257812
vn 0.116027832 0.307617188 0.944335938
vn -0.0892944336 0.0783691406 0.992675781
vn -0.0852661133 0.307617188 0.947753906
vn -0.184936523 0.0783691406 0.979492188
vn -0.176513672 0.308105469 0.935058594
vn -0.184936523 -0.0783691406 0.979492188
vn -0.218383789 0.0784912109 0.97265625
vn -0.208374023 0.309082031 0.927734375
vn -0.208374023 -0.309082031 0.927734375
vn -0.218383789 -0.0784912109 0.97265625
vn -0.196289062 -0.309326172 0.930664062
vn -0.205810547 0.0785522461 0.975585938
vn -0.196289062 0.309326172 0.930664062
vn -0.19934082 -0.30859375 0.930175781
vn -0.205810547 -0.0785522461 0.975585938
vn -0.208862305 0.0784301758 0.974609375
vn -0.19934082 0.30859375 0.930175781
vn -0.255126953 -0.308105469 0.916503906
vn -0.208862305 -0.0784301758 0.974609375
vn -0.267333984 0.0783691406 0.960449219
vn -0.255126953 0.308105469 0.916503906
vn -0.339111328 -0.307861328 0.888671875
vn -0.267333984 -0.0783691406 0.960449219
vn -0.35546875 0.0783691406 0.931640625
vn -0.339111328 0.307861328 0.888671875
vn -0.398925781 -0.30859375 0.86328125
vn -0.35546875 -0.0783691406 0.931640625
vn -0.418212891 0.0783691406 0.904785156
vn -0.398925781 0.30859375 0.86328125
vn -0.419433594 -0.308837891 0.853515625
vn -0.418212891 -0.0783691406 0.904785156
vn -0.439697266 0.0784301758 0.89453125
vn -0.419433594 0.308837891 0.853515625
vn -0.412841797 -0.309326172 0.856445312
vn -0.439697266 -0.0784301758 0.89453125
vn -0.432861328 0.0784912109 0.897949219
vn -0.412841797 0.309326172 0.856445312
vn -0.347412109 -0.311523438 0.884277344
vn -0.432861328 -0.0784912109 0.897949219
vn -0.364501953 0.0788574219 0.927734375
vn -0.347412109 0.311523438 0.884277344
vn -0.25390625 -0.310546875 0.916015625
vn -0.364501953 -0.0788574219 0.927734375
vn -0.266113281 0.0786743164 0.9609375
vn -0.25390625 0.310546875 0.916015625
vn -0.23034668 -0.30859375 0.922851562
vn -0.266113281 -0.0786743164 0.9609375
vn -0.241455078 0.0784301758 0.967285156
vn -0.23034668 0.30859375 0.922851562
vn -0.319824219 -0.307617188 0.895996094
vn -0.241455078 -0.0784301758 0.967285156
vn -0.334960938 0.0784301758 0.938964844
vn -0.319824219 0.307617188 0.895996094
vn 0.0422363281 -0.357666016 0.933105469
vn -0.334960938 -0.0784301758 0.938964844
vn 0.0450439453 0.0901489258 0.995117188
vn 0.0422363281 0.357666016 0.933105469
vn 0.650878906 -0.324707031 0.686035156
vn 0.0450439453 -0.0901489258 0.995117188
vn 0.686035156 0.0817871094 0.723144531
vn 0.650878906 0.324707031 0.686035156
vn 0.845214844 -0.312988281 0.433349609
vn 0.686035156 -0.0817871094 0.723144531
vn 0.887207031 0.0791625977 0.454833984
vn 0.845214844 0.312988281 0.433349609
vn 0.861328125 -0.307861328 0.404785156
vn 0.887207031 -0.0791625977 0.454833984
vn 0.90234375 0.0783691406 0.424072266
vn 0.861328125 0.307861328 0.404785156
vn 0.735351562 -0.308349609 0.604003906
vn 0.90234375 -0.0783691406 0.424072266
vn 0.770507812 0.0791015625 0.6328125
vn 0.735351562 0.308349609 0.604003906
vn 0.477539062 -0.307861328 0.822753906
vn 0.770507812 -0.0791015625 0.6328125
vn 0.500488281 0.078918457 0.862304688
vn 0.477539062 0.307861328 0.822753906
vn 0.209350586 -0.307617188 0.928222656
vn 0.500488281 -0.078918457 0.862304688
vn 0.219238281 0.0786132812 0.97265625
vn 0.209350586 0.307617188 0.928222656
vn -0.0476989746 -0.307617188 0.950195312
vn 0.219360352 -0.0786132812 0.97265625
vn -0.0499572754 0.0786743164 0.995605469
vn -0.0476989746 0.307617188 0.950195312
vn 0.359130859 -0.383789062 0.850585938
vn -0.0499572754 -0.0786743164 0.995605469
vn -0.186279297 -0.0809936523 0.979003906
vn -0.186279297 0.0809936523 0.979003906
vn 0.359130859 0.383789062 0.850585938
vn 0.766601562 -0.307861328 0.563476562
vn 0.831542969 -0.0809936523 0.549316406
vn 0.766601562 0.307861328 0.563476562
vn 0.660644531 -0.307373047 0.685058594
vn 0.803222656 -0.0783691406 0.590332031
vn 0.535644531 -0.307861328 0.786132812
vn 0.803222656 0.0783691406 0.590332031
vn 0.831542969 0.0809936523 0.549316406
vn 0.660644531 0.307373047 0.685058594
vn 0.691894531 0.0785522461 0.717773438
vn 0.691894531 -0.0785522461 0.717773438
vn 0.406005859 -0.307373047 0.860351562
vn 0.561523438 -0.0783691406 0.823730469
vn 0.535644531 0.307861328 0.786132812
vn 0.561523438 0.0783691406 0.823730469
vn 0.231323242 -0.307617188 0.922851562
vn 0.425537109 -0.0784912109 0.901367188
vn 0.406005859 0.307373047 0.860351562
vn 0.425537109 0.0784912109 0.901367188
vn 0.0305023193 -0.307373047 0.951171875
vn 0.231323242 0.307617188 0.922851562
vn 0.24230957 0.0784301758 0.966796875
vn 0.24230957 -0.0784301758 0.966796875
vn -0.157714844 -0.307373047 0.938476562
vn 0.0305023193 0.307373047 0.951171875
vn 0.0319213867 0.0785522461 0.996582031
vn 0.0319213867 -0.0785522461 0.996582031
vn -0.332763672 -0.307373047 0.891601562
vn -0.157714844 0.307373047 0.938476562
vn -0.165283203 0.0783691406 0.982910156
vn -0.165283203 -0.0783691406 0.982910156
vn -0.508300781 -0.307373047 0.8046875
vn -0.348632812 -0.0785522461 0.934082031
vn -0.332763672 0.307373047 0.891601562
vn -0.348632812 0.0785522461 0.934082031
vn -0.640136719 -0.307617188 0.704101562
vn -0.508300781 0.307373047 0.8046875
vn -0.532226562 0.0784301758 0.842773438
vn -0.532226562 -0.0784301758 0.842773438
vn -0.754394531 -0.307373047 0.580078125
vn -0.640136719 0.307617188 0.704101562
vn -0.670898438 0.0784301758 0.737304688
vn -0.670898438 -0.0784301758 0.737304688
vn -0.870117188 -0.307617188 0.385498047
vn -0.754394531 0.307373047 0.580078125
vn -0.790039062 0.0784301758 0.607910156
vn -0.790039062 -0.0784301758 0.607910156
vn -0.916992188 -0.309082031 0.252197266
vn -0.870117188 0.307617188 0.385498047
vn -0.911621094 0.0787353516 0.403808594
vn -0.911621094 -0.0787353516 0.403808594
vn -0.916992188 -0.309082031 0.252197266
vn -0.916992188 0.309082031 0.252197266
vn -0.961425781 0.0784912109 0.264404297
vn -0.961425781 -0.0784912109 0.264404297
vn -0.916992188 -0.309082031 0.252197266
vn -0.916992188 0.309082031 0.252197266
vn -0.961425781 0.0784912109 0.264404297
vn -0.961425781 -0.0784912109 0.264404297
vn -0.930175781 -0.307861328 0.200439453
vn -0.916992188 0.309082031 0.252197266
vn -0.961425781 0.0784912109 0.264404297
vn -0.961425781 -0.0784912109 0.264404297
vn -0.948242188 -0.307617188 0.0765380859
vn -0.930175781 0.307861328 0.200439453
vn -0.974609375 0.0783691406 0.209960938
vn -0.974609375 -0.0783691406 0.209960938
vn -0.950195312 -0.307861328 -0.0511169434
vn -0.948242188 0.307617188 0.0765380859
vn -0.993652344 0.0783691406 0.0802001953
vn -0.993652344 -0.0783691406 0.0802001953
vn -0.938964844 -0.307861328 -0.152954102
vn -0.950195312 0.307861328 -0.0511169434
vn -0.995605469 0.0783691406 -0.0535583496
vn -0.995605469 -0.0783691406 -0.0535583496
vn -0.933105469 -0.309570312 -0.182006836
vn -0.938964844 0.307861328 -0.152954102
vn -0.983886719 0.0783691406 -0.16027832
vn -0.983886719 -0.0783691406 -0.16027832
vn -0.936523438 -0.309082031 -0.165283203
vn -0.933105469 0.309570312 -0.182006836
vn -0.978515625 0.0785522461 -0.190795898
vn -0.978515625 -0.0785522461 -0.190795898
vn -0.936523438 -0.309082031 -0.165283203
vn -0.936523438 0.309082031 -0.165283203
vn -0.981933594 0.0784912109 -0.173339844
vn -0.981933594 -0.0784301758 -0.173339844
vn -0.936523438 -0.309082031 -0.165283203
vn -0.936523438 0.309082031 -0.165283203
vn -0.981933594 0.0784912109 -0.173339844
vn -0.981933594 -0.0784912109 -0.173339844
vn -0.916992188 -0.307373047 -0.254150391
vn -0.936523438 0.309082031 -0.165283203
vn -0.981933594 0.0784301758 -0.173339844
vn -0.981933594 -0.0784301758 -0.173339844
vn -0.869628906 -0.307861328 -0.385498047
vn -0.916992188 0.307373047 -0.254150391
vn -0.960449219 0.0784301758 -0.266357422
vn -0.960449219 -0.0784301758 -0.266357422
vn -0.829589844 -0.308105469 -0.465576172
vn -0.869628906 0.307861328 -0.385498047
vn -0.911132812 0.0783691406 -0.404052734
vn -0.911132812 -0.0783691406 -0.404052734
vn -0.791992188 -0.308105469 -0.526855469
vn -0.829589844 0.308105469 -0.465576172
vn -0.869140625 0.0783691406 -0.488037109
vn -0.869140625 -0.0783691406 -0.488037109
vn -0.7421875 -0.307861328 -0.595703125
vn -0.791992188 0.308105469 -0.526855469
vn -0.830078125 0.0783691406 -0.552246094
vn -0.830078125 -0.0783691406 -0.552246094
vn -0.77734375 0.0783691406 -0.624023438
vn -0.666503906 -0.307617188 -0.679199219
vn -0.77734375 -0.0783691406 -0.624023438
vn -0.698242188 0.0783691406 -0.711425781
vn -0 -1 0
vn 0.0630493164 -0.997558594 0.0301055908
vn -0 -1 0
vn -0 -1 0
vn 0.0725708008 -0.997070312 0.015411377
vn 1.20997429E-05 -1 3.08156013E-05
vn 0.0566101074 -0.997070312 0.0469970703
vn -1.95503235E-05 -1 -1.78813934E-05
vn 0.0778808594 -0.997070312 0.0102767944
vn 8.91685486E-05 -1 2.08616257E-05
vn 0.0562133789 -0.997070312 0.055267334
vn -0 -1 0
vn 0.0804443359 -0.996582031 0.0177612305
vn 0.0654907227 -0.996582031 0.0513305664
vn -0 -1 0
vn 0.0763549805 -0.996582031 0.0379333496
vn 0.308105469 -0.948730469 0.0680541992
vn 0.306640625 -0.951171875 0.0403442383
vn 0.583007812 -0.809082031 0.0766601562
vn 0.294433594 -0.953613281 0.0624694824
vn 0.787597656 -0.592773438 0.167236328
vn 0.568847656 -0.813476562 0.120727539
vn 0.263183594 -0.956542969 0.125732422
vn 0.855957031 -0.316894531 0.408691406
vn 0.517089844 -0.819335938 0.246826172
vn 0.722167969 -0.599609375 0.344726562
vn 0.23046875 -0.954101562 0.19140625
vn 0.767089844 -0.0791625977 0.63671875
vn 0.730957031 -0.312988281 0.606933594
vn 0.7109375 -0.0784301758 0.69921875
vn 0.446289062 -0.814453125 0.370605469
vn 0.619140625 -0.59375 0.514160156
vn 0.220825195 -0.950683594 0.217163086
vn 0.784667969 -0.0784912109 0.615234375
vn 0.678222656 -0.308837891 0.666992188
vn 0.419433594 -0.80859375 0.412597656
vn 0.577148438 -0.587402344 0.567382812
vn 0.249389648 -0.948242188 0.195556641
vn 0.915527344 -0.0787353516 0.394775391
vn 0.749023438 -0.307373047 0.586914062
vn 0.466308594 -0.805664062 0.365722656
vn 0.638183594 -0.584960938 0.500488281
vn 0.982421875 -0.0783691406 0.170776367
vn 0.873535156 -0.307617188 0.376708984
vn 0.744628906 -0.584960938 0.321044922
vn 0.544921875 -0.805175781 0.234863281
vn 0.995605469 -0.0783691406 0.0526733398
vn 0.9375 -0.307617188 0.162963867
vn 0.997070312 -0.0784301758 0.00435256958
vn 0.798828125 -0.584960938 0.138793945
vn 0.950195312 -0.308105469 0.0502624512
vn 0.293457031 -0.947753906 0.126464844
vn 0.997070312 -0.0784301758 -0.00629425049
vn 0.583007812 -0.806152344 0.101318359
vn 0.809082031 -0.586425781 0.0428161621
vn 0.951171875 -0.308837891 0.00416183472
vn 0.078125 -0.996582031 0.0336914062
vn 0.943847656 -0.319091797 -0.0868530273
vn 0.310791016 -0.948730469 0.0539855957
vn 0.0809936523 -0.996582031 0.0140609741
vn -5.59091568E-05 -1 -4.38094139E-05
vn 0.589355469 -0.807617188 0.0311889648
vn 0.809570312 -0.587402344 0.0035533905
vn 0.791015625 -0.530273438 -0.305175781
vn 0.588378906 -0.80859375 0.00259590149
vn 0.311767578 -0.950195312 0.0165100098
vn 0.0801391602 -0.996582031 0.00424575806
vn 7.25984573E-05 -1 2.53915787E-05
vn 0.310058594 -0.950683594 0.00138473511
vn 0.296386719 -0.955078125 -0.00186920166
vn 0.0789794922 -0.997070312 0.000375509262
vn 1.06692314E-05 -1 1.96099281E-05
vn 0.0765380859 -0.997070312 -0.000481843948
vn -0 -1 0
vn -0 1 0
vn -0 1 0
vn -0 1 0
vn -0 1 0
vn -0 1 0
vn -0 1 0
vn -0 1 0
vn -0 1 0
vn -0 1 0
vn -0 -1 0
vn -0 -1 0
vn -0 -1 0
vn -0 -1 0
vn -0 -1 0
vn -0 -1 0
vn -0 -1 0
vn -0 -1 0
vn -0 -1 0
vn 6.46114349E-05 -1 5.22136688E-05
vn 8.41021538E-05 -1 8.63075256E-05
vn 3.2544136E-05 -1 0
vn -0 1 2.02059746E-05
vn -0 1 1.2755394E-05
vn -0 1 0
vn -0 1 0
vn -0 1 0
vn -0 1 0
vn -0 1 0
vn -0 1 0
vn -0 1 0
vn -0 1 0
vn -0 1 0
vn -0 1 0
vn -0 1 0
vn -0 1 0
vn -0 1 0
vn -0 1 0
vn -0 1 0
vn -0 1 0
vn 0.00014936924 1 -4.39286232E-05
vn 0.000700950623 1 0.000320911407
vn -0.000270605087 1 -6.92009926E-05
vn -0 1 0
vn -0 1 0
vn -0 1 0
vn -0 1 0
vn -0 1 0
vn 1.09672546E-05 1 3.0040741E-05
vn 9.18507576E-05 1 2.35438347E-05
vn -6.16908073E-05 1 -8.98241997E-05
vn -5.76376915E-05 1 -0.000111043453
vn -0 1 7.36713409E-05
vn -0 1 0
vn -0 1 0
vn -0 1 1.93715096E-05
vn 7.37905502E-05 1 2.61068344E-05
vn -1.95503235E-05 1 -1.79409981E-05
vn -5.54323196E-05 1 -4.48822975E-05
vn -0 1 0
vn -0 1 0
vn -0 1 0
vn -0 1 1.90734863E-05
vn 4.24385071E-05 1 -2.74181366E-05
vn -0 1 -1.55568123E-05
vn 3.03387642E-05 1 -1.31726265E-05
vn -0 1 0
vn -0 1 0
vn -0 1 0
vn -0 1 0
vn -0 1 0
vn -0 1 0
vn -0 1 0
vn -0 1 0
vn -0 1 0
vn -0 1 0
vn -0 1 0
vn -2.82526016E-05 1 1.07288361E-05
vn 9.43541527E-05 1 -5.14984131E-05
vn -2.13384628E-05 1 0
vn 2.82526016E-05 1 -2.65240669E-05
vn 3.56435776E-05 1 0
vn -0 1 2.28285789E-05
vn -0 1 -1.37686729E-05
vn 1.46627426E-05 1 -3.12924385E-05
vn 2.52723694E-05 1 -4.02331352E-05
vn -0 1 0
vn -0 1 0
vn 6.46710396E-05 1 0
vn -0 1 0
vn -0 1 0
vn -2.37822533E-05 1 0
vn -3.71932983E-05 1 -1.35302544E-05
vn -0 1 0
vn -0 1 0
vn -0 1 0
vn -0 1 0
vn -4.75049019E-05 1 -0.000111818314
vn -0 1 0
vn -0 1 0
vn -0 1 0
vn 1.48415565E-05 1 0.000113070011
vn -5.47170639E-05 1 -0.000338554382
vn -0 1 0
vn -0 1 0
vn -0 1 0
vn -0 1 0
vn -2.04443932E-05 1 0
vn -0 1 -3.68952751E-05
vn -0 1 0
vn -0 1 0
vn -0 1 0
vn -0 1 0
vn -0 1 0
vn -0 1 -2.01463699E-05
vn -1.41263008E-05 1 -4.03523445E-05
vn -4.82797623E-05 1 0
vn -0 1 0
vn 7.25984573E-05 1 5.82933426E-05
vn 7.86185265E-05 1 -0.000135660172
vn -0 1 0
vn -0 1 6.01410866E-05
vn -2.52723694E-05 1 0.000145196915
vn -0 1 0
vn 1.30534172E-05 1 0.00013756752
vn 2.16364861E-05 1 1.01327896E-05
vn -0 1 0
vn -7.70688057E-05 1 0
vn -0 1 -1.95503235E-05
vn -1.01327896E-05 1 -1.18017197E-05
vn -0 1 0
vn -3.42130661E-05 1 -6.10947609E-05
vn -0 1 0
vn -0 1 0
vn -0 1 0
vn -0 1 0
vn -0 1 0
vn -0 1 0
vn -0 1 0
vn -0 -1 0
vn -0 -1 0
vn -0 -1 0
vn -0 -1 0
vn -0 -1 0
vn -0 -1 0
vn -0 -1 0
vn -0 -1 0
vn -0 -1 0
vn -0 -1 0
vn -0 -1 0
vn -0 -1 0
vn -0 -1 0
vn -0 -1 0
vn -0 -1 0
vn 0.000145077705 -1 -4.52399254E-05
vn 0.000700950623 -1 0.00031542778
vn -0.000268697739 -1 -6.69360161E-05
vn -0 -1 0
vn -0 -1 0
vn -0 -1 0
vn -0 -1 0
vn -0 -1 0
vn 1.20997429E-05 -1 3.08156013E-05
vn 8.91685486E-05 -1 2.08616257E-05
vn -6.16312027E-05 -1 -8.93473625E-05
vn -6.00814819E-05 -1 -0.000115990639
vn -0 -1 0
vn -0 -1 0
vn -0 -1 0
vn 1.06692314E-05 -1 1.96099281E-05
vn 7.25984573E-05 -1 2.53915787E-05
vn -1.95503235E-05 -1 -1.78813934E-05
vn -5.59091568E-05 -1 -4.38094139E-05
vn -0 -1 0
vn -0 -1 0
vn -0 -1 0
vn 1.15633011E-05 -1 0
vn 5.84721565E-05 -1 -1.23977661E-05
vn -0 -1 -1.54972076E-05
vn 3.02195549E-05 -1 -1.30534172E-05
vn -0 -1 0
vn -0 -1 0
vn -0 -1 0
vn -0 -1 0
vn -0 -1 0
vn -0 -1 0
vn -0 -1 0
vn -0 -1 0
vn -0 -1 0
vn -0 -1 0
vn -0 -1 0
vn -2.81333923E-05 -1 1.07288361E-05
vn 9.42349434E-05 -1 -5.12599945E-05
vn -2.12788582E-05 -1 0
vn 2.83122063E-05 -1 -2.65836716E-05
vn 3.57627869E-05 -1 0
vn -0 -1 2.29477882E-05
vn -0 -1 -1.38282776E-05
vn 1.4603138E-05 -1 -3.11136246E-05
vn 2.52723694E-05 -1 -4.04715538E-05
vn -0 -1 0
vn -0 -1 0
vn 6.33597374E-05 -1 0
vn -0 -1 0
vn -0 -1 0
vn -2.35438347E-05 -1 0
vn -3.74317169E-05 -1 -1.29938126E-05
vn -0 -1 0
vn -0 -1 0
vn -0 -1 0
vn -0 -1 0
vn -4.78029251E-05 -1 -0.000112652779
vn -0 -1 0
vn -0 -1 0
vn -0 -1 0
vn 1.31726265E-05 -1 0.00010997057
vn -5.66840172E-05 -1 -0.000336647034
vn -0 -1 0
vn -0 -1 0
vn -0 -1 0
vn -0 -1 0
vn -2.03847885E-05 -1 0
vn -0 -1 -3.68356705E-05
vn -0 -1 0
vn -0 -1 0
vn -0 -1 0
vn -0 -1 0
vn -0 -1 0
vn -0 -1 -2.00867653E-05
vn -1.40070915E-05 -1 -4.14252281E-05
vn -4.83989716E-05 -1 0
vn -0 -1 0
vn 7.2658062E-05 -1 5.84125519E-05
vn 8.0704689E-05 -1 -0.000137448311
vn -0 -1 0
vn -0 -1 5.97834587E-05
vn -2.40206718E-05 -1 0.00014424324
vn -0 -1 0
vn 1.31726265E-05 -1 0.000137686729
vn 2.16960907E-05 -1 1.03116035E-05
vn -0 -1 0
vn -7.68899918E-05 -1 0
vn -0 -1 -1.93715096E-05
vn -1.03116035E-05 -1 -1.12056732E-05
vn -0 -1 0
vn -3.31997871E-05 -1 -6.13331795E-05
vn -0 -1 0
vn -0 -1 0
vn -0 -1 0
vn -0 -1 0
vn -0 -1 0
vn -0 -1 0
vn -0 -1 0
vn -0 1 0
vn -0 1 0
vn -0 1 0
vn -0 1 0
vn -0 1 0
vn -0 1 0
vn -0 1 0
vn -0 1 0
vn -0 1 0
vn -0 1 0
vn -0 1 0
vn -0 1 0
vn -0 1 0
vn -0 1 0
vn -0 1 0
vn -0 1 0
vn -0 1 0
vn -0 1 0
vn -0 1 0
vn -0 1 0
vn -0 1 0
vn -0 1 0
vn -0 1 0
vn -0 1 0
vn -0 1 0
vn 8.73804092E-05 1 1.03116035E-05
vn -0.000329256058 1 -0.000268936157
vn -0 1 0
vn -0 1 0
vn -0 1 0
vn -0 1 0
vn -0 1 0
vn -0 1 0
vn -0 1 0
vn -0 1 0
vn -0 1 0
vn -0 1 0
vn -0 1 0
vn -0 1 0
vn -0 1 0
vn -0 1 0
vn -0 1 0
vn -0 1 0
vn -0 1 0
vn -0 1 0
vn -0 1 0
vn -0 1 0
vn -0 1 0
vn -0 1 0
vn -0 1 0
vn 5.33461571E-05 1 0.000106990337
vn -0 1 0
vn -0 1 0
vn -0 1 0
vn -0.000183939934 1 -0.000169634819
vn 0.000396490097 1 0.000951766968
vn 1.0073185E-05 1 0
vn 6.85453415E-05 1 5.07235527E-05
vn -0 1 0
vn -0 1 0
vn -0 1 0
vn -0 1 0
vn -0.000109791756 1 -4.08887863E-05
vn 7.96318054E-05 1 1.34110451E-05
vn 7.95125961E-05 1 1.41263008E-05
vn 7.43865967E-05 1 0
vn -0 1 0
vn -7.79032707E-05 1 0
vn -1.92523003E-05 1 -1.28149986E-05
vn 4.60743904E-05 1 -1.23977661E-05
vn 0.000110447407 1 -2.61068344E-05
vn -0 1 0
vn 1.44839287E-05 1 -1.96695328E-05
vn 1.95503235E-05 1 0
vn -0 1 0
vn -0 1 0
vn -0 1 0
vn -0 1 0
vn -0 1 0
vn -0 1 0
vn -0 1 -1.4603138E-05
vn -0 1 0
vn -0 1 0
vn -0.000159502029 1 -3.60012054E-05
vn -0 1 0
vn -3.99947166E-05 1 -1.01923943E-05
vn 2.43782997E-05 1 4.88162041E-05
vn 2.66432762E-05 1 9.16719437E-05
vn 0.000173449516 1 3.54647636E-05
vn -1.11460686E-05 1 -0.000111043453
vn 2.13384628E-05 1 1.65104866E-05
vn -2.18749046E-05 1 -2.70009041E-05
vn -2.77757645E-05 1 -2.93254852E-05
vn -0 1 -0.000149965286
vn -0 1 0
vn -0 1 0
vn -0.000180363655 1 -0.000100255013
vn 3.34382057E-05 1 5.88297844E-05
vn -1.8119812E-05 1 0
vn -9.84072685E-05 1 4.45246696E-05
vn -2.7179718E-05 1 -4.6312809E-05
vn -0 1 0
vn -0 1 -1.87754631E-05
vn -0.000167965889 1 -0.000154018402
vn -0.000178575516 1 -0.000224947929
vn -0 1 0
vn 3.85046005E-05 1 -1.29342079E-05
vn -0 1 -6.96182251E-05
vn -0 1 -0.000155925751
vn -0 1 0
vn -0 1 0
vn -0 1 0
vn -0 1 0
vn -0 1 0
vn -0 1 0
vn -0 1 0
vn -0 1 0
vn -0 1 0
vn -0 1 0
vn -0 1 0
vn -0 1 0
vn -0 1 0
vn -0 1 0
vn -0 1 0
vn -0 1 0
vn -0 1 0
vn -0 1 0
vn 1.9967556E-05 1 0
vn -0 1 0
vn -0 1 0
vn -2.17556953E-05 1 0
vn -0 1 0
vn -0 1 0
vn 1.49607658E-05 1 0
vn -0 1 0
vn -0 1 0
vn -0 1 0
vn -0 1 0
vn -2.47359276E-05 1 0
vn -0 1 0
vn -0 1 0
vn -0 1 0
vn -0 1 0
vn -0 1 0
vn -0 1 0
vn -0 1 0
vn -0 1 0
vn -0 1 0
vn -0 1 0
vn -0 1 0
vn -0 1 4.13060188E-05
vn -0 1 0
vn 2.25305557E-05 1 -1.46627426E-05
vn -0 1 0
vn -0 1 0
vn -0 1 0
vn -0 1 0
vn -0 1 0
vn -0 1 0
vn -0 1 0
vn -0 1 0
vn -0 1 0
vn -1.47819519E-05 1 0
vn -0 1 0
vn -0 1 0
vn -0 1 0
vn -0 1 0
vn -2.88486481E-05 1 0
vn -0 1 0
vn -0 1 0
vn -2.75969505E-05 1 -2.46763229E-05
vn -0.00016283989 1 -2.45571136E-05
vn -0 1 0
vn -0.000914573669 1 -3.09944153E-05
vn -0 -1 0
vn -0 -1 0
vn -0 -1 0
vn -0 -1 0
vn -0 -1 0
vn -0 -1 0
vn -0 -1 0
vn -0 -1 0
vn -0 -1 0
vn -0 -1 0
vn -0 -1 0
vn -0 -1 0
vn -0 -1 0
vn -0 -1 0
vn -0 -1 0
vn -0 -1 0
vn -0 -1 0
vn -0 -1 0
vn -0 -1 0
vn -0 -1 0
vn -0 -1 0
vn -0 -1 0
vn -0 -1 0
vn -0 -1 0
vn -0 -1 0
vn 8.64863396E-05 -1 0
vn -0.000332832336 -1 -0.000265598297
vn -0 -1 0
vn -0 -1 0
vn -0 -1 0
vn -0 -1 0
vn -0 -1 0
vn -0 -1 0
vn -0 -1 0
vn -2.02059746E-05 -1 -5.20348549E-05
vn -0.000143051147 -1 4.33325768E-05
vn -0.00044131279 -1 -0.000124573708
vn -0 -1 0
vn -0 -1 0
vn -0 -1 0
vn -0 -1 0
vn -0 -1 0
vn -0 -1 0
vn -0 -1 0
vn -0 -1 0
vn -0 -1 0
vn -0 -1 0
vn -0 -1 0
vn -0 -1 0
vn -0 -1 0
vn 5.50150871E-05 -1 0.000110149384
vn -0 -1 0
vn -0 -1 0
vn -0 -1 0
vn -0.000185847282 -1 -0.000169754028
vn 0.000398635864 -1 0.000967502594
vn 1.01923943E-05 -1 0
vn 6.85453415E-05 -1 5.03659248E-05
vn -0 -1 0
vn -0 -1 0
vn -0 -1 0
vn -0 -1 0
vn -0.000110805035 -1 -4.08291817E-05
vn 7.86781311E-05 -1 1.34706497E-05
vn 7.87377357E-05 -1 1.43647194E-05
vn 7.635355E-05 -1 0
vn -7.74860382E-05 -1 0
vn -0 -1 0
vn -2.04443932E-05 -1 -1.24573708E-05
vn 4.55379486E-05 -1 -1.21593475E-05
vn 0.000109910965 -1 -2.61068344E-05
vn -0 -1 0
vn 1.46627426E-05 -1 -1.97291374E-05
vn 2.00867653E-05 -1 0
vn -0 -1 0
vn -0 -1 0
vn -0 -1 0
vn -0 -1 0
vn -0 -1 0
vn -0 -1 0
vn -0 -1 0
vn -0 -1 -1.47223473E-05
vn -0 -1 0
vn -0.000159263611 -1 -3.51071358E-05
vn -0 -1 0
vn -3.98755074E-05 -1 0
vn 2.54511833E-05 -1 4.8995018E-05
vn 2.67624855E-05 -1 9.1791153E-05
vn 0.000173568726 -1 3.58223915E-05
vn -1.10268593E-05 -1 -0.000110983849
vn 2.14576721E-05 -1 1.79409981E-05
vn -2.18153E-05 -1 -2.69412994E-05
vn -2.77757645E-05 -1 -2.93254852E-05
vn -0 -1 -0.000149130821
vn -0 -1 0
vn -0 -1 0
vn -0.000180363655 -1 -9.97781754E-05
vn 3.27825546E-05 -1 5.91874123E-05
vn -1.78813934E-05 -1 0
vn -9.85264778E-05 -1 4.4465065E-05
vn -2.74777412E-05 -1 -4.46438789E-05
vn -0 -1 1.03712082E-05
vn -0 -1 -1.84774399E-05
vn -0.000168323517 -1 -0.000154137611
vn -0.000178813934 -1 -0.000226974487
vn -0 -1 0
vn 3.73125076E-05 -1 -1.69873238E-05
vn -0 -1 -6.93202019E-05
vn -0 -1 -0.000157356262
vn -0 -1 0
vn -0 -1 0
vn -0 -1 0
vn -0 -1 0
vn -0 -1 0
vn -0 -1 0
vn -0 -1 0
vn -0 -1 0
vn -0 -1 0
vn -0 -1 0
vn -0 -1 0
vn -0 -1 0
vn -0 -1 0
vn -0 -1 0
vn -0 -1 0
vn -0 -1 0
vn -0 -1 0
vn -0 -1 0
vn 1.97291374E-05 -1 0
vn -0 -1 0
vn -0 -1 0
vn -2.19941139E-05 -1 0
vn -0 -1 0
vn -0 -1 0
vn 1.50203705E-05 -1 0
vn -0 -1 0
vn -0 -1 0
vn -0 -1 0
vn -0 -1 0
vn -2.47955322E-05 -1 0
vn -0 -1 0
vn -0 -1 0
vn -0 -1 0
vn -0 -1 0
vn -0 -1 0
vn -0 -1 0
vn -0 -1 0
vn -0 -1 0
vn -0 -1 0
vn -0 -1 0
vn -0 -1 0
vn -0 -1 4.11272049E-05
vn -0 -1 0
vn 2.25305557E-05 -1 -1.45435333E-05
vn -0 -1 0
vn -0 -1 0
vn -0 -1 0
vn -0 -1 0
vn -0 -1 0
vn -0 -1 0
vn -0 -1 0
vn -0 -1 0
vn -0 -1 0
vn -1.47819519E-05 -1 0
vn -0 -1 0
vn -0 -1 0
vn -0 -1 0
vn -0 -1 0
vn -2.89082527E-05 -1 0
vn -0 -1 0
vn -0 -1 0
vn -2.76565552E-05 -1 -2.4497509E-05
vn -0.000162243843 -1 -2.41994858E-05
vn -0.000914573669 -1 -3.0875206E-05
vn -0 -1 0
g TheUnsister_0
usemtl GameObject_Green
f 3/3/3 2/2/2 1/1/1
f 1/1/1 5/5/5 4/4/4
f 5/5/5 6/6/6 4/4/4
f 8/8/8 7/7/7 6/6/6
f 11/11/11 10/10/10 9/9/9
f 14/14/14 13/13/13 12/12/12
f 17/17/17 16/16/16 15/15/15
f 20/20/20 19/19/19 18/18/18
f 23/23/23 22/22/22 21/21/21
f 26/26/26 25/25/25 24/24/24
f 29/29/29 28/28/28 27/27/27
f 32/32/32 31/31/31 30/30/30
f 35/35/35 34/34/34 33/33/33
f 38/38/38 37/37/37 36/36/36
f 41/41/41 40/40/40 39/39/39
f 44/44/44 43/43/43 42/42/42
f 47/47/47 46/46/46 45/45/45
f 50/50/50 49/49/49 48/48/48
f 53/53/53 52/52/52 51/51/51
f 56/56/56 55/55/55 54/54/54
f 59/59/59 58/58/58 57/57/57
f 62/62/62 61/61/61 60/60/60
f 65/65/65 64/64/64 63/63/63
f 66/66/66 65/65/65 63/63/63
f 69/69/69 68/68/68 67/67/67
f 70/70/70 69/69/69 67/67/67
f 73/73/73 72/72/72 71/71/71
f 74/74/74 73/73/73 71/71/71
f 77/77/77 76/76/76 75/75/75
f 78/78/78 77/77/77 75/75/75
f 81/81/81 80/80/80 79/79/79
f 82/82/82 81/81/81 79/79/79
f 85/85/85 84/84/84 83/83/83
f 85/85/85 86/86/86 84/84/84
f 89/89/89 88/88/88 87/87/87
f 90/90/90 89/89/89 87/87/87
f 93/93/93 92/92/92 91/91/91
f 94/94/94 93/93/93 91/91/91
f 97/97/97 96/96/96 95/95/95
f 98/98/98 97/97/97 95/95/95
f 101/101/101 100/100/100 99/99/99
f 102/102/102 101/101/101 99/99/99
f 105/105/105 104/104/104 103/103/103
f 106/106/106 105/105/105 103/103/103
f 109/109/109 108/108/108 107/107/107
f 107/107/107 108/108/108 110/110/110
f 113/113/113 112/112/112 111/111/111
f 113/113/113 114/114/114 112/112/112
f 117/117/117 116/116/116 115/115/115
f 118/118/118 117/117/117 115/115/115
f 121/121/121 120/120/120 119/119/119
f 122/122/122 121/121/121 119/119/119
f 125/125/125 124/124/124 123/123/123
f 126/126/126 125/125/125 123/123/123
f 129/129/129 128/128/128 127/127/127
f 130/130/130 129/129/129 127/127/127
f 133/133/133 132/132/132 131/131/131
f 134/134/134 133/133/133 131/131/131
f 137/137/137 136/136/136 135/135/135
f 135/135/135 136/136/136 138/138/138
f 141/141/141 140/140/140 139/139/139
f 141/141/141 142/142/142 140/140/140
f 145/145/145 144/144/144 143/143/143
f 146/146/146 145/145/145 143/143/143
f 149/149/149 148/148/148 147/147/147
f 150/150/150 149/149/149 147/147/147
f 153/153/153 152/152/152 151/151/151
f 151/151/151 152/152/152 154/154/154
f 157/157/157 156/156/156 155/155/155
f 158/158/158 157/157/157 155/155/155
f 161/161/161 160/160/160 159/159/159
f 162/162/162 161/161/161 159/159/159
f 165/165/165 164/164/164 163/163/163
f 166/166/166 165/165/165 163/163/163
f 169/169/169 168/168/168 167/167/167
f 169/169/169 170/170/170 168/168/168
f 173/173/173 172/172/172 171/171/171
f 174/174/174 173/173/173 171/171/171
f 177/177/177 176/176/176 175/175/175
f 178/178/178 177/177/177 175/175/175
f 181/181/181 180/180/180 179/179/179
f 182/182/182 181/181/181 179/179/179
f 185/185/185 184/184/184 183/183/183
f 186/186/186 185/185/185 183/183/183
f 189/189/189 188/188/188 187/187/187
f 190/190/190 189/189/189 187/187/187
f 193/193/193 192/192/192 191/191/191
f 191/191/191 192/192/192 194/194/194
f 197/197/197 196/196/196 195/195/195
f 197/197/197 198/198/198 196/196/196
f 201/201/201 200/200/200 199/199/199
f 202/202/202 201/201/201 199/199/199
f 205/205/205 204/204/204 203/203/203
f 206/206/206 205/205/205 203/203/203
f 209/209/209 208/208/208 207/207/207
f 207/207/207 208/208/208 210/210/210
f 213/213/213 212/212/212 211/211/211
f 214/214/214 213/213/213 211/211/211
f 217/217/217 216/216/216 215/215/215
f 218/218/218 217/217/217 215/215/215
f 221/221/221 220/220/220 219/219/219
f 222/222/222 221/221/221 219/219/219
f 225/225/225 224/224/224 223/223/223
f 225/225/225 226/226/226 224/224/224
f 229/229/229 228/228/228 227/227/227
f 230/230/230 229/229/229 227/227/227
f 233/233/233 232/232/232 231/231/231
f 234/234/234 233/233/233 231/231/231
f 237/237/237 236/236/236 235/235/235
f 235/235/235 236/236/236 238/238/238
f 241/241/241 240/240/240 239/239/239
f 242/242/242 241/241/241 239/239/239
f 245/245/245 244/244/244 243/243/243
f 246/246/246 245/245/245 243/243/243
f 249/249/249 248/248/248 247/247/247
f 250/250/250 249/249/249 247/247/247
f 253/253/253 252/252/252 251/251/251
f 253/253/253 254/254/254 252/252/252
f 257/257/257 256/256/256 255/255/255
f 258/258/258 257/257/257 255/255/255
f 261/261/261 260/260/260 259/259/259
f 262/262/262 261/261/261 259/259/259
f 265/265/265 264/264/264 263/263/263
f 266/266/266 265/265/265 263/263/263
f 269/269/269 268/268/268 267/267/267
f 270/270/270 269/269/269 267/267/267
f 273/273/273 272/272/272 271/271/271
f 274/274/274 273/273/273 271/271/271
f 277/277/277 276/276/276 275/275/275
f 275/275/275 276/276/276 278/278/278
f 281/281/281 280/280/280 279/279/279
f 280/280/280 282/282/282 279/279/279
f 282/282/282 283/283/283 279/279/279
f 279/279/279 283/283/283 284/284/284
f 285/285/285 282/282/282 280/280/280
f 283/283/283 282/282/282 285/285/285
f 283/283/283 286/286/286 284/284/284
f 284/284/284 286/286/286 287/287/287
f 288/288/288 283/283/283 285/285/285
f 286/286/286 283/283/283 288/288/288
f 289/289/289 285/285/285 280/280/280
f 288/288/288 285/285/285 289/289/289
f 286/286/286 290/290/290 287/287/287
f 291/291/291 286/286/286 288/288/288
f 290/290/290 286/286/286 291/291/291
f 292/292/292 288/288/288 289/289/289
f 291/291/291 288/288/288 292/292/292
f 293/293/293 289/289/289 280/280/280
f 292/292/292 289/289/289 293/293/293
f 290/290/290 294/294/294 287/287/287
f 294/294/294 295/295/295 287/287/287
f 295/295/295 294/294/294 296/296/296
f 297/297/297 290/290/290 291/291/291
f 294/294/294 290/290/290 297/297/297
f 298/298/298 293/293/293 280/280/280
f 298/298/298 280/280/280 299/299/299
f 298/298/298 299/299/299 300/300/300
f 301/301/301 292/292/292 293/293/293
f 301/301/301 293/293/293 298/298/298
f 302/302/302 291/291/291 292/292/292
f 297/297/297 291/291/291 302/302/302
f 302/302/302 292/292/292 301/301/301
f 294/294/294 303/303/303 296/296/296
f 296/296/296 303/303/303 304/304/304
f 300/300/300 305/305/305 298/298/298
f 300/300/300 306/306/306 305/305/305
f 307/307/307 294/294/294 297/297/297
f 303/303/303 294/294/294 307/307/307
f 308/308/308 301/301/301 298/298/298
f 308/308/308 298/298/298 305/305/305
f 309/309/309 302/302/302 301/301/301
f 309/309/309 301/301/301 308/308/308
f 310/310/310 297/297/297 302/302/302
f 307/307/307 297/297/297 310/310/310
f 310/310/310 302/302/302 309/309/309
f 303/303/303 311/311/311 304/304/304
f 304/304/304 311/311/311 312/312/312
f 306/306/306 313/313/313 305/305/305
f 313/313/313 306/306/306 314/314/314
f 315/315/315 308/308/308 305/305/305
f 313/313/313 315/315/315 305/305/305
f 316/316/316 303/303/303 307/307/307
f 311/311/311 303/303/303 316/316/316
f 317/317/317 309/309/309 308/308/308
f 317/317/317 308/308/308 315/315/315
f 318/318/318 310/310/310 309/309/309
f 318/318/318 309/309/309 317/317/317
f 319/319/319 307/307/307 310/310/310
f 316/316/316 307/307/307 319/319/319
f 319/319/319 310/310/310 318/318/318
f 320/320/320 317/317/317 315/315/315
f 315/315/315 313/313/313 320/320/320
f 321/321/321 313/313/313 314/314/314
f 321/321/321 314/314/314 322/322/322
f 323/323/323 318/318/318 317/317/317
f 323/323/323 317/317/317 320/320/320
f 324/324/324 319/319/319 318/318/318
f 324/324/324 318/318/318 323/323/323
f 325/325/325 316/316/316 319/319/319
f 325/325/325 319/319/319 324/324/324
f 313/313/313 326/326/326 320/320/320
f 326/326/326 313/313/313 321/321/321
f 327/327/327 321/321/321 322/322/322
f 327/327/327 322/322/322 328/328/328
f 329/329/329 326/326/326 321/321/321
f 329/329/329 321/321/321 327/327/327
f 326/326/326 330/330/330 320/320/320
f 330/330/330 326/326/326 329/329/329
f 331/331/331 323/323/323 320/320/320
f 330/330/330 331/331/331 320/320/320
f 332/332/332 324/324/324 323/323/323
f 332/332/332 323/323/323 331/331/331
f 333/333/333 327/327/327 328/328/328
f 333/333/333 328/328/328 334/334/334
f 335/335/335 329/329/329 327/327/327
f 335/335/335 327/327/327 333/333/333
f 336/336/336 330/330/330 329/329/329
f 336/336/336 329/329/329 335/335/335
f 330/330/330 337/337/337 331/331/331
f 337/337/337 330/330/330 336/336/336
f 338/338/338 333/333/333 334/334/334
f 338/338/338 334/334/334 339/339/339
f 340/340/340 335/335/335 333/333/333
f 340/340/340 333/333/333 338/338/338
f 341/341/341 336/336/336 335/335/335
f 341/341/341 335/335/335 340/340/340
f 342/342/342 338/338/338 339/339/339
f 342/342/342 339/339/339 343/343/343
f 344/344/344 342/342/342 343/343/343
f 342/342/342 344/344/344 345/345/345
f 346/346/346 340/340/340 338/338/338
f 346/346/346 338/338/338 342/342/342
f 347/347/347 342/342/342 345/345/345
f 347/347/347 346/346/346 342/342/342
f 347/347/347 345/345/345 348/348/348
f 349/349/349 340/340/340 346/346/346
f 349/349/349 341/341/341 340/340/340
f 350/350/350 336/336/336 341/341/341
f 350/350/350 337/337/337 336/336/336
f 351/351/351 346/346/346 347/347/347
f 351/351/351 349/349/349 346/346/346
f 352/352/352 347/347/347 348/348/348
f 352/352/352 351/351/351 347/347/347
f 353/353/353 341/341/341 349/349/349
f 353/353/353 350/350/350 341/341/341
f 354/354/354 352/352/352 348/348/348
f 355/355/355 354/354/354 348/348/348
f 354/354/354 355/355/355 356/356/356
f 357/357/357 351/351/351 352/352/352
f 354/354/354 357/357/357 352/352/352
f 358/358/358 349/349/349 351/351/351
f 358/358/358 353/353/353 349/349/349
f 357/357/357 358/358/358 351/351/351
f 359/359/359 354/354/354 356/356/356
f 359/359/359 356/356/356 360/360/360
f 361/361/361 357/357/357 354/354/354
f 359/359/359 361/361/361 354/354/354
f 362/362/362 358/358/358 357/357/357
f 361/361/361 362/362/362 357/357/357
f 363/363/363 353/353/353 358/358/358
f 362/362/362 363/363/363 358/358/358
f 364/364/364 350/350/350 353/353/353
f 363/363/363 364/364/364 353/353/353
f 365/365/365 359/359/359 360/360/360
f 365/365/365 360/360/360 366/366/366
f 367/367/367 361/361/361 359/359/359
f 365/365/365 367/367/367 359/359/359
f 368/368/368 362/362/362 361/361/361
f 367/367/367 368/368/368 361/361/361
f 369/369/369 363/363/363 362/362/362
f 368/368/368 369/369/369 362/362/362
f 370/370/370 365/365/365 366/366/366
f 370/370/370 366/366/366 371/371/371
f 372/372/372 367/367/367 365/365/365
f 370/370/370 372/372/372 365/365/365
f 373/373/373 368/368/368 367/367/367
f 372/372/372 373/373/373 367/367/367
f 374/374/374 364/364/364 363/363/363
f 369/369/369 374/374/374 363/363/363
f 375/375/375 369/369/369 368/368/368
f 373/373/373 375/375/375 368/368/368
f 376/376/376 374/374/374 369/369/369
f 375/375/375 376/376/376 369/369/369
f 377/377/377 370/370/370 371/371/371
f 378/378/378 372/372/372 370/370/370
f 377/377/377 378/378/378 370/370/370
f 379/379/379 373/373/373 372/372/372
f 378/378/378 379/379/379 372/372/372
f 380/380/380 375/375/375 373/373/373
f 379/379/379 380/380/380 373/373/373
f 381/381/381 377/377/377 371/371/371
f 382/382/382 381/381/381 371/371/371
f 383/383/383 378/378/378 377/377/377
f 381/381/381 383/383/383 377/377/377
f 384/384/384 379/379/379 378/378/378
f 383/383/383 384/384/384 378/378/378
f 385/385/385 381/381/381 382/382/382
f 386/386/386 385/385/385 382/382/382
f 385/385/385 386/386/386 387/387/387
f 388/388/388 383/383/383 381/381/381
f 385/385/385 388/388/388 381/381/381
f 389/389/389 385/385/385 387/387/387
f 389/389/389 387/387/387 390/390/390
f 391/391/391 380/380/380 379/379/379
f 384/384/384 391/391/391 379/379/379
f 392/392/392 384/384/384 383/383/383
f 388/388/388 392/392/392 383/383/383
f 393/393/393 388/388/388 385/385/385
f 389/389/389 393/393/393 385/385/385
f 394/394/394 391/391/391 384/384/384
f 392/392/392 394/394/394 384/384/384
f 395/395/395 392/392/392 388/388/388
f 393/393/393 395/395/395 388/388/388
f 396/396/396 394/394/394 392/392/392
f 395/395/395 396/396/396 392/392/392
f 391/391/391 397/397/397 380/380/380
f 394/394/394 398/398/398 391/391/391
f 398/398/398 397/397/397 391/391/391
f 396/396/396 399/399/399 394/394/394
f 399/399/399 398/398/398 394/394/394
f 397/397/397 400/400/400 380/380/380
f 380/380/380 400/400/400 375/375/375
f 400/400/400 376/376/376 375/375/375
f 401/401/401 393/393/393 389/389/389
f 402/402/402 395/395/395 393/393/393
f 401/401/401 402/402/402 393/393/393
f 403/403/403 396/396/396 395/395/395
f 402/402/402 403/403/403 395/395/395
f 404/404/404 399/399/399 396/396/396
f 403/403/403 404/404/404 396/396/396
f 405/405/405 401/401/401 389/389/389
f 405/405/405 389/389/389 390/390/390
f 397/397/397 406/406/406 400/400/400
f 400/400/400 407/407/407 376/376/376
f 406/406/406 407/407/407 400/400/400
f 408/408/408 406/406/406 397/397/397
f 398/398/398 408/408/408 397/397/397
f 399/399/399 409/409/409 398/398/398
f 409/409/409 408/408/408 398/398/398
f 410/410/410 409/409/409 399/399/399
f 404/404/404 410/410/410 399/399/399
f 407/407/407 411/411/411 376/376/376
f 376/376/376 411/411/411 374/374/374
f 408/408/408 409/409/409 412/412/412
f 409/409/409 410/410/410 412/412/412
f 411/411/411 413/413/413 374/374/374
f 374/374/374 413/413/413 364/364/364
f 413/413/413 414/414/414 364/364/364
f 364/364/364 414/414/414 350/350/350
f 414/414/414 337/337/337 350/350/350
f 413/413/413 411/411/411 415/415/415
f 414/414/414 413/413/413 415/415/415
f 411/411/411 407/407/407 416/416/416
f 411/411/411 416/416/416 415/415/415
f 337/337/337 414/414/414 417/417/417
f 337/337/337 417/417/417 331/331/331
f 417/417/417 332/332/332 331/331/331
f 414/414/414 418/418/418 417/417/417
f 418/418/418 414/414/414 415/415/415
f 419/419/419 332/332/332 417/417/417
f 418/418/418 419/419/419 417/417/417
f 415/415/415 420/420/420 418/418/418
f 420/420/420 419/419/419 418/418/418
f 419/419/419 421/421/421 332/332/332
f 421/421/421 324/324/324 332/332/332
f 421/421/421 325/325/325 324/324/324
f 422/422/422 421/421/421 419/419/419
f 420/420/420 422/422/422 419/419/419
f 423/423/423 420/420/420 415/415/415
f 416/416/416 423/423/423 415/415/415
f 424/424/424 325/325/325 421/421/421
f 422/422/422 424/424/424 421/421/421
f 425/425/425 422/422/422 420/420/420
f 423/423/423 425/425/425 420/420/420
f 424/424/424 426/426/426 325/325/325
f 426/426/426 316/316/316 325/325/325
f 426/426/426 311/311/311 316/316/316
f 427/427/427 424/424/424 422/422/422
f 425/425/425 427/427/427 422/422/422
f 428/428/428 311/311/311 426/426/426
f 311/311/311 428/428/428 312/312/312
f 312/312/312 428/428/428 429/429/429
f 430/430/430 426/426/426 424/424/424
f 430/430/430 428/428/428 426/426/426
f 427/427/427 430/430/430 424/424/424
f 428/428/428 431/431/431 429/429/429
f 431/431/431 428/428/428 430/430/430
f 432/432/432 430/430/430 427/427/427
f 432/432/432 431/431/431 430/430/430
f 431/431/431 433/433/433 429/429/429
f 433/433/433 431/431/431 432/432/432
f 433/433/433 434/434/434 429/429/429
f 435/435/435 427/427/427 425/425/425
f 435/435/435 432/432/432 427/427/427
f 433/433/433 436/436/436 434/434/434
f 436/436/436 437/437/437 434/434/434
f 437/437/437 436/436/436 438/438/438
f 439/439/439 433/433/433 432/432/432
f 439/439/439 432/432/432 435/435/435
f 436/436/436 433/433/433 439/439/439
f 440/440/440 435/435/435 425/425/425
f 440/440/440 425/425/425 423/423/423
f 436/436/436 441/441/441 438/438/438
f 438/438/438 441/441/441 442/442/442
f 443/443/443 439/439/439 435/435/435
f 443/443/443 435/435/435 440/440/440
f 444/444/444 436/436/436 439/439/439
f 441/441/441 436/436/436 444/444/444
f 444/444/444 439/439/439 443/443/443
f 445/445/445 440/440/440 423/423/423
f 445/445/445 423/423/423 416/416/416
f 446/446/446 443/443/443 440/440/440
f 446/446/446 440/440/440 445/445/445
f 447/447/447 444/444/444 443/443/443
f 447/447/447 443/443/443 446/446/446
f 448/448/448 441/441/441 444/444/444
f 448/448/448 444/444/444 447/447/447
f 449/449/449 445/445/445 416/416/416
f 407/407/407 449/449/449 416/416/416
f 407/407/407 406/406/406 449/449/449
f 450/450/450 446/446/446 445/445/445
f 450/450/450 445/445/445 449/449/449
f 406/406/406 451/451/451 449/449/449
f 451/451/451 450/450/450 449/449/449
f 406/406/406 408/408/408 451/451/451
f 452/452/452 447/447/447 446/446/446
f 452/452/452 446/446/446 450/450/450
f 408/408/408 453/453/453 451/451/451
f 453/453/453 408/408/408 412/412/412
f 454/454/454 450/450/450 451/451/451
f 453/453/453 454/454/454 451/451/451
f 454/454/454 452/452/452 450/450/450
f 455/455/455 447/447/447 452/452/452
f 455/455/455 448/448/448 447/447/447
f 456/456/456 454/454/454 453/453/453
f 412/412/412 456/456/456 453/453/453
f 457/457/457 452/452/452 454/454/454
f 457/457/457 455/455/455 452/452/452
f 456/456/456 457/457/457 454/454/454
f 458/458/458 448/448/448 455/455/455
f 459/459/459 455/455/455 457/457/457
f 459/459/459 458/458/458 455/455/455
f 460/460/460 457/457/457 456/456/456
f 460/460/460 459/459/459 457/457/457
f 461/461/461 456/456/456 412/412/412
f 461/461/461 460/460/460 456/456/456
f 458/458/458 462/462/462 448/448/448
f 462/462/462 441/441/441 448/448/448
f 441/441/441 462/462/462 442/442/442
f 463/463/463 462/462/462 458/458/458
f 462/462/462 463/463/463 442/442/442
f 464/464/464 458/458/458 459/459/459
f 464/464/464 463/463/463 458/458/458
f 465/465/465 459/459/459 460/460/460
f 465/465/465 464/464/464 459/459/459
f 463/463/463 466/466/466 442/442/442
f 466/466/466 463/463/463 464/464/464
f 466/466/466 467/467/467 442/442/442
f 467/467/467 468/468/468 442/442/442
f 469/469/469 466/466/466 464/464/464
f 469/469/469 464/464/464 465/465/465
f 467/467/467 466/466/466 469/469/469
f 470/470/470 465/465/465 460/460/460
f 470/470/470 460/460/460 461/461/461
f 467/467/467 471/471/471 468/468/468
f 471/471/471 472/472/472 468/468/468
f 472/472/472 471/471/471 473/473/473
f 474/474/474 469/469/469 465/465/465
f 474/474/474 465/465/465 470/470/470
f 475/475/475 467/467/467 469/469/469
f 471/471/471 467/467/467 475/475/475
f 475/475/475 469/469/469 474/474/474
f 476/476/476 470/470/470 461/461/461
f 477/477/477 474/474/474 470/470/470
f 477/477/477 470/470/470 476/476/476
f 478/478/478 475/475/475 474/474/474
f 478/478/478 474/474/474 477/477/477
f 479/479/479 471/471/471 475/475/475
f 479/479/479 475/475/475 478/478/478
f 471/471/471 480/480/480 473/473/473
f 480/480/480 471/471/471 479/479/479
f 480/480/480 481/481/481 473/473/473
f 481/481/481 482/482/482 473/473/473
f 482/482/482 481/481/481 483/483/483
f 484/484/484 480/480/480 479/479/479
f 481/481/481 480/480/480 484/484/484
f 485/485/485 479/479/479 478/478/478
f 484/484/484 479/479/479 485/485/485
f 486/486/486 478/478/478 477/477/477
f 485/485/485 478/478/478 486/486/486
f 481/481/481 487/487/487 483/483/483
f 483/483/483 487/487/487 488/488/488
f 489/489/489 481/481/481 484/484/484
f 487/487/487 481/481/481 489/489/489
f 490/490/490 484/484/484 485/485/485
f 489/489/489 484/484/484 490/490/490
f 486/486/486 477/477/477 491/491/491
f 491/491/491 477/477/477 476/476/476
f 492/492/492 485/485/485 486/486/486
f 490/490/490 485/485/485 492/492/492
f 493/493/493 486/486/486 491/491/491
f 492/492/492 486/486/486 493/493/493
f 487/487/487 494/494/494 488/488/488
f 495/495/495 487/487/487 489/489/489
f 494/494/494 487/487/487 495/495/495
f 496/496/496 489/489/489 490/490/490
f 495/495/495 489/489/489 496/496/496
f 497/497/497 490/490/490 492/492/492
f 496/496/496 490/490/490 497/497/497
f 494/494/494 498/498/498 488/488/488
f 498/498/498 499/499/499 488/488/488
f 499/499/499 498/498/498 500/500/500
f 501/501/501 494/494/494 495/495/495
f 498/498/498 494/494/494 501/501/501
f 502/502/502 495/495/495 496/496/496
f 501/501/501 495/495/495 502/502/502
f 498/498/498 503/503/503 500/500/500
f 500/500/500 503/503/503 504/504/504
f 505/505/505 498/498/498 501/501/501
f 503/503/503 498/498/498 505/505/505
f 497/497/497 492/492/492 506/506/506
f 506/506/506 492/492/492 493/493/493
f 507/507/507 496/496/496 497/497/497
f 502/502/502 496/496/496 507/507/507
f 508/508/508 501/501/501 502/502/502
f 505/505/505 501/501/501 508/508/508
f 509/509/509 497/497/497 506/506/506
f 507/507/507 497/497/497 509/509/509
f 510/510/510 502/502/502 507/507/507
f 508/508/508 502/502/502 510/510/510
f 511/511/511 507/507/507 509/509/509
f 510/510/510 507/507/507 511/511/511
f 512/512/512 503/503/503 505/505/505
f 513/513/513 505/505/505 508/508/508
f 512/512/512 505/505/505 513/513/513
f 514/514/514 508/508/508 510/510/510
f 513/513/513 508/508/508 514/514/514
f 515/515/515 510/510/510 511/511/511
f 514/514/514 510/510/510 515/515/515
f 516/516/516 503/503/503 512/512/512
f 503/503/503 516/516/516 504/504/504
f 516/516/516 517/517/517 504/504/504
f 517/517/517 518/518/518 504/504/504
f 519/519/519 516/516/516 512/512/512
f 517/517/517 516/516/516 519/519/519
f 520/520/520 512/512/512 513/513/513
f 519/519/519 512/512/512 520/520/520
f 521/521/521 513/513/513 514/514/514
f 520/520/520 513/513/513 521/521/521
f 517/517/517 522/522/522 518/518/518
f 522/522/522 523/523/523 518/518/518
f 523/523/523 522/522/522 524/524/524
f 525/525/525 517/517/517 519/519/519
f 522/522/522 517/517/517 525/525/525
f 526/526/526 519/519/519 520/520/520
f 525/525/525 519/519/519 526/526/526
f 522/522/522 527/527/527 524/524/524
f 524/524/524 527/527/527 528/528/528
f 529/529/529 522/522/522 525/525/525
f 527/527/527 522/522/522 529/529/529
f 527/527/527 530/530/530 528/528/528
f 528/528/528 530/530/530 531/531/531
f 532/532/532 520/520/520 521/521/521
f 526/526/526 520/520/520 532/532/532
f 533/533/533 525/525/525 526/526/526
f 529/529/529 525/525/525 533/533/533
f 534/534/534 527/527/527 529/529/529
f 530/530/530 527/527/527 534/534/534
f 535/535/535 526/526/526 532/532/532
f 533/533/533 526/526/526 535/535/535
f 536/536/536 529/529/529 533/533/533
f 534/534/534 529/529/529 536/536/536
f 537/537/537 533/533/533 535/535/535
f 536/536/536 533/533/533 537/537/537
f 530/530/530 538/538/538 531/531/531
f 539/539/539 530/530/530 534/534/534
f 538/538/538 530/530/530 539/539/539
f 540/540/540 534/534/534 536/536/536
f 539/539/539 534/534/534 540/540/540
f 538/538/538 541/541/541 531/531/531
f 541/541/541 542/542/542 531/531/531
f 543/543/543 538/538/538 539/539/539
f 541/541/541 538/538/538 543/543/543
f 541/541/541 544/544/544 542/542/542
f 544/544/544 545/545/545 542/542/542
f 546/546/546 536/536/536 537/537/537
f 540/540/540 536/536/536 546/546/546
f 547/547/547 539/539/539 540/540/540
f 543/543/543 539/539/539 547/547/547
f 548/548/548 541/541/541 543/543/543
f 544/544/544 541/541/541 548/548/548
f 544/544/544 549/549/549 545/545/545
f 549/549/549 550/550/550 545/545/545
f 551/551/551 540/540/540 546/546/546
f 547/547/547 540/540/540 551/551/551
f 552/552/552 543/543/543 547/547/547
f 548/548/548 543/543/543 552/552/552
f 553/553/553 544/544/544 548/548/548
f 549/549/549 544/544/544 553/553/553
f 549/549/549 554/554/554 550/550/550
f 554/554/554 555/555/555 550/550/550
f 555/555/555 554/554/554 556/556/556
f 557/557/557 547/547/547 551/551/551
f 552/552/552 547/547/547 557/557/557
f 558/558/558 548/548/548 552/552/552
f 553/553/553 548/548/548 558/558/558
f 559/559/559 549/549/549 553/553/553
f 554/554/554 549/549/549 559/559/559
f 560/560/560 552/552/552 557/557/557
f 558/558/558 552/552/552 560/560/560
f 561/561/561 553/553/553 558/558/558
f 559/559/559 553/553/553 561/561/561
f 562/562/562 558/558/558 560/560/560
f 561/561/561 558/558/558 562/562/562
f 554/554/554 563/563/563 556/556/556
f 564/564/564 554/554/554 559/559/559
f 563/563/563 554/554/554 564/564/564
f 565/565/565 559/559/559 561/561/561
f 564/564/564 559/559/559 565/565/565
f 563/563/563 566/566/566 556/556/556
f 566/566/566 567/567/567 556/556/556
f 568/568/568 563/563/563 564/564/564
f 566/566/566 563/563/563 568/568/568
f 566/566/566 569/569/569 567/567/567
f 569/569/569 570/570/570 567/567/567
f 571/571/571 561/561/561 562/562/562
f 565/565/565 561/561/561 571/571/571
f 572/572/572 564/564/564 565/565/565
f 568/568/568 564/564/564 572/572/572
f 573/573/573 566/566/566 568/568/568
f 569/569/569 566/566/566 573/573/573
f 569/569/569 574/574/574 570/570/570
f 574/574/574 575/575/575 570/570/570
f 575/575/575 574/574/574 576/576/576
f 577/577/577 565/565/565 571/571/571
f 572/572/572 565/565/565 577/577/577
f 578/578/578 568/568/568 572/572/572
f 573/573/573 568/568/568 578/578/578
f 579/579/579 569/569/569 573/573/573
f 574/574/574 569/569/569 579/579/579
f 574/574/574 580/580/580 576/576/576
f 576/576/576 580/580/580 581/581/581
f 582/582/582 572/572/572 577/577/577
f 578/578/578 572/572/572 582/582/582
f 583/583/583 573/573/573 578/578/578
f 579/579/579 573/573/573 583/583/583
f 584/584/584 574/574/574 579/579/579
f 580/580/580 574/574/574 584/584/584
f 585/585/585 578/578/578 582/582/582
f 583/583/583 578/578/578 585/585/585
f 586/586/586 579/579/579 583/583/583
f 584/584/584 579/579/579 586/586/586
f 587/587/587 583/583/583 585/585/585
f 586/586/586 583/583/583 587/587/587
f 582/582/582 577/577/577 588/588/588
f 585/585/585 582/582/582 589/589/589
f 589/589/589 582/582/582 588/588/588
f 587/587/587 585/585/585 590/590/590
f 590/590/590 585/585/585 589/589/589
f 588/588/588 577/577/577 591/591/591
f 577/577/577 571/571/571 591/591/591
f 591/591/591 571/571/571 592/592/592
f 571/571/571 562/562/562 592/592/592
f 592/592/592 562/562/562 593/593/593
f 562/562/562 560/560/560 593/593/593
f 593/593/593 560/560/560 594/594/594
f 560/560/560 557/557/557 594/594/594
f 594/594/594 557/557/557 595/595/595
f 557/557/557 551/551/551 595/595/595
f 595/595/595 551/551/551 596/596/596
f 551/551/551 546/546/546 596/596/596
f 596/596/596 546/546/546 597/597/597
f 546/546/546 537/537/537 597/597/597
f 597/597/597 537/537/537 598/598/598
f 537/537/537 535/535/535 598/598/598
f 598/598/598 535/535/535 599/599/599
f 535/535/535 532/532/532 599/599/599
f 599/599/599 532/532/532 600/600/600
f 532/532/532 521/521/521 600/600/600
f 600/600/600 521/521/521 601/601/601
f 521/521/521 514/514/514 601/601/601
f 601/601/601 514/514/514 515/515/515
f 595/595/595 596/596/596 602/602/602
f 596/596/596 597/597/597 603/603/603
f 602/602/602 596/596/596 603/603/603
f 597/597/597 598/598/598 604/604/604
f 603/603/603 597/597/597 604/604/604
f 598/598/598 599/599/599 605/605/605
f 604/604/604 598/598/598 605/605/605
f 599/599/599 600/600/600 606/606/606
f 605/605/605 599/599/599 606/606/606
f 600/600/600 601/601/601 607/607/607
f 606/606/606 600/600/600 607/607/607
f 601/601/601 515/515/515 608/608/608
f 607/607/607 601/601/601 608/608/608
f 609/609/609 595/595/595 602/602/602
f 594/594/594 595/595/595 609/609/609
f 610/610/610 594/594/594 609/609/609
f 593/593/593 594/594/594 610/610/610
f 611/611/611 609/609/609 602/602/602
f 609/609/609 611/611/611 610/610/610
f 608/608/608 515/515/515 612/612/612
f 515/515/515 511/511/511 612/612/612
f 613/613/613 593/593/593 610/610/610
f 592/592/592 593/593/593 613/613/613
f 614/614/614 592/592/592 613/613/613
f 591/591/591 592/592/592 614/614/614
f 615/615/615 613/613/613 610/610/610
f 613/613/613 615/615/615 614/614/614
f 616/616/616 611/611/611 602/602/602
f 616/616/616 602/602/602 603/603/603
f 612/612/612 511/511/511 617/617/617
f 511/511/511 509/509/509 617/617/617
f 618/618/618 591/591/591 614/614/614
f 588/588/588 591/591/591 618/618/618
f 619/619/619 615/615/615 610/610/610
f 611/611/611 619/619/619 610/610/610
f 620/620/620 616/616/616 603/603/603
f 620/620/620 603/603/603 604/604/604
f 617/617/617 509/509/509 621/621/621
f 509/509/509 506/506/506 621/621/621
f 622/622/622 588/588/588 618/618/618
f 589/589/589 588/588/588 622/622/622
f 623/623/623 589/589/589 622/622/622
f 624/624/624 623/623/623 622/622/622
f 625/625/625 622/622/622 618/618/618
f 625/625/625 624/624/624 622/622/622
f 626/626/626 620/620/620 604/604/604
f 626/626/626 604/604/604 605/605/605
f 621/621/621 506/506/506 627/627/627
f 506/506/506 493/493/493 627/627/627
f 628/628/628 625/625/625 618/618/618
f 628/628/628 618/618/618 614/614/614
f 624/624/624 625/625/625 629/629/629
f 630/630/630 624/624/624 629/629/629
f 631/631/631 626/626/626 605/605/605
f 631/631/631 605/605/605 606/606/606
f 627/627/627 493/493/493 632/632/632
f 493/493/493 491/491/491 632/632/632
f 633/633/633 628/628/628 614/614/614
f 615/615/615 633/633/633 614/614/614
f 625/625/625 628/628/628 634/634/634
f 629/629/629 625/625/625 634/634/634
f 628/628/628 633/633/633 635/635/635
f 634/634/634 628/628/628 635/635/635
f 633/633/633 615/615/615 636/636/636
f 635/635/635 633/633/633 636/636/636
f 637/637/637 631/631/631 606/606/606
f 637/637/637 606/606/606 607/607/607
f 632/632/632 491/491/491 638/638/638
f 491/491/491 476/476/476 638/638/638
f 636/636/636 615/615/615 639/639/639
f 615/615/615 619/619/619 639/639/639
f 640/640/640 637/637/637 607/607/607
f 640/640/640 607/607/607 608/608/608
f 638/638/638 476/476/476 641/641/641
f 476/476/476 461/461/461 641/641/641
f 641/641/641 461/461/461 412/412/412
f 410/410/410 641/641/641 412/412/412
f 410/410/410 642/642/642 641/641/641
f 642/642/642 638/638/638 641/641/641
f 642/642/642 410/410/410 404/404/404
f 642/642/642 643/643/643 638/638/638
f 643/643/643 632/632/632 638/638/638
f 644/644/644 642/642/642 404/404/404
f 643/643/643 642/642/642 644/644/644
f 644/644/644 404/404/404 403/403/403
f 643/643/643 645/645/645 632/632/632
f 645/645/645 627/627/627 632/632/632
f 646/646/646 644/644/644 403/403/403
f 646/646/646 403/403/403 402/402/402
f 647/647/647 643/643/643 644/644/644
f 645/645/645 643/643/643 647/647/647
f 647/647/647 644/644/644 646/646/646
f 645/645/645 648/648/648 627/627/627
f 648/648/648 621/621/621 627/627/627
f 649/649/649 646/646/646 402/402/402
f 649/649/649 402/402/402 401/401/401
f 650/650/650 647/647/647 646/646/646
f 650/650/650 646/646/646 649/649/649
f 651/651/651 645/645/645 647/647/647
f 648/648/648 645/645/645 651/651/651
f 651/651/651 647/647/647 650/650/650
f 648/648/648 652/652/652 621/621/621
f 652/652/652 617/617/617 621/621/621
f 653/653/653 649/649/649 401/401/401
f 653/653/653 401/401/401 405/405/405
f 654/654/654 650/650/650 649/649/649
f 654/654/654 649/649/649 653/653/653
f 655/655/655 651/651/651 650/650/650
f 655/655/655 650/650/650 654/654/654
f 656/656/656 648/648/648 651/651/651
f 652/652/652 648/648/648 656/656/656
f 656/656/656 651/651/651 655/655/655
f 652/652/652 657/657/657 617/617/617
f 657/657/657 612/612/612 617/617/617
f 658/658/658 653/653/653 405/405/405
f 658/658/658 405/405/405 390/390/390
f 659/659/659 654/654/654 653/653/653
f 659/659/659 653/653/653 658/658/658
f 660/660/660 655/655/655 654/654/654
f 660/660/660 654/654/654 659/659/659
f 661/661/661 656/656/656 655/655/655
f 661/661/661 655/655/655 660/660/660
f 662/662/662 652/652/652 656/656/656
f 657/657/657 652/652/652 662/662/662
f 662/662/662 656/656/656 661/661/661
f 657/657/657 663/663/663 612/612/612
f 663/663/663 608/608/608 612/612/612
f 663/663/663 640/640/640 608/608/608
f 664/664/664 659/659/659 658/658/658
f 664/664/664 658/658/658 390/390/390
f 665/665/665 660/660/660 659/659/659
f 665/665/665 659/659/659 664/664/664
f 666/666/666 664/664/664 390/390/390
f 666/666/666 665/665/665 664/664/664
f 667/667/667 666/666/666 390/390/390
f 668/668/668 661/661/661 660/660/660
f 668/668/668 660/660/660 665/665/665
f 669/669/669 662/662/662 661/661/661
f 669/669/669 661/661/661 668/668/668
f 670/670/670 666/666/666 667/667/667
f 671/671/671 670/670/670 667/667/667
f 670/670/670 671/671/671 672/672/672
f 673/673/673 665/665/665 666/666/666
f 673/673/673 668/668/668 665/665/665
f 670/670/670 673/673/673 666/666/666
f 674/674/674 668/668/668 673/673/673
f 674/674/674 669/669/669 668/668/668
f 675/675/675 662/662/662 669/669/669
f 675/675/675 657/657/657 662/662/662
f 663/663/663 657/657/657 675/675/675
f 676/676/676 673/673/673 670/670/670
f 676/676/676 674/674/674 673/673/673
f 677/677/677 670/670/670 672/672/672
f 677/677/677 676/676/676 670/670/670
f 678/678/678 669/669/669 674/674/674
f 678/678/678 675/675/675 669/669/669
f 679/679/679 663/663/663 675/675/675
f 679/679/679 675/675/675 678/678/678
f 640/640/640 663/663/663 679/679/679
f 680/680/680 677/677/677 672/672/672
f 681/681/681 680/680/680 672/672/672
f 680/680/680 681/681/681 682/682/682
f 683/683/683 676/676/676 677/677/677
f 680/680/680 683/683/683 677/677/677
f 684/684/684 674/674/674 676/676/676
f 684/684/684 678/678/678 674/674/674
f 683/683/683 684/684/684 676/676/676
f 685/685/685 679/679/679 678/678/678
f 685/685/685 678/678/678 684/684/684
f 686/686/686 640/640/640 679/679/679
f 686/686/686 679/679/679 685/685/685
f 637/637/637 640/640/640 686/686/686
f 687/687/687 680/680/680 682/682/682
f 687/687/687 682/682/682 688/688/688
f 689/689/689 683/683/683 680/680/680
f 687/687/687 689/689/689 680/680/680
f 690/690/690 684/684/684 683/683/683
f 690/690/690 685/685/685 684/684/684
f 689/689/689 690/690/690 683/683/683
f 691/691/691 686/686/686 685/685/685
f 691/691/691 685/685/685 690/690/690
f 692/692/692 637/637/637 686/686/686
f 692/692/692 686/686/686 691/691/691
f 631/631/631 637/637/637 692/692/692
f 693/693/693 690/690/690 689/689/689
f 693/693/693 691/691/691 690/690/690
f 694/694/694 689/689/689 687/687/687
f 694/694/694 693/693/693 689/689/689
f 695/695/695 687/687/687 688/688/688
f 695/695/695 694/694/694 687/687/687
f 696/696/696 692/692/692 691/691/691
f 696/696/696 691/691/691 693/693/693
f 697/697/697 631/631/631 692/692/692
f 697/697/697 692/692/692 696/696/696
f 626/626/626 631/631/631 697/697/697
f 698/698/698 695/695/695 688/688/688
f 699/699/699 698/698/698 688/688/688
f 698/698/698 699/699/699 700/700/700
f 701/701/701 694/694/694 695/695/695
f 698/698/698 701/701/701 695/695/695
f 702/702/702 693/693/693 694/694/694
f 702/702/702 696/696/696 693/693/693
f 701/701/701 702/702/702 694/694/694
f 703/703/703 697/697/697 696/696/696
f 703/703/703 696/696/696 702/702/702
f 704/704/704 626/626/626 697/697/697
f 704/704/704 697/697/697 703/703/703
f 620/620/620 626/626/626 704/704/704
f 705/705/705 698/698/698 700/700/700
f 705/705/705 700/700/700 706/706/706
f 707/707/707 701/701/701 698/698/698
f 705/705/705 707/707/707 698/698/698
f 708/708/708 702/702/702 701/701/701
f 708/708/708 703/703/703 702/702/702
f 707/707/707 708/708/708 701/701/701
f 709/709/709 704/704/704 703/703/703
f 709/709/709 703/703/703 708/708/708
f 710/710/710 620/620/620 704/704/704
f 710/710/710 704/704/704 709/709/709
f 616/616/616 620/620/620 710/710/710
f 711/711/711 708/708/708 707/707/707
f 711/711/711 709/709/709 708/708/708
f 712/712/712 707/707/707 705/705/705
f 712/712/712 711/711/711 707/707/707
f 713/713/713 705/705/705 706/706/706
f 713/713/713 712/712/712 705/705/705
f 714/714/714 710/710/710 709/709/709
f 714/714/714 709/709/709 711/711/711
f 715/715/715 616/616/616 710/710/710
f 715/715/715 710/710/710 714/714/714
f 611/611/611 616/616/616 715/715/715
f 716/716/716 713/713/713 706/706/706
f 717/717/717 716/716/716 706/706/706
f 718/718/718 712/712/712 713/713/713
f 716/716/716 718/718/718 713/713/713
f 719/719/719 711/711/711 712/712/712
f 719/719/719 714/714/714 711/711/711
f 718/718/718 719/719/719 712/712/712
f 720/720/720 715/715/715 714/714/714
f 720/720/720 714/714/714 719/719/719
f 721/721/721 611/611/611 715/715/715
f 721/721/721 715/715/715 720/720/720
f 619/619/619 611/611/611 721/721/721
f 639/639/639 619/619/619 721/721/721
f 722/722/722 716/716/716 717/717/717
f 723/723/723 722/722/722 717/717/717
f 722/722/722 723/723/723 724/724/724
f 725/725/725 718/718/718 716/716/716
f 722/722/722 725/725/725 716/716/716
f 726/726/726 719/719/719 718/718/718
f 726/726/726 720/720/720 719/719/719
f 725/725/725 726/726/726 718/718/718
f 727/727/727 721/721/721 720/720/720
f 639/639/639 721/721/721 727/727/727
f 727/727/727 720/720/720 726/726/726
f 728/728/728 722/722/722 724/724/724
f 728/728/728 724/724/724 729/729/729
f 730/730/730 725/725/725 722/722/722
f 728/728/728 730/730/730 722/722/722
f 731/731/731 726/726/726 725/725/725
f 731/731/731 727/727/727 726/726/726
f 730/730/730 731/731/731 725/725/725
f 732/732/732 639/639/639 727/727/727
f 732/732/732 727/727/727 731/731/731
f 636/636/636 639/639/639 732/732/732
f 733/733/733 728/728/728 729/729/729
f 733/733/733 729/729/729 734/734/734
f 735/735/735 730/730/730 728/728/728
f 733/733/733 735/735/735 728/728/728
f 736/736/736 731/731/731 730/730/730
f 736/736/736 732/732/732 731/731/731
f 735/735/735 736/736/736 730/730/730
f 737/737/737 636/636/636 732/732/732
f 737/737/737 732/732/732 736/736/736
f 635/635/635 636/636/636 737/737/737
f 738/738/738 736/736/736 735/735/735
f 738/738/738 737/737/737 736/736/736
f 739/739/739 635/635/635 737/737/737
f 739/739/739 737/737/737 738/738/738
f 634/634/634 635/635/635 739/739/739
f 740/740/740 735/735/735 733/733/733
f 740/740/740 738/738/738 735/735/735
f 741/741/741 733/733/733 734/734/734
f 741/741/741 740/740/740 733/733/733
f 742/742/742 739/739/739 738/738/738
f 742/742/742 738/738/738 740/740/740
f 743/743/743 634/634/634 739/739/739
f 743/743/743 739/739/739 742/742/742
f 629/629/629 634/634/634 743/743/743
f 744/744/744 741/741/741 734/734/734
f 745/745/745 744/744/744 734/734/734
f 746/746/746 740/740/740 741/741/741
f 746/746/746 742/742/742 740/740/740
f 744/744/744 746/746/746 741/741/741
f 747/747/747 743/743/743 742/742/742
f 747/747/747 742/742/742 746/746/746
f 748/748/748 629/629/629 743/743/743
f 748/748/748 743/743/743 747/747/747
f 630/630/630 629/629/629 748/748/748
f 749/749/749 744/744/744 745/745/745
f 750/750/750 749/749/749 745/745/745
f 751/751/751 746/746/746 744/744/744
f 751/751/751 747/747/747 746/746/746
f 749/749/749 751/751/751 744/744/744
f 752/752/752 748/748/748 747/747/747
f 752/752/752 747/747/747 751/751/751
f 753/753/753 749/749/749 750/750/750
f 754/754/754 753/753/753 750/750/750
f 755/755/755 751/751/751 749/749/749
f 755/755/755 752/752/752 751/751/751
f 753/753/753 755/755/755 749/749/749
f 756/756/756 748/748/748 752/752/752
f 756/756/756 630/630/630 748/748/748
f 757/757/757 753/753/753 754/754/754
f 758/758/758 757/757/757 754/754/754
f 757/757/757 758/758/758 759/759/759
f 760/760/760 755/755/755 753/753/753
f 757/757/757 760/760/760 753/753/753
f 761/761/761 752/752/752 755/755/755
f 761/761/761 756/756/756 752/752/752
f 760/760/760 761/761/761 755/755/755
f 762/762/762 630/630/630 756/756/756
f 763/763/763 756/756/756 761/761/761
f 763/763/763 762/762/762 756/756/756
f 764/764/764 761/761/761 760/760/760
f 764/764/764 763/763/763 761/761/761
f 765/765/765 760/760/760 757/757/757
f 765/765/765 764/764/764 760/760/760
f 766/766/766 757/757/757 759/759/759
f 766/766/766 765/765/765 757/757/757
f 767/767/767 766/766/766 759/759/759
f 768/768/768 767/767/767 759/759/759
f 769/769/769 765/765/765 766/766/766
f 767/767/767 769/769/769 766/766/766
f 770/770/770 764/764/764 765/765/765
f 769/769/769 770/770/770 765/765/765
f 771/771/771 763/763/763 764/764/764
f 770/770/770 771/771/771 764/764/764
f 772/772/772 767/767/767 768/768/768
f 773/773/773 772/772/772 768/768/768
f 774/774/774 769/769/769 767/767/767
f 772/772/772 774/774/774 767/767/767
f 775/775/775 770/770/770 769/769/769
f 774/774/774 775/775/775 769/769/769
f 776/776/776 772/772/772 773/773/773
f 777/777/777 776/776/776 773/773/773
f 776/776/776 777/777/777 778/778/778
f 779/779/779 774/774/774 772/772/772
f 776/776/776 779/779/779 772/772/772
f 780/780/780 776/776/776 778/778/778
f 780/780/780 778/778/778 781/781/781
f 782/782/782 771/771/771 770/770/770
f 775/775/775 782/782/782 770/770/770
f 783/783/783 775/775/775 774/774/774
f 779/779/779 783/783/783 774/774/774
f 784/784/784 779/779/779 776/776/776
f 780/780/780 784/784/784 776/776/776
f 785/785/785 782/782/782 775/775/775
f 783/783/783 785/785/785 775/775/775
f 786/786/786 783/783/783 779/779/779
f 784/784/784 786/786/786 779/779/779
f 787/787/787 785/785/785 783/783/783
f 786/786/786 787/787/787 783/783/783
f 782/782/782 788/788/788 771/771/771
f 785/785/785 789/789/789 782/782/782
f 789/789/789 788/788/788 782/782/782
f 787/787/787 790/790/790 785/785/785
f 790/790/790 789/789/789 785/785/785
f 788/788/788 791/791/791 771/771/771
f 771/771/771 791/791/791 763/763/763
f 791/791/791 762/762/762 763/763/763
f 792/792/792 784/784/784 780/780/780
f 793/793/793 786/786/786 784/784/784
f 792/792/792 793/793/793 784/784/784
f 794/794/794 787/787/787 786/786/786
f 793/793/793 794/794/794 786/786/786
f 795/795/795 790/790/790 787/787/787
f 794/794/794 795/795/795 787/787/787
f 796/796/796 792/792/792 780/780/780
f 796/796/796 780/780/780 781/781/781
f 788/788/788 797/797/797 791/791/791
f 791/791/791 798/798/798 762/762/762
f 797/797/797 798/798/798 791/791/791
f 799/799/799 797/797/797 788/788/788
f 789/789/789 799/799/799 788/788/788
f 790/790/790 800/800/800 789/789/789
f 800/800/800 799/799/799 789/789/789
f 795/795/795 801/801/801 790/790/790
f 801/801/801 800/800/800 790/790/790
f 798/798/798 802/802/802 762/762/762
f 762/762/762 802/802/802 630/630/630
f 802/802/802 803/803/803 630/630/630
f 803/803/803 802/802/802 804/804/804
f 802/802/802 798/798/798 805/805/805
f 802/802/802 805/805/805 804/804/804
f 798/798/798 797/797/797 806/806/806
f 798/798/798 806/806/806 805/805/805
f 797/797/797 799/799/799 807/807/807
f 797/797/797 807/807/807 806/806/806
f 799/799/799 800/800/800 808/808/808
f 799/799/799 808/808/808 807/807/807
f 805/805/805 590/590/590 804/804/804
f 590/590/590 589/589/589 804/804/804
f 809/809/809 590/590/590 805/805/805
f 806/806/806 809/809/809 805/805/805
f 809/809/809 587/587/587 590/590/590
f 807/807/807 810/810/810 806/806/806
f 810/810/810 809/809/809 806/806/806
f 811/811/811 587/587/587 809/809/809
f 810/810/810 811/811/811 809/809/809
f 811/811/811 586/586/586 587/587/587
f 812/812/812 810/810/810 807/807/807
f 808/808/808 812/812/812 807/807/807
f 800/800/800 813/813/813 808/808/808
f 800/800/800 801/801/801 813/813/813
f 814/814/814 586/586/586 811/811/811
f 814/814/814 584/584/584 586/586/586
f 815/815/815 811/811/811 810/810/810
f 812/812/812 815/815/815 810/810/810
f 815/815/815 814/814/814 811/811/811
f 816/816/816 812/812/812 808/808/808
f 813/813/813 816/816/816 808/808/808
f 817/817/817 584/584/584 814/814/814
f 817/817/817 580/580/580 584/584/584
f 818/818/818 815/815/815 812/812/812
f 816/816/816 818/818/818 812/812/812
f 819/819/819 814/814/814 815/815/815
f 819/819/819 817/817/817 814/814/814
f 818/818/818 819/819/819 815/815/815
f 820/820/820 580/580/580 817/817/817
f 580/580/580 820/820/820 581/581/581
f 821/821/821 817/817/817 819/819/819
f 821/821/821 820/820/820 817/817/817
f 822/822/822 819/819/819 818/818/818
f 822/822/822 821/821/821 819/819/819
f 823/823/823 818/818/818 816/816/816
f 823/823/823 822/822/822 818/818/818
f 824/824/824 816/816/816 813/813/813
f 824/824/824 823/823/823 816/816/816
f 825/825/825 820/820/820 821/821/821
f 820/820/820 825/825/825 581/581/581
f 826/826/826 821/821/821 822/822/822
f 826/826/826 825/825/825 821/821/821
f 827/827/827 822/822/822 823/823/823
f 827/827/827 826/826/826 822/822/822
f 828/828/828 825/825/825 826/826/826
f 825/825/825 828/828/828 581/581/581
f 829/829/829 828/828/828 826/826/826
f 829/829/829 826/826/826 827/827/827
f 830/830/830 827/827/827 823/823/823
f 830/830/830 823/823/823 824/824/824
f 831/831/831 824/824/824 813/813/813
f 801/801/801 831/831/831 813/813/813
f 828/828/828 832/832/832 581/581/581
f 832/832/832 828/828/828 829/829/829
f 833/833/833 829/829/829 827/827/827
f 833/833/833 827/827/827 830/830/830
f 834/834/834 830/830/830 824/824/824
f 834/834/834 824/824/824 831/831/831
f 801/801/801 835/835/835 831/831/831
f 835/835/835 801/801/801 795/795/795
f 832/832/832 836/836/836 581/581/581
f 836/836/836 837/837/837 581/581/581
f 838/838/838 832/832/832 829/829/829
f 838/838/838 829/829/829 833/833/833
f 836/836/836 832/832/832 838/838/838
f 839/839/839 833/833/833 830/830/830
f 839/839/839 830/830/830 834/834/834
f 840/840/840 834/834/834 831/831/831
f 835/835/835 840/840/840 831/831/831
f 841/841/841 835/835/835 795/795/795
f 841/841/841 795/795/795 794/794/794
f 836/836/836 842/842/842 837/837/837
f 842/842/842 843/843/843 837/837/837
f 843/843/843 842/842/842 844/844/844
f 845/845/845 833/833/833 839/839/839
f 845/845/845 838/838/838 833/833/833
f 846/846/846 836/836/836 838/838/838
f 842/842/842 836/836/836 846/846/846
f 846/846/846 838/838/838 845/845/845
f 835/835/835 847/847/847 840/840/840
f 847/847/847 835/835/835 841/841/841
f 848/848/848 841/841/841 794/794/794
f 848/848/848 794/794/794 793/793/793
f 849/849/849 847/847/847 841/841/841
f 849/849/849 841/841/841 848/848/848
f 850/850/850 848/848/848 793/793/793
f 850/850/850 793/793/793 792/792/792
f 851/851/851 849/849/849 848/848/848
f 851/851/851 848/848/848 850/850/850
f 852/852/852 850/850/850 792/792/792
f 852/852/852 792/792/792 796/796/796
f 853/853/853 851/851/851 850/850/850
f 853/853/853 850/850/850 852/852/852
f 854/854/854 852/852/852 796/796/796
f 854/854/854 796/796/796 781/781/781
f 855/855/855 852/852/852 854/854/854
f 855/855/855 853/853/853 852/852/852
f 856/856/856 854/854/854 781/781/781
f 856/856/856 855/855/855 854/854/854
f 857/857/857 847/847/847 849/849/849
f 858/858/858 849/849/849 851/851/851
f 858/858/858 857/857/857 849/849/849
f 859/859/859 851/851/851 853/853/853
f 859/859/859 858/858/858 851/851/851
f 860/860/860 853/853/853 855/855/855
f 860/860/860 859/859/859 853/853/853
f 861/861/861 855/855/855 856/856/856
f 861/861/861 860/860/860 855/855/855
f 862/862/862 856/856/856 781/781/781
f 862/862/862 861/861/861 856/856/856
f 863/863/863 862/862/862 781/781/781
f 864/864/864 863/863/863 781/781/781
f 865/865/865 861/861/861 862/862/862
f 863/863/863 865/865/865 862/862/862
f 866/866/866 860/860/860 861/861/861
f 865/865/865 866/866/866 861/861/861
f 867/867/867 859/859/859 860/860/860
f 866/866/866 867/867/867 860/860/860
f 868/868/868 858/858/858 859/859/859
f 867/867/867 868/868/868 859/859/859
f 869/869/869 863/863/863 864/864/864
f 870/870/870 869/869/869 864/864/864
f 869/869/869 870/870/870 871/871/871
f 872/872/872 865/865/865 863/863/863
f 869/869/869 872/872/872 863/863/863
f 873/873/873 866/866/866 865/865/865
f 872/872/872 873/873/873 865/865/865
f 874/874/874 867/867/867 866/866/866
f 873/873/873 874/874/874 866/866/866
f 868/868/868 875/875/875 858/858/858
f 875/875/875 857/857/857 858/858/858
f 876/876/876 868/868/868 867/867/867
f 874/874/874 876/876/876 867/867/867
f 877/877/877 875/875/875 868/868/868
f 876/876/876 877/877/877 868/868/868
f 878/878/878 869/869/869 871/871/871
f 879/879/879 872/872/872 869/869/869
f 878/878/878 879/879/879 869/869/869
f 880/880/880 873/873/873 872/872/872
f 879/879/879 880/880/880 872/872/872
f 881/881/881 874/874/874 873/873/873
f 880/880/880 881/881/881 873/873/873
f 882/882/882 876/876/876 874/874/874
f 881/881/881 882/882/882 874/874/874
f 883/883/883 878/878/878 871/871/871
f 884/884/884 883/883/883 871/871/871
f 885/885/885 879/879/879 878/878/878
f 883/883/883 885/885/885 878/878/878
f 886/886/886 880/880/880 879/879/879
f 885/885/885 886/886/886 879/879/879
f 887/887/887 881/881/881 880/880/880
f 886/886/886 887/887/887 880/880/880
f 888/888/888 883/883/883 884/884/884
f 889/889/889 888/888/888 884/884/884
f 888/888/888 889/889/889 890/890/890
f 891/891/891 885/885/885 883/883/883
f 888/888/888 891/891/891 883/883/883
f 892/892/892 886/886/886 885/885/885
f 891/891/891 892/892/892 885/885/885
f 893/893/893 882/882/882 881/881/881
f 887/887/887 893/893/893 881/881/881
f 894/894/894 887/887/887 886/886/886
f 892/892/892 894/894/894 886/886/886
f 895/895/895 893/893/893 887/887/887
f 894/894/894 895/895/895 887/887/887
f 896/896/896 888/888/888 890/890/890
f 897/897/897 891/891/891 888/888/888
f 896/896/896 897/897/897 888/888/888
f 898/898/898 892/892/892 891/891/891
f 897/897/897 898/898/898 891/891/891
f 899/899/899 894/894/894 892/892/892
f 898/898/898 899/899/899 892/892/892
f 900/900/900 896/896/896 890/890/890
f 901/901/901 900/900/900 890/890/890
f 900/900/900 901/901/901 902/902/902
f 903/903/903 897/897/897 896/896/896
f 900/900/900 903/903/903 896/896/896
f 904/904/904 898/898/898 897/897/897
f 903/903/903 904/904/904 897/897/897
f 905/905/905 900/900/900 902/902/902
f 905/905/905 902/902/902 906/906/906
f 907/907/907 903/903/903 900/900/900
f 905/905/905 907/907/907 900/900/900
f 908/908/908 905/905/905 906/906/906
f 908/908/908 906/906/906 909/909/909
f 910/910/910 899/899/899 898/898/898
f 904/904/904 910/910/910 898/898/898
f 911/911/911 904/904/904 903/903/903
f 907/907/907 911/911/911 903/903/903
f 912/912/912 907/907/907 905/905/905
f 908/908/908 912/912/912 905/905/905
f 913/913/913 908/908/908 909/909/909
f 913/913/913 909/909/909 914/914/914
f 915/915/915 910/910/910 904/904/904
f 911/911/911 915/915/915 904/904/904
f 916/916/916 911/911/911 907/907/907
f 912/912/912 916/916/916 907/907/907
f 917/917/917 912/912/912 908/908/908
f 913/913/913 917/917/917 908/908/908
f 918/918/918 915/915/915 911/911/911
f 916/916/916 918/918/918 911/911/911
f 919/919/919 916/916/916 912/912/912
f 917/917/917 919/919/919 912/912/912
f 920/920/920 918/918/918 916/916/916
f 919/919/919 920/920/920 916/916/916
f 921/921/921 913/913/913 914/914/914
f 922/922/922 917/917/917 913/913/913
f 921/921/921 922/922/922 913/913/913
f 923/923/923 919/919/919 917/917/917
f 922/922/922 923/923/923 917/917/917
f 924/924/924 921/921/921 914/914/914
f 925/925/925 924/924/924 914/914/914
f 924/924/924 925/925/925 926/926/926
f 927/927/927 922/922/922 921/921/921
f 924/924/924 927/927/927 921/921/921
f 928/928/928 924/924/924 926/926/926
f 928/928/928 926/926/926 929/929/929
f 930/930/930 920/920/920 919/919/919
f 923/923/923 930/930/930 919/919/919
f 931/931/931 923/923/923 922/922/922
f 927/927/927 931/931/931 922/922/922
f 932/932/932 927/927/927 924/924/924
f 928/928/928 932/932/932 924/924/924
f 933/933/933 930/930/930 923/923/923
f 931/931/931 933/933/933 923/923/923
f 934/934/934 931/931/931 927/927/927
f 932/932/932 934/934/934 927/927/927
f 935/935/935 933/933/933 931/931/931
f 934/934/934 935/935/935 931/931/931
f 936/936/936 928/928/928 929/929/929
f 937/937/937 932/932/932 928/928/928
f 936/936/936 937/937/937 928/928/928
f 938/938/938 934/934/934 932/932/932
f 937/937/937 938/938/938 932/932/932
f 939/939/939 936/936/936 929/929/929
f 940/940/940 939/939/939 929/929/929
f 939/939/939 940/940/940 941/941/941
f 942/942/942 937/937/937 936/936/936
f 939/939/939 942/942/942 936/936/936
f 943/943/943 939/939/939 941/941/941
f 943/943/943 941/941/941 944/944/944
f 945/945/945 935/935/935 934/934/934
f 938/938/938 945/945/945 934/934/934
f 946/946/946 938/938/938 937/937/937
f 942/942/942 946/946/946 937/937/937
f 947/947/947 942/942/942 939/939/939
f 943/943/943 947/947/947 939/939/939
f 948/948/948 943/943/943 944/944/944
f 948/948/948 944/944/944 949/949/949
f 950/950/950 945/945/945 938/938/938
f 946/946/946 950/950/950 938/938/938
f 951/951/951 946/946/946 942/942/942
f 947/947/947 951/951/951 942/942/942
f 952/952/952 947/947/947 943/943/943
f 948/948/948 952/952/952 943/943/943
f 953/953/953 950/950/950 946/946/946
f 951/951/951 953/953/953 946/946/946
f 954/954/954 951/951/951 947/947/947
f 952/952/952 954/954/954 947/947/947
f 955/955/955 953/953/953 951/951/951
f 954/954/954 955/955/955 951/951/951
f 950/950/950 956/956/956 945/945/945
f 953/953/953 957/957/957 950/950/950
f 957/957/957 956/956/956 950/950/950
f 955/955/955 958/958/958 953/953/953
f 958/958/958 957/957/957 953/953/953
f 956/956/956 959/959/959 945/945/945
f 945/945/945 959/959/959 935/935/935
f 959/959/959 960/960/960 935/935/935
f 935/935/935 960/960/960 933/933/933
f 960/960/960 961/961/961 933/933/933
f 933/933/933 961/961/961 930/930/930
f 961/961/961 962/962/962 930/930/930
f 930/930/930 962/962/962 920/920/920
f 962/962/962 963/963/963 920/920/920
f 920/920/920 963/963/963 918/918/918
f 963/963/963 964/964/964 918/918/918
f 918/918/918 964/964/964 915/915/915
f 964/964/964 965/965/965 915/915/915
f 915/915/915 965/965/965 910/910/910
f 965/965/965 966/966/966 910/910/910
f 910/910/910 966/966/966 899/899/899
f 966/966/966 967/967/967 899/899/899
f 899/899/899 967/967/967 894/894/894
f 967/967/967 895/895/895 894/894/894
f 961/961/961 968/968/968 962/962/962
f 962/962/962 969/969/969 963/963/963
f 968/968/968 969/969/969 962/962/962
f 963/963/963 970/970/970 964/964/964
f 969/969/969 970/970/970 963/963/963
f 964/964/964 971/971/971 965/965/965
f 970/970/970 971/971/971 964/964/964
f 965/965/965 972/972/972 966/966/966
f 971/971/971 972/972/972 965/965/965
f 966/966/966 973/973/973 967/967/967
f 972/972/972 973/973/973 966/966/966
f 967/967/967 974/974/974 895/895/895
f 973/973/973 974/974/974 967/967/967
f 975/975/975 968/968/968 961/961/961
f 960/960/960 975/975/975 961/961/961
f 974/974/974 976/976/976 895/895/895
f 895/895/895 976/976/976 893/893/893
f 977/977/977 975/975/975 960/960/960
f 959/959/959 977/977/977 960/960/960
f 976/976/976 978/978/978 893/893/893
f 893/893/893 978/978/978 882/882/882
f 979/979/979 977/977/977 959/959/959
f 956/956/956 979/979/979 959/959/959
f 978/978/978 980/980/980 882/882/882
f 882/882/882 980/980/980 876/876/876
f 980/980/980 877/877/877 876/876/876
f 981/981/981 979/979/979 956/956/956
f 957/957/957 981/981/981 956/956/956
f 982/982/982 981/981/981 957/957/957
f 958/958/958 982/982/982 957/957/957
f 978/978/978 976/976/976 983/983/983
f 980/980/980 978/978/978 984/984/984
f 978/978/978 983/983/983 984/984/984
f 877/877/877 980/980/980 985/985/985
f 980/980/980 984/984/984 985/985/985
f 976/976/976 986/986/986 983/983/983
f 976/976/976 974/974/974 986/986/986
f 877/877/877 985/985/985 987/987/987
f 875/875/875 877/877/877 987/987/987
f 974/974/974 988/988/988 986/986/986
f 974/974/974 973/973/973 988/988/988
f 875/875/875 987/987/987 989/989/989
f 857/857/857 875/875/875 989/989/989
f 973/973/973 990/990/990 988/988/988
f 973/973/973 972/972/972 990/990/990
f 857/857/857 989/989/989 991/991/991
f 847/847/847 857/857/857 991/991/991
f 847/847/847 991/991/991 840/840/840
f 991/991/991 992/992/992 840/840/840
f 992/992/992 834/834/834 840/840/840
f 992/992/992 839/839/839 834/834/834
f 989/989/989 993/993/993 991/991/991
f 993/993/993 992/992/992 991/991/991
f 994/994/994 839/839/839 992/992/992
f 993/993/993 994/994/994 992/992/992
f 994/994/994 845/845/845 839/839/839
f 995/995/995 993/993/993 989/989/989
f 987/987/987 995/995/995 989/989/989
f 996/996/996 845/845/845 994/994/994
f 996/996/996 846/846/846 845/845/845
f 997/997/997 994/994/994 993/993/993
f 995/995/995 997/997/997 993/993/993
f 997/997/997 996/996/996 994/994/994
f 998/998/998 995/995/995 987/987/987
f 985/985/985 998/998/998 987/987/987
f 999/999/999 846/846/846 996/996/996
f 999/999/999 842/842/842 846/846/846
f 1000/1000/1000 997/997/997 995/995/995
f 998/998/998 1000/1000/1000 995/995/995
f 1001/1001/1001 996/996/996 997/997/997
f 1001/1001/1001 999/999/999 996/996/996
f 1000/1000/1000 1001/1001/1001 997/997/997
f 1002/1002/1002 998/998/998 985/985/985
f 984/984/984 1002/1002/1002 985/985/985
f 1003/1003/1003 842/842/842 999/999/999
f 842/842/842 1003/1003/1003 844/844/844
f 1004/1004/1004 999/999/999 1001/1001/1001
f 1004/1004/1004 1003/1003/1003 999/999/999
f 1003/1003/1003 1005/1005/1005 844/844/844
f 1005/1005/1005 1003/1003/1003 1004/1004/1004
f 1005/1005/1005 1006/1006/1006 844/844/844
f 1007/1007/1007 1000/1000/1000 998/998/998
f 1002/1002/1002 1007/1007/1007 998/998/998
f 1008/1008/1008 1001/1001/1001 1000/1000/1000
f 1008/1008/1008 1004/1004/1004 1001/1001/1001
f 1007/1007/1007 1008/1008/1008 1000/1000/1000
f 1009/1009/1009 1002/1002/1002 984/984/984
f 983/983/983 1009/1009/1009 984/984/984
f 1005/1005/1005 1010/1010/1010 1006/1006/1006
f 1010/1010/1010 1011/1011/1011 1006/1006/1006
f 1011/1011/1011 1010/1010/1010 1012/1012/1012
f 1013/1013/1013 1005/1005/1005 1004/1004/1004
f 1013/1013/1013 1004/1004/1004 1008/1008/1008
f 1010/1010/1010 1005/1005/1005 1013/1013/1013
f 1014/1014/1014 1007/1007/1007 1002/1002/1002
f 1009/1009/1009 1014/1014/1014 1002/1002/1002
f 1015/1015/1015 1008/1008/1008 1007/1007/1007
f 1015/1015/1015 1013/1013/1013 1008/1008/1008
f 1014/1014/1014 1015/1015/1015 1007/1007/1007
f 1016/1016/1016 1009/1009/1009 983/983/983
f 986/986/986 1016/1016/1016 983/983/983
f 1017/1017/1017 1010/1010/1010 1013/1013/1013
f 1017/1017/1017 1013/1013/1013 1015/1015/1015
f 1010/1010/1010 1018/1018/1018 1012/1012/1012
f 1018/1018/1018 1010/1010/1010 1017/1017/1017
f 1019/1019/1019 1014/1014/1014 1009/1009/1009
f 1016/1016/1016 1019/1019/1019 1009/1009/1009
f 1020/1020/1020 1015/1015/1015 1014/1014/1014
f 1020/1020/1020 1017/1017/1017 1015/1015/1015
f 1019/1019/1019 1020/1020/1020 1014/1014/1014
f 1021/1021/1021 1016/1016/1016 986/986/986
f 988/988/988 1021/1021/1021 986/986/986
f 1018/1018/1018 1022/1022/1022 1012/1012/1012
f 1022/1022/1022 1023/1023/1023 1012/1012/1012
f 1023/1023/1023 1022/1022/1022 1024/1024/1024
f 1025/1025/1025 1018/1018/1018 1017/1017/1017
f 1025/1025/1025 1017/1017/1017 1020/1020/1020
f 1022/1022/1022 1018/1018/1018 1025/1025/1025
f 1026/1026/1026 1019/1019/1019 1016/1016/1016
f 1021/1021/1021 1026/1026/1026 1016/1016/1016
f 1027/1027/1027 1020/1020/1020 1019/1019/1019
f 1027/1027/1027 1025/1025/1025 1020/1020/1020
f 1026/1026/1026 1027/1027/1027 1019/1019/1019
f 1028/1028/1028 1021/1021/1021 988/988/988
f 990/990/990 1028/1028/1028 988/988/988
f 1022/1022/1022 1029/1029/1029 1024/1024/1024
f 1024/1024/1024 1029/1029/1029 1030/1030/1030
f 1031/1031/1031 1022/1022/1022 1025/1025/1025
f 1031/1031/1031 1025/1025/1025 1027/1027/1027
f 1029/1029/1029 1022/1022/1022 1031/1031/1031
f 1032/1032/1032 1026/1026/1026 1021/1021/1021
f 1028/1028/1028 1032/1032/1032 1021/1021/1021
f 1033/1033/1033 1027/1027/1027 1026/1026/1026
f 1033/1033/1033 1031/1031/1031 1027/1027/1027
f 1032/1032/1032 1033/1033/1033 1026/1026/1026
f 1029/1029/1029 1034/1034/1034 1030/1030/1030
f 1030/1030/1030 1034/1034/1034 1035/1035/1035
f 1036/1036/1036 1029/1029/1029 1031/1031/1031
f 1036/1036/1036 1031/1031/1031 1033/1033/1033
f 1034/1034/1034 1029/1029/1029 1036/1036/1036
f 1037/1037/1037 1033/1033/1033 1032/1032/1032
f 1037/1037/1037 1036/1036/1036 1033/1033/1033
f 1038/1038/1038 1032/1032/1032 1028/1028/1028
f 1038/1038/1038 1037/1037/1037 1032/1032/1032
f 1034/1034/1034 1039/1039/1039 1035/1035/1035
f 1035/1035/1035 1039/1039/1039 1040/1040/1040
f 1041/1041/1041 1034/1034/1034 1036/1036/1036
f 1041/1041/1041 1036/1036/1036 1037/1037/1037
f 1039/1039/1039 1034/1034/1034 1041/1041/1041
f 1042/1042/1042 1041/1041/1041 1037/1037/1037
f 1042/1042/1042 1037/1037/1037 1038/1038/1038
f 1043/1043/1043 1038/1038/1038 1028/1028/1028
f 1043/1043/1043 1028/1028/1028 990/990/990
f 1044/1044/1044 1039/1039/1039 1041/1041/1041
f 1044/1044/1044 1041/1041/1041 1042/1042/1042
f 1039/1039/1039 1045/1045/1045 1040/1040/1040
f 1045/1045/1045 1039/1039/1039 1044/1044/1044
f 1046/1046/1046 1042/1042/1042 1038/1038/1038
f 1046/1046/1046 1038/1038/1038 1043/1043/1043
f 1047/1047/1047 1043/1043/1043 990/990/990
f 972/972/972 1047/1047/1047 990/990/990
f 972/972/972 971/971/971 1047/1047/1047
f 1045/1045/1045 1048/1048/1048 1040/1040/1040
f 1048/1048/1048 1049/1049/1049 1040/1040/1040
f 1049/1049/1049 1048/1048/1048 1050/1050/1050
f 1051/1051/1051 1044/1044/1044 1042/1042/1042
f 1051/1051/1051 1042/1042/1042 1046/1046/1046
f 1052/1052/1052 1045/1045/1045 1044/1044/1044
f 1048/1048/1048 1045/1045/1045 1052/1052/1052
f 1052/1052/1052 1044/1044/1044 1051/1051/1051
f 1053/1053/1053 1043/1043/1043 1047/1047/1047
f 1053/1053/1053 1046/1046/1046 1043/1043/1043
f 971/971/971 1054/1054/1054 1047/1047/1047
f 1054/1054/1054 1053/1053/1053 1047/1047/1047
f 971/971/971 970/970/970 1054/1054/1054
f 1048/1048/1048 1055/1055/1055 1050/1050/1050
f 1050/1050/1050 1055/1055/1055 1056/1056/1056
f 1057/1057/1057 1051/1051/1051 1046/1046/1046
f 1057/1057/1057 1046/1046/1046 1053/1053/1053
f 1058/1058/1058 1052/1052/1052 1051/1051/1051
f 1058/1058/1058 1051/1051/1051 1057/1057/1057
f 1059/1059/1059 1048/1048/1048 1052/1052/1052
f 1055/1055/1055 1048/1048/1048 1059/1059/1059
f 1059/1059/1059 1052/1052/1052 1058/1058/1058
f 970/970/970 1060/1060/1060 1054/1054/1054
f 970/970/970 969/969/969 1060/1060/1060
f 1061/1061/1061 1053/1053/1053 1054/1054/1054
f 1061/1061/1061 1057/1057/1057 1053/1053/1053
f 1060/1060/1060 1061/1061/1061 1054/1054/1054
f 1062/1062/1062 1058/1058/1058 1057/1057/1057
f 1062/1062/1062 1057/1057/1057 1061/1061/1061
f 1063/1063/1063 1059/1059/1059 1058/1058/1058
f 1063/1063/1063 1058/1058/1058 1062/1062/1062
f 1064/1064/1064 1055/1055/1055 1059/1059/1059
f 1064/1064/1064 1059/1059/1059 1063/1063/1063
f 969/969/969 1065/1065/1065 1060/1060/1060
f 969/969/969 968/968/968 1065/1065/1065
f 1066/1066/1066 1061/1061/1061 1060/1060/1060
f 1066/1066/1066 1062/1062/1062 1061/1061/1061
f 1065/1065/1065 1066/1066/1066 1060/1060/1060
f 1067/1067/1067 1063/1063/1063 1062/1062/1062
f 1067/1067/1067 1062/1062/1062 1066/1066/1066
f 968/968/968 1068/1068/1068 1065/1065/1065
f 968/968/968 975/975/975 1068/1068/1068
f 1069/1069/1069 1066/1066/1066 1065/1065/1065
f 1069/1069/1069 1067/1067/1067 1066/1066/1066
f 1068/1068/1068 1069/1069/1069 1065/1065/1065
f 1070/1070/1070 1063/1063/1063 1067/1067/1067
f 1070/1070/1070 1064/1064/1064 1063/1063/1063
f 1071/1071/1071 1055/1055/1055 1064/1064/1064
f 1055/1055/1055 1071/1071/1071 1056/1056/1056
f 975/975/975 1072/1072/1072 1068/1068/1068
f 975/975/975 977/977/977 1072/1072/1072
f 1073/1073/1073 1069/1069/1069 1068/1068/1068
f 1072/1072/1072 1073/1073/1073 1068/1068/1068
f 1074/1074/1074 1067/1067/1067 1069/1069/1069
f 1074/1074/1074 1070/1070/1070 1067/1067/1067
f 1073/1073/1073 1074/1074/1074 1069/1069/1069
f 1075/1075/1075 1064/1064/1064 1070/1070/1070
f 1075/1075/1075 1071/1071/1071 1064/1064/1064
f 1071/1071/1071 1076/1076/1076 1056/1056/1056
f 1076/1076/1076 1071/1071/1071 1075/1075/1075
f 1076/1076/1076 1077/1077/1077 1056/1056/1056
f 1077/1077/1077 1076/1076/1076 1078/1078/1078
f 977/977/977 1079/1079/1079 1072/1072/1072
f 977/977/977 979/979/979 1079/1079/1079
f 1080/1080/1080 1070/1070/1070 1074/1074/1074
f 1080/1080/1080 1075/1075/1075 1070/1070/1070
f 1081/1081/1081 1073/1073/1073 1072/1072/1072
f 1079/1079/1079 1081/1081/1081 1072/1072/1072
f 1082/1082/1082 1074/1074/1074 1073/1073/1073
f 1082/1082/1082 1080/1080/1080 1074/1074/1074
f 1081/1081/1081 1082/1082/1082 1073/1073/1073
f 1076/1076/1076 1083/1083/1083 1078/1078/1078
f 1078/1078/1078 1083/1083/1083 1084/1084/1084
f 1085/1085/1085 1076/1076/1076 1075/1075/1075
f 1085/1085/1085 1075/1075/1075 1080/1080/1080
f 1083/1083/1083 1076/1076/1076 1085/1085/1085
f 979/979/979 1086/1086/1086 1079/1079/1079
f 979/979/979 981/981/981 1086/1086/1086
f 1087/1087/1087 1080/1080/1080 1082/1082/1082
f 1087/1087/1087 1085/1085/1085 1080/1080/1080
f 1088/1088/1088 1081/1081/1081 1079/1079/1079
f 1086/1086/1086 1088/1088/1088 1079/1079/1079
f 1089/1089/1089 1082/1082/1082 1081/1081/1081
f 1089/1089/1089 1087/1087/1087 1082/1082/1082
f 1088/1088/1088 1089/1089/1089 1081/1081/1081
f 1083/1083/1083 1090/1090/1090 1084/1084/1084
f 1084/1084/1084 1090/1090/1090 1091/1091/1091
f 1092/1092/1092 1083/1083/1083 1085/1085/1085
f 1092/1092/1092 1085/1085/1085 1087/1087/1087
f 1090/1090/1090 1083/1083/1083 1092/1092/1092
f 981/981/981 1093/1093/1093 1086/1086/1086
f 981/981/981 982/982/982 1093/1093/1093
f 1094/1094/1094 1087/1087/1087 1089/1089/1089
f 1094/1094/1094 1092/1092/1092 1087/1087/1087
f 1095/1095/1095 1088/1088/1088 1086/1086/1086
f 1093/1093/1093 1095/1095/1095 1086/1086/1086
f 1096/1096/1096 1089/1089/1089 1088/1088/1088
f 1096/1096/1096 1094/1094/1094 1089/1089/1089
f 1095/1095/1095 1096/1096/1096 1088/1088/1088
f 1097/1097/1097 1090/1090/1090 1092/1092/1092
f 1097/1097/1097 1092/1092/1092 1094/1094/1094
f 1098/1098/1098 1094/1094/1094 1096/1096/1096
f 1098/1098/1098 1097/1097/1097 1094/1094/1094
f 1099/1099/1099 1096/1096/1096 1095/1095/1095
f 1099/1099/1099 1098/1098/1098 1096/1096/1096
f 1100/1100/1100 1095/1095/1095 1093/1093/1093
f 1100/1100/1100 1099/1099/1099 1095/1095/1095
f 982/982/982 1101/1101/1101 1093/1093/1093
f 1101/1101/1101 1100/1100/1100 1093/1093/1093
f 1102/1102/1102 1090/1090/1090 1097/1097/1097
f 1090/1090/1090 1102/1102/1102 1091/1091/1091
f 1103/1103/1103 1097/1097/1097 1098/1098/1098
f 1103/1103/1103 1102/1102/1102 1097/1097/1097
f 1104/1104/1104 1098/1098/1098 1099/1099/1099
f 1104/1104/1104 1103/1103/1103 1098/1098/1098
f 1105/1105/1105 1099/1099/1099 1100/1100/1100
f 1105/1105/1105 1104/1104/1104 1099/1099/1099
f 1106/1106/1106 1102/1102/1102 1103/1103/1103
f 1102/1102/1102 1106/1106/1106 1091/1091/1091
f 1107/1107/1107 1103/1103/1103 1104/1104/1104
f 1107/1107/1107 1106/1106/1106 1103/1103/1103
f 1106/1106/1106 1108/1108/1108 1091/1091/1091
f 1108/1108/1108 1106/1106/1106 1107/1107/1107
f 1109/1109/1109 1107/1107/1107 1104/1104/1104
f 1109/1109/1109 1104/1104/1104 1105/1105/1105
f 1110/1110/1110 1105/1105/1105 1100/1100/1100
f 1110/1110/1110 1100/1100/1100 1101/1101/1101
f 1108/1108/1108 1111/1111/1111 1091/1091/1091
f 1111/1111/1111 1112/1112/1112 1091/1091/1091
f 1113/1113/1113 1108/1108/1108 1107/1107/1107
f 1113/1113/1113 1107/1107/1107 1109/1109/1109
f 1111/1111/1111 1108/1108/1108 1113/1113/1113
f 1114/1114/1114 1109/1109/1109 1105/1105/1105
f 1114/1114/1114 1105/1105/1105 1110/1110/1110
f 1111/1111/1111 1115/1115/1115 1112/1112/1112
f 1115/1115/1115 1116/1116/1116 1112/1112/1112
f 1117/1117/1117 1113/1113/1113 1109/1109/1109
f 1117/1117/1117 1109/1109/1109 1114/1114/1114
f 1118/1118/1118 1111/1111/1111 1113/1113/1113
f 1115/1115/1115 1111/1111/1111 1118/1118/1118
f 1118/1118/1118 1113/1113/1113 1117/1117/1117
f 1115/1115/1115 1119/1119/1119 1116/1116/1116
f 1119/1119/1119 1120/1120/1120 1116/1116/1116
f 1120/1120/1120 1119/1119/1119 1121/1121/1121
f 1122/1122/1122 1115/1115/1115 1118/1118/1118
f 1119/1119/1119 1115/1115/1115 1122/1122/1122
f 1123/1123/1123 1118/1118/1118 1117/1117/1117
f 1122/1122/1122 1118/1118/1118 1123/1123/1123
f 1124/1124/1124 1117/1117/1117 1114/1114/1114
f 1123/1123/1123 1117/1117/1117 1124/1124/1124
f 1119/1119/1119 1125/1125/1125 1121/1121/1121
f 1121/1121/1121 1125/1125/1125 1126/1126/1126
f 1127/1127/1127 1119/1119/1119 1122/1122/1122
f 1125/1125/1125 1119/1119/1119 1127/1127/1127
f 1128/1128/1128 1122/1122/1122 1123/1123/1123
f 1127/1127/1127 1122/1122/1122 1128/1128/1128
f 1125/1125/1125 1129/1129/1129 1126/1126/1126
f 1126/1126/1126 1129/1129/1129 1130/1130/1130
f 1131/1131/1131 1125/1125/1125 1127/1127/1127
f 1129/1129/1129 1125/1125/1125 1131/1131/1131
f 1129/1129/1129 1132/1132/1132 1130/1130/1130
f 1130/1130/1130 1132/1132/1132 1133/1133/1133
f 1124/1124/1124 1114/1114/1114 1134/1134/1134
f 1134/1134/1134 1114/1114/1114 1110/1110/1110
f 1135/1135/1135 1123/1123/1123 1124/1124/1124
f 1128/1128/1128 1123/1123/1123 1135/1135/1135
f 1136/1136/1136 1127/1127/1127 1128/1128/1128
f 1131/1131/1131 1127/1127/1127 1136/1136/1136
f 1137/1137/1137 1129/1129/1129 1131/1131/1131
f 1132/1132/1132 1129/1129/1129 1137/1137/1137
f 1134/1134/1134 1110/1110/1110 1138/1138/1138
f 1138/1138/1138 1110/1110/1110 1101/1101/1101
f 1139/1139/1139 1124/1124/1124 1134/1134/1134
f 1135/1135/1135 1124/1124/1124 1139/1139/1139
f 1140/1140/1140 1128/1128/1128 1135/1135/1135
f 1136/1136/1136 1128/1128/1128 1140/1140/1140
f 1141/1141/1141 1131/1131/1131 1136/1136/1136
f 1137/1137/1137 1131/1131/1131 1141/1141/1141
f 1142/1142/1142 1138/1138/1138 1101/1101/1101
f 982/982/982 1142/1142/1142 1101/1101/1101
f 1142/1142/1142 982/982/982 958/958/958
f 1143/1143/1143 1134/1134/1134 1138/1138/1138
f 1139/1139/1139 1134/1134/1134 1143/1143/1143
f 1144/1144/1144 1135/1135/1135 1139/1139/1139
f 1140/1140/1140 1135/1135/1135 1144/1144/1144
f 1145/1145/1145 1136/1136/1136 1140/1140/1140
f 1141/1141/1141 1136/1136/1136 1145/1145/1145
f 1146/1146/1146 1142/1142/1142 958/958/958
f 1146/1146/1146 958/958/958 955/955/955
f 1142/1142/1142 1147/1147/1147 1138/1138/1138
f 1147/1147/1147 1143/1143/1143 1138/1138/1138
f 1147/1147/1147 1142/1142/1142 1146/1146/1146
f 1148/1148/1148 1139/1139/1139 1143/1143/1143
f 1144/1144/1144 1139/1139/1139 1148/1148/1148
f 1149/1149/1149 1140/1140/1140 1144/1144/1144
f 1145/1145/1145 1140/1140/1140 1149/1149/1149
f 1150/1150/1150 1146/1146/1146 955/955/955
f 1150/1150/1150 955/955/955 954/954/954
f 1147/1147/1147 1151/1151/1151 1143/1143/1143
f 1151/1151/1151 1148/1148/1148 1143/1143/1143
f 1152/1152/1152 1147/1147/1147 1146/1146/1146
f 1152/1152/1152 1146/1146/1146 1150/1150/1150
f 1151/1151/1151 1147/1147/1147 1152/1152/1152
f 1153/1153/1153 1144/1144/1144 1148/1148/1148
f 1149/1149/1149 1144/1144/1144 1153/1153/1153
f 1154/1154/1154 1150/1150/1150 954/954/954
f 1154/1154/1154 954/954/954 952/952/952
f 1155/1155/1155 1152/1152/1152 1150/1150/1150
f 1155/1155/1155 1150/1150/1150 1154/1154/1154
f 1151/1151/1151 1156/1156/1156 1148/1148/1148
f 1156/1156/1156 1153/1153/1153 1148/1148/1148
f 1157/1157/1157 1151/1151/1151 1152/1152/1152
f 1157/1157/1157 1152/1152/1152 1155/1155/1155
f 1156/1156/1156 1151/1151/1151 1157/1157/1157
f 1158/1158/1158 1154/1154/1154 952/952/952
f 1158/1158/1158 952/952/952 948/948/948
f 1159/1159/1159 1155/1155/1155 1154/1154/1154
f 1159/1159/1159 1154/1154/1154 1158/1158/1158
f 1160/1160/1160 1157/1157/1157 1155/1155/1155
f 1160/1160/1160 1155/1155/1155 1159/1159/1159
f 1161/1161/1161 1156/1156/1156 1157/1157/1157
f 1161/1161/1161 1157/1157/1157 1160/1160/1160
f 1156/1156/1156 1162/1162/1162 1153/1153/1153
f 1162/1162/1162 1156/1156/1156 1161/1161/1161
f 1163/1163/1163 1158/1158/1158 948/948/948
f 1163/1163/1163 948/948/948 949/949/949
f 1164/1164/1164 1159/1159/1159 1158/1158/1158
f 1164/1164/1164 1158/1158/1158 1163/1163/1163
f 1165/1165/1165 1160/1160/1160 1159/1159/1159
f 1165/1165/1165 1159/1159/1159 1164/1164/1164
f 1166/1166/1166 1161/1161/1161 1160/1160/1160
f 1166/1166/1166 1160/1160/1160 1165/1165/1165
f 1167/1167/1167 1164/1164/1164 1163/1163/1163
f 1167/1167/1167 1163/1163/1163 949/949/949
f 1168/1168/1168 1165/1165/1165 1164/1164/1164
f 1168/1168/1168 1164/1164/1164 1167/1167/1167
f 1169/1169/1169 1167/1167/1167 949/949/949
f 1169/1169/1169 1168/1168/1168 1167/1167/1167
f 1170/1170/1170 1165/1165/1165 1168/1168/1168
f 1170/1170/1170 1166/1166/1166 1165/1165/1165
f 1171/1171/1171 1161/1161/1161 1166/1166/1166
f 1171/1171/1171 1162/1162/1162 1161/1161/1161
f 1172/1172/1172 1169/1169/1169 949/949/949
f 1173/1173/1173 1172/1172/1172 949/949/949
f 1174/1174/1174 1168/1168/1168 1169/1169/1169
f 1174/1174/1174 1170/1170/1170 1168/1168/1168
f 1172/1172/1172 1174/1174/1174 1169/1169/1169
f 1175/1175/1175 1166/1166/1166 1170/1170/1170
f 1175/1175/1175 1171/1171/1171 1166/1166/1166
f 1176/1176/1176 1172/1172/1172 1173/1173/1173
f 1177/1177/1177 1176/1176/1176 1173/1173/1173
f 1178/1178/1178 1174/1174/1174 1172/1172/1172
f 1176/1176/1176 1178/1178/1178 1172/1172/1172
f 1179/1179/1179 1170/1170/1170 1174/1174/1174
f 1179/1179/1179 1175/1175/1175 1170/1170/1170
f 1178/1178/1178 1179/1179/1179 1174/1174/1174
f 1180/1180/1180 1176/1176/1176 1177/1177/1177
f 1181/1181/1181 1180/1180/1180 1177/1177/1177
f 1180/1180/1180 1181/1181/1181 1182/1182/1182
f 1183/1183/1183 1178/1178/1178 1176/1176/1176
f 1180/1180/1180 1183/1183/1183 1176/1176/1176
f 1184/1184/1184 1179/1179/1179 1178/1178/1178
f 1183/1183/1183 1184/1184/1184 1178/1178/1178
f 1185/1185/1185 1175/1175/1175 1179/1179/1179
f 1184/1184/1184 1185/1185/1185 1179/1179/1179
f 1186/1186/1186 1171/1171/1171 1175/1175/1175
f 1185/1185/1185 1186/1186/1186 1175/1175/1175
f 1187/1187/1187 1180/1180/1180 1182/1182/1182
f 1187/1187/1187 1182/1182/1182 1188/1188/1188
f 1189/1189/1189 1183/1183/1183 1180/1180/1180
f 1187/1187/1187 1189/1189/1189 1180/1180/1180
f 1190/1190/1190 1184/1184/1184 1183/1183/1183
f 1189/1189/1189 1190/1190/1190 1183/1183/1183
f 1191/1191/1191 1185/1185/1185 1184/1184/1184
f 1190/1190/1190 1191/1191/1191 1184/1184/1184
f 1192/1192/1192 1187/1187/1187 1188/1188/1188
f 1192/1192/1192 1188/1188/1188 1193/1193/1193
f 1194/1194/1194 1189/1189/1189 1187/1187/1187
f 1192/1192/1192 1194/1194/1194 1187/1187/1187
f 1195/1195/1195 1190/1190/1190 1189/1189/1189
f 1194/1194/1194 1195/1195/1195 1189/1189/1189
f 1196/1196/1196 1192/1192/1192 1193/1193/1193
f 1196/1196/1196 1193/1193/1193 1197/1197/1197
f 1198/1198/1198 1194/1194/1194 1192/1192/1192
f 1196/1196/1196 1198/1198/1198 1192/1192/1192
f 1191/1191/1191 1199/1199/1199 1185/1185/1185
f 1199/1199/1199 1186/1186/1186 1185/1185/1185
f 1200/1200/1200 1191/1191/1191 1190/1190/1190
f 1195/1195/1195 1200/1200/1200 1190/1190/1190
f 1201/1201/1201 1195/1195/1195 1194/1194/1194
f 1198/1198/1198 1201/1201/1201 1194/1194/1194
f 1202/1202/1202 1199/1199/1199 1191/1191/1191
f 1200/1200/1200 1202/1202/1202 1191/1191/1191
f 1203/1203/1203 1200/1200/1200 1195/1195/1195
f 1201/1201/1201 1203/1203/1203 1195/1195/1195
f 1204/1204/1204 1202/1202/1202 1200/1200/1200
f 1203/1203/1203 1204/1204/1204 1200/1200/1200
f 1205/1205/1205 1198/1198/1198 1196/1196/1196
f 1206/1206/1206 1201/1201/1201 1198/1198/1198
f 1205/1205/1205 1206/1206/1206 1198/1198/1198
f 1207/1207/1207 1203/1203/1203 1201/1201/1201
f 1206/1206/1206 1207/1207/1207 1201/1201/1201
f 1208/1208/1208 1204/1204/1204 1203/1203/1203
f 1207/1207/1207 1208/1208/1208 1203/1203/1203
f 1209/1209/1209 1205/1205/1205 1196/1196/1196
f 1209/1209/1209 1196/1196/1196 1197/1197/1197
f 1210/1210/1210 1209/1209/1209 1197/1197/1197
f 1211/1211/1211 1210/1210/1210 1197/1197/1197
f 1210/1210/1210 1211/1211/1211 1212/1212/1212
f 1213/1213/1213 1205/1205/1205 1209/1209/1209
f 1210/1210/1210 1213/1213/1213 1209/1209/1209
f 1214/1214/1214 1206/1206/1206 1205/1205/1205
f 1213/1213/1213 1214/1214/1214 1205/1205/1205
f 1215/1215/1215 1207/1207/1207 1206/1206/1206
f 1214/1214/1214 1215/1215/1215 1206/1206/1206
f 1216/1216/1216 1210/1210/1210 1212/1212/1212
f 1216/1216/1216 1212/1212/1212 1217/1217/1217
f 1218/1218/1218 1213/1213/1213 1210/1210/1210
f 1216/1216/1216 1218/1218/1218 1210/1210/1210
f 1219/1219/1219 1214/1214/1214 1213/1213/1213
f 1218/1218/1218 1219/1219/1219 1213/1213/1213
f 1215/1215/1215 1220/1220/1220 1207/1207/1207
f 1220/1220/1220 1208/1208/1208 1207/1207/1207
f 1221/1221/1221 1215/1215/1215 1214/1214/1214
f 1219/1219/1219 1221/1221/1221 1214/1214/1214
f 1222/1222/1222 1220/1220/1220 1215/1215/1215
f 1221/1221/1221 1222/1222/1222 1215/1215/1215
f 1223/1223/1223 1216/1216/1216 1217/1217/1217
f 1224/1224/1224 1218/1218/1218 1216/1216/1216
f 1223/1223/1223 1224/1224/1224 1216/1216/1216
f 1225/1225/1225 1219/1219/1219 1218/1218/1218
f 1224/1224/1224 1225/1225/1225 1218/1218/1218
f 1226/1226/1226 1221/1221/1221 1219/1219/1219
f 1225/1225/1225 1226/1226/1226 1219/1219/1219
f 1227/1227/1227 1223/1223/1223 1217/1217/1217
f 1228/1228/1228 1227/1227/1227 1217/1217/1217
f 1229/1229/1229 1224/1224/1224 1223/1223/1223
f 1227/1227/1227 1229/1229/1229 1223/1223/1223
f 1230/1230/1230 1225/1225/1225 1224/1224/1224
f 1229/1229/1229 1230/1230/1230 1224/1224/1224
f 1231/1231/1231 1227/1227/1227 1228/1228/1228
f 1232/1232/1232 1231/1231/1231 1228/1228/1228
f 1231/1231/1231 1232/1232/1232 1233/1233/1233
f 1234/1234/1234 1229/1229/1229 1227/1227/1227
f 1231/1231/1231 1234/1234/1234 1227/1227/1227
f 1235/1235/1235 1231/1231/1231 1233/1233/1233
f 1235/1235/1235 1233/1233/1233 1236/1236/1236
f 1237/1237/1237 1226/1226/1226 1225/1225/1225
f 1230/1230/1230 1237/1237/1237 1225/1225/1225
f 1238/1238/1238 1230/1230/1230 1229/1229/1229
f 1234/1234/1234 1238/1238/1238 1229/1229/1229
f 1239/1239/1239 1234/1234/1234 1231/1231/1231
f 1235/1235/1235 1239/1239/1239 1231/1231/1231
f 1240/1240/1240 1235/1235/1235 1236/1236/1236
f 1240/1240/1240 1236/1236/1236 1241/1241/1241
f 1242/1242/1242 1237/1237/1237 1230/1230/1230
f 1238/1238/1238 1242/1242/1242 1230/1230/1230
f 1243/1243/1243 1238/1238/1238 1234/1234/1234
f 1239/1239/1239 1243/1243/1243 1234/1234/1234
f 1244/1244/1244 1239/1239/1239 1235/1235/1235
f 1240/1240/1240 1244/1244/1244 1235/1235/1235
f 1245/1245/1245 1242/1242/1242 1238/1238/1238
f 1243/1243/1243 1245/1245/1245 1238/1238/1238
f 1246/1246/1246 1243/1243/1243 1239/1239/1239
f 1244/1244/1244 1246/1246/1246 1239/1239/1239
f 1247/1247/1247 1245/1245/1245 1243/1243/1243
f 1246/1246/1246 1247/1247/1247 1243/1243/1243
f 1248/1248/1248 1240/1240/1240 1241/1241/1241
f 1249/1249/1249 1244/1244/1244 1240/1240/1240
f 1248/1248/1248 1249/1249/1249 1240/1240/1240
f 1250/1250/1250 1246/1246/1246 1244/1244/1244
f 1249/1249/1249 1250/1250/1250 1244/1244/1244
f 1251/1251/1251 1248/1248/1248 1241/1241/1241
f 1252/1252/1252 1251/1251/1251 1241/1241/1241
f 1253/1253/1253 1249/1249/1249 1248/1248/1248
f 1251/1251/1251 1253/1253/1253 1248/1248/1248
f 1254/1254/1254 1251/1251/1251 1252/1252/1252
f 1255/1255/1255 1254/1254/1254 1252/1252/1252
f 1256/1256/1256 1247/1247/1247 1246/1246/1246
f 1250/1250/1250 1256/1256/1256 1246/1246/1246
f 1257/1257/1257 1250/1250/1250 1249/1249/1249
f 1253/1253/1253 1257/1257/1257 1249/1249/1249
f 1258/1258/1258 1253/1253/1253 1251/1251/1251
f 1254/1254/1254 1258/1258/1258 1251/1251/1251
f 1259/1259/1259 1254/1254/1254 1255/1255/1255
f 1260/1260/1260 1259/1259/1259 1255/1255/1255
f 1261/1261/1261 1256/1256/1256 1250/1250/1250
f 1257/1257/1257 1261/1261/1261 1250/1250/1250
f 1262/1262/1262 1257/1257/1257 1253/1253/1253
f 1258/1258/1258 1262/1262/1262 1253/1253/1253
f 1263/1263/1263 1258/1258/1258 1254/1254/1254
f 1259/1259/1259 1263/1263/1263 1254/1254/1254
f 1264/1264/1264 1259/1259/1259 1260/1260/1260
f 1265/1265/1265 1264/1264/1264 1260/1260/1260
f 1264/1264/1264 1265/1265/1265 1266/1266/1266
f 1267/1267/1267 1261/1261/1261 1257/1257/1257
f 1262/1262/1262 1267/1267/1267 1257/1257/1257
f 1268/1268/1268 1262/1262/1262 1258/1258/1258
f 1263/1263/1263 1268/1268/1268 1258/1258/1258
f 1269/1269/1269 1263/1263/1263 1259/1259/1259
f 1264/1264/1264 1269/1269/1269 1259/1259/1259
f 1270/1270/1270 1264/1264/1264 1266/1266/1266
f 1270/1270/1270 1266/1266/1266 1271/1271/1271
f 1272/1272/1272 1267/1267/1267 1262/1262/1262
f 1268/1268/1268 1272/1272/1272 1262/1262/1262
f 1273/1273/1273 1268/1268/1268 1263/1263/1263
f 1269/1269/1269 1273/1273/1273 1263/1263/1263
f 1274/1274/1274 1269/1269/1269 1264/1264/1264
f 1270/1270/1270 1274/1274/1274 1264/1264/1264
f 1275/1275/1275 1270/1270/1270 1271/1271/1271
f 1275/1275/1275 1271/1271/1271 1276/1276/1276
f 1277/1277/1277 1272/1272/1272 1268/1268/1268
f 1273/1273/1273 1277/1277/1277 1268/1268/1268
f 1278/1278/1278 1273/1273/1273 1269/1269/1269
f 1274/1274/1274 1278/1278/1278 1269/1269/1269
f 1279/1279/1279 1274/1274/1274 1270/1270/1270
f 1275/1275/1275 1279/1279/1279 1270/1270/1270
f 1280/1280/1280 1277/1277/1277 1273/1273/1273
f 1278/1278/1278 1280/1280/1280 1273/1273/1273
f 1281/1281/1281 1278/1278/1278 1274/1274/1274
f 1279/1279/1279 1281/1281/1281 1274/1274/1274
f 1282/1282/1282 1280/1280/1280 1278/1278/1278
f 1281/1281/1281 1282/1282/1282 1278/1278/1278
f 1283/1283/1283 1275/1275/1275 1276/1276/1276
f 1284/1284/1284 1279/1279/1279 1275/1275/1275
f 1283/1283/1283 1284/1284/1284 1275/1275/1275
f 1285/1285/1285 1281/1281/1281 1279/1279/1279
f 1284/1284/1284 1285/1285/1285 1279/1279/1279
f 1286/1286/1286 1283/1283/1283 1276/1276/1276
f 1287/1287/1287 1286/1286/1286 1276/1276/1276
f 1288/1288/1288 1284/1284/1284 1283/1283/1283
f 1286/1286/1286 1288/1288/1288 1283/1283/1283
f 1289/1289/1289 1286/1286/1286 1287/1287/1287
f 1290/1290/1290 1289/1289/1289 1287/1287/1287
f 1291/1291/1291 1282/1282/1282 1281/1281/1281
f 1285/1285/1285 1291/1291/1291 1281/1281/1281
f 1292/1292/1292 1285/1285/1285 1284/1284/1284
f 1288/1288/1288 1292/1292/1292 1284/1284/1284
f 1293/1293/1293 1288/1288/1288 1286/1286/1286
f 1289/1289/1289 1293/1293/1293 1286/1286/1286
f 1294/1294/1294 1289/1289/1289 1290/1290/1290
f 1295/1295/1295 1294/1294/1294 1290/1290/1290
f 1294/1294/1294 1295/1295/1295 1296/1296/1296
f 1297/1297/1297 1291/1291/1291 1285/1285/1285
f 1292/1292/1292 1297/1297/1297 1285/1285/1285
f 1298/1298/1298 1292/1292/1292 1288/1288/1288
f 1293/1293/1293 1298/1298/1298 1288/1288/1288
f 1299/1299/1299 1293/1293/1293 1289/1289/1289
f 1294/1294/1294 1299/1299/1299 1289/1289/1289
f 1300/1300/1300 1294/1294/1294 1296/1296/1296
f 1300/1300/1300 1296/1296/1296 1301/1301/1301
f 1302/1302/1302 1297/1297/1297 1292/1292/1292
f 1298/1298/1298 1302/1302/1302 1292/1292/1292
f 1303/1303/1303 1298/1298/1298 1293/1293/1293
f 1299/1299/1299 1303/1303/1303 1293/1293/1293
f 1304/1304/1304 1299/1299/1299 1294/1294/1294
f 1300/1300/1300 1304/1304/1304 1294/1294/1294
f 1305/1305/1305 1302/1302/1302 1298/1298/1298
f 1303/1303/1303 1305/1305/1305 1298/1298/1298
f 1306/1306/1306 1303/1303/1303 1299/1299/1299
f 1304/1304/1304 1306/1306/1306 1299/1299/1299
f 1307/1307/1307 1305/1305/1305 1303/1303/1303
f 1306/1306/1306 1307/1307/1307 1303/1303/1303
f 1308/1308/1308 1300/1300/1300 1301/1301/1301
f 1309/1309/1309 1304/1304/1304 1300/1300/1300
f 1308/1308/1308 1309/1309/1309 1300/1300/1300
f 1310/1310/1310 1306/1306/1306 1304/1304/1304
f 1309/1309/1309 1310/1310/1310 1304/1304/1304
f 1311/1311/1311 1308/1308/1308 1301/1301/1301
f 1312/1312/1312 1311/1311/1311 1301/1301/1301
f 1313/1313/1313 1309/1309/1309 1308/1308/1308
f 1311/1311/1311 1313/1313/1313 1308/1308/1308
f 1314/1314/1314 1311/1311/1311 1312/1312/1312
f 1315/1315/1315 1314/1314/1314 1312/1312/1312
f 1314/1314/1314 1315/1315/1315 1316/1316/1316
f 1317/1317/1317 1307/1307/1307 1306/1306/1306
f 1310/1310/1310 1317/1317/1317 1306/1306/1306
f 1318/1318/1318 1310/1310/1310 1309/1309/1309
f 1313/1313/1313 1318/1318/1318 1309/1309/1309
f 1319/1319/1319 1313/1313/1313 1311/1311/1311
f 1314/1314/1314 1319/1319/1319 1311/1311/1311
f 1320/1320/1320 1314/1314/1314 1316/1316/1316
f 1320/1320/1320 1316/1316/1316 1321/1321/1321
f 1322/1322/1322 1317/1317/1317 1310/1310/1310
f 1318/1318/1318 1322/1322/1322 1310/1310/1310
f 1323/1323/1323 1318/1318/1318 1313/1313/1313
f 1319/1319/1319 1323/1323/1323 1313/1313/1313
f 1324/1324/1324 1319/1319/1319 1314/1314/1314
f 1320/1320/1320 1324/1324/1324 1314/1314/1314
f 1325/1325/1325 1320/1320/1320 1321/1321/1321
f 1325/1325/1325 1321/1321/1321 1326/1326/1326
f 1327/1327/1327 1322/1322/1322 1318/1318/1318
f 1323/1323/1323 1327/1327/1327 1318/1318/1318
f 1328/1328/1328 1323/1323/1323 1319/1319/1319
f 1324/1324/1324 1328/1328/1328 1319/1319/1319
f 1329/1329/1329 1324/1324/1324 1320/1320/1320
f 1325/1325/1325 1329/1329/1329 1320/1320/1320
f 1330/1330/1330 1325/1325/1325 1326/1326/1326
f 1330/1330/1330 1326/1326/1326 1331/1331/1331
f 1332/1332/1332 1327/1327/1327 1323/1323/1323
f 1328/1328/1328 1332/1332/1332 1323/1323/1323
f 1333/1333/1333 1328/1328/1328 1324/1324/1324
f 1329/1329/1329 1333/1333/1333 1324/1324/1324
f 1334/1334/1334 1329/1329/1329 1325/1325/1325
f 1330/1330/1330 1334/1334/1334 1325/1325/1325
f 1335/1335/1335 1332/1332/1332 1328/1328/1328
f 1333/1333/1333 1335/1335/1335 1328/1328/1328
f 1336/1336/1336 1333/1333/1333 1329/1329/1329
f 1334/1334/1334 1336/1336/1336 1329/1329/1329
f 1337/1337/1337 1335/1335/1335 1333/1333/1333
f 1336/1336/1336 1337/1337/1337 1333/1333/1333
f 1338/1338/1338 1330/1330/1330 1331/1331/1331
f 1339/1339/1339 1334/1334/1334 1330/1330/1330
f 1338/1338/1338 1339/1339/1339 1330/1330/1330
f 1340/1340/1340 1336/1336/1336 1334/1334/1334
f 1339/1339/1339 1340/1340/1340 1334/1334/1334
f 1341/1341/1341 1338/1338/1338 1331/1331/1331
f 1342/1342/1342 1341/1341/1341 1331/1331/1331
f 1343/1343/1343 1339/1339/1339 1338/1338/1338
f 1341/1341/1341 1343/1343/1343 1338/1338/1338
f 1344/1344/1344 1341/1341/1341 1342/1342/1342
f 1345/1345/1345 1344/1344/1344 1342/1342/1342
f 1346/1346/1346 1337/1337/1337 1336/1336/1336
f 1340/1340/1340 1346/1346/1346 1336/1336/1336
f 1347/1347/1347 1340/1340/1340 1339/1339/1339
f 1343/1343/1343 1347/1347/1347 1339/1339/1339
f 1348/1348/1348 1343/1343/1343 1341/1341/1341
f 1344/1344/1344 1348/1348/1348 1341/1341/1341
f 1349/1349/1349 1344/1344/1344 1345/1345/1345
f 1350/1350/1350 1349/1349/1349 1345/1345/1345
f 1349/1349/1349 1350/1350/1350 1351/1351/1351
f 1352/1352/1352 1346/1346/1346 1340/1340/1340
f 1347/1347/1347 1352/1352/1352 1340/1340/1340
f 1353/1353/1353 1347/1347/1347 1343/1343/1343
f 1348/1348/1348 1353/1353/1353 1343/1343/1343
f 1354/1354/1354 1348/1348/1348 1344/1344/1344
f 1349/1349/1349 1354/1354/1354 1344/1344/1344
f 1355/1355/1355 1352/1352/1352 1347/1347/1347
f 1353/1353/1353 1355/1355/1355 1347/1347/1347
f 1356/1356/1356 1353/1353/1353 1348/1348/1348
f 1354/1354/1354 1356/1356/1356 1348/1348/1348
f 1357/1357/1357 1355/1355/1355 1353/1353/1353
f 1356/1356/1356 1357/1357/1357 1353/1353/1353
f 1358/1358/1358 1349/1349/1349 1351/1351/1351
f 1359/1359/1359 1354/1354/1354 1349/1349/1349
f 1358/1358/1358 1359/1359/1359 1349/1349/1349
f 1360/1360/1360 1356/1356/1356 1354/1354/1354
f 1359/1359/1359 1360/1360/1360 1354/1354/1354
f 1361/1361/1361 1358/1358/1358 1351/1351/1351
f 1362/1362/1362 1361/1361/1361 1351/1351/1351
f 1363/1363/1363 1359/1359/1359 1358/1358/1358
f 1361/1361/1361 1363/1363/1363 1358/1358/1358
f 1364/1364/1364 1361/1361/1361 1362/1362/1362
f 1365/1365/1365 1364/1364/1364 1362/1362/1362
f 1364/1364/1364 1365/1365/1365 1366/1366/1366
f 1367/1367/1367 1357/1357/1357 1356/1356/1356
f 1360/1360/1360 1367/1367/1367 1356/1356/1356
f 1368/1368/1368 1360/1360/1360 1359/1359/1359
f 1363/1363/1363 1368/1368/1368 1359/1359/1359
f 1369/1369/1369 1363/1363/1363 1361/1361/1361
f 1364/1364/1364 1369/1369/1369 1361/1361/1361
f 1370/1370/1370 1367/1367/1367 1360/1360/1360
f 1368/1368/1368 1370/1370/1370 1360/1360/1360
f 1371/1371/1371 1368/1368/1368 1363/1363/1363
f 1369/1369/1369 1371/1371/1371 1363/1363/1363
f 1372/1372/1372 1370/1370/1370 1368/1368/1368
f 1371/1371/1371 1372/1372/1372 1368/1368/1368
f 1373/1373/1373 1364/1364/1364 1366/1366/1366
f 1374/1374/1374 1369/1369/1369 1364/1364/1364
f 1373/1373/1373 1374/1374/1374 1364/1364/1364
f 1375/1375/1375 1371/1371/1371 1369/1369/1369
f 1374/1374/1374 1375/1375/1375 1369/1369/1369
f 1376/1376/1376 1373/1373/1373 1366/1366/1366
f 1377/1377/1377 1376/1376/1376 1366/1366/1366
f 1376/1376/1376 1377/1377/1377 1378/1378/1378
f 1379/1379/1379 1374/1374/1374 1373/1373/1373
f 1376/1376/1376 1379/1379/1379 1373/1373/1373
f 1380/1380/1380 1376/1376/1376 1378/1378/1378
f 1380/1380/1380 1378/1378/1378 1381/1381/1381
f 1382/1382/1382 1372/1372/1372 1371/1371/1371
f 1375/1375/1375 1382/1382/1382 1371/1371/1371
f 1383/1383/1383 1375/1375/1375 1374/1374/1374
f 1379/1379/1379 1383/1383/1383 1374/1374/1374
f 1384/1384/1384 1379/1379/1379 1376/1376/1376
f 1380/1380/1380 1384/1384/1384 1376/1376/1376
f 1385/1385/1385 1382/1382/1382 1375/1375/1375
f 1383/1383/1383 1385/1385/1385 1375/1375/1375
f 1386/1386/1386 1383/1383/1383 1379/1379/1379
f 1384/1384/1384 1386/1386/1386 1379/1379/1379
f 1387/1387/1387 1385/1385/1385 1383/1383/1383
f 1386/1386/1386 1387/1387/1387 1383/1383/1383
f 1388/1388/1388 1380/1380/1380 1381/1381/1381
f 1389/1389/1389 1384/1384/1384 1380/1380/1380
f 1388/1388/1388 1389/1389/1389 1380/1380/1380
f 1390/1390/1390 1386/1386/1386 1384/1384/1384
f 1389/1389/1389 1390/1390/1390 1384/1384/1384
f 1391/1391/1391 1388/1388/1388 1381/1381/1381
f 1392/1392/1392 1391/1391/1391 1381/1381/1381
f 1393/1393/1393 1389/1389/1389 1388/1388/1388
f 1391/1391/1391 1393/1393/1393 1388/1388/1388
f 1394/1394/1394 1391/1391/1391 1392/1392/1392
f 1395/1395/1395 1394/1394/1394 1392/1392/1392
f 1396/1396/1396 1387/1387/1387 1386/1386/1386
f 1390/1390/1390 1396/1396/1396 1386/1386/1386
f 1397/1397/1397 1390/1390/1390 1389/1389/1389
f 1393/1393/1393 1397/1397/1397 1389/1389/1389
f 1398/1398/1398 1393/1393/1393 1391/1391/1391
f 1394/1394/1394 1398/1398/1398 1391/1391/1391
f 1399/1399/1399 1394/1394/1394 1395/1395/1395
f 1400/1400/1400 1399/1399/1399 1395/1395/1395
f 1401/1401/1401 1396/1396/1396 1390/1390/1390
f 1397/1397/1397 1401/1401/1401 1390/1390/1390
f 1402/1402/1402 1397/1397/1397 1393/1393/1393
f 1398/1398/1398 1402/1402/1402 1393/1393/1393
f 1403/1403/1403 1398/1398/1398 1394/1394/1394
f 1399/1399/1399 1403/1403/1403 1394/1394/1394
f 1404/1404/1404 1399/1399/1399 1400/1400/1400
f 1405/1405/1405 1404/1404/1404 1400/1400/1400
f 1404/1404/1404 1405/1405/1405 1406/1406/1406
f 1407/1407/1407 1401/1401/1401 1397/1397/1397
f 1402/1402/1402 1407/1407/1407 1397/1397/1397
f 1408/1408/1408 1402/1402/1402 1398/1398/1398
f 1403/1403/1403 1408/1408/1408 1398/1398/1398
f 1409/1409/1409 1403/1403/1403 1399/1399/1399
f 1404/1404/1404 1409/1409/1409 1399/1399/1399
f 1410/1410/1410 1407/1407/1407 1402/1402/1402
f 1408/1408/1408 1410/1410/1410 1402/1402/1402
f 1411/1411/1411 1408/1408/1408 1403/1403/1403
f 1409/1409/1409 1411/1411/1411 1403/1403/1403
f 1412/1412/1412 1410/1410/1410 1408/1408/1408
f 1411/1411/1411 1412/1412/1412 1408/1408/1408
f 1413/1413/1413 1404/1404/1404 1406/1406/1406
f 1414/1414/1414 1409/1409/1409 1404/1404/1404
f 1413/1413/1413 1414/1414/1414 1404/1404/1404
f 1415/1415/1415 1411/1411/1411 1409/1409/1409
f 1414/1414/1414 1415/1415/1415 1409/1409/1409
f 1416/1416/1416 1413/1413/1413 1406/1406/1406
f 1417/1417/1417 1416/1416/1416 1406/1406/1406
f 1418/1418/1418 1414/1414/1414 1413/1413/1413
f 1416/1416/1416 1418/1418/1418 1413/1413/1413
f 1419/1419/1419 1416/1416/1416 1417/1417/1417
f 1420/1420/1420 1419/1419/1419 1417/1417/1417
f 1421/1421/1421 1412/1412/1412 1411/1411/1411
f 1415/1415/1415 1421/1421/1421 1411/1411/1411
f 1422/1422/1422 1415/1415/1415 1414/1414/1414
f 1418/1418/1418 1422/1422/1422 1414/1414/1414
f 1423/1423/1423 1418/1418/1418 1416/1416/1416
f 1419/1419/1419 1423/1423/1423 1416/1416/1416
f 1424/1424/1424 1419/1419/1419 1420/1420/1420
f 1425/1425/1425 1424/1424/1424 1420/1420/1420
f 1424/1424/1424 1425/1425/1425 1426/1426/1426
f 1427/1427/1427 1421/1421/1421 1415/1415/1415
f 1422/1422/1422 1427/1427/1427 1415/1415/1415
f 1428/1428/1428 1422/1422/1422 1418/1418/1418
f 1423/1423/1423 1428/1428/1428 1418/1418/1418
f 1429/1429/1429 1423/1423/1423 1419/1419/1419
f 1424/1424/1424 1429/1429/1429 1419/1419/1419
f 1430/1430/1430 1424/1424/1424 1426/1426/1426
f 1430/1430/1430 1426/1426/1426 1431/1431/1431
f 1432/1432/1432 1427/1427/1427 1422/1422/1422
f 1428/1428/1428 1432/1432/1432 1422/1422/1422
f 1433/1433/1433 1428/1428/1428 1423/1423/1423
f 1429/1429/1429 1433/1433/1433 1423/1423/1423
f 1434/1434/1434 1429/1429/1429 1424/1424/1424
f 1430/1430/1430 1434/1434/1434 1424/1424/1424
f 1435/1435/1435 1430/1430/1430 1431/1431/1431
f 1435/1435/1435 1431/1431/1431 1436/1436/1436
f 1437/1437/1437 1432/1432/1432 1428/1428/1428
f 1433/1433/1433 1437/1437/1437 1428/1428/1428
f 1438/1438/1438 1433/1433/1433 1429/1429/1429
f 1434/1434/1434 1438/1438/1438 1429/1429/1429
f 1439/1439/1439 1434/1434/1434 1430/1430/1430
f 1435/1435/1435 1439/1439/1439 1430/1430/1430
f 1440/1440/1440 1435/1435/1435 1436/1436/1436
f 1440/1440/1440 1436/1436/1436 1441/1441/1441
f 1442/1442/1442 1437/1437/1437 1433/1433/1433
f 1438/1438/1438 1442/1442/1442 1433/1433/1433
f 1443/1443/1443 1438/1438/1438 1434/1434/1434
f 1439/1439/1439 1443/1443/1443 1434/1434/1434
f 1444/1444/1444 1439/1439/1439 1435/1435/1435
f 1440/1440/1440 1444/1444/1444 1435/1435/1435
f 1445/1445/1445 1442/1442/1442 1438/1438/1438
f 1443/1443/1443 1445/1445/1445 1438/1438/1438
f 1446/1446/1446 1443/1443/1443 1439/1439/1439
f 1444/1444/1444 1446/1446/1446 1439/1439/1439
f 1447/1447/1447 1445/1445/1445 1443/1443/1443
f 1446/1446/1446 1447/1447/1447 1443/1443/1443
f 1448/1448/1448 1440/1440/1440 1441/1441/1441
f 1449/1449/1449 1444/1444/1444 1440/1440/1440
f 1448/1448/1448 1449/1449/1449 1440/1440/1440
f 1450/1450/1450 1446/1446/1446 1444/1444/1444
f 1449/1449/1449 1450/1450/1450 1444/1444/1444
f 1451/1451/1451 1448/1448/1448 1441/1441/1441
f 1452/1452/1452 1451/1451/1451 1441/1441/1441
f 1453/1453/1453 1449/1449/1449 1448/1448/1448
f 1451/1451/1451 1453/1453/1453 1448/1448/1448
f 1454/1454/1454 1451/1451/1451 1452/1452/1452
f 1455/1455/1455 1454/1454/1454 1452/1452/1452
f 1456/1456/1456 1447/1447/1447 1446/1446/1446
f 1450/1450/1450 1456/1456/1456 1446/1446/1446
f 1457/1457/1457 1450/1450/1450 1449/1449/1449
f 1453/1453/1453 1457/1457/1457 1449/1449/1449
f 1458/1458/1458 1453/1453/1453 1451/1451/1451
f 1454/1454/1454 1458/1458/1458 1451/1451/1451
f 1459/1459/1459 1454/1454/1454 1455/1455/1455
f 1460/1460/1460 1459/1459/1459 1455/1455/1455
f 1459/1459/1459 1460/1460/1460 1461/1461/1461
f 1462/1462/1462 1456/1456/1456 1450/1450/1450
f 1457/1457/1457 1462/1462/1462 1450/1450/1450
f 1463/1463/1463 1457/1457/1457 1453/1453/1453
f 1458/1458/1458 1463/1463/1463 1453/1453/1453
f 1464/1464/1464 1458/1458/1458 1454/1454/1454
f 1459/1459/1459 1464/1464/1464 1454/1454/1454
f 1465/1465/1465 1459/1459/1459 1461/1461/1461
f 1465/1465/1465 1461/1461/1461 1466/1466/1466
f 1467/1467/1467 1462/1462/1462 1457/1457/1457
f 1463/1463/1463 1467/1467/1467 1457/1457/1457
f 1468/1468/1468 1463/1463/1463 1458/1458/1458
f 1464/1464/1464 1468/1468/1468 1458/1458/1458
f 1469/1469/1469 1464/1464/1464 1459/1459/1459
f 1465/1465/1465 1469/1469/1469 1459/1459/1459
f 1470/1470/1470 1465/1465/1465 1466/1466/1466
f 1470/1470/1470 1466/1466/1466 1471/1471/1471
f 1472/1472/1472 1467/1467/1467 1463/1463/1463
f 1468/1468/1468 1472/1472/1472 1463/1463/1463
f 1473/1473/1473 1468/1468/1468 1464/1464/1464
f 1469/1469/1469 1473/1473/1473 1464/1464/1464
f 1474/1474/1474 1469/1469/1469 1465/1465/1465
f 1470/1470/1470 1474/1474/1474 1465/1465/1465
f 1475/1475/1475 1470/1470/1470 1471/1471/1471
f 1475/1475/1475 1471/1471/1471 1476/1476/1476
f 1477/1477/1477 1472/1472/1472 1468/1468/1468
f 1473/1473/1473 1477/1477/1477 1468/1468/1468
f 1478/1478/1478 1473/1473/1473 1469/1469/1469
f 1474/1474/1474 1478/1478/1478 1469/1469/1469
f 1479/1479/1479 1474/1474/1474 1470/1470/1470
f 1475/1475/1475 1479/1479/1479 1470/1470/1470
f 1480/1480/1480 1475/1475/1475 1476/1476/1476
f 1480/1480/1480 1476/1476/1476 1481/1481/1481
f 1482/1482/1482 1477/1477/1477 1473/1473/1473
f 1478/1478/1478 1482/1482/1482 1473/1473/1473
f 1483/1483/1483 1478/1478/1478 1474/1474/1474
f 1479/1479/1479 1483/1483/1483 1474/1474/1474
f 1484/1484/1484 1479/1479/1479 1475/1475/1475
f 1480/1480/1480 1484/1484/1484 1475/1475/1475
f 1485/1485/1485 1480/1480/1480 1481/1481/1481
f 1485/1485/1485 1481/1481/1481 1486/1486/1486
f 1487/1487/1487 1482/1482/1482 1478/1478/1478
f 1483/1483/1483 1487/1487/1487 1478/1478/1478
f 1488/1488/1488 1483/1483/1483 1479/1479/1479
f 1484/1484/1484 1488/1488/1488 1479/1479/1479
f 1489/1489/1489 1484/1484/1484 1480/1480/1480
f 1485/1485/1485 1489/1489/1489 1480/1480/1480
f 1490/1490/1490 1487/1487/1487 1483/1483/1483
f 1488/1488/1488 1490/1490/1490 1483/1483/1483
f 1491/1491/1491 1488/1488/1488 1484/1484/1484
f 1489/1489/1489 1491/1491/1491 1484/1484/1484
f 1492/1492/1492 1490/1490/1490 1488/1488/1488
f 1491/1491/1491 1492/1492/1492 1488/1488/1488
f 1493/1493/1493 1485/1485/1485 1486/1486/1486
f 1494/1494/1494 1489/1489/1489 1485/1485/1485
f 1493/1493/1493 1494/1494/1494 1485/1485/1485
f 1495/1495/1495 1491/1491/1491 1489/1489/1489
f 1494/1494/1494 1495/1495/1495 1489/1489/1489
f 1496/1496/1496 1493/1493/1493 1486/1486/1486
f 1497/1497/1497 1496/1496/1496 1486/1486/1486
f 1496/1496/1496 1497/1497/1497 1498/1498/1498
f 1499/1499/1499 1494/1494/1494 1493/1493/1493
f 1496/1496/1496 1499/1499/1499 1493/1493/1493
f 1500/1500/1500 1492/1492/1492 1491/1491/1491
f 1495/1495/1495 1500/1500/1500 1491/1491/1491
f 1501/1501/1501 1495/1495/1495 1494/1494/1494
f 1499/1499/1499 1501/1501/1501 1494/1494/1494
f 1502/1502/1502 1500/1500/1500 1495/1495/1495
f 1501/1501/1501 1502/1502/1502 1495/1495/1495
f 1503/1503/1503 1496/1496/1496 1498/1498/1498
f 1504/1504/1504 1499/1499/1499 1496/1496/1496
f 1503/1503/1503 1504/1504/1504 1496/1496/1496
f 1505/1505/1505 1501/1501/1501 1499/1499/1499
f 1504/1504/1504 1505/1505/1505 1499/1499/1499
f 1506/1506/1506 1503/1503/1503 1498/1498/1498
f 1507/1507/1507 1506/1506/1506 1498/1498/1498
f 1506/1506/1506 1507/1507/1507 1508/1508/1508
f 1509/1509/1509 1504/1504/1504 1503/1503/1503
f 1506/1506/1506 1509/1509/1509 1503/1503/1503
f 1510/1510/1510 1502/1502/1502 1501/1501/1501
f 1505/1505/1505 1510/1510/1510 1501/1501/1501
f 1511/1511/1511 1505/1505/1505 1504/1504/1504
f 1509/1509/1509 1511/1511/1511 1504/1504/1504
f 1512/1512/1512 1510/1510/1510 1505/1505/1505
f 1511/1511/1511 1512/1512/1512 1505/1505/1505
f 1513/1513/1513 1506/1506/1506 1508/1508/1508
f 1514/1514/1514 1509/1509/1509 1506/1506/1506
f 1513/1513/1513 1514/1514/1514 1506/1506/1506
f 1515/1515/1515 1511/1511/1511 1509/1509/1509
f 1514/1514/1514 1515/1515/1515 1509/1509/1509
f 1516/1516/1516 1513/1513/1513 1508/1508/1508
f 1517/1517/1517 1516/1516/1516 1508/1508/1508
f 1518/1518/1518 1514/1514/1514 1513/1513/1513
f 1516/1516/1516 1518/1518/1518 1513/1513/1513
f 1519/1519/1519 1516/1516/1516 1517/1517/1517
f 1520/1520/1520 1519/1519/1519 1517/1517/1517
f 1521/1521/1521 1512/1512/1512 1511/1511/1511
f 1515/1515/1515 1521/1521/1521 1511/1511/1511
f 1522/1522/1522 1515/1515/1515 1514/1514/1514
f 1518/1518/1518 1522/1522/1522 1514/1514/1514
f 1523/1523/1523 1518/1518/1518 1516/1516/1516
f 1519/1519/1519 1523/1523/1523 1516/1516/1516
f 1524/1524/1524 1519/1519/1519 1520/1520/1520
f 1525/1525/1525 1524/1524/1524 1520/1520/1520
f 1524/1524/1524 1525/1525/1525 1526/1526/1526
f 1527/1527/1527 1521/1521/1521 1515/1515/1515
f 1522/1522/1522 1527/1527/1527 1515/1515/1515
f 1528/1528/1528 1522/1522/1522 1518/1518/1518
f 1523/1523/1523 1528/1528/1528 1518/1518/1518
f 1529/1529/1529 1523/1523/1523 1519/1519/1519
f 1524/1524/1524 1529/1529/1529 1519/1519/1519
f 1530/1530/1530 1527/1527/1527 1522/1522/1522
f 1528/1528/1528 1530/1530/1530 1522/1522/1522
f 1531/1531/1531 1528/1528/1528 1523/1523/1523
f 1529/1529/1529 1531/1531/1531 1523/1523/1523
f 1532/1532/1532 1530/1530/1530 1528/1528/1528
f 1531/1531/1531 1532/1532/1532 1528/1528/1528
f 1533/1533/1533 1524/1524/1524 1526/1526/1526
f 1534/1534/1534 1529/1529/1529 1524/1524/1524
f 1533/1533/1533 1534/1534/1534 1524/1524/1524
f 1535/1535/1535 1531/1531/1531 1529/1529/1529
f 1534/1534/1534 1535/1535/1535 1529/1529/1529
f 1536/1536/1536 1533/1533/1533 1526/1526/1526
f 1537/1537/1537 1536/1536/1536 1526/1526/1526
f 1538/1538/1538 1534/1534/1534 1533/1533/1533
f 1536/1536/1536 1538/1538/1538 1533/1533/1533
f 1539/1539/1539 1536/1536/1536 1537/1537/1537
f 1540/1540/1540 1539/1539/1539 1537/1537/1537
f 1541/1541/1541 1532/1532/1532 1531/1531/1531
f 1535/1535/1535 1541/1541/1541 1531/1531/1531
f 1542/1542/1542 1535/1535/1535 1534/1534/1534
f 1538/1538/1538 1542/1542/1542 1534/1534/1534
f 1543/1543/1543 1538/1538/1538 1536/1536/1536
f 1539/1539/1539 1543/1543/1543 1536/1536/1536
f 1544/1544/1544 1539/1539/1539 1540/1540/1540
f 1545/1545/1545 1544/1544/1544 1540/1540/1540
f 1544/1544/1544 1545/1545/1545 1546/1546/1546
f 1547/1547/1547 1544/1544/1544 1546/1546/1546
f 1548/1548/1548 1547/1547/1547 1546/1546/1546
f 1549/1549/1549 1547/1547/1547 1548/1548/1548
f 1547/1547/1547 1549/1549/1549 1550/1550/1550
f 1544/1544/1544 1551/1551/1551 1539/1539/1539
f 1551/1551/1551 1543/1543/1543 1539/1539/1539
f 1543/1543/1543 1552/1552/1552 1538/1538/1538
f 1552/1552/1552 1542/1542/1542 1538/1538/1538
f 1553/1553/1553 1547/1547/1547 1550/1550/1550
f 1553/1553/1553 1550/1550/1550 1554/1554/1554
f 1547/1547/1547 1555/1555/1555 1544/1544/1544
f 1555/1555/1555 1551/1551/1551 1544/1544/1544
f 1551/1551/1551 1556/1556/1556 1543/1543/1543
f 1556/1556/1556 1552/1552/1552 1543/1543/1543
f 1553/1553/1553 1557/1557/1557 1547/1547/1547
f 1557/1557/1557 1555/1555/1555 1547/1547/1547
f 1555/1555/1555 1558/1558/1558 1551/1551/1551
f 1558/1558/1558 1556/1556/1556 1551/1551/1551
f 1557/1557/1557 1559/1559/1559 1555/1555/1555
f 1559/1559/1559 1558/1558/1558 1555/1555/1555
f 1552/1552/1552 1560/1560/1560 1542/1542/1542
f 1556/1556/1556 1561/1561/1561 1552/1552/1552
f 1561/1561/1561 1560/1560/1560 1552/1552/1552
f 1558/1558/1558 1562/1562/1562 1556/1556/1556
f 1562/1562/1562 1561/1561/1561 1556/1556/1556
f 1559/1559/1559 1563/1563/1563 1558/1558/1558
f 1563/1563/1563 1562/1562/1562 1558/1558/1558
f 1560/1560/1560 1564/1564/1564 1542/1542/1542
f 1542/1542/1542 1564/1564/1564 1535/1535/1535
f 1564/1564/1564 1541/1541/1541 1535/1535/1535
f 1561/1561/1561 1565/1565/1565 1560/1560/1560
f 1565/1565/1565 1566/1566/1566 1560/1560/1560
f 1560/1560/1560 1566/1566/1566 1564/1564/1564
f 1565/1565/1565 1567/1567/1567 1566/1566/1566
f 1562/1562/1562 1568/1568/1568 1561/1561/1561
f 1568/1568/1568 1569/1569/1569 1561/1561/1561
f 1568/1568/1568 1570/1570/1570 1569/1569/1569
f 1570/1570/1570 1571/1571/1571 1569/1569/1569
f 1571/1571/1571 1570/1570/1570 1572/1572/1572
f 1570/1570/1570 1573/1573/1573 1572/1572/1572
f 1573/1573/1573 1574/1574/1574 1572/1572/1572
f 1574/1574/1574 1575/1575/1575 1572/1572/1572
f 1574/1574/1574 1576/1576/1576 1575/1575/1575
f 1576/1576/1576 1577/1577/1577 1575/1575/1575
f 1567/1567/1567 1578/1578/1578 1566/1566/1566
f 1566/1566/1566 1578/1578/1578 1579/1579/1579
f 1566/1566/1566 1579/1579/1579 1564/1564/1564
f 1564/1564/1564 1579/1579/1579 1541/1541/1541
f 1579/1579/1579 1580/1580/1580 1541/1541/1541
f 1541/1541/1541 1580/1580/1580 1532/1532/1532
f 1578/1578/1578 1567/1567/1567 1581/1581/1581
f 1567/1567/1567 1582/1582/1582 1581/1581/1581
f 1582/1582/1582 1583/1583/1583 1581/1581/1581
f 1578/1578/1578 1584/1584/1584 1579/1579/1579
f 1579/1579/1579 1584/1584/1584 1580/1580/1580
f 1580/1580/1580 1585/1585/1585 1532/1532/1532
f 1532/1532/1532 1585/1585/1585 1530/1530/1530
f 1578/1578/1578 1581/1581/1581 1586/1586/1586
f 1584/1584/1584 1578/1578/1578 1586/1586/1586
f 1583/1583/1583 1587/1587/1587 1581/1581/1581
f 1581/1581/1581 1587/1587/1587 1586/1586/1586
f 1583/1583/1583 1577/1577/1577 1587/1587/1587
f 1584/1584/1584 1588/1588/1588 1580/1580/1580
f 1580/1580/1580 1588/1588/1588 1585/1585/1585
f 1585/1585/1585 1589/1589/1589 1530/1530/1530
f 1530/1530/1530 1589/1589/1589 1527/1527/1527
f 1584/1584/1584 1586/1586/1586 1590/1590/1590
f 1588/1588/1588 1584/1584/1584 1590/1590/1590
f 1588/1588/1588 1591/1591/1591 1585/1585/1585
f 1585/1585/1585 1591/1591/1591 1589/1589/1589
f 1591/1591/1591 1588/1588/1588 1590/1590/1590
f 1587/1587/1587 1592/1592/1592 1586/1586/1586
f 1586/1586/1586 1592/1592/1592 1590/1590/1590
f 1589/1589/1589 1593/1593/1593 1527/1527/1527
f 1527/1527/1527 1593/1593/1593 1521/1521/1521
f 1577/1577/1577 1594/1594/1594 1587/1587/1587
f 1587/1587/1587 1594/1594/1594 1592/1592/1592
f 1591/1591/1591 1595/1595/1595 1589/1589/1589
f 1589/1589/1589 1595/1595/1595 1593/1593/1593
f 1593/1593/1593 1596/1596/1596 1521/1521/1521
f 1521/1521/1521 1596/1596/1596 1512/1512/1512
f 1595/1595/1595 1597/1597/1597 1593/1593/1593
f 1593/1593/1593 1597/1597/1597 1596/1596/1596
f 1596/1596/1596 1598/1598/1598 1512/1512/1512
f 1512/1512/1512 1598/1598/1598 1510/1510/1510
f 1597/1597/1597 1599/1599/1599 1596/1596/1596
f 1596/1596/1596 1599/1599/1599 1598/1598/1598
f 1598/1598/1598 1600/1600/1600 1510/1510/1510
f 1510/1510/1510 1600/1600/1600 1502/1502/1502
f 1599/1599/1599 1601/1601/1601 1598/1598/1598
f 1598/1598/1598 1601/1601/1601 1600/1600/1600
f 1600/1600/1600 1602/1602/1602 1502/1502/1502
f 1502/1502/1502 1602/1602/1602 1500/1500/1500
f 1601/1601/1601 1603/1603/1603 1600/1600/1600
f 1600/1600/1600 1603/1603/1603 1602/1602/1602
f 1602/1602/1602 1604/1604/1604 1500/1500/1500
f 1500/1500/1500 1604/1604/1604 1492/1492/1492
f 1603/1603/1603 1605/1605/1605 1602/1602/1602
f 1602/1602/1602 1605/1605/1605 1604/1604/1604
f 1603/1603/1603 1601/1601/1601 1606/1606/1606
f 1605/1605/1605 1603/1603/1603 1606/1606/1606
f 1601/1601/1601 1599/1599/1599 1607/1607/1607
f 1601/1601/1601 1607/1607/1607 1606/1606/1606
f 1599/1599/1599 1597/1597/1597 1608/1608/1608
f 1599/1599/1599 1608/1608/1608 1607/1607/1607
f 1604/1604/1604 1609/1609/1609 1492/1492/1492
f 1492/1492/1492 1609/1609/1609 1490/1490/1490
f 1605/1605/1605 1610/1610/1610 1604/1604/1604
f 1604/1604/1604 1610/1610/1610 1609/1609/1609
f 1609/1609/1609 1611/1611/1611 1490/1490/1490
f 1490/1490/1490 1611/1611/1611 1487/1487/1487
f 1597/1597/1597 1612/1612/1612 1608/1608/1608
f 1597/1597/1597 1595/1595/1595 1612/1612/1612
f 1610/1610/1610 1613/1613/1613 1609/1609/1609
f 1609/1609/1609 1613/1613/1613 1611/1611/1611
f 1611/1611/1611 1614/1614/1614 1487/1487/1487
f 1487/1487/1487 1614/1614/1614 1482/1482/1482
f 1595/1595/1595 1615/1615/1615 1612/1612/1612
f 1595/1595/1595 1591/1591/1591 1615/1615/1615
f 1613/1613/1613 1616/1616/1616 1611/1611/1611
f 1611/1611/1611 1616/1616/1616 1614/1614/1614
f 1614/1614/1614 1617/1617/1617 1482/1482/1482
f 1482/1482/1482 1617/1617/1617 1477/1477/1477
f 1591/1591/1591 1618/1618/1618 1615/1615/1615
f 1618/1618/1618 1591/1591/1591 1590/1590/1590
f 1590/1590/1590 1619/1619/1619 1618/1618/1618
f 1592/1592/1592 1619/1619/1619 1590/1590/1590
f 1618/1618/1618 1620/1620/1620 1615/1615/1615
f 1619/1619/1619 1620/1620/1620 1618/1618/1618
f 1615/1615/1615 1621/1621/1621 1612/1612/1612
f 1620/1620/1620 1621/1621/1621 1615/1615/1615
f 1592/1592/1592 1622/1622/1622 1619/1619/1619
f 1594/1594/1594 1622/1622/1622 1592/1592/1592
f 1619/1619/1619 1623/1623/1623 1620/1620/1620
f 1622/1622/1622 1623/1623/1623 1619/1619/1619
f 1614/1614/1614 1624/1624/1624 1617/1617/1617
f 1616/1616/1616 1624/1624/1624 1614/1614/1614
f 1621/1621/1621 1625/1625/1625 1612/1612/1612
f 1612/1612/1612 1625/1625/1625 1608/1608/1608
f 1620/1620/1620 1626/1626/1626 1621/1621/1621
f 1623/1623/1623 1626/1626/1626 1620/1620/1620
f 1625/1625/1625 1627/1627/1627 1608/1608/1608
f 1608/1608/1608 1627/1627/1627 1607/1607/1607
f 1621/1621/1621 1628/1628/1628 1625/1625/1625
f 1626/1626/1626 1628/1628/1628 1621/1621/1621
f 1627/1627/1627 1629/1629/1629 1607/1607/1607
f 1607/1607/1607 1629/1629/1629 1606/1606/1606
f 1625/1625/1625 1630/1630/1630 1627/1627/1627
f 1628/1628/1628 1630/1630/1630 1625/1625/1625
f 1627/1627/1627 1631/1631/1631 1629/1629/1629
f 1630/1630/1630 1631/1631/1631 1627/1627/1627
f 1623/1623/1623 1632/1632/1632 1626/1626/1626
f 1626/1626/1626 1633/1633/1633 1628/1628/1628
f 1632/1632/1632 1633/1633/1633 1626/1626/1626
f 1628/1628/1628 1634/1634/1634 1630/1630/1630
f 1633/1633/1633 1634/1634/1634 1628/1628/1628
f 1630/1630/1630 1635/1635/1635 1631/1631/1631
f 1634/1634/1634 1635/1635/1635 1630/1630/1630
f 1636/1636/1636 1632/1632/1632 1623/1623/1623
f 1622/1622/1622 1636/1636/1636 1623/1623/1623
f 1637/1637/1637 1636/1636/1636 1622/1622/1622
f 1594/1594/1594 1637/1637/1637 1622/1622/1622
f 1638/1638/1638 1637/1637/1637 1594/1594/1594
f 1577/1577/1577 1638/1638/1638 1594/1594/1594
f 1639/1639/1639 1638/1638/1638 1577/1577/1577
f 1576/1576/1576 1639/1639/1639 1577/1577/1577
f 1633/1633/1633 1640/1640/1640 1634/1634/1634
f 1632/1632/1632 1641/1641/1641 1633/1633/1633
f 1641/1641/1641 1640/1640/1640 1633/1633/1633
f 1636/1636/1636 1642/1642/1642 1632/1632/1632
f 1642/1642/1642 1641/1641/1641 1632/1632/1632
f 1637/1637/1637 1643/1643/1643 1636/1636/1636
f 1643/1643/1643 1642/1642/1642 1636/1636/1636
f 1638/1638/1638 1644/1644/1644 1637/1637/1637
f 1644/1644/1644 1643/1643/1643 1637/1637/1637
f 1639/1639/1639 1645/1645/1645 1638/1638/1638
f 1645/1645/1645 1644/1644/1644 1638/1638/1638
f 1640/1640/1640 1646/1646/1646 1634/1634/1634
f 1634/1634/1634 1646/1646/1646 1635/1635/1635
f 1647/1647/1647 1639/1639/1639 1576/1576/1576
f 1648/1648/1648 1645/1645/1645 1639/1639/1639
f 1647/1647/1647 1648/1648/1648 1639/1639/1639
f 1649/1649/1649 1647/1647/1647 1576/1576/1576
f 1649/1649/1649 1576/1576/1576 1650/1650/1650
f 1651/1651/1651 1649/1649/1649 1650/1650/1650
f 1651/1651/1651 1650/1650/1650 1652/1652/1652
f 1644/1644/1644 1653/1653/1653 1643/1643/1643
f 1645/1645/1645 1654/1654/1654 1644/1644/1644
f 1654/1654/1654 1653/1653/1653 1644/1644/1644
f 1648/1648/1648 1655/1655/1655 1645/1645/1645
f 1655/1655/1655 1654/1654/1654 1645/1645/1645
f 1653/1653/1653 1656/1656/1656 1643/1643/1643
f 1643/1643/1643 1656/1656/1656 1642/1642/1642
f 1656/1656/1656 1657/1657/1657 1642/1642/1642
f 1642/1642/1642 1657/1657/1657 1641/1641/1641
f 1657/1657/1657 1658/1658/1658 1641/1641/1641
f 1641/1641/1641 1658/1658/1658 1640/1640/1640
f 1658/1658/1658 1659/1659/1659 1640/1640/1640
f 1640/1640/1640 1659/1659/1659 1646/1646/1646
f 1658/1658/1658 1657/1657/1657 1660/1660/1660
f 1659/1659/1659 1658/1658/1658 1660/1660/1660
f 1657/1657/1657 1661/1661/1661 1660/1660/1660
f 1657/1657/1657 1656/1656/1656 1661/1661/1661
f 1656/1656/1656 1662/1662/1662 1661/1661/1661
f 1656/1656/1656 1653/1653/1653 1662/1662/1662
f 1653/1653/1653 1663/1663/1663 1662/1662/1662
f 1663/1663/1663 1653/1653/1653 1664/1664/1664
f 1665/1665/1665 1659/1659/1659 1660/1660/1660
f 1653/1653/1653 1654/1654/1654 1664/1664/1664
f 1664/1664/1664 1654/1654/1654 1666/1666/1666
f 1666/1666/1666 1654/1654/1654 1667/1667/1667
f 1654/1654/1654 1655/1655/1655 1667/1667/1667
f 1659/1659/1659 1665/1665/1665 1668/1668/1668
f 1655/1655/1655 1669/1669/1669 1667/1667/1667
f 1670/1670/1670 1659/1659/1659 1668/1668/1668
f 1670/1670/1670 1668/1668/1668 1671/1671/1671
f 1659/1659/1659 1670/1670/1670 1646/1646/1646
f 1655/1655/1655 1672/1672/1672 1669/1669/1669
f 1672/1672/1672 1673/1673/1673 1669/1669/1669
f 1672/1672/1672 1655/1655/1655 1648/1648/1648
f 1674/1674/1674 1670/1670/1670 1671/1671/1671
f 1674/1674/1674 1671/1671/1671 1675/1675/1675
f 1646/1646/1646 1670/1670/1670 1676/1676/1676
f 1670/1670/1670 1674/1674/1674 1676/1676/1676
f 1646/1646/1646 1676/1676/1676 1635/1635/1635
f 1672/1672/1672 1677/1677/1677 1673/1673/1673
f 1677/1677/1677 1678/1678/1678 1673/1673/1673
f 1678/1678/1678 1677/1677/1677 1679/1679/1679
f 1680/1680/1680 1672/1672/1672 1648/1648/1648
f 1677/1677/1677 1672/1672/1672 1680/1680/1680
f 1680/1680/1680 1648/1648/1648 1647/1647/1647
f 1635/1635/1635 1676/1676/1676 1681/1681/1681
f 1635/1635/1635 1681/1681/1681 1631/1631/1631
f 1676/1676/1676 1674/1674/1674 1682/1682/1682
f 1676/1676/1676 1682/1682/1682 1681/1681/1681
f 1683/1683/1683 1680/1680/1680 1647/1647/1647
f 1683/1683/1683 1647/1647/1647 1649/1649/1649
f 1684/1684/1684 1677/1677/1677 1680/1680/1680
f 1684/1684/1684 1680/1680/1680 1683/1683/1683
f 1677/1677/1677 1685/1685/1685 1679/1679/1679
f 1685/1685/1685 1677/1677/1677 1684/1684/1684
f 1631/1631/1631 1681/1681/1681 1686/1686/1686
f 1631/1631/1631 1686/1686/1686 1629/1629/1629
f 1687/1687/1687 1683/1683/1683 1649/1649/1649
f 1687/1687/1687 1649/1649/1649 1651/1651/1651
f 1685/1685/1685 1688/1688/1688 1679/1679/1679
f 1688/1688/1688 1689/1689/1689 1679/1679/1679
f 1690/1690/1690 1684/1684/1684 1683/1683/1683
f 1690/1690/1690 1683/1683/1683 1687/1687/1687
f 1691/1691/1691 1685/1685/1685 1684/1684/1684
f 1688/1688/1688 1685/1685/1685 1691/1691/1691
f 1691/1691/1691 1684/1684/1684 1690/1690/1690
f 1688/1688/1688 1692/1692/1692 1689/1689/1689
f 1692/1692/1692 1693/1693/1693 1689/1689/1689
f 1693/1693/1693 1692/1692/1692 1694/1694/1694
f 1695/1695/1695 1688/1688/1688 1691/1691/1691
f 1692/1692/1692 1688/1688/1688 1695/1695/1695
f 1696/1696/1696 1691/1691/1691 1690/1690/1690
f 1695/1695/1695 1691/1691/1691 1696/1696/1696
f 1697/1697/1697 1690/1690/1690 1687/1687/1687
f 1696/1696/1696 1690/1690/1690 1697/1697/1697
f 1692/1692/1692 1698/1698/1698 1694/1694/1694
f 1694/1694/1694 1698/1698/1698 1699/1699/1699
f 1700/1700/1700 1692/1692/1692 1695/1695/1695
f 1698/1698/1698 1692/1692/1692 1700/1700/1700
f 1701/1701/1701 1695/1695/1695 1696/1696/1696
f 1700/1700/1700 1695/1695/1695 1701/1701/1701
f 1698/1698/1698 1702/1702/1702 1699/1699/1699
f 1699/1699/1699 1702/1702/1702 1703/1703/1703
f 1704/1704/1704 1698/1698/1698 1700/1700/1700
f 1702/1702/1702 1698/1698/1698 1704/1704/1704
f 1702/1702/1702 1705/1705/1705 1703/1703/1703
f 1703/1703/1703 1705/1705/1705 1706/1706/1706
f 1697/1697/1697 1687/1687/1687 1707/1707/1707
f 1707/1707/1707 1687/1687/1687 1651/1651/1651
f 1708/1708/1708 1696/1696/1696 1697/1697/1697
f 1701/1701/1701 1696/1696/1696 1708/1708/1708
f 1709/1709/1709 1700/1700/1700 1701/1701/1701
f 1704/1704/1704 1700/1700/1700 1709/1709/1709
f 1710/1710/1710 1702/1702/1702 1704/1704/1704
f 1705/1705/1705 1702/1702/1702 1710/1710/1710
f 1707/1707/1707 1651/1651/1651 1711/1711/1711
f 1711/1711/1711 1651/1651/1651 1652/1652/1652
f 1712/1712/1712 1697/1697/1697 1707/1707/1707
f 1708/1708/1708 1697/1697/1697 1712/1712/1712
f 1713/1713/1713 1701/1701/1701 1708/1708/1708
f 1709/1709/1709 1701/1701/1701 1713/1713/1713
f 1714/1714/1714 1704/1704/1704 1709/1709/1709
f 1710/1710/1710 1704/1704/1704 1714/1714/1714
f 1715/1715/1715 1711/1711/1711 1652/1652/1652
f 1716/1716/1716 1715/1715/1715 1652/1652/1652
f 1715/1715/1715 1716/1716/1716 1717/1717/1717
f 1718/1718/1718 1707/1707/1707 1711/1711/1711
f 1712/1712/1712 1707/1707/1707 1718/1718/1718
f 1719/1719/1719 1708/1708/1708 1712/1712/1712
f 1713/1713/1713 1708/1708/1708 1719/1719/1719
f 1720/1720/1720 1709/1709/1709 1713/1713/1713
f 1714/1714/1714 1709/1709/1709 1720/1720/1720
f 1721/1721/1721 1715/1715/1715 1717/1717/1717
f 1721/1721/1721 1717/1717/1717 1562/1562/1562
f 1563/1563/1563 1721/1721/1721 1562/1562/1562
f 1715/1715/1715 1722/1722/1722 1711/1711/1711
f 1722/1722/1722 1715/1715/1715 1721/1721/1721
f 1722/1722/1722 1718/1718/1718 1711/1711/1711
f 1723/1723/1723 1712/1712/1712 1718/1718/1718
f 1719/1719/1719 1712/1712/1712 1723/1723/1723
f 1724/1724/1724 1713/1713/1713 1719/1719/1719
f 1720/1720/1720 1713/1713/1713 1724/1724/1724
f 1725/1725/1725 1721/1721/1721 1563/1563/1563
f 1725/1725/1725 1722/1722/1722 1721/1721/1721
f 1722/1722/1722 1726/1726/1726 1718/1718/1718
f 1726/1726/1726 1723/1723/1723 1718/1718/1718
f 1726/1726/1726 1722/1722/1722 1725/1725/1725
f 1727/1727/1727 1719/1719/1719 1723/1723/1723
f 1724/1724/1724 1719/1719/1719 1727/1727/1727
f 1728/1728/1728 1725/1725/1725 1563/1563/1563
f 1728/1728/1728 1563/1563/1563 1559/1559/1559
f 1726/1726/1726 1729/1729/1729 1723/1723/1723
f 1729/1729/1729 1727/1727/1727 1723/1723/1723
f 1730/1730/1730 1726/1726/1726 1725/1725/1725
f 1730/1730/1730 1725/1725/1725 1728/1728/1728
f 1729/1729/1729 1726/1726/1726 1730/1730/1730
f 1731/1731/1731 1728/1728/1728 1559/1559/1559
f 1731/1731/1731 1559/1559/1559 1557/1557/1557
f 1732/1732/1732 1730/1730/1730 1728/1728/1728
f 1732/1732/1732 1728/1728/1728 1731/1731/1731
f 1733/1733/1733 1729/1729/1729 1730/1730/1730
f 1733/1733/1733 1730/1730/1730 1732/1732/1732
f 1729/1729/1729 1734/1734/1734 1727/1727/1727
f 1734/1734/1734 1729/1729/1729 1733/1733/1733
f 1735/1735/1735 1724/1724/1724 1727/1727/1727
f 1734/1734/1734 1735/1735/1735 1727/1727/1727
f 1736/1736/1736 1731/1731/1731 1557/1557/1557
f 1736/1736/1736 1557/1557/1557 1553/1553/1553
f 1737/1737/1737 1732/1732/1732 1731/1731/1731
f 1737/1737/1737 1731/1731/1731 1736/1736/1736
f 1738/1738/1738 1733/1733/1733 1732/1732/1732
f 1738/1738/1738 1732/1732/1732 1737/1737/1737
f 1739/1739/1739 1734/1734/1734 1733/1733/1733
f 1739/1739/1739 1733/1733/1733 1738/1738/1738
f 1740/1740/1740 1736/1736/1736 1553/1553/1553
f 1740/1740/1740 1553/1553/1553 1554/1554/1554
f 1741/1741/1741 1737/1737/1737 1736/1736/1736
f 1741/1741/1741 1736/1736/1736 1740/1740/1740
f 1742/1742/1742 1740/1740/1740 1554/1554/1554
f 1742/1742/1742 1741/1741/1741 1740/1740/1740
f 1743/1743/1743 1742/1742/1742 1554/1554/1554
f 1742/1742/1742 1743/1743/1743 1744/1744/1744
f 1745/1745/1745 1738/1738/1738 1737/1737/1737
f 1745/1745/1745 1737/1737/1737 1741/1741/1741
f 1746/1746/1746 1741/1741/1741 1742/1742/1742
f 1746/1746/1746 1745/1745/1745 1741/1741/1741
f 1747/1747/1747 1742/1742/1742 1744/1744/1744
f 1747/1747/1747 1746/1746/1746 1742/1742/1742
f 1748/1748/1748 1738/1738/1738 1745/1745/1745
f 1748/1748/1748 1739/1739/1739 1738/1738/1738
f 1749/1749/1749 1747/1747/1747 1744/1744/1744
f 1750/1750/1750 1749/1749/1749 1744/1744/1744
f 1751/1751/1751 1746/1746/1746 1747/1747/1747
f 1749/1749/1749 1751/1751/1751 1747/1747/1747
f 1752/1752/1752 1745/1745/1745 1746/1746/1746
f 1752/1752/1752 1748/1748/1748 1745/1745/1745
f 1751/1751/1751 1752/1752/1752 1746/1746/1746
f 1753/1753/1753 1749/1749/1749 1750/1750/1750
f 1754/1754/1754 1753/1753/1753 1750/1750/1750
f 1753/1753/1753 1754/1754/1754 1755/1755/1755
f 1756/1756/1756 1751/1751/1751 1749/1749/1749
f 1753/1753/1753 1756/1756/1756 1749/1749/1749
f 1757/1757/1757 1752/1752/1752 1751/1751/1751
f 1756/1756/1756 1757/1757/1757 1751/1751/1751
f 1758/1758/1758 1748/1748/1748 1752/1752/1752
f 1757/1757/1757 1758/1758/1758 1752/1752/1752
f 1759/1759/1759 1739/1739/1739 1748/1748/1748
f 1758/1758/1758 1759/1759/1759 1748/1748/1748
f 1760/1760/1760 1753/1753/1753 1755/1755/1755
f 1760/1760/1760 1755/1755/1755 1761/1761/1761
f 1762/1762/1762 1756/1756/1756 1753/1753/1753
f 1760/1760/1760 1762/1762/1762 1753/1753/1753
f 1763/1763/1763 1757/1757/1757 1756/1756/1756
f 1762/1762/1762 1763/1763/1763 1756/1756/1756
f 1764/1764/1764 1758/1758/1758 1757/1757/1757
f 1763/1763/1763 1764/1764/1764 1757/1757/1757
f 1765/1765/1765 1760/1760/1760 1761/1761/1761
f 1765/1765/1765 1761/1761/1761 1766/1766/1766
f 1767/1767/1767 1762/1762/1762 1760/1760/1760
f 1765/1765/1765 1767/1767/1767 1760/1760/1760
f 1768/1768/1768 1763/1763/1763 1762/1762/1762
f 1767/1767/1767 1768/1768/1768 1762/1762/1762
f 1769/1769/1769 1765/1765/1765 1766/1766/1766
f 1769/1769/1769 1766/1766/1766 1770/1770/1770
f 1771/1771/1771 1767/1767/1767 1765/1765/1765
f 1769/1769/1769 1771/1771/1771 1765/1765/1765
f 1764/1764/1764 1772/1772/1772 1758/1758/1758
f 1772/1772/1772 1759/1759/1759 1758/1758/1758
f 1773/1773/1773 1764/1764/1764 1763/1763/1763
f 1768/1768/1768 1773/1773/1773 1763/1763/1763
f 1774/1774/1774 1768/1768/1768 1767/1767/1767
f 1771/1771/1771 1774/1774/1774 1767/1767/1767
f 1775/1775/1775 1772/1772/1772 1764/1764/1764
f 1773/1773/1773 1775/1775/1775 1764/1764/1764
f 1776/1776/1776 1773/1773/1773 1768/1768/1768
f 1774/1774/1774 1776/1776/1776 1768/1768/1768
f 1777/1777/1777 1775/1775/1775 1773/1773/1773
f 1776/1776/1776 1777/1777/1777 1773/1773/1773
f 1778/1778/1778 1771/1771/1771 1769/1769/1769
f 1779/1779/1779 1774/1774/1774 1771/1771/1771
f 1778/1778/1778 1779/1779/1779 1771/1771/1771
f 1780/1780/1780 1776/1776/1776 1774/1774/1774
f 1779/1779/1779 1780/1780/1780 1774/1774/1774
f 1781/1781/1781 1777/1777/1777 1776/1776/1776
f 1780/1780/1780 1781/1781/1781 1776/1776/1776
f 1782/1782/1782 1778/1778/1778 1769/1769/1769
f 1782/1782/1782 1769/1769/1769 1770/1770/1770
f 1783/1783/1783 1782/1782/1782 1770/1770/1770
f 1784/1784/1784 1783/1783/1783 1770/1770/1770
f 1783/1783/1783 1784/1784/1784 1785/1785/1785
f 1786/1786/1786 1778/1778/1778 1782/1782/1782
f 1783/1783/1783 1786/1786/1786 1782/1782/1782
f 1787/1787/1787 1779/1779/1779 1778/1778/1778
f 1786/1786/1786 1787/1787/1787 1778/1778/1778
f 1788/1788/1788 1780/1780/1780 1779/1779/1779
f 1787/1787/1787 1788/1788/1788 1779/1779/1779
f 1789/1789/1789 1781/1781/1781 1780/1780/1780
f 1788/1788/1788 1789/1789/1789 1780/1780/1780
f 1781/1781/1781 1790/1790/1790 1777/1777/1777
f 1789/1789/1789 1791/1791/1791 1781/1781/1781
f 1791/1791/1791 1790/1790/1790 1781/1781/1781
f 1790/1790/1790 1792/1792/1792 1777/1777/1777
f 1777/1777/1777 1792/1792/1792 1775/1775/1775
f 1792/1792/1792 1793/1793/1793 1775/1775/1775
f 1775/1775/1775 1793/1793/1793 1772/1772/1772
f 1793/1793/1793 1794/1794/1794 1772/1772/1772
f 1772/1772/1772 1794/1794/1794 1759/1759/1759
f 1794/1794/1794 1795/1795/1795 1759/1759/1759
f 1759/1759/1759 1795/1795/1795 1739/1739/1739
f 1795/1795/1795 1734/1734/1734 1739/1739/1739
f 1734/1734/1734 1795/1795/1795 1735/1735/1735
f 1795/1795/1795 1794/1794/1794 1796/1796/1796
f 1795/1795/1795 1796/1796/1796 1735/1735/1735
f 1794/1794/1794 1793/1793/1793 1797/1797/1797
f 1794/1794/1794 1797/1797/1797 1796/1796/1796
f 1793/1793/1793 1792/1792/1792 1798/1798/1798
f 1793/1793/1793 1798/1798/1798 1797/1797/1797
f 1792/1792/1792 1790/1790/1790 1799/1799/1799
f 1792/1792/1792 1799/1799/1799 1798/1798/1798
f 1796/1796/1796 1800/1800/1800 1735/1735/1735
f 1800/1800/1800 1724/1724/1724 1735/1735/1735
f 1800/1800/1800 1720/1720/1720 1724/1724/1724
f 1797/1797/1797 1801/1801/1801 1796/1796/1796
f 1801/1801/1801 1800/1800/1800 1796/1796/1796
f 1802/1802/1802 1720/1720/1720 1800/1800/1800
f 1801/1801/1801 1802/1802/1802 1800/1800/1800
f 1802/1802/1802 1714/1714/1714 1720/1720/1720
f 1798/1798/1798 1803/1803/1803 1797/1797/1797
f 1803/1803/1803 1801/1801/1801 1797/1797/1797
f 1804/1804/1804 1714/1714/1714 1802/1802/1802
f 1804/1804/1804 1710/1710/1710 1714/1714/1714
f 1805/1805/1805 1802/1802/1802 1801/1801/1801
f 1803/1803/1803 1805/1805/1805 1801/1801/1801
f 1805/1805/1805 1804/1804/1804 1802/1802/1802
f 1806/1806/1806 1803/1803/1803 1798/1798/1798
f 1799/1799/1799 1806/1806/1806 1798/1798/1798
f 1807/1807/1807 1710/1710/1710 1804/1804/1804
f 1807/1807/1807 1705/1705/1705 1710/1710/1710
f 1808/1808/1808 1805/1805/1805 1803/1803/1803
f 1806/1806/1806 1808/1808/1808 1803/1803/1803
f 1809/1809/1809 1804/1804/1804 1805/1805/1805
f 1809/1809/1809 1807/1807/1807 1804/1804/1804
f 1808/1808/1808 1809/1809/1809 1805/1805/1805
f 1810/1810/1810 1705/1705/1705 1807/1807/1807
f 1705/1705/1705 1810/1810/1810 1706/1706/1706
f 1811/1811/1811 1807/1807/1807 1809/1809/1809
f 1811/1811/1811 1810/1810/1810 1807/1807/1807
f 1810/1810/1810 1812/1812/1812 1706/1706/1706
f 1812/1812/1812 1810/1810/1810 1811/1811/1811
f 1812/1812/1812 1813/1813/1813 1706/1706/1706
f 1813/1813/1813 1812/1812/1812 1814/1814/1814
f 1815/1815/1815 1809/1809/1809 1808/1808/1808
f 1815/1815/1815 1811/1811/1811 1809/1809/1809
f 1816/1816/1816 1808/1808/1808 1806/1806/1806
f 1816/1816/1816 1815/1815/1815 1808/1808/1808
f 1817/1817/1817 1812/1812/1812 1811/1811/1811
f 1817/1817/1817 1811/1811/1811 1815/1815/1815
f 1812/1812/1812 1818/1818/1818 1814/1814/1814
f 1818/1818/1818 1812/1812/1812 1817/1817/1817
f 1819/1819/1819 1817/1817/1817 1815/1815/1815
f 1819/1819/1819 1815/1815/1815 1816/1816/1816
f 1820/1820/1820 1816/1816/1816 1806/1806/1806
f 1820/1820/1820 1806/1806/1806 1799/1799/1799
f 1818/1818/1818 1821/1821/1821 1814/1814/1814
f 1821/1821/1821 1822/1822/1822 1814/1814/1814
f 1822/1822/1822 1821/1821/1821 1823/1823/1823
f 1824/1824/1824 1818/1818/1818 1817/1817/1817
f 1824/1824/1824 1817/1817/1817 1819/1819/1819
f 1821/1821/1821 1818/1818/1818 1824/1824/1824
f 1825/1825/1825 1819/1819/1819 1816/1816/1816
f 1825/1825/1825 1816/1816/1816 1820/1820/1820
f 1826/1826/1826 1820/1820/1820 1799/1799/1799
f 1790/1790/1790 1826/1826/1826 1799/1799/1799
f 1790/1790/1790 1791/1791/1791 1826/1826/1826
f 1821/1821/1821 1827/1827/1827 1823/1823/1823
f 1823/1823/1823 1827/1827/1827 1828/1828/1828
f 1829/1829/1829 1824/1824/1824 1819/1819/1819
f 1829/1829/1829 1819/1819/1819 1825/1825/1825
f 1830/1830/1830 1821/1821/1821 1824/1824/1824
f 1827/1827/1827 1821/1821/1821 1830/1830/1830
f 1830/1830/1830 1824/1824/1824 1829/1829/1829
f 1831/1831/1831 1820/1820/1820 1826/1826/1826
f 1831/1831/1831 1825/1825/1825 1820/1820/1820
f 1791/1791/1791 1832/1832/1832 1826/1826/1826
f 1832/1832/1832 1831/1831/1831 1826/1826/1826
f 1827/1827/1827 1833/1833/1833 1828/1828/1828
f 1828/1828/1828 1833/1833/1833 1834/1834/1834
f 1835/1835/1835 1829/1829/1829 1825/1825/1825
f 1835/1835/1835 1825/1825/1825 1831/1831/1831
f 1836/1836/1836 1830/1830/1830 1829/1829/1829
f 1836/1836/1836 1829/1829/1829 1835/1835/1835
f 1837/1837/1837 1827/1827/1827 1830/1830/1830
f 1833/1833/1833 1827/1827/1827 1837/1837/1837
f 1837/1837/1837 1830/1830/1830 1836/1836/1836
f 1838/1838/1838 1835/1835/1835 1831/1831/1831
f 1838/1838/1838 1831/1831/1831 1832/1832/1832
f 1791/1791/1791 1839/1839/1839 1832/1832/1832
f 1839/1839/1839 1791/1791/1791 1789/1789/1789
f 1840/1840/1840 1836/1836/1836 1835/1835/1835
f 1840/1840/1840 1835/1835/1835 1838/1838/1838
f 1841/1841/1841 1837/1837/1837 1836/1836/1836
f 1841/1841/1841 1836/1836/1836 1840/1840/1840
f 1842/1842/1842 1833/1833/1833 1837/1837/1837
f 1842/1842/1842 1837/1837/1837 1841/1841/1841
f 1843/1843/1843 1838/1838/1838 1832/1832/1832
f 1839/1839/1839 1843/1843/1843 1832/1832/1832
f 1844/1844/1844 1839/1839/1839 1789/1789/1789
f 1844/1844/1844 1789/1789/1789 1788/1788/1788
f 1845/1845/1845 1840/1840/1840 1838/1838/1838
f 1845/1845/1845 1838/1838/1838 1843/1843/1843
f 1846/1846/1846 1841/1841/1841 1840/1840/1840
f 1846/1846/1846 1840/1840/1840 1845/1845/1845
f 1839/1839/1839 1847/1847/1847 1843/1843/1843
f 1847/1847/1847 1839/1839/1839 1844/1844/1844
f 1848/1848/1848 1844/1844/1844 1788/1788/1788
f 1848/1848/1848 1788/1788/1788 1787/1787/1787
f 1849/1849/1849 1845/1845/1845 1843/1843/1843
f 1847/1847/1847 1849/1849/1849 1843/1843/1843
f 1850/1850/1850 1847/1847/1847 1844/1844/1844
f 1850/1850/1850 1844/1844/1844 1848/1848/1848
f 1851/1851/1851 1848/1848/1848 1787/1787/1787
f 1851/1851/1851 1787/1787/1787 1786/1786/1786
f 1852/1852/1852 1841/1841/1841 1846/1846/1846
f 1852/1852/1852 1842/1842/1842 1841/1841/1841
f 1853/1853/1853 1846/1846/1846 1845/1845/1845
f 1853/1853/1853 1845/1845/1845 1849/1849/1849
f 1847/1847/1847 1854/1854/1854 1849/1849/1849
f 1854/1854/1854 1847/1847/1847 1850/1850/1850
f 1855/1855/1855 1850/1850/1850 1848/1848/1848
f 1855/1855/1855 1848/1848/1848 1851/1851/1851
f 1856/1856/1856 1851/1851/1851 1786/1786/1786
f 1856/1856/1856 1786/1786/1786 1783/1783/1783
f 1857/1857/1857 1852/1852/1852 1846/1846/1846
f 1857/1857/1857 1846/1846/1846 1853/1853/1853
f 1858/1858/1858 1853/1853/1853 1849/1849/1849
f 1854/1854/1854 1858/1858/1858 1849/1849/1849
f 1859/1859/1859 1854/1854/1854 1850/1850/1850
f 1859/1859/1859 1850/1850/1850 1855/1855/1855
f 1860/1860/1860 1855/1855/1855 1851/1851/1851
f 1860/1860/1860 1851/1851/1851 1856/1856/1856
f 1861/1861/1861 1856/1856/1856 1783/1783/1783
f 1861/1861/1861 1783/1783/1783 1785/1785/1785
f 1862/1862/1862 1856/1856/1856 1861/1861/1861
f 1862/1862/1862 1860/1860/1860 1856/1856/1856
f 1863/1863/1863 1861/1861/1861 1785/1785/1785
f 1863/1863/1863 1862/1862/1862 1861/1861/1861
f 1864/1864/1864 1863/1863/1863 1785/1785/1785
f 1863/1863/1863 1864/1864/1864 1865/1865/1865
f 1866/1866/1866 1855/1855/1855 1860/1860/1860
f 1866/1866/1866 1859/1859/1859 1855/1855/1855
f 1867/1867/1867 1854/1854/1854 1859/1859/1859
f 1854/1854/1854 1867/1867/1867 1858/1858/1858
f 1868/1868/1868 1860/1860/1860 1862/1862/1862
f 1868/1868/1868 1866/1866/1866 1860/1860/1860
f 1869/1869/1869 1863/1863/1863 1865/1865/1865
f 1869/1869/1869 1865/1865/1865 1870/1870/1870
f 1871/1871/1871 1862/1862/1862 1863/1863/1863
f 1871/1871/1871 1868/1868/1868 1862/1862/1862
f 1869/1869/1869 1871/1871/1871 1863/1863/1863
f 1872/1872/1872 1859/1859/1859 1866/1866/1866
f 1872/1872/1872 1867/1867/1867 1859/1859/1859
f 1873/1873/1873 1869/1869/1869 1870/1870/1870
f 1873/1873/1873 1870/1870/1870 1874/1874/1874
f 1875/1875/1875 1866/1866/1866 1868/1868/1868
f 1875/1875/1875 1872/1872/1872 1866/1866/1866
f 1876/1876/1876 1871/1871/1871 1869/1869/1869
f 1873/1873/1873 1876/1876/1876 1869/1869/1869
f 1877/1877/1877 1868/1868/1868 1871/1871/1871
f 1877/1877/1877 1875/1875/1875 1868/1868/1868
f 1876/1876/1876 1877/1877/1877 1871/1871/1871
f 1878/1878/1878 1867/1867/1867 1872/1872/1872
f 1879/1879/1879 1872/1872/1872 1875/1875/1875
f 1879/1879/1879 1878/1878/1878 1872/1872/1872
f 1880/1880/1880 1875/1875/1875 1877/1877/1877
f 1880/1880/1880 1879/1879/1879 1875/1875/1875
f 1881/1881/1881 1877/1877/1877 1876/1876/1876
f 1881/1881/1881 1880/1880/1880 1877/1877/1877
f 1882/1882/1882 1876/1876/1876 1873/1873/1873
f 1882/1882/1882 1881/1881/1881 1876/1876/1876
f 1867/1867/1867 1878/1878/1878 1883/1883/1883
f 1867/1867/1867 1883/1883/1883 1858/1858/1858
f 1884/1884/1884 1882/1882/1882 1873/1873/1873
f 1884/1884/1884 1873/1873/1873 1874/1874/1874
f 1885/1885/1885 1884/1884/1884 1874/1874/1874
f 1886/1886/1886 1885/1885/1885 1874/1874/1874
f 1887/1887/1887 1882/1882/1882 1884/1884/1884
f 1885/1885/1885 1887/1887/1887 1884/1884/1884
f 1888/1888/1888 1881/1881/1881 1882/1882/1882
f 1887/1887/1887 1888/1888/1888 1882/1882/1882
f 1889/1889/1889 1880/1880/1880 1881/1881/1881
f 1888/1888/1888 1889/1889/1889 1881/1881/1881
f 1890/1890/1890 1885/1885/1885 1886/1886/1886
f 1891/1891/1891 1890/1890/1890 1886/1886/1886
f 1892/1892/1892 1887/1887/1887 1885/1885/1885
f 1890/1890/1890 1892/1892/1892 1885/1885/1885
f 1893/1893/1893 1888/1888/1888 1887/1887/1887
f 1892/1892/1892 1893/1893/1893 1887/1887/1887
f 1894/1894/1894 1890/1890/1890 1891/1891/1891
f 1895/1895/1895 1894/1894/1894 1891/1891/1891
f 1894/1894/1894 1895/1895/1895 1896/1896/1896
f 1892/1892/1892 1890/1890/1890 1897/1897/1897
f 1890/1890/1890 1894/1894/1894 1897/1897/1897
f 1898/1898/1898 1894/1894/1894 1896/1896/1896
f 1898/1898/1898 1896/1896/1896 1899/1899/1899
f 1900/1900/1900 1889/1889/1889 1888/1888/1888
f 1893/1893/1893 1900/1900/1900 1888/1888/1888
f 1893/1893/1893 1892/1892/1892 1901/1901/1901
f 1892/1892/1892 1897/1897/1897 1901/1901/1901
f 1902/1902/1902 1897/1897/1897 1894/1894/1894
f 1898/1898/1898 1902/1902/1902 1894/1894/1894
f 1903/1903/1903 1898/1898/1898 1899/1899/1899
f 1903/1903/1903 1899/1899/1899 1904/1904/1904
f 1900/1900/1900 1893/1893/1893 1905/1905/1905
f 1893/1893/1893 1901/1901/1901 1905/1905/1905
f 1906/1906/1906 1901/1901/1901 1897/1897/1897
f 1902/1902/1902 1906/1906/1906 1897/1897/1897
f 1907/1907/1907 1902/1902/1902 1898/1898/1898
f 1903/1903/1903 1907/1907/1907 1898/1898/1898
f 1908/1908/1908 1905/1905/1905 1901/1901/1901
f 1906/1906/1906 1908/1908/1908 1901/1901/1901
f 1909/1909/1909 1906/1906/1906 1902/1902/1902
f 1907/1907/1907 1909/1909/1909 1902/1902/1902
f 1910/1910/1910 1908/1908/1908 1906/1906/1906
f 1909/1909/1909 1910/1910/1910 1906/1906/1906
f 1900/1900/1900 1905/1905/1905 1911/1911/1911
f 1912/1912/1912 1900/1900/1900 1911/1911/1911
f 1900/1900/1900 1912/1912/1912 1889/1889/1889
f 1912/1912/1912 1911/1911/1911 1913/1913/1913
f 1908/1908/1908 1914/1914/1914 1905/1905/1905
f 1914/1914/1914 1915/1915/1915 1905/1905/1905
f 1912/1912/1912 1916/1916/1916 1889/1889/1889
f 1889/1889/1889 1916/1916/1916 1880/1880/1880
f 1916/1916/1916 1879/1879/1879 1880/1880/1880
f 1917/1917/1917 1912/1912/1912 1913/1913/1913
f 1912/1912/1912 1917/1917/1917 1916/1916/1916
f 1916/1916/1916 1918/1918/1918 1879/1879/1879
f 1917/1917/1917 1918/1918/1918 1916/1916/1916
f 1918/1918/1918 1878/1878/1878 1879/1879/1879
f 1917/1917/1917 1913/1913/1913 1919/1919/1919
f 1913/1913/1913 1920/1920/1920 1919/1919/1919
f 1919/1919/1919 1920/1920/1920 1921/1921/1921
f 1918/1918/1918 1917/1917/1917 1922/1922/1922
f 1878/1878/1878 1918/1918/1918 1922/1922/1922
f 1917/1917/1917 1919/1919/1919 1922/1922/1922
f 1923/1923/1923 1919/1919/1919 1921/1921/1921
f 1919/1919/1919 1923/1923/1923 1922/1922/1922
f 1923/1923/1923 1921/1921/1921 1924/1924/1924
f 1925/1925/1925 1878/1878/1878 1922/1922/1922
f 1878/1878/1878 1925/1925/1925 1883/1883/1883
f 1923/1923/1923 1926/1926/1926 1922/1922/1922
f 1922/1922/1922 1926/1926/1926 1925/1925/1925
f 1925/1925/1925 1927/1927/1927 1883/1883/1883
f 1926/1926/1926 1927/1927/1927 1925/1925/1925
f 1923/1923/1923 1928/1928/1928 1926/1926/1926
f 1928/1928/1928 1923/1923/1923 1924/1924/1924
f 1927/1927/1927 1929/1929/1929 1883/1883/1883
f 1883/1883/1883 1929/1929/1929 1858/1858/1858
f 1929/1929/1929 1853/1853/1853 1858/1858/1858
f 1929/1929/1929 1857/1857/1857 1853/1853/1853
f 1926/1926/1926 1930/1930/1930 1927/1927/1927
f 1928/1928/1928 1930/1930/1930 1926/1926/1926
f 1927/1927/1927 1931/1931/1931 1929/1929/1929
f 1931/1931/1931 1857/1857/1857 1929/1929/1929
f 1930/1930/1930 1931/1931/1931 1927/1927/1927
f 1931/1931/1931 1932/1932/1932 1857/1857/1857
f 1932/1932/1932 1852/1852/1852 1857/1857/1857
f 1930/1930/1930 1933/1933/1933 1931/1931/1931
f 1933/1933/1933 1932/1932/1932 1931/1931/1931
f 1928/1928/1928 1934/1934/1934 1930/1930/1930
f 1934/1934/1934 1933/1933/1933 1930/1930/1930
f 1932/1932/1932 1935/1935/1935 1852/1852/1852
f 1935/1935/1935 1842/1842/1842 1852/1852/1852
f 1933/1933/1933 1936/1936/1936 1932/1932/1932
f 1936/1936/1936 1935/1935/1935 1932/1932/1932
f 1935/1935/1935 1937/1937/1937 1842/1842/1842
f 1937/1937/1937 1833/1833/1833 1842/1842/1842
f 1833/1833/1833 1937/1937/1937 1834/1834/1834
f 1938/1938/1938 1937/1937/1937 1935/1935/1935
f 1937/1937/1937 1938/1938/1938 1834/1834/1834
f 1936/1936/1936 1938/1938/1938 1935/1935/1935
f 1938/1938/1938 1939/1939/1939 1834/1834/1834
f 1938/1938/1938 1940/1940/1940 1939/1939/1939
f 1940/1940/1940 1938/1938/1938 1936/1936/1936
f 1940/1940/1940 1941/1941/1941 1939/1939/1939
f 1942/1942/1942 1936/1936/1936 1933/1933/1933
f 1942/1942/1942 1940/1940/1940 1936/1936/1936
f 1934/1934/1934 1942/1942/1942 1933/1933/1933
f 1940/1940/1940 1943/1943/1943 1941/1941/1941
f 1940/1940/1940 1942/1942/1942 1943/1943/1943
f 1943/1943/1943 1944/1944/1944 1941/1941/1941
f 1944/1944/1944 1943/1943/1943 1945/1945/1945
f 1942/1942/1942 1934/1934/1934 1946/1946/1946
f 1942/1942/1942 1946/1946/1946 1943/1943/1943
f 1943/1943/1943 1947/1947/1947 1945/1945/1945
f 1947/1947/1947 1943/1943/1943 1946/1946/1946
f 1945/1945/1945 1947/1947/1947 1948/1948/1948
f 1934/1934/1934 1949/1949/1949 1946/1946/1946
f 1934/1934/1934 1928/1928/1928 1949/1949/1949
f 1928/1928/1928 1924/1924/1924 1949/1949/1949
f 1947/1947/1947 1950/1950/1950 1948/1948/1948
f 1948/1948/1948 1950/1950/1950 1951/1951/1951
f 1952/1952/1952 1947/1947/1947 1946/1946/1946
f 1952/1952/1952 1946/1946/1946 1949/1949/1949
f 1950/1950/1950 1947/1947/1947 1952/1952/1952
f 1953/1953/1953 1949/1949/1949 1924/1924/1924
f 1953/1953/1953 1952/1952/1952 1949/1949/1949
f 1954/1954/1954 1950/1950/1950 1952/1952/1952
f 1954/1954/1954 1952/1952/1952 1953/1953/1953
f 1950/1950/1950 1955/1955/1955 1951/1951/1951
f 1955/1955/1955 1950/1950/1950 1954/1954/1954
f 1956/1956/1956 1953/1953/1953 1924/1924/1924
f 1956/1956/1956 1924/1924/1924 1957/1957/1957
f 1955/1955/1955 1958/1958/1958 1951/1951/1951
f 1958/1958/1958 1959/1959/1959 1951/1951/1951
f 1959/1959/1959 1958/1958/1958 1960/1960/1960
f 1961/1961/1961 1954/1954/1954 1953/1953/1953
f 1961/1961/1961 1953/1953/1953 1956/1956/1956
f 1962/1962/1962 1955/1955/1955 1954/1954/1954
f 1958/1958/1958 1955/1955/1955 1962/1962/1962
f 1962/1962/1962 1954/1954/1954 1961/1961/1961
f 1963/1963/1963 1956/1956/1956 1957/1957/1957
f 1963/1963/1963 1957/1957/1957 1964/1964/1964
f 1965/1965/1965 1961/1961/1961 1956/1956/1956
f 1965/1965/1965 1956/1956/1956 1963/1963/1963
f 1966/1966/1966 1962/1962/1962 1961/1961/1961
f 1966/1966/1966 1961/1961/1961 1965/1965/1965
f 1967/1967/1967 1958/1958/1958 1962/1962/1962
f 1967/1967/1967 1962/1962/1962 1966/1966/1966
f 1958/1958/1958 1968/1968/1968 1960/1960/1960
f 1968/1968/1968 1958/1958/1958 1967/1967/1967
f 1968/1968/1968 1969/1969/1969 1960/1960/1960
f 1969/1969/1969 1970/1970/1970 1960/1960/1960
f 1971/1971/1971 1968/1968/1968 1967/1967/1967
f 1969/1969/1969 1968/1968/1968 1971/1971/1971
f 1972/1972/1972 1967/1967/1967 1966/1966/1966
f 1971/1971/1971 1967/1967/1967 1972/1972/1972
f 1973/1973/1973 1966/1966/1966 1965/1965/1965
f 1972/1972/1972 1966/1966/1966 1973/1973/1973
f 1974/1974/1974 1965/1965/1965 1963/1963/1963
f 1973/1973/1973 1965/1965/1965 1974/1974/1974
f 1969/1969/1969 1975/1975/1975 1970/1970/1970
f 1975/1975/1975 1976/1976/1976 1970/1970/1970
f 1977/1977/1977 1969/1969/1969 1971/1971/1971
f 1975/1975/1975 1969/1969/1969 1977/1977/1977
f 1978/1978/1978 1971/1971/1971 1972/1972/1972
f 1977/1977/1977 1971/1971/1971 1978/1978/1978
f 1979/1979/1979 1972/1972/1972 1973/1973/1973
f 1978/1978/1978 1972/1972/1972 1979/1979/1979
f 1975/1975/1975 1980/1980/1980 1976/1976/1976
f 1980/1980/1980 1981/1981/1981 1976/1976/1976
f 1981/1981/1981 1980/1980/1980 1982/1982/1982
f 1983/1983/1983 1975/1975/1975 1977/1977/1977
f 1980/1980/1980 1975/1975/1975 1983/1983/1983
f 1984/1984/1984 1977/1977/1977 1978/1978/1978
f 1983/1983/1983 1977/1977/1977 1984/1984/1984
f 1980/1980/1980 1985/1985/1985 1982/1982/1982
f 1982/1982/1982 1985/1985/1985 1986/1986/1986
f 1987/1987/1987 1980/1980/1980 1983/1983/1983
f 1985/1985/1985 1980/1980/1980 1987/1987/1987
f 1985/1985/1985 1988/1988/1988 1986/1986/1986
f 1986/1986/1986 1988/1988/1988 1989/1989/1989
f 1990/1990/1990 1978/1978/1978 1979/1979/1979
f 1984/1984/1984 1978/1978/1978 1990/1990/1990
f 1991/1991/1991 1983/1983/1983 1984/1984/1984
f 1987/1987/1987 1983/1983/1983 1991/1991/1991
f 1992/1992/1992 1985/1985/1985 1987/1987/1987
f 1988/1988/1988 1985/1985/1985 1992/1992/1992
f 1993/1993/1993 1984/1984/1984 1990/1990/1990
f 1991/1991/1991 1984/1984/1984 1993/1993/1993
f 1994/1994/1994 1987/1987/1987 1991/1991/1991
f 1992/1992/1992 1987/1987/1987 1994/1994/1994
f 1995/1995/1995 1991/1991/1991 1993/1993/1993
f 1994/1994/1994 1991/1991/1991 1995/1995/1995
f 1990/1990/1990 1979/1979/1979 1996/1996/1996
f 1993/1993/1993 1990/1990/1990 1997/1997/1997
f 1997/1997/1997 1990/1990/1990 1996/1996/1996
f 1995/1995/1995 1993/1993/1993 1998/1998/1998
f 1998/1998/1998 1993/1993/1993 1997/1997/1997
f 1996/1996/1996 1979/1979/1979 1999/1999/1999
f 1979/1979/1979 1973/1973/1973 1999/1999/1999
f 1999/1999/1999 1973/1973/1973 1974/1974/1974
f 2000/2000/2000 1988/1988/1988 1992/1992/1992
f 2001/2001/2001 1992/1992/1992 1994/1994/1994
f 2000/2000/2000 1992/1992/1992 2001/2001/2001
f 2002/2002/2002 1994/1994/1994 1995/1995/1995
f 2001/2001/2001 1994/1994/1994 2002/2002/2002
f 2003/2003/2003 1995/1995/1995 1998/1998/1998
f 2002/2002/2002 1995/1995/1995 2003/2003/2003
f 2004/2004/2004 1988/1988/1988 2000/2000/2000
f 1988/1988/1988 2004/2004/2004 1989/1989/1989
f 1996/1996/1996 1999/1999/1999 2005/2005/2005
f 1999/1999/1999 1974/1974/1974 2006/2006/2006
f 2005/2005/2005 1999/1999/1999 2006/2006/2006
f 2007/2007/2007 1996/1996/1996 2005/2005/2005
f 1997/1997/1997 1996/1996/1996 2007/2007/2007
f 1998/1998/1998 1997/1997/1997 2008/2008/2008
f 2008/2008/2008 1997/1997/1997 2007/2007/2007
f 2003/2003/2003 1998/1998/1998 2009/2009/2009
f 2009/2009/2009 1998/1998/1998 2008/2008/2008
f 2006/2006/2006 1974/1974/1974 2010/2010/2010
f 1974/1974/1974 1963/1963/1963 2010/2010/2010
f 2010/2010/2010 1963/1963/1963 1964/1964/1964
f 2011/2011/2011 2010/2010/2010 1964/1964/1964
f 2012/2012/2012 2011/2011/2011 1964/1964/1964
f 2011/2011/2011 2012/2012/2012 1915/1915/1915
f 1914/1914/1914 2011/2011/2011 1915/1915/1915
f 2011/2011/2011 2013/2013/2013 2010/2010/2010
f 2013/2013/2013 2006/2006/2006 2010/2010/2010
f 2013/2013/2013 2011/2011/2011 1914/1914/1914
f 2013/2013/2013 2014/2014/2014 2006/2006/2006
f 2014/2014/2014 2005/2005/2005 2006/2006/2006
f 2015/2015/2015 2013/2013/2013 1914/1914/1914
f 2014/2014/2014 2013/2013/2013 2015/2015/2015
f 2015/2015/2015 1914/1914/1914 1908/1908/1908
f 1910/1910/1910 2015/2015/2015 1908/1908/1908
f 2014/2014/2014 2016/2016/2016 2005/2005/2005
f 2016/2016/2016 2007/2007/2007 2005/2005/2005
f 2017/2017/2017 2014/2014/2014 2015/2015/2015
f 2017/2017/2017 2015/2015/2015 1910/1910/1910
f 2016/2016/2016 2014/2014/2014 2017/2017/2017
f 2016/2016/2016 2018/2018/2018 2007/2007/2007
f 2018/2018/2018 2008/2008/2008 2007/2007/2007
f 2019/2019/2019 2017/2017/2017 1910/1910/1910
f 2019/2019/2019 1910/1910/1910 1909/1909/1909
f 2020/2020/2020 2016/2016/2016 2017/2017/2017
f 2018/2018/2018 2016/2016/2016 2020/2020/2020
f 2020/2020/2020 2017/2017/2017 2019/2019/2019
f 2018/2018/2018 2021/2021/2021 2008/2008/2008
f 2021/2021/2021 2009/2009/2009 2008/2008/2008
f 2022/2022/2022 2019/2019/2019 1909/1909/1909
f 2022/2022/2022 1909/1909/1909 1907/1907/1907
f 2023/2023/2023 2020/2020/2020 2019/2019/2019
f 2023/2023/2023 2019/2019/2019 2022/2022/2022
f 2024/2024/2024 2018/2018/2018 2020/2020/2020
f 2021/2021/2021 2018/2018/2018 2024/2024/2024
f 2024/2024/2024 2020/2020/2020 2023/2023/2023
f 2025/2025/2025 2022/2022/2022 1907/1907/1907
f 2025/2025/2025 1907/1907/1907 1903/1903/1903
f 2026/2026/2026 2023/2023/2023 2022/2022/2022
f 2026/2026/2026 2022/2022/2022 2025/2025/2025
f 2027/2027/2027 2024/2024/2024 2023/2023/2023
f 2027/2027/2027 2023/2023/2023 2026/2026/2026
f 2028/2028/2028 2021/2021/2021 2024/2024/2024
f 2028/2028/2028 2024/2024/2024 2027/2027/2027
f 2021/2021/2021 2029/2029/2029 2009/2009/2009
f 2029/2029/2029 2021/2021/2021 2028/2028/2028
f 2030/2030/2030 2025/2025/2025 1903/1903/1903
f 2030/2030/2030 1903/1903/1903 1904/1904/1904
f 2031/2031/2031 2026/2026/2026 2025/2025/2025
f 2031/2031/2031 2025/2025/2025 2030/2030/2030
f 2032/2032/2032 2030/2030/2030 1904/1904/1904
f 2032/2032/2032 2031/2031/2031 2030/2030/2030
f 2033/2033/2033 2032/2032/2032 1904/1904/1904
f 2032/2032/2032 2033/2033/2033 2034/2034/2034
f 2035/2035/2035 2027/2027/2027 2026/2026/2026
f 2035/2035/2035 2026/2026/2026 2031/2031/2031
f 2036/2036/2036 2028/2028/2028 2027/2027/2027
f 2036/2036/2036 2027/2027/2027 2035/2035/2035
f 2037/2037/2037 2031/2031/2031 2032/2032/2032
f 2037/2037/2037 2035/2035/2035 2031/2031/2031
f 2038/2038/2038 2032/2032/2032 2034/2034/2034
f 2038/2038/2038 2037/2037/2037 2032/2032/2032
f 2039/2039/2039 2035/2035/2035 2037/2037/2037
f 2039/2039/2039 2036/2036/2036 2035/2035/2035
f 2040/2040/2040 2028/2028/2028 2036/2036/2036
f 2040/2040/2040 2029/2029/2029 2028/2028/2028
f 2041/2041/2041 2038/2038/2038 2034/2034/2034
f 2042/2042/2042 2041/2041/2041 2034/2034/2034
f 2043/2043/2043 2037/2037/2037 2038/2038/2038
f 2043/2043/2043 2039/2039/2039 2037/2037/2037
f 2041/2041/2041 2043/2043/2043 2038/2038/2038
f 2044/2044/2044 2036/2036/2036 2039/2039/2039
f 2044/2044/2044 2040/2040/2040 2036/2036/2036
f 2045/2045/2045 2041/2041/2041 2042/2042/2042
f 2046/2046/2046 2045/2045/2045 2042/2042/2042
f 2047/2047/2047 2043/2043/2043 2041/2041/2041
f 2045/2045/2045 2047/2047/2047 2041/2041/2041
f 2048/2048/2048 2039/2039/2039 2043/2043/2043
f 2048/2048/2048 2044/2044/2044 2039/2039/2039
f 2047/2047/2047 2048/2048/2048 2043/2043/2043
f 2049/2049/2049 2045/2045/2045 2046/2046/2046
f 2050/2050/2050 2049/2049/2049 2046/2046/2046
f 2049/2049/2049 2050/2050/2050 2051/2051/2051
f 2052/2052/2052 2047/2047/2047 2045/2045/2045
f 2049/2049/2049 2052/2052/2052 2045/2045/2045
f 2053/2053/2053 2048/2048/2048 2047/2047/2047
f 2052/2052/2052 2053/2053/2053 2047/2047/2047
f 2054/2054/2054 2044/2044/2044 2048/2048/2048
f 2053/2053/2053 2054/2054/2054 2048/2048/2048
f 2055/2055/2055 2040/2040/2040 2044/2044/2044
f 2054/2054/2054 2055/2055/2055 2044/2044/2044
f 2056/2056/2056 2049/2049/2049 2051/2051/2051
f 2056/2056/2056 2051/2051/2051 2057/2057/2057
f 2058/2058/2058 2052/2052/2052 2049/2049/2049
f 2056/2056/2056 2058/2058/2058 2049/2049/2049
f 2059/2059/2059 2053/2053/2053 2052/2052/2052
f 2058/2058/2058 2059/2059/2059 2052/2052/2052
f 2060/2060/2060 2054/2054/2054 2053/2053/2053
f 2059/2059/2059 2060/2060/2060 2053/2053/2053
f 2061/2061/2061 2056/2056/2056 2057/2057/2057
f 2061/2061/2061 2057/2057/2057 2062/2062/2062
f 2063/2063/2063 2058/2058/2058 2056/2056/2056
f 2061/2061/2061 2063/2063/2063 2056/2056/2056
f 2064/2064/2064 2059/2059/2059 2058/2058/2058
f 2063/2063/2063 2064/2064/2064 2058/2058/2058
f 2065/2065/2065 2055/2055/2055 2054/2054/2054
f 2060/2060/2060 2065/2065/2065 2054/2054/2054
f 2066/2066/2066 2060/2060/2060 2059/2059/2059
f 2064/2064/2064 2066/2066/2066 2059/2059/2059
f 2067/2067/2067 2065/2065/2065 2060/2060/2060
f 2066/2066/2066 2067/2067/2067 2060/2060/2060
f 2068/2068/2068 2063/2063/2063 2061/2061/2061
f 2069/2069/2069 2064/2064/2064 2063/2063/2063
f 2068/2068/2068 2069/2069/2069 2063/2063/2063
f 2070/2070/2070 2066/2066/2066 2064/2064/2064
f 2069/2069/2069 2070/2070/2070 2064/2064/2064
f 2071/2071/2071 2067/2067/2067 2066/2066/2066
f 2070/2070/2070 2071/2071/2071 2066/2066/2066
f 2072/2072/2072 2068/2068/2068 2061/2061/2061
f 2072/2072/2072 2061/2061/2061 2062/2062/2062
f 2065/2065/2065 2073/2073/2073 2055/2055/2055
f 2067/2067/2067 2074/2074/2074 2065/2065/2065
f 2074/2074/2074 2073/2073/2073 2065/2065/2065
f 2071/2071/2071 2075/2075/2075 2067/2067/2067
f 2075/2075/2075 2074/2074/2074 2067/2067/2067
f 2073/2073/2073 2076/2076/2076 2055/2055/2055
f 2055/2055/2055 2076/2076/2076 2040/2040/2040
f 2076/2076/2076 2029/2029/2029 2040/2040/2040
f 2029/2029/2029 2076/2076/2076 2077/2077/2077
f 2029/2029/2029 2077/2077/2077 2009/2009/2009
f 2077/2077/2077 2003/2003/2003 2009/2009/2009
f 2076/2076/2076 2073/2073/2073 2078/2078/2078
f 2076/2076/2076 2078/2078/2078 2077/2077/2077
f 2079/2079/2079 2003/2003/2003 2077/2077/2077
f 2078/2078/2078 2079/2079/2079 2077/2077/2077
f 2079/2079/2079 2002/2002/2002 2003/2003/2003
f 2073/2073/2073 2074/2074/2074 2080/2080/2080
f 2073/2073/2073 2080/2080/2080 2078/2078/2078
f 2081/2081/2081 2002/2002/2002 2079/2079/2079
f 2081/2081/2081 2001/2001/2001 2002/2002/2002
f 2082/2082/2082 2079/2079/2079 2078/2078/2078
f 2080/2080/2080 2082/2082/2082 2078/2078/2078
f 2082/2082/2082 2081/2081/2081 2079/2079/2079
f 2074/2074/2074 2083/2083/2083 2080/2080/2080
f 2074/2074/2074 2075/2075/2075 2083/2083/2083
f 2084/2084/2084 2001/2001/2001 2081/2081/2081
f 2084/2084/2084 2000/2000/2000 2001/2001/2001
f 2085/2085/2085 2082/2082/2082 2080/2080/2080
f 2083/2083/2083 2085/2085/2085 2080/2080/2080
f 2086/2086/2086 2081/2081/2081 2082/2082/2082
f 2086/2086/2086 2084/2084/2084 2081/2081/2081
f 2085/2085/2085 2086/2086/2086 2082/2082/2082
f 2087/2087/2087 2000/2000/2000 2084/2084/2084
f 2087/2087/2087 2004/2004/2004 2000/2000/2000
f 2088/2088/2088 2084/2084/2084 2086/2086/2086
f 2088/2088/2088 2087/2087/2087 2084/2084/2084
f 2089/2089/2089 2086/2086/2086 2085/2085/2085
f 2089/2089/2089 2088/2088/2088 2086/2086/2086
f 2090/2090/2090 2085/2085/2085 2083/2083/2083
f 2090/2090/2090 2089/2089/2089 2085/2085/2085
f 2075/2075/2075 2091/2091/2091 2083/2083/2083
f 2091/2091/2091 2090/2090/2090 2083/2083/2083
f 2092/2092/2092 2004/2004/2004 2087/2087/2087
f 2004/2004/2004 2092/2092/2092 1989/1989/1989
f 2093/2093/2093 2087/2087/2087 2088/2088/2088
f 2093/2093/2093 2092/2092/2092 2087/2087/2087
f 1989/1989/1989 2092/2092/2092 2094/2094/2094
f 2094/2094/2094 2092/2092/2092 2093/2093/2093
f 2095/2095/2095 1989/1989/1989 2094/2094/2094
f 2095/2095/2095 2094/2094/2094 2096/2096/2096
f 2097/2097/2097 2088/2088/2088 2089/2089/2089
f 2097/2097/2097 2093/2093/2093 2088/2088/2088
f 2098/2098/2098 2089/2089/2089 2090/2090/2090
f 2098/2098/2098 2097/2097/2097 2089/2089/2089
f 2094/2094/2094 2099/2099/2099 2096/2096/2096
f 2096/2096/2096 2099/2099/2099 2100/2100/2100
f 2101/2101/2101 2094/2094/2094 2093/2093/2093
f 2101/2101/2101 2093/2093/2093 2097/2097/2097
f 2099/2099/2099 2094/2094/2094 2101/2101/2101
f 2099/2099/2099 2102/2102/2102 2100/2100/2100
f 2100/2100/2100 2102/2102/2102 2103/2103/2103
f 2104/2104/2104 2101/2101/2101 2097/2097/2097
f 2104/2104/2104 2097/2097/2097 2098/2098/2098
f 2105/2105/2105 2099/2099/2099 2101/2101/2101
f 2102/2102/2102 2099/2099/2099 2105/2105/2105
f 2105/2105/2105 2101/2101/2101 2104/2104/2104
f 2106/2106/2106 2098/2098/2098 2090/2090/2090
f 2106/2106/2106 2090/2090/2090 2091/2091/2091
f 2107/2107/2107 2104/2104/2104 2098/2098/2098
f 2107/2107/2107 2098/2098/2098 2106/2106/2106
f 2108/2108/2108 2105/2105/2105 2104/2104/2104
f 2108/2108/2108 2104/2104/2104 2107/2107/2107
f 2109/2109/2109 2102/2102/2102 2105/2105/2105
f 2109/2109/2109 2105/2105/2105 2108/2108/2108
f 2102/2102/2102 2110/2110/2110 2103/2103/2103
f 2110/2110/2110 2102/2102/2102 2109/2109/2109
f 2110/2110/2110 2111/2111/2111 2103/2103/2103
f 2111/2111/2111 2112/2112/2112 2103/2103/2103
f 2112/2112/2112 2111/2111/2111 2113/2113/2113
f 2114/2114/2114 2110/2110/2110 2109/2109/2109
f 2111/2111/2111 2110/2110/2110 2114/2114/2114
f 2115/2115/2115 2109/2109/2109 2108/2108/2108
f 2114/2114/2114 2109/2109/2109 2115/2115/2115
f 2116/2116/2116 2108/2108/2108 2107/2107/2107
f 2115/2115/2115 2108/2108/2108 2116/2116/2116
f 2117/2117/2117 2107/2107/2107 2106/2106/2106
f 2116/2116/2116 2107/2107/2107 2117/2117/2117
f 2111/2111/2111 2118/2118/2118 2113/2113/2113
f 2113/2113/2113 2118/2118/2118 2119/2119/2119
f 2120/2120/2120 2111/2111/2111 2114/2114/2114
f 2118/2118/2118 2111/2111/2111 2120/2120/2120
f 2121/2121/2121 2114/2114/2114 2115/2115/2115
f 2120/2120/2120 2114/2114/2114 2121/2121/2121
f 2122/2122/2122 2115/2115/2115 2116/2116/2116
f 2121/2121/2121 2115/2115/2115 2122/2122/2122
f 2118/2118/2118 2123/2123/2123 2119/2119/2119
f 2119/2119/2119 2123/2123/2123 2124/2124/2124
f 2125/2125/2125 2118/2118/2118 2120/2120/2120
f 2123/2123/2123 2118/2118/2118 2125/2125/2125
f 2126/2126/2126 2120/2120/2120 2121/2121/2121
f 2125/2125/2125 2120/2120/2120 2126/2126/2126
f 2127/2127/2127 2116/2116/2116 2117/2117/2117
f 2122/2122/2122 2116/2116/2116 2127/2127/2127
f 2128/2128/2128 2121/2121/2121 2122/2122/2122
f 2126/2126/2126 2121/2121/2121 2128/2128/2128
f 2129/2129/2129 2122/2122/2122 2127/2127/2127
f 2128/2128/2128 2122/2122/2122 2129/2129/2129
f 2123/2123/2123 2130/2130/2130 2124/2124/2124
f 2131/2131/2131 2123/2123/2123 2125/2125/2125
f 2130/2130/2130 2123/2123/2123 2131/2131/2131
f 2132/2132/2132 2125/2125/2125 2126/2126/2126
f 2131/2131/2131 2125/2125/2125 2132/2132/2132
f 2133/2133/2133 2126/2126/2126 2128/2128/2128
f 2132/2132/2132 2126/2126/2126 2133/2133/2133
f 2130/2130/2130 2134/2134/2134 2124/2124/2124
f 2134/2134/2134 2135/2135/2135 2124/2124/2124
f 2135/2135/2135 2134/2134/2134 2136/2136/2136
f 2137/2137/2137 2130/2130/2130 2131/2131/2131
f 2134/2134/2134 2130/2130/2130 2137/2137/2137
f 2138/2138/2138 2131/2131/2131 2132/2132/2132
f 2137/2137/2137 2131/2131/2131 2138/2138/2138
f 2139/2139/2139 2128/2128/2128 2129/2129/2129
f 2133/2133/2133 2128/2128/2128 2139/2139/2139
f 2140/2140/2140 2132/2132/2132 2133/2133/2133
f 2138/2138/2138 2132/2132/2132 2140/2140/2140
f 2141/2141/2141 2133/2133/2133 2139/2139/2139
f 2140/2140/2140 2133/2133/2133 2141/2141/2141
f 2134/2134/2134 2142/2142/2142 2136/2136/2136
f 2143/2143/2143 2134/2134/2134 2137/2137/2137
f 2142/2142/2142 2134/2134/2134 2143/2143/2143
f 2144/2144/2144 2137/2137/2137 2138/2138/2138
f 2143/2143/2143 2137/2137/2137 2144/2144/2144
f 2145/2145/2145 2138/2138/2138 2140/2140/2140
f 2144/2144/2144 2138/2138/2138 2145/2145/2145
f 2142/2142/2142 2146/2146/2146 2136/2136/2136
f 2146/2146/2146 2147/2147/2147 2136/2136/2136
f 2148/2148/2148 2142/2142/2142 2143/2143/2143
f 2146/2146/2146 2142/2142/2142 2148/2148/2148
f 2149/2149/2149 2143/2143/2143 2144/2144/2144
f 2148/2148/2148 2143/2143/2143 2149/2149/2149
f 2146/2146/2146 2150/2150/2150 2147/2147/2147
f 2150/2150/2150 2151/2151/2151 2147/2147/2147
f 2151/2151/2151 2150/2150/2150 2152/2152/2152
f 2153/2153/2153 2146/2146/2146 2148/2148/2148
f 2150/2150/2150 2146/2146/2146 2153/2153/2153
f 2145/2145/2145 2140/2140/2140 2154/2154/2154
f 2154/2154/2154 2140/2140/2140 2141/2141/2141
f 2155/2155/2155 2144/2144/2144 2145/2145/2145
f 2149/2149/2149 2144/2144/2144 2155/2155/2155
f 2156/2156/2156 2148/2148/2148 2149/2149/2149
f 2153/2153/2153 2148/2148/2148 2156/2156/2156
f 2157/2157/2157 2145/2145/2145 2154/2154/2154
f 2155/2155/2155 2145/2145/2145 2157/2157/2157
f 2158/2158/2158 2149/2149/2149 2155/2155/2155
f 2156/2156/2156 2149/2149/2149 2158/2158/2158
f 2159/2159/2159 2155/2155/2155 2157/2157/2157
f 2158/2158/2158 2155/2155/2155 2159/2159/2159
f 2160/2160/2160 2150/2150/2150 2153/2153/2153
f 2161/2161/2161 2153/2153/2153 2156/2156/2156
f 2160/2160/2160 2153/2153/2153 2161/2161/2161
f 2162/2162/2162 2156/2156/2156 2158/2158/2158
f 2161/2161/2161 2156/2156/2156 2162/2162/2162
f 2163/2163/2163 2158/2158/2158 2159/2159/2159
f 2162/2162/2162 2158/2158/2158 2164/2164/2164
f 2163/2163/2163 2159/2159/2159 2165/2165/2165
f 2166/2166/2166 2163/2163/2163 2165/2165/2165
f 2167/2167/2167 2166/2166/2166 2165/2165/2165
f 2159/2159/2159 2157/2157/2157 2168/2168/2168
f 2165/2165/2165 2159/2159/2159 2168/2168/2168
f 2169/2169/2169 2162/2162/2162 2164/2164/2164
f 2169/2169/2169 2164/2164/2164 2170/2170/2170
f 2171/2171/2171 2161/2161/2161 2162/2162/2162
f 2171/2171/2171 2162/2162/2162 2169/2169/2169
f 2172/2172/2172 2167/2167/2167 2165/2165/2165
f 2172/2172/2172 2165/2165/2165 2168/2168/2168
f 2168/2168/2168 2157/2157/2157 2173/2173/2173
f 2157/2157/2157 2154/2154/2154 2173/2173/2173
f 2174/2174/2174 2161/2161/2161 2171/2171/2171
f 2174/2174/2174 2160/2160/2160 2161/2161/2161
f 2167/2167/2167 2172/2172/2172 2175/2175/2175
f 2176/2176/2176 2167/2167/2167 2175/2175/2175
f 2177/2177/2177 2172/2172/2172 2168/2168/2168
f 2177/2177/2177 2168/2168/2168 2173/2173/2173
f 2173/2173/2173 2154/2154/2154 2178/2178/2178
f 2154/2154/2154 2141/2141/2141 2178/2178/2178
f 2179/2179/2179 2173/2173/2173 2178/2178/2178
f 2179/2179/2179 2177/2177/2177 2173/2173/2173
f 2180/2180/2180 2179/2179/2179 2178/2178/2178
f 2179/2179/2179 2180/2180/2180 2181/2181/2181
f 2172/2172/2172 2177/2177/2177 2182/2182/2182
f 2175/2175/2175 2172/2172/2172 2182/2182/2182
f 2177/2177/2177 2179/2179/2179 2183/2183/2183
f 2183/2183/2183 2179/2179/2179 2181/2181/2181
f 2182/2182/2182 2177/2177/2177 2183/2183/2183
f 2176/2176/2176 2175/2175/2175 2184/2184/2184
f 2185/2185/2185 2176/2176/2176 2184/2184/2184
f 2175/2175/2175 2182/2182/2182 2186/2186/2186
f 2184/2184/2184 2175/2175/2175 2186/2186/2186
f 2182/2182/2182 2183/2183/2183 2187/2187/2187
f 2186/2186/2186 2182/2182/2182 2187/2187/2187
f 2183/2183/2183 2181/2181/2181 2188/2188/2188
f 2187/2187/2187 2183/2183/2183 2188/2188/2188
f 2184/2184/2184 2186/2186/2186 2189/2189/2189
f 2186/2186/2186 2187/2187/2187 2190/2190/2190
f 2189/2189/2189 2186/2186/2186 2190/2190/2190
f 2185/2185/2185 2184/2184/2184 2191/2191/2191
f 2191/2191/2191 2184/2184/2184 2189/2189/2189
f 2187/2187/2187 2188/2188/2188 2192/2192/2192
f 2190/2190/2190 2187/2187/2187 2192/2192/2192
f 2188/2188/2188 2181/2181/2181 2193/2193/2193
f 2192/2192/2192 2188/2188/2188 2194/2194/2194
f 2188/2188/2188 2193/2193/2193 2194/2194/2194
f 2181/2181/2181 2195/2195/2195 2193/2193/2193
f 2181/2181/2181 2196/2196/2196 2195/2195/2195
f 2189/2189/2189 2190/2190/2190 2197/2197/2197
f 2190/2190/2190 2192/2192/2192 2198/2198/2198
f 2197/2197/2197 2190/2190/2190 2198/2198/2198
f 2191/2191/2191 2189/2189/2189 2199/2199/2199
f 2199/2199/2199 2189/2189/2189 2197/2197/2197
f 2192/2192/2192 2194/2194/2194 2200/2200/2200
f 2198/2198/2198 2192/2192/2192 2200/2200/2200
f 2194/2194/2194 2193/2193/2193 2201/2201/2201
f 2193/2193/2193 2195/2195/2195 2202/2202/2202
f 2193/2193/2193 2202/2202/2202 2201/2201/2201
f 2200/2200/2200 2194/2194/2194 2203/2203/2203
f 2194/2194/2194 2201/2201/2201 2203/2203/2203
f 2196/2196/2196 2204/2204/2204 2195/2195/2195
f 2195/2195/2195 2205/2205/2205 2202/2202/2202
f 2195/2195/2195 2204/2204/2204 2205/2205/2205
f 2204/2204/2204 2196/2196/2196 2206/2206/2206
f 2196/2196/2196 2207/2207/2207 2206/2206/2206
f 2207/2207/2207 2141/2141/2141 2206/2206/2206
f 2141/2141/2141 2139/2139/2139 2206/2206/2206
f 2206/2206/2206 2139/2139/2139 2208/2208/2208
f 2204/2204/2204 2206/2206/2206 2208/2208/2208
f 2139/2139/2139 2129/2129/2129 2208/2208/2208
f 2209/2209/2209 2204/2204/2204 2208/2208/2208
f 2204/2204/2204 2209/2209/2209 2205/2205/2205
f 2208/2208/2208 2129/2129/2129 2210/2210/2210
f 2209/2209/2209 2208/2208/2208 2210/2210/2210
f 2129/2129/2129 2127/2127/2127 2210/2210/2210
f 2210/2210/2210 2127/2127/2127 2211/2211/2211
f 2127/2127/2127 2117/2117/2117 2211/2211/2211
f 2211/2211/2211 2117/2117/2117 2212/2212/2212
f 2117/2117/2117 2106/2106/2106 2212/2212/2212
f 2212/2212/2212 2106/2106/2106 2091/2091/2091
f 2213/2213/2213 2212/2212/2212 2091/2091/2091
f 2211/2211/2211 2212/2212/2212 2213/2213/2213
f 2075/2075/2075 2213/2213/2213 2091/2091/2091
f 2213/2213/2213 2075/2075/2075 2071/2071/2071
f 2211/2211/2211 2214/2214/2214 2210/2210/2210
f 2214/2214/2214 2211/2211/2211 2213/2213/2213
f 2215/2215/2215 2213/2213/2213 2071/2071/2071
f 2214/2214/2214 2213/2213/2213 2215/2215/2215
f 2215/2215/2215 2071/2071/2071 2070/2070/2070
f 2216/2216/2216 2209/2209/2209 2210/2210/2210
f 2214/2214/2214 2216/2216/2216 2210/2210/2210
f 2217/2217/2217 2215/2215/2215 2070/2070/2070
f 2217/2217/2217 2070/2070/2070 2069/2069/2069
f 2218/2218/2218 2214/2214/2214 2215/2215/2215
f 2216/2216/2216 2214/2214/2214 2218/2218/2218
f 2218/2218/2218 2215/2215/2215 2217/2217/2217
f 2209/2209/2209 2216/2216/2216 2219/2219/2219
f 2219/2219/2219 2216/2216/2216 2218/2218/2218
f 2205/2205/2205 2209/2209/2209 2219/2219/2219
f 2220/2220/2220 2217/2217/2217 2069/2069/2069
f 2220/2220/2220 2069/2069/2069 2068/2068/2068
f 2221/2221/2221 2218/2218/2218 2217/2217/2217
f 2219/2219/2219 2218/2218/2218 2221/2221/2221
f 2221/2221/2221 2217/2217/2217 2220/2220/2220
f 2205/2205/2205 2219/2219/2219 2222/2222/2222
f 2222/2222/2222 2219/2219/2219 2221/2221/2221
f 2202/2202/2202 2205/2205/2205 2222/2222/2222
f 2223/2223/2223 2220/2220/2220 2068/2068/2068
f 2223/2223/2223 2068/2068/2068 2072/2072/2072
f 2224/2224/2224 2221/2221/2221 2220/2220/2220
f 2222/2222/2222 2221/2221/2221 2224/2224/2224
f 2224/2224/2224 2220/2220/2220 2223/2223/2223
f 2202/2202/2202 2222/2222/2222 2225/2225/2225
f 2225/2225/2225 2222/2222/2222 2224/2224/2224
f 2201/2201/2201 2202/2202/2202 2225/2225/2225
f 2226/2226/2226 2223/2223/2223 2072/2072/2072
f 2226/2226/2226 2072/2072/2072 2062/2062/2062
f 2227/2227/2227 2224/2224/2224 2223/2223/2223
f 2225/2225/2225 2224/2224/2224 2227/2227/2227
f 2227/2227/2227 2223/2223/2223 2226/2226/2226
f 2201/2201/2201 2225/2225/2225 2228/2228/2228
f 2228/2228/2228 2225/2225/2225 2227/2227/2227
f 2203/2203/2203 2201/2201/2201 2228/2228/2228
f 2229/2229/2229 2226/2226/2226 2062/2062/2062
f 2229/2229/2229 2227/2227/2227 2226/2226/2226
f 2228/2228/2228 2227/2227/2227 2229/2229/2229
f 2230/2230/2230 2229/2229/2229 2062/2062/2062
f 2229/2229/2229 2230/2230/2230 2231/2231/2231
f 2232/2232/2232 2228/2228/2228 2229/2229/2229
f 2232/2232/2232 2229/2229/2229 2231/2231/2231
f 2203/2203/2203 2228/2228/2228 2232/2232/2232
f 2232/2232/2232 2231/2231/2231 2233/2233/2233
f 2234/2234/2234 2203/2203/2203 2232/2232/2232
f 2234/2234/2234 2232/2232/2232 2233/2233/2233
f 2200/2200/2200 2203/2203/2203 2234/2234/2234
f 2234/2234/2234 2233/2233/2233 2235/2235/2235
f 2236/2236/2236 2200/2200/2200 2234/2234/2234
f 2236/2236/2236 2234/2234/2234 2235/2235/2235
f 2198/2198/2198 2200/2200/2200 2236/2236/2236
f 2237/2237/2237 2236/2236/2236 2235/2235/2235
f 2237/2237/2237 2198/2198/2198 2236/2236/2236
f 2238/2238/2238 2237/2237/2237 2235/2235/2235
f 2197/2197/2197 2198/2198/2198 2237/2237/2237
f 2237/2237/2237 2238/2238/2238 2239/2239/2239
f 2240/2240/2240 2197/2197/2197 2237/2237/2237
f 2240/2240/2240 2237/2237/2237 2239/2239/2239
f 2240/2240/2240 2239/2239/2239 2241/2241/2241
f 2199/2199/2199 2197/2197/2197 2240/2240/2240
f 2242/2242/2242 2240/2240/2240 2241/2241/2241
f 2242/2242/2242 2199/2199/2199 2240/2240/2240
f 2242/2242/2242 2241/2241/2241 2243/2243/2243
f 2244/2244/2244 2199/2199/2199 2242/2242/2242
f 2244/2244/2244 2191/2191/2191 2199/2199/2199
f 2245/2245/2245 2242/2242/2242 2243/2243/2243
f 2245/2245/2245 2244/2244/2244 2242/2242/2242
f 2246/2246/2246 2191/2191/2191 2244/2244/2244
f 2246/2246/2246 2185/2185/2185 2191/2191/2191
f 2247/2247/2247 2245/2245/2245 2243/2243/2243
f 2248/2248/2248 2247/2247/2247 2243/2243/2243
f 2247/2247/2247 2248/2248/2248 2249/2249/2249
f 2250/2250/2250 2244/2244/2244 2245/2245/2245
f 2250/2250/2250 2246/2246/2246 2244/2244/2244
f 2247/2247/2247 2250/2250/2250 2245/2245/2245
f 2251/2251/2251 2185/2185/2185 2246/2246/2246
f 2252/2252/2252 2246/2246/2246 2250/2250/2250
f 2252/2252/2252 2251/2251/2251 2246/2246/2246
f 2253/2253/2253 2250/2250/2250 2247/2247/2247
f 2253/2253/2253 2252/2252/2252 2250/2250/2250
f 2254/2254/2254 2247/2247/2247 2249/2249/2249
f 2254/2254/2254 2253/2253/2253 2247/2247/2247
f 2255/2255/2255 2254/2254/2254 2249/2249/2249
f 2256/2256/2256 2255/2255/2255 2249/2249/2249
f 2257/2257/2257 2253/2253/2253 2254/2254/2254
f 2255/2255/2255 2257/2257/2257 2254/2254/2254
f 2258/2258/2258 2252/2252/2252 2253/2253/2253
f 2257/2257/2257 2258/2258/2258 2253/2253/2253
f 2259/2259/2259 2255/2255/2255 2256/2256/2256
f 2260/2260/2260 2259/2259/2259 2256/2256/2256
f 2259/2259/2259 2260/2260/2260 2261/2261/2261
f 2262/2262/2262 2257/2257/2257 2255/2255/2255
f 2259/2259/2259 2262/2262/2262 2255/2255/2255
f 2263/2263/2263 2251/2251/2251 2252/2252/2252
f 2258/2258/2258 2263/2263/2263 2252/2252/2252
f 2264/2264/2264 2258/2258/2258 2257/2257/2257
f 2262/2262/2262 2264/2264/2264 2257/2257/2257
f 2265/2265/2265 2263/2263/2263 2258/2258/2258
f 2264/2264/2264 2265/2265/2265 2258/2258/2258
f 2266/2266/2266 2262/2262/2262 2259/2259/2259
f 2267/2267/2267 2264/2264/2264 2262/2262/2262
f 2266/2266/2266 2267/2267/2267 2262/2262/2262
f 2268/2268/2268 2259/2259/2259 2261/2261/2261
f 2268/2268/2268 2266/2266/2266 2259/2259/2259
f 2269/2269/2269 2265/2265/2265 2264/2264/2264
f 2267/2267/2267 2269/2269/2269 2264/2264/2264
f 2263/2263/2263 2270/2270/2270 2251/2251/2251
f 2265/2265/2265 2271/2271/2271 2263/2263/2263
f 2271/2271/2271 2270/2270/2270 2263/2263/2263
f 2269/2269/2269 2272/2272/2272 2265/2265/2265
f 2272/2272/2272 2271/2271/2271 2265/2265/2265
f 2270/2270/2270 2273/2273/2273 2251/2251/2251
f 2251/2251/2251 2273/2273/2273 2185/2185/2185
f 2273/2273/2273 2274/2274/2274 2185/2185/2185
f 2273/2273/2273 2275/2275/2275 2274/2274/2274
f 2275/2275/2275 2276/2276/2276 2274/2274/2274
f 2276/2276/2276 2275/2275/2275 2170/2170/2170
f 2270/2270/2270 2277/2277/2277 2273/2273/2273
f 2277/2277/2277 2275/2275/2275 2273/2273/2273
f 2275/2275/2275 2278/2278/2278 2170/2170/2170
f 2275/2275/2275 2277/2277/2277 2278/2278/2278
f 2278/2278/2278 2169/2169/2169 2170/2170/2170
f 2271/2271/2271 2279/2279/2279 2270/2270/2270
f 2279/2279/2279 2277/2277/2277 2270/2270/2270
f 2280/2280/2280 2169/2169/2169 2278/2278/2278
f 2280/2280/2280 2171/2171/2171 2169/2169/2169
f 2277/2277/2277 2281/2281/2281 2278/2278/2278
f 2277/2277/2277 2279/2279/2279 2281/2281/2281
f 2281/2281/2281 2280/2280/2280 2278/2278/2278
f 2282/2282/2282 2279/2279/2279 2271/2271/2271
f 2272/2272/2272 2282/2282/2282 2271/2271/2271
f 2283/2283/2283 2171/2171/2171 2280/2280/2280
f 2283/2283/2283 2174/2174/2174 2171/2171/2171
f 2279/2279/2279 2284/2284/2284 2281/2281/2281
f 2279/2279/2279 2282/2282/2282 2284/2284/2284
f 2285/2285/2285 2280/2280/2280 2281/2281/2281
f 2285/2285/2285 2283/2283/2283 2280/2280/2280
f 2284/2284/2284 2285/2285/2285 2281/2281/2281
f 2286/2286/2286 2282/2282/2282 2272/2272/2272
f 2282/2282/2282 2287/2287/2287 2284/2284/2284
f 2282/2282/2282 2286/2286/2286 2287/2287/2287
f 2288/2288/2288 2285/2285/2285 2284/2284/2284
f 2287/2287/2287 2288/2288/2288 2284/2284/2284
f 2289/2289/2289 2283/2283/2283 2285/2285/2285
f 2288/2288/2288 2289/2289/2289 2285/2285/2285
f 2290/2290/2290 2174/2174/2174 2283/2283/2283
f 2289/2289/2289 2290/2290/2290 2283/2283/2283
f 2291/2291/2291 2286/2286/2286 2272/2272/2272
f 2291/2291/2291 2272/2272/2272 2269/2269/2269
f 2290/2290/2290 2292/2292/2292 2174/2174/2174
f 2292/2292/2292 2160/2160/2160 2174/2174/2174
f 2293/2293/2293 2291/2291/2291 2269/2269/2269
f 2293/2293/2293 2269/2269/2269 2267/2267/2267
f 2292/2292/2292 2294/2294/2294 2160/2160/2160
f 2294/2294/2294 2150/2150/2150 2160/2160/2160
f 2150/2150/2150 2294/2294/2294 2152/2152/2152
f 2295/2295/2295 2294/2294/2294 2292/2292/2292
f 2294/2294/2294 2295/2295/2295 2152/2152/2152
f 2296/2296/2296 2292/2292/2292 2290/2290/2290
f 2296/2296/2296 2295/2295/2295 2292/2292/2292
f 2295/2295/2295 2297/2297/2297 2152/2152/2152
f 2297/2297/2297 2295/2295/2295 2296/2296/2296
f 2297/2297/2297 2298/2298/2298 2152/2152/2152
f 2299/2299/2299 2296/2296/2296 2290/2290/2290
f 2299/2299/2299 2290/2290/2290 2289/2289/2289
f 2297/2297/2297 2300/2300/2300 2298/2298/2298
f 2300/2300/2300 2301/2301/2301 2298/2298/2298
f 2302/2302/2302 2297/2297/2297 2296/2296/2296
f 2302/2302/2302 2296/2296/2296 2299/2299/2299
f 2300/2300/2300 2297/2297/2297 2302/2302/2302
f 2303/2303/2303 2299/2299/2299 2289/2289/2289
f 2303/2303/2303 2289/2289/2289 2288/2288/2288
f 2300/2300/2300 2304/2304/2304 2301/2301/2301
f 2304/2304/2304 2305/2305/2305 2301/2301/2301
f 2305/2305/2305 2304/2304/2304 2306/2306/2306
f 2307/2307/2307 2302/2302/2302 2299/2299/2299
f 2307/2307/2307 2299/2299/2299 2303/2303/2303
f 2308/2308/2308 2300/2300/2300 2302/2302/2302
f 2304/2304/2304 2300/2300/2300 2308/2308/2308
f 2308/2308/2308 2302/2302/2302 2307/2307/2307
f 2309/2309/2309 2303/2303/2303 2288/2288/2288
f 2309/2309/2309 2288/2288/2288 2287/2287/2287
f 2304/2304/2304 2310/2310/2310 2306/2306/2306
f 2306/2306/2306 2310/2310/2310 2311/2311/2311
f 2312/2312/2312 2307/2307/2307 2303/2303/2303
f 2312/2312/2312 2303/2303/2303 2309/2309/2309
f 2313/2313/2313 2308/2308/2308 2307/2307/2307
f 2313/2313/2313 2307/2307/2307 2312/2312/2312
f 2314/2314/2314 2304/2304/2304 2308/2308/2308
f 2310/2310/2310 2304/2304/2304 2314/2314/2314
f 2314/2314/2314 2308/2308/2308 2313/2313/2313
f 2315/2315/2315 2309/2309/2309 2287/2287/2287
f 2286/2286/2286 2315/2315/2315 2287/2287/2287
f 2310/2310/2310 2316/2316/2316 2311/2311/2311
f 2311/2311/2311 2316/2316/2316 2317/2317/2317
f 2318/2318/2318 2312/2312/2312 2309/2309/2309
f 2318/2318/2318 2309/2309/2309 2315/2315/2315
f 2319/2319/2319 2313/2313/2313 2312/2312/2312
f 2319/2319/2319 2312/2312/2312 2318/2318/2318
f 2320/2320/2320 2314/2314/2314 2313/2313/2313
f 2320/2320/2320 2313/2313/2313 2319/2319/2319
f 2321/2321/2321 2310/2310/2310 2314/2314/2314
f 2316/2316/2316 2310/2310/2310 2321/2321/2321
f 2321/2321/2321 2314/2314/2314 2320/2320/2320
f 2286/2286/2286 2322/2322/2322 2315/2315/2315
f 2322/2322/2322 2286/2286/2286 2291/2291/2291
f 2316/2316/2316 2323/2323/2323 2317/2317/2317
f 2317/2317/2317 2323/2323/2323 2324/2324/2324
f 2325/2325/2325 2318/2318/2318 2315/2315/2315
f 2322/2322/2322 2325/2325/2325 2315/2315/2315
f 2326/2326/2326 2319/2319/2319 2318/2318/2318
f 2326/2326/2326 2318/2318/2318 2325/2325/2325
f 2327/2327/2327 2320/2320/2320 2319/2319/2319
f 2327/2327/2327 2319/2319/2319 2326/2326/2326
f 2328/2328/2328 2321/2321/2321 2320/2320/2320
f 2328/2328/2328 2320/2320/2320 2327/2327/2327
f 2329/2329/2329 2316/2316/2316 2321/2321/2321
f 2323/2323/2323 2316/2316/2316 2329/2329/2329
f 2329/2329/2329 2321/2321/2321 2328/2328/2328
f 2330/2330/2330 2326/2326/2326 2325/2325/2325
f 2325/2325/2325 2322/2322/2322 2330/2330/2330
f 2331/2331/2331 2327/2327/2327 2326/2326/2326
f 2331/2331/2331 2326/2326/2326 2330/2330/2330
f 2332/2332/2332 2328/2328/2328 2327/2327/2327
f 2332/2332/2332 2327/2327/2327 2331/2331/2331
f 2333/2333/2333 2329/2329/2329 2328/2328/2328
f 2333/2333/2333 2328/2328/2328 2332/2332/2332
f 2334/2334/2334 2323/2323/2323 2329/2329/2329
f 2334/2334/2334 2329/2329/2329 2333/2333/2333
f 2335/2335/2335 2323/2323/2323 2334/2334/2334
f 2323/2323/2323 2335/2335/2335 2324/2324/2324
f 2335/2335/2335 2336/2336/2336 2324/2324/2324
f 2336/2336/2336 2337/2337/2337 2324/2324/2324
f 2337/2337/2337 2336/2336/2336 2338/2338/2338
f 2339/2339/2339 2335/2335/2335 2334/2334/2334
f 2336/2336/2336 2335/2335/2335 2339/2339/2339
f 2340/2340/2340 2334/2334/2334 2333/2333/2333
f 2339/2339/2339 2334/2334/2334 2340/2340/2340
f 2341/2341/2341 2333/2333/2333 2332/2332/2332
f 2340/2340/2340 2333/2333/2333 2341/2341/2341
f 2342/2342/2342 2332/2332/2332 2331/2331/2331
f 2341/2341/2341 2332/2332/2332 2342/2342/2342
f 2336/2336/2336 2343/2343/2343 2338/2338/2338
f 2338/2338/2338 2343/2343/2343 2344/2344/2344
f 2345/2345/2345 2336/2336/2336 2339/2339/2339
f 2343/2343/2343 2336/2336/2336 2345/2345/2345
f 2346/2346/2346 2339/2339/2339 2340/2340/2340
f 2345/2345/2345 2339/2339/2339 2346/2346/2346
f 2347/2347/2347 2340/2340/2340 2341/2341/2341
f 2346/2346/2346 2340/2340/2340 2347/2347/2347
f 2343/2343/2343 2348/2348/2348 2344/2344/2344
f 2344/2344/2344 2348/2348/2348 2349/2349/2349
f 2350/2350/2350 2343/2343/2343 2345/2345/2345
f 2348/2348/2348 2343/2343/2343 2350/2350/2350
f 2351/2351/2351 2345/2345/2345 2346/2346/2346
f 2350/2350/2350 2345/2345/2345 2351/2351/2351
f 2352/2352/2352 2341/2341/2341 2342/2342/2342
f 2347/2347/2347 2341/2341/2341 2352/2352/2352
f 2353/2353/2353 2346/2346/2346 2347/2347/2347
f 2351/2351/2351 2346/2346/2346 2353/2353/2353
f 2354/2354/2354 2347/2347/2347 2352/2352/2352
f 2353/2353/2353 2347/2347/2347 2354/2354/2354
f 2348/2348/2348 2355/2355/2355 2349/2349/2349
f 2356/2356/2356 2348/2348/2348 2350/2350/2350
f 2355/2355/2355 2348/2348/2348 2356/2356/2356
f 2357/2357/2357 2350/2350/2350 2351/2351/2351
f 2356/2356/2356 2350/2350/2350 2357/2357/2357
f 2358/2358/2358 2351/2351/2351 2353/2353/2353
f 2357/2357/2357 2351/2351/2351 2358/2358/2358
f 2355/2355/2355 2359/2359/2359 2349/2349/2349
f 2359/2359/2359 2360/2360/2360 2349/2349/2349
f 2361/2361/2361 2355/2355/2355 2356/2356/2356
f 2359/2359/2359 2355/2355/2355 2361/2361/2361
f 2362/2362/2362 2356/2356/2356 2357/2357/2357
f 2361/2361/2361 2356/2356/2356 2362/2362/2362
f 2359/2359/2359 2363/2363/2363 2360/2360/2360
f 2363/2363/2363 2364/2364/2364 2360/2360/2360
f 2364/2364/2364 2363/2363/2363 2365/2365/2365
f 2366/2366/2366 2359/2359/2359 2361/2361/2361
f 2363/2363/2363 2359/2359/2359 2366/2366/2366
f 2363/2363/2363 2367/2367/2367 2365/2365/2365
f 2365/2365/2365 2367/2367/2367 2368/2368/2368
f 2369/2369/2369 2357/2357/2357 2358/2358/2358
f 2362/2362/2362 2357/2357/2357 2369/2369/2369
f 2370/2370/2370 2361/2361/2361 2362/2362/2362
f 2366/2366/2366 2361/2361/2361 2370/2370/2370
f 2371/2371/2371 2363/2363/2363 2366/2366/2366
f 2367/2367/2367 2363/2363/2363 2371/2371/2371
f 2372/2372/2372 2362/2362/2362 2369/2369/2369
f 2370/2370/2370 2362/2362/2362 2372/2372/2372
f 2373/2373/2373 2366/2366/2366 2370/2370/2370
f 2371/2371/2371 2366/2366/2366 2373/2373/2373
f 2374/2374/2374 2370/2370/2370 2372/2372/2372
f 2373/2373/2373 2370/2370/2370 2374/2374/2374
f 2367/2367/2367 2375/2375/2375 2368/2368/2368
f 2376/2376/2376 2367/2367/2367 2371/2371/2371
f 2375/2375/2375 2367/2367/2367 2376/2376/2376
f 2377/2377/2377 2371/2371/2371 2373/2373/2373
f 2376/2376/2376 2371/2371/2371 2377/2377/2377
f 2375/2375/2375 2378/2378/2378 2368/2368/2368
f 2378/2378/2378 2379/2379/2379 2368/2368/2368
f 2380/2380/2380 2375/2375/2375 2376/2376/2376
f 2378/2378/2378 2375/2375/2375 2380/2380/2380
f 2378/2378/2378 2381/2381/2381 2379/2379/2379
f 2381/2381/2381 2382/2382/2382 2379/2379/2379
f 2383/2383/2383 2373/2373/2373 2374/2374/2374
f 2377/2377/2377 2373/2373/2373 2383/2383/2383
f 2384/2384/2384 2376/2376/2376 2377/2377/2377
f 2380/2380/2380 2376/2376/2376 2384/2384/2384
f 2385/2385/2385 2378/2378/2378 2380/2380/2380
f 2381/2381/2381 2378/2378/2378 2385/2385/2385
f 2381/2381/2381 2386/2386/2386 2382/2382/2382
f 2386/2386/2386 2387/2387/2387 2382/2382/2382
f 2387/2387/2387 2386/2386/2386 2388/2388/2388
f 2389/2389/2389 2377/2377/2377 2383/2383/2383
f 2384/2384/2384 2377/2377/2377 2389/2389/2389
f 2390/2390/2390 2380/2380/2380 2384/2384/2384
f 2385/2385/2385 2380/2380/2380 2390/2390/2390
f 2391/2391/2391 2381/2381/2381 2385/2385/2385
f 2386/2386/2386 2381/2381/2381 2391/2391/2391
f 2386/2386/2386 2392/2392/2392 2388/2388/2388
f 2388/2388/2388 2392/2392/2392 2393/2393/2393
f 2394/2394/2394 2384/2384/2384 2389/2389/2389
f 2390/2390/2390 2384/2384/2384 2394/2394/2394
f 2395/2395/2395 2385/2385/2385 2390/2390/2390
f 2391/2391/2391 2385/2385/2385 2395/2395/2395
f 2396/2396/2396 2386/2386/2386 2391/2391/2391
f 2392/2392/2392 2386/2386/2386 2396/2396/2396
f 2392/2392/2392 2397/2397/2397 2393/2393/2393
f 2393/2393/2393 2397/2397/2397 2398/2398/2398
f 2399/2399/2399 2390/2390/2390 2394/2394/2394
f 2395/2395/2395 2390/2390/2390 2399/2399/2399
f 2400/2400/2400 2391/2391/2391 2395/2395/2395
f 2396/2396/2396 2391/2391/2391 2400/2400/2400
f 2401/2401/2401 2392/2392/2392 2396/2396/2396
f 2397/2397/2397 2392/2392/2392 2401/2401/2401
f 2397/2397/2397 2402/2402/2402 2398/2398/2398
f 2398/2398/2398 2402/2402/2402 2403/2403/2403
f 2404/2404/2404 2395/2395/2395 2399/2399/2399
f 2400/2400/2400 2395/2395/2395 2404/2404/2404
f 2405/2405/2405 2396/2396/2396 2400/2400/2400
f 2401/2401/2401 2396/2396/2396 2405/2405/2405
f 2406/2406/2406 2397/2397/2397 2401/2401/2401
f 2402/2402/2402 2397/2397/2397 2406/2406/2406
f 2402/2402/2402 2407/2407/2407 2403/2403/2403
f 2403/2403/2403 2407/2407/2407 2408/2408/2408
f 2409/2409/2409 2400/2400/2400 2404/2404/2404
f 2405/2405/2405 2400/2400/2400 2409/2409/2409
f 2410/2410/2410 2401/2401/2401 2405/2405/2405
f 2406/2406/2406 2401/2401/2401 2410/2410/2410
f 2411/2411/2411 2402/2402/2402 2406/2406/2406
f 2407/2407/2407 2402/2402/2402 2411/2411/2411
f 2412/2412/2412 2405/2405/2405 2409/2409/2409
f 2410/2410/2410 2405/2405/2405 2412/2412/2412
f 2413/2413/2413 2406/2406/2406 2410/2410/2410
f 2411/2411/2411 2406/2406/2406 2413/2413/2413
f 2414/2414/2414 2410/2410/2410 2412/2412/2412
f 2413/2413/2413 2410/2410/2410 2414/2414/2414
f 2409/2409/2409 2404/2404/2404 2415/2415/2415
f 2412/2412/2412 2409/2409/2409 2416/2416/2416
f 2416/2416/2416 2409/2409/2409 2415/2415/2415
f 2414/2414/2414 2412/2412/2412 2417/2417/2417
f 2417/2417/2417 2412/2412/2412 2416/2416/2416
f 2415/2415/2415 2404/2404/2404 2418/2418/2418
f 2404/2404/2404 2399/2399/2399 2418/2418/2418
f 2418/2418/2418 2399/2399/2399 2419/2419/2419
f 2399/2399/2399 2394/2394/2394 2419/2419/2419
f 2419/2419/2419 2394/2394/2394 2420/2420/2420
f 2394/2394/2394 2389/2389/2389 2420/2420/2420
f 2420/2420/2420 2389/2389/2389 2421/2421/2421
f 2389/2389/2389 2383/2383/2383 2421/2421/2421
f 2421/2421/2421 2383/2383/2383 2422/2422/2422
f 2383/2383/2383 2374/2374/2374 2422/2422/2422
f 2422/2422/2422 2374/2374/2374 2423/2423/2423
f 2374/2374/2374 2372/2372/2372 2423/2423/2423
f 2423/2423/2423 2372/2372/2372 2424/2424/2424
f 2372/2372/2372 2369/2369/2369 2424/2424/2424
f 2424/2424/2424 2369/2369/2369 2425/2425/2425
f 2369/2369/2369 2358/2358/2358 2425/2425/2425
f 2425/2425/2425 2358/2358/2358 2426/2426/2426
f 2358/2358/2358 2353/2353/2353 2426/2426/2426
f 2426/2426/2426 2353/2353/2353 2354/2354/2354
f 2420/2420/2420 2421/2421/2421 2427/2427/2427
f 2421/2421/2421 2422/2422/2422 2428/2428/2428
f 2427/2427/2427 2421/2421/2421 2428/2428/2428
f 2422/2422/2422 2423/2423/2423 2429/2429/2429
f 2428/2428/2428 2422/2422/2422 2429/2429/2429
f 2423/2423/2423 2424/2424/2424 2430/2430/2430
f 2429/2429/2429 2423/2423/2423 2430/2430/2430
f 2424/2424/2424 2425/2425/2425 2431/2431/2431
f 2430/2430/2430 2424/2424/2424 2431/2431/2431
f 2425/2425/2425 2426/2426/2426 2432/2432/2432
f 2431/2431/2431 2425/2425/2425 2432/2432/2432
f 2426/2426/2426 2354/2354/2354 2433/2433/2433
f 2432/2432/2432 2426/2426/2426 2433/2433/2433
f 2434/2434/2434 2420/2420/2420 2427/2427/2427
f 2419/2419/2419 2420/2420/2420 2434/2434/2434
f 2435/2435/2435 2427/2427/2427 2428/2428/2428
f 2427/2427/2427 2435/2435/2435 2434/2434/2434
f 2436/2436/2436 2428/2428/2428 2429/2429/2429
f 2436/2436/2436 2435/2435/2435 2428/2428/2428
f 2437/2437/2437 2429/2429/2429 2430/2430/2430
f 2437/2437/2437 2436/2436/2436 2429/2429/2429
f 2438/2438/2438 2419/2419/2419 2434/2434/2434
f 2418/2418/2418 2419/2419/2419 2438/2438/2438
f 2433/2433/2433 2354/2354/2354 2439/2439/2439
f 2354/2354/2354 2352/2352/2352 2439/2439/2439
f 2435/2435/2435 2440/2440/2440 2434/2434/2434
f 2434/2434/2434 2440/2440/2440 2438/2438/2438
f 2441/2441/2441 2437/2437/2437 2430/2430/2430
f 2441/2441/2441 2430/2430/2430 2431/2431/2431
f 2442/2442/2442 2418/2418/2418 2438/2438/2438
f 2415/2415/2415 2418/2418/2418 2442/2442/2442
f 2439/2439/2439 2352/2352/2352 2443/2443/2443
f 2352/2352/2352 2342/2342/2342 2443/2443/2443
f 2444/2444/2444 2415/2415/2415 2442/2442/2442
f 2416/2416/2416 2415/2415/2415 2444/2444/2444
f 2443/2443/2443 2342/2342/2342 2445/2445/2445
f 2342/2342/2342 2331/2331/2331 2445/2445/2445
f 2445/2445/2445 2331/2331/2331 2330/2330/2330
f 2446/2446/2446 2416/2416/2416 2444/2444/2444
f 2417/2417/2417 2416/2416/2416 2446/2446/2446
f 2447/2447/2447 2442/2442/2442 2438/2438/2438
f 2448/2448/2448 2444/2444/2444 2442/2442/2442
f 2447/2447/2447 2448/2448/2448 2442/2442/2442
f 2449/2449/2449 2446/2446/2446 2444/2444/2444
f 2448/2448/2448 2449/2449/2449 2444/2444/2444
f 2450/2450/2450 2447/2447/2447 2438/2438/2438
f 2440/2440/2440 2450/2450/2450 2438/2438/2438
f 2451/2451/2451 2443/2443/2443 2445/2445/2445
f 2452/2452/2452 2445/2445/2445 2330/2330/2330
f 2452/2452/2452 2451/2451/2451 2445/2445/2445
f 2451/2451/2451 2453/2453/2453 2443/2443/2443
f 2453/2453/2453 2439/2439/2439 2443/2443/2443
f 2454/2454/2454 2452/2452/2452 2330/2330/2330
f 2322/2322/2322 2454/2454/2454 2330/2330/2330
f 2454/2454/2454 2322/2322/2322 2455/2455/2455
f 2455/2455/2455 2322/2322/2322 2291/2291/2291
f 2455/2455/2455 2291/2291/2291 2293/2293/2293
f 2452/2452/2452 2454/2454/2454 2456/2456/2456
f 2456/2456/2456 2454/2454/2454 2455/2455/2455
f 2451/2451/2451 2452/2452/2452 2457/2457/2457
f 2457/2457/2457 2452/2452/2452 2456/2456/2456
f 2458/2458/2458 2455/2455/2455 2293/2293/2293
f 2456/2456/2456 2455/2455/2455 2458/2458/2458
f 2453/2453/2453 2459/2459/2459 2439/2439/2439
f 2459/2459/2459 2433/2433/2433 2439/2439/2439
f 2453/2453/2453 2451/2451/2451 2460/2460/2460
f 2460/2460/2460 2451/2451/2451 2457/2457/2457
f 2457/2457/2457 2456/2456/2456 2461/2461/2461
f 2461/2461/2461 2456/2456/2456 2458/2458/2458
f 2458/2458/2458 2293/2293/2293 2462/2462/2462
f 2462/2462/2462 2293/2293/2293 2267/2267/2267
f 2462/2462/2462 2267/2267/2267 2266/2266/2266
f 2463/2463/2463 2458/2458/2458 2462/2462/2462
f 2461/2461/2461 2458/2458/2458 2463/2463/2463
f 2464/2464/2464 2462/2462/2462 2266/2266/2266
f 2463/2463/2463 2462/2462/2462 2464/2464/2464
f 2464/2464/2464 2266/2266/2266 2268/2268/2268
f 2465/2465/2465 2457/2457/2457 2461/2461/2461
f 2460/2460/2460 2457/2457/2457 2465/2465/2465
f 2466/2466/2466 2453/2453/2453 2460/2460/2460
f 2459/2459/2459 2453/2453/2453 2466/2466/2466
f 2467/2467/2467 2461/2461/2461 2463/2463/2463
f 2465/2465/2465 2461/2461/2461 2467/2467/2467
f 2468/2468/2468 2464/2464/2464 2268/2268/2268
f 2468/2468/2468 2268/2268/2268 2261/2261/2261
f 2469/2469/2469 2463/2463/2463 2464/2464/2464
f 2469/2469/2469 2464/2464/2464 2468/2468/2468
f 2467/2467/2467 2463/2463/2463 2469/2469/2469
f 2470/2470/2470 2468/2468/2468 2261/2261/2261
f 2470/2470/2470 2469/2469/2469 2468/2468/2468
f 2471/2471/2471 2470/2470/2470 2261/2261/2261
f 2472/2472/2472 2460/2460/2460 2465/2465/2465
f 2466/2466/2466 2460/2460/2460 2472/2472/2472
f 2473/2473/2473 2467/2467/2467 2469/2469/2469
f 2473/2473/2473 2469/2469/2469 2470/2470/2470
f 2474/2474/2474 2470/2470/2470 2471/2471/2471
f 2474/2474/2474 2473/2473/2473 2470/2470/2470
f 2475/2475/2475 2474/2474/2474 2471/2471/2471
f 2476/2476/2476 2465/2465/2465 2467/2467/2467
f 2476/2476/2476 2467/2467/2467 2473/2473/2473
f 2472/2472/2472 2465/2465/2465 2476/2476/2476
f 2477/2477/2477 2474/2474/2474 2475/2475/2475
f 2478/2478/2478 2477/2477/2477 2475/2475/2475
f 2477/2477/2477 2478/2478/2478 2479/2479/2479
f 2480/2480/2480 2473/2473/2473 2474/2474/2474
f 2480/2480/2480 2476/2476/2476 2473/2473/2473
f 2477/2477/2477 2480/2480/2480 2474/2474/2474
f 2481/2481/2481 2472/2472/2472 2476/2476/2476
f 2481/2481/2481 2476/2476/2476 2480/2480/2480
f 2482/2482/2482 2466/2466/2466 2472/2472/2472
f 2482/2482/2482 2472/2472/2472 2481/2481/2481
f 2483/2483/2483 2477/2477/2477 2479/2479/2479
f 2483/2483/2483 2479/2479/2479 2484/2484/2484
f 2485/2485/2485 2480/2480/2480 2477/2477/2477
f 2485/2485/2485 2481/2481/2481 2480/2480/2480
f 2483/2483/2483 2485/2485/2485 2477/2477/2477
f 2486/2486/2486 2483/2483/2483 2484/2484/2484
f 2486/2486/2486 2484/2484/2484 2487/2487/2487
f 2488/2488/2488 2481/2481/2481 2485/2485/2485
f 2488/2488/2488 2482/2482/2482 2481/2481/2481
f 2489/2489/2489 2485/2485/2485 2483/2483/2483
f 2486/2486/2486 2489/2489/2489 2483/2483/2483
f 2489/2489/2489 2488/2488/2488 2485/2485/2485
f 2490/2490/2490 2466/2466/2466 2482/2482/2482
f 2490/2490/2490 2459/2459/2459 2466/2466/2466
f 2491/2491/2491 2486/2486/2486 2487/2487/2487
f 2491/2491/2491 2487/2487/2487 2492/2492/2492
f 2493/2493/2493 2482/2482/2482 2488/2488/2488
f 2493/2493/2493 2490/2490/2490 2482/2482/2482
f 2494/2494/2494 2489/2489/2489 2486/2486/2486
f 2491/2491/2491 2494/2494/2494 2486/2486/2486
f 2495/2495/2495 2488/2488/2488 2489/2489/2489
f 2495/2495/2495 2493/2493/2493 2488/2488/2488
f 2494/2494/2494 2495/2495/2495 2489/2489/2489
f 2496/2496/2496 2459/2459/2459 2490/2490/2490
f 2459/2459/2459 2496/2496/2496 2433/2433/2433
f 2496/2496/2496 2432/2432/2432 2433/2433/2433
f 2432/2432/2432 2496/2496/2496 2431/2431/2431
f 2497/2497/2497 2490/2490/2490 2493/2493/2493
f 2497/2497/2497 2496/2496/2496 2490/2490/2490
f 2496/2496/2496 2498/2498/2498 2431/2431/2431
f 2498/2498/2498 2496/2496/2496 2497/2497/2497
f 2498/2498/2498 2441/2441/2441 2431/2431/2431
f 2499/2499/2499 2493/2493/2493 2495/2495/2495
f 2499/2499/2499 2497/2497/2497 2493/2493/2493
f 2500/2500/2500 2498/2498/2498 2497/2497/2497
f 2441/2441/2441 2498/2498/2498 2500/2500/2500
f 2500/2500/2500 2497/2497/2497 2499/2499/2499
f 2501/2501/2501 2495/2495/2495 2494/2494/2494
f 2501/2501/2501 2499/2499/2499 2495/2495/2495
f 2502/2502/2502 2441/2441/2441 2500/2500/2500
f 2437/2437/2437 2441/2441/2441 2502/2502/2502
f 2503/2503/2503 2500/2500/2500 2499/2499/2499
f 2503/2503/2503 2499/2499/2499 2501/2501/2501
f 2502/2502/2502 2500/2500/2500 2503/2503/2503
f 2504/2504/2504 2501/2501/2501 2494/2494/2494
f 2504/2504/2504 2494/2494/2494 2491/2491/2491
f 2505/2505/2505 2437/2437/2437 2502/2502/2502
f 2436/2436/2436 2437/2437/2437 2505/2505/2505
f 2506/2506/2506 2503/2503/2503 2501/2501/2501
f 2506/2506/2506 2501/2501/2501 2504/2504/2504
f 2507/2507/2507 2502/2502/2502 2503/2503/2503
f 2505/2505/2505 2502/2502/2502 2507/2507/2507
f 2507/2507/2507 2503/2503/2503 2506/2506/2506
f 2508/2508/2508 2504/2504/2504 2491/2491/2491
f 2508/2508/2508 2491/2491/2491 2492/2492/2492
f 2509/2509/2509 2436/2436/2436 2505/2505/2505
f 2435/2435/2435 2436/2436/2436 2509/2509/2509
f 2510/2510/2510 2506/2506/2506 2504/2504/2504
f 2510/2510/2510 2504/2504/2504 2508/2508/2508
f 2511/2511/2511 2508/2508/2508 2492/2492/2492
f 2511/2511/2511 2510/2510/2510 2508/2508/2508
f 2512/2512/2512 2511/2511/2511 2492/2492/2492
f 2511/2511/2511 2512/2512/2512 2513/2513/2513
f 2514/2514/2514 2507/2507/2507 2506/2506/2506
f 2514/2514/2514 2506/2506/2506 2510/2510/2510
f 2515/2515/2515 2505/2505/2505 2507/2507/2507
f 2509/2509/2509 2505/2505/2505 2515/2515/2515
f 2515/2515/2515 2507/2507/2507 2514/2514/2514
f 2516/2516/2516 2435/2435/2435 2509/2509/2509
f 2440/2440/2440 2435/2435/2435 2516/2516/2516
f 2517/2517/2517 2511/2511/2511 2513/2513/2513
f 2517/2517/2517 2513/2513/2513 2518/2518/2518
f 2519/2519/2519 2510/2510/2510 2511/2511/2511
f 2519/2519/2519 2514/2514/2514 2510/2510/2510
f 2517/2517/2517 2519/2519/2519 2511/2511/2511
f 2520/2520/2520 2515/2515/2515 2514/2514/2514
f 2520/2520/2520 2514/2514/2514 2519/2519/2519
f 2521/2521/2521 2509/2509/2509 2515/2515/2515
f 2516/2516/2516 2509/2509/2509 2521/2521/2521
f 2521/2521/2521 2515/2515/2515 2520/2520/2520
f 2522/2522/2522 2440/2440/2440 2516/2516/2516
f 2450/2450/2450 2440/2440/2440 2522/2522/2522
f 2523/2523/2523 2517/2517/2517 2518/2518/2518
f 2523/2523/2523 2518/2518/2518 2524/2524/2524
f 2525/2525/2525 2519/2519/2519 2517/2517/2517
f 2525/2525/2525 2520/2520/2520 2519/2519/2519
f 2523/2523/2523 2525/2525/2525 2517/2517/2517
f 2526/2526/2526 2521/2521/2521 2520/2520/2520
f 2526/2526/2526 2520/2520/2520 2525/2525/2525
f 2527/2527/2527 2516/2516/2516 2521/2521/2521
f 2522/2522/2522 2516/2516/2516 2527/2527/2527
f 2527/2527/2527 2521/2521/2521 2526/2526/2526
f 2528/2528/2528 2450/2450/2450 2522/2522/2522
f 2447/2447/2447 2450/2450/2450 2528/2528/2528
f 2529/2529/2529 2525/2525/2525 2523/2523/2523
f 2529/2529/2529 2526/2526/2526 2525/2525/2525
f 2530/2530/2530 2523/2523/2523 2524/2524/2524
f 2530/2530/2530 2529/2529/2529 2523/2523/2523
f 2531/2531/2531 2527/2527/2527 2526/2526/2526
f 2531/2531/2531 2526/2526/2526 2529/2529/2529
f 2532/2532/2532 2522/2522/2522 2527/2527/2527
f 2528/2528/2528 2522/2522/2522 2532/2532/2532
f 2532/2532/2532 2527/2527/2527 2531/2531/2531
f 2533/2533/2533 2447/2447/2447 2528/2528/2528
f 2448/2448/2448 2447/2447/2447 2533/2533/2533
f 2534/2534/2534 2530/2530/2530 2524/2524/2524
f 2535/2535/2535 2534/2534/2534 2524/2524/2524
f 2536/2536/2536 2529/2529/2529 2530/2530/2530
f 2536/2536/2536 2531/2531/2531 2529/2529/2529
f 2534/2534/2534 2536/2536/2536 2530/2530/2530
f 2537/2537/2537 2532/2532/2532 2531/2531/2531
f 2537/2537/2537 2531/2531/2531 2536/2536/2536
f 2538/2538/2538 2528/2528/2528 2532/2532/2532
f 2533/2533/2533 2528/2528/2528 2538/2538/2538
f 2538/2538/2538 2532/2532/2532 2537/2537/2537
f 2539/2539/2539 2448/2448/2448 2533/2533/2533
f 2449/2449/2449 2448/2448/2448 2539/2539/2539
f 2540/2540/2540 2534/2534/2534 2535/2535/2535
f 2541/2541/2541 2540/2540/2540 2535/2535/2535
f 2540/2540/2540 2541/2541/2541 2542/2542/2542
f 2543/2543/2543 2536/2536/2536 2534/2534/2534
f 2543/2543/2543 2537/2537/2537 2536/2536/2536
f 2540/2540/2540 2543/2543/2543 2534/2534/2534
f 2544/2544/2544 2538/2538/2538 2537/2537/2537
f 2544/2544/2544 2537/2537/2537 2543/2543/2543
f 2545/2545/2545 2533/2533/2533 2538/2538/2538
f 2539/2539/2539 2533/2533/2533 2545/2545/2545
f 2545/2545/2545 2538/2538/2538 2544/2544/2544
f 2546/2546/2546 2540/2540/2540 2542/2542/2542
f 2546/2546/2546 2542/2542/2542 2547/2547/2547
f 2548/2548/2548 2543/2543/2543 2540/2540/2540
f 2548/2548/2548 2544/2544/2544 2543/2543/2543
f 2546/2546/2546 2548/2548/2548 2540/2540/2540
f 2549/2549/2549 2545/2545/2545 2544/2544/2544
f 2549/2549/2549 2544/2544/2544 2548/2548/2548
f 2550/2550/2550 2539/2539/2539 2545/2545/2545
f 2550/2550/2550 2545/2545/2545 2549/2549/2549
f 2551/2551/2551 2548/2548/2548 2546/2546/2546
f 2551/2551/2551 2549/2549/2549 2548/2548/2548
f 2552/2552/2552 2546/2546/2546 2547/2547/2547
f 2552/2552/2552 2551/2551/2551 2546/2546/2546
f 2553/2553/2553 2549/2549/2549 2551/2551/2551
f 2553/2553/2553 2550/2550/2550 2549/2549/2549
f 2554/2554/2554 2539/2539/2539 2550/2550/2550
f 2554/2554/2554 2449/2449/2449 2539/2539/2539
f 2555/2555/2555 2552/2552/2552 2547/2547/2547
f 2556/2556/2556 2555/2555/2555 2547/2547/2547
f 2557/2557/2557 2551/2551/2551 2552/2552/2552
f 2557/2557/2557 2553/2553/2553 2551/2551/2551
f 2555/2555/2555 2557/2557/2557 2552/2552/2552
f 2558/2558/2558 2550/2550/2550 2553/2553/2553
f 2558/2558/2558 2554/2554/2554 2550/2550/2550
f 2559/2559/2559 2449/2449/2449 2554/2554/2554
f 2449/2449/2449 2559/2559/2559 2446/2446/2446
f 2560/2560/2560 2555/2555/2555 2556/2556/2556
f 2561/2561/2561 2560/2560/2560 2556/2556/2556
f 2562/2562/2562 2557/2557/2557 2555/2555/2555
f 2560/2560/2560 2562/2562/2562 2555/2555/2555
f 2563/2563/2563 2553/2553/2553 2557/2557/2557
f 2563/2563/2563 2558/2558/2558 2553/2553/2553
f 2562/2562/2562 2563/2563/2563 2557/2557/2557
f 2564/2564/2564 2554/2554/2554 2558/2558/2558
f 2564/2564/2564 2559/2559/2559 2554/2554/2554
f 2559/2559/2559 2565/2565/2565 2446/2446/2446
f 2565/2565/2565 2417/2417/2417 2446/2446/2446
f 2566/2566/2566 2560/2560/2560 2561/2561/2561
f 2567/2567/2567 2566/2566/2566 2561/2561/2561
f 2566/2566/2566 2567/2567/2567 2568/2568/2568
f 2569/2569/2569 2558/2558/2558 2563/2563/2563
f 2569/2569/2569 2564/2564/2564 2558/2558/2558
f 2570/2570/2570 2562/2562/2562 2560/2560/2560
f 2566/2566/2566 2570/2570/2570 2560/2560/2560
f 2571/2571/2571 2563/2563/2563 2562/2562/2562
f 2571/2571/2571 2569/2569/2569 2563/2563/2563
f 2570/2570/2570 2571/2571/2571 2562/2562/2562
f 2572/2572/2572 2559/2559/2559 2564/2564/2564
f 2559/2559/2559 2572/2572/2572 2565/2565/2565
f 2573/2573/2573 2417/2417/2417 2565/2565/2565
f 2573/2573/2573 2414/2414/2414 2417/2417/2417
f 2574/2574/2574 2564/2564/2564 2569/2569/2569
f 2574/2574/2574 2572/2572/2572 2564/2564/2564
f 2575/2575/2575 2569/2569/2569 2571/2571/2571
f 2575/2575/2575 2574/2574/2574 2569/2569/2569
f 2576/2576/2576 2571/2571/2571 2570/2570/2570
f 2576/2576/2576 2575/2575/2575 2571/2571/2571
f 2577/2577/2577 2570/2570/2570 2566/2566/2566
f 2577/2577/2577 2576/2576/2576 2570/2570/2570
f 2572/2572/2572 2578/2578/2578 2565/2565/2565
f 2578/2578/2578 2573/2573/2573 2565/2565/2565
f 2579/2579/2579 2414/2414/2414 2573/2573/2573
f 2579/2579/2579 2413/2413/2413 2414/2414/2414
f 2580/2580/2580 2573/2573/2573 2578/2578/2578
f 2580/2580/2580 2579/2579/2579 2573/2573/2573
f 2578/2578/2578 2572/2572/2572 2581/2581/2581
f 2581/2581/2581 2580/2580/2580 2578/2578/2578
f 2582/2582/2582 2572/2572/2572 2574/2574/2574
f 2572/2572/2572 2582/2582/2582 2581/2581/2581
f 2583/2583/2583 2574/2574/2574 2575/2575/2575
f 2583/2583/2583 2582/2582/2582 2574/2574/2574
f 2584/2584/2584 2575/2575/2575 2576/2576/2576
f 2584/2584/2584 2583/2583/2583 2575/2575/2575
f 2585/2585/2585 2413/2413/2413 2579/2579/2579
f 2585/2585/2585 2411/2411/2411 2413/2413/2413
f 2586/2586/2586 2579/2579/2579 2580/2580/2580
f 2586/2586/2586 2585/2585/2585 2579/2579/2579
f 2587/2587/2587 2582/2582/2582 2583/2583/2583
f 2582/2582/2582 2587/2587/2587 2581/2581/2581
f 2588/2588/2588 2411/2411/2411 2585/2585/2585
f 2588/2588/2588 2407/2407/2407 2411/2411/2411
f 2589/2589/2589 2580/2580/2580 2581/2581/2581
f 2589/2589/2589 2586/2586/2586 2580/2580/2580
f 2590/2590/2590 2585/2585/2585 2586/2586/2586
f 2590/2590/2590 2588/2588/2588 2585/2585/2585
f 2591/2591/2591 2407/2407/2407 2588/2588/2588
f 2407/2407/2407 2591/2591/2591 2408/2408/2408
f 2592/2592/2592 2591/2591/2591 2588/2588/2588
f 2592/2592/2592 2588/2588/2588 2590/2590/2590
f 2593/2593/2593 2590/2590/2590 2586/2586/2586
f 2593/2593/2593 2586/2586/2586 2589/2589/2589
f 2594/2594/2594 2589/2589/2589 2581/2581/2581
f 2587/2587/2587 2594/2594/2594 2581/2581/2581
f 2591/2591/2591 2595/2595/2595 2408/2408/2408
f 2595/2595/2595 2591/2591/2591 2592/2592/2592
f 2596/2596/2596 2592/2592/2592 2590/2590/2590
f 2596/2596/2596 2590/2590/2590 2593/2593/2593
f 2597/2597/2597 2593/2593/2593 2589/2589/2589
f 2597/2597/2597 2589/2589/2589 2594/2594/2594
f 2595/2595/2595 2598/2598/2598 2408/2408/2408
f 2408/2408/2408 2598/2598/2598 2599/2599/2599
f 2600/2600/2600 2595/2595/2595 2592/2592/2592
f 2600/2600/2600 2592/2592/2592 2596/2596/2596
f 2598/2598/2598 2595/2595/2595 2600/2600/2600
f 2601/2601/2601 2596/2596/2596 2593/2593/2593
f 2601/2601/2601 2593/2593/2593 2597/2597/2597
f 2602/2602/2602 2600/2600/2600 2596/2596/2596
f 2602/2602/2602 2596/2596/2596 2601/2601/2601
f 2603/2603/2603 2598/2598/2598 2600/2600/2600
f 2603/2603/2603 2600/2600/2600 2602/2602/2602
f 2598/2598/2598 2604/2604/2604 2599/2599/2599
f 2604/2604/2604 2598/2598/2598 2603/2603/2603
f 2604/2604/2604 2605/2605/2605 2599/2599/2599
f 2605/2605/2605 2606/2606/2606 2599/2599/2599
f 2606/2606/2606 2605/2605/2605 2607/2607/2607
f 2608/2608/2608 2604/2604/2604 2603/2603/2603
f 2605/2605/2605 2604/2604/2604 2608/2608/2608
f 2609/2609/2609 2603/2603/2603 2602/2602/2602
f 2608/2608/2608 2603/2603/2603 2609/2609/2609
f 2610/2610/2610 2602/2602/2602 2601/2601/2601
f 2609/2609/2609 2602/2602/2602 2610/2610/2610
f 2611/2611/2611 2601/2601/2601 2597/2597/2597
f 2610/2610/2610 2601/2601/2601 2611/2611/2611
f 2605/2605/2605 2612/2612/2612 2607/2607/2607
f 2607/2607/2607 2612/2612/2612 2613/2613/2613
f 2614/2614/2614 2605/2605/2605 2608/2608/2608
f 2612/2612/2612 2605/2605/2605 2614/2614/2614
f 2615/2615/2615 2608/2608/2608 2609/2609/2609
f 2614/2614/2614 2608/2608/2608 2615/2615/2615
f 2616/2616/2616 2609/2609/2609 2610/2610/2610
f 2615/2615/2615 2609/2609/2609 2616/2616/2616
f 2612/2612/2612 2617/2617/2617 2613/2613/2613
f 2613/2613/2613 2617/2617/2617 2618/2618/2618
f 2619/2619/2619 2612/2612/2612 2614/2614/2614
f 2617/2617/2617 2612/2612/2612 2619/2619/2619
f 2620/2620/2620 2614/2614/2614 2615/2615/2615
f 2619/2619/2619 2614/2614/2614 2620/2620/2620
f 2617/2617/2617 2621/2621/2621 2618/2618/2618
f 2618/2618/2618 2621/2621/2621 2622/2622/2622
f 2623/2623/2623 2617/2617/2617 2619/2619/2619
f 2621/2621/2621 2617/2617/2617 2623/2623/2623
f 2616/2616/2616 2610/2610/2610 2624/2624/2624
f 2624/2624/2624 2610/2610/2610 2611/2611/2611
f 2625/2625/2625 2615/2615/2615 2616/2616/2616
f 2620/2620/2620 2615/2615/2615 2625/2625/2625
f 2626/2626/2626 2619/2619/2619 2620/2620/2620
f 2623/2623/2623 2619/2619/2619 2626/2626/2626
f 2627/2627/2627 2616/2616/2616 2624/2624/2624
f 2625/2625/2625 2616/2616/2616 2627/2627/2627
f 2628/2628/2628 2620/2620/2620 2625/2625/2625
f 2626/2626/2626 2620/2620/2620 2628/2628/2628
f 2629/2629/2629 2625/2625/2625 2627/2627/2627
f 2628/2628/2628 2625/2625/2625 2629/2629/2629
f 2630/2630/2630 2621/2621/2621 2623/2623/2623
f 2631/2631/2631 2623/2623/2623 2626/2626/2626
f 2630/2630/2630 2623/2623/2623 2631/2631/2631
f 2632/2632/2632 2626/2626/2626 2628/2628/2628
f 2631/2631/2631 2626/2626/2626 2632/2632/2632
f 2633/2633/2633 2628/2628/2628 2629/2629/2629
f 2632/2632/2632 2628/2628/2628 2633/2633/2633
f 2634/2634/2634 2621/2621/2621 2630/2630/2630
f 2621/2621/2621 2634/2634/2634 2622/2622/2622
f 2634/2634/2634 2635/2635/2635 2622/2622/2622
f 2635/2635/2635 2636/2636/2636 2622/2622/2622
f 2637/2637/2637 2634/2634/2634 2630/2630/2630
f 2635/2635/2635 2634/2634/2634 2637/2637/2637
f 2638/2638/2638 2630/2630/2630 2631/2631/2631
f 2637/2637/2637 2630/2630/2630 2638/2638/2638
f 2639/2639/2639 2631/2631/2631 2632/2632/2632
f 2638/2638/2638 2631/2631/2631 2639/2639/2639
f 2635/2635/2635 2640/2640/2640 2636/2636/2636
f 2640/2640/2640 2641/2641/2641 2636/2636/2636
f 2642/2642/2642 2635/2635/2635 2637/2637/2637
f 2640/2640/2640 2635/2635/2635 2642/2642/2642
f 2643/2643/2643 2637/2637/2637 2638/2638/2638
f 2642/2642/2642 2637/2637/2637 2643/2643/2643
f 2640/2640/2640 2644/2644/2644 2641/2641/2641
f 2644/2644/2644 2645/2645/2645 2641/2641/2641
f 2646/2646/2646 2640/2640/2640 2642/2642/2642
f 2644/2644/2644 2640/2640/2640 2646/2646/2646
f 2644/2644/2644 2647/2647/2647 2645/2645/2645
f 2647/2647/2647 2648/2648/2648 2645/2645/2645
f 2648/2648/2648 2647/2647/2647 2649/2649/2649
f 2650/2650/2650 2638/2638/2638 2639/2639/2639
f 2643/2643/2643 2638/2638/2638 2650/2650/2650
f 2651/2651/2651 2642/2642/2642 2643/2643/2643
f 2646/2646/2646 2642/2642/2642 2651/2651/2651
f 2652/2652/2652 2644/2644/2644 2646/2646/2646
f 2647/2647/2647 2644/2644/2644 2652/2652/2652
f 2647/2647/2647 2653/2653/2653 2649/2649/2649
f 2649/2649/2649 2653/2653/2653 2654/2654/2654
f 2655/2655/2655 2643/2643/2643 2650/2650/2650
f 2651/2651/2651 2643/2643/2643 2655/2655/2655
f 2656/2656/2656 2646/2646/2646 2651/2651/2651
f 2652/2652/2652 2646/2646/2646 2656/2656/2656
f 2657/2657/2657 2647/2647/2647 2652/2652/2652
f 2653/2653/2653 2647/2647/2647 2657/2657/2657
f 2653/2653/2653 2658/2658/2658 2654/2654/2654
f 2654/2654/2654 2658/2658/2658 2659/2659/2659
f 2660/2660/2660 2651/2651/2651 2655/2655/2655
f 2656/2656/2656 2651/2651/2651 2660/2660/2660
f 2661/2661/2661 2652/2652/2652 2656/2656/2656
f 2657/2657/2657 2652/2652/2652 2661/2661/2661
f 2662/2662/2662 2653/2653/2653 2657/2657/2657
f 2658/2658/2658 2653/2653/2653 2662/2662/2662
f 2663/2663/2663 2656/2656/2656 2660/2660/2660
f 2661/2661/2661 2656/2656/2656 2663/2663/2663
f 2664/2664/2664 2657/2657/2657 2661/2661/2661
f 2662/2662/2662 2657/2657/2657 2664/2664/2664
f 2665/2665/2665 2661/2661/2661 2663/2663/2663
f 2664/2664/2664 2661/2661/2661 2665/2665/2665
f 2658/2658/2658 2666/2666/2666 2659/2659/2659
f 2667/2667/2667 2658/2658/2658 2662/2662/2662
f 2666/2666/2666 2658/2658/2658 2667/2667/2667
f 2668/2668/2668 2662/2662/2662 2664/2664/2664
f 2667/2667/2667 2662/2662/2662 2668/2668/2668
f 2666/2666/2666 2669/2669/2669 2659/2659/2659
f 2669/2669/2669 2670/2670/2670 2659/2659/2659
f 2670/2670/2670 2669/2669/2669 2671/2671/2671
f 2672/2672/2672 2666/2666/2666 2667/2667/2667
f 2669/2669/2669 2666/2666/2666 2672/2672/2672
f 2673/2673/2673 2664/2664/2664 2665/2665/2665
f 2668/2668/2668 2664/2664/2664 2673/2673/2673
f 2674/2674/2674 2667/2667/2667 2668/2668/2668
f 2672/2672/2672 2667/2667/2667 2674/2674/2674
f 2675/2675/2675 2668/2668/2668 2673/2673/2673
f 2674/2674/2674 2668/2668/2668 2675/2675/2675
f 2669/2669/2669 2676/2676/2676 2671/2671/2671
f 2677/2677/2677 2669/2669/2669 2672/2672/2672
f 2676/2676/2676 2669/2669/2669 2677/2677/2677
f 2678/2678/2678 2672/2672/2672 2674/2674/2674
f 2677/2677/2677 2672/2672/2672 2678/2678/2678
f 2676/2676/2676 2679/2679/2679 2671/2671/2671
f 2679/2679/2679 2680/2680/2680 2671/2671/2671
f 2681/2681/2681 2676/2676/2676 2677/2677/2677
f 2679/2679/2679 2676/2676/2676 2681/2681/2681
f 2679/2679/2679 2682/2682/2682 2680/2680/2680
f 2682/2682/2682 2683/2683/2683 2680/2680/2680
f 2684/2684/2684 2674/2674/2674 2675/2675/2675
f 2678/2678/2678 2674/2674/2674 2684/2684/2684
f 2685/2685/2685 2677/2677/2677 2678/2678/2678
f 2681/2681/2681 2677/2677/2677 2685/2685/2685
f 2686/2686/2686 2679/2679/2679 2681/2681/2681
f 2682/2682/2682 2679/2679/2679 2686/2686/2686
f 2682/2682/2682 2687/2687/2687 2683/2683/2683
f 2687/2687/2687 2688/2688/2688 2683/2683/2683
f 2688/2688/2688 2687/2687/2687 2689/2689/2689
f 2690/2690/2690 2678/2678/2678 2684/2684/2684
f 2685/2685/2685 2678/2678/2678 2690/2690/2690
f 2691/2691/2691 2681/2681/2681 2685/2685/2685
f 2686/2686/2686 2681/2681/2681 2691/2691/2691
f 2692/2692/2692 2682/2682/2682 2686/2686/2686
f 2687/2687/2687 2682/2682/2682 2692/2692/2692
f 2687/2687/2687 2693/2693/2693 2689/2689/2689
f 2689/2689/2689 2693/2693/2693 2694/2694/2694
f 2695/2695/2695 2685/2685/2685 2690/2690/2690
f 2691/2691/2691 2685/2685/2685 2695/2695/2695
f 2696/2696/2696 2686/2686/2686 2691/2691/2691
f 2692/2692/2692 2686/2686/2686 2696/2696/2696
f 2697/2697/2697 2687/2687/2687 2692/2692/2692
f 2693/2693/2693 2687/2687/2687 2697/2697/2697
f 2693/2693/2693 2698/2698/2698 2694/2694/2694
f 2694/2694/2694 2698/2698/2698 2699/2699/2699
f 2700/2700/2700 2691/2691/2691 2695/2695/2695
f 2696/2696/2696 2691/2691/2691 2700/2700/2700
f 2701/2701/2701 2692/2692/2692 2696/2696/2696
f 2697/2697/2697 2692/2692/2692 2701/2701/2701
f 2702/2702/2702 2693/2693/2693 2697/2697/2697
f 2698/2698/2698 2693/2693/2693 2702/2702/2702
f 2698/2698/2698 2703/2703/2703 2699/2699/2699
f 2699/2699/2699 2703/2703/2703 2704/2704/2704
f 2705/2705/2705 2696/2696/2696 2700/2700/2700
f 2701/2701/2701 2696/2696/2696 2705/2705/2705
f 2706/2706/2706 2697/2697/2697 2701/2701/2701
f 2702/2702/2702 2697/2697/2697 2706/2706/2706
f 2707/2707/2707 2698/2698/2698 2702/2702/2702
f 2703/2703/2703 2698/2698/2698 2707/2707/2707
f 2708/2708/2708 2701/2701/2701 2705/2705/2705
f 2706/2706/2706 2701/2701/2701 2708/2708/2708
f 2709/2709/2709 2702/2702/2702 2706/2706/2706
f 2707/2707/2707 2702/2702/2702 2709/2709/2709
f 2710/2710/2710 2706/2706/2706 2708/2708/2708
f 2709/2709/2709 2706/2706/2706 2710/2710/2710
f 2703/2703/2703 2711/2711/2711 2704/2704/2704
f 2712/2712/2712 2703/2703/2703 2707/2707/2707
f 2711/2711/2711 2703/2703/2703 2712/2712/2712
f 2713/2713/2713 2707/2707/2707 2709/2709/2709
f 2712/2712/2712 2707/2707/2707 2713/2713/2713
f 2711/2711/2711 2714/2714/2714 2704/2704/2704
f 2714/2714/2714 2715/2715/2715 2704/2704/2704
f 2716/2716/2716 2711/2711/2711 2712/2712/2712
f 2714/2714/2714 2711/2711/2711 2716/2716/2716
f 2714/2714/2714 2717/2717/2717 2715/2715/2715
f 2717/2717/2717 2718/2718/2718 2715/2715/2715
f 2719/2719/2719 2709/2709/2709 2710/2710/2710
f 2713/2713/2713 2709/2709/2709 2719/2719/2719
f 2720/2720/2720 2712/2712/2712 2713/2713/2713
f 2716/2716/2716 2712/2712/2712 2720/2720/2720
f 2721/2721/2721 2714/2714/2714 2716/2716/2716
f 2717/2717/2717 2714/2714/2714 2721/2721/2721
f 2717/2717/2717 2722/2722/2722 2718/2718/2718
f 2722/2722/2722 2723/2723/2723 2718/2718/2718
f 2723/2723/2723 2722/2722/2722 2724/2724/2724
f 2725/2725/2725 2713/2713/2713 2719/2719/2719
f 2720/2720/2720 2713/2713/2713 2725/2725/2725
f 2726/2726/2726 2716/2716/2716 2720/2720/2720
f 2721/2721/2721 2716/2716/2716 2726/2726/2726
f 2727/2727/2727 2717/2717/2717 2721/2721/2721
f 2722/2722/2722 2717/2717/2717 2727/2727/2727
f 2728/2728/2728 2720/2720/2720 2725/2725/2725
f 2726/2726/2726 2720/2720/2720 2728/2728/2728
f 2729/2729/2729 2721/2721/2721 2726/2726/2726
f 2727/2727/2727 2721/2721/2721 2729/2729/2729
f 2730/2730/2730 2726/2726/2726 2728/2728/2728
f 2729/2729/2729 2726/2726/2726 2730/2730/2730
f 2722/2722/2722 2731/2731/2731 2724/2724/2724
f 2732/2732/2732 2722/2722/2722 2727/2727/2727
f 2731/2731/2731 2722/2722/2722 2732/2732/2732
f 2733/2733/2733 2727/2727/2727 2729/2729/2729
f 2732/2732/2732 2727/2727/2727 2733/2733/2733
f 2731/2731/2731 2734/2734/2734 2724/2724/2724
f 2734/2734/2734 2735/2735/2735 2724/2724/2724
f 2735/2735/2735 2734/2734/2734 2736/2736/2736
f 2737/2737/2737 2731/2731/2731 2732/2732/2732
f 2734/2734/2734 2731/2731/2731 2737/2737/2737
f 2734/2734/2734 2738/2738/2738 2736/2736/2736
f 2736/2736/2736 2738/2738/2738 2739/2739/2739
f 2740/2740/2740 2729/2729/2729 2730/2730/2730
f 2733/2733/2733 2729/2729/2729 2740/2740/2740
f 2741/2741/2741 2732/2732/2732 2733/2733/2733
f 2737/2737/2737 2732/2732/2732 2741/2741/2741
f 2742/2742/2742 2734/2734/2734 2737/2737/2737
f 2738/2738/2738 2734/2734/2734 2742/2742/2742
f 2738/2738/2738 2743/2743/2743 2739/2739/2739
f 2739/2739/2739 2743/2743/2743 2744/2744/2744
f 2745/2745/2745 2733/2733/2733 2740/2740/2740
f 2741/2741/2741 2733/2733/2733 2745/2745/2745
f 2746/2746/2746 2737/2737/2737 2741/2741/2741
f 2742/2742/2742 2737/2737/2737 2746/2746/2746
f 2747/2747/2747 2738/2738/2738 2742/2742/2742
f 2743/2743/2743 2738/2738/2738 2747/2747/2747
f 2743/2743/2743 2748/2748/2748 2744/2744/2744
f 2744/2744/2744 2748/2748/2748 2749/2749/2749
f 2750/2750/2750 2741/2741/2741 2745/2745/2745
f 2746/2746/2746 2741/2741/2741 2750/2750/2750
f 2751/2751/2751 2742/2742/2742 2746/2746/2746
f 2747/2747/2747 2742/2742/2742 2751/2751/2751
f 2752/2752/2752 2743/2743/2743 2747/2747/2747
f 2748/2748/2748 2743/2743/2743 2752/2752/2752
f 2753/2753/2753 2746/2746/2746 2750/2750/2750
f 2751/2751/2751 2746/2746/2746 2753/2753/2753
f 2754/2754/2754 2747/2747/2747 2751/2751/2751
f 2752/2752/2752 2747/2747/2747 2754/2754/2754
f 2755/2755/2755 2751/2751/2751 2753/2753/2753
f 2754/2754/2754 2751/2751/2751 2755/2755/2755
f 2748/2748/2748 2756/2756/2756 2749/2749/2749
f 2757/2757/2757 2748/2748/2748 2752/2752/2752
f 2756/2756/2756 2748/2748/2748 2757/2757/2757
f 2758/2758/2758 2752/2752/2752 2754/2754/2754
f 2757/2757/2757 2752/2752/2752 2758/2758/2758
f 2756/2756/2756 2759/2759/2759 2749/2749/2749
f 2759/2759/2759 2760/2760/2760 2749/2749/2749
f 2761/2761/2761 2756/2756/2756 2757/2757/2757
f 2759/2759/2759 2756/2756/2756 2761/2761/2761
f 2759/2759/2759 2762/2762/2762 2760/2760/2760
f 2762/2762/2762 2763/2763/2763 2760/2760/2760
f 2764/2764/2764 2754/2754/2754 2755/2755/2755
f 2758/2758/2758 2754/2754/2754 2764/2764/2764
f 2765/2765/2765 2757/2757/2757 2758/2758/2758
f 2761/2761/2761 2757/2757/2757 2765/2765/2765
f 2766/2766/2766 2759/2759/2759 2761/2761/2761
f 2762/2762/2762 2759/2759/2759 2766/2766/2766
f 2762/2762/2762 2767/2767/2767 2763/2763/2763
f 2767/2767/2767 2768/2768/2768 2763/2763/2763
f 2769/2769/2769 2758/2758/2758 2764/2764/2764
f 2765/2765/2765 2758/2758/2758 2769/2769/2769
f 2770/2770/2770 2761/2761/2761 2765/2765/2765
f 2766/2766/2766 2761/2761/2761 2770/2770/2770
f 2771/2771/2771 2762/2762/2762 2766/2766/2766
f 2767/2767/2767 2762/2762/2762 2771/2771/2771
f 2767/2767/2767 2772/2772/2772 2768/2768/2768
f 2772/2772/2772 2773/2773/2773 2768/2768/2768
f 2773/2773/2773 2772/2772/2772 2774/2774/2774
f 2775/2775/2775 2765/2765/2765 2769/2769/2769
f 2770/2770/2770 2765/2765/2765 2775/2775/2775
f 2776/2776/2776 2766/2766/2766 2770/2770/2770
f 2771/2771/2771 2766/2766/2766 2776/2776/2776
f 2777/2777/2777 2767/2767/2767 2771/2771/2771
f 2772/2772/2772 2767/2767/2767 2777/2777/2777
f 2772/2772/2772 2778/2778/2778 2774/2774/2774
f 2774/2774/2774 2778/2778/2778 2779/2779/2779
f 2780/2780/2780 2770/2770/2770 2775/2775/2775
f 2776/2776/2776 2770/2770/2770 2780/2780/2780
f 2781/2781/2781 2771/2771/2771 2776/2776/2776
f 2777/2777/2777 2771/2771/2771 2781/2781/2781
f 2782/2782/2782 2772/2772/2772 2777/2777/2777
f 2778/2778/2778 2772/2772/2772 2782/2782/2782
f 2783/2783/2783 2776/2776/2776 2780/2780/2780
f 2781/2781/2781 2776/2776/2776 2783/2783/2783
f 2784/2784/2784 2777/2777/2777 2781/2781/2781
f 2782/2782/2782 2777/2777/2777 2784/2784/2784
f 2785/2785/2785 2781/2781/2781 2783/2783/2783
f 2784/2784/2784 2781/2781/2781 2785/2785/2785
f 2780/2780/2780 2775/2775/2775 2786/2786/2786
f 2783/2783/2783 2780/2780/2780 2787/2787/2787
f 2787/2787/2787 2780/2780/2780 2786/2786/2786
f 2785/2785/2785 2783/2783/2783 2788/2788/2788
f 2788/2788/2788 2783/2783/2783 2787/2787/2787
f 2786/2786/2786 2775/2775/2775 2789/2789/2789
f 2775/2775/2775 2769/2769/2769 2789/2789/2789
f 2789/2789/2789 2769/2769/2769 2790/2790/2790
f 2769/2769/2769 2764/2764/2764 2790/2790/2790
f 2790/2790/2790 2764/2764/2764 2791/2791/2791
f 2764/2764/2764 2755/2755/2755 2791/2791/2791
f 2791/2791/2791 2755/2755/2755 2792/2792/2792
f 2755/2755/2755 2753/2753/2753 2792/2792/2792
f 2792/2792/2792 2753/2753/2753 2793/2793/2793
f 2753/2753/2753 2750/2750/2750 2793/2793/2793
f 2793/2793/2793 2750/2750/2750 2794/2794/2794
f 2750/2750/2750 2745/2745/2745 2794/2794/2794
f 2794/2794/2794 2745/2745/2745 2795/2795/2795
f 2745/2745/2745 2740/2740/2740 2795/2795/2795
f 2795/2795/2795 2740/2740/2740 2796/2796/2796
f 2740/2740/2740 2730/2730/2730 2796/2796/2796
f 2796/2796/2796 2730/2730/2730 2797/2797/2797
f 2730/2730/2730 2728/2728/2728 2797/2797/2797
f 2797/2797/2797 2728/2728/2728 2798/2798/2798
f 2728/2728/2728 2725/2725/2725 2798/2798/2798
f 2798/2798/2798 2725/2725/2725 2799/2799/2799
f 2725/2725/2725 2719/2719/2719 2799/2799/2799
f 2799/2799/2799 2719/2719/2719 2800/2800/2800
f 2719/2719/2719 2710/2710/2710 2800/2800/2800
f 2800/2800/2800 2710/2710/2710 2801/2801/2801
f 2710/2710/2710 2708/2708/2708 2801/2801/2801
f 2801/2801/2801 2708/2708/2708 2802/2802/2802
f 2708/2708/2708 2705/2705/2705 2802/2802/2802
f 2802/2802/2802 2705/2705/2705 2803/2803/2803
f 2705/2705/2705 2700/2700/2700 2803/2803/2803
f 2803/2803/2803 2700/2700/2700 2804/2804/2804
f 2700/2700/2700 2695/2695/2695 2804/2804/2804
f 2804/2804/2804 2695/2695/2695 2805/2805/2805
f 2695/2695/2695 2690/2690/2690 2805/2805/2805
f 2805/2805/2805 2690/2690/2690 2806/2806/2806
f 2690/2690/2690 2684/2684/2684 2806/2806/2806
f 2806/2806/2806 2684/2684/2684 2807/2807/2807
f 2684/2684/2684 2675/2675/2675 2807/2807/2807
f 2807/2807/2807 2675/2675/2675 2808/2808/2808
f 2675/2675/2675 2673/2673/2673 2808/2808/2808
f 2808/2808/2808 2673/2673/2673 2809/2809/2809
f 2673/2673/2673 2665/2665/2665 2809/2809/2809
f 2809/2809/2809 2665/2665/2665 2810/2810/2810
f 2665/2665/2665 2663/2663/2663 2810/2810/2810
f 2810/2810/2810 2663/2663/2663 2811/2811/2811
f 2663/2663/2663 2660/2660/2660 2811/2811/2811
f 2811/2811/2811 2660/2660/2660 2812/2812/2812
f 2660/2660/2660 2655/2655/2655 2812/2812/2812
f 2812/2812/2812 2655/2655/2655 2813/2813/2813
f 2655/2655/2655 2650/2650/2650 2813/2813/2813
f 2813/2813/2813 2650/2650/2650 2814/2814/2814
f 2650/2650/2650 2639/2639/2639 2814/2814/2814
f 2814/2814/2814 2639/2639/2639 2815/2815/2815
f 2639/2639/2639 2632/2632/2632 2815/2815/2815
f 2815/2815/2815 2632/2632/2632 2633/2633/2633
f 2809/2809/2809 2810/2810/2810 2816/2816/2816
f 2810/2810/2810 2811/2811/2811 2817/2817/2817
f 2816/2816/2816 2810/2810/2810 2817/2817/2817
f 2811/2811/2811 2812/2812/2812 2818/2818/2818
f 2817/2817/2817 2811/2811/2811 2818/2818/2818
f 2812/2812/2812 2813/2813/2813 2819/2819/2819
f 2818/2818/2818 2812/2812/2812 2819/2819/2819
f 2813/2813/2813 2814/2814/2814 2820/2820/2820
f 2819/2819/2819 2813/2813/2813 2820/2820/2820
f 2814/2814/2814 2815/2815/2815 2821/2821/2821
f 2820/2820/2820 2814/2814/2814 2821/2821/2821
f 2815/2815/2815 2633/2633/2633 2822/2822/2822
f 2821/2821/2821 2815/2815/2815 2822/2822/2822
f 2823/2823/2823 2809/2809/2809 2816/2816/2816
f 2808/2808/2808 2809/2809/2809 2823/2823/2823
f 2822/2822/2822 2633/2633/2633 2824/2824/2824
f 2633/2633/2633 2629/2629/2629 2824/2824/2824
f 2825/2825/2825 2808/2808/2808 2823/2823/2823
f 2807/2807/2807 2808/2808/2808 2825/2825/2825
f 2824/2824/2824 2629/2629/2629 2826/2826/2826
f 2629/2629/2629 2627/2627/2627 2826/2826/2826
f 2827/2827/2827 2807/2807/2807 2825/2825/2825
f 2806/2806/2806 2807/2807/2807 2827/2827/2827
f 2826/2826/2826 2627/2627/2627 2828/2828/2828
f 2627/2627/2627 2624/2624/2624 2828/2828/2828
f 2829/2829/2829 2806/2806/2806 2827/2827/2827
f 2805/2805/2805 2806/2806/2806 2829/2829/2829
f 2828/2828/2828 2624/2624/2624 2830/2830/2830
f 2624/2624/2624 2611/2611/2611 2830/2830/2830
f 2831/2831/2831 2805/2805/2805 2829/2829/2829
f 2804/2804/2804 2805/2805/2805 2831/2831/2831
f 2832/2832/2832 2804/2804/2804 2831/2831/2831
f 2803/2803/2803 2804/2804/2804 2832/2832/2832
f 2833/2833/2833 2831/2831/2831 2829/2829/2829
f 2831/2831/2831 2833/2833/2833 2832/2832/2832
f 2834/2834/2834 2829/2829/2829 2827/2827/2827
f 2834/2834/2834 2833/2833/2833 2829/2829/2829
f 2830/2830/2830 2611/2611/2611 2835/2835/2835
f 2611/2611/2611 2597/2597/2597 2835/2835/2835
f 2835/2835/2835 2597/2597/2597 2594/2594/2594
f 2836/2836/2836 2835/2835/2835 2594/2594/2594
f 2587/2587/2587 2836/2836/2836 2594/2594/2594
f 2837/2837/2837 2830/2830/2830 2835/2835/2835
f 2836/2836/2836 2837/2837/2837 2835/2835/2835
f 2836/2836/2836 2587/2587/2587 2838/2838/2838
f 2838/2838/2838 2587/2587/2587 2583/2583/2583
f 2838/2838/2838 2583/2583/2583 2584/2584/2584
f 2839/2839/2839 2836/2836/2836 2838/2838/2838
f 2837/2837/2837 2836/2836/2836 2839/2839/2839
f 2837/2837/2837 2840/2840/2840 2830/2830/2830
f 2840/2840/2840 2828/2828/2828 2830/2830/2830
f 2841/2841/2841 2838/2838/2838 2584/2584/2584
f 2839/2839/2839 2838/2838/2838 2841/2841/2841
f 2842/2842/2842 2837/2837/2837 2839/2839/2839
f 2840/2840/2840 2837/2837/2837 2842/2842/2842
f 2840/2840/2840 2843/2843/2843 2828/2828/2828
f 2843/2843/2843 2826/2826/2826 2828/2828/2828
f 2841/2841/2841 2584/2584/2584 2844/2844/2844
f 2844/2844/2844 2584/2584/2584 2576/2576/2576
f 2844/2844/2844 2576/2576/2576 2577/2577/2577
f 2845/2845/2845 2839/2839/2839 2841/2841/2841
f 2842/2842/2842 2839/2839/2839 2845/2845/2845
f 2846/2846/2846 2840/2840/2840 2842/2842/2842
f 2843/2843/2843 2840/2840/2840 2846/2846/2846
f 2843/2843/2843 2847/2847/2847 2826/2826/2826
f 2847/2847/2847 2824/2824/2824 2826/2826/2826
f 2848/2848/2848 2841/2841/2841 2844/2844/2844
f 2845/2845/2845 2841/2841/2841 2848/2848/2848
f 2849/2849/2849 2844/2844/2844 2577/2577/2577
f 2848/2848/2848 2844/2844/2844 2849/2849/2849
f 2850/2850/2850 2842/2842/2842 2845/2845/2845
f 2846/2846/2846 2842/2842/2842 2850/2850/2850
f 2851/2851/2851 2843/2843/2843 2846/2846/2846
f 2847/2847/2847 2843/2843/2843 2851/2851/2851
f 2847/2847/2847 2852/2852/2852 2824/2824/2824
f 2852/2852/2852 2822/2822/2822 2824/2824/2824
f 2853/2853/2853 2845/2845/2845 2848/2848/2848
f 2850/2850/2850 2845/2845/2845 2853/2853/2853
f 2854/2854/2854 2846/2846/2846 2850/2850/2850
f 2851/2851/2851 2846/2846/2846 2854/2854/2854
f 2855/2855/2855 2847/2847/2847 2851/2851/2851
f 2852/2852/2852 2847/2847/2847 2855/2855/2855
f 2852/2852/2852 2856/2856/2856 2822/2822/2822
f 2856/2856/2856 2821/2821/2821 2822/2822/2822
f 2853/2853/2853 2848/2848/2848 2857/2857/2857
f 2857/2857/2857 2848/2848/2848 2849/2849/2849
f 2858/2858/2858 2850/2850/2850 2853/2853/2853
f 2854/2854/2854 2850/2850/2850 2858/2858/2858
f 2859/2859/2859 2851/2851/2851 2854/2854/2854
f 2855/2855/2855 2851/2851/2851 2859/2859/2859
f 2860/2860/2860 2852/2852/2852 2855/2855/2855
f 2856/2856/2856 2852/2852/2852 2860/2860/2860
f 2856/2856/2856 2861/2861/2861 2821/2821/2821
f 2861/2861/2861 2820/2820/2820 2821/2821/2821
f 2862/2862/2862 2853/2853/2853 2857/2857/2857
f 2858/2858/2858 2853/2853/2853 2862/2862/2862
f 2863/2863/2863 2854/2854/2854 2858/2858/2858
f 2859/2859/2859 2854/2854/2854 2863/2863/2863
f 2864/2864/2864 2855/2855/2855 2859/2859/2859
f 2860/2860/2860 2855/2855/2855 2864/2864/2864
f 2865/2865/2865 2856/2856/2856 2860/2860/2860
f 2861/2861/2861 2856/2856/2856 2865/2865/2865
f 2861/2861/2861 2866/2866/2866 2820/2820/2820
f 2866/2866/2866 2819/2819/2819 2820/2820/2820
f 2867/2867/2867 2858/2858/2858 2862/2862/2862
f 2863/2863/2863 2858/2858/2858 2867/2867/2867
f 2868/2868/2868 2859/2859/2859 2863/2863/2863
f 2864/2864/2864 2859/2859/2859 2868/2868/2868
f 2869/2869/2869 2860/2860/2860 2864/2864/2864
f 2865/2865/2865 2860/2860/2860 2869/2869/2869
f 2870/2870/2870 2861/2861/2861 2865/2865/2865
f 2866/2866/2866 2861/2861/2861 2870/2870/2870
f 2866/2866/2866 2871/2871/2871 2819/2819/2819
f 2871/2871/2871 2818/2818/2818 2819/2819/2819
f 2872/2872/2872 2863/2863/2863 2867/2867/2867
f 2868/2868/2868 2863/2863/2863 2872/2872/2872
f 2873/2873/2873 2864/2864/2864 2868/2868/2868
f 2869/2869/2869 2864/2864/2864 2873/2873/2873
f 2874/2874/2874 2865/2865/2865 2869/2869/2869
f 2870/2870/2870 2865/2865/2865 2874/2874/2874
f 2875/2875/2875 2866/2866/2866 2870/2870/2870
f 2871/2871/2871 2866/2866/2866 2875/2875/2875
f 2871/2871/2871 2876/2876/2876 2818/2818/2818
f 2876/2876/2876 2817/2817/2817 2818/2818/2818
f 2877/2877/2877 2868/2868/2868 2872/2872/2872
f 2873/2873/2873 2868/2868/2868 2877/2877/2877
f 2878/2878/2878 2869/2869/2869 2873/2873/2873
f 2874/2874/2874 2869/2869/2869 2878/2878/2878
f 2879/2879/2879 2870/2870/2870 2874/2874/2874
f 2875/2875/2875 2870/2870/2870 2879/2879/2879
f 2880/2880/2880 2871/2871/2871 2875/2875/2875
f 2876/2876/2876 2871/2871/2871 2880/2880/2880
f 2876/2876/2876 2881/2881/2881 2817/2817/2817
f 2881/2881/2881 2816/2816/2816 2817/2817/2817
f 2882/2882/2882 2873/2873/2873 2877/2877/2877
f 2878/2878/2878 2873/2873/2873 2882/2882/2882
f 2883/2883/2883 2874/2874/2874 2878/2878/2878
f 2879/2879/2879 2874/2874/2874 2883/2883/2883
f 2884/2884/2884 2875/2875/2875 2879/2879/2879
f 2880/2880/2880 2875/2875/2875 2884/2884/2884
f 2885/2885/2885 2876/2876/2876 2880/2880/2880
f 2881/2881/2881 2876/2876/2876 2885/2885/2885
f 2881/2881/2881 2886/2886/2886 2816/2816/2816
f 2886/2886/2886 2823/2823/2823 2816/2816/2816
f 2887/2887/2887 2878/2878/2878 2882/2882/2882
f 2883/2883/2883 2878/2878/2878 2887/2887/2887
f 2888/2888/2888 2879/2879/2879 2883/2883/2883
f 2884/2884/2884 2879/2879/2879 2888/2888/2888
f 2889/2889/2889 2880/2880/2880 2884/2884/2884
f 2885/2885/2885 2880/2880/2880 2889/2889/2889
f 2890/2890/2890 2881/2881/2881 2885/2885/2885
f 2886/2886/2886 2881/2881/2881 2890/2890/2890
f 2886/2886/2886 2891/2891/2891 2823/2823/2823
f 2891/2891/2891 2825/2825/2825 2823/2823/2823
f 2892/2892/2892 2883/2883/2883 2887/2887/2887
f 2888/2888/2888 2883/2883/2883 2892/2892/2892
f 2893/2893/2893 2884/2884/2884 2888/2888/2888
f 2889/2889/2889 2884/2884/2884 2893/2893/2893
f 2894/2894/2894 2885/2885/2885 2889/2889/2889
f 2890/2890/2890 2885/2885/2885 2894/2894/2894
f 2895/2895/2895 2886/2886/2886 2890/2890/2890
f 2891/2891/2891 2886/2886/2886 2895/2895/2895
f 2891/2891/2891 2896/2896/2896 2825/2825/2825
f 2896/2896/2896 2827/2827/2827 2825/2825/2825
f 2896/2896/2896 2834/2834/2834 2827/2827/2827
f 2896/2896/2896 2891/2891/2891 2897/2897/2897
f 2897/2897/2897 2891/2891/2891 2895/2895/2895
f 2895/2895/2895 2890/2890/2890 2898/2898/2898
f 2898/2898/2898 2890/2890/2890 2894/2894/2894
f 2894/2894/2894 2889/2889/2889 2899/2899/2899
f 2899/2899/2899 2889/2889/2889 2893/2893/2893
f 2834/2834/2834 2896/2896/2896 2900/2900/2900
f 2900/2900/2900 2896/2896/2896 2897/2897/2897
f 2897/2897/2897 2895/2895/2895 2901/2901/2901
f 2901/2901/2901 2895/2895/2895 2898/2898/2898
f 2898/2898/2898 2894/2894/2894 2902/2902/2902
f 2902/2902/2902 2894/2894/2894 2899/2899/2899
f 2903/2903/2903 2834/2834/2834 2900/2900/2900
f 2833/2833/2833 2834/2834/2834 2903/2903/2903
f 2900/2900/2900 2897/2897/2897 2904/2904/2904
f 2904/2904/2904 2897/2897/2897 2901/2901/2901
f 2901/2901/2901 2898/2898/2898 2905/2905/2905
f 2905/2905/2905 2898/2898/2898 2902/2902/2902
f 2903/2903/2903 2900/2900/2900 2906/2906/2906
f 2906/2906/2906 2900/2900/2900 2904/2904/2904
f 2904/2904/2904 2901/2901/2901 2907/2907/2907
f 2907/2907/2907 2901/2901/2901 2905/2905/2905
f 2906/2906/2906 2904/2904/2904 2908/2908/2908
f 2908/2908/2908 2904/2904/2904 2907/2907/2907
f 2902/2902/2902 2899/2899/2899 2909/2909/2909
f 2905/2905/2905 2902/2902/2902 2910/2910/2910
f 2910/2910/2910 2902/2902/2902 2909/2909/2909
f 2907/2907/2907 2905/2905/2905 2911/2911/2911
f 2911/2911/2911 2905/2905/2905 2910/2910/2910
f 2908/2908/2908 2907/2907/2907 2912/2912/2912
f 2912/2912/2912 2907/2907/2907 2911/2911/2911
f 2909/2909/2909 2899/2899/2899 2913/2913/2913
f 2899/2899/2899 2893/2893/2893 2913/2913/2913
f 2913/2913/2913 2893/2893/2893 2914/2914/2914
f 2893/2893/2893 2888/2888/2888 2914/2914/2914
f 2914/2914/2914 2888/2888/2888 2892/2892/2892
f 2915/2915/2915 2906/2906/2906 2908/2908/2908
f 2916/2916/2916 2908/2908/2908 2912/2912/2912
f 2915/2915/2915 2908/2908/2908 2916/2916/2916
f 2917/2917/2917 2906/2906/2906 2915/2915/2915
f 2917/2917/2917 2903/2903/2903 2906/2906/2906
f 2918/2918/2918 2903/2903/2903 2917/2917/2917
f 2918/2918/2918 2833/2833/2833 2903/2903/2903
f 2919/2919/2919 2833/2833/2833 2918/2918/2918
f 2833/2833/2833 2919/2919/2919 2832/2832/2832
f 2913/2913/2913 2914/2914/2914 2920/2920/2920
f 2914/2914/2914 2892/2892/2892 2921/2921/2921
f 2920/2920/2920 2914/2914/2914 2921/2921/2921
f 2922/2922/2922 2913/2913/2913 2920/2920/2920
f 2909/2909/2909 2913/2913/2913 2922/2922/2922
f 2921/2921/2921 2892/2892/2892 2923/2923/2923
f 2892/2892/2892 2887/2887/2887 2923/2923/2923
f 2924/2924/2924 2909/2909/2909 2922/2922/2922
f 2910/2910/2910 2909/2909/2909 2924/2924/2924
f 2925/2925/2925 2910/2910/2910 2924/2924/2924
f 2911/2911/2911 2910/2910/2910 2925/2925/2925
f 2924/2924/2924 2922/2922/2922 2926/2926/2926
f 2925/2925/2925 2924/2924/2924 2926/2926/2926
f 2922/2922/2922 2927/2927/2927 2926/2926/2926
f 2922/2922/2922 2920/2920/2920 2927/2927/2927
f 2920/2920/2920 2928/2928/2928 2927/2927/2927
f 2920/2920/2920 2921/2921/2921 2928/2928/2928
f 2921/2921/2921 2929/2929/2929 2928/2928/2928
f 2921/2921/2921 2923/2923/2923 2929/2929/2929
f 2923/2923/2923 2930/2930/2930 2929/2929/2929
f 2931/2931/2931 2925/2925/2925 2926/2926/2926
f 2930/2930/2930 2923/2923/2923 2932/2932/2932
f 2933/2933/2933 2911/2911/2911 2925/2925/2925
f 2933/2933/2933 2925/2925/2925 2931/2931/2931
f 2912/2912/2912 2911/2911/2911 2933/2933/2933
f 2934/2934/2934 2933/2933/2933 2931/2931/2931
f 2935/2935/2935 2912/2912/2912 2933/2933/2933
f 2935/2935/2935 2933/2933/2933 2934/2934/2934
f 2936/2936/2936 2935/2935/2935 2934/2934/2934
f 2916/2916/2916 2912/2912/2912 2935/2935/2935
f 2937/2937/2937 2935/2935/2935 2936/2936/2936
f 2937/2937/2937 2916/2916/2916 2935/2935/2935
f 2938/2938/2938 2937/2937/2937 2936/2936/2936
f 2937/2937/2937 2938/2938/2938 2939/2939/2939
f 2923/2923/2923 2940/2940/2940 2932/2932/2932
f 2923/2923/2923 2887/2887/2887 2940/2940/2940
f 2887/2887/2887 2882/2882/2882 2940/2940/2940
f 2940/2940/2940 2941/2941/2941 2932/2932/2932
f 2940/2940/2940 2882/2882/2882 2941/2941/2941
f 2882/2882/2882 2877/2877/2877 2941/2941/2941
f 2941/2941/2941 2942/2942/2942 2932/2932/2932
f 2941/2941/2941 2877/2877/2877 2943/2943/2943
f 2941/2941/2941 2943/2943/2943 2942/2942/2942
f 2877/2877/2877 2872/2872/2872 2943/2943/2943
f 2943/2943/2943 2872/2872/2872 2944/2944/2944
f 2943/2943/2943 2944/2944/2944 2942/2942/2942
f 2872/2872/2872 2867/2867/2867 2944/2944/2944
f 2944/2944/2944 2945/2945/2945 2942/2942/2942
f 2944/2944/2944 2867/2867/2867 2945/2945/2945
f 2945/2945/2945 2946/2946/2946 2942/2942/2942
f 2867/2867/2867 2862/2862/2862 2945/2945/2945
f 2945/2945/2945 2947/2947/2947 2946/2946/2946
f 2945/2945/2945 2862/2862/2862 2947/2947/2947
f 2947/2947/2947 2948/2948/2948 2946/2946/2946
f 2862/2862/2862 2857/2857/2857 2947/2947/2947
f 2947/2947/2947 2949/2949/2949 2948/2948/2948
f 2947/2947/2947 2857/2857/2857 2949/2949/2949
f 2949/2949/2949 2950/2950/2950 2948/2948/2948
f 2857/2857/2857 2849/2849/2849 2949/2949/2949
f 2949/2949/2949 2951/2951/2951 2950/2950/2950
f 2949/2949/2949 2849/2849/2849 2951/2951/2951
f 2951/2951/2951 2568/2568/2568 2950/2950/2950
f 2849/2849/2849 2577/2577/2577 2951/2951/2951
f 2951/2951/2951 2566/2566/2566 2568/2568/2568
f 2951/2951/2951 2577/2577/2577 2566/2566/2566
f 2954/2954/2954 2953/2953/2953 2952/2952/2952
f 2953/2953/2953 2955/2955/2955 2952/2952/2952
f 2952/2952/2952 2955/2955/2955 2956/2956/2956
f 2957/2957/2957 2955/2955/2955 2953/2953/2953
f 2956/2956/2956 2958/2958/2958 2952/2952/2952
f 2958/2958/2958 2959/2959/2959 2952/2952/2952
f 2959/2959/2959 2960/2960/2960 2952/2952/2952
f 2960/2960/2960 2961/2961/2961 2952/2952/2952
f 2960/2960/2960 2962/2962/2962 2961/2961/2961
f 2962/2962/2962 2963/2963/2963 2961/2961/2961
f 2964/2964/2964 2957/2957/2957 2953/2953/2953
f 2964/2964/2964 2965/2965/2965 2957/2957/2957
f 2965/2965/2965 2966/2966/2966 2957/2957/2957
f 2967/2967/2967 2957/2957/2957 2966/2966/2966
f 2967/2967/2967 2966/2966/2966 2968/2968/2968
f 2968/2968/2968 2969/2969/2969 2967/2967/2967
f 2970/2970/2970 2968/2968/2968 2966/2966/2966
f 2966/2966/2966 2965/2965/2965 2970/2970/2970
f 2967/2967/2967 2969/2969/2969 2971/2971/2971
f 2971/2971/2971 2969/2969/2969 2972/2972/2972
f 2965/2965/2965 2973/2973/2973 2970/2970/2970
f 2970/2970/2970 2973/2973/2973 2974/2974/2974
f 2970/2970/2970 2974/2974/2974 2975/2975/2975
f 2976/2976/2976 2970/2970/2970 2975/2975/2975
f 2969/2969/2969 2976/2976/2976 2975/2975/2975
f 2965/2965/2965 2977/2977/2977 2973/2973/2973
f 2973/2973/2973 2978/2978/2978 2974/2974/2974
f 2973/2973/2973 2977/2977/2977 2978/2978/2978
f 2965/2965/2965 2979/2979/2979 2977/2977/2977
f 2977/2977/2977 2980/2980/2980 2978/2978/2978
f 2977/2977/2977 2979/2979/2979 2980/2980/2980
f 2965/2965/2965 2981/2981/2981 2979/2979/2979
f 2965/2965/2965 2982/2982/2982 2981/2981/2981
f 2982/2982/2982 2983/2983/2983 2981/2981/2981
f 2979/2979/2979 2981/2981/2981 2984/2984/2984
f 2979/2979/2979 2984/2984/2984 2980/2980/2980
f 2983/2983/2983 2985/2985/2985 2981/2981/2981
f 2981/2981/2981 2985/2985/2985 2984/2984/2984
f 2985/2985/2985 2983/2983/2983 2986/2986/2986
f 2987/2987/2987 2985/2985/2985 2986/2986/2986
f 2987/2987/2987 2986/2986/2986 2988/2988/2988
f 2984/2984/2984 2985/2985/2985 2989/2989/2989
f 2985/2985/2985 2987/2987/2987 2989/2989/2989
f 2980/2980/2980 2984/2984/2984 2990/2990/2990
f 2984/2984/2984 2989/2989/2989 2990/2990/2990
f 2978/2978/2978 2980/2980/2980 2991/2991/2991
f 2980/2980/2980 2990/2990/2990 2991/2991/2991
f 2992/2992/2992 2987/2987/2987 2988/2988/2988
f 2992/2992/2992 2988/2988/2988 2993/2993/2993
f 2989/2989/2989 2987/2987/2987 2994/2994/2994
f 2987/2987/2987 2992/2992/2992 2994/2994/2994
f 2990/2990/2990 2989/2989/2989 2995/2995/2995
f 2989/2989/2989 2994/2994/2994 2995/2995/2995
f 2978/2978/2978 2991/2991/2991 2996/2996/2996
f 2974/2974/2974 2978/2978/2978 2996/2996/2996
f 2991/2991/2991 2990/2990/2990 2997/2997/2997
f 2990/2990/2990 2995/2995/2995 2997/2997/2997
f 2996/2996/2996 2991/2991/2991 2998/2998/2998
f 2991/2991/2991 2997/2997/2997 2998/2998/2998
f 2974/2974/2974 2996/2996/2996 2999/2999/2999
f 2975/2975/2975 2974/2974/2974 2999/2999/2999
f 2996/2996/2996 2998/2998/2998 3000/3000/3000
f 2999/2999/2999 2996/2996/2996 3000/3000/3000
f 2994/2994/2994 2992/2992/2992 3001/3001/3001
f 2995/2995/2995 2994/2994/2994 3002/3002/3002
f 2994/2994/2994 3001/3001/3001 3002/3002/3002
f 2997/2997/2997 2995/2995/2995 3003/3003/3003
f 2995/2995/2995 3002/3002/3002 3003/3003/3003
f 2998/2998/2998 2997/2997/2997 3004/3004/3004
f 2997/2997/2997 3003/3003/3003 3004/3004/3004
f 3000/3000/3000 2998/2998/2998 3005/3005/3005
f 2998/2998/2998 3004/3004/3004 3005/3005/3005
f 2992/2992/2992 3006/3006/3006 3001/3001/3001
f 3006/3006/3006 2992/2992/2992 2993/2993/2993
f 3007/3007/3007 3006/3006/3006 2993/2993/2993
f 3008/3008/3008 3007/3007/3007 2993/2993/2993
f 3001/3001/3001 3006/3006/3006 3009/3009/3009
f 3006/3006/3006 3007/3007/3007 3009/3009/3009
f 3002/3002/3002 3001/3001/3001 3010/3010/3010
f 3001/3001/3001 3009/3009/3009 3010/3010/3010
f 3003/3003/3003 3002/3002/3002 3011/3011/3011
f 3002/3002/3002 3010/3010/3010 3011/3011/3011
f 3004/3004/3004 3003/3003/3003 3012/3012/3012
f 3003/3003/3003 3011/3011/3011 3012/3012/3012
f 3013/3013/3013 3007/3007/3007 3008/3008/3008
f 3014/3014/3014 3013/3013/3013 3008/3008/3008
f 3009/3009/3009 3007/3007/3007 3015/3015/3015
f 3007/3007/3007 3013/3013/3013 3015/3015/3015
f 3010/3010/3010 3009/3009/3009 3016/3016/3016
f 3009/3009/3009 3015/3015/3015 3016/3016/3016
f 3011/3011/3011 3010/3010/3010 3017/3017/3017
f 3010/3010/3010 3016/3016/3016 3017/3017/3017
f 3018/3018/3018 3013/3013/3013 3014/3014/3014
f 3019/3019/3019 3018/3018/3018 3014/3014/3014
f 3015/3015/3015 3013/3013/3013 3020/3020/3020
f 3013/3013/3013 3018/3018/3018 3020/3020/3020
f 3016/3016/3016 3015/3015/3015 3021/3021/3021
f 3015/3015/3015 3020/3020/3020 3021/3021/3021
f 3022/3022/3022 3018/3018/3018 3019/3019/3019
f 3023/3023/3023 3022/3022/3022 3019/3019/3019
f 3022/3022/3022 3023/3023/3023 3024/3024/3024
f 3020/3020/3020 3018/3018/3018 3025/3025/3025
f 3018/3018/3018 3022/3022/3022 3025/3025/3025
f 3026/3026/3026 3022/3022/3022 3024/3024/3024
f 3026/3026/3026 3024/3024/3024 3027/3027/3027
f 3017/3017/3017 3016/3016/3016 3028/3028/3028
f 3016/3016/3016 3021/3021/3021 3028/3028/3028
f 3021/3021/3021 3020/3020/3020 3029/3029/3029
f 3020/3020/3020 3025/3025/3025 3029/3029/3029
f 3025/3025/3025 3022/3022/3022 3030/3030/3030
f 3022/3022/3022 3026/3026/3026 3030/3030/3030
f 3031/3031/3031 3026/3026/3026 3027/3027/3027
f 3031/3031/3031 3027/3027/3027 3032/3032/3032
f 3028/3028/3028 3021/3021/3021 3033/3033/3033
f 3021/3021/3021 3029/3029/3029 3033/3033/3033
f 3029/3029/3029 3025/3025/3025 3034/3034/3034
f 3025/3025/3025 3030/3030/3030 3034/3034/3034
f 3030/3030/3030 3026/3026/3026 3035/3035/3035
f 3026/3026/3026 3031/3031/3031 3035/3035/3035
f 3036/3036/3036 3031/3031/3031 3032/3032/3032
f 3036/3036/3036 3032/3032/3032 3037/3037/3037
f 3033/3033/3033 3029/3029/3029 3038/3038/3038
f 3029/3029/3029 3034/3034/3034 3038/3038/3038
f 3034/3034/3034 3030/3030/3030 3039/3039/3039
f 3030/3030/3030 3035/3035/3035 3039/3039/3039
f 3035/3035/3035 3031/3031/3031 3040/3040/3040
f 3031/3031/3031 3036/3036/3036 3040/3040/3040
f 3038/3038/3038 3034/3034/3034 3041/3041/3041
f 3034/3034/3034 3039/3039/3039 3041/3041/3041
f 3039/3039/3039 3035/3035/3035 3042/3042/3042
f 3035/3035/3035 3040/3040/3040 3042/3042/3042
f 3041/3041/3041 3039/3039/3039 3043/3043/3043
f 3039/3039/3039 3042/3042/3042 3043/3043/3043
f 3044/3044/3044 3036/3036/3036 3037/3037/3037
f 3040/3040/3040 3036/3036/3036 3045/3045/3045
f 3036/3036/3036 3044/3044/3044 3045/3045/3045
f 3042/3042/3042 3040/3040/3040 3046/3046/3046
f 3040/3040/3040 3045/3045/3045 3046/3046/3046
f 3047/3047/3047 3044/3044/3044 3037/3037/3037
f 3048/3048/3048 3047/3047/3047 3037/3037/3037
f 3045/3045/3045 3044/3044/3044 3049/3049/3049
f 3044/3044/3044 3047/3047/3047 3049/3049/3049
f 3050/3050/3050 3047/3047/3047 3048/3048/3048
f 3051/3051/3051 3050/3050/3050 3048/3048/3048
f 3043/3043/3043 3042/3042/3042 3052/3052/3052
f 3042/3042/3042 3046/3046/3046 3052/3052/3052
f 3046/3046/3046 3045/3045/3045 3053/3053/3053
f 3045/3045/3045 3049/3049/3049 3053/3053/3053
f 3049/3049/3049 3047/3047/3047 3054/3054/3054
f 3047/3047/3047 3050/3050/3050 3054/3054/3054
f 3055/3055/3055 3050/3050/3050 3051/3051/3051
f 3056/3056/3056 3055/3055/3055 3051/3051/3051
f 3052/3052/3052 3046/3046/3046 3057/3057/3057
f 3046/3046/3046 3053/3053/3053 3057/3057/3057
f 3053/3053/3053 3049/3049/3049 3058/3058/3058
f 3049/3049/3049 3054/3054/3054 3058/3058/3058
f 3054/3054/3054 3050/3050/3050 3059/3059/3059
f 3050/3050/3050 3055/3055/3055 3059/3059/3059
f 3060/3060/3060 3055/3055/3055 3056/3056/3056
f 3061/3061/3061 3060/3060/3060 3056/3056/3056
f 3060/3060/3060 3061/3061/3061 3062/3062/3062
f 3057/3057/3057 3053/3053/3053 3063/3063/3063
f 3053/3053/3053 3058/3058/3058 3063/3063/3063
f 3058/3058/3058 3054/3054/3054 3064/3064/3064
f 3054/3054/3054 3059/3059/3059 3064/3064/3064
f 3059/3059/3059 3055/3055/3055 3065/3065/3065
f 3055/3055/3055 3060/3060/3060 3065/3065/3065
f 3063/3063/3063 3058/3058/3058 3066/3066/3066
f 3058/3058/3058 3064/3064/3064 3066/3066/3066
f 3064/3064/3064 3059/3059/3059 3067/3067/3067
f 3059/3059/3059 3065/3065/3065 3067/3067/3067
f 3066/3066/3066 3064/3064/3064 3068/3068/3068
f 3064/3064/3064 3067/3067/3067 3068/3068/3068
f 3069/3069/3069 3060/3060/3060 3062/3062/3062
f 3065/3065/3065 3060/3060/3060 3070/3070/3070
f 3060/3060/3060 3069/3069/3069 3070/3070/3070
f 3067/3067/3067 3065/3065/3065 3071/3071/3071
f 3065/3065/3065 3070/3070/3070 3071/3071/3071
f 3072/3072/3072 3069/3069/3069 3062/3062/3062
f 3073/3073/3073 3072/3072/3072 3062/3062/3062
f 3070/3070/3070 3069/3069/3069 3074/3074/3074
f 3069/3069/3069 3072/3072/3072 3074/3074/3074
f 3075/3075/3075 3072/3072/3072 3073/3073/3073
f 3076/3076/3076 3075/3075/3075 3073/3073/3073
f 3075/3075/3075 3076/3076/3076 3077/3077/3077
f 3068/3068/3068 3067/3067/3067 3078/3078/3078
f 3067/3067/3067 3071/3071/3071 3078/3078/3078
f 3071/3071/3071 3070/3070/3070 3079/3079/3079
f 3070/3070/3070 3074/3074/3074 3079/3079/3079
f 3074/3074/3074 3072/3072/3072 3080/3080/3080
f 3072/3072/3072 3075/3075/3075 3080/3080/3080
f 3078/3078/3078 3071/3071/3071 3081/3081/3081
f 3071/3071/3071 3079/3079/3079 3081/3081/3081
f 3079/3079/3079 3074/3074/3074 3082/3082/3082
f 3074/3074/3074 3080/3080/3080 3082/3082/3082
f 3081/3081/3081 3079/3079/3079 3083/3083/3083
f 3079/3079/3079 3082/3082/3082 3083/3083/3083
f 3084/3084/3084 3075/3075/3075 3077/3077/3077
f 3080/3080/3080 3075/3075/3075 3085/3085/3085
f 3075/3075/3075 3084/3084/3084 3085/3085/3085
f 3082/3082/3082 3080/3080/3080 3086/3086/3086
f 3080/3080/3080 3085/3085/3085 3086/3086/3086
f 3087/3087/3087 3084/3084/3084 3077/3077/3077
f 3088/3088/3088 3087/3087/3087 3077/3077/3077
f 3085/3085/3085 3084/3084/3084 3089/3089/3089
f 3084/3084/3084 3087/3087/3087 3089/3089/3089
f 3090/3090/3090 3087/3087/3087 3088/3088/3088
f 3091/3091/3091 3090/3090/3090 3088/3088/3088
f 3090/3090/3090 3091/3091/3091 3092/3092/3092
f 3083/3083/3083 3082/3082/3082 3093/3093/3093
f 3082/3082/3082 3086/3086/3086 3093/3093/3093
f 3086/3086/3086 3085/3085/3085 3094/3094/3094
f 3085/3085/3085 3089/3089/3089 3094/3094/3094
f 3089/3089/3089 3087/3087/3087 3095/3095/3095
f 3087/3087/3087 3090/3090/3090 3095/3095/3095
f 3096/3096/3096 3090/3090/3090 3092/3092/3092
f 3096/3096/3096 3092/3092/3092 3097/3097/3097
f 3093/3093/3093 3086/3086/3086 3098/3098/3098
f 3086/3086/3086 3094/3094/3094 3098/3098/3098
f 3094/3094/3094 3089/3089/3089 3099/3099/3099
f 3089/3089/3089 3095/3095/3095 3099/3099/3099
f 3095/3095/3095 3090/3090/3090 3100/3100/3100
f 3090/3090/3090 3096/3096/3096 3100/3100/3100
f 3098/3098/3098 3094/3094/3094 3101/3101/3101
f 3094/3094/3094 3099/3099/3099 3101/3101/3101
f 3099/3099/3099 3095/3095/3095 3102/3102/3102
f 3095/3095/3095 3100/3100/3100 3102/3102/3102
f 3101/3101/3101 3099/3099/3099 3103/3103/3103
f 3099/3099/3099 3102/3102/3102 3103/3103/3103
f 3104/3104/3104 3096/3096/3096 3097/3097/3097
f 3100/3100/3100 3096/3096/3096 3105/3105/3105
f 3096/3096/3096 3104/3104/3104 3105/3105/3105
f 3102/3102/3102 3100/3100/3100 3106/3106/3106
f 3100/3100/3100 3105/3105/3105 3106/3106/3106
f 3107/3107/3107 3104/3104/3104 3097/3097/3097
f 3108/3108/3108 3107/3107/3107 3097/3097/3097
f 3105/3105/3105 3104/3104/3104 3109/3109/3109
f 3104/3104/3104 3107/3107/3107 3109/3109/3109
f 3110/3110/3110 3107/3107/3107 3108/3108/3108
f 3111/3111/3111 3110/3110/3110 3108/3108/3108
f 3103/3103/3103 3102/3102/3102 3112/3112/3112
f 3102/3102/3102 3106/3106/3106 3112/3112/3112
f 3106/3106/3106 3105/3105/3105 3113/3113/3113
f 3105/3105/3105 3109/3109/3109 3113/3113/3113
f 3109/3109/3109 3107/3107/3107 3114/3114/3114
f 3107/3107/3107 3110/3110/3110 3114/3114/3114
f 3115/3115/3115 3110/3110/3110 3111/3111/3111
f 3116/3116/3116 3115/3115/3115 3111/3111/3111
f 3112/3112/3112 3106/3106/3106 3117/3117/3117
f 3106/3106/3106 3113/3113/3113 3117/3117/3117
f 3113/3113/3113 3109/3109/3109 3118/3118/3118
f 3109/3109/3109 3114/3114/3114 3118/3118/3118
f 3114/3114/3114 3110/3110/3110 3119/3119/3119
f 3110/3110/3110 3115/3115/3115 3119/3119/3119
f 3120/3120/3120 3115/3115/3115 3116/3116/3116
f 3121/3121/3121 3120/3120/3120 3116/3116/3116
f 3120/3120/3120 3121/3121/3121 3122/3122/3122
f 3117/3117/3117 3113/3113/3113 3123/3123/3123
f 3113/3113/3113 3118/3118/3118 3123/3123/3123
f 3118/3118/3118 3114/3114/3114 3124/3124/3124
f 3114/3114/3114 3119/3119/3119 3124/3124/3124
f 3119/3119/3119 3115/3115/3115 3125/3125/3125
f 3115/3115/3115 3120/3120/3120 3125/3125/3125
f 3126/3126/3126 3120/3120/3120 3122/3122/3122
f 3126/3126/3126 3122/3122/3122 3127/3127/3127
f 3123/3123/3123 3118/3118/3118 3128/3128/3128
f 3118/3118/3118 3124/3124/3124 3128/3128/3128
f 3124/3124/3124 3119/3119/3119 3129/3129/3129
f 3119/3119/3119 3125/3125/3125 3129/3129/3129
f 3125/3125/3125 3120/3120/3120 3130/3130/3130
f 3120/3120/3120 3126/3126/3126 3130/3130/3130
f 3131/3131/3131 3126/3126/3126 3127/3127/3127
f 3131/3131/3131 3127/3127/3127 3132/3132/3132
f 3128/3128/3128 3124/3124/3124 3133/3133/3133
f 3124/3124/3124 3129/3129/3129 3133/3133/3133
f 3129/3129/3129 3125/3125/3125 3134/3134/3134
f 3125/3125/3125 3130/3130/3130 3134/3134/3134
f 3130/3130/3130 3126/3126/3126 3135/3135/3135
f 3126/3126/3126 3131/3131/3131 3135/3135/3135
f 3136/3136/3136 3131/3131/3131 3132/3132/3132
f 3137/3137/3137 3136/3136/3136 3132/3132/3132
f 3131/3131/3131 3136/3136/3136 3138/3138/3138
f 3135/3135/3135 3131/3131/3131 3138/3138/3138
f 3130/3130/3130 3135/3135/3135 3139/3139/3139
f 3134/3134/3134 3130/3130/3130 3139/3139/3139
f 3129/3129/3129 3134/3134/3134 3140/3140/3140
f 3133/3133/3133 3129/3129/3129 3140/3140/3140
f 3136/3136/3136 3137/3137/3137 3141/3141/3141
f 3138/3138/3138 3136/3136/3136 3141/3141/3141
f 3135/3135/3135 3138/3138/3138 3142/3142/3142
f 3139/3139/3139 3135/3135/3135 3142/3142/3142
f 3134/3134/3134 3139/3139/3139 3143/3143/3143
f 3140/3140/3140 3134/3134/3134 3143/3143/3143
f 3138/3138/3138 3141/3141/3141 3144/3144/3144
f 3142/3142/3142 3138/3138/3138 3144/3144/3144
f 3139/3139/3139 3142/3142/3142 3145/3145/3145
f 3143/3143/3143 3139/3139/3139 3145/3145/3145
f 3142/3142/3142 3144/3144/3144 3146/3146/3146
f 3145/3145/3145 3142/3142/3142 3146/3146/3146
f 3133/3133/3133 3140/3140/3140 3147/3147/3147
f 3140/3140/3140 3143/3143/3143 3148/3148/3148
f 3147/3147/3147 3140/3140/3140 3148/3148/3148
f 3143/3143/3143 3145/3145/3145 3149/3149/3149
f 3148/3148/3148 3143/3143/3143 3149/3149/3149
f 3145/3145/3145 3146/3146/3146 3150/3150/3150
f 3149/3149/3149 3145/3145/3145 3150/3150/3150
f 3151/3151/3151 3133/3133/3133 3147/3147/3147
f 3128/3128/3128 3133/3133/3133 3151/3151/3151
f 3152/3152/3152 3128/3128/3128 3151/3151/3151
f 3123/3123/3123 3128/3128/3128 3152/3152/3152
f 3153/3153/3153 3123/3123/3123 3152/3152/3152
f 3117/3117/3117 3123/3123/3123 3153/3153/3153
f 3154/3154/3154 3117/3117/3117 3153/3153/3153
f 3112/3112/3112 3117/3117/3117 3154/3154/3154
f 3155/3155/3155 3112/3112/3112 3154/3154/3154
f 3103/3103/3103 3112/3112/3112 3155/3155/3155
f 3156/3156/3156 3103/3103/3103 3155/3155/3155
f 3101/3101/3101 3103/3103/3103 3156/3156/3156
f 3157/3157/3157 3101/3101/3101 3156/3156/3156
f 3098/3098/3098 3101/3101/3101 3157/3157/3157
f 3158/3158/3158 3098/3098/3098 3157/3157/3157
f 3093/3093/3093 3098/3098/3098 3158/3158/3158
f 3159/3159/3159 3093/3093/3093 3158/3158/3158
f 3083/3083/3083 3093/3093/3093 3159/3159/3159
f 3160/3160/3160 3083/3083/3083 3159/3159/3159
f 3081/3081/3081 3083/3083/3083 3160/3160/3160
f 3161/3161/3161 3081/3081/3081 3160/3160/3160
f 3078/3078/3078 3081/3081/3081 3161/3161/3161
f 3162/3162/3162 3078/3078/3078 3161/3161/3161
f 3068/3068/3068 3078/3078/3078 3162/3162/3162
f 3163/3163/3163 3068/3068/3068 3162/3162/3162
f 3066/3066/3066 3068/3068/3068 3163/3163/3163
f 3164/3164/3164 3066/3066/3066 3163/3163/3163
f 3063/3063/3063 3066/3066/3066 3164/3164/3164
f 3165/3165/3165 3063/3063/3063 3164/3164/3164
f 3057/3057/3057 3063/3063/3063 3165/3165/3165
f 3166/3166/3166 3057/3057/3057 3165/3165/3165
f 3052/3052/3052 3057/3057/3057 3166/3166/3166
f 3167/3167/3167 3052/3052/3052 3166/3166/3166
f 3043/3043/3043 3052/3052/3052 3167/3167/3167
f 3168/3168/3168 3043/3043/3043 3167/3167/3167
f 3041/3041/3041 3043/3043/3043 3168/3168/3168
f 3169/3169/3169 3041/3041/3041 3168/3168/3168
f 3038/3038/3038 3041/3041/3041 3169/3169/3169
f 3170/3170/3170 3038/3038/3038 3169/3169/3169
f 3033/3033/3033 3038/3038/3038 3170/3170/3170
f 3171/3171/3171 3033/3033/3033 3170/3170/3170
f 3028/3028/3028 3033/3033/3033 3171/3171/3171
f 3172/3172/3172 3028/3028/3028 3171/3171/3171
f 3017/3017/3017 3028/3028/3028 3172/3172/3172
f 3173/3173/3173 3017/3017/3017 3172/3172/3172
f 3011/3011/3011 3017/3017/3017 3173/3173/3173
f 3012/3012/3012 3011/3011/3011 3173/3173/3173
f 3168/3168/3168 3167/3167/3167 3174/3174/3174
f 3169/3169/3169 3168/3168/3168 3175/3175/3175
f 3175/3175/3175 3168/3168/3168 3174/3174/3174
f 3170/3170/3170 3169/3169/3169 3176/3176/3176
f 3176/3176/3176 3169/3169/3169 3175/3175/3175
f 3171/3171/3171 3170/3170/3170 3177/3177/3177
f 3177/3177/3177 3170/3170/3170 3176/3176/3176
f 3172/3172/3172 3171/3171/3171 3178/3178/3178
f 3178/3178/3178 3171/3171/3171 3177/3177/3177
f 3173/3173/3173 3172/3172/3172 3179/3179/3179
f 3179/3179/3179 3172/3172/3172 3178/3178/3178
f 3012/3012/3012 3173/3173/3173 3180/3180/3180
f 3180/3180/3180 3173/3173/3173 3179/3179/3179
f 3181/3181/3181 3178/3178/3178 3177/3177/3177
f 3178/3178/3178 3181/3181/3181 3179/3179/3179
f 3174/3174/3174 3167/3167/3167 3182/3182/3182
f 3167/3167/3167 3166/3166/3166 3182/3182/3182
f 3183/3183/3183 3177/3177/3177 3176/3176/3176
f 3183/3183/3183 3181/3181/3181 3177/3177/3177
f 3184/3184/3184 3012/3012/3012 3180/3180/3180
f 3004/3004/3004 3012/3012/3012 3184/3184/3184
f 3005/3005/3005 3004/3004/3004 3184/3184/3184
f 3182/3182/3182 3166/3166/3166 3185/3185/3185
f 3166/3166/3166 3165/3165/3165 3185/3185/3185
f 3185/3185/3185 3165/3165/3165 3186/3186/3186
f 3165/3165/3165 3164/3164/3164 3186/3186/3186
f 3186/3186/3186 3164/3164/3164 3187/3187/3187
f 3164/3164/3164 3163/3163/3163 3187/3187/3187
f 3187/3187/3187 3163/3163/3163 3188/3188/3188
f 3163/3163/3163 3162/3162/3162 3188/3188/3188
f 3188/3188/3188 3162/3162/3162 3189/3189/3189
f 3162/3162/3162 3161/3161/3161 3189/3189/3189
f 3189/3189/3189 3161/3161/3161 3190/3190/3190
f 3161/3161/3161 3160/3160/3160 3190/3190/3190
f 3190/3190/3190 3160/3160/3160 3191/3191/3191
f 3160/3160/3160 3159/3159/3159 3191/3191/3191
f 3191/3191/3191 3159/3159/3159 3192/3192/3192
f 3159/3159/3159 3158/3158/3158 3192/3192/3192
f 3192/3192/3192 3158/3158/3158 3193/3193/3193
f 3158/3158/3158 3157/3157/3157 3193/3193/3193
f 3193/3193/3193 3157/3157/3157 3194/3194/3194
f 3157/3157/3157 3156/3156/3156 3194/3194/3194
f 3194/3194/3194 3156/3156/3156 3195/3195/3195
f 3156/3156/3156 3155/3155/3155 3195/3195/3195
f 3195/3195/3195 3155/3155/3155 3196/3196/3196
f 3155/3155/3155 3154/3154/3154 3196/3196/3196
f 3196/3196/3196 3154/3154/3154 3197/3197/3197
f 3154/3154/3154 3153/3153/3153 3197/3197/3197
f 3197/3197/3197 3153/3153/3153 3198/3198/3198
f 3153/3153/3153 3152/3152/3152 3198/3198/3198
f 3198/3198/3198 3152/3152/3152 3199/3199/3199
f 3152/3152/3152 3151/3151/3151 3199/3199/3199
f 3199/3199/3199 3151/3151/3151 3200/3200/3200
f 3151/3151/3151 3147/3147/3147 3200/3200/3200
f 3200/3200/3200 3147/3147/3147 3201/3201/3201
f 3147/3147/3147 3148/3148/3148 3201/3201/3201
f 3201/3201/3201 3148/3148/3148 3202/3202/3202
f 3148/3148/3148 3149/3149/3149 3202/3202/3202
f 3202/3202/3202 3149/3149/3149 3203/3203/3203
f 3149/3149/3149 3150/3150/3150 3203/3203/3203
f 3204/3204/3204 3196/3196/3196 3197/3197/3197
f 3205/3205/3205 3197/3197/3197 3198/3198/3198
f 3205/3205/3205 3204/3204/3204 3197/3197/3197
f 3206/3206/3206 3198/3198/3198 3199/3199/3199
f 3206/3206/3206 3205/3205/3205 3198/3198/3198
f 3207/3207/3207 3199/3199/3199 3200/3200/3200
f 3207/3207/3207 3206/3206/3206 3199/3199/3199
f 3208/3208/3208 3200/3200/3200 3201/3201/3201
f 3208/3208/3208 3207/3207/3207 3200/3200/3200
f 3209/3209/3209 3201/3201/3201 3202/3202/3202
f 3209/3209/3209 3208/3208/3208 3201/3201/3201
f 3210/3210/3210 3202/3202/3202 3203/3203/3203
f 3210/3210/3210 3209/3209/3209 3202/3202/3202
f 3204/3204/3204 3211/3211/3211 3196/3196/3196
f 3211/3211/3211 3195/3195/3195 3196/3196/3196
f 3211/3211/3211 3212/3212/3212 3195/3195/3195
f 3212/3212/3212 3194/3194/3194 3195/3195/3195
f 3212/3212/3212 3213/3213/3213 3194/3194/3194
f 3213/3213/3213 3193/3193/3193 3194/3194/3194
f 3213/3213/3213 3214/3214/3214 3193/3193/3193
f 3214/3214/3214 3192/3192/3192 3193/3193/3193
f 3214/3214/3214 3215/3215/3215 3192/3192/3192
f 3215/3215/3215 3191/3191/3191 3192/3192/3192
f 3215/3215/3215 3216/3216/3216 3191/3191/3191
f 3216/3216/3216 3190/3190/3190 3191/3191/3191
f 3216/3216/3216 3217/3217/3217 3190/3190/3190
f 3217/3217/3217 3189/3189/3189 3190/3190/3190
f 3217/3217/3217 3218/3218/3218 3189/3189/3189
f 3218/3218/3218 3188/3188/3188 3189/3189/3189
f 3218/3218/3218 3219/3219/3219 3188/3188/3188
f 3219/3219/3219 3187/3187/3187 3188/3188/3188
f 3219/3219/3219 3220/3220/3220 3187/3187/3187
f 3220/3220/3220 3186/3186/3186 3187/3187/3187
f 3220/3220/3220 3221/3221/3221 3186/3186/3186
f 3221/3221/3221 3185/3185/3185 3186/3186/3186
f 3221/3221/3221 3222/3222/3222 3185/3185/3185
f 3222/3222/3222 3182/3182/3182 3185/3185/3185
f 3222/3222/3222 3223/3223/3223 3182/3182/3182
f 3223/3223/3223 3174/3174/3174 3182/3182/3182
f 3223/3223/3223 3224/3224/3224 3174/3174/3174
f 3224/3224/3224 3175/3175/3175 3174/3174/3174
f 3175/3175/3175 3224/3224/3224 3176/3176/3176
f 3224/3224/3224 3225/3225/3225 3176/3176/3176
f 3225/3225/3225 3183/3183/3183 3176/3176/3176
f 3220/3220/3220 3219/3219/3219 3226/3226/3226
f 3221/3221/3221 3220/3220/3220 3227/3227/3227
f 3227/3227/3227 3220/3220/3220 3226/3226/3226
f 3222/3222/3222 3221/3221/3221 3228/3228/3228
f 3228/3228/3228 3221/3221/3221 3227/3227/3227
f 3223/3223/3223 3222/3222/3222 3229/3229/3229
f 3229/3229/3229 3222/3222/3222 3228/3228/3228
f 3224/3224/3224 3223/3223/3223 3230/3230/3230
f 3230/3230/3230 3223/3223/3223 3229/3229/3229
f 3225/3225/3225 3224/3224/3224 3231/3231/3231
f 3231/3231/3231 3224/3224/3224 3230/3230/3230
f 3183/3183/3183 3225/3225/3225 3232/3232/3232
f 3232/3232/3232 3225/3225/3225 3231/3231/3231
f 3226/3226/3226 3219/3219/3219 3233/3233/3233
f 3219/3219/3219 3218/3218/3218 3233/3233/3233
f 3234/3234/3234 3183/3183/3183 3232/3232/3232
f 3181/3181/3181 3183/3183/3183 3234/3234/3234
f 3233/3233/3233 3218/3218/3218 3235/3235/3235
f 3218/3218/3218 3217/3217/3217 3235/3235/3235
f 3235/3235/3235 3217/3217/3217 3236/3236/3236
f 3217/3217/3217 3216/3216/3216 3236/3236/3236
f 3236/3236/3236 3216/3216/3216 3237/3237/3237
f 3216/3216/3216 3215/3215/3215 3237/3237/3237
f 3237/3237/3237 3215/3215/3215 3238/3238/3238
f 3215/3215/3215 3214/3214/3214 3238/3238/3238
f 3238/3238/3238 3214/3214/3214 3239/3239/3239
f 3214/3214/3214 3213/3213/3213 3239/3239/3239
f 3239/3239/3239 3213/3213/3213 3240/3240/3240
f 3213/3213/3213 3212/3212/3212 3240/3240/3240
f 3240/3240/3240 3212/3212/3212 3241/3241/3241
f 3212/3212/3212 3211/3211/3211 3241/3241/3241
f 3241/3241/3241 3211/3211/3211 3242/3242/3242
f 3211/3211/3211 3204/3204/3204 3242/3242/3242
f 3242/3242/3242 3204/3204/3204 3243/3243/3243
f 3204/3204/3204 3205/3205/3205 3243/3243/3243
f 3243/3243/3243 3205/3205/3205 3244/3244/3244
f 3205/3205/3205 3206/3206/3206 3244/3244/3244
f 3244/3244/3244 3206/3206/3206 3245/3245/3245
f 3206/3206/3206 3207/3207/3207 3245/3245/3245
f 3245/3245/3245 3207/3207/3207 3246/3246/3246
f 3207/3207/3207 3208/3208/3208 3246/3246/3246
f 3246/3246/3246 3208/3208/3208 3247/3247/3247
f 3208/3208/3208 3209/3209/3209 3247/3247/3247
f 3247/3247/3247 3209/3209/3209 3248/3248/3248
f 3209/3209/3209 3210/3210/3210 3248/3248/3248
f 3241/3241/3241 3242/3242/3242 3249/3249/3249
f 3242/3242/3242 3243/3243/3243 3250/3250/3250
f 3249/3249/3249 3242/3242/3242 3250/3250/3250
f 3243/3243/3243 3244/3244/3244 3251/3251/3251
f 3250/3250/3250 3243/3243/3243 3251/3251/3251
f 3244/3244/3244 3245/3245/3245 3252/3252/3252
f 3251/3251/3251 3244/3244/3244 3252/3252/3252
f 3245/3245/3245 3246/3246/3246 3253/3253/3253
f 3252/3252/3252 3245/3245/3245 3253/3253/3253
f 3246/3246/3246 3247/3247/3247 3254/3254/3254
f 3253/3253/3253 3246/3246/3246 3254/3254/3254
f 3247/3247/3247 3248/3248/3248 3255/3255/3255
f 3254/3254/3254 3247/3247/3247 3255/3255/3255
f 3256/3256/3256 3241/3241/3241 3249/3249/3249
f 3240/3240/3240 3241/3241/3241 3256/3256/3256
f 3257/3257/3257 3240/3240/3240 3256/3256/3256
f 3239/3239/3239 3240/3240/3240 3257/3257/3257
f 3258/3258/3258 3239/3239/3239 3257/3257/3257
f 3238/3238/3238 3239/3239/3239 3258/3258/3258
f 3259/3259/3259 3238/3238/3238 3258/3258/3258
f 3237/3237/3237 3238/3238/3238 3259/3259/3259
f 3260/3260/3260 3237/3237/3237 3259/3259/3259
f 3236/3236/3236 3237/3237/3237 3260/3260/3260
f 3261/3261/3261 3236/3236/3236 3260/3260/3260
f 3235/3235/3235 3236/3236/3236 3261/3261/3261
f 3262/3262/3262 3235/3235/3235 3261/3261/3261
f 3233/3233/3233 3235/3235/3235 3262/3262/3262
f 3263/3263/3263 3233/3233/3233 3262/3262/3262
f 3226/3226/3226 3233/3233/3233 3263/3263/3263
f 3264/3264/3264 3226/3226/3226 3263/3263/3263
f 3227/3227/3227 3226/3226/3226 3264/3264/3264
f 3265/3265/3265 3227/3227/3227 3264/3264/3264
f 3228/3228/3228 3227/3227/3227 3265/3265/3265
f 3266/3266/3266 3228/3228/3228 3265/3265/3265
f 3229/3229/3229 3228/3228/3228 3266/3266/3266
f 3267/3267/3267 3229/3229/3229 3266/3266/3266
f 3230/3230/3230 3229/3229/3229 3267/3267/3267
f 3268/3268/3268 3230/3230/3230 3267/3267/3267
f 3231/3231/3231 3230/3230/3230 3268/3268/3268
f 3269/3269/3269 3231/3231/3231 3268/3268/3268
f 3232/3232/3232 3231/3231/3231 3269/3269/3269
f 3270/3270/3270 3232/3232/3232 3269/3269/3269
f 3234/3234/3234 3232/3232/3232 3270/3270/3270
f 3264/3264/3264 3263/3263/3263 3271/3271/3271
f 3265/3265/3265 3264/3264/3264 3272/3272/3272
f 3272/3272/3272 3264/3264/3264 3271/3271/3271
f 3266/3266/3266 3265/3265/3265 3273/3273/3273
f 3273/3273/3273 3265/3265/3265 3272/3272/3272
f 3267/3267/3267 3266/3266/3266 3274/3274/3274
f 3274/3274/3274 3266/3266/3266 3273/3273/3273
f 3268/3268/3268 3267/3267/3267 3275/3275/3275
f 3275/3275/3275 3267/3267/3267 3274/3274/3274
f 3269/3269/3269 3268/3268/3268 3276/3276/3276
f 3276/3276/3276 3268/3268/3268 3275/3275/3275
f 3270/3270/3270 3269/3269/3269 3277/3277/3277
f 3277/3277/3277 3269/3269/3269 3276/3276/3276
f 3271/3271/3271 3263/3263/3263 3278/3278/3278
f 3263/3263/3263 3262/3262/3262 3278/3278/3278
f 3278/3278/3278 3262/3262/3262 3279/3279/3279
f 3262/3262/3262 3261/3261/3261 3279/3279/3279
f 3279/3279/3279 3261/3261/3261 3280/3280/3280
f 3261/3261/3261 3260/3260/3260 3280/3280/3280
f 3280/3280/3280 3260/3260/3260 3281/3281/3281
f 3260/3260/3260 3259/3259/3259 3281/3281/3281
f 3281/3281/3281 3259/3259/3259 3282/3282/3282
f 3259/3259/3259 3258/3258/3258 3282/3282/3282
f 3282/3282/3282 3258/3258/3258 3283/3283/3283
f 3258/3258/3258 3257/3257/3257 3283/3283/3283
f 3283/3283/3283 3257/3257/3257 3284/3284/3284
f 3257/3257/3257 3256/3256/3256 3284/3284/3284
f 3284/3284/3284 3256/3256/3256 3285/3285/3285
f 3256/3256/3256 3249/3249/3249 3285/3285/3285
f 3285/3285/3285 3249/3249/3249 3286/3286/3286
f 3249/3249/3249 3250/3250/3250 3286/3286/3286
f 3286/3286/3286 3250/3250/3250 3287/3287/3287
f 3250/3250/3250 3251/3251/3251 3287/3287/3287
f 3287/3287/3287 3251/3251/3251 3288/3288/3288
f 3251/3251/3251 3252/3252/3252 3288/3288/3288
f 3288/3288/3288 3252/3252/3252 3289/3289/3289
f 3252/3252/3252 3253/3253/3253 3289/3289/3289
f 3289/3289/3289 3253/3253/3253 3290/3290/3290
f 3253/3253/3253 3254/3254/3254 3290/3290/3290
f 3290/3290/3290 3254/3254/3254 3291/3291/3291
f 3254/3254/3254 3255/3255/3255 3291/3291/3291
f 3284/3284/3284 3285/3285/3285 3292/3292/3292
f 3285/3285/3285 3286/3286/3286 3293/3293/3293
f 3292/3292/3292 3285/3285/3285 3293/3293/3293
f 3286/3286/3286 3287/3287/3287 3294/3294/3294
f 3293/3293/3293 3286/3286/3286 3294/3294/3294
f 3287/3287/3287 3288/3288/3288 3295/3295/3295
f 3294/3294/3294 3287/3287/3287 3295/3295/3295
f 3288/3288/3288 3289/3289/3289 3296/3296/3296
f 3295/3295/3295 3288/3288/3288 3296/3296/3296
f 3289/3289/3289 3290/3290/3290 3297/3297/3297
f 3296/3296/3296 3289/3289/3289 3297/3297/3297
f 3290/3290/3290 3291/3291/3291 3298/3298/3298
f 3297/3297/3297 3290/3290/3290 3298/3298/3298
f 3299/3299/3299 3284/3284/3284 3292/3292/3292
f 3283/3283/3283 3284/3284/3284 3299/3299/3299
f 3300/3300/3300 3283/3283/3283 3299/3299/3299
f 3282/3282/3282 3283/3283/3283 3300/3300/3300
f 3301/3301/3301 3282/3282/3282 3300/3300/3300
f 3281/3281/3281 3282/3282/3282 3301/3301/3301
f 3302/3302/3302 3281/3281/3281 3301/3301/3301
f 3280/3280/3280 3281/3281/3281 3302/3302/3302
f 3303/3303/3303 3280/3280/3280 3302/3302/3302
f 3279/3279/3279 3280/3280/3280 3303/3303/3303
f 3304/3304/3304 3279/3279/3279 3303/3303/3303
f 3278/3278/3278 3279/3279/3279 3304/3304/3304
f 3305/3305/3305 3278/3278/3278 3304/3304/3304
f 3271/3271/3271 3278/3278/3278 3305/3305/3305
f 3306/3306/3306 3271/3271/3271 3305/3305/3305
f 3272/3272/3272 3271/3271/3271 3306/3306/3306
f 3307/3307/3307 3272/3272/3272 3306/3306/3306
f 3273/3273/3273 3272/3272/3272 3307/3307/3307
f 3308/3308/3308 3273/3273/3273 3307/3307/3307
f 3274/3274/3274 3273/3273/3273 3308/3308/3308
f 3309/3309/3309 3274/3274/3274 3308/3308/3308
f 3275/3275/3275 3274/3274/3274 3309/3309/3309
f 3310/3310/3310 3275/3275/3275 3309/3309/3309
f 3276/3276/3276 3275/3275/3275 3310/3310/3310
f 3311/3311/3311 3276/3276/3276 3310/3310/3310
f 3277/3277/3277 3276/3276/3276 3311/3311/3311
f 3305/3305/3305 3304/3304/3304 3312/3312/3312
f 3306/3306/3306 3305/3305/3305 3313/3313/3313
f 3313/3313/3313 3305/3305/3305 3312/3312/3312
f 3307/3307/3307 3306/3306/3306 3314/3314/3314
f 3314/3314/3314 3306/3306/3306 3313/3313/3313
f 3308/3308/3308 3307/3307/3307 3315/3315/3315
f 3315/3315/3315 3307/3307/3307 3314/3314/3314
f 3309/3309/3309 3308/3308/3308 3316/3316/3316
f 3316/3316/3316 3308/3308/3308 3315/3315/3315
f 3310/3310/3310 3309/3309/3309 3317/3317/3317
f 3317/3317/3317 3309/3309/3309 3316/3316/3316
f 3314/3314/3314 3313/3313/3313 3318/3318/3318
f 3315/3315/3315 3314/3314/3314 3318/3318/3318
f 3313/3313/3313 3319/3319/3319 3318/3318/3318
f 3313/3313/3313 3312/3312/3312 3319/3319/3319
f 3320/3320/3320 3315/3315/3315 3318/3318/3318
f 3315/3315/3315 3320/3320/3320 3321/3321/3321
f 3316/3316/3316 3315/3315/3315 3321/3321/3321
f 3316/3316/3316 3321/3321/3321 3322/3322/3322
f 3317/3317/3317 3316/3316/3316 3322/3322/3322
f 3312/3312/3312 3323/3323/3323 3319/3319/3319
f 3317/3317/3317 3322/3322/3322 3324/3324/3324
f 3323/3323/3323 3312/3312/3312 3325/3325/3325
f 3326/3326/3326 3310/3310/3310 3317/3317/3317
f 3326/3326/3326 3317/3317/3317 3324/3324/3324
f 3311/3311/3311 3310/3310/3310 3326/3326/3326
f 3326/3326/3326 3324/3324/3324 3327/3327/3327
f 3312/3312/3312 3328/3328/3328 3325/3325/3325
f 3312/3312/3312 3304/3304/3304 3328/3328/3328
f 3304/3304/3304 3303/3303/3303 3328/3328/3328
f 3328/3328/3328 3329/3329/3329 3325/3325/3325
f 3328/3328/3328 3303/3303/3303 3329/3329/3329
f 3329/3329/3329 3330/3330/3330 3325/3325/3325
f 3303/3303/3303 3302/3302/3302 3329/3329/3329
f 3329/3329/3329 3331/3331/3331 3330/3330/3330
f 3329/3329/3329 3302/3302/3302 3331/3331/3331
f 3331/3331/3331 3332/3332/3332 3330/3330/3330
f 3302/3302/3302 3301/3301/3301 3331/3331/3331
f 3332/3332/3332 3331/3331/3331 3333/3333/3333
f 3331/3331/3331 3301/3301/3301 3334/3334/3334
f 3331/3331/3331 3334/3334/3334 3333/3333/3333
f 3301/3301/3301 3300/3300/3300 3334/3334/3334
f 3333/3333/3333 3334/3334/3334 3335/3335/3335
f 3334/3334/3334 3300/3300/3300 3336/3336/3336
f 3334/3334/3334 3336/3336/3336 3335/3335/3335
f 3300/3300/3300 3299/3299/3299 3336/3336/3336
f 3336/3336/3336 3337/3337/3337 3335/3335/3335
f 3336/3336/3336 3299/3299/3299 3337/3337/3337
f 3337/3337/3337 3338/3338/3338 3335/3335/3335
f 3299/3299/3299 3292/3292/3292 3337/3337/3337
f 3337/3337/3337 3339/3339/3339 3338/3338/3338
f 3337/3337/3337 3292/3292/3292 3339/3339/3339
f 3339/3339/3339 3340/3340/3340 3338/3338/3338
f 3292/3292/3292 3293/3293/3293 3339/3339/3339
f 3339/3339/3339 3341/3341/3341 3340/3340/3340
f 3339/3339/3339 3293/3293/3293 3341/3341/3341
f 3341/3341/3341 3342/3342/3342 3340/3340/3340
f 3293/3293/3293 3294/3294/3294 3341/3341/3341
f 3341/3341/3341 3343/3343/3343 3342/3342/3342
f 3341/3341/3341 3294/3294/3294 3343/3343/3343
f 3343/3343/3343 3344/3344/3344 3342/3342/3342
f 3294/3294/3294 3295/3295/3295 3343/3343/3343
f 3344/3344/3344 3343/3343/3343 3345/3345/3345
f 3343/3343/3343 3295/3295/3295 3346/3346/3346
f 3343/3343/3343 3346/3346/3346 3345/3345/3345
f 3295/3295/3295 3296/3296/3296 3346/3346/3346
f 3345/3345/3345 3346/3346/3346 3347/3347/3347
f 3346/3346/3346 3296/3296/3296 3348/3348/3348
f 3346/3346/3346 3348/3348/3348 3347/3347/3347
f 3347/3347/3347 3348/3348/3348 3349/3349/3349
f 3296/3296/3296 3297/3297/3297 3348/3348/3348
f 3348/3348/3348 3350/3350/3350 3349/3349/3349
f 3348/3348/3348 3297/3297/3297 3350/3350/3350
f 3297/3297/3297 3298/3298/3298 3350/3350/3350
f 3350/3350/3350 3298/3298/3298 3351/3351/3351
f 3350/3350/3350 3351/3351/3351 3352/3352/3352
f 3298/3298/3298 3353/3353/3353 3351/3351/3351
f 3298/3298/3298 3291/3291/3291 3353/3353/3353
f 3351/3351/3351 3354/3354/3354 3352/3352/3352
f 3351/3351/3351 3353/3353/3353 3354/3354/3354
f 3354/3354/3354 3355/3355/3355 3352/3352/3352
f 3291/3291/3291 3356/3356/3356 3353/3353/3353
f 3291/3291/3291 3255/3255/3255 3356/3356/3356
f 3354/3354/3354 3357/3357/3357 3355/3355/3355
f 3357/3357/3357 3358/3358/3358 3355/3355/3355
f 3353/3353/3353 3359/3359/3359 3354/3354/3354
f 3353/3353/3353 3356/3356/3356 3359/3359/3359
f 3354/3354/3354 3359/3359/3359 3357/3357/3357
f 3255/3255/3255 3360/3360/3360 3356/3356/3356
f 3255/3255/3255 3248/3248/3248 3360/3360/3360
f 3357/3357/3357 3361/3361/3361 3358/3358/3358
f 3361/3361/3361 3362/3362/3362 3358/3358/3358
f 3359/3359/3359 3363/3363/3363 3357/3357/3357
f 3357/3357/3357 3363/3363/3363 3361/3361/3361
f 3356/3356/3356 3364/3364/3364 3359/3359/3359
f 3356/3356/3356 3360/3360/3360 3364/3364/3364
f 3359/3359/3359 3364/3364/3364 3363/3363/3363
f 3248/3248/3248 3365/3365/3365 3360/3360/3360
f 3248/3248/3248 3210/3210/3210 3365/3365/3365
f 3361/3361/3361 3366/3366/3366 3362/3362/3362
f 3366/3366/3366 3367/3367/3367 3362/3362/3362
f 3367/3367/3367 3366/3366/3366 3368/3368/3368
f 3363/3363/3363 3369/3369/3369 3361/3361/3361
f 3361/3361/3361 3369/3369/3369 3366/3366/3366
f 3364/3364/3364 3370/3370/3370 3363/3363/3363
f 3363/3363/3363 3370/3370/3370 3369/3369/3369
f 3360/3360/3360 3371/3371/3371 3364/3364/3364
f 3360/3360/3360 3365/3365/3365 3371/3371/3371
f 3364/3364/3364 3371/3371/3371 3370/3370/3370
f 3210/3210/3210 3372/3372/3372 3365/3365/3365
f 3372/3372/3372 3210/3210/3210 3203/3203/3203
f 3366/3366/3366 3373/3373/3373 3368/3368/3368
f 3368/3368/3368 3373/3373/3373 3374/3374/3374
f 3369/3369/3369 3375/3375/3375 3366/3366/3366
f 3366/3366/3366 3375/3375/3375 3373/3373/3373
f 3370/3370/3370 3376/3376/3376 3369/3369/3369
f 3369/3369/3369 3376/3376/3376 3375/3375/3375
f 3371/3371/3371 3377/3377/3377 3370/3370/3370
f 3370/3370/3370 3377/3377/3377 3376/3376/3376
f 3365/3365/3365 3378/3378/3378 3371/3371/3371
f 3365/3365/3365 3372/3372/3372 3378/3378/3378
f 3371/3371/3371 3378/3378/3378 3377/3377/3377
f 3372/3372/3372 3203/3203/3203 3379/3379/3379
f 3203/3203/3203 3150/3150/3150 3379/3379/3379
f 3373/3373/3373 3380/3380/3380 3374/3374/3374
f 3374/3374/3374 3380/3380/3380 3381/3381/3381
f 3375/3375/3375 3382/3382/3382 3373/3373/3373
f 3373/3373/3373 3382/3382/3382 3380/3380/3380
f 3376/3376/3376 3383/3383/3383 3375/3375/3375
f 3375/3375/3375 3383/3383/3383 3382/3382/3382
f 3377/3377/3377 3384/3384/3384 3376/3376/3376
f 3376/3376/3376 3384/3384/3384 3383/3383/3383
f 3378/3378/3378 3385/3385/3385 3377/3377/3377
f 3377/3377/3377 3385/3385/3385 3384/3384/3384
f 3372/3372/3372 3386/3386/3386 3378/3378/3378
f 3378/3378/3378 3386/3386/3386 3385/3385/3385
f 3386/3386/3386 3372/3372/3372 3379/3379/3379
f 3380/3380/3380 3387/3387/3387 3381/3381/3381
f 3382/3382/3382 3388/3388/3388 3380/3380/3380
f 3380/3380/3380 3388/3388/3388 3387/3387/3387
f 3383/3383/3383 3389/3389/3389 3382/3382/3382
f 3382/3382/3382 3389/3389/3389 3388/3388/3388
f 3384/3384/3384 3390/3390/3390 3383/3383/3383
f 3383/3383/3383 3390/3390/3390 3389/3389/3389
f 3385/3385/3385 3391/3391/3391 3384/3384/3384
f 3384/3384/3384 3391/3391/3391 3390/3390/3390
f 3386/3386/3386 3392/3392/3392 3385/3385/3385
f 3385/3385/3385 3392/3392/3392 3391/3391/3391
f 3386/3386/3386 3379/3379/3379 3393/3393/3393
f 3392/3392/3392 3386/3386/3386 3393/3393/3393
f 3387/3387/3387 3394/3394/3394 3381/3381/3381
f 3394/3394/3394 3395/3395/3395 3381/3381/3381
f 3388/3388/3388 3396/3396/3396 3387/3387/3387
f 3387/3387/3387 3396/3396/3396 3394/3394/3394
f 3389/3389/3389 3397/3397/3397 3388/3388/3388
f 3388/3388/3388 3397/3397/3397 3396/3396/3396
f 3390/3390/3390 3398/3398/3398 3389/3389/3389
f 3389/3389/3389 3398/3398/3398 3397/3397/3397
f 3391/3391/3391 3399/3399/3399 3390/3390/3390
f 3390/3390/3390 3399/3399/3399 3398/3398/3398
f 3392/3392/3392 3400/3400/3400 3391/3391/3391
f 3391/3391/3391 3400/3400/3400 3399/3399/3399
f 3394/3394/3394 3401/3401/3401 3395/3395/3395
f 3401/3401/3401 3402/3402/3402 3395/3395/3395
f 3396/3396/3396 3403/3403/3403 3394/3394/3394
f 3394/3394/3394 3403/3403/3403 3401/3401/3401
f 3397/3397/3397 3404/3404/3404 3396/3396/3396
f 3396/3396/3396 3404/3404/3404 3403/3403/3403
f 3398/3398/3398 3405/3405/3405 3397/3397/3397
f 3397/3397/3397 3405/3405/3405 3404/3404/3404
f 3399/3399/3399 3406/3406/3406 3398/3398/3398
f 3398/3398/3398 3406/3406/3406 3405/3405/3405
f 3401/3401/3401 3407/3407/3407 3402/3402/3402
f 3407/3407/3407 3408/3408/3408 3402/3402/3402
f 3403/3403/3403 3409/3409/3409 3401/3401/3401
f 3401/3401/3401 3409/3409/3409 3407/3407/3407
f 3404/3404/3404 3410/3410/3410 3403/3403/3403
f 3403/3403/3403 3410/3410/3410 3409/3409/3409
f 3405/3405/3405 3411/3411/3411 3404/3404/3404
f 3404/3404/3404 3411/3411/3411 3410/3410/3410
f 3407/3407/3407 3412/3412/3412 3408/3408/3408
f 3412/3412/3412 3413/3413/3413 3408/3408/3408
f 3409/3409/3409 3414/3414/3414 3407/3407/3407
f 3407/3407/3407 3414/3414/3414 3412/3412/3412
f 3410/3410/3410 3415/3415/3415 3409/3409/3409
f 3409/3409/3409 3415/3415/3415 3414/3414/3414
f 3412/3412/3412 3416/3416/3416 3413/3413/3413
f 3416/3416/3416 3417/3417/3417 3413/3413/3413
f 3417/3417/3417 3416/3416/3416 3418/3418/3418
f 3414/3414/3414 3419/3419/3419 3412/3412/3412
f 3412/3412/3412 3419/3419/3419 3416/3416/3416
f 3405/3405/3405 3420/3420/3420 3411/3411/3411
f 3406/3406/3406 3420/3420/3420 3405/3405/3405
f 3411/3411/3411 3421/3421/3421 3410/3410/3410
f 3410/3410/3410 3421/3421/3421 3415/3415/3415
f 3415/3415/3415 3422/3422/3422 3414/3414/3414
f 3414/3414/3414 3422/3422/3422 3419/3419/3419
f 3420/3420/3420 3423/3423/3423 3411/3411/3411
f 3411/3411/3411 3423/3423/3423 3421/3421/3421
f 3421/3421/3421 3424/3424/3424 3415/3415/3415
f 3415/3415/3415 3424/3424/3424 3422/3422/3422
f 3423/3423/3423 3425/3425/3425 3421/3421/3421
f 3421/3421/3421 3425/3425/3425 3424/3424/3424
f 3419/3419/3419 3426/3426/3426 3416/3416/3416
f 3422/3422/3422 3427/3427/3427 3419/3419/3419
f 3419/3419/3419 3427/3427/3427 3426/3426/3426
f 3424/3424/3424 3428/3428/3428 3422/3422/3422
f 3422/3422/3422 3428/3428/3428 3427/3427/3427
f 3425/3425/3425 3429/3429/3429 3424/3424/3424
f 3424/3424/3424 3429/3429/3429 3428/3428/3428
f 3416/3416/3416 3426/3426/3426 3430/3430/3430
f 3416/3416/3416 3430/3430/3430 3418/3418/3418
f 3430/3430/3430 3431/3431/3431 3418/3418/3418
f 3431/3431/3431 3432/3432/3432 3418/3418/3418
f 3426/3426/3426 3433/3433/3433 3430/3430/3430
f 3430/3430/3430 3433/3433/3433 3431/3431/3431
f 3427/3427/3427 3434/3434/3434 3426/3426/3426
f 3426/3426/3426 3434/3434/3434 3433/3433/3433
f 3428/3428/3428 3435/3435/3435 3427/3427/3427
f 3427/3427/3427 3435/3435/3435 3434/3434/3434
f 3431/3431/3431 3436/3436/3436 3432/3432/3432
f 3436/3436/3436 3437/3437/3437 3432/3432/3432
f 3433/3433/3433 3438/3438/3438 3431/3431/3431
f 3431/3431/3431 3438/3438/3438 3436/3436/3436
f 3434/3434/3434 3439/3439/3439 3433/3433/3433
f 3433/3433/3433 3439/3439/3439 3438/3438/3438
f 3436/3436/3436 3440/3440/3440 3437/3437/3437
f 3440/3440/3440 3441/3441/3441 3437/3437/3437
f 3441/3441/3441 3440/3440/3440 3442/3442/3442
f 3438/3438/3438 3443/3443/3443 3436/3436/3436
f 3436/3436/3436 3443/3443/3443 3440/3440/3440
f 3440/3440/3440 3444/3444/3444 3442/3442/3442
f 3442/3442/3442 3444/3444/3444 3445/3445/3445
f 3435/3435/3435 3446/3446/3446 3434/3434/3434
f 3434/3434/3434 3446/3446/3446 3439/3439/3439
f 3439/3439/3439 3447/3447/3447 3438/3438/3438
f 3438/3438/3438 3447/3447/3447 3443/3443/3443
f 3443/3443/3443 3448/3448/3448 3440/3440/3440
f 3440/3440/3440 3448/3448/3448 3444/3444/3444
f 3444/3444/3444 3449/3449/3449 3445/3445/3445
f 3445/3445/3445 3449/3449/3449 3450/3450/3450
f 3446/3446/3446 3451/3451/3451 3439/3439/3439
f 3439/3439/3439 3451/3451/3451 3447/3447/3447
f 3447/3447/3447 3452/3452/3452 3443/3443/3443
f 3443/3443/3443 3452/3452/3452 3448/3448/3448
f 3448/3448/3448 3453/3453/3453 3444/3444/3444
f 3444/3444/3444 3453/3453/3453 3449/3449/3449
f 3449/3449/3449 3454/3454/3454 3450/3450/3450
f 3450/3450/3450 3454/3454/3454 3455/3455/3455
f 3451/3451/3451 3456/3456/3456 3447/3447/3447
f 3447/3447/3447 3456/3456/3456 3452/3452/3452
f 3452/3452/3452 3457/3457/3457 3448/3448/3448
f 3448/3448/3448 3457/3457/3457 3453/3453/3453
f 3453/3453/3453 3458/3458/3458 3449/3449/3449
f 3449/3449/3449 3458/3458/3458 3454/3454/3454
f 3456/3456/3456 3459/3459/3459 3452/3452/3452
f 3452/3452/3452 3459/3459/3459 3457/3457/3457
f 3457/3457/3457 3460/3460/3460 3453/3453/3453
f 3453/3453/3453 3460/3460/3460 3458/3458/3458
f 3459/3459/3459 3461/3461/3461 3457/3457/3457
f 3457/3457/3457 3461/3461/3461 3460/3460/3460
f 3451/3451/3451 3462/3462/3462 3456/3456/3456
f 3456/3456/3456 3463/3463/3463 3459/3459/3459
f 3462/3462/3462 3463/3463/3463 3456/3456/3456
f 3459/3459/3459 3464/3464/3464 3461/3461/3461
f 3463/3463/3463 3464/3464/3464 3459/3459/3459
f 3465/3465/3465 3462/3462/3462 3451/3451/3451
f 3446/3446/3446 3465/3465/3465 3451/3451/3451
f 3466/3466/3466 3465/3465/3465 3446/3446/3446
f 3435/3435/3435 3466/3466/3466 3446/3446/3446
f 3467/3467/3467 3466/3466/3466 3435/3435/3435
f 3428/3428/3428 3467/3467/3467 3435/3435/3435
f 3429/3429/3429 3467/3467/3467 3428/3428/3428
f 3461/3461/3461 3468/3468/3468 3460/3460/3460
f 3464/3464/3464 3469/3469/3469 3461/3461/3461
f 3461/3461/3461 3469/3469/3469 3468/3468/3468
f 3460/3460/3460 3468/3468/3468 3470/3470/3470
f 3460/3460/3460 3470/3470/3470 3458/3458/3458
f 3458/3458/3458 3470/3470/3470 3471/3471/3471
f 3458/3458/3458 3471/3471/3471 3454/3454/3454
f 3454/3454/3454 3471/3471/3471 3472/3472/3472
f 3454/3454/3454 3472/3472/3472 3455/3455/3455
f 3467/3467/3467 3473/3473/3473 3466/3466/3466
f 3429/3429/3429 3474/3474/3474 3467/3467/3467
f 3474/3474/3474 3473/3473/3473 3467/3467/3467
f 3473/3473/3473 3475/3475/3475 3466/3466/3466
f 3466/3466/3466 3475/3475/3475 3465/3465/3465
f 3476/3476/3476 3474/3474/3474 3429/3429/3429
f 3425/3425/3425 3476/3476/3476 3429/3429/3429
f 3475/3475/3475 3477/3477/3477 3465/3465/3465
f 3465/3465/3465 3477/3477/3477 3462/3462/3462
f 3478/3478/3478 3476/3476/3476 3425/3425/3425
f 3423/3423/3423 3478/3478/3478 3425/3425/3425
f 3477/3477/3477 3479/3479/3479 3462/3462/3462
f 3462/3462/3462 3479/3479/3479 3463/3463/3463
f 3480/3480/3480 3478/3478/3478 3423/3423/3423
f 3420/3420/3420 3480/3480/3480 3423/3423/3423
f 3481/3481/3481 3480/3480/3480 3420/3420/3420
f 3406/3406/3406 3481/3481/3481 3420/3420/3420
f 3478/3478/3478 3480/3480/3480 3482/3482/3482
f 3480/3480/3480 3481/3481/3481 3482/3482/3482
f 3483/3483/3483 3481/3481/3481 3406/3406/3406
f 3399/3399/3399 3483/3483/3483 3406/3406/3406
f 3400/3400/3400 3483/3483/3483 3399/3399/3399
f 3481/3481/3481 3483/3483/3483 3484/3484/3484
f 3481/3481/3481 3484/3484/3484 3482/3482/3482
f 3483/3483/3483 3400/3400/3400 3485/3485/3485
f 3483/3483/3483 3485/3485/3485 3484/3484/3484
f 3479/3479/3479 3486/3486/3486 3463/3463/3463
f 3463/3463/3463 3486/3486/3486 3464/3464/3464
f 3487/3487/3487 3478/3478/3478 3482/3482/3482
f 3476/3476/3476 3478/3478/3478 3487/3487/3487
f 3400/3400/3400 3488/3488/3488 3485/3485/3485
f 3400/3400/3400 3392/3392/3392 3488/3488/3488
f 3392/3392/3392 3393/3393/3393 3488/3488/3488
f 3486/3486/3486 3489/3489/3489 3464/3464/3464
f 3464/3464/3464 3489/3489/3489 3469/3469/3469
f 3486/3486/3486 3479/3479/3479 3490/3490/3490
f 3489/3489/3489 3486/3486/3486 3491/3491/3491
f 3486/3486/3486 3490/3490/3490 3491/3491/3491
f 3479/3479/3479 3492/3492/3492 3490/3490/3490
f 3479/3479/3479 3477/3477/3477 3492/3492/3492
f 3477/3477/3477 3493/3493/3493 3492/3492/3492
f 3477/3477/3477 3475/3475/3475 3493/3493/3493
f 3475/3475/3475 3494/3494/3494 3493/3493/3493
f 3475/3475/3475 3473/3473/3473 3494/3494/3494
f 3473/3473/3473 3495/3495/3495 3494/3494/3494
f 3473/3473/3473 3474/3474/3474 3495/3495/3495
f 3474/3474/3474 3496/3496/3496 3495/3495/3495
f 3474/3474/3474 3476/3476/3476 3496/3496/3496
f 3476/3476/3476 3497/3497/3497 3496/3496/3496
f 3497/3497/3497 3476/3476/3476 3487/3487/3487
f 3492/3492/3492 3498/3498/3498 3490/3490/3490
f 3493/3493/3493 3499/3499/3499 3492/3492/3492
f 3499/3499/3499 3498/3498/3498 3492/3492/3492
f 3494/3494/3494 3500/3500/3500 3493/3493/3493
f 3500/3500/3500 3499/3499/3499 3493/3493/3493
f 3495/3495/3495 3501/3501/3501 3494/3494/3494
f 3501/3501/3501 3500/3500/3500 3494/3494/3494
f 3496/3496/3496 3502/3502/3502 3495/3495/3495
f 3502/3502/3502 3501/3501/3501 3495/3495/3495
f 3497/3497/3497 3503/3503/3503 3496/3496/3496
f 3503/3503/3503 3502/3502/3502 3496/3496/3496
f 3487/3487/3487 3504/3504/3504 3497/3497/3497
f 3504/3504/3504 3503/3503/3503 3497/3497/3497
f 3498/3498/3498 3505/3505/3505 3490/3490/3490
f 3490/3490/3490 3505/3505/3505 3491/3491/3491
f 3506/3506/3506 3504/3504/3504 3487/3487/3487
f 3482/3482/3482 3506/3506/3506 3487/3487/3487
f 3507/3507/3507 3506/3506/3506 3482/3482/3482
f 3484/3484/3484 3507/3507/3507 3482/3482/3482
f 3508/3508/3508 3507/3507/3507 3484/3484/3484
f 3485/3485/3485 3508/3508/3508 3484/3484/3484
f 3509/3509/3509 3508/3508/3508 3485/3485/3485
f 3488/3488/3488 3509/3509/3509 3485/3485/3485
f 3510/3510/3510 3509/3509/3509 3488/3488/3488
f 3393/3393/3393 3510/3510/3510 3488/3488/3488
f 3511/3511/3511 3510/3510/3510 3393/3393/3393
f 3379/3379/3379 3511/3511/3511 3393/3393/3393
f 3150/3150/3150 3511/3511/3511 3379/3379/3379
f 3150/3150/3150 3146/3146/3146 3511/3511/3511
f 3146/3146/3146 3512/3512/3512 3511/3511/3511
f 3511/3511/3511 3512/3512/3512 3510/3510/3510
f 3146/3146/3146 3144/3144/3144 3512/3512/3512
f 3510/3510/3510 3513/3513/3513 3509/3509/3509
f 3512/3512/3512 3513/3513/3513 3510/3510/3510
f 3144/3144/3144 3514/3514/3514 3512/3512/3512
f 3512/3512/3512 3514/3514/3514 3513/3513/3513
f 3144/3144/3144 3141/3141/3141 3514/3514/3514
f 3509/3509/3509 3515/3515/3515 3508/3508/3508
f 3513/3513/3513 3515/3515/3515 3509/3509/3509
f 3514/3514/3514 3516/3516/3516 3513/3513/3513
f 3513/3513/3513 3516/3516/3516 3515/3515/3515
f 3141/3141/3141 3517/3517/3517 3514/3514/3514
f 3514/3514/3514 3517/3517/3517 3516/3516/3516
f 3141/3141/3141 3137/3137/3137 3517/3517/3517
f 3515/3515/3515 3518/3518/3518 3508/3508/3508
f 3508/3508/3508 3518/3518/3518 3507/3507/3507
f 3516/3516/3516 3519/3519/3519 3515/3515/3515
f 3515/3515/3515 3519/3519/3519 3518/3518/3518
f 3517/3517/3517 3520/3520/3520 3516/3516/3516
f 3516/3516/3516 3520/3520/3520 3519/3519/3519
f 3137/3137/3137 3521/3521/3521 3517/3517/3517
f 3517/3517/3517 3521/3521/3521 3520/3520/3520
f 3521/3521/3521 3137/3137/3137 3522/3522/3522
f 3523/3523/3523 3521/3521/3521 3522/3522/3522
f 3524/3524/3524 3521/3521/3521 3523/3523/3523
f 3521/3521/3521 3524/3524/3524 3520/3520/3520
f 3525/3525/3525 3524/3524/3524 3523/3523/3523
f 3518/3518/3518 3526/3526/3526 3507/3507/3507
f 3507/3507/3507 3526/3526/3526 3506/3506/3506
f 3519/3519/3519 3527/3527/3527 3518/3518/3518
f 3518/3518/3518 3527/3527/3527 3526/3526/3526
f 3520/3520/3520 3528/3528/3528 3519/3519/3519
f 3520/3520/3520 3524/3524/3524 3528/3528/3528
f 3519/3519/3519 3528/3528/3528 3527/3527/3527
f 3529/3529/3529 3524/3524/3524 3525/3525/3525
f 3524/3524/3524 3529/3529/3529 3528/3528/3528
f 3530/3530/3530 3529/3529/3529 3525/3525/3525
f 3526/3526/3526 3531/3531/3531 3506/3506/3506
f 3506/3506/3506 3531/3531/3531 3504/3504/3504
f 3527/3527/3527 3532/3532/3532 3526/3526/3526
f 3526/3526/3526 3532/3532/3532 3531/3531/3531
f 3528/3528/3528 3533/3533/3533 3527/3527/3527
f 3528/3528/3528 3529/3529/3529 3533/3533/3533
f 3527/3527/3527 3533/3533/3533 3532/3532/3532
f 3534/3534/3534 3529/3529/3529 3530/3530/3530
f 3529/3529/3529 3534/3534/3534 3533/3533/3533
f 3535/3535/3535 3534/3534/3534 3530/3530/3530
f 3534/3534/3534 3535/3535/3535 3536/3536/3536
f 3531/3531/3531 3537/3537/3537 3504/3504/3504
f 3504/3504/3504 3537/3537/3537 3503/3503/3503
f 3532/3532/3532 3538/3538/3538 3531/3531/3531
f 3531/3531/3531 3538/3538/3538 3537/3537/3537
f 3533/3533/3533 3539/3539/3539 3532/3532/3532
f 3533/3533/3533 3534/3534/3534 3539/3539/3539
f 3532/3532/3532 3539/3539/3539 3538/3538/3538
f 3540/3540/3540 3534/3534/3534 3536/3536/3536
f 3534/3534/3534 3540/3540/3540 3539/3539/3539
f 3540/3540/3540 3536/3536/3536 3541/3541/3541
f 3537/3537/3537 3542/3542/3542 3503/3503/3503
f 3503/3503/3503 3542/3542/3542 3502/3502/3502
f 3538/3538/3538 3543/3543/3543 3537/3537/3537
f 3537/3537/3537 3543/3543/3543 3542/3542/3542
f 3539/3539/3539 3544/3544/3544 3538/3538/3538
f 3539/3539/3539 3540/3540/3540 3544/3544/3544
f 3538/3538/3538 3544/3544/3544 3543/3543/3543
f 3545/3545/3545 3540/3540/3540 3541/3541/3541
f 3540/3540/3540 3545/3545/3545 3544/3544/3544
f 3545/3545/3545 3541/3541/3541 3546/3546/3546
f 3542/3542/3542 3547/3547/3547 3502/3502/3502
f 3502/3502/3502 3547/3547/3547 3501/3501/3501
f 3543/3543/3543 3548/3548/3548 3542/3542/3542
f 3542/3542/3542 3548/3548/3548 3547/3547/3547
f 3544/3544/3544 3549/3549/3549 3543/3543/3543
f 3544/3544/3544 3545/3545/3545 3549/3549/3549
f 3543/3543/3543 3549/3549/3549 3548/3548/3548
f 3550/3550/3550 3545/3545/3545 3546/3546/3546
f 3545/3545/3545 3550/3550/3550 3549/3549/3549
f 3547/3547/3547 3551/3551/3551 3501/3501/3501
f 3501/3501/3501 3551/3551/3551 3500/3500/3500
f 3548/3548/3548 3552/3552/3552 3547/3547/3547
f 3547/3547/3547 3552/3552/3552 3551/3551/3551
f 3549/3549/3549 3553/3553/3553 3548/3548/3548
f 3549/3549/3549 3550/3550/3550 3553/3553/3553
f 3548/3548/3548 3553/3553/3553 3552/3552/3552
f 3554/3554/3554 3550/3550/3550 3546/3546/3546
f 3550/3550/3550 3554/3554/3554 3553/3553/3553
f 3555/3555/3555 3554/3554/3554 3546/3546/3546
f 3551/3551/3551 3556/3556/3556 3500/3500/3500
f 3500/3500/3500 3556/3556/3556 3499/3499/3499
f 3552/3552/3552 3557/3557/3557 3551/3551/3551
f 3551/3551/3551 3557/3557/3557 3556/3556/3556
f 3553/3553/3553 3558/3558/3558 3552/3552/3552
f 3553/3553/3553 3554/3554/3554 3558/3558/3558
f 3552/3552/3552 3558/3558/3558 3557/3557/3557
f 3559/3559/3559 3554/3554/3554 3555/3555/3555
f 3554/3554/3554 3559/3559/3559 3558/3558/3558
f 3560/3560/3560 3559/3559/3559 3555/3555/3555
f 3556/3556/3556 3561/3561/3561 3499/3499/3499
f 3499/3499/3499 3561/3561/3561 3498/3498/3498
f 3557/3557/3557 3562/3562/3562 3556/3556/3556
f 3556/3556/3556 3562/3562/3562 3561/3561/3561
f 3558/3558/3558 3563/3563/3563 3557/3557/3557
f 3558/3558/3558 3559/3559/3559 3563/3563/3563
f 3557/3557/3557 3563/3563/3563 3562/3562/3562
f 3564/3564/3564 3559/3559/3559 3560/3560/3560
f 3559/3559/3559 3564/3564/3564 3563/3563/3563
f 3565/3565/3565 3564/3564/3564 3560/3560/3560
f 3561/3561/3561 3566/3566/3566 3498/3498/3498
f 3498/3498/3498 3566/3566/3566 3505/3505/3505
f 3562/3562/3562 3567/3567/3567 3561/3561/3561
f 3561/3561/3561 3567/3567/3567 3566/3566/3566
f 3563/3563/3563 3568/3568/3568 3562/3562/3562
f 3563/3563/3563 3564/3564/3564 3568/3568/3568
f 3562/3562/3562 3568/3568/3568 3567/3567/3567
f 3569/3569/3569 3564/3564/3564 3565/3565/3565
f 3564/3564/3564 3569/3569/3569 3568/3568/3568
f 3570/3570/3570 3569/3569/3569 3565/3565/3565
f 3568/3568/3568 3571/3571/3571 3567/3567/3567
f 3568/3568/3568 3569/3569/3569 3571/3571/3571
f 3572/3572/3572 3569/3569/3569 3570/3570/3570
f 3569/3569/3569 3572/3572/3572 3571/3571/3571
f 3573/3573/3573 3572/3572/3572 3570/3570/3570
f 3572/3572/3572 3573/3573/3573 3574/3574/3574
f 3567/3567/3567 3575/3575/3575 3566/3566/3566
f 3567/3567/3567 3571/3571/3571 3575/3575/3575
f 3571/3571/3571 3572/3572/3572 3576/3576/3576
f 3571/3571/3571 3576/3576/3576 3575/3575/3575
f 3577/3577/3577 3572/3572/3572 3574/3574/3574
f 3572/3572/3572 3577/3577/3577 3576/3576/3576
f 3566/3566/3566 3575/3575/3575 3578/3578/3578
f 3566/3566/3566 3578/3578/3578 3505/3505/3505
f 3579/3579/3579 3577/3577/3577 3574/3574/3574
f 3580/3580/3580 3579/3579/3579 3574/3574/3574
f 3575/3575/3575 3576/3576/3576 3581/3581/3581
f 3575/3575/3575 3581/3581/3581 3578/3578/3578
f 3576/3576/3576 3577/3577/3577 3582/3582/3582
f 3577/3577/3577 3579/3579/3579 3582/3582/3582
f 3576/3576/3576 3582/3582/3582 3581/3581/3581
f 3505/3505/3505 3578/3578/3578 3583/3583/3583
f 3505/3505/3505 3583/3583/3583 3491/3491/3491
f 3584/3584/3584 3579/3579/3579 3580/3580/3580
f 3585/3585/3585 3584/3584/3584 3580/3580/3580
f 3578/3578/3578 3581/3581/3581 3586/3586/3586
f 3578/3578/3578 3586/3586/3586 3583/3583/3583
f 3581/3581/3581 3582/3582/3582 3587/3587/3587
f 3581/3581/3581 3587/3587/3587 3586/3586/3586
f 3582/3582/3582 3579/3579/3579 3588/3588/3588
f 3579/3579/3579 3584/3584/3584 3588/3588/3588
f 3582/3582/3582 3588/3588/3588 3587/3587/3587
f 3491/3491/3491 3583/3583/3583 3589/3589/3589
f 3489/3489/3489 3491/3491/3491 3589/3589/3589
f 3590/3590/3590 3584/3584/3584 3585/3585/3585
f 3591/3591/3591 3590/3590/3590 3585/3585/3585
f 3590/3590/3590 3591/3591/3591 3592/3592/3592
f 3583/3583/3583 3586/3586/3586 3593/3593/3593
f 3583/3583/3583 3593/3593/3593 3589/3589/3589
f 3586/3586/3586 3587/3587/3587 3594/3594/3594
f 3586/3586/3586 3594/3594/3594 3593/3593/3593
f 3587/3587/3587 3588/3588/3588 3595/3595/3595
f 3587/3587/3587 3595/3595/3595 3594/3594/3594
f 3588/3588/3588 3584/3584/3584 3596/3596/3596
f 3584/3584/3584 3590/3590/3590 3596/3596/3596
f 3588/3588/3588 3596/3596/3596 3595/3595/3595
f 3597/3597/3597 3489/3489/3489 3589/3589/3589
f 3489/3489/3489 3597/3597/3597 3469/3469/3469
f 3598/3598/3598 3590/3590/3590 3592/3592/3592
f 3598/3598/3598 3592/3592/3592 3599/3599/3599
f 3589/3589/3589 3593/3593/3593 3600/3600/3600
f 3597/3597/3597 3589/3589/3589 3600/3600/3600
f 3593/3593/3593 3594/3594/3594 3601/3601/3601
f 3593/3593/3593 3601/3601/3601 3600/3600/3600
f 3594/3594/3594 3595/3595/3595 3602/3602/3602
f 3594/3594/3594 3602/3602/3602 3601/3601/3601
f 3595/3595/3595 3596/3596/3596 3603/3603/3603
f 3595/3595/3595 3603/3603/3603 3602/3602/3602
f 3596/3596/3596 3590/3590/3590 3604/3604/3604
f 3590/3590/3590 3598/3598/3598 3604/3604/3604
f 3596/3596/3596 3604/3604/3604 3603/3603/3603
f 3605/3605/3605 3598/3598/3598 3599/3599/3599
f 3605/3605/3605 3599/3599/3599 3606/3606/3606
f 3604/3604/3604 3598/3598/3598 3607/3607/3607
f 3598/3598/3598 3605/3605/3605 3607/3607/3607
f 3603/3603/3603 3604/3604/3604 3608/3608/3608
f 3604/3604/3604 3607/3607/3607 3608/3608/3608
f 3602/3602/3602 3603/3603/3603 3609/3609/3609
f 3603/3603/3603 3608/3608/3608 3609/3609/3609
f 3601/3601/3601 3602/3602/3602 3610/3610/3610
f 3602/3602/3602 3609/3609/3609 3610/3610/3610
f 3611/3611/3611 3605/3605/3605 3606/3606/3606
f 3611/3611/3611 3606/3606/3606 2779/2779/2779
f 3607/3607/3607 3605/3605/3605 3612/3612/3612
f 3605/3605/3605 3611/3611/3611 3612/3612/3612
f 3608/3608/3608 3607/3607/3607 3613/3613/3613
f 3607/3607/3607 3612/3612/3612 3613/3613/3613
f 3609/3609/3609 3608/3608/3608 3614/3614/3614
f 3608/3608/3608 3613/3613/3613 3614/3614/3614
f 3601/3601/3601 3610/3610/3610 3615/3615/3615
f 3600/3600/3600 3601/3601/3601 3615/3615/3615
f 3610/3610/3610 3609/3609/3609 3616/3616/3616
f 3609/3609/3609 3614/3614/3614 3616/3616/3616
f 3617/3617/3617 3600/3600/3600 3615/3615/3615
f 3617/3617/3617 3597/3597/3597 3600/3600/3600
f 3615/3615/3615 3610/3610/3610 3618/3618/3618
f 3610/3610/3610 3616/3616/3616 3618/3618/3618
f 3597/3597/3597 3617/3617/3617 3619/3619/3619
f 3469/3469/3469 3597/3597/3597 3619/3619/3619
f 3469/3469/3469 3619/3619/3619 3468/3468/3468
f 3620/3620/3620 3617/3617/3617 3615/3615/3615
f 3620/3620/3620 3615/3615/3615 3618/3618/3618
f 3468/3468/3468 3619/3619/3619 3621/3621/3621
f 3468/3468/3468 3621/3621/3621 3470/3470/3470
f 3619/3619/3619 3617/3617/3617 3622/3622/3622
f 3617/3617/3617 3620/3620/3620 3622/3622/3622
f 3619/3619/3619 3622/3622/3622 3621/3621/3621
f 3470/3470/3470 3621/3621/3621 3623/3623/3623
f 3470/3470/3470 3623/3623/3623 3471/3471/3471
f 3621/3621/3621 3622/3622/3622 3624/3624/3624
f 3621/3621/3621 3624/3624/3624 3623/3623/3623
f 3622/3622/3622 3620/3620/3620 3625/3625/3625
f 3622/3622/3622 3625/3625/3625 3624/3624/3624
f 3626/3626/3626 3620/3620/3620 3618/3618/3618
f 3620/3620/3620 3626/3626/3626 3625/3625/3625
f 3471/3471/3471 3623/3623/3623 3627/3627/3627
f 3471/3471/3471 3627/3627/3627 3472/3472/3472
f 3623/3623/3623 3624/3624/3624 3628/3628/3628
f 3623/3623/3623 3628/3628/3628 3627/3627/3627
f 3624/3624/3624 3625/3625/3625 3629/3629/3629
f 3624/3624/3624 3629/3629/3629 3628/3628/3628
f 3472/3472/3472 3627/3627/3627 3630/3630/3630
f 3472/3472/3472 3630/3630/3630 3455/3455/3455
f 3627/3627/3627 3628/3628/3628 3631/3631/3631
f 3627/3627/3627 3631/3631/3631 3630/3630/3630
f 3630/3630/3630 3632/3632/3632 3455/3455/3455
f 3630/3630/3630 3631/3631/3631 3632/3632/3632
f 3632/3632/3632 3633/3633/3633 3455/3455/3455
f 3628/3628/3628 3634/3634/3634 3631/3631/3631
f 3628/3628/3628 3629/3629/3629 3634/3634/3634
f 3625/3625/3625 3635/3635/3635 3629/3629/3629
f 3625/3625/3625 3626/3626/3626 3635/3635/3635
f 3632/3632/3632 3636/3636/3636 3633/3633/3633
f 3636/3636/3636 3637/3637/3637 3633/3633/3633
f 3637/3637/3637 3636/3636/3636 3638/3638/3638
f 3631/3631/3631 3639/3639/3639 3632/3632/3632
f 3631/3631/3631 3634/3634/3634 3639/3639/3639
f 3632/3632/3632 3639/3639/3639 3636/3636/3636
f 3629/3629/3629 3640/3640/3640 3634/3634/3634
f 3629/3629/3629 3635/3635/3635 3640/3640/3640
f 3636/3636/3636 3641/3641/3641 3638/3638/3638
f 3638/3638/3638 3641/3641/3641 3642/3642/3642
f 3639/3639/3639 3643/3643/3643 3636/3636/3636
f 3636/3636/3636 3643/3643/3643 3641/3641/3641
f 3634/3634/3634 3644/3644/3644 3639/3639/3639
f 3634/3634/3634 3640/3640/3640 3644/3644/3644
f 3639/3639/3639 3644/3644/3644 3643/3643/3643
f 3641/3641/3641 3645/3645/3645 3642/3642/3642
f 3642/3642/3642 3645/3645/3645 3646/3646/3646
f 3643/3643/3643 3647/3647/3647 3641/3641/3641
f 3641/3641/3641 3647/3647/3647 3645/3645/3645
f 3644/3644/3644 3648/3648/3648 3643/3643/3643
f 3643/3643/3643 3648/3648/3648 3647/3647/3647
f 3640/3640/3640 3649/3649/3649 3644/3644/3644
f 3644/3644/3644 3649/3649/3649 3648/3648/3648
f 3635/3635/3635 3650/3650/3650 3640/3640/3640
f 3640/3640/3640 3650/3650/3650 3649/3649/3649
f 3645/3645/3645 3651/3651/3651 3646/3646/3646
f 3646/3646/3646 3651/3651/3651 3652/3652/3652
f 3647/3647/3647 3653/3653/3653 3645/3645/3645
f 3645/3645/3645 3653/3653/3653 3651/3651/3651
f 3648/3648/3648 3654/3654/3654 3647/3647/3647
f 3647/3647/3647 3654/3654/3654 3653/3653/3653
f 3649/3649/3649 3655/3655/3655 3648/3648/3648
f 3648/3648/3648 3655/3655/3655 3654/3654/3654
f 3635/3635/3635 3656/3656/3656 3650/3650/3650
f 3626/3626/3626 3656/3656/3656 3635/3635/3635
f 3650/3650/3650 3657/3657/3657 3649/3649/3649
f 3649/3649/3649 3657/3657/3657 3655/3655/3655
f 3656/3656/3656 3626/3626/3626 3658/3658/3658
f 3626/3626/3626 3618/3618/3618 3658/3658/3658
f 3618/3618/3618 3616/3616/3616 3658/3658/3658
f 3656/3656/3656 3659/3659/3659 3650/3650/3650
f 3650/3650/3650 3659/3659/3659 3657/3657/3657
f 3656/3656/3656 3658/3658/3658 3660/3660/3660
f 3659/3659/3659 3656/3656/3656 3660/3660/3660
f 3616/3616/3616 3661/3661/3661 3658/3658/3658
f 3658/3658/3658 3661/3661/3661 3660/3660/3660
f 3616/3616/3616 3614/3614/3614 3661/3661/3661
f 3614/3614/3614 3662/3662/3662 3661/3661/3661
f 3614/3614/3614 3613/3613/3613 3662/3662/3662
f 3661/3661/3661 3663/3663/3663 3660/3660/3660
f 3661/3661/3661 3662/3662/3662 3663/3663/3663
f 3659/3659/3659 3660/3660/3660 3664/3664/3664
f 3660/3660/3660 3663/3663/3663 3664/3664/3664
f 3659/3659/3659 3665/3665/3665 3657/3657/3657
f 3665/3665/3665 3659/3659/3659 3664/3664/3664
f 3613/3613/3613 3666/3666/3666 3662/3662/3662
f 3613/3613/3613 3612/3612/3612 3666/3666/3666
f 3662/3662/3662 3667/3667/3667 3663/3663/3663
f 3662/3662/3662 3666/3666/3666 3667/3667/3667
f 3663/3663/3663 3668/3668/3668 3664/3664/3664
f 3663/3663/3663 3667/3667/3667 3668/3668/3668
f 3612/3612/3612 3669/3669/3669 3666/3666/3666
f 3612/3612/3612 3611/3611/3611 3669/3669/3669
f 3666/3666/3666 3670/3670/3670 3667/3667/3667
f 3666/3666/3666 3669/3669/3669 3670/3670/3670
f 3611/3611/3611 3671/3671/3671 3669/3669/3669
f 3671/3671/3671 3611/3611/3611 2779/2779/2779
f 3669/3669/3669 3671/3671/3671 3672/3672/3672
f 3669/3669/3669 3672/3672/3672 3670/3670/3670
f 3673/3673/3673 3671/3671/3671 2779/2779/2779
f 3671/3671/3671 3673/3673/3673 3672/3672/3672
f 2778/2778/2778 3673/3673/3673 2779/2779/2779
f 3673/3673/3673 2778/2778/2778 3674/3674/3674
f 3672/3672/3672 3673/3673/3673 3674/3674/3674
f 3674/3674/3674 2778/2778/2778 2782/2782/2782
f 3667/3667/3667 3670/3670/3670 3675/3675/3675
f 3667/3667/3667 3675/3675/3675 3668/3668/3668
f 3670/3670/3670 3672/3672/3672 3676/3676/3676
f 3672/3672/3672 3674/3674/3674 3676/3676/3676
f 3670/3670/3670 3676/3676/3676 3675/3675/3675
f 3674/3674/3674 2782/2782/2782 3677/3677/3677
f 3676/3676/3676 3674/3674/3674 3677/3677/3677
f 3677/3677/3677 2782/2782/2782 2784/2784/2784
f 3675/3675/3675 3676/3676/3676 3678/3678/3678
f 3676/3676/3676 3677/3677/3677 3678/3678/3678
f 3677/3677/3677 2784/2784/2784 3679/3679/3679
f 3678/3678/3678 3677/3677/3677 3679/3679/3679
f 3679/3679/3679 2784/2784/2784 2785/2785/2785
f 3668/3668/3668 3675/3675/3675 3680/3680/3680
f 3675/3675/3675 3678/3678/3678 3680/3680/3680
f 3679/3679/3679 2785/2785/2785 3681/3681/3681
f 3681/3681/3681 2785/2785/2785 2788/2788/2788
f 3678/3678/3678 3679/3679/3679 3682/3682/3682
f 3680/3680/3680 3678/3678/3678 3682/3682/3682
f 3682/3682/3682 3679/3679/3679 3681/3681/3681
f 3668/3668/3668 3680/3680/3680 3683/3683/3683
f 3664/3664/3664 3668/3668/3668 3683/3683/3683
f 3665/3665/3665 3664/3664/3664 3683/3683/3683
f 3680/3680/3680 3682/3682/3682 3684/3684/3684
f 3683/3683/3683 3680/3680/3680 3684/3684/3684
f 3682/3682/3682 3681/3681/3681 3685/3685/3685
f 3684/3684/3684 3682/3682/3682 3685/3685/3685
f 3681/3681/3681 2788/2788/2788 3686/3686/3686
f 3685/3685/3685 3681/3681/3681 3686/3686/3686
f 3687/3687/3687 3665/3665/3665 3683/3683/3683
f 3687/3687/3687 3683/3683/3683 3684/3684/3684
f 3688/3688/3688 3684/3684/3684 3685/3685/3685
f 3688/3688/3688 3687/3687/3687 3684/3684/3684
f 3665/3665/3665 3687/3687/3687 3689/3689/3689
f 3657/3657/3657 3665/3665/3665 3689/3689/3689
f 3657/3657/3657 3689/3689/3689 3655/3655/3655
f 3689/3689/3689 3687/3687/3687 3690/3690/3690
f 3687/3687/3687 3688/3688/3688 3690/3690/3690
f 3655/3655/3655 3689/3689/3689 3691/3691/3691
f 3689/3689/3689 3690/3690/3690 3691/3691/3691
f 3655/3655/3655 3691/3691/3691 3654/3654/3654
f 3692/3692/3692 3688/3688/3688 3685/3685/3685
f 3692/3692/3692 3685/3685/3685 3686/3686/3686
f 3686/3686/3686 2788/2788/2788 3693/3693/3693
f 2788/2788/2788 2787/2787/2787 3693/3693/3693
f 3690/3690/3690 3688/3688/3688 3694/3694/3694
f 3688/3688/3688 3692/3692/3692 3694/3694/3694
f 3654/3654/3654 3691/3691/3691 3695/3695/3695
f 3654/3654/3654 3695/3695/3695 3653/3653/3653
f 3691/3691/3691 3690/3690/3690 3696/3696/3696
f 3690/3690/3690 3694/3694/3694 3696/3696/3696
f 3691/3691/3691 3696/3696/3696 3695/3695/3695
f 3697/3697/3697 3692/3692/3692 3686/3686/3686
f 3697/3697/3697 3686/3686/3686 3693/3693/3693
f 3653/3653/3653 3695/3695/3695 3698/3698/3698
f 3653/3653/3653 3698/3698/3698 3651/3651/3651
f 3694/3694/3694 3692/3692/3692 3699/3699/3699
f 3692/3692/3692 3697/3697/3697 3699/3699/3699
f 3695/3695/3695 3696/3696/3696 3700/3700/3700
f 3695/3695/3695 3700/3700/3700 3698/3698/3698
f 3696/3696/3696 3694/3694/3694 3701/3701/3701
f 3694/3694/3694 3699/3699/3699 3701/3701/3701
f 3696/3696/3696 3701/3701/3701 3700/3700/3700
f 3651/3651/3651 3698/3698/3698 3702/3702/3702
f 3651/3651/3651 3702/3702/3702 3652/3652/3652
f 3698/3698/3698 3700/3700/3700 3703/3703/3703
f 3698/3698/3698 3703/3703/3703 3702/3702/3702
f 3702/3702/3702 3704/3704/3704 3652/3652/3652
f 3702/3702/3702 3703/3703/3703 3704/3704/3704
f 3704/3704/3704 3705/3705/3705 3652/3652/3652
f 3700/3700/3700 3701/3701/3701 3706/3706/3706
f 3700/3700/3700 3706/3706/3706 3703/3703/3703
f 3701/3701/3701 3699/3699/3699 3707/3707/3707
f 3701/3701/3701 3707/3707/3707 3706/3706/3706
f 3704/3704/3704 3708/3708/3708 3705/3705/3705
f 3708/3708/3708 3709/3709/3709 3705/3705/3705
f 3703/3703/3703 3710/3710/3710 3704/3704/3704
f 3703/3703/3703 3706/3706/3706 3710/3710/3710
f 3704/3704/3704 3710/3710/3710 3708/3708/3708
f 3708/3708/3708 3711/3711/3711 3709/3709/3709
f 3711/3711/3711 3712/3712/3712 3709/3709/3709
f 3706/3706/3706 3713/3713/3713 3710/3710/3710
f 3706/3706/3706 3707/3707/3707 3713/3713/3713
f 3710/3710/3710 3714/3714/3714 3708/3708/3708
f 3708/3708/3708 3714/3714/3714 3711/3711/3711
f 3710/3710/3710 3713/3713/3713 3714/3714/3714
f 3699/3699/3699 3715/3715/3715 3707/3707/3707
f 3699/3699/3699 3697/3697/3697 3715/3715/3715
f 3711/3711/3711 3716/3716/3716 3712/3712/3712
f 3716/3716/3716 3717/3717/3717 3712/3712/3712
f 3717/3717/3717 3716/3716/3716 3718/3718/3718
f 3714/3714/3714 3719/3719/3719 3711/3711/3711
f 3711/3711/3711 3719/3719/3719 3716/3716/3716
f 3713/3713/3713 3720/3720/3720 3714/3714/3714
f 3714/3714/3714 3720/3720/3720 3719/3719/3719
f 3707/3707/3707 3721/3721/3721 3713/3713/3713
f 3707/3707/3707 3715/3715/3715 3721/3721/3721
f 3713/3713/3713 3721/3721/3721 3720/3720/3720
f 3697/3697/3697 3722/3722/3722 3715/3715/3715
f 3722/3722/3722 3697/3697/3697 3693/3693/3693
f 3715/3715/3715 3723/3723/3723 3721/3721/3721
f 3715/3715/3715 3722/3722/3722 3723/3723/3723
f 3721/3721/3721 3724/3724/3724 3720/3720/3720
f 3721/3721/3721 3723/3723/3723 3724/3724/3724
f 3720/3720/3720 3725/3725/3725 3719/3719/3719
f 3720/3720/3720 3724/3724/3724 3725/3725/3725
f 3719/3719/3719 3726/3726/3726 3716/3716/3716
f 3719/3719/3719 3725/3725/3725 3726/3726/3726
f 3727/3727/3727 3722/3722/3722 3693/3693/3693
f 3722/3722/3722 3727/3727/3727 3723/3723/3723
f 3723/3723/3723 3728/3728/3728 3724/3724/3724
f 3723/3723/3723 3727/3727/3727 3728/3728/3728
f 3724/3724/3724 3729/3729/3729 3725/3725/3725
f 3724/3724/3724 3728/3728/3728 3729/3729/3729
f 3716/3716/3716 3726/3726/3726 3730/3730/3730
f 3716/3716/3716 3730/3730/3730 3718/3718/3718
f 3725/3725/3725 3731/3731/3731 3726/3726/3726
f 3725/3725/3725 3729/3729/3729 3731/3731/3731
f 3730/3730/3730 3732/3732/3732 3718/3718/3718
f 3732/3732/3732 3733/3733/3733 3718/3718/3718
f 3733/3733/3733 3732/3732/3732 3734/3734/3734
f 3726/3726/3726 3735/3735/3735 3730/3730/3730
f 3726/3726/3726 3731/3731/3731 3735/3735/3735
f 3730/3730/3730 3735/3735/3735 3732/3732/3732
f 3732/3732/3732 3736/3736/3736 3734/3734/3734
f 3734/3734/3734 3736/3736/3736 3737/3737/3737
f 3735/3735/3735 3738/3738/3738 3732/3732/3732
f 3732/3732/3732 3738/3738/3738 3736/3736/3736
f 3731/3731/3731 3739/3739/3739 3735/3735/3735
f 3735/3735/3735 3739/3739/3739 3738/3738/3738
f 3729/3729/3729 3740/3740/3740 3731/3731/3731
f 3731/3731/3731 3740/3740/3740 3739/3739/3739
f 3736/3736/3736 3741/3741/3741 3737/3737/3737
f 3737/3737/3737 3741/3741/3741 3742/3742/3742
f 3738/3738/3738 3743/3743/3743 3736/3736/3736
f 3736/3736/3736 3743/3743/3743 3741/3741/3741
f 3739/3739/3739 3744/3744/3744 3738/3738/3738
f 3738/3738/3738 3744/3744/3744 3743/3743/3743
f 3729/3729/3729 3745/3745/3745 3740/3740/3740
f 3728/3728/3728 3745/3745/3745 3729/3729/3729
f 3740/3740/3740 3746/3746/3746 3739/3739/3739
f 3739/3739/3739 3746/3746/3746 3744/3744/3744
f 3745/3745/3745 3747/3747/3747 3740/3740/3740
f 3740/3740/3740 3747/3747/3747 3746/3746/3746
f 3728/3728/3728 3748/3748/3748 3745/3745/3745
f 3727/3727/3727 3748/3748/3748 3728/3728/3728
f 3745/3745/3745 3749/3749/3749 3747/3747/3747
f 3748/3748/3748 3749/3749/3749 3745/3745/3745
f 3743/3743/3743 3750/3750/3750 3741/3741/3741
f 3744/3744/3744 3751/3751/3751 3743/3743/3743
f 3743/3743/3743 3751/3751/3751 3750/3750/3750
f 3746/3746/3746 3752/3752/3752 3744/3744/3744
f 3744/3744/3744 3752/3752/3752 3751/3751/3751
f 3747/3747/3747 3753/3753/3753 3746/3746/3746
f 3746/3746/3746 3753/3753/3753 3752/3752/3752
f 3749/3749/3749 3754/3754/3754 3747/3747/3747
f 3747/3747/3747 3754/3754/3754 3753/3753/3753
f 3741/3741/3741 3750/3750/3750 3755/3755/3755
f 3741/3741/3741 3755/3755/3755 3742/3742/3742
f 3755/3755/3755 3756/3756/3756 3742/3742/3742
f 3756/3756/3756 3757/3757/3757 3742/3742/3742
f 3750/3750/3750 3758/3758/3758 3755/3755/3755
f 3755/3755/3755 3758/3758/3758 3756/3756/3756
f 3751/3751/3751 3759/3759/3759 3750/3750/3750
f 3750/3750/3750 3759/3759/3759 3758/3758/3758
f 3752/3752/3752 3760/3760/3760 3751/3751/3751
f 3751/3751/3751 3760/3760/3760 3759/3759/3759
f 3753/3753/3753 3761/3761/3761 3752/3752/3752
f 3752/3752/3752 3761/3761/3761 3760/3760/3760
f 3754/3754/3754 3762/3762/3762 3753/3753/3753
f 3753/3753/3753 3762/3762/3762 3761/3761/3761
f 3756/3756/3756 3763/3763/3763 3757/3757/3757
f 3763/3763/3763 3764/3764/3764 3757/3757/3757
f 3758/3758/3758 3765/3765/3765 3756/3756/3756
f 3756/3756/3756 3765/3765/3765 3763/3763/3763
f 3759/3759/3759 3766/3766/3766 3758/3758/3758
f 3758/3758/3758 3766/3766/3766 3765/3765/3765
f 3760/3760/3760 3767/3767/3767 3759/3759/3759
f 3759/3759/3759 3767/3767/3767 3766/3766/3766
f 3761/3761/3761 3768/3768/3768 3760/3760/3760
f 3760/3760/3760 3768/3768/3768 3767/3767/3767
f 3763/3763/3763 3769/3769/3769 3764/3764/3764
f 3769/3769/3769 3770/3770/3770 3764/3764/3764
f 3765/3765/3765 3771/3771/3771 3763/3763/3763
f 3763/3763/3763 3771/3771/3771 3769/3769/3769
f 3766/3766/3766 3772/3772/3772 3765/3765/3765
f 3765/3765/3765 3772/3772/3772 3771/3771/3771
f 3767/3767/3767 3773/3773/3773 3766/3766/3766
f 3766/3766/3766 3773/3773/3773 3772/3772/3772
f 3769/3769/3769 3774/3774/3774 3770/3770/3770
f 3774/3774/3774 3775/3775/3775 3770/3770/3770
f 3775/3775/3775 3774/3774/3774 3776/3776/3776
f 3771/3771/3771 3777/3777/3777 3769/3769/3769
f 3769/3769/3769 3777/3777/3777 3774/3774/3774
f 3772/3772/3772 3778/3778/3778 3771/3771/3771
f 3771/3771/3771 3778/3778/3778 3777/3777/3777
f 3774/3774/3774 3779/3779/3779 3776/3776/3776
f 3776/3776/3776 3779/3779/3779 3780/3780/3780
f 3777/3777/3777 3781/3781/3781 3774/3774/3774
f 3774/3774/3774 3781/3781/3781 3779/3779/3779
f 3779/3779/3779 3782/3782/3782 3780/3780/3780
f 3780/3780/3780 3782/3782/3782 3783/3783/3783
f 3773/3773/3773 3784/3784/3784 3772/3772/3772
f 3772/3772/3772 3784/3784/3784 3778/3778/3778
f 3778/3778/3778 3785/3785/3785 3777/3777/3777
f 3777/3777/3777 3785/3785/3785 3781/3781/3781
f 3781/3781/3781 3786/3786/3786 3779/3779/3779
f 3779/3779/3779 3786/3786/3786 3782/3782/3782
f 3784/3784/3784 3787/3787/3787 3778/3778/3778
f 3778/3778/3778 3787/3787/3787 3785/3785/3785
f 3785/3785/3785 3788/3788/3788 3781/3781/3781
f 3781/3781/3781 3788/3788/3788 3786/3786/3786
f 3787/3787/3787 3789/3789/3789 3785/3785/3785
f 3785/3785/3785 3789/3789/3789 3788/3788/3788
f 3782/3782/3782 3790/3790/3790 3783/3783/3783
f 3786/3786/3786 3791/3791/3791 3782/3782/3782
f 3782/3782/3782 3791/3791/3791 3790/3790/3790
f 3788/3788/3788 3792/3792/3792 3786/3786/3786
f 3786/3786/3786 3792/3792/3792 3791/3791/3791
f 3790/3790/3790 3793/3793/3793 3783/3783/3783
f 3793/3793/3793 3794/3794/3794 3783/3783/3783
f 3794/3794/3794 3793/3793/3793 3795/3795/3795
f 3791/3791/3791 3796/3796/3796 3790/3790/3790
f 3790/3790/3790 3796/3796/3796 3793/3793/3793
f 3789/3789/3789 3797/3797/3797 3788/3788/3788
f 3788/3788/3788 3797/3797/3797 3792/3792/3792
f 3792/3792/3792 3798/3798/3798 3791/3791/3791
f 3791/3791/3791 3798/3798/3798 3796/3796/3796
f 3797/3797/3797 3799/3799/3799 3792/3792/3792
f 3792/3792/3792 3799/3799/3799 3798/3798/3798
f 3793/3793/3793 3800/3800/3800 3795/3795/3795
f 3796/3796/3796 3801/3801/3801 3793/3793/3793
f 3793/3793/3793 3801/3801/3801 3800/3800/3800
f 3798/3798/3798 3802/3802/3802 3796/3796/3796
f 3796/3796/3796 3802/3802/3802 3801/3801/3801
f 3800/3800/3800 3803/3803/3803 3795/3795/3795
f 3803/3803/3803 3804/3804/3804 3795/3795/3795
f 3801/3801/3801 3805/3805/3805 3800/3800/3800
f 3800/3800/3800 3805/3805/3805 3803/3803/3803
f 3803/3803/3803 3806/3806/3806 3804/3804/3804
f 3806/3806/3806 2939/2939/2939 3804/3804/3804
f 3806/3806/3806 2937/2937/2937 2939/2939/2939
f 3803/3803/3803 3807/3807/3807 3806/3806/3806
f 3805/3805/3805 3807/3807/3807 3803/3803/3803
f 3806/3806/3806 3808/3808/3808 2937/2937/2937
f 3807/3807/3807 3808/3808/3808 3806/3806/3806
f 3808/3808/3808 2916/2916/2916 2937/2937/2937
f 3808/3808/3808 2915/2915/2915 2916/2916/2916
f 3809/3809/3809 2915/2915/2915 3808/3808/3808
f 3807/3807/3807 3809/3809/3809 3808/3808/3808
f 3809/3809/3809 2917/2917/2917 2915/2915/2915
f 3801/3801/3801 3810/3810/3810 3805/3805/3805
f 3802/3802/3802 3810/3810/3810 3801/3801/3801
f 3805/3805/3805 3811/3811/3811 3807/3807/3807
f 3811/3811/3811 3809/3809/3809 3807/3807/3807
f 3810/3810/3810 3811/3811/3811 3805/3805/3805
f 3812/3812/3812 2917/2917/2917 3809/3809/3809
f 3811/3811/3811 3812/3812/3812 3809/3809/3809
f 3812/3812/3812 2918/2918/2918 2917/2917/2917
f 3810/3810/3810 3813/3813/3813 3811/3811/3811
f 3813/3813/3813 3812/3812/3812 3811/3811/3811
f 3814/3814/3814 2918/2918/2918 3812/3812/3812
f 3813/3813/3813 3814/3814/3814 3812/3812/3812
f 3814/3814/3814 2919/2919/2919 2918/2918/2918
f 3802/3802/3802 3815/3815/3815 3810/3810/3810
f 3815/3815/3815 3813/3813/3813 3810/3810/3810
f 3816/3816/3816 2919/2919/2919 3814/3814/3814
f 2919/2919/2919 3816/3816/3816 2832/2832/2832
f 3817/3817/3817 3814/3814/3814 3813/3813/3813
f 3815/3815/3815 3817/3817/3817 3813/3813/3813
f 3817/3817/3817 3816/3816/3816 3814/3814/3814
f 3818/3818/3818 3815/3815/3815 3802/3802/3802
f 3798/3798/3798 3818/3818/3818 3802/3802/3802
f 3799/3799/3799 3818/3818/3818 3798/3798/3798
f 3816/3816/3816 3819/3819/3819 2832/2832/2832
f 3819/3819/3819 2803/2803/2803 2832/2832/2832
f 2802/2802/2802 2803/2803/2803 3819/3819/3819
f 3820/3820/3820 3817/3817/3817 3815/3815/3815
f 3818/3818/3818 3820/3820/3820 3815/3815/3815
f 3821/3821/3821 3816/3816/3816 3817/3817/3817
f 3816/3816/3816 3821/3821/3821 3819/3819/3819
f 3820/3820/3820 3821/3821/3821 3817/3817/3817
f 3822/3822/3822 2802/2802/2802 3819/3819/3819
f 3821/3821/3821 3822/3822/3822 3819/3819/3819
f 2801/2801/2801 2802/2802/2802 3822/3822/3822
f 3799/3799/3799 3823/3823/3823 3818/3818/3818
f 3823/3823/3823 3820/3820/3820 3818/3818/3818
f 3824/3824/3824 3821/3821/3821 3820/3820/3820
f 3821/3821/3821 3824/3824/3824 3822/3822/3822
f 3823/3823/3823 3824/3824/3824 3820/3820/3820
f 3825/3825/3825 2801/2801/2801 3822/3822/3822
f 3824/3824/3824 3825/3825/3825 3822/3822/3822
f 2800/2800/2800 2801/2801/2801 3825/3825/3825
f 3826/3826/3826 3823/3823/3823 3799/3799/3799
f 3797/3797/3797 3826/3826/3826 3799/3799/3799
f 3827/3827/3827 3824/3824/3824 3823/3823/3823
f 3824/3824/3824 3827/3827/3827 3825/3825/3825
f 3826/3826/3826 3827/3827/3827 3823/3823/3823
f 3828/3828/3828 2800/2800/2800 3825/3825/3825
f 3827/3827/3827 3828/3828/3828 3825/3825/3825
f 2799/2799/2799 2800/2800/2800 3828/3828/3828
f 3829/3829/3829 3826/3826/3826 3797/3797/3797
f 3789/3789/3789 3829/3829/3829 3797/3797/3797
f 3830/3830/3830 3827/3827/3827 3826/3826/3826
f 3827/3827/3827 3830/3830/3830 3828/3828/3828
f 3829/3829/3829 3830/3830/3830 3826/3826/3826
f 3831/3831/3831 2799/2799/2799 3828/3828/3828
f 3830/3830/3830 3831/3831/3831 3828/3828/3828
f 2798/2798/2798 2799/2799/2799 3831/3831/3831
f 3832/3832/3832 3829/3829/3829 3789/3789/3789
f 3787/3787/3787 3832/3832/3832 3789/3789/3789
f 3833/3833/3833 3830/3830/3830 3829/3829/3829
f 3830/3830/3830 3833/3833/3833 3831/3831/3831
f 3832/3832/3832 3833/3833/3833 3829/3829/3829
f 3834/3834/3834 2798/2798/2798 3831/3831/3831
f 3833/3833/3833 3834/3834/3834 3831/3831/3831
f 2797/2797/2797 2798/2798/2798 3834/3834/3834
f 3835/3835/3835 3832/3832/3832 3787/3787/3787
f 3784/3784/3784 3835/3835/3835 3787/3787/3787
f 3836/3836/3836 3833/3833/3833 3832/3832/3832
f 3833/3833/3833 3836/3836/3836 3834/3834/3834
f 3835/3835/3835 3836/3836/3836 3832/3832/3832
f 3837/3837/3837 2797/2797/2797 3834/3834/3834
f 3836/3836/3836 3837/3837/3837 3834/3834/3834
f 2796/2796/2796 2797/2797/2797 3837/3837/3837
f 3838/3838/3838 3835/3835/3835 3784/3784/3784
f 3773/3773/3773 3838/3838/3838 3784/3784/3784
f 3839/3839/3839 3836/3836/3836 3835/3835/3835
f 3836/3836/3836 3839/3839/3839 3837/3837/3837
f 3838/3838/3838 3839/3839/3839 3835/3835/3835
f 3840/3840/3840 2796/2796/2796 3837/3837/3837
f 3839/3839/3839 3840/3840/3840 3837/3837/3837
f 2795/2795/2795 2796/2796/2796 3840/3840/3840
f 3841/3841/3841 3838/3838/3838 3773/3773/3773
f 3767/3767/3767 3841/3841/3841 3773/3773/3773
f 3768/3768/3768 3841/3841/3841 3767/3767/3767
f 3842/3842/3842 3839/3839/3839 3838/3838/3838
f 3839/3839/3839 3842/3842/3842 3840/3840/3840
f 3841/3841/3841 3842/3842/3842 3838/3838/3838
f 3843/3843/3843 2795/2795/2795 3840/3840/3840
f 3842/3842/3842 3843/3843/3843 3840/3840/3840
f 2794/2794/2794 2795/2795/2795 3843/3843/3843
f 3844/3844/3844 3842/3842/3842 3841/3841/3841
f 3768/3768/3768 3844/3844/3844 3841/3841/3841
f 3842/3842/3842 3844/3844/3844 3843/3843/3843
f 3845/3845/3845 2794/2794/2794 3843/3843/3843
f 3844/3844/3844 3845/3845/3845 3843/3843/3843
f 2793/2793/2793 2794/2794/2794 3845/3845/3845
f 3846/3846/3846 3844/3844/3844 3768/3768/3768
f 3844/3844/3844 3846/3846/3846 3845/3845/3845
f 3761/3761/3761 3846/3846/3846 3768/3768/3768
f 3762/3762/3762 3846/3846/3846 3761/3761/3761
f 3847/3847/3847 2793/2793/2793 3845/3845/3845
f 3846/3846/3846 3847/3847/3847 3845/3845/3845
f 3846/3846/3846 3762/3762/3762 3847/3847/3847
f 2792/2792/2792 2793/2793/2793 3847/3847/3847
f 3848/3848/3848 2792/2792/2792 3847/3847/3847
f 3762/3762/3762 3848/3848/3848 3847/3847/3847
f 2791/2791/2791 2792/2792/2792 3848/3848/3848
f 3848/3848/3848 3762/3762/3762 3849/3849/3849
f 3849/3849/3849 2791/2791/2791 3848/3848/3848
f 3762/3762/3762 3754/3754/3754 3849/3849/3849
f 2790/2790/2790 2791/2791/2791 3849/3849/3849
f 3754/3754/3754 3749/3749/3749 3849/3849/3849
f 3850/3850/3850 2790/2790/2790 3849/3849/3849
f 3749/3749/3749 3850/3850/3850 3849/3849/3849
f 2789/2789/2789 2790/2790/2790 3850/3850/3850
f 3749/3749/3749 3748/3748/3748 3850/3850/3850
f 3851/3851/3851 2789/2789/2789 3850/3850/3850
f 3748/3748/3748 3851/3851/3851 3850/3850/3850
f 2786/2786/2786 2789/2789/2789 3851/3851/3851
f 3748/3748/3748 3727/3727/3727 3851/3851/3851
f 3852/3852/3852 2786/2786/2786 3851/3851/3851
f 3727/3727/3727 3852/3852/3852 3851/3851/3851
f 2787/2787/2787 2786/2786/2786 3852/3852/3852
f 3852/3852/3852 3727/3727/3727 3693/3693/3693
f 3693/3693/3693 2787/2787/2787 3852/3852/3852
f 3855/3855/3855 3854/3854/3854 3853/3853/3853
f 3854/3854/3854 3855/3855/3855 1133/1133/1133
f 3854/3854/3854 3856/3856/3856 3853/3853/3853
f 3853/3853/3853 3856/3856/3856 3857/3857/3857
f 3858/3858/3858 3854/3854/3854 1133/1133/1133
f 1132/1132/1132 3858/3858/3858 1133/1133/1133
f 3858/3858/3858 1132/1132/1132 3859/3859/3859
f 3859/3859/3859 1132/1132/1132 1137/1137/1137
f 3854/3854/3854 3858/3858/3858 3860/3860/3860
f 3860/3860/3860 3858/3858/3858 3859/3859/3859
f 3859/3859/3859 1137/1137/1137 3861/3861/3861
f 3861/3861/3861 1137/1137/1137 1141/1141/1141
f 3856/3856/3856 3854/3854/3854 3862/3862/3862
f 3862/3862/3862 3854/3854/3854 3860/3860/3860
f 3860/3860/3860 3859/3859/3859 3863/3863/3863
f 3863/3863/3863 3859/3859/3859 3861/3861/3861
f 3861/3861/3861 1141/1141/1141 3864/3864/3864
f 3864/3864/3864 1141/1141/1141 1145/1145/1145
f 3862/3862/3862 3860/3860/3860 3865/3865/3865
f 3865/3865/3865 3860/3860/3860 3863/3863/3863
f 3863/3863/3863 3861/3861/3861 3866/3866/3866
f 3866/3866/3866 3861/3861/3861 3864/3864/3864
f 3864/3864/3864 1145/1145/1145 3867/3867/3867
f 3867/3867/3867 1145/1145/1145 1149/1149/1149
f 3865/3865/3865 3863/3863/3863 3868/3868/3868
f 3868/3868/3868 3863/3863/3863 3866/3866/3866
f 3866/3866/3866 3864/3864/3864 3869/3869/3869
f 3869/3869/3869 3864/3864/3864 3867/3867/3867
f 3867/3867/3867 1149/1149/1149 3870/3870/3870
f 3870/3870/3870 1149/1149/1149 1153/1153/1153
f 1162/1162/1162 3870/3870/3870 1153/1153/1153
f 3871/3871/3871 3867/3867/3867 3870/3870/3870
f 3869/3869/3869 3867/3867/3867 3871/3871/3871
f 1162/1162/1162 3872/3872/3872 3870/3870/3870
f 3872/3872/3872 3871/3871/3871 3870/3870/3870
f 3872/3872/3872 1162/1162/1162 1171/1171/1171
f 1186/1186/1186 3872/3872/3872 1171/1171/1171
f 3873/3873/3873 3872/3872/3872 1186/1186/1186
f 3872/3872/3872 3873/3873/3873 3871/3871/3871
f 1199/1199/1199 3873/3873/3873 1186/1186/1186
f 3874/3874/3874 3866/3866/3866 3869/3869/3869
f 3868/3868/3868 3866/3866/3866 3874/3874/3874
f 3875/3875/3875 3869/3869/3869 3871/3871/3871
f 3873/3873/3873 3875/3875/3875 3871/3871/3871
f 3874/3874/3874 3869/3869/3869 3875/3875/3875
f 3876/3876/3876 3873/3873/3873 1199/1199/1199
f 3873/3873/3873 3876/3876/3876 3875/3875/3875
f 1202/1202/1202 3876/3876/3876 1199/1199/1199
f 3877/3877/3877 3874/3874/3874 3875/3875/3875
f 3876/3876/3876 3877/3877/3877 3875/3875/3875
f 3878/3878/3878 3876/3876/3876 1202/1202/1202
f 3876/3876/3876 3878/3878/3878 3877/3877/3877
f 1204/1204/1204 3878/3878/3878 1202/1202/1202
f 3879/3879/3879 3868/3868/3868 3874/3874/3874
f 3879/3879/3879 3874/3874/3874 3877/3877/3877
f 3878/3878/3878 3880/3880/3880 3877/3877/3877
f 3880/3880/3880 3879/3879/3879 3877/3877/3877
f 3881/3881/3881 3878/3878/3878 1204/1204/1204
f 3878/3878/3878 3881/3881/3881 3880/3880/3880
f 1208/1208/1208 3881/3881/3881 1204/1204/1204
f 3882/3882/3882 3868/3868/3868 3879/3879/3879
f 3882/3882/3882 3865/3865/3865 3868/3868/3868
f 3883/3883/3883 3879/3879/3879 3880/3880/3880
f 3883/3883/3883 3882/3882/3882 3879/3879/3879
f 3881/3881/3881 3884/3884/3884 3880/3880/3880
f 3884/3884/3884 3883/3883/3883 3880/3880/3880
f 3885/3885/3885 3881/3881/3881 1208/1208/1208
f 3881/3881/3881 3885/3885/3885 3884/3884/3884
f 1220/1220/1220 3885/3885/3885 1208/1208/1208
f 3886/3886/3886 3865/3865/3865 3882/3882/3882
f 3886/3886/3886 3862/3862/3862 3865/3865/3865
f 3887/3887/3887 3882/3882/3882 3883/3883/3883
f 3887/3887/3887 3886/3886/3886 3882/3882/3882
f 3888/3888/3888 3883/3883/3883 3884/3884/3884
f 3888/3888/3888 3887/3887/3887 3883/3883/3883
f 3885/3885/3885 3889/3889/3889 3884/3884/3884
f 3889/3889/3889 3888/3888/3888 3884/3884/3884
f 3890/3890/3890 3885/3885/3885 1220/1220/1220
f 3885/3885/3885 3890/3890/3890 3889/3889/3889
f 1222/1222/1222 3890/3890/3890 1220/1220/1220
f 3891/3891/3891 3862/3862/3862 3886/3886/3886
f 3891/3891/3891 3856/3856/3856 3862/3862/3862
f 3892/3892/3892 3886/3886/3886 3887/3887/3887
f 3892/3892/3892 3891/3891/3891 3886/3886/3886
f 3893/3893/3893 3887/3887/3887 3888/3888/3888
f 3893/3893/3893 3892/3892/3892 3887/3887/3887
f 3894/3894/3894 3888/3888/3888 3889/3889/3889
f 3894/3894/3894 3893/3893/3893 3888/3888/3888
f 3890/3890/3890 3895/3895/3895 3889/3889/3889
f 3895/3895/3895 3894/3894/3894 3889/3889/3889
f 3896/3896/3896 3890/3890/3890 1222/1222/1222
f 3890/3890/3890 3896/3896/3896 3895/3895/3895
f 3897/3897/3897 3856/3856/3856 3891/3891/3891
f 3856/3856/3856 3897/3897/3897 3857/3857/3857
f 3898/3898/3898 3891/3891/3891 3892/3892/3892
f 3898/3898/3898 3897/3897/3897 3891/3891/3891
f 3897/3897/3897 3899/3899/3899 3857/3857/3857
f 3899/3899/3899 3897/3897/3897 3898/3898/3898
f 3899/3899/3899 3900/3900/3900 3857/3857/3857
f 3901/3901/3901 3892/3892/3892 3893/3893/3893
f 3901/3901/3901 3898/3898/3898 3892/3892/3892
f 3902/3902/3902 3893/3893/3893 3894/3894/3894
f 3902/3902/3902 3901/3901/3901 3893/3893/3893
f 3903/3903/3903 3894/3894/3894 3895/3895/3895
f 3903/3903/3903 3902/3902/3902 3894/3894/3894
f 3899/3899/3899 3904/3904/3904 3900/3900/3900
f 3904/3904/3904 3905/3905/3905 3900/3900/3900
f 3905/3905/3905 3904/3904/3904 3906/3906/3906
f 3907/3907/3907 3899/3899/3899 3898/3898/3898
f 3907/3907/3907 3898/3898/3898 3901/3901/3901
f 3904/3904/3904 3899/3899/3899 3907/3907/3907
f 3908/3908/3908 3901/3901/3901 3902/3902/3902
f 3908/3908/3908 3907/3907/3907 3901/3901/3901
f 3904/3904/3904 3909/3909/3909 3906/3906/3906
f 3906/3906/3906 3909/3909/3909 3910/3910/3910
f 3911/3911/3911 3904/3904/3904 3907/3907/3907
f 3911/3911/3911 3907/3907/3907 3908/3908/3908
f 3909/3909/3909 3904/3904/3904 3911/3911/3911
f 3912/3912/3912 3908/3908/3908 3902/3902/3902
f 3912/3912/3912 3902/3902/3902 3903/3903/3903
f 3909/3909/3909 3913/3913/3913 3910/3910/3910
f 3910/3910/3910 3913/3913/3913 3914/3914/3914
f 3915/3915/3915 3911/3911/3911 3908/3908/3908
f 3915/3915/3915 3908/3908/3908 3912/3912/3912
f 3916/3916/3916 3909/3909/3909 3911/3911/3911
f 3913/3913/3913 3909/3909/3909 3916/3916/3916
f 3916/3916/3916 3911/3911/3911 3915/3915/3915
f 3917/3917/3917 3912/3912/3912 3903/3903/3903
f 3918/3918/3918 3915/3915/3915 3912/3912/3912
f 3918/3918/3918 3912/3912/3912 3917/3917/3917
f 3919/3919/3919 3916/3916/3916 3915/3915/3915
f 3919/3919/3919 3915/3915/3915 3918/3918/3918
f 3920/3920/3920 3913/3913/3913 3916/3916/3916
f 3920/3920/3920 3916/3916/3916 3919/3919/3919
f 3913/3913/3913 3921/3921/3921 3914/3914/3914
f 3921/3921/3921 3913/3913/3913 3920/3920/3920
f 3921/3921/3921 3922/3922/3922 3914/3914/3914
f 3922/3922/3922 3923/3923/3923 3914/3914/3914
f 3924/3924/3924 3921/3921/3921 3920/3920/3920
f 3922/3922/3922 3921/3921/3921 3924/3924/3924
f 3925/3925/3925 3920/3920/3920 3919/3919/3919
f 3924/3924/3924 3920/3920/3920 3925/3925/3925
f 3926/3926/3926 3919/3919/3919 3918/3918/3918
f 3925/3925/3925 3919/3919/3919 3926/3926/3926
f 3922/3922/3922 3927/3927/3927 3923/3923/3923
f 3927/3927/3927 3928/3928/3928 3923/3923/3923
f 3929/3929/3929 3922/3922/3922 3924/3924/3924
f 3927/3927/3927 3922/3922/3922 3929/3929/3929
f 3930/3930/3930 3924/3924/3924 3925/3925/3925
f 3929/3929/3929 3924/3924/3924 3930/3930/3930
f 3927/3927/3927 3931/3931/3931 3928/3928/3928
f 3931/3931/3931 3932/3932/3932 3928/3928/3928
f 3933/3933/3933 3927/3927/3927 3929/3929/3929
f 3931/3931/3931 3927/3927/3927 3933/3933/3933
f 3931/3931/3931 3934/3934/3934 3932/3932/3932
f 3934/3934/3934 3935/3935/3935 3932/3932/3932
f 3935/3935/3935 3934/3934/3934 3936/3936/3936
f 3937/3937/3937 3925/3925/3925 3926/3926/3926
f 3930/3930/3930 3925/3925/3925 3937/3937/3937
f 3938/3938/3938 3929/3929/3929 3930/3930/3930
f 3933/3933/3933 3929/3929/3929 3938/3938/3938
f 3939/3939/3939 3931/3931/3931 3933/3933/3933
f 3934/3934/3934 3931/3931/3931 3939/3939/3939
f 3934/3934/3934 3940/3940/3940 3936/3936/3936
f 3936/3936/3936 3940/3940/3940 3941/3941/3941
f 3942/3942/3942 3930/3930/3930 3937/3937/3937
f 3938/3938/3938 3930/3930/3930 3942/3942/3942
f 3943/3943/3943 3933/3933/3933 3938/3938/3938
f 3939/3939/3939 3933/3933/3933 3943/3943/3943
f 3944/3944/3944 3934/3934/3934 3939/3939/3939
f 3940/3940/3940 3934/3934/3934 3944/3944/3944
f 3940/3940/3940 3945/3945/3945 3941/3941/3941
f 3941/3941/3941 3945/3945/3945 3946/3946/3946
f 3947/3947/3947 3938/3938/3938 3942/3942/3942
f 3943/3943/3943 3938/3938/3938 3947/3947/3947
f 3948/3948/3948 3939/3939/3939 3943/3943/3943
f 3944/3944/3944 3939/3939/3939 3948/3948/3948
f 3949/3949/3949 3940/3940/3940 3944/3944/3944
f 3945/3945/3945 3940/3940/3940 3949/3949/3949
f 3950/3950/3950 3943/3943/3943 3947/3947/3947
f 3948/3948/3948 3943/3943/3943 3950/3950/3950
f 3951/3951/3951 3944/3944/3944 3948/3948/3948
f 3949/3949/3949 3944/3944/3944 3951/3951/3951
f 3952/3952/3952 3948/3948/3948 3950/3950/3950
f 3951/3951/3951 3948/3948/3948 3952/3952/3952
f 3945/3945/3945 3953/3953/3953 3946/3946/3946
f 3954/3954/3954 3945/3945/3945 3949/3949/3949
f 3953/3953/3953 3945/3945/3945 3954/3954/3954
f 3955/3955/3955 3949/3949/3949 3951/3951/3951
f 3954/3954/3954 3949/3949/3949 3955/3955/3955
f 3953/3953/3953 3956/3956/3956 3946/3946/3946
f 3956/3956/3956 3957/3957/3957 3946/3946/3946
f 3958/3958/3958 3953/3953/3953 3954/3954/3954
f 3956/3956/3956 3953/3953/3953 3958/3958/3958
f 3956/3956/3956 3959/3959/3959 3957/3957/3957
f 3959/3959/3959 3960/3960/3960 3957/3957/3957
f 3961/3961/3961 3951/3951/3951 3952/3952/3952
f 3955/3955/3955 3951/3951/3951 3961/3961/3961
f 3962/3962/3962 3954/3954/3954 3955/3955/3955
f 3958/3958/3958 3954/3954/3954 3962/3962/3962
f 3963/3963/3963 3956/3956/3956 3958/3958/3958
f 3959/3959/3959 3956/3956/3956 3963/3963/3963
f 3959/3959/3959 3964/3964/3964 3960/3960/3960
f 3964/3964/3964 3965/3965/3965 3960/3960/3960
f 3965/3965/3965 3964/3964/3964 3966/3966/3966
f 3967/3967/3967 3955/3955/3955 3961/3961/3961
f 3962/3962/3962 3955/3955/3955 3967/3967/3967
f 3968/3968/3968 3958/3958/3958 3962/3962/3962
f 3963/3963/3963 3958/3958/3958 3968/3968/3968
f 3969/3969/3969 3959/3959/3959 3963/3963/3963
f 3964/3964/3964 3959/3959/3959 3969/3969/3969
f 3964/3964/3964 3970/3970/3970 3966/3966/3966
f 3966/3966/3966 3970/3970/3970 3971/3971/3971
f 3972/3972/3972 3962/3962/3962 3967/3967/3967
f 3968/3968/3968 3962/3962/3962 3972/3972/3972
f 3973/3973/3973 3963/3963/3963 3968/3968/3968
f 3969/3969/3969 3963/3963/3963 3973/3973/3973
f 3974/3974/3974 3964/3964/3964 3969/3969/3969
f 3970/3970/3970 3964/3964/3964 3974/3974/3974
f 3975/3975/3975 3968/3968/3968 3972/3972/3972
f 3973/3973/3973 3968/3968/3968 3975/3975/3975
f 3976/3976/3976 3969/3969/3969 3973/3973/3973
f 3974/3974/3974 3969/3969/3969 3976/3976/3976
f 3977/3977/3977 3973/3973/3973 3975/3975/3975
f 3976/3976/3976 3973/3973/3973 3977/3977/3977
f 3970/3970/3970 3978/3978/3978 3971/3971/3971
f 3979/3979/3979 3970/3970/3970 3974/3974/3974
f 3978/3978/3978 3970/3970/3970 3979/3979/3979
f 3980/3980/3980 3974/3974/3974 3976/3976/3976
f 3979/3979/3979 3974/3974/3974 3980/3980/3980
f 3978/3978/3978 3981/3981/3981 3971/3971/3971
f 3981/3981/3981 3982/3982/3982 3971/3971/3971
f 3983/3983/3983 3978/3978/3978 3979/3979/3979
f 3981/3981/3981 3978/3978/3978 3983/3983/3983
f 3981/3981/3981 3984/3984/3984 3982/3982/3982
f 3984/3984/3984 3985/3985/3985 3982/3982/3982
f 3985/3985/3985 3984/3984/3984 3986/3986/3986
f 3987/3987/3987 3976/3976/3976 3977/3977/3977
f 3980/3980/3980 3976/3976/3976 3987/3987/3987
f 3988/3988/3988 3979/3979/3979 3980/3980/3980
f 3983/3983/3983 3979/3979/3979 3988/3988/3988
f 3989/3989/3989 3981/3981/3981 3983/3983/3983
f 3984/3984/3984 3981/3981/3981 3989/3989/3989
f 3984/3984/3984 3990/3990/3990 3986/3986/3986
f 3986/3986/3986 3990/3990/3990 3991/3991/3991
f 3992/3992/3992 3980/3980/3980 3987/3987/3987
f 3988/3988/3988 3980/3980/3980 3992/3992/3992
f 3993/3993/3993 3983/3983/3983 3988/3988/3988
f 3989/3989/3989 3983/3983/3983 3993/3993/3993
f 3994/3994/3994 3984/3984/3984 3989/3989/3989
f 3990/3990/3990 3984/3984/3984 3994/3994/3994
f 3990/3990/3990 3995/3995/3995 3991/3991/3991
f 3991/3991/3991 3995/3995/3995 3996/3996/3996
f 3997/3997/3997 3988/3988/3988 3992/3992/3992
f 3993/3993/3993 3988/3988/3988 3997/3997/3997
f 3998/3998/3998 3989/3989/3989 3993/3993/3993
f 3994/3994/3994 3989/3989/3989 3998/3998/3998
f 3999/3999/3999 3990/3990/3990 3994/3994/3994
f 3995/3995/3995 3990/3990/3990 3999/3999/3999
f 3995/3995/3995 4000/4000/4000 3996/3996/3996
f 3996/3996/3996 4000/4000/4000 4001/4001/4001
f 4002/4002/4002 3993/3993/3993 3997/3997/3997
f 3998/3998/3998 3993/3993/3993 4002/4002/4002
f 4003/4003/4003 3994/3994/3994 3998/3998/3998
f 3999/3999/3999 3994/3994/3994 4003/4003/4003
f 4004/4004/4004 3995/3995/3995 3999/3999/3999
f 4000/4000/4000 3995/3995/3995 4004/4004/4004
f 4005/4005/4005 3998/3998/3998 4002/4002/4002
f 4003/4003/4003 3998/3998/3998 4005/4005/4005
f 4006/4006/4006 3999/3999/3999 4003/4003/4003
f 4004/4004/4004 3999/3999/3999 4006/4006/4006
f 4007/4007/4007 4003/4003/4003 4005/4005/4005
f 4006/4006/4006 4003/4003/4003 4007/4007/4007
f 4000/4000/4000 4008/4008/4008 4001/4001/4001
f 4009/4009/4009 4000/4000/4000 4004/4004/4004
f 4008/4008/4008 4000/4000/4000 4009/4009/4009
f 4010/4010/4010 4004/4004/4004 4006/4006/4006
f 4009/4009/4009 4004/4004/4004 4010/4010/4010
f 4008/4008/4008 4011/4011/4011 4001/4001/4001
f 4011/4011/4011 4012/4012/4012 4001/4001/4001
f 4013/4013/4013 4008/4008/4008 4009/4009/4009
f 4011/4011/4011 4008/4008/4008 4013/4013/4013
f 4011/4011/4011 4014/4014/4014 4012/4012/4012
f 4014/4014/4014 4015/4015/4015 4012/4012/4012
f 4016/4016/4016 4006/4006/4006 4007/4007/4007
f 4010/4010/4010 4006/4006/4006 4016/4016/4016
f 4017/4017/4017 4009/4009/4009 4010/4010/4010
f 4013/4013/4013 4009/4009/4009 4017/4017/4017
f 4018/4018/4018 4011/4011/4011 4013/4013/4013
f 4014/4014/4014 4011/4011/4011 4018/4018/4018
f 4014/4014/4014 4019/4019/4019 4015/4015/4015
f 4019/4019/4019 4020/4020/4020 4015/4015/4015
f 4020/4020/4020 4019/4019/4019 4021/4021/4021
f 4022/4022/4022 4010/4010/4010 4016/4016/4016
f 4017/4017/4017 4010/4010/4010 4022/4022/4022
f 4023/4023/4023 4013/4013/4013 4017/4017/4017
f 4018/4018/4018 4013/4013/4013 4023/4023/4023
f 4024/4024/4024 4014/4014/4014 4018/4018/4018
f 4019/4019/4019 4014/4014/4014 4024/4024/4024
f 4025/4025/4025 4017/4017/4017 4022/4022/4022
f 4023/4023/4023 4017/4017/4017 4025/4025/4025
f 4026/4026/4026 4018/4018/4018 4023/4023/4023
f 4024/4024/4024 4018/4018/4018 4026/4026/4026
f 4027/4027/4027 4023/4023/4023 4025/4025/4025
f 4026/4026/4026 4023/4023/4023 4027/4027/4027
f 4019/4019/4019 4028/4028/4028 4021/4021/4021
f 4029/4029/4029 4019/4019/4019 4024/4024/4024
f 4028/4028/4028 4019/4019/4019 4029/4029/4029
f 4030/4030/4030 4024/4024/4024 4026/4026/4026
f 4029/4029/4029 4024/4024/4024 4030/4030/4030
f 4028/4028/4028 4031/4031/4031 4021/4021/4021
f 4031/4031/4031 4032/4032/4032 4021/4021/4021
f 4033/4033/4033 4028/4028/4028 4029/4029/4029
f 4031/4031/4031 4028/4028/4028 4033/4033/4033
f 4031/4031/4031 4034/4034/4034 4032/4032/4032
f 4034/4034/4034 4035/4035/4035 4032/4032/4032
f 4035/4035/4035 4034/4034/4034 4036/4036/4036
f 4037/4037/4037 4026/4026/4026 4027/4027/4027
f 4030/4030/4030 4026/4026/4026 4037/4037/4037
f 4038/4038/4038 4029/4029/4029 4030/4030/4030
f 4033/4033/4033 4029/4029/4029 4038/4038/4038
f 4039/4039/4039 4031/4031/4031 4033/4033/4033
f 4034/4034/4034 4031/4031/4031 4039/4039/4039
f 4040/4040/4040 4030/4030/4030 4037/4037/4037
f 4038/4038/4038 4030/4030/4030 4040/4040/4040
f 4041/4041/4041 4033/4033/4033 4038/4038/4038
f 4039/4039/4039 4033/4033/4033 4041/4041/4041
f 4042/4042/4042 4038/4038/4038 4040/4040/4040
f 4041/4041/4041 4038/4038/4038 4042/4042/4042
f 4034/4034/4034 4043/4043/4043 4036/4036/4036
f 4044/4044/4044 4034/4034/4034 4039/4039/4039
f 4043/4043/4043 4034/4034/4034 4044/4044/4044
f 4045/4045/4045 4039/4039/4039 4041/4041/4041
f 4044/4044/4044 4039/4039/4039 4045/4045/4045
f 4043/4043/4043 4046/4046/4046 4036/4036/4036
f 4046/4046/4046 4047/4047/4047 4036/4036/4036
f 4047/4047/4047 4046/4046/4046 4048/4048/4048
f 4049/4049/4049 4043/4043/4043 4044/4044/4044
f 4046/4046/4046 4043/4043/4043 4049/4049/4049
f 4046/4046/4046 4050/4050/4050 4048/4048/4048
f 4048/4048/4048 4050/4050/4050 4051/4051/4051
f 4052/4052/4052 4041/4041/4041 4042/4042/4042
f 4045/4045/4045 4041/4041/4041 4052/4052/4052
f 4053/4053/4053 4044/4044/4044 4045/4045/4045
f 4049/4049/4049 4044/4044/4044 4053/4053/4053
f 4054/4054/4054 4046/4046/4046 4049/4049/4049
f 4050/4050/4050 4046/4046/4046 4054/4054/4054
f 4055/4055/4055 4045/4045/4045 4052/4052/4052
f 4053/4053/4053 4045/4045/4045 4055/4055/4055
f 4056/4056/4056 4049/4049/4049 4053/4053/4053
f 4054/4054/4054 4049/4049/4049 4056/4056/4056
f 4057/4057/4057 4053/4053/4053 4055/4055/4055
f 4056/4056/4056 4053/4053/4053 4057/4057/4057
f 4050/4050/4050 4058/4058/4058 4051/4051/4051
f 4059/4059/4059 4050/4050/4050 4054/4054/4054
f 4058/4058/4058 4050/4050/4050 4059/4059/4059
f 4060/4060/4060 4054/4054/4054 4056/4056/4056
f 4059/4059/4059 4054/4054/4054 4060/4060/4060
f 4058/4058/4058 4061/4061/4061 4051/4051/4051
f 4061/4061/4061 4062/4062/4062 4051/4051/4051
f 4063/4063/4063 4058/4058/4058 4059/4059/4059
f 4061/4061/4061 4058/4058/4058 4063/4063/4063
f 4061/4061/4061 4064/4064/4064 4062/4062/4062
f 4064/4064/4064 4065/4065/4065 4062/4062/4062
f 4066/4066/4066 4056/4056/4056 4057/4057/4057
f 4060/4060/4060 4056/4056/4056 4066/4066/4066
f 4067/4067/4067 4059/4059/4059 4060/4060/4060
f 4063/4063/4063 4059/4059/4059 4067/4067/4067
f 4068/4068/4068 4061/4061/4061 4063/4063/4063
f 4064/4064/4064 4061/4061/4061 4068/4068/4068
f 4064/4064/4064 4069/4069/4069 4065/4065/4065
f 4069/4069/4069 4070/4070/4070 4065/4065/4065
f 4071/4071/4071 4060/4060/4060 4066/4066/4066
f 4067/4067/4067 4060/4060/4060 4071/4071/4071
f 4072/4072/4072 4063/4063/4063 4067/4067/4067
f 4068/4068/4068 4063/4063/4063 4072/4072/4072
f 4073/4073/4073 4064/4064/4064 4068/4068/4068
f 4069/4069/4069 4064/4064/4064 4073/4073/4073
f 4069/4069/4069 4074/4074/4074 4070/4070/4070
f 4074/4074/4074 4075/4075/4075 4070/4070/4070
f 4075/4075/4075 4074/4074/4074 4076/4076/4076
f 4077/4077/4077 4067/4067/4067 4071/4071/4071
f 4072/4072/4072 4067/4067/4067 4077/4077/4077
f 4078/4078/4078 4068/4068/4068 4072/4072/4072
f 4073/4073/4073 4068/4068/4068 4078/4078/4078
f 4079/4079/4079 4069/4069/4069 4073/4073/4073
f 4074/4074/4074 4069/4069/4069 4079/4079/4079
f 4080/4080/4080 4072/4072/4072 4077/4077/4077
f 4078/4078/4078 4072/4072/4072 4080/4080/4080
f 4081/4081/4081 4073/4073/4073 4078/4078/4078
f 4079/4079/4079 4073/4073/4073 4081/4081/4081
f 4082/4082/4082 4078/4078/4078 4080/4080/4080
f 4081/4081/4081 4078/4078/4078 4082/4082/4082
f 4074/4074/4074 4083/4083/4083 4076/4076/4076
f 4084/4084/4084 4074/4074/4074 4079/4079/4079
f 4083/4083/4083 4074/4074/4074 4084/4084/4084
f 4085/4085/4085 4079/4079/4079 4081/4081/4081
f 4084/4084/4084 4079/4079/4079 4085/4085/4085
f 4083/4083/4083 4086/4086/4086 4076/4076/4076
f 4086/4086/4086 4087/4087/4087 4076/4076/4076
f 4088/4088/4088 4083/4083/4083 4084/4084/4084
f 4086/4086/4086 4083/4083/4083 4088/4088/4088
f 4086/4086/4086 4089/4089/4089 4087/4087/4087
f 4089/4089/4089 4090/4090/4090 4087/4087/4087
f 4091/4091/4091 4081/4081/4081 4082/4082/4082
f 4085/4085/4085 4081/4081/4081 4091/4091/4091
f 4092/4092/4092 4084/4084/4084 4085/4085/4085
f 4088/4088/4088 4084/4084/4084 4092/4092/4092
f 4093/4093/4093 4086/4086/4086 4088/4088/4088
f 4089/4089/4089 4086/4086/4086 4093/4093/4093
f 4089/4089/4089 4094/4094/4094 4090/4090/4090
f 4094/4094/4094 4095/4095/4095 4090/4090/4090
f 4095/4095/4095 4094/4094/4094 4096/4096/4096
f 4097/4097/4097 4085/4085/4085 4091/4091/4091
f 4092/4092/4092 4085/4085/4085 4097/4097/4097
f 4098/4098/4098 4088/4088/4088 4092/4092/4092
f 4093/4093/4093 4088/4088/4088 4098/4098/4098
f 4099/4099/4099 4089/4089/4089 4093/4093/4093
f 4094/4094/4094 4089/4089/4089 4099/4099/4099
f 4094/4094/4094 4100/4100/4100 4096/4096/4096
f 4096/4096/4096 4100/4100/4100 4101/4101/4101
f 4102/4102/4102 4092/4092/4092 4097/4097/4097
f 4098/4098/4098 4092/4092/4092 4102/4102/4102
f 4103/4103/4103 4093/4093/4093 4098/4098/4098
f 4099/4099/4099 4093/4093/4093 4103/4103/4103
f 4104/4104/4104 4094/4094/4094 4099/4099/4099
f 4100/4100/4100 4094/4094/4094 4104/4104/4104
f 4100/4100/4100 4105/4105/4105 4101/4101/4101
f 4101/4101/4101 4105/4105/4105 4106/4106/4106
f 4107/4107/4107 4098/4098/4098 4102/4102/4102
f 4103/4103/4103 4098/4098/4098 4107/4107/4107
f 4108/4108/4108 4099/4099/4099 4103/4103/4103
f 4104/4104/4104 4099/4099/4099 4108/4108/4108
f 4109/4109/4109 4100/4100/4100 4104/4104/4104
f 4105/4105/4105 4100/4100/4100 4109/4109/4109
f 4105/4105/4105 4110/4110/4110 4106/4106/4106
f 4106/4106/4106 4110/4110/4110 4111/4111/4111
f 4112/4112/4112 4103/4103/4103 4107/4107/4107
f 4108/4108/4108 4103/4103/4103 4112/4112/4112
f 4113/4113/4113 4104/4104/4104 4108/4108/4108
f 4109/4109/4109 4104/4104/4104 4113/4113/4113
f 4114/4114/4114 4105/4105/4105 4109/4109/4109
f 4110/4110/4110 4105/4105/4105 4114/4114/4114
f 4115/4115/4115 4108/4108/4108 4112/4112/4112
f 4113/4113/4113 4108/4108/4108 4115/4115/4115
f 4116/4116/4116 4109/4109/4109 4113/4113/4113
f 4114/4114/4114 4109/4109/4109 4116/4116/4116
f 4117/4117/4117 4113/4113/4113 4115/4115/4115
f 4116/4116/4116 4113/4113/4113 4117/4117/4117
f 4110/4110/4110 4118/4118/4118 4111/4111/4111
f 4119/4119/4119 4110/4110/4110 4114/4114/4114
f 4118/4118/4118 4110/4110/4110 4119/4119/4119
f 4120/4120/4120 4114/4114/4114 4116/4116/4116
f 4119/4119/4119 4114/4114/4114 4120/4120/4120
f 4118/4118/4118 4121/4121/4121 4111/4111/4111
f 4121/4121/4121 4122/4122/4122 4111/4111/4111
f 4123/4123/4123 4118/4118/4118 4119/4119/4119
f 4121/4121/4121 4118/4118/4118 4123/4123/4123
f 4121/4121/4121 4124/4124/4124 4122/4122/4122
f 4124/4124/4124 4125/4125/4125 4122/4122/4122
f 4126/4126/4126 4116/4116/4116 4117/4117/4117
f 4120/4120/4120 4116/4116/4116 4126/4126/4126
f 4127/4127/4127 4119/4119/4119 4120/4120/4120
f 4123/4123/4123 4119/4119/4119 4127/4127/4127
f 4128/4128/4128 4121/4121/4121 4123/4123/4123
f 4124/4124/4124 4121/4121/4121 4128/4128/4128
f 4124/4124/4124 4129/4129/4129 4125/4125/4125
f 4129/4129/4129 4130/4130/4130 4125/4125/4125
f 4130/4130/4130 4129/4129/4129 4131/4131/4131
f 4132/4132/4132 4120/4120/4120 4126/4126/4126
f 4127/4127/4127 4120/4120/4120 4132/4132/4132
f 4133/4133/4133 4123/4123/4123 4127/4127/4127
f 4128/4128/4128 4123/4123/4123 4133/4133/4133
f 4134/4134/4134 4124/4124/4124 4128/4128/4128
f 4129/4129/4129 4124/4124/4124 4134/4134/4134
f 4129/4129/4129 4135/4135/4135 4131/4131/4131
f 4131/4131/4131 4135/4135/4135 4136/4136/4136
f 4137/4137/4137 4127/4127/4127 4132/4132/4132
f 4133/4133/4133 4127/4127/4127 4137/4137/4137
f 4138/4138/4138 4128/4128/4128 4133/4133/4133
f 4134/4134/4134 4128/4128/4128 4138/4138/4138
f 4139/4139/4139 4129/4129/4129 4134/4134/4134
f 4135/4135/4135 4129/4129/4129 4139/4139/4139
f 4135/4135/4135 4140/4140/4140 4136/4136/4136
f 4136/4136/4136 4140/4140/4140 4141/4141/4141
f 4142/4142/4142 4133/4133/4133 4137/4137/4137
f 4138/4138/4138 4133/4133/4133 4142/4142/4142
f 4143/4143/4143 4134/4134/4134 4138/4138/4138
f 4139/4139/4139 4134/4134/4134 4143/4143/4143
f 4144/4144/4144 4135/4135/4135 4139/4139/4139
f 4140/4140/4140 4135/4135/4135 4144/4144/4144
f 4140/4140/4140 4145/4145/4145 4141/4141/4141
f 4141/4141/4141 4145/4145/4145 4146/4146/4146
f 4147/4147/4147 4138/4138/4138 4142/4142/4142
f 4143/4143/4143 4138/4138/4138 4147/4147/4147
f 4148/4148/4148 4139/4139/4139 4143/4143/4143
f 4144/4144/4144 4139/4139/4139 4148/4148/4148
f 4149/4149/4149 4140/4140/4140 4144/4144/4144
f 4145/4145/4145 4140/4140/4140 4149/4149/4149
f 4145/4145/4145 4150/4150/4150 4146/4146/4146
f 4146/4146/4146 4150/4150/4150 4151/4151/4151
f 4152/4152/4152 4143/4143/4143 4147/4147/4147
f 4148/4148/4148 4143/4143/4143 4152/4152/4152
f 4153/4153/4153 4144/4144/4144 4148/4148/4148
f 4149/4149/4149 4144/4144/4144 4153/4153/4153
f 4154/4154/4154 4145/4145/4145 4149/4149/4149
f 4150/4150/4150 4145/4145/4145 4154/4154/4154
f 4150/4150/4150 4155/4155/4155 4151/4151/4151
f 4151/4151/4151 4155/4155/4155 4156/4156/4156
f 4157/4157/4157 4148/4148/4148 4152/4152/4152
f 4153/4153/4153 4148/4148/4148 4157/4157/4157
f 4158/4158/4158 4149/4149/4149 4153/4153/4153
f 4154/4154/4154 4149/4149/4149 4158/4158/4158
f 4159/4159/4159 4150/4150/4150 4154/4154/4154
f 4155/4155/4155 4150/4150/4150 4159/4159/4159
f 4160/4160/4160 4153/4153/4153 4157/4157/4157
f 4158/4158/4158 4153/4153/4153 4160/4160/4160
f 4161/4161/4161 4154/4154/4154 4158/4158/4158
f 4159/4159/4159 4154/4154/4154 4161/4161/4161
f 4162/4162/4162 4158/4158/4158 4160/4160/4160
f 4161/4161/4161 4158/4158/4158 4162/4162/4162
f 4155/4155/4155 4163/4163/4163 4156/4156/4156
f 4164/4164/4164 4155/4155/4155 4159/4159/4159
f 4163/4163/4163 4155/4155/4155 4164/4164/4164
f 4165/4165/4165 4159/4159/4159 4161/4161/4161
f 4164/4164/4164 4159/4159/4159 4165/4165/4165
f 4163/4163/4163 4166/4166/4166 4156/4156/4156
f 4166/4166/4166 4167/4167/4167 4156/4156/4156
f 4167/4167/4167 4166/4166/4166 4168/4168/4168
f 4169/4169/4169 4163/4163/4163 4164/4164/4164
f 4166/4166/4166 4163/4163/4163 4169/4169/4169
f 4170/4170/4170 4161/4161/4161 4162/4162/4162
f 4165/4165/4165 4161/4161/4161 4170/4170/4170
f 4171/4171/4171 4164/4164/4164 4165/4165/4165
f 4169/4169/4169 4164/4164/4164 4171/4171/4171
f 4172/4172/4172 4165/4165/4165 4170/4170/4170
f 4171/4171/4171 4165/4165/4165 4172/4172/4172
f 4166/4166/4166 4173/4173/4173 4168/4168/4168
f 4174/4174/4174 4166/4166/4166 4169/4169/4169
f 4173/4173/4173 4166/4166/4166 4174/4174/4174
f 4175/4175/4175 4169/4169/4169 4171/4171/4171
f 4174/4174/4174 4169/4169/4169 4175/4175/4175
f 4173/4173/4173 4176/4176/4176 4168/4168/4168
f 4176/4176/4176 4177/4177/4177 4168/4168/4168
f 4177/4177/4177 4176/4176/4176 1675/1675/1675
f 4178/4178/4178 4173/4173/4173 4174/4174/4174
f 4176/4176/4176 4173/4173/4173 4178/4178/4178
f 4176/4176/4176 4179/4179/4179 1675/1675/1675
f 4179/4179/4179 1674/1674/1674 1675/1675/1675
f 1674/1674/1674 4179/4179/4179 1682/1682/1682
f 4179/4179/4179 4176/4176/4176 4180/4180/4180
f 1682/1682/1682 4179/4179/4179 4180/4180/4180
f 4180/4180/4180 4176/4176/4176 4178/4178/4178
f 4178/4178/4178 4174/4174/4174 4181/4181/4181
f 4181/4181/4181 4174/4174/4174 4175/4175/4175
f 4175/4175/4175 4171/4171/4171 4182/4182/4182
f 4182/4182/4182 4171/4171/4171 4172/4172/4172
f 1682/1682/1682 4180/4180/4180 4183/4183/4183
f 1681/1681/1681 1682/1682/1682 4183/4183/4183
f 1681/1681/1681 4183/4183/4183 1686/1686/1686
f 4180/4180/4180 4178/4178/4178 4184/4184/4184
f 4183/4183/4183 4180/4180/4180 4184/4184/4184
f 4184/4184/4184 4178/4178/4178 4181/4181/4181
f 4181/4181/4181 4175/4175/4175 4185/4185/4185
f 4185/4185/4185 4175/4175/4175 4182/4182/4182
f 1686/1686/1686 4183/4183/4183 4186/4186/4186
f 4183/4183/4183 4184/4184/4184 4186/4186/4186
f 4184/4184/4184 4181/4181/4181 4187/4187/4187
f 4187/4187/4187 4181/4181/4181 4185/4185/4185
f 4186/4186/4186 4184/4184/4184 4187/4187/4187
f 1686/1686/1686 4186/4186/4186 4188/4188/4188
f 1629/1629/1629 1686/1686/1686 4188/4188/4188
f 1629/1629/1629 4188/4188/4188 1606/1606/1606
f 4186/4186/4186 4187/4187/4187 4189/4189/4189
f 4188/4188/4188 4186/4186/4186 4189/4189/4189
f 1606/1606/1606 4188/4188/4188 4190/4190/4190
f 4188/4188/4188 4189/4189/4189 4190/4190/4190
f 4190/4190/4190 1605/1605/1605 1606/1606/1606
f 1605/1605/1605 4190/4190/4190 4191/4191/4191
f 4190/4190/4190 4189/4189/4189 4191/4191/4191
f 1610/1610/1610 1605/1605/1605 4191/4191/4191
f 4189/4189/4189 4187/4187/4187 4192/4192/4192
f 4187/4187/4187 4185/4185/4185 4192/4192/4192
f 4189/4189/4189 4192/4192/4192 4191/4191/4191
f 1610/1610/1610 4191/4191/4191 4193/4193/4193
f 4191/4191/4191 4192/4192/4192 4193/4193/4193
f 1613/1613/1613 1610/1610/1610 4193/4193/4193
f 4192/4192/4192 4185/4185/4185 4194/4194/4194
f 4192/4192/4192 4194/4194/4194 4193/4193/4193
f 4185/4185/4185 4182/4182/4182 4194/4194/4194
f 1613/1613/1613 4193/4193/4193 4195/4195/4195
f 4193/4193/4193 4194/4194/4194 4195/4195/4195
f 1616/1616/1616 1613/1613/1613 4195/4195/4195
f 4194/4194/4194 4182/4182/4182 4196/4196/4196
f 4194/4194/4194 4196/4196/4196 4195/4195/4195
f 4182/4182/4182 4172/4172/4172 4196/4196/4196
f 1616/1616/1616 4195/4195/4195 4197/4197/4197
f 4195/4195/4195 4196/4196/4196 4197/4197/4197
f 1624/1624/1624 1616/1616/1616 4197/4197/4197
f 4196/4196/4196 4172/4172/4172 4198/4198/4198
f 4196/4196/4196 4198/4198/4198 4197/4197/4197
f 4172/4172/4172 4170/4170/4170 4198/4198/4198
f 1624/1624/1624 4197/4197/4197 4199/4199/4199
f 4197/4197/4197 4198/4198/4198 4199/4199/4199
f 4198/4198/4198 4170/4170/4170 4200/4200/4200
f 4198/4198/4198 4200/4200/4200 4199/4199/4199
f 4170/4170/4170 4162/4162/4162 4200/4200/4200
f 4201/4201/4201 1624/1624/1624 4199/4199/4199
f 1624/1624/1624 4201/4201/4201 1617/1617/1617
f 4199/4199/4199 4200/4200/4200 4202/4202/4202
f 4201/4201/4201 4199/4199/4199 4202/4202/4202
f 4200/4200/4200 4162/4162/4162 4203/4203/4203
f 4200/4200/4200 4203/4203/4203 4202/4202/4202
f 4162/4162/4162 4160/4160/4160 4203/4203/4203
f 1617/1617/1617 4201/4201/4201 4204/4204/4204
f 1617/1617/1617 4204/4204/4204 1477/1477/1477
f 1477/1477/1477 4204/4204/4204 1472/1472/1472
f 4205/4205/4205 4201/4201/4201 4202/4202/4202
f 4201/4201/4201 4205/4205/4205 4204/4204/4204
f 4204/4204/4204 4206/4206/4206 1472/1472/1472
f 4204/4204/4204 4205/4205/4205 4206/4206/4206
f 1472/1472/1472 4206/4206/4206 1467/1467/1467
f 4202/4202/4202 4203/4203/4203 4207/4207/4207
f 4205/4205/4205 4202/4202/4202 4207/4207/4207
f 4203/4203/4203 4160/4160/4160 4208/4208/4208
f 4203/4203/4203 4208/4208/4208 4207/4207/4207
f 4160/4160/4160 4157/4157/4157 4208/4208/4208
f 4206/4206/4206 4209/4209/4209 1467/1467/1467
f 1467/1467/1467 4209/4209/4209 1462/1462/1462
f 4205/4205/4205 4210/4210/4210 4206/4206/4206
f 4210/4210/4210 4205/4205/4205 4207/4207/4207
f 4206/4206/4206 4210/4210/4210 4209/4209/4209
f 4207/4207/4207 4208/4208/4208 4211/4211/4211
f 4210/4210/4210 4207/4207/4207 4211/4211/4211
f 4208/4208/4208 4157/4157/4157 4212/4212/4212
f 4208/4208/4208 4212/4212/4212 4211/4211/4211
f 4157/4157/4157 4152/4152/4152 4212/4212/4212
f 4209/4209/4209 4213/4213/4213 1462/1462/1462
f 1462/1462/1462 4213/4213/4213 1456/1456/1456
f 4210/4210/4210 4214/4214/4214 4209/4209/4209
f 4214/4214/4214 4210/4210/4210 4211/4211/4211
f 4209/4209/4209 4214/4214/4214 4213/4213/4213
f 4211/4211/4211 4212/4212/4212 4215/4215/4215
f 4214/4214/4214 4211/4211/4211 4215/4215/4215
f 4212/4212/4212 4152/4152/4152 4216/4216/4216
f 4212/4212/4212 4216/4216/4216 4215/4215/4215
f 4152/4152/4152 4147/4147/4147 4216/4216/4216
f 4213/4213/4213 4217/4217/4217 1456/1456/1456
f 1456/1456/1456 4217/4217/4217 1447/1447/1447
f 4214/4214/4214 4218/4218/4218 4213/4213/4213
f 4218/4218/4218 4214/4214/4214 4215/4215/4215
f 4213/4213/4213 4218/4218/4218 4217/4217/4217
f 4215/4215/4215 4216/4216/4216 4219/4219/4219
f 4218/4218/4218 4215/4215/4215 4219/4219/4219
f 4216/4216/4216 4147/4147/4147 4220/4220/4220
f 4216/4216/4216 4220/4220/4220 4219/4219/4219
f 4147/4147/4147 4142/4142/4142 4220/4220/4220
f 4217/4217/4217 4221/4221/4221 1447/1447/1447
f 1447/1447/1447 4221/4221/4221 1445/1445/1445
f 4218/4218/4218 4222/4222/4222 4217/4217/4217
f 4222/4222/4222 4218/4218/4218 4219/4219/4219
f 4217/4217/4217 4222/4222/4222 4221/4221/4221
f 4219/4219/4219 4220/4220/4220 4223/4223/4223
f 4222/4222/4222 4219/4219/4219 4223/4223/4223
f 4220/4220/4220 4142/4142/4142 4224/4224/4224
f 4220/4220/4220 4224/4224/4224 4223/4223/4223
f 4142/4142/4142 4137/4137/4137 4224/4224/4224
f 4221/4221/4221 4225/4225/4225 1445/1445/1445
f 1445/1445/1445 4225/4225/4225 1442/1442/1442
f 4222/4222/4222 4226/4226/4226 4221/4221/4221
f 4226/4226/4226 4222/4222/4222 4223/4223/4223
f 4221/4221/4221 4226/4226/4226 4225/4225/4225
f 4223/4223/4223 4224/4224/4224 4227/4227/4227
f 4226/4226/4226 4223/4223/4223 4227/4227/4227
f 4224/4224/4224 4137/4137/4137 4228/4228/4228
f 4224/4224/4224 4228/4228/4228 4227/4227/4227
f 4137/4137/4137 4132/4132/4132 4228/4228/4228
f 4225/4225/4225 4229/4229/4229 1442/1442/1442
f 1442/1442/1442 4229/4229/4229 1437/1437/1437
f 4226/4226/4226 4230/4230/4230 4225/4225/4225
f 4230/4230/4230 4226/4226/4226 4227/4227/4227
f 4225/4225/4225 4230/4230/4230 4229/4229/4229
f 4227/4227/4227 4228/4228/4228 4231/4231/4231
f 4230/4230/4230 4227/4227/4227 4231/4231/4231
f 4228/4228/4228 4132/4132/4132 4232/4232/4232
f 4228/4228/4228 4232/4232/4232 4231/4231/4231
f 4132/4132/4132 4126/4126/4126 4232/4232/4232
f 4229/4229/4229 4233/4233/4233 1437/1437/1437
f 1437/1437/1437 4233/4233/4233 1432/1432/1432
f 4230/4230/4230 4234/4234/4234 4229/4229/4229
f 4234/4234/4234 4230/4230/4230 4231/4231/4231
f 4229/4229/4229 4234/4234/4234 4233/4233/4233
f 4231/4231/4231 4232/4232/4232 4235/4235/4235
f 4234/4234/4234 4231/4231/4231 4235/4235/4235
f 4232/4232/4232 4126/4126/4126 4236/4236/4236
f 4232/4232/4232 4236/4236/4236 4235/4235/4235
f 4126/4126/4126 4117/4117/4117 4236/4236/4236
f 4233/4233/4233 4237/4237/4237 1432/1432/1432
f 1432/1432/1432 4237/4237/4237 1427/1427/1427
f 4234/4234/4234 4238/4238/4238 4233/4233/4233
f 4238/4238/4238 4234/4234/4234 4235/4235/4235
f 4233/4233/4233 4238/4238/4238 4237/4237/4237
f 4235/4235/4235 4236/4236/4236 4239/4239/4239
f 4238/4238/4238 4235/4235/4235 4239/4239/4239
f 4236/4236/4236 4117/4117/4117 4240/4240/4240
f 4236/4236/4236 4240/4240/4240 4239/4239/4239
f 4117/4117/4117 4115/4115/4115 4240/4240/4240
f 4237/4237/4237 4241/4241/4241 1427/1427/1427
f 1427/1427/1427 4241/4241/4241 1421/1421/1421
f 4238/4238/4238 4242/4242/4242 4237/4237/4237
f 4242/4242/4242 4238/4238/4238 4239/4239/4239
f 4237/4237/4237 4242/4242/4242 4241/4241/4241
f 4239/4239/4239 4240/4240/4240 4243/4243/4243
f 4242/4242/4242 4239/4239/4239 4243/4243/4243
f 4240/4240/4240 4115/4115/4115 4244/4244/4244
f 4240/4240/4240 4244/4244/4244 4243/4243/4243
f 4115/4115/4115 4112/4112/4112 4244/4244/4244
f 4241/4241/4241 4245/4245/4245 1421/1421/1421
f 1421/1421/1421 4245/4245/4245 1412/1412/1412
f 4242/4242/4242 4246/4246/4246 4241/4241/4241
f 4246/4246/4246 4242/4242/4242 4243/4243/4243
f 4241/4241/4241 4246/4246/4246 4245/4245/4245
f 4243/4243/4243 4244/4244/4244 4247/4247/4247
f 4246/4246/4246 4243/4243/4243 4247/4247/4247
f 4244/4244/4244 4112/4112/4112 4248/4248/4248
f 4244/4244/4244 4248/4248/4248 4247/4247/4247
f 4112/4112/4112 4107/4107/4107 4248/4248/4248
f 4245/4245/4245 4249/4249/4249 1412/1412/1412
f 1412/1412/1412 4249/4249/4249 1410/1410/1410
f 4246/4246/4246 4250/4250/4250 4245/4245/4245
f 4250/4250/4250 4246/4246/4246 4247/4247/4247
f 4245/4245/4245 4250/4250/4250 4249/4249/4249
f 4247/4247/4247 4248/4248/4248 4251/4251/4251
f 4250/4250/4250 4247/4247/4247 4251/4251/4251
f 4248/4248/4248 4107/4107/4107 4252/4252/4252
f 4248/4248/4248 4252/4252/4252 4251/4251/4251
f 4107/4107/4107 4102/4102/4102 4252/4252/4252
f 4249/4249/4249 4253/4253/4253 1410/1410/1410
f 1410/1410/1410 4253/4253/4253 1407/1407/1407
f 4250/4250/4250 4254/4254/4254 4249/4249/4249
f 4254/4254/4254 4250/4250/4250 4251/4251/4251
f 4249/4249/4249 4254/4254/4254 4253/4253/4253
f 4251/4251/4251 4252/4252/4252 4255/4255/4255
f 4254/4254/4254 4251/4251/4251 4255/4255/4255
f 4252/4252/4252 4102/4102/4102 4256/4256/4256
f 4252/4252/4252 4256/4256/4256 4255/4255/4255
f 4102/4102/4102 4097/4097/4097 4256/4256/4256
f 4253/4253/4253 4257/4257/4257 1407/1407/1407
f 1407/1407/1407 4257/4257/4257 1401/1401/1401
f 4254/4254/4254 4258/4258/4258 4253/4253/4253
f 4258/4258/4258 4254/4254/4254 4255/4255/4255
f 4253/4253/4253 4258/4258/4258 4257/4257/4257
f 4255/4255/4255 4256/4256/4256 4259/4259/4259
f 4258/4258/4258 4255/4255/4255 4259/4259/4259
f 4256/4256/4256 4097/4097/4097 4260/4260/4260
f 4256/4256/4256 4260/4260/4260 4259/4259/4259
f 4097/4097/4097 4091/4091/4091 4260/4260/4260
f 4257/4257/4257 4261/4261/4261 1401/1401/1401
f 1401/1401/1401 4261/4261/4261 1396/1396/1396
f 4258/4258/4258 4262/4262/4262 4257/4257/4257
f 4262/4262/4262 4258/4258/4258 4259/4259/4259
f 4257/4257/4257 4262/4262/4262 4261/4261/4261
f 4259/4259/4259 4260/4260/4260 4263/4263/4263
f 4262/4262/4262 4259/4259/4259 4263/4263/4263
f 4260/4260/4260 4091/4091/4091 4264/4264/4264
f 4260/4260/4260 4264/4264/4264 4263/4263/4263
f 4091/4091/4091 4082/4082/4082 4264/4264/4264
f 4261/4261/4261 4265/4265/4265 1396/1396/1396
f 1396/1396/1396 4265/4265/4265 1387/1387/1387
f 4262/4262/4262 4266/4266/4266 4261/4261/4261
f 4266/4266/4266 4262/4262/4262 4263/4263/4263
f 4261/4261/4261 4266/4266/4266 4265/4265/4265
f 4263/4263/4263 4264/4264/4264 4267/4267/4267
f 4266/4266/4266 4263/4263/4263 4267/4267/4267
f 4264/4264/4264 4082/4082/4082 4268/4268/4268
f 4264/4264/4264 4268/4268/4268 4267/4267/4267
f 4082/4082/4082 4080/4080/4080 4268/4268/4268
f 4265/4265/4265 4269/4269/4269 1387/1387/1387
f 1387/1387/1387 4269/4269/4269 1385/1385/1385
f 4266/4266/4266 4270/4270/4270 4265/4265/4265
f 4270/4270/4270 4266/4266/4266 4267/4267/4267
f 4265/4265/4265 4270/4270/4270 4269/4269/4269
f 4267/4267/4267 4268/4268/4268 4271/4271/4271
f 4270/4270/4270 4267/4267/4267 4271/4271/4271
f 4268/4268/4268 4080/4080/4080 4272/4272/4272
f 4268/4268/4268 4272/4272/4272 4271/4271/4271
f 4080/4080/4080 4077/4077/4077 4272/4272/4272
f 4269/4269/4269 4273/4273/4273 1385/1385/1385
f 1385/1385/1385 4273/4273/4273 1382/1382/1382
f 4270/4270/4270 4274/4274/4274 4269/4269/4269
f 4274/4274/4274 4270/4270/4270 4271/4271/4271
f 4269/4269/4269 4274/4274/4274 4273/4273/4273
f 4271/4271/4271 4272/4272/4272 4275/4275/4275
f 4274/4274/4274 4271/4271/4271 4275/4275/4275
f 4272/4272/4272 4077/4077/4077 4276/4276/4276
f 4272/4272/4272 4276/4276/4276 4275/4275/4275
f 4077/4077/4077 4071/4071/4071 4276/4276/4276
f 4273/4273/4273 4277/4277/4277 1382/1382/1382
f 1382/1382/1382 4277/4277/4277 1372/1372/1372
f 4274/4274/4274 4278/4278/4278 4273/4273/4273
f 4278/4278/4278 4274/4274/4274 4275/4275/4275
f 4273/4273/4273 4278/4278/4278 4277/4277/4277
f 4275/4275/4275 4276/4276/4276 4279/4279/4279
f 4278/4278/4278 4275/4275/4275 4279/4279/4279
f 4276/4276/4276 4071/4071/4071 4280/4280/4280
f 4276/4276/4276 4280/4280/4280 4279/4279/4279
f 4071/4071/4071 4066/4066/4066 4280/4280/4280
f 4277/4277/4277 4281/4281/4281 1372/1372/1372
f 1372/1372/1372 4281/4281/4281 1370/1370/1370
f 4278/4278/4278 4282/4282/4282 4277/4277/4277
f 4282/4282/4282 4278/4278/4278 4279/4279/4279
f 4277/4277/4277 4282/4282/4282 4281/4281/4281
f 4282/4282/4282 4283/4283/4283 4281/4281/4281
f 4283/4283/4283 4282/4282/4282 4284/4284/4284
f 4282/4282/4282 4279/4279/4279 4284/4284/4284
f 4279/4279/4279 4280/4280/4280 4284/4284/4284
f 4280/4280/4280 4285/4285/4285 4284/4284/4284
f 4280/4280/4280 4066/4066/4066 4285/4285/4285
f 4066/4066/4066 4057/4057/4057 4285/4285/4285
f 4281/4281/4281 4286/4286/4286 1370/1370/1370
f 1370/1370/1370 4286/4286/4286 1367/1367/1367
f 4281/4281/4281 4287/4287/4287 4286/4286/4286
f 4285/4285/4285 4057/4057/4057 4288/4288/4288
f 4057/4057/4057 4055/4055/4055 4288/4288/4288
f 4286/4286/4286 4289/4289/4289 1367/1367/1367
f 1367/1367/1367 4289/4289/4289 1357/1357/1357
f 4287/4287/4287 4290/4290/4290 4286/4286/4286
f 4286/4286/4286 4290/4290/4290 4289/4289/4289
f 4289/4289/4289 4291/4291/4291 1357/1357/1357
f 1357/1357/1357 4291/4291/4291 1355/1355/1355
f 4285/4285/4285 4288/4288/4288 4292/4292/4292
f 4290/4290/4290 4287/4287/4287 4292/4292/4292
f 4293/4293/4293 4285/4285/4285 4292/4292/4292
f 4287/4287/4287 4293/4293/4293 4292/4292/4292
f 4288/4288/4288 4055/4055/4055 4294/4294/4294
f 4055/4055/4055 4052/4052/4052 4294/4294/4294
f 4292/4292/4292 4288/4288/4288 4295/4295/4295
f 4290/4290/4290 4292/4292/4292 4295/4295/4295
f 4288/4288/4288 4294/4294/4294 4295/4295/4295
f 4290/4290/4290 4296/4296/4296 4289/4289/4289
f 4289/4289/4289 4296/4296/4296 4291/4291/4291
f 4296/4296/4296 4290/4290/4290 4295/4295/4295
f 4291/4291/4291 4297/4297/4297 1355/1355/1355
f 1355/1355/1355 4297/4297/4297 1352/1352/1352
f 4296/4296/4296 4298/4298/4298 4291/4291/4291
f 4298/4298/4298 4296/4296/4296 4295/4295/4295
f 4291/4291/4291 4298/4298/4298 4297/4297/4297
f 4294/4294/4294 4052/4052/4052 4299/4299/4299
f 4052/4052/4052 4042/4042/4042 4299/4299/4299
f 4295/4295/4295 4294/4294/4294 4300/4300/4300
f 4300/4300/4300 4298/4298/4298 4295/4295/4295
f 4294/4294/4294 4299/4299/4299 4300/4300/4300
f 4297/4297/4297 4301/4301/4301 1352/1352/1352
f 1352/1352/1352 4301/4301/4301 1346/1346/1346
f 4298/4298/4298 4302/4302/4302 4297/4297/4297
f 4302/4302/4302 4298/4298/4298 4300/4300/4300
f 4297/4297/4297 4302/4302/4302 4301/4301/4301
f 4299/4299/4299 4042/4042/4042 4303/4303/4303
f 4042/4042/4042 4040/4040/4040 4303/4303/4303
f 4300/4300/4300 4299/4299/4299 4304/4304/4304
f 4304/4304/4304 4302/4302/4302 4300/4300/4300
f 4299/4299/4299 4303/4303/4303 4304/4304/4304
f 4301/4301/4301 4305/4305/4305 1346/1346/1346
f 1346/1346/1346 4305/4305/4305 1337/1337/1337
f 4303/4303/4303 4040/4040/4040 4306/4306/4306
f 4040/4040/4040 4037/4037/4037 4306/4306/4306
f 4304/4304/4304 4303/4303/4303 4307/4307/4307
f 4302/4302/4302 4304/4304/4304 4307/4307/4307
f 4303/4303/4303 4306/4306/4306 4307/4307/4307
f 4302/4302/4302 4308/4308/4308 4301/4301/4301
f 4308/4308/4308 4302/4302/4302 4307/4307/4307
f 4301/4301/4301 4308/4308/4308 4305/4305/4305
f 4305/4305/4305 4309/4309/4309 1337/1337/1337
f 1337/1337/1337 4309/4309/4309 1335/1335/1335
f 4306/4306/4306 4037/4037/4037 4310/4310/4310
f 4037/4037/4037 4027/4027/4027 4310/4310/4310
f 4307/4307/4307 4306/4306/4306 4311/4311/4311
f 4308/4308/4308 4307/4307/4307 4311/4311/4311
f 4306/4306/4306 4310/4310/4310 4311/4311/4311
f 4308/4308/4308 4312/4312/4312 4305/4305/4305
f 4312/4312/4312 4308/4308/4308 4311/4311/4311
f 4305/4305/4305 4312/4312/4312 4309/4309/4309
f 4309/4309/4309 4313/4313/4313 1335/1335/1335
f 1335/1335/1335 4313/4313/4313 1332/1332/1332
f 4310/4310/4310 4027/4027/4027 4314/4314/4314
f 4027/4027/4027 4025/4025/4025 4314/4314/4314
f 4311/4311/4311 4310/4310/4310 4315/4315/4315
f 4312/4312/4312 4311/4311/4311 4315/4315/4315
f 4310/4310/4310 4314/4314/4314 4315/4315/4315
f 4312/4312/4312 4316/4316/4316 4309/4309/4309
f 4309/4309/4309 4316/4316/4316 4313/4313/4313
f 4316/4316/4316 4312/4312/4312 4315/4315/4315
f 4313/4313/4313 4317/4317/4317 1332/1332/1332
f 1332/1332/1332 4317/4317/4317 1327/1327/1327
f 4316/4316/4316 4318/4318/4318 4313/4313/4313
f 4318/4318/4318 4316/4316/4316 4315/4315/4315
f 4313/4313/4313 4318/4318/4318 4317/4317/4317
f 4314/4314/4314 4025/4025/4025 4319/4319/4319
f 4025/4025/4025 4022/4022/4022 4319/4319/4319
f 4315/4315/4315 4314/4314/4314 4320/4320/4320
f 4320/4320/4320 4318/4318/4318 4315/4315/4315
f 4314/4314/4314 4319/4319/4319 4320/4320/4320
f 4317/4317/4317 4321/4321/4321 1327/1327/1327
f 1327/1327/1327 4321/4321/4321 1322/1322/1322
f 4319/4319/4319 4022/4022/4022 4322/4322/4322
f 4022/4022/4022 4016/4016/4016 4322/4322/4322
f 4320/4320/4320 4319/4319/4319 4323/4323/4323
f 4318/4318/4318 4320/4320/4320 4323/4323/4323
f 4319/4319/4319 4322/4322/4322 4323/4323/4323
f 4318/4318/4318 4324/4324/4324 4317/4317/4317
f 4324/4324/4324 4318/4318/4318 4323/4323/4323
f 4317/4317/4317 4324/4324/4324 4321/4321/4321
f 4321/4321/4321 4325/4325/4325 1322/1322/1322
f 1322/1322/1322 4325/4325/4325 1317/1317/1317
f 4322/4322/4322 4016/4016/4016 4326/4326/4326
f 4016/4016/4016 4007/4007/4007 4326/4326/4326
f 4323/4323/4323 4322/4322/4322 4327/4327/4327
f 4324/4324/4324 4323/4323/4323 4327/4327/4327
f 4322/4322/4322 4326/4326/4326 4327/4327/4327
f 4324/4324/4324 4328/4328/4328 4321/4321/4321
f 4328/4328/4328 4324/4324/4324 4327/4327/4327
f 4321/4321/4321 4328/4328/4328 4325/4325/4325
f 4325/4325/4325 4329/4329/4329 1317/1317/1317
f 1317/1317/1317 4329/4329/4329 1307/1307/1307
f 4326/4326/4326 4007/4007/4007 4330/4330/4330
f 4007/4007/4007 4005/4005/4005 4330/4330/4330
f 4327/4327/4327 4326/4326/4326 4331/4331/4331
f 4328/4328/4328 4327/4327/4327 4331/4331/4331
f 4326/4326/4326 4330/4330/4330 4331/4331/4331
f 4328/4328/4328 4332/4332/4332 4325/4325/4325
f 4332/4332/4332 4328/4328/4328 4331/4331/4331
f 4325/4325/4325 4332/4332/4332 4329/4329/4329
f 4329/4329/4329 4333/4333/4333 1307/1307/1307
f 1307/1307/1307 4333/4333/4333 1305/1305/1305
f 4330/4330/4330 4005/4005/4005 4334/4334/4334
f 4005/4005/4005 4002/4002/4002 4334/4334/4334
f 4331/4331/4331 4330/4330/4330 4335/4335/4335
f 4332/4332/4332 4331/4331/4331 4335/4335/4335
f 4330/4330/4330 4334/4334/4334 4335/4335/4335
f 4332/4332/4332 4336/4336/4336 4329/4329/4329
f 4336/4336/4336 4332/4332/4332 4335/4335/4335
f 4329/4329/4329 4336/4336/4336 4333/4333/4333
f 4333/4333/4333 4337/4337/4337 1305/1305/1305
f 1305/1305/1305 4337/4337/4337 1302/1302/1302
f 4334/4334/4334 4002/4002/4002 4338/4338/4338
f 4002/4002/4002 3997/3997/3997 4338/4338/4338
f 4335/4335/4335 4334/4334/4334 4339/4339/4339
f 4336/4336/4336 4335/4335/4335 4339/4339/4339
f 4334/4334/4334 4338/4338/4338 4339/4339/4339
f 4336/4336/4336 4340/4340/4340 4333/4333/4333
f 4340/4340/4340 4336/4336/4336 4339/4339/4339
f 4333/4333/4333 4340/4340/4340 4337/4337/4337
f 4337/4337/4337 4341/4341/4341 1302/1302/1302
f 1302/1302/1302 4341/4341/4341 1297/1297/1297
f 4338/4338/4338 3997/3997/3997 4342/4342/4342
f 3997/3997/3997 3992/3992/3992 4342/4342/4342
f 4339/4339/4339 4338/4338/4338 4343/4343/4343
f 4340/4340/4340 4339/4339/4339 4343/4343/4343
f 4338/4338/4338 4342/4342/4342 4343/4343/4343
f 4340/4340/4340 4344/4344/4344 4337/4337/4337
f 4344/4344/4344 4340/4340/4340 4343/4343/4343
f 4337/4337/4337 4344/4344/4344 4341/4341/4341
f 4341/4341/4341 4345/4345/4345 1297/1297/1297
f 1297/1297/1297 4345/4345/4345 1291/1291/1291
f 4342/4342/4342 3992/3992/3992 4346/4346/4346
f 3992/3992/3992 3987/3987/3987 4346/4346/4346
f 4343/4343/4343 4342/4342/4342 4347/4347/4347
f 4344/4344/4344 4343/4343/4343 4347/4347/4347
f 4342/4342/4342 4346/4346/4346 4347/4347/4347
f 4344/4344/4344 4348/4348/4348 4341/4341/4341
f 4348/4348/4348 4344/4344/4344 4347/4347/4347
f 4341/4341/4341 4348/4348/4348 4345/4345/4345
f 4345/4345/4345 4349/4349/4349 1291/1291/1291
f 1291/1291/1291 4349/4349/4349 1282/1282/1282
f 4346/4346/4346 3987/3987/3987 4350/4350/4350
f 3987/3987/3987 3977/3977/3977 4350/4350/4350
f 4347/4347/4347 4346/4346/4346 4351/4351/4351
f 4348/4348/4348 4347/4347/4347 4351/4351/4351
f 4346/4346/4346 4350/4350/4350 4351/4351/4351
f 4348/4348/4348 4352/4352/4352 4345/4345/4345
f 4352/4352/4352 4348/4348/4348 4351/4351/4351
f 4345/4345/4345 4352/4352/4352 4349/4349/4349
f 4349/4349/4349 4353/4353/4353 1282/1282/1282
f 1282/1282/1282 4353/4353/4353 1280/1280/1280
f 4350/4350/4350 3977/3977/3977 4354/4354/4354
f 3977/3977/3977 3975/3975/3975 4354/4354/4354
f 4351/4351/4351 4350/4350/4350 4355/4355/4355
f 4352/4352/4352 4351/4351/4351 4355/4355/4355
f 4350/4350/4350 4354/4354/4354 4355/4355/4355
f 4352/4352/4352 4356/4356/4356 4349/4349/4349
f 4356/4356/4356 4352/4352/4352 4355/4355/4355
f 4349/4349/4349 4356/4356/4356 4353/4353/4353
f 4353/4353/4353 4357/4357/4357 1280/1280/1280
f 1280/1280/1280 4357/4357/4357 1277/1277/1277
f 4354/4354/4354 3975/3975/3975 4358/4358/4358
f 3975/3975/3975 3972/3972/3972 4358/4358/4358
f 4355/4355/4355 4354/4354/4354 4359/4359/4359
f 4356/4356/4356 4355/4355/4355 4359/4359/4359
f 4354/4354/4354 4358/4358/4358 4359/4359/4359
f 4356/4356/4356 4360/4360/4360 4353/4353/4353
f 4360/4360/4360 4356/4356/4356 4359/4359/4359
f 4353/4353/4353 4360/4360/4360 4357/4357/4357
f 4357/4357/4357 4361/4361/4361 1277/1277/1277
f 1277/1277/1277 4361/4361/4361 1272/1272/1272
f 4358/4358/4358 3972/3972/3972 4362/4362/4362
f 3972/3972/3972 3967/3967/3967 4362/4362/4362
f 4359/4359/4359 4358/4358/4358 4363/4363/4363
f 4360/4360/4360 4359/4359/4359 4363/4363/4363
f 4358/4358/4358 4362/4362/4362 4363/4363/4363
f 4360/4360/4360 4364/4364/4364 4357/4357/4357
f 4364/4364/4364 4360/4360/4360 4363/4363/4363
f 4357/4357/4357 4364/4364/4364 4361/4361/4361
f 4361/4361/4361 4365/4365/4365 1272/1272/1272
f 1272/1272/1272 4365/4365/4365 1267/1267/1267
f 4362/4362/4362 3967/3967/3967 4366/4366/4366
f 3967/3967/3967 3961/3961/3961 4366/4366/4366
f 4363/4363/4363 4362/4362/4362 4367/4367/4367
f 4364/4364/4364 4363/4363/4363 4367/4367/4367
f 4362/4362/4362 4366/4366/4366 4367/4367/4367
f 4364/4364/4364 4368/4368/4368 4361/4361/4361
f 4368/4368/4368 4364/4364/4364 4367/4367/4367
f 4361/4361/4361 4368/4368/4368 4365/4365/4365
f 4365/4365/4365 4369/4369/4369 1267/1267/1267
f 1267/1267/1267 4369/4369/4369 1261/1261/1261
f 4366/4366/4366 3961/3961/3961 4370/4370/4370
f 3961/3961/3961 3952/3952/3952 4370/4370/4370
f 4367/4367/4367 4366/4366/4366 4371/4371/4371
f 4368/4368/4368 4367/4367/4367 4371/4371/4371
f 4366/4366/4366 4370/4370/4370 4371/4371/4371
f 4368/4368/4368 4372/4372/4372 4365/4365/4365
f 4372/4372/4372 4368/4368/4368 4371/4371/4371
f 4365/4365/4365 4372/4372/4372 4369/4369/4369
f 4369/4369/4369 4373/4373/4373 1261/1261/1261
f 1261/1261/1261 4373/4373/4373 1256/1256/1256
f 4370/4370/4370 3952/3952/3952 4374/4374/4374
f 3952/3952/3952 3950/3950/3950 4374/4374/4374
f 4371/4371/4371 4370/4370/4370 4375/4375/4375
f 4372/4372/4372 4371/4371/4371 4375/4375/4375
f 4370/4370/4370 4374/4374/4374 4375/4375/4375
f 4372/4372/4372 4376/4376/4376 4369/4369/4369
f 4376/4376/4376 4372/4372/4372 4375/4375/4375
f 4369/4369/4369 4376/4376/4376 4373/4373/4373
f 4373/4373/4373 4377/4377/4377 1256/1256/1256
f 1256/1256/1256 4377/4377/4377 1247/1247/1247
f 4374/4374/4374 3950/3950/3950 4378/4378/4378
f 3950/3950/3950 3947/3947/3947 4378/4378/4378
f 4375/4375/4375 4374/4374/4374 4379/4379/4379
f 4376/4376/4376 4375/4375/4375 4379/4379/4379
f 4374/4374/4374 4378/4378/4378 4379/4379/4379
f 4376/4376/4376 4380/4380/4380 4373/4373/4373
f 4380/4380/4380 4376/4376/4376 4379/4379/4379
f 4373/4373/4373 4380/4380/4380 4377/4377/4377
f 4377/4377/4377 4381/4381/4381 1247/1247/1247
f 1247/1247/1247 4381/4381/4381 1245/1245/1245
f 4378/4378/4378 3947/3947/3947 4382/4382/4382
f 3947/3947/3947 3942/3942/3942 4382/4382/4382
f 4379/4379/4379 4378/4378/4378 4383/4383/4383
f 4380/4380/4380 4379/4379/4379 4383/4383/4383
f 4378/4378/4378 4382/4382/4382 4383/4383/4383
f 4380/4380/4380 4384/4384/4384 4377/4377/4377
f 4384/4384/4384 4380/4380/4380 4383/4383/4383
f 4377/4377/4377 4384/4384/4384 4381/4381/4381
f 4381/4381/4381 4385/4385/4385 1245/1245/1245
f 1245/1245/1245 4385/4385/4385 1242/1242/1242
f 4382/4382/4382 3942/3942/3942 4386/4386/4386
f 3942/3942/3942 3937/3937/3937 4386/4386/4386
f 4383/4383/4383 4382/4382/4382 4387/4387/4387
f 4384/4384/4384 4383/4383/4383 4387/4387/4387
f 4382/4382/4382 4386/4386/4386 4387/4387/4387
f 4384/4384/4384 4388/4388/4388 4381/4381/4381
f 4388/4388/4388 4384/4384/4384 4387/4387/4387
f 4381/4381/4381 4388/4388/4388 4385/4385/4385
f 4385/4385/4385 4389/4389/4389 1242/1242/1242
f 1242/1242/1242 4389/4389/4389 1237/1237/1237
f 4386/4386/4386 3937/3937/3937 4390/4390/4390
f 3937/3937/3937 3926/3926/3926 4390/4390/4390
f 4387/4387/4387 4386/4386/4386 4391/4391/4391
f 4388/4388/4388 4387/4387/4387 4391/4391/4391
f 4386/4386/4386 4390/4390/4390 4391/4391/4391
f 4388/4388/4388 4392/4392/4392 4385/4385/4385
f 4392/4392/4392 4388/4388/4388 4391/4391/4391
f 4385/4385/4385 4392/4392/4392 4389/4389/4389
f 4389/4389/4389 4393/4393/4393 1237/1237/1237
f 1237/1237/1237 4393/4393/4393 1226/1226/1226
f 4390/4390/4390 3926/3926/3926 4394/4394/4394
f 3926/3926/3926 3918/3918/3918 4394/4394/4394
f 4394/4394/4394 3918/3918/3918 3917/3917/3917
f 4391/4391/4391 4390/4390/4390 4395/4395/4395
f 4392/4392/4392 4391/4391/4391 4395/4395/4395
f 4390/4390/4390 4394/4394/4394 4395/4395/4395
f 4392/4392/4392 4396/4396/4396 4389/4389/4389
f 4396/4396/4396 4392/4392/4392 4395/4395/4395
f 4389/4389/4389 4396/4396/4396 4393/4393/4393
f 4395/4395/4395 4394/4394/4394 4397/4397/4397
f 4394/4394/4394 3917/3917/3917 4397/4397/4397
f 4396/4396/4396 4395/4395/4395 4397/4397/4397
f 4393/4393/4393 4398/4398/4398 1226/1226/1226
f 1226/1226/1226 4398/4398/4398 1221/1221/1221
f 4398/4398/4398 1222/1222/1222 1221/1221/1221
f 4398/4398/4398 3896/3896/3896 1222/1222/1222
f 4396/4396/4396 4399/4399/4399 4393/4393/4393
f 4393/4393/4393 4399/4399/4399 4398/4398/4398
f 4399/4399/4399 4396/4396/4396 4397/4397/4397
f 4399/4399/4399 3896/3896/3896 4398/4398/4398
f 4397/4397/4397 3917/3917/3917 4400/4400/4400
f 4399/4399/4399 4397/4397/4397 4400/4400/4400
f 3896/3896/3896 4399/4399/4399 4400/4400/4400
f 3917/3917/3917 3903/3903/3903 4400/4400/4400
f 3896/3896/3896 4400/4400/4400 3895/3895/3895
f 4400/4400/4400 3903/3903/3903 3895/3895/3895
f 4403/4403/4403 4402/4402/4402 4401/4401/4401
f 4402/4402/4402 4403/4403/4403 4404/4404/4404
f 4402/4402/4402 4405/4405/4405 4401/4401/4401
f 4401/4401/4401 4405/4405/4405 4406/4406/4406
f 4407/4407/4407 4402/4402/4402 4404/4404/4404
f 4407/4407/4407 4404/4404/4404 4408/4408/4408
f 4405/4405/4405 4409/4409/4409 4406/4406/4406
f 4406/4406/4406 4409/4409/4409 4410/4410/4410
f 4411/4411/4411 4407/4407/4407 4408/4408/4408
f 4411/4411/4411 4408/4408/4408 4412/4412/4412
f 4409/4409/4409 4413/4413/4413 4410/4410/4410
f 4410/4410/4410 4413/4413/4413 3327/3327/3327
f 4414/4414/4414 4411/4411/4411 4412/4412/4412
f 4414/4414/4414 4412/4412/4412 4415/4415/4415
f 4413/4413/4413 4416/4416/4416 3327/3327/3327
f 4416/4416/4416 3326/3326/3326 3327/3327/3327
f 4416/4416/4416 3311/3311/3311 3326/3326/3326
f 4417/4417/4417 3311/3311/3311 4416/4416/4416
f 4413/4413/4413 4417/4417/4417 4416/4416/4416
f 4417/4417/4417 3277/3277/3277 3311/3311/3311
f 4409/4409/4409 4418/4418/4418 4413/4413/4413
f 4418/4418/4418 4417/4417/4417 4413/4413/4413
f 4419/4419/4419 3277/3277/3277 4417/4417/4417
f 4418/4418/4418 4419/4419/4419 4417/4417/4417
f 4419/4419/4419 3270/3270/3270 3277/3277/3277
f 4420/4420/4420 4418/4418/4418 4409/4409/4409
f 4405/4405/4405 4420/4420/4420 4409/4409/4409
f 4421/4421/4421 3270/3270/3270 4419/4419/4419
f 4421/4421/4421 3234/3234/3234 3270/3270/3270
f 4422/4422/4422 4419/4419/4419 4418/4418/4418
f 4420/4420/4420 4422/4422/4422 4418/4418/4418
f 4422/4422/4422 4421/4421/4421 4419/4419/4419
f 4423/4423/4423 4420/4420/4420 4405/4405/4405
f 4402/4402/4402 4423/4423/4423 4405/4405/4405
f 4424/4424/4424 3234/3234/3234 4421/4421/4421
f 4424/4424/4424 3181/3181/3181 3234/3234/3234
f 4425/4425/4425 4422/4422/4422 4420/4420/4420
f 4423/4423/4423 4425/4425/4425 4420/4420/4420
f 4426/4426/4426 4421/4421/4421 4422/4422/4422
f 4426/4426/4426 4424/4424/4424 4421/4421/4421
f 4425/4425/4425 4426/4426/4426 4422/4422/4422
f 4427/4427/4427 4423/4423/4423 4402/4402/4402
f 4407/4407/4407 4427/4427/4427 4402/4402/4402
f 4428/4428/4428 3181/3181/3181 4424/4424/4424
f 3181/3181/3181 4428/4428/4428 3179/3179/3179
f 4429/4429/4429 4424/4424/4424 4426/4426/4426
f 4429/4429/4429 4428/4428/4428 4424/4424/4424
f 4428/4428/4428 4430/4430/4430 3179/3179/3179
f 4430/4430/4430 4428/4428/4428 4429/4429/4429
f 4430/4430/4430 3180/3180/3180 3179/3179/3179
f 4431/4431/4431 4425/4425/4425 4423/4423/4423
f 4427/4427/4427 4431/4431/4431 4423/4423/4423
f 4432/4432/4432 4426/4426/4426 4425/4425/4425
f 4432/4432/4432 4429/4429/4429 4426/4426/4426
f 4431/4431/4431 4432/4432/4432 4425/4425/4425
f 4433/4433/4433 4427/4427/4427 4407/4407/4407
f 4411/4411/4411 4433/4433/4433 4407/4407/4407
f 4430/4430/4430 4434/4434/4434 3180/3180/3180
f 4434/4434/4434 3184/3184/3184 3180/3180/3180
f 4435/4435/4435 4430/4430/4430 4429/4429/4429
f 4435/4435/4435 4429/4429/4429 4432/4432/4432
f 4434/4434/4434 4430/4430/4430 4435/4435/4435
f 4436/4436/4436 4431/4431/4431 4427/4427/4427
f 4433/4433/4433 4436/4436/4436 4427/4427/4427
f 4437/4437/4437 4432/4432/4432 4431/4431/4431
f 4437/4437/4437 4435/4435/4435 4432/4432/4432
f 4436/4436/4436 4437/4437/4437 4431/4431/4431
f 4438/4438/4438 4433/4433/4433 4411/4411/4411
f 4414/4414/4414 4438/4438/4438 4411/4411/4411
f 4434/4434/4434 4439/4439/4439 3184/3184/3184
f 4439/4439/4439 3005/3005/3005 3184/3184/3184
f 4440/4440/4440 4434/4434/4434 4435/4435/4435
f 4440/4440/4440 4435/4435/4435 4437/4437/4437
f 4439/4439/4439 4434/4434/4434 4440/4440/4440
f 4441/4441/4441 4436/4436/4436 4433/4433/4433
f 4438/4438/4438 4441/4441/4441 4433/4433/4433
f 4442/4442/4442 4437/4437/4437 4436/4436/4436
f 4442/4442/4442 4440/4440/4440 4437/4437/4437
f 4441/4441/4441 4442/4442/4442 4436/4436/4436
f 4439/4439/4439 4443/4443/4443 3005/3005/3005
f 4443/4443/4443 3000/3000/3000 3005/3005/3005
f 4444/4444/4444 4439/4439/4439 4440/4440/4440
f 4444/4444/4444 4440/4440/4440 4442/4442/4442
f 4443/4443/4443 4439/4439/4439 4444/4444/4444
f 4445/4445/4445 4442/4442/4442 4441/4441/4441
f 4445/4445/4445 4444/4444/4444 4442/4442/4442
f 4446/4446/4446 4441/4441/4441 4438/4438/4438
f 4446/4446/4446 4445/4445/4445 4441/4441/4441
f 4443/4443/4443 4447/4447/4447 3000/3000/3000
f 4447/4447/4447 2999/2999/2999 3000/3000/3000
f 4448/4448/4448 4443/4443/4443 4444/4444/4444
f 4448/4448/4448 4444/4444/4444 4445/4445/4445
f 4447/4447/4447 4443/4443/4443 4448/4448/4448
f 4447/4447/4447 4449/4449/4449 2999/2999/2999
f 4449/4449/4449 2975/2975/2975 2999/2999/2999
f 4450/4450/4450 4448/4448/4448 4445/4445/4445
f 4450/4450/4450 4445/4445/4445 4446/4446/4446
f 4451/4451/4451 4447/4447/4447 4448/4448/4448
f 4449/4449/4449 4447/4447/4447 4451/4451/4451
f 4451/4451/4451 4448/4448/4448 4450/4450/4450
f 4452/4452/4452 4446/4446/4446 4438/4438/4438
f 4452/4452/4452 4438/4438/4438 4414/4414/4414
f 4449/4449/4449 4453/4453/4453 2975/2975/2975
f 4453/4453/4453 2969/2969/2969 2975/2975/2975
f 4454/4454/4454 4450/4450/4450 4446/4446/4446
f 4454/4454/4454 4446/4446/4446 4452/4452/4452
f 4455/4455/4455 4451/4451/4451 4450/4450/4450
f 4455/4455/4455 4450/4450/4450 4454/4454/4454
f 4456/4456/4456 4449/4449/4449 4451/4451/4451
f 4453/4453/4453 4449/4449/4449 4456/4456/4456
f 4456/4456/4456 4451/4451/4451 4455/4455/4455
f 4457/4457/4457 4452/4452/4452 4414/4414/4414
f 4457/4457/4457 4414/4414/4414 4415/4415/4415
f 4458/4458/4458 2969/2969/2969 4453/4453/4453
f 4458/4458/4458 4453/4453/4453 4456/4456/4456
f 4459/4459/4459 4454/4454/4454 4452/4452/4452
f 4459/4459/4459 4452/4452/4452 4457/4457/4457
f 4460/4460/4460 4457/4457/4457 4415/4415/4415
f 4460/4460/4460 4459/4459/4459 4457/4457/4457
f 4461/4461/4461 4460/4460/4460 4415/4415/4415
f 4462/4462/4462 4455/4455/4455 4454/4454/4454
f 4462/4462/4462 4454/4454/4454 4459/4459/4459
f 4463/4463/4463 4456/4456/4456 4455/4455/4455
f 4458/4458/4458 4456/4456/4456 4463/4463/4463
f 4463/4463/4463 4455/4455/4455 4462/4462/4462
f 4464/4464/4464 2969/2969/2969 4458/4458/4458
f 4464/4464/4464 4458/4458/4458 4463/4463/4463
f 2972/2972/2972 2969/2969/2969 4464/4464/4464
f 4464/4464/4464 4463/4463/4463 4465/4465/4465
f 4465/4465/4465 4463/4463/4463 4462/4462/4462
f 2972/2972/2972 4464/4464/4464 4465/4465/4465
f 4466/4466/4466 4462/4462/4462 4459/4459/4459
f 4466/4466/4466 4459/4459/4459 4460/4460/4460
f 4465/4465/4465 4462/4462/4462 4466/4466/4466
f 4467/4467/4467 4460/4460/4460 4461/4461/4461
f 4467/4467/4467 4466/4466/4466 4460/4460/4460
f 4468/4468/4468 4467/4467/4467 4461/4461/4461
f 2972/2972/2972 4465/4465/4465 4469/4469/4469
f 4469/4469/4469 4465/4465/4465 4466/4466/4466
f 4469/4469/4469 4466/4466/4466 4467/4467/4467
f 4470/4470/4470 2972/2972/2972 4469/4469/4469
f 4471/4471/4471 4467/4467/4467 4468/4468/4468
f 4471/4471/4471 4469/4469/4469 4467/4467/4467
f 4470/4470/4470 4469/4469/4469 4471/4471/4471
f 4472/4472/4472 4471/4471/4471 4468/4468/4468
f 4473/4473/4473 4470/4470/4470 4471/4471/4471
f 4471/4471/4471 4472/4472/4472 4474/4474/4474
f 4473/4473/4473 4471/4471/4471 4474/4474/4474
f 4477/4477/4477 4476/4476/4476 4475/4475/4475
f 4475/4475/4475 4476/4476/4476 4478/4478/4478
f 4479/4479/4479 4477/4477/4477 4475/4475/4475
f 4480/4480/4480 4475/4475/4475 4478/4478/4478
f 4479/4479/4479 4475/4475/4475 4481/4481/4481
f 4480/4480/4480 4482/4482/4482 4475/4475/4475
f 4475/4475/4475 4483/4483/4483 4481/4481/4481
f 4482/4482/4482 4483/4483/4483 4475/4475/4475
f 4486/4486/4486 4485/4485/4485 4484/4484/4484
f 4487/4487/4487 4486/4486/4486 4484/4484/4484
f 4488/4488/4488 4485/4485/4485 4486/4486/4486
f 4487/4487/4487 4489/4489/4489 4486/4486/4486
f 4490/4490/4490 4488/4488/4488 4486/4486/4486
f 4489/4489/4489 4491/4491/4491 4486/4486/4486
f 4490/4490/4490 4486/4486/4486 4492/4492/4492
f 4486/4486/4486 4491/4491/4491 4492/4492/4492
g TheUnsister_1
usemtl Unsister
f 4495/4495/4495 4494/4494/4494 4493/4493/4493
f 4498/4498/4498 4497/4497/4497 4496/4496/4496
f 4501/4501/4501 4500/4500/4500 4499/4499/4499
f 4503/4503/4503 4500/4500/4500 4502/4502/4502
f 4502/4502/4502 4500/4500/4500 4504/4504/4504
f 4505/4505/4505 4504/4504/4504 4500/4500/4500
f 4506/4506/4506 4504/4504/4504 4505/4505/4505
f 4506/4506/4506 4505/4505/4505 4507/4507/4507
f 4507/4507/4507 4505/4505/4505 4508/4508/4508
f 4505/4505/4505 4509/4509/4509 4508/4508/4508
f 4509/4509/4509 4510/4510/4510 4508/4508/4508
f 4508/4508/4508 4510/4510/4510 4511/4511/4511
f 4510/4510/4510 4512/4512/4512 4511/4511/4511
f 4511/4511/4511 4512/4512/4512 4513/4513/4513
f 4514/4514/4514 4513/4513/4513 4512/4512/4512
f 4515/4515/4515 4513/4513/4513 4514/4514/4514
f 4516/4516/4516 4513/4513/4513 4515/4515/4515
f 4513/4513/4513 4516/4516/4516 4517/4517/4517
f 4518/4518/4518 4517/4517/4517 4516/4516/4516
f 4519/4519/4519 4517/4517/4517 4518/4518/4518
f 4507/4507/4507 4508/4508/4508 4520/4520/4520
f 4508/4508/4508 4521/4521/4521 4520/4520/4520
f 4520/4520/4520 4521/4521/4521 4522/4522/4522
f 4522/4522/4522 4521/4521/4521 4523/4523/4523
f 4521/4521/4521 4524/4524/4524 4523/4523/4523
f 4523/4523/4523 4524/4524/4524 4525/4525/4525
f 4526/4526/4526 4525/4525/4525 4524/4524/4524
f 4527/4527/4527 4506/4506/4506 4507/4507/4507
f 4507/4507/4507 4528/4528/4528 4527/4527/4527
f 4527/4527/4527 4528/4528/4528 4529/4529/4529
f 4529/4529/4529 4528/4528/4528 4530/4530/4530
f 4528/4528/4528 4531/4531/4531 4530/4530/4530
f 4530/4530/4530 4531/4531/4531 4532/4532/4532
f 4533/4533/4533 4532/4532/4532 4531/4531/4531
f 4532/4532/4532 4533/4533/4533 4534/4534/4534
f 4535/4535/4535 4506/4506/4506 4527/4527/4527
f 4536/4536/4536 4535/4535/4535 4527/4527/4527
f 4537/4537/4537 4535/4535/4535 4536/4536/4536
f 4537/4537/4537 4538/4538/4538 4535/4535/4535
f 4539/4539/4539 4538/4538/4538 4537/4537/4537
f 4535/4535/4535 4540/4540/4540 4506/4506/4506
f 4540/4540/4540 4541/4541/4541 4506/4506/4506
f 4542/4542/4542 4540/4540/4540 4535/4535/4535
f 4540/4540/4540 4543/4543/4543 4541/4541/4541
f 4544/4544/4544 4543/4543/4543 4540/4540/4540
f 4545/4545/4545 4543/4543/4543 4544/4544/4544
f 4546/4546/4546 4543/4543/4543 4545/4545/4545
f 4547/4547/4547 4543/4543/4543 4546/4546/4546
f 4548/4548/4548 4540/4540/4540 4542/4542/4542
f 4549/4549/4549 4541/4541/4541 4543/4543/4543
f 4550/4550/4550 4549/4549/4549 4543/4543/4543
f 4551/4551/4551 4549/4549/4549 4550/4550/4550
f 4552/4552/4552 4549/4549/4549 4551/4551/4551
f 4549/4549/4549 4553/4553/4553 4541/4541/4541
f 4549/4549/4549 4552/4552/4552 4554/4554/4554
f 4555/4555/4555 4554/4554/4554 4552/4552/4552
f 4556/4556/4556 4554/4554/4554 4555/4555/4555
f 4557/4557/4557 4554/4554/4554 4556/4556/4556
f 4558/4558/4558 4557/4557/4557 4556/4556/4556
f 4559/4559/4559 4557/4557/4557 4558/4558/4558
f 4560/4560/4560 4553/4553/4553 4549/4549/4549
f 4560/4560/4560 4561/4561/4561 4553/4553/4553
f 4553/4553/4553 4561/4561/4561 4562/4562/4562
f 4563/4563/4563 4561/4561/4561 4560/4560/4560
f 4561/4561/4561 4563/4563/4563 4564/4564/4564
f 4565/4565/4565 4562/4562/4562 4561/4561/4561
f 4562/4562/4562 4565/4565/4565 4566/4566/4566
f 4564/4564/4564 4563/4563/4563 4567/4567/4567
f 4564/4564/4564 4567/4567/4567 4568/4568/4568
f 4567/4567/4567 4569/4569/4569 4568/4568/4568
f 4569/4569/4569 4567/4567/4567 4570/4570/4570
f 4567/4567/4567 4563/4563/4563 4571/4571/4571
f 4572/4572/4572 4571/4571/4571 4563/4563/4563
f 4573/4573/4573 4571/4571/4571 4572/4572/4572
f 4574/4574/4574 4571/4571/4571 4573/4573/4573
f 4571/4571/4571 4574/4574/4574 4575/4575/4575
f 4576/4576/4576 4575/4575/4575 4574/4574/4574
f 4569/4569/4569 4570/4570/4570 4577/4577/4577
f 4569/4569/4569 4577/4577/4577 4578/4578/4578
f 4579/4579/4579 4569/4569/4569 4578/4578/4578
f 4580/4580/4580 4569/4569/4569 4579/4579/4579
f 4581/4581/4581 4569/4569/4569 4580/4580/4580
f 4582/4582/4582 4569/4569/4569 4581/4581/4581
f 4569/4569/4569 4582/4582/4582 4583/4583/4583
f 4583/4583/4583 4582/4582/4582 4584/4584/4584
f 4584/4584/4584 4582/4582/4582 4585/4585/4585
f 4585/4585/4585 4582/4582/4582 4586/4586/4586
f 4586/4586/4586 4582/4582/4582 4587/4587/4587
f 4587/4587/4587 4582/4582/4582 4588/4588/4588
f 4587/4587/4587 4588/4588/4588 4589/4589/4589
f 4589/4589/4589 4588/4588/4588 4590/4590/4590
f 4587/4587/4587 4589/4589/4589 4591/4591/4591
f 4589/4589/4589 4590/4590/4590 4592/4592/4592
f 4591/4591/4591 4589/4589/4589 4593/4593/4593
f 4589/4589/4589 4592/4592/4592 4594/4594/4594
f 4591/4591/4591 4593/4593/4593 4595/4595/4595
f 4596/4596/4596 4595/4595/4595 4593/4593/4593
f 4595/4595/4595 4596/4596/4596 4597/4597/4597
f 4594/4594/4594 4592/4592/4592 4598/4598/4598
f 4594/4594/4594 4598/4598/4598 4599/4599/4599
f 4599/4599/4599 4598/4598/4598 4600/4600/4600
f 4600/4600/4600 4598/4598/4598 4601/4601/4601
f 4600/4600/4600 4601/4601/4601 4602/4602/4602
f 4602/4602/4602 4601/4601/4601 4603/4603/4603
f 4604/4604/4604 4602/4602/4602 4603/4603/4603
f 4601/4601/4601 4605/4605/4605 4603/4603/4603
f 4603/4603/4603 4605/4605/4605 4606/4606/4606
f 4606/4606/4606 4605/4605/4605 4607/4607/4607
f 4607/4607/4607 4605/4605/4605 4608/4608/4608
f 4606/4606/4606 4607/4607/4607 4609/4609/4609
f 4610/4610/4610 4606/4606/4606 4609/4609/4609
f 4607/4607/4607 4608/4608/4608 4611/4611/4611
f 4612/4612/4612 4611/4611/4611 4608/4608/4608
f 4615/4615/4615 4614/4614/4614 4613/4613/4613
f 4617/4617/4617 4613/4613/4613 4616/4616/4616
f 4618/4618/4618 4613/4613/4613 4617/4617/4617
f 4613/4613/4613 4618/4618/4618 4619/4619/4619
f 4619/4619/4619 4618/4618/4618 4620/4620/4620
f 4619/4619/4619 4620/4620/4620 4621/4621/4621
f 4621/4621/4621 4622/4622/4622 4619/4619/4619
f 4622/4622/4622 4623/4623/4623 4619/4619/4619
f 4624/4624/4624 4623/4623/4623 4622/4622/4622
f 4625/4625/4625 4624/4624/4624 4622/4622/4622
f 4625/4625/4625 4626/4626/4626 4624/4624/4624
f 4627/4627/4627 4626/4626/4626 4625/4625/4625
f 4626/4626/4626 4627/4627/4627 4628/4628/4628
f 4628/4628/4628 4627/4627/4627 4629/4629/4629
f 4629/4629/4629 4627/4627/4627 4630/4630/4630
f 4631/4631/4631 4630/4630/4630 4627/4627/4627
f 4632/4632/4632 4630/4630/4630 4631/4631/4631
f 4633/4633/4633 4632/4632/4632 4631/4631/4631
f 4634/4634/4634 4622/4622/4622 4621/4621/4621
f 4635/4635/4635 4622/4622/4622 4634/4634/4634
f 4636/4636/4636 4635/4635/4635 4634/4634/4634
f 4637/4637/4637 4635/4635/4635 4636/4636/4636
f 4635/4635/4635 4637/4637/4637 4638/4638/4638
f 4639/4639/4639 4638/4638/4638 4637/4637/4637
f 4640/4640/4640 4638/4638/4638 4639/4639/4639
f 4642/4642/4642 4621/4621/4621 4641/4641/4641
f 4621/4621/4621 4620/4620/4620 4641/4641/4641
f 4643/4643/4643 4642/4642/4642 4641/4641/4641
f 4644/4644/4644 4642/4642/4642 4643/4643/4643
f 4644/4644/4644 4645/4645/4645 4642/4642/4642
f 4646/4646/4646 4645/4645/4645 4644/4644/4644
f 4645/4645/4645 4646/4646/4646 4647/4647/4647
f 4648/4648/4648 4647/4647/4647 4646/4646/4646
f 4641/4641/4641 4620/4620/4620 4649/4649/4649
f 4641/4641/4641 4649/4649/4649 4650/4650/4650
f 4650/4650/4650 4649/4649/4649 4651/4651/4651
f 4652/4652/4652 4651/4651/4651 4649/4649/4649
f 4651/4651/4651 4652/4652/4652 4653/4653/4653
f 4649/4649/4649 4620/4620/4620 4654/4654/4654
f 4649/4649/4649 4654/4654/4654 4655/4655/4655
f 4620/4620/4620 4656/4656/4656 4654/4654/4654
f 4655/4655/4655 4654/4654/4654 4657/4657/4657
f 4654/4654/4654 4656/4656/4656 4658/4658/4658
f 4654/4654/4654 4658/4658/4658 4659/4659/4659
f 4659/4659/4659 4658/4658/4658 4660/4660/4660
f 4660/4660/4660 4658/4658/4658 4661/4661/4661
f 4661/4661/4661 4658/4658/4658 4662/4662/4662
f 4658/4658/4658 4656/4656/4656 4663/4663/4663
f 4658/4658/4658 4663/4663/4663 4664/4664/4664
f 4664/4664/4664 4663/4663/4663 4665/4665/4665
f 4665/4665/4665 4663/4663/4663 4666/4666/4666
f 4656/4656/4656 4667/4667/4667 4663/4663/4663
f 4668/4668/4668 4666/4666/4666 4663/4663/4663
f 4666/4666/4666 4668/4668/4668 4669/4669/4669
f 4669/4669/4669 4668/4668/4668 4670/4670/4670
f 4670/4670/4670 4668/4668/4668 4671/4671/4671
f 4670/4670/4670 4671/4671/4671 4672/4672/4672
f 4672/4672/4672 4671/4671/4671 4673/4673/4673
f 4663/4663/4663 4667/4667/4667 4674/4674/4674
f 4675/4675/4675 4674/4674/4674 4667/4667/4667
f 4676/4676/4676 4675/4675/4675 4667/4667/4667
f 4675/4675/4675 4677/4677/4677 4674/4674/4674
f 4678/4678/4678 4677/4677/4677 4675/4675/4675
f 4676/4676/4676 4679/4679/4679 4675/4675/4675
f 4680/4680/4680 4679/4679/4679 4676/4676/4676
f 4681/4681/4681 4677/4677/4677 4678/4678/4678
f 4682/4682/4682 4681/4681/4681 4678/4678/4678
f 4682/4682/4682 4683/4683/4683 4681/4681/4681
f 4684/4684/4684 4681/4681/4681 4683/4683/4683
f 4685/4685/4685 4677/4677/4677 4681/4681/4681
f 4685/4685/4685 4686/4686/4686 4677/4677/4677
f 4686/4686/4686 4685/4685/4685 4687/4687/4687
f 4687/4687/4687 4685/4685/4685 4688/4688/4688
f 4689/4689/4689 4688/4688/4688 4685/4685/4685
f 4690/4690/4690 4688/4688/4688 4689/4689/4689
f 4691/4691/4691 4684/4684/4684 4683/4683/4683
f 4692/4692/4692 4691/4691/4691 4683/4683/4683
f 4693/4693/4693 4692/4692/4692 4683/4683/4683
f 4693/4693/4693 4683/4683/4683 4694/4694/4694
f 4694/4694/4694 4683/4683/4683 4695/4695/4695
f 4695/4695/4695 4683/4683/4683 4696/4696/4696
f 4697/4697/4697 4696/4696/4696 4683/4683/4683
f 4698/4698/4698 4696/4696/4696 4697/4697/4697
f 4699/4699/4699 4696/4696/4696 4698/4698/4698
f 4700/4700/4700 4696/4696/4696 4699/4699/4699
f 4701/4701/4701 4696/4696/4696 4700/4700/4700
f 4702/4702/4702 4696/4696/4696 4701/4701/4701
f 4703/4703/4703 4702/4702/4702 4701/4701/4701
f 4704/4704/4704 4702/4702/4702 4703/4703/4703
f 4705/4705/4705 4703/4703/4703 4701/4701/4701
f 4706/4706/4706 4704/4704/4704 4703/4703/4703
f 4707/4707/4707 4703/4703/4703 4705/4705/4705
f 4708/4708/4708 4706/4706/4706 4703/4703/4703
f 4709/4709/4709 4707/4707/4707 4705/4705/4705
f 4709/4709/4709 4710/4710/4710 4707/4707/4707
f 4711/4711/4711 4710/4710/4710 4709/4709/4709
f 4712/4712/4712 4706/4706/4706 4708/4708/4708
f 4713/4713/4713 4712/4712/4712 4708/4708/4708
f 4714/4714/4714 4712/4712/4712 4713/4713/4713
f 4715/4715/4715 4712/4712/4712 4714/4714/4714
f 4716/4716/4716 4715/4715/4715 4714/4714/4714
f 4717/4717/4717 4715/4715/4715 4716/4716/4716
f 4718/4718/4718 4717/4717/4717 4716/4716/4716
f 4717/4717/4717 4719/4719/4719 4715/4715/4715
f 4720/4720/4720 4719/4719/4719 4717/4717/4717
f 4721/4721/4721 4719/4719/4719 4720/4720/4720
f 4719/4719/4719 4721/4721/4721 4722/4722/4722
f 4723/4723/4723 4721/4721/4721 4720/4720/4720
f 4724/4724/4724 4723/4723/4723 4720/4720/4720
f 4725/4725/4725 4722/4722/4722 4721/4721/4721
f 4726/4726/4726 4722/4722/4722 4725/4725/4725
f 4729/4729/4729 4728/4728/4728 4727/4727/4727
f 4727/4727/4727 4728/4728/4728 4730/4730/4730
f 4731/4731/4731 4730/4730/4730 4728/4728/4728
f 4730/4730/4730 4731/4731/4731 4542/4542/4542
f 4731/4731/4731 4548/4548/4548 4542/4542/4542
f 4732/4732/4732 4548/4548/4548 4731/4731/4731
f 4733/4733/4733 4548/4548/4548 4732/4732/4732
f 4735/4735/4735 4734/4734/4734 4560/4560/4560
f 4734/4734/4734 4736/4736/4736 4560/4560/4560
f 4736/4736/4736 4737/4737/4737 4560/4560/4560
f 4560/4560/4560 4737/4737/4737 4563/4563/4563
f 4738/4738/4738 4737/4737/4737 4736/4736/4736
f 4737/4737/4737 4738/4738/4738 4739/4739/4739
f 4739/4739/4739 4738/4738/4738 4740/4740/4740
f 4740/4740/4740 4738/4738/4738 4741/4741/4741
f 4742/4742/4742 4741/4741/4741 4738/4738/4738
f 4741/4741/4741 4742/4742/4742 4743/4743/4743
f 4744/4744/4744 4741/4741/4741 4743/4743/4743
f 4743/4743/4743 4742/4742/4742 4745/4745/4745
f 4746/4746/4746 4745/4745/4745 4742/4742/4742
f 4747/4747/4747 4563/4563/4563 4737/4737/4737
f 4748/4748/4748 4747/4747/4747 4737/4737/4737
f 4749/4749/4749 4747/4747/4747 4748/4748/4748
f 4750/4750/4750 4563/4563/4563 4747/4747/4747
f 4747/4747/4747 4749/4749/4749 4751/4751/4751
f 4563/4563/4563 4750/4750/4750 4752/4752/4752
f 4752/4752/4752 4750/4750/4750 4753/4753/4753
f 4751/4751/4751 4749/4749/4749 4754/4754/4754
f 4755/4755/4755 4754/4754/4754 4749/4749/4749
f 4754/4754/4754 4755/4755/4755 4756/4756/4756
f 4755/4755/4755 4757/4757/4757 4756/4756/4756
f 4758/4758/4758 4757/4757/4757 4755/4755/4755
f 4759/4759/4759 4747/4747/4747 4751/4751/4751
f 4760/4760/4760 4759/4759/4759 4751/4751/4751
f 4761/4761/4761 4759/4759/4759 4760/4760/4760
f 4762/4762/4762 4761/4761/4761 4760/4760/4760
f 4763/4763/4763 4761/4761/4761 4762/4762/4762
f 4759/4759/4759 4764/4764/4764 4747/4747/4747
f 4765/4765/4765 4764/4764/4764 4759/4759/4759
f 4766/4766/4766 4764/4764/4764 4765/4765/4765
f 4747/4747/4747 4764/4764/4764 4767/4767/4767
f 4767/4767/4767 4764/4764/4764 4768/4768/4768
f 4769/4769/4769 4747/4747/4747 4767/4767/4767
f 4770/4770/4770 4768/4768/4768 4764/4764/4764
f 4771/4771/4771 4768/4768/4768 4770/4770/4770
f 4768/4768/4768 4771/4771/4771 4772/4772/4772
f 4771/4771/4771 4773/4773/4773 4772/4772/4772
f 4772/4772/4772 4773/4773/4773 4774/4774/4774
f 4764/4764/4764 4766/4766/4766 4775/4775/4775
f 4776/4776/4776 4775/4775/4775 4766/4766/4766
f 4776/4776/4776 4766/4766/4766 4777/4777/4777
f 4775/4775/4775 4776/4776/4776 4778/4778/4778
f 4778/4778/4778 4779/4779/4779 4775/4775/4775
f 4775/4775/4775 4779/4779/4779 4780/4780/4780
f 4776/4776/4776 4777/4777/4777 4781/4781/4781
f 4782/4782/4782 4781/4781/4781 4777/4777/4777
f 4776/4776/4776 4783/4783/4783 4778/4778/4778
f 4783/4783/4783 4776/4776/4776 4784/4784/4784
f 4783/4783/4783 4784/4784/4784 4785/4785/4785
f 4786/4786/4786 4785/4785/4785 4784/4784/4784
f 4787/4787/4787 4778/4778/4778 4783/4783/4783
f 4778/4778/4778 4787/4787/4787 4788/4788/4788
f 4789/4789/4789 4788/4788/4788 4787/4787/4787
f 4788/4788/4788 4789/4789/4789 4790/4790/4790
f 4790/4790/4790 4789/4789/4789 4791/4791/4791
f 4791/4791/4791 4789/4789/4789 4792/4792/4792
f 4794/4794/4794 4793/4793/4793 4778/4778/4778
f 4793/4793/4793 4794/4794/4794 4795/4795/4795
f 4793/4793/4793 4795/4795/4795 4796/4796/4796
f 4797/4797/4797 4796/4796/4796 4795/4795/4795
f 4798/4798/4798 4778/4778/4778 4793/4793/4793
f 4799/4799/4799 4778/4778/4778 4798/4798/4798
f 4799/4799/4799 4779/4779/4779 4778/4778/4778
f 4798/4798/4798 4800/4800/4800 4799/4799/4799
f 4800/4800/4800 4798/4798/4798 4801/4801/4801
f 4802/4802/4802 4801/4801/4801 4798/4798/4798
f 4801/4801/4801 4802/4802/4802 4803/4803/4803
f 4804/4804/4804 4779/4779/4779 4799/4799/4799
f 4804/4804/4804 4799/4799/4799 4805/4805/4805
f 4806/4806/4806 4779/4779/4779 4804/4804/4804
f 4806/4806/4806 4804/4804/4804 4807/4807/4807
f 4779/4779/4779 4806/4806/4806 4808/4808/4808
f 4811/4811/4811 4810/4810/4810 4809/4809/4809
f 4812/4812/4812 4810/4810/4810 4811/4811/4811
f 4810/4810/4810 4812/4812/4812 4813/4813/4813
f 4813/4813/4813 4812/4812/4812 4814/4814/4814
f 4577/4577/4577 4814/4814/4814 4812/4812/4812
f 4570/4570/4570 4814/4814/4814 4577/4577/4577
f 4814/4814/4814 4570/4570/4570 4815/4815/4815
f 4815/4815/4815 4570/4570/4570 4816/4816/4816
f 4570/4570/4570 4817/4817/4817 4816/4816/4816
f 4818/4818/4818 4815/4815/4815 4816/4816/4816
f 4819/4819/4819 4815/4815/4815 4818/4818/4818
f 4815/4815/4815 4819/4819/4819 4820/4820/4820
f 4821/4821/4821 4820/4820/4820 4819/4819/4819
f 4822/4822/4822 4820/4820/4820 4821/4821/4821
f 4816/4816/4816 4817/4817/4817 4823/4823/4823
f 4817/4817/4817 4824/4824/4824 4823/4823/4823
f 4825/4825/4825 4823/4823/4823 4824/4824/4824
f 4823/4823/4823 4825/4825/4825 4826/4826/4826
f 4827/4827/4827 4826/4826/4826 4825/4825/4825
f 4828/4828/4828 4826/4826/4826 4827/4827/4827
f 4829/4829/4829 4828/4828/4828 4827/4827/4827
f 4830/4830/4830 4826/4826/4826 4828/4828/4828
f 4826/4826/4826 4830/4830/4830 4831/4831/4831
f 4831/4831/4831 4830/4830/4830 4832/4832/4832
f 4828/4828/4828 4829/4829/4829 4833/4833/4833
f 4834/4834/4834 4833/4833/4833 4829/4829/4829
f 4833/4833/4833 4834/4834/4834 4835/4835/4835
f 4837/4837/4837 4747/4747/4747 4836/4836/4836
f 4836/4836/4836 4747/4747/4747 4838/4838/4838
f 4747/4747/4747 4769/4769/4769 4838/4838/4838
f 4838/4838/4838 4769/4769/4769 4839/4839/4839
f 4839/4839/4839 4769/4769/4769 4840/4840/4840
f 4841/4841/4841 4839/4839/4839 4840/4840/4840
f 4842/4842/4842 4839/4839/4839 4841/4841/4841
f 4840/4840/4840 4769/4769/4769 4843/4843/4843
f 4843/4843/4843 4769/4769/4769 4844/4844/4844
f 4845/4845/4845 4844/4844/4844 4769/4769/4769
f 4846/4846/4846 4844/4844/4844 4845/4845/4845
f 4844/4844/4844 4846/4846/4846 4847/4847/4847
f 4848/4848/4848 4844/4844/4844 4847/4847/4847
f 4844/4844/4844 4849/4849/4849 4843/4843/4843
f 4844/4844/4844 4848/4848/4848 4850/4850/4850
f 4851/4851/4851 4850/4850/4850 4848/4848/4848
f 4852/4852/4852 4850/4850/4850 4851/4851/4851
f 4853/4853/4853 4850/4850/4850 4852/4852/4852
f 4854/4854/4854 4850/4850/4850 4853/4853/4853
f 4854/4854/4854 4855/4855/4855 4850/4850/4850
f 4856/4856/4856 4855/4855/4855 4854/4854/4854
f 4857/4857/4857 4855/4855/4855 4856/4856/4856
f 4857/4857/4857 4858/4858/4858 4855/4855/4855
f 4859/4859/4859 4858/4858/4858 4857/4857/4857
f 4858/4858/4858 4859/4859/4859 4860/4860/4860
f 4861/4861/4861 4860/4860/4860 4859/4859/4859
f 4862/4862/4862 4860/4860/4860 4861/4861/4861
f 4863/4863/4863 4862/4862/4862 4861/4861/4861
f 4864/4864/4864 4862/4862/4862 4863/4863/4863
f 4862/4862/4862 4864/4864/4864 4865/4865/4865
f 4866/4866/4866 4865/4865/4865 4864/4864/4864
f 4865/4865/4865 4866/4866/4866 4867/4867/4867
f 4866/4866/4866 4868/4868/4868 4867/4867/4867
f 4869/4869/4869 4867/4867/4867 4868/4868/4868
f 4870/4870/4870 4868/4868/4868 4866/4866/4866
f 4871/4871/4871 4868/4868/4868 4870/4870/4870
f 4872/4872/4872 4871/4871/4871 4870/4870/4870
f 4873/4873/4873 4868/4868/4868 4871/4871/4871
f 4876/4876/4876 4875/4875/4875 4874/4874/4874
f 4876/4876/4876 4877/4877/4877 4875/4875/4875
f 4878/4878/4878 4877/4877/4877 4876/4876/4876
f 4877/4877/4877 4878/4878/4878 4879/4879/4879
f 4878/4878/4878 4849/4849/4849 4879/4879/4879
f 4843/4843/4843 4849/4849/4849 4878/4878/4878
f 4877/4877/4877 4880/4880/4880 4875/4875/4875
f 4875/4875/4875 4880/4880/4880 4881/4881/4881
f 4879/4879/4879 4849/4849/4849 4882/4882/4882
f 4879/4879/4879 4882/4882/4882 4883/4883/4883
f 4883/4883/4883 4884/4884/4884 4879/4879/4879
f 4884/4884/4884 4885/4885/4885 4879/4879/4879
f 4879/4879/4879 4885/4885/4885 4886/4886/4886
f 4886/4886/4886 4885/4885/4885 4887/4887/4887
f 4888/4888/4888 4879/4879/4879 4886/4886/4886
f 4879/4879/4879 4888/4888/4888 4889/4889/4889
f 4889/4889/4889 4888/4888/4888 4890/4890/4890
f 4890/4890/4890 4891/4891/4891 4889/4889/4889
f 4889/4889/4889 4891/4891/4891 4892/4892/4892
f 4892/4892/4892 4891/4891/4891 4893/4893/4893
f 4892/4892/4892 4893/4893/4893 4894/4894/4894
f 4895/4895/4895 4894/4894/4894 4893/4893/4893
f 4896/4896/4896 4894/4894/4894 4895/4895/4895
f 4894/4894/4894 4896/4896/4896 4897/4897/4897
f 4898/4898/4898 4897/4897/4897 4896/4896/4896
f 4899/4899/4899 4898/4898/4898 4896/4896/4896
f 4900/4900/4900 4897/4897/4897 4898/4898/4898
f 4903/4903/4903 4902/4902/4902 4901/4901/4901
f 4904/4904/4904 4902/4902/4902 4903/4903/4903
f 4902/4902/4902 4904/4904/4904 4905/4905/4905
f 4655/4655/4655 4905/4905/4905 4904/4904/4904
f 4655/4655/4655 4657/4657/4657 4905/4905/4905
f 4905/4905/4905 4657/4657/4657 4906/4906/4906
f 4907/4907/4907 4906/4906/4906 4657/4657/4657
f 4909/4909/4909 4674/4674/4674 4908/4908/4908
f 4908/4908/4908 4674/4674/4674 4910/4910/4910
f 4674/4674/4674 4911/4911/4911 4910/4910/4910
f 4910/4910/4910 4911/4911/4911 4912/4912/4912
f 4677/4677/4677 4911/4911/4911 4674/4674/4674
f 4913/4913/4913 4912/4912/4912 4911/4911/4911
f 4914/4914/4914 4912/4912/4912 4913/4913/4913
f 4912/4912/4912 4914/4914/4914 4915/4915/4915
f 4912/4912/4912 4915/4915/4915 4916/4916/4916
f 4917/4917/4917 4916/4916/4916 4915/4915/4915
f 4917/4917/4917 4915/4915/4915 4918/4918/4918
f 4916/4916/4916 4917/4917/4917 4919/4919/4919
f 4920/4920/4920 4916/4916/4916 4919/4919/4919
f 4921/4921/4921 4911/4911/4911 4677/4677/4677
f 4921/4921/4921 4922/4922/4922 4911/4911/4911
f 4922/4922/4922 4921/4921/4921 4923/4923/4923
f 4924/4924/4924 4921/4921/4921 4677/4677/4677
f 4925/4925/4925 4923/4923/4923 4921/4921/4921
f 4926/4926/4926 4924/4924/4924 4677/4677/4677
f 4927/4927/4927 4924/4924/4924 4926/4926/4926
f 4928/4928/4928 4923/4923/4923 4925/4925/4925
f 4923/4923/4923 4928/4928/4928 4929/4929/4929
f 4929/4929/4929 4928/4928/4928 4930/4930/4930
f 4931/4931/4931 4929/4929/4929 4930/4930/4930
f 4929/4929/4929 4931/4931/4931 4932/4932/4932
f 4925/4925/4925 4921/4921/4921 4933/4933/4933
f 4925/4925/4925 4933/4933/4933 4934/4934/4934
f 4934/4934/4934 4933/4933/4933 4935/4935/4935
f 4934/4934/4934 4935/4935/4935 4936/4936/4936
f 4936/4936/4936 4935/4935/4935 4937/4937/4937
f 4938/4938/4938 4933/4933/4933 4921/4921/4921
f 4933/4933/4933 4938/4938/4938 4939/4939/4939
f 4939/4939/4939 4938/4938/4938 4940/4940/4940
f 4941/4941/4941 4938/4938/4938 4921/4921/4921
f 4942/4942/4942 4938/4938/4938 4941/4941/4941
f 4943/4943/4943 4941/4941/4941 4921/4921/4921
f 4942/4942/4942 4944/4944/4944 4938/4938/4938
f 4944/4944/4944 4942/4942/4942 4945/4945/4945
f 4946/4946/4946 4945/4945/4945 4942/4942/4942
f 4946/4946/4946 4947/4947/4947 4945/4945/4945
f 4948/4948/4948 4947/4947/4947 4946/4946/4946
f 4949/4949/4949 4940/4940/4940 4938/4938/4938
f 4949/4949/4949 4950/4950/4950 4940/4940/4940
f 4951/4951/4951 4940/4940/4940 4950/4950/4950
f 4952/4952/4952 4950/4950/4950 4949/4949/4949
f 4949/4949/4949 4953/4953/4953 4952/4952/4952
f 4954/4954/4954 4953/4953/4953 4949/4949/4949
f 4955/4955/4955 4951/4951/4951 4950/4950/4950
f 4956/4956/4956 4951/4951/4951 4955/4955/4955
f 4952/4952/4952 4957/4957/4957 4950/4950/4950
f 4950/4950/4950 4957/4957/4957 4958/4958/4958
f 4959/4959/4959 4958/4958/4958 4957/4957/4957
f 4960/4960/4960 4958/4958/4958 4959/4959/4959
f 4957/4957/4957 4952/4952/4952 4961/4961/4961
f 4962/4962/4962 4961/4961/4961 4952/4952/4952
f 4961/4961/4961 4962/4962/4962 4963/4963/4963
f 4964/4964/4964 4963/4963/4963 4962/4962/4962
f 4965/4965/4965 4963/4963/4963 4964/4964/4964
f 4966/4966/4966 4963/4963/4963 4965/4965/4965
f 4952/4952/4952 4968/4968/4968 4967/4967/4967
f 4967/4967/4967 4968/4968/4968 4969/4969/4969
f 4970/4970/4970 4969/4969/4969 4968/4968/4968
f 4971/4971/4971 4969/4969/4969 4970/4970/4970
f 4968/4968/4968 4952/4952/4952 4972/4972/4972
f 4952/4952/4952 4973/4973/4973 4972/4972/4972
f 4952/4952/4952 4953/4953/4953 4973/4973/4973
f 4973/4973/4973 4974/4974/4974 4972/4972/4972
f 4975/4975/4975 4972/4972/4972 4974/4974/4974
f 4975/4975/4975 4976/4976/4976 4972/4972/4972
f 4977/4977/4977 4976/4976/4976 4975/4975/4975
f 4973/4973/4973 4953/4953/4953 4978/4978/4978
f 4979/4979/4979 4973/4973/4973 4978/4978/4978
f 4980/4980/4980 4978/4978/4978 4953/4953/4953
f 4981/4981/4981 4980/4980/4980 4953/4953/4953
f 4982/4982/4982 4978/4978/4978 4980/4980/4980
f 4985/4985/4985 4984/4984/4984 4983/4983/4983
f 4983/4983/4983 4984/4984/4984 4986/4986/4986
f 4987/4987/4987 4986/4986/4986 4984/4984/4984
f 4988/4988/4988 4986/4986/4986 4987/4987/4987
f 4986/4986/4986 4988/4988/4988 4691/4691/4691
f 4691/4691/4691 4988/4988/4988 4684/4684/4684
f 4989/4989/4989 4684/4684/4684 4988/4988/4988
f 4990/4990/4990 4684/4684/4684 4989/4989/4989
f 4990/4990/4990 4991/4991/4991 4684/4684/4684
f 4989/4989/4989 4992/4992/4992 4990/4990/4990
f 4992/4992/4992 4989/4989/4989 4993/4993/4993
f 4994/4994/4994 4993/4993/4993 4989/4989/4989
f 4993/4993/4993 4994/4994/4994 4995/4995/4995
f 4996/4996/4996 4995/4995/4995 4994/4994/4994
f 4997/4997/4997 4991/4991/4991 4990/4990/4990
f 4997/4997/4997 4998/4998/4998 4991/4991/4991
f 4998/4998/4998 4997/4997/4997 4999/4999/4999
f 5000/5000/5000 4999/4999/4999 4997/4997/4997
f 4999/4999/4999 5000/5000/5000 5001/5001/5001
f 5001/5001/5001 5000/5000/5000 5002/5002/5002
f 5001/5001/5001 5002/5002/5002 5003/5003/5003
f 5002/5002/5002 5000/5000/5000 5004/5004/5004
f 5005/5005/5005 5004/5004/5004 5000/5000/5000
f 5006/5006/5006 5004/5004/5004 5005/5005/5005
f 5007/5007/5007 5003/5003/5003 5002/5002/5002
f 5007/5007/5007 5008/5008/5008 5003/5003/5003
f 5009/5009/5009 5008/5008/5008 5007/5007/5007
f 5011/5011/5011 5010/5010/5010 4921/4921/4921
f 5010/5010/5010 5012/5012/5012 4921/4921/4921
f 5012/5012/5012 4943/4943/4943 4921/4921/4921
f 5013/5013/5013 4943/4943/4943 5012/5012/5012
f 5014/5014/5014 4943/4943/4943 5013/5013/5013
f 5015/5015/5015 5014/5014/5014 5013/5013/5013
f 5016/5016/5016 5015/5015/5015 5013/5013/5013
f 5017/5017/5017 4943/4943/4943 5014/5014/5014
f 5018/5018/5018 4943/4943/4943 5017/5017/5017
f 4943/4943/4943 5018/5018/5018 5019/5019/5019
f 5019/5019/5019 5018/5018/5018 5020/5020/5020
f 5020/5020/5020 5018/5018/5018 5021/5021/5021
f 5018/5018/5018 5022/5022/5022 5021/5021/5021
f 5017/5017/5017 5023/5023/5023 5018/5018/5018
f 5024/5024/5024 5022/5022/5022 5018/5018/5018
f 5022/5022/5022 5024/5024/5024 5025/5025/5025
f 5025/5025/5025 5024/5024/5024 5026/5026/5026
f 5026/5026/5026 5024/5024/5024 5027/5027/5027
f 5027/5027/5027 5024/5024/5024 5028/5028/5028
f 5024/5024/5024 5029/5029/5029 5028/5028/5028
f 5028/5028/5028 5029/5029/5029 5030/5030/5030
f 5030/5030/5030 5029/5029/5029 5031/5031/5031
f 5029/5029/5029 5032/5032/5032 5031/5031/5031
f 5031/5031/5031 5032/5032/5032 5033/5033/5033
f 5034/5034/5034 5033/5033/5033 5032/5032/5032
f 5033/5033/5033 5034/5034/5034 5035/5035/5035
f 5035/5035/5035 5034/5034/5034 5036/5036/5036
f 5035/5035/5035 5036/5036/5036 5037/5037/5037
f 5037/5037/5037 5036/5036/5036 5038/5038/5038
f 5039/5039/5039 5038/5038/5038 5036/5036/5036
f 5039/5039/5039 5040/5040/5040 5038/5038/5038
f 5041/5041/5041 5040/5040/5040 5039/5039/5039
f 5041/5041/5041 5042/5042/5042 5040/5040/5040
f 5043/5043/5043 5042/5042/5042 5041/5041/5041
f 5040/5040/5040 5042/5042/5042 5044/5044/5044
f 5044/5044/5044 5042/5042/5042 5045/5045/5045
f 5046/5046/5046 5045/5045/5045 5042/5042/5042
f 5047/5047/5047 5044/5044/5044 5045/5045/5045
f 5050/5050/5050 5049/5049/5049 5048/5048/5048
f 5049/5049/5049 5051/5051/5051 5048/5048/5048
f 5048/5048/5048 5051/5051/5051 5052/5052/5052
f 5053/5053/5053 5052/5052/5052 5051/5051/5051
f 5053/5053/5053 5023/5023/5023 5052/5052/5052
f 5052/5052/5052 5023/5023/5023 5017/5017/5017
f 5049/5049/5049 5054/5054/5054 5051/5051/5051
f 5055/5055/5055 5054/5054/5054 5049/5049/5049
f 5056/5056/5056 5023/5023/5023 5053/5053/5053
f 5057/5057/5057 5056/5056/5056 5053/5053/5053
f 5053/5053/5053 5058/5058/5058 5057/5057/5057
f 5053/5053/5053 5059/5059/5059 5058/5058/5058
f 5060/5060/5060 5059/5059/5059 5053/5053/5053
f 5061/5061/5061 5059/5059/5059 5060/5060/5060
f 5060/5060/5060 5053/5053/5053 5062/5062/5062
f 5063/5063/5063 5062/5062/5062 5053/5053/5053
f 5064/5064/5064 5062/5062/5062 5063/5063/5063
f 5063/5063/5063 5065/5065/5065 5064/5064/5064
f 5066/5066/5066 5065/5065/5065 5063/5063/5063
f 5067/5067/5067 5065/5065/5065 5066/5066/5066
f 5068/5068/5068 5067/5067/5067 5066/5066/5066
f 5068/5068/5068 5069/5069/5069 5067/5067/5067
f 5069/5069/5069 5068/5068/5068 5070/5070/5070
f 5071/5071/5071 5070/5070/5070 5068/5068/5068
f 5070/5070/5070 5071/5071/5071 5072/5072/5072
f 5073/5073/5073 5072/5072/5072 5071/5071/5071
f 5074/5074/5074 5070/5070/5070 5072/5072/5072