mtllib materials.mtl
g SonsoftheBow
v -0.767754197 0.100000016 0.367372513
v -0.767586768 0.100000009 0.300000012
v -0.498778105 0.100000009 0.300000012
v 0.512640953 0.100000009 0.300000012
v 0.77113539 0.100000009 0.300000012
v 0.76671344 0.100000009 0.322461873
v 0.759616256 0.100000001 0.34511438
v 0.750091851 0.100000001 0.367935061
v -0.767718732 0.100000016 0.424958289
v 0.738390446 0.099999994 0.390864253
v 0.724765599 0.099999994 0.413832545
v 0.692772269 0.0999999866 0.459559143
v -0.778502941 0.100000009 0.474194169
v 0.637932479 0.0999999791 0.53853792
v -0.789956629 0.100000009 0.516386271
v -0.841582775 0.0999999791 0.63625741
v 0.56684494 0.0999999642 0.623418927
v 0.499900877 0.0999999568 0.680154622
v -0.885290504 0.0999999568 0.713893116
v 0.45548296 0.0999999568 0.715415835
v -0.949060142 0.099996902 0.771168113
v 0.432043612 0.0999999493 0.733780921
v 0.421674907 0.0999999493 0.745312095
v 0.417556942 0.0999999493 0.762543559
v 0.415943086 0.0999999419 0.799625576
v -1.01820147 0.0999999419 0.812769175
v 0.415588558 0.0999999344 0.868702471
v -1.08172214 0.0999968871 0.84432441
v -1.13357985 0.0999999344 0.874260485
v 0.416016579 0.0999999195 0.969209075
v -1.17113984 0.0999968797 0.909941673
v -1.19298518 0.0999999195 0.952189624
v -1.19862306 0.0999999121 0.994703412
v 0.416955411 0.0999999046 1.08445704
v -1.18889356 0.0999999121 1.02881861
v -1.16666162 0.0999999046 1.05156076
v -1.13690448 0.0999999046 1.06696618
v -1.10559595 0.0999999046 1.08304
v -1.07745159 0.0999998972 1.10560775
v 0.418159187 0.0999998897 1.18715119
v -1.05544508 0.0999998972 1.13700652
v -1.04085529 0.0999998897 1.17674351
v -1.0333848 0.0999998823 1.22310376
v 0.418790638 0.0999998823 1.25925231
v -1.03119528 0.0999998748 1.27357161
v 0.417182207 0.0999998748 1.29967976
v -1.03120804 0.0999968275 1.32504559
v 0.41119498 0.0999998748 1.32119846
v 0.399791479 0.0999998674 1.33626938
v -1.02997458 0.0999998674 1.37444687
v 0.383767903 0.0999998674 1.3504653
v 0.365628421 0.0999998674 1.36335135
v 0.348813236 0.0999998674 1.3741045
v 0.337269485 0.0999998599 1.38463569
v -1.02395654 0.0999998599 1.41891432
v 0.335099161 0.0999998599 1.39915156
v 0.344367683 0.0999998599 1.42050695
v -1.01004136 0.0999998525 1.456043
v 0.363651156 0.0999998525 1.44778967
v 0.388409615 0.0999998525 1.47656059
v -0.987329721 0.0999968052 1.48470712
v 0.414602935 0.099999845 1.50179458
v -0.957815886 0.099999845 1.50537515
v 0.441548169 0.099999845 1.52020526
v -0.925727606 0.099999845 1.51994443
v -0.894681156 0.099999845 1.5310297
v 0.47183466 0.099999845 1.53035283
v 0.508561015 0.099999845 1.53220725
v -0.866382539 0.099999845 1.5416348
v 0.955583692 0.0999998376 1.55543995
v -0.840775311 0.0999998376 1.55494022
v -0.816979885 0.0999998376 1.5732367
v 0.992071927 0.0999998376 1.58405018
v -0.793807805 0.0999998376 1.59734654
v 1.03421903 0.0999998301 1.61600995
v -0.76985997 0.0999998301 1.62665057
v 1.07727373 0.0999998301 1.64879584
v -0.744041324 0.0999998227 1.65940523
v 1.11449957 0.0999998227 1.67917538
v -0.715894997 0.0999998227 1.6929493
v 1.14175785 0.0999998227 1.70526552
v -0.685674489 0.0999998152 1.72389603
v 1.15860903 0.0999998152 1.72704101
v 0.925503671 0.099999845 1.5310905
v 0.552735686 0.099999845 1.52673674
v 0.603119552 0.099999845 1.51585507
v 0.89904356 0.099999845 1.51060128
v 0.657010436 0.099999845 1.50220323
v 0.872438431 0.099999845 1.49387598
v 0.711122513 0.0999998525 1.48890233
v 0.84229511 0.0999998525 1.48196888
v 0.761743903 0.0999968052 1.47946835
v 0.80580318 0.0999968052 1.47682214
v -0.654792011 0.0999998152 1.74959826
v 1.16709352 0.0999998152 1.74680948
v 1.16839778 0.0999998078 1.77049446
v -0.626164079 0.0999998152 1.76928186
v -0.603980005 0.0999967605 1.78403449
v 1.16187251 0.0999998078 1.80798078
v -0.591181219 0.0999998078 1.79598236
v -0.587137163 0.0999998078 1.80753231
v -0.58759141 0.0999998078 1.82127714
v 1.14590061 0.0999998003 1.87014484
v -0.586373925 0.0999998003 1.83960104
v -0.577284217 0.0999998003 1.86424088
v -0.55445528 0.0999997929 1.89620328
v 1.12076724 0.0999997854 1.95909929
v -0.515070498 0.0999997929 1.93512034
v -0.462925136 0.0999997854 1.97840667
v 1.08967865 0.0999997705 2.06472683
v -0.408660591 0.099999778 2.02123928
v -0.365065634 0.0999997705 2.05844164
v -0.339740157 0.0999997705 2.08741999
v 1.0577538 0.0999997556 2.16794515
v -0.333993435 0.0999997631 2.10858846
v -0.344808578 0.0999997631 2.12406492
v -0.368502259 0.0999997631 2.13524461
v -0.401442885 0.0999967158 2.14234447
v -0.44000417 0.0999997631 2.14511871
v -0.577832222 0.0999997631 2.14852548
v -0.48045814 0.0999997631 2.14446282
v -0.552024543 0.0999997631 2.14335275
v -0.518958569 0.0999997631 2.14278603
v -0.596582472 0.0999997556 2.15925622
v -0.609864414 0.0999967083 2.17525363
v 1.02795386 0.0999997482 2.25387287
v -0.618598223 0.0999997556 2.19553804
v -0.622316599 0.0999967009 2.21863842
v -0.619309366 0.0999997482 2.24284935
v -0.607224822 0.0999997482 2.26722169
v 0.999338329 0.0999997407 2.31747031
v -0.583326697 0.0999997407 2.29197645
v -0.545188189 0.0999997407 2.31820726
v 0.967830837 0.0999997333 2.36233068
v -0.493946493 0.0999997333 2.3464191
v -0.435938597 0.0999997333 2.37579608
v 0.930111229 0.0999997258 2.39419174
v -0.381663144 0.0999997258 2.40447927
v 0.885610282 0.0999997258 2.41761041
v -0.339464188 0.0999966785 2.43131471
v 0.836309969 0.0999966711 2.43590903
v -0.311741829 0.0999997184 2.45690298
v 0.785164297 0.0999997184 2.45150709
v 0.735134065 0.0999997184 2.46612501
v -0.295414746 0.0999966711 2.48344612
v 0.689035416 0.0999997184 2.48085999
v 0.648750186 0.0999966636 2.49669409
v -0.286397815 0.0999997109 2.51332712
v 0.61464864 0.0999997109 2.51485872
v -0.282805741 0.0999997035 2.54809713
v 0.585701823 0.0999997109 2.53674054
v 0.56081605 0.0999997035 2.56279445
v -0.284853816 0.0999997035 2.58839393
v 0.539992273 0.0999997035 2.59160209
v -0.292355716 0.099999696 2.63374519
v 0.524330676 0.099999696 2.61996579
v 0.515090406 0.099999696 2.644835
v -0.302590549 0.0999996886 2.6824007
v 0.512713969 0.0999996886 2.6652956
v 0.516790628 0.0999996886 2.68265176
v -0.310414135 0.0999996811 2.73144269
v 0.526864707 0.0999966413 2.69884706
v 0.543434083 0.0999996811 2.71451092
v 0.568014026 0.0999996811 2.72878003
v 0.602088451 0.0999996811 2.74024129
v -0.3112517 0.0999966264 2.77817678
v 0.645571411 0.0999996811 2.74833179
v 0.69660455 0.0999996811 2.75351024
v 0.752259076 0.0999996811 2.75647616
v 0.809762657 0.0999966338 2.75679994
v 1.29444492 0.0999996737 2.77771664
v 0.866736233 0.0999996811 2.75269985
v 0.921609521 0.0999996811 2.742064
v 1.28344047 0.0999996662 2.82338715
v -0.304136097 0.0999996737 2.82153893
v -0.291839361 0.0999996662 2.86215758
v 1.25138569 0.0999966189 2.87018561
v -0.278716981 0.0999996588 2.90130544
v 1.18985403 0.0999996588 2.92488623
v -0.268101215 0.0999996513 2.93964005
v 1.2903676 0.0999996811 2.73151445
v 0.974489331 0.0999996811 2.72459149
v 1.02732611 0.0999996886 2.70226288
v 1.27271557 0.0999996886 2.68997884
v 1.08255994 0.0999996886 2.67907691
v 1.24040878 0.0999996886 2.66207004
v 1.13972616 0.0999996886 2.66037869
v 1.19455135 0.099999696 2.65265822
v 1.09696639 0.0999996439 2.99143815
v -0.262013614 0.0999996513 2.97706151
v -0.261460423 0.0999996439 3.01282597
v 0.981642544 0.0999996364 3.06720638
v -0.266859055 0.0999996364 3.04571247
v -0.278106749 0.0999996364 3.07405877
v 0.861818314 0.0999965817 3.14391875
v -0.294745922 0.0999996364 3.09607983
v -0.316250205 0.099999629 3.11042166
v -0.34206599 0.099999629 3.11625719
v -0.701586843 0.099999629 3.13334274
v -0.371324897 0.099999629 3.11338496
v -0.402252257 0.0999965817 3.10241294
v -0.675529063 0.099999629 3.15569901
v 0.754167855 0.0999965668 3.2133007
v -0.653446138 0.0999996215 3.16744661
v -0.730715334 0.099999629 3.10128188
v -0.432056785 0.0999965891 3.08479977
v -0.633319736 0.0999996215 3.17171597
v -0.759055436 0.0999996364 3.06450748
v -0.457817912 0.0999996364 3.06258845
v -0.478665769 0.0999996439 3.03775883
v -0.78185463 0.0999996439 3.02922106
v -0.49635148 0.0999965966 3.01205754
v -0.796088874 0.0999996439 2.99918771
v -0.514505267 0.0999996513 2.98705363
v -0.800746024 0.0999996513 2.97533774
v -0.536437511 0.0999996513 2.96431518
v -0.795973718 0.0999996513 2.95686436
v -0.611902773 0.0999996215 3.17330217
v -0.564429581 0.0999996513 2.94546223
v -0.78179121 0.0999996513 2.94288611
v -0.75792104 0.0999996588 2.93270802
v -0.599489868 0.0999996588 2.93198442
v -0.724592805 0.0999996588 2.92597842
v -0.640520215 0.0999996588 2.92459106
v -0.683995903 0.0999996588 2.92296386
v -0.586306751 0.0999996215 3.17643952
v -0.554241478 0.0999996215 3.18454432
v -0.515391231 0.0999996215 3.19927025
v -0.472950161 0.0999996141 3.21945477
v 0.668302417 0.0999996066 3.270262
v -0.433641553 0.0999965668 3.24116278
v -0.405379951 0.0999996141 3.26020908
v -0.394162059 0.0999996066 3.2755115
v 0.607055068 0.0999996066 3.3129425
v -0.403637886 0.0999996066 3.28945661
v -0.434683442 0.0999996066 3.30625582
v -0.484722316 0.0999995992 3.3293457
v 0.569875181 0.0999995992 3.34219527
v -0.547671318 0.0999995992 3.3609767
v 0.555112302 0.0999995992 3.36123395
v -0.615534782 0.0999965444 3.40258646
v 0.560159087 0.0999995992 3.37535501
v 0.581653357 0.0999995917 3.38976765
v 0.61564064 0.0999995917 3.40785265
v -0.68142122 0.0999995843 3.45550609
v 0.657633841 0.0999995917 3.43111515
v 0.703124881 0.0999995843 3.45989871
v -0.740150928 0.0999995768 3.52106667
v 0.748072863 0.0999995768 3.49407268
v 0.788958549 0.0999965295 3.53308487
v -0.788456917 0.0999995694 3.59908748
v 0.822956204 0.0999995694 3.57594991
v 0.848127842 0.0999995619 3.62122917
v -0.825433552 0.0999995545 3.68446088
v 0.86341536 0.0999995545 3.66705608
v 0.86815834 0.0999964997 3.71156812
v -0.852637589 0.0999995396 3.76638246
v 0.861439049 0.099999547 3.75349593
v 0.842047811 0.0999964923 3.79222798
v -0.873551905 0.0999995321 3.83174109
v 0.809660912 0.0999995321 3.82744813
v 0.766745627 0.0999995321 3.85855556
v -0.892129242 0.0999995321 3.87433052
v 0.408456743 0.0999995321 3.86997914
v 0.718802214 0.0999995247 3.88457322
v 0.395008504 0.0999995247 3.87739944
v 0.431526601 0.0999995321 3.87413669
v -0.912355304 0.0999995247 3.89754105
v 0.465120971 0.0999995247 3.88649225
v 0.387100697 0.0999995247 3.8977406
v -0.937489927 0.0999995247 3.91178465
v 0.672139347 0.0999995247 3.9042809
v 0.506095886 0.0999995247 3.90197945
v 0.548733115 0.0999995247 3.9146173
v 0.629583478 0.0999995247 3.91647792
v 0.589652836 0.0999995247 3.92005229
v 0.380419314 0.0999995247 3.92916894
v -0.967610538 0.0999964774 3.92601681
v -0.998743773 0.0999995172 3.94471622
v 0.371488094 0.0999964699 3.96626496
v -0.674491525 0.0999995172 3.96215653
v -1.02399445 0.0999995172 3.96848726
v -0.639609337 0.0999995172 3.9626689
v -0.709163725 0.0999995172 3.97351813
v -1.03805912 0.0999995098 3.99661899
v -0.743896186 0.0999995098 3.99682927
v -1.03915048 0.0999995098 4.02817249
v -0.780286312 0.0999995098 4.02936745
v -1.02855861 0.0999995023 4.06173992
v -0.819801331 0.0999995023 4.06614733
v -1.00832677 0.0999995023 4.09414196
v -0.862094581 0.0999994949 4.10053587
v -0.980064571 0.0999994949 4.11977005
v -0.904882669 0.0999994949 4.12448025
v -0.945033789 0.0999994949 4.13133907
v -0.605576813 0.0999995172 3.97230983
v 0.357928753 0.0999995098 4.00115395
v -0.257901013 0.0999995098 3.98862267
v -0.573569417 0.0999995172 3.98754025
v -0.543626964 0.0999995098 4.00596571
v -0.241788104 0.0999964625 3.99071479
v -0.275755465 0.0999964625 3.99576759
v -0.226013184 0.0999995098 4.0019331
v -0.297334433 0.0999964625 4.01184511
v -0.514592111 0.0999995098 4.02641726
v -0.323730052 0.0999995098 4.03428507
v -0.484944046 0.0999995023 4.04750443
v -0.354437709 0.0999995023 4.05736399
v -0.453821957 0.0999995023 4.0658288
v -0.387570024 0.0999995023 4.07306385
v -0.421144605 0.099996455 4.07592487
v 0.339435935 0.0999995098 4.02809668
v -0.210073858 0.0999964625 4.02215576
v -0.194049224 0.0999995023 4.05073309
v 0.318200648 0.099996455 4.04548168
v 0.298305035 0.0999995023 4.05542564
v -0.177800387 0.0999995023 4.0852046
v 0.282697141 0.0999995023 4.06153584
v 0.271615744 0.0999995023 4.06775141
v 0.262888908 0.0999995023 4.07795334
v 0.254056334 0.0999995023 4.09387445
v -0.160756677 0.0999994949 4.12096214
v 0.24368833 0.0999994949 4.11379957
v 0.23140423 0.0999964476 4.13299465
v -0.142124876 0.0999994949 4.15222979
v 0.217559144 0.0999964476 4.14737654
v 0.203012794 0.0999994874 4.15622568
v -0.121520564 0.0999994874 4.1750021
v 0.189018115 0.0999994874 4.16209364
v 0.176311105 0.0999994874 4.16841507
v 0.000361798331 0.0999994874 4.17573118
v 0.164307877 0.0999994874 4.17740679
v -0.0991743132 0.0999994874 4.18800259
v 0.0118213575 0.0999994874 4.17776728
v -0.013707798 0.0999994874 4.17880869
v -0.0316001028 0.0999994874 4.18465948
v -0.0528535731 0.0999994874 4.1902771
v -0.0758863688 0.0999964401 4.19234753
v 0.151157081 0.0999994874 4.18987179
v 0.0232539661 0.0999964401 4.18632889
v 0.036898654 0.0999994874 4.20049572
v 0.135080069 0.0999994874 4.20485449
v 0.0536866486 0.0999964327 4.21623325
v 0.115779132 0.0999964327 4.21927309
v 0.0732752383 0.0999994799 4.2270112
v 0.0945178196 0.0999994799 4.22806597
v 1.24040878 -0.100000329 2.66207004
v 1.19455135 -0.100000322 2.65265822
v 1.13972616 -0.100000329 2.66037869
v 1.08255994 -0.100000329 2.67907691
v 1.27271557 -0.100000329 2.68997884
v 1.02732611 -0.100000329 2.70226288
v 1.2903676 -0.100000337 2.73151445
v 0.974489331 -0.100000337 2.72459149
v 0.921609521 -0.100000337 2.742064
v 1.29444492 -0.100000344 2.77771664
v 0.866736233 -0.100000337 2.75269985
v 0.809762657 -0.0999972895 2.75679994
v -0.3112517 -0.0999972969 2.77817678
v 0.752259076 -0.100000337 2.75647616
v 0.69660455 -0.100000337 2.75351024
v 0.645571411 -0.100000337 2.74833179
v 0.602088451 -0.100000337 2.74024129
v 1.28344047 -0.100000352 2.82338715
v -0.304136097 -0.100000344 2.82153893
v -0.291839361 -0.100000352 2.86215758
v 1.25138569 -0.0999973044 2.87018561
v -0.278716981 -0.100000359 2.90130544
v 1.18985403 -0.100000359 2.92488623
v -0.268101215 -0.100000367 2.93964005
v -0.310414135 -0.100000337 2.73144269
v 1.09696639 -0.100000374 2.99143815
v -0.262013614 -0.100000367 2.97706151
v -0.261460423 -0.100000374 3.01282597
v 0.568014026 -0.100000337 2.72878003
v 0.981642544 -0.100000381 3.06720638
v -0.266859055 -0.100000381 3.04571247
v -0.278106749 -0.100000381 3.07405877
v 0.543434083 -0.100000337 2.71451092
v 0.526864707 -0.099997282 2.69884706
v 0.516790628 -0.100000329 2.68265176
v 0.861818314 -0.0999973416 3.14391875
v -0.302590549 -0.100000329 2.6824007
v 0.512713969 -0.100000329 2.6652956
v 0.515090406 -0.100000322 2.644835
v -0.294745922 -0.100000381 3.09607983
v -0.292355716 -0.100000322 2.63374519
v 0.524330676 -0.100000322 2.61996579
v 0.539992273 -0.100000314 2.59160209
v -0.284853816 -0.100000314 2.58839393
v 0.56081605 -0.100000314 2.56279445
v -0.316250205 -0.100000389 3.11042166
v -0.282805741 -0.100000314 2.54809713
v 0.585701823 -0.100000307 2.53674054
v 0.61464864 -0.100000307 2.51485872
v -0.286397815 -0.100000307 2.51332712
v 0.648750186 -0.0999972597 2.49669409
v -0.295414746 -0.0999972522 2.48344612
v 0.689035416 -0.1000003 2.48085999
v 0.735134065 -0.1000003 2.46612501
v -0.311741829 -0.1000003 2.45690298
v 0.785164297 -0.1000003 2.45150709
v 0.836309969 -0.0999972522 2.43590903
v -0.339464188 -0.0999972448 2.43131471
v 0.885610282 -0.100000292 2.41761041
v -0.381663144 -0.100000292 2.40447927
v 0.930111229 -0.100000292 2.39419174
v -0.435938597 -0.100000285 2.37579608
v 0.967830837 -0.100000285 2.36233068
v -0.493946493 -0.100000285 2.3464191
v -0.545188189 -0.100000277 2.31820726
v 0.999338329 -0.100000277 2.31747031
v -0.583326697 -0.100000277 2.29197645
v -0.607224822 -0.10000027 2.26722169
v 1.02795386 -0.10000027 2.25387287
v -0.619309366 -0.10000027 2.24284935
v -0.622316599 -0.0999972224 2.21863842
v -0.618598223 -0.100000262 2.19553804
v -0.609864414 -0.099997215 2.17525363
v 1.0577538 -0.100000262 2.16794515
v -0.596582472 -0.100000262 2.15925622
v -0.577832222 -0.100000255 2.14852548
v -0.44000417 -0.100000255 2.14511871
v -0.48045814 -0.100000255 2.14446282
v -0.552024543 -0.100000255 2.14335275
v -0.518958569 -0.100000255 2.14278603
v -0.401442885 -0.0999972075 2.14234447
v -0.368502259 -0.100000255 2.13524461
v -0.344808578 -0.100000255 2.12406492
v -0.333993435 -0.100000255 2.10858846
v -0.339740157 -0.100000247 2.08741999
v 1.08967865 -0.100000247 2.06472683
v -0.365065634 -0.100000247 2.05844164
v -0.408660591 -0.10000024 2.02123928
v -0.462925136 -0.100000232 1.97840667
v 1.12076724 -0.100000232 1.95909929
v -0.515070498 -0.100000225 1.93512034
v -0.55445528 -0.100000225 1.89620328
v 1.14590061 -0.100000218 1.87014484
v -0.577284217 -0.100000218 1.86424088
v -0.586373925 -0.100000218 1.83960104
v -0.58759141 -0.10000021 1.82127714
v 1.16187251 -0.10000021 1.80798078
v -0.587137163 -0.10000021 1.80753231
v -0.591181219 -0.10000021 1.79598236
v -0.603980005 -0.0999971628 1.78403449
v 1.16839778 -0.10000021 1.77049446
v -0.626164079 -0.100000203 1.76928186
v -0.654792011 -0.100000203 1.74959826
v 1.16709352 -0.100000203 1.74680948
v 1.15860903 -0.100000203 1.72704101
v -0.685674489 -0.100000203 1.72389603
v 1.14175785 -0.100000195 1.70526552
v -0.715894997 -0.100000195 1.6929493
v 1.11449957 -0.100000195 1.67917538
v -0.744041324 -0.100000195 1.65940523
v 1.07727373 -0.100000188 1.64879584
v -0.76985997 -0.100000188 1.62665057
v 1.03421903 -0.100000188 1.61600995
v -0.793807805 -0.10000018 1.59734654
v 0.992071927 -0.10000018 1.58405018
v -0.816979885 -0.10000018 1.5732367
v 0.955583692 -0.10000018 1.55543995
v -0.840775311 -0.10000018 1.55494022
v -0.866382539 -0.100000173 1.5416348
v 0.508561015 -0.100000173 1.53220725
v -0.894681156 -0.100000173 1.5310297
v 0.925503671 -0.100000173 1.5310905
v 0.47183466 -0.100000173 1.53035283
v 0.552735686 -0.100000173 1.52673674
v 0.603119552 -0.100000173 1.51585507
v 0.89904356 -0.100000173 1.51060128
v 0.657010436 -0.100000173 1.50220323
v 0.872438431 -0.100000173 1.49387598
v 0.711122513 -0.100000165 1.48890233
v 0.84229511 -0.100000165 1.48196888
v 0.761743903 -0.0999971181 1.47946835
v 0.80580318 -0.0999971181 1.47682214
v 0.441548169 -0.100000173 1.52020526
v -0.925727606 -0.100000173 1.51994443
v -0.957815886 -0.100000173 1.50537515
v 0.414602935 -0.100000173 1.50179458
v -0.987329721 -0.0999971181 1.48470712
v 0.388409615 -0.100000165 1.47656059
v -1.01004136 -0.100000165 1.456043
v 0.363651156 -0.100000165 1.44778967
v 0.344367683 -0.100000158 1.42050695
v -1.02395654 -0.100000158 1.41891432
v 0.335099161 -0.100000158 1.39915156
v 0.337269485 -0.100000158 1.38463569
v -1.02997458 -0.100000151 1.37444687
v 0.348813236 -0.100000151 1.3741045
v 0.365628421 -0.100000151 1.36335135
v 0.383767903 -0.100000151 1.3504653
v 0.399791479 -0.100000151 1.33626938
v -1.03120804 -0.0999970958 1.32504559
v 0.41119498 -0.100000143 1.32119846
v 0.417182207 -0.100000143 1.29967976
v -1.03119528 -0.100000143 1.27357161
v 0.418790638 -0.100000136 1.25925231
v -1.0333848 -0.100000136 1.22310376
v 0.418159187 -0.100000128 1.18715119
v -1.04085529 -0.100000128 1.17674351
v -1.05544508 -0.100000121 1.13700652
v -1.07745159 -0.100000121 1.10560775
v 0.416955411 -0.100000113 1.08445704
v -1.10559595 -0.100000113 1.08304
v -1.13690448 -0.100000113 1.06696618
v -1.16666162 -0.100000113 1.05156076
v -1.18889356 -0.100000106 1.02881861
v -1.19862306 -0.100000106 0.994703412
v 0.416016579 -0.100000098 0.969209075
v -1.19298518 -0.100000098 0.952189624
v -1.17113984 -0.0999970436 0.909941673
v -1.13357985 -0.100000083 0.874260485
v 0.415588558 -0.100000083 0.868702471
v -1.08172214 -0.0999970362 0.84432441
v -1.01820147 -0.100000076 0.812769175
v 0.415943086 -0.100000076 0.799625576
v -0.949060142 -0.0999970213 0.771168113
v 0.417556942 -0.100000069 0.762543559
v 0.421674907 -0.100000069 0.745312095
v 0.432043612 -0.100000069 0.733780921
v 0.45548296 -0.100000061 0.715415835
v -0.885290504 -0.100000061 0.713893116
v 0.499900877 -0.100000061 0.680154622
v -0.841582775 -0.100000039 0.63625741
v 0.56684494 -0.100000054 0.623418927
v 0.637932479 -0.100000039 0.53853792
v -0.789956629 -0.100000009 0.516386271
v -0.778502941 -0.100000009 0.474194169
v 0.692772269 -0.100000031 0.459559143
v -0.767718732 -0.100000001 0.424958289
v 0.724765599 -0.100000024 0.413832545
v 0.738390446 -0.100000024 0.390864253
v 0.750091851 -0.100000016 0.367935061
v -0.767754197 -0.100000001 0.367372513
v 0.759616256 -0.100000016 0.34511438
v 0.76671344 -0.100000009 0.322461873
v -0.767586768 -0.100000009 0.300000012
v -0.498778105 -0.100000009 0.300000012
v 0.512640953 -0.100000009 0.300000012
v 0.77113539 -0.100000009 0.300000012
v 0.548733115 -0.100000493 3.9146173
v 0.589652836 -0.100000493 3.92005229
v 0.629583478 -0.100000493 3.91647792
v 0.672139347 -0.100000493 3.9042809
v 0.506095886 -0.100000493 3.90197945
v 0.465120971 -0.100000493 3.88649225
v 0.718802214 -0.100000493 3.88457322
v 0.431526601 -0.100000486 3.87413669
v 0.408456743 -0.100000486 3.86997914
v 0.766745627 -0.100000486 3.85855556
v -0.892129242 -0.100000486 3.87433052
v 0.395008504 -0.100000493 3.87739944
v -0.912355304 -0.100000493 3.89754105
v 0.387100697 -0.100000493 3.8977406
v -0.937489927 -0.100000493 3.91178465
v -0.873551905 -0.100000486 3.83174109
v 0.809660912 -0.100000486 3.82744813
v 0.842047811 -0.099997431 3.79222798
v 0.380419314 -0.100000493 3.92916894
v -0.967610538 -0.0999974459 3.92601681
v -0.852637589 -0.100000478 3.76638246
v 0.861439049 -0.100000471 3.75349593
v 0.86815834 -0.0999974236 3.71156812
v -0.998743773 -0.100000501 3.94471622
v -0.825433552 -0.100000463 3.68446088
v 0.86341536 -0.100000463 3.66705608
v 0.848127842 -0.100000456 3.62122917
v -0.788456917 -0.100000449 3.59908748
v 0.822956204 -0.100000449 3.57594991
v 0.788958549 -0.0999973938 3.53308487
v -0.740150928 -0.100000441 3.52106667
v 0.748072863 -0.100000441 3.49407268
v 0.703124881 -0.100000434 3.45989871
v -0.68142122 -0.100000434 3.45550609
v 0.657633841 -0.100000426 3.43111515
v 0.61564064 -0.100000426 3.40785265
v -0.615534782 -0.0999973789 3.40258646
v 0.581653357 -0.100000426 3.38976765
v 0.560159087 -0.100000419 3.37535501
v 0.555112302 -0.100000419 3.36123395
v -0.547671318 -0.100000419 3.3609767
v 0.569875181 -0.100000419 3.34219527
v -0.484722316 -0.100000419 3.3293457
v 0.607055068 -0.100000411 3.3129425
v -0.434683442 -0.100000411 3.30625582
v -0.403637886 -0.100000411 3.28945661
v -0.394162059 -0.100000411 3.2755115
v 0.668302417 -0.100000411 3.270262
v -0.405379951 -0.100000404 3.26020908
v -0.433641553 -0.0999973565 3.24116278
v -0.472950161 -0.100000404 3.21945477
v 0.754167855 -0.0999973565 3.2133007
v -0.515391231 -0.100000396 3.19927025
v -0.554241478 -0.100000396 3.18454432
v -0.586306751 -0.100000396 3.17643952
v -0.611902773 -0.100000396 3.17330217
v -0.633319736 -0.100000396 3.17171597
v -0.653446138 -0.100000396 3.16744661
v -0.675529063 -0.100000389 3.15569901
v -0.701586843 -0.100000389 3.13334274
v -0.34206599 -0.100000389 3.11625719
v -0.371324897 -0.100000389 3.11338496
v -0.402252257 -0.0999973416 3.10241294
v -0.730715334 -0.100000389 3.10128188
v -0.432056785 -0.0999973342 3.08479977
v -0.759055436 -0.100000381 3.06450748
v -0.457817912 -0.100000381 3.06258845
v -0.478665769 -0.100000374 3.03775883
v -0.78185463 -0.100000374 3.02922106
v -0.49635148 -0.0999973267 3.01205754
v -0.796088874 -0.100000374 2.99918771
v -0.514505267 -0.100000367 2.98705363
v -0.800746024 -0.100000367 2.97533774
v -0.536437511 -0.100000367 2.96431518
v -0.795973718 -0.100000367 2.95686436
v -0.564429581 -0.100000367 2.94546223
v -0.78179121 -0.100000367 2.94288611
v -0.75792104 -0.100000359 2.93270802
v -0.599489868 -0.100000359 2.93198442
v -0.724592805 -0.100000359 2.92597842
v -0.640520215 -0.100000359 2.92459106
v -0.683995903 -0.100000359 2.92296386
v 0.0732752383 -0.100000538 4.2270112
v 0.0945178196 -0.100000538 4.22806597
v 0.115779132 -0.0999974906 4.21927309
v 0.0536866486 -0.0999974906 4.21623325
v 0.135080069 -0.10000053 4.20485449
v 0.036898654 -0.10000053 4.20049572
v 0.151157081 -0.10000053 4.18987179
v 0.0232539661 -0.0999974832 4.18632889
v 0.0118213575 -0.10000053 4.17776728
v 0.164307877 -0.10000053 4.17740679
v 0.000361798331 -0.10000053 4.17573118
v 0.176311105 -0.10000053 4.16841507
v -0.121520564 -0.10000053 4.1750021
v 0.189018115 -0.10000053 4.16209364
v 0.203012794 -0.10000053 4.15622568
v -0.0991743132 -0.10000053 4.18800259
v -0.142124876 -0.100000523 4.15222979
v 0.217559144 -0.0999974757 4.14737654
v 0.23140423 -0.0999974757 4.13299465
v -0.013707798 -0.10000053 4.17880869
v -0.0316001028 -0.10000053 4.18465948
v -0.0528535731 -0.10000053 4.1902771
v -0.0758863688 -0.0999974832 4.19234753
v -0.160756677 -0.100000523 4.12096214
v 0.24368833 -0.100000523 4.11379957
v 0.254056334 -0.100000516 4.09387445
v -0.177800387 -0.100000516 4.0852046
v 0.262888908 -0.100000516 4.07795334
v 0.271615744 -0.100000516 4.06775141
v 0.282697141 -0.100000516 4.06153584
v 0.298305035 -0.100000516 4.05542564
v -0.194049224 -0.100000516 4.05073309
v 0.318200648 -0.0999974683 4.04548168
v 0.339435935 -0.100000508 4.02809668
v -0.210073858 -0.0999974608 4.02215576
v -0.226013184 -0.100000508 4.0019331
v 0.357928753 -0.100000508 4.00115395
v -0.241788104 -0.0999974608 3.99071479
v -0.257901013 -0.100000508 3.98862267
v -0.605576813 -0.100000501 3.97230983
v 0.371488094 -0.0999974534 3.96626496
v -0.573569417 -0.100000501 3.98754025
v -0.639609337 -0.100000501 3.9626689
v -0.543626964 -0.100000508 4.00596571
v -0.275755465 -0.0999974608 3.99576759
v -0.297334433 -0.0999974608 4.01184511
v -0.514592111 -0.100000508 4.02641726
v -0.323730052 -0.100000508 4.03428507
v -0.484944046 -0.100000516 4.04750443
v -0.354437709 -0.100000516 4.05736399
v -0.453821957 -0.100000516 4.0658288
v -0.387570024 -0.100000516 4.07306385
v -0.421144605 -0.0999974683 4.07592487
v -0.674491525 -0.100000501 3.96215653
v -1.02399445 -0.100000501 3.96848726
v -0.709163725 -0.100000501 3.97351813
v -1.03805912 -0.100000508 3.99661899
v -0.743896186 -0.100000508 3.99682927
v -1.03915048 -0.100000508 4.02817249
v -0.780286312 -0.100000508 4.02936745
v -1.02855861 -0.100000516 4.06173992
v -0.819801331 -0.100000516 4.06614733
v -1.00832677 -0.100000516 4.09414196
v -0.862094581 -0.100000523 4.10053587
v -0.980064571 -0.100000523 4.11977005
v -0.904882669 -0.100000523 4.12448025
v -0.945033789 -0.100000523 4.13133907
v 0.539455354 0.100000009 0.240363002
v 0.512640953 -0.100000009 0.300000012
v 0.512640953 0.100000009 0.300000012
v 0.539455354 -0.100000009 0.240363002
v 0.542868376 -0.100000009 0.231807441
v 0.542868376 0.100000009 0.231807426
v 0.546256781 -0.100000009 0.221523672
v 0.546256781 0.100000009 0.221523672
v 0.54910475 -0.100000009 0.211077332
v 0.54910475 0.100000009 0.211077332
v 0.550978661 -0.100000009 0.202058762
v 0.550978661 0.100000009 0.202058762
v 0.557208896 0.100000009 0.163914263
v 0.557208896 -0.100000009 0.163914263
v 0.558210313 -0.100000009 0.154738188
v 0.558210313 0.100000009 0.154738188
v 0.558561981 -0.100000009 0.143914267
v 0.558561981 0.100000009 0.143914267
v 0.558210313 -0.100000009 0.133090347
v 0.558210313 0.100000009 0.133090347
v 0.557208955 -0.100000009 0.123914272
v 0.557208955 0.100000009 0.123914272
v 0.550978601 0.100000009 0.0857688189
v 0.550978601 -0.100000009 0.0857688189
v 0.54910475 -0.100000009 0.0767502487
v 0.54910475 0.100000009 0.0767502487
v 0.546257138 -0.100000009 0.0663038045
v 0.546257138 0.100000009 0.0663038045
v 0.54286927 -0.100000009 0.0560198724
v 0.54286927 0.100000009 0.0560198724
v 0.539456964 -0.100000009 0.0474640727
v 0.539456964 0.100000009 0.0474640727
v 0.512640893 0.100000009 0.00176391006
v 0.512640893 -0.100000009 0.00176391006
v -0.498778105 0.100000009 0.00176391006
v -0.498778105 -0.100000009 0.00176391006
v -0.525594115 0.100000009 0.047454983
v -0.525594115 -0.100000009 0.047454983
v -0.529006481 -0.100000009 0.0560107976
v -0.529006481 0.100000009 0.0560107976
v -0.53239435 -0.100000009 0.0662947297
v -0.53239435 0.100000009 0.0662947297
v -0.535241961 -0.100000009 0.076741159
v -0.535241961 0.100000009 0.076741159
v -0.537115812 -0.100000009 0.0857597142
v -0.537115812 0.100000009 0.0857597142
v -0.543346167 0.100000009 0.123904333
v -0.543346167 -0.100000009 0.123904333
v -0.544347584 -0.100000009 0.133080393
v -0.544347584 0.100000009 0.133080393
v -0.544699252 -0.100000009 0.143904313
v -0.544699252 0.100000009 0.143904313
v -0.544347584 -0.100000009 0.154728249
v -0.544347584 0.100000009 0.154728249
v -0.543346167 -0.100000009 0.163904339
v -0.543346167 0.100000009 0.163904339
v -0.537115753 0.100000009 0.202049732
v -0.537115753 -0.100000009 0.202049732
v -0.535241902 -0.100000009 0.211068302
v -0.535241902 0.100000009 0.211068287
v -0.532394111 -0.100000009 0.221514687
v -0.532394111 0.100000009 0.221514672
v -0.529006004 -0.100000009 0.23179853
v -0.529006004 0.100000009 0.23179853
v -0.52559334 -0.100000009 0.24035421
v -0.52559334 0.100000009 0.24035421
v -0.498778105 0.100000009 0.300000012
v -0.498778105 -0.100000009 0.300000012
v -0.525594115 0.100000009 0.047454983
v -0.498778105 0.100000009 0.00176391006
v 0.512640893 0.100000009 0.00176391006
v 0.539456964 0.100000009 0.0474640727
v -0.513693333 0.100000009 0.0658527464
v -0.529006481 0.100000009 0.0560107976
v -0.53239435 0.100000009 0.0662947297
v -0.535241961 0.100000009 0.076741159
v -0.537115812 0.100000009 0.0857597142
v 0.527556181 0.100000009 0.0658615083
v 0.54286927 0.100000009 0.0560198724
v 0.546257138 0.100000009 0.0663038045
v 0.54910475 0.100000009 0.0767502487
v 0.550978601 0.100000009 0.0857688189
v -0.543346167 0.100000009 0.123904333
v 0.557208955 0.100000009 0.123914272
v -0.526347816 0.100000009 0.143904507
v -0.544347584 0.100000009 0.133080393
v -0.544699252 0.100000009 0.143904313
v -0.544347584 0.100000009 0.154728249
v -0.543346167 0.100000009 0.163904339
v 0.540210545 0.100000009 0.143914089
v 0.558210313 0.100000009 0.133090347
v 0.558561981 0.100000009 0.143914267
v 0.558210313 0.100000009 0.154738188
v 0.557208896 0.100000009 0.163914263
v -0.537115753 0.100000009 0.202049732
v 0.550978661 0.100000009 0.202058762
v -0.513693273 0.100000009 0.221957102
v -0.535241902 0.100000009 0.211068287
v -0.532394111 0.100000009 0.221514672
v -0.529006004 0.100000009 0.23179853
v -0.52559334 0.100000009 0.24035421
v 0.527556062 0.100000009 0.221965849
v 0.54910475 0.100000009 0.211077332
v 0.546256781 0.100000009 0.221523672
v 0.542868376 0.100000009 0.231807426
v 0.539455354 0.100000009 0.240363002
v -0.498778105 0.100000009 0.300000012
v 0.512640953 0.100000009 0.300000012
v -0.767754197 0.100000016 0.367372513
v -0.809926212 0.100000009 0.300000012
v -0.767586768 0.100000009 0.300000012
v -0.810093701 0.100000016 0.367327839
v -0.767718732 0.100000016 0.424958289
v -0.820112109 0.0978469849 0.300000012
v -0.810057402 0.100000016 0.424860507
v -0.778502941 0.100000009 0.474194169
v -0.820279539 0.0978470147 0.36731708
v -0.828747153 0.0917157307 0.300000012
v -0.82083565 0.100000009 0.473571002
v -0.789956629 0.100000009 0.516386271
v -0.828914762 0.0917157531 0.367307961
v -0.834517062 0.0825396478 0.300000012
v -0.820243478 0.0978470147 0.424836963
v -0.832099795 0.100000009 0.512722373
v -0.841582775 0.0999999791 0.63625741
v -0.83468461 0.0825396702 0.367301881
v -0.836543024 0.0717157349 0.300000012
v -0.82887888 0.0917157531 0.424817026
v -0.831021667 0.0978469849 0.473421037
v -0.883645415 0.0999999791 0.62200737
v -0.885290504 0.0999999568 0.713893116
v -0.836710691 0.0717157423 0.367299736
v -0.836543024 -0.0717157349 0.300000012
v -0.834648848 0.0825396702 0.424803674
v -0.839656949 0.0917157307 0.47329396
v -0.842272997 0.0978469849 0.511837959
v -0.920059562 0.0999999568 0.686012983
v -0.949060142 0.099996902 0.771168113
v -0.836710691 -0.0717157274 0.367299736
v -0.834517062 -0.0825396478 0.300000012
v -0.836675048 0.0717157423 0.424799025
v -0.845426798 0.0825396478 0.473208994
v -0.850897312 0.0917157307 0.511088133
v -0.894112587 0.0978469551 0.618461251
v -0.975743651 0.099996902 0.735083222
v -1.01820147 0.0999999419 0.812769175
v -0.83468461 -0.0825396553 0.367301881
v -0.828747153 -0.0917157307 0.300000012
v -0.836675048 -0.0717157274 0.424799025
v -0.847452879 0.0717157349 0.473179162
v -0.856660008 0.0825396478 0.510587156
v -0.902986228 0.0917157009 0.615455031
v -0.928635001 0.0978469551 0.679136574
v -0.828914762 -0.0917157382 0.367307961
v -0.820112109 -0.0978469849 0.300000012
v -0.834648848 -0.0825396553 0.424803674
v -0.847452879 -0.0717157349 0.473179162
v -0.858683646 0.0717157349 0.510411263
v -0.90891546 0.082539618 0.613446355
v -0.93590498 0.0917156935 0.673307061
v -0.982208014 0.0978438929 0.726341248
v -0.820279539 -0.0978469998 0.36731708
v -0.809926212 -0.100000009 0.300000012
v -0.82887888 -0.0917157382 0.424817026
v -0.845426798 -0.0825396478 0.473208994
v -0.858683646 -0.0717157349 0.510411263
v -0.91099757 0.0717157051 0.612740934
v -0.940762639 0.0825396106 0.669411898
v -0.810093701 -0.100000001 0.367327839
v -0.767586768 -0.100000009 0.300000012
v -0.767754197 -0.100000001 0.367372513
v -0.820243478 -0.0978469998 0.424836963
v -0.810057402 -0.100000001 0.424860507
v -0.767718732 -0.100000001 0.424958289
v -0.839656949 -0.0917157307 0.47329396
v -0.82083565 -0.100000009 0.473571002
v -0.778502941 -0.100000009 0.474194169
v -0.831021667 -0.0978469849 0.473421037
v -0.856660008 -0.0825396478 0.510587156
v -0.832099795 -0.100000009 0.512722373
v -0.789956629 -0.100000009 0.516386271
v -0.842272997 -0.0978469849 0.511837959
v -0.850897312 -0.0917157307 0.511088133
v -0.91099757 -0.0717157647 0.612740934
v -0.883645415 -0.100000039 0.62200737
v -0.841582775 -0.100000039 0.63625741
v -0.90891546 -0.0825396776 0.613446355
v -0.894112587 -0.0978470147 0.618461251
v -0.902986228 -0.0917157605 0.615455031
v -0.942468405 0.0717156827 0.66804409
v -0.920059562 -0.100000061 0.686012983
v -0.885290504 -0.100000061 0.713893116
v -0.942468405 -0.0717157871 0.66804409
v -0.940762639 -0.0825397149 0.669411898
v -0.928635001 -0.0978470594 0.679136574
v -0.93590498 -0.0917157978 0.673307061
v -0.975743651 -0.0999970213 0.735083222
v -0.949060142 -0.0999970213 0.771168113
v -0.982208014 -0.0978440121 0.726341248
v -0.987688243 -0.0917127579 0.718930185
v -0.991350055 -0.082536675 0.713978291
v -0.992635906 -0.0717127472 0.712239385
v -1.03982306 -0.100000076 0.77331841
v -1.01820147 -0.100000076 0.812769175
v -1.04502869 -0.0978470668 0.763820291
v -1.04944181 -0.0917158127 0.755768239
v -1.05239046 -0.0825397298 0.750388026
v -1.10298443 -0.0999970362 0.80468154
v -1.08172214 -0.0999970362 0.84432441
v -1.10810423 -0.097844027 0.795135975
v -1.11244452 -0.0917127728 0.787043571
v -1.16040337 -0.100000083 0.838357151
v -1.13357985 -0.100000083 0.874260485
v -1.16692495 -0.0978470668 0.82962805
v -1.20685351 -0.0999970436 0.883121371
v -1.17113984 -0.0999970436 0.909941673
v -1.05342591 -0.071715802 0.748498797
v -1.11534464 -0.0825366899 0.781636477
v -1.17245364 -0.0917158052 0.822227895
v -1.21561348 -0.0978440195 0.876542866
v -1.23556805 -0.100000098 0.938805759
v -1.19298518 -0.100000098 0.952189624
v -1.11636305 -0.0717127621 0.779737711
v -1.17614782 -0.0825397223 0.817283273
v -1.22303975 -0.0917127654 0.870965838
v -1.24602878 -0.0978470743 0.935517967
v -1.24303138 -0.100000106 0.997950494
v -1.19862306 -0.100000106 0.994703412
v -1.17744505 -0.0717158094 0.81554693
v -1.22800183 -0.0825366825 0.867239356
v -1.254897 -0.0917158201 0.932730675
v -1.25400913 -0.0978471041 0.99875313
v -1.22728145 -0.100000106 1.05110168
v -1.18889356 -0.100000106 1.02881861
v -1.22974432 -0.0717127696 0.865930796
v -1.26082242 -0.0825397372 0.930868328
v -1.2633158 -0.0917158425 0.999433637
v -1.2368474 -0.0978471041 1.05665445
v -1.19324529 -0.100000113 1.08747292
v -1.16666162 -0.100000113 1.05156076
v -1.26290321 -0.0717158243 0.930214286
v -1.26953423 -0.0825397596 0.999888301
v -1.24495709 -0.0917158425 1.06136203
v -1.19975924 -0.0978470892 1.09627259
v -1.15751338 -0.100000113 1.10694063
v -1.13690448 -0.100000113 1.06696618
v -1.27171803 -0.0717158318 1.00004792
v -1.25037587 -0.0825397596 1.06450748
v -1.20528138 -0.091715835 1.10373259
v -1.16247892 -0.0978470892 1.11657214
v -1.12997127 -0.100000113 1.12064612
v -1.10559595 -0.100000113 1.08304
v -1.2522788 -0.0717158318 1.06561196
v -1.20897126 -0.0825397521 1.1087172
v -1.16668832 -0.091715835 1.12473726
v -1.13589823 -0.0978470892 1.12979007
v -1.10995495 -0.100000121 1.13607764
v -1.07745159 -0.100000121 1.10560775
v -1.21026695 -0.0717158392 1.11046767
v -1.16950107 -0.0825397521 1.130193
v -1.1409229 -0.091715835 1.13754213
v -1.11797822 -0.097847119 1.14359903
v -1.09502518 -0.100000121 1.15769267
v -1.05544508 -0.100000121 1.13700652
v -1.17048872 -0.0717158392 1.13210869
v -1.14428031 -0.0825397521 1.14272189
v -1.1247803 -0.0917158574 1.14997542
v -1.10473537 -0.097847119 1.16276765
v -1.08423638 -0.100000128 1.18808997
v -1.04085529 -0.100000128 1.17674351
v -1.14545929 -0.0717158392 1.14454079
v -1.12932503 -0.0825397745 1.15423608
v -1.11296725 -0.0917158574 1.16706991
v -1.09476912 -0.0978471041 1.19084477
v -1.07810163 -0.100000136 1.22766089
v -1.0333848 -0.100000136 1.22310376
v -1.13092113 -0.0717158467 1.15573215
v -1.11846757 -0.0825397745 1.16994452
v -1.10369861 -0.0917158499 1.19318032
v -1.08889163 -0.0978471339 1.22876048
v -1.07617772 -0.100000143 1.27454138
v -1.03119528 -0.100000143 1.27357161
v -1.120399 -0.0717158467 1.17095399
v -1.10966504 -0.082539767 1.19474089
v -1.09803903 -0.0917158723 1.2296927
v -1.08700418 -0.097847119 1.27477479
v -1.07619929 -0.0999970958 1.32560158
v -1.03120804 -0.0999970958 1.32504559
v -1.11176026 -0.0717158541 1.1952889
v -1.10415101 -0.0825397894 1.23031569
v -1.09618235 -0.0917158648 1.27497268
v -1.08702672 -0.097844094 1.32573533
v -1.07478631 -0.100000151 1.37802792
v -1.02997458 -0.100000151 1.37444687
v -1.10629725 -0.0717158616 1.23053432
v -1.10231495 -0.0825397819 1.27510476
v -1.09620571 -0.0917128325 1.32584882
v -1.08559537 -0.0978471488 1.37889171
v -1.06744444 -0.100000158 1.42985892
v -1.02395654 -0.100000158 1.41891432
v -1.10446835 -0.071715869 1.27515125
v -1.10233891 -0.082536757 1.32592463
v -1.09475887 -0.0917158872 1.37962389
v -1.07800114 -0.0978471339 1.43251562
v -1.04898393 -0.100000165 1.47804689
v -1.01004136 -0.100000165 1.456043
v -1.10449255 -0.0717128217 1.32595134
v -1.1008817 -0.0825398117 1.38011312
v -1.08695066 -0.0917158797 1.43476796
v -1.05849969 -0.0978471637 1.48342371
v -1.01803017 -0.0999971181 1.51727891
v -0.987329721 -0.0999971181 1.48470712
v -1.10303175 -0.0717158765 1.38028502
v -1.09293067 -0.0825397968 1.43627286
v -1.06656682 -0.0917159021 1.4879818
v -1.02551877 -0.097844094 1.52522397
v -0.980062187 -0.100000173 1.54435945
v -0.957815886 -0.100000173 1.50537515
v -1.09503043 -0.0717158839 1.43680143
v -1.07195711 -0.0825398266 1.49102759
v -1.03186727 -0.0917128399 1.53195953
v -0.985449791 -0.0978471488 1.55380058
v -0.94259721 -0.100000173 1.56162572
v -0.925727606 -0.100000173 1.51994443
v -1.07385004 -0.0717158914 1.49209714
v -1.03610933 -0.082536757 1.53646016
v -0.990017176 -0.0917158946 1.56180429
v -0.946663737 -0.0978471488 1.57167315
v -0.910140574 -0.100000173 1.573282
v -0.894681156 -0.100000173 1.5310297
v -1.03759885 -0.0717128441 1.5380404
v -0.993068933 -0.0825398117 1.56715226
v -0.950111151 -0.0917158946 1.5801909
v -0.913861632 -0.0978471488 1.58345199
v -0.884658933 -0.100000173 1.58268428
v -0.866382539 -0.100000173 1.5416348
v -0.994140565 -0.0717158988 1.56903005
v -0.952414632 -0.0825398117 1.58588243
v -0.917016149 -0.0917158946 1.59207368
v -0.889072537 -0.0978471637 1.59259725
v -0.864872575 -0.10000018 1.59275579
v -0.840775311 -0.10000018 1.55494022
v -0.953223586 -0.0717158988 1.58788109
v -0.919123888 -0.0825398117 1.59783435
v -0.892814279 -0.0917159021 1.60100126
v -0.870723248 -0.0978471786 1.60193729
v -0.846927941 -0.10000018 1.60667706
v -0.816979885 -0.10000018 1.5732367
v -0.919864058 -0.0717158988 1.59985733
v -0.895314395 -0.0825398192 1.60661674
v -0.875683188 -0.091715917 1.60972071
v -0.854178548 -0.0978471637 1.61477304
v -0.827450693 -0.10000018 1.62717414
v -0.793807805 -0.10000018 1.59734654
v -0.896192372 -0.0717158914 1.6085887
v -0.878997266 -0.0825398341 1.61492157
v -0.860325217 -0.0917159021 1.62163663
v -0.835562468 -0.0978471637 1.63436604
v -0.80493772 -0.100000188 1.65480494
v -0.76985997 -0.100000188 1.62665057
v -0.880161047 -0.0717159063 1.61674786
v -0.864432335 -0.0825398266 1.62622261
v -0.842439413 -0.0917159021 1.64046311
v -0.813386977 -0.0978471786 1.66158652
v -0.778927445 -0.100000195 1.6877799
v -0.744041324 -0.100000195 1.65940523
v -0.865874529 -0.0717158988 1.62783289
v -0.847034335 -0.0825398266 1.64453697
v -0.820549905 -0.091715917 1.66733575
v -0.787335634 -0.0978471711 1.6946187
v -0.749209225 -0.100000195 1.72311401
v -0.715894997 -0.100000195 1.6929493
v -0.848647892 -0.0717158988 1.64596748
v -0.825335979 -0.0825398341 1.67117715
v -0.794463754 -0.0917159095 1.70041633
v -0.757251024 -0.0978471711 1.73039556
v -0.716146052 -0.100000203 1.7568891
v -0.685674489 -0.100000203 1.72389603
v -0.827016592 -0.0717159063 1.67252612
v -0.799226642 -0.0825398266 1.70429015
v -0.764068425 -0.0917159095 1.73656845
v -0.723514318 -0.097847186 1.76486707
v -0.68190062 -0.100000203 1.78539014
v -0.654792011 -0.100000203 1.74959826
v -0.800899208 -0.0717159063 1.70565057
v -0.76862371 -0.0825398266 1.74069309
v -0.729760885 -0.0917159244 1.77163053
v -0.688460469 -0.0978471786 1.79405117
v -0.65131551 -0.100000203 1.80647564
v -0.626164079 -0.100000203 1.76928186
v -0.633714795 -0.0999991149 1.82390332
v -0.603980005 -0.0999971628 1.78403449
v -0.591181219 -0.10000021 1.79598236
v -0.587137163 -0.10000021 1.80753231
v -0.58759141 -0.10000021 1.82127714
v -0.657401502 -0.0978471935 1.81547546
v -0.694021583 -0.091715917 1.80139351
v -0.630192757 -0.100000218 1.84893537
v -0.586373925 -0.100000218 1.83960104
v -0.644016266 -0.0978465229 1.82873225
v -0.662561059 -0.0917159244 1.82310534
v -0.616894841 -0.100000218 1.88520718
v -0.577284217 -0.100000218 1.86424088
v -0.640855491 -0.0978471935 1.85120654
v -0.65274936 -0.0917156041 1.83282638
v -0.588644028 -0.100000225 1.92534041
v -0.55445528 -0.100000225 1.89620328
v -0.626525164 -0.0978472009 1.89030457
v -0.649894953 -0.0917159319 1.85313225
v -0.545274854 -0.100000225 1.96845794
v -0.515070498 -0.100000225 1.93512034
v -0.59690702 -0.0978472009 1.93238235
v -0.634689331 -0.0917159393 1.8946259
v -0.491243958 -0.100000232 2.01338911
v -0.462925136 -0.100000232 1.97840667
v -0.552547455 -0.0978472009 1.97648501
v -0.603911996 -0.0917159393 1.93835235
v -0.385177672 -0.100000277 2.10018802
v -0.408660591 -0.10000024 2.02123928
v -0.365065634 -0.100000247 2.05844164
v -0.339740157 -0.100000247 2.08741999
v -0.333993435 -0.100000255 2.10858846
v -0.344808578 -0.100000255 2.12406492
v -0.368502259 -0.100000255 2.13524461
v -0.401442885 -0.0999972075 2.14234447
v -0.44000417 -0.100000255 2.14511871
v -0.558712959 -0.0917159393 1.98328996
v -0.479115486 -0.100000255 2.09952092
v -0.48045814 -0.100000255 2.14446282
v -0.518365502 -0.100000255 2.09784245
v -0.518958569 -0.100000255 2.14278603
v -0.556836426 -0.100000255 2.09875321
v -0.552024543 -0.100000255 2.14335275
v -0.593528628 -0.100000255 2.10667324
v -0.577832222 -0.100000255 2.14852548
v -0.625307679 -0.100000262 2.12507153
v -0.596582472 -0.100000262 2.15925622
v -0.648002625 -0.099997215 2.15188408
v -0.609864414 -0.099997215 2.17525363
v -0.661586344 -0.100000262 2.18303275
v -0.618598223 -0.100000262 2.19553804
v -0.667042851 -0.0999972224 2.2178328
v -0.622316599 -0.0999972224 2.21863842
v -0.662092984 -0.10000027 2.2557075
v -0.619309366 -0.10000027 2.24284935
v -0.643773019 -0.10000027 2.29298687
v -0.607224822 -0.10000027 2.26722169
v -0.612315655 -0.100000277 2.32620239
v -0.583326697 -0.100000277 2.29197645
v -0.56879282 -0.100000277 2.35646009
v -0.545188189 -0.100000277 2.31820726
v -0.514959872 -0.100000285 2.38619494
v -0.493946493 -0.100000285 2.3464191
v -0.456615329 -0.100000285 2.41575861
v -0.435938597 -0.100000285 2.37579608
v -0.404256523 -0.100000292 2.44336987
v -0.381663144 -0.100000292 2.40447927
v -0.366829216 -0.0999972448 2.46687388
v -0.339464188 -0.0999972448 2.43131471
v -0.346181393 -0.1000003 2.48523664
v -0.311741829 -0.1000003 2.45690298
v -0.336162031 -0.0999972522 2.50175357
v -0.295414746 -0.0999972522 2.48344612
v -0.330411792 -0.100000307 2.52215791
v -0.286397815 -0.100000307 2.51332712
v -0.327740073 -0.100000314 2.5492692
v -0.282805741 -0.100000314 2.54809713
v -0.329586029 -0.100000314 2.5835731
v -0.284853816 -0.100000314 2.58839393
v -0.336610913 -0.100000322 2.6254344
v -0.292355716 -0.100000322 2.63374519
v -0.346863449 -0.100000329 2.67421794
v -0.302590549 -0.100000329 2.6824007
v -0.355206847 -0.100000337 2.72748804
v -0.310414135 -0.100000337 2.73144269
v -0.356064618 -0.0999972969 2.78142524
v -0.3112517 -0.0999972969 2.77817678
v -0.347945869 -0.100000344 2.83171844
v -0.304136097 -0.100000344 2.82153893
v -0.334743917 -0.100000352 2.87583947
v -0.291839361 -0.100000352 2.86215758
v -0.321782291 -0.100000359 2.91447592
v -0.278716981 -0.100000359 2.90130544
v -0.312065959 -0.100000367 2.94927359
v -0.268101215 -0.100000367 2.93964005
v -0.306816339 -0.100000367 2.9810307
v -0.262013614 -0.100000367 2.97706151
v -0.30627954 -0.100000374 3.00952029
v -0.261460423 -0.100000374 3.01282597
v -0.310102701 -0.100000381 3.03373408
v -0.266859055 -0.100000381 3.04571247
v -0.317039907 -0.100000381 3.05215788
v -0.278106749 -0.100000381 3.07405877
v -0.329419792 -0.100000396 3.07149291
v -0.294745922 -0.100000381 3.09607983
v -0.316250205 -0.100000389 3.11042166
v -0.344826996 -0.100000389 3.07194519
v -0.34206599 -0.100000389 3.11625719
v -0.361559749 -0.100000389 3.0695889
v -0.371324897 -0.100000389 3.11338496
v -0.383203268 -0.0999973416 3.06166792
v -0.402252257 -0.0999973416 3.10241294
v -0.405829608 -0.0999973342 3.04826689
v -0.432056785 -0.0999973342 3.08479977
v -0.425809681 -0.100000381 3.03099656
v -0.457817912 -0.100000381 3.06258845
v -0.442834198 -0.100000374 3.0104866
v -0.478665769 -0.100000374 3.03775883
v -0.459572732 -0.0999973267 2.98605824
v -0.49635148 -0.0999973267 3.01205754
v -0.480046272 -0.100000367 2.95816612
v -0.514505267 -0.100000367 2.98705363
v -0.507587075 -0.100000367 2.92992926
v -0.536437511 -0.100000367 2.96431518
v -0.543721616 -0.100000367 2.90567255
v -0.564429581 -0.100000367 2.94546223
v -0.587404191 -0.100000359 2.88875985
v -0.599489868 -0.100000359 2.93198442
v -0.635685861 -0.100000359 2.87993836
v -0.640520215 -0.100000359 2.92459106
v -0.684820414 -0.100000359 2.87804961
v -0.683995903 -0.100000359 2.92296386
v -0.730710089 -0.100000359 2.88150144
v -0.724592805 -0.100000359 2.92597842
v -0.771211386 -0.100000359 2.88991761
v -0.75792104 -0.100000359 2.93270802
v -0.806619704 -0.100000367 2.90585184
v -0.78179121 -0.100000367 2.94288611
v -0.834414184 -0.100000367 2.93471527
v -0.795973718 -0.100000367 2.95686436
v -0.845215976 -0.100000367 2.97400403
v -0.800746024 -0.100000367 2.97533774
v -0.838600099 -0.100000374 3.01316786
v -0.796088874 -0.100000374 2.99918771
v -0.821068287 -0.100000374 3.05105853
v -0.78185463 -0.100000374 3.02922106
v -0.795750201 -0.100000381 3.09043431
v -0.759055436 -0.100000381 3.06450748
v -0.76517427 -0.100000389 3.13013268
v -0.730715334 -0.100000389 3.10128188
v -0.732897758 -0.100000389 3.16555643
v -0.701586843 -0.100000389 3.13334274
v -0.700812221 -0.100000389 3.19273496
v -0.675529063 -0.100000389 3.15569901
v -0.668760419 -0.100000396 3.20953536
v -0.653446138 -0.100000396 3.16744661
v -0.639653802 -0.100000396 3.21618724
v -0.633319736 -0.100000396 3.17171597
v -0.61630106 -0.100000396 3.21806359
v -0.611902773 -0.100000396 3.17330217
v -0.594559252 -0.100000396 3.22059417
v -0.586306751 -0.100000396 3.17643952
v -0.567732811 -0.100000396 3.22740674
v -0.554241478 -0.100000396 3.18454432
v -0.533030629 -0.100000396 3.2406311
v -0.515391231 -0.100000396 3.19927025
v -0.472155035 -0.100000449 3.2635293
v -0.472950161 -0.100000404 3.21945477
v -0.433641553 -0.0999973565 3.24116278
v -0.405379951 -0.100000404 3.26020908
v -0.394162059 -0.100000411 3.2755115
v -0.403637886 -0.100000411 3.28945661
v -0.434683442 -0.100000411 3.30625582
v -0.484722316 -0.100000419 3.3293457
v -0.569544733 -0.100000419 3.3216722
v -0.547671318 -0.100000419 3.3609767
v -0.641409338 -0.0999973789 3.36582899
v -0.615534782 -0.0999973789 3.40258646
v -0.712316215 -0.100000434 3.42290235
v -0.68142122 -0.100000434 3.45550609
v -0.776102066 -0.100000441 3.49416327
v -0.740150928 -0.100000441 3.52106667
v -0.828281045 -0.100000449 3.57827616
v -0.788456917 -0.100000449 3.59908748
v -0.867454052 -0.100000463 3.66841984
v -0.825433552 -0.100000463 3.68446088
v -0.895425558 -0.100000478 3.75243258
v -0.852637589 -0.100000478 3.76638246
v -0.915628254 -0.100000486 3.81587911
v -0.873551905 -0.100000486 3.83174109
v -0.929759681 -0.100000486 3.8505249
v -0.892129242 -0.100000486 3.87433052
v -0.940305352 -0.100000493 3.86331391
v -0.912355304 -0.100000493 3.89754105
v -0.958206296 -0.100000493 3.87184525
v -0.937489927 -0.100000493 3.91178465
v -0.98881346 -0.0999974459 3.88637471
v -0.967610538 -0.0999974459 3.92601681
v -1.02580881 -0.100000501 3.90896988
v -0.998743773 -0.100000501 3.94471622
v -1.05981028 -0.100000501 3.94184351
v -1.02399445 -0.100000501 3.96848726
v -1.08119309 -0.100000508 3.98564672
v -1.03805912 -0.100000508 3.99661899
v -1.083372 -0.100000508 4.03420353
v -1.03915048 -0.100000508 4.02817249
v -1.06919217 -0.100000516 4.08046913
v -1.02855861 -0.100000516 4.06173992
v -1.04262948 -0.100000516 4.12281275
v -1.00832677 -0.100000516 4.09414196
v -1.00246847 -0.100000523 4.1582036
v -0.980064571 -0.100000523 4.11977005
v -0.948353291 -0.100000523 4.17557859
v -0.945033789 -0.100000523 4.13133907
v -0.89001137 -0.100000523 4.16656208
v -0.904882669 -0.100000523 4.12448025
v -0.836889684 -0.100000523 4.13766146
v -0.862094581 -0.100000523 4.10053587
v -0.790283382 -0.100000516 4.10006762
v -0.819801331 -0.100000516 4.06614733
v -0.749962986 -0.100000508 4.06260586
v -0.780286312 -0.100000508 4.02936745
v -0.716337562 -0.100000508 4.03231335
v -0.743896186 -0.100000508 3.99682927
v -0.689597726 -0.100000501 4.01362467
v -0.709163725 -0.100000501 3.97351813
v -0.66782701 -0.100000501 4.00596046
v -0.674491525 -0.100000501 3.96215653
v -0.646083295 -0.100000501 4.00688934
v -0.639609337 -0.100000501 3.9626689
v -0.621408463 -0.100000501 4.01435852
v -0.605576813 -0.100000501 3.97230983
v -0.595057547 -0.100000501 4.02707243
v -0.573569417 -0.100000501 3.98754025
v -0.568394244 -0.100000508 4.04355097
v -0.543626964 -0.100000508 4.00596571
v -0.540596962 -0.100000508 4.06315756
v -0.514592111 -0.100000508 4.02641726
v -0.509409547 -0.100000516 4.08524132
v -0.484944046 -0.100000516 4.04750443
v -0.471935928 -0.100000516 4.10684156
v -0.453821957 -0.100000516 4.0658288
v -0.425924182 -0.0999974683 4.12028742
v -0.421144605 -0.0999974683 4.07592487
v -0.375927389 -0.100000516 4.11617565
v -0.387570024 -0.100000516 4.07306385
v -0.331238985 -0.100000516 4.09575891
v -0.354437709 -0.100000516 4.05736399
v -0.295645595 -0.100000508 4.06940508
v -0.323730052 -0.100000508 4.03428507
v -0.256302416 -0.0999935344 4.03696537
v -0.297334433 -0.0999974608 4.01184511
v -0.275755465 -0.0999974608 3.99576759
v -0.257901013 -0.100000508 3.98862267
v -0.241788104 -0.0999974608 3.99071479
v -0.226013184 -0.100000508 4.0019331
v -0.210073858 -0.0999974608 4.02215576
v -0.233962014 -0.100000516 4.07129765
v -0.194049224 -0.100000516 4.05073309
v -0.218389019 -0.100000516 4.10444355
v -0.177800387 -0.100000516 4.0852046
v -0.200334623 -0.100000523 4.14212799
v -0.160756677 -0.100000523 4.12096214
v -0.178140357 -0.100000523 4.17884493
v -0.142124876 -0.100000523 4.15222979
v -0.149626583 -0.10000053 4.20967817
v -0.121520564 -0.10000053 4.1750021
v -0.114695199 -0.10000053 4.22978258
v -0.0991743132 -0.10000053 4.18800259
v -0.0780006498 -0.0999974832 4.23691702
v -0.0758863688 -0.0999974832 4.19234753
v -0.0451169536 -0.10000053 4.23428249
v -0.0528535731 -0.10000053 4.1902771
v -0.00171969272 -0.10000053 4.21443748
v -0.0316001028 -0.10000053 4.18465948
v -0.013707798 -0.10000053 4.17880869
v 0.000361798331 -0.10000053 4.17573118
v 0.0118213575 -0.10000053 4.17776728
v 0.0232539661 -0.0999974832 4.18632889
v 0.036898654 -0.10000053 4.20049572
v 0.0275181308 -0.0999974906 4.25227118
v 0.0536866486 -0.0999974906 4.21623325
v 0.061178945 -0.100000538 4.26967049
v 0.0732752383 -0.100000538 4.2270112
v 0.102085039 -0.100000538 4.27182007
v 0.0945178196 -0.100000538 4.22806597
v 0.137859926 -0.0999974906 4.25811863
v 0.115779132 -0.0999974906 4.21927309
v 0.163826823 -0.10000053 4.23926926
v 0.135080069 -0.10000053 4.20485449
v 0.18191348 -0.10000053 4.22259617
v 0.151157081 -0.10000053 4.18987179
v 0.193243191 -0.10000053 4.21170616
v 0.164307877 -0.10000053 4.17740679
v 0.199729666 -0.10000053 4.20641708
v 0.176311105 -0.10000053 4.16841507
v 0.207719982 -0.10000053 4.20294428
v 0.189018115 -0.10000053 4.16209364
v 0.22340861 -0.10000053 4.1962018
v 0.203012794 -0.10000053 4.15622568
v 0.245567724 -0.0999974757 4.1823349
v 0.217559144 -0.0999974757 4.14737654
v 0.266617656 -0.0999974757 4.16076851
v 0.23140423 -0.0999974757 4.13299465
v 0.282570362 -0.100000523 4.13629675
v 0.24368833 -0.100000523 4.11379957
v 0.300110996 -0.100000516 4.09782934
v 0.254056334 -0.100000516 4.09387445
v 0.262888908 -0.100000516 4.07795334
v 0.271615744 -0.100000516 4.06775141
v 0.282697141 -0.100000516 4.06153584
v 0.298305035 -0.100000516 4.05542564
v 0.342486978 -0.0999974683 4.08297777
v 0.318200648 -0.0999974683 4.04548168
v 0.372305691 -0.100000508 4.05829954
v 0.339435935 -0.100000508 4.02809668
v 0.39747113 -0.100000508 4.022048
v 0.357928753 -0.100000508 4.00115395
v 0.41427058 -0.0999974534 3.97966194
v 0.371488094 -0.0999974534 3.96626496
v 0.433858097 -0.100003153 3.92644763
v 0.380419314 -0.100000493 3.92916894
v 0.387100697 -0.100000493 3.8977406
v 0.395008504 -0.100000493 3.87739944
v 0.408456743 -0.100000486 3.86997914
v 0.431526601 -0.100000486 3.87413669
v 0.465120971 -0.100000493 3.88649225
v 0.491744459 -0.100000493 3.94460535
v 0.506095886 -0.100000493 3.90197945
v 0.539364994 -0.100000493 3.95854783
v 0.548733115 -0.100000493 3.9146173
v 0.588693738 -0.100000493 3.96489263
v 0.589652836 -0.100000493 3.92005229
v 0.637804389 -0.100000493 3.96060157
v 0.629583478 -0.100000493 3.91647792
v 0.687100589 -0.100000493 3.94666028
v 0.672139347 -0.100000493 3.9042809
v 0.738292217 -0.100000493 3.92508507
v 0.718802214 -0.100000493 3.88457322
v 0.790696084 -0.100000486 3.89657044
v 0.766745627 -0.100000486 3.85855556
v 0.839484215 -0.100000486 3.86095858
v 0.809660912 -0.100000486 3.82744813
v 0.878889084 -0.099997431 3.81764078
v 0.842047811 -0.099997431 3.79222798
v 0.904003501 -0.100000471 3.76720262
v 0.861439049 -0.100000471 3.75349593
v 0.91291517 -0.0999974236 3.712749
v 0.86815834 -0.0999974236 3.71156812
v 0.907226682 -0.100000463 3.6575315
v 0.86341536 -0.100000463 3.66705608
v 0.889194369 -0.100000456 3.60315132
v 0.848127842 -0.100000456 3.62122917
v 0.860284567 -0.100000449 3.55101299
v 0.822956204 -0.100000449 3.57594991
v 0.822134376 -0.0999973938 3.50281119
v 0.788958549 -0.0999973938 3.53308487
v 0.777222991 -0.100000441 3.45988321
v 0.748072863 -0.100000441 3.49407268
v 0.728762269 -0.100000434 3.42298985
v 0.703124881 -0.100000434 3.45989871
v 0.680547953 -0.100000426 3.39245224
v 0.657633841 -0.100000426 3.43111515
v 0.635552108 -0.100000426 3.35784101
v 0.61564064 -0.100000426 3.40785265
v 0.581653357 -0.100000426 3.38976765
v 0.560159087 -0.100000419 3.37535501
v 0.555112302 -0.100000419 3.36123395
v 0.569875181 -0.100000419 3.34219527
v 0.607055068 -0.100000411 3.3129425
v 0.693577945 -0.100000411 3.30743265
v 0.668302417 -0.100000411 3.270262
v 0.778773844 -0.0999973565 3.25093007
v 0.754167855 -0.0999973565 3.2133007
v 0.886120677 -0.0999973416 3.18175173
v 0.861818314 -0.0999973416 3.14391875
v 1.0061115 -0.100000381 3.10493374
v 0.981642544 -0.100000381 3.06720638
v 1.12240899 -0.100000374 3.02850866
v 1.09696639 -0.100000374 2.99143815
v 1.2178998 -0.100000359 2.95998263
v 1.18985403 -0.100000359 2.92488623
v 1.28497493 -0.0999973044 2.89978433
v 1.25138569 -0.0999973044 2.87018561
v 1.32416511 -0.100000352 2.84150028
v 1.28344047 -0.100000352 2.82338715
v 1.33894992 -0.100000344 2.78102541
v 1.29444492 -0.100000344 2.77771664
v 1.33367193 -0.100000337 2.72069025
v 1.2903676 -0.100000337 2.73151445
v 1.3085767 -0.100000329 2.66382742
v 1.27271557 -0.100000329 2.68997884
v 1.25996637 -0.100000329 2.62234211
v 1.24040878 -0.100000329 2.66207004
v 1.19594586 -0.100000322 2.60807085
v 1.19455135 -0.100000322 2.65265822
v 1.12958705 -0.100000329 2.61668372
v 1.13972616 -0.100000329 2.66037869
v 1.0668627 -0.100000329 2.63696265
v 1.08255994 -0.100000329 2.67907691
v 1.00986755 -0.100000329 2.66081214
v 1.02732611 -0.100000329 2.70226288
v 0.958672464 -0.100000337 2.6825037
v 0.974489331 -0.100000337 2.72459149
v 0.910264075 -0.100000337 2.69859219
v 0.921609521 -0.100000337 2.742064
v 0.860836864 -0.100000337 2.70814705
v 0.866736233 -0.100000337 2.75269985
v 0.808273852 -0.0999972895 2.71184468
v 0.809762657 -0.0999972895 2.75679994
v 0.753583491 -0.100000337 2.71149755
v 0.752259076 -0.100000337 2.75647616
v 0.700074494 -0.100000337 2.70864248
v 0.69660455 -0.100000337 2.75351024
v 0.651962399 -0.100000337 2.7038002
v 0.645571411 -0.100000337 2.74833179
v 0.613389373 -0.100000337 2.69674897
v 0.602088451 -0.100000337 2.74024129
v 0.586506128 -0.100000337 2.68794513
v 0.568014026 -0.100000337 2.72878003
v 0.552865624 -0.100000322 2.66863656
v 0.543434083 -0.100000337 2.71451092
v 0.526864707 -0.099997282 2.69884706
v 0.516790628 -0.100000329 2.68265176
v 0.512713969 -0.100000329 2.6652956
v 0.515090406 -0.100000322 2.644835
v 0.565170288 -0.100000322 2.63870192
v 0.524330676 -0.100000322 2.61996579
v 0.577965617 -0.100000314 2.6156857
v 0.539992273 -0.100000314 2.59160209
v 0.595359564 -0.100000314 2.59154844
v 0.56081605 -0.100000314 2.56279445
v 0.61557436 -0.100000307 2.57026863
v 0.585701823 -0.100000307 2.53674054
v 0.638820291 -0.100000307 2.552706
v 0.61464864 -0.100000307 2.51485872
v 0.667573273 -0.0999972597 2.53752446
v 0.648750186 -0.0999972597 2.49669409
v 0.704122722 -0.1000003 2.52324986
v 0.689035416 -0.1000003 2.48085999
v 0.748297334 -0.1000003 2.50916219
v 0.735134065 -0.1000003 2.46612501
v 0.798039317 -0.1000003 2.4946301
v 0.785164297 -0.1000003 2.45150709
v 0.850705683 -0.0999972522 2.47853303
v 0.836309969 -0.0999972522 2.43590903
v 0.903933644 -0.100000292 2.45865059
v 0.885610282 -0.100000292 2.41761041
v 0.955175281 -0.100000292 2.43139076
v 0.930111229 -0.100000292 2.39419174
v 1.00089049 -0.100000285 2.39256835
v 0.967830837 -0.100000285 2.36233068
v 1.03834474 -0.100000277 2.33967757
v 0.999338329 -0.100000277 2.31747031
v 1.06974542 -0.10000027 2.27048349
v 1.02795386 -0.10000027 2.25387287
v 1.1005075 -0.100000262 2.18196583
v 1.0577538 -0.100000262 2.16794515
v 1.13275588 -0.100000247 2.07772732
v 1.08967865 -0.100000247 2.06472683
v 1.16399968 -0.100000232 1.97156858
v 1.12076724 -0.100000232 1.95909929
v 1.18933916 -0.100000218 1.88186002
v 1.14590061 -0.100000218 1.87014484
v 1.20583451 -0.10000021 1.81743908
v 1.16187251 -0.10000021 1.80798078
v 1.21315932 -0.10000021 1.77312326
v 1.16839778 -0.10000021 1.77049446
v 1.21061552 -0.100000203 1.73660922
v 1.16709352 -0.100000203 1.74680948
v 1.19722474 -0.100000203 1.70431089
v 1.15860903 -0.100000203 1.72704101
v 1.17513728 -0.100000195 1.6752162
v 1.14175785 -0.100000195 1.70526552
v 1.14428306 -0.100000195 1.64548945
v 1.11449957 -0.100000195 1.67917538
v 1.1051259 -0.100000188 1.6134696
v 1.07727373 -0.100000188 1.64879584
v 1.06144059 -0.100000188 1.58018684
v 1.03421903 -0.100000188 1.61600995
v 1.01954675 -0.10000018 1.54841995
v 0.992071927 -0.10000018 1.58405018
v 0.983620703 -0.10000018 1.52024913
v 0.955583692 -0.10000018 1.55543995
v 0.953433335 -0.100000173 1.49581552
v 0.925503671 -0.100000173 1.5310905
v 0.924804151 -0.100000173 1.47374821
v 0.89904356 -0.100000173 1.51060128
v 0.892719924 -0.100000173 1.45382118
v 0.872438431 -0.100000173 1.49387598
v 0.85374403 -0.100000165 1.43861055
v 0.84229511 -0.100000165 1.48196888
v 0.807601094 -0.0999971181 1.43197298
v 0.80580318 -0.0999971181 1.47682214
v 0.756267309 -0.0999971181 1.43484592
v 0.761743903 -0.0999971181 1.47946835
v 0.701625943 -0.100000165 1.44491649
v 0.711122513 -0.100000165 1.48890233
v 0.646110952 -0.100000173 1.45852828
v 0.657010436 -0.100000173 1.50220323
v 0.592839301 -0.100000173 1.47202969
v 0.603119552 -0.100000173 1.51585507
v 0.545213819 -0.100000173 1.48237514
v 0.552735686 -0.100000173 1.52673674
v 0.506927788 -0.100000173 1.48733544
v 0.508561015 -0.100000173 1.53220725
v 0.48012507 -0.100000173 1.48650718
v 0.47183466 -0.100000173 1.53035283
v 0.461404622 -0.100000173 1.48026323
v 0.441548169 -0.100000173 1.52020526
v 0.442970157 -0.100000173 1.46693516
v 0.414602935 -0.100000173 1.50179458
v 0.421133518 -0.100000165 1.44562507
v 0.388409615 -0.100000165 1.47656059
v 0.384725392 -0.100000158 1.40695834
v 0.363651156 -0.100000165 1.44778967
v 0.344367683 -0.100000158 1.42050695
v 0.335099161 -0.100000158 1.39915156
v 0.337269485 -0.100000158 1.38463569
v 0.348813236 -0.100000151 1.3741045
v 0.365628421 -0.100000151 1.36335135
v 0.383767903 -0.100000151 1.3504653
v 0.432680607 -0.100000151 1.36671138
v 0.399791479 -0.100000151 1.33626938
v 0.451207459 -0.100000143 1.3410008
v 0.41119498 -0.100000143 1.32119846
v 0.461451232 -0.100000143 1.30662251
v 0.417182207 -0.100000143 1.29967976
v 0.463748634 -0.100000136 1.25994933
v 0.418790638 -0.100000136 1.25925231
v 0.463133633 -0.100000128 1.18669081
v 0.418159187 -0.100000128 1.18715119
v 0.461932898 -0.100000113 1.08401012
v 0.416955411 -0.100000113 1.08445704
v 0.46099633 -0.100000098 0.968930125
v 0.416016579 -0.100000098 0.969209075
v 0.460567772 -0.100000083 0.868722141
v 0.415588558 -0.100000083 0.868702471
v 0.460900724 -0.100000076 0.800718844
v 0.415943086 -0.100000076 0.799625576
v 0.464159727 -0.100000061 0.769695222
v 0.417556942 -0.100000069 0.762543559
v 0.421674907 -0.100000069 0.745312095
v 0.432043612 -0.100000069 0.733780921
v 0.483325601 -0.100000061 0.75071913
v 0.45548296 -0.100000061 0.715415835
v 0.528420269 -0.100000061 0.714920521
v 0.499900877 -0.100000061 0.680154622
v 0.59672004 -0.100000054 0.65702945
v 0.56684494 -0.100000054 0.623418927
v 0.669862747 -0.100000039 0.570188165
v 0.637932479 -0.100000039 0.53853792
v 0.725376368 -0.100000031 0.48818332
v 0.692772269 -0.100000031 0.459559143
v 0.759655654 -0.100000024 0.439255267
v 0.724765599 -0.100000024 0.413832545
v 0.774896204 -0.100000024 0.413585335
v 0.738390446 -0.100000024 0.390864253
v 0.78804177 -0.100000016 0.387780935
v 0.750091851 -0.100000016 0.367935061
v 0.799043775 -0.100000016 0.361342788
v 0.759616256 -0.100000016 0.34511438
v 0.80751133 -0.100000009 0.334181756
v 0.76671344 -0.100000009 0.322461873
v 0.811899841 -0.100000009 0.300000012
v 0.77113539 -0.100000009 0.300000012
v 0.822127879 -0.0978469998 0.300000012
v 0.817373157 -0.0978469849 0.337014735
v 0.830798805 -0.0917157382 0.300000012
v 0.808563232 -0.0978470147 0.365261048
v 0.825733542 -0.0917157307 0.339416385
v 0.836592436 -0.0825396627 0.300000012
v 0.797196567 -0.0978470147 0.392568439
v 0.816633523 -0.0917157531 0.368582755
v 0.831319809 -0.0825396478 0.34102115
v 0.838626862 -0.0717157423 0.300000012
v 0.783697486 -0.0978469998 0.41906324
v 0.804957628 -0.0917157531 0.396627098
v 0.822025836 -0.0825396702 0.370802224
v 0.833281457 -0.0717157349 0.341584682
v 0.838626862 0.0717157423 0.300000012
v 0.768068671 -0.0978469998 0.445385396
v 0.791158855 -0.0917157456 0.423707157
v 0.810143471 -0.0825396702 0.39933902
v 0.833281457 0.0717157349 0.341584682
v 0.836592436 0.0825396627 0.300000012
v 0.823919356 -0.0717157423 0.371581614
v 0.733244538 -0.0978470296 0.495091051
v 0.775200903 -0.0917157456 0.450582325
v 0.831319809 0.0825396478 0.34102115
v 0.830798805 0.0917157382 0.300000012
v 0.796144366 -0.0825396627 0.426810145
v 0.823919356 0.0717157274 0.371581614
v 0.811964452 -0.0717157423 0.400291294
v 0.677562833 -0.0978470147 0.577820718
v 0.825733542 0.0917157307 0.339416385
v 0.822127879 0.0978469998 0.300000012
v 0.739914775 -0.091715768 0.500947118
v 0.779966474 -0.0825396627 0.454054773
v 0.822025836 0.0825396553 0.370802224
v 0.811964452 0.0717157274 0.400291294
v 0.797895014 -0.0717157498 0.427899718
v 0.817373157 0.0978469849 0.337014735
v 0.811899841 0.100000009 0.300000012
v 0.816633523 0.0917157382 0.368582755
v 0.810143471 0.0825396553 0.39933902
v 0.797895014 0.07171572 0.427899718
v 0.781639934 -0.0717157498 0.455274165
v 0.80751133 0.100000009 0.334181756
v 0.77113539 0.100000009 0.300000012
v 0.76671344 0.100000009 0.322461873
v 0.808563232 0.0978469998 0.365261048
v 0.799043775 0.100000001 0.361342788
v 0.759616256 0.100000001 0.34511438
v 0.804957628 0.0917157382 0.396627098
v 0.796144366 0.0825396329 0.426810145
v 0.78804177 0.100000001 0.387780935
v 0.750091851 0.100000001 0.367935061
v 0.797196567 0.0978469998 0.392568439
v 0.774896204 0.099999994 0.413585335
v 0.738390446 0.099999994 0.390864253
v 0.791158855 0.0917157158 0.423707157
v 0.783697486 0.09784697 0.41906324
v 0.781639934 0.07171572 0.455274165
v 0.759655654 0.099999994 0.439255267
v 0.724765599 0.099999994 0.413832545
v 0.779966474 0.0825396329 0.454054773
v 0.775200903 0.0917157158 0.450582325
v 0.768068671 0.09784697 0.445385396
v 0.725376368 0.0999999866 0.48818332
v 0.692772269 0.0999999866 0.459559143
v 0.733244538 0.0978469849 0.495091051
v 0.739914775 0.0917157233 0.500947118
v 0.744371772 0.0825396404 0.504860044
v 0.745936871 0.0717157125 0.50623405
v 0.669862747 0.0999999791 0.570188165
v 0.637932479 0.0999999791 0.53853792
v 0.677562833 0.0978469551 0.577820718
v 0.684090674 0.0917157009 0.584291339
v 0.688452482 0.082539618 0.588614881
v 0.59672004 0.0999999642 0.65702951
v 0.56684494 0.0999999642 0.623418927
v 0.6039204 0.0978469402 0.665130138
v 0.610024512 0.091715686 0.671997488
v 0.528420269 0.0999999568 0.714920521
v 0.499900877 0.0999999568 0.680154622
v 0.535294652 0.0978469551 0.723300517
v 0.483325601 0.0999999568 0.75071907
v 0.45548296 0.0999999568 0.715415835
v 0.464159667 0.0999999419 0.769695282
v 0.432043612 0.0999999493 0.733780921
v 0.421674907 0.0999999493 0.745312095
v 0.417556942 0.0999999493 0.762543559
v 0.490038872 0.0978469551 0.75923121
v 0.541122437 0.0917156935 0.730404735
v 0.460900724 0.0999999419 0.800718844
v 0.415943086 0.0999999419 0.799625576
v 0.474505424 0.0978469327 0.774612367
v 0.495730102 0.0917156935 0.766447484
v 0.460567772 0.0999999344 0.868722141
v 0.415588558 0.0999999344 0.868702471
v 0.471734762 0.0978469402 0.800982296
v 0.483276069 0.0917156786 0.778780937
v 0.46099633 0.0999999195 0.968930125
v 0.416016579 0.0999999195 0.969209075
v 0.47140187 0.0978469104 0.86872685
v 0.48091948 0.0917156786 0.801205635
v 0.461932898 0.0999999046 1.08401012
v 0.416955411 0.0999999046 1.08445704
v 0.471829653 0.0978468955 0.968862951
v 0.480586588 0.0917156562 0.868730843
v 0.463133633 0.0999998897 1.18669081
v 0.418159187 0.0999998897 1.18715119
v 0.47276628 0.0978468806 1.0839026
v 0.481013715 0.0917156413 0.968805969
v 0.463748634 0.0999998823 1.25994933
v 0.418790638 0.0999998823 1.25925231
v 0.473968148 0.0978468657 1.18657982
v 0.481950402 0.0917156264 1.08381128
v 0.461451232 0.0999998748 1.30662251
v 0.417182207 0.0999998748 1.29967976
v 0.4745875 0.0978468806 1.26011729
v 0.483153164 0.0917156115 1.18648577
v 0.451207459 0.0999998748 1.3410008
v 0.41119498 0.0999998748 1.32119846
v 0.472218394 0.0978468508 1.30831122
v 0.483776212 0.091715619 1.26025987
v 0.432680607 0.0999998674 1.36671138
v 0.399791479 0.0999998674 1.33626938
v 0.461032391 0.0978468508 1.3458631
v 0.481346428 0.0917155966 1.30974269
v 0.384725392 0.099999845 1.40695834
v 0.383767903 0.0999998674 1.3504653
v 0.365628421 0.0999998674 1.36335135
v 0.348813236 0.0999998674 1.3741045
v 0.337269485 0.0999998599 1.38463569
v 0.335099161 0.0999998599 1.39915156
v 0.344367683 0.0999998599 1.42050695
v 0.363651156 0.0999998525 1.44778967
v 0.469361544 0.0917155966 1.34998512
v 0.421133518 0.0999998525 1.44562507
v 0.388409615 0.0999998525 1.47656059
v 0.442970157 0.099999845 1.46693516
v 0.414602935 0.099999845 1.50179458
v 0.461404622 0.099999845 1.48026323
v 0.441548169 0.099999845 1.52020526
v 0.48012507 0.099999845 1.48650718
v 0.47183466 0.099999845 1.53035283
v 0.506927788 0.099999845 1.48733544
v 0.508561015 0.099999845 1.53220725
v 0.545213819 0.099999845 1.48237514
v 0.552735686 0.099999845 1.52673674
v 0.592839301 0.099999845 1.47202969
v 0.603119552 0.099999845 1.51585507
v 0.646110952 0.099999845 1.45852828
v 0.657010436 0.099999845 1.50220323
v 0.701625943 0.0999998525 1.44491649
v 0.711122513 0.0999998525 1.48890233
v 0.756267309 0.0999968052 1.43484592
v 0.761743903 0.0999968052 1.47946835
v 0.807601094 0.0999968052 1.43197298
v 0.80580318 0.0999968052 1.47682214
v 0.85374403 0.0999998525 1.43861055
v 0.84229511 0.0999998525 1.48196888
v 0.892719924 0.099999845 1.45382118
v 0.872438431 0.099999845 1.49387598
v 0.924804151 0.099999845 1.47374821
v 0.89904356 0.099999845 1.51060128
v 0.953433335 0.099999845 1.49581552
v 0.925503671 0.099999845 1.5310905
v 0.983620703 0.0999998376 1.52024913
v 0.955583692 0.0999998376 1.55543995
v 1.01954675 0.0999998376 1.54841995
v 0.992071927 0.0999998376 1.58405018
v 1.06144059 0.0999998301 1.58018684
v 1.03421903 0.0999998301 1.61600995
v 1.1051259 0.0999998301 1.6134696
v 1.07727373 0.0999998301 1.64879584
v 1.14428306 0.0999998227 1.64548945
v 1.11449957 0.0999998227 1.67917538
v 1.17513728 0.0999998227 1.6752162
v 1.14175785 0.0999998227 1.70526552
v 1.19722474 0.0999998152 1.70431089
v 1.15860903 0.0999998152 1.72704101
v 1.21061552 0.0999998152 1.73660922
v 1.16709352 0.0999998152 1.74680948
v 1.21315932 0.0999998078 1.77312326
v 1.16839778 0.0999998078 1.77049446
v 1.20583451 0.0999998078 1.81743908
v 1.16187251 0.0999998078 1.80798078
v 1.18933916 0.0999998003 1.88186002
v 1.14590061 0.0999998003 1.87014484
v 1.16399968 0.0999997854 1.97156858
v 1.12076724 0.0999997854 1.95909929
v 1.13275588 0.0999997705 2.07772732
v 1.08967865 0.0999997705 2.06472683
v 1.1005075 0.0999997556 2.18196583
v 1.0577538 0.0999997556 2.16794515
v 1.06974542 0.0999997482 2.27048349
v 1.02795386 0.0999997482 2.25387287
v 1.03834474 0.0999997407 2.33967757
v 0.999338329 0.0999997407 2.31747031
v 1.00089049 0.0999997333 2.39256835
v 0.967830837 0.0999997333 2.36233068
v 0.955175281 0.0999997258 2.43139076
v 0.930111229 0.0999997258 2.39419174
v 0.903933644 0.0999997258 2.45865059
v 0.885610282 0.0999997258 2.41761041
v 0.850705683 0.0999966711 2.47853303
v 0.836309969 0.0999966711 2.43590903
v 0.798039317 0.0999997184 2.4946301
v 0.785164297 0.0999997184 2.45150709
v 0.748297334 0.0999997184 2.50916219
v 0.735134065 0.0999997184 2.46612501
v 0.704122722 0.0999997184 2.52324986
v 0.689035416 0.0999997184 2.48085999
v 0.667573273 0.0999966636 2.53752446
v 0.648750186 0.0999966636 2.49669409
v 0.638820291 0.0999997109 2.552706
v 0.61464864 0.0999997109 2.51485872
v 0.61557436 0.0999997109 2.57026863
v 0.585701823 0.0999997109 2.53674054
v 0.595359564 0.0999997035 2.59154844
v 0.56081605 0.0999997035 2.56279445
v 0.577965617 0.0999997035 2.6156857
v 0.539992273 0.0999997035 2.59160209
v 0.565170288 0.099999696 2.63870192
v 0.524330676 0.099999696 2.61996579
v 0.552865624 0.0999996662 2.66863656
v 0.515090406 0.099999696 2.644835
v 0.512713969 0.0999996886 2.6652956
v 0.516790628 0.0999996886 2.68265176
v 0.526864707 0.0999966413 2.69884706
v 0.543434083 0.0999996811 2.71451092
v 0.586506128 0.0999996811 2.68794513
v 0.568014026 0.0999996811 2.72878003
v 0.613389373 0.0999996811 2.69674897
v 0.602088451 0.0999996811 2.74024129
v 0.651962399 0.0999996811 2.7038002
v 0.645571411 0.0999996811 2.74833179
v 0.700074494 0.0999996811 2.70864248
v 0.69660455 0.0999996811 2.75351024
v 0.753583491 0.0999996811 2.71149755
v 0.752259076 0.0999996811 2.75647616
v 0.808273852 0.0999966338 2.71184468
v 0.809762657 0.0999966338 2.75679994
v 0.860836864 0.0999996811 2.70814705
v 0.866736233 0.0999996811 2.75269985
v 0.910264075 0.0999996811 2.69859219
v 0.921609521 0.0999996811 2.742064
v 0.958672464 0.0999996811 2.6825037
v 0.974489331 0.0999996811 2.72459149
v 1.00986755 0.0999996886 2.66081214
v 1.02732611 0.0999996886 2.70226288
v 1.0668627 0.0999996886 2.63696265
v 1.08255994 0.0999996886 2.67907691
v 1.12958705 0.0999996886 2.61668372
v 1.13972616 0.0999996886 2.66037869
v 1.19594586 0.099999696 2.60807085
v 1.19455135 0.099999696 2.65265822
v 1.25996637 0.0999996886 2.62234211
v 1.24040878 0.0999996886 2.66207004
v 1.3085767 0.0999996886 2.66382742
v 1.27271557 0.0999996886 2.68997884
v 1.33367193 0.0999996811 2.72069025
v 1.2903676 0.0999996811 2.73151445
v 1.33894992 0.0999996737 2.78102541
v 1.29444492 0.0999996737 2.77771664
v 1.32416511 0.0999996662 2.84150028
v 1.28344047 0.0999996662 2.82338715
v 1.28497493 0.0999966189 2.89978433
v 1.25138569 0.0999966189 2.87018561
v 1.2178998 0.0999996588 2.95998263
v 1.18985403 0.0999996588 2.92488623
v 1.12240899 0.0999996439 3.02850866
v 1.09696639 0.0999996439 2.99143815
v 1.0061115 0.0999996364 3.10493374
v 0.981642544 0.0999996364 3.06720638
v 0.886120677 0.0999965817 3.18175173
v 0.861818314 0.0999965817 3.14391875
v 0.778773844 0.0999965668 3.25093007
v 0.754167855 0.0999965668 3.2133007
v 0.693577945 0.0999996066 3.30743265
v 0.668302417 0.0999996066 3.270262
v 0.635552108 0.0999995992 3.35784101
v 0.607055068 0.0999996066 3.3129425
v 0.569875181 0.0999995992 3.34219527
v 0.555112302 0.0999995992 3.36123395
v 0.560159087 0.0999995992 3.37535501
v 0.581653357 0.0999995917 3.38976765
v 0.61564064 0.0999995917 3.40785265
v 0.680547953 0.0999995917 3.39245224
v 0.657633841 0.0999995917 3.43111515
v 0.728762269 0.0999995843 3.42298985
v 0.703124881 0.0999995843 3.45989871
v 0.777222991 0.0999995768 3.45988321
v 0.748072863 0.0999995768 3.49407268
v 0.822134376 0.0999965295 3.50281119
v 0.788958549 0.0999965295 3.53308487
v 0.860284567 0.0999995694 3.55101299
v 0.822956204 0.0999995694 3.57594991
v 0.88919431 0.0999995619 3.60315132
v 0.848127842 0.0999995619 3.62122917
v 0.907226682 0.0999995545 3.6575315
v 0.86341536 0.0999995545 3.66705608
v 0.91291523 0.0999964997 3.712749
v 0.86815834 0.0999964997 3.71156812
v 0.904003501 0.099999547 3.76720262
v 0.861439049 0.099999547 3.75349593
v 0.878889084 0.0999964923 3.81764078
v 0.842047811 0.0999964923 3.79222798
v 0.839484215 0.0999995321 3.86095858
v 0.809660912 0.0999995321 3.82744813
v 0.790696084 0.0999995321 3.89657044
v 0.766745627 0.0999995321 3.85855556
v 0.738292217 0.0999995247 3.92508507
v 0.718802214 0.0999995247 3.88457322
v 0.687100589 0.0999995247 3.94666028
v 0.672139347 0.0999995247 3.9042809
v 0.637804389 0.0999995247 3.96060157
v 0.629583478 0.0999995247 3.91647792
v 0.588693738 0.0999995247 3.96489263
v 0.589652836 0.0999995247 3.92005229
v 0.539364994 0.0999995247 3.95854783
v 0.548733115 0.0999995247 3.9146173
v 0.491744459 0.0999995247 3.94460535
v 0.506095886 0.0999995247 3.90197945
v 0.433858037 0.0999995247 3.92644763
v 0.465120971 0.0999995247 3.88649225
v 0.431526601 0.0999995321 3.87413669
v 0.408456743 0.0999995321 3.86997914
v 0.395008504 0.0999995247 3.87739944
v 0.387100697 0.0999995247 3.8977406
v 0.380419314 0.0999995247 3.92916894
v 0.41427058 0.0999964699 3.97966194
v 0.371488094 0.0999964699 3.96626496
v 0.39747113 0.0999995098 4.022048
v 0.357928753 0.0999995098 4.00115395
v 0.372305691 0.0999995098 4.05829954
v 0.339435935 0.0999995098 4.02809668
v 0.342486918 0.099996455 4.08297777
v 0.318200648 0.099996455 4.04548168
v 0.300110996 0.100000471 4.09782934
v 0.298305035 0.0999995023 4.05542564
v 0.282697141 0.0999995023 4.06153584
v 0.271615744 0.0999995023 4.06775141
v 0.262888908 0.0999995023 4.07795334
v 0.254056334 0.0999995023 4.09387445
v 0.282570362 0.0999994949 4.13629675
v 0.24368833 0.0999994949 4.11379957
v 0.266617656 0.0999964476 4.16076851
v 0.23140423 0.0999964476 4.13299465
v 0.245567724 0.0999964476 4.1823349
v 0.217559144 0.0999964476 4.14737654
v 0.22340861 0.0999994874 4.1962018
v 0.203012794 0.0999994874 4.15622568
v 0.207719982 0.0999994874 4.20294428
v 0.189018115 0.0999994874 4.16209364
v 0.199729681 0.0999994874 4.20641708
v 0.176311105 0.0999994874 4.16841507
v 0.193243206 0.0999994874 4.21170616
v 0.164307877 0.0999994874 4.17740679
v 0.18191351 0.0999994874 4.22259617
v 0.151157081 0.0999994874 4.18987179
v 0.163826853 0.0999994874 4.23926926
v 0.135080069 0.0999994874 4.20485449
v 0.137859941 0.0999964327 4.25811863
v 0.115779132 0.0999964327 4.21927309
v 0.102085046 0.0999994799 4.27182007
v 0.0945178196 0.0999994799 4.22806597
v 0.0611789227 0.0999994799 4.26967096
v 0.0732752383 0.0999994799 4.2270112
v 0.0275180675 0.0999964327 4.25227118
v 0.0536866486 0.0999964327 4.21623325
v -0.00171960238 0.0999977067 4.21443796
v 0.036898654 0.0999994874 4.20049572
v 0.0232539661 0.0999964401 4.18632889
v 0.0118213575 0.0999994874 4.17776728
v 0.000361798331 0.0999994874 4.17573118
v -0.013707798 0.0999994874 4.17880869
v -0.0316001028 0.0999994874 4.18465948
v -0.0451169387 0.0999994874 4.23428297
v -0.0528535731 0.0999994874 4.1902771
v -0.0780006498 0.0999964401 4.23691702
v -0.0758863688 0.0999964401 4.19234753
v -0.114695214 0.0999994874 4.22978258
v -0.0991743132 0.0999994874 4.18800259
v -0.149626628 0.0999994874 4.20967865
v -0.121520564 0.0999994874 4.1750021
v -0.178140387 0.0999994949 4.17884493
v -0.142124876 0.0999994949 4.15222979
v -0.200334638 0.0999994949 4.14212799
v -0.160756677 0.0999994949 4.12096214
v -0.218389034 0.0999995023 4.10444355
v -0.177800387 0.0999995023 4.0852046
v -0.233962029 0.0999995023 4.07129765
v -0.194049224 0.0999995023 4.05073309
v -0.256302476 0.0999847874 4.03696537
v -0.210073858 0.0999964625 4.02215576
v -0.226013184 0.0999995098 4.0019331
v -0.241788104 0.0999964625 3.99071479
v -0.257901013 0.0999995098 3.98862267
v -0.275755465 0.0999964625 3.99576759
v -0.297334433 0.0999964625 4.01184511
v -0.295645535 0.0999995098 4.06940508
v -0.323730052 0.0999995098 4.03428507
v -0.331238985 0.0999995023 4.09575891
v -0.354437709 0.0999995023 4.05736399
v -0.375927389 0.0999995023 4.11617565
v -0.387570024 0.0999995023 4.07306385
v -0.425924182 0.099996455 4.12028742
v -0.421144605 0.099996455 4.07592487
v -0.471935928 0.0999995023 4.10684156
v -0.453821957 0.0999995023 4.0658288
v -0.509409547 0.0999995023 4.08524132
v -0.484944046 0.0999995023 4.04750443
v -0.540596962 0.0999995098 4.06315756
v -0.514592111 0.0999995098 4.02641726
v -0.568394244 0.0999995098 4.04355097
v -0.543626964 0.0999995098 4.00596571
v -0.595057547 0.0999995172 4.02707243
v -0.573569417 0.0999995172 3.98754025
v -0.621408463 0.0999995172 4.01435852
v -0.605576813 0.0999995172 3.97230983
v -0.646083295 0.0999995172 4.00688934
v -0.639609337 0.0999995172 3.9626689
v -0.66782701 0.0999995172 4.00596046
v -0.674491525 0.0999995172 3.96215653
v -0.689597726 0.0999995172 4.01362467
v -0.709163725 0.0999995172 3.97351813
v -0.716337562 0.0999995098 4.03231335
v -0.743896186 0.0999995098 3.99682927
v -0.749962986 0.0999995098 4.06260586
v -0.780286312 0.0999995098 4.02936745
v -0.790283382 0.0999995023 4.10006762
v -0.819801331 0.0999995023 4.06614733
v -0.836889684 0.0999994949 4.13766146
v -0.862094581 0.0999994949 4.10053587
v -0.89001137 0.0999994949 4.16656208
v -0.904882669 0.0999994949 4.12448025
v -0.948353291 0.0999994949 4.17557859
v -0.945033789 0.0999994949 4.13133907
v -1.00246847 0.0999994949 4.1582036
v -0.980064571 0.0999994949 4.11977005
v -1.04262948 0.0999995023 4.12281275
v -1.00832677 0.0999995023 4.09414196
v -1.06919217 0.0999995023 4.08046913
v -1.02855861 0.0999995023 4.06173992
v -1.083372 0.0999995098 4.03420353
v -1.03915048 0.0999995098 4.02817249
v -1.08119309 0.0999995098 3.98564672
v -1.03805912 0.0999995098 3.99661899
v -1.05981028 0.0999995172 3.94184351
v -1.02399445 0.0999995172 3.96848726
v -1.02580881 0.0999995172 3.90896988
v -0.998743773 0.0999995172 3.94471622
v -0.98881346 0.0999964774 3.88637471
v -0.967610538 0.0999964774 3.92601681
v -0.958206296 0.0999995247 3.87184525
v -0.937489927 0.0999995247 3.91178465
v -0.940305293 0.0999995247 3.86331391
v -0.912355304 0.0999995247 3.89754105
v -0.929759741 0.0999995321 3.8505249
v -0.892129242 0.0999995321 3.87433052
v -0.915628254 0.0999995321 3.81587911
v -0.873551905 0.0999995321 3.83174109
v -0.895425618 0.0999995396 3.75243258
v -0.852637589 0.0999995396 3.76638246
v -0.867454052 0.0999995545 3.66841984
v -0.825433552 0.0999995545 3.68446088
v -0.828281045 0.0999995694 3.57827616
v -0.788456917 0.0999995694 3.59908748
v -0.776102066 0.0999995768 3.49416327
v -0.740150928 0.0999995768 3.52106667
v -0.712316215 0.0999995843 3.42290235
v -0.68142122 0.0999995843 3.45550609
v -0.641409338 0.0999965444 3.36582899
v -0.615534782 0.0999965444 3.40258646
v -0.569544733 0.0999995992 3.3216722
v -0.547671318 0.0999995992 3.3609767
v -0.472155035 0.0999995992 3.2635293
v -0.484722316 0.0999995992 3.3293457
v -0.434683442 0.0999996066 3.30625582
v -0.403637886 0.0999996066 3.28945661
v -0.394162059 0.0999996066 3.2755115
v -0.405379951 0.0999996141 3.26020908
v -0.433641553 0.0999965668 3.24116278
v -0.472950161 0.0999996141 3.21945477
v -0.533030629 0.0999996215 3.2406311
v -0.515391231 0.0999996215 3.19927025
v -0.567732811 0.0999996215 3.22740674
v -0.554241478 0.0999996215 3.18454432
v -0.594559252 0.0999996215 3.22059417
v -0.586306751 0.0999996215 3.17643952
v -0.61630106 0.0999996215 3.21806359
v -0.611902773 0.0999996215 3.17330217
v -0.639653802 0.0999996215 3.21618724
v -0.633319736 0.0999996215 3.17171597
v -0.668760419 0.0999996215 3.20953536
v -0.653446138 0.0999996215 3.16744661
v -0.700812221 0.099999629 3.19273496
v -0.675529063 0.099999629 3.15569901
v -0.732897758 0.099999629 3.16555643
v -0.701586843 0.099999629 3.13334274
v -0.76517427 0.099999629 3.13013268
v -0.730715334 0.099999629 3.10128188
v -0.795750201 0.0999996364 3.09043431
v -0.759055436 0.0999996364 3.06450748
v -0.821068287 0.0999996439 3.05105853
v -0.78185463 0.0999996439 3.02922106
v -0.838600099 0.0999996439 3.01316786
v -0.796088874 0.0999996439 2.99918771
v -0.845215976 0.0999996513 2.97400403
v -0.800746024 0.0999996513 2.97533774
v -0.834414184 0.0999996513 2.93471527
v -0.795973718 0.0999996513 2.95686436
v -0.806619704 0.0999996513 2.90585184
v -0.78179121 0.0999996513 2.94288611
v -0.771211386 0.0999996588 2.88991761
v -0.75792104 0.0999996588 2.93270802
v -0.730710089 0.0999996588 2.88150144
v -0.724592805 0.0999996588 2.92597842
v -0.684820414 0.0999996588 2.87804961
v -0.683995903 0.0999996588 2.92296386
v -0.635685861 0.0999996588 2.87993836
v -0.640520215 0.0999996588 2.92459106
v -0.587404191 0.0999996588 2.88875985
v -0.599489868 0.0999996588 2.93198442
v -0.543721616 0.0999996513 2.90567255
v -0.564429581 0.0999996513 2.94546223
v -0.507587075 0.0999996513 2.92992926
v -0.536437511 0.0999996513 2.96431518
v -0.480046272 0.0999996513 2.95816612
v -0.514505267 0.0999996513 2.98705363
v -0.459572732 0.0999965966 2.98605824
v -0.49635148 0.0999965966 3.01205754
v -0.442834198 0.0999996439 3.0104866
v -0.478665769 0.0999996439 3.03775883
v -0.425809681 0.0999996364 3.03099656
v -0.457817912 0.0999996364 3.06258845
v -0.405829608 0.0999965891 3.04826689
v -0.432056785 0.0999965891 3.08479977
v -0.383203268 0.0999965817 3.06166792
v -0.402252257 0.0999965817 3.10241294
v -0.361559749 0.099999629 3.0695889
v -0.371324897 0.099999629 3.11338496
v -0.344826996 0.099999629 3.07194519
v -0.34206599 0.099999629 3.11625719
v -0.329419792 0.099999629 3.07149291
v -0.316250205 0.099999629 3.11042166
v -0.294745922 0.0999996364 3.09607983
v -0.317039907 0.0999996364 3.05215788
v -0.278106749 0.0999996364 3.07405877
v -0.310102701 0.0999996364 3.03373408
v -0.266859055 0.0999996364 3.04571247
v -0.30627954 0.0999996439 3.00952029
v -0.261460423 0.0999996439 3.01282597
v -0.306816339 0.0999996513 2.9810307
v -0.262013614 0.0999996513 2.97706151
v -0.312065959 0.0999996513 2.94927359
v -0.268101215 0.0999996513 2.93964005
v -0.321782291 0.0999996588 2.91447592
v -0.278716981 0.0999996588 2.90130544
v -0.334743917 0.0999996662 2.87583947
v -0.291839361 0.0999996662 2.86215758
v -0.347945869 0.0999996737 2.83171844
v -0.304136097 0.0999996737 2.82153893
v -0.356064618 0.0999966264 2.78142524
v -0.3112517 0.0999966264 2.77817678
v -0.355206847 0.0999996811 2.72748804
v -0.310414135 0.0999996811 2.73144269
v -0.346863449 0.0999996886 2.67421794
v -0.302590549 0.0999996886 2.6824007
v -0.336610913 0.099999696 2.6254344
v -0.292355716 0.099999696 2.63374519
v -0.329586089 0.0999997035 2.5835731
v -0.284853816 0.0999997035 2.58839393
v -0.327740073 0.0999997035 2.5492692
v -0.282805741 0.0999997035 2.54809713
v -0.330411792 0.0999997109 2.52215791
v -0.286397815 0.0999997109 2.51332712
v -0.336162031 0.0999966711 2.50175357
v -0.295414746 0.0999966711 2.48344612
v -0.346181393 0.0999997184 2.48523664
v -0.311741829 0.0999997184 2.45690298
v -0.366829216 0.0999966785 2.46687388
v -0.339464188 0.0999966785 2.43131471
v -0.404256523 0.0999997258 2.44336987
v -0.381663144 0.0999997258 2.40447927
v -0.456615329 0.0999997333 2.41575861
v -0.435938597 0.0999997333 2.37579608
v -0.514959872 0.0999997333 2.38619494
v -0.493946493 0.0999997333 2.3464191
v -0.56879282 0.0999997407 2.35646009
v -0.545188189 0.0999997407 2.31820726
v -0.612315655 0.0999997407 2.32620239
v -0.583326697 0.0999997407 2.29197645
v -0.643773019 0.0999997482 2.29298687
v -0.607224822 0.0999997482 2.26722169
v -0.662092984 0.0999997482 2.2557075
v -0.619309366 0.0999997482 2.24284935
v -0.667042851 0.0999967009 2.2178328
v -0.622316599 0.0999967009 2.21863842
v -0.661586404 0.0999997556 2.18303275
v -0.618598223 0.0999997556 2.19553804
v -0.648002684 0.0999967083 2.15188408
v -0.609864414 0.0999967083 2.17525363
v -0.625307679 0.0999997556 2.12507153
v -0.596582472 0.0999997556 2.15925622
v -0.593528628 0.0999997631 2.10667324
v -0.577832222 0.0999997631 2.14852548
v -0.556836426 0.0999997631 2.09875321
v -0.552024543 0.0999997631 2.14335275
v -0.518365443 0.0999997631 2.09784245
v -0.518958569 0.0999997631 2.14278603
v -0.479115486 0.0999997631 2.09952092
v -0.48045814 0.0999997631 2.14446282
v -0.38517803 0.0999815837 2.10018778
v -0.44000417 0.0999997631 2.14511871
v -0.401442885 0.0999967158 2.14234447
v -0.368502259 0.0999997631 2.13524461
v -0.344808578 0.0999997631 2.12406492
v -0.333993435 0.0999997631 2.10858846
v -0.339740157 0.0999997705 2.08741999
v -0.365065634 0.0999997705 2.05844164
v -0.408660591 0.099999778 2.02123928
v -0.491244078 0.0999997854 2.01338911
v -0.462925136 0.0999997854 1.97840667
v -0.545274913 0.0999997929 1.96845794
v -0.515070498 0.0999997929 1.93512034
v -0.588644087 0.0999997929 1.92534041
v -0.55445528 0.0999997929 1.89620328
v -0.61689496 0.0999998003 1.88520718
v -0.577284217 0.0999998003 1.86424088
v -0.630192876 0.0999998003 1.84893537
v -0.586373925 0.0999998003 1.83960104
v -0.633714914 0.0999967977 1.82390308
v -0.58759141 0.0999998078 1.82127714
v -0.587137163 0.0999998078 1.80753231
v -0.591181219 0.0999998078 1.79598236
v -0.603980005 0.0999967605 1.78403449
v -0.65131557 0.0999998152 1.80647564
v -0.626164079 0.0999998152 1.76928186
v -0.68190062 0.0999998152 1.78539014
v -0.654792011 0.0999998152 1.74959826
v -0.716146052 0.0999998152 1.7568891
v -0.685674489 0.0999998152 1.72389603
v -0.749209285 0.0999998227 1.72311401
v -0.715894997 0.0999998227 1.6929493
v -0.778927445 0.0999998227 1.6877799
v -0.744041324 0.0999998227 1.65940523
v -0.80493778 0.0999998301 1.65480494
v -0.76985997 0.0999998301 1.62665057
v -0.827450693 0.0999998376 1.62717414
v -0.793807805 0.0999998376 1.59734654
v -0.846927941 0.0999998376 1.60667706
v -0.816979885 0.0999998376 1.5732367
v -0.864872575 0.0999998376 1.59275579
v -0.840775311 0.0999998376 1.55494022
v -0.884658933 0.099999845 1.58268428
v -0.866382539 0.099999845 1.5416348
v -0.910140574 0.099999845 1.573282
v -0.894681156 0.099999845 1.5310297
v -0.94259721 0.099999845 1.56162572
v -0.925727606 0.099999845 1.51994443
v -0.980062187 0.099999845 1.54435945
v -0.957815886 0.099999845 1.50537515
v -1.01803017 0.0999968052 1.51727891
v -0.987329721 0.0999968052 1.48470712
v -1.04898393 0.0999998525 1.47804689
v -1.01004136 0.0999998525 1.456043
v -1.06744444 0.0999998599 1.42985892
v -1.02395654 0.0999998599 1.41891432
v -1.07478631 0.0999998674 1.37802792
v -1.02997458 0.0999998674 1.37444687
v -1.07619929 0.0999968275 1.32560158
v -1.03120804 0.0999968275 1.32504559
v -1.07617772 0.0999998748 1.27454138
v -1.03119528 0.0999998748 1.27357161
v -1.07810163 0.0999998823 1.22766089
v -1.0333848 0.0999998823 1.22310376
v -1.08423638 0.0999998897 1.18808997
v -1.04085529 0.0999998897 1.17674351
v -1.09502518 0.0999998972 1.15769267
v -1.05544508 0.0999998972 1.13700652
v -1.10995495 0.0999998972 1.13607764
v -1.07745159 0.0999998972 1.10560775
v -1.12997127 0.0999999046 1.12064612
v -1.10559595 0.0999999046 1.08304
v -1.15751338 0.0999999046 1.10694063
v -1.13690448 0.0999999046 1.06696618
v -1.19324529 0.0999999046 1.08747292
v -1.16666162 0.0999999046 1.05156076
v -1.22728145 0.0999999121 1.05110168
v -1.18889356 0.0999999121 1.02881861
v -1.24303138 0.0999999121 0.997950494
v -1.19862306 0.0999999121 0.994703412
v -1.23556805 0.0999999195 0.938805759
v -1.19298518 0.0999999195 0.952189624
v -1.20685351 0.0999968797 0.883121371
v -1.17113984 0.0999968797 0.909941673
v -1.16040349 0.0999999344 0.838357151
v -1.13357985 0.0999999344 0.874260485
v -1.10298443 0.0999968871 0.80468154
v -1.08172214 0.0999968871 0.84432441
v -1.03982306 0.0999999419 0.77331847
v -1.04502869 0.0978469327 0.76382041
v -1.10810423 0.097843878 0.795135975
v -1.16692495 0.0978469178 0.82962817
v -1.21561348 0.0978438556 0.876542866
v -0.987688243 0.0917126387 0.718930185
v -1.0494417 0.0917156786 0.755768299
v -0.991350055 0.0825365558 0.713978291
v -1.11244452 0.0917126238 0.787043571
v -0.992635906 0.071712628 0.712239385
v -1.05239046 0.0825395957 0.750388086
v -1.05342591 0.0717156678 0.748498797
v -1.17245364 0.0917156562 0.822228014
v -1.11534464 0.0825365409 0.781636477
v -1.11636305 0.0717126131 0.779737711
v -1.17614782 0.0825395733 0.817283332
v -1.17744505 0.0717156604 0.81554693
v -1.22303975 0.0917126015 0.870965838
v -1.22974432 0.0717126057 0.865930796
v -1.22800183 0.0825365186 0.867239356
v -1.24602878 0.0978468955 0.935517967
v -1.26290321 0.0717156455 0.930214286
v -1.26082242 0.0825395584 0.930868328
v -1.254897 0.0917156413 0.932730675
v -1.25400913 0.0978469104 0.99875313
v -1.27171803 0.071715638 1.00004792
v -1.26953423 0.0825395659 0.999888301
v -1.2633158 0.0917156488 0.999433637
v -1.2368474 0.0978469104 1.05665445
v -1.2522788 0.071715638 1.06561196
v -1.25037587 0.0825395659 1.06450748
v -1.24495709 0.0917156488 1.06136203
v -1.19975924 0.0978468806 1.09627259
v -1.21026695 0.0717156306 1.11046767
v -1.20897126 0.0825395435 1.1087172
v -1.20528138 0.0917156264 1.10373259
v -1.16247892 0.0978468806 1.11657214
v -1.17048872 0.0717156306 1.13210869
v -1.16950107 0.0825395435 1.130193
v -1.16668832 0.0917156264 1.12473726
v -1.13589823 0.0978468806 1.12979007
v -1.14545929 0.0717156306 1.14454079
v -1.14428031 0.0825395435 1.14272189
v -1.1409229 0.0917156264 1.13754213
v -1.11797822 0.0978468955 1.14359903
v -1.13092113 0.0717156231 1.15573215
v -1.12932503 0.082539551 1.15423608
v -1.1247803 0.0917156339 1.14997542
v -1.10473537 0.0978468955 1.16276765
v -1.120399 0.0717156231 1.17095399
v -1.11846757 0.082539551 1.16994452
v -1.11296725 0.0917156339 1.16706991
v -1.09476912 0.0978468657 1.19084477
v -1.11176026 0.0717156157 1.1952889
v -1.10966504 0.0825395286 1.19474089
v -1.10369861 0.0917156115 1.19318032
v -1.08889163 0.0978468806 1.22876048
v -1.10629725 0.0717156082 1.23053432
v -1.10415101 0.0825395361 1.23031569
v -1.09803903 0.091715619 1.2296927
v -1.08700418 0.0978468508 1.27477479
v -1.10446835 0.0717156008 1.27515125
v -1.10231495 0.0825395137 1.27510476
v -1.09618235 0.0917155966 1.27497268
v -1.08702672 0.0978438258 1.32573533
v -1.10449255 0.0717125535 1.32595134
v -1.10233891 0.0825364888 1.32592463
v -1.09620571 0.0917125642 1.32584882
v -1.08559537 0.0978468657 1.37889171
v -1.10303175 0.0717155933 1.38028502
v -1.1008817 0.0825395286 1.38011312
v -1.09475887 0.0917156041 1.37962389
v -1.07800114 0.0978468359 1.43251562
v -1.09503043 0.0717155859 1.43680143
v -1.09293067 0.0825394988 1.43627286
v -1.08695066 0.0917155817 1.43476796
v -1.05849969 0.0978468508 1.48342371
v -1.07385004 0.0717155784 1.49209714
v -1.07195711 0.0825395137 1.49102759
v -1.06656682 0.0917155892 1.4879818
v -1.02551877 0.0978437811 1.52522397
v -1.03759885 0.0717125311 1.5380404
v -1.03610933 0.0825364441 1.53646016
v -1.03186727 0.091712527 1.53195953
v -0.985449791 0.097846821 1.55380058
v -0.994140565 0.071715571 1.56903005
v -0.993068933 0.0825394839 1.56715226
v -0.990017176 0.0917155668 1.56180429
v -0.946663737 0.097846821 1.57167315
v -0.953223586 0.071715571 1.58788109
v -0.952414632 0.0825394839 1.58588243
v -0.950111151 0.0917155668 1.5801909
v -0.913861632 0.097846821 1.58345199
v -0.919864058 0.071715571 1.59985733
v -0.919123888 0.0825394839 1.59783435
v -0.917016149 0.0917155668 1.59207368
v -0.889072537 0.0978468359 1.59259725
v -0.896192372 0.0717155784 1.6085887
v -0.895314395 0.0825394988 1.60661674
v -0.892814279 0.0917155743 1.60100126
v -0.870723248 0.0978468359 1.60193729
v -0.880161047 0.0717155635 1.61674786
v -0.878997266 0.0825394914 1.61492157
v -0.875683188 0.0917155743 1.60972071
v -0.854178548 0.097846821 1.61477304
v -0.865874529 0.071715571 1.62783289
v -0.864432335 0.0825394914 1.62622261
v -0.860325217 0.0917155668 1.62163663
v -0.835562468 0.097846821 1.63436604
v -0.848647892 0.071715571 1.64596748
v -0.847034335 0.0825394914 1.64453697
v -0.842439413 0.0917155668 1.64046311
v -0.813387096 0.097846821 1.66158652
v -0.827016592 0.0717155635 1.67252612
v -0.825335979 0.0825394839 1.67117715
v -0.820549965 0.0917155594 1.66733575
v -0.787335634 0.097846806 1.6946187
v -0.800899208 0.0717155635 1.70565057
v -0.799226642 0.0825394765 1.70429015
v -0.794463754 0.0917155445 1.70041633
v -0.757251024 0.097846806 1.73039556
v -0.764068425 0.0917155445 1.73656845
v -0.723514318 0.097846806 1.76486707
v -0.76862371 0.0825394765 1.74069309
v -0.77022326 0.0717155635 1.74214149
v -0.729760885 0.0917155519 1.77163053
v -0.688460469 0.097846806 1.79405117
v -0.733934581 0.0825394765 1.77614951
v -0.77022326 -0.0717159063 1.74214149
v -0.694021583 0.0917155519 1.80139351
v -0.657401562 0.0978467986 1.81547546
v -0.7354002 0.0717155635 1.77773643
v -0.7354002 -0.0717159063 1.77773643
v -0.697737455 0.0825394765 1.80629945
v -0.662561119 0.0917155445 1.82310534
v -0.644016147 0.0978437662 1.82873225
v -0.699042261 0.0717155635 1.80802226
v -0.733934581 -0.0825398415 1.77614951
v -0.666008592 0.0825394765 1.82820344
v -0.65274924 0.0917125046 1.83282614
v -0.640855551 0.0978467837 1.85120654
v -0.699042261 -0.0717158988 1.80802226
v -0.697737455 -0.0825398266 1.80629945
v -0.667219162 0.071715571 1.82999372
v -0.658584476 0.0825364366 1.83556175
v -0.626525283 0.0978467837 1.89030457
v -0.649894953 0.091715537 1.85313225
v -0.666008592 -0.0825398341 1.82820344
v -0.667219162 -0.0717158839 1.82999372
v -0.59690702 0.0978467911 1.93238258
v -0.660633624 0.0717125386 1.83652234
v -0.634689331 0.091715537 1.8946259
v -0.65593487 0.0825394765 1.85441875
v -0.658584595 -0.0825397521 1.83556175
v -0.660633624 -0.0717158914 1.83652234
v -0.552547514 0.0978467762 1.97648501
v -0.658055782 0.0717155859 1.85487056
v -0.640144408 0.0825394765 1.89751339
v -0.603911996 0.0917155445 1.93835235
v -0.65593487 -0.0825398415 1.85441875
v -0.658055782 -0.0717159137 1.85487056
v -0.498053908 0.0978467762 2.02180147
v -0.642059922 0.0717155859 1.89852715
v -0.60859251 0.0825394839 1.94234133
v -0.558712959 0.091715537 1.98328996
v -0.640144348 -0.0825398564 1.89751339
v -0.642059922 -0.0717159212 1.89852715
v -0.41577661 0.0978343636 2.08913255
v -0.610236049 0.0717155784 1.94374204
v -0.562832594 0.0825394839 1.98783684
v -0.503826976 0.0917155296 2.02893305
v -0.60859251 -0.0825398564 1.94234133
v -0.610236049 -0.0717159361 1.94374204
v -0.478791773 0.0978467613 2.08868527
v -0.441716969 0.0917080343 2.07976031
v -0.441716969 0.0917080343 2.07976031
v -0.50768441 0.0825394839 2.03369808
v -0.459049642 0.0825352743 2.07349801
v -0.564279258 0.0717155933 1.98943377
v -0.509038866 0.0717156008 2.0353713
v -0.465136111 0.0717125461 2.07129884
v -0.564279258 -0.0717159361 1.98943377
v -0.509038866 -0.071715951 2.0353713
v -0.465136111 -0.0717159733 2.07129884
v -0.562832594 -0.0825398564 1.98783708
v -0.50768435 -0.0825398788 2.03369808
v -0.459049523 -0.0825398937 2.07349801
v -0.503826857 -0.0917159617 2.02893281
v -0.441716909 -0.0917159766 2.07976031
v -0.498053789 -0.0978472233 2.02180123
v -0.415776372 -0.0978472456 2.08913255
v -0.478791773 -0.0978472382 2.08868527
v -0.478517294 -0.0917159766 2.07949901
v -0.441716909 -0.0917159766 2.07976031
v -0.518222392 -0.0978472531 2.08699703
v -0.47833395 -0.0825399011 2.07336092
v -0.459049523 -0.0825398937 2.07349801
v -0.518101037 -0.0917159915 2.0778029
v -0.558003545 -0.0978472531 2.08793569
v -0.478269517 -0.0717159733 2.07120538
v -0.465136111 -0.0717159733 2.07129884
v -0.518019974 -0.0825399086 2.07165956
v -0.558992982 -0.0917159915 2.07876492
v -0.597370863 -0.0978472531 2.09642863
v -0.478269517 0.0717155784 2.07120538
v -0.465136111 0.0717125461 2.07129884
v -0.517991483 -0.0717159808 2.06950235
v -0.559654117 -0.0825399086 2.07263708
v -0.600628138 -0.0917159915 2.08774352
v -0.632358193 -0.0978472382 2.11668086
v -0.517991483 0.0717155561 2.06950235
v -0.47833395 0.0825394765 2.07336092
v -0.459049642 0.0825352743 2.07349801
v -0.602804542 -0.0825399086 2.08194065
v -0.638335466 -0.091715984 2.10956764
v -0.657322109 -0.0978442132 2.14617348
v -0.518019974 0.0825394541 2.07165956
v -0.478517294 0.0917155221 2.07949901
v -0.518101037 0.0917155147 2.0778029
v -0.518222332 0.0978467539 2.08699703
v -0.558003545 0.0978467539 2.08793569
v -0.558992982 0.0917155072 2.07876492
v -0.597370863 0.0978467464 2.09642863
v -0.559654117 0.0825394467 2.07263732
v -0.600628078 0.0917154998 2.08774376
v -0.632358193 0.097846739 2.11668086
v -0.559886277 0.0717155412 2.07048535
v -0.602804482 0.0825394318 2.08194065
v -0.638335407 0.0917154849 2.10956764
v -0.657322049 0.0978436917 2.14617348
v -0.559886277 -0.0717159808 2.07048535
v -0.603568733 0.0717155337 2.07990289
v -0.603568792 -0.0717159808 2.07990289
v -0.642329216 0.0825394168 2.10481477
v -0.665222764 0.091712445 2.14133239
v -0.672066092 0.097846739 2.17998433
v -0.643731713 0.0717155114 2.10314584
v -0.643731713 -0.0717159882 2.10314584
v -0.670501828 0.0825363696 2.13809752
v -0.680950344 0.0917154849 2.17739987
v -0.677969337 0.0978436917 2.21763611
v -0.672355652 0.0717124566 2.13696146
v -0.642329216 -0.0825399011 2.10481477
v -0.686886609 0.0825394168 2.17567301
v -0.687232196 0.0917124376 2.21746922
v -0.672580421 0.0978467315 2.2588594
v -0.672355652 -0.0717129409 2.13696146
v -0.670501888 -0.0825368762 2.13809752
v -0.688971221 0.0717155039 2.17506647
v -0.693421543 0.0825363621 2.21735764
v -0.681471288 0.09171547 2.26153135
v -0.652709961 0.0978467315 2.29928708
v -0.688971221 -0.0717159882 2.17506647
v -0.665222824 -0.0917129517 2.14133215
v -0.695594847 0.0717124417 2.21731853
v -0.687412024 0.0825393945 2.26331687
v -0.660286307 0.0917154774 2.30462813
v -0.619348943 0.0978467315 2.33450627
v -0.686886668 -0.0825399011 2.17567301
v -0.680950344 -0.0917159766 2.17739987
v -0.695594847 -0.0717129484 2.21731853
v -0.689498186 0.071715489 2.26394367
v -0.665348649 0.0825394019 2.30819702
v -0.625311613 0.09171547 2.3415463
v -0.574488282 0.0978467315 2.36568999
v -0.693421543 -0.0825368613 2.21735764
v -0.689498186 -0.0717159957 2.26394367
v -0.667126358 0.0717154816 2.30945015
v -0.629295766 0.0825393945 2.34625006
v -0.579316616 0.09171547 2.37351441
v -0.52001965 0.0978467166 2.39577246
v -0.461591303 0.0978467315 2.4253757
v -0.524309099 0.0917154625 2.4038918
v -0.582542717 0.0825393945 2.37874269
v -0.630694926 0.0717154741 2.34790206
v -0.667126358 -0.0717159957 2.30945015
v -0.409699202 0.0978467166 2.45273852
v -0.465809703 0.09171547 2.43352866
v -0.527175188 0.082539387 2.40931702
v -0.583675623 0.0717154741 2.38057852
v -0.3734622 0.0978436768 2.47549295
v -0.414313257 0.0917154551 2.46068072
v -0.468628287 0.082539387 2.43897653
v -0.354661047 0.0978467166 2.49221301
v -0.379085422 0.0917124152 2.48280001
v -0.346152127 0.0978436619 2.50624204
v -0.630694926 -0.0717160031 2.34790206
v -0.528181553 0.0717154667 2.41122198
v -0.417396247 0.0825393796 2.46598768
v -0.361849666 0.0917154551 2.49812722
v -0.341067374 0.0978467017 2.52429581
v -0.583675623 -0.0717160031 2.38057852
v -0.469618082 0.0717154592 2.44088936
v -0.38284272 0.0825363398 2.48768234
v -0.354621291 0.0917124003 2.5100472
v -0.33858186 0.0978467017 2.54955196
v -0.528181553 -0.0717160106 2.41122198
v -0.418479025 0.0717154592 2.4678514
v -0.366652966 0.0825393721 2.50207877
v -0.350100636 0.0917154402 2.52610803
v -0.340353251 0.0978467017 2.58241272
v -0.469618082 -0.0717160106 2.44088936
v -0.384162068 0.0717124045 2.48939681
v -0.360280156 0.0825363249 2.51258969
v -0.347773075 0.0917154402 2.54979181
v -0.347240269 0.0978466719 2.62343836
v -0.418479025 -0.071716018 2.4678514
v -0.368339539 0.0717154443 2.50346637
v -0.356136501 0.0825393647 2.52731919
v -0.349481225 0.0917154402 2.581429
v -0.357500792 0.0978466868 2.67225194
v -0.384162068 -0.0717129707 2.48939681
v -0.362267256 0.0717124045 2.51348257
v -0.35391444 0.0825393572 2.54995203
v -0.356251359 0.0917154178 2.62174606
v -0.366003692 0.097846657 2.72653484
v -0.368339539 -0.0717160255 2.50346637
v -0.358255923 0.0717154443 2.52774429
v -0.35558033 0.0825393572 2.58077168
v -0.366518617 0.0917154253 2.67058516
v -0.36688894 0.0978436023 2.78220987
v -0.362267256 -0.0717129856 2.51348257
v -0.356070936 0.0717154294 2.5500083
v -0.362272382 0.0825393349 2.62061524
v -0.37515676 0.0917154029 2.72572684
v -0.358499765 0.0978466719 2.83417082
v -0.358255923 -0.0717160404 2.52774429
v -0.357722044 0.0717154294 2.5805409
v -0.372544169 0.0825393423 2.6694715
v -0.376065373 0.0917123407 2.78287506
v -0.345046163 0.0978466421 2.87912488
v -0.356070936 -0.0717160404 2.5500083
v -0.364386678 0.071715422 2.62021828
v -0.381272674 0.08253932 2.72518682
v -0.367446899 0.0917154104 2.83624983
v -0.332122624 0.097846657 2.9176383
v -0.357721984 -0.0717160404 2.5805409
v -0.374660075 0.0717154145 2.6690805
v -0.382196903 0.0825362653 2.78331947
v -0.353780031 0.091715388 2.88191009
v -0.322638333 0.0978466272 2.95159006
v -0.364386678 -0.0717160478 2.62021828
v -0.383420289 0.0717154071 2.72499728
v -0.373425186 0.0825393274 2.83763885
v -0.340888739 0.0917153955 2.92031908
v -0.317608595 0.0978466272 2.981987
v -0.374660075 -0.0717160553 2.6690805
v -0.384350002 0.0717123523 2.78347564
v -0.359615862 0.0825393051 2.88377094
v -0.331601143 0.0917153731 2.95355392
v -0.317098975 0.0978466421 3.00872231
v -0.383420289 -0.0717160627 2.72499728
v -0.375524402 0.0717153996 2.83812666
v -0.346746027 0.0825393125 2.92211056
v -0.326757789 0.0917153731 2.98279738
v -0.320583284 0.0978466123 3.03083086
v -0.384350002 -0.0717130229 2.78347564
v -0.36166507 0.0717153922 2.88442445
v -0.33758992 0.0825392902 2.95486617
v -0.326271176 0.0917153805 3.00804591
v -0.32658565 0.0978466123 3.04678822
v -0.375524402 -0.0717160702 2.83812666
v -0.348802805 0.0717153847 2.92273951
v -0.332871079 0.0825392902 2.98333907
v -0.32946825 0.0917153582 3.02836967
v -0.335437417 0.0978466272 3.06061506
v -0.36166507 -0.0717160776 2.88442445
v -0.339692831 0.0717153773 2.95532703
v -0.332399905 0.0825392976 3.00759387
v -0.334678054 0.0917153582 3.04223609
v -0.345514596 0.0978466272 3.06090999
v -0.348802805 -0.0717160851 2.92273951
v -0.335017741 0.0717153773 2.98352933
v -0.335404932 0.0825392753 3.02672529
v -0.340538859 0.0917153656 3.05139327
v -0.359192908 0.0978466272 3.05897403
v -0.339692831 -0.0717160925 2.95532703
v -0.33455199 0.0717153698 3.00743508
v -0.340085268 0.0825392753 3.03919435
v -0.346097529 0.0917153656 3.05155492
v -0.378614604 0.0978435725 3.05185294
v -0.335017741 -0.0717160925 2.98352933
v -0.337489545 0.0717153624 3.02614784
v -0.34394753 0.0825392827 3.04523134
v -0.357186496 0.0917153656 3.0499754
v -0.399509788 0.0978435874 3.03946376
v -0.33455199 -0.0717161 3.00743508
v -0.341983914 0.0717153624 3.03812623
v -0.346486986 0.0825392827 3.04530382
v -0.374724507 0.0917123109 3.04353213
v -0.418097138 0.0978466123 3.02338433
v -0.337489545 -0.0717161074 3.02614784
v -0.34514451 0.0717153549 3.04306769
v -0.355845869 0.0825392902 3.04396272
v -0.394152105 0.0917123258 3.03200078
v -0.434228361 0.0978466421 3.00393653
v -0.341983914 -0.0717161074 3.03812623
v -0.346623778 0.0717153549 3.04310894
v -0.372125208 0.082536228 3.03797269
v -0.411558747 0.0917153582 3.01693106
v -0.450744987 0.0978435799 2.97981763
v -0.34514451 -0.0717161149 3.04306769
v -0.355375111 0.0717153549 3.04185152
v -0.390572309 0.0825362504 3.02701449
v -0.426932812 0.0917153805 2.99838376
v -0.471739769 0.0978466272 2.95120263
v -0.346623778 -0.0717161149 3.04310894
v -0.371212482 0.0717123002 3.03602028
v -0.407189906 0.0825392753 3.01261902
v -0.443261147 0.0917123184 2.97452736
v -0.500600576 0.0978466272 2.92160225
v -0.355375111 -0.0717161149 3.04185152
v -0.389315188 0.0717123151 3.02526331
v -0.422058105 0.0825392976 2.99467349
v -0.464697719 0.0917153731 2.94529915
v -0.538698077 0.0978466272 2.89601994
v -0.371212482 -0.0717130601 3.03602028
v -0.405655742 0.0717153624 3.01110482
v -0.438260674 0.0825362355 2.97099233
v -0.494677603 0.0917153731 2.91454291
v -0.584476829 0.097846657 2.87829041
v -0.389315188 -0.0717130601 3.02526331
v -0.420346439 0.0717153698 2.99337077
v -0.459992468 0.0825392902 2.94135475
v -0.534439325 0.0917153731 2.88783717
v -0.634517014 0.097846657 2.86914229
v -0.405655742 -0.0717161074 3.01110482
v -0.436504841 0.0717123225 2.96975112
v -0.490720034 0.0825392902 2.90982604
v -0.58199513 0.0917153955 2.86941457
v -0.685019672 0.097846657 2.86719561
v -0.420346439 -0.0717161 2.99337077
v -0.458340108 0.0717153773 2.93996954
v -0.53159374 0.0825392902 2.88236928
v -0.633526146 0.0917153955 2.85998988
v -0.732190609 0.097846657 2.87073684
v -0.436504841 -0.0717130527 2.96975112
v -0.489330113 0.0717153773 2.90816951
v -0.580336928 0.0825393125 2.86348391
v -0.685188532 0.0917153955 2.85799384
v -0.77444458 0.097846657 2.87950778
v -0.458340108 -0.0717160925 2.93996954
v -0.530594587 0.0717153773 2.88044953
v -0.632863998 0.0825393125 2.85387421
v -0.733445823 0.0917153955 2.86161089
v -0.812736511 0.0978466272 2.89672804
v -0.489330113 -0.0717160925 2.90816951
v -0.579754651 0.0717153847 2.86140132
v -0.685301423 0.0825393125 2.8518455
v -0.7771855 0.0917153955 2.87068295
v -0.844005227 0.0978466272 2.92918897
v -0.530594587 -0.0717160925 2.88044953
v -0.63263154 0.0717153847 2.85172677
v -0.734284461 0.0825393125 2.8555131
v -0.817921996 0.0917153731 2.8889935
v -0.856232405 0.0978466272 2.97367358
v -0.579754651 -0.0717160851 2.86140132
v -0.68534106 0.0717153847 2.84968615
v -0.779016912 0.0825393125 2.86478639
v -0.852136075 0.0917153731 2.92450404
v -0.848974943 0.0978466421 3.01657963
v -0.63263154 -0.0717160851 2.85172677
v -0.734578967 0.0717153847 2.85337186
v -0.821386814 0.0825392902 2.8838253
v -0.865571618 0.0917153731 2.97339368
v -0.830565512 0.0978466421 3.05634737
v -0.68534106 -0.0717160851 2.84968615
v -0.779659927 0.0717153847 2.8627162
v -0.857568979 0.0825392902 2.92137361
v -0.857770324 0.0917153805 3.01947212
v -0.804613769 0.0978466123 3.09669709
v -0.734578967 -0.0717160851 2.85337186
v -0.822603345 0.0717153773 2.8820107
v -0.871811867 0.0825392902 2.97320652
v -0.838616848 0.0917153805 3.06083107
v -0.773492217 0.0978466272 3.13709688
v -0.779659927 -0.0717160851 2.8627162
v -0.859476686 0.0717153773 2.9202745
v -0.863647223 0.0825392976 3.02140474
v -0.812128067 0.0917153582 3.1020062
v -0.740463853 0.0978466272 3.17334056
v -0.822603345 -0.0717160925 2.8820107
v -0.874003232 0.0717153773 2.97314072
v -0.843996525 0.0825392976 3.06382704
v -0.780543745 0.0917153656 3.14300084
v -0.706950128 0.0978466272 3.2017262
v -0.859476686 -0.0717160925 2.9202745
v -0.865710914 0.0717153698 3.02208328
v -0.817148924 0.0825392753 3.10555387
v -0.746878207 0.0917153656 3.17993999
v -0.672489822 0.0978465974 3.21978498
v -0.874003232 -0.0717160925 2.97314072
v -0.845885515 0.0717153698 3.06487894
v -0.785255432 0.0825392827 3.14694571
v -0.712153494 0.0917153656 3.2093482
v -0.641184688 0.0978465974 3.22693563
v -0.865710914 -0.0717161 3.02208328
v -0.818912089 0.0717153624 3.1067996
v -0.751164138 0.0825392827 3.1843493
v -0.675651491 0.0917153433 3.22847438
v -0.617360592 0.0978465974 3.22884631
v -0.845885515 -0.0717161 3.06487894
v -0.786909819 0.0717153549 3.14833093
v -0.715630233 0.0825392827 3.21444106
v -0.642482519 0.0917153433 3.23604751
v -0.596553981 0.0978465974 3.23126674
v -0.818912089 -0.0717161074 3.1067996
v -0.752669156 0.0717153549 3.18589783
v -0.677764058 0.0825392604 3.23428035
v -0.618258774 0.0917153433 3.23798776
v -0.570990622 0.0978465974 3.23775697
v -0.786909819 -0.0717161149 3.14833093
v -0.716850996 0.0717153549 3.21622944
v -0.643349648 0.0825392604 3.24213576
v -0.598244965 0.0917153433 3.24031425
v -0.537282825 0.0978465974 3.25060153
v -0.752669156 -0.0717161149 3.18589783
v -0.678505898 0.0717153475 3.2363193
v -0.618858993 0.0825392604 3.24409604
v -0.573752463 0.0917153433 3.24653125
v -0.497003436 0.0978465974 3.26575279
v -0.716850996 -0.0717161149 3.21622944
v -0.643654168 0.0717153475 3.2442739
v -0.599374831 0.0825392604 3.24635959
v -0.540887713 0.0917153433 3.25905442
v -0.57481271 0.0978465974 3.31220627
v -0.51806891 0.0917153358 3.26763749
v -0.51806891 0.0917153358 3.26763749
v -0.575597882 0.0825392604 3.2523942
v -0.543296337 0.0825392604 3.26470208
v -0.53214395 0.0825392604 3.26889706
v -0.619069755 0.0717153475 3.24624109
v -0.647651792 0.0978435427 3.35696101
v -0.579278827 0.0917153358 3.30418086
v -0.53214395 0.0825392604 3.26889706
v -0.599771559 0.0717153475 3.24848223
v -0.576245964 0.0717153475 3.25445318
v -0.544142187 0.0717153475 3.26668549
v -0.537086725 0.0717153251 3.26933932
v -0.719784737 0.0978465825 3.4150207
v -0.582262993 0.0825392529 3.29881883
v -0.537086725 0.0717153251 3.26933932
v -0.65294385 0.0917122737 3.3494432
v -0.544142187 -0.0717161223 3.26668549
v -0.537086725 -0.0717161298 3.26933932
v -0.576245964 -0.0717161223 3.25445318
v -0.784799457 0.0978465527 3.48765469
v -0.583310962 0.0717153251 3.29693556
v -0.537086725 -0.0717161298 3.26933932
v -0.656479955 0.0825362056 3.34441972
v -0.72611618 0.0917153209 3.40833902
v -0.543296337 -0.0825400352 3.26470208
v -0.53214395 -0.0825400501 3.26889706
v -0.837898374 0.0978465676 3.57325029
v -0.583310962 -0.0717161447 3.29693556
v -0.53214395 -0.0825400501 3.26889706
v -0.657721639 0.0717122704 3.34265566
v -0.730346799 0.0825392455 3.40387464
v -0.792172909 0.0917152986 3.48213696
v -0.877575994 0.0978465527 3.66455579
v -0.582262993 -0.0825400725 3.29881883
v -0.51806891 -0.0917161331 3.26763749
v -0.657721639 -0.0717131048 3.34265566
v -0.731832325 0.0717153102 3.4023068
v -0.79709971 0.0825392157 3.47845006
v -0.846051574 0.091715306 3.56898952
v -0.905716896 0.0978465378 3.74907732
v -0.579278827 -0.0917161554 3.30418086
v -0.497003436 -0.0978474095 3.26575279
v -0.656479955 -0.0825370401 3.34441972
v -0.731832325 -0.0717161596 3.4023068
v -0.798829854 0.0717153028 3.47715521
v -0.851499438 0.0825392231 3.56614256
v -0.886157036 0.0917152911 3.66127992
v -0.925770283 0.097846508 3.81205583
v -0.914441466 0.0917152762 3.74623299
v -0.891890764 0.0825392082 3.65909123
v -0.85341233 0.0717152953 3.56514287
v -0.798829854 -0.071716167 3.47715521
v -0.939061403 0.097846508 3.84464049
v -0.934368253 0.0917152539 3.80881453
v -0.920270979 0.0825391933 3.74433231
v -0.893904209 0.0717152804 3.65832257
v -0.947349131 0.0978465229 3.85468817
v -0.946947098 0.0917152539 3.83965206
v -0.940113246 0.082539171 3.80664873
v -0.963192284 0.0978465229 3.86223269
v -0.953320622 0.0917152613 3.84737563
v -0.99392724 0.0978434533 3.87681365
v -0.85341233 -0.0717161745 3.56514287
v -0.922318041 0.0717152655 3.74366498
v -0.952216089 0.082539171 3.83631873
v -0.967419267 0.0917152613 3.8540833
v -1.03238153 0.0978464931 3.90028882
v -0.893904209 -0.0717161894 3.65832257
v -0.942130804 0.0717152581 3.80588818
v -0.957310677 0.0825391784 3.84248948
v -0.998262644 0.0917121992 3.86870813
v -1.06860745 0.0978464931 3.93529916
v -0.922317982 -0.0717162043 3.74366498
v -0.954066277 0.0717152581 3.83514833
v -0.970243692 0.0825391784 3.84863806
v -1.0379535 0.091715239 3.89292955
v -1.09186757 0.097846508 3.98293138
v -0.942130804 -0.0717162117 3.80588818
v -0.958711743 0.0717152506 3.84077382
v -1.00115943 0.0825361162 3.86329222
v -1.07606518 0.091715239 3.9297514
v -1.09423888 0.097846508 4.03568554
v -0.954066217 -0.0717162117 3.83514833
v -0.971235633 0.0717152506 3.8467257
v -1.04167688 0.0825391561 3.88801193
v -1.10091722 0.0917152464 3.98062944
v -1.0791136 0.0978464782 4.08504248
v -0.958711743 -0.0717162192 3.84077382
v -1.00217676 0.0717122033 3.86139011
v -1.08104825 0.0825391561 3.92604423
v -1.10345137 0.0917152464 4.03694201
v -1.05102217 0.0978464782 4.1298275
v -0.971235633 -0.0717162192 3.8467257
v -1.04298437 0.0717152432 3.88628507
v -1.10696387 0.0825391635 3.97909141
v -1.08752453 0.0917152241 4.08891916
v -1.00801957 0.0978464931 4.16772652
v -1.00217676 -0.0717131719 3.86139011
v -1.082798 0.0717152432 3.9247427
v -1.10960686 0.0825391635 4.03778124
v -1.0581373 0.0917152241 4.13577414
v -0.949181616 0.0978464931 4.18661737
v -1.04298437 -0.0717162266 3.88628507
v -1.10908723 0.0717152357 3.97855115
v -1.09314477 0.0825391412 4.09150982
v -1.01272547 0.0917152315 4.17579937
v -0.886357188 0.0978464931 4.17690229
v -1.082798 -0.0717162266 3.9247427
v -1.11176836 0.0717152357 4.03807592
v -1.06289136 0.0825391412 4.1397481
v -0.949883819 0.0917152315 4.19597578
v -0.830781281 0.0978464931 4.1466589
v -1.10908723 -0.0717162341 3.97855115
v -1.09511828 0.0717152283 4.09241962
v -1.01586986 0.0825391486 4.18119335
v -0.883259416 0.0917152315 4.18566847
v -0.78316772 0.0978464782 4.10824442
v -1.11176836 -0.0717162341 4.03807592
v -1.06456101 0.0717152283 4.14114332
v -0.950352967 0.0825391486 4.20222855
v -0.825602889 0.0917152315 4.15428638
v -0.742664576 0.097846508 4.07060575
v -1.09511828 -0.0717162415 4.09241962
v -1.01697409 0.0717152208 4.18308783
v -0.881189466 0.0825391486 4.19152546
v -0.777135313 0.0917152241 4.1151762
v -0.7096802 0.097846508 4.04088497
v -1.06456101 -0.0717162415 4.14114332
v -0.950517714 0.0717152208 4.2044239
v -0.822142839 0.0825391486 4.15938282
v -0.736477256 0.0917152464 4.07738829
v -0.68478775 0.0978464931 4.02348375
v -1.01697409 -0.071716249 4.18308783
v -0.880462646 0.0717152208 4.19358253
v -0.773104608 0.0825391412 4.1198082
v -0.704036355 0.0917152464 4.04815197
v -0.666158736 0.097846508 4.01692581
v -0.950517714 -0.071716249 4.2044239
v -0.820927978 0.0717152208 4.16117191
v -0.732342958 0.0825391635 4.08191967
v -0.680710196 0.091715239 4.03184223
v -0.64766866 0.097846508 4.01771784
v -0.880462646 -0.071716249 4.19358253
v -0.771689177 0.0717152283 4.12143469
v -0.700265348 0.0825391635 4.0530076
v -0.664744496 0.0917152464 4.02622128
v -0.625232577 0.097846508 4.02451515
v -0.820927978 -0.071716249 4.16117191
v -0.730891049 0.0717152357 4.08351135
v -0.677985609 0.0825391561 4.03742695
v -0.649012685 0.0917152464 4.02689838
v -0.600228667 0.097846508 4.03658581
v -0.771689177 -0.0717162415 4.12143469
v -0.698941052 0.0717152357 4.05471277
v -0.663799524 0.082539171 4.03243208
v -0.628474534 0.0917152464 4.03312588
v -0.574348748 0.0978464931 4.05258751
v -0.730891049 -0.0717162341 4.08351135
v -0.677028954 0.0717152432 4.0393877
v -0.649910688 0.082539171 4.03303194
v -0.604612589 0.0917152464 4.04465103
v -0.546848893 0.0978464931 4.07199049
v -0.698941052 -0.0717162341 4.05471277
v -0.663467705 0.0717152506 4.03461313
v -0.630640745 0.082539171 4.03887939
v -0.579396665 0.091715239 4.0602479
v -0.515304327 0.0978464931 4.09433413
v -0.677028954 -0.0717162266 4.0393877
v -0.650226057 0.0717152506 4.03518629
v -0.607541859 0.082539171 4.05004025
v -0.552149057 0.091715239 4.07947826
v -0.476335406 0.0978465006 4.11680269
v -0.663467705 -0.0717162341 4.03461313
v -0.63140142 0.0717152506 4.04089975
v -0.582769632 0.0825391635 4.06536627
v -0.52030164 0.0917152315 4.1020422
v -0.427099466 0.0978434309 4.1311965
v -0.650226057 -0.0717162341 4.03518629
v -0.608570576 0.0717152506 4.05193281
v -0.555690527 0.0825391635 4.08448172
v -0.480065167 0.0917152464 4.12524748
v -0.373070538 0.0978464931 4.12675428
v -0.63140142 -0.0717162341 4.04089975
v -0.583953977 0.0717152432 4.06716347
v -0.523640752 0.0825391561 4.10719252
v -0.428095818 0.0917121768 4.14044428
v -0.325612485 0.0978464857 4.10507107
v -0.608570576 -0.0717162341 4.05193281
v -0.556934059 0.0717152432 4.08623886
v -0.482557237 0.082539171 4.13088989
v -0.370648563 0.0917152315 4.13572264
v -0.288876712 0.0978464931 4.07786989
v -0.583953977 -0.0717162415 4.06716347
v -0.524813235 0.0717152357 4.10900116
v -0.428761601 0.0825361013 4.14662361
v -0.320842505 0.0917152315 4.11296558
v -0.258747458 0.0978362411 4.05302715
v -0.556934059 -0.0717162415 4.08623886
v -0.483432353 0.0717152432 4.13287115
v -0.369030237 0.0825391635 4.14171505
v -0.283138335 0.0917152464 4.08504581
v -0.243620202 0.0978464931 4.07627392
v -0.524813235 -0.071716249 4.10900116
v -0.428995371 0.0717121959 4.14879322
v -0.317655325 0.0825391635 4.11824083
v -0.26082021 0.0917087793 4.06664371
v -0.228200361 0.0978464931 4.10909414
v -0.483432353 -0.071716249 4.13287115
v -0.368461967 0.0717152506 4.14381933
v -0.279304087 0.0825391784 4.08984041
v -0.251807928 0.0917152464 4.08049297
v -0.209921107 0.0978464857 4.14725447
v -0.262205124 0.0825352445 4.07574129
v -0.262205124 0.0825352445 4.07574129
v -0.316536188 0.0717152581 4.12009287
v -0.277957678 0.0717152804 4.09152412
v -0.262691438 0.0717122406 4.0789361
v -0.236517921 0.091715239 4.11303711
v -0.25727886 0.0825391859 4.08331156
v -0.262691438 0.0717122406 4.0789361
v -0.186913893 0.0978464857 4.18532848
v -0.277957678 -0.0717162713 4.09152412
v -0.262691438 -0.0717132241 4.0789361
v -0.21804814 0.0917152315 4.15160084
v -0.259199858 0.0717152804 4.08430147
v -0.262691438 -0.0717132241 4.0789361
v -0.242075637 0.082539171 4.11567116
v -0.156531036 0.0978464857 4.21819687
v -0.259199858 -0.0717162788 4.08430147
v -0.262205124 -0.0825368464 4.07574129
v -0.194351792 0.0917152315 4.19082499
v -0.244027212 0.0717152655 4.11659622
v -0.223478511 0.0825391635 4.15450478
v -0.118522674 0.0978464782 4.2400856
v -0.25727886 -0.0825401843 4.08331156
v -0.26082015 -0.0917120501 4.06664324
v -0.162384301 0.0917152315 4.22541857
v -0.244027212 -0.0717162639 4.11659622
v -0.225385383 0.0717152581 4.15552473
v -0.199321643 0.0825391635 4.19449806
v -0.0785205439 0.0978434384 4.24787664
v -0.121767342 0.0917152315 4.24881983
v -0.166295424 0.082539171 4.23024416
v -0.201066807 0.0717152581 4.19578743
v -0.225385383 -0.0717162639 4.15552473
v -0.0432211719 0.0978464857 4.24506569
v -0.078961283 0.0917121917 4.25716782
v -0.123935401 0.082539171 4.25465631
v -0.167668924 0.0717152581 4.23193836
v -0.00493151508 0.0978442132 4.22756338
v -0.0416140594 0.0917152464 4.25420713
v -0.0792557746 0.0825361311 4.26337576
v 0.0210527219 0.0978434235 4.26117516
v -0.00765439868 0.0917125642 4.23869038
v 0.0581568033 0.0978464708 4.28032875
v -0.201066792 -0.0717162564 4.19578743
v -0.124696627 0.0717152655 4.25670528
v -0.0405401811 0.0825391859 4.26031542
v 0.0155717302 0.0917121768 4.26872301
v 0.103968889 0.0978464708 4.28271246
v -0.00947379507 0.0825362355 4.24612522
v -0.00947379507 0.0825362355 4.24612522
v -0.0793591738 0.0717122257 4.26555538
v -0.0401630923 0.0717152879 4.26246023
v -0.010112673 0.071712248 4.2487359
v 0.0555947609 0.0917152241 4.28936434
v 0.011909388 0.0825361162 4.27376652
v -0.010112673 0.071712248 4.2487359
v 0.143269882 0.0978434086 4.26763582
v -0.0401630923 -0.0717162341 4.26246023
v -0.010112673 -0.0717162266 4.2487359
v 0.10556598 0.0917152166 4.29194736
v 0.0106233591 0.0717122257 4.27553749
v -0.010112673 -0.0717162266 4.2487359
v 0.0538828634 0.0825391561 4.29540157
v 0.170806184 0.0978464782 4.24762487
v 0.0106233647 -0.0717131793 4.27553749
v -0.00947383791 -0.0825401545 4.24612522
v 0.147856221 0.0917121619 4.27570438
v 0.0532817394 0.0717152581 4.29752159
v 0.106633097 0.0825391486 4.29811716
v 0.189351603 0.0978464857 4.23051023
v 0.0119092874 -0.0825371146 4.27376652
v -0.00765448902 -0.0917162448 4.23869038
v 0.17672281 0.0917152166 4.25470829
v 0.0532817394 -0.0717162415 4.29752159
v 0.107007861 0.0717152432 4.30028439
v 0.150920734 0.0825360864 4.28109598
v 0.200255096 0.0978464782 4.22001791
v 0.195657387 0.0917152241 4.23721933
v 0.180676237 0.0825391486 4.25944138
v 0.151996836 0.0717121884 4.28298903
v 0.107007861 -0.071716249 4.30028439
v 0.205481991 0.0978464782 4.21575165
v 0.206199452 0.0917152166 4.22706413
v 0.199870721 0.0825391561 4.24170208
v 0.182064354 0.0717152357 4.26110315
v 0.212237939 0.0978464633 4.2128129
v 0.210358575 0.0917152166 4.22366524
v 0.210171387 0.0825391412 4.23177242
v 0.228349909 0.0978464782 4.20588684
v 0.216068044 0.0917152092 4.22117901
v 0.252385974 0.0978434384 4.19084501
v 0.151996836 -0.0717132017 4.28298903
v 0.201350272 0.0717152283 4.2432766
v 0.213617012 0.0825391412 4.22895241
v 0.232538924 0.0917152166 4.21409702
v 0.275163651 0.0978434384 4.1675086
v 0.182064354 -0.0717162415 4.26110315
v 0.211566091 0.0717152208 4.23342562
v 0.218627259 0.0825391263 4.22676945
v 0.258166313 0.0917121768 4.19805956
v 0.291967034 0.0978464708 4.14173365
v 0.201350272 -0.071716249 4.2432766
v 0.214761242 0.0717152208 4.23080921
v 0.235337988 0.0825391337 4.21958351
v 0.282408476 0.0917121768 4.17322302
v 0.308122277 0.0978470892 4.1063056
v 0.211566091 -0.071716249 4.23342562
v 0.219525948 0.0717152134 4.22873211
v 0.262028575 0.0825360939 4.20288038
v 0.299933076 0.0917152166 4.14634275
v 0.348440289 0.0978434384 4.09216928
v 0.214761242 -0.071716249 4.23080921
v 0.236320853 0.0717152059 4.22150993
v 0.287249327 0.0825360939 4.17704105
v 0.314913929 0.0917155072 4.11349154
v 0.38037914 0.0978464857 4.0657177
v 0.219525948 -0.071716249 4.22873211
v 0.263384819 0.0717121661 4.20457315
v 0.30525589 0.0825391263 4.14942265
v 0.353487194 0.0917121768 4.09996128
v 0.407136977 0.0978464931 4.0271554
v 0.236320853 -0.0717162415 4.22150993
v 0.288949251 0.0717121586 4.17838192
v 0.319451928 0.0825392157 4.11829329
v 0.387223542 0.0917152241 4.07200718
v 0.424663663 0.0978434533 3.98291659
v 0.263384819 -0.0717131868 4.20457315
v 0.307125032 0.0717152059 4.15050411
v 0.356859505 0.0825360864 4.10516739
v 0.415331185 0.0917152241 4.03148508
v 0.440502226 0.097846508 3.93988466
v 0.288949251 -0.0717131868 4.17838192
v 0.321045518 0.0717152059 4.11997938
v 0.391796827 0.0825391412 4.07620907
v 0.433474541 0.0917121917 3.98567557
v 0.48828721 0.0978465229 3.9548738
v 0.307125032 -0.0717162266 4.15050411
v 0.358043611 0.0717121586 4.10699558
v 0.420806289 0.0825391412 4.03437805
v 0.446134746 0.0917152464 3.95127583
v 0.537100554 0.0978465229 3.96916676
v 0.321045518 -0.0717162192 4.11997938
v 0.393402874 0.0717152208 4.07768488
v 0.439361811 0.0825361162 3.98751926
v 0.485356331 0.0917152613 3.96357894
v 0.588461041 0.0978465229 3.9757731
v 0.449898362 0.082539171 3.95888734
v 0.449898362 0.082539171 3.95888734
v 0.422728896 0.0717152208 4.03539419
v 0.441429257 0.0717121884 3.98816657
v 0.451219916 0.0717152432 3.96156001
v 0.535180867 0.0917152613 3.97816873
v 0.483397901 0.0825391784 3.96939588
v 0.451219916 0.0717152432 3.96156001
v 0.639795482 0.0978465229 3.97128844
v 0.441429257 -0.0717131719 3.98816657
v 0.451219916 -0.0717162117 3.96156001
v 0.58826369 0.0917152613 3.98499751
v 0.482710242 0.0717152506 3.97143841
v 0.451219916 -0.0717162117 3.96156001
v 0.533898175 0.0825391784 3.98418379
v 0.690711856 0.0978465229 3.95688963
v 0.482710242 -0.0717162117 3.97143841
v 0.449898362 -0.0825403482 3.95888734
v 0.641483545 0.0917152613 3.98034859
v 0.533447802 0.0717152506 3.9862957
v 0.588131905 0.0825391784 3.99116111
v 0.742992997 0.0978465229 3.93485618
v 0.483397901 -0.0825401396 3.96939588
v 0.446134746 -0.0917170048 3.95127583
v 0.693773389 0.0917152613 3.96556163
v 0.533447802 -0.0717162192 3.9862957
v 0.588085592 0.0717152506 3.99332571
v 0.642611384 0.0825391784 3.98640227
v 0.796481252 0.097846508 3.9057529
v 0.746978045 0.0917152613 3.94313931
v 0.69581902 0.0825391784 3.97135615
v 0.643007517 0.0717152506 3.98852825
v 0.588085592 -0.0717162192 3.99332571
v 0.846717358 0.097846508 3.86908603
v 0.801385581 0.0917152539 3.91353703
v 0.749640822 0.0825391784 3.94867444
v 0.696537316 0.0717152506 3.97339082
v 0.887877703 0.0978434682 3.82384109
v 0.852849305 0.0917152539 3.87597609
v 0.804662585 0.082539171 3.9187386
v 0.914411664 0.0978465229 3.7705543
v 0.895497799 0.0917122141 3.82909727
v 0.923824608 0.0978434905 3.71303678
v 0.643007517 -0.0717162192 3.98852825
v 0.7505759 0.0717152506 3.95061779
v 0.856946468 0.082539171 3.88057971
v 0.923235297 0.0917152688 3.77339578
v 0.917867541 0.0978465527 3.65521812
v 0.696537316 -0.0717162192 3.97339082
v 0.805813313 0.0717152581 3.92056489
v 0.900589466 0.0825361311 3.83260942
v 0.933073223 0.0917122364 3.71328068
v 0.899148583 0.0978465378 3.59876943
v 0.7505759 -0.0717162192 3.95061779
v 0.858385265 0.0717152581 3.88219643
v 0.929131031 0.0825391859 3.7752943
v 0.926888347 0.0917152911 3.65325689
v 0.869321227 0.0978465676 3.544976
v 0.805813313 -0.0717162117 3.92056489
v 0.902377367 0.0717122182 3.83384275
v 0.939252913 0.0825361535 3.71344376
v 0.907587409 0.0917152837 3.59505463
v 0.830156147 0.0978435203 3.49549103
v 0.858385265 -0.0717162117 3.88219643
v 0.93120122 0.071715273 3.77596092
v 0.932915926 0.0825392082 3.65194654
v 0.876982152 0.091715306 3.5398581
v 0.784264445 0.0978465527 3.45162463
v 0.902377367 -0.071713157 3.83384275
v 0.941422999 0.0717122257 3.71350098
v 0.913226128 0.0825392008 3.59257245
v 0.83695662 0.0917122662 3.48928547
v 0.734951556 0.0978465825 3.41407943
v 0.93120122 -0.0717161968 3.77596092
v 0.935032547 0.0717152804 3.6514864
v 0.88210094 0.0825392231 3.5364387
v 0.79023391 0.0917152986 3.44462299
v 0.686078787 0.0978465676 3.38312006
v 0.941422939 -0.0717131495 3.71350098
v 0.915206254 0.0717152879 3.59170079
v 0.84150064 0.0825361833 3.48513889
v 0.740198672 0.0917153209 3.40652537
v 0.652558088 0.0978465974 3.35733485
v 0.935032547 -0.0717161894 3.6514864
v 0.883898437 0.0717152953 3.53523779
v 0.794222713 0.0825392157 3.43994474
v 0.690767527 0.0917153135 3.37520885
v 0.699676156 0.0978465825 3.31640077
v 0.915206254 -0.0717161819 3.59170079
v 0.843096256 0.0717122555 3.48368287
v 0.743704677 0.082539238 3.40147781
v 0.6669752 0.0917153358 3.35690594
v 0.784707129 0.0978435427 3.26000381
v 0.883898437 -0.0717161745 3.53523779
v 0.795623481 0.0717153028 3.4383018
v 0.693900466 0.0825392306 3.3699224
v 0.704846025 0.0917153284 3.3240037
v 0.891978681 0.0978435576 3.19087124
v 0.676608384 0.0825392604 3.35661912
v 0.676608384 0.0825392604 3.35661912
v 0.744935989 0.0717153102 3.39970517
v 0.695000648 0.0717153177 3.36806631
v 0.679991126 0.0717153251 3.35651851
v 0.789737165 0.0917122886 3.26769614
v 0.708300471 0.0825392455 3.32908392
v 0.679991126 0.0717153251 3.35651851
v 1.01200926 0.0978466123 3.11402702
v 0.695000648 -0.0717161521 3.36806631
v 0.679991126 -0.0717161521 3.35651851
v 0.896945 0.0917123035 3.19860268
v 0.709513605 0.0717153326 3.33086801
v 0.679991126 -0.0717161521 3.35651851
v 0.793098092 0.0825362056 3.27283597
v 1.12854373 0.0978466421 3.03744721
v 0.709513605 -0.0717161372 3.33086801
v 0.676608384 -0.0825400651 3.35661912
v 1.01700914 0.0917153582 3.12173629
v 0.794278324 0.0717122927 3.2746408
v 0.900263309 0.0825362206 3.20376849
v 1.22467613 0.097846657 2.96846247
v 0.708300471 -0.0825400501 3.32908392
v 0.6669752 -0.091716148 3.35690594
v 1.13374424 0.0917153805 3.04502463
v 0.794278324 -0.0717130825 3.2746408
v 0.901428699 0.0717123076 3.20558286
v 1.02034986 0.0825392753 3.12688708
v 1.29316366 0.0978436172 2.9070003
v 1.23042071 0.0917153955 2.97565103
v 1.13721919 0.0825392976 3.05008769
v 1.02152312 0.0717153624 3.12869596
v 0.901428699 -0.0717130676 3.20558286
v 1.33420694 0.0978466421 2.84596658
v 1.30010569 0.0917123556 2.91311741
v 1.23425913 0.0825393125 2.98045444
v 1.1384393 0.0717153698 3.05186534
v 1.34988821 0.0978466719 2.78183866
v 1.34271991 0.0917153805 2.8497529
v 1.30474424 0.0825362802 2.91720486
v 1.34430981 0.097846657 2.71803117
v 1.35916126 0.0917154104 2.78252816
v 1.31751466 0.0978466868 2.65730953
v 1.02152312 -0.0717161074 3.12869596
v 1.23560679 0.0717153847 2.98214102
v 1.34840822 0.0825393051 2.852283
v 1.35332823 0.0917154029 2.71577692
v 1.26486945 0.0978466868 2.61238217
v 1.1384393 -0.0717161 3.05186534
v 1.306373 0.0717123449 2.91864014
v 1.3653574 0.0825393274 2.78298879
v 1.32509172 0.0917154253 2.65178394
v 1.19628894 0.0978466719 2.5971005
v 1.23560679 -0.0717160851 2.98214102
v 1.35040569 0.0717153922 2.85317135
v 1.35935414 0.08253932 2.71427059
v 1.26902616 0.0917154253 2.60393882
v 1.12712741 0.0978466868 2.60608387
v 1.306373 -0.0717130303 2.91864014
v 1.36753333 0.0717153996 2.78315067
v 1.33015478 0.0825393423 2.64809179
v 1.19657981 0.0917154178 2.58780026
v 1.06307411 0.0978466868 2.62679815
v 1.35040569 -0.0717160776 2.85317135
v 1.3614701 0.0717154071 2.71374178
v 1.2718035 0.0825393423 2.59829712
v 1.1250422 0.0917154253 2.59709787
v 1.00566208 0.0978466868 2.65082717
v 1.36753333 -0.0717160702 2.78315067
v 1.33193243 0.0717154145 2.64679551
v 1.19677413 0.0825393349 2.58158612
v 1.05986238 0.0917154253 2.61818123
v 0.954858899 0.097846657 2.67235613
v 1.3614701 -0.0717160627 2.71374178
v 1.27277887 0.0717154145 2.59631586
v 1.123649 0.0825393423 2.59109378
v 1.00209665 0.0917154253 2.64236188
v 0.907523274 0.097846657 2.68809009
v 1.33193243 -0.0717160553 2.64679551
v 1.19684243 0.071715422 2.57940388
v 1.05771637 0.0825393423 2.61242366
v 0.951625824 0.0917154029 2.66375327
v 0.859412789 0.097846657 2.69739223
v 1.27277887 -0.0717160553 2.59631586
v 1.12315977 0.0717154145 2.58898544
v 0.999714375 0.0825393423 2.63670588
v 0.905199707 0.0917154029 2.67918706
v 0.80791527 0.0978436247 2.7010169
v 1.19684243 -0.0717160478 2.57940388
v 1.05696285 0.0717154145 2.61040211
v 0.949465513 0.08253932 2.658005
v 0.858205557 0.0917154029 2.68827486
v 0.753902137 0.097846657 2.70067525
v 1.12315977 -0.0717160553 2.58898544
v 0.998877704 0.0717154145 2.63471937
v 0.903647184 0.08253932 2.67323828
v 0.807611287 0.0917123705 2.69183755
v 0.700909257 0.097846657 2.69784904
v 1.05696285 -0.0717160553 2.61040211
v 0.948706865 0.0717154071 2.65598607
v 0.857398868 0.08253932 2.68218303
v 0.754172266 0.0917154029 2.6915009
v 0.653501034 0.097846657 2.69307923
v 0.998877704 -0.0717160553 2.63471937
v 0.903101981 0.0717154071 2.67114925
v 0.807408154 0.0825362876 2.68570375
v 0.701616883 0.0917154029 2.68869877
v 0.616118073 0.097846657 2.68624711
v 0.948706865 -0.0717160627 2.65598607
v 0.857115626 0.0717154071 2.68004394
v 0.754352808 0.08253932 2.68537045
v 0.654805362 0.0917154029 2.68399048
v 0.590999484 0.097846657 2.67802262
v 0.903101981 -0.0717160627 2.67114925
v 0.807336807 0.0717123598 2.68354988
v 0.702089727 0.08253932 2.682585
v 0.618431449 0.0917154029 2.67734408
v 0.56650877 0.0978466645 2.66396618
v 0.857115626 -0.0717160627 2.68004394
v 0.754416168 0.0717154071 2.68321776
v 0.655676901 0.08253932 2.67791772
v 0.594808817 0.0917154029 2.66961098
v 0.575033903 0.0978466719 2.6432271
v 0.807336807 -0.0717130154 2.68354988
v 0.702255726 0.0717154071 2.68043828
v 0.619977117 0.08253932 2.67139554
v 0.578075051 0.0917154104 2.66000676
v 0.587118983 0.0978467017 2.62149096
v 0.754416168 -0.0717160627 2.68321776
v 0.655982971 0.0717154071 2.67578506
v 0.597354054 0.08253932 2.66399026
v 0.583395898 0.0917154178 2.64706349
v 0.603696585 0.0978467017 2.59848809
v 0.58580333 0.0825393349 2.65736127
v 0.58580333 0.0825393349 2.65736127
v 0.620519876 0.0717154071 2.66930652
v 0.598247886 0.0717154071 2.66201663
v 0.588517189 0.0717154145 2.65643215
v 0.594878793 0.0917154402 2.62641239
v 0.588983119 0.0825393349 2.64962673
v 0.588517189 0.0717154145 2.65643215
v 0.62280035 0.0978466868 2.57837892
v 0.598247886 -0.0717160627 2.66201663
v 0.588517189 -0.0717160553 2.65643215
v 0.610764265 0.0917154402 2.60437131
v 0.590945005 0.071715422 2.65052676
v 0.588517189 -0.0717160553 2.65643215
v 0.600063682 0.0825393572 2.6297009
v 0.644666433 0.0978466868 2.56185985
v 0.590945005 -0.0717160478 2.65052676
v 0.58580333 -0.0825399756 2.65736127
v 0.628926277 0.0917154327 2.58525443
v 0.601884246 0.0717154294 2.63085556
v 0.615486741 0.0825393572 2.60830212
v 0.672111988 0.0978436619 2.54736972
v 0.588983119 -0.0825399607 2.64962673
v 0.578075051 -0.0917160511 2.66000676
v 0.649622679 0.0917154327 2.56962013
v 0.601884246 -0.0717160404 2.63085556
v 0.617145002 0.0717154294 2.60968256
v 0.633019567 0.0825393498 2.58984852
v 0.707753539 0.0978467166 2.53345084
v 0.675959826 0.0917124003 2.55571628
v 0.652934313 0.0825393498 2.5748055
v 0.634456873 0.0717154369 2.59146166
v 0.617145002 -0.0717160404 2.60968256
v 0.751463175 0.0978467166 2.51951289
v 0.710831523 0.0917154551 2.54209924
v 0.678530872 0.0825363174 2.56129336
v 0.654097259 0.0717154369 2.5766263
v 0.801136136 0.0978467166 2.5050025
v 0.754147172 0.0917154551 2.52828813
v 0.7128883 0.0825393796 2.54787779
v 0.854171097 0.0978436545 2.48879361
v 0.803761482 0.0917154551 2.51379561
v 0.908355951 0.0978467017 2.46855569
v 0.634456873 -0.0717160329 2.59146166
v 0.679433763 0.0717123896 2.56325197
v 0.755940497 0.0825393721 2.53415132
v 0.85710901 0.0917123929 2.49749231
v 0.961255848 0.0978467017 2.44041538
v 0.654097259 -0.0717160329 2.5766263
v 0.71361059 0.0717154443 2.54990721
v 0.805515647 0.0825393721 2.51967096
v 0.912104905 0.0917154476 2.47695255
v 1.00893497 0.0978467315 2.39992619
v 0.679433763 -0.0717129856 2.56325197
v 0.75657022 0.0717154443 2.5362103
v 0.85907203 0.08253631 2.50330472
v 0.966410518 0.0917154476 2.44806576
v 1.04779112 0.0978467166 2.34505558
v 0.71361059 -0.0717160255 2.54990721
v 0.806131661 0.0717154443 2.521734
v 0.914609909 0.0825393647 2.48256326
v 1.01575458 0.09171547 2.40616393
v 1.07981622 0.0978467464 2.2744863
v 0.75657022 -0.0717160255 2.5362103
v 0.859761417 0.071712397 2.50534582
v 0.969854832 0.0825393647 2.45317769
v 1.0557996 0.0917154625 2.34961486
v 1.11079681 0.0978467315 2.18534017
v 0.806131661 -0.0717160255 2.521734
v 0.915489554 0.0717154518 2.48453331
v 1.02031147 0.082539387 2.41033173
v 1.08835375 0.0917154849 2.27787948
v 1.1431216 0.0978467464 2.08085561
v 0.859761417 -0.0717129782 2.50534582
v 0.97106421 0.0717154518 2.45497251
v 1.06115055 0.0825393796 2.35266137
v 1.11951959 0.0917154774 2.18820095
v 1.17440379 0.0978467613 1.97456932
v 0.915489554 -0.071716018 2.48453331
v 1.02191138 0.0717154592 2.41179514
v 1.09405839 0.0825394019 2.28014684
v 1.15190935 0.0917154923 2.08350778
v 1.19979537 0.0978467762 1.88468003
v 0.97106421 -0.071716018 2.45497251
v 1.06302977 0.0717154667 2.35373116
v 1.12534797 0.0825393945 2.19011235
v 1.18322384 0.0917155072 1.97711325
v 1.21643031 0.097846806 1.81971884
v 1.02191138 -0.0717160106 2.41179514
v 1.09606147 0.0717154741 2.28094316
v 1.15778112 0.0825394094 2.0852797
v 1.20865965 0.0917155221 1.88707089
v 1.22402859 0.097846806 1.77376175
v 1.06302977 -0.0717160031 2.35373116
v 1.12739468 0.0717154816 2.1907835
v 1.18911731 0.0825394243 1.97881293
v 1.2254132 0.0917155445 1.82165146
v 1.22126722 0.0978467911 1.73411274
v 1.09606147 -0.0717159957 2.28094316
v 1.15984309 0.0717154965 2.08590198
v 1.21458256 0.0825394392 1.88866806
v 1.23324311 0.0917155445 1.77430296
v 1.20661771 0.0978467911 1.69878221
v 1.12739468 -0.0717159882 2.1907835
v 1.19118679 0.0717155114 1.97940993
v 1.23141539 0.0825394616 1.82294273
v 1.23029745 0.091715537 1.7319963
v 1.18320823 0.097846821 1.66795039
v 1.15984309 -0.0717159733 2.08590198
v 1.21666241 0.0717155263 1.88922906
v 1.23939979 0.0825394616 1.77466464
v 1.21458066 0.091715537 1.6940949
v 1.15146315 0.097846821 1.63736868
v 1.19118679 -0.0717159584 1.97940993
v 1.23352313 0.0717155337 1.82339621
v 1.23633122 0.0825394541 1.73058224
v 1.19005036 0.0917155594 1.66179085
v 1.11183214 0.097846806 1.60496378
v 1.21666241 -0.0717159435 1.88922906
v 1.24156177 0.0717155337 1.77479148
v 1.21990144 0.0825394541 1.69096303
v 1.1575501 0.0917155594 1.6304841
v 1.06799257 0.097846806 1.57156467
v 1.23352313 -0.0717159361 1.82339621
v 1.23845005 0.0717155412 1.73008561
v 1.19462216 0.0825394765 1.65767503
v 1.11751759 0.0917155519 1.59775281
v 1.02615929 0.0978468359 1.53984451
v 1.24156177 -0.0717159361 1.77479148
v 1.22176969 0.0717155412 1.68986344
v 1.16161716 0.0825394765 1.62588406
v 1.07354712 0.0917155519 1.564255
v 0.990368187 0.0978468359 1.51178002
v 1.23845005 -0.0717159286 1.73008561
v 1.19622755 0.0717155486 1.65622997
v 1.12131643 0.082539469 1.59293437
v 1.0317651 0.0917155743 1.53257465
v 0.960155368 0.097846821 1.48732543
v 1.22176969 -0.0717159286 1.68986344
v 1.16304541 0.0717155486 1.62426877
v 1.07725847 0.082539469 1.55937099
v 0.996088386 0.0917155743 1.50460029
v 0.931014538 0.097846821 1.46486354
v 1.19622755 -0.0717159212 1.65622997
v 1.1226505 0.0717155561 1.59124231
v 1.0355109 0.0825394914 1.52771711
v 0.965853989 0.0917155668 1.48012829
v 0.897628367 0.097846821 1.44412708
v 1.16304541 -0.0717159212 1.62426877
v 1.07856166 0.0717155561 1.55765605
v 0.999910593 0.0825394914 1.49980283
v 0.936279416 0.0917155668 1.45733166
v 0.856523216 0.0978468508 1.42808557
v 1.1226505 -0.0717159137 1.59124231
v 1.03682625 0.0717155635 1.52601147
v 0.969661593 0.0825394839 1.47531915
v 0.901789546 0.0917155668 1.43590927
v 0.808036506 0.0978437811 1.42111158
v 1.07856166 -0.0717159137 1.55765605
v 1.00125277 0.0717155635 1.49811816
v 0.939797342 0.0825394839 1.45229888
v 0.858879268 0.0917155892 1.41916299
v 0.75494647 0.0978437811 1.42408419
v 1.03682625 -0.0717159063 1.52601147
v 0.970998645 0.071715571 1.47363043
v 0.904569864 0.0825394839 1.43041801
v 0.808405638 0.0917125195 1.41190386
v 0.699341118 0.0978468508 1.4343338
v 1.00125277 -0.0717159063 1.49811816
v 0.941032648 0.071715571 1.45053172
v 0.860453486 0.0825395063 1.41320109
v 0.753826737 0.091712527 1.41496062
v 0.643490911 0.097846821 1.44802952
v 0.970998645 -0.0717158988 1.47363043
v 0.905546188 0.071715571 1.42848992
v 0.808652282 0.0825364441 1.40575123
v 0.697404146 0.0917155892 1.42536235
v 0.590368152 0.097846821 1.46149492
v 0.941032648 -0.0717158988 1.45053172
v 0.86100632 0.0717155784 1.41110754
v 0.75307858 0.0825364441 1.40886474
v 0.641269743 0.0917155668 1.43912911
v 0.543403625 0.097846821 1.47169924
v 0.905546188 -0.0717158988 1.42848992
v 0.808738887 0.0717125311 1.40359068
v 0.696109951 0.0825395063 1.41936779
v 0.588273287 0.0917155668 1.45256424
v 0.506532609 0.097846821 1.47647882
v 0.86100632 -0.0717158914 1.41110754
v 0.752815843 0.0717125311 1.40672398
v 0.639785588 0.0825394839 1.433182
v 0.541869044 0.0917155668 1.46264863
v 0.48216325 0.097846821 1.47572756
v 0.808738887 -0.0717128441 1.40359068
v 0.695655465 0.0717155784 1.41726303
v 0.586873531 0.0825394839 1.4465971
v 0.506197631 0.0917155668 1.4672749
v 0.46629113 0.097846821 1.47043395
v 0.752815843 -0.0717128441 1.40672398
v 0.639264464 0.071715571 1.43109393
v 0.540843606 0.0825394839 1.45660138
v 0.483891189 0.0917155668 1.46658897
v 0.449817181 0.097846821 1.45852113
v 0.695655465 -0.0717158914 1.41726303
v 0.586382031 0.071715571 1.44450164
v 0.505973816 0.0825394839 1.46112514
v 0.470433772 0.0917155668 1.46210074
v 0.428991854 0.0978468508 1.43819594
v 0.639264464 -0.0717158988 1.43109393
v 0.540483594 0.071715571 1.45447803
v 0.485045791 0.0825394839 1.46048284
v 0.455621779 0.0917155668 1.45138812
v 0.4004457 0.0978468359 1.40787888
v 0.586382031 -0.0717158988 1.44450164
v 0.505895197 0.071715571 1.45896578
v 0.473201811 0.0825394839 1.45653272
v 0.435653865 0.0917155892 1.43189812
v 0.440677524 0.0978468657 1.37411332
v 0.413772762 0.0917155743 1.40865922
v 0.447457075 0.0917156041 1.38038826
v 0.459500313 0.0825394839 1.44662189
v 0.485451221 0.071715571 1.45833874
v 0.440105319 0.0825395063 1.42769003
v 0.422677577 0.0825394988 1.40918064
v 0.422677577 0.0825394988 1.40918064
v 0.451987028 0.0825395212 1.38458109
v 0.425804555 0.0717155784 1.40936375
v 0.474173903 0.071715571 1.45457745
v 0.460862279 0.071715571 1.4449482
v 0.441668391 0.0717155784 1.42621231
v 0.425804555 0.0717155784 1.40936375
v 0.474926889 0.0825395137 1.35273957
v 0.453577757 0.0717155933 1.38605356
v 0.425804555 -0.0717158839 1.40936375
v 0.441668391 -0.0717158914 1.42621231
v 0.425804555 -0.0717158839 1.40936375
v 0.460862279 -0.0717158988 1.4449482
v 0.487445533 0.0825395137 1.31069922
v 0.453577757 -0.0717158765 1.38605356
v 0.422677577 -0.0825397968 1.40918064
v 0.476881087 0.0717156008 1.3537066
v 0.440105319 -0.0825398192 1.42769003
v 0.422677577 -0.0825397968 1.40918064
v 0.489915967 0.0825395361 1.260355
v 0.451987028 -0.0825398043 1.38458109
v 0.413772762 -0.0917158723 1.40865922
v 0.476881087 -0.071715869 1.3537066
v 0.489587307 0.0717156008 1.31103516
v 0.489290416 0.0825395286 1.18642282
v 0.492071927 0.0717156082 1.26038837
v 0.489587307 -0.071715869 1.31103516
v 0.474926889 -0.0825397819 1.35273957
v 0.488086998 0.0825395435 1.08375037
v 0.491445482 0.0717156157 1.18640089
v 0.492071927 -0.0717158616 1.26038837
v 0.487150311 0.0825395584 0.968767881
v 0.490241885 0.0717156306 1.08372903
v 0.486723661 0.0825395733 0.868733525
v 0.447457075 -0.0917158872 1.38038826
v 0.487445533 -0.0825397819 1.31069922
v 0.491445482 -0.0717158541 1.18640089
v 0.489305258 0.0717156455 0.96875453
v 0.487056494 0.0825395957 0.801354885
v 0.469361544 -0.0917158648 1.34998512
v 0.489915967 -0.0825397894 1.260355
v 0.490241885 -0.0717158392 1.08372903
v 0.488878667 0.0717156604 0.868734479
v 0.489136457 0.0825395957 0.781566203
v 0.481346428 -0.0917158648 1.30974269
v 0.489290416 -0.082539767 1.18642282
v 0.489305258 -0.0717158243 0.96875453
v 0.489211559 0.0717156678 0.801407278
v 0.499532878 0.0825396106 0.771269262
v 0.483776212 -0.0917158723 1.26025987
v 0.488086998 -0.0825397521 1.08375037
v 0.488878667 -0.0717158094 0.868734479
v 0.491194367 0.0717156753 0.782544255
v 0.545016408 0.0825396106 0.735151589
v 0.483153164 -0.0917158499 1.18648577
v 0.487150311 -0.0825397372 0.968767881
v 0.4892115 -0.071715802 0.801407278
v 0.500868261 0.0717156827 0.772962451
v 0.614103198 0.0825396031 0.676586151
v 0.546383739 0.0717156827 0.736818433
v 0.491194367 -0.0717157945 0.782544255
v 0.486723661 -0.0825397223 0.868733525
v 0.615535378 0.0717156902 0.678197384
v 0.500868261 -0.0717157871 0.772962451
v 0.487056494 -0.0825397298 0.801354885
v 0.689984143 0.0717157051 0.590133131
v 0.546383739 -0.0717157871 0.736818433
v 0.489136517 -0.0825397149 0.781566262
v 0.615535378 -0.0717157796 0.678197384
v 0.689984143 -0.0717157647 0.590133131
v 0.499532938 -0.0825397149 0.771269321
v 0.545016408 -0.0825397149 0.735151589
v 0.745936871 -0.0717157573 0.50623405
v 0.614103198 -0.0825396925 0.676586151
v 0.744371772 -0.0825396851 0.504860044
v 0.688452482 -0.0825396776 0.588614881
v 0.684090674 -0.0917157605 0.584291339
v 0.610024512 -0.0917157754 0.671997547
v 0.6039204 -0.0978470296 0.665130138
v 0.535294652 -0.0978470594 0.723300517
v 0.541122437 -0.0917157978 0.730404735
v 0.490038872 -0.0978470594 0.759231329
v 0.495730162 -0.0917157978 0.766447544
v 0.474505484 -0.0978470519 0.774612367
v 0.483276129 -0.0917157978 0.778780878
v 0.471734822 -0.0978470743 0.800982296
v 0.48091948 -0.0917158127 0.801205635
v 0.47140187 -0.0978470594 0.86872685
v 0.480586588 -0.0917158052 0.868730843
v 0.471829653 -0.0978470743 0.968862951
v 0.481013715 -0.0917158201 0.968805969
v 0.47276628 -0.0978470892 1.0839026
v 0.481950402 -0.091715835 1.08381128
v 0.473968148 -0.0978471041 1.18657982
v 0.4745875 -0.0978471339 1.26011729
v 0.472218394 -0.097847119 1.30831122
v 0.461032391 -0.097847119 1.3458631
v 0.440677524 -0.0978471488 1.37411332
v 0.4004457 -0.0978471339 1.40787888
v 0.428991854 -0.0978471637 1.43819594
v 0.435653865 -0.0917159021 1.43189812
v 0.449817181 -0.0978471488 1.45852113
v 0.455621779 -0.0917158946 1.45138812
v 0.46629113 -0.0978471488 1.47043395
v 0.459500313 -0.0825398117 1.44662189
v 0.48216325 -0.0978471488 1.47572756
v 0.470433772 -0.0917158946 1.46210074
v 0.473201811 -0.0825398117 1.45653272
v 0.506532609 -0.0978471488 1.47647882
v 0.483891189 -0.0917158946 1.46658897
v 0.474173903 -0.0717158988 1.45457745
v 0.543403625 -0.0978471488 1.47169924
v 0.506197631 -0.0917158946 1.4672749
v 0.485045791 -0.0825398117 1.46048284
v 0.485451221 -0.0717158988 1.45833874
v 0.590368152 -0.0978471488 1.46149492
v 0.541869044 -0.0917158946 1.46264863
v 0.505973816 -0.0825398117 1.46112514
v 0.505895197 -0.0717158988 1.45896578
v 0.643490911 -0.0978471488 1.44802952
v 0.588273287 -0.0917158946 1.45256424
v 0.540843606 -0.0825398117 1.45660138
v 0.540483594 -0.0717158988 1.45447803
v 0.586873531 -0.0825398117 1.4465971
v 0.699341118 -0.0978471637 1.4343338
v 0.641269743 -0.0917158946 1.43912935
v 0.639785588 -0.0825398117 1.43318224
v 0.75494647 -0.097844094 1.42408419
v 0.697404146 -0.0917159021 1.42536235
v 0.696109951 -0.0825398192 1.41936779
v 0.808036506 -0.097844094 1.42111158
v 0.753826737 -0.0917128399 1.41496062
v 0.75307858 -0.082536757 1.40886474
v 0.856523216 -0.0978471637 1.42808557
v 0.808405638 -0.0917128325 1.41190386
v 0.808652282 -0.082536757 1.40575123
v 0.897628367 -0.0978471488 1.44412708
v 0.858879268 -0.0917159021 1.41916299
v 0.860453486 -0.0825398192 1.41320109
v 0.931014538 -0.0978471488 1.46486354
v 0.901789546 -0.0917158946 1.43590927
v 0.904569864 -0.0825398117 1.43041801
v 0.960155368 -0.0978471488 1.48732543
v 0.936279416 -0.0917158946 1.45733166
v 0.939797342 -0.0825398117 1.45229888
v 0.990368187 -0.0978471786 1.51178002
v 0.965853989 -0.0917158946 1.48012829
v 0.969661653 -0.0825398117 1.47531915
v 1.02615929 -0.0978471786 1.53984451
v 0.996088386 -0.091715917 1.50460029
v 0.999910593 -0.0825398341 1.49980283
v 1.06799257 -0.0978471637 1.57156467
v 1.0317651 -0.091715917 1.53257465
v 1.0355109 -0.0825398341 1.52771711
v 1.11183214 -0.0978471637 1.60496378
v 1.07354712 -0.0917159095 1.564255
v 1.07725847 -0.0825398266 1.55937099
v 1.15146315 -0.0978471935 1.63736868
v 1.11751759 -0.0917159095 1.59775281
v 1.12131643 -0.0825398266 1.59293437
v 1.18320823 -0.0978471935 1.66795039
v 1.1575501 -0.0917159319 1.6304841
v 1.16161716 -0.082539849 1.62588406
v 1.20661771 -0.0978471786 1.69878221
v 1.19005036 -0.0917159319 1.66179085
v 1.19462216 -0.082539849 1.65767503
v 1.22126722 -0.0978471786 1.73411274
v 1.21458066 -0.0917159244 1.6940949
v 1.21990144 -0.0825398415 1.69096303
v 1.22402859 -0.0978472084 1.77376175
v 1.23029745 -0.0917159244 1.7319963
v 1.23633122 -0.0825398415 1.73058224
v 1.21643031 -0.0978472084 1.81971884
v 1.23324311 -0.0917159468 1.77430296
v 1.23939979 -0.0825398639 1.77466464
v 1.19979537 -0.0978471935 1.88468003
v 1.2254132 -0.0917159468 1.82165146
v 1.23141539 -0.0825398639 1.82294273
v 1.17440379 -0.0978472084 1.97456932
v 1.20865965 -0.0917159393 1.88707089
v 1.21458256 -0.0825398564 1.88866806
v 1.1431216 -0.0978472233 2.08085561
v 1.18322384 -0.0917159542 1.97711325
v 1.18911731 -0.0825398713 1.97881293
v 1.11079681 -0.0978472382 2.18534017
v 1.15190935 -0.0917159691 2.08350778
v 1.15778112 -0.0825398862 2.0852797
v 1.07981622 -0.097847268 2.2744863
v 1.11951959 -0.091715984 2.18820095
v 1.12534797 -0.0825399011 2.19011235
v 1.04779112 -0.0978472531 2.34505558
v 1.08835375 -0.0917160064 2.27787948
v 1.09405839 -0.0825399235 2.28014684
v 1.00893497 -0.0978472829 2.39992619
v 1.0557996 -0.0917159989 2.34961486
v 1.06115055 -0.082539916 2.35266137
v 0.961255848 -0.097847268 2.44041538
v 1.01575458 -0.0917160213 2.40616393
v 1.02031147 -0.0825399384 2.41033173
v 0.908355951 -0.097847268 2.46855569
v 0.966410518 -0.0917160138 2.44806576
v 0.969854832 -0.0825399309 2.45317769
v 0.854171097 -0.0978442356 2.48879361
v 0.912104905 -0.0917160138 2.47695255
v 0.914609909 -0.0825399309 2.48256326
v 0.801136136 -0.0978472978 2.5050025
v 0.85710901 -0.091712974 2.49749231
v 0.85907203 -0.0825368911 2.50330472
v 0.751463234 -0.0978472978 2.51951289
v 0.803761482 -0.0917160362 2.51379561
v 0.805515647 -0.0825399533 2.51967096
v 0.707753479 -0.0978472978 2.53345084
v 0.754147172 -0.0917160362 2.52828813
v 0.755940497 -0.0825399533 2.53415132
v 0.672111988 -0.097844258 2.54736972
v 0.710831523 -0.0917160362 2.54209924
v 0.7128883 -0.0825399607 2.54787779
v 0.644666433 -0.0978472829 2.56185985
v 0.675959826 -0.0917129964 2.55571628
v 0.678530872 -0.0825369135 2.56129336
v 0.62280035 -0.0978472829 2.57837892
v 0.649622679 -0.0917160287 2.56962013
v 0.652934313 -0.0825399458 2.5748055
v 0.603696585 -0.0978473127 2.59848809
v 0.628926277 -0.0917160287 2.58525443
v 0.633019567 -0.0825399458 2.58984852
v 0.587118983 -0.0978473127 2.62149096
v 0.610764265 -0.0917160511 2.60437131
v 0.615486741 -0.0825399682 2.60830212
v 0.575033903 -0.0978472978 2.6432271
v 0.594878793 -0.0917160511 2.62641239
v 0.600063682 -0.0825399682 2.6297009
v 0.583395898 -0.0917160437 2.64706349
v 0.56650877 -0.0978473127 2.66396618
v 0.590999484 -0.0978473127 2.67802262
v 0.594808817 -0.0917160586 2.66961098
v 0.58580333 -0.0825399756 2.65736127
v 0.616118073 -0.0978473127 2.68624711
v 0.597354054 -0.0825399756 2.66399026
v 0.653501034 -0.0978473127 2.69307923
v 0.618431449 -0.0917160586 2.67734408
v 0.619977117 -0.0825399756 2.67139554
v 0.700909257 -0.0978473127 2.69784904
v 0.654805362 -0.0917160586 2.68399048
v 0.620519876 -0.0717160627 2.66930652
v 0.753902137 -0.0978473127 2.70067525
v 0.701616883 -0.0917160586 2.68869877
v 0.655676901 -0.0825399756 2.67791772
v 0.655982971 -0.0717160627 2.67578506
v 0.80791527 -0.0978442803 2.7010169
v 0.754172266 -0.0917160586 2.6915009
v 0.702089727 -0.0825399756 2.682585
v 0.702255726 -0.0717160627 2.68043828
v 0.754352808 -0.0825399756 2.68537045
v 0.859412789 -0.0978473127 2.69739223
v 0.807611287 -0.0917130262 2.69183755
v 0.807408154 -0.0825369433 2.68570375
v 0.907523274 -0.0978473127 2.68809009
v 0.858205557 -0.0917160586 2.68827486
v 0.857398868 -0.0825399756 2.68218303
v 0.954858899 -0.0978473127 2.67235613
v 0.905199707 -0.0917160586 2.67918706
v 0.903647184 -0.0825399756 2.67323828
v 1.00566208 -0.0978473276 2.65082717
v 0.951625824 -0.0917160586 2.66375327
v 0.949465513 -0.0825399756 2.658005
v 1.06307411 -0.0978473276 2.62679815
v 1.00209665 -0.091716066 2.64236188
v 0.999714375 -0.0825399831 2.63670588
v 1.12712741 -0.0978473276 2.60608387
v 1.05986238 -0.091716066 2.61818123
v 1.05771637 -0.0825399831 2.61242366
v 1.19628894 -0.0978472978 2.5971005
v 1.1250422 -0.091716066 2.59709787
v 1.123649 -0.0825399831 2.59109378
v 1.26486945 -0.0978473276 2.61238217
v 1.19657981 -0.0917160437 2.58780026
v 1.19677413 -0.0825399607 2.58158612
v 1.31751466 -0.0978473276 2.65730953
v 1.26902616 -0.091716066 2.60393882
v 1.2718035 -0.0825399831 2.59829712
v 1.34430981 -0.0978473127 2.71803117
v 1.32509172 -0.091716066 2.65178394
v 1.33015478 -0.0825399831 2.64809179
v 1.34988821 -0.0978473425 2.78183866
v 1.35332823 -0.0917160586 2.71577692
v 1.35935414 -0.0825399756 2.71427059
v 1.33420694 -0.0978473276 2.84596658
v 1.35916126 -0.0917160809 2.78252816
v 1.3653574 -0.082539998 2.78298879
v 1.29316366 -0.0978443027 2.9070003
v 1.34271991 -0.091716066 2.8497529
v 1.34840822 -0.0825399905 2.852283
v 1.22467613 -0.0978473574 2.96846247
v 1.30010569 -0.0917130411 2.91311741
v 1.30474424 -0.0825369656 2.91720486
v 1.12854373 -0.0978473723 3.03744721
v 1.23042071 -0.0917160958 2.97565103
v 1.23425913 -0.0825400129 2.98045444
v 1.01200926 -0.0978473574 3.11402702
v 1.13374424 -0.0917161107 3.04502463
v 1.13721919 -0.0825400278 3.05008769
v 0.891978681 -0.0978443176 3.19087124
v 1.01700914 -0.0917161033 3.12173629
v 1.02034986 -0.0825400203 3.12688708
v 0.784707129 -0.0978443325 3.26000381
v 0.896945 -0.0917130634 3.19860268
v 0.900263309 -0.0825369805 3.20376849
v 0.699676156 -0.0978473872 3.31640077
v 0.789737225 -0.0917130783 3.26769614
v 0.793098092 -0.0825369954 3.27283597
v 0.704846025 -0.0917161331 3.3240037
v 0.652558088 -0.0978474021 3.35733485
v 0.686078787 -0.0978474021 3.38312006
v 0.690767527 -0.091716148 3.37520885
v 0.676608384 -0.0825400651 3.35661912
v 0.734951556 -0.0978474319 3.41407943
v 0.693900466 -0.0825400651 3.3699224
v 0.784264445 -0.097847417 3.45162463
v 0.740198672 -0.0917161703 3.40652537
v 0.743704677 -0.0825400874 3.40147781
v 0.830156147 -0.0978443846 3.49549103
v 0.79023391 -0.0917161629 3.44462299
v 0.744935989 -0.0717161596 3.39970517
v 0.869321227 -0.0978474468 3.544976
v 0.83695662 -0.0917131305 3.48928547
v 0.794222713 -0.08254008 3.43994474
v 0.795623481 -0.071716167 3.4383018
v 0.899148703 -0.0978474319 3.59876943
v 0.876982152 -0.0917161852 3.5398581
v 0.84150064 -0.0825370476 3.48513889
v 0.843096256 -0.0717131197 3.48368287
v 0.88210094 -0.0825401023 3.5364387
v 0.917867541 -0.0978474617 3.65521812
v 0.907587528 -0.0917161778 3.59505463
v 0.913226187 -0.0825400949 3.59257245
v 0.923824668 -0.0978444144 3.71303678
v 0.926888347 -0.0917162001 3.65325689
v 0.932915926 -0.0825401172 3.65194654
v 0.914411664 -0.0978474468 3.7705543
v 0.933073282 -0.0917131603 3.71328068
v 0.939252973 -0.0825370774 3.71344376
v 0.887877703 -0.097844407 3.82384109
v 0.923235297 -0.0917161927 3.77339578
v 0.929131031 -0.0825401098 3.7752943
v 0.846717358 -0.0978474617 3.86908603
v 0.895497799 -0.0917131528 3.82909727
v 0.900589466 -0.0825370699 3.83260942
v 0.796481252 -0.0978474617 3.9057529
v 0.852849305 -0.0917162076 3.87597609
v 0.856946468 -0.0825401247 3.88057971
v 0.742992997 -0.0978474915 3.93485618
v 0.801385581 -0.0917162076 3.91353703
v 0.804662585 -0.0825401247 3.9187386
v 0.690711856 -0.0978474915 3.95688963
v 0.746978045 -0.0917162299 3.94313931
v 0.749640822 -0.082540147 3.94867444
v 0.639795482 -0.0978474915 3.97128844
v 0.693773389 -0.0917162299 3.96556163
v 0.69581902 -0.082540147 3.97135615
v 0.588461041 -0.0978474915 3.9757731
v 0.641483545 -0.0917162299 3.98034859
v 0.642611384 -0.082540147 3.98640227
v 0.537100554 -0.0978474915 3.96916676
v 0.58826369 -0.0917162299 3.98499751
v 0.588131905 -0.082540147 3.99116111
v 0.48828721 -0.0978474766 3.9548738
v 0.535180867 -0.0917162299 3.97816873
v 0.533898175 -0.082540147 3.98418379
v 0.485356331 -0.091716215 3.96357894
v 0.440502226 -0.0978491306 3.93988466
v 0.424663663 -0.0978444368 3.98291659
v 0.433474541 -0.0917131752 3.98567557
v 0.449898362 -0.0825403482 3.95888734
v 0.407136977 -0.0978474841 4.0271554
v 0.439361811 -0.0825370997 3.98751926
v 0.38037914 -0.0978474841 4.0657177
v 0.415331185 -0.0917162225 4.03148508
v 0.420806289 -0.0825401396 4.03437805
v 0.348440349 -0.0978444517 4.09216928
v 0.387223542 -0.0917162225 4.07200718
v 0.422728896 -0.0717162192 4.03539419
v 0.308122277 -0.0978475064 4.1063056
v 0.353487253 -0.0917131901 4.09996128
v 0.391796827 -0.0825401396 4.07620907
v 0.393402874 -0.0717162192 4.07768488
v 0.291967034 -0.0978475064 4.14173365
v 0.356859565 -0.0825370997 4.10516739
v 0.358043671 -0.0717131719 4.10699558
v 0.314913929 -0.0917162374 4.11349154
v 0.319451928 -0.0825401545 4.11829329
v 0.275163651 -0.0978444666 4.1675086
v 0.299933076 -0.0917162448 4.14634275
v 0.30525589 -0.0825401545 4.14942265
v 0.252385974 -0.0978444666 4.19084501
v 0.282408476 -0.091713205 4.17322302
v 0.287249327 -0.0825371221 4.17704105
v 0.228349909 -0.0978475213 4.20588684
v 0.258166313 -0.091713205 4.19805956
v 0.262028575 -0.0825371295 4.20288038
v 0.212238044 -0.0978475213 4.2128129
v 0.232538924 -0.0917162597 4.21409702
v 0.235337988 -0.0825401768 4.21958351
v 0.205481991 -0.0978475213 4.21575165
v 0.216068164 -0.0917162597 4.22117949
v 0.218627349 -0.0825401768 4.22676945
v 0.200255081 -0.0978475213 4.22001791
v 0.210358575 -0.0917162597 4.22366524
v 0.213617012 -0.0825401768 4.22895241
v 0.189351574 -0.0978475213 4.23051023
v 0.206199452 -0.0917162597 4.22706413
v 0.210171372 -0.0825401768 4.23177242
v 0.17080617 -0.0978475213 4.24762487
v 0.195657358 -0.0917162597 4.23721933
v 0.199870706 -0.0825401768 4.24170208
v 0.143269882 -0.0978444815 4.26763582
v 0.176722854 -0.0917162597 4.25470829
v 0.180676237 -0.0825401768 4.25944138
v 0.103968881 -0.0978475139 4.28271246
v 0.147856265 -0.0917132199 4.27570486
v 0.150920793 -0.082537137 4.28109598
v 0.0581568703 -0.0978475213 4.28032827
v 0.10556598 -0.0917162523 4.29194736
v 0.106633097 -0.0825401694 4.29811716
v 0.0210526995 -0.097844474 4.26117516
v 0.0555948466 -0.0917162597 4.28936386
v 0.053882923 -0.0825401694 4.2954011
v 0.0155716352 -0.091713205 4.26872301
v -0.00493161287 -0.0978475064 4.22756338
v -0.0432211533 -0.0978475139 4.24506617
v -0.0416140109 -0.0917162523 4.25420713
v -0.00947383791 -0.0825401545 4.24612522
v -0.0785205439 -0.0978444591 4.24787664
v -0.0405401513 -0.0825401694 4.26031542
v -0.118522666 -0.0978475213 4.2400856
v -0.078961283 -0.0917131975 4.25716782
v -0.0792557746 -0.0825371146 4.26337576
v -0.156531081 -0.0978475064 4.21819687
v -0.121767342 -0.0917162597 4.24881983
v -0.0793591738 -0.0717131943 4.26555538
v -0.186913878 -0.0978475064 4.18532848
v -0.162384436 -0.0917162523 4.22541857
v -0.123935357 -0.0825401694 4.25465584
v -0.124696627 -0.071716249 4.25670528
v -0.209921122 -0.0978475064 4.14725447
v -0.194351792 -0.0917162523 4.19082499
v -0.166295484 -0.0825401694 4.23024416
v -0.167668909 -0.0717162564 4.23193836
v -0.199321643 -0.0825401768 4.19449806
v -0.228200331 -0.0978475064 4.10909414
v -0.218048155 -0.0917162448 4.15160084
v -0.223478511 -0.0825401768 4.15450478
v -0.243620202 -0.0978475064 4.07627392
v -0.236517921 -0.0917162523 4.11303711
v -0.242075637 -0.0825401768 4.11567116
v -0.251807928 -0.0917162523 4.08049297
v -0.258747399 -0.0978420377 4.05302715
v -0.288876712 -0.097847499 4.07786989
v -0.283138394 -0.0917162448 4.08504581
v -0.262205124 -0.0825368464 4.07574129
v -0.325612485 -0.097847499 4.10507107
v -0.279304087 -0.0825401768 4.08984041
v -0.373070538 -0.0978475064 4.12675428
v -0.320842505 -0.0917162448 4.11296558
v -0.317655325 -0.0825401768 4.11824083
v -0.427099466 -0.0978444442 4.1311965
v -0.370648563 -0.0917162448 4.13572264
v -0.316536188 -0.0717162713 4.12009287
v -0.476335406 -0.0978475064 4.11680269
v -0.428095818 -0.0917131901 4.14044428
v -0.369030237 -0.0825401768 4.14171505
v -0.368461967 -0.0717162639 4.14381933
v -0.515304327 -0.0978475064 4.09433413
v -0.480065167 -0.0917162448 4.12524748
v -0.428761601 -0.0825371146 4.14662361
v -0.428995371 -0.0717132092 4.14879322
v -0.482557237 -0.0825401694 4.13088989
v -0.546848893 -0.0978474915 4.07199049
v -0.52030164 -0.0917162448 4.1020422
v -0.523640752 -0.0825401694 4.10719252
v -0.574348748 -0.0978474915 4.05258751
v -0.552149057 -0.0917162374 4.07947826
v -0.555690527 -0.0825401619 4.08448172
v -0.600228667 -0.0978474915 4.03658581
v -0.579396665 -0.0917162374 4.0602479
v -0.582769632 -0.0825401619 4.06536627
v -0.625232577 -0.0978474915 4.02451515
v -0.604612589 -0.0917162299 4.04465103
v -0.607541859 -0.0825401545 4.05004025
v -0.64766866 -0.0978474915 4.01771784
v -0.628474534 -0.0917162299 4.03312588
v -0.630640745 -0.0825401545 4.03887939
v -0.666158736 -0.0978474915 4.01692581
v -0.649012685 -0.0917162299 4.02689838
v -0.649910688 -0.0825401545 4.03303194
v -0.68478775 -0.0978474766 4.02348375
v -0.664744496 -0.0917162299 4.02622128
v -0.663799524 -0.0825401545 4.03243208
v -0.7096802 -0.0978475064 4.04088497
v -0.680710196 -0.0917162225 4.03184223
v -0.677985609 -0.0825401396 4.03742695
v -0.742664576 -0.0978475064 4.07060575
v -0.704036355 -0.0917162448 4.04815197
v -0.700265348 -0.0825401619 4.0530076
v -0.78316772 -0.0978474915 4.10824442
v -0.736477256 -0.0917162448 4.07738829
v -0.732342958 -0.0825401619 4.08191967
v -0.830781281 -0.0978475213 4.1466589
v -0.777135313 -0.0917162374 4.1151762
v -0.773104608 -0.0825401545 4.1198082
v -0.886357188 -0.0978475213 4.17690229
v -0.825602889 -0.0917162597 4.15428638
v -0.822142839 -0.0825401768 4.15938282
v -0.949181616 -0.0978475213 4.18661737
v -0.883259416 -0.0917162597 4.18566847
v -0.881189466 -0.0825401768 4.19152546
v -1.00801957 -0.0978475213 4.16772652
v -0.949883819 -0.0917162597 4.19597578
v -0.950352967 -0.0825401768 4.20222855
v -1.05102217 -0.0978474915 4.1298275
v -1.01272547 -0.0917162597 4.17579937
v -1.01586986 -0.0825401768 4.18119335
v -1.0791136 -0.0978474915 4.08504248
v -1.0581373 -0.0917162374 4.13577414
v -1.06289136 -0.0825401545 4.1397481
v -1.09423888 -0.0978475064 4.03568554
v -1.08752453 -0.0917162374 4.08891916
v -1.09314477 -0.0825401545 4.09150982
v -1.09186757 -0.0978475064 3.98293138
v -1.10345137 -0.0917162448 4.03694201
v -1.10960686 -0.0825401619 4.03778124
v -1.06860745 -0.0978474766 3.93529916
v -1.10091722 -0.0917162448 3.98062944
v -1.10696387 -0.0825401619 3.97909141
v -1.03238153 -0.0978474766 3.90028882
v -1.07606518 -0.0917162225 3.9297514
v -1.08104825 -0.0825401396 3.92604423
v -0.99392724 -0.0978444219 3.87681365
v -1.0379535 -0.0917162225 3.89292955
v -1.04167688 -0.0825401396 3.88801193
v -0.963192284 -0.0978474915 3.86223269
v -0.998262644 -0.0917131677 3.86870813
v -1.00115943 -0.0825370848 3.86329222
v -0.947349191 -0.0978474915 3.85468817
v -0.967419267 -0.0917162299 3.8540833
v -0.970243692 -0.082540147 3.84863806
v -0.939061403 -0.0978474617 3.84464049
v -0.953320622 -0.0917162299 3.84737563
v -0.957310677 -0.082540147 3.84248948
v -0.925770283 -0.0978474617 3.81205583
v -0.946946979 -0.0917162076 3.83965206
v -0.952216029 -0.0825401247 3.83631873
v -0.905716777 -0.0978474766 3.74907732
v -0.934368253 -0.0917162076 3.80881453
v -0.940113246 -0.0825401247 3.80664873
v -0.877575994 -0.0978474617 3.66455579
v -0.914441407 -0.091716215 3.74623299
v -0.92027092 -0.0825401321 3.74433231
v -0.837898374 -0.0978474468 3.57325029
v -0.886157036 -0.0917162001 3.66127992
v -0.891890764 -0.0825401172 3.65909123
v -0.784799457 -0.097847417 3.48765469
v -0.846051574 -0.0917161852 3.56898952
v -0.851499438 -0.0825401023 3.56614256
v -0.719784737 -0.0978474319 3.4150207
v -0.792172909 -0.0917161629 3.48213696
v -0.79709971 -0.08254008 3.47845006
v -0.647651792 -0.0978443772 3.35696101
v -0.72611618 -0.0917161703 3.40833902
v -0.730346739 -0.0825400949 3.40387464
v -0.65294385 -0.0917131081 3.3494432
v -0.57481271 -0.097847417 3.31220627
v -0.537282825 -0.0978473723 3.25060153
v -0.51806891 -0.0917161331 3.26763749
v -0.570990622 -0.0978473723 3.23775697
v -0.540887713 -0.0917161182 3.25905442
v -0.596553981 -0.0978473723 3.23126674
v -0.573752463 -0.0917161182 3.24653125
v -0.617360592 -0.0978473723 3.22884631
v -0.575597882 -0.0825400352 3.2523942
v -0.598244965 -0.0917161182 3.24031425
v -0.641184688 -0.0978473723 3.22693563
v -0.599374831 -0.0825400352 3.24635959
v -0.618258774 -0.0917161182 3.23798776
v -0.672489822 -0.0978473723 3.21978498
v -0.599771559 -0.0717161223 3.24848223
v -0.642482519 -0.0917161182 3.23604751
v -0.618858993 -0.0825400352 3.24409604
v -0.619069755 -0.0717161223 3.24624109
v -0.706950128 -0.0978473872 3.2017262
v -0.675651491 -0.0917161182 3.22847438
v -0.643349648 -0.0825400352 3.24213576
v -0.643654168 -0.0717161223 3.2442739
v -0.740463912 -0.0978473872 3.17334056
v -0.712153494 -0.0917161256 3.2093482
v -0.677764058 -0.0825400352 3.23428035
v -0.678505898 -0.0717161223 3.2363193
v -0.715630233 -0.0825400427 3.21444106
v -0.773492217 -0.0978473872 3.13709688
v -0.746878207 -0.0917161256 3.17993999
v -0.751164079 -0.0825400427 3.1843493
v -0.804613769 -0.0978473574 3.09669709
v -0.780543745 -0.0917161256 3.14300084
v -0.785255432 -0.0825400427 3.14694571
v -0.830565512 -0.0978473723 3.05634737
v -0.812128067 -0.0917161033 3.1020062
v -0.817148924 -0.0825400203 3.10555387
v -0.848974943 -0.0978473723 3.01657963
v -0.838616848 -0.0917161107 3.06083107
v -0.843996525 -0.0825400278 3.06382704
v -0.856232405 -0.0978473425 2.97367358
v -0.857770324 -0.0917161107 3.01947212
v -0.863647223 -0.0825400278 3.02140474
v -0.844005227 -0.0978473425 2.92918897
v -0.865571618 -0.0917160884 2.97339368
v -0.871811867 -0.0825400054 2.97320652
v -0.812736511 -0.0978473425 2.89672804
v -0.852136075 -0.0917160884 2.92450404
v -0.857568979 -0.0825400054 2.92137361
v -0.77444458 -0.0978473574 2.87950778
v -0.817921996 -0.0917160884 2.8889935
v -0.821386814 -0.0825400054 2.8838253
v -0.732190609 -0.0978473574 2.87073684
v -0.7771855 -0.0917160958 2.87068295
v -0.779016912 -0.0825400129 2.86478639
v -0.685019672 -0.0978473574 2.86719561
v -0.733445823 -0.0917160958 2.86161089
v -0.734284461 -0.0825400129 2.8555131
v -0.634517014 -0.0978473574 2.86914229
v -0.685188532 -0.0917160958 2.85799384
v -0.685301423 -0.0825400129 2.8518455
v -0.584476829 -0.0978473574 2.87829041
v -0.633526146 -0.0917160958 2.85998988
v -0.632863998 -0.0825400129 2.85387421
v -0.538698077 -0.0978473425 2.89601994
v -0.58199513 -0.0917160958 2.86941457
v -0.580336928 -0.0825400129 2.86348391
v -0.500600576 -0.0978473425 2.92160225
v -0.534439325 -0.0917160884 2.88783717
v -0.53159374 -0.0825400054 2.88236928
v -0.471739769 -0.0978473425 2.95120263
v -0.494677603 -0.0917160884 2.91454291
v -0.490720034 -0.0825400054 2.90982604
v -0.450744987 -0.0978443101 2.97981763
v -0.464697719 -0.0917160884 2.94529915
v -0.459992468 -0.0825400054 2.94135475
v -0.434228361 -0.0978473723 3.00393653
v -0.443261147 -0.0917130485 2.97452736
v -0.438260674 -0.0825369656 2.97099233
v -0.418097138 -0.0978473574 3.02338433
v -0.426932812 -0.0917161107 2.99838376
v -0.422058105 -0.0825400278 2.99467349
v -0.399509788 -0.0978443325 3.03946376
v -0.411558747 -0.0917161033 3.01693106
v -0.407189906 -0.0825400203 3.01261902
v -0.378614604 -0.0978443325 3.05185294
v -0.394152105 -0.0917130709 3.03200078
v -0.390572309 -0.0825369954 3.02701449
v -0.359192908 -0.0978473872 3.05897403
v -0.374724507 -0.0917130709 3.04353213
v -0.372125208 -0.082536988 3.03797269
v -0.345514596 -0.0978473872 3.06090999
v -0.357186496 -0.0917161256 3.0499754
v -0.355845869 -0.0825400501 3.04396272
v -0.335437417 -0.0978473872 3.06061506
v -0.346097529 -0.0917161256 3.05155492
v -0.346486986 -0.0825400427 3.04530382
v -0.32658565 -0.0978473574 3.04678822
v -0.340538859 -0.0917161182 3.05139327
v -0.34394753 -0.0825400352 3.04523134
v -0.320583284 -0.0978473574 3.03083086
v -0.334678054 -0.0917161033 3.04223609
v -0.340085268 -0.0825400203 3.03919435
v -0.317098975 -0.0978473723 3.00872231
v -0.32946825 -0.0917161033 3.02836967
v -0.335404932 -0.0825400203 3.02672529
v -0.317608595 -0.0978473425 2.981987
v -0.326271176 -0.0917161107 3.00804591
v -0.332399905 -0.0825400278 3.00759387
v -0.322638333 -0.0978473425 2.95159006
v -0.326757789 -0.0917160884 2.98279738
v -0.332871079 -0.0825400054 2.98333907
v -0.332122624 -0.0978473574 2.9176383
v -0.331601143 -0.0917160884 2.95355392
v -0.33758992 -0.0825400054 2.95486617
v -0.345046163 -0.0978473276 2.87912488
v -0.340888739 -0.0917160958 2.92031908
v -0.346746027 -0.0825400129 2.92211056
v -0.358499765 -0.0978473425 2.83417082
v -0.353780031 -0.0917160735 2.88191009
v -0.359615862 -0.0825399905 2.88377094
v -0.36688894 -0.0978442729 2.78220987
v -0.367446899 -0.0917160809 2.83624983
v -0.373425186 -0.082539998 2.83763885
v -0.366003692 -0.0978473127 2.72653484
v -0.376065373 -0.0917130113 2.78287506
v -0.382196903 -0.0825369358 2.78331947
v -0.357500792 -0.0978473276 2.67225194
v -0.37515676 -0.0917160586 2.72572684
v -0.381272674 -0.0825399756 2.72518682
v -0.347240269 -0.0978472978 2.62343836
v -0.366518617 -0.091716066 2.67058516
v -0.372544169 -0.0825399831 2.6694715
v -0.340353191 -0.0978473127 2.58241272
v -0.356251359 -0.0917160437 2.62174606
v -0.362272382 -0.0825399607 2.62061524
v -0.33858186 -0.0978473127 2.54955196
v -0.349481165 -0.0917160511 2.581429
v -0.35558027 -0.0825399682 2.58077168
v -0.341067374 -0.0978472978 2.52429581
v -0.347773075 -0.0917160511 2.54979181
v -0.35391444 -0.0825399682 2.54995203
v -0.346152127 -0.097844243 2.50624204
v -0.350100636 -0.0917160362 2.52610803
v -0.356136501 -0.0825399607 2.52731919
v -0.354661047 -0.0978472978 2.49221301
v -0.354621291 -0.0917129815 2.5100472
v -0.360280156 -0.082536906 2.51258969
v -0.3734622 -0.097844243 2.47549295
v -0.361849666 -0.0917160362 2.49812722
v -0.366652966 -0.0825399533 2.50207877
v -0.409699202 -0.097847268 2.45273852
v -0.379085422 -0.0917129815 2.48280001
v -0.38284272 -0.082536906 2.48768234
v -0.461591303 -0.0978472829 2.4253757
v -0.414313257 -0.0917160138 2.46068072
v -0.417396247 -0.0825399309 2.46598768
v -0.52001965 -0.0978472829 2.39577246
v -0.465809703 -0.0917160213 2.43352866
v -0.468628287 -0.0825399384 2.43897653
v -0.574488282 -0.0978472531 2.36568999
v -0.524309099 -0.0917160213 2.4038918
v -0.527175188 -0.0825399384 2.40931702
v -0.619348943 -0.0978472531 2.33450627
v -0.579316616 -0.0917159989 2.37351441
v -0.582542717 -0.082539916 2.37874269
v -0.652709961 -0.097847268 2.29928708
v -0.625311613 -0.0917159989 2.3415463
v -0.629295766 -0.082539916 2.34625006
v -0.672580421 -0.097847268 2.2588594
v -0.660286307 -0.0917160064 2.30462813
v -0.665348649 -0.0825399235 2.30819702
v -0.677969337 -0.0978441983 2.21763611
v -0.681471288 -0.0917160064 2.26153135
v -0.687411964 -0.0825399235 2.26331687
v -0.687232196 -0.0917129368 2.21746922
v -0.672066092 -0.0978472382 2.17998433
v -0.498778105 -0.100000009 0.300000012
v 0.512640953 -0.100000009 0.300000012
v 0.539455354 -0.100000009 0.240363002
v -0.52559334 -0.100000009 0.24035421
v 0.527556062 -0.100000009 0.221965849
v 0.542868376 -0.100000009 0.231807441
v 0.546256781 -0.100000009 0.221523672
v 0.54910475 -0.100000009 0.211077332
v 0.550978661 -0.100000009 0.202058762
v -0.513693273 -0.100000009 0.221957102
v -0.529006004 -0.100000009 0.23179853
v -0.532394111 -0.100000009 0.221514687
v -0.535241902 -0.100000009 0.211068302
v -0.537115753 -0.100000009 0.202049732
v 0.557208896 -0.100000009 0.163914263
v -0.543346167 -0.100000009 0.163904339
v 0.540210545 -0.100000009 0.143914089
v 0.558210313 -0.100000009 0.154738188
v 0.558561981 -0.100000009 0.143914267
v 0.558210313 -0.100000009 0.133090347
v 0.557208955 -0.100000009 0.123914272
v -0.526347816 -0.100000009 0.143904507
v -0.544347584 -0.100000009 0.154728249
v -0.544699252 -0.100000009 0.143904313
v -0.544347584 -0.100000009 0.133080393
v -0.543346167 -0.100000009 0.123904333
v 0.550978601 -0.100000009 0.0857688189
v -0.537115812 -0.100000009 0.0857597142
v 0.527556181 -0.100000009 0.0658615083
v 0.54910475 -0.100000009 0.0767502487
v 0.546257138 -0.100000009 0.0663038045
v 0.54286927 -0.100000009 0.0560198724
v 0.539456964 -0.100000009 0.0474640727
v -0.513693333 -0.100000009 0.0658527464
v -0.535241961 -0.100000009 0.076741159
v -0.53239435 -0.100000009 0.0662947297
v -0.529006481 -0.100000009 0.0560107976
v -0.525594115 -0.100000009 0.047454983
v -0.498778105 -0.100000009 0.00176391006
v 0.512640893 -0.100000009 0.00176391006
v 0.512640953 0.100000009 0.300000012
v 0.512640953 -0.100000009 0.300000012
v 0.77113539 -0.100000009 0.300000012
v 0.77113539 0.100000009 0.300000012
v 0.811899841 0.100000009 0.300000012
v 0.811899841 -0.100000009 0.300000012
v 0.822127879 0.0978469998 0.300000012
v 0.822127879 -0.0978469998 0.300000012
v 0.830798805 0.0917157382 0.300000012
v 0.830798805 -0.0917157382 0.300000012
v 0.836592436 0.0825396627 0.300000012
v 0.836592436 -0.0825396627 0.300000012
v 0.838626862 0.0717157423 0.300000012
v 0.838626862 -0.0717157423 0.300000012
v -0.767586768 0.100000009 0.300000012
v -0.498778105 -0.100000009 0.300000012
v -0.498778105 0.100000009 0.300000012
v -0.767586768 -0.100000009 0.300000012
v -0.809926212 -0.100000009 0.300000012
v -0.809926212 0.100000009 0.300000012
v -0.820112109 -0.0978469849 0.300000012
v -0.820112109 0.0978469849 0.300000012
v -0.828747153 -0.0917157307 0.300000012
v -0.828747153 0.0917157307 0.300000012
v -0.834517062 -0.0825396478 0.300000012
v -0.834517062 0.0825396478 0.300000012
v -0.836543024 -0.0717157349 0.300000012
v -0.836543024 0.0717157349 0.300000012
v 0.699999988 0.699999988 0.299999952
v 0.699999988 0.250000179 0.299999952
v 0.474582851 0.0763333216 0.299999952
v 0.25000003 0.699999988 0.299999952
v 0.699999988 0.250000179 0.299999952
v 0.474582851 0 0.299999952
v 0.949999988 0 0.299999952
v 0.25000003 0.699999988 0.149999976
v 0.699999988 0.699999988 0.149999976
v 0.699999988 0.699999988 0.299999952
v 0.25000003 0.699999988 0.299999952
v -0 0.949999988 0.149999976
v 0.25000003 0.699999988 0.149999976
v 0.25000003 0.699999988 0.299999952
v -0 0.949999988 0.299999952
v 0.25000003 0.699999988 0.299999952
v 0.474582851 0.0763333216 0.299999952
v -0 0.0763333216 0.299999952
v -0 0.949999988 0.299999952
v 0.699999988 0.699999988 0.149999976
v 0.699999988 0.249999866 0.149999976
v 0.699999988 0.250000179 0.299999952
v 0.699999988 0.699999988 0.299999952
v 0.699999988 0.249999866 0.149999976
v 0.949999988 0 0.149999976
v 0.949999988 0 0.299999952
v 0.699999988 0.250000179 0.299999952
v 0.474582851 0 0.149999976
v 0.474582851 0.0763333216 0.149999976
v 0.474582851 0.0763333216 0.299999952
v 0.474582851 0 0.299999952
v -0 0.0763333216 0.299999952
v 0.474582851 0.0763333216 0.299999952
v 0.474582851 0.0763333216 0.149999976
v -0 0.0763333216 0.149999976
v -0.474582851 0.0763333216 0.149999976
v -0.474582851 0.0763333216 0.299999952
v -0 0.0763333216 -1.49011612E-08
v 0.474582851 0.0763333216 -1.49011612E-08
v -0.474582851 0.0763333216 -1.49011612E-08
v -0.699999988 0.699999988 0.299999952
v -0.474582851 0.0763333216 0.299999952
v -0.699999988 0.250000179 0.299999952
v -0.25000003 0.699999988 0.299999952
v -0 0.0763333216 0.299999952
v -0 0.949999988 0.299999952
v -0.25000003 0.699999988 0.149999976
v -0.25000003 0.699999988 0.299999952
v -0.699999988 0.699999988 0.299999952
v -0.699999988 0.699999988 0.149999976
v -0 0.949999988 0.149999976
v -0 0.949999988 0.299999952
v -0.25000003 0.699999988 0.299999952
v -0.25000003 0.699999988 0.149999976
v -0.699999988 0.699999988 0.149999976
v -0.699999988 0.699999988 0.299999952
v -0.699999988 0.250000179 0.299999952
v -0.699999988 0.249999866 0.149999976
v -0.699999988 0.249999866 0.149999976
v -0.699999988 0.250000179 0.299999952
v -0.949999988 0 0.299999952
v -0.949999988 0 0.149999976
v -0.474582851 0 0.149999976
v -0.474582851 0 0.299999952
v -0.474582851 0.0763333216 0.299999952
v -0.474582851 0.0763333216 0.149999976
v -0.699999988 0.250000179 0.299999952
v -0.474582851 0.0763333216 0.299999952
v -0.474582851 0 0.299999952
v -0.949999988 0 0.299999952
v 0.699999988 -0.699999988 0.299999952
v 0.474582851 -0.0763333216 0.299999952
v 0.699999988 -0.250000179 0.299999952
v 0.25000003 -0.699999988 0.299999952
v -0 -0.0763333216 0.299999952
v -0 -0.949999988 0.299999952
v 0.25000003 -0.699999988 0.149999976
v 0.25000003 -0.699999988 0.299999952
v 0.699999988 -0.699999988 0.299999952
v 0.699999988 -0.699999988 0.149999976
v -0 -0.949999988 0.149999976
v -0 -0.949999988 0.299999952
v 0.25000003 -0.699999988 0.299999952
v 0.25000003 -0.699999988 0.149999976
v 0.699999988 -0.699999988 0.149999976
v 0.699999988 -0.699999988 0.299999952
v 0.699999988 -0.250000179 0.299999952
v 0.699999988 -0.249999866 0.149999976
v 0.699999988 -0.249999866 0.149999976
v 0.699999988 -0.250000179 0.299999952
v 0.949999988 0 0.299999952
v 0.949999988 0 0.149999976
v 0.474582851 0 0.149999976
v 0.474582851 0 0.299999952
v 0.474582851 -0.0763333216 0.299999952
v 0.474582851 -0.0763333216 0.149999976
v -0 -0.0763333216 0.299999952
v 0.474582851 -0.0763333216 0.149999976
v 0.474582851 -0.0763333216 0.299999952
v -0 -0.0763333216 0.149999976
v -0.474582851 -0.0763333216 0.149999976
v -0.474582851 -0.0763333216 0.299999952
v -0 -0.0763333216 -1.49011612E-08
v 0.474582851 -0.0763333216 -1.49011612E-08
v -0.474582851 -0.0763333216 -1.49011612E-08
v 0.699999988 -0.250000179 0.299999952
v 0.474582851 -0.0763333216 0.299999952
v 0.474582851 0 0.299999952
v 0.949999988 0 0.299999952
v -0.699999988 -0.699999988 0.299999952
v -0.699999988 -0.250000179 0.299999952
v -0.474582851 -0.0763333216 0.299999952
v -0.25000003 -0.699999988 0.299999952
v -0.699999988 -0.250000179 0.299999952
v -0.474582851 0 0.299999952
v -0.949999988 0 0.299999952
v -0.25000003 -0.699999988 0.149999976
v -0.699999988 -0.699999988 0.149999976
v -0.699999988 -0.699999988 0.299999952
v -0.25000003 -0.699999988 0.299999952
v -0 -0.949999988 0.149999976
v -0.25000003 -0.699999988 0.149999976
v -0.25000003 -0.699999988 0.299999952
v -0 -0.949999988 0.299999952
v -0.25000003 -0.699999988 0.299999952
v -0.474582851 -0.0763333216 0.299999952
v -0 -0.0763333216 0.299999952
v -0 -0.949999988 0.299999952
v -0.699999988 -0.699999988 0.149999976
v -0.699999988 -0.249999866 0.149999976
v -0.699999988 -0.250000179 0.299999952
v -0.699999988 -0.699999988 0.299999952
v -0.699999988 -0.249999866 0.149999976
v -0.949999988 0 0.149999976
v -0.949999988 0 0.299999952
v -0.699999988 -0.250000179 0.299999952
v -0.474582851 0 0.149999976
v -0.474582851 -0.0763333216 0.149999976
v -0.474582851 -0.0763333216 0.299999952
v -0.474582851 0 0.299999952
v 0.699999988 0.699999988 -1.49011612E-08
v 0.474582851 0.0763333216 -1.49011612E-08
v 0.699999988 0.250000179 -1.49011612E-08
v 0.25000003 0.699999988 -1.49011612E-08
v -0 0.0763333216 -1.49011612E-08
v -0 0.949999988 -1.49011612E-08
v 0.25000003 0.699999988 0.149999976
v 0.25000003 0.699999988 -1.49011612E-08
v 0.699999988 0.699999988 -1.49011612E-08
v 0.699999988 0.699999988 0.149999976
v -0 0.949999988 0.149999976
v -0 0.949999988 -1.49011612E-08
v 0.25000003 0.699999988 -1.49011612E-08
v 0.25000003 0.699999988 0.149999976
v 0.699999988 0.699999988 0.149999976
v 0.699999988 0.699999988 -1.49011612E-08
v 0.699999988 0.250000179 -1.49011612E-08
v 0.699999988 0.249999866 0.149999976
v 0.699999988 0.249999866 0.149999976
v 0.699999988 0.250000179 -1.49011612E-08
v 0.949999988 0 -1.49011612E-08
v 0.949999988 0 0.149999976
v 0.474582851 0 0.149999976
v 0.474582851 0 -1.49011612E-08
v 0.474582851 0.0763333216 -1.49011612E-08
v 0.474582851 0.0763333216 0.149999976
v 0.699999988 0.250000179 -1.49011612E-08
v 0.474582851 0.0763333216 -1.49011612E-08
v 0.474582851 0 -1.49011612E-08
v 0.949999988 0 -1.49011612E-08
v -0.699999988 0.699999988 -1.49011612E-08
v -0.699999988 0.250000179 -1.49011612E-08
v -0.474582851 0.0763333216 -1.49011612E-08
v -0.25000003 0.699999988 -1.49011612E-08
v -0.699999988 0.250000179 -1.49011612E-08
v -0.474582851 0 -1.49011612E-08
v -0.949999988 0 -1.49011612E-08
v -0.25000003 0.699999988 0.149999976
v -0.699999988 0.699999988 0.149999976
v -0.699999988 0.699999988 -1.49011612E-08
v -0.25000003 0.699999988 -1.49011612E-08
v -0 0.949999988 0.149999976
v -0.25000003 0.699999988 0.149999976
v -0.25000003 0.699999988 -1.49011612E-08
v -0 0.949999988 -1.49011612E-08
v -0.25000003 0.699999988 -1.49011612E-08
v -0.474582851 0.0763333216 -1.49011612E-08
v -0 0.0763333216 -1.49011612E-08
v -0 0.949999988 -1.49011612E-08
v -0.699999988 0.699999988 0.149999976
v -0.699999988 0.249999866 0.149999976
v -0.699999988 0.250000179 -1.49011612E-08
v -0.699999988 0.699999988 -1.49011612E-08
v -0.699999988 0.249999866 0.149999976
v -0.949999988 0 0.149999976
v -0.949999988 0 -1.49011612E-08
v -0.699999988 0.250000179 -1.49011612E-08
v -0.474582851 0 0.149999976
v -0.474582851 0.0763333216 0.149999976
v -0.474582851 0.0763333216 -1.49011612E-08
v -0.474582851 0 -1.49011612E-08
v 0.699999988 -0.699999988 -1.49011612E-08
v 0.699999988 -0.250000179 -1.49011612E-08
v 0.474582851 -0.0763333216 -1.49011612E-08
v 0.25000003 -0.699999988 -1.49011612E-08
v 0.699999988 -0.250000179 -1.49011612E-08
v 0.474582851 0 -1.49011612E-08
v 0.949999988 0 -1.49011612E-08
v 0.25000003 -0.699999988 0.149999976
v 0.699999988 -0.699999988 0.149999976
v 0.699999988 -0.699999988 -1.49011612E-08
v 0.25000003 -0.699999988 -1.49011612E-08
v -0 -0.949999988 0.149999976
v 0.25000003 -0.699999988 0.149999976
v 0.25000003 -0.699999988 -1.49011612E-08
v -0 -0.949999988 -1.49011612E-08
v 0.25000003 -0.699999988 -1.49011612E-08
v 0.474582851 -0.0763333216 -1.49011612E-08
v -0 -0.0763333216 -1.49011612E-08
v -0 -0.949999988 -1.49011612E-08
v 0.699999988 -0.699999988 0.149999976
v 0.699999988 -0.249999866 0.149999976
v 0.699999988 -0.250000179 -1.49011612E-08
v 0.699999988 -0.699999988 -1.49011612E-08
v 0.699999988 -0.249999866 0.149999976
v 0.949999988 0 0.149999976
v 0.949999988 0 -1.49011612E-08
v 0.699999988 -0.250000179 -1.49011612E-08
v 0.474582851 0 0.149999976
v 0.474582851 -0.0763333216 0.149999976
v 0.474582851 -0.0763333216 -1.49011612E-08
v 0.474582851 0 -1.49011612E-08
v -0.699999988 -0.699999988 -1.49011612E-08
v -0.474582851 -0.0763333216 -1.49011612E-08
v -0.699999988 -0.250000179 -1.49011612E-08
v -0.25000003 -0.699999988 -1.49011612E-08
v -0 -0.0763333216 -1.49011612E-08
v -0 -0.949999988 -1.49011612E-08
v -0.25000003 -0.699999988 0.149999976
v -0.25000003 -0.699999988 -1.49011612E-08
v -0.699999988 -0.699999988 -1.49011612E-08
v -0.699999988 -0.699999988 0.149999976
v -0 -0.949999988 0.149999976
v -0 -0.949999988 -1.49011612E-08
v -0.25000003 -0.699999988 -1.49011612E-08
v -0.25000003 -0.699999988 0.149999976
v -0.699999988 -0.699999988 0.149999976
v -0.699999988 -0.699999988 -1.49011612E-08
v -0.699999988 -0.250000179 -1.49011612E-08
v -0.699999988 -0.249999866 0.149999976
v -0.699999988 -0.249999866 0.149999976
v -0.699999988 -0.250000179 -1.49011612E-08
v -0.949999988 0 -1.49011612E-08
v -0.949999988 0 0.149999976
v -0.474582851 0 0.149999976
v -0.474582851 0 -1.49011612E-08
v -0.474582851 -0.0763333216 -1.49011612E-08
v -0.474582851 -0.0763333216 0.149999976
v -0.699999988 -0.250000179 -1.49011612E-08
v -0.474582851 -0.0763333216 -1.49011612E-08
v -0.474582851 0 -1.49011612E-08
v -0.949999988 0 -1.49011612E-08
vt 0.159179688 0.0185699463
vt 0.159179688 0.00157260895
vt 0.286132812 0.00157260895
vt 0.681640625 0.00157260895
vt 0.798828125 0.00157260895
vt 0.797363281 0.00724029541
vt 0.793945312 0.0129547119
vt 0.790039062 0.0187225342
vt 0.159179688 0.0331115723
vt 0.78515625 0.0245056152
vt 0.779785156 0.0303039551
vt 0.766601562 0.0418395996
vt 0.159057617 0.0455322266
vt 0.734863281 0.0639648438
vt 0.158691406 0.0561828613
vt 0.151977539 0.0822753906
vt 0.703125 0.083190918
vt 0.676757812 0.0975341797
vt 0.134887695 0.101867676
vt 0.659667969 0.106384277
vt 0.109985352 0.116333008
vt 0.650390625 0.111022949
vt 0.645996094 0.113952637
vt 0.64453125 0.118286133
vt 0.644042969 0.127685547
vt 0.0829467773 0.126831055
vt 0.644042969 0.140991211
vt 0.0580749512 0.134765625
vt 0.0378112793 0.142333984
vt 0.644042969 0.166259766
vt 0.0231018066 0.151367188
vt 0.0145645142 0.161987305
vt 0.0123519897 0.172729492
vt 0.64453125 0.19543457
vt 0.0161590576 0.181396484
vt 0.0248565674 0.187133789
vt 0.0364990234 0.190917969
vt 0.0487365723 0.195068359
vt 0.059753418 0.200683594
vt 0.645019531 0.221313477
vt 0.068359375 0.208618164
vt 0.0740966797 0.21862793
vt 0.0770263672 0.23034668
vt 0.645019531 0.239501953
vt 0.0778808594 0.243164062
vt 0.64453125 0.249633789
vt 0.0778198242 0.256103516
vt 0.642089844 0.255126953
vt 0.637695312 0.259033203
vt 0.0783081055 0.268554688
vt 0.631347656 0.262451172
vt 0.624511719 0.265869141
vt 0.617675781 0.268554688
vt 0.61328125 0.271240234
vt 0.0806884766 0.279785156
vt 0.612304688 0.274902344
vt 0.616210938 0.280273438
vt 0.0861206055 0.2890625
vt 0.623535156 0.287109375
vt 0.633300781 0.294433594
vt 0.0950317383 0.296386719
vt 0.643554688 0.30078125
vt 0.106567383 0.301513672
vt 0.653808594 0.305419922
vt 0.119140625 0.305175781
vt 0.131225586 0.308105469
vt 0.666015625 0.307861328
vt 0.680175781 0.308349609
vt 0.142333984 0.310791016
vt 0.854980469 0.314208984
vt 0.15234375 0.314208984
vt 0.161621094 0.318847656
vt 0.869140625 0.321533203
vt 0.170776367 0.324707031
vt 0.885742188 0.329589844
vt 0.180053711 0.332275391
vt 0.902832031 0.337890625
vt 0.190185547 0.340576172
vt 0.917480469 0.345458984
vt 0.201171875 0.348876953
vt 0.927734375 0.352050781
vt 0.213012695 0.356689453
vt 0.934570312 0.357666016
vt 0.843261719 0.308105469
vt 0.697265625 0.306884766
vt 0.717285156 0.304199219
vt 0.833007812 0.302978516
vt 0.73828125 0.30078125
vt 0.822753906 0.298583984
vt 0.759277344 0.297363281
vt 0.810546875 0.295654297
vt 0.779296875 0.295166016
vt 0.796386719 0.294433594
vt 0.225097656 0.36328125
vt 0.937988281 0.362548828
vt 0.938476562 0.368408203
vt 0.236328125 0.368164062
vt 0.244995117 0.371826172
vt 0.935546875 0.377929688
vt 0.25 0.375
vt 0.251464844 0.377929688
vt 0.251464844 0.381347656
vt 0.9296875 0.393554688
vt 0.251953125 0.385986328
vt 0.255371094 0.392089844
vt 0.264404297 0.400146484
vt 0.919921875 0.416015625
vt 0.279785156 0.41015625
vt 0.300048828 0.420898438
vt 0.907714844 0.442871094
vt 0.321289062 0.431884766
vt 0.338378906 0.441162109
vt 0.348388672 0.448486328
vt 0.895019531 0.46875
vt 0.350585938 0.453857422
vt 0.346435547 0.457763672
vt 0.337158203 0.460449219
vt 0.32421875 0.462402344
vt 0.309082031 0.463134766
vt 0.255126953 0.463867188
vt 0.293212891 0.462890625
vt 0.265380859 0.462646484
vt 0.278320312 0.462402344
vt 0.247924805 0.466552734
vt 0.242675781 0.470703125
vt 0.883300781 0.490478516
vt 0.239257812 0.475830078
vt 0.237792969 0.481689453
vt 0.239013672 0.487792969
vt 0.243652344 0.493896484
vt 0.872070312 0.506347656
vt 0.253173828 0.5
vt 0.268066406 0.506835938
vt 0.859863281 0.518066406
vt 0.288085938 0.513671875
vt 0.310791016 0.521484375
vt 0.845214844 0.525878906
vt 0.33203125 0.528320312
vt 0.827636719 0.531738281
vt 0.348388672 0.53515625
vt 0.80859375 0.536621094
vt 0.359375 0.541503906
vt 0.788574219 0.540527344
vt 0.769042969 0.543945312
vt 0.365722656 0.548339844
vt 0.750976562 0.547851562
vt 0.734863281 0.551757812
vt 0.369140625 0.556152344
vt 0.721679688 0.556152344
vt 0.370605469 0.564941406
vt 0.710449219 0.562011719
vt 0.700683594 0.568359375
vt 0.369873047 0.574707031
vt 0.692382812 0.575683594
vt 0.366943359 0.586425781
vt 0.686523438 0.583007812
vt 0.682617188 0.589355469
vt 0.362792969 0.598632812
vt 0.681640625 0.594238281
vt 0.68359375 0.598632812
vt 0.359863281 0.610839844
vt 0.6875 0.603027344
vt 0.693847656 0.606933594
vt 0.703613281 0.610351562
vt 0.716796875 0.61328125
vt 0.359375 0.623046875
vt 0.733886719 0.615234375
vt 0.75390625 0.616699219
vt 0.775390625 0.6171875
vt 0.797851562 0.6171875
vt 0.987792969 0.622558594
vt 0.8203125 0.616210938
vt 0.841796875 0.613769531
vt 0.983398438 0.634277344
vt 0.362304688 0.633789062
vt 0.3671875 0.644042969
vt 0.970703125 0.645996094
vt 0.372314453 0.653808594
vt 0.946777344 0.659667969
vt 0.376464844 0.663574219
vt 0.985839844 0.610839844
vt 0.862304688 0.609375
vt 0.883300781 0.603515625
vt 0.979003906 0.600585938
vt 0.904785156 0.59765625
vt 0.966308594 0.59375
vt 0.927246094 0.593261719
vt 0.948730469 0.591308594
vt 0.91015625 0.676757812
vt 0.378662109 0.672851562
vt 0.37890625 0.682128906
vt 0.865234375 0.695800781
vt 0.376953125 0.690429688
vt 0.372558594 0.697265625
vt 0.818359375 0.715332031
vt 0.365966797 0.703125
vt 0.357421875 0.706542969
vt 0.347412109 0.708007812
vt 0.206787109 0.712402344
vt 0.3359375 0.707519531
vt 0.323974609 0.704589844
vt 0.217041016 0.718261719
vt 0.776367188 0.732421875
vt 0.225585938 0.721191406
vt 0.19543457 0.704589844
vt 0.312255859 0.700195312
vt 0.233520508 0.722167969
vt 0.184326172 0.6953125
vt 0.302246094 0.694824219
vt 0.293945312 0.688476562
vt 0.175415039 0.686035156
vt 0.287109375 0.681640625
vt 0.169799805 0.678710938
vt 0.280029297 0.675292969
vt 0.16796875 0.672363281
vt 0.271484375 0.669921875
vt 0.169921875 0.66796875
vt 0.241821289 0.72265625
vt 0.260498047 0.665039062
vt 0.175415039 0.664550781
vt 0.184814453 0.661621094
vt 0.246704102 0.661621094
vt 0.197753906 0.66015625
vt 0.230712891 0.659667969
vt 0.213623047 0.659179688
vt 0.251953125 0.723144531
vt 0.264404297 0.725585938
vt 0.279541016 0.729003906
vt 0.296142578 0.734375
vt 0.742675781 0.747070312
vt 0.311523438 0.739746094
vt 0.322753906 0.744628906
vt 0.327148438 0.748535156
vt 0.71875 0.7578125
vt 0.323242188 0.751953125
vt 0.311279297 0.755859375
vt 0.291748047 0.76171875
vt 0.704101562 0.765136719
vt 0.267089844 0.770019531
vt 0.698242188 0.770019531
vt 0.240478516 0.780273438
vt 0.700195312 0.7734375
vt 0.708984375 0.77734375
vt 0.722167969 0.781738281
vt 0.21472168 0.793945312
vt 0.73828125 0.787597656
vt 0.756347656 0.794921875
vt 0.191650391 0.810058594
vt 0.773925781 0.803710938
vt 0.790039062 0.813476562
vt 0.172851562 0.830078125
vt 0.803222656 0.82421875
vt 0.812988281 0.835449219
vt 0.158325195 0.8515625
vt 0.818847656 0.847167969
vt 0.820800781 0.858398438
vt 0.147705078 0.872070312
vt 0.818359375 0.869140625
vt 0.810546875 0.87890625
vt 0.139526367 0.888671875
vt 0.797851562 0.887695312
vt 0.78125 0.895507812
vt 0.132202148 0.899414062
vt 0.641113281 0.8984375
vt 0.762695312 0.901855469
vt 0.635742188 0.900390625
vt 0.649902344 0.899414062
vt 0.124328613 0.905273438
vt 0.663085938 0.90234375
vt 0.6328125 0.905273438
vt 0.114501953 0.908691406
vt 0.744140625 0.907226562
vt 0.679199219 0.90625
vt 0.695800781 0.909667969
vt 0.727539062 0.91015625
vt 0.711914062 0.911132812
vt 0.629882812 0.913085938
vt 0.102722168 0.912597656
vt 0.0905761719 0.916992188
vt 0.626464844 0.922851562
vt 0.217407227 0.921386719
vt 0.0806884766 0.923339844
vt 0.231079102 0.921875
vt 0.203857422 0.924316406
vt 0.0751953125 0.930175781
vt 0.190185547 0.930175781
vt 0.0747680664 0.938476562
vt 0.176025391 0.938476562
vt 0.0788574219 0.946777344
vt 0.160522461 0.947753906
vt 0.0867919922 0.955078125
vt 0.144042969 0.956542969
vt 0.0978393555 0.961425781
vt 0.127319336 0.962402344
vt 0.111572266 0.964355469
vt 0.244384766 0.924316406
vt 0.62109375 0.931640625
vt 0.380371094 0.928222656
vt 0.256835938 0.928222656
vt 0.268554688 0.932617188
vt 0.38671875 0.928710938
vt 0.373291016 0.930175781
vt 0.392822266 0.931640625
vt 0.364990234 0.934082031
vt 0.280029297 0.937988281
vt 0.354492188 0.939941406
vt 0.291503906 0.943359375
vt 0.342529297 0.945800781
vt 0.303710938 0.947753906
vt 0.329589844 0.949707031
vt 0.31640625 0.950195312
vt 0.614257812 0.938476562
vt 0.399169922 0.936523438
vt 0.405273438 0.943847656
vt 0.605957031 0.942871094
vt 0.598144531 0.9453125
vt 0.411621094 0.952636719
vt 0.591796875 0.946777344
vt 0.587402344 0.948242188
vt 0.583984375 0.950683594
vt 0.580566406 0.955078125
vt 0.418457031 0.961914062
vt 0.576660156 0.959960938
vt 0.571777344 0.96484375
vt 0.425537109 0.969726562
vt 0.56640625 0.968261719
vt 0.560546875 0.970703125
vt 0.433837891 0.975097656
vt 0.555175781 0.972167969
vt 0.550292969 0.973632812
vt 0.481445312 0.975585938
vt 0.545410156 0.976074219
vt 0.442382812 0.978515625
vt 0.485839844 0.976074219
vt 0.475830078 0.976074219
vt 0.468994141 0.977539062
vt 0.460693359 0.979003906
vt 0.451660156 0.979492188
vt 0.540527344 0.979003906
vt 0.490234375 0.978027344
vt 0.495605469 0.981933594
vt 0.534179688 0.982910156
vt 0.502441406 0.985839844
vt 0.526367188 0.986328125
vt 0.509765625 0.98828125
vt 0.518066406 0.988769531
vt 0.966308594 0.59375
vt 0.948730469 0.591308594
vt 0.927246094 0.593261719
vt 0.904785156 0.59765625
vt 0.979003906 0.600585938
vt 0.883300781 0.603515625
vt 0.985839844 0.610839844
vt 0.862304688 0.609375
vt 0.841796875 0.613769531
vt 0.987792969 0.622558594
vt 0.8203125 0.616210938
vt 0.797851562 0.6171875
vt 0.359375 0.623046875
vt 0.775390625 0.6171875
vt 0.75390625 0.616699219
vt 0.733886719 0.615234375
vt 0.716796875 0.61328125
vt 0.983398438 0.634277344
vt 0.362304688 0.633789062
vt 0.3671875 0.644042969
vt 0.970703125 0.645996094
vt 0.372314453 0.653808594
vt 0.946777344 0.659667969
vt 0.376464844 0.663574219
vt 0.359863281 0.610839844
vt 0.91015625 0.676757812
vt 0.378662109 0.672851562
vt 0.37890625 0.682128906
vt 0.703613281 0.610351562
vt 0.865234375 0.695800781
vt 0.376953125 0.690429688
vt 0.372558594 0.697265625
vt 0.693847656 0.606933594
vt 0.6875 0.603027344
vt 0.68359375 0.598632812
vt 0.818359375 0.715332031
vt 0.362792969 0.598632812
vt 0.681640625 0.594238281
vt 0.682617188 0.589355469
vt 0.365966797 0.703125
vt 0.366943359 0.586425781
vt 0.686523438 0.583007812
vt 0.692382812 0.575683594
vt 0.369873047 0.574707031
vt 0.700683594 0.568359375
vt 0.357421875 0.706542969
vt 0.370605469 0.564941406
vt 0.710449219 0.562011719
vt 0.721679688 0.556152344
vt 0.369140625 0.556152344
vt 0.734863281 0.551757812
vt 0.365722656 0.548339844
vt 0.750976562 0.547851562
vt 0.769042969 0.543945312
vt 0.359375 0.541503906
vt 0.788574219 0.540527344
vt 0.80859375 0.536621094
vt 0.348388672 0.53515625
vt 0.827636719 0.531738281
vt 0.33203125 0.528320312
vt 0.845214844 0.525878906
vt 0.310791016 0.521484375
vt 0.859863281 0.518066406
vt 0.288085938 0.513671875
vt 0.268066406 0.506835938
vt 0.872070312 0.506347656
vt 0.253173828 0.5
vt 0.243652344 0.493896484
vt 0.883300781 0.490478516
vt 0.239013672 0.487792969
vt 0.237792969 0.481689453
vt 0.239257812 0.475830078
vt 0.242675781 0.470703125
vt 0.895019531 0.46875
vt 0.247924805 0.466552734
vt 0.255126953 0.463867188
vt 0.309082031 0.463134766
vt 0.293212891 0.462890625
vt 0.265380859 0.462646484
vt 0.278320312 0.462402344
vt 0.32421875 0.462402344
vt 0.337158203 0.460449219
vt 0.346435547 0.457763672
vt 0.350585938 0.453857422
vt 0.348388672 0.448486328
vt 0.907714844 0.442871094
vt 0.338378906 0.441162109
vt 0.321289062 0.431884766
vt 0.300048828 0.420898438
vt 0.919921875 0.416015625
vt 0.279785156 0.41015625
vt 0.264404297 0.400146484
vt 0.9296875 0.393554688
vt 0.255371094 0.392089844
vt 0.251953125 0.385986328
vt 0.251464844 0.381347656
vt 0.935546875 0.377929688
vt 0.251464844 0.377929688
vt 0.25 0.375
vt 0.244995117 0.371826172
vt 0.938476562 0.368408203
vt 0.236328125 0.368164062
vt 0.225097656 0.36328125
vt 0.937988281 0.362548828
vt 0.934570312 0.357666016
vt 0.213012695 0.356689453
vt 0.927734375 0.352050781
vt 0.201171875 0.348876953
vt 0.917480469 0.345458984
vt 0.190185547 0.340576172
vt 0.902832031 0.337890625
vt 0.180053711 0.332275391
vt 0.885742188 0.329589844
vt 0.170776367 0.324707031
vt 0.869140625 0.321533203
vt 0.161621094 0.318847656
vt 0.854980469 0.314208984
vt 0.15234375 0.314208984
vt 0.142333984 0.310791016
vt 0.680175781 0.308349609
vt 0.131225586 0.308105469
vt 0.843261719 0.308105469
vt 0.666015625 0.307861328
vt 0.697265625 0.306884766
vt 0.717285156 0.304199219
vt 0.833007812 0.302978516
vt 0.73828125 0.30078125
vt 0.822753906 0.298583984
vt 0.759277344 0.297363281
vt 0.810546875 0.295654297
vt 0.779296875 0.295166016
vt 0.796386719 0.294433594
vt 0.653808594 0.305419922
vt 0.119140625 0.305175781
vt 0.106567383 0.301513672
vt 0.643554688 0.30078125
vt 0.0950317383 0.296386719
vt 0.633300781 0.294433594
vt 0.0861206055 0.2890625
vt 0.623535156 0.287109375
vt 0.616210938 0.280273438
vt 0.0806884766 0.279785156
vt 0.612304688 0.274902344
vt 0.61328125 0.271240234
vt 0.0783081055 0.268554688
vt 0.617675781 0.268554688
vt 0.624511719 0.265869141
vt 0.631347656 0.262451172
vt 0.637695312 0.259033203
vt 0.0778198242 0.256103516
vt 0.642089844 0.255126953
vt 0.64453125 0.249633789
vt 0.0778808594 0.243164062
vt 0.645019531 0.239501953
vt 0.0770263672 0.23034668
vt 0.645019531 0.221313477
vt 0.0740966797 0.21862793
vt 0.068359375 0.208618164
vt 0.059753418 0.200683594
vt 0.64453125 0.19543457
vt 0.0487365723 0.195068359
vt 0.0364990234 0.190917969
vt 0.0248565674 0.187133789
vt 0.0161590576 0.181396484
vt 0.0123519897 0.172729492
vt 0.644042969 0.166259766
vt 0.0145645142 0.161987305
vt 0.0231018066 0.151367188
vt 0.0378112793 0.142333984
vt 0.644042969 0.140991211
vt 0.0580749512 0.134765625
vt 0.0829467773 0.126831055
vt 0.644042969 0.127685547
vt 0.109985352 0.116333008
vt 0.64453125 0.118286133
vt 0.645996094 0.113952637
vt 0.650390625 0.111022949
vt 0.659667969 0.106384277
vt 0.134887695 0.101867676
vt 0.676757812 0.0975341797
vt 0.151977539 0.0822753906
vt 0.703125 0.083190918
vt 0.734863281 0.0639648438
vt 0.158691406 0.0561828613
vt 0.159057617 0.0455322266
vt 0.766601562 0.0418395996
vt 0.159179688 0.0331115723
vt 0.779785156 0.0303039551
vt 0.78515625 0.0245056152
vt 0.790039062 0.0187225342
vt 0.159179688 0.0185699463
vt 0.793945312 0.0129547119
vt 0.797363281 0.00724029541
vt 0.159179688 0.00157260895
vt 0.286132812 0.00157260895
vt 0.681640625 0.00157260895
vt 0.798828125 0.00157260895
vt 0.695800781 0.909667969
vt 0.711914062 0.911132812
vt 0.727539062 0.91015625
vt 0.744140625 0.907226562
vt 0.679199219 0.90625
vt 0.663085938 0.90234375
vt 0.762695312 0.901855469
vt 0.649902344 0.899414062
vt 0.641113281 0.8984375
vt 0.78125 0.895507812
vt 0.132202148 0.899414062
vt 0.635742188 0.900390625
vt 0.124328613 0.905273438
vt 0.6328125 0.905273438
vt 0.114501953 0.908691406
vt 0.139526367 0.888671875
vt 0.797851562 0.887695312
vt 0.810546875 0.87890625
vt 0.629882812 0.913085938
vt 0.102722168 0.912597656
vt 0.147705078 0.872070312
vt 0.818359375 0.869140625
vt 0.820800781 0.858398438
vt 0.0905761719 0.916992188
vt 0.158325195 0.8515625
vt 0.818847656 0.847167969
vt 0.812988281 0.835449219
vt 0.172851562 0.830078125
vt 0.803222656 0.82421875
vt 0.790039062 0.813476562
vt 0.191650391 0.810058594
vt 0.773925781 0.803710938
vt 0.756347656 0.794921875
vt 0.21472168 0.793945312
vt 0.73828125 0.787597656
vt 0.722167969 0.781738281
vt 0.240478516 0.780273438
vt 0.708984375 0.77734375
vt 0.700195312 0.7734375
vt 0.698242188 0.770019531
vt 0.267089844 0.770019531
vt 0.704101562 0.765136719
vt 0.291748047 0.76171875
vt 0.71875 0.7578125
vt 0.311279297 0.755859375
vt 0.323242188 0.751953125
vt 0.327148438 0.748535156
vt 0.742675781 0.747070312
vt 0.322753906 0.744628906
vt 0.311523438 0.739746094
vt 0.296142578 0.734375
vt 0.776367188 0.732421875
vt 0.279541016 0.729003906
vt 0.264404297 0.725585938
vt 0.251953125 0.723144531
vt 0.241821289 0.72265625
vt 0.233520508 0.722167969
vt 0.225585938 0.721191406
vt 0.217041016 0.718261719
vt 0.206787109 0.712402344
vt 0.347412109 0.708007812
vt 0.3359375 0.707519531
vt 0.323974609 0.704589844
vt 0.19543457 0.704589844
vt 0.312255859 0.700195312
vt 0.184326172 0.6953125
vt 0.302246094 0.694824219
vt 0.293945312 0.688476562
vt 0.175415039 0.686035156
vt 0.287109375 0.681640625
vt 0.169799805 0.678710938
vt 0.280029297 0.675292969
vt 0.16796875 0.672363281
vt 0.271484375 0.669921875
vt 0.169921875 0.66796875
vt 0.260498047 0.665039062
vt 0.175415039 0.664550781
vt 0.184814453 0.661621094
vt 0.246704102 0.661621094
vt 0.197753906 0.66015625
vt 0.230712891 0.659667969
vt 0.213623047 0.659179688
vt 0.509765625 0.98828125
vt 0.518066406 0.988769531
vt 0.526367188 0.986328125
vt 0.502441406 0.985839844
vt 0.534179688 0.982910156
vt 0.495605469 0.981933594
vt 0.540527344 0.979003906
vt 0.490234375 0.978027344
vt 0.485839844 0.976074219
vt 0.545410156 0.976074219
vt 0.481445312 0.975585938
vt 0.550292969 0.973632812
vt 0.433837891 0.975097656
vt 0.555175781 0.972167969
vt 0.560546875 0.970703125
vt 0.442382812 0.978515625
vt 0.425537109 0.969726562
vt 0.56640625 0.968261719
vt 0.571777344 0.96484375
vt 0.475830078 0.976074219
vt 0.468994141 0.977539062
vt 0.460693359 0.979003906
vt 0.451660156 0.979492188
vt 0.418457031 0.961914062
vt 0.576660156 0.959960938
vt 0.580566406 0.955078125
vt 0.411621094 0.952636719
vt 0.583984375 0.950683594
vt 0.587402344 0.948242188
vt 0.591796875 0.946777344
vt 0.598144531 0.9453125
vt 0.405273438 0.943847656
vt 0.605957031 0.942871094
vt 0.614257812 0.938476562
vt 0.399169922 0.936523438
vt 0.392822266 0.931640625
vt 0.62109375 0.931640625
vt 0.38671875 0.928710938
vt 0.380371094 0.928222656
vt 0.244384766 0.924316406
vt 0.626464844 0.922851562
vt 0.256835938 0.928222656
vt 0.231079102 0.921875
vt 0.268554688 0.932617188
vt 0.373291016 0.930175781
vt 0.364990234 0.934082031
vt 0.280029297 0.937988281
vt 0.354492188 0.939941406
vt 0.291503906 0.943359375
vt 0.342529297 0.945800781
vt 0.303710938 0.947753906
vt 0.329589844 0.949707031
vt 0.31640625 0.950195312
vt 0.217407227 0.921386719
vt 0.0806884766 0.923339844
vt 0.203857422 0.924316406
vt 0.0751953125 0.930175781
vt 0.190185547 0.930175781
vt 0.0747680664 0.938476562
vt 0.176025391 0.938476562
vt 0.0788574219 0.946777344
vt 0.160522461 0.947753906
vt 0.0867919922 0.955078125
vt 0.144042969 0.956542969
vt 0.0978393555 0.961425781
vt 0.127319336 0.962402344
vt 0.111572266 0.964355469
vt 0 0
vt 0 0
vt 0 0
vt 0 0
vt 0 0
vt 0 0
vt 0 0
vt 0 0
vt 0 0
vt 0 0
vt 0 0
vt 0 0
vt 0 0
vt 0 0
vt 0 0
vt 0 0
vt 0 0
vt 0 0
vt 0 0
vt 0 0
vt 0 0
vt 0 0
vt 0 0
vt 0 0
vt 0 0
vt 0 0
vt 0 0
vt 0 0
vt 0 0
vt 0 0
vt 0 0
vt 0 0
vt 0 0
vt 0 0
vt 0 0
vt 0 0
vt 0 0
vt 0 0
vt 0 0
vt 0 0
vt 0 0
vt 0 0
vt 0 0
vt 0 0
vt 0 0
vt 0 0
vt 0 0
vt 0 0
vt 0 0
vt 0 0
vt 0 0
vt 0 0
vt 0 0
vt 0 0
vt 0 0
vt 0 0
vt 0 0
vt 0 0
vt 0 0
vt 0 0
vt 0 0
vt 0 0
vt 0 0
vt 0 0
vt 0 0
vt 0 0
vt 0 0
vt 0 0
vt 0 0
vt 0 0
vt 0 0
vt 0 0
vt 0 0
vt 0 0
vt 0 0
vt 0 0
vt 0 0
vt 0 0
vt 0 0
vt 0 0
vt 0 0
vt 0 0
vt 0 0
vt 0 0
vt 0 0
vt 0 0
vt 0 0
vt 0 0
vt 0 0
vt 0 0
vt 0 0
vt 0 0
vt 0 0
vt 0 0
vt 0 0
vt 0 0
vt 0 0
vt 0 0
vt 0 0
vt 0 0
vt 0 0
vt 0 0
vt 0 0
vt 0 0
vt 0 0
vt 0 0
vt 0 0
vt 0 0
vt 0 0
vt 0 0
vt 0 0
vt 0 0
vt 0 0
vt 0 0
vt 0 0
vt 0 0
vt 0 0
vt 0 0
vt 0 0
vt 0 0
vt 0 0
vt 0 0
vt 0 0
vt 0 0
vt 0 0
vt 0 0
vt 0 0
vt 0 0
vt 0 0
vt 0 0
vt 0 0
vt 0 0
vt 0 0
vt 0 0
vt 0 0
vt 0 0
vt 0 0
vt 0 0
vt 0 0
vt 0 0
vt 0 0
vt 0 0
vt 0 0
vt 0 0
vt 0 0
vt 0 0
vt 0 0
vt 0 0
vt 0 0
vt 0 0
vt 0 0
vt 0 0
vt 0 0
vt 0 0
vt 0 0
vt 0 0
vt 0 0
vt 0 0
vt 0 0
vt 0 0
vt 0 0
vt 0 0
vt 0 0
vt 0 0
vt 0 0
vt 0 0
vt 0 0
vt 0 0
vt 0 0
vt 0 0
vt 0 0
vt 0 0
vt 0 0
vt 0 0
vt 0 0
vt 0 0
vt 0 0
vt 0 0
vt 0 0
vt 0 0
vt 0 0
vt 0 0
vt 0 0
vt 0 0
vt 0 0
vt 0 0
vt 0 0
vt 0 0
vt 0 0
vt 0 0
vt 0 0
vt 0 0
vt 0 0
vt 0 0
vt 0 0
vt 0 0
vt 0 0
vt 0 0
vt 0 0
vt 0 0
vt 0 0
vt 0 0
vt 0 0
vt 0 0
vt 0 0
vt 0 0
vt 0 0
vt 0 0
vt 0 0
vt 0 0
vt 0 0
vt 0 0
vt 0 0
vt 0 0
vt 0 0
vt 0 0
vt 0 0
vt 0 0
vt 0 0
vt 0 0
vt 0 0
vt 0 0
vt 0 0
vt 0 0
vt 0 0
vt 0 0
vt 0 0
vt 0 0
vt 0 0
vt 0 0
vt 0 0
vt 0 0
vt 0 0
vt 0 0
vt 0 0
vt 0 0
vt 0 0
vt 0 0
vt 0 0
vt 0 0
vt 0 0
vt 0 0
vt 0 0
vt 0 0
vt 0 0
vt 0 0
vt 0 0
vt 0 0
vt 0 0
vt 0 0
vt 0 0
vt 0 0
vt 0 0
vt 0 0
vt 0 0
vt 0 0
vt 0 0
vt 0 0
vt 0 0
vt 0 0
vt 0 0
vt 0 0
vt 0 0
vt 0 0
vt 0 0
vt 0 0
vt 0 0
vt 0 0
vt 0 0
vt 0 0
vt 0 0
vt 0 0
vt 0 0
vt 0 0
vt 0 0
vt 0 0
vt 0 0
vt 0 0
vt 0 0
vt 0 0
vt 0 0
vt 0 0
vt 0 0
vt 0 0
vt 0 0
vt 0 0
vt 0 0
vt 0 0
vt 0 0
vt 0 0
vt 0 0
vt 0 0
vt 0 0
vt 0 0
vt 0 0
vt 0 0
vt 0 0
vt 0 0
vt 0 0
vt 0 0
vt 0 0
vt 0 0
vt 0 0
vt 0 0
vt 0 0
vt 0 0
vt 0 0
vt 0 0
vt 0 0
vt 0 0
vt 0 0
vt 0 0
vt 0 0
vt 0 0
vt 0 0
vt 0 0
vt 0 0
vt 0 0
vt 0 0
vt 0 0
vt 0 0
vt 0 0
vt 0 0
vt 0 0
vt 0 0
vt 0 0
vt 0 0
vt 0 0
vt 0 0
vt 0 0
vt 0 0
vt 0 0
vt 0 0
vt 0 0
vt 0 0
vt 0 0
vt 0 0
vt 0 0
vt 0 0
vt 0 0
vt 0 0
vt 0 0
vt 0 0
vt 0 0
vt 0 0
vt 0 0
vt 0 0
vt 0 0
vt 0 0
vt 0 0
vt 0 0
vt 0 0
vt 0 0
vt 0 0
vt 0 0
vt 0 0
vt 0 0
vt 0 0
vt 0 0
vt 0 0
vt 0 0
vt 0 0
vt 0 0
vt 0 0
vt 0 0
vt 0 0
vt 0 0
vt 0 0
vt 0 0
vt 0 0
vt 0 0
vt 0 0
vt 0 0
vt 0 0
vt 0 0
vt 0 0
vt 0 0
vt 0 0
vt 0 0
vt 0 0
vt 0 0
vt 0 0
vt 0 0
vt 0 0
vt 0 0
vt 0 0
vt 0 0
vt 0 0
vt 0 0
vt 0 0
vt 0 0
vt 0 0
vt 0 0
vt 0 0
vt 0 0
vt 0 0
vt 0 0
vt 0 0
vt 0 0
vt 0 0
vt 0 0
vt 0 0
vt 0 0
vt 0 0
vt 0 0
vt 0 0
vt 0 0
vt 0 0
vt 0 0
vt 0 0
vt 0 0
vt 0 0
vt 0 0
vt 0 0
vt 0 0
vt 0 0
vt 0 0
vt 0 0
vt 0 0
vt 0 0
vt 0 0
vt 0 0
vt 0 0
vt 0 0
vt 0 0
vt 0 0
vt 0 0
vt 0 0
vt 0 0
vt 0 0
vt 0 0
vt 0 0
vt 0 0
vt 0 0
vt 0 0
vt 0 0
vt 0 0
vt 0 0
vt 0 0
vt 0 0
vt 0 0
vt 0 0
vt 0 0
vt 0 0
vt 0 0
vt 0 0
vt 0 0
vt 0 0
vt 0 0
vt 0 0
vt 0 0
vt 0 0
vt 0 0
vt 0 0
vt 0 0
vt 0 0
vt 0 0
vt 0 0
vt 0 0
vt 0 0
vt 0 0
vt 0 0
vt 0 0
vt 0 0
vt 0 0
vt 0 0
vt 0 0
vt 0 0
vt 0 0
vt 0 0
vt 0 0
vt 0 0
vt 0 0
vt 0 0
vt 0 0
vt 0 0
vt 0 0
vt 0 0
vt 0 0
vt 0 0
vt 0 0
vt 0 0
vt 0 0
vt 0 0
vt 0 0
vt 0 0
vt 0 0
vt 0 0
vt 0 0
vt 0 0
vt 0 0
vt 0 0
vt 0 0
vt 0 0
vt 0 0
vt 0 0
vt 0 0
vt 0 0
vt 0 0
vt 0 0
vt 0 0
vt 0 0
vt 0 0
vt 0 0
vt 0 0
vt 0 0
vt 0 0
vt 0 0
vt 0 0
vt 0 0
vt 0 0
vt 0 0
vt 0 0
vt 0 0
vt 0 0
vt 0 0
vt 0 0
vt 0 0
vt 0 0
vt 0 0
vt 0 0
vt 0 0
vt 0 0
vt 0 0
vt 0 0
vt 0 0
vt 0 0
vt 0 0
vt 0 0
vt 0 0
vt 0 0
vt 0 0
vt 0 0
vt 0 0
vt 0 0
vt 0 0
vt 0 0
vt 0 0
vt 0 0
vt 0 0
vt 0 0
vt 0 0
vt 0 0
vt 0 0
vt 0 0
vt 0 0
vt 0 0
vt 0 0
vt 0 0
vt 0 0
vt 0 0
vt 0 0
vt 0 0
vt 0 0
vt 0 0
vt 0 0
vt 0 0
vt 0 0
vt 0 0
vt 0 0
vt 0 0
vt 0 0
vt 0 0
vt 0 0
vt 0 0
vt 0 0
vt 0 0
vt 0 0
vt 0 0
vt 0 0
vt 0 0
vt 0 0
vt 0 0
vt 0 0
vt 0 0
vt 0 0
vt 0 0
vt 0 0
vt 0 0
vt 0 0
vt 0 0
vt 0 0
vt 0 0
vt 0 0
vt 0 0
vt 0 0
vt 0 0
vt 0 0
vt 0 0
vt 0 0
vt 0 0
vt 0 0
vt 0 0
vt 0 0
vt 0 0
vt 0 0
vt 0 0
vt 0 0
vt 0 0
vt 0 0
vt 0 0
vt 0 0
vt 0 0
vt 0 0
vt 0 0
vt 0 0
vt 0 0
vt 0 0
vt 0 0
vt 0 0
vt 0 0
vt 0 0
vt 0 0
vt 0 0
vt 0 0
vt 0 0
vt 0 0
vt 0 0
vt 0 0
vt 0 0
vt 0 0
vt 0 0
vt 0 0
vt 0 0
vt 0 0
vt 0 0
vt 0 0
vt 0 0
vt 0 0
vt 0 0
vt 0 0
vt 0 0
vt 0 0
vt 0 0
vt 0 0
vt 0 0
vt 0 0
vt 0 0
vt 0 0
vt 0 0
vt 0 0
vt 0 0
vt 0 0
vt 0 0
vt 0 0
vt 0 0
vt 0 0
vt 0 0
vt 0 0
vt 0 0
vt 0 0
vt 0 0
vt 0 0
vt 0 0
vt 0 0
vt 0 0
vt 0 0
vt 0 0
vt 0 0
vt 0 0
vt 0 0
vt 0 0
vt 0 0
vt 0 0
vt 0 0
vt 0 0
vt 0 0
vt 0 0
vt 0 0
vt 0 0
vt 0 0
vt 0 0
vt 0 0
vt 0 0
vt 0 0
vt 0 0
vt 0 0
vt 0 0
vt 0 0
vt 0 0
vt 0 0
vt 0 0
vt 0 0
vt 0 0
vt 0 0
vt 0 0
vt 0 0
vt 0 0
vt 0 0
vt 0 0
vt 0 0
vt 0 0
vt 0 0
vt 0 0
vt 0 0
vt 0 0
vt 0 0
vt 0 0
vt 0 0
vt 0 0
vt 0 0
vt 0 0
vt 0 0
vt 0 0
vt 0 0
vt 0 0
vt 0 0
vt 0 0
vt 0 0
vt 0 0
vt 0 0
vt 0 0
vt 0 0
vt 0 0
vt 0 0
vt 0 0
vt 0 0
vt 0 0
vt 0 0
vt 0 0
vt 0 0
vt 0 0
vt 0 0
vt 0 0
vt 0 0
vt 0 0
vt 0 0
vt 0 0
vt 0 0
vt 0 0
vt 0 0
vt 0 0
vt 0 0
vt 0 0
vt 0 0
vt 0 0
vt 0 0
vt 0 0
vt 0 0
vt 0 0
vt 0 0
vt 0 0
vt 0 0
vt 0 0
vt 0 0
vt 0 0
vt 0 0
vt 0 0
vt 0 0
vt 0 0
vt 0 0
vt 0 0
vt 0 0
vt 0 0
vt 0 0
vt 0 0
vt 0 0
vt 0 0
vt 0 0
vt 0 0
vt 0 0
vt 0 0
vt 0 0
vt 0 0
vt 0 0
vt 0 0
vt 0 0
vt 0 0
vt 0 0
vt 0 0
vt 0 0
vt 0 0
vt 0 0
vt 0 0
vt 0 0
vt 0 0
vt 0 0
vt 0 0
vt 0 0
vt 0 0
vt 0 0
vt 0 0
vt 0 0
vt 0 0
vt 0 0
vt 0 0
vt 0 0
vt 0 0
vt 0 0
vt 0 0
vt 0 0
vt 0 0
vt 0 0
vt 0 0
vt 0 0
vt 0 0
vt 0 0
vt 0 0
vt 0 0
vt 0 0
vt 0 0
vt 0 0
vt 0 0
vt 0 0
vt 0 0
vt 0 0
vt 0 0
vt 0 0
vt 0 0
vt 0 0
vt 0 0
vt 0 0
vt 0 0
vt 0 0
vt 0 0
vt 0 0
vt 0 0
vt 0 0
vt 0 0
vt 0 0
vt 0 0
vt 0 0
vt 0 0
vt 0 0
vt 0 0
vt 0 0
vt 0 0
vt 0 0
vt 0 0
vt 0 0
vt 0 0
vt 0 0
vt 0 0
vt 0 0
vt 0 0
vt 0 0
vt 0 0
vt 0 0
vt 0 0
vt 0 0
vt 0 0
vt 0 0
vt 0 0
vt 0 0
vt 0 0
vt 0 0
vt 0 0
vt 0 0
vt 0 0
vt 0 0
vt 0 0
vt 0 0
vt 0 0
vt 0 0
vt 0 0
vt 0 0
vt 0 0
vt 0 0
vt 0 0
vt 0 0
vt 0 0
vt 0 0
vt 0 0
vt 0 0
vt 0 0
vt 0 0
vt 0 0
vt 0 0
vt 0 0
vt 0 0
vt 0 0
vt 0 0
vt 0 0
vt 0 0
vt 0 0
vt 0 0
vt 0 0
vt 0 0
vt 0 0
vt 0 0
vt 0 0
vt 0 0
vt 0 0
vt 0 0
vt 0 0
vt 0 0
vt 0 0
vt 0 0
vt 0 0
vt 0 0
vt 0 0
vt 0 0
vt 0 0
vt 0 0
vt 0 0
vt 0 0
vt 0 0
vt 0 0
vt 0 0
vt 0 0
vt 0 0
vt 0 0
vt 0 0
vt 0 0
vt 0 0
vt 0 0
vt 0 0
vt 0 0
vt 0 0
vt 0 0
vt 0 0
vt 0 0
vt 0 0
vt 0 0
vt 0 0
vt 0 0
vt 0 0
vt 0 0
vt 0 0
vt 0 0
vt 0 0
vt 0 0
vt 0 0
vt 0 0
vt 0 0
vt 0 0
vt 0 0
vt 0 0
vt 0 0
vt 0 0
vt 0 0
vt 0 0
vt 0 0
vt 0 0
vt 0 0
vt 0 0
vt 0 0
vt 0 0
vt 0 0
vt 0 0
vt 0 0
vt 0 0
vt 0 0
vt 0 0
vt 0 0
vt 0 0
vt 0 0
vt 0 0
vt 0 0
vt 0 0
vt 0 0
vt 0 0
vt 0 0
vt 0 0
vt 0 0
vt 0 0
vt 0 0
vt 0 0
vt 0 0
vt 0 0
vt 0 0
vt 0 0
vt 0 0
vt 0 0
vt 0 0
vt 0 0
vt 0 0
vt 0 0
vt 0 0
vt 0 0
vt 0 0
vt 0 0
vt 0 0
vt 0 0
vt 0 0
vt 0 0
vt 0 0
vt 0 0
vt 0 0
vt 0 0
vt 0 0
vt 0 0
vt 0 0
vt 0 0
vt 0 0
vt 0 0
vt 0 0
vt 0 0
vt 0 0
vt 0 0
vt 0 0
vt 0 0
vt 0 0
vt 0 0
vt 0 0
vt 0 0
vt 0 0
vt 0 0
vt 0 0
vt 0 0
vt 0 0
vt 0 0
vt 0 0
vt 0 0
vt 0 0
vt 0 0
vt 0 0
vt 0 0
vt 0 0
vt 0 0
vt 0 0
vt 0 0
vt 0 0
vt 0 0
vt 0 0
vt 0 0
vt 0 0
vt 0 0
vt 0 0
vt 0 0
vt 0 0
vt 0 0
vt 0 0
vt 0 0
vt 0 0
vt 0 0
vt 0 0
vt 0 0
vt 0 0
vt 0 0
vt 0 0
vt 0 0
vt 0 0
vt 0 0
vt 0 0
vt 0 0
vt 0 0
vt 0 0
vt 0 0
vt 0 0
vt 0 0
vt 0 0
vt 0 0
vt 0 0
vt 0 0
vt 0 0
vt 0 0
vt 0 0
vt 0 0
vt 0 0
vt 0 0
vt 0 0
vt 0 0
vt 0 0
vt 0 0
vt 0 0
vt 0 0
vt 0 0
vt 0 0
vt 0 0
vt 0 0
vt 0 0
vt 0 0
vt 0 0
vt 0 0
vt 0 0
vt 0 0
vt 0 0
vt 0 0
vt 0 0
vt 0 0
vt 0 0
vt 0 0
vt 0 0
vt 0 0
vt 0 0
vt 0 0
vt 0 0
vt 0 0
vt 0 0
vt 0 0
vt 0 0
vt 0 0
vt 0 0
vt 0 0
vt 0 0
vt 0 0
vt 0 0
vt 0 0
vt 0 0
vt 0 0
vt 0 0
vt 0 0
vt 0 0
vt 0 0
vt 0 0
vt 0 0
vt 0 0
vt 0 0
vt 0 0
vt 0 0
vt 0 0
vt 0 0
vt 0 0
vt 0 0
vt 0 0
vt 0 0
vt 0 0
vt 0 0
vt 0 0
vt 0 0
vt 0 0
vt 0 0
vt 0 0
vt 0 0
vt 0 0
vt 0 0
vt 0 0
vt 0 0
vt 0 0
vt 0 0
vt 0 0
vt 0 0
vt 0 0
vt 0 0
vt 0 0
vt 0 0
vt 0 0
vt 0 0
vt 0 0
vt 0 0
vt 0 0
vt 0 0
vt 0 0
vt 0 0
vt 0 0
vt 0 0
vt 0 0
vt 0 0
vt 0 0
vt 0 0
vt 0 0
vt 0 0
vt 0 0
vt 0 0
vt 0 0
vt 0 0
vt 0 0
vt 0 0
vt 0 0
vt 0 0
vt 0 0
vt 0 0
vt 0 0
vt 0 0
vt 0 0
vt 0 0
vt 0 0
vt 0 0
vt 0 0
vt 0 0
vt 0 0
vt 0 0
vt 0 0
vt 0 0
vt 0 0
vt 0 0
vt 0 0
vt 0 0
vt 0 0
vt 0 0
vt 0 0
vt 0 0
vt 0 0
vt 0 0
vt 0 0
vt 0 0
vt 0 0
vt 0 0
vt 0 0
vt 0 0
vt 0 0
vt 0 0
vt 0 0
vt 0 0
vt 0 0
vt 0 0
vt 0 0
vt 0 0
vt 0 0
vt 0 0
vt 0 0
vt 0 0
vt 0 0
vt 0 0
vt 0 0
vt 0 0
vt 0 0
vt 0 0
vt 0 0
vt 0 0
vt 0 0
vt 0 0
vt 0 0
vt 0 0
vt 0 0
vt 0 0
vt 0 0
vt 0 0
vt 0 0
vt 0 0
vt 0 0
vt 0 0
vt 0 0
vt 0 0
vt 0 0
vt 0 0
vt 0 0
vt 0 0
vt 0 0
vt 0 0
vt 0 0
vt 0 0
vt 0 0
vt 0 0
vt 0 0
vt 0 0
vt 0 0
vt 0 0
vt 0 0
vt 0 0
vt 0 0
vt 0 0
vt 0 0
vt 0 0
vt 0 0
vt 0 0
vt 0 0
vt 0 0
vt 0 0
vt 0 0
vt 0 0
vt 0 0
vt 0 0
vt 0 0
vt 0 0
vt 0 0
vt 0 0
vt 0 0
vt 0 0
vt 0 0
vt 0 0
vt 0 0
vt 0 0
vt 0 0
vt 0 0
vt 0 0
vt 0 0
vt 0 0
vt 0 0
vt 0 0
vt 0 0
vt 0 0
vt 0 0
vt 0 0
vt 0 0
vt 0 0
vt 0 0
vt 0 0
vt 0 0
vt 0 0
vt 0 0
vt 0 0
vt 0 0
vt 0 0
vt 0 0
vt 0 0
vt 0 0
vt 0 0
vt 0 0
vt 0 0
vt 0 0
vt 0 0
vt 0 0
vt 0 0
vt 0 0
vt 0 0
vt 0 0
vt 0 0
vt 0 0
vt 0 0
vt 0 0
vt 0 0
vt 0 0
vt 0 0
vt 0 0
vt 0 0
vt 0 0
vt 0 0
vt 0 0
vt 0 0
vt 0 0
vt 0 0
vt 0 0
vt 0 0
vt 0 0
vt 0 0
vt 0 0
vt 0 0
vt 0 0
vt 0 0
vt 0 0
vt 0 0
vt 0 0
vt 0 0
vt 0 0
vt 0 0
vt 0 0
vt 0 0
vt 0 0
vt 0 0
vt 0 0
vt 0 0
vt 0 0
vt 0 0
vt 0 0
vt 0 0
vt 0 0
vt 0 0
vt 0 0
vt 0 0
vt 0 0
vt 0 0
vt 0 0
vt 0 0
vt 0 0
vt 0 0
vt 0 0
vt 0 0
vt 0 0
vt 0 0
vt 0 0
vt 0 0
vt 0 0
vt 0 0
vt 0 0
vt 0 0
vt 0 0
vt 0 0
vt 0 0
vt 0 0
vt 0 0
vt 0 0
vt 0 0
vt 0 0
vt 0 0
vt 0 0
vt 0 0
vt 0 0
vt 0 0
vt 0 0
vt 0 0
vt 0 0
vt 0 0
vt 0 0
vt 0 0
vt 0 0
vt 0 0
vt 0 0
vt 0 0
vt 0 0
vt 0 0
vt 0 0
vt 0 0
vt 0 0
vt 0 0
vt 0 0
vt 0 0
vt 0 0
vt 0 0
vt 0 0
vt 0 0
vt 0 0
vt 0 0
vt 0 0
vt 0 0
vt 0 0
vt 0 0
vt 0 0
vt 0 0
vt 0 0
vt 0 0
vt 0 0
vt 0 0
vt 0 0
vt 0 0
vt 0 0
vt 0 0
vt 0 0
vt 0 0
vt 0 0
vt 0 0
vt 0 0
vt 0 0
vt 0 0
vt 0 0
vt 0 0
vt 0 0
vt 0 0
vt 0 0
vt 0 0
vt 0 0
vt 0 0
vt 0 0
vt 0 0
vt 0 0
vt 0 0
vt 0 0
vt 0 0
vt 0 0
vt 0 0
vt 0 0
vt 0 0
vt 0 0
vt 0 0
vt 0 0
vt 0 0
vt 0 0
vt 0 0
vt 0 0
vt 0 0
vt 0 0
vt 0 0
vt 0 0
vt 0 0
vt 0 0
vt 0 0
vt 0 0
vt 0 0
vt 0 0
vt 0 0
vt 0 0
vt 0 0
vt 0 0
vt 0 0
vt 0 0
vt 0 0
vt 0 0
vt 0 0
vt 0 0
vt 0 0
vt 0 0
vt 0 0
vt 0 0
vt 0 0
vt 0 0
vt 0 0
vt 0 0
vt 0 0
vt 0 0
vt 0 0
vt 0 0
vt 0 0
vt 0 0
vt 0 0
vt 0 0
vt 0 0
vt 0 0
vt 0 0
vt 0 0
vt 0 0
vt 0 0
vt 0 0
vt 0 0
vt 0 0
vt 0 0
vt 0 0
vt 0 0
vt 0 0
vt 0 0
vt 0 0
vt 0 0
vt 0 0
vt 0 0
vt 0 0
vt 0 0
vt 0 0
vt 0 0
vt 0 0
vt 0 0
vt 0 0
vt 0 0
vt 0 0
vt 0 0
vt 0 0
vt 0 0
vt 0 0
vt 0 0
vt 0 0
vt 0 0
vt 0 0
vt 0 0
vt 0 0
vt 0 0
vt 0 0
vt 0 0
vt 0 0
vt 0 0
vt 0 0
vt 0 0
vt 0 0
vt 0 0
vt 0 0
vt 0 0
vt 0 0
vt 0 0
vt 0 0
vt 0 0
vt 0 0
vt 0 0
vt 0 0
vt 0 0
vt 0 0
vt 0 0
vt 0 0
vt 0 0
vt 0 0
vt 0 0
vt 0 0
vt 0 0
vt 0 0
vt 0 0
vt 0 0
vt 0 0
vt 0 0
vt 0 0
vt 0 0
vt 0 0
vt 0 0
vt 0 0
vt 0 0
vt 0 0
vt 0 0
vt 0 0
vt 0 0
vt 0 0
vt 0 0
vt 0 0
vt 0 0
vt 0 0
vt 0 0
vt 0 0
vt 0 0
vt 0 0
vt 0 0
vt 0 0
vt 0 0
vt 0 0
vt 0 0
vt 0 0
vt 0 0
vt 0 0
vt 0 0
vt 0 0
vt 0 0
vt 0 0
vt 0 0
vt 0 0
vt 0 0
vt 0 0
vt 0 0
vt 0 0
vt 0 0
vt 0 0
vt 0 0
vt 0 0
vt 0 0
vt 0 0
vt 0 0
vt 0 0
vt 0 0
vt 0 0
vt 0 0
vt 0 0
vt 0 0
vt 0 0
vt 0 0
vt 0 0
vt 0 0
vt 0 0
vt 0 0
vt 0 0
vt 0 0
vt 0 0
vt 0 0
vt 0 0
vt 0 0
vt 0 0
vt 0 0
vt 0 0
vt 0 0
vt 0 0
vt 0 0
vt 0 0
vt 0 0
vt 0 0
vt 0 0
vt 0 0
vt 0 0
vt 0 0
vt 0 0
vt 0 0
vt 0 0
vt 0 0
vt 0 0
vt 0 0
vt 0 0
vt 0 0
vt 0 0
vt 0 0
vt 0 0
vt 0 0
vt 0 0
vt 0 0
vt 0 0
vt 0 0
vt 0 0
vt 0 0
vt 0 0
vt 0 0
vt 0 0
vt 0 0
vt 0 0
vt 0 0
vt 0 0
vt 0 0
vt 0 0
vt 0 0
vt 0 0
vt 0 0
vt 0 0
vt 0 0
vt 0 0
vt 0 0
vt 0 0
vt 0 0
vt 0 0
vt 0 0
vt 0 0
vt 0 0
vt 0 0
vt 0 0
vt 0 0
vt 0 0
vt 0 0
vt 0 0
vt 0 0
vt 0 0
vt 0 0
vt 0 0
vt 0 0
vt 0 0
vt 0 0
vt 0 0
vt 0 0
vt 0 0
vt 0 0
vt 0 0
vt 0 0
vt 0 0
vt 0 0
vt 0 0
vt 0 0
vt 0 0
vt 0 0
vt 0 0
vt 0 0
vt 0 0
vt 0 0
vt 0 0
vt 0 0
vt 0 0
vt 0 0
vt 0 0
vt 0 0
vt 0 0
vt 0 0
vt 0 0
vt 0 0
vt 0 0
vt 0 0
vt 0 0
vt 0 0
vt 0 0
vt 0 0
vt 0 0
vt 0 0
vt 0 0
vt 0 0
vt 0 0
vt 0 0
vt 0 0
vt 0 0
vt 0 0
vt 0 0
vt 0 0
vt 0 0
vt 0 0
vt 0 0
vt 0 0
vt 0 0
vt 0 0
vt 0 0
vt 0 0
vt 0 0
vt 0 0
vt 0 0
vt 0 0
vt 0 0
vt 0 0
vt 0 0
vt 0 0
vt 0 0
vt 0 0
vt 0 0
vt 0 0
vt 0 0
vt 0 0
vt 0 0
vt 0 0
vt 0 0
vt 0 0
vt 0 0
vt 0 0
vt 0 0
vt 0 0
vt 0 0
vt 0 0
vt 0 0
vt 0 0
vt 0 0
vt 0 0
vt 0 0
vt 0 0
vt 0 0
vt 0 0
vt 0 0
vt 0 0
vt 0 0
vt 0 0
vt 0 0
vt 0 0
vt 0 0
vt 0 0
vt 0 0
vt 0 0
vt 0 0
vt 0 0
vt 0 0
vt 0 0
vt 0 0
vt 0 0
vt 0 0
vt 0 0
vt 0 0
vt 0 0
vt 0 0
vt 0 0
vt 0 0
vt 0 0
vt 0 0
vt 0 0
vt 0 0
vt 0 0
vt 0 0
vt 0 0
vt 0 0
vt 0 0
vt 0 0
vt 0 0
vt 0 0
vt 0 0
vt 0 0
vt 0 0
vt 0 0
vt 0 0
vt 0 0
vt 0 0
vt 0 0
vt 0 0
vt 0 0
vt 0 0
vt 0 0
vt 0 0
vt 0 0
vt 0 0
vt 0 0
vt 0 0
vt 0 0
vt 0 0
vt 0 0
vt 0 0
vt 0 0
vt 0 0
vt 0 0
vt 0 0
vt 0 0
vt 0 0
vt 0 0
vt 0 0
vt 0 0
vt 0 0
vt 0 0
vt 0 0
vt 0 0
vt 0 0
vt 0 0
vt 0 0
vt 0 0
vt 0 0
vt 0 0
vt 0 0
vt 0 0
vt 0 0
vt 0 0
vt 0 0
vt 0 0
vt 0 0
vt 0 0
vt 0 0
vt 0 0
vt 0 0
vt 0 0
vt 0 0
vt 0 0
vt 0 0
vt 0 0
vt 0 0
vt 0 0
vt 0 0
vt 0 0
vt 0 0
vt 0 0
vt 0 0
vt 0 0
vt 0 0
vt 0 0
vt 0 0
vt 0 0
vt 0 0
vt 0 0
vt 0 0
vt 0 0
vt 0 0
vt 0 0
vt 0 0
vt 0 0
vt 0 0
vt 0 0
vt 0 0
vt 0 0
vt 0 0
vt 0 0
vt 0 0
vt 0 0
vt 0 0
vt 0 0
vt 0 0
vt 0 0
vt 0 0
vt 0 0
vt 0 0
vt 0 0
vt 0 0
vt 0 0
vt 0 0
vt 0 0
vt 0 0
vt 0 0
vt 0 0
vt 0 0
vt 0 0
vt 0 0
vt 0 0
vt 0 0
vt 0 0
vt 0 0
vt 0 0
vt 0 0
vt 0 0
vt 0 0
vt 0 0
vt 0 0
vt 0 0
vt 0 0
vt 0 0
vt 0 0
vt 0 0
vt 0 0
vt 0 0
vt 0 0
vt 0 0
vt 0 0
vt 0 0
vt 0 0
vt 0 0
vt 0 0
vt 0 0
vt 0 0
vt 0 0
vt 0 0
vt 0 0
vt 0 0
vt 0 0
vt 0 0
vt 0 0
vt 0 0
vt 0 0
vt 0 0
vt 0 0
vt 0 0
vt 0 0
vt 0 0
vt 0 0
vt 0 0
vt 0 0
vt 0 0
vt 0 0
vt 0 0
vt 0 0
vt 0 0
vt 0 0
vt 0 0
vt 0 0
vt 0 0
vt 0 0
vt 0 0
vt 0 0
vt 0 0
vt 0 0
vt 0 0
vt 0 0
vt 0 0
vt 0 0
vt 0 0
vt 0 0
vt 0 0
vt 0 0
vt 0 0
vt 0 0
vt 0 0
vt 0 0
vt 0 0
vt 0 0
vt 0 0
vt 0 0
vt 0 0
vt 0 0
vt 0 0
vt 0 0
vt 0 0
vt 0 0
vt 0 0
vt 0 0
vt 0 0
vt 0 0
vt 0 0
vt 0 0
vt 0 0
vt 0 0
vt 0 0
vt 0 0
vt 0 0
vt 0 0
vt 0 0
vt 0 0
vt 0 0
vt 0 0
vt 0 0
vt 0 0
vt 0 0
vt 0 0
vt 0 0
vt 0 0
vt 0 0
vt 0 0
vt 0 0
vt 0 0
vt 0 0
vt 0 0
vt 0 0
vt 0 0
vt 0 0
vt 0 0
vt 0 0
vt 0 0
vt 0 0
vt 0 0
vt 0 0
vt 0 0
vt 0 0
vt 0 0
vt 0 0
vt 0 0
vt 0 0
vt 0 0
vt 0 0
vt 0 0
vt 0 0
vt 0 0
vt 0 0
vt 0 0
vt 0 0
vt 0 0
vt 0 0
vt 0 0
vt 0 0
vt 0 0
vt 0 0
vt 0 0
vt 0 0
vt 0 0
vt 0 0
vt 0 0
vt 0 0
vt 0 0
vt 0 0
vt 0 0
vt 0 0
vt 0 0
vt 0 0
vt 0 0
vt 0 0
vt 0 0
vt 0 0
vt 0 0
vt 0 0
vt 0 0
vt 0 0
vt 0 0
vt 0 0
vt 0 0
vt 0 0
vt 0 0
vt 0 0
vt 0 0
vt 0 0
vt 0 0
vt 0 0
vt 0 0
vt 0 0
vt 0 0
vt 0 0
vt 0 0
vt 0 0
vt 0 0
vt 0 0
vt 0 0
vt 0 0
vt 0 0
vt 0 0
vt 0 0
vt 0 0
vt 0 0
vt 0 0
vt 0 0
vt 0 0
vt 0 0
vt 0 0
vt 0 0
vt 0 0
vt 0 0
vt 0 0
vt 0 0
vt 0 0
vt 0 0
vt 0 0
vt 0 0
vt 0 0
vt 0 0
vt 0 0
vt 0 0
vt 0 0
vt 0 0
vt 0 0
vt 0 0
vt 0 0
vt 0 0
vt 0 0
vt 0 0
vt 0 0
vt 0 0
vt 0 0
vt 0 0
vt 0 0
vt 0 0
vt 0 0
vt 0 0
vt 0 0
vt 0 0
vt 0 0
vt 0 0
vt 0 0
vt 0 0
vt 0 0
vt 0 0
vt 0 0
vt 0 0
vt 0 0
vt 0 0
vt 0 0
vt 0 0
vt 0 0
vt 0 0
vt 0 0
vt 0 0
vt 0 0
vt 0 0
vt 0 0
vt 0 0
vt 0 0
vt 0 0
vt 0 0
vt 0 0
vt 0 0
vt 0 0
vt 0 0
vt 0 0
vt 0 0
vt 0 0
vt 0 0
vt 0 0
vt 0 0
vt 0 0
vt 0 0
vt 0 0
vt 0 0
vt 0 0
vt 0 0
vt 0 0
vt 0 0
vt 0 0
vt 0 0
vt 0 0
vt 0 0
vt 0 0
vt 0 0
vt 0 0
vt 0 0
vt 0 0
vt 0 0
vt 0 0
vt 0 0
vt 0 0
vt 0 0
vt 0 0
vt 0 0
vt 0 0
vt 0 0
vt 0 0
vt 0 0
vt 0 0
vt 0 0
vt 0 0
vt 0 0
vt 0 0
vt 0 0
vt 0 0
vt 0 0
vt 0 0
vt 0 0
vt 0 0
vt 0 0
vt 0 0
vt 0 0
vt 0 0
vt 0 0
vt 0 0
vt 0 0
vt 0 0
vt 0 0
vt 0 0
vt 0 0
vt 0 0
vt 0 0
vt 0 0
vt 0 0
vt 0 0
vt 0 0
vt 0 0
vt 0 0
vt 0 0
vt 0 0
vt 0 0
vt 0 0
vt 0 0
vt 0 0
vt 0 0
vt 0 0
vt 0 0
vt 0 0
vt 0 0
vt 0 0
vt 0 0
vt 0 0
vt 0 0
vt 0 0
vt 0 0
vt 0 0
vt 0 0
vt 0 0
vt 0 0
vt 0 0
vt 0 0
vt 0 0
vt 0 0
vt 0 0
vt 0 0
vt 0 0
vt 0 0
vt 0 0
vt 0 0
vt 0 0
vt 0 0
vt 0 0
vt 0 0
vt 0 0
vt 0 0
vt 0 0
vt 0 0
vt 0 0
vt 0 0
vt 0 0
vt 0 0
vt 0 0
vt 0 0
vt 0 0
vt 0 0
vt 0 0
vt 0 0
vt 0 0
vt 0 0
vt 0 0
vt 0 0
vt 0 0
vt 0 0
vt 0 0
vt 0 0
vt 0 0
vt 0 0
vt 0 0
vt 0 0
vt 0 0
vt 0 0
vt 0 0
vt 0 0
vt 0 0
vt 0 0
vt 0 0
vt 0 0
vt 0 0
vt 0 0
vt 0 0
vt 0 0
vt 0 0
vt 0 0
vt 0 0
vt 0 0
vt 0 0
vt 0 0
vt 0 0
vt 0 0
vt 0 0
vt 0 0
vt 0 0
vt 0 0
vt 0 0
vt 0 0
vt 0 0
vt 0 0
vt 0 0
vt 0 0
vt 0 0
vt 0 0
vt 0 0
vt 0 0
vt 0 0
vt 0 0
vt 0 0
vt 0 0
vt 0 0
vt 0 0
vt 0 0
vt 0 0
vt 0 0
vt 0 0
vt 0 0
vt 0 0
vt 0 0
vt 0 0
vt 0 0
vt 0 0
vt 0 0
vt 0 0
vt 0 0
vt 0 0
vt 0 0
vt 0 0
vt 0 0
vt 0 0
vt 0 0
vt 0 0
vt 0 0
vt 0 0
vt 0 0
vt 0 0
vt 0 0
vt 0 0
vt 0 0
vt 0 0
vt 0 0
vt 0 0
vt 0 0
vt 0 0
vt 0 0
vt 0 0
vt 0 0
vt 0 0
vt 0 0
vt 0 0
vt 0 0
vt 0 0
vt 0 0
vt 0 0
vt 0 0
vt 0 0
vt 0 0
vt 0 0
vt 0 0
vt 0 0
vt 0 0
vt 0 0
vt 0 0
vt 0 0
vt 0 0
vt 0 0
vt 0 0
vt 0 0
vt 0 0
vt 0 0
vt 0 0
vt 0 0
vt 0 0
vt 0 0
vt 0 0
vt 0 0
vt 0 0
vt 0 0
vt 0 0
vt 0 0
vt 0 0
vt 0 0
vt 0 0
vt 0 0
vt 0 0
vt 0 0
vt 0 0
vt 0 0
vt 0 0
vt 0 0
vt 0 0
vt 0 0
vt 0 0
vt 0 0
vt 0 0
vt 0 0
vt 0 0
vt 0 0
vt 0 0
vt 0 0
vt 0 0
vt 0 0
vt 0 0
vt 0 0
vt 0 0
vt 0 0
vt 0 0
vt 0 0
vt 0 0
vt 0 0
vt 0 0
vt 0 0
vt 0 0
vt 0 0
vt 0 0
vt 0 0
vt 0 0
vt 0 0
vt 0 0
vt 0 0
vt 0 0
vt 0 0
vt 0 0
vt 0 0
vt 0 0
vt 0 0
vt 0 0
vt 0 0
vt 0 0
vt 0 0
vt 0 0
vt 0 0
vt 0 0
vt 0 0
vt 0 0
vt 0 0
vt 0 0
vt 0 0
vt 0 0
vt 0 0
vt 0 0
vt 0 0
vt 0 0
vt 0 0
vt 0 0
vt 0 0
vt 0 0
vt 0 0
vt 0 0
vt 0 0
vt 0 0
vt 0 0
vt 0 0
vt 0 0
vt 0 0
vt 0 0
vt 0 0
vt 0 0
vt 0 0
vt 0 0
vt 0 0
vt 0 0
vt 0 0
vt 0 0
vt 0 0
vt 0 0
vt 0 0
vt 0 0
vt 0 0
vt 0 0
vt 0 0
vt 0 0
vt 0 0
vt 0 0
vt 0 0
vt 0 0
vt 0 0
vt 0 0
vt 0 0
vt 0 0
vt 0 0
vt 0 0
vt 0 0
vt 0 0
vt 0 0
vt 0 0
vt 0 0
vt 0 0
vt 0 0
vt 0 0
vt 0 0
vt 0 0
vt 0 0
vt 0 0
vt 0 0
vt 0 0
vt 0 0
vt 0 0
vt 0 0
vt 0 0
vt 0 0
vt 0 0
vt 0 0
vt 0 0
vt 0 0
vt 0 0
vt 0 0
vt 0 0
vt 0 0
vt 0 0
vt 0 0
vt 0 0
vt 0 0
vt 0 0
vt 0 0
vt 0 0
vt 0 0
vt 0 0
vt 0 0
vt 0 0
vt 0 0
vt 0 0
vt 0 0
vt 0 0
vt 0 0
vt 0 0
vt 0 0
vt 0 0
vt 0 0
vt 0 0
vt 0 0
vt 0 0
vt 0 0
vt 0 0
vt 0 0
vt 0 0
vt 0 0
vt 0 0
vt 0 0
vt 0 0
vt 0 0
vt 0 0
vt 0 0
vt 0 0
vt 0 0
vt 0 0
vt 0 0
vt 0 0
vt 0 0
vt 0 0
vt 0 0
vt 0 0
vt 0 0
vt 0 0
vt 0 0
vt 0 0
vt 0 0
vt 0 0
vt 0 0
vt 0 0
vt 0 0
vt 0 0
vt 0 0
vt 0 0
vt 0 0
vt 0 0
vt 0 0
vt 0 0
vt 0 0
vt 0 0
vt 0 0
vt 0 0
vt 0 0
vt 0 0
vt 0 0
vt 0 0
vt 0 0
vt 0 0
vt 0 0
vt 0 0
vt 0 0
vt 0 0
vt 0 0
vt 0 0
vt 0 0
vt 0 0
vt 0 0
vt 0 0
vt 0 0
vt 0 0
vt 0 0
vt 0 0
vt 0 0
vt 0 0
vt 0 0
vt 0 0
vt 0 0
vt 0 0
vt 0 0
vt 0 0
vt 0 0
vt 0 0
vt 0 0
vt 0 0
vt 0 0
vt 0 0
vt 0 0
vt 0 0
vt 0 0
vt 0 0
vt 0 0
vt 0 0
vt 0 0
vt 0 0
vt 0 0
vt 0 0
vt 0 0
vt 0 0
vt 0 0
vt 0 0
vt 0 0
vt 0 0
vt 0 0
vt 0 0
vt 0 0
vt 0 0
vt 0 0
vt 0 0
vt 0 0
vt 0 0
vt 0 0
vt 0 0
vt 0 0
vt 0 0
vt 0 0
vt 0 0
vt 0 0
vt 0 0
vt 0 0
vt 0 0
vt 0 0
vt 0 0
vt 0 0
vt 0 0
vt 0 0
vt 0 0
vt 0 0
vt 0 0
vt 0 0
vt 0 0
vt 0 0
vt 0 0
vt 0 0
vt 0 0
vt 0 0
vt 0 0
vt 0 0
vt 0 0
vt 0 0
vt 0 0
vt 0 0
vt 0 0
vt 0 0
vt 0 0
vt 0 0
vt 0 0
vt 0 0
vt 0 0
vt 0 0
vt 0 0
vt 0 0
vt 0 0
vt 0 0
vt 0 0
vt 0 0
vt 0 0
vt 0 0
vt 0 0
vt 0 0
vt 0 0
vt 0 0
vt 0 0
vt 0 0
vt 0 0
vt 0 0
vt 0 0
vt 0 0
vt 0 0
vt 0 0
vt 0 0
vt 0 0
vt 0 0
vt 0 0
vt 0 0
vt 0 0
vt 0 0
vt 0 0
vt 0 0
vt 0 0
vt 0 0
vt 0 0
vt 0 0
vt 0 0
vt 0 0
vt 0 0
vt 0 0
vt 0 0
vt 0 0
vt 0 0
vt 0 0
vt 0 0
vt 0 0
vt 0 0
vt 0 0
vt 0 0
vt 0 0
vt 0 0
vt 0 0
vt 0 0
vt 0 0
vt 0 0
vt 0 0
vt 0 0
vt 0 0
vt 0 0
vt 0 0
vt 0 0
vt 0 0
vt 0 0
vt 0 0
vt 0 0
vt 0 0
vt 0 0
vt 0 0
vt 0 0
vt 0 0
vt 0 0
vt 0 0
vt 0 0
vt 0 0
vt 0 0
vt 0 0
vt 0 0
vt 0 0
vt 0 0
vt 0 0
vt 0 0
vt 0 0
vt 0 0
vt 0 0
vt 0 0
vt 0 0
vt 0 0
vt 0 0
vt 0 0
vt 0 0
vt 0 0
vt 0 0
vt 0 0
vt 0 0
vt 0 0
vt 0 0
vt 0 0
vt 0 0
vt 0 0
vt 0 0
vt 0 0
vt 0 0
vt 0 0
vt 0 0
vt 0 0
vt 0 0
vt 0 0
vt 0 0
vt 0 0
vt 0 0
vt 0 0
vt 0 0
vt 0 0
vt 0 0
vt 0 0
vt 0 0
vt 0 0
vt 0 0
vt 0 0
vt 0 0
vt 0 0
vt 0 0
vt 0 0
vt 0 0
vt 0 0
vt 0 0
vt 0 0
vt 0 0
vt 0 0
vt 0 0
vt 0 0
vt 0 0
vt 0 0
vt 0 0
vt 0 0
vt 0 0
vt 0 0
vt 0 0
vt 0 0
vt 0 0
vt 0 0
vt 0 0
vt 0 0
vt 0 0
vt 0 0
vt 0 0
vt 0 0
vt 0 0
vt 0 0
vt 0 0
vt 0 0
vt 0 0
vt 0 0
vt 0 0
vt 0 0
vt 0 0
vt 0 0
vt 0 0
vt 0 0
vt 0 0
vt 0 0
vt 0 0
vt 0 0
vt 0 0
vt 0 0
vt 0 0
vt 0 0
vt 0 0
vt 0 0
vt 0 0
vt 0 0
vt 0 0
vt 0 0
vt 0 0
vt 0 0
vt 0 0
vt 0 0
vt 0 0
vt 0 0
vt 0 0
vt 0 0
vt 0 0
vt 0 0
vt 0 0
vt 0 0
vt 0 0
vt 0 0
vt 0 0
vt 0 0
vt 0 0
vt 0 0
vt 0 0
vt 0 0
vt 0 0
vt 0 0
vt 0 0
vt 0 0
vt 0 0
vt 0 0
vt 0 0
vt 0 0
vt 0 0
vt 0 0
vt 0 0
vt 0 0
vt 0 0
vt 0 0
vt 0 0
vt 0 0
vt 0 0
vt 0 0
vt 0 0
vt 0 0
vt 0 0
vt 0 0
vt 0 0
vt 0 0
vt 0 0
vt 0 0
vt 0 0
vt 0 0
vt 0 0
vt 0 0
vt 0 0
vt 0 0
vt 0 0
vt 0 0
vt 0 0
vt 0 0
vt 0 0
vt 0 0
vt 0 0
vt 0 0
vt 0 0
vt 0 0
vt 0 0
vt 0 0
vt 0 0
vt 0 0
vt 0 0
vt 0 0
vt 0 0
vt 0 0
vt 0 0
vt 0 0
vt 0 0
vt 0 0
vt 0 0
vt 0 0
vt 0 0
vt 0 0
vt 0 0
vt 0 0
vt 0 0
vt 0 0
vt 0 0
vt 0 0
vt 0 0
vt 0 0
vt 0 0
vt 0 0
vt 0 0
vt 0 0
vt 0 0
vt 0 0
vt 0 0
vt 0 0
vt 0 0
vt 0 0
vt 0 0
vt 0 0
vt 0 0
vt 0 0
vt 0 0
vt 0 0
vt 0 0
vt 0 0
vt 0 0
vt 0 0
vt 0 0
vt 0 0
vt 0 0
vt 0 0
vt 0 0
vt 0 0
vt 0 0
vt 0 0
vt 0 0
vt 0 0
vt 0 0
vt 0 0
vt 0 0
vt 0 0
vt 0 0
vt 0 0
vt 0 0
vt 0 0
vt 0 0
vt 0 0
vt 0 0
vt 0 0
vt 0 0
vt 0 0
vt 0 0
vt 0 0
vt 0 0
vt 0 0
vt 0 0
vt 0 0
vt 0 0
vt 0 0
vt 0 0
vt 0 0
vt 0 0
vt 0 0
vt 0 0
vt 0 0
vt 0 0
vt 0 0
vt 0 0
vt 0 0
vt 0 0
vt 0 0
vt 0 0
vt 0 0
vt 0 0
vt 0 0
vt 0 0
vt 0 0
vt 0 0
vt 0 0
vt 0 0
vt 0 0
vt 0 0
vt 0 0
vt 0 0
vt 0 0
vt 0 0
vt 0 0
vt 0 0
vt 0 0
vt 0 0
vt 0 0
vt 0 0
vt 0 0
vt 0 0
vt 0 0
vt 0 0
vt 0 0
vt 0 0
vt 0 0
vt 0 0
vt 0 0
vt 0 0
vt 0 0
vt 0 0
vt 0 0
vt 0 0
vt 0 0
vt 0 0
vt 0 0
vt 0 0
vt 0 0
vt 0 0
vt 0 0
vt 0 0
vt 0 0
vt 0 0
vt 0 0
vt 0 0
vt 0 0
vt 0 0
vt 0 0
vt 0 0
vt 0 0
vt 0 0
vt 0 0
vt 0 0
vt 0 0
vt 0 0
vt 0 0
vt 0 0
vt 0 0
vt 0 0
vt 0 0
vt 0 0
vt 0 0
vt 0 0
vt 0 0
vt 0 0
vt 0 0
vt 0 0
vt 0 0
vt 0 0
vt 0 0
vt 0 0
vt 0 0
vt 0 0
vt 0 0
vt 0 0
vt 0 0
vt 0 0
vt 0 0
vt 0 0
vt 0 0
vt 0 0
vt 0 0
vt 0 0
vt 0 0
vt 0 0
vt 0 0
vt 0 0
vt 0 0
vt 0 0
vt 0 0
vt 0 0
vt 0 0
vt 0 0
vt 0 0
vt 0 0
vt 0 0
vt 0 0
vt 0 0
vt 0 0
vt 0 0
vt 0 0
vt 0 0
vt 0 0
vt 0 0
vt 0 0
vt 0 0
vt 0 0
vt 0 0
vt 0 0
vt 0 0
vt 0 0
vt 0 0
vt 0 0
vt 0 0
vt 0 0
vt 0 0
vt 0 0
vt 0 0
vt 0 0
vt 0 0
vt 0 0
vt 0 0
vt 0 0
vt 0 0
vt 0 0
vt 0 0
vt 0 0
vt 0 0
vt 0 0
vt 0 0
vt 0 0
vt 0 0
vt 0 0
vt 0 0
vt 0 0
vt 0 0
vt 0 0
vt 0 0
vt 0 0
vt 0 0
vt 0 0
vt 0 0
vt 0 0
vt 0 0
vt 0 0
vt 0 0
vt 0 0
vt 0 0
vt 0 0
vt 0 0
vt 0 0
vt 0 0
vt 0 0
vt 0 0
vt 0 0
vt 0 0
vt 0 0
vt 0 0
vt 0 0
vt 0 0
vt 0 0
vt 0 0
vt 0 0
vt 0 0
vt 0 0
vt 0 0
vt 0 0
vt 0 0
vt 0 0
vt 0 0
vt 0 0
vt 0 0
vt 0 0
vt 0 0
vt 0 0
vt 0 0
vt 0 0
vt 0 0
vt 0 0
vt 0 0
vt 0 0
vt 0 0
vt 0 0
vt 0 0
vt 0 0
vt 0 0
vt 0 0
vt 0 0
vt 0 0
vt 0 0
vt 0 0
vt 0 0
vt 0 0
vt 0 0
vt 0 0
vt 0 0
vt 0 0
vt 0 0
vt 0 0
vt 0 0
vt 0 0
vt 0 0
vt 0 0
vt 0 0
vt 0 0
vt 0 0
vt 0 0
vt 0 0
vt 0 0
vt 0 0
vt 0 0
vt 0 0
vt 0 0
vt 0 0
vt 0 0
vt 0 0
vt 0 0
vt 0 0
vt 0 0
vt 0 0
vt 0 0
vt 0 0
vt 0 0
vt 0 0
vt 0 0
vt 0 0
vt 0 0
vt 0 0
vt 0 0
vt 0 0
vt 0 0
vt 0 0
vt 0 0
vt 0 0
vt 0 0
vt 0 0
vt 0 0
vt 0 0
vt 0 0
vt 0 0
vt 0 0
vt 0 0
vt 0 0
vt 0 0
vt 0 0
vt 0 0
vt 0 0
vt 0 0
vt 0 0
vt 0 0
vt 0 0
vt 0 0
vt 0 0
vt 0 0
vt 0 0
vt 0 0
vt 0 0
vt 0 0
vt 0 0
vt 0 0
vt 0 0
vt 0 0
vt 0 0
vt 0 0
vt 0 0
vt 0 0
vt 0 0
vt 0 0
vt 0 0
vt 0 0
vt 0 0
vt 0 0
vt 0 0
vt 0 0
vt 0 0
vt 0 0
vt 0 0
vt 0 0
vt 0 0
vt 0 0
vt 0 0
vt 0 0
vt 0 0
vt 0 0
vt 0 0
vt 0 0
vt 0 0
vt 0 0
vt 0 0
vt 0 0
vt 0 0
vt 0 0
vt 0 0
vt 0 0
vt 0 0
vt 0 0
vt 0 0
vt 0 0
vt 0 0
vt 0 0
vt 0 0
vt 0 0
vt 0 0
vt 0 0
vt 0 0
vt 0 0
vt 0 0
vt 0 0
vt 0 0
vt 0 0
vt 0 0
vt 0 0
vt 0 0
vt 0 0
vt 0 0
vt 0 0
vt 0 0
vt 0 0
vt 0 0
vt 0 0
vt 0 0
vt 0 0
vt 0 0
vt 0 0
vt 0 0
vt 0 0
vt 0 0
vt 0 0
vt 0 0
vt 0 0
vt 0 0
vt 0 0
vt 0 0
vt 0 0
vt 0 0
vt 0 0
vt 0 0
vt 0 0
vt 0 0
vt 0 0
vt 0 0
vt 0 0
vt 0 0
vt 0 0
vt 0 0
vt 0 0
vt 0 0
vt 0 0
vt 0 0
vt 0 0
vt 0 0
vt 0 0
vt 0 0
vt 0 0
vt 0 0
vt 0 0
vt 0 0
vt 0 0
vt 0 0
vt 0 0
vt 0 0
vt 0 0
vt 0 0
vt 0 0
vt 0 0
vt 0 0
vt 0 0
vt 0 0
vt 0 0
vt 0 0
vt 0 0
vt 0 0
vt 0 0
vt 0 0
vt 0 0
vt 0 0
vt 0 0
vt 0 0
vt 0 0
vt 0 0
vt 0 0
vt 0 0
vt 0 0
vt 0 0
vt 0 0
vt 0 0
vt 0 0
vt 0 0
vt 0 0
vt 0 0
vt 0 0
vt 0 0
vt 0 0
vt 0 0
vt 0 0
vt 0 0
vt 0 0
vt 0 0
vt 0 0
vt 0 0
vt 0 0
vt 0 0
vt 0 0
vt 0 0
vt 0 0
vt 0 0
vt 0 0
vt 0 0
vt 0 0
vt 0 0
vt 0 0
vt 0 0
vt 0 0
vt 0 0
vt 0 0
vt 0 0
vt 0 0
vt 0 0
vt 0 0
vt 0 0
vt 0 0
vt 0 0
vt 0 0
vt 0 0
vt 0 0
vt 0 0
vt 0 0
vt 0 0
vt 0 0
vt 0 0
vt 0 0
vt 0 0
vt 0 0
vt 0 0
vt 0 0
vt 0 0
vt 0 0
vt 0 0
vt 0 0
vt 0 0
vt 0 0
vt 0 0
vt 0 0
vt 0 0
vt 0 0
vt 0 0
vt 0 0
vt 0 0
vt 0 0
vt 0 0
vt 0 0
vt 0 0
vt 0 0
vt 0 0
vt 0 0
vt 0 0
vt 0 0
vt 0 0
vt 0 0
vt 0 0
vt 0 0
vt 0 0
vt 0 0
vt 0 0
vt 0 0
vt 0 0
vt 0 0
vt 0 0
vt 0 0
vt 0 0
vt 0 0
vt 0 0
vt 0 0
vt 0 0
vt 0 0
vt 0 0
vt 0 0
vt 0 0
vt 0 0
vt 0 0
vt 0 0
vt 0 0
vt 0 0
vt 0 0
vt 0 0
vt 0 0
vt 0 0
vt 0 0
vt 0 0
vt 0 0
vt 0 0
vt 0 0
vt 0 0
vt 0 0
vt 0 0
vt 0 0
vt 0 0
vt 0 0
vt 0 0
vt 0 0
vt 0 0
vt 0 0
vt 0 0
vt 0 0
vt 0 0
vt 0 0
vt 0 0
vt 0 0
vt 0 0
vt 0 0
vt 0 0
vt 0 0
vt 0 0
vt 0 0
vt 0 0
vt 0 0
vt 0 0
vt 0 0
vt 0 0
vt 0 0
vt 0 0
vt 0 0
vt 0 0
vt 0 0
vt 0 0
vt 0 0
vt 0 0
vt 0 0
vt 0 0
vt 0 0
vt 0 0
vt 0 0
vt 0 0
vt 0 0
vt 0 0
vt 0 0
vt 0 0
vt 0 0
vt 0 0
vt 0 0
vt 0 0
vt 0 0
vt 0 0
vt 0 0
vt 0 0
vt 0 0
vt 0 0
vt 0 0
vt 0 0
vt 0 0
vt 0 0
vt 0 0
vt 0 0
vt 0 0
vt 0 0
vt 0 0
vt 0 0
vt 0 0
vt 0 0
vt 0 0
vt 0 0
vt 0 0
vt 0 0
vt 0 0
vt 0 0
vt 0 0
vt 0 0
vt 0 0
vt 0 0
vt 0 0
vt 0 0
vt 0 0
vt 0 0
vt 0 0
vt 0 0
vt 0 0
vt 0 0
vt 0 0
vt 0 0
vt 0 0
vt 0 0
vt 0 0
vt 0 0
vt 0 0
vt 0 0
vt 0 0
vt 0 0
vt 0 0
vt 0 0
vt 0 0
vt 0 0
vt 0 0
vt 0 0
vt 0 0
vt 0 0
vt 0 0
vt 0 0
vt 0 0
vt 0 0
vt 0 0
vt 0 0
vt 0 0
vt 0 0
vt 0 0
vt 0 0
vt 0 0
vt 0 0
vt 0 0
vt 0 0
vt 0 0
vt 0 0
vt 0 0
vt 0 0
vt 0 0
vt 0 0
vt 0 0
vt 0 0
vt 0 0
vt 0 0
vt 0 0
vt 0 0
vt 0 0
vt 0 0
vt 0 0
vt 0 0
vt 0 0
vt 0 0
vt 0 0
vt 0 0
vt 0 0
vt 0 0
vt 0 0
vt 0 0
vt 0 0
vt 0 0
vt 0 0
vt 0 0
vt 0 0
vt 0 0
vt 0 0
vt 0 0
vt 0 0
vt 0 0
vt 0 0
vt 0 0
vt 0 0
vt 0 0
vt 0 0
vt 0 0
vt 0 0
vt 0 0
vt 0 0
vt 0 0
vt 0 0
vt 0 0
vt 0 0
vt 0 0
vt 0 0
vt 0 0
vt 0 0
vt 0 0
vt 0 0
vt 0 0
vt 0 0
vt 0 0
vt 0 0
vt 0 0
vt 0 0
vt 0 0
vt 0 0
vt 0 0
vt 0 0
vt 0 0
vt 0 0
vt 0 0
vt 0 0
vt 0 0
vt 0 0
vt 0 0
vt 0 0
vt 0 0
vt 0 0
vt 0 0
vt 0 0
vt 0 0
vt 0 0
vt 0 0
vt 0 0
vt 0 0
vt 0 0
vt 0 0
vt 0 0
vt 0 0
vt 0 0
vt 0 0
vt 0 0
vt 0 0
vt 0 0
vt 0 0
vt 0 0
vt 0 0
vt 0 0
vt 0 0
vt 0 0
vt 0 0
vt 0 0
vt 0 0
vt 0 0
vt 0 0
vt 0 0
vt 0 0
vt 0 0
vt 0 0
vt 0 0
vt 0 0
vt 0 0
vt 0 0
vt 0 0
vt 0 0
vt 0 0
vt 0 0
vt 0 0
vt 0 0
vt 0 0
vt 0 0
vt 0 0
vt 0 0
vt 0 0
vt 0 0
vt 0 0
vt 0 0
vt 0 0
vt 0 0
vt 0 0
vt 0 0
vt 0 0
vt 0 0
vt 0 0
vt 0 0
vt 0 0
vt 0 0
vt 0 0
vt 0 0
vt 0 0
vt 0 0
vt 0 0
vt 0 0
vt 0 0
vt 0 0
vt 0 0
vt 0 0
vt 0 0
vt 0 0
vt 0 0
vt 0 0
vt 0 0
vt 0 0
vt 0 0
vt 0 0
vt 0 0
vt 0 0
vt 0 0
vt 0 0
vt 0 0
vt 0 0
vt 0 0
vt 0 0
vt 0 0
vt 0 0
vt 0 0
vt 0 0
vt 0 0
vt 0 0
vt 0 0
vt 0 0
vt 0 0
vt 0 0
vt 0 0
vt 0 0
vt 0 0
vt 0 0
vt 0 0
vt 0 0
vt 0 0
vt 0 0
vt 0 0
vt 0 0
vt 0 0
vt 0 0
vt 0 0
vt 0 0
vt 0 0
vt 0 0
vt 0 0
vt 0 0
vt 0 0
vt 0 0
vt 0 0
vt 0 0
vt 0 0
vt 0 0
vt 0 0
vt 0 0
vt 0 0
vt 0 0
vt 0 0
vt 0 0
vt 0 0
vt 0 0
vt 0 0
vt 0 0
vt 0 0
vt 0 0
vt 0 0
vt 0 0
vt 0 0
vt 0 0
vt 0 0
vt 0 0
vt 0 0
vt 0 0
vt 0 0
vt 0 0
vt 0 0
vt 0 0
vt 0 0
vt 0 0
vt 0 0
vt 0 0
vt 0 0
vt 0 0
vt 0 0
vt 0 0
vt 0 0
vt 0 0
vt 0 0
vt 0 0
vt 0 0
vt 0 0
vt 0.625 0.5
vt 0.625 0.583496094
vt 0.6875 0.583496094
vt 0.6875 0.5
vt 0.625 0.583496094
vt 0.6875 0.625
vt 0.625 0.625
vt 0.375 0.4375
vt 0.375 0.5
vt 0.625 0.5
vt 0.625 0.4375
vt 0.375 0.375
vt 0.375 0.4375
vt 0.625 0.4375
vt 0.625 0.375
vt 0.6875 0.5
vt 0.6875 0.583496094
vt 0.75 0.583496094
vt 0.75 0.5
vt 0.375 0.5
vt 0.375 0.583496094
vt 0.625 0.583496094
vt 0.625 0.5
vt 0.375 0.583496094
vt 0.375 0.625
vt 0.625 0.625
vt 0.625 0.583496094
vt 0.3125 0.625
vt 0.3125 0.583496094
vt 0.6875 0.583496094
vt 0.6875 0.625
vt 0.75 0.583496094
vt 0.6875 0.583496094
vt 0.3125 0.583496094
vt 0.25 0.583496094
vt 0.3125 0.583496094
vt 0.6875 0.583496094
vt 0.75 0.583496094
vt 0.6875 0.583496094
vt 0.6875 0.583496094
vt 0.625 0.5
vt 0.6875 0.583496094
vt 0.625 0.583496094
vt 0.6875 0.5
vt 0.75 0.583496094
vt 0.75 0.5
vt 0.375 0.4375
vt 0.625 0.4375
vt 0.625 0.5
vt 0.375 0.5
vt 0.375 0.375
vt 0.625 0.375
vt 0.625 0.4375
vt 0.375 0.4375
vt 0.375 0.5
vt 0.625 0.5
vt 0.625 0.583496094
vt 0.375 0.583496094
vt 0.375 0.583496094
vt 0.625 0.583496094
vt 0.625 0.625
vt 0.375 0.625
vt 0.3125 0.625
vt 0.6875 0.625
vt 0.6875 0.583496094
vt 0.3125 0.583496094
vt 0.625 0.583496094
vt 0.6875 0.583496094
vt 0.6875 0.625
vt 0.625 0.625
vt 0.625 0.5
vt 0.6875 0.583496094
vt 0.625 0.583496094
vt 0.6875 0.5
vt 0.75 0.583496094
vt 0.75 0.5
vt 0.375 0.4375
vt 0.625 0.4375
vt 0.625 0.5
vt 0.375 0.5
vt 0.375 0.375
vt 0.625 0.375
vt 0.625 0.4375
vt 0.375 0.4375
vt 0.375 0.5
vt 0.625 0.5
vt 0.625 0.583496094
vt 0.375 0.583496094
vt 0.375 0.583496094
vt 0.625 0.583496094
vt 0.625 0.625
vt 0.375 0.625
vt 0.3125 0.625
vt 0.6875 0.625
vt 0.6875 0.583496094
vt 0.3125 0.583496094
vt 0.75 0.583496094
vt 0.3125 0.583496094
vt 0.6875 0.583496094
vt 0.25 0.583496094
vt 0.3125 0.583496094
vt 0.6875 0.583496094
vt 0.75 0.583496094
vt 0.6875 0.583496094
vt 0.6875 0.583496094
vt 0.625 0.583496094
vt 0.6875 0.583496094
vt 0.6875 0.625
vt 0.625 0.625
vt 0.625 0.5
vt 0.625 0.583496094
vt 0.6875 0.583496094
vt 0.6875 0.5
vt 0.625 0.583496094
vt 0.6875 0.625
vt 0.625 0.625
vt 0.375 0.4375
vt 0.375 0.5
vt 0.625 0.5
vt 0.625 0.4375
vt 0.375 0.375
vt 0.375 0.4375
vt 0.625 0.4375
vt 0.625 0.375
vt 0.6875 0.5
vt 0.6875 0.583496094
vt 0.75 0.583496094
vt 0.75 0.5
vt 0.375 0.5
vt 0.375 0.583496094
vt 0.625 0.583496094
vt 0.625 0.5
vt 0.375 0.583496094
vt 0.375 0.625
vt 0.625 0.625
vt 0.625 0.583496094
vt 0.3125 0.625
vt 0.3125 0.583496094
vt 0.6875 0.583496094
vt 0.6875 0.625
vt 0.625 0.5
vt 0.6875 0.583496094
vt 0.625 0.583496094
vt 0.6875 0.5
vt 0.75 0.583496094
vt 0.75 0.5
vt 0.375 0.4375
vt 0.625 0.4375
vt 0.625 0.5
vt 0.375 0.5
vt 0.375 0.375
vt 0.625 0.375
vt 0.625 0.4375
vt 0.375 0.4375
vt 0.375 0.5
vt 0.625 0.5
vt 0.625 0.583496094
vt 0.375 0.583496094
vt 0.375 0.583496094
vt 0.625 0.583496094
vt 0.625 0.625
vt 0.375 0.625
vt 0.3125 0.625
vt 0.6875 0.625
vt 0.6875 0.583496094
vt 0.3125 0.583496094
vt 0.625 0.583496094
vt 0.6875 0.583496094
vt 0.6875 0.625
vt 0.625 0.625
vt 0.625 0.5
vt 0.625 0.583496094
vt 0.6875 0.583496094
vt 0.6875 0.5
vt 0.625 0.583496094
vt 0.6875 0.625
vt 0.625 0.625
vt 0.375 0.4375
vt 0.375 0.5
vt 0.625 0.5
vt 0.625 0.4375
vt 0.375 0.375
vt 0.375 0.4375
vt 0.625 0.4375
vt 0.625 0.375
vt 0.6875 0.5
vt 0.6875 0.583496094
vt 0.75 0.583496094
vt 0.75 0.5
vt 0.375 0.5
vt 0.375 0.583496094
vt 0.625 0.583496094
vt 0.625 0.5
vt 0.375 0.583496094
vt 0.375 0.625
vt 0.625 0.625
vt 0.625 0.583496094
vt 0.3125 0.625
vt 0.3125 0.583496094
vt 0.6875 0.583496094
vt 0.6875 0.625
vt 0.625 0.5
vt 0.625 0.583496094
vt 0.6875 0.583496094
vt 0.6875 0.5
vt 0.625 0.583496094
vt 0.6875 0.625
vt 0.625 0.625
vt 0.375 0.4375
vt 0.375 0.5
vt 0.625 0.5
vt 0.625 0.4375
vt 0.375 0.375
vt 0.375 0.4375
vt 0.625 0.4375
vt 0.625 0.375
vt 0.6875 0.5
vt 0.6875 0.583496094
vt 0.75 0.583496094
vt 0.75 0.5
vt 0.375 0.5
vt 0.375 0.583496094
vt 0.625 0.583496094
vt 0.625 0.5
vt 0.375 0.583496094
vt 0.375 0.625
vt 0.625 0.625
vt 0.625 0.583496094
vt 0.3125 0.625
vt 0.3125 0.583496094
vt 0.6875 0.583496094
vt 0.6875 0.625
vt 0.625 0.5
vt 0.6875 0.583496094
vt 0.625 0.583496094
vt 0.6875 0.5
vt 0.75 0.583496094
vt 0.75 0.5
vt 0.375 0.4375
vt 0.625 0.4375
vt 0.625 0.5
vt 0.375 0.5
vt 0.375 0.375
vt 0.625 0.375
vt 0.625 0.4375
vt 0.375 0.4375
vt 0.375 0.5
vt 0.625 0.5
vt 0.625 0.583496094
vt 0.375 0.583496094
vt 0.375 0.583496094
vt 0.625 0.583496094
vt 0.625 0.625
vt 0.375 0.625
vt 0.3125 0.625
vt 0.6875 0.625
vt 0.6875 0.583496094
vt 0.3125 0.583496094
vt 0.625 0.583496094
vt 0.6875 0.583496094
vt 0.6875 0.625
vt 0.625 0.625
vn -0 1 0
vn -0 1 0
vn -0 1 0
vn -0 1 0
vn -0 1 0
vn -0 1 0
vn -0 1 0
vn -0 1 0
vn -0 1 0
vn -0 1 0
vn -0 1 0
vn -0 1 0
vn -0 1 0
vn -0 1 0
vn -0 1 0
vn -0 1 0
vn -0 1 0
vn -0 1 0
vn -0 1 0
vn -0 1 0
vn -0 1 0
vn -0 1 0
vn -0 1 0
vn -0 1 0
vn -0 1 0
vn -0 1 0
vn -0 1 0
vn -0 1 0
vn -0 1 0
vn -0 1 0
vn -0 1 0
vn -0 1 -1.34110451E-05
vn -0 1 0
vn -0 1 0
vn -0 1 0
vn -0 1 0
vn -0 1 0
vn -0 1 0
vn -0 1 0
vn -0 1 0
vn -0 1 0
vn -0 1 0
vn -0 1 0
vn -0 1 0
vn -0 1 1.50203705E-05
vn -0 1 0
vn -0 1 0
vn -0 1 0
vn -0 1 0
vn -0 1 -1.52587891E-05
vn -0 1 0
vn -0 1 0
vn -0 1 0
vn -0 1 0
vn -0 1 0
vn -0 1 0
vn -0 1 0
vn 1.19805336E-05 1 1.53779984E-05
vn -0 1 0
vn -0 1 0
vn -0 1 0
vn -0 1 0
vn -1.56164169E-05 1 -1.14440918E-05
vn -0 1 0
vn -0 1 0
vn -0 1 0
vn -0 1 0
vn -0 1 0
vn -0 1 0
vn -0 1 0
vn -0 1 0
vn -0 1 0
vn -0 1 0
vn -0 1 0
vn -0 1 0
vn -0 1 0
vn -0 1 0
vn -0 1 0
vn -0 1 0
vn -0 1 0
vn -0 1 0
vn -0 1 0
vn -0 1 0
vn -0 1 0
vn -0 1 0
vn -0 1 0
vn -0 1 0
vn -0 1 0
vn -0 1 0
vn 1.42455101E-05 1 0
vn -1.93715096E-05 1 0
vn 1.4603138E-05 1 0
vn -1.91926956E-05 1 0
vn -0 1 0
vn -0 1 0
vn -0 1 0
vn 2.43782997E-05 1 1.73449516E-05
vn -0 1 0
vn -0 1 0
vn -4.93526459E-05 1 -2.10404396E-05
vn -3.04579735E-05 1 0
vn -2.78353691E-05 1 -1.69277191E-05
vn -0 1 0
vn -1.14440918E-05 1 -1.75237656E-05
vn -0 1 0
vn -0 1 0
vn -0 1 0
vn -0 1 0
vn -0 1 4.02331352E-05
vn -0 1 0
vn -3.05175781E-05 1 9.35196877E-05
vn -0.000142931938 1 0.000149011612
vn -0.000175356865 1 8.82744789E-05
vn -0 1 0
vn -0.000172734261 1 -2.96235085E-05
vn -0.000137209892 1 -0.000148653984
vn -9.65595245E-05 1 -0.000213384628
vn -1.22189522E-05 1 -0.000183939934
vn 6.00218773E-05 1 -8.04662704E-05
vn -0 1 0
vn 3.40938568E-05 1 -2.90870667E-05
vn -0 1 0
vn -0 1 0
vn -1.98483467E-05 1 2.31266022E-05
vn -0 1 0
vn -0 1 0
vn -0 1 0
vn -0 1 0
vn -0 1 -2.65836716E-05
vn -0 1 0
vn -0 1 0
vn -0 1 0
vn -0 1 0
vn -0 1 0
vn -0 1 0
vn -0 1 0
vn -0 1 0
vn 1.34706497E-05 1 0
vn -1.35302544E-05 1 0
vn -0 1 0
vn -0 1 0
vn -0 1 0
vn 1.34110451E-05 1 0
vn -0 1 0
vn -0 1 0
vn -1.71065331E-05 1 0
vn -0 1 0
vn -0 1 -2.74181366E-05
vn 1.87754631E-05 1 -1.01923943E-05
vn -0 1 0
vn -0 1 0
vn -0 1 0
vn -0 1 0
vn -0 1 0
vn -0 1 0
vn -0 1 0
vn -0 1 0
vn -0 1 0
vn -0 1 0
vn 1.47819519E-05 1 3.73721123E-05
vn -0 1 1.60336494E-05
vn -2.99215317E-05 1 2.43782997E-05
vn -2.68220901E-05 1 0
vn -0 1 0
vn -0 1 0
vn -0 1 0
vn -0 1 0
vn -0 1 0
vn 1.3589859E-05 1 0
vn -0 1 0
vn -0 1 0
vn -1.38282776E-05 1 0
vn -0 1 0
vn -0 1 1.13248825E-05
vn -0 1 -1.63912773E-05
vn -0 1 0
vn -0 1 0
vn -0 1 0
vn -0 1 0
vn -0 1 0
vn -0 1 0
vn -0 1 0
vn -0 1 0
vn -0 1 0
vn -0 1 0
vn -0 1 0
vn -0 1 0
vn -0 1 0
vn -0 1 0
vn -0 1 0
vn -0 1 0
vn -0 1 0
vn -0 1 0
vn -0 1 0
vn -0 1 0
vn -0 1 0
vn -0 1 0
vn -0 1 0
vn -0 1 0
vn -2.58088112E-05 1 0
vn -2.57492065E-05 1 0
vn -0 1 0
vn -0 1 0
vn -0 1 0
vn -0 1 0
vn 1.92523003E-05 1 1.65104866E-05
vn -0 1 0
vn -0 1 0
vn 1.91926956E-05 1 1.65700912E-05
vn -1.47819519E-05 1 -2.00271606E-05
vn -0 1 0
vn -0 1 0
vn -0 1 0
vn 1.49011612E-05 1 1.94311142E-05
vn -0 1 0
vn -0 1 0
vn -0 1 0
vn -0 1 0
vn -0 1 0
vn -0 1 0
vn -0 1 0
vn -0 1 0
vn -0 1 0
vn -0 1 0
vn -0 1 0
vn -0 1 0
vn -0 1 0
vn -0 1 0
vn 1.33514404E-05 1 0
vn -0 1 0
vn 1.06692314E-05 1 -4.94718552E-05
vn -0 1 -1.69873238E-05
vn -0 1 0
vn -0 1 0
vn -0 1 0
vn -0 1 0
vn -0 1 0
vn -0 1 0
vn -0 1 0
vn -0 1 0
vn -0 1 0
vn -0 1 0
vn -0 1 0
vn -0 1 0
vn -0 1 0
vn -0 1 0
vn -0 1 0
vn -0 1 0
vn -0 1 0
vn -0 1 0
vn -0 1 0
vn -0 1 -1.06692314E-05
vn -0 1 0
vn -0 1 0
vn -0 1 1.63912773E-05
vn -0 1 0
vn -0 1 0
vn -0 1 0
vn -0 1 0
vn -0 1 0
vn 1.0073185E-05 1 -1.12652779E-05
vn -0 1 0
vn -0 1 0
vn -0 1 0
vn -0 1 0
vn -0 1 0
vn -0 1 0
vn -0 1 0
vn -0 1 0
vn -0 1 0
vn -2.00867653E-05 1 1.07288361E-05
vn -0 1 0
vn -0 1 0
vn -0 1 0
vn -0 1 0
vn -0 1 0
vn -0 1 1.94907188E-05
vn -0 1 0
vn 1.71661377E-05 1 -1.09672546E-05
vn -0 1 0
vn -0 1 0
vn -0 1 0
vn -0 1 0
vn -0 1 0
vn -0 1 0
vn -0 1 0
vn -0 1 0
vn -0 1 0
vn -0 1 0
vn -0 1 0
vn -0 1 0
vn -0 1 0
vn -0 1 0
vn -0 1 0
vn -0 1 0
vn -0 1 0
vn -0 1 -1.8119812E-05
vn 2.9027462E-05 1 0.000151395798
vn -0 1 0
vn -0 1 0
vn -3.26633453E-05 1 0.000115990639
vn 2.45571136E-05 1 0.000130295753
vn -0.000118136406 1 0.000108063221
vn 9.78708267E-05 1 2.24113464E-05
vn -0 1 0
vn 5.620718E-05 1 -1.50203705E-05
vn -0 1 0
vn -0 1 0
vn 1.92523003E-05 1 0
vn -2.01463699E-05 1 0
vn -0 1 0
vn -1.92523003E-05 1 1.63316727E-05
vn -9.28044319E-05 1 0
vn -5.02467155E-05 1 -3.97562981E-05
vn -0 1 0
vn 2.87294388E-05 1 -1.80006027E-05
vn -0 1 0
vn -0 1 -1.06692314E-05
vn -0 1 0
vn -0 1 0
vn -0 1 0
vn -0 1 0
vn -2.06232071E-05 1 2.75969505E-05
vn -1.74641609E-05 1 2.58088112E-05
vn -0 1 0
vn 3.20076942E-05 1 -2.06232071E-05
vn 3.09944153E-05 1 -1.9967556E-05
vn -0 1 0
vn -0 1 0
vn -0 1 0
vn -0 1 2.31862068E-05
vn -0 1 0
vn 2.71201134E-05 1 0
vn 4.11272049E-05 1 3.96370888E-05
vn -0 1 2.30073929E-05
vn 1.28746033E-05 1 1.090765E-05
vn -2.04443932E-05 1 0
vn -0 1 0
vn -0 1 0
vn 2.19941139E-05 1 0
vn -0 1 0
vn -2.31266022E-05 1 1.61528587E-05
vn -1.88946724E-05 1 0
vn -0 1 0
vn -2.60472298E-05 1 -1.25169754E-05
vn 2.67028809E-05 1 0
vn -0 -1 0
vn -0 -1 0
vn -0 -1 0
vn -0 -1 0
vn -0 -1 0
vn -0 -1 0
vn -0 -1 0
vn -0 -1 0
vn -0 -1 0
vn -0 -1 0
vn -1.38282776E-05 -1 0
vn -0 -1 0
vn -0 -1 0
vn 1.3589859E-05 -1 0
vn -0 -1 0
vn -0 -1 0
vn -0 -1 0
vn -0 -1 1.12056732E-05
vn -0 -1 -1.66296959E-05
vn -0 -1 0
vn -0 -1 0
vn -0 -1 0
vn -0 -1 0
vn -0 -1 0
vn -0 -1 1.57356262E-05
vn -0 -1 0
vn -0 -1 0
vn -0 -1 0
vn -0 -1 0
vn -0 -1 0
vn -0 -1 0
vn -0 -1 0
vn -2.69412994E-05 -1 0
vn -3.02195549E-05 -1 2.43186951E-05
vn 1.4603138E-05 -1 3.7252903E-05
vn -0 -1 0
vn -0 -1 0
vn -0 -1 0
vn -0 -1 0
vn -0 -1 0
vn -0 -1 0
vn -0 -1 0
vn -0 -1 0
vn -0 -1 0
vn -0 -1 0
vn -0 -1 0
vn -0 -1 0
vn -0 -1 0
vn 1.87754631E-05 -1 -1.02519989E-05
vn -0 -1 -2.78949738E-05
vn -0 -1 0
vn -0 -1 0
vn -1.70469284E-05 -1 0
vn -0 -1 0
vn -0 -1 0
vn 1.34110451E-05 -1 0
vn -0 -1 0
vn -0 -1 0
vn -1.34706497E-05 -1 0
vn 1.34110451E-05 -1 0
vn -0 -1 0
vn -0 -1 0
vn -0 -1 0
vn -0 -1 0
vn -0 -1 0
vn -0 -1 0
vn -0 -1 0
vn -0 -1 0
vn -0 -1 0
vn -0 -1 -2.67624855E-05
vn -0 -1 0
vn -0 -1 0
vn -0 -1 0
vn -0 -1 0
vn -1.97291374E-05 -1 2.29477882E-05
vn -0 -1 0
vn -0 -1 1.06692314E-05
vn -0 -1 0
vn -0 -1 0
vn -0 -1 0
vn 1.51991844E-05 -1 4.22000885E-05
vn -1.91926956E-05 -1 0
vn -0 -1 0
vn -0 -1 0
vn -0 -1 0
vn -0 -1 0
vn -0 -1 0
vn -0 -1 0
vn -0 -1 0
vn -0 -1 0
vn -0 -1 0
vn -0 -1 0
vn -0 -1 0
vn -0 -1 0
vn -0 -1 0
vn -1.01327896E-05 -1 0
vn -0 -1 0
vn -1.10864639E-05 -1 0
vn -3.36170197E-05 -1 -3.17692757E-05
vn -0 -1 -2.52723694E-05
vn -0 -1 0
vn 1.97887421E-05 -1 0
vn -0 -1 0
vn -0 -1 0
vn -0 -1 0
vn -0 -1 0
vn -0 -1 0
vn -0 -1 0
vn -0 -1 0
vn -0 -1 0
vn -0 -1 0
vn -0 -1 0
vn -0 -1 0
vn -0 -1 0
vn -0 -1 0
vn -0 -1 0
vn -0 -1 0
vn -0 -1 0
vn -0 -1 0
vn -0 -1 0
vn -0 -1 0
vn -0 -1 0
vn -0 -1 0
vn -0 -1 0
vn -0 -1 0
vn -0 -1 0
vn -0 -1 0
vn -0 -1 0
vn 1.43051147E-05 -1 0
vn -1.94311142E-05 -1 0
vn 1.4603138E-05 -1 0
vn -1.91926956E-05 -1 0
vn -0 -1 0
vn -0 -1 0
vn -1.57356262E-05 -1 -1.1742115E-05
vn -0 -1 0
vn -0 -1 0
vn -0 -1 0
vn 1.1920929E-05 -1 1.51991844E-05
vn -0 -1 0
vn -0 -1 0
vn -0 -1 0
vn -0 -1 0
vn -0 -1 0
vn -0 -1 -1.55568123E-05
vn -0 -1 0
vn -0 -1 0
vn -0 -1 0
vn -0 -1 0
vn -0 -1 0
vn -0 -1 0
vn -0 -1 0
vn -0 -1 1.47819519E-05
vn -0 -1 0
vn -0 -1 0
vn -0 -1 0
vn -0 -1 0
vn -0 -1 0
vn -0 -1 0
vn -0 -1 0
vn -0 -1 0
vn -0 -1 0
vn -0 -1 0
vn -0 -1 0
vn -0 -1 0
vn -0 -1 0
vn -0 -1 -1.37090683E-05
vn -0 -1 0
vn -0 -1 0
vn -0 -1 0
vn -0 -1 0
vn -0 -1 0
vn -0 -1 0
vn -0 -1 0
vn -0 -1 0
vn -0 -1 0
vn -0 -1 0
vn -0 -1 0
vn -0 -1 0
vn -0 -1 0
vn -0 -1 0
vn -0 -1 0
vn -0 -1 0
vn -0 -1 0
vn -0 -1 0
vn -0 -1 0
vn -0 -1 0
vn -0 -1 0
vn -0 -1 0
vn -0 -1 0
vn -0 -1 0
vn -0 -1 0
vn -0 -1 0
vn -0 -1 0
vn -0 -1 0
vn -0 -1 0
vn -0 -1 0
vn -0 -1 0
vn -0 -1 0
vn -0 -1 0
vn -0 -1 0
vn -0 -1 0
vn 1.33514404E-05 -1 -1.49607658E-05
vn -0 -1 0
vn -0 -1 -2.59280205E-05
vn -0 -1 -2.19345093E-05
vn -0 -1 0
vn -0 -1 0
vn -1.56164169E-05 -1 -1.50203705E-05
vn -0 -1 0
vn -2.38418579E-05 -1 0
vn -2.00867653E-05 -1 1.05500221E-05
vn -0 -1 0
vn 1.01327896E-05 -1 -1.15036964E-05
vn -0 -1 0
vn -2.14576721E-05 -1 2.29477882E-05
vn -0 -1 0
vn -0 -1 0
vn -0 -1 0
vn -0 -1 0
vn 1.7285347E-05 -1 -1.10864639E-05
vn -0 -1 0
vn -0 -1 1.60932541E-05
vn -0 -1 0
vn -0 -1 0
vn -0 -1 -1.090765E-05
vn -0 -1 0
vn -0 -1 0
vn -0 -1 0
vn -0 -1 0
vn -0 -1 0
vn -0 -1 0
vn -0 -1 0
vn -0 -1 0
vn -0 -1 0
vn -0 -1 0
vn -0 -1 0
vn -0 -1 0
vn -0 -1 0
vn -0 -1 0
vn -0 -1 0
vn -0 -1 0
vn -0 -1 0
vn -0 -1 0
vn -0 -1 0
vn -0 -1 -1.7285347E-05
vn 1.10864639E-05 -1 -5.01871109E-05
vn 1.32918358E-05 -1 0
vn -0 -1 0
vn -0 -1 0
vn -0 -1 0
vn -0 -1 0
vn -0 -1 0
vn -0 -1 0
vn -0 -1 0
vn -0 -1 0
vn -0 -1 0
vn -0 -1 0
vn -2.58088112E-05 -1 0
vn -2.58684158E-05 -1 0
vn -0 -1 0
vn 1.9133091E-05 -1 1.63316727E-05
vn -0 -1 0
vn 1.9133091E-05 -1 1.6272068E-05
vn -1.48415565E-05 -1 -2.03251839E-05
vn -0 -1 0
vn -0 -1 0
vn -0 -1 0
vn 1.47819519E-05 -1 1.9133091E-05
vn -0 -1 0
vn -0 -1 0
vn -0 -1 0
vn -0 -1 0
vn -0 -1 0
vn -0 -1 0
vn -0 -1 0
vn -0 -1 0
vn -0 -1 0
vn -0 -1 0
vn -2.60472298E-05 -1 -1.26361847E-05
vn 2.67028809E-05 -1 0
vn -0 -1 0
vn -1.03712082E-05 -1 0
vn -2.30073929E-05 -1 1.59144402E-05
vn -0 -1 0
vn -0 -1 0
vn 3.76701355E-05 -1 -2.0802021E-05
vn 5.00679016E-05 -1 1.84774399E-05
vn -0 -1 0
vn -0 -1 0
vn -0 -1 0
vn -0 -1 0
vn -0 -1 0
vn 3.11732292E-05 -1 -2.00867653E-05
vn 2.71201134E-05 -1 0
vn -0 -1 0
vn 3.21865082E-05 -1 -2.07424164E-05
vn -1.74641609E-05 -1 2.57492065E-05
vn -0 -1 0
vn -0 -1 0
vn -2.85506248E-05 -1 0
vn -0 -1 0
vn -0 -1 0
vn -1.68681145E-05 -1 2.49147415E-05
vn -0 -1 0
vn -0 -1 0
vn -0 -1 0
vn -0 -1 0
vn -0 -1 0
vn 2.74777412E-05 -1 0
vn -2.21729279E-05 -1 -2.64048576E-05
vn -0 -1 0
vn -1.9133091E-05 -1 1.61528587E-05
vn -3.23057175E-05 -1 0
vn -6.06179237E-05 -1 4.68492508E-05
vn -0 -1 -1.82986259E-05
vn -0 -1 4.10676003E-05
vn 1.99079514E-05 -1 7.14659691E-05
vn -0 -1 0
vn -0 -1 0
vn -0 -1 0
vn -0 -1 0
vn -0 -1 0
vn -1.66893005E-05 -1 5.56111336E-05
vn 4.25577164E-05 -1 0
vn -0 -1 0
vn 2.69412994E-05 -1 -1.4424324E-05
vn -0 -1 0
vn -0 -1 0
vn 1.92523003E-05 -1 0
vn -2.01463699E-05 -1 0
vn -0 -1 0
vn -0 -1 0
vn -0 -1 0
vn -0 -1 0
vn -0 -1 0
vn -0 -1 0
vn -0 -1 0
vn -0 -1 0
vn -0 -1 0
vn -0 -1 0
vn -0 -1 0
vn -0 -1 0
vn -0 -1 0
vn -0 -1 0
vn -0 -1 0
vn 0.920410156 0 0.390380859
vn 0.912109375 0 0.41015625
vn 0.912109375 0 0.41015625
vn 0.920410156 0 0.390380859
vn 0.939941406 0 0.341796875
vn 0.939941406 0 0.341796875
vn 0.957519531 0 0.288085938
vn 0.957519531 0 0.288085938
vn 0.972167969 0 0.233398438
vn 0.972167969 0 0.233398438
vn 0.983398438 0 0.182373047
vn 0.983398438 0 0.182373047
vn 0.990722656 0 0.134887695
vn 0.990722656 0 0.134887695
vn 0.997558594 0 0.0705566406
vn 0.997558594 0 0.0705566406
vn 1 0 0
vn 1 0 0
vn 0.997558594 0 -0.0705566406
vn 0.997558594 0 -0.0705566406
vn 0.990722656 0 -0.134887695
vn 0.990722656 0 -0.134887695
vn 0.983398438 0 -0.182373047
vn 0.983398438 0 -0.182373047
vn 0.972167969 0 -0.233276367
vn 0.972167969 0 -0.233276367
vn 0.957519531 0 -0.288085938
vn 0.957519531 0 -0.288085938
vn 0.939941406 0 -0.341796875
vn 0.939941406 0 -0.341796875
vn 0.8984375 0 -0.439453125
vn 0.8984375 0 -0.439453125
vn 0.496826172 0 -0.867675781
vn 0.496826172 0 -0.867675781
vn -0.496826172 0 -0.867675781
vn -0.496826172 0 -0.867675781
vn -0.8984375 0 -0.439453125
vn -0.8984375 0 -0.439453125
vn -0.939941406 0 -0.341796875
vn -0.939941406 0 -0.341796875
vn -0.957519531 0 -0.288085938
vn -0.957519531 0 -0.288085938
vn -0.972167969 0 -0.233276367
vn -0.972167969 0 -0.233276367
vn -0.983398438 0 -0.182373047
vn -0.983398438 0 -0.182373047
vn -0.990722656 0 -0.134887695
vn -0.990722656 0 -0.134887695
vn -0.997558594 0 -0.0705566406
vn -0.997558594 0 -0.0705566406
vn -1 0 0
vn -1 0 0
vn -0.997558594 0 0.0705566406
vn -0.997558594 0 0.0705566406
vn -0.990722656 0 0.134887695
vn -0.990722656 0 0.134887695
vn -0.983398438 0 0.182373047
vn -0.983398438 0 0.182373047
vn -0.972167969 0 0.233276367
vn -0.972167969 0 0.233276367
vn -0.957519531 0 0.288085938
vn -0.957519531 0 0.288085938
vn -0.939941406 0 0.341796875
vn -0.939941406 0 0.341796875
vn -0.920898438 0 0.390380859
vn -0.920898438 0 0.390380859
vn -0.912109375 0 0.41015625
vn -0.912109375 0 0.41015625
vn -0 1 0
vn -0 1 0
vn -0 1 0
vn -0 1 0
vn -0 1 0
vn -0 1 0
vn -0 1 0
vn -0 1 0
vn -0 1 0
vn -0 1 0
vn -0 1 0
vn -0 1 0
vn -0 1 0
vn -0 1 0
vn -0 1 0
vn -0 1 0
vn -0 1 0
vn -0 1 0
vn -0 1 0
vn -0 1 0
vn -0 1 0
vn -0 1 0
vn -0 1 0
vn -0 1 0
vn -0 1 0
vn -0 1 0
vn -0 1 0
vn -0 1 0
vn -0 1 0
vn -0 1 0
vn -0 1 0
vn -0 1 0
vn -0 1 0
vn -0 1 0
vn -0 1 0
vn -0 1 0
vn -0 1 0
vn -0 1 0
vn -0 1 0
vn -0 1 0
vn -0 1 0
vn -0.103820801 0.994628906 -0.00025844574
vn -0 1 0
vn -0.104064941 0.994628906 -9.67979431E-05
vn -0 1 0
vn -0.400878906 0.916015625 -0.000998497009
vn -0.0966796875 0.995117188 -0.0099029541
vn -0 1 0
vn -0.401367188 0.916015625 -0.000373840332
vn -0.7265625 0.687011719 -0.00180912018
vn -0.101135254 0.994628906 -0.0253448486
vn -0 1 0
vn -0.7265625 0.687011719 -0.000678062439
vn -0.931152344 0.364746094 -0.00231933594
vn -0.388427734 0.920410156 -0.041809082
vn -0.0936279297 0.995117188 -0.0340270996
vn -0 1 0
vn -0.931152344 0.364501953 -0.000869750977
vn -0.995605469 0.0924072266 -0.00247955322
vn -0.717285156 0.691894531 -0.0790405273
vn -0.392333984 0.914550781 -0.100341797
vn -0.0872802734 0.995117188 -0.0451660156
vn -0 1 0
vn -0.995605469 0.0924072266 -0.00093126297
vn -0.995605469 -0.0924072266 -0.00247955322
vn -0.924316406 0.367431641 -0.102539062
vn -0.708984375 0.681152344 -0.183959961
vn -0.368652344 0.918945312 -0.140380859
vn -0.0671386719 0.99609375 -0.0545043945
vn -0 1 0
vn -0.995605469 -0.0924072266 -0.00093126297
vn -0.931152344 -0.364746094 -0.00231933594
vn -0.989746094 0.0925292969 -0.10925293
vn -0.902832031 0.358642578 -0.236450195
vn -0.673828125 0.689941406 -0.265380859
vn -0.342773438 0.921875 -0.180297852
vn -0.0541992188 0.995605469 -0.07421875
vn -0 1 0
vn -0.931152344 -0.364501953 -0.000869750977
vn -0.7265625 -0.687011719 -0.00180912018
vn -0.989746094 -0.0925292969 -0.10925293
vn -0.963378906 0.0903320312 -0.252685547
vn -0.86328125 0.365722656 -0.347412109
vn -0.629882812 0.700195312 -0.3359375
vn -0.279541016 0.932617188 -0.227294922
vn -0.7265625 -0.687011719 -0.000678062439
vn -0.400878906 -0.916015625 -0.000997543335
vn -0.924316406 -0.367431641 -0.102539062
vn -0.963378906 -0.0903320312 -0.252685547
vn -0.923339844 0.0920410156 -0.372802734
vn -0.815917969 0.375732422 -0.438964844
vn -0.536132812 0.72265625 -0.436279297
vn -0.21887207 0.928222656 -0.300048828
vn -0.401367188 -0.916015625 -0.000373840332
vn -0.103820801 -0.994628906 -0.000258207321
vn -0.717285156 -0.691894531 -0.0790405273
vn -0.902832031 -0.358642578 -0.236450195
vn -0.923339844 -0.0920410156 -0.372802734
vn -0.875976562 0.0956420898 -0.47265625
vn -0.712402344 0.395019531 -0.580078125
vn -0.104064941 -0.994628906 -9.66787338E-05
vn -0 -1 0
vn -0 -1 0
vn -0.388427734 -0.920410156 -0.041809082
vn -0.0966796875 -0.995117188 -0.0099029541
vn -0 -1 0
vn -0.708984375 -0.681152344 -0.183959961
vn -0.101135254 -0.994628906 -0.0253448486
vn -0 -1 0
vn -0.392333984 -0.914550781 -0.100341797
vn -0.86328125 -0.365722656 -0.347412109
vn -0.0936279297 -0.995117188 -0.0340270996
vn -0 -1 0
vn -0.368652344 -0.918945312 -0.140380859
vn -0.673828125 -0.689941406 -0.265380859
vn -0.875976562 -0.0956420898 -0.47265625
vn -0.0872802734 -0.995117188 -0.0451660156
vn -0 -1 0
vn -0.815917969 -0.375732422 -0.438964844
vn -0.342773438 -0.921875 -0.180297852
vn -0.629882812 -0.700195312 -0.3359375
vn -0.771484375 0.100524902 -0.627929688
vn -0.0671386719 -0.99609375 -0.0545043945
vn -0 -1 0
vn -0.771484375 -0.100524902 -0.627929688
vn -0.712402344 -0.395019531 -0.580078125
vn -0.279541016 -0.932617188 -0.227294922
vn -0.536132812 -0.72265625 -0.436279297
vn -0.0541992188 -0.995605469 -0.07421875
vn -0 -1 0
vn -0.21887207 -0.928222656 -0.300048828
vn -0.412353516 -0.714355469 -0.565429688
vn -0.54296875 -0.388183594 -0.744628906
vn -0.586425781 -0.0989990234 -0.804199219
vn -0.0457763672 -0.995605469 -0.0839233398
vn -0 -1 0
vn -0.181152344 -0.92578125 -0.332275391
vn -0.337402344 -0.709960938 -0.618652344
vn -0.441894531 -0.384521484 -0.810546875
vn -0.0476074219 -0.995117188 -0.0880737305
vn -0 -1 0
vn -0.18359375 -0.922363281 -0.339599609
vn -0.337158203 -0.705078125 -0.623535156
vn -0.0632324219 -0.994628906 -0.0833740234
vn -0 -1 0
vn -0.237548828 -0.919433594 -0.313232422
vn -0.0857543945 -0.994140625 -0.0637817383
vn -0 -1 0
vn -0.4765625 -0.0983276367 -0.873535156
vn -0.439453125 -0.381347656 -0.813476562
vn -0.430175781 -0.702148438 -0.567382812
vn -0.317626953 -0.91796875 -0.236450195
vn -0.102661133 -0.994140625 -0.031829834
vn -0 -1 -1.37090683E-05
vn -0.473144531 -0.0979003906 -0.875488281
vn -0.55859375 -0.379638672 -0.737304688
vn -0.571777344 -0.701171875 -0.426025391
vn -0.379150391 -0.91796875 -0.117553711
vn -0.108642578 -0.994140625 0.00899505615
vn -0 -1 0
vn -0.601074219 -0.0979614258 -0.79296875
vn -0.7421875 -0.379150391 -0.552734375
vn -0.681640625 -0.700683594 -0.211425781
vn -0.397705078 -0.916992188 0.0326843262
vn -0.0955200195 -0.994140625 0.0545959473
vn -0 -1 0
vn -0.798339844 -0.0981445312 -0.594238281
vn -0.883789062 -0.37890625 -0.274414062
vn -0.711914062 -0.699707031 0.0581359863
vn -0.347167969 -0.916503906 0.198730469
vn -0.0654907227 -0.994140625 0.0842285156
vn -0 -1 0
vn -0.950683594 -0.0982055664 -0.294921875
vn -0.922363281 -0.37890625 0.0750732422
vn -0.619628906 -0.700195312 0.354980469
vn -0.242675781 -0.918457031 0.312988281
vn -0.0457458496 -0.995117188 0.0878295898
vn -0 -1 0
vn -0.991699219 -0.0983276367 0.0807495117
vn -0.802734375 -0.379150391 0.460205078
vn -0.436523438 -0.701171875 0.563964844
vn -0.177490234 -0.923339844 0.340820312
vn -0.0485534668 -0.995605469 0.0774536133
vn -0 -1 0
vn -0.86328125 -0.0986328125 0.494873047
vn -0.565917969 -0.379150391 0.731933594
vn -0.326660156 -0.706542969 0.627929688
vn -0.196411133 -0.928710938 0.313964844
vn -0.0631713867 -0.99609375 0.0599060059
vn -0 -1 0
vn -0.608398438 -0.0980834961 0.787597656
vn -0.426513672 -0.382324219 0.819824219
vn -0.370361328 -0.715332031 0.592285156
vn -0.262207031 -0.932617188 0.248779297
vn -0.0790405273 -0.99609375 0.0404968262
vn -0 -1 0
vn -0.459228516 -0.0980224609 0.8828125
vn -0.488037109 -0.389160156 0.78125
vn -0.501464844 -0.722167969 0.4765625
vn -0.324951172 -0.931152344 0.166259766
vn -0.0889282227 -0.995605469 0.0225067139
vn -0 -1 0
vn -0.52734375 -0.0992431641 0.84375
vn -0.666015625 -0.39453125 0.6328125
vn -0.618652344 -0.719238281 0.31640625
vn -0.359619141 -0.928710938 0.0908813477
vn -0.0938720703 -0.995605469 0.00918579102
vn -0 -1 0
vn -0.721191406 -0.100524902 0.685546875
vn -0.818847656 -0.392333984 0.418945312
vn -0.677734375 -0.71484375 0.171264648
vn -0.374267578 -0.926757812 0.0365905762
vn -0.0966796875 -0.995117188 0.00199317932
vn -0 -1 1.47819519E-05
vn -0.885742188 -0.100036621 0.453125
vn -0.893554688 -0.388671875 0.225585938
vn -0.699707031 -0.711425781 0.068359375
vn -0.380371094 -0.924804688 0.00774002075
vn -0.098815918 -0.995117188 0.00131034851
vn -0 -1 0
vn -0.96484375 -0.0991210938 0.243652344
vn -0.918457031 -0.385742188 0.0896606445
vn -0.705566406 -0.708496094 0.0143203735
vn -0.384033203 -0.923339844 0.00508499146
vn -0.101013184 -0.994628906 0.00846862793
vn -0 -1 -1.55568123E-05
vn -0.990234375 -0.0985717773 0.0967407227
vn -0.923339844 -0.383789062 0.0187072754
vn -0.708007812 -0.706542969 0.00936126709
vn -0.38671875 -0.921386719 0.0324707031
vn -0.101074219 -0.994628906 0.0262145996
vn -0 -1 0
vn -0.995117188 -0.0982055664 0.0201416016
vn -0.923828125 -0.382080078 0.0122070312
vn -0.707519531 -0.704101562 0.059387207
vn -0.380126953 -0.919433594 0.0985107422
vn -0.0924072266 -0.994140625 0.0526123047
vn 1.1920929E-05 -1 1.51991844E-05
vn -0.995117188 -0.0979614258 0.0131378174
vn -0.921386719 -0.380859375 0.077331543
vn -0.689453125 -0.702148438 0.178466797
vn -0.34375 -0.918457031 0.195556641
vn -0.073059082 -0.994140625 0.0765991211
vn -0 -1 0
vn -0.991699219 -0.0978393555 0.0832519531
vn -0.895507812 -0.379394531 0.231689453
vn -0.620117188 -0.701171875 0.352539062
vn -0.272460938 -0.918945312 0.285888672
vn -0.051940918 -0.994628906 0.0893554688
vn -1.57356262E-05 -1 -1.1742115E-05
vn -0.963378906 -0.0979003906 0.249267578
vn -0.8046875 -0.379150391 0.457275391
vn -0.491699219 -0.701171875 0.516113281
vn -0.196411133 -0.920410156 0.338378906
vn -0.0380859375 -0.995117188 0.0930786133
vn -0 -1 0
vn -0.865234375 -0.0980224609 0.491699219
vn -0.638183594 -0.379150391 0.669921875
vn -0.356933594 -0.702636719 0.615234375
vn -0.146484375 -0.922363281 0.358154297
vn -0.033416748 -0.995117188 0.091796875
vn -0 -1 0
vn -0.686523438 -0.0979614258 0.720703125
vn -0.464111328 -0.379882812 0.800292969
vn -0.268554688 -0.705078125 0.656738281
vn -0.130737305 -0.924316406 0.359130859
vn -0.0377502441 -0.995605469 0.0862426758
vn -0 -1 0
vn -0.499267578 -0.0978393555 0.860839844
vn -0.349853516 -0.381103516 0.85546875
vn -0.241699219 -0.707519531 0.6640625
vn -0.150512695 -0.926757812 0.344238281
vn -0.0491027832 -0.995605469 0.0773925781
vn -0 -1 0
vn -0.376708984 -0.0979003906 0.921386719
vn -0.315917969 -0.383056641 0.868164062
vn -0.281494141 -0.711425781 0.643554688
vn -0.198730469 -0.928710938 0.313232422
vn -0.0623474121 -0.995605469 0.0689697266
vn -0 -1 0
vn -0.340332031 -0.0980834961 0.935058594
vn -0.369384766 -0.385986328 0.845214844
vn -0.374511719 -0.71484375 0.590332031
vn -0.250488281 -0.927734375 0.276855469
vn -0.0717163086 -0.995605469 0.0631103516
vn -0 -1 0
vn -0.3984375 -0.0986328125 0.911621094
vn -0.493652344 -0.388671875 0.777832031
vn -0.470214844 -0.713378906 0.520019531
vn -0.283935547 -0.92578125 0.24987793
vn -0.0760498047 -0.995117188 0.0609436035
vn -0 -1 0
vn -0.533203125 -0.0991821289 0.840332031
vn -0.618652344 -0.387207031 0.68359375
vn -0.528808594 -0.709960938 0.465332031
vn -0.297607422 -0.924316406 0.238647461
vn -0.0766601562 -0.995117188 0.0624389648
vn -0 -1 0
vn -0.667480469 -0.0988769531 0.737792969
vn -0.692871094 -0.384765625 0.609863281
vn -0.551269531 -0.708007812 0.441650391
vn -0.297607422 -0.923339844 0.242431641
vn -0.0741577148 -0.995117188 0.0672607422
vn -0 -1 0
vn -0.747070312 -0.0983886719 0.657226562
vn -0.720703125 -0.383300781 0.577636719
vn -0.548828125 -0.706542969 0.446777344
vn -0.285888672 -0.922363281 0.259277344
vn -0.068359375 -0.995117188 0.0740966797
vn -0 -1 0
vn -0.776367188 -0.0981445312 0.622558594
vn -0.716308594 -0.382324219 0.583496094
vn -0.524902344 -0.705566406 0.476074219
vn -0.262451172 -0.921875 0.284423828
vn -0.0606994629 -0.995117188 0.0800170898
vn -0 -1 0
vn -0.771484375 -0.0980224609 0.628417969
vn -0.684570312 -0.381835938 0.62109375
vn -0.480957031 -0.705078125 0.520996094
vn -0.233520508 -0.922363281 0.307617188
vn -0.0587158203 -0.995605469 0.0715942383
vn 1.97887421E-05 -1 0
vn -0.06640625 -0.997070312 0.032989502
vn -0 -1 -2.52723694E-05
vn -3.36170197E-05 -1 -3.17692757E-05
vn -1.10864639E-05 -1 0
vn -1.01327896E-05 -1 0
vn -0.238037109 -0.927734375 0.287841797
vn -0.428466797 -0.705566406 0.564453125
vn -0.100708008 -0.994628906 0.0254974365
vn -0 -1 0
vn -0.297851562 -0.942871094 0.149536133
vn -0.448242188 -0.712402344 0.540039062
vn -0.0934448242 -0.994628906 0.0488586426
vn -0 -1 0
vn -0.379882812 -0.919921875 0.0956420898
vn -0.597167969 -0.743652344 0.30078125
vn -0.0788574219 -0.994628906 0.0664672852
vn -0 -1 0
vn -0.349365234 -0.918945312 0.182861328
vn -0.689941406 -0.702636719 0.172973633
vn -0.0677490234 -0.995117188 0.0744628906
vn -0 -1 0
vn -0.298828125 -0.920410156 0.251953125
vn -0.631835938 -0.701171875 0.330566406
vn -0.0625610352 -0.995117188 0.0758056641
vn -0 -1 0
vn -0.260498047 -0.921875 0.286376953
vn -0.543945312 -0.702636719 0.458740234
vn -0.00671768188 -1 -0.00241088867
vn -0 -1 0
vn -0 -1 0
vn -0 -1 0
vn -0 -1 0
vn -0 -1 0
vn -1.91926956E-05 -1 0
vn 1.51991844E-05 -1 4.22000885E-05
vn -0 -1 1.06692314E-05
vn -0.477539062 -0.704589844 0.524902344
vn 0.00241851807 -0.995117188 -0.0967407227
vn -0 -1 0
vn 0.000947952271 -0.995117188 -0.0998535156
vn -0 -1 0
vn -0.0122451782 -0.994628906 -0.102600098
vn -0 -1 0
vn -0.0385131836 -0.994140625 -0.0993041992
vn -0 -1 0
vn -0.0688476562 -0.994140625 -0.0822753906
vn -1.97291374E-05 -1 2.29477882E-05
vn -0.0899658203 -0.994140625 -0.0560913086
vn -0 -1 0
vn -0.100830078 -0.994628906 -0.0293731689
vn -0 -1 0
vn -0.105834961 -0.994140625 -0.0012922287
vn -0 -1 0
vn -0.102294922 -0.994140625 0.0308837891
vn -0 -1 -2.67624855E-05
vn -0.0872802734 -0.994140625 0.0606079102
vn -0 -1 0
vn -0.0676879883 -0.994628906 0.0786743164
vn -0 -1 0
vn -0.053314209 -0.995117188 0.0857543945
vn -0 -1 0
vn -0.0463256836 -0.995117188 0.0875244141
vn -0 -1 0
vn -0.0447692871 -0.995117188 0.0866088867
vn -0 -1 0
vn -0.0477294922 -0.995605469 0.082824707
vn 1.34110451E-05 -1 0
vn -0.0555419922 -0.995605469 0.0739135742
vn -0 -1 0
vn -0.0672607422 -0.99609375 0.0560302734
vn -0 -1 0
vn -0.081237793 -0.99609375 0.0354003906
vn -0 -1 0
vn -0.090637207 -0.995605469 0.017074585
vn -0 -1 -2.78949738E-05
vn -0.0931396484 -0.995605469 0.00208282471
vn -0 -1 0
vn -0.0939331055 -0.995605469 -0.0103683472
vn -0 -1 0
vn -0.0951538086 -0.995117188 -0.0179748535
vn -0 -1 0
vn -0.0980224609 -0.995117188 -0.0179595947
vn -0 -1 0
vn -0.101806641 -0.994628906 -0.00869750977
vn -0 -1 1.57356262E-05
vn -0.102905273 -0.994628906 0.00742721558
vn -0 -1 0
vn -0.0993652344 -0.994628906 0.0227508545
vn -0 -1 -1.66296959E-05
vn -0.0944824219 -0.995117188 0.0299835205
vn -0 -1 0
vn -0.0922851562 -0.995117188 0.0283355713
vn -0 -1 0
vn -0.0924072266 -0.995605469 0.0204772949
vn -0 -1 0
vn -0.0930786133 -0.995605469 0.0085144043
vn -0 -1 0
vn -0.0921630859 -0.995605469 -0.00637054443
vn -0 -1 0
vn -0.0882568359 -0.995605469 -0.0233764648
vn -0 -1 0
vn -0.080871582 -0.99609375 -0.0408325195
vn -0 -1 0
vn -0.029083252 -0.998046875 -0.0516052246
vn -0 -1 0
vn -0 -1 0
vn 0.00453567505 -0.995605469 -0.0913085938
vn -0 -1 0
vn 0.0219573975 -0.995605469 -0.0884399414
vn -2.58088112E-05 -1 0
vn 0.0394592285 -0.995605469 -0.0833740234
vn -2.58684158E-05 -1 0
vn 0.0540161133 -0.995605469 -0.0749511719
vn 1.9133091E-05 -1 1.63316727E-05
vn 0.0663452148 -0.995605469 -0.0649414062
vn 1.9133091E-05 -1 1.6272068E-05
vn 0.0759887695 -0.995605469 -0.057434082
vn -1.48415565E-05 -1 -2.03251839E-05
vn 0.080871582 -0.995117188 -0.0573425293
vn -0 -1 0
vn 0.0780029297 -0.994628906 -0.0660400391
vn 1.47819519E-05 -1 1.9133091E-05
vn 0.0665283203 -0.994628906 -0.0798950195
vn -0 -1 0
vn 0.0482177734 -0.994628906 -0.0925292969
vn -0 -1 0
vn 0.0281066895 -0.994628906 -0.0994873047
vn -0 -1 0
vn 0.011177063 -0.994628906 -0.101501465
vn -0 -1 0
vn -0.00184726715 -0.994628906 -0.101196289
vn -0 -1 0
vn -0.0141830444 -0.994628906 -0.100646973
vn -0 -1 0
vn -0.0321960449 -0.994628906 -0.0989379883
vn -0 -1 0
vn -0.0626220703 -0.994140625 -0.0883178711
vn -0 -1 0
vn -0.096496582 -0.993652344 -0.0547790527
vn -0 -1 0
vn -0.109375 -0.994140625 -0.00588989258
vn -0 -1 0
vn -0.100646973 -0.994628906 0.0310058594
vn -0 -1 0
vn -0.0892944336 -0.994628906 0.049041748
vn -0 -1 0
vn -0.08203125 -0.995117188 0.0578308105
vn -0 -1 0
vn -0.0769042969 -0.995117188 0.064453125
vn -0 -1 0
vn -0.0706176758 -0.994628906 0.0732421875
vn -0 -1 0
vn -0.0581970215 -0.994628906 0.0864868164
vn -0 -1 0
vn -0.0364685059 -0.994628906 0.0986938477
vn -0 -1 0
vn -0.0155639648 -0.994628906 0.101013184
vn -0 -1 0
vn -0.00946807861 -0.995117188 0.0963745117
vn -0 -1 0
vn -0.0169830322 -0.995605469 0.0921020508
vn -0 -1 0
vn -0.0284118652 -0.995605469 0.08984375
vn -0 -1 0
vn -0.0347290039 -0.995117188 0.0917358398
vn -0 -1 0
vn -0.0122451782 -1 0.00108528137
vn 1.32918358E-05 -1 0
vn 1.10864639E-05 -1 -5.01871109E-05
vn -0 -1 -1.7285347E-05
vn -0 -1 0
vn -0 -1 0
vn -0 -1 0
vn -0 -1 0
vn -0.050994873 -0.995117188 -0.0841674805
vn -0 -1 0
vn -0.0586547852 -0.994628906 -0.0831298828
vn -0 -1 0
vn -0.0706787109 -0.994628906 -0.0745239258
vn -0 -1 0
vn -0.0825195312 -0.994628906 -0.0617675781
vn -0 -1 0
vn -0.0905761719 -0.994628906 -0.047454834
vn -0 -1 0
vn -0.0939941406 -0.995117188 -0.0359802246
vn -0 -1 0
vn -0.0935668945 -0.995117188 -0.0304718018
vn -0 -1 0
vn -0.0897216797 -0.995605469 -0.0325622559
vn -0 -1 0
vn -0.0748291016 -0.99609375 -0.0448913574
vn -0 -1 0
vn -0.0507507324 -0.996582031 -0.0646362305
vn -0 -1 0
vn -0.0421142578 -0.995117188 -0.0884399414
vn -2.00867653E-05 -1 1.05500221E-05
vn -0.0480957031 -0.995117188 -0.0889282227
vn -0 -1 0
vn -0.0637817383 -0.994628906 -0.0823974609
vn 1.7285347E-05 -1 -1.10864639E-05
vn -0.0869750977 -0.994140625 -0.0629882812
vn -0 -1 0
vn -0.105407715 -0.994140625 -0.0268707275
vn -0 -1 0
vn -0.106384277 -0.994140625 0.0133743286
vn -0 -1 0
vn -0.0956420898 -0.994628906 0.0437011719
vn -0 -1 0
vn -0.0805664062 -0.994628906 0.0686035156
vn -0 -1 0
vn -0.0535583496 -0.994140625 0.0946655273
vn -0 -1 0
vn -0.00870513916 -0.994140625 0.109558105
vn -0 -1 0
vn 0.0341796875 -0.994140625 0.10168457
vn -0 -1 0
vn 0.057220459 -0.994628906 0.0858154297
vn -0 -1 0
vn 0.0654907227 -0.995117188 0.0756225586
vn -0 -1 0
vn 0.0657958984 -0.995117188 0.0719604492
vn -0 -1 0
vn 0.0584411621 -0.995605469 0.0735473633
vn -0 -1 0
vn 0.0402832031 -0.99609375 0.0787353516
vn -0 -1 0
vn 0.0124282837 -0.996582031 0.0832519531
vn -0 -1 0
vn -0.0148239136 -0.99609375 0.0880737305
vn -0 -1 0
vn -0.0337219238 -0.995605469 0.0866088867
vn -0 -1 0
vn -0.0455627441 -0.995605469 0.0830688477
vn -0 -1 0
vn -0.0530090332 -0.995605469 0.0802001953
vn -0 -1 0
vn -0.0565490723 -0.995117188 0.0800170898
vn -0 -1 0
vn -0.0543518066 -0.995117188 0.0848999023
vn -0 -1 0
vn -0.041015625 -0.994628906 0.0963745117
vn 1.92523003E-05 -1 0
vn -0.0108108521 -0.994140625 0.10736084
vn -0 -1 0
vn 0.0269775391 -0.994140625 0.104003906
vn -2.01463699E-05 -1 0
vn 0.052734375 -0.994628906 0.0895385742
vn -0 -1 0
vn 0.0613098145 -0.995117188 0.0783691406
vn 2.69412994E-05 -1 -1.4424324E-05
vn -0.00463485718 -0.999511719 0.0302276611
vn 4.25577164E-05 -1 0
vn -1.66893005E-05 -1 5.56111336E-05
vn 1.99079514E-05 -1 7.14659691E-05
vn -0 -1 4.10676003E-05
vn -6.06179237E-05 -1 4.68492508E-05
vn -3.23057175E-05 -1 0
vn -0.0817871094 -0.995605469 0.0452880859
vn -2.21729279E-05 -1 -2.64048576E-05
vn -0.0885009766 -0.995117188 0.0419921875
vn -0 -1 0
vn -0.0885009766 -0.995117188 0.0477905273
vn -0 -1 0
vn -0.0826416016 -0.994628906 0.0622558594
vn -0 -1 0
vn -0.0660400391 -0.994140625 0.0828857422
vn -0 -1 0
vn -0.0372619629 -0.994140625 0.0998535156
vn 2.71201134E-05 -1 0
vn -0.00600814819 -0.994628906 0.104858398
vn -0 -1 0
vn 0.0281982422 -0.994140625 0.104248047
vn -2.85506248E-05 -1 0
vn -0.0108032227 -0.999023438 0.0440063477
vn -0 -1 0
vn -0 -1 0
vn -0 -1 0
vn 5.00679016E-05 -1 1.84774399E-05
vn 3.76701355E-05 -1 -2.0802021E-05
vn -0 -1 0
vn -0.0714111328 -0.994140625 0.0837402344
vn -1.03712082E-05 -1 0
vn -0.028213501 -0.994140625 0.104919434
vn -2.60472298E-05 -1 -1.26361847E-05
vn 0.0167999268 -0.994140625 0.10736084
vn 2.67028809E-05 -1 0
vn 0.0498962402 -0.994628906 0.0923461914
vn -0 -1 0
vn 0.0639648438 -0.995117188 0.0781860352
vn -2.30073929E-05 -1 1.59144402E-05
vn 0.0674438477 -0.995117188 0.0715942383
vn -0 -1 0
vn 0.0629882812 -0.995605469 0.0712280273
vn -0 -1 0
vn 0.0460205078 -0.99609375 0.0755004883
vn -0 -1 0
vn 0.0387573242 -0.995117188 0.0896606445
vn -0 -1 0
vn 0.0475769043 -0.994628906 0.0905761719
vn 3.11732292E-05 -1 -2.00867653E-05
vn 0.0657348633 -0.994628906 0.0814208984
vn 3.21865082E-05 -1 -2.07424164E-05
vn 0.0806884766 -0.994628906 0.0648193359
vn -1.74641609E-05 -1 2.57492065E-05
vn 0.0897216797 -0.994628906 0.0492858887
vn -1.68681145E-05 -1 2.49147415E-05
vn 0.0459594727 -0.997558594 0.049987793
vn -0 -1 0
vn -0 -1 0
vn -0 -1 0
vn -0 -1 0
vn 2.74777412E-05 -1 0
vn 0.0523681641 -0.994140625 0.0944213867
vn -0 -1 0
vn 0.0773925781 -0.994628906 0.071105957
vn -1.9133091E-05 -1 1.61528587E-05
vn 0.0917358398 -0.994628906 0.0491638184
vn -0 -1 -1.82986259E-05
vn 0.0918579102 -0.995117188 0.03515625
vn -0 -1 0
vn 0.0162506104 -0.999511719 0.0330200195
vn -2.14576721E-05 -1 2.29477882E-05
vn -2.38418579E-05 -1 0
vn -1.56164169E-05 -1 -1.50203705E-05
vn -0 -1 -2.19345093E-05
vn -0 -1 -2.59280205E-05
vn 1.33514404E-05 -1 -1.49607658E-05
vn -0.0285644531 -0.995117188 0.0942993164
vn -0 -1 0
vn -0.0209960938 -0.994628906 0.100402832
vn -0 -1 0
vn -0.00211524963 -0.994628906 0.104064941
vn -0 -1 0
vn 0.0186309814 -0.994628906 0.10168457
vn -0 -1 0
vn 0.0335998535 -0.994628906 0.0958862305
vn -0 -1 0
vn 0.043762207 -0.995117188 0.0909423828
vn -0 -1 0
vn 0.054473877 -0.994628906 0.0860595703
vn -0 -1 0
vn 0.0693359375 -0.994628906 0.0771484375
vn 1.01327896E-05 -1 -1.15036964E-05
vn 0.0872192383 -0.994628906 0.0596313477
vn -0 -1 0
vn 0.101074219 -0.994140625 0.032623291
vn -0 -1 0
vn 0.105285645 -0.994628906 0.00317001343
vn -0 -1 0
vn 0.101806641 -0.994628906 -0.0218048096
vn -0 -1 1.60932541E-05
vn 0.0946044922 -0.994628906 -0.0414733887
vn -0 -1 0
vn 0.0853881836 -0.994628906 -0.0569458008
vn -0 -1 -1.090765E-05
vn 0.075378418 -0.994628906 -0.0686645508
vn -0 -1 0
vn 0.0657348633 -0.994628906 -0.076965332
vn -0 -1 0
vn 0.0573425293 -0.995117188 -0.0824584961
vn -0 -1 0
vn 0.0544128418 -0.995605469 -0.0781860352
vn -0 -1 0
vn 0.0274658203 -0.999511719 -0.000818252563
vn -0 -1 0
vn -0 -1 0
vn -0 -1 0
vn -0 -1 0
vn -0 -1 0
vn -0 -1 0
vn 0.0567626953 -0.995605469 0.0748901367
vn -0 -1 0
vn 0.0533447266 -0.995117188 0.0815429688
vn -0 -1 0
vn 0.0528259277 -0.995117188 0.0822753906
vn -0 -1 0
vn 0.0534667969 -0.995117188 0.0824584961
vn -0 -1 0
vn 0.0561218262 -0.995117188 0.0817260742
vn -0 -1 0
vn 0.0633544922 -0.995117188 0.0787963867
vn -0 -1 0
vn 0.0791015625 -0.994628906 0.0687255859
vn -0 -1 0
vn 0.0981445312 -0.994140625 0.0433349609
vn -0 -1 1.12056732E-05
vn 0.106384277 -0.994140625 0.00816345215
vn -0 -1 0
vn 0.103393555 -0.994140625 -0.0266418457
vn -0 -1 0
vn 0.0877075195 -0.994140625 -0.0655517578
vn -0 -1 0
vn 0.0493469238 -0.994140625 -0.0986328125
vn -0 -1 0
vn 0.0050239563 -0.994140625 -0.107177734
vn -0 -1 0
vn -0.022567749 -0.994628906 -0.100646973
vn -0 -1 0
vn -0.0348510742 -0.995117188 -0.0941162109
vn -0 -1 0
vn -0.0380554199 -0.995117188 -0.0903930664
vn -0 -1 0
vn -0.0336914062 -0.995605469 -0.0892333984
vn -0 -1 0
vn -0.023727417 -0.995605469 -0.0906982422
vn -0 -1 0
vn -0.0122833252 -0.995605469 -0.0932617188
vn -1.38282776E-05 -1 0
vn -0.00305557251 -0.995605469 -0.0955200195
vn -0 -1 0
vn 0.00290489197 -0.995117188 -0.096496582
vn 1.3589859E-05 -1 0
vn 0.00740814209 -0.995117188 -0.0962524414
vn -0 -1 0
vn 0.0133743286 -0.995605469 -0.094543457
vn -0 -1 0
vn 0.0230560303 -0.995605469 -0.0906982422
vn -0 -1 0
vn 0.0370788574 -0.995605469 -0.0832519531
vn -0 -1 0
vn 0.0379943848 -0.999023438 -0.0130004883
vn -2.69412994E-05 -1 0
vn -3.02195549E-05 -1 2.43186951E-05
vn 1.4603138E-05 -1 3.7252903E-05
vn -0 -1 0
vn -0 -1 0
vn 0.0848388672 -0.995605469 0.040802002
vn -0 -1 0
vn 0.0795898438 -0.995605469 0.0505371094
vn -0 -1 0
vn 0.0720825195 -0.995605469 0.059753418
vn -0 -1 0
vn 0.061706543 -0.995605469 0.0690917969
vn -0 -1 0
vn 0.0498046875 -0.995605469 0.0781860352
vn 1.87754631E-05 -1 -1.02519989E-05
vn 0.039276123 -0.995605469 0.0858154297
vn -0 -1 0
vn 0.032043457 -0.995605469 0.0905151367
vn -1.70469284E-05 -1 0
vn 0.0284118652 -0.995117188 0.0930175781
vn -0 -1 0
vn 0.0281982422 -0.995117188 0.0942382812
vn 1.34110451E-05 -1 0
vn 0.0320739746 -0.995117188 0.094543457
vn -0 -1 0
vn 0.041809082 -0.994628906 0.0928955078
vn -1.34706497E-05 -1 0
vn 0.0585021973 -0.994628906 0.0861206055
vn -0 -1 0
vn 0.0774536133 -0.994628906 0.0709228516
vn -0 -1 0
vn 0.0897216797 -0.994628906 0.0515136719
vn -0 -1 0
vn 0.0935058594 -0.995117188 0.0373840332
vn -0 -1 0
vn 0.0941162109 -0.995117188 0.0308990479
vn -0 -1 0
vn 0.0942382812 -0.995117188 0.0284423828
vn -0 -1 0
vn 0.0944824219 -0.995117188 0.0272369385
vn -0 -1 0
vn 0.0953369141 -0.995117188 0.0256652832
vn -0 -1 0
vn 0.098449707 -0.995117188 0.0206756592
vn -0 -1 0
vn 0.104492188 -0.994628906 0.00483322144
vn -0 -1 0
vn 0.104003906 -0.994140625 -0.024520874
vn -0 -1 0
vn 0.0913085938 -0.994628906 -0.0523071289
vn -0 -1 0
vn 0.0765991211 -0.994628906 -0.0680541992
vn -0 -1 0
vn 0.0666503906 -0.995117188 -0.0750732422
vn -0 -1 0
vn 0.061340332 -0.995117188 -0.0776977539
vn -0 -1 0
vn 0.0593261719 -0.995117188 -0.0780639648
vn -0 -1 0
vn 0.0595092773 -0.995117188 -0.0772094727
vn -0 -1 0
vn 0.060760498 -0.995117188 -0.0762329102
vn -0 -1 0
vn 0.0611877441 -0.995117188 -0.0774536133
vn -0 -1 0
vn 0.0575256348 -0.995117188 -0.0830078125
vn -0 -1 0
vn 0.0462036133 -0.994628906 -0.0924072266
vn -0 -1 0
vn 0.0265655518 -0.994628906 -0.101074219
vn -1.94311142E-05 -1 0
vn 0.00449752808 -0.994628906 -0.103637695
vn -1.91926956E-05 -1 0
vn -0.012046814 -0.994628906 -0.101013184
vn 1.4603138E-05 -1 0
vn -0.020904541 -0.995117188 -0.0975952148
vn 1.43051147E-05 -1 0
vn -0.0237731934 -0.995117188 -0.0953369141
vn -0 -1 0
vn -0.0222167969 -0.995117188 -0.0944213867
vn -0 -1 0
vn -0.0162506104 -0.995605469 -0.0939331055
vn -0 -1 0
vn -0.00448989868 -0.995605469 -0.0926513672
vn -0 -1 0
vn 0.0154876709 -0.99609375 -0.0864868164
vn -0 -1 0
vn 0.0398254395 -0.99609375 -0.0778198242
vn -0 -1 0
vn 0.0599975586 -0.995605469 -0.0714111328
vn -0 -1 0
vn 0.0690917969 -0.995117188 -0.0678100586
vn -0 -1 0
vn 0.0326843262 -0.999511719 0.00191783905
vn -0 -1 0
vn -0 -1 0
vn -0 -1 0
vn -0 -1 0
vn -0 -1 0
vn -0 -1 0
vn -0 -1 0
vn 0.0769042969 -0.994628906 0.071472168
vn -0 -1 0
vn 0.0960693359 -0.994140625 0.0471801758
vn -0 -1 0
vn 0.103210449 -0.994628906 0.0177764893
vn -0 -1 0
vn 0.099609375 -0.995117188 0.00203895569
vn -0 -1 0
vn 0.0980224609 -0.995117188 -0.000985145569
vn -0 -1 0
vn 0.0978393555 -0.995117188 -0.000970363617
vn -0 -1 0
vn 0.0978393555 -0.995117188 -0.00060749054
vn -0 -1 0
vn 0.09765625 -0.995117188 3.07559967E-05
vn -0 -1 0
vn 0.0947265625 -0.995605469 0.00510787964
vn -0 -1 0
vn 0.0654907227 -0.997558594 0.0313720703
vn -0 -1 0
vn -0 -1 0
vn -0 -1 0
vn 0.0626831055 -0.995605469 0.0709228516
vn -0 -1 0
vn 0.0626831055 -0.995117188 0.0764160156
vn -0 -1 0
vn 0.0732421875 -0.994628906 0.0725097656
vn -0 -1 0
vn 0.0823974609 -0.994628906 0.0616149902
vn -0 -1 0
vn 0.0830078125 -0.995117188 0.0571899414
vn -0 -1 0
vn 0.0877685547 -0.994628906 0.0565185547
vn -0 -1 0
vn 0.0915527344 -0.994628906 0.0502929688
vn -0 -1 0
vn 0.0955200195 -0.994628906 0.0439758301
vn -0 -1 0
vn 0.0996704102 -0.994140625 0.0360412598
vn -0 -1 0
vn 0.106750488 -0.994140625 0.0228729248
vn -0 -1 0
vn 0.111877441 -0.993652344 0.0143661499
vn -0 -1 0
vn 0.413085938 -0.909179688 0.0530700684
vn 0.399658203 -0.912597656 0.0866699219
vn 0.729492188 -0.677734375 0.09375
vn 0.379150391 -0.915039062 0.137451172
vn 0.713378906 -0.68359375 0.155761719
vn 0.926269531 -0.358154297 0.119018555
vn 0.364501953 -0.916015625 0.168212891
vn 0.682617188 -0.6875 0.247924805
vn 0.91015625 -0.362548828 0.19934082
vn 0.987792969 -0.0913085938 0.126953125
vn 0.350097656 -0.916503906 0.192749023
vn 0.657714844 -0.688964844 0.303955078
vn 0.875 -0.365478516 0.318115234
vn 0.97265625 -0.0924072266 0.212890625
vn 0.987792969 0.0913085938 0.126953125
vn 0.335449219 -0.916992188 0.216308594
vn 0.633789062 -0.690429688 0.349121094
vn 0.844238281 -0.366943359 0.390380859
vn 0.97265625 0.0924072266 0.212890625
vn 0.926269531 0.358154297 0.119018555
vn 0.935546875 -0.0930175781 0.340087891
vn 0.323242188 -0.919921875 0.221923828
vn 0.606933594 -0.69140625 0.392089844
vn 0.91015625 0.362548828 0.19934082
vn 0.729492188 0.677734375 0.09375
vn 0.814453125 -0.367919922 0.448730469
vn 0.935546875 0.0930175781 0.340087891
vn 0.903808594 -0.0933837891 0.417724609
vn 0.314453125 -0.919433594 0.236206055
vn 0.713378906 0.68359375 0.155761719
vn 0.413085938 0.909179688 0.0530700684
vn 0.591796875 -0.696777344 0.405517578
vn 0.780761719 -0.368896484 0.504394531
vn 0.875 0.365478516 0.318115234
vn 0.903808594 0.0933837891 0.417724609
vn 0.872070312 -0.0936889648 0.48046875
vn 0.399658203 0.912597656 0.0866699219
vn 0.111877441 0.993652344 0.0143661499
vn 0.682617188 0.6875 0.247924805
vn 0.844238281 0.366943359 0.390380859
vn 0.872070312 0.0936889648 0.48046875
vn 0.836425781 -0.0939941406 0.540039062
vn 0.106750488 0.994140625 0.0228729248
vn -0 1 0
vn -0 1 0
vn 0.379150391 0.915039062 0.137451172
vn 0.0996704102 0.994140625 0.0360412598
vn -0 1 0
vn 0.657714844 0.688964844 0.303955078
vn 0.814453125 0.367919922 0.448730469
vn 0.0955200195 0.994628906 0.0439758301
vn -0 1 0
vn 0.364501953 0.916015625 0.168212891
vn 0.0915527344 0.994628906 0.0502929688
vn -0 1 0
vn 0.633789062 0.690429688 0.349121094
vn 0.350097656 0.916503906 0.192749023
vn 0.836425781 0.0939941406 0.540039062
vn 0.0877685547 0.994628906 0.0565185547
vn -0 1 0
vn 0.780761719 0.368896484 0.504394531
vn 0.606933594 0.69140625 0.392089844
vn 0.335449219 0.916992188 0.216308594
vn 0.0830078125 0.995117188 0.0571899414
vn -0 1 0
vn 0.323242188 0.919921875 0.221923828
vn 0.591796875 0.696777344 0.405517578
vn 0.765625 0.373046875 0.523925781
vn 0.821777344 0.094909668 0.562011719
vn 0.0823974609 0.994628906 0.0616149902
vn -0 1 0
vn 0.314453125 0.919433594 0.236206055
vn 0.571777344 0.698730469 0.430419922
vn 0.740234375 0.375732422 0.557617188
vn 0.0732421875 0.994628906 0.0725097656
vn -0 1 0
vn 0.277099609 0.920410156 0.275878906
vn 0.50390625 0.702636719 0.502929688
vn 0.0626831055 0.995117188 0.0764160156
vn -0 1 0
vn 0.243530273 0.923339844 0.296875
vn 0.0626831055 0.995605469 0.0709228516
vn -0 1 0
vn 0.0654907227 0.997558594 0.0314025879
vn -0 1 0
vn -0 1 0
vn -0 1 0
vn 0.25 0.926269531 0.281982422
vn 0.448974609 0.706542969 0.546875
vn 0.0947265625 0.995605469 0.00510787964
vn -0 1 0
vn 0.296875 0.944335938 0.142578125
vn 0.467041016 0.710449219 0.526367188
vn 0.09765625 0.995117188 3.09944153E-05
vn -0 1 0
vn 0.376464844 0.926269531 0.0205535889
vn 0.599609375 0.747070312 0.287841797
vn 0.0978393555 0.995117188 -0.000607013702
vn -0 1 0
vn 0.381835938 0.924316406 0.000123620033
vn 0.702636719 0.710449219 0.0385742188
vn 0.0978393555 0.995117188 -0.000970363617
vn -0 1 0
vn 0.382080078 0.924316406 -0.0023727417
vn 0.706542969 0.707519531 0.000233888626
vn 0.0980224609 0.995117188 -0.000985145569
vn -0 1 0
vn 0.382080078 0.924316406 -0.00379371643
vn 0.706542969 0.707519531 -0.00438690186
vn 0.099609375 0.995117188 0.00203895569
vn -0 1 0
vn 0.382568359 0.923828125 -0.00385093689
vn 0.706542969 0.707519531 -0.00701522827
vn 0.103210449 0.994628906 0.0177764893
vn -0 1 0
vn 0.385253906 0.922851562 0.00785064697
vn 0.70703125 0.707519531 -0.00712585449
vn 0.0960693359 0.994140625 0.0471801758
vn -0 1 0
vn 0.387451172 0.919433594 0.0664672852
vn 0.708007812 0.706054688 0.0143890381
vn 0.0769042969 0.994628906 0.071472168
vn -0 1 0
vn 0.355712891 0.91796875 0.174804688
vn 0.702148438 0.702148438 0.120056152
vn 0.0326843262 0.999511719 0.00191879272
vn -0 1 0
vn -0 1 0
vn -0 1 0
vn -0 1 0
vn -0 1 0
vn -0 1 0
vn -0 1 0
vn 0.640136719 0.701171875 0.314697266
vn 0.0690917969 0.995117188 -0.0678100586
vn -0 1 0
vn 0.0599975586 0.995605469 -0.0714111328
vn -0 1 0
vn 0.0398254395 0.99609375 -0.0778198242
vn -0 1 0
vn 0.0154876709 0.99609375 -0.0864868164
vn -0 1 0
vn -0.00448989868 0.995605469 -0.0926513672
vn -0 1 0
vn -0.0162506104 0.995605469 -0.0939331055
vn -0 1 0
vn -0.0222167969 0.995117188 -0.0944213867
vn -0 1 0
vn -0.0237731934 0.995117188 -0.0953369141
vn -0 1 0
vn -0.020904541 0.995117188 -0.0975952148
vn 1.42455101E-05 1 0
vn -0.012046814 0.994628906 -0.101013184
vn 1.4603138E-05 1 0
vn 0.00449752808 0.994628906 -0.103637695
vn -1.91926956E-05 1 0
vn 0.0265808105 0.994628906 -0.101074219
vn -1.93715096E-05 1 0
vn 0.0462036133 0.994628906 -0.0924072266
vn -0 1 0
vn 0.0575256348 0.995117188 -0.0830078125
vn -0 1 0
vn 0.0611877441 0.995117188 -0.0774536133
vn -0 1 0
vn 0.060760498 0.995117188 -0.0762329102
vn -0 1 0
vn 0.0595092773 0.995117188 -0.0772094727
vn -0 1 0
vn 0.0593261719 0.995117188 -0.0780639648
vn -0 1 0
vn 0.061340332 0.995117188 -0.0776977539
vn -0 1 0
vn 0.0666503906 0.995117188 -0.0750732422
vn -0 1 0
vn 0.0765991211 0.994628906 -0.0680541992
vn -0 1 0
vn 0.0913085938 0.994628906 -0.0523071289
vn -0 1 0
vn 0.104003906 0.994140625 -0.024520874
vn -0 1 0
vn 0.104492188 0.994628906 0.00483322144
vn -0 1 0
vn 0.098449707 0.995117188 0.0206756592
vn -0 1 0
vn 0.0953369141 0.995117188 0.0256652832
vn -0 1 0
vn 0.0944824219 0.995117188 0.0272369385
vn -0 1 0
vn 0.0942382812 0.995117188 0.0284423828
vn -0 1 0
vn 0.0941162109 0.995117188 0.0308990479
vn -0 1 0
vn 0.0935058594 0.995117188 0.0373840332
vn -0 1 0
vn 0.0897216797 0.994628906 0.0515136719
vn -0 1 0
vn 0.0774536133 0.994628906 0.0709228516
vn -0 1 0
vn 0.0585021973 0.994628906 0.0861206055
vn -0 1 0
vn 0.041809082 0.994628906 0.0928955078
vn -1.35302544E-05 1 0
vn 0.0320739746 0.995117188 0.094543457
vn -0 1 0
vn 0.0281982422 0.995117188 0.0942382812
vn 1.34110451E-05 1 0
vn 0.0284118652 0.995117188 0.0930175781
vn -0 1 0
vn 0.032043457 0.995605469 0.0905151367
vn -1.71065331E-05 1 0
vn 0.039276123 0.995605469 0.0858154297
vn -0 1 0
vn 0.0498046875 0.995605469 0.0781860352
vn 1.87754631E-05 1 -1.01923943E-05
vn 0.061706543 0.995605469 0.0690917969
vn -0 1 0
vn 0.0720825195 0.995605469 0.059753418
vn -0 1 0
vn 0.0795898438 0.995605469 0.0505371094
vn -0 1 0
vn 0.0848388672 0.995605469 0.040802002
vn -0 1 0
vn 0.0379943848 0.999023438 -0.0130004883
vn -0 1 0
vn -0 1 0
vn 1.47819519E-05 1 3.73721123E-05
vn -2.99215317E-05 1 2.43782997E-05
vn -2.68220901E-05 1 0
vn 0.0370788574 0.995605469 -0.0832519531
vn -0 1 0
vn 0.0230560303 0.995605469 -0.0906982422
vn -0 1 0
vn 0.0133743286 0.995605469 -0.094543457
vn -0 1 0
vn 0.00740814209 0.995117188 -0.0962524414
vn -0 1 0
vn 0.00290489197 0.995117188 -0.096496582
vn 1.3589859E-05 1 0
vn -0.00305557251 0.995605469 -0.0955200195
vn -0 1 0
vn -0.0122833252 0.995605469 -0.0932617188
vn -1.38282776E-05 1 0
vn -0.023727417 0.995605469 -0.0906982422
vn -0 1 0
vn -0.0336914062 0.995605469 -0.0892333984
vn -0 1 0
vn -0.0380554199 0.995117188 -0.0903930664
vn -0 1 0
vn -0.0348510742 0.995117188 -0.0941162109
vn -0 1 0
vn -0.022567749 0.994628906 -0.100646973
vn -0 1 0
vn 0.0050239563 0.994140625 -0.107177734
vn -0 1 0
vn 0.0493469238 0.994140625 -0.0986328125
vn -0 1 0
vn 0.0877075195 0.994140625 -0.0655517578
vn -0 1 0
vn 0.103393555 0.994140625 -0.0266418457
vn -0 1 0
vn 0.106384277 0.994140625 0.00816345215
vn -0 1 0
vn 0.0981445312 0.994140625 0.0433349609
vn -0 1 1.13248825E-05
vn 0.0791015625 0.994628906 0.0687255859
vn -0 1 0
vn 0.0633544922 0.995117188 0.0787963867
vn -0 1 0
vn 0.0561218262 0.995117188 0.0817260742
vn -0 1 0
vn 0.0534667969 0.995117188 0.0824584961
vn -0 1 0
vn 0.0528259277 0.995117188 0.0822753906
vn -0 1 0
vn 0.0533447266 0.995117188 0.0815429688
vn -0 1 0
vn 0.0567626953 0.995605469 0.0748901367
vn -0 1 0
vn 0.0274658203 0.999511719 -0.000817775726
vn -0 1 0
vn -0 1 0
vn -0 1 0
vn -0 1 0
vn -0 1 0
vn -0 1 0
vn 0.0544128418 0.995605469 -0.0781860352
vn -0 1 0
vn 0.0573425293 0.995117188 -0.0824584961
vn -0 1 0
vn 0.0657348633 0.994628906 -0.076965332
vn -0 1 0
vn 0.075378418 0.994628906 -0.0686645508
vn -0 1 0
vn 0.0853881836 0.994628906 -0.0569458008
vn -0 1 -1.06692314E-05
vn 0.0946044922 0.994628906 -0.0414733887
vn -0 1 0
vn 0.101806641 0.994628906 -0.0218048096
vn -0 1 1.63912773E-05
vn 0.105285645 0.994628906 0.00317001343
vn -0 1 0
vn 0.101074219 0.994140625 0.032623291
vn -0 1 0
vn 0.0872192383 0.994628906 0.0596313477
vn -0 1 0
vn 0.0693359375 0.994628906 0.0771484375
vn 1.0073185E-05 1 -1.12652779E-05
vn 0.054473877 0.994628906 0.0860595703
vn -0 1 0
vn 0.043762207 0.995117188 0.0909423828
vn -0 1 0
vn 0.0335998535 0.994628906 0.0958862305
vn -0 1 0
vn 0.0186309814 0.994628906 0.10168457
vn -0 1 0
vn -0.00211524963 0.994628906 0.104064941
vn -0 1 0
vn -0.0209960938 0.994628906 0.100402832
vn -0 1 0
vn -0.0285797119 0.995117188 0.0942993164
vn -0 1 0
vn 0.0162506104 0.999511719 0.0330200195
vn -0 1 0
vn -0 1 0
vn -0 1 0
vn -0 1 0
vn -0 1 0
vn -0 1 1.94907188E-05
vn 0.0918579102 0.995117188 0.03515625
vn -0 1 0
vn 0.0917358398 0.994628906 0.0491638184
vn -0 1 -1.8119812E-05
vn 0.0773925781 0.994628906 0.071105957
vn -1.92523003E-05 1 1.63316727E-05
vn 0.0523986816 0.994140625 0.0944213867
vn -0 1 0
vn 0.0459594727 0.997558594 0.049987793
vn 2.87294388E-05 1 -1.80006027E-05
vn -0 1 -1.06692314E-05
vn -0 1 0
vn -0 1 0
vn -0 1 0
vn 0.0897216797 0.994628906 0.0492858887
vn -2.06232071E-05 1 2.75969505E-05
vn 0.0806884766 0.994628906 0.0648193359
vn -1.74641609E-05 1 2.58088112E-05
vn 0.0657348633 0.994628906 0.0814208984
vn 3.20076942E-05 1 -2.06232071E-05
vn 0.0475769043 0.994628906 0.0905761719
vn 3.09944153E-05 1 -1.9967556E-05
vn 0.0387573242 0.995117188 0.0896606445
vn -0 1 0
vn 0.0460205078 0.99609375 0.0755004883
vn -0 1 0
vn 0.0629882812 0.995605469 0.0712280273
vn -0 1 0
vn 0.0674438477 0.995117188 0.0715942383
vn -0 1 0
vn 0.0639648438 0.995117188 0.0781860352
vn -2.31266022E-05 1 1.61528587E-05
vn 0.0498962402 0.994628906 0.0923461914
vn -0 1 0
vn 0.0167999268 0.994140625 0.10736084
vn 2.67028809E-05 1 0
vn -0.028213501 0.994140625 0.104919434
vn -2.60472298E-05 1 -1.25169754E-05
vn -0.0714111328 0.994140625 0.0837402344
vn -1.88946724E-05 1 0
vn -0.0108108521 0.999023438 0.0440063477
vn -0 1 0
vn 2.19941139E-05 1 0
vn 4.11272049E-05 1 3.96370888E-05
vn -0 1 2.31862068E-05
vn -0 1 2.30073929E-05
vn 1.28746033E-05 1 1.090765E-05
vn 0.028213501 0.994140625 0.104309082
vn -2.04443932E-05 1 0
vn -0.00600814819 0.994628906 0.104858398
vn -0 1 0
vn -0.0372619629 0.994140625 0.0998535156
vn 2.71201134E-05 1 0
vn -0.0660400391 0.994140625 0.0828857422
vn -0 1 0
vn -0.0826416016 0.994628906 0.0622558594
vn -0 1 0
vn -0.0885009766 0.995117188 0.0477905273
vn -0 1 0
vn -0.0885009766 0.995117188 0.0419921875
vn -0 1 0
vn -0.0817871094 0.995605469 0.0452575684
vn -5.02467155E-05 1 -3.97562981E-05
vn -0.00464248657 0.999511719 0.0302276611
vn -9.28044319E-05 1 0
vn -0.000118136406 1 0.000108063221
vn -3.26633453E-05 1 0.000115990639
vn 2.9027462E-05 1 0.000151395798
vn 2.45571136E-05 1 0.000130295753
vn 9.78708267E-05 1 2.24113464E-05
vn 0.0613708496 0.995117188 0.0783691406
vn 5.620718E-05 1 -1.50203705E-05
vn 0.052734375 0.994628906 0.0895385742
vn -0 1 0
vn 0.0269775391 0.994140625 0.104003906
vn -2.01463699E-05 1 0
vn -0.0108032227 0.994140625 0.10736084
vn -0 1 0
vn -0.041015625 0.994628906 0.0963745117
vn 1.92523003E-05 1 0
vn -0.0543518066 0.995117188 0.0848999023
vn -0 1 0
vn -0.0565490723 0.995117188 0.0800170898
vn -0 1 0
vn -0.0530090332 0.995605469 0.0802001953
vn -0 1 0
vn -0.0455627441 0.995605469 0.0830688477
vn -0 1 0
vn -0.0337219238 0.995605469 0.0866088867
vn -0 1 0
vn -0.0148239136 0.99609375 0.0880737305
vn -0 1 0
vn 0.0124282837 0.996582031 0.0832519531
vn -0 1 0
vn 0.0402832031 0.99609375 0.0787353516
vn -0 1 0
vn 0.0584411621 0.995605469 0.0735473633
vn -0 1 0
vn 0.0657958984 0.995117188 0.0719604492
vn -0 1 0
vn 0.0654907227 0.995117188 0.0756225586
vn -0 1 0
vn 0.057220459 0.994628906 0.0858154297
vn -0 1 0
vn 0.0341796875 0.994140625 0.10168457
vn -0 1 0
vn -0.00870513916 0.994140625 0.109558105
vn -0 1 0
vn -0.0535583496 0.994140625 0.0946655273
vn -0 1 0
vn -0.0805664062 0.994628906 0.0686035156
vn -0 1 0
vn -0.0956420898 0.994628906 0.0437011719
vn -0 1 0
vn -0.106384277 0.994140625 0.0133743286
vn -0 1 0
vn -0.105407715 0.994140625 -0.0268707275
vn -0 1 0
vn -0.0869750977 0.994140625 -0.0629882812
vn -0 1 0
vn -0.0637817383 0.994628906 -0.0823974609
vn 1.71661377E-05 1 -1.09672546E-05
vn -0.0480957031 0.995117188 -0.0889282227
vn -0 1 0
vn -0.0421142578 0.995117188 -0.0884399414
vn -2.00867653E-05 1 1.07288361E-05
vn -0.0507507324 0.996582031 -0.0646362305
vn -0 1 0
vn -0.0748291016 0.99609375 -0.0448913574
vn -0 1 0
vn -0.0897216797 0.995605469 -0.0325622559
vn -0 1 0
vn -0.0935668945 0.995117188 -0.0304718018
vn -0 1 0
vn -0.0939941406 0.995117188 -0.0359802246
vn -0 1 0
vn -0.0905761719 0.994628906 -0.047454834
vn -0 1 0
vn -0.0825195312 0.994628906 -0.0617675781
vn -0 1 0
vn -0.0706787109 0.994628906 -0.0745239258
vn -0 1 0
vn -0.0586547852 0.994628906 -0.0831298828
vn -0 1 0
vn -0.050994873 0.995117188 -0.0841674805
vn -0 1 0
vn -0.0122451782 1 0.00108528137
vn -0 1 0
vn -0 1 0
vn -0 1 0
vn -0 1 0
vn -0 1 -1.69873238E-05
vn 1.06692314E-05 1 -4.94718552E-05
vn 1.33514404E-05 1 0
vn -0.0347290039 0.995117188 0.0917358398
vn -0 1 0
vn -0.0284118652 0.995605469 0.08984375
vn -0 1 0
vn -0.0169830322 0.995605469 0.0921020508
vn -0 1 0
vn -0.00946807861 0.995117188 0.0963745117
vn -0 1 0
vn -0.0155639648 0.994628906 0.101013184
vn -0 1 0
vn -0.0364685059 0.994628906 0.0986938477
vn -0 1 0
vn -0.0581970215 0.994628906 0.0864868164
vn -0 1 0
vn -0.0706176758 0.994628906 0.0732421875
vn -0 1 0
vn -0.0769042969 0.995117188 0.064453125
vn -0 1 0
vn -0.08203125 0.995117188 0.0578308105
vn -0 1 0
vn -0.0892944336 0.994628906 0.049041748
vn -0 1 0
vn -0.100646973 0.994628906 0.0310058594
vn -0 1 0
vn -0.109375 0.994140625 -0.00588989258
vn -0 1 0
vn -0.096496582 0.993652344 -0.0547790527
vn -0 1 0
vn -0.0626220703 0.994140625 -0.0883178711
vn -0 1 0
vn -0.0321960449 0.994628906 -0.0989379883
vn -0 1 0
vn -0.0141830444 0.994628906 -0.100646973
vn -0 1 0
vn -0.00184726715 0.994628906 -0.101196289
vn -0 1 0
vn 0.011177063 0.994628906 -0.101501465
vn -0 1 0
vn 0.0281066895 0.994628906 -0.0994873047
vn -0 1 0
vn 0.0482177734 0.994628906 -0.0925292969
vn -0 1 0
vn 0.0665283203 0.994628906 -0.0798950195
vn -0 1 0
vn 0.0780029297 0.994628906 -0.0660400391
vn 1.49011612E-05 1 1.94311142E-05
vn 0.080871582 0.995117188 -0.0573425293
vn -0 1 0
vn 0.0759887695 0.995605469 -0.057434082
vn -1.47819519E-05 1 -2.00271606E-05
vn 0.0663452148 0.995605469 -0.0649414062
vn 1.91926956E-05 1 1.65700912E-05
vn 0.0540161133 0.995605469 -0.0749511719
vn 1.92523003E-05 1 1.65104866E-05
vn 0.0394592285 0.995605469 -0.0833740234
vn -2.57492065E-05 1 0
vn 0.0219573975 0.995605469 -0.0884399414
vn -2.58088112E-05 1 0
vn 0.00453567505 0.995605469 -0.0913085938
vn -0 1 0
vn -0.029083252 0.998046875 -0.0516052246
vn -0 1 0
vn -0 1 0
vn -0.080871582 0.99609375 -0.0408325195
vn -0 1 0
vn -0.0882568359 0.995605469 -0.0233764648
vn -0 1 0
vn -0.0921630859 0.995605469 -0.00637054443
vn -0 1 0
vn -0.0930786133 0.995605469 0.0085144043
vn -0 1 0
vn -0.0924072266 0.995605469 0.0204772949
vn -0 1 0
vn -0.0922851562 0.995117188 0.0283355713
vn -0 1 0
vn -0.0944824219 0.995117188 0.0299835205
vn -0 1 0
vn -0.0993652344 0.994628906 0.0227508545
vn -0 1 -1.63912773E-05
vn -0.102905273 0.994628906 0.00742721558
vn -0 1 0
vn -0.101806641 0.994628906 -0.00869750977
vn -0 1 1.60336494E-05
vn -0.0980224609 0.995117188 -0.0179595947
vn -0 1 0
vn -0.0951538086 0.995117188 -0.0179748535
vn -0 1 0
vn -0.0939331055 0.995605469 -0.0103683472
vn -0 1 0
vn -0.0931396484 0.995605469 0.00208282471
vn -0 1 0
vn -0.090637207 0.995605469 0.017074585
vn -0 1 -2.74181366E-05
vn -0.081237793 0.99609375 0.0354003906
vn -0 1 0
vn -0.0672607422 0.99609375 0.0560302734
vn -0 1 0
vn -0.0555419922 0.995605469 0.0739135742
vn -0 1 0
vn -0.0477294922 0.995605469 0.082824707
vn 1.34706497E-05 1 0
vn -0.0447692871 0.995117188 0.0866088867
vn -0 1 0
vn -0.0463256836 0.995117188 0.0875244141
vn -0 1 0
vn -0.053314209 0.995117188 0.0857543945
vn -0 1 0
vn -0.0676879883 0.994628906 0.0786743164
vn -0 1 0
vn -0.0872802734 0.994140625 0.0606079102
vn -0 1 0
vn -0.102294922 0.994140625 0.0308837891
vn -0 1 -2.65836716E-05
vn -0.105834961 0.994140625 -0.00129127502
vn -0 1 0
vn -0.100830078 0.994628906 -0.0293731689
vn -0 1 0
vn -0.0899658203 0.994140625 -0.0560913086
vn -0 1 0
vn -0.0688476562 0.994140625 -0.0822753906
vn -1.98483467E-05 1 2.31266022E-05
vn -0.0385131836 0.994140625 -0.0993041992
vn -0 1 0
vn -0.0122451782 0.994628906 -0.102600098
vn -0 1 0
vn 0.000947952271 0.995117188 -0.0998535156
vn -0 1 0
vn 0.00250053406 0.995117188 -0.0967407227
vn 3.40938568E-05 1 -2.90870667E-05
vn -0.0068397522 1 -0.00247764587
vn 6.00218773E-05 1 -8.04662704E-05
vn -1.22189522E-05 1 -0.000183939934
vn -9.65595245E-05 1 -0.000213384628
vn -0.000137209892 1 -0.000148653984
vn -0.000172734261 1 -2.96235085E-05
vn -0.000175356865 1 8.82744789E-05
vn -0.000142931938 1 0.000149011612
vn -3.05175781E-05 1 9.35196877E-05
vn -0.0625 0.995117188 0.0758666992
vn -0 1 4.02331352E-05
vn -0.0677490234 0.995117188 0.0744628906
vn -0 1 0
vn -0.0788574219 0.994628906 0.0664672852
vn -0 1 0
vn -0.0934448242 0.994628906 0.0488586426
vn -0 1 0
vn -0.100708008 0.994628906 0.0254669189
vn -1.14440918E-05 1 -1.75237656E-05
vn -0.06640625 0.997070312 0.032989502
vn -2.78353691E-05 1 -1.69277191E-05
vn -3.04579735E-05 1 0
vn -4.93526459E-05 1 -2.10404396E-05
vn -0 1 0
vn -0.0586853027 0.995605469 0.0716552734
vn 2.43782997E-05 1 1.73449516E-05
vn -0.0606994629 0.995117188 0.0800170898
vn -0 1 0
vn -0.068359375 0.995117188 0.0740966797
vn -0 1 0
vn -0.0741577148 0.995117188 0.0672607422
vn -0 1 0
vn -0.0766601562 0.995117188 0.0624389648
vn -0 1 0
vn -0.0760498047 0.995117188 0.0609436035
vn -0 1 0
vn -0.0717163086 0.995605469 0.0631103516
vn -0 1 0
vn -0.0623474121 0.995605469 0.0689697266
vn -0 1 0
vn -0.0491027832 0.995605469 0.0773925781
vn -0 1 0
vn -0.0377502441 0.995605469 0.0862426758
vn -0 1 0
vn -0.033416748 0.995117188 0.091796875
vn -0 1 0
vn -0.0380859375 0.995117188 0.0930786133
vn -0 1 0
vn -0.051940918 0.994628906 0.0893554688
vn -1.56164169E-05 1 -1.14440918E-05
vn -0.073059082 0.994140625 0.0765991211
vn -0 1 0
vn -0.0924072266 0.994140625 0.0526123047
vn 1.19805336E-05 1 1.53779984E-05
vn -0.101074219 0.994628906 0.0262145996
vn -0 1 0
vn -0.101013184 0.994628906 0.00846862793
vn -0 1 -1.52587891E-05
vn -0.098815918 0.995117188 0.00131034851
vn -0 1 0
vn -0.0966796875 0.995117188 0.00199317932
vn -0 1 1.50203705E-05
vn -0.0938720703 0.995605469 0.00918579102
vn -0 1 0
vn -0.0889282227 0.995605469 0.0225067139
vn -0 1 0
vn -0.0790405273 0.99609375 0.0404968262
vn -0 1 0
vn -0.0631713867 0.99609375 0.0599060059
vn -0 1 0
vn -0.0485534668 0.995605469 0.0774536133
vn -0 1 0
vn -0.0457458496 0.995117188 0.0878295898
vn -0 1 0
vn -0.0654907227 0.994140625 0.0842285156
vn -0 1 0
vn -0.0955200195 0.994140625 0.0545959473
vn -0 1 0
vn -0.108642578 0.994140625 0.00899505615
vn -0 1 0
vn -0.102661133 0.994140625 -0.031829834
vn -0 1 -1.34110451E-05
vn -0.0857543945 0.994140625 -0.0637817383
vn -0 1 0
vn -0.0632324219 0.994628906 -0.0833740234
vn -0 1 0
vn -0.0476074219 0.995117188 -0.0880737305
vn -0 1 0
vn -0.0457763672 0.995605469 -0.0839233398
vn -0.181152344 0.92578125 -0.332275391
vn -0.18359375 0.922363281 -0.339599609
vn -0.237548828 0.919433594 -0.313232422
vn -0.317626953 0.91796875 -0.236450195
vn -0.412353516 0.714355469 -0.565429688
vn -0.337402344 0.709960938 -0.618652344
vn -0.54296875 0.388183594 -0.744628906
vn -0.337158203 0.705078125 -0.623535156
vn -0.586425781 0.0989990234 -0.804199219
vn -0.441894531 0.384521484 -0.810546875
vn -0.4765625 0.0983276367 -0.873535156
vn -0.430175781 0.702148438 -0.567382812
vn -0.439453125 0.381347656 -0.813476562
vn -0.473144531 0.0979003906 -0.875488281
vn -0.55859375 0.379638672 -0.737304688
vn -0.601074219 0.0979614258 -0.79296875
vn -0.571777344 0.701171875 -0.426025391
vn -0.798339844 0.0981445312 -0.594238281
vn -0.7421875 0.379150391 -0.552734375
vn -0.379150391 0.91796875 -0.117553711
vn -0.950683594 0.0982055664 -0.294921875
vn -0.883789062 0.37890625 -0.274414062
vn -0.681640625 0.700683594 -0.211425781
vn -0.397705078 0.916992188 0.0326843262
vn -0.991699219 0.0983276367 0.0807495117
vn -0.922363281 0.37890625 0.0750732422
vn -0.711914062 0.699707031 0.0581359863
vn -0.347167969 0.916503906 0.198730469
vn -0.86328125 0.0986328125 0.494873047
vn -0.802734375 0.379150391 0.460205078
vn -0.619628906 0.700195312 0.354980469
vn -0.242675781 0.918457031 0.312988281
vn -0.608398438 0.0980834961 0.787597656
vn -0.565917969 0.379150391 0.731933594
vn -0.436523438 0.701171875 0.563964844
vn -0.177490234 0.923339844 0.340820312
vn -0.459228516 0.0980224609 0.8828125
vn -0.426513672 0.382324219 0.819824219
vn -0.326660156 0.706542969 0.627929688
vn -0.196411133 0.928710938 0.313964844
vn -0.52734375 0.0992431641 0.84375
vn -0.488037109 0.389160156 0.78125
vn -0.370361328 0.715332031 0.592285156
vn -0.262207031 0.932617188 0.248779297
vn -0.721191406 0.100524902 0.685546875
vn -0.666015625 0.39453125 0.6328125
vn -0.501464844 0.722167969 0.4765625
vn -0.324951172 0.931152344 0.166259766
vn -0.885742188 0.100036621 0.453125
vn -0.818847656 0.392333984 0.418945312
vn -0.618652344 0.719238281 0.31640625
vn -0.359619141 0.928710938 0.0908813477
vn -0.96484375 0.0991210938 0.243652344
vn -0.893554688 0.388671875 0.225585938
vn -0.677734375 0.71484375 0.171264648
vn -0.374267578 0.926757812 0.0365905762
vn -0.990234375 0.0985717773 0.0967407227
vn -0.918457031 0.385742188 0.0896606445
vn -0.699707031 0.711425781 0.068359375
vn -0.380371094 0.924804688 0.00774002075
vn -0.995117188 0.0982055664 0.0201416016
vn -0.923339844 0.383789062 0.0187072754
vn -0.705566406 0.708496094 0.0143203735
vn -0.384033203 0.923339844 0.00508499146
vn -0.995117188 0.0979614258 0.0131378174
vn -0.923828125 0.382080078 0.0122070312
vn -0.708007812 0.706542969 0.00936126709
vn -0.38671875 0.921386719 0.0324707031
vn -0.991699219 0.0978393555 0.0832519531
vn -0.921386719 0.380859375 0.077331543
vn -0.707519531 0.704101562 0.059387207
vn -0.380126953 0.919433594 0.0985107422
vn -0.963378906 0.0979003906 0.249267578
vn -0.895507812 0.379394531 0.231689453
vn -0.689453125 0.702148438 0.178466797
vn -0.34375 0.918457031 0.195556641
vn -0.865234375 0.0980224609 0.491699219
vn -0.8046875 0.379150391 0.457275391
vn -0.620117188 0.701171875 0.352539062
vn -0.272460938 0.918945312 0.285888672
vn -0.686523438 0.0979614258 0.720703125
vn -0.638183594 0.379150391 0.669921875
vn -0.491699219 0.701171875 0.516113281
vn -0.196411133 0.920410156 0.338378906
vn -0.499267578 0.0978393555 0.860839844
vn -0.464111328 0.379882812 0.800292969
vn -0.356933594 0.702636719 0.615234375
vn -0.146484375 0.922363281 0.358154297
vn -0.376708984 0.0979003906 0.921386719
vn -0.349853516 0.381103516 0.85546875
vn -0.268554688 0.705078125 0.656738281
vn -0.130737305 0.924316406 0.359130859
vn -0.340332031 0.0980834961 0.935058594
vn -0.315917969 0.383056641 0.868164062
vn -0.241699219 0.707519531 0.6640625
vn -0.150512695 0.926757812 0.344238281
vn -0.3984375 0.0986328125 0.911621094
vn -0.369384766 0.385986328 0.845214844
vn -0.281494141 0.711425781 0.643554688
vn -0.198730469 0.928710938 0.313232422
vn -0.533203125 0.0991821289 0.840332031
vn -0.493652344 0.388671875 0.777832031
vn -0.374511719 0.71484375 0.590332031
vn -0.250488281 0.927734375 0.276855469
vn -0.667480469 0.0988769531 0.737792969
vn -0.618652344 0.387207031 0.68359375
vn -0.470214844 0.713378906 0.520019531
vn -0.283935547 0.92578125 0.24987793
vn -0.747070312 0.0983886719 0.657226562
vn -0.692871094 0.384765625 0.609863281
vn -0.528808594 0.709960938 0.465332031
vn -0.297607422 0.924316406 0.238647461
vn -0.776367188 0.0981445312 0.622558594
vn -0.720703125 0.383300781 0.577636719
vn -0.551269531 0.708007812 0.441650391
vn -0.297607422 0.923339844 0.242431641
vn -0.771484375 0.0980224609 0.628417969
vn -0.716308594 0.382324219 0.583496094
vn -0.548828125 0.706542969 0.446777344
vn -0.285888672 0.922363281 0.259277344
vn -0.524902344 0.705566406 0.476074219
vn -0.262451172 0.921875 0.284423828
vn -0.684570312 0.381835938 0.62109375
vn -0.737304688 0.0980224609 0.668457031
vn -0.480957031 0.705078125 0.520996094
vn -0.233520508 0.922363281 0.307617188
vn -0.626953125 0.381591797 0.679199219
vn -0.737304688 -0.0980224609 0.668457031
vn -0.428466797 0.705566406 0.564453125
vn -0.237915039 0.927734375 0.288085938
vn -0.674804688 0.0980224609 0.731445312
vn -0.674804688 -0.0980224609 0.731445312
vn -0.559082031 0.381835938 0.736328125
vn -0.448242188 0.712402344 0.540039062
vn -0.297851562 0.942871094 0.149536133
vn -0.6015625 0.0980834961 0.792480469
vn -0.626953125 -0.381591797 0.679199219
vn -0.589355469 0.386230469 0.709472656
vn -0.597167969 0.743652344 0.30078125
vn -0.379882812 0.919921875 0.0955810547
vn -0.6015625 -0.0980834961 0.792480469
vn -0.559082031 -0.381835938 0.736328125
vn -0.635742188 0.098449707 0.765625
vn -0.813476562 0.413574219 0.409179688
vn -0.349365234 0.918945312 0.182861328
vn -0.689941406 0.702636719 0.172973633
vn -0.58984375 -0.386230469 0.709472656
vn -0.635742188 -0.098449707 0.765625
vn -0.298828125 0.920410156 0.252197266
vn -0.888671875 0.105041504 0.446289062
vn -0.631835938 0.701171875 0.330566406
vn -0.897460938 0.380126953 0.224487305
vn -0.813476562 -0.413574219 0.409179688
vn -0.888671875 -0.105041504 0.446289062
vn -0.260498047 0.921875 0.286376953
vn -0.965332031 0.0980224609 0.241577148
vn -0.819824219 0.37890625 0.429199219
vn -0.543945312 0.702636719 0.458740234
vn -0.897460938 -0.380126953 0.224487305
vn -0.965332031 -0.0980224609 0.241577148
vn -0.243774414 0.923828125 0.295654297
vn -0.881835938 0.0978393555 0.461669922
vn -0.70703125 0.379882812 0.596679688
vn -0.477539062 0.704589844 0.524902344
vn -0.819824219 -0.37890625 0.429199219
vn -0.881835938 -0.0978393555 0.461669922
vn -0.0777587891 0.996582031 -0.0280151367
vn -0.760742188 0.0977783203 0.641601562
vn -0.622070312 0.380859375 0.684082031
vn -0.450195312 0.70703125 0.545898438
vn -0.70703125 -0.379882812 0.596679688
vn -0.760742188 -0.0977783203 0.641601562
vn 0.00958251953 0.924804688 -0.380126953
vn -0.385742188 0.79296875 0.471679688
vn 0.00448226929 0.79296875 -0.608886719
vn -0.587890625 0.382568359 0.712890625
vn -0.562988281 0.457275391 0.688476562
vn -0.669433594 0.0978393555 0.736328125
vn -0.633300781 0.0979614258 0.767578125
vn -0.629394531 0.111572266 0.769042969
vn -0.669433594 -0.0978393555 0.736328125
vn -0.633300781 -0.0979614258 0.767578125
vn -0.629394531 -0.111572266 0.769042969
vn -0.622070312 -0.380859375 0.684082031
vn -0.587890625 -0.382568359 0.712890625
vn -0.562988281 -0.457275391 0.687988281
vn -0.450195312 -0.70703125 0.545898438
vn -0.385986328 -0.79296875 0.471679688
vn -0.243774414 -0.923828125 0.295654297
vn -0.0779418945 -0.996582031 -0.0280151367
vn 0.0094909668 -0.924804688 -0.380126953
vn 0.0176086426 -0.708496094 -0.705078125
vn 0.004322052 -0.79296875 -0.608886719
vn 0.0036945343 -0.922851562 -0.385498047
vn 0.0230407715 -0.384033203 -0.922851562
vn 0.00631713867 -0.457763672 -0.889160156
vn 0.0068397522 -0.705566406 -0.708496094
vn -0.0461425781 -0.920410156 -0.388183594
vn 0.0248565674 -0.0982666016 -0.994628906
vn 0.00706481934 -0.111755371 -0.993652344
vn 0.00895690918 -0.381835938 -0.924316406
vn -0.0837402344 -0.703125 -0.706054688
vn -0.142700195 -0.918457031 -0.369140625
vn 0.0248565674 0.0982666016 -0.994628906
vn 0.00708770752 0.111694336 -0.993652344
vn 0.00965118408 -0.0980224609 -0.995117188
vn -0.108764648 -0.380126953 -0.918457031
vn -0.257080078 -0.701171875 -0.665039062
vn -0.254638672 -0.91796875 -0.304443359
vn 0.00965118408 0.0980224609 -0.995117188
vn 0.0230865479 0.384033203 -0.922851562
vn 0.0064125061 0.457763672 -0.889160156
vn -0.333251953 -0.379150391 -0.86328125
vn -0.457763672 -0.700683594 -0.547363281
vn -0.335205078 -0.918945312 -0.208862305
vn 0.00895690918 0.381835938 -0.924316406
vn 0.0176849365 0.708496094 -0.705078125
vn 0.0068359375 0.705566406 -0.708496094
vn 0.0036945343 0.922851562 -0.385498047
vn -0.0461425781 0.920410156 -0.388183594
vn -0.0837402344 0.703125 -0.706054688
vn -0.142700195 0.918457031 -0.369140625
vn -0.108764648 0.380126953 -0.918457031
vn -0.257080078 0.701171875 -0.665039062
vn -0.254638672 0.91796875 -0.304443359
vn -0.117004395 0.0979614258 -0.98828125
vn -0.333251953 0.379150391 -0.86328125
vn -0.457763672 0.700683594 -0.547363281
vn -0.335205078 0.918945312 -0.208862305
vn -0.117004395 -0.0979614258 -0.98828125
vn -0.358398438 0.0980834961 -0.928222656
vn -0.358398438 -0.0980834961 -0.928222656
vn -0.59375 0.37890625 -0.709960938
vn -0.604980469 0.701171875 -0.376708984
vn -0.377929688 0.919433594 -0.110046387
vn -0.638671875 0.0981445312 -0.763183594
vn -0.638671875 -0.0981445312 -0.763183594
vn -0.785644531 0.379394531 -0.489013672
vn -0.68359375 0.702148438 -0.19909668
vn -0.394775391 0.918945312 -0.00493240356
vn -0.844726562 0.0980834961 -0.525878906
vn -0.59375 -0.37890625 -0.709960938
vn -0.888183594 0.379638672 -0.258544922
vn -0.712402344 0.701660156 -0.00904846191
vn -0.379150391 0.91796875 0.114562988
vn -0.844726562 -0.0980834961 -0.525878906
vn -0.785644531 -0.379394531 -0.489013672
vn -0.955566406 0.0980224609 -0.278320312
vn -0.925292969 0.379394531 -0.0118408203
vn -0.682617188 0.700683594 0.206298828
vn -0.324707031 0.918457031 0.225585938
vn -0.955566406 -0.0980224609 -0.278320312
vn -0.604980469 -0.701171875 -0.376708984
vn -0.995117188 0.0980224609 -0.0127182007
vn -0.885742188 0.379150391 0.267578125
vn -0.585449219 0.701171875 0.406982422
vn -0.255371094 0.919921875 0.297119141
vn -0.888183594 -0.379638672 -0.258544922
vn -0.68359375 -0.702148438 -0.19909668
vn -0.995117188 -0.0980834961 -0.0127182007
vn -0.952636719 0.0981445312 0.287841797
vn -0.759765625 0.379150391 0.528320312
vn -0.463867188 0.702636719 0.539550781
vn -0.204589844 0.921875 0.329101562
vn -0.925292969 -0.379394531 -0.0118408203
vn -0.952636719 -0.0981445312 0.287841797
vn -0.816894531 0.0980834961 0.568359375
vn -0.603027344 0.379882812 0.701660156
vn -0.374511719 0.704589844 0.602539062
vn -0.17980957 0.923339844 0.339599609
vn -0.175292969 0.924316406 0.339111328
vn -0.331054688 0.706054688 0.625976562
vn -0.488037109 0.381103516 0.78515625
vn -0.6484375 0.0979003906 0.754882812
vn -0.816894531 -0.0980834961 0.568359375
vn -0.188964844 0.92578125 0.327880859
vn -0.324462891 0.707519531 0.627441406
vn -0.432128906 0.382080078 0.816894531
vn -0.525390625 0.0979003906 0.845214844
vn -0.223632812 0.928222656 0.297851562
vn -0.351806641 0.709960938 0.610351562
vn -0.424072266 0.383056641 0.8203125
vn -0.278564453 0.932128906 0.231933594
vn -0.420410156 0.713867188 0.560058594
vn -0.334472656 0.931152344 0.145385742
vn -0.6484375 -0.0979003906 0.754882812
vn -0.465576172 0.0979614258 0.879394531
vn -0.4609375 0.384765625 0.799804688
vn -0.532226562 0.721191406 0.443359375
vn -0.365722656 0.928222656 0.0689086914
vn -0.525390625 -0.0979003906 0.845214844
vn -0.45703125 0.0980834961 0.884277344
vn -0.553222656 0.387939453 0.737304688
vn -0.637207031 0.719238281 0.276611328
vn -0.373779297 0.927246094 0.00828552246
vn -0.465576172 -0.0979614258 0.879394531
vn -0.497070312 0.0983276367 0.862304688
vn -0.706054688 0.393798828 0.588378906
vn -0.687988281 0.713867188 0.129516602
vn -0.374267578 0.926269531 -0.0413513184
vn -0.45703125 -0.0980834961 0.884277344
vn -0.597167969 0.0989990234 0.795898438
vn -0.84375 0.392333984 0.366210938
vn -0.701660156 0.712402344 0.0154418945
vn -0.374023438 0.924804688 -0.0706787109
vn -0.497070312 -0.0983276367 0.862304688
vn -0.764648438 0.100341797 0.63671875
vn -0.905761719 0.387939453 0.170410156
vn -0.69921875 0.7109375 -0.077331543
vn -0.379394531 0.922851562 -0.069519043
vn -0.597167969 -0.0989990234 0.795898438
vn -0.912597656 0.0999755859 0.396240234
vn -0.921875 0.38671875 0.0202026367
vn -0.693847656 0.708007812 -0.131103516
vn -0.388183594 0.920898438 -0.0332946777
vn -0.764648438 -0.100341797 0.63671875
vn -0.978027344 0.0989379883 0.183959961
vn -0.916992188 0.385253906 -0.101501465
vn -0.697265625 0.705078125 -0.127807617
vn -0.390136719 0.920410156 0.0281677246
vn -0.912597656 -0.0999755859 0.396240234
vn -0.995117188 0.0986938477 0.021774292
vn -0.907714844 0.383300781 -0.171508789
vn -0.708496094 0.703125 -0.0607910156
vn -0.379394531 0.920898438 0.0869750977
vn -0.978027344 -0.0989379883 0.183959961
vn -0.989257812 0.0983886719 -0.10949707
vn -0.909179688 0.381347656 -0.166748047
vn -0.709960938 0.702636719 0.0512695312
vn -0.366699219 0.922851562 0.116394043
vn -0.995117188 -0.0986938477 0.021774292
vn -0.978027344 0.0980834961 -0.184814453
vn -0.921386719 0.380126953 -0.0791015625
vn -0.692871094 0.703613281 0.158935547
vn -0.363525391 0.924804688 0.111694336
vn -0.989257812 -0.0983886719 -0.10949707
vn -0.979003906 0.0977783203 -0.179443359
vn -0.922851562 0.379638672 0.0666503906
vn -0.675292969 0.705566406 0.214355469
vn -0.367919922 0.926269531 0.0816040039
vn -0.978027344 -0.0980834961 -0.184814453
vn -0.991699219 0.0977172852 -0.085144043
vn -0.901367188 0.380126953 0.206787109
vn -0.674804688 0.708496094 0.207397461
vn -0.373046875 0.927246094 0.0342407227
vn -0.979003906 -0.0977783203 -0.179443359
vn -0.992675781 0.0977172852 0.0717163086
vn -0.880859375 0.381591797 0.279541016
vn -0.687011719 0.710449219 0.15246582
vn -0.371826172 0.927734375 -0.0255737305
vn -0.991699219 -0.0977172852 -0.085144043
vn -0.970214844 0.0977172852 0.22253418
vn -0.8828125 0.383544922 0.271240234
vn -0.69921875 0.711914062 0.0643310547
vn -0.358154297 0.928710938 -0.0946044922
vn -0.992675781 -0.0977172852 0.0717163086
vn -0.948730469 0.0978393555 0.301025391
vn -0.900878906 0.385009766 0.199951172
vn -0.69921875 0.713378906 -0.0478820801
vn -0.329101562 0.9296875 -0.165283203
vn -0.970214844 -0.0977172852 0.22253418
vn -0.951171875 0.0980834961 0.292480469
vn -0.918457031 0.386230469 0.0845947266
vn -0.676269531 0.71484375 -0.178100586
vn -0.144287109 0.956542969 -0.254150391
vn -0.948730469 -0.0978393555 0.301025391
vn -0.971679688 0.0983276367 0.215698242
vn -0.919921875 0.387207031 -0.0628051758
vn -0.623046875 0.717285156 -0.312011719
vn 0.0199279785 0.929199219 -0.368652344
vn -0.951171875 -0.0980834961 0.292480469
vn -0.990722656 0.0985717773 0.0913085938
vn -0.891113281 0.388671875 -0.23449707
vn -0.30859375 0.780761719 -0.54296875
vn 0.0899658203 0.929199219 -0.358886719
vn -0.971679688 -0.0983276367 0.215698242
vn -0.992675781 0.0987548828 -0.0677490234
vn -0.823242188 0.390625 -0.411621094
vn 0.0394287109 0.717285156 -0.695800781
vn 0.159790039 0.928222656 -0.336669922
vn -0.990722656 -0.0985717773 0.0913085938
vn -0.962402344 0.0990600586 -0.253173828
vn -0.440185547 0.452392578 -0.775878906
vn 0.170776367 0.715332031 -0.677734375
vn 0.217895508 0.927734375 -0.302490234
vn -0.992675781 -0.0987548828 -0.0677490234
vn -0.890136719 0.0996704102 -0.445068359
vn 0.0532531738 0.390869141 -0.918945312
vn 0.301025391 0.713378906 -0.633300781
vn 0.266845703 0.927734375 -0.261230469
vn -0.962402344 -0.0990600586 -0.253173828
vn -0.489501953 0.115966797 -0.864257812
vn 0.225830078 0.388671875 -0.893066406
vn 0.41015625 0.712890625 -0.568847656
vn 0.301757812 0.92578125 -0.227783203
vn -0.890136719 -0.0996704102 -0.445068359
vn 0.0575561523 0.0999145508 -0.993164062
vn 0.396240234 0.386962891 -0.832519531
vn 0.501464844 0.712402344 -0.490722656
vn 0.313964844 0.922851562 -0.22253418
vn -0.489501953 -0.115966797 -0.864257812
vn 0.244140625 0.0990600586 -0.96484375
vn 0.539550781 0.386962891 -0.748046875
vn 0.5625 0.709472656 -0.424316406
vn 0.297363281 0.920898438 -0.251953125
vn 0.0575561523 -0.0999145508 -0.993164062
vn 0.427978516 0.0986328125 -0.8984375
vn 0.659179688 0.38671875 -0.645019531
vn 0.578125 0.705566406 -0.409667969
vn 0.250976562 0.919921875 -0.301269531
vn 0.244140625 -0.0990600586 -0.96484375
vn 0.582519531 0.0986938477 -0.807128906
vn 0.737304688 0.384521484 -0.555664062
vn 0.542480469 0.703125 -0.459472656
vn 0.181518555 0.919433594 -0.348144531
vn 0.427978516 -0.0986328125 -0.8984375
vn 0.711425781 0.0986328125 -0.695800781
vn 0.754394531 0.381591797 -0.534179688
vn 0.455810547 0.702148438 -0.546875
vn 0.106323242 0.920410156 -0.376464844
vn 0.582519531 -0.0986938477 -0.807128906
vn 0.794921875 0.0982055664 -0.599121094
vn 0.706054688 0.380126953 -0.59765625
vn 0.329101562 0.702148438 -0.631347656
vn 0.0426330566 0.921386719 -0.38671875
vn 0.711425781 -0.0986328125 -0.695800781
vn 0.812011719 0.0977783203 -0.575195312
vn 0.592285156 0.379394531 -0.710449219
vn 0.193359375 0.702636719 -0.684570312
vn -0.00704193115 0.921875 -0.387695312
vn 0.794921875 -0.0982055664 -0.599121094
vn 0.759765625 0.0977172852 -0.643066406
vn 0.427734375 0.379394531 -0.8203125
vn 0.0778198242 0.703613281 -0.706054688
vn -0.054107666 0.921386719 -0.384521484
vn 0.812011719 -0.0977783203 -0.575195312
vn 0.637207031 0.0977783203 -0.764648438
vn 0.251464844 0.379882812 -0.890136719
vn -0.0128326416 0.704589844 -0.709472656
vn -0.12109375 0.919921875 -0.372802734
vn 0.759765625 -0.0977172852 -0.643066406
vn 0.459960938 0.0978393555 -0.882324219
vn 0.101318359 0.380615234 -0.918945312
vn -0.098815918 0.704589844 -0.703125
vn -0.229614258 0.917480469 -0.325195312
vn 0.637207031 -0.0977783203 -0.764648438
vn 0.270507812 0.0978393555 -0.957519531
vn -0.0166778564 0.381103516 -0.924316406
vn -0.219482422 0.702636719 -0.676757812
vn -0.349121094 0.916015625 -0.198486328
vn 0.459960938 -0.0978393555 -0.882324219
vn 0.109069824 0.0979003906 -0.989257812
vn -0.128662109 0.381103516 -0.915527344
vn -0.411132812 0.700195312 -0.583984375
vn -0.399169922 0.916503906 -0.0207824707
vn 0.270507812 -0.0978393555 -0.957519531
vn -0.0179290771 0.0979614258 -0.995117188
vn -0.28515625 0.380126953 -0.879882812
vn -0.62109375 0.69921875 -0.353515625
vn -0.376220703 0.918945312 0.116333008
vn 0.109069824 -0.0979003906 -0.989257812
vn -0.138427734 0.0980224609 -0.985351562
vn -0.532226562 0.37890625 -0.756835938
vn -0.713378906 0.699707031 -0.0361633301
vn -0.340576172 0.921386719 0.187133789
vn -0.0179290771 -0.0979614258 -0.995117188
vn -0.306640625 0.0980224609 -0.946777344
vn -0.804199219 0.378662109 -0.458007812
vn -0.680175781 0.701660156 0.2109375
vn -0.315673828 0.922363281 0.22253418
vn -0.138427734 -0.0980224609 -0.985351562
vn -0.572265625 0.0982055664 -0.813964844
vn -0.924316406 0.378662109 -0.0461730957
vn -0.622070312 0.704101562 0.342041016
vn -0.296142578 0.922363281 0.248168945
vn -0.306640625 -0.0980224609 -0.946777344
vn -0.864746094 0.0986328125 -0.492431641
vn -0.883789062 0.379638672 0.274169922
vn -0.579101562 0.705566406 0.408447266
vn -0.269775391 0.921386719 0.279785156
vn -0.572265625 -0.0982055664 -0.813964844
vn -0.994140625 0.0983886719 -0.0496520996
vn -0.810058594 0.380859375 0.445556641
vn -0.543457031 0.705078125 0.455566406
vn -0.219116211 0.919921875 0.325683594
vn -0.864746094 -0.0986328125 -0.492431641
vn -0.950683594 0.0980224609 0.294921875
vn -0.755371094 0.381591797 0.532714844
vn -0.492919922 0.704101562 0.511230469
vn -0.136474609 0.918945312 0.369384766
vn -0.994140625 -0.0983886719 -0.0496520996
vn -0.872070312 0.0980224609 0.479492188
vn -0.708496094 0.381591797 0.59375
vn -0.397705078 0.702148438 0.590332031
vn -0.0591430664 0.920898438 0.384765625
vn -0.950683594 -0.0980224609 0.294921875
vn -0.813476562 0.0980224609 0.573242188
vn -0.641601562 0.380859375 0.665527344
vn -0.246704102 0.701660156 0.668457031
vn -0.0372009277 0.924804688 0.378662109
vn -0.872070312 -0.0980224609 0.479492188
vn -0.762695312 0.0979614258 0.639648438
vn -0.516601562 0.379638672 0.767578125
vn -0.107727051 0.703613281 0.702148438
vn -0.0679321289 0.927246094 0.368408203
vn -0.813476562 -0.0980224609 0.573242188
vn -0.690917969 0.0979003906 0.716308594
vn -0.3203125 0.379394531 0.868164062
vn -0.0689086914 0.708496094 0.702148438
vn -0.113342285 0.926757812 0.358398438
vn -0.762695312 -0.0979614258 0.639648438
vn -0.555664062 0.0979003906 0.825683594
vn -0.140136719 0.380371094 0.9140625
vn -0.127197266 0.712402344 0.690429688
vn -0.135498047 0.923828125 0.357910156
vn -0.690917969 -0.0979003906 0.716308594
vn -0.344482422 0.0979614258 0.93359375
vn -0.0901489258 0.383789062 0.918945312
vn -0.211914062 0.711425781 0.669921875
vn -0.114074707 0.993652344 0.0101928711
vn -0.555664062 -0.0979003906 0.825683594
vn -0.150756836 0.0978393555 0.983886719
vn -0.166992188 0.386474609 0.907226562
vn -0.250244141 0.70703125 0.661132812
vn -0.198608398 0.923828125 -0.327880859
vn -0.219238281 0.782714844 0.582519531
vn -0.319091797 0.782714844 -0.534667969
vn -0.278076172 0.385986328 0.879394531
vn -0.327148438 0.3828125 0.863769531
vn -0.315185547 0.445068359 0.838378906
vn -0.0971069336 0.0982055664 0.990234375
vn -0.224121094 0.921386719 -0.317626953
vn -0.366455078 0.706542969 -0.604980469
vn -0.458984375 0.444824219 -0.769042969
vn -0.180175781 0.0986938477 0.978515625
vn -0.300048828 0.0986328125 0.948730469
vn -0.352294922 0.0980834961 0.930664062
vn -0.350097656 0.108764648 0.930664062
vn -0.268554688 0.920898438 -0.283203125
vn -0.478759766 0.382568359 -0.790527344
vn -0.509765625 0.108764648 -0.853515625
vn -0.409423828 0.703613281 -0.580566406
vn -0.352294922 -0.0980834961 0.930664062
vn -0.350097656 -0.108764648 0.930175781
vn -0.300048828 -0.0986328125 0.948730469
vn -0.312744141 0.920410156 -0.23425293
vn -0.515625 0.0980224609 -0.851074219
vn -0.509765625 -0.108764648 -0.853515625
vn -0.533203125 0.380615234 -0.755859375
vn -0.489501953 0.703125 -0.515625
vn -0.327148438 -0.3828125 0.863769531
vn -0.315185547 -0.445068359 0.838378906
vn -0.344970703 0.920898438 -0.180786133
vn -0.515625 -0.0980224609 -0.851074219
vn -0.458984375 -0.444824219 -0.769042969
vn -0.573730469 0.0978393555 -0.813476562
vn -0.63671875 0.380126953 -0.670898438
vn -0.569335938 0.703125 -0.426269531
vn -0.361572266 0.921875 -0.138427734
vn -0.478759766 -0.382568359 -0.790527344
vn -0.319091797 -0.782714844 -0.534667969
vn -0.573730469 -0.0978393555 -0.813476562
vn -0.685058594 0.0978393555 -0.721679688
vn -0.740234375 0.379882812 -0.554199219
vn -0.629394531 0.703613281 -0.329833984
vn -0.364501953 0.923828125 -0.118713379
vn -0.366455078 -0.706542969 -0.604980469
vn -0.114074707 -0.993652344 0.0101928711
vn -0.533203125 -0.380615234 -0.755859375
vn -0.685058594 -0.0978393555 -0.721679688
vn -0.796875 0.0978393555 -0.596679688
vn -0.819335938 0.380371094 -0.429199219
vn -0.662597656 0.704589844 -0.253662109
vn -0.35546875 0.92578125 -0.12890625
vn -0.672851562 0.706542969 -0.219116211
vn -0.86328125 0.381103516 -0.330566406
vn -0.881347656 0.0978393555 -0.461914062
vn -0.796875 -0.0978393555 -0.596679688
vn -0.310302734 0.932128906 -0.185546875
vn -0.662109375 0.709960938 -0.239990234
vn -0.878417969 0.382324219 -0.286132812
vn -0.929199219 0.0978393555 -0.355957031
vn -0.215942383 0.936523438 -0.276611328
vn -0.594238281 0.722167969 -0.354736328
vn -0.867675781 0.384765625 -0.314453125
vn -0.164306641 0.923828125 -0.345458984
vn -0.420166016 0.729980469 -0.5390625
vn -0.184326172 0.921875 -0.341064453
vn -0.881347656 -0.0978393555 -0.461914062
vn -0.946289062 0.0979614258 -0.308105469
vn -0.7890625 0.39453125 -0.470947266
vn -0.303466797 0.70703125 -0.638671875
vn -0.240112305 0.919921875 -0.310302734
vn -0.929199219 -0.0978393555 -0.355957031
vn -0.935546875 0.0983886719 -0.339111328
vn -0.5625 0.401611328 -0.72265625
vn -0.337402344 0.704589844 -0.624511719
vn -0.321289062 0.91796875 -0.233154297
vn -0.946289062 -0.0979614258 -0.308105469
vn -0.854003906 0.100585938 -0.510253906
vn -0.396240234 0.382568359 -0.834472656
vn -0.435302734 0.702148438 -0.563476562
vn -0.386230469 0.916992188 -0.0985107422
vn -0.935546875 -0.0983886719 -0.339111328
vn -0.611328125 0.102172852 -0.784667969
vn -0.439453125 0.380859375 -0.813476562
vn -0.577148438 0.700683594 -0.419433594
vn -0.393310547 0.91796875 0.0496826172
vn -0.854003906 -0.100585938 -0.510253906
vn -0.426757812 0.0980224609 -0.898925781
vn -0.565429688 0.379638672 -0.731933594
vn -0.691894531 0.700195312 -0.176391602
vn -0.357910156 0.919433594 0.163574219
vn -0.611328125 -0.102172852 -0.784667969
vn -0.472900391 0.0979003906 -0.875488281
vn -0.748535156 0.37890625 -0.544433594
vn -0.707519531 0.700683594 0.0896606445
vn -0.300537109 0.918945312 0.255615234
vn -0.426757812 -0.0980224609 -0.898925781
vn -0.608398438 0.0979003906 -0.787597656
vn -0.896484375 0.379150391 -0.228637695
vn -0.647460938 0.702148438 0.296142578
vn -0.196533203 0.916992188 0.346679688
vn -0.472900391 -0.0979003906 -0.875488281
vn -0.8046875 0.0982055664 -0.585449219
vn -0.91796875 0.379150391 0.116516113
vn -0.54296875 0.701660156 0.461425781
vn -0.0315246582 0.916503906 0.3984375
vn -0.608398438 -0.0979003906 -0.787597656
vn -0.964355469 0.098449707 -0.24597168
vn -0.841308594 0.379882812 0.384521484
vn -0.352294922 0.700683594 0.620605469
vn 0.126708984 0.91796875 0.375976562
vn -0.8046875 -0.0982055664 -0.585449219
vn -0.987304688 0.0982055664 0.125244141
vn -0.705078125 0.379638672 0.599121094
vn -0.0560913086 0.700195312 0.711425781
vn 0.216918945 0.920410156 0.324951172
vn -0.964355469 -0.098449707 -0.24597168
vn -0.905273438 0.0980834961 0.413818359
vn -0.45703125 0.379150391 0.8046875
vn 0.228271484 0.700683594 0.67578125
vn 0.252685547 0.922363281 0.291748047
vn -0.987304688 -0.0982055664 0.125244141
vn -0.758300781 0.0981445312 0.644042969
vn -0.0725708008 0.379394531 0.922363281
vn 0.394775391 0.703125 0.591308594
vn 0.2578125 0.924316406 0.281494141
vn -0.905273438 -0.0980834961 0.413818359
vn -0.491699219 0.0985107422 0.865234375
vn 0.296630859 0.379150391 0.876464844
vn 0.464111328 0.705566406 0.535644531
vn 0.233520508 0.926757812 0.293701172
vn -0.758300781 -0.0981445312 0.644042969
vn -0.0780639648 0.0987548828 0.9921875
vn 0.513671875 0.380126953 0.769042969
vn 0.477050781 0.707519531 0.520996094
vn 0.166259766 0.931152344 0.323974609
vn -0.491699219 -0.0985107422 0.865234375
vn 0.318847656 0.0982055664 0.942871094
vn 0.60546875 0.381591797 0.698730469
vn 0.437255859 0.711914062 0.549804688
vn 0.0523071289 0.935058594 0.351074219
vn -0.0780639648 -0.0987548828 0.9921875
vn 0.552734375 0.0979003906 0.827636719
vn 0.623535156 0.383056641 0.681152344
vn 0.317138672 0.719726562 0.6171875
vn -0.0612487793 0.930664062 0.360839844
vn 0.318847656 -0.0982055664 0.942871094
vn 0.651855469 0.0979614258 0.751953125
vn 0.57421875 0.386230469 0.721679688
vn 0.101013184 0.727050781 0.679199219
vn -0.135742188 0.927734375 0.348144531
vn 0.552734375 -0.0979003906 0.827636719
vn 0.671875 0.0981445312 0.733886719
vn 0.420410156 0.392822266 0.817871094
vn -0.116882324 0.71875 0.685546875
vn -0.181274414 0.926269531 0.330566406
vn 0.651855469 -0.0979614258 0.751953125
vn 0.619628906 0.0986328125 0.778808594
vn 0.134887695 0.398925781 0.907226562
vn -0.255126953 0.712890625 0.653320312
vn -0.209350586 0.925292969 0.316650391
vn 0.671875 -0.0981445312 0.733886719
vn 0.454589844 0.100158691 0.884765625
vn -0.154907227 0.391601562 0.906738281
vn -0.338623047 0.710449219 0.616699219
vn -0.220947266 0.923828125 0.3125
vn 0.619628906 -0.0986328125 0.778808594
vn 0.146362305 0.101623535 0.983886719
vn -0.335449219 0.386962891 0.858886719
vn -0.388916016 0.708984375 0.588378906
vn -0.208862305 0.921875 0.326171875
vn 0.454589844 -0.100158691 0.884765625
vn -0.167480469 0.0998535156 0.980957031
vn -0.444091797 0.385009766 0.809082031
vn -0.408203125 0.70703125 0.577148438
vn -0.154296875 0.919433594 0.361816406
vn 0.146362305 -0.101623535 0.983886719
vn -0.362060547 0.0987548828 0.926757812
vn -0.509277344 0.384033203 0.770019531
vn -0.3828125 0.704589844 0.59765625
vn -0.0400085449 0.917480469 0.395507812
vn -0.167480469 -0.0998535156 0.980957031
vn -0.479003906 0.0983886719 0.872070312
vn -0.533691406 0.382568359 0.754394531
vn -0.279785156 0.701660156 0.655273438
vn 0.100036621 0.91796875 0.384277344
vn -0.362060547 -0.0987548828 0.926757812
vn -0.548828125 0.0982055664 0.830078125
vn -0.498779297 0.380859375 0.778320312
vn -0.0720825195 0.700195312 0.709960938
vn 0.19909668 0.919921875 0.337646484
vn -0.479003906 -0.0983886719 0.872070312
vn -0.574707031 0.0980224609 0.8125
vn -0.363769531 0.379394531 0.850585938
vn 0.180175781 0.700683594 0.690429688
vn 0.237182617 0.922851562 0.303222656
vn -0.548828125 -0.0982055664 0.830078125
vn -0.537109375 0.0978393555 0.837890625
vn -0.0936279297 0.37890625 0.920898438
vn 0.361572266 0.702148438 0.61328125
vn -0.0302886963 0.979980469 0.196166992
vn -0.574707031 -0.0980224609 0.8125
vn -0.391113281 0.0978393555 0.915039062
vn 0.233764648 0.37890625 0.895507812
vn 0.436279297 0.706054688 0.558105469
vn -0.327148438 0.927246094 0.181884766
vn -0.537109375 -0.0978393555 0.837890625
vn -0.100708008 0.0982055664 0.990234375
vn 0.470214844 0.379638672 0.796875
vn -0.0755004883 0.868652344 0.489257812
vn -0.345214844 0.924316406 0.163818359
vn -0.391113281 -0.0978393555 0.915039062
vn 0.251464844 0.0981445312 0.962890625
vn 0.569335938 0.381835938 0.728027344
vn -0.61328125 0.712402344 0.341308594
vn -0.340087891 0.922363281 0.18359375
vn 0.576660156 0.423339844 0.698730469
vn -0.759765625 0.422607422 0.494140625
vn 0.505859375 0.0978393555 0.856933594
vn 0.612792969 0.0979614258 0.784179688
vn 0.6328125 0.104431152 0.767089844
vn -0.638183594 0.708007812 0.302734375
vn -0.805664062 0.38671875 0.448730469
vn -0.833496094 0.104125977 0.542480469
vn -0.312255859 0.920410156 0.234985352
vn 0.612792969 -0.0979614258 0.784179688
vn 0.6328125 -0.104370117 0.767089844
vn -0.623535156 0.705566406 0.336669922
vn -0.869140625 0.0987548828 0.484130859
vn -0.833496094 -0.104125977 0.542480469
vn -0.834472656 0.383544922 0.395751953
vn -0.24597168 0.918945312 0.308349609
vn -0.869140625 -0.0987548828 0.484130859
vn -0.759765625 -0.422607422 0.494140625
vn -0.567871094 0.703613281 0.427246094
vn -0.898925781 0.0983276367 0.426513672
vn -0.813476562 0.381835938 0.438964844
vn -0.138305664 0.918457031 0.370117188
vn -0.805664062 -0.38671875 0.448730469
vn -0.0754394531 -0.868652344 0.489257812
vn -0.444335938 0.702148438 0.556640625
vn -0.898925781 -0.0983276367 0.426513672
vn -0.875976562 0.0981445312 0.47265625
vn -0.739257812 0.380615234 0.555664062
vn -0.0223846436 0.919433594 0.392089844
vn -0.249267578 0.702148438 0.666992188
vn -0.577148438 0.380126953 0.72265625
vn -0.795410156 0.0981445312 0.598144531
vn -0.875976562 -0.0981445312 0.47265625
vn 0.102050781 0.916992188 0.385253906
vn -0.0404052734 0.703125 0.709960938
vn -0.323974609 0.380126953 0.866210938
vn -0.62109375 0.0983276367 0.77734375
vn -0.0607910156 0.967285156 0.245849609
vn 0.180297852 0.69921875 0.691894531
vn -0.052520752 0.380859375 0.923339844
vn -0.258544922 0.916015625 0.306640625
vn -0.139038086 0.815429688 0.562011719
vn -0.103393555 0.917480469 0.383789062
vn -0.795410156 -0.0981445312 0.598144531
vn -0.348388672 0.098449707 0.932128906
vn 0.231567383 0.377685547 0.896484375
vn -0.458740234 0.698242188 0.549316406
vn 0.0619506836 0.917480469 0.393066406
vn 0.379638672 0.406005859 0.831054688
vn -0.723144531 0.405029297 0.559570312
vn -0.0565795898 0.098449707 0.993652344
vn 0.248901367 0.0977172852 0.963378906
vn 0.413330078 0.100402832 0.904785156
vn -0.185668945 0.701660156 0.687988281
vn -0.591796875 0.377685547 0.712402344
vn -0.787109375 0.100158691 0.608886719
vn 0.187255859 0.919433594 0.345458984
vn 0.248901367 -0.0977172852 0.963378906
vn 0.413330078 -0.100402832 0.904785156
vn 0.111755371 0.701171875 0.704101562
vn -0.635742188 0.0980224609 0.765625
vn -0.787109375 -0.100158691 0.608886719
vn -0.241210938 0.380371094 0.892578125
vn 0.245361328 0.921875 0.299316406
vn -0.635742188 -0.0980224609 0.765625
vn -0.723144531 -0.405029297 0.559570312
vn 0.339599609 0.702636719 0.625
vn -0.259521484 0.0989379883 0.960449219
vn 0.145507812 0.379882812 0.913574219
vn 0.262451172 0.923828125 0.278564453
vn -0.591796875 -0.377685547 0.712402344
vn -0.139038086 -0.815429688 0.562011719
vn 0.449707031 0.705566406 0.547851562
vn -0.259521484 -0.0989379883 0.960449219
vn 0.156494141 0.0987548828 0.982910156
vn 0.441894531 0.380371094 0.8125
vn 0.25 0.926269531 0.282226562
vn 0.484863281 0.707519531 0.514160156
vn 0.586425781 0.381835938 0.714355469
vn 0.475585938 0.0982666016 0.874023438
vn 0.156494141 -0.0987548828 0.982910156
vn 0.189575195 0.931152344 0.310791016
vn 0.466796875 0.7109375 0.525878906
vn 0.633789062 0.383300781 0.671875
vn 0.631835938 0.0982055664 0.769042969
vn 0.151489258 0.924316406 0.350341797
vn 0.361572266 0.719726562 0.592285156
vn 0.612792969 0.385742188 0.689453125
vn 0.180786133 0.920898438 0.344726562
vn 0.280517578 0.708007812 0.647949219
vn 0.246582031 0.919433594 0.305908203
vn 0.475585938 -0.0982666016 0.874023438
vn 0.683105469 0.0982666016 0.723632812
vn 0.479248047 0.392822266 0.784667969
vn 0.329833984 0.703613281 0.629394531
vn 0.305175781 0.920410156 0.244750977
vn 0.631835938 -0.0982055664 0.769042969
vn 0.661132812 0.0986938477 0.743652344
vn 0.366943359 0.383544922 0.84765625
vn 0.446777344 0.702148438 0.554199219
vn 0.341552734 0.920898438 0.187744141
vn 0.683105469 -0.0982666016 0.723632812
vn 0.519042969 0.100097656 0.849121094
vn 0.429199219 0.380615234 0.818847656
vn 0.555175781 0.703125 0.444824219
vn 0.214355469 0.948242188 0.234985352
vn 0.661132812 -0.0986938477 0.743652344
vn 0.395263672 0.0982666016 0.913085938
vn 0.580566406 0.379638672 0.720214844
vn 0.623046875 0.703613281 0.342529297
vn 0.194702148 0.917480469 0.347412109
vn 0.519042969 -0.100097656 0.849121094
vn 0.461914062 0.0979614258 0.881347656
vn 0.721679688 0.380126953 0.578125
vn 0.440429688 0.756347656 0.483886719
vn 0.289550781 0.919433594 0.265869141
vn 0.395263672 -0.0982666016 0.913085938
vn 0.624511719 0.0980224609 0.774902344
vn 0.810546875 0.380371094 0.445800781
vn 0.351318359 0.69921875 0.622558594
vn 0.345214844 0.919921875 0.185058594
vn 0.461914062 -0.0979614258 0.881347656
vn 0.776855469 0.0979614258 0.622070312
vn 0.609375 0.42578125 0.668945312
vn 0.523925781 0.703125 0.480957031
vn 0.357421875 0.923828125 0.13659668
vn 0.624511719 -0.0980224609 0.774902344
vn 0.872070312 0.0978393555 0.479736328
vn 0.456298828 0.377929688 0.805664062
vn 0.626464844 0.703125 0.335693359
vn 0.09765625 0.975097656 0.19921875
vn 0.776855469 -0.0979614258 0.622070312
vn 0.669921875 0.108215332 0.734375
vn 0.681152344 0.380615234 0.625488281
vn 0.66015625 0.708007812 0.252197266
vn -0.11126709 0.923339844 0.366943359
vn 0.872070312 -0.0978393555 0.479736328
vn 0.490478516 0.0979003906 0.865722656
vn 0.814941406 0.380615234 0.436523438
vn 0.234375 0.846679688 0.477783203
vn -0.0798950195 0.920898438 0.381835938
vn 0.669921875 -0.108215332 0.734375
vn 0.733398438 0.098449707 0.672851562
vn 0.862792969 0.383544922 0.329345703
vn -0.205322266 0.706542969 0.677246094
vn -0.00798797607 0.919921875 0.392089844
vn 0.8515625 0.419677734 0.313476562
vn -0.271728516 0.418457031 0.866699219
vn 0.877441406 0.0982666016 0.469726562
vn 0.9296875 0.0983276367 0.354980469
vn 0.93359375 0.103942871 0.343505859
vn -0.145629883 0.703125 0.695800781
vn -0.268066406 0.382324219 0.884277344
vn -0.297607422 0.103515625 0.94921875
vn 0.0705566406 0.920410156 0.384765625
vn 0.9296875 -0.0983276367 0.354980469
vn 0.93359375 -0.103942871 0.343505859
vn -0.0145187378 0.702148438 0.711914062
vn -0.288818359 0.0980224609 0.952148438
vn -0.297607422 -0.103515625 0.94921875
vn -0.189575195 0.380126953 0.905273438
vn 0.128540039 0.921386719 0.366699219
vn -0.288818359 -0.0980224609 0.952148438
vn -0.271728516 -0.418457031 0.866699219
vn 0.128295898 0.702636719 0.699707031
vn -0.203979492 0.0978393555 0.974121094
vn -0.0188903809 0.379638672 0.924804688
vn 0.16796875 0.921875 0.349121094
vn -0.268066406 -0.382324219 0.884277344
vn 0.234375 -0.846679688 0.477783203
vn 0.234985352 0.704101562 0.670410156
vn -0.203979492 -0.0978393555 0.974121094
vn -0.020324707 0.0979003906 0.995117188
vn 0.166870117 0.379882812 0.909667969
vn 0.208007812 0.921386719 0.328613281
vn 0.307617188 0.704589844 0.639160156
vn 0.305908203 0.380615234 0.872558594
vn 0.17956543 0.0978393555 0.979003906
vn -0.020324707 -0.0979003906 0.995117188
vn 0.26171875 0.919921875 0.291503906
vn 0.379882812 0.704101562 0.600097656
vn 0.400878906 0.381103516 0.833007812
vn 0.329345703 0.0978393555 0.938964844
vn 0.325439453 0.918945312 0.22265625
vn 0.475341797 0.702636719 0.529296875
vn 0.494628906 0.380615234 0.78125
vn 0.376220703 0.918457031 0.121398926
vn 0.588378906 0.701660156 0.40234375
vn 0.393798828 0.918945312 0.0117874146
vn 0.17956543 -0.0978393555 0.979003906
vn 0.431640625 0.0979003906 0.896972656
vn 0.618164062 0.379882812 0.688476562
vn 0.678710938 0.701171875 0.21887207
vn 0.383544922 0.919921875 -0.0822753906
vn 0.329345703 -0.0978393555 0.938964844
vn 0.532226562 0.0978393555 0.840820312
vn 0.763671875 0.379394531 0.522460938
vn 0.712402344 0.701660156 0.0212249756
vn 0.358154297 0.920410156 -0.156982422
vn 0.431640625 -0.0979003906 0.896972656
vn 0.664550781 0.0979003906 0.740722656
vn 0.880371094 0.379150391 0.284179688
vn 0.695800781 0.702148438 -0.149414062
vn 0.324462891 0.920898438 -0.216308594
vn 0.532226562 -0.0978393555 0.840820312
vn 0.821289062 0.0980224609 0.562011719
vn 0.924804688 0.379394531 0.0275115967
vn 0.651367188 0.703125 -0.285644531
vn 0.287597656 0.921386719 -0.261962891
vn 0.664550781 -0.0979003906 0.740722656
vn 0.947265625 0.0980834961 0.305664062
vn 0.904296875 0.379882812 -0.194213867
vn 0.591308594 0.703613281 -0.394287109
vn 0.251953125 0.921875 -0.294921875
vn 0.821289062 -0.0980224609 0.562011719
vn 0.994628906 0.0979614258 0.029586792
vn 0.847167969 0.380126953 -0.371337891
vn 0.524902344 0.704101562 -0.478271484
vn 0.220703125 0.922363281 -0.317382812
vn 0.947265625 -0.0980834961 0.305664062
vn 0.973144531 0.0979614258 -0.208862305
vn 0.76953125 0.380371094 -0.512695312
vn 0.4609375 0.704589844 -0.539550781
vn 0.216430664 0.92578125 -0.310058594
vn 0.994628906 -0.0979614258 0.029586792
vn 0.911621094 0.0979003906 -0.399658203
vn 0.68359375 0.380615234 -0.622558594
vn 0.404785156 0.705078125 -0.58203125
vn 0.186401367 0.982421875 -0.00555801392
vn 0.973144531 -0.0979614258 -0.208862305
vn 0.828125 0.0979003906 -0.551757812
vn 0.600585938 0.381103516 -0.703125
vn 0.403808594 0.709960938 -0.577148438
vn 0.227294922 0.926757812 0.299072266
vn 0.911621094 -0.0979003906 -0.399658203
vn 0.735839844 0.0979003906 -0.669921875
vn 0.527832031 0.381591797 -0.758789062
vn 0.474121094 0.880371094 -0.0141448975
vn 0.208740234 0.924316406 0.319335938
vn 0.828125 -0.0979003906 -0.551757812
vn 0.646484375 0.0979614258 -0.756835938
vn 0.529296875 0.384521484 -0.756347656
vn 0.42578125 0.711425781 0.559082031
vn 0.206542969 0.924316406 0.321533203
vn 0.552246094 0.424072266 -0.717773438
vn 0.59375 0.424072266 0.68359375
vn 0.568359375 0.0979614258 -0.816894531
vn 0.5703125 0.0982055664 -0.815429688
vn 0.606445312 0.104248047 -0.788085938
vn 0.386474609 0.708007812 0.590820312
vn 0.559082031 0.385742188 0.733886719
vn 0.65234375 0.104309082 0.750976562
vn 0.208374023 0.923828125 0.321289062
vn 0.5703125 -0.0982055664 -0.815429688
vn 0.606445312 -0.104248047 -0.788085938
vn 0.381835938 0.707519531 0.594238281
vn 0.603027344 0.098449707 0.791992188
vn 0.65234375 -0.104309082 0.750976562
vn 0.505371094 0.383544922 0.772949219
vn 0.217651367 0.923339844 0.316894531
vn 0.603027344 -0.098449707 0.791992188
vn 0.59375 -0.424072266 0.68359375
vn 0.384765625 0.70703125 0.593261719
vn 0.544433594 0.0982055664 0.833007812
vn 0.499267578 0.383300781 0.77734375
vn 0.242797852 0.921875 0.302001953
vn 0.559082031 -0.385742188 0.733886719
vn 0.474121094 -0.880371094 -0.0141448975
vn 0.400878906 0.706542969 0.583496094
vn 0.544433594 -0.0982055664 0.833007812
vn 0.538085938 0.0981445312 0.837402344
vn 0.502929688 0.3828125 0.774902344
vn 0.296630859 0.919433594 0.2578125
vn 0.444335938 0.704589844 0.553222656
vn 0.5234375 0.382324219 0.76171875
vn 0.541503906 0.0981445312 0.834960938
vn 0.538085938 -0.0981445312 0.837402344
vn 0.362548828 0.91796875 0.16015625
vn 0.537109375 0.702148438 0.467041016
vn 0.579101562 0.381103516 0.720703125
vn 0.563476562 0.0980224609 0.8203125
vn 0.39453125 0.918457031 0.0302276611
vn 0.651855469 0.701171875 0.288085938
vn 0.698242188 0.379882812 0.606933594
vn 0.383300781 0.918457031 -0.0985717773
vn 0.710449219 0.701660156 0.0543823242
vn 0.320068359 0.916992188 -0.238647461
vn 0.541503906 -0.0981445312 0.834960938
vn 0.623535156 0.0979614258 0.775878906
vn 0.846191406 0.379638672 0.373779297
vn 0.690429688 0.701171875 -0.177368164
vn 0.178833008 0.916503906 -0.357910156
vn 0.563476562 -0.0980224609 0.8203125
vn 0.750976562 0.0980224609 0.652832031
vn 0.922363281 0.379638672 0.0705566406
vn 0.572265625 0.700683594 -0.426269531
vn 0.0181732178 0.91796875 -0.396240234
vn 0.623535156 -0.0979614258 0.775878906
vn 0.91015625 0.0983886719 0.402099609
vn 0.895996094 0.379394531 -0.229980469
vn 0.318603516 0.700683594 -0.638671875
vn -0.0855712891 0.920410156 -0.381103516
vn 0.750976562 -0.0980224609 0.652832031
vn 0.9921875 0.0982666016 0.0759277344
vn 0.7421875 0.379638672 -0.552246094
vn 0.0321960449 0.701171875 -0.712402344
vn -0.134155273 0.922363281 -0.362304688
vn 0.91015625 -0.0983886719 0.402099609
vn 0.963867188 0.0982666016 -0.247436523
vn 0.412841797 0.379882812 -0.827636719
vn -0.155883789 0.703125 -0.693847656
vn -0.14855957 0.923828125 -0.352539062
vn 0.9921875 -0.0982666016 0.0759277344
vn 0.798339844 0.0986938477 -0.594238281
vn 0.0414123535 0.379394531 -0.924316406
vn -0.24621582 0.705078125 -0.665039062
vn -0.133422852 0.92578125 -0.353515625
vn 0.963867188 -0.0982666016 -0.247436523
vn 0.444091797 0.0989379883 -0.890625
vn -0.202880859 0.380371094 -0.90234375
vn -0.274414062 0.707519531 -0.651367188
vn -0.094909668 0.927246094 -0.362792969
vn 0.798339844 -0.0986938477 -0.594238281
vn 0.0445556641 0.0982666016 -0.994140625
vn -0.321044922 0.381591797 -0.866699219
vn -0.248657227 0.709960938 -0.658691406
vn -0.0489501953 0.926757812 -0.372314453
vn 0.444091797 -0.0989379883 -0.890625
vn -0.218261719 0.0979614258 -0.971191406
vn -0.358642578 0.3828125 -0.8515625
vn -0.177734375 0.711914062 -0.679199219
vn -0.0121002197 0.92578125 -0.378173828
vn 0.0445556641 -0.0982666016 -0.994140625
vn -0.345703125 0.0979614258 -0.933105469
vn -0.325927734 0.385009766 -0.86328125
vn -0.0915527344 0.711425781 -0.696777344
vn 0.0113525391 0.924804688 -0.379882812
vn -0.218261719 -0.0979614258 -0.971191406
vn -0.386230469 0.0980834961 -0.916992188
vn -0.233520508 0.386474609 -0.892089844
vn -0.0225372314 0.709960938 -0.704101562
vn 0.0291595459 0.924804688 -0.37890625
vn -0.345703125 -0.0979614258 -0.933105469
vn -0.3515625 0.098449707 -0.931152344
vn -0.120239258 0.385986328 -0.914550781
vn 0.0210266113 0.708496094 -0.705078125
vn 0.0529785156 0.92578125 -0.374511719
vn -0.386230469 -0.0980834961 -0.916992188
vn -0.251953125 0.0986938477 -0.962890625
vn -0.0295410156 0.384765625 -0.922363281
vn 0.054107666 0.708496094 -0.703613281
vn 0.0922241211 0.927246094 -0.36328125
vn -0.3515625 -0.098449707 -0.931152344
vn -0.129638672 0.0986328125 -0.986816406
vn 0.0274963379 0.383789062 -0.922851562
vn 0.0986328125 0.709960938 -0.697265625
vn 0.150390625 0.929199219 -0.337890625
vn -0.251953125 -0.0986938477 -0.962890625
vn -0.0318603516 0.0983276367 -0.994628906
vn 0.0708007812 0.383789062 -0.920898438
vn 0.172729492 0.711914062 -0.680664062
vn 0.221313477 0.972167969 -0.0757446289
vn -0.129638672 -0.0986328125 -0.986816406
vn 0.0296173096 0.0982055664 -0.994628906
vn 0.129272461 0.384765625 -0.9140625
vn 0.283935547 0.715332031 -0.638183594
vn 0.338623047 0.926757812 0.162963867
vn -0.0318603516 -0.0983276367 -0.994628906
vn 0.0762939453 0.0981445312 -0.9921875
vn 0.226806641 0.386474609 -0.894042969
vn 0.520507812 0.834960938 -0.178222656
vn 0.317382812 0.926757812 0.201660156
vn 0.0296173096 -0.0982055664 -0.994628906
vn 0.139282227 0.0983276367 -0.985351562
vn 0.374511719 0.389160156 -0.841796875
vn 0.6328125 0.711425781 0.304931641
vn 0.288574219 0.927246094 0.239257812
vn 0.452636719 0.416503906 -0.788574219
vn 0.840820312 0.416503906 0.345703125
vn 0.244750977 0.0986938477 -0.964355469
vn 0.404541016 0.0992431641 -0.909179688
vn 0.495117188 0.103210449 -0.862792969
vn 0.593261719 0.711425781 0.376953125
vn 0.831054688 0.385986328 0.400390625
vn 0.919921875 0.103210449 0.378173828
vn 0.248413086 0.927734375 0.278076172
vn 0.404541016 -0.0992431641 -0.909179688
vn 0.495117188 -0.103210449 -0.862792969
vn 0.540527344 0.711914062 0.447998047
vn 0.896484375 0.0986328125 0.431884766
vn 0.919921875 -0.103210449 0.378173828
vn 0.778808594 0.385742188 0.494873047
vn 0.200195312 0.927734375 0.314697266
vn 0.896484375 -0.0986328125 0.431884766
vn 0.840820312 -0.416503906 0.345703125
vn 0.466796875 0.713378906 0.522460938
vn 0.83984375 0.0985107422 0.533691406
vn 0.709960938 0.386230469 0.588867188
vn 0.156494141 0.926757812 0.342041016
vn 0.831054688 -0.385986328 0.400390625
vn 0.520507812 -0.834960938 -0.178222656
vn 0.375976562 0.713378906 0.591308594
vn 0.83984375 -0.0985107422 0.533691406
vn 0.766113281 0.0986328125 0.635253906
vn 0.614257812 0.387451172 0.6875
vn 0.126586914 0.925292969 0.357421875
vn 0.292480469 0.7109375 0.639160156
vn 0.494628906 0.387451172 0.777832031
vn 0.662597656 0.0988769531 0.7421875
vn 0.766113281 -0.0986328125 0.635253906
vn 0.11138916 0.924316406 0.364746094
vn 0.235351562 0.708984375 0.664550781
vn 0.383789062 0.385742188 0.838867188
vn 0.533691406 0.0988769531 0.83984375
vn 0.109802246 0.923828125 0.3671875
vn 0.206298828 0.708007812 0.675292969
vn 0.308349609 0.384277344 0.870117188
vn 0.123901367 0.922851562 0.365234375
vn 0.202636719 0.706542969 0.677734375
vn 0.159667969 0.921386719 0.354736328
vn 0.662597656 -0.0988769531 0.7421875
vn 0.413818359 0.0985107422 0.904785156
vn 0.269775391 0.383300781 0.883300781
vn 0.227661133 0.705566406 0.671386719
vn 0.220458984 0.919921875 0.324462891
vn 0.533691406 -0.0988769531 0.83984375
vn 0.332275391 0.0982666016 0.937988281
vn 0.264648438 0.382324219 0.885253906
vn 0.291748047 0.703613281 0.647949219
vn 0.290283203 0.919433594 0.265869141
vn 0.413818359 -0.0985107422 0.904785156
vn 0.290771484 0.0980834961 0.951660156
vn 0.296875 0.381591797 0.875488281
vn 0.399902344 0.702148438 0.588867188
vn 0.339355469 0.920410156 0.194824219
vn 0.332275391 -0.0982666016 0.937988281
vn 0.284912109 0.0979614258 0.953613281
vn 0.379638672 0.380371094 0.843261719
vn 0.525390625 0.701660156 0.481201172
vn 0.359375 0.921875 0.143676758
vn 0.290771484 -0.0980834961 0.951660156
vn 0.319580078 0.0979003906 0.942382812
vn 0.51953125 0.379638672 0.765625
vn 0.6171875 0.702636719 0.354248047
vn 0.365234375 0.923339844 0.119934082
vn 0.284912109 -0.0979614258 0.953613281
vn 0.408691406 0.0978393555 0.907226562
vn 0.682128906 0.379394531 0.625
vn 0.658691406 0.704589844 0.263427734
vn 0.366943359 0.923828125 0.110778809
vn 0.319580078 -0.0979003906 0.942382812
vn 0.559082031 0.0978393555 0.823242188
vn 0.802246094 0.379882812 0.460449219
vn 0.672851562 0.706054688 0.220825195
vn 0.368164062 0.923828125 0.106140137
vn 0.408691406 -0.0978393555 0.907226562
vn 0.733886719 0.0979614258 0.672363281
vn 0.858398438 0.381103516 0.343017578
vn 0.677246094 0.70703125 0.204467773
vn 0.370605469 0.923339844 0.0997924805
vn 0.559082031 -0.0978393555 0.823242188
vn 0.86328125 0.0978393555 0.495361328
vn 0.877929688 0.382080078 0.288330078
vn 0.6796875 0.70703125 0.196044922
vn 0.378662109 0.922363281 0.0795898438
vn 0.733886719 -0.0979614258 0.672363281
vn 0.924316406 0.0978393555 0.369384766
vn 0.884765625 0.382568359 0.267089844
vn 0.68359375 0.706542969 0.183959961
vn 0.392822266 0.919433594 0.018371582
vn 0.86328125 -0.0978393555 0.495361328
vn 0.9453125 0.0979614258 0.310546875
vn 0.887695312 0.382568359 0.256103516
vn 0.694335938 0.705078125 0.145996094
vn 0.385742188 0.91796875 -0.0908813477
vn 0.924316406 -0.0978393555 0.369384766
vn 0.952636719 0.0980224609 0.287597656
vn 0.892089844 0.382324219 0.240234375
vn 0.711425781 0.701660156 0.0335388184
vn 0.341796875 0.918945312 -0.196044922
vn 0.9453125 -0.0979614258 0.310546875
vn 0.956054688 0.0980224609 0.275878906
vn 0.904785156 0.381103516 0.190307617
vn 0.694335938 0.700683594 -0.163574219
vn 0.291259766 0.920898438 -0.259033203
vn 0.952636719 -0.0980224609 0.287597656
vn 0.9609375 0.0980224609 0.258789062
vn 0.924316406 0.379394531 0.043762207
vn 0.618164062 0.701660156 -0.354980469
vn 0.256591797 0.922363281 -0.2890625
vn 0.956054688 -0.0980224609 0.275878906
vn 0.974121094 0.0979003906 0.204833984
vn 0.900878906 0.37890625 -0.212158203
vn 0.53125 0.703613281 -0.472167969
vn 0.238037109 0.923339844 -0.301513672
vn 0.9609375 -0.0980224609 0.258789062
vn 0.994140625 0.0978393555 0.0470275879
vn 0.802246094 0.379150391 -0.4609375
vn 0.470703125 0.705078125 -0.530273438
vn 0.231567383 0.923828125 -0.3046875
vn 0.974121094 -0.0979003906 0.204833984
vn 0.96875 0.0980834961 -0.228149414
vn 0.690917969 0.380371094 -0.614746094
vn 0.438720703 0.706054688 -0.555664062
vn 0.233032227 0.924316406 -0.302246094
vn 0.994140625 -0.0978393555 0.0470275879
vn 0.862792969 0.0979003906 -0.495605469
vn 0.613769531 0.381347656 -0.69140625
vn 0.427734375 0.70703125 -0.562988281
vn 0.237915039 0.924316406 -0.298583984
vn 0.96875 -0.0980834961 -0.228149414
vn 0.743652344 0.0978393555 -0.661132812
vn 0.572753906 0.382080078 -0.725585938
vn 0.431396484 0.707519531 -0.559570312
vn 0.237915039 0.923339844 -0.301269531
vn 0.862792969 -0.0979003906 -0.495605469
vn 0.660644531 0.0979003906 -0.744140625
vn 0.559082031 0.3828125 -0.735351562
vn 0.440185547 0.707519531 -0.552734375
vn 0.220825195 0.921875 -0.318603516
vn 0.743652344 -0.0978393555 -0.661132812
vn 0.616699219 0.0979614258 -0.78125
vn 0.563964844 0.383056641 -0.731445312
vn 0.438720703 0.706542969 -0.555175781
vn 0.175048828 0.920410156 -0.349853516
vn 0.660644531 -0.0979003906 -0.744140625
vn 0.602050781 0.0980834961 -0.792480469
vn 0.575683594 0.383056641 -0.72265625
vn 0.404296875 0.704589844 -0.583496094
vn 0.100036621 0.919433594 -0.380126953
vn 0.616699219 -0.0979614258 -0.78125
vn 0.607910156 0.0980834961 -0.788085938
vn 0.572753906 0.382324219 -0.725097656
vn 0.318359375 0.702636719 -0.636230469
vn 0.0170288086 0.919921875 -0.391357422
vn 0.602050781 -0.0980834961 -0.792480469
vn 0.620117188 0.0980834961 -0.778320312
vn 0.526855469 0.380859375 -0.759765625
vn 0.181396484 0.702148438 -0.688964844
vn -0.0461730957 0.921386719 -0.385986328
vn 0.607910156 -0.0980834961 -0.788085938
vn 0.616699219 0.0979614258 -0.780761719
vn 0.4140625 0.379882812 -0.827148438
vn 0.0308990479 0.702148438 -0.7109375
vn -0.080871582 0.922851562 -0.377197266
vn 0.620117188 -0.0980834961 -0.778320312
vn 0.566894531 0.0978393555 -0.817871094
vn 0.235595703 0.379394531 -0.89453125
vn -0.0844116211 0.703613281 -0.705566406
vn -0.0927124023 0.923828125 -0.371826172
vn 0.616699219 -0.0979614258 -0.780761719
vn 0.4453125 0.0978393555 -0.890136719
vn 0.0401306152 0.379638672 -0.924316406
vn -0.148681641 0.705566406 -0.692871094
vn -0.0872802734 0.924804688 -0.370849609
vn 0.566894531 -0.0978393555 -0.817871094
vn 0.253417969 0.0978393555 -0.962402344
vn -0.109924316 0.380371094 -0.918457031
vn -0.171142578 0.706542969 -0.686523438
vn -0.064453125 0.92578125 -0.372558594
vn 0.4453125 -0.0978393555 -0.890136719
vn 0.043182373 0.0978393555 -0.994140625
vn -0.193969727 0.381591797 -0.903808594
vn -0.161743164 0.708007812 -0.6875
vn -0.0182342529 0.927734375 -0.372558594
vn 0.253417969 -0.0978393555 -0.962402344
vn -0.118286133 0.0977783203 -0.98828125
vn -0.223632812 0.382324219 -0.896484375
vn -0.120178223 0.709960938 -0.693847656
vn 0.0637817383 0.931640625 -0.357421875
vn 0.043182373 -0.0978393555 -0.994140625
vn -0.208862305 0.0978393555 -0.973144531
vn -0.211547852 0.383300781 -0.898925781
vn -0.0344238281 0.713378906 -0.700195312
vn 0.165283203 0.932128906 -0.322265625
vn -0.118286133 -0.0977783203 -0.98828125
vn -0.240844727 0.0979614258 -0.965820312
vn -0.157592773 0.384765625 -0.909667969
vn 0.121520996 0.720703125 -0.682617188
vn 0.240966797 0.927246094 -0.286376953
vn -0.208862305 -0.0978393555 -0.973144531
vn -0.228027344 0.0980834961 -0.96875
vn -0.0454101562 0.387451172 -0.920898438
vn 0.31640625 0.721191406 -0.616210938
vn 0.271728516 0.924804688 -0.266845703
vn -0.240844727 -0.0979614258 -0.965820312
vn -0.169921875 0.0983276367 -0.98046875
vn 0.161132812 0.393310547 -0.905273438
vn 0.451904297 0.712402344 -0.537109375
vn 0.206787109 0.978515625 0.0121536255
vn -0.228027344 -0.0980834961 -0.96875
vn -0.0489807129 0.0988769531 -0.994140625
vn 0.419677734 0.393798828 -0.817871094
vn 0.50390625 0.708007812 -0.494873047
vn 0.288330078 0.919433594 0.267822266
vn 0.508300781 0.860839844 0.029876709
vn 0.521972656 0.701660156 0.484863281
vn 0.594238281 0.386474609 -0.705566406
vn 0.174438477 0.100219727 -0.979492188
vn 0.659179688 0.383300781 -0.647460938
vn 0.583007812 0.420898438 0.694824219
vn 0.660644531 0.420898438 -0.621582031
vn 0.678222656 0.379394531 0.629394531
vn 0.639160156 0.103881836 0.76171875
vn 0.454345703 0.100341797 -0.885253906
vn 0.641113281 0.0986938477 -0.761230469
vn 0.709960938 0.0980224609 -0.697265625
vn 0.724121094 0.103881836 -0.681640625
vn 0.830566406 0.379150391 0.408203125
vn 0.729492188 0.0979003906 0.677246094
vn 0.639160156 -0.103881836 0.76171875
vn 0.709960938 -0.0980224609 -0.697265625
vn 0.724121094 -0.103881836 -0.681640625
vn 0.641113281 -0.0986938477 -0.761230469
vn 0.912109375 0.379638672 0.155761719
vn 0.729492188 -0.0979003906 0.677246094
vn 0.583007812 -0.420898438 0.694824219
vn 0.893066406 0.0982055664 0.438964844
vn 0.659179688 -0.383300781 -0.647460938
vn 0.660644531 -0.420898438 -0.621582031
vn 0.923828125 0.381835938 0.018737793
vn 0.678222656 -0.379394531 0.629394531
vn 0.508300781 -0.860839844 0.029876709
vn 0.893066406 -0.0982055664 0.438964844
vn 0.980957031 0.0979614258 0.167480469
vn 0.923828125 0.3828125 -0.00932312012
vn 0.995117188 0.0979614258 0.0201721191
vn 0.980957031 -0.0979614258 0.167480469
vn 0.830566406 -0.379150391 0.408203125
vn 0.923828125 0.383056641 -0.00917816162
vn 0.995117188 0.0980834961 -0.0100479126
vn 0.995117188 -0.0979614258 0.0201721191
vn 0.923828125 0.383056641 -0.00573348999
vn 0.995117188 0.0981445312 -0.00988769531
vn 0.923828125 0.383056641 0.000310897827
vn 0.521972656 -0.701660156 0.484863281
vn 0.912109375 -0.379638672 0.155761719
vn 0.995117188 -0.0980834961 -0.0100479126
vn 0.995117188 0.0981445312 -0.00617599487
vn 0.921386719 0.385009766 0.0507202148
vn 0.640136719 -0.701171875 0.314697266
vn 0.923828125 -0.381835938 0.018737793
vn 0.995117188 -0.0981445312 -0.00988769531
vn 0.995117188 0.0981445312 0.000337362289
vn 0.819335938 0.416748047 0.393554688
vn 0.702148438 -0.702148438 0.120056152
vn 0.923828125 -0.3828125 -0.00932312012
vn 0.995117188 -0.0981445312 -0.00617599487
vn 0.993652344 0.0983886719 0.0546264648
vn 0.612792969 0.385009766 0.689941406
vn 0.708007812 -0.706054688 0.0143890381
vn 0.923828125 -0.383056641 -0.00917816162
vn 0.995117188 -0.0981445312 0.000337123871
vn 0.896484375 0.105895996 0.430419922
vn 0.5859375 0.382324219 0.714355469
vn 0.70703125 -0.707519531 -0.00712585449
vn 0.923828125 -0.383056641 -0.00573348999
vn 0.993652344 -0.0983886719 0.0546264648
vn 0.660644531 0.0983276367 0.744140625
vn 0.654296875 0.379638672 0.653808594
vn 0.631347656 0.0980224609 0.76953125
vn 0.896484375 -0.105895996 0.430419922
vn 0.923828125 -0.383056641 0.000310659409
vn 0.704101562 0.09765625 0.703613281
vn 0.660644531 -0.0983276367 0.744140625
vn 0.921386719 -0.385009766 0.0507202148
vn 0.794921875 0.0962524414 0.598632812
vn 0.631347656 -0.0980224609 0.76953125
vn 0.819335938 -0.416748047 0.393554688
vn 0.704101562 -0.09765625 0.703613281
vn 0.794921875 -0.0962524414 0.598632812
vn 0.612792969 -0.385009766 0.689941406
vn 0.5859375 -0.382324219 0.714355469
vn 0.821777344 -0.094909668 0.562011719
vn 0.654296875 -0.379638672 0.653808594
vn 0.765625 -0.373046875 0.523925781
vn 0.740234375 -0.375732422 0.557617188
vn 0.571777344 -0.698730469 0.430419922
vn 0.50390625 -0.702636719 0.502929688
vn 0.277099609 -0.920410156 0.275878906
vn 0.243530273 -0.923339844 0.296875
vn 0.448974609 -0.706542969 0.546875
vn 0.25 -0.926269531 0.281982422
vn 0.467041016 -0.710449219 0.526367188
vn 0.296875 -0.944335938 0.142578125
vn 0.599609375 -0.747070312 0.287841797
vn 0.376464844 -0.926269531 0.0205535889
vn 0.702636719 -0.710449219 0.0385742188
vn 0.381835938 -0.924316406 0.000123500824
vn 0.706542969 -0.707519531 0.000233769417
vn 0.382080078 -0.924316406 -0.0023727417
vn 0.706542969 -0.707519531 -0.00438690186
vn 0.382080078 -0.924316406 -0.00379371643
vn 0.706542969 -0.707519531 -0.00701522827
vn 0.382568359 -0.923828125 -0.00385093689
vn 0.385253906 -0.922851562 0.00785064697
vn 0.387451172 -0.919433594 0.0664672852
vn 0.355712891 -0.91796875 0.174804688
vn 0.288330078 -0.919433594 0.267822266
vn 0.206787109 -0.978515625 0.0121536255
vn 0.271728516 -0.924804688 -0.266845703
vn 0.50390625 -0.708007812 -0.494873047
vn 0.240966797 -0.927246094 -0.286376953
vn 0.451904297 -0.712402344 -0.537109375
vn 0.165283203 -0.932128906 -0.322265625
vn 0.594238281 -0.386474609 -0.705566406
vn 0.0637817383 -0.931640625 -0.357421875
vn 0.31640625 -0.721191406 -0.616210938
vn 0.419677734 -0.393798828 -0.817871094
vn -0.0182342529 -0.927734375 -0.372558594
vn 0.121520996 -0.720703125 -0.682617188
vn 0.454345703 -0.100341797 -0.885253906
vn -0.064453125 -0.92578125 -0.372558594
vn -0.0344238281 -0.713378906 -0.700195312
vn 0.161132812 -0.393310547 -0.905273438
vn 0.174438477 -0.100219727 -0.979492188
vn -0.0872802734 -0.924804688 -0.370849609
vn -0.120178223 -0.709960938 -0.693847656
vn -0.0454101562 -0.387207031 -0.920898438
vn -0.0489807129 -0.0988769531 -0.994140625
vn -0.0927124023 -0.923828125 -0.371826172
vn -0.161743164 -0.708007812 -0.6875
vn -0.157592773 -0.384765625 -0.909667969
vn -0.169921875 -0.0983276367 -0.98046875
vn -0.211547852 -0.383300781 -0.898925781
vn -0.080871582 -0.922851562 -0.377197266
vn -0.171142578 -0.706542969 -0.686523438
vn -0.223632812 -0.382324219 -0.896484375
vn -0.0461730957 -0.921386719 -0.385986328
vn -0.148681641 -0.705566406 -0.692871094
vn -0.193969727 -0.381591797 -0.903808594
vn 0.0170288086 -0.919921875 -0.391357422
vn -0.0844116211 -0.703613281 -0.705566406
vn -0.109924316 -0.380371094 -0.918457031
vn 0.100036621 -0.919433594 -0.380126953
vn 0.0308990479 -0.702148438 -0.7109375
vn 0.0401306152 -0.379638672 -0.924316406
vn 0.175048828 -0.920410156 -0.349853516
vn 0.181396484 -0.702148438 -0.688964844
vn 0.235595703 -0.379394531 -0.89453125
vn 0.220825195 -0.921875 -0.318603516
vn 0.318359375 -0.702636719 -0.636230469
vn 0.4140625 -0.379882812 -0.827148438
vn 0.237915039 -0.923339844 -0.301269531
vn 0.404296875 -0.704589844 -0.583496094
vn 0.526855469 -0.380859375 -0.759765625
vn 0.237915039 -0.924316406 -0.298583984
vn 0.438720703 -0.706542969 -0.555175781
vn 0.572753906 -0.382324219 -0.725097656
vn 0.233032227 -0.924316406 -0.302246094
vn 0.440185547 -0.707519531 -0.552734375
vn 0.575683594 -0.383056641 -0.72265625
vn 0.231567383 -0.923828125 -0.3046875
vn 0.431396484 -0.707519531 -0.559570312
vn 0.563964844 -0.383056641 -0.731445312
vn 0.238037109 -0.923339844 -0.301513672
vn 0.427734375 -0.70703125 -0.562988281
vn 0.559082031 -0.3828125 -0.735351562
vn 0.256591797 -0.922363281 -0.2890625
vn 0.438720703 -0.706054688 -0.555664062
vn 0.572753906 -0.382080078 -0.725585938
vn 0.291259766 -0.920898438 -0.259033203
vn 0.470703125 -0.705078125 -0.530273438
vn 0.613769531 -0.381347656 -0.69140625
vn 0.341796875 -0.918945312 -0.196044922
vn 0.53125 -0.703613281 -0.472167969
vn 0.690917969 -0.380371094 -0.614746094
vn 0.385742188 -0.91796875 -0.0908813477
vn 0.618164062 -0.701660156 -0.354980469
vn 0.802246094 -0.379150391 -0.4609375
vn 0.392822266 -0.919433594 0.018371582
vn 0.694335938 -0.700683594 -0.163574219
vn 0.900878906 -0.37890625 -0.212158203
vn 0.378662109 -0.922363281 0.0795898438
vn 0.711425781 -0.701660156 0.0335388184
vn 0.924316406 -0.379394531 0.043762207
vn 0.370605469 -0.923339844 0.0997924805
vn 0.694335938 -0.705078125 0.145996094
vn 0.904785156 -0.381103516 0.190307617
vn 0.368164062 -0.923828125 0.106140137
vn 0.68359375 -0.706542969 0.183959961
vn 0.892089844 -0.382324219 0.240234375
vn 0.366943359 -0.923828125 0.110778809
vn 0.6796875 -0.70703125 0.196044922
vn 0.887695312 -0.382568359 0.256103516
vn 0.365234375 -0.923339844 0.119934082
vn 0.677246094 -0.70703125 0.204467773
vn 0.884765625 -0.382568359 0.267089844
vn 0.359375 -0.921875 0.143676758
vn 0.672851562 -0.706054688 0.220825195
vn 0.877929688 -0.382080078 0.288330078
vn 0.339355469 -0.920410156 0.194824219
vn 0.658691406 -0.704589844 0.263427734
vn 0.858398438 -0.381103516 0.343017578
vn 0.290283203 -0.919433594 0.265869141
vn 0.6171875 -0.702636719 0.354248047
vn 0.802246094 -0.379882812 0.460449219
vn 0.220458984 -0.919921875 0.324462891
vn 0.525390625 -0.701660156 0.481201172
vn 0.682128906 -0.379394531 0.625
vn 0.159667969 -0.921386719 0.354736328
vn 0.399902344 -0.702148438 0.588867188
vn 0.51953125 -0.379638672 0.765625
vn 0.123901367 -0.922851562 0.365234375
vn 0.291748047 -0.703613281 0.647949219
vn 0.379638672 -0.380371094 0.843261719
vn 0.109802246 -0.923828125 0.3671875
vn 0.227661133 -0.705566406 0.671386719
vn 0.296875 -0.381591797 0.875488281
vn 0.11138916 -0.924316406 0.364746094
vn 0.202636719 -0.706542969 0.677734375
vn 0.264648438 -0.382324219 0.885253906
vn 0.126586914 -0.925292969 0.357421875
vn 0.206298828 -0.708007812 0.675292969
vn 0.269775391 -0.383300781 0.883300781
vn 0.156494141 -0.926757812 0.342041016
vn 0.235351562 -0.708984375 0.664550781
vn 0.308349609 -0.384277344 0.870117188
vn 0.200195312 -0.927734375 0.314697266
vn 0.292480469 -0.7109375 0.639160156
vn 0.383789062 -0.385742188 0.838867188
vn 0.248413086 -0.927734375 0.278076172
vn 0.375976562 -0.713378906 0.591308594
vn 0.494628906 -0.387451172 0.777832031
vn 0.288574219 -0.927246094 0.239257812
vn 0.466796875 -0.713378906 0.522460938
vn 0.614257812 -0.387451172 0.6875
vn 0.317382812 -0.926757812 0.201660156
vn 0.540527344 -0.711914062 0.447998047
vn 0.709960938 -0.386230469 0.588867188
vn 0.338623047 -0.926757812 0.162963867
vn 0.593261719 -0.711425781 0.376953125
vn 0.778808594 -0.385742188 0.494873047
vn 0.6328125 -0.711425781 0.304931641
vn 0.221313477 -0.972167969 -0.0757446289
vn 0.150390625 -0.929199219 -0.337890625
vn 0.283935547 -0.715332031 -0.638183594
vn 0.452636719 -0.416503906 -0.788574219
vn 0.0922241211 -0.927246094 -0.36328125
vn 0.374511719 -0.389160156 -0.841796875
vn 0.0529785156 -0.92578125 -0.374511719
vn 0.172729492 -0.711914062 -0.680664062
vn 0.226806641 -0.386474609 -0.894042969
vn 0.0291595459 -0.924804688 -0.37890625
vn 0.0986328125 -0.709960938 -0.697265625
vn 0.244750977 -0.0986938477 -0.964355469
vn 0.0113525391 -0.924804688 -0.379882812
vn 0.054107666 -0.708496094 -0.703613281
vn 0.129272461 -0.384765625 -0.9140625
vn 0.139282227 -0.0983276367 -0.985351562
vn -0.0121002197 -0.92578125 -0.378173828
vn 0.0210266113 -0.708496094 -0.705078125
vn 0.0708007812 -0.383789062 -0.920898438
vn 0.0762939453 -0.0981445312 -0.9921875
vn 0.0274963379 -0.383789062 -0.922851562
vn -0.0489501953 -0.926757812 -0.372314453
vn -0.0225372314 -0.709960938 -0.704101562
vn -0.0295410156 -0.384765625 -0.922363281
vn -0.094909668 -0.927246094 -0.362792969
vn -0.0915527344 -0.711425781 -0.696777344
vn -0.120178223 -0.385986328 -0.914550781
vn -0.133422852 -0.92578125 -0.353515625
vn -0.177734375 -0.711914062 -0.679199219
vn -0.233520508 -0.386474609 -0.892089844
vn -0.14855957 -0.923828125 -0.352539062
vn -0.248657227 -0.709960938 -0.658691406
vn -0.325927734 -0.385009766 -0.86328125
vn -0.134155273 -0.922363281 -0.362304688
vn -0.274414062 -0.707519531 -0.651367188
vn -0.358642578 -0.3828125 -0.8515625
vn -0.0855712891 -0.920410156 -0.381103516
vn -0.24621582 -0.705078125 -0.665039062
vn -0.321044922 -0.381591797 -0.866699219
vn 0.0181732178 -0.91796875 -0.396240234
vn -0.155883789 -0.703125 -0.693847656
vn -0.202880859 -0.380371094 -0.90234375
vn 0.178833008 -0.916503906 -0.357910156
vn 0.0321960449 -0.701171875 -0.712402344
vn 0.0414123535 -0.379394531 -0.924316406
vn 0.320068359 -0.916992188 -0.238647461
vn 0.318603516 -0.700683594 -0.638671875
vn 0.412841797 -0.379882812 -0.827636719
vn 0.383300781 -0.918457031 -0.0985717773
vn 0.572265625 -0.700683594 -0.426269531
vn 0.7421875 -0.379638672 -0.552246094
vn 0.39453125 -0.918457031 0.0302276611
vn 0.690429688 -0.701171875 -0.177368164
vn 0.895996094 -0.379394531 -0.229980469
vn 0.362548828 -0.91796875 0.16015625
vn 0.710449219 -0.701660156 0.0543823242
vn 0.922363281 -0.379638672 0.0705566406
vn 0.296630859 -0.919433594 0.2578125
vn 0.651855469 -0.701171875 0.288085938
vn 0.846191406 -0.379638672 0.373779297
vn 0.242797852 -0.921875 0.302001953
vn 0.537109375 -0.702148438 0.467041016
vn 0.698242188 -0.379882812 0.606933594
vn 0.217651367 -0.923339844 0.316894531
vn 0.444335938 -0.704589844 0.553222656
vn 0.579101562 -0.381103516 0.720703125
vn 0.208374023 -0.923828125 0.321289062
vn 0.400878906 -0.706542969 0.583496094
vn 0.5234375 -0.382324219 0.76171875
vn 0.206542969 -0.924316406 0.321533203
vn 0.384765625 -0.70703125 0.593261719
vn 0.502929688 -0.3828125 0.774902344
vn 0.208740234 -0.924316406 0.319335938
vn 0.381835938 -0.707519531 0.594238281
vn 0.499267578 -0.383300781 0.77734375
vn 0.227294922 -0.926757812 0.299072266
vn 0.386474609 -0.708007812 0.590820312
vn 0.505371094 -0.383544922 0.772949219
vn 0.42578125 -0.711425781 0.559082031
vn 0.186401367 -0.982421875 -0.00556182861
vn 0.216430664 -0.92578125 -0.310058594
vn 0.403808594 -0.709960938 -0.577148438
vn 0.552246094 -0.424072266 -0.717773438
vn 0.220703125 -0.922363281 -0.317382812
vn 0.529296875 -0.384521484 -0.756347656
vn 0.251953125 -0.921875 -0.294921875
vn 0.404785156 -0.705078125 -0.58203125
vn 0.527832031 -0.381591797 -0.758789062
vn 0.287597656 -0.921386719 -0.261962891
vn 0.4609375 -0.704589844 -0.539550781
vn 0.568359375 -0.0979614258 -0.816894531
vn 0.324462891 -0.920898438 -0.216308594
vn 0.524902344 -0.704101562 -0.478271484
vn 0.600585938 -0.381103516 -0.703125
vn 0.646484375 -0.0979614258 -0.756835938
vn 0.358154297 -0.920410156 -0.156982422
vn 0.591308594 -0.703613281 -0.394287109
vn 0.68359375 -0.380615234 -0.622558594
vn 0.735839844 -0.0979003906 -0.669921875
vn 0.76953125 -0.380371094 -0.512695312
vn 0.383544922 -0.919921875 -0.0822753906
vn 0.651367188 -0.703125 -0.285644531
vn 0.847167969 -0.380126953 -0.371337891
vn 0.393798828 -0.918945312 0.0117874146
vn 0.695800781 -0.702148438 -0.149414062
vn 0.904296875 -0.379882812 -0.194213867
vn 0.376220703 -0.918457031 0.121398926
vn 0.712402344 -0.701660156 0.0212249756
vn 0.924804688 -0.379394531 0.0275115967
vn 0.325439453 -0.918945312 0.22265625
vn 0.678710938 -0.701171875 0.21887207
vn 0.880371094 -0.379150391 0.284179688
vn 0.26171875 -0.919921875 0.291503906
vn 0.588378906 -0.701660156 0.40234375
vn 0.763671875 -0.379394531 0.522460938
vn 0.208007812 -0.921386719 0.328613281
vn 0.475341797 -0.702636719 0.529296875
vn 0.618164062 -0.379882812 0.688476562
vn 0.16796875 -0.921875 0.349121094
vn 0.379882812 -0.704101562 0.600097656
vn 0.494628906 -0.380615234 0.78125
vn 0.128540039 -0.921386719 0.366699219
vn 0.307617188 -0.704589844 0.639160156
vn 0.400878906 -0.381103516 0.833007812
vn 0.0705566406 -0.920410156 0.384765625
vn 0.234985352 -0.704101562 0.670410156
vn 0.305908203 -0.380615234 0.872558594
vn -0.00798797607 -0.919921875 0.392089844
vn 0.128295898 -0.702636719 0.699707031
vn 0.166870117 -0.379882812 0.909667969
vn -0.0798950195 -0.920898438 0.381835938
vn -0.0145187378 -0.702148438 0.711914062
vn -0.0188903809 -0.379638672 0.924804688
vn -0.11126709 -0.923339844 0.366943359
vn -0.145629883 -0.703125 0.695800781
vn -0.189575195 -0.380126953 0.905273438
vn -0.205322266 -0.706542969 0.677246094
vn 0.0977172852 -0.975097656 0.19921875
vn 0.357421875 -0.923828125 0.13659668
vn 0.66015625 -0.708007812 0.252197266
vn 0.8515625 -0.419677734 0.313476562
vn 0.345214844 -0.919921875 0.185058594
vn 0.862792969 -0.383544922 0.329589844
vn 0.289550781 -0.919433594 0.265869141
vn 0.626464844 -0.703125 0.335693359
vn 0.814941406 -0.380615234 0.436523438
vn 0.194702148 -0.917480469 0.347412109
vn 0.523925781 -0.703125 0.480957031
vn 0.877441406 -0.0982666016 0.469726562
vn 0.214355469 -0.948242188 0.234985352
vn 0.351318359 -0.69921875 0.622558594
vn 0.681152344 -0.380615234 0.625488281
vn 0.733398438 -0.098449707 0.672851562
vn 0.341552734 -0.920898438 0.187744141
vn 0.456298828 -0.377929688 0.805664062
vn 0.490478516 -0.0979003906 0.865722656
vn 0.440429688 -0.756347656 0.483642578
vn 0.609375 -0.42578125 0.668945312
vn 0.305175781 -0.920410156 0.244750977
vn 0.623046875 -0.703613281 0.342529297
vn 0.810546875 -0.380371094 0.445800781
vn 0.246582031 -0.919433594 0.305908203
vn 0.555175781 -0.703125 0.444824219
vn 0.721679688 -0.380126953 0.578125
vn 0.180786133 -0.920898438 0.344726562
vn 0.446777344 -0.702148438 0.554199219
vn 0.580566406 -0.379638672 0.720214844
vn 0.151489258 -0.924316406 0.350341797
vn 0.329833984 -0.703613281 0.629394531
vn 0.429199219 -0.380615234 0.819335938
vn 0.189575195 -0.931152344 0.310791016
vn 0.280517578 -0.708007812 0.647949219
vn 0.366943359 -0.383544922 0.84765625
vn 0.25 -0.926269531 0.282226562
vn 0.361572266 -0.719726562 0.592285156
vn 0.479248047 -0.392822266 0.784667969
vn 0.262451172 -0.923828125 0.278564453
vn 0.466796875 -0.7109375 0.525878906
vn 0.612792969 -0.385742188 0.689453125
vn 0.245361328 -0.921875 0.299316406
vn 0.484863281 -0.707519531 0.514160156
vn 0.633789062 -0.383300781 0.671875
vn 0.187255859 -0.919433594 0.345458984
vn 0.449707031 -0.705566406 0.547851562
vn 0.586425781 -0.381835938 0.714355469
vn 0.0619506836 -0.917480469 0.393066406
vn 0.339599609 -0.702636719 0.625
vn 0.441894531 -0.380371094 0.8125
vn -0.103393555 -0.917480469 0.383789062
vn 0.111755371 -0.701171875 0.704101562
vn 0.145507812 -0.379882812 0.913574219
vn -0.258300781 -0.916015625 0.306640625
vn -0.185668945 -0.701660156 0.687988281
vn -0.241210938 -0.380371094 0.892578125
vn -0.458740234 -0.698242188 0.549316406
vn -0.0607910156 -0.967285156 0.245849609
vn 0.101989746 -0.916992188 0.385253906
vn 0.180297852 -0.69921875 0.691894531
vn 0.379638672 -0.406005859 0.831054688
vn -0.0223846436 -0.919433594 0.392089844
vn 0.231445312 -0.377685547 0.896484375
vn -0.138305664 -0.918457031 0.370117188
vn -0.0404052734 -0.703125 0.709960938
vn -0.052520752 -0.380859375 0.923339844
vn -0.24597168 -0.918945312 0.308349609
vn -0.249389648 -0.702148438 0.666992188
vn -0.0565795898 -0.098449707 0.993652344
vn -0.312255859 -0.920410156 0.234985352
vn -0.444335938 -0.702148438 0.556640625
vn -0.323974609 -0.380126953 0.866210938
vn -0.348388672 -0.098449707 0.932128906
vn -0.340087891 -0.922363281 0.18359375
vn -0.567871094 -0.703613281 0.427246094
vn -0.577148438 -0.380126953 0.72265625
vn -0.62109375 -0.0983276367 0.77734375
vn -0.739257812 -0.380615234 0.555664062
vn -0.345214844 -0.924316406 0.163818359
vn -0.623535156 -0.705566406 0.336669922
vn -0.813476562 -0.381835938 0.438964844
vn -0.327148438 -0.927246094 0.181884766
vn -0.638183594 -0.708007812 0.302734375
vn -0.834472656 -0.383544922 0.395751953
vn -0.61328125 -0.712402344 0.341308594
vn -0.0302886963 -0.979980469 0.196289062
vn 0.237182617 -0.922851562 0.303466797
vn 0.436279297 -0.706054688 0.558105469
vn 0.576660156 -0.423339844 0.698730469
vn 0.19909668 -0.919921875 0.337646484
vn 0.569335938 -0.381835938 0.728027344
vn 0.100036621 -0.91796875 0.384277344
vn 0.361572266 -0.702148438 0.61328125
vn 0.470214844 -0.379638672 0.796875
vn -0.0400085449 -0.917480469 0.395507812
vn 0.180175781 -0.700683594 0.690429688
vn 0.505859375 -0.0978393555 0.856933594
vn -0.154296875 -0.919433594 0.361816406
vn -0.0720825195 -0.700195312 0.709960938
vn 0.233764648 -0.37890625 0.895507812
vn 0.251464844 -0.0981445312 0.962890625
vn -0.208862305 -0.921875 0.326171875
vn -0.279785156 -0.701660156 0.655273438
vn -0.0936279297 -0.37890625 0.920898438
vn -0.100708008 -0.0982055664 0.990234375
vn -0.363769531 -0.379394531 0.850585938
vn -0.220947266 -0.923828125 0.3125
vn -0.3828125 -0.704589844 0.59765625
vn -0.498779297 -0.380859375 0.778320312
vn -0.209350586 -0.925292969 0.316650391
vn -0.408203125 -0.70703125 0.577148438
vn -0.533691406 -0.382568359 0.754394531
vn -0.181396484 -0.926269531 0.330566406
vn -0.388916016 -0.708984375 0.588378906
vn -0.509277344 -0.384033203 0.770019531
vn -0.135742188 -0.927734375 0.348144531
vn -0.338623047 -0.710449219 0.616699219
vn -0.444091797 -0.385009766 0.809082031
vn -0.0612487793 -0.930664062 0.360839844
vn -0.255126953 -0.712890625 0.653320312
vn -0.335449219 -0.386962891 0.858886719
vn 0.0523071289 -0.935058594 0.351074219
vn -0.116882324 -0.71875 0.685546875
vn -0.154907227 -0.391601562 0.906738281
vn 0.166259766 -0.931152344 0.323974609
vn 0.101013184 -0.727050781 0.679199219
vn 0.134887695 -0.398925781 0.907226562
vn 0.233520508 -0.926757812 0.293701172
vn 0.317138672 -0.719726562 0.6171875
vn 0.420410156 -0.392822266 0.817871094
vn 0.2578125 -0.924316406 0.281494141
vn 0.437255859 -0.711914062 0.549804688
vn 0.57421875 -0.386230469 0.721679688
vn 0.252685547 -0.922363281 0.291748047
vn 0.477050781 -0.707519531 0.520996094
vn 0.623535156 -0.383056641 0.681152344
vn 0.216918945 -0.920410156 0.324951172
vn 0.464111328 -0.705566406 0.535644531
vn 0.60546875 -0.381591797 0.698730469
vn 0.126708984 -0.91796875 0.375976562
vn 0.394775391 -0.703125 0.591308594
vn 0.513671875 -0.380126953 0.769042969
vn -0.0315246582 -0.916503906 0.3984375
vn 0.228271484 -0.700683594 0.67578125
vn 0.296630859 -0.379150391 0.876464844
vn -0.196533203 -0.916992188 0.346679688
vn -0.0560913086 -0.700195312 0.711425781
vn -0.0725708008 -0.379394531 0.922363281
vn -0.300537109 -0.918945312 0.255615234
vn -0.352294922 -0.700683594 0.620605469
vn -0.45703125 -0.379150391 0.8046875
vn -0.357910156 -0.919433594 0.163574219
vn -0.54296875 -0.701660156 0.461425781
vn -0.705078125 -0.379638672 0.599121094
vn -0.393310547 -0.91796875 0.0496826172
vn -0.647460938 -0.702148438 0.296142578
vn -0.841308594 -0.379882812 0.384521484
vn -0.386230469 -0.916992188 -0.0985107422
vn -0.707519531 -0.700683594 0.0896606445
vn -0.91796875 -0.379150391 0.116516113
vn -0.321289062 -0.91796875 -0.233154297
vn -0.691894531 -0.700195312 -0.176391602
vn -0.896484375 -0.379150391 -0.228637695
vn -0.240112305 -0.919921875 -0.310302734
vn -0.577148438 -0.700683594 -0.419433594
vn -0.748535156 -0.37890625 -0.544433594
vn -0.184326172 -0.921875 -0.341064453
vn -0.435302734 -0.702148438 -0.563476562
vn -0.565429688 -0.379638672 -0.731933594
vn -0.164306641 -0.923828125 -0.345458984
vn -0.337402344 -0.704589844 -0.624511719
vn -0.439453125 -0.380859375 -0.813476562
vn -0.215942383 -0.936523438 -0.276611328
vn -0.303466797 -0.70703125 -0.638671875
vn -0.396240234 -0.382568359 -0.834472656
vn -0.310302734 -0.932128906 -0.185546875
vn -0.420166016 -0.729980469 -0.5390625
vn -0.5625 -0.401611328 -0.72265625
vn -0.35546875 -0.92578125 -0.12890625
vn -0.594238281 -0.722167969 -0.354736328
vn -0.7890625 -0.39453125 -0.470947266
vn -0.364501953 -0.923828125 -0.118713379
vn -0.662109375 -0.709960938 -0.239990234
vn -0.867675781 -0.384765625 -0.314453125
vn -0.361572266 -0.921875 -0.138427734
vn -0.672851562 -0.706542969 -0.219116211
vn -0.878417969 -0.382324219 -0.286132812
vn -0.344970703 -0.920898438 -0.180786133
vn -0.662597656 -0.704589844 -0.253662109
vn -0.86328125 -0.381103516 -0.330566406
vn -0.312744141 -0.920410156 -0.23425293
vn -0.629394531 -0.703613281 -0.329833984
vn -0.819335938 -0.380371094 -0.429199219
vn -0.268554688 -0.920898438 -0.283203125
vn -0.569335938 -0.703125 -0.426269531
vn -0.740234375 -0.379882812 -0.554199219
vn -0.224121094 -0.921386719 -0.317626953
vn -0.489501953 -0.703125 -0.515625
vn -0.63671875 -0.380126953 -0.670898438
vn -0.409423828 -0.703613281 -0.580566406
vn -0.198608398 -0.923828125 -0.327880859
vn -0.135498047 -0.923828125 0.357910156
vn -0.219238281 -0.782714844 0.582519531
vn -0.113342285 -0.926757812 0.358398438
vn -0.250244141 -0.70703125 0.661132812
vn -0.0679321289 -0.927246094 0.368408203
vn -0.211914062 -0.711425781 0.669921875
vn -0.0372009277 -0.924804688 0.378662109
vn -0.278076172 -0.385986328 0.879394531
vn -0.127197266 -0.712402344 0.690429688
vn -0.0591430664 -0.920898438 0.384765625
vn -0.166992188 -0.386474609 0.907226562
vn -0.0689086914 -0.708496094 0.702148438
vn -0.136474609 -0.918945312 0.369384766
vn -0.180175781 -0.0986938477 0.978515625
vn -0.107727051 -0.703613281 0.702148438
vn -0.0901489258 -0.383789062 0.918945312
vn -0.0971069336 -0.0982055664 0.990234375
vn -0.219116211 -0.919921875 0.325683594
vn -0.246704102 -0.701660156 0.668457031
vn -0.140136719 -0.380371094 0.9140625
vn -0.150756836 -0.0978393555 0.983886719
vn -0.269775391 -0.921386719 0.279785156
vn -0.397705078 -0.702148438 0.590332031
vn -0.3203125 -0.379394531 0.868164062
vn -0.344482422 -0.0979614258 0.93359375
vn -0.516601562 -0.379638672 0.767578125
vn -0.296142578 -0.922363281 0.248168945
vn -0.492919922 -0.704101562 0.511230469
vn -0.641601562 -0.380859375 0.665527344
vn -0.315673828 -0.922363281 0.22253418
vn -0.543457031 -0.705078125 0.455566406
vn -0.708496094 -0.381591797 0.59375
vn -0.340576172 -0.921386719 0.187133789
vn -0.579101562 -0.705566406 0.408447266
vn -0.755371094 -0.381591797 0.532714844
vn -0.376220703 -0.918945312 0.116333008
vn -0.622070312 -0.704101562 0.342041016
vn -0.810058594 -0.380859375 0.445556641
vn -0.399169922 -0.916503906 -0.0207824707
vn -0.680175781 -0.701660156 0.2109375
vn -0.883789062 -0.379638672 0.274169922
vn -0.349121094 -0.916015625 -0.198486328
vn -0.713378906 -0.699707031 -0.0361633301
vn -0.924316406 -0.378662109 -0.0461730957
vn -0.229614258 -0.917480469 -0.325195312
vn -0.62109375 -0.69921875 -0.353515625
vn -0.804199219 -0.378662109 -0.458007812
vn -0.12109375 -0.919921875 -0.372802734
vn -0.411132812 -0.700195312 -0.583984375
vn -0.532226562 -0.37890625 -0.756835938
vn -0.054107666 -0.921386719 -0.384521484
vn -0.219482422 -0.702636719 -0.676757812
vn -0.28515625 -0.380126953 -0.879882812
vn -0.00704193115 -0.921875 -0.387695312
vn -0.098815918 -0.704589844 -0.703125
vn -0.128662109 -0.381103516 -0.915527344
vn 0.0426330566 -0.921386719 -0.38671875
vn -0.0128326416 -0.704589844 -0.709472656
vn -0.0166778564 -0.381103516 -0.924316406
vn 0.106323242 -0.920410156 -0.376464844
vn 0.0778198242 -0.703613281 -0.706054688
vn 0.101318359 -0.380615234 -0.918945312
vn 0.181518555 -0.919433594 -0.348144531
vn 0.193359375 -0.702636719 -0.684570312
vn 0.251464844 -0.379882812 -0.890136719
vn 0.250976562 -0.919921875 -0.301269531
vn 0.329101562 -0.702148438 -0.631347656
vn 0.427734375 -0.379394531 -0.8203125
vn 0.297363281 -0.920898438 -0.251953125
vn 0.455810547 -0.702148438 -0.546875
vn 0.592285156 -0.379394531 -0.710449219
vn 0.313964844 -0.922851562 -0.22253418
vn 0.542480469 -0.703125 -0.459472656
vn 0.706054688 -0.380126953 -0.59765625
vn 0.301757812 -0.92578125 -0.227783203
vn 0.578125 -0.705566406 -0.409667969
vn 0.754394531 -0.381591797 -0.534179688
vn 0.266845703 -0.927734375 -0.261230469
vn 0.5625 -0.709472656 -0.424316406
vn 0.737304688 -0.384521484 -0.555664062
vn 0.217895508 -0.927734375 -0.302490234
vn 0.501464844 -0.712402344 -0.490722656
vn 0.659179688 -0.38671875 -0.645019531
vn 0.159790039 -0.928222656 -0.336669922
vn 0.41015625 -0.712890625 -0.568847656
vn 0.539550781 -0.386962891 -0.748046875
vn 0.0899658203 -0.929199219 -0.358886719
vn 0.301025391 -0.713378906 -0.633300781
vn 0.396240234 -0.386962891 -0.832519531
vn 0.0199432373 -0.929199219 -0.368652344
vn 0.170776367 -0.715332031 -0.677734375
vn 0.225830078 -0.388671875 -0.893066406
vn -0.144287109 -0.956542969 -0.254150391
vn 0.0394287109 -0.717285156 -0.695800781
vn 0.0532531738 -0.390869141 -0.918945312
vn -0.329101562 -0.9296875 -0.165283203
vn -0.30859375 -0.780761719 -0.54296875
vn -0.440185547 -0.452392578 -0.775878906
vn -0.358154297 -0.928710938 -0.0946044922
vn -0.623046875 -0.717285156 -0.312011719
vn -0.823242188 -0.390625 -0.411621094
vn -0.371826172 -0.927734375 -0.0255737305
vn -0.676269531 -0.71484375 -0.178100586
vn -0.891113281 -0.388671875 -0.23449707
vn -0.373046875 -0.927246094 0.0342407227
vn -0.69921875 -0.713378906 -0.0478820801
vn -0.919921875 -0.387207031 -0.0628051758
vn -0.367919922 -0.926269531 0.0816040039
vn -0.69921875 -0.711914062 0.0643310547
vn -0.918457031 -0.386230469 0.0845947266
vn -0.363525391 -0.924804688 0.111694336
vn -0.687011719 -0.710449219 0.15246582
vn -0.900878906 -0.385009766 0.199951172
vn -0.366699219 -0.922851562 0.116394043
vn -0.674804688 -0.708496094 0.207397461
vn -0.8828125 -0.383544922 0.271240234
vn -0.379394531 -0.920898438 0.0869750977
vn -0.675292969 -0.705566406 0.214355469
vn -0.880859375 -0.381591797 0.279541016
vn -0.390136719 -0.920410156 0.0281677246
vn -0.692871094 -0.703613281 0.158935547
vn -0.901367188 -0.380126953 0.206787109
vn -0.388183594 -0.920898438 -0.0332946777
vn -0.709960938 -0.702636719 0.0512695312
vn -0.922851562 -0.379638672 0.0666503906
vn -0.379394531 -0.922851562 -0.069519043
vn -0.708496094 -0.703125 -0.0607910156
vn -0.921386719 -0.380126953 -0.0791015625
vn -0.374023438 -0.924804688 -0.0706787109
vn -0.697265625 -0.705078125 -0.127807617
vn -0.909179688 -0.381347656 -0.166748047
vn -0.374267578 -0.926269531 -0.0413513184
vn -0.693847656 -0.708007812 -0.131103516
vn -0.907714844 -0.383300781 -0.171508789
vn -0.373779297 -0.927246094 0.00828552246
vn -0.69921875 -0.7109375 -0.077331543
vn -0.916992188 -0.385253906 -0.101501465
vn -0.365722656 -0.928222656 0.0689086914
vn -0.701660156 -0.712402344 0.0154418945
vn -0.921875 -0.38671875 0.0202026367
vn -0.334472656 -0.931152344 0.145385742
vn -0.687988281 -0.713867188 0.129516602
vn -0.905761719 -0.387939453 0.170410156
vn -0.278564453 -0.932128906 0.231933594
vn -0.637207031 -0.719238281 0.276611328
vn -0.84375 -0.392333984 0.366210938
vn -0.223632812 -0.928222656 0.297851562
vn -0.532226562 -0.721191406 0.443359375
vn -0.706054688 -0.393798828 0.588378906
vn -0.188964844 -0.92578125 0.327880859
vn -0.420410156 -0.713867188 0.560058594
vn -0.553222656 -0.387939453 0.737304688
vn -0.175292969 -0.924316406 0.339111328
vn -0.351806641 -0.709960938 0.610351562
vn -0.4609375 -0.384765625 0.799804688
vn -0.17980957 -0.923339844 0.339599609
vn -0.324462891 -0.707519531 0.627441406
vn -0.424072266 -0.383056641 0.8203125
vn -0.204589844 -0.921875 0.329101562
vn -0.331054688 -0.706054688 0.625976562
vn -0.432128906 -0.382080078 0.816894531
vn -0.255371094 -0.919921875 0.297119141
vn -0.374511719 -0.704589844 0.602539062
vn -0.488037109 -0.381103516 0.78515625
vn -0.324707031 -0.918457031 0.225585938
vn -0.463867188 -0.702636719 0.539550781
vn -0.603027344 -0.379882812 0.701660156
vn -0.379150391 -0.91796875 0.114562988
vn -0.585449219 -0.701171875 0.406982422
vn -0.759765625 -0.379150391 0.528320312
vn -0.394775391 -0.918945312 -0.00493240356
vn -0.682617188 -0.700683594 0.206298828
vn -0.885742188 -0.379150391 0.267578125
vn -0.712402344 -0.701660156 -0.00904846191
vn -0.377929688 -0.919433594 -0.110046387
vn -0 -1 0
vn -0 -1 0
vn -0 -1 0
vn -0 -1 0
vn -0 -1 0
vn -0 -1 0
vn -0 -1 0
vn -0 -1 0
vn -0 -1 0
vn -0 -1 0
vn -0 -1 0
vn -0 -1 0
vn -0 -1 0
vn -0 -1 0
vn -0 -1 0
vn -0 -1 0
vn -0 -1 0
vn -0 -1 0
vn -0 -1 0
vn -0 -1 0
vn -0 -1 0
vn -0 -1 0
vn -0 -1 0
vn -0 -1 0
vn -0 -1 0
vn -0 -1 0
vn -0 -1 0
vn -0 -1 0
vn -0 -1 0
vn -0 -1 0
vn -0 -1 0
vn -0 -1 0
vn -0 -1 0
vn -0 -1 0
vn -0 -1 0
vn -0 -1 0
vn -0 -1 0
vn -0 -1 0
vn -0 -1 0
vn -0 -1 0
vn -0 0 -1
vn -0 0 -1
vn -0 0 -1
vn -0 0 -1
vn -0 0 -1
vn -0 0 -1
vn -0 0 -1
vn -0 0 -1
vn -0 0 -1
vn -0 0 -1
vn -0 0 -1
vn -0 0 -1
vn -0 0 -1
vn -0 0 -1
vn -0 0 -1
vn -0 0 -1
vn -0 0 -1
vn -0 0 -1
vn -0 0 -1
vn -0 0 -1
vn -0 0 -1
vn -0 0 -1
vn -0 0 -1
vn -0 0 -1
vn -0 0 -1
vn -0 0 -1
vn -0 0 -1
vn -0 0 -1
vn -0 0 1
vn -0 0 1
vn -0 0 1
vn -0 0 1
vn -0 0 1
vn -0 0 1
vn -0 0 1
vn -0 1 0
vn -0 1 0
vn -0 1 0
vn -0 1 0
vn 0.70703125 0.70703125 0
vn 0.70703125 0.70703125 0
vn 0.70703125 0.70703125 0
vn 0.70703125 0.70703125 0
vn -0 0 1
vn -0 0 1
vn -0 0 1
vn -0 0 1
vn 1 0 0
vn 1 0 0
vn 1 0 0
vn 1 0 0
vn 0.70703125 0.70703125 0
vn 0.70703125 0.70703125 0
vn 0.70703125 0.70703125 0
vn 0.70703125 0.70703125 0
vn -1 0 0
vn -1 0 0
vn -1 0 0
vn -1 0 0
vn -0 -1 0
vn -0 -1 0
vn -0 -1 0
vn -0 -1 0
vn -0 -1 0
vn -0 -1 0
vn -0 -1 0
vn -0 -1 0
vn -0 -1 0
vn -0 0 1
vn -0 0 1
vn -0 0 1
vn -0 0 1
vn -0 0 1
vn -0 0 1
vn -0 1 0
vn -0 1 0
vn -0 1 0
vn -0 1 0
vn -0.70703125 0.70703125 0
vn -0.70703125 0.70703125 0
vn -0.70703125 0.70703125 0
vn -0.70703125 0.70703125 0
vn -1 0 0
vn -1 0 0
vn -1 0 0
vn -1 0 0
vn -0.70703125 0.70703125 0
vn -0.70703125 0.70703125 0
vn -0.70703125 0.70703125 0
vn -0.70703125 0.70703125 0
vn 1 0 0
vn 1 0 0
vn 1 0 0
vn 1 0 0
vn -0 0 1
vn -0 0 1
vn -0 0 1
vn -0 0 1
vn -0 0 1
vn -0 0 1
vn -0 0 1
vn -0 0 1
vn -0 0 1
vn -0 0 1
vn -0 -1 0
vn -0 -1 0
vn -0 -1 0
vn -0 -1 0
vn 0.70703125 -0.70703125 0
vn 0.70703125 -0.70703125 0
vn 0.70703125 -0.70703125 0
vn 0.70703125 -0.70703125 0
vn 1 0 0
vn 1 0 0
vn 1 0 0
vn 1 0 0
vn 0.70703125 -0.70703125 0
vn 0.70703125 -0.70703125 0
vn 0.70703125 -0.70703125 0
vn 0.70703125 -0.70703125 0
vn -1 0 0
vn -1 0 0
vn -1 0 0
vn -1 0 0
vn -0 1 0
vn -0 1 0
vn -0 1 0
vn -0 1 0
vn -0 1 0
vn -0 1 0
vn -0 1 0
vn -0 1 0
vn -0 1 0
vn -0 0 1
vn -0 0 1
vn -0 0 1
vn -0 0 1
vn -0 0 1
vn -0 0 1
vn -0 0 1
vn -0 0 1
vn -0 0 1
vn -0 0 1
vn -0 0 1
vn -0 -1 0
vn -0 -1 0
vn -0 -1 0
vn -0 -1 0
vn -0.70703125 -0.70703125 0
vn -0.70703125 -0.70703125 0
vn -0.70703125 -0.70703125 0
vn -0.70703125 -0.70703125 0
vn -0 0 1
vn -0 0 1
vn -0 0 1
vn -0 0 1
vn -1 0 0
vn -1 0 0
vn -1 0 0
vn -1 0 0
vn -0.70703125 -0.70703125 0
vn -0.70703125 -0.70703125 0
vn -0.70703125 -0.70703125 0
vn -0.70703125 -0.70703125 0
vn 1 0 0
vn 1 0 0
vn 1 0 0
vn 1 0 0
vn -0 0 -1
vn -0 0 -1
vn -0 0 -1
vn -0 0 -1
vn -0 0 -1
vn -0 0 -1
vn -0 1 0
vn -0 1 0
vn -0 1 0
vn -0 1 0
vn 0.70703125 0.70703125 0
vn 0.70703125 0.70703125 0
vn 0.70703125 0.70703125 0
vn 0.70703125 0.70703125 0
vn 1 0 0
vn 1 0 0
vn 1 0 0
vn 1 0 0
vn 0.70703125 0.70703125 0
vn 0.70703125 0.70703125 0
vn 0.70703125 0.70703125 0
vn 0.70703125 0.70703125 0
vn -1 0 0
vn -1 0 0
vn -1 0 0
vn -1 0 0
vn -0 0 -1
vn -0 0 -1
vn -0 0 -1
vn -0 0 -1
vn -0 0 -1
vn -0 0 -1
vn -0 0 -1
vn -0 0 -1
vn -0 0 -1
vn -0 0 -1
vn -0 0 -1
vn -0 1 0
vn -0 1 0
vn -0 1 0
vn -0 1 0
vn -0.70703125 0.70703125 0
vn -0.70703125 0.70703125 0
vn -0.70703125 0.70703125 0
vn -0.70703125 0.70703125 0
vn -0 0 -1
vn -0 0 -1
vn -0 0 -1
vn -0 0 -1
vn -1 0 0
vn -1 0 0
vn -1 0 0
vn -1 0 0
vn -0.70703125 0.70703125 0
vn -0.70703125 0.70703125 0
vn -0.70703125 0.70703125 0
vn -0.70703125 0.70703125 0
vn 1 0 0
vn 1 0 0
vn 1 0 0
vn 1 0 0
vn -0 0 -1
vn -0 0 -1
vn -0 0 -1
vn -0 0 -1
vn -0 0 -1
vn -0 0 -1
vn -0 0 -1
vn -0 -1 0
vn -0 -1 0
vn -0 -1 0
vn -0 -1 0
vn 0.70703125 -0.70703125 0
vn 0.70703125 -0.70703125 0
vn 0.70703125 -0.70703125 0
vn 0.70703125 -0.70703125 0
vn -0 0 -1
vn -0 0 -1
vn -0 0 -1
vn -0 0 -1
vn 1 0 0
vn 1 0 0
vn 1 0 0
vn 1 0 0
vn 0.70703125 -0.70703125 0
vn 0.70703125 -0.70703125 0
vn 0.70703125 -0.70703125 0
vn 0.70703125 -0.70703125 0
vn -1 0 0
vn -1 0 0
vn -1 0 0
vn -1 0 0
vn -0 0 -1
vn -0 0 -1
vn -0 0 -1
vn -0 0 -1
vn -0 0 -1
vn -0 0 -1
vn -0 -1 0
vn -0 -1 0
vn -0 -1 0
vn -0 -1 0
vn -0.70703125 -0.70703125 0
vn -0.70703125 -0.70703125 0
vn -0.70703125 -0.70703125 0
vn -0.70703125 -0.70703125 0
vn -1 0 0
vn -1 0 0
vn -1 0 0
vn -1 0 0
vn -0.70703125 -0.70703125 0
vn -0.70703125 -0.70703125 0
vn -0.70703125 -0.70703125 0
vn -0.70703125 -0.70703125 0
vn 1 0 0
vn 1 0 0
vn 1 0 0
vn 1 0 0
vn -0 0 -1
vn -0 0 -1
vn -0 0 -1
vn -0 0 -1
g SonsoftheBow_0
usemtl Druwhn_SonsoftheBow
f 3/3/3 2/2/2 1/1/1
f 1/1/1 4/4/4 3/3/3
f 1/1/1 5/5/5 4/4/4
f 1/1/1 6/6/6 5/5/5
f 1/1/1 7/7/7 6/6/6
f 1/1/1 8/8/8 7/7/7
f 1/1/1 9/9/9 8/8/8
f 9/9/9 10/10/10 8/8/8
f 9/9/9 11/11/11 10/10/10
f 9/9/9 12/12/12 11/11/11
f 9/9/9 13/13/13 12/12/12
f 13/13/13 14/14/14 12/12/12
f 13/13/13 15/15/15 14/14/14
f 15/15/15 16/16/16 14/14/14
f 16/16/16 17/17/17 14/14/14
f 16/16/16 18/18/18 17/17/17
f 16/16/16 19/19/19 18/18/18
f 19/19/19 20/20/20 18/18/18
f 19/19/19 21/21/21 20/20/20
f 21/21/21 22/22/22 20/20/20
f 21/21/21 23/23/23 22/22/22
f 21/21/21 24/24/24 23/23/23
f 21/21/21 25/25/25 24/24/24
f 21/21/21 26/26/26 25/25/25
f 26/26/26 27/27/27 25/25/25
f 26/26/26 28/28/28 27/27/27
f 28/28/28 29/29/29 27/27/27
f 29/29/29 30/30/30 27/27/27
f 29/29/29 31/31/31 30/30/30
f 31/31/31 32/32/32 30/30/30
f 32/32/32 33/33/33 30/30/30
f 33/33/33 34/34/34 30/30/30
f 33/33/33 35/35/35 34/34/34
f 35/35/35 36/36/36 34/34/34
f 36/36/36 37/37/37 34/34/34
f 37/37/37 38/38/38 34/34/34
f 38/38/38 39/39/39 34/34/34
f 39/39/39 40/40/40 34/34/34
f 39/39/39 41/41/41 40/40/40
f 41/41/41 42/42/42 40/40/40
f 42/42/42 43/43/43 40/40/40
f 43/43/43 44/44/44 40/40/40
f 43/43/43 45/45/45 44/44/44
f 45/45/45 46/46/46 44/44/44
f 45/45/45 47/47/47 46/46/46
f 47/47/47 48/48/48 46/46/46
f 47/47/47 49/49/49 48/48/48
f 47/47/47 50/50/50 49/49/49
f 50/50/50 51/51/51 49/49/49
f 50/50/50 52/52/52 51/51/51
f 50/50/50 53/53/53 52/52/52
f 50/50/50 54/54/54 53/53/53
f 50/50/50 55/55/55 54/54/54
f 55/55/55 56/56/56 54/54/54
f 55/55/55 57/57/57 56/56/56
f 55/55/55 58/58/58 57/57/57
f 58/58/58 59/59/59 57/57/57
f 58/58/58 60/60/60 59/59/59
f 58/58/58 61/61/61 60/60/60
f 61/61/61 62/62/62 60/60/60
f 61/61/61 63/63/63 62/62/62
f 63/63/63 64/64/64 62/62/62
f 63/63/63 65/65/65 64/64/64
f 65/65/65 66/66/66 64/64/64
f 66/66/66 67/67/67 64/64/64
f 66/66/66 68/68/68 67/67/67
f 66/66/66 69/69/69 68/68/68
f 68/68/68 69/69/69 70/70/70
f 69/69/69 71/71/71 70/70/70
f 71/71/71 72/72/72 70/70/70
f 72/72/72 73/73/73 70/70/70
f 72/72/72 74/74/74 73/73/73
f 74/74/74 75/75/75 73/73/73
f 74/74/74 76/76/76 75/75/75
f 76/76/76 77/77/77 75/75/75
f 76/76/76 78/78/78 77/77/77
f 78/78/78 79/79/79 77/77/77
f 78/78/78 80/80/80 79/79/79
f 80/80/80 81/81/81 79/79/79
f 80/80/80 82/82/82 81/81/81
f 82/82/82 83/83/83 81/81/81
f 68/68/68 70/70/70 84/84/84
f 85/85/85 68/68/68 84/84/84
f 86/86/86 85/85/85 84/84/84
f 86/86/86 84/84/84 87/87/87
f 88/88/88 86/86/86 87/87/87
f 88/88/88 87/87/87 89/89/89
f 90/90/90 88/88/88 89/89/89
f 90/90/90 89/89/89 91/91/91
f 92/92/92 90/90/90 91/91/91
f 91/91/91 93/93/93 92/92/92
f 82/82/82 94/94/94 83/83/83
f 94/94/94 95/95/95 83/83/83
f 94/94/94 96/96/96 95/95/95
f 94/94/94 97/97/97 96/96/96
f 97/97/97 98/98/98 96/96/96
f 98/98/98 99/99/99 96/96/96
f 98/98/98 100/100/100 99/99/99
f 100/100/100 101/101/101 99/99/99
f 101/101/101 102/102/102 99/99/99
f 102/102/102 103/103/103 99/99/99
f 102/102/102 104/104/104 103/103/103
f 104/104/104 105/105/105 103/103/103
f 105/105/105 106/106/106 103/103/103
f 106/106/106 107/107/107 103/103/103
f 106/106/106 108/108/108 107/107/107
f 108/108/108 109/109/109 107/107/107
f 109/109/109 110/110/110 107/107/107
f 109/109/109 111/111/111 110/110/110
f 111/111/111 112/112/112 110/110/110
f 112/112/112 113/113/113 110/110/110
f 113/113/113 114/114/114 110/110/110
f 113/113/113 115/115/115 114/114/114
f 115/115/115 116/116/116 114/114/114
f 116/116/116 117/117/117 114/114/114
f 117/117/117 118/118/118 114/114/114
f 118/118/118 119/119/119 114/114/114
f 119/119/119 120/120/120 114/114/114
f 120/120/120 119/119/119 121/121/121
f 122/122/122 120/120/120 121/121/121
f 121/121/121 123/123/123 122/122/122
f 120/120/120 124/124/124 114/114/114
f 124/124/124 125/125/125 114/114/114
f 125/125/125 126/126/126 114/114/114
f 125/125/125 127/127/127 126/126/126
f 127/127/127 128/128/128 126/126/126
f 128/128/128 129/129/129 126/126/126
f 129/129/129 130/130/130 126/126/126
f 130/130/130 131/131/131 126/126/126
f 130/130/130 132/132/132 131/131/131
f 132/132/132 133/133/133 131/131/131
f 133/133/133 134/134/134 131/131/131
f 133/133/133 135/135/135 134/134/134
f 135/135/135 136/136/136 134/134/134
f 136/136/136 137/137/137 134/134/134
f 136/136/136 138/138/138 137/137/137
f 138/138/138 139/139/139 137/137/137
f 138/138/138 140/140/140 139/139/139
f 140/140/140 141/141/141 139/139/139
f 140/140/140 142/142/142 141/141/141
f 142/142/142 143/143/143 141/141/141
f 142/142/142 144/144/144 143/143/143
f 142/142/142 145/145/145 144/144/144
f 145/145/145 146/146/146 144/144/144
f 145/145/145 147/147/147 146/146/146
f 145/145/145 148/148/148 147/147/147
f 148/148/148 149/149/149 147/147/147
f 148/148/148 150/150/150 149/149/149
f 150/150/150 151/151/151 149/149/149
f 150/150/150 152/152/152 151/151/151
f 150/150/150 153/153/153 152/152/152
f 153/153/153 154/154/154 152/152/152
f 153/153/153 155/155/155 154/154/154
f 155/155/155 156/156/156 154/154/154
f 155/155/155 157/157/157 156/156/156
f 155/155/155 158/158/158 157/157/157
f 158/158/158 159/159/159 157/157/157
f 158/158/158 160/160/160 159/159/159
f 158/158/158 161/161/161 160/160/160
f 161/161/161 162/162/162 160/160/160
f 161/161/161 163/163/163 162/162/162
f 161/161/161 164/164/164 163/163/163
f 161/161/161 165/165/165 164/164/164
f 161/161/161 166/166/166 165/165/165
f 166/166/166 167/167/167 165/165/165
f 166/166/166 168/168/168 167/167/167
f 166/166/166 169/169/169 168/168/168
f 166/166/166 170/170/170 169/169/169
f 166/166/166 171/171/171 170/170/170
f 172/172/172 170/170/170 171/171/171
f 173/173/173 172/172/172 171/171/171
f 166/166/166 174/174/174 171/171/171
f 166/166/166 175/175/175 174/174/174
f 175/175/175 176/176/176 174/174/174
f 176/176/176 177/177/177 174/174/174
f 176/176/176 178/178/178 177/177/177
f 178/178/178 179/179/179 177/177/177
f 178/178/178 180/180/180 179/179/179
f 173/173/173 171/171/171 181/181/181
f 182/182/182 173/173/173 181/181/181
f 183/183/183 182/182/182 181/181/181
f 183/183/183 181/181/181 184/184/184
f 185/185/185 183/183/183 184/184/184
f 185/185/185 184/184/184 186/186/186
f 187/187/187 185/185/185 186/186/186
f 186/186/186 188/188/188 187/187/187
f 180/180/180 189/189/189 179/179/179
f 180/180/180 190/190/190 189/189/189
f 190/190/190 191/191/191 189/189/189
f 191/191/191 192/192/192 189/189/189
f 191/191/191 193/193/193 192/192/192
f 193/193/193 194/194/194 192/192/192
f 194/194/194 195/195/195 192/192/192
f 194/194/194 196/196/196 195/195/195
f 196/196/196 197/197/197 195/195/195
f 197/197/197 198/198/198 195/195/195
f 198/198/198 199/199/199 195/195/195
f 199/199/199 198/198/198 200/200/200
f 199/199/199 200/200/200 201/201/201
f 199/199/199 202/202/202 195/195/195
f 202/202/202 203/203/203 195/195/195
f 202/202/202 204/204/204 203/203/203
f 205/205/205 199/199/199 201/201/201
f 205/205/205 201/201/201 206/206/206
f 204/204/204 207/207/207 203/203/203
f 208/208/208 205/205/205 206/206/206
f 208/208/208 206/206/206 209/209/209
f 208/208/208 209/209/209 210/210/210
f 211/211/211 208/208/208 210/210/210
f 211/211/211 210/210/210 212/212/212
f 213/213/213 211/211/211 212/212/212
f 213/213/213 212/212/212 214/214/214
f 215/215/215 213/213/213 214/214/214
f 215/215/215 214/214/214 216/216/216
f 217/217/217 215/215/215 216/216/216
f 207/207/207 218/218/218 203/203/203
f 217/217/217 216/216/216 219/219/219
f 220/220/220 217/217/217 219/219/219
f 221/221/221 220/220/220 219/219/219
f 221/221/221 219/219/219 222/222/222
f 223/223/223 221/221/221 222/222/222
f 223/223/223 222/222/222 224/224/224
f 224/224/224 225/225/225 223/223/223
f 218/218/218 226/226/226 203/203/203
f 226/226/226 227/227/227 203/203/203
f 227/227/227 228/228/228 203/203/203
f 228/228/228 229/229/229 203/203/203
f 229/229/229 230/230/230 203/203/203
f 229/229/229 231/231/231 230/230/230
f 231/231/231 232/232/232 230/230/230
f 232/232/232 233/233/233 230/230/230
f 233/233/233 234/234/234 230/230/230
f 233/233/233 235/235/235 234/234/234
f 235/235/235 236/236/236 234/234/234
f 236/236/236 237/237/237 234/234/234
f 237/237/237 238/238/238 234/234/234
f 237/237/237 239/239/239 238/238/238
f 239/239/239 240/240/240 238/238/238
f 239/239/239 241/241/241 240/240/240
f 241/241/241 242/242/242 240/240/240
f 241/241/241 243/243/243 242/242/242
f 241/241/241 244/244/244 243/243/243
f 241/241/241 245/245/245 244/244/244
f 245/245/245 246/246/246 244/244/244
f 245/245/245 247/247/247 246/246/246
f 245/245/245 248/248/248 247/247/247
f 248/248/248 249/249/249 247/247/247
f 248/248/248 250/250/250 249/249/249
f 248/248/248 251/251/251 250/250/250
f 251/251/251 252/252/252 250/250/250
f 251/251/251 253/253/253 252/252/252
f 251/251/251 254/254/254 253/253/253
f 254/254/254 255/255/255 253/253/253
f 254/254/254 256/256/256 255/255/255
f 254/254/254 257/257/257 256/256/256
f 257/257/257 258/258/258 256/256/256
f 257/257/257 259/259/259 258/258/258
f 257/257/257 260/260/260 259/259/259
f 260/260/260 261/261/261 259/259/259
f 260/260/260 262/262/262 261/261/261
f 260/260/260 263/263/263 262/262/262
f 263/263/263 264/264/264 262/262/262
f 265/265/265 262/262/262 264/264/264
f 263/263/263 266/266/266 264/264/264
f 264/264/264 267/267/267 265/265/265
f 263/263/263 268/268/268 266/266/266
f 267/267/267 269/269/269 265/265/265
f 268/268/268 270/270/270 266/266/266
f 268/268/268 271/271/271 270/270/270
f 269/269/269 272/272/272 265/265/265
f 269/269/269 273/273/273 272/272/272
f 273/273/273 274/274/274 272/272/272
f 274/274/274 275/275/275 272/272/272
f 274/274/274 276/276/276 275/275/275
f 271/271/271 277/277/277 270/270/270
f 271/271/271 278/278/278 277/277/277
f 278/278/278 279/279/279 277/277/277
f 279/279/279 280/280/280 277/277/277
f 279/279/279 281/281/281 280/280/280
f 281/281/281 279/279/279 282/282/282
f 281/281/281 283/283/283 280/280/280
f 282/282/282 284/284/284 281/281/281
f 282/282/282 285/285/285 284/284/284
f 285/285/285 286/286/286 284/284/284
f 285/285/285 287/287/287 286/286/286
f 287/287/287 288/288/288 286/286/286
f 287/287/287 289/289/289 288/288/288
f 289/289/289 290/290/290 288/288/288
f 289/289/289 291/291/291 290/290/290
f 291/291/291 292/292/292 290/290/290
f 291/291/291 293/293/293 292/292/292
f 293/293/293 294/294/294 292/292/292
f 293/293/293 295/295/295 294/294/294
f 283/283/283 296/296/296 280/280/280
f 296/296/296 297/297/297 280/280/280
f 296/296/296 298/298/298 297/297/297
f 296/296/296 299/299/299 298/298/298
f 298/298/298 299/299/299 300/300/300
f 298/298/298 301/301/301 297/297/297
f 300/300/300 302/302/302 298/298/298
f 301/301/301 303/303/303 297/297/297
f 300/300/300 304/304/304 302/302/302
f 300/300/300 305/305/305 304/304/304
f 305/305/305 306/306/306 304/304/304
f 305/305/305 307/307/307 306/306/306
f 307/307/307 308/308/308 306/306/306
f 307/307/307 309/309/309 308/308/308
f 309/309/309 310/310/310 308/308/308
f 309/309/309 311/311/311 310/310/310
f 303/303/303 312/312/312 297/297/297
f 303/303/303 313/313/313 312/312/312
f 313/313/313 314/314/314 312/312/312
f 314/314/314 315/315/315 312/312/312
f 314/314/314 316/316/316 315/315/315
f 314/314/314 317/317/317 316/316/316
f 317/317/317 318/318/318 316/316/316
f 317/317/317 319/319/319 318/318/318
f 317/317/317 320/320/320 319/319/319
f 317/317/317 321/321/321 320/320/320
f 317/317/317 322/322/322 321/321/321
f 322/322/322 323/323/323 321/321/321
f 322/322/322 324/324/324 323/323/323
f 322/322/322 325/325/325 324/324/324
f 325/325/325 326/326/326 324/324/324
f 325/325/325 327/327/327 326/326/326
f 325/325/325 328/328/328 327/327/327
f 328/328/328 329/329/329 327/327/327
f 328/328/328 330/330/330 329/329/329
f 328/328/328 331/331/331 330/330/330
f 331/331/331 332/332/332 330/330/330
f 331/331/331 328/328/328 333/333/333
f 331/331/331 334/334/334 332/332/332
f 333/333/333 335/335/335 331/331/331
f 333/333/333 336/336/336 335/335/335
f 333/333/333 337/337/337 336/336/336
f 333/333/333 338/338/338 337/337/337
f 334/334/334 339/339/339 332/332/332
f 334/334/334 340/340/340 339/339/339
f 340/340/340 341/341/341 339/339/339
f 341/341/341 342/342/342 339/339/339
f 341/341/341 343/343/343 342/342/342
f 343/343/343 344/344/344 342/342/342
f 343/343/343 345/345/345 344/344/344
f 345/345/345 346/346/346 344/344/344
f 349/349/349 348/348/348 347/347/347
f 347/347/347 350/350/350 349/349/349
f 347/347/347 351/351/351 350/350/350
f 351/351/351 352/352/352 350/350/350
f 351/351/351 353/353/353 352/352/352
f 353/353/353 354/354/354 352/352/352
f 353/353/353 355/355/355 354/354/354
f 353/353/353 356/356/356 355/355/355
f 356/356/356 357/357/357 355/355/355
f 356/356/356 358/358/358 357/357/357
f 358/358/358 356/356/356 359/359/359
f 360/360/360 358/358/358 359/359/359
f 361/361/361 360/360/360 359/359/359
f 362/362/362 361/361/361 359/359/359
f 363/363/363 362/362/362 359/359/359
f 356/356/356 364/364/364 359/359/359
f 364/364/364 365/365/365 359/359/359
f 364/364/364 366/366/366 365/365/365
f 364/364/364 367/367/367 366/366/366
f 367/367/367 368/368/368 366/366/366
f 367/367/367 369/369/369 368/368/368
f 369/369/369 370/370/370 368/368/368
f 363/363/363 359/359/359 371/371/371
f 369/369/369 372/372/372 370/370/370
f 372/372/372 373/373/373 370/370/370
f 372/372/372 374/374/374 373/373/373
f 375/375/375 363/363/363 371/371/371
f 372/372/372 376/376/376 374/374/374
f 376/376/376 377/377/377 374/374/374
f 376/376/376 378/378/378 377/377/377
f 379/379/379 375/375/375 371/371/371
f 380/380/380 379/379/379 371/371/371
f 381/381/381 380/380/380 371/371/371
f 376/376/376 382/382/382 378/378/378
f 381/381/381 371/371/371 383/383/383
f 384/384/384 381/381/381 383/383/383
f 385/385/385 384/384/384 383/383/383
f 382/382/382 386/386/386 378/378/378
f 385/385/385 383/383/383 387/387/387
f 388/388/388 385/385/385 387/387/387
f 389/389/389 388/388/388 387/387/387
f 389/389/389 387/387/387 390/390/390
f 391/391/391 389/389/389 390/390/390
f 382/382/382 392/392/392 386/386/386
f 391/391/391 390/390/390 393/393/393
f 394/394/394 391/391/391 393/393/393
f 395/395/395 394/394/394 393/393/393
f 395/395/395 393/393/393 396/396/396
f 397/397/397 395/395/395 396/396/396
f 397/397/397 396/396/396 398/398/398
f 399/399/399 397/397/397 398/398/398
f 400/400/400 399/399/399 398/398/398
f 400/400/400 398/398/398 401/401/401
f 402/402/402 400/400/400 401/401/401
f 403/403/403 402/402/402 401/401/401
f 403/403/403 401/401/401 404/404/404
f 405/405/405 403/403/403 404/404/404
f 405/405/405 404/404/404 406/406/406
f 407/407/407 405/405/405 406/406/406
f 407/407/407 406/406/406 408/408/408
f 409/409/409 407/407/407 408/408/408
f 409/409/409 408/408/408 410/410/410
f 409/409/409 410/410/410 411/411/411
f 412/412/412 409/409/409 411/411/411
f 412/412/412 411/411/411 413/413/413
f 412/412/412 413/413/413 414/414/414
f 415/415/415 412/412/412 414/414/414
f 415/415/415 414/414/414 416/416/416
f 415/415/415 416/416/416 417/417/417
f 415/415/415 417/417/417 418/418/418
f 415/415/415 418/418/418 419/419/419
f 420/420/420 415/415/415 419/419/419
f 420/420/420 419/419/419 421/421/421
f 420/420/420 421/421/421 422/422/422
f 420/420/420 422/422/422 423/423/423
f 424/424/424 423/423/423 422/422/422
f 424/424/424 422/422/422 425/425/425
f 425/425/425 426/426/426 424/424/424
f 420/420/420 423/423/423 427/427/427
f 420/420/420 427/427/427 428/428/428
f 420/420/420 428/428/428 429/429/429
f 420/420/420 429/429/429 430/430/430
f 420/420/420 430/430/430 431/431/431
f 432/432/432 420/420/420 431/431/431
f 432/432/432 431/431/431 433/433/433
f 432/432/432 433/433/433 434/434/434
f 432/432/432 434/434/434 435/435/435
f 436/436/436 432/432/432 435/435/435
f 436/436/436 435/435/435 437/437/437
f 436/436/436 437/437/437 438/438/438
f 439/439/439 436/436/436 438/438/438
f 439/439/439 438/438/438 440/440/440
f 439/439/439 440/440/440 441/441/441
f 439/439/439 441/441/441 442/442/442
f 443/443/443 439/439/439 442/442/442
f 443/443/443 442/442/442 444/444/444
f 443/443/443 444/444/444 445/445/445
f 443/443/443 445/445/445 446/446/446
f 447/447/447 443/443/443 446/446/446
f 447/447/447 446/446/446 448/448/448
f 447/447/447 448/448/448 449/449/449
f 450/450/450 447/447/447 449/449/449
f 451/451/451 450/450/450 449/449/449
f 451/451/451 449/449/449 452/452/452
f 453/453/453 451/451/451 452/452/452
f 453/453/453 452/452/452 454/454/454
f 455/455/455 453/453/453 454/454/454
f 455/455/455 454/454/454 456/456/456
f 457/457/457 455/455/455 456/456/456
f 457/457/457 456/456/456 458/458/458
f 459/459/459 457/457/457 458/458/458
f 459/459/459 458/458/458 460/460/460
f 461/461/461 459/459/459 460/460/460
f 461/461/461 460/460/460 462/462/462
f 463/463/463 461/461/461 462/462/462
f 463/463/463 462/462/462 464/464/464
f 463/463/463 464/464/464 465/465/465
f 463/463/463 465/465/465 466/466/466
f 466/466/466 465/465/465 467/467/467
f 468/468/468 463/463/463 466/466/466
f 469/469/469 466/466/466 467/467/467
f 468/468/468 466/466/466 470/470/470
f 468/468/468 470/470/470 471/471/471
f 472/472/472 468/468/468 471/471/471
f 472/472/472 471/471/471 473/473/473
f 474/474/474 472/472/472 473/473/473
f 474/474/474 473/473/473 475/475/475
f 476/476/476 474/474/474 475/475/475
f 476/476/476 475/475/475 477/477/477
f 477/477/477 478/478/478 476/476/476
f 479/479/479 469/469/469 467/467/467
f 479/479/479 467/467/467 480/480/480
f 479/479/479 480/480/480 481/481/481
f 482/482/482 479/479/479 481/481/481
f 482/482/482 481/481/481 483/483/483
f 484/484/484 482/482/482 483/483/483
f 484/484/484 483/483/483 485/485/485
f 486/486/486 484/484/484 485/485/485
f 487/487/487 486/486/486 485/485/485
f 487/487/487 485/485/485 488/488/488
f 489/489/489 487/487/487 488/488/488
f 490/490/490 489/489/489 488/488/488
f 490/490/490 488/488/488 491/491/491
f 492/492/492 490/490/490 491/491/491
f 493/493/493 492/492/492 491/491/491
f 494/494/494 493/493/493 491/491/491
f 495/495/495 494/494/494 491/491/491
f 495/495/495 491/491/491 496/496/496
f 497/497/497 495/495/495 496/496/496
f 498/498/498 497/497/497 496/496/496
f 498/498/498 496/496/496 499/499/499
f 500/500/500 498/498/498 499/499/499
f 500/500/500 499/499/499 501/501/501
f 502/502/502 500/500/500 501/501/501
f 502/502/502 501/501/501 503/503/503
f 502/502/502 503/503/503 504/504/504
f 502/502/502 504/504/504 505/505/505
f 506/506/506 502/502/502 505/505/505
f 506/506/506 505/505/505 507/507/507
f 506/506/506 507/507/507 508/508/508
f 506/506/506 508/508/508 509/509/509
f 506/506/506 509/509/509 510/510/510
f 506/506/506 510/510/510 511/511/511
f 512/512/512 506/506/506 511/511/511
f 512/512/512 511/511/511 513/513/513
f 512/512/512 513/513/513 514/514/514
f 512/512/512 514/514/514 515/515/515
f 516/516/516 512/512/512 515/515/515
f 516/516/516 515/515/515 517/517/517
f 516/516/516 517/517/517 518/518/518
f 519/519/519 516/516/516 518/518/518
f 519/519/519 518/518/518 520/520/520
f 521/521/521 519/519/519 520/520/520
f 522/522/522 521/521/521 520/520/520
f 523/523/523 522/522/522 520/520/520
f 524/524/524 523/523/523 520/520/520
f 524/524/524 520/520/520 525/525/525
f 526/526/526 524/524/524 525/525/525
f 526/526/526 525/525/525 527/527/527
f 528/528/528 526/526/526 527/527/527
f 529/529/529 528/528/528 527/527/527
f 529/529/529 527/527/527 530/530/530
f 529/529/529 530/530/530 531/531/531
f 532/532/532 529/529/529 531/531/531
f 532/532/532 531/531/531 533/533/533
f 534/534/534 532/532/532 533/533/533
f 535/535/535 534/534/534 533/533/533
f 536/536/536 535/535/535 533/533/533
f 536/536/536 533/533/533 537/537/537
f 538/538/538 536/536/536 537/537/537
f 539/539/539 538/538/538 537/537/537
f 539/539/539 537/537/537 540/540/540
f 539/539/539 540/540/540 541/541/541
f 539/539/539 541/541/541 542/542/542
f 542/542/542 543/543/543 539/539/539
f 546/546/546 545/545/545 544/544/544
f 547/547/547 546/546/546 544/544/544
f 547/547/547 544/544/544 548/548/548
f 547/547/547 548/548/548 549/549/549
f 550/550/550 547/547/547 549/549/549
f 550/550/550 549/549/549 551/551/551
f 550/550/550 551/551/551 552/552/552
f 552/552/552 553/553/553 550/550/550
f 553/553/553 552/552/552 554/554/554
f 552/552/552 555/555/555 554/554/554
f 555/555/555 556/556/556 554/554/554
f 555/555/555 557/557/557 556/556/556
f 557/557/557 558/558/558 556/556/556
f 553/553/553 554/554/554 559/559/559
f 560/560/560 553/553/553 559/559/559
f 561/561/561 560/560/560 559/559/559
f 557/557/557 562/562/562 558/558/558
f 562/562/562 563/563/563 558/558/558
f 561/561/561 559/559/559 564/564/564
f 565/565/565 561/561/561 564/564/564
f 566/566/566 565/565/565 564/564/564
f 562/562/562 567/567/567 563/563/563
f 566/566/566 564/564/564 568/568/568
f 569/569/569 566/566/566 568/568/568
f 570/570/570 569/569/569 568/568/568
f 570/570/570 568/568/568 571/571/571
f 572/572/572 570/570/570 571/571/571
f 573/573/573 572/572/572 571/571/571
f 573/573/573 571/571/571 574/574/574
f 575/575/575 573/573/573 574/574/574
f 576/576/576 575/575/575 574/574/574
f 576/576/576 574/574/574 577/577/577
f 578/578/578 576/576/576 577/577/577
f 579/579/579 578/578/578 577/577/577
f 579/579/579 577/577/577 580/580/580
f 581/581/581 579/579/579 580/580/580
f 582/582/582 581/581/581 580/580/580
f 583/583/583 582/582/582 580/580/580
f 583/583/583 580/580/580 584/584/584
f 585/585/585 583/583/583 584/584/584
f 585/585/585 584/584/584 586/586/586
f 587/587/587 585/585/585 586/586/586
f 587/587/587 586/586/586 588/588/588
f 587/587/587 588/588/588 589/589/589
f 587/587/587 589/589/589 590/590/590
f 591/591/591 587/587/587 590/590/590
f 591/591/591 590/590/590 592/592/592
f 591/591/591 592/592/592 593/593/593
f 591/591/591 593/593/593 594/594/594
f 595/595/595 591/591/591 594/594/594
f 595/595/595 594/594/594 596/596/596
f 595/595/595 596/596/596 597/597/597
f 595/595/595 597/597/597 598/598/598
f 595/595/595 598/598/598 599/599/599
f 595/595/595 599/599/599 600/600/600
f 595/595/595 600/600/600 601/601/601
f 595/595/595 601/601/601 602/602/602
f 382/382/382 595/595/595 602/602/602
f 382/382/382 602/602/602 603/603/603
f 382/382/382 603/603/603 604/604/604
f 382/382/382 604/604/604 392/392/392
f 605/605/605 604/604/604 603/603/603
f 606/606/606 605/605/605 603/603/603
f 606/606/606 603/603/603 607/607/607
f 608/608/608 606/606/606 607/607/607
f 608/608/608 607/607/607 609/609/609
f 610/610/610 608/608/608 609/609/609
f 611/611/611 610/610/610 609/609/609
f 611/611/611 609/609/609 612/612/612
f 613/613/613 611/611/611 612/612/612
f 613/613/613 612/612/612 614/614/614
f 615/615/615 613/613/613 614/614/614
f 615/615/615 614/614/614 616/616/616
f 617/617/617 615/615/615 616/616/616
f 617/617/617 616/616/616 618/618/618
f 619/619/619 617/617/617 618/618/618
f 619/619/619 618/618/618 620/620/620
f 619/619/619 620/620/620 621/621/621
f 622/622/622 619/619/619 621/621/621
f 622/622/622 621/621/621 623/623/623
f 624/624/624 622/622/622 623/623/623
f 623/623/623 625/625/625 624/624/624
f 628/628/628 627/627/627 626/626/626
f 628/628/628 626/626/626 629/629/629
f 630/630/630 628/628/628 629/629/629
f 630/630/630 629/629/629 631/631/631
f 632/632/632 630/630/630 631/631/631
f 632/632/632 631/631/631 633/633/633
f 632/632/632 633/633/633 634/634/634
f 635/635/635 632/632/632 634/634/634
f 635/635/635 634/634/634 636/636/636
f 637/637/637 635/635/635 636/636/636
f 637/637/637 636/636/636 638/638/638
f 639/639/639 637/637/637 638/638/638
f 640/640/640 639/639/639 638/638/638
f 641/641/641 638/638/638 636/636/636
f 640/640/640 638/638/638 642/642/642
f 643/643/643 640/640/640 642/642/642
f 644/644/644 643/643/643 642/642/642
f 636/636/636 645/645/645 641/641/641
f 645/645/645 646/646/646 641/641/641
f 646/646/646 647/647/647 641/641/641
f 647/647/647 648/648/648 641/641/641
f 644/644/644 642/642/642 649/649/649
f 650/650/650 644/644/644 649/649/649
f 651/651/651 650/650/650 649/649/649
f 651/651/651 649/649/649 652/652/652
f 653/653/653 651/651/651 652/652/652
f 654/654/654 653/653/653 652/652/652
f 655/655/655 654/654/654 652/652/652
f 656/656/656 655/655/655 652/652/652
f 656/656/656 652/652/652 657/657/657
f 658/658/658 656/656/656 657/657/657
f 659/659/659 658/658/658 657/657/657
f 659/659/659 657/657/657 660/660/660
f 659/659/659 660/660/660 661/661/661
f 662/662/662 659/659/659 661/661/661
f 662/662/662 661/661/661 663/663/663
f 662/662/662 663/663/663 664/664/664
f 662/662/662 664/664/664 665/665/665
f 666/666/666 662/662/662 665/665/665
f 664/664/664 667/667/667 665/665/665
f 666/666/666 665/665/665 668/668/668
f 669/669/669 667/667/667 664/664/664
f 664/664/664 670/670/670 669/669/669
f 670/670/670 671/671/671 669/669/669
f 671/671/671 672/672/672 669/669/669
f 671/671/671 673/673/673 672/672/672
f 673/673/673 674/674/674 672/672/672
f 673/673/673 675/675/675 674/674/674
f 675/675/675 676/676/676 674/674/674
f 675/675/675 677/677/677 676/676/676
f 677/677/677 678/678/678 676/676/676
f 666/666/666 668/668/668 679/679/679
f 666/666/666 679/679/679 567/567/567
f 562/562/562 666/666/666 567/567/567
f 680/680/680 567/567/567 679/679/679
f 679/679/679 681/681/681 680/680/680
f 681/681/681 682/682/682 680/680/680
f 681/681/681 683/683/683 682/682/682
f 683/683/683 684/684/684 682/682/682
f 683/683/683 685/685/685 684/684/684
f 685/685/685 686/686/686 684/684/684
f 685/685/685 687/687/687 686/686/686
f 687/687/687 688/688/688 686/686/686
f 687/687/687 689/689/689 688/688/688
f 689/689/689 690/690/690 688/688/688
f 689/689/689 691/691/691 690/690/690
f 691/691/691 692/692/692 690/690/690
g SonsoftheBow_1
usemtl GameObject_Bone
f 695/695/695 694/694/694 693/693/693
f 694/694/694 696/696/696 693/693/693
f 696/696/696 697/697/697 693/693/693
f 697/697/697 698/698/698 693/693/693
f 697/697/697 699/699/699 698/698/698
f 699/699/699 700/700/700 698/698/698
f 699/699/699 701/701/701 700/700/700
f 701/701/701 702/702/702 700/700/700
f 701/701/701 703/703/703 702/702/702
f 703/703/703 704/704/704 702/702/702
f 704/704/704 703/703/703 705/705/705
f 703/703/703 706/706/706 705/705/705
f 706/706/706 707/707/707 705/705/705
f 707/707/707 708/708/708 705/705/705
f 707/707/707 709/709/709 708/708/708
f 709/709/709 710/710/710 708/708/708
f 709/709/709 711/711/711 710/710/710
f 711/711/711 712/712/712 710/710/710
f 711/711/711 713/713/713 712/712/712
f 713/713/713 714/714/714 712/712/712
f 714/714/714 713/713/713 715/715/715
f 713/713/713 716/716/716 715/715/715
f 716/716/716 717/717/717 715/715/715
f 717/717/717 718/718/718 715/715/715
f 717/717/717 719/719/719 718/718/718
f 719/719/719 720/720/720 718/718/718
f 719/719/719 721/721/721 720/720/720
f 721/721/721 722/722/722 720/720/720
f 721/721/721 723/723/723 722/722/722
f 723/723/723 724/724/724 722/722/722
f 724/724/724 723/723/723 725/725/725
f 723/723/723 726/726/726 725/725/725
f 725/725/725 726/726/726 727/727/727
f 726/726/726 728/728/728 727/727/727
f 727/727/727 728/728/728 729/729/729
f 728/728/728 730/730/730 729/729/729
f 730/730/730 731/731/731 729/729/729
f 731/731/731 732/732/732 729/729/729
f 731/731/731 733/733/733 732/732/732
f 733/733/733 734/734/734 732/732/732
f 733/733/733 735/735/735 734/734/734
f 735/735/735 736/736/736 734/734/734
f 735/735/735 737/737/737 736/736/736
f 737/737/737 738/738/738 736/736/736
f 738/738/738 737/737/737 739/739/739
f 737/737/737 740/740/740 739/739/739
f 740/740/740 741/741/741 739/739/739
f 741/741/741 742/742/742 739/739/739
f 741/741/741 743/743/743 742/742/742
f 743/743/743 744/744/744 742/742/742
f 743/743/743 745/745/745 744/744/744
f 745/745/745 746/746/746 744/744/744
f 745/745/745 747/747/747 746/746/746
f 747/747/747 748/748/748 746/746/746
f 748/748/748 747/747/747 749/749/749
f 747/747/747 750/750/750 749/749/749
f 750/750/750 751/751/751 749/749/749
f 751/751/751 752/752/752 749/749/749
f 751/751/751 753/753/753 752/752/752
f 753/753/753 754/754/754 752/752/752
f 753/753/753 755/755/755 754/754/754
f 755/755/755 756/756/756 754/754/754
f 755/755/755 757/757/757 756/756/756
f 757/757/757 758/758/758 756/756/756
f 758/758/758 757/757/757 759/759/759
f 757/757/757 760/760/760 759/759/759
f 763/763/763 762/762/762 761/761/761
f 761/761/761 764/764/764 763/763/763
f 761/761/761 765/765/765 764/764/764
f 766/766/766 765/765/765 761/761/761
f 767/767/767 765/765/765 766/766/766
f 768/768/768 765/765/765 767/767/767
f 769/769/769 765/765/765 768/768/768
f 765/765/765 770/770/770 764/764/764
f 770/770/770 765/765/765 769/769/769
f 764/764/764 770/770/770 771/771/771
f 771/771/771 770/770/770 772/772/772
f 772/772/772 770/770/770 773/773/773
f 773/773/773 770/770/770 774/774/774
f 769/769/769 774/774/774 770/770/770
f 769/769/769 775/775/775 774/774/774
f 775/775/775 776/776/776 774/774/774
f 775/775/775 777/777/777 776/776/776
f 778/778/778 777/777/777 775/775/775
f 779/779/779 777/777/777 778/778/778
f 780/780/780 777/777/777 779/779/779
f 781/781/781 777/777/777 780/780/780
f 777/777/777 782/782/782 776/776/776
f 782/782/782 777/777/777 781/781/781
f 776/776/776 782/782/782 783/783/783
f 783/783/783 782/782/782 784/784/784
f 784/784/784 782/782/782 785/785/785
f 785/785/785 782/782/782 786/786/786
f 781/781/781 786/786/786 782/782/782
f 781/781/781 787/787/787 786/786/786
f 787/787/787 788/788/788 786/786/786
f 787/787/787 789/789/789 788/788/788
f 790/790/790 789/789/789 787/787/787
f 791/791/791 789/789/789 790/790/790
f 792/792/792 789/789/789 791/791/791
f 793/793/793 789/789/789 792/792/792
f 789/789/789 794/794/794 788/788/788
f 794/794/794 789/789/789 793/793/793
f 788/788/788 794/794/794 795/795/795
f 795/795/795 794/794/794 796/796/796
f 796/796/796 794/794/794 797/797/797
f 797/797/797 794/794/794 798/798/798
f 793/793/793 798/798/798 794/794/794
f 793/793/793 799/799/799 798/798/798
f 799/799/799 800/800/800 798/798/798
f 803/803/803 802/802/802 801/801/801
f 802/802/802 804/804/804 801/801/801
f 801/801/801 804/804/804 805/805/805
f 804/804/804 802/802/802 806/806/806
f 804/804/804 807/807/807 805/805/805
f 805/805/805 807/807/807 808/808/808
f 809/809/809 804/804/804 806/806/806
f 807/807/807 804/804/804 809/809/809
f 809/809/809 806/806/806 810/810/810
f 807/807/807 811/811/811 808/808/808
f 808/808/808 811/811/811 812/812/812
f 813/813/813 809/809/809 810/810/810
f 813/813/813 810/810/810 814/814/814
f 815/815/815 807/807/807 809/809/809
f 811/811/811 807/807/807 815/815/815
f 815/815/815 809/809/809 813/813/813
f 811/811/811 816/816/816 812/812/812
f 812/812/812 816/816/816 817/817/817
f 818/818/818 813/813/813 814/814/814
f 818/818/818 814/814/814 819/819/819
f 820/820/820 815/815/815 813/813/813
f 820/820/820 813/813/813 818/818/818
f 821/821/821 811/811/811 815/815/815
f 816/816/816 811/811/811 821/821/821
f 821/821/821 815/815/815 820/820/820
f 816/816/816 822/822/822 817/817/817
f 817/817/817 822/822/822 823/823/823
f 824/824/824 818/818/818 819/819/819
f 819/819/819 825/825/825 824/824/824
f 826/826/826 820/820/820 818/818/818
f 826/826/826 818/818/818 824/824/824
f 827/827/827 821/821/821 820/820/820
f 827/827/827 820/820/820 826/826/826
f 828/828/828 816/816/816 821/821/821
f 822/822/822 816/816/816 828/828/828
f 828/828/828 821/821/821 827/827/827
f 822/822/822 829/829/829 823/823/823
f 823/823/823 829/829/829 830/830/830
f 825/825/825 831/831/831 824/824/824
f 831/831/831 825/825/825 832/832/832
f 833/833/833 826/826/826 824/824/824
f 824/824/824 831/831/831 833/833/833
f 834/834/834 827/827/827 826/826/826
f 834/834/834 826/826/826 833/833/833
f 835/835/835 828/828/828 827/827/827
f 835/835/835 827/827/827 834/834/834
f 836/836/836 822/822/822 828/828/828
f 829/829/829 822/822/822 836/836/836
f 836/836/836 828/828/828 835/835/835
f 829/829/829 837/837/837 830/830/830
f 830/830/830 837/837/837 838/838/838
f 839/839/839 831/831/831 832/832/832
f 839/839/839 832/832/832 840/840/840
f 831/831/831 841/841/841 833/833/833
f 841/841/841 831/831/831 839/839/839
f 842/842/842 834/834/834 833/833/833
f 833/833/833 841/841/841 842/842/842
f 843/843/843 835/835/835 834/834/834
f 843/843/843 834/834/834 842/842/842
f 844/844/844 836/836/836 835/835/835
f 844/844/844 835/835/835 843/843/843
f 845/845/845 829/829/829 836/836/836
f 837/837/837 829/829/829 845/845/845
f 845/845/845 836/836/836 844/844/844
f 846/846/846 839/839/839 840/840/840
f 846/846/846 840/840/840 847/847/847
f 848/848/848 841/841/841 839/839/839
f 848/848/848 839/839/839 846/846/846
f 841/841/841 849/849/849 842/842/842
f 849/849/849 841/841/841 848/848/848
f 850/850/850 843/843/843 842/842/842
f 842/842/842 849/849/849 850/850/850
f 851/851/851 844/844/844 843/843/843
f 851/851/851 843/843/843 850/850/850
f 852/852/852 845/845/845 844/844/844
f 852/852/852 844/844/844 851/851/851
f 853/853/853 837/837/837 845/845/845
f 853/853/853 845/845/845 852/852/852
f 854/854/854 846/846/846 847/847/847
f 854/854/854 847/847/847 855/855/855
f 856/856/856 848/848/848 846/846/846
f 856/856/856 846/846/846 854/854/854
f 857/857/857 849/849/849 848/848/848
f 857/857/857 848/848/848 856/856/856
f 849/849/849 858/858/858 850/850/850
f 858/858/858 849/849/849 857/857/857
f 859/859/859 851/851/851 850/850/850
f 850/850/850 858/858/858 859/859/859
f 860/860/860 852/852/852 851/851/851
f 860/860/860 851/851/851 859/859/859
f 861/861/861 854/854/854 855/855/855
f 861/861/861 855/855/855 862/862/862
f 863/863/863 861/861/861 862/862/862
f 864/864/864 856/856/856 854/854/854
f 864/864/864 854/854/854 861/861/861
f 865/865/865 861/861/861 863/863/863
f 865/865/865 864/864/864 861/861/861
f 866/866/866 865/865/865 863/863/863
f 867/867/867 856/856/856 864/864/864
f 867/867/867 857/857/857 856/856/856
f 868/868/868 865/865/865 866/866/866
f 869/869/869 868/868/868 866/866/866
f 870/870/870 864/864/864 865/865/865
f 870/870/870 867/867/867 864/864/864
f 868/868/868 870/870/870 865/865/865
f 871/871/871 857/857/857 867/867/867
f 871/871/871 858/858/858 857/857/857
f 872/872/872 868/868/868 869/869/869
f 873/873/873 872/872/872 869/869/869
f 874/874/874 870/870/870 868/868/868
f 872/872/872 874/874/874 868/868/868
f 875/875/875 867/867/867 870/870/870
f 875/875/875 871/871/871 867/867/867
f 874/874/874 875/875/875 870/870/870
f 876/876/876 858/858/858 871/871/871
f 858/858/858 876/876/876 859/859/859
f 877/877/877 872/872/872 873/873/873
f 878/878/878 877/877/877 873/873/873
f 879/879/879 871/871/871 875/875/875
f 879/879/879 876/876/876 871/871/871
f 880/880/880 874/874/874 872/872/872
f 877/877/877 880/880/880 872/872/872
f 881/881/881 875/875/875 874/874/874
f 881/881/881 879/879/879 875/875/875
f 880/880/880 881/881/881 874/874/874
f 859/859/859 876/876/876 882/882/882
f 882/882/882 860/860/860 859/859/859
f 883/883/883 877/877/877 878/878/878
f 884/884/884 883/883/883 878/878/878
f 885/885/885 876/876/876 879/879/879
f 876/876/876 885/885/885 882/882/882
f 886/886/886 879/879/879 881/881/881
f 886/886/886 885/885/885 879/879/879
f 887/887/887 880/880/880 877/877/877
f 883/883/883 887/887/887 877/877/877
f 888/888/888 881/881/881 880/880/880
f 888/888/888 886/886/886 881/881/881
f 887/887/887 888/888/888 880/880/880
f 889/889/889 883/883/883 884/884/884
f 890/890/890 889/889/889 884/884/884
f 891/891/891 887/887/887 883/883/883
f 889/889/889 891/891/891 883/883/883
f 892/892/892 888/888/888 887/887/887
f 891/891/891 892/892/892 887/887/887
f 893/893/893 886/886/886 888/888/888
f 892/892/892 893/893/893 888/888/888
f 894/894/894 885/885/885 886/886/886
f 893/893/893 894/894/894 886/886/886
f 895/895/895 889/889/889 890/890/890
f 896/896/896 895/895/895 890/890/890
f 897/897/897 891/891/891 889/889/889
f 895/895/895 897/897/897 889/889/889
f 898/898/898 892/892/892 891/891/891
f 897/897/897 898/898/898 891/891/891
f 899/899/899 893/893/893 892/892/892
f 898/898/898 899/899/899 892/892/892
f 900/900/900 895/895/895 896/896/896
f 901/901/901 900/900/900 896/896/896
f 902/902/902 897/897/897 895/895/895
f 900/900/900 902/902/902 895/895/895
f 903/903/903 898/898/898 897/897/897
f 902/902/902 903/903/903 897/897/897
f 904/904/904 900/900/900 901/901/901
f 905/905/905 904/904/904 901/901/901
f 906/906/906 902/902/902 900/900/900
f 904/904/904 906/906/906 900/900/900
f 907/907/907 904/904/904 905/905/905
f 908/908/908 907/907/907 905/905/905
f 899/899/899 909/909/909 893/893/893
f 909/909/909 894/894/894 893/893/893
f 910/910/910 899/899/899 898/898/898
f 903/903/903 910/910/910 898/898/898
f 911/911/911 903/903/903 902/902/902
f 906/906/906 911/911/911 902/902/902
f 912/912/912 906/906/906 904/904/904
f 907/907/907 912/912/912 904/904/904
f 913/913/913 907/907/907 908/908/908
f 914/914/914 913/913/913 908/908/908
f 915/915/915 909/909/909 899/899/899
f 910/910/910 915/915/915 899/899/899
f 916/916/916 910/910/910 903/903/903
f 911/911/911 916/916/916 903/903/903
f 917/917/917 911/911/911 906/906/906
f 912/912/912 917/917/917 906/906/906
f 918/918/918 912/912/912 907/907/907
f 913/913/913 918/918/918 907/907/907
f 919/919/919 913/913/913 914/914/914
f 920/920/920 919/919/919 914/914/914
f 921/921/921 915/915/915 910/910/910
f 916/916/916 921/921/921 910/910/910
f 922/922/922 916/916/916 911/911/911
f 917/917/917 922/922/922 911/911/911
f 923/923/923 917/917/917 912/912/912
f 918/918/918 923/923/923 912/912/912
f 924/924/924 918/918/918 913/913/913
f 919/919/919 924/924/924 913/913/913
f 925/925/925 919/919/919 920/920/920
f 926/926/926 925/925/925 920/920/920
f 927/927/927 921/921/921 916/916/916
f 922/922/922 927/927/927 916/916/916
f 928/928/928 922/922/922 917/917/917
f 923/923/923 928/928/928 917/917/917
f 929/929/929 923/923/923 918/918/918
f 924/924/924 929/929/929 918/918/918
f 930/930/930 924/924/924 919/919/919
f 925/925/925 930/930/930 919/919/919
f 931/931/931 925/925/925 926/926/926
f 932/932/932 931/931/931 926/926/926
f 933/933/933 927/927/927 922/922/922
f 928/928/928 933/933/933 922/922/922
f 934/934/934 928/928/928 923/923/923
f 929/929/929 934/934/934 923/923/923
f 935/935/935 929/929/929 924/924/924
f 930/930/930 935/935/935 924/924/924
f 936/936/936 930/930/930 925/925/925
f 931/931/931 936/936/936 925/925/925
f 937/937/937 931/931/931 932/932/932
f 938/938/938 937/937/937 932/932/932
f 939/939/939 933/933/933 928/928/928
f 934/934/934 939/939/939 928/928/928
f 940/940/940 934/934/934 929/929/929
f 935/935/935 940/940/940 929/929/929
f 941/941/941 935/935/935 930/930/930
f 936/936/936 941/941/941 930/930/930
f 942/942/942 936/936/936 931/931/931
f 937/937/937 942/942/942 931/931/931
f 943/943/943 937/937/937 938/938/938
f 944/944/944 943/943/943 938/938/938
f 945/945/945 939/939/939 934/934/934
f 940/940/940 945/945/945 934/934/934
f 946/946/946 940/940/940 935/935/935
f 941/941/941 946/946/946 935/935/935
f 947/947/947 941/941/941 936/936/936
f 942/942/942 947/947/947 936/936/936
f 948/948/948 942/942/942 937/937/937
f 943/943/943 948/948/948 937/937/937
f 949/949/949 943/943/943 944/944/944
f 950/950/950 949/949/949 944/944/944
f 951/951/951 945/945/945 940/940/940
f 946/946/946 951/951/951 940/940/940
f 952/952/952 946/946/946 941/941/941
f 947/947/947 952/952/952 941/941/941
f 953/953/953 947/947/947 942/942/942
f 948/948/948 953/953/953 942/942/942
f 954/954/954 948/948/948 943/943/943
f 949/949/949 954/954/954 943/943/943
f 955/955/955 949/949/949 950/950/950
f 956/956/956 955/955/955 950/950/950
f 957/957/957 951/951/951 946/946/946
f 952/952/952 957/957/957 946/946/946
f 958/958/958 952/952/952 947/947/947
f 953/953/953 958/958/958 947/947/947
f 959/959/959 953/953/953 948/948/948
f 954/954/954 959/959/959 948/948/948
f 960/960/960 954/954/954 949/949/949
f 955/955/955 960/960/960 949/949/949
f 961/961/961 955/955/955 956/956/956
f 962/962/962 961/961/961 956/956/956
f 963/963/963 957/957/957 952/952/952
f 958/958/958 963/963/963 952/952/952
f 964/964/964 958/958/958 953/953/953
f 959/959/959 964/964/964 953/953/953
f 965/965/965 959/959/959 954/954/954
f 960/960/960 965/965/965 954/954/954
f 966/966/966 960/960/960 955/955/955
f 961/961/961 966/966/966 955/955/955
f 967/967/967 961/961/961 962/962/962
f 968/968/968 967/967/967 962/962/962
f 969/969/969 963/963/963 958/958/958
f 964/964/964 969/969/969 958/958/958
f 970/970/970 964/964/964 959/959/959
f 965/965/965 970/970/970 959/959/959
f 971/971/971 965/965/965 960/960/960
f 966/966/966 971/971/971 960/960/960
f 972/972/972 966/966/966 961/961/961
f 967/967/967 972/972/972 961/961/961
f 973/973/973 967/967/967 968/968/968
f 974/974/974 973/973/973 968/968/968
f 975/975/975 969/969/969 964/964/964
f 970/970/970 975/975/975 964/964/964
f 976/976/976 970/970/970 965/965/965
f 971/971/971 976/976/976 965/965/965
f 977/977/977 971/971/971 966/966/966
f 972/972/972 977/977/977 966/966/966
f 978/978/978 972/972/972 967/967/967
f 973/973/973 978/978/978 967/967/967
f 979/979/979 973/973/973 974/974/974
f 980/980/980 979/979/979 974/974/974
f 981/981/981 975/975/975 970/970/970
f 976/976/976 981/981/981 970/970/970
f 982/982/982 976/976/976 971/971/971
f 977/977/977 982/982/982 971/971/971
f 983/983/983 977/977/977 972/972/972
f 978/978/978 983/983/983 972/972/972
f 984/984/984 978/978/978 973/973/973
f 979/979/979 984/984/984 973/973/973
f 985/985/985 979/979/979 980/980/980
f 986/986/986 985/985/985 980/980/980
f 987/987/987 981/981/981 976/976/976
f 982/982/982 987/987/987 976/976/976
f 988/988/988 982/982/982 977/977/977
f 983/983/983 988/988/988 977/977/977
f 989/989/989 983/983/983 978/978/978
f 984/984/984 989/989/989 978/978/978
f 990/990/990 984/984/984 979/979/979
f 985/985/985 990/990/990 979/979/979
f 991/991/991 985/985/985 986/986/986
f 992/992/992 991/991/991 986/986/986
f 993/993/993 987/987/987 982/982/982
f 988/988/988 993/993/993 982/982/982
f 994/994/994 988/988/988 983/983/983
f 989/989/989 994/994/994 983/983/983
f 995/995/995 989/989/989 984/984/984
f 990/990/990 995/995/995 984/984/984
f 996/996/996 990/990/990 985/985/985
f 991/991/991 996/996/996 985/985/985
f 997/997/997 991/991/991 992/992/992
f 998/998/998 997/997/997 992/992/992
f 999/999/999 993/993/993 988/988/988
f 994/994/994 999/999/999 988/988/988
f 1000/1000/1000 994/994/994 989/989/989
f 995/995/995 1000/1000/1000 989/989/989
f 1001/1001/1001 995/995/995 990/990/990
f 996/996/996 1001/1001/1001 990/990/990
f 1002/1002/1002 996/996/996 991/991/991
f 997/997/997 1002/1002/1002 991/991/991
f 1003/1003/1003 997/997/997 998/998/998
f 1004/1004/1004 1003/1003/1003 998/998/998
f 1005/1005/1005 999/999/999 994/994/994
f 1000/1000/1000 1005/1005/1005 994/994/994
f 1006/1006/1006 1000/1000/1000 995/995/995
f 1001/1001/1001 1006/1006/1006 995/995/995
f 1007/1007/1007 1001/1001/1001 996/996/996
f 1002/1002/1002 1007/1007/1007 996/996/996
f 1008/1008/1008 1002/1002/1002 997/997/997
f 1003/1003/1003 1008/1008/1008 997/997/997
f 1009/1009/1009 1003/1003/1003 1004/1004/1004
f 1010/1010/1010 1009/1009/1009 1004/1004/1004
f 1011/1011/1011 1005/1005/1005 1000/1000/1000
f 1006/1006/1006 1011/1011/1011 1000/1000/1000
f 1012/1012/1012 1006/1006/1006 1001/1001/1001
f 1007/1007/1007 1012/1012/1012 1001/1001/1001
f 1013/1013/1013 1007/1007/1007 1002/1002/1002
f 1008/1008/1008 1013/1013/1013 1002/1002/1002
f 1014/1014/1014 1008/1008/1008 1003/1003/1003
f 1009/1009/1009 1014/1014/1014 1003/1003/1003
f 1015/1015/1015 1009/1009/1009 1010/1010/1010
f 1016/1016/1016 1015/1015/1015 1010/1010/1010
f 1017/1017/1017 1011/1011/1011 1006/1006/1006
f 1012/1012/1012 1017/1017/1017 1006/1006/1006
f 1018/1018/1018 1012/1012/1012 1007/1007/1007
f 1013/1013/1013 1018/1018/1018 1007/1007/1007
f 1019/1019/1019 1013/1013/1013 1008/1008/1008
f 1014/1014/1014 1019/1019/1019 1008/1008/1008
f 1020/1020/1020 1014/1014/1014 1009/1009/1009
f 1015/1015/1015 1020/1020/1020 1009/1009/1009
f 1021/1021/1021 1015/1015/1015 1016/1016/1016
f 1022/1022/1022 1021/1021/1021 1016/1016/1016
f 1023/1023/1023 1017/1017/1017 1012/1012/1012
f 1018/1018/1018 1023/1023/1023 1012/1012/1012
f 1024/1024/1024 1018/1018/1018 1013/1013/1013
f 1019/1019/1019 1024/1024/1024 1013/1013/1013
f 1025/1025/1025 1019/1019/1019 1014/1014/1014
f 1020/1020/1020 1025/1025/1025 1014/1014/1014
f 1026/1026/1026 1020/1020/1020 1015/1015/1015
f 1021/1021/1021 1026/1026/1026 1015/1015/1015
f 1027/1027/1027 1021/1021/1021 1022/1022/1022
f 1028/1028/1028 1027/1027/1027 1022/1022/1022
f 1029/1029/1029 1023/1023/1023 1018/1018/1018
f 1024/1024/1024 1029/1029/1029 1018/1018/1018
f 1030/1030/1030 1024/1024/1024 1019/1019/1019
f 1025/1025/1025 1030/1030/1030 1019/1019/1019
f 1031/1031/1031 1025/1025/1025 1020/1020/1020
f 1026/1026/1026 1031/1031/1031 1020/1020/1020
f 1032/1032/1032 1026/1026/1026 1021/1021/1021
f 1027/1027/1027 1032/1032/1032 1021/1021/1021
f 1033/1033/1033 1027/1027/1027 1028/1028/1028
f 1034/1034/1034 1033/1033/1033 1028/1028/1028
f 1035/1035/1035 1029/1029/1029 1024/1024/1024
f 1030/1030/1030 1035/1035/1035 1024/1024/1024
f 1036/1036/1036 1030/1030/1030 1025/1025/1025
f 1031/1031/1031 1036/1036/1036 1025/1025/1025
f 1037/1037/1037 1031/1031/1031 1026/1026/1026
f 1032/1032/1032 1037/1037/1037 1026/1026/1026
f 1038/1038/1038 1032/1032/1032 1027/1027/1027
f 1033/1033/1033 1038/1038/1038 1027/1027/1027
f 1039/1039/1039 1033/1033/1033 1034/1034/1034
f 1040/1040/1040 1039/1039/1039 1034/1034/1034
f 1041/1041/1041 1035/1035/1035 1030/1030/1030
f 1036/1036/1036 1041/1041/1041 1030/1030/1030
f 1042/1042/1042 1036/1036/1036 1031/1031/1031
f 1037/1037/1037 1042/1042/1042 1031/1031/1031
f 1043/1043/1043 1037/1037/1037 1032/1032/1032
f 1038/1038/1038 1043/1043/1043 1032/1032/1032
f 1044/1044/1044 1038/1038/1038 1033/1033/1033
f 1039/1039/1039 1044/1044/1044 1033/1033/1033
f 1045/1045/1045 1039/1039/1039 1040/1040/1040
f 1046/1046/1046 1045/1045/1045 1040/1040/1040
f 1047/1047/1047 1041/1041/1041 1036/1036/1036
f 1042/1042/1042 1047/1047/1047 1036/1036/1036
f 1048/1048/1048 1042/1042/1042 1037/1037/1037
f 1043/1043/1043 1048/1048/1048 1037/1037/1037
f 1049/1049/1049 1043/1043/1043 1038/1038/1038
f 1044/1044/1044 1049/1049/1049 1038/1038/1038
f 1050/1050/1050 1044/1044/1044 1039/1039/1039
f 1045/1045/1045 1050/1050/1050 1039/1039/1039
f 1051/1051/1051 1045/1045/1045 1046/1046/1046
f 1052/1052/1052 1051/1051/1051 1046/1046/1046
f 1053/1053/1053 1047/1047/1047 1042/1042/1042
f 1048/1048/1048 1053/1053/1053 1042/1042/1042
f 1054/1054/1054 1048/1048/1048 1043/1043/1043
f 1049/1049/1049 1054/1054/1054 1043/1043/1043
f 1055/1055/1055 1049/1049/1049 1044/1044/1044
f 1050/1050/1050 1055/1055/1055 1044/1044/1044
f 1056/1056/1056 1050/1050/1050 1045/1045/1045
f 1051/1051/1051 1056/1056/1056 1045/1045/1045
f 1057/1057/1057 1051/1051/1051 1052/1052/1052
f 1058/1058/1058 1057/1057/1057 1052/1052/1052
f 1059/1059/1059 1053/1053/1053 1048/1048/1048
f 1054/1054/1054 1059/1059/1059 1048/1048/1048
f 1060/1060/1060 1054/1054/1054 1049/1049/1049
f 1055/1055/1055 1060/1060/1060 1049/1049/1049
f 1061/1061/1061 1055/1055/1055 1050/1050/1050
f 1056/1056/1056 1061/1061/1061 1050/1050/1050
f 1062/1062/1062 1056/1056/1056 1051/1051/1051
f 1057/1057/1057 1062/1062/1062 1051/1051/1051
f 1063/1063/1063 1057/1057/1057 1058/1058/1058
f 1064/1064/1064 1063/1063/1063 1058/1058/1058
f 1065/1065/1065 1059/1059/1059 1054/1054/1054
f 1060/1060/1060 1065/1065/1065 1054/1054/1054
f 1066/1066/1066 1060/1060/1060 1055/1055/1055
f 1061/1061/1061 1066/1066/1066 1055/1055/1055
f 1067/1067/1067 1061/1061/1061 1056/1056/1056
f 1062/1062/1062 1067/1067/1067 1056/1056/1056
f 1068/1068/1068 1062/1062/1062 1057/1057/1057
f 1063/1063/1063 1068/1068/1068 1057/1057/1057
f 1069/1069/1069 1063/1063/1063 1064/1064/1064
f 1070/1070/1070 1069/1069/1069 1064/1064/1064
f 1071/1071/1071 1065/1065/1065 1060/1060/1060
f 1066/1066/1066 1071/1071/1071 1060/1060/1060
f 1072/1072/1072 1066/1066/1066 1061/1061/1061
f 1067/1067/1067 1072/1072/1072 1061/1061/1061
f 1073/1073/1073 1067/1067/1067 1062/1062/1062
f 1068/1068/1068 1073/1073/1073 1062/1062/1062
f 1074/1074/1074 1068/1068/1068 1063/1063/1063
f 1069/1069/1069 1074/1074/1074 1063/1063/1063
f 1075/1075/1075 1069/1069/1069 1070/1070/1070
f 1076/1076/1076 1075/1075/1075 1070/1070/1070
f 1077/1077/1077 1071/1071/1071 1066/1066/1066
f 1072/1072/1072 1077/1077/1077 1066/1066/1066
f 1078/1078/1078 1072/1072/1072 1067/1067/1067
f 1073/1073/1073 1078/1078/1078 1067/1067/1067
f 1079/1079/1079 1073/1073/1073 1068/1068/1068
f 1074/1074/1074 1079/1079/1079 1068/1068/1068
f 1080/1080/1080 1074/1074/1074 1069/1069/1069
f 1075/1075/1075 1080/1080/1080 1069/1069/1069
f 1081/1081/1081 1075/1075/1075 1076/1076/1076
f 1082/1082/1082 1081/1081/1081 1076/1076/1076
f 1083/1083/1083 1081/1081/1081 1082/1082/1082
f 1084/1084/1084 1083/1083/1083 1082/1082/1082
f 1085/1085/1085 1083/1083/1083 1084/1084/1084
f 1086/1086/1086 1083/1083/1083 1085/1085/1085
f 1087/1087/1087 1083/1083/1083 1086/1086/1086
f 1081/1081/1081 1088/1088/1088 1075/1075/1075
f 1088/1088/1088 1080/1080/1080 1075/1075/1075
f 1080/1080/1080 1089/1089/1089 1074/1074/1074
f 1089/1089/1089 1079/1079/1079 1074/1074/1074
f 1090/1090/1090 1083/1083/1083 1087/1087/1087
f 1091/1091/1091 1090/1090/1090 1087/1087/1087
f 1083/1083/1083 1092/1092/1092 1081/1081/1081
f 1092/1092/1092 1088/1088/1088 1081/1081/1081
f 1088/1088/1088 1093/1093/1093 1080/1080/1080
f 1093/1093/1093 1089/1089/1089 1080/1080/1080
f 1094/1094/1094 1090/1090/1090 1091/1091/1091
f 1095/1095/1095 1094/1094/1094 1091/1091/1091
f 1090/1090/1090 1096/1096/1096 1083/1083/1083
f 1096/1096/1096 1092/1092/1092 1083/1083/1083
f 1092/1092/1092 1097/1097/1097 1088/1088/1088
f 1097/1097/1097 1093/1093/1093 1088/1088/1088
f 1098/1098/1098 1094/1094/1094 1095/1095/1095
f 1099/1099/1099 1098/1098/1098 1095/1095/1095
f 1094/1094/1094 1100/1100/1100 1090/1090/1090
f 1100/1100/1100 1096/1096/1096 1090/1090/1090
f 1096/1096/1096 1101/1101/1101 1092/1092/1092
f 1101/1101/1101 1097/1097/1097 1092/1092/1092
f 1102/1102/1102 1098/1098/1098 1099/1099/1099
f 1103/1103/1103 1102/1102/1102 1099/1099/1099
f 1098/1098/1098 1104/1104/1104 1094/1094/1094
f 1104/1104/1104 1100/1100/1100 1094/1094/1094
f 1100/1100/1100 1105/1105/1105 1096/1096/1096
f 1105/1105/1105 1101/1101/1101 1096/1096/1096
f 1106/1106/1106 1102/1102/1102 1103/1103/1103
f 1107/1107/1107 1106/1106/1106 1103/1103/1103
f 1102/1102/1102 1108/1108/1108 1098/1098/1098
f 1108/1108/1108 1104/1104/1104 1098/1098/1098
f 1104/1104/1104 1109/1109/1109 1100/1100/1100
f 1109/1109/1109 1105/1105/1105 1100/1100/1100
f 1110/1110/1110 1106/1106/1106 1107/1107/1107
f 1111/1111/1111 1110/1110/1110 1107/1107/1107
f 1112/1112/1112 1110/1110/1110 1111/1111/1111
f 1113/1113/1113 1110/1110/1110 1112/1112/1112
f 1114/1114/1114 1110/1110/1110 1113/1113/1113
f 1115/1115/1115 1110/1110/1110 1114/1114/1114
f 1116/1116/1116 1110/1110/1110 1115/1115/1115
f 1117/1117/1117 1110/1110/1110 1116/1116/1116
f 1118/1118/1118 1110/1110/1110 1117/1117/1117
f 1108/1108/1108 1119/1119/1119 1104/1104/1104
f 1119/1119/1119 1109/1109/1109 1104/1104/1104
f 1120/1120/1120 1110/1110/1110 1118/1118/1118
f 1121/1121/1121 1120/1120/1120 1118/1118/1118
f 1122/1122/1122 1120/1120/1120 1121/1121/1121
f 1123/1123/1123 1122/1122/1122 1121/1121/1121
f 1124/1124/1124 1122/1122/1122 1123/1123/1123
f 1125/1125/1125 1124/1124/1124 1123/1123/1123
f 1126/1126/1126 1124/1124/1124 1125/1125/1125
f 1127/1127/1127 1126/1126/1126 1125/1125/1125
f 1128/1128/1128 1126/1126/1126 1127/1127/1127
f 1129/1129/1129 1128/1128/1128 1127/1127/1127
f 1130/1130/1130 1128/1128/1128 1129/1129/1129
f 1131/1131/1131 1130/1130/1130 1129/1129/1129
f 1132/1132/1132 1130/1130/1130 1131/1131/1131
f 1133/1133/1133 1132/1132/1132 1131/1131/1131
f 1134/1134/1134 1132/1132/1132 1133/1133/1133
f 1135/1135/1135 1134/1134/1134 1133/1133/1133
f 1136/1136/1136 1134/1134/1134 1135/1135/1135
f 1137/1137/1137 1136/1136/1136 1135/1135/1135
f 1138/1138/1138 1136/1136/1136 1137/1137/1137
f 1139/1139/1139 1138/1138/1138 1137/1137/1137
f 1140/1140/1140 1138/1138/1138 1139/1139/1139
f 1141/1141/1141 1140/1140/1140 1139/1139/1139
f 1142/1142/1142 1140/1140/1140 1141/1141/1141
f 1143/1143/1143 1142/1142/1142 1141/1141/1141
f 1144/1144/1144 1142/1142/1142 1143/1143/1143
f 1145/1145/1145 1144/1144/1144 1143/1143/1143
f 1146/1146/1146 1144/1144/1144 1145/1145/1145
f 1147/1147/1147 1146/1146/1146 1145/1145/1145
f 1148/1148/1148 1146/1146/1146 1147/1147/1147
f 1149/1149/1149 1148/1148/1148 1147/1147/1147
f 1150/1150/1150 1148/1148/1148 1149/1149/1149
f 1151/1151/1151 1150/1150/1150 1149/1149/1149
f 1152/1152/1152 1150/1150/1150 1151/1151/1151
f 1153/1153/1153 1152/1152/1152 1151/1151/1151
f 1154/1154/1154 1152/1152/1152 1153/1153/1153
f 1155/1155/1155 1154/1154/1154 1153/1153/1153
f 1156/1156/1156 1154/1154/1154 1155/1155/1155
f 1157/1157/1157 1156/1156/1156 1155/1155/1155
f 1158/1158/1158 1156/1156/1156 1157/1157/1157
f 1159/1159/1159 1158/1158/1158 1157/1157/1157
f 1160/1160/1160 1158/1158/1158 1159/1159/1159
f 1161/1161/1161 1160/1160/1160 1159/1159/1159
f 1162/1162/1162 1160/1160/1160 1161/1161/1161
f 1163/1163/1163 1162/1162/1162 1161/1161/1161
f 1164/1164/1164 1162/1162/1162 1163/1163/1163
f 1165/1165/1165 1164/1164/1164 1163/1163/1163
f 1166/1166/1166 1164/1164/1164 1165/1165/1165
f 1167/1167/1167 1166/1166/1166 1165/1165/1165
f 1168/1168/1168 1166/1166/1166 1167/1167/1167
f 1169/1169/1169 1168/1168/1168 1167/1167/1167
f 1170/1170/1170 1168/1168/1168 1169/1169/1169
f 1171/1171/1171 1170/1170/1170 1169/1169/1169
f 1172/1172/1172 1170/1170/1170 1171/1171/1171
f 1173/1173/1173 1172/1172/1172 1171/1171/1171
f 1174/1174/1174 1172/1172/1172 1173/1173/1173
f 1175/1175/1175 1174/1174/1174 1173/1173/1173
f 1176/1176/1176 1174/1174/1174 1175/1175/1175
f 1177/1177/1177 1176/1176/1176 1175/1175/1175
f 1178/1178/1178 1176/1176/1176 1177/1177/1177
f 1179/1179/1179 1178/1178/1178 1177/1177/1177
f 1180/1180/1180 1178/1178/1178 1179/1179/1179
f 1181/1181/1181 1180/1180/1180 1179/1179/1179
f 1182/1182/1182 1180/1180/1180 1181/1181/1181
f 1183/1183/1183 1182/1182/1182 1181/1181/1181
f 1184/1184/1184 1182/1182/1182 1183/1183/1183
f 1185/1185/1185 1184/1184/1184 1183/1183/1183
f 1186/1186/1186 1184/1184/1184 1185/1185/1185
f 1187/1187/1187 1186/1186/1186 1185/1185/1185
f 1188/1188/1188 1186/1186/1186 1187/1187/1187
f 1189/1189/1189 1186/1186/1186 1188/1188/1188
f 1190/1190/1190 1189/1189/1189 1188/1188/1188
f 1191/1191/1191 1189/1189/1189 1190/1190/1190
f 1192/1192/1192 1191/1191/1191 1190/1190/1190
f 1193/1193/1193 1191/1191/1191 1192/1192/1192
f 1194/1194/1194 1193/1193/1193 1192/1192/1192
f 1195/1195/1195 1193/1193/1193 1194/1194/1194
f 1196/1196/1196 1195/1195/1195 1194/1194/1194
f 1197/1197/1197 1195/1195/1195 1196/1196/1196
f 1198/1198/1198 1197/1197/1197 1196/1196/1196
f 1199/1199/1199 1197/1197/1197 1198/1198/1198
f 1200/1200/1200 1199/1199/1199 1198/1198/1198
f 1201/1201/1201 1199/1199/1199 1200/1200/1200
f 1202/1202/1202 1201/1201/1201 1200/1200/1200
f 1203/1203/1203 1201/1201/1201 1202/1202/1202
f 1204/1204/1204 1203/1203/1203 1202/1202/1202
f 1205/1205/1205 1203/1203/1203 1204/1204/1204
f 1206/1206/1206 1205/1205/1205 1204/1204/1204
f 1207/1207/1207 1205/1205/1205 1206/1206/1206
f 1208/1208/1208 1207/1207/1207 1206/1206/1206
f 1209/1209/1209 1207/1207/1207 1208/1208/1208
f 1210/1210/1210 1209/1209/1209 1208/1208/1208
f 1211/1211/1211 1209/1209/1209 1210/1210/1210
f 1212/1212/1212 1211/1211/1211 1210/1210/1210
f 1213/1213/1213 1211/1211/1211 1212/1212/1212
f 1214/1214/1214 1213/1213/1213 1212/1212/1212
f 1215/1215/1215 1213/1213/1213 1214/1214/1214
f 1216/1216/1216 1215/1215/1215 1214/1214/1214
f 1217/1217/1217 1215/1215/1215 1216/1216/1216
f 1218/1218/1218 1217/1217/1217 1216/1216/1216
f 1219/1219/1219 1217/1217/1217 1218/1218/1218
f 1220/1220/1220 1219/1219/1219 1218/1218/1218
f 1221/1221/1221 1219/1219/1219 1220/1220/1220
f 1222/1222/1222 1221/1221/1221 1220/1220/1220
f 1223/1223/1223 1221/1221/1221 1222/1222/1222
f 1224/1224/1224 1223/1223/1223 1222/1222/1222
f 1225/1225/1225 1223/1223/1223 1224/1224/1224
f 1226/1226/1226 1225/1225/1225 1224/1224/1224
f 1227/1227/1227 1225/1225/1225 1226/1226/1226
f 1228/1228/1228 1227/1227/1227 1226/1226/1226
f 1229/1229/1229 1227/1227/1227 1228/1228/1228
f 1230/1230/1230 1229/1229/1229 1228/1228/1228
f 1231/1231/1231 1229/1229/1229 1230/1230/1230
f 1232/1232/1232 1231/1231/1231 1230/1230/1230
f 1233/1233/1233 1231/1231/1231 1232/1232/1232
f 1234/1234/1234 1233/1233/1233 1232/1232/1232
f 1235/1235/1235 1233/1233/1233 1234/1234/1234
f 1236/1236/1236 1235/1235/1235 1234/1234/1234
f 1237/1237/1237 1235/1235/1235 1236/1236/1236
f 1238/1238/1238 1237/1237/1237 1236/1236/1236
f 1239/1239/1239 1237/1237/1237 1238/1238/1238
f 1240/1240/1240 1239/1239/1239 1238/1238/1238
f 1241/1241/1241 1239/1239/1239 1240/1240/1240
f 1242/1242/1242 1241/1241/1241 1240/1240/1240
f 1243/1243/1243 1241/1241/1241 1242/1242/1242
f 1244/1244/1244 1243/1243/1243 1242/1242/1242
f 1245/1245/1245 1243/1243/1243 1244/1244/1244
f 1246/1246/1246 1245/1245/1245 1244/1244/1244
f 1247/1247/1247 1245/1245/1245 1246/1246/1246
f 1248/1248/1248 1247/1247/1247 1246/1246/1246
f 1249/1249/1249 1247/1247/1247 1248/1248/1248
f 1250/1250/1250 1249/1249/1249 1248/1248/1248
f 1251/1251/1251 1249/1249/1249 1250/1250/1250
f 1252/1252/1252 1249/1249/1249 1251/1251/1251
f 1253/1253/1253 1249/1249/1249 1252/1252/1252
f 1254/1254/1254 1249/1249/1249 1253/1253/1253
f 1255/1255/1255 1249/1249/1249 1254/1254/1254
f 1256/1256/1256 1249/1249/1249 1255/1255/1255
f 1257/1257/1257 1249/1249/1249 1256/1256/1256
f 1258/1258/1258 1257/1257/1257 1256/1256/1256
f 1259/1259/1259 1257/1257/1257 1258/1258/1258
f 1260/1260/1260 1259/1259/1259 1258/1258/1258
f 1261/1261/1261 1259/1259/1259 1260/1260/1260
f 1262/1262/1262 1261/1261/1261 1260/1260/1260
f 1263/1263/1263 1261/1261/1261 1262/1262/1262
f 1264/1264/1264 1263/1263/1263 1262/1262/1262
f 1265/1265/1265 1263/1263/1263 1264/1264/1264
f 1266/1266/1266 1265/1265/1265 1264/1264/1264
f 1267/1267/1267 1265/1265/1265 1266/1266/1266
f 1268/1268/1268 1267/1267/1267 1266/1266/1266
f 1269/1269/1269 1267/1267/1267 1268/1268/1268
f 1270/1270/1270 1269/1269/1269 1268/1268/1268
f 1271/1271/1271 1269/1269/1269 1270/1270/1270
f 1272/1272/1272 1271/1271/1271 1270/1270/1270
f 1273/1273/1273 1271/1271/1271 1272/1272/1272
f 1274/1274/1274 1273/1273/1273 1272/1272/1272
f 1275/1275/1275 1273/1273/1273 1274/1274/1274
f 1276/1276/1276 1275/1275/1275 1274/1274/1274
f 1277/1277/1277 1275/1275/1275 1276/1276/1276
f 1278/1278/1278 1277/1277/1277 1276/1276/1276
f 1279/1279/1279 1277/1277/1277 1278/1278/1278
f 1280/1280/1280 1279/1279/1279 1278/1278/1278
f 1281/1281/1281 1279/1279/1279 1280/1280/1280
f 1282/1282/1282 1281/1281/1281 1280/1280/1280
f 1283/1283/1283 1281/1281/1281 1282/1282/1282
f 1284/1284/1284 1283/1283/1283 1282/1282/1282
f 1285/1285/1285 1283/1283/1283 1284/1284/1284
f 1286/1286/1286 1285/1285/1285 1284/1284/1284
f 1287/1287/1287 1285/1285/1285 1286/1286/1286
f 1288/1288/1288 1287/1287/1287 1286/1286/1286
f 1289/1289/1289 1287/1287/1287 1288/1288/1288
f 1290/1290/1290 1289/1289/1289 1288/1288/1288
f 1291/1291/1291 1289/1289/1289 1290/1290/1290
f 1292/1292/1292 1291/1291/1291 1290/1290/1290
f 1293/1293/1293 1291/1291/1291 1292/1292/1292
f 1294/1294/1294 1293/1293/1293 1292/1292/1292
f 1295/1295/1295 1293/1293/1293 1294/1294/1294
f 1296/1296/1296 1295/1295/1295 1294/1294/1294
f 1297/1297/1297 1295/1295/1295 1296/1296/1296
f 1298/1298/1298 1297/1297/1297 1296/1296/1296
f 1299/1299/1299 1297/1297/1297 1298/1298/1298
f 1300/1300/1300 1299/1299/1299 1298/1298/1298
f 1301/1301/1301 1299/1299/1299 1300/1300/1300
f 1302/1302/1302 1301/1301/1301 1300/1300/1300
f 1303/1303/1303 1301/1301/1301 1302/1302/1302
f 1304/1304/1304 1303/1303/1303 1302/1302/1302
f 1305/1305/1305 1303/1303/1303 1304/1304/1304
f 1306/1306/1306 1305/1305/1305 1304/1304/1304
f 1307/1307/1307 1305/1305/1305 1306/1306/1306
f 1308/1308/1308 1307/1307/1307 1306/1306/1306
f 1309/1309/1309 1307/1307/1307 1308/1308/1308
f 1310/1310/1310 1309/1309/1309 1308/1308/1308
f 1311/1311/1311 1309/1309/1309 1310/1310/1310
f 1312/1312/1312 1311/1311/1311 1310/1310/1310
f 1313/1313/1313 1311/1311/1311 1312/1312/1312
f 1314/1314/1314 1313/1313/1313 1312/1312/1312
f 1315/1315/1315 1313/1313/1313 1314/1314/1314
f 1316/1316/1316 1315/1315/1315 1314/1314/1314
f 1317/1317/1317 1315/1315/1315 1316/1316/1316
f 1318/1318/1318 1317/1317/1317 1316/1316/1316
f 1319/1319/1319 1317/1317/1317 1318/1318/1318
f 1320/1320/1320 1319/1319/1319 1318/1318/1318
f 1321/1321/1321 1319/1319/1319 1320/1320/1320
f 1322/1322/1322 1321/1321/1321 1320/1320/1320
f 1323/1323/1323 1321/1321/1321 1322/1322/1322
f 1324/1324/1324 1323/1323/1323 1322/1322/1322
f 1325/1325/1325 1323/1323/1323 1324/1324/1324
f 1326/1326/1326 1325/1325/1325 1324/1324/1324
f 1327/1327/1327 1325/1325/1325 1326/1326/1326
f 1328/1328/1328 1327/1327/1327 1326/1326/1326
f 1329/1329/1329 1327/1327/1327 1328/1328/1328
f 1330/1330/1330 1329/1329/1329 1328/1328/1328
f 1331/1331/1331 1329/1329/1329 1330/1330/1330
f 1332/1332/1332 1331/1331/1331 1330/1330/1330
f 1333/1333/1333 1331/1331/1331 1332/1332/1332
f 1334/1334/1334 1333/1333/1333 1332/1332/1332
f 1335/1335/1335 1333/1333/1333 1334/1334/1334
f 1336/1336/1336 1333/1333/1333 1335/1335/1335
f 1337/1337/1337 1333/1333/1333 1336/1336/1336
f 1338/1338/1338 1333/1333/1333 1337/1337/1337
f 1339/1339/1339 1333/1333/1333 1338/1338/1338
f 1340/1340/1340 1333/1333/1333 1339/1339/1339
f 1341/1341/1341 1340/1340/1340 1339/1339/1339
f 1342/1342/1342 1340/1340/1340 1341/1341/1341
f 1343/1343/1343 1342/1342/1342 1341/1341/1341
f 1344/1344/1344 1342/1342/1342 1343/1343/1343
f 1345/1345/1345 1344/1344/1344 1343/1343/1343
f 1346/1346/1346 1344/1344/1344 1345/1345/1345
f 1347/1347/1347 1346/1346/1346 1345/1345/1345
f 1348/1348/1348 1346/1346/1346 1347/1347/1347
f 1349/1349/1349 1348/1348/1348 1347/1347/1347
f 1350/1350/1350 1348/1348/1348 1349/1349/1349
f 1351/1351/1351 1350/1350/1350 1349/1349/1349
f 1352/1352/1352 1350/1350/1350 1351/1351/1351
f 1353/1353/1353 1352/1352/1352 1351/1351/1351
f 1354/1354/1354 1352/1352/1352 1353/1353/1353
f 1355/1355/1355 1354/1354/1354 1353/1353/1353
f 1356/1356/1356 1354/1354/1354 1355/1355/1355
f 1357/1357/1357 1356/1356/1356 1355/1355/1355
f 1358/1358/1358 1356/1356/1356 1357/1357/1357
f 1359/1359/1359 1356/1356/1356 1358/1358/1358
f 1360/1360/1360 1356/1356/1356 1359/1359/1359
f 1361/1361/1361 1356/1356/1356 1360/1360/1360
f 1362/1362/1362 1356/1356/1356 1361/1361/1361
f 1363/1363/1363 1356/1356/1356 1362/1362/1362
f 1364/1364/1364 1363/1363/1363 1362/1362/1362
f 1365/1365/1365 1363/1363/1363 1364/1364/1364
f 1366/1366/1366 1365/1365/1365 1364/1364/1364
f 1367/1367/1367 1365/1365/1365 1366/1366/1366
f 1368/1368/1368 1367/1367/1367 1366/1366/1366
f 1369/1369/1369 1367/1367/1367 1368/1368/1368
f 1370/1370/1370 1369/1369/1369 1368/1368/1368
f 1371/1371/1371 1369/1369/1369 1370/1370/1370
f 1372/1372/1372 1371/1371/1371 1370/1370/1370
f 1373/1373/1373 1371/1371/1371 1372/1372/1372
f 1374/1374/1374 1373/1373/1373 1372/1372/1372
f 1375/1375/1375 1373/1373/1373 1374/1374/1374
f 1376/1376/1376 1375/1375/1375 1374/1374/1374
f 1377/1377/1377 1375/1375/1375 1376/1376/1376
f 1378/1378/1378 1377/1377/1377 1376/1376/1376
f 1379/1379/1379 1377/1377/1377 1378/1378/1378
f 1380/1380/1380 1379/1379/1379 1378/1378/1378
f 1381/1381/1381 1379/1379/1379 1380/1380/1380
f 1382/1382/1382 1381/1381/1381 1380/1380/1380
f 1383/1383/1383 1381/1381/1381 1382/1382/1382
f 1384/1384/1384 1383/1383/1383 1382/1382/1382
f 1385/1385/1385 1383/1383/1383 1384/1384/1384
f 1386/1386/1386 1385/1385/1385 1384/1384/1384
f 1387/1387/1387 1385/1385/1385 1386/1386/1386
f 1388/1388/1388 1387/1387/1387 1386/1386/1386
f 1389/1389/1389 1387/1387/1387 1388/1388/1388
f 1390/1390/1390 1389/1389/1389 1388/1388/1388
f 1391/1391/1391 1389/1389/1389 1390/1390/1390
f 1392/1392/1392 1389/1389/1389 1391/1391/1391
f 1393/1393/1393 1389/1389/1389 1392/1392/1392
f 1394/1394/1394 1389/1389/1389 1393/1393/1393
f 1395/1395/1395 1389/1389/1389 1394/1394/1394
f 1396/1396/1396 1395/1395/1395 1394/1394/1394
f 1397/1397/1397 1395/1395/1395 1396/1396/1396
f 1398/1398/1398 1397/1397/1397 1396/1396/1396
f 1399/1399/1399 1397/1397/1397 1398/1398/1398
f 1400/1400/1400 1399/1399/1399 1398/1398/1398
f 1401/1401/1401 1399/1399/1399 1400/1400/1400
f 1402/1402/1402 1401/1401/1401 1400/1400/1400
f 1403/1403/1403 1401/1401/1401 1402/1402/1402
f 1404/1404/1404 1403/1403/1403 1402/1402/1402
f 1405/1405/1405 1403/1403/1403 1404/1404/1404
f 1406/1406/1406 1403/1403/1403 1405/1405/1405
f 1407/1407/1407 1403/1403/1403 1406/1406/1406
f 1408/1408/1408 1403/1403/1403 1407/1407/1407
f 1409/1409/1409 1403/1403/1403 1408/1408/1408
f 1410/1410/1410 1403/1403/1403 1409/1409/1409
f 1411/1411/1411 1410/1410/1410 1409/1409/1409
f 1412/1412/1412 1410/1410/1410 1411/1411/1411
f 1413/1413/1413 1412/1412/1412 1411/1411/1411
f 1414/1414/1414 1412/1412/1412 1413/1413/1413
f 1415/1415/1415 1414/1414/1414 1413/1413/1413
f 1416/1416/1416 1414/1414/1414 1415/1415/1415
f 1417/1417/1417 1416/1416/1416 1415/1415/1415
f 1418/1418/1418 1416/1416/1416 1417/1417/1417
f 1419/1419/1419 1418/1418/1418 1417/1417/1417
f 1420/1420/1420 1418/1418/1418 1419/1419/1419
f 1421/1421/1421 1420/1420/1420 1419/1419/1419
f 1422/1422/1422 1420/1420/1420 1421/1421/1421
f 1423/1423/1423 1422/1422/1422 1421/1421/1421
f 1424/1424/1424 1422/1422/1422 1423/1423/1423
f 1425/1425/1425 1424/1424/1424 1423/1423/1423
f 1426/1426/1426 1424/1424/1424 1425/1425/1425
f 1427/1427/1427 1426/1426/1426 1425/1425/1425
f 1428/1428/1428 1426/1426/1426 1427/1427/1427
f 1429/1429/1429 1428/1428/1428 1427/1427/1427
f 1430/1430/1430 1428/1428/1428 1429/1429/1429
f 1431/1431/1431 1430/1430/1430 1429/1429/1429
f 1432/1432/1432 1430/1430/1430 1431/1431/1431
f 1433/1433/1433 1432/1432/1432 1431/1431/1431
f 1434/1434/1434 1432/1432/1432 1433/1433/1433
f 1435/1435/1435 1434/1434/1434 1433/1433/1433
f 1436/1436/1436 1434/1434/1434 1435/1435/1435
f 1437/1437/1437 1436/1436/1436 1435/1435/1435
f 1438/1438/1438 1436/1436/1436 1437/1437/1437
f 1439/1439/1439 1438/1438/1438 1437/1437/1437
f 1440/1440/1440 1438/1438/1438 1439/1439/1439
f 1441/1441/1441 1440/1440/1440 1439/1439/1439
f 1442/1442/1442 1440/1440/1440 1441/1441/1441
f 1443/1443/1443 1442/1442/1442 1441/1441/1441
f 1444/1444/1444 1442/1442/1442 1443/1443/1443
f 1445/1445/1445 1444/1444/1444 1443/1443/1443
f 1446/1446/1446 1444/1444/1444 1445/1445/1445
f 1447/1447/1447 1446/1446/1446 1445/1445/1445
f 1448/1448/1448 1446/1446/1446 1447/1447/1447
f 1449/1449/1449 1446/1446/1446 1448/1448/1448
f 1450/1450/1450 1446/1446/1446 1449/1449/1449
f 1451/1451/1451 1446/1446/1446 1450/1450/1450
f 1452/1452/1452 1446/1446/1446 1451/1451/1451
f 1453/1453/1453 1446/1446/1446 1452/1452/1452
f 1454/1454/1454 1453/1453/1453 1452/1452/1452
f 1455/1455/1455 1453/1453/1453 1454/1454/1454
f 1456/1456/1456 1455/1455/1455 1454/1454/1454
f 1457/1457/1457 1455/1455/1455 1456/1456/1456
f 1458/1458/1458 1457/1457/1457 1456/1456/1456
f 1459/1459/1459 1457/1457/1457 1458/1458/1458
f 1460/1460/1460 1459/1459/1459 1458/1458/1458
f 1461/1461/1461 1459/1459/1459 1460/1460/1460
f 1462/1462/1462 1461/1461/1461 1460/1460/1460
f 1463/1463/1463 1461/1461/1461 1462/1462/1462
f 1464/1464/1464 1463/1463/1463 1462/1462/1462
f 1465/1465/1465 1463/1463/1463 1464/1464/1464
f 1466/1466/1466 1465/1465/1465 1464/1464/1464
f 1467/1467/1467 1465/1465/1465 1466/1466/1466
f 1468/1468/1468 1467/1467/1467 1466/1466/1466
f 1469/1469/1469 1467/1467/1467 1468/1468/1468
f 1470/1470/1470 1469/1469/1469 1468/1468/1468
f 1471/1471/1471 1469/1469/1469 1470/1470/1470
f 1472/1472/1472 1471/1471/1471 1470/1470/1470
f 1473/1473/1473 1471/1471/1471 1472/1472/1472
f 1474/1474/1474 1473/1473/1473 1472/1472/1472
f 1475/1475/1475 1473/1473/1473 1474/1474/1474
f 1476/1476/1476 1475/1475/1475 1474/1474/1474
f 1477/1477/1477 1475/1475/1475 1476/1476/1476
f 1478/1478/1478 1477/1477/1477 1476/1476/1476
f 1479/1479/1479 1477/1477/1477 1478/1478/1478
f 1480/1480/1480 1479/1479/1479 1478/1478/1478
f 1481/1481/1481 1479/1479/1479 1480/1480/1480
f 1482/1482/1482 1481/1481/1481 1480/1480/1480
f 1483/1483/1483 1481/1481/1481 1482/1482/1482
f 1484/1484/1484 1483/1483/1483 1482/1482/1482
f 1485/1485/1485 1483/1483/1483 1484/1484/1484
f 1486/1486/1486 1485/1485/1485 1484/1484/1484
f 1487/1487/1487 1485/1485/1485 1486/1486/1486
f 1488/1488/1488 1487/1487/1487 1486/1486/1486
f 1489/1489/1489 1487/1487/1487 1488/1488/1488
f 1490/1490/1490 1489/1489/1489 1488/1488/1488
f 1491/1491/1491 1489/1489/1489 1490/1490/1490
f 1492/1492/1492 1491/1491/1491 1490/1490/1490
f 1493/1493/1493 1491/1491/1491 1492/1492/1492
f 1494/1494/1494 1493/1493/1493 1492/1492/1492
f 1495/1495/1495 1493/1493/1493 1494/1494/1494
f 1496/1496/1496 1495/1495/1495 1494/1494/1494
f 1497/1497/1497 1495/1495/1495 1496/1496/1496
f 1498/1498/1498 1497/1497/1497 1496/1496/1496
f 1499/1499/1499 1497/1497/1497 1498/1498/1498
f 1500/1500/1500 1499/1499/1499 1498/1498/1498
f 1501/1501/1501 1499/1499/1499 1500/1500/1500
f 1502/1502/1502 1501/1501/1501 1500/1500/1500
f 1503/1503/1503 1501/1501/1501 1502/1502/1502
f 1504/1504/1504 1503/1503/1503 1502/1502/1502
f 1505/1505/1505 1503/1503/1503 1504/1504/1504
f 1506/1506/1506 1503/1503/1503 1505/1505/1505
f 1507/1507/1507 1503/1503/1503 1506/1506/1506
f 1508/1508/1508 1503/1503/1503 1507/1507/1507
f 1509/1509/1509 1503/1503/1503 1508/1508/1508
f 1510/1510/1510 1509/1509/1509 1508/1508/1508
f 1511/1511/1511 1509/1509/1509 1510/1510/1510
f 1512/1512/1512 1511/1511/1511 1510/1510/1510
f 1513/1513/1513 1511/1511/1511 1512/1512/1512
f 1514/1514/1514 1513/1513/1513 1512/1512/1512
f 1515/1515/1515 1513/1513/1513 1514/1514/1514
f 1516/1516/1516 1515/1515/1515 1514/1514/1514
f 1517/1517/1517 1515/1515/1515 1516/1516/1516
f 1518/1518/1518 1517/1517/1517 1516/1516/1516
f 1519/1519/1519 1517/1517/1517 1518/1518/1518
f 1520/1520/1520 1519/1519/1519 1518/1518/1518
f 1521/1521/1521 1519/1519/1519 1520/1520/1520
f 1522/1522/1522 1521/1521/1521 1520/1520/1520
f 1523/1523/1523 1521/1521/1521 1522/1522/1522
f 1524/1524/1524 1523/1523/1523 1522/1522/1522
f 1525/1525/1525 1523/1523/1523 1524/1524/1524
f 1526/1526/1526 1525/1525/1525 1524/1524/1524
f 1527/1527/1527 1525/1525/1525 1526/1526/1526
f 1528/1528/1528 1527/1527/1527 1526/1526/1526
f 1529/1529/1529 1527/1527/1527 1528/1528/1528
f 1530/1530/1530 1529/1529/1529 1528/1528/1528
f 1531/1531/1531 1529/1529/1529 1530/1530/1530
f 1532/1532/1532 1531/1531/1531 1530/1530/1530
f 1533/1533/1533 1531/1531/1531 1532/1532/1532
f 1534/1534/1534 1533/1533/1533 1532/1532/1532
f 1535/1535/1535 1533/1533/1533 1534/1534/1534
f 1536/1536/1536 1535/1535/1535 1534/1534/1534
f 1537/1537/1537 1535/1535/1535 1536/1536/1536
f 1538/1538/1538 1537/1537/1537 1536/1536/1536
f 1539/1539/1539 1537/1537/1537 1538/1538/1538
f 1540/1540/1540 1539/1539/1539 1538/1538/1538
f 1541/1541/1541 1539/1539/1539 1540/1540/1540
f 1542/1542/1542 1541/1541/1541 1540/1540/1540
f 1543/1543/1543 1541/1541/1541 1542/1542/1542
f 1544/1544/1544 1543/1543/1543 1542/1542/1542
f 1545/1545/1545 1543/1543/1543 1544/1544/1544
f 1546/1546/1546 1545/1545/1545 1544/1544/1544
f 1547/1547/1547 1545/1545/1545 1546/1546/1546
f 1548/1548/1548 1547/1547/1547 1546/1546/1546
f 1549/1549/1549 1547/1547/1547 1548/1548/1548
f 1550/1550/1550 1549/1549/1549 1548/1548/1548
f 1551/1551/1551 1549/1549/1549 1550/1550/1550
f 1552/1552/1552 1551/1551/1551 1550/1550/1550
f 1553/1553/1553 1551/1551/1551 1552/1552/1552
f 1554/1554/1554 1553/1553/1553 1552/1552/1552
f 1555/1555/1555 1553/1553/1553 1554/1554/1554
f 1556/1556/1556 1555/1555/1555 1554/1554/1554
f 1557/1557/1557 1555/1555/1555 1556/1556/1556
f 1558/1558/1558 1557/1557/1557 1556/1556/1556
f 1559/1559/1559 1557/1557/1557 1558/1558/1558
f 1560/1560/1560 1559/1559/1559 1558/1558/1558
f 1561/1561/1561 1559/1559/1559 1560/1560/1560
f 1562/1562/1562 1561/1561/1561 1560/1560/1560
f 1563/1563/1563 1561/1561/1561 1562/1562/1562
f 1564/1564/1564 1563/1563/1563 1562/1562/1562
f 1565/1565/1565 1563/1563/1563 1564/1564/1564
f 1566/1566/1566 1565/1565/1565 1564/1564/1564
f 1567/1567/1567 1565/1565/1565 1566/1566/1566
f 1568/1568/1568 1567/1567/1567 1566/1566/1566
f 1569/1569/1569 1567/1567/1567 1568/1568/1568
f 1570/1570/1570 1569/1569/1569 1568/1568/1568
f 1571/1571/1571 1569/1569/1569 1570/1570/1570
f 1572/1572/1572 1571/1571/1571 1570/1570/1570
f 1573/1573/1573 1571/1571/1571 1572/1572/1572
f 1574/1574/1574 1573/1573/1573 1572/1572/1572
f 1575/1575/1575 1573/1573/1573 1574/1574/1574
f 1576/1576/1576 1575/1575/1575 1574/1574/1574
f 1577/1577/1577 1575/1575/1575 1576/1576/1576
f 1578/1578/1578 1577/1577/1577 1576/1576/1576
f 1579/1579/1579 1577/1577/1577 1578/1578/1578
f 1580/1580/1580 1579/1579/1579 1578/1578/1578
f 1581/1581/1581 1579/1579/1579 1580/1580/1580
f 1582/1582/1582 1581/1581/1581 1580/1580/1580
f 1583/1583/1583 1581/1581/1581 1582/1582/1582
f 1584/1584/1584 1583/1583/1583 1582/1582/1582
f 1585/1585/1585 1583/1583/1583 1584/1584/1584
f 1586/1586/1586 1585/1585/1585 1584/1584/1584
f 1587/1587/1587 1585/1585/1585 1586/1586/1586
f 1588/1588/1588 1587/1587/1587 1586/1586/1586
f 1589/1589/1589 1587/1587/1587 1588/1588/1588
f 1590/1590/1590 1589/1589/1589 1588/1588/1588
f 1591/1591/1591 1589/1589/1589 1590/1590/1590
f 1592/1592/1592 1591/1591/1591 1590/1590/1590
f 1593/1593/1593 1591/1591/1591 1592/1592/1592
f 1594/1594/1594 1593/1593/1593 1592/1592/1592
f 1595/1595/1595 1593/1593/1593 1594/1594/1594
f 1596/1596/1596 1595/1595/1595 1594/1594/1594
f 1597/1597/1597 1595/1595/1595 1596/1596/1596
f 1598/1598/1598 1597/1597/1597 1596/1596/1596
f 1599/1599/1599 1597/1597/1597 1598/1598/1598
f 1600/1600/1600 1597/1597/1597 1599/1599/1599
f 1601/1601/1601 1597/1597/1597 1600/1600/1600
f 1602/1602/1602 1597/1597/1597 1601/1601/1601
f 1603/1603/1603 1597/1597/1597 1602/1602/1602
f 1604/1604/1604 1597/1597/1597 1603/1603/1603
f 1605/1605/1605 1597/1597/1597 1604/1604/1604
f 1606/1606/1606 1605/1605/1605 1604/1604/1604
f 1607/1607/1607 1605/1605/1605 1606/1606/1606
f 1608/1608/1608 1607/1607/1607 1606/1606/1606
f 1609/1609/1609 1607/1607/1607 1608/1608/1608
f 1610/1610/1610 1609/1609/1609 1608/1608/1608
f 1611/1611/1611 1609/1609/1609 1610/1610/1610
f 1612/1612/1612 1611/1611/1611 1610/1610/1610
f 1613/1613/1613 1611/1611/1611 1612/1612/1612
f 1614/1614/1614 1613/1613/1613 1612/1612/1612
f 1615/1615/1615 1613/1613/1613 1614/1614/1614
f 1616/1616/1616 1615/1615/1615 1614/1614/1614
f 1617/1617/1617 1615/1615/1615 1616/1616/1616
f 1618/1618/1618 1617/1617/1617 1616/1616/1616
f 1619/1619/1619 1617/1617/1617 1618/1618/1618
f 1620/1620/1620 1619/1619/1619 1618/1618/1618
f 1621/1621/1621 1619/1619/1619 1620/1620/1620
f 1622/1622/1622 1621/1621/1621 1620/1620/1620
f 1623/1623/1623 1621/1621/1621 1622/1622/1622
f 1624/1624/1624 1623/1623/1623 1622/1622/1622
f 1625/1625/1625 1623/1623/1623 1624/1624/1624
f 1626/1626/1626 1623/1623/1623 1625/1625/1625
f 1627/1627/1627 1623/1623/1623 1626/1626/1626
f 1628/1628/1628 1627/1627/1627 1626/1626/1626
f 1629/1629/1629 1627/1627/1627 1628/1628/1628
f 1630/1630/1630 1629/1629/1629 1628/1628/1628
f 1631/1631/1631 1629/1629/1629 1630/1630/1630
f 1632/1632/1632 1631/1631/1631 1630/1630/1630
f 1633/1633/1633 1631/1631/1631 1632/1632/1632
f 1634/1634/1634 1633/1633/1633 1632/1632/1632
f 1635/1635/1635 1633/1633/1633 1634/1634/1634
f 1636/1636/1636 1635/1635/1635 1634/1634/1634
f 1637/1637/1637 1635/1635/1635 1636/1636/1636
f 1638/1638/1638 1637/1637/1637 1636/1636/1636
f 1639/1639/1639 1637/1637/1637 1638/1638/1638
f 1640/1640/1640 1639/1639/1639 1638/1638/1638
f 1641/1641/1641 1639/1639/1639 1640/1640/1640
f 1642/1642/1642 1641/1641/1641 1640/1640/1640
f 1643/1643/1643 1641/1641/1641 1642/1642/1642
f 1644/1644/1644 1643/1643/1643 1642/1642/1642
f 1645/1645/1645 1643/1643/1643 1644/1644/1644
f 1646/1646/1646 1645/1645/1645 1644/1644/1644
f 1647/1647/1647 1645/1645/1645 1646/1646/1646
f 1648/1648/1648 1647/1647/1647 1646/1646/1646
f 1647/1647/1647 1649/1649/1649 1645/1645/1645
f 1649/1649/1649 1650/1650/1650 1645/1645/1645
f 1645/1645/1645 1650/1650/1650 1643/1643/1643
f 1649/1649/1649 1651/1651/1651 1650/1650/1650
f 1643/1643/1643 1652/1652/1652 1641/1641/1641
f 1650/1650/1650 1652/1652/1652 1643/1643/1643
f 1651/1651/1651 1653/1653/1653 1650/1650/1650
f 1650/1650/1650 1653/1653/1653 1652/1652/1652
f 1651/1651/1651 1654/1654/1654 1653/1653/1653
f 1641/1641/1641 1655/1655/1655 1639/1639/1639
f 1652/1652/1652 1655/1655/1655 1641/1641/1641
f 1653/1653/1653 1656/1656/1656 1652/1652/1652
f 1652/1652/1652 1656/1656/1656 1655/1655/1655
f 1654/1654/1654 1657/1657/1657 1653/1653/1653
f 1653/1653/1653 1657/1657/1657 1656/1656/1656
f 1654/1654/1654 1658/1658/1658 1657/1657/1657
f 1655/1655/1655 1659/1659/1659 1639/1639/1639
f 1639/1639/1639 1659/1659/1659 1637/1637/1637
f 1656/1656/1656 1660/1660/1660 1655/1655/1655
f 1655/1655/1655 1660/1660/1660 1659/1659/1659
f 1657/1657/1657 1661/1661/1661 1656/1656/1656
f 1656/1656/1656 1661/1661/1661 1660/1660/1660
f 1658/1658/1658 1662/1662/1662 1657/1657/1657
f 1657/1657/1657 1662/1662/1662 1661/1661/1661
f 1662/1662/1662 1658/1658/1658 1663/1663/1663
f 1659/1659/1659 1664/1664/1664 1637/1637/1637
f 1637/1637/1637 1664/1664/1664 1635/1635/1635
f 1660/1660/1660 1665/1665/1665 1659/1659/1659
f 1659/1659/1659 1665/1665/1665 1664/1664/1664
f 1661/1661/1661 1666/1666/1666 1660/1660/1660
f 1660/1660/1660 1666/1666/1666 1665/1665/1665
f 1667/1667/1667 1662/1662/1662 1663/1663/1663
f 1663/1663/1663 1668/1668/1668 1667/1667/1667
f 1662/1662/1662 1669/1669/1669 1661/1661/1661
f 1661/1661/1661 1669/1669/1669 1666/1666/1666
f 1669/1669/1669 1662/1662/1662 1667/1667/1667
f 1664/1664/1664 1670/1670/1670 1635/1635/1635
f 1635/1635/1635 1670/1670/1670 1633/1633/1633
f 1665/1665/1665 1671/1671/1671 1664/1664/1664
f 1664/1664/1664 1671/1671/1671 1670/1670/1670
f 1668/1668/1668 1672/1672/1672 1667/1667/1667
f 1668/1668/1668 1673/1673/1673 1672/1672/1672
f 1666/1666/1666 1674/1674/1674 1665/1665/1665
f 1665/1665/1665 1674/1674/1674 1671/1671/1671
f 1675/1675/1675 1669/1669/1669 1667/1667/1667
f 1667/1667/1667 1672/1672/1672 1675/1675/1675
f 1669/1669/1669 1676/1676/1676 1666/1666/1666
f 1666/1666/1666 1676/1676/1676 1674/1674/1674
f 1676/1676/1676 1669/1669/1669 1675/1675/1675
f 1670/1670/1670 1677/1677/1677 1633/1633/1633
f 1633/1633/1633 1677/1677/1677 1631/1631/1631
f 1673/1673/1673 1678/1678/1678 1672/1672/1672
f 1673/1673/1673 1679/1679/1679 1678/1678/1678
f 1671/1671/1671 1680/1680/1680 1670/1670/1670
f 1670/1670/1670 1680/1680/1680 1677/1677/1677
f 1674/1674/1674 1681/1681/1681 1671/1671/1671
f 1671/1671/1671 1681/1681/1681 1680/1680/1680
f 1672/1672/1672 1682/1682/1682 1675/1675/1675
f 1672/1672/1672 1678/1678/1678 1682/1682/1682
f 1683/1683/1683 1676/1676/1676 1675/1675/1675
f 1675/1675/1675 1682/1682/1682 1683/1683/1683
f 1676/1676/1676 1684/1684/1684 1674/1674/1674
f 1674/1674/1674 1684/1684/1684 1681/1681/1681
f 1684/1684/1684 1676/1676/1676 1683/1683/1683
f 1679/1679/1679 1685/1685/1685 1678/1678/1678
f 1679/1679/1679 1686/1686/1686 1685/1685/1685
f 1678/1678/1678 1687/1687/1687 1682/1682/1682
f 1678/1678/1678 1685/1685/1685 1687/1687/1687
f 1682/1682/1682 1688/1688/1688 1683/1683/1683
f 1682/1682/1682 1687/1687/1687 1688/1688/1688
f 1689/1689/1689 1684/1684/1684 1683/1683/1683
f 1683/1683/1683 1688/1688/1688 1689/1689/1689
f 1684/1684/1684 1690/1690/1690 1681/1681/1681
f 1690/1690/1690 1684/1684/1684 1689/1689/1689
f 1686/1686/1686 1691/1691/1691 1685/1685/1685
f 1691/1691/1691 1686/1686/1686 1692/1692/1692
f 1693/1693/1693 1691/1691/1691 1692/1692/1692
f 1685/1685/1685 1694/1694/1694 1687/1687/1687
f 1685/1685/1685 1691/1691/1691 1694/1694/1694
f 1695/1695/1695 1691/1691/1691 1693/1693/1693
f 1691/1691/1691 1695/1695/1695 1694/1694/1694
f 1696/1696/1696 1695/1695/1695 1693/1693/1693
f 1687/1687/1687 1697/1697/1697 1688/1688/1688
f 1687/1687/1687 1694/1694/1694 1697/1697/1697
f 1688/1688/1688 1698/1698/1698 1689/1689/1689
f 1688/1688/1688 1697/1697/1697 1698/1698/1698
f 1699/1699/1699 1695/1695/1695 1696/1696/1696
f 1700/1700/1700 1699/1699/1699 1696/1696/1696
f 1694/1694/1694 1695/1695/1695 1701/1701/1701
f 1694/1694/1694 1701/1701/1701 1697/1697/1697
f 1695/1695/1695 1699/1699/1699 1701/1701/1701
f 1702/1702/1702 1699/1699/1699 1700/1700/1700
f 1703/1703/1703 1702/1702/1702 1700/1700/1700
f 1697/1697/1697 1701/1701/1701 1704/1704/1704
f 1697/1697/1697 1704/1704/1704 1698/1698/1698
f 1701/1701/1701 1699/1699/1699 1705/1705/1705
f 1699/1699/1699 1702/1702/1702 1705/1705/1705
f 1701/1701/1701 1705/1705/1705 1704/1704/1704
f 1689/1689/1689 1698/1698/1698 1706/1706/1706
f 1706/1706/1706 1690/1690/1690 1689/1689/1689
f 1707/1707/1707 1702/1702/1702 1703/1703/1703
f 1708/1708/1708 1707/1707/1707 1703/1703/1703
f 1698/1698/1698 1704/1704/1704 1709/1709/1709
f 1698/1698/1698 1709/1709/1709 1706/1706/1706
f 1704/1704/1704 1705/1705/1705 1710/1710/1710
f 1704/1704/1704 1710/1710/1710 1709/1709/1709
f 1705/1705/1705 1702/1702/1702 1711/1711/1711
f 1702/1702/1702 1707/1707/1707 1711/1711/1711
f 1705/1705/1705 1711/1711/1711 1710/1710/1710
f 1712/1712/1712 1707/1707/1707 1708/1708/1708
f 1713/1713/1713 1712/1712/1712 1708/1708/1708
f 1711/1711/1711 1707/1707/1707 1714/1714/1714
f 1707/1707/1707 1712/1712/1712 1714/1714/1714
f 1710/1710/1710 1711/1711/1711 1715/1715/1715
f 1711/1711/1711 1714/1714/1714 1715/1715/1715
f 1709/1709/1709 1710/1710/1710 1716/1716/1716
f 1710/1710/1710 1715/1715/1715 1716/1716/1716
f 1706/1706/1706 1709/1709/1709 1717/1717/1717
f 1709/1709/1709 1716/1716/1716 1717/1717/1717
f 1718/1718/1718 1712/1712/1712 1713/1713/1713
f 1719/1719/1719 1718/1718/1718 1713/1713/1713
f 1714/1714/1714 1712/1712/1712 1720/1720/1720
f 1712/1712/1712 1718/1718/1718 1720/1720/1720
f 1715/1715/1715 1714/1714/1714 1721/1721/1721
f 1714/1714/1714 1720/1720/1720 1721/1721/1721
f 1716/1716/1716 1715/1715/1715 1722/1722/1722
f 1715/1715/1715 1721/1721/1721 1722/1722/1722
f 1723/1723/1723 1718/1718/1718 1719/1719/1719
f 1724/1724/1724 1723/1723/1723 1719/1719/1719
f 1720/1720/1720 1718/1718/1718 1725/1725/1725
f 1718/1718/1718 1723/1723/1723 1725/1725/1725
f 1721/1721/1721 1720/1720/1720 1726/1726/1726
f 1720/1720/1720 1725/1725/1725 1726/1726/1726
f 1727/1727/1727 1723/1723/1723 1724/1724/1724
f 1728/1728/1728 1727/1727/1727 1724/1724/1724
f 1725/1725/1725 1723/1723/1723 1729/1729/1729
f 1723/1723/1723 1727/1727/1727 1729/1729/1729
f 1730/1730/1730 1727/1727/1727 1728/1728/1728
f 1731/1731/1731 1730/1730/1730 1728/1728/1728
f 1732/1732/1732 1730/1730/1730 1731/1731/1731
f 1733/1733/1733 1732/1732/1732 1731/1731/1731
f 1734/1734/1734 1732/1732/1732 1733/1733/1733
f 1735/1735/1735 1732/1732/1732 1734/1734/1734
f 1727/1727/1727 1730/1730/1730 1736/1736/1736
f 1729/1729/1729 1727/1727/1727 1736/1736/1736
f 1725/1725/1725 1729/1729/1729 1737/1737/1737
f 1726/1726/1726 1725/1725/1725 1737/1737/1737
f 1738/1738/1738 1732/1732/1732 1735/1735/1735
f 1739/1739/1739 1738/1738/1738 1735/1735/1735
f 1730/1730/1730 1732/1732/1732 1740/1740/1740
f 1736/1736/1736 1730/1730/1730 1740/1740/1740
f 1729/1729/1729 1736/1736/1736 1741/1741/1741
f 1737/1737/1737 1729/1729/1729 1741/1741/1741
f 1742/1742/1742 1738/1738/1738 1739/1739/1739
f 1743/1743/1743 1742/1742/1742 1739/1739/1739
f 1732/1732/1732 1738/1738/1738 1744/1744/1744
f 1740/1740/1740 1732/1732/1732 1744/1744/1744
f 1736/1736/1736 1740/1740/1740 1745/1745/1745
f 1741/1741/1741 1736/1736/1736 1745/1745/1745
f 1746/1746/1746 1742/1742/1742 1743/1743/1743
f 1747/1747/1747 1746/1746/1746 1743/1743/1743
f 1738/1738/1738 1742/1742/1742 1748/1748/1748
f 1744/1744/1744 1738/1738/1738 1748/1748/1748
f 1740/1740/1740 1744/1744/1744 1749/1749/1749
f 1745/1745/1745 1740/1740/1740 1749/1749/1749
f 1750/1750/1750 1746/1746/1746 1747/1747/1747
f 1751/1751/1751 1750/1750/1750 1747/1747/1747
f 1742/1742/1742 1746/1746/1746 1752/1752/1752
f 1748/1748/1748 1742/1742/1742 1752/1752/1752
f 1744/1744/1744 1748/1748/1748 1753/1753/1753
f 1749/1749/1749 1744/1744/1744 1753/1753/1753
f 1754/1754/1754 1750/1750/1750 1751/1751/1751
f 1755/1755/1755 1754/1754/1754 1751/1751/1751
f 1746/1746/1746 1750/1750/1750 1756/1756/1756
f 1752/1752/1752 1746/1746/1746 1756/1756/1756
f 1748/1748/1748 1752/1752/1752 1757/1757/1757
f 1753/1753/1753 1748/1748/1748 1757/1757/1757
f 1758/1758/1758 1754/1754/1754 1755/1755/1755
f 1759/1759/1759 1758/1758/1758 1755/1755/1755
f 1750/1750/1750 1754/1754/1754 1760/1760/1760
f 1756/1756/1756 1750/1750/1750 1760/1760/1760
f 1752/1752/1752 1756/1756/1756 1761/1761/1761
f 1757/1757/1757 1752/1752/1752 1761/1761/1761
f 1762/1762/1762 1758/1758/1758 1759/1759/1759
f 1763/1763/1763 1762/1762/1762 1759/1759/1759
f 1754/1754/1754 1758/1758/1758 1764/1764/1764
f 1760/1760/1760 1754/1754/1754 1764/1764/1764
f 1756/1756/1756 1760/1760/1760 1765/1765/1765
f 1761/1761/1761 1756/1756/1756 1765/1765/1765
f 1766/1766/1766 1762/1762/1762 1763/1763/1763
f 1767/1767/1767 1766/1766/1766 1763/1763/1763
f 1758/1758/1758 1762/1762/1762 1768/1768/1768
f 1764/1764/1764 1758/1758/1758 1768/1768/1768
f 1760/1760/1760 1764/1764/1764 1769/1769/1769
f 1765/1765/1765 1760/1760/1760 1769/1769/1769
f 1770/1770/1770 1766/1766/1766 1767/1767/1767
f 1771/1771/1771 1770/1770/1770 1767/1767/1767
f 1762/1762/1762 1766/1766/1766 1772/1772/1772
f 1768/1768/1768 1762/1762/1762 1772/1772/1772
f 1764/1764/1764 1768/1768/1768 1773/1773/1773
f 1769/1769/1769 1764/1764/1764 1773/1773/1773
f 1774/1774/1774 1770/1770/1770 1771/1771/1771
f 1775/1775/1775 1774/1774/1774 1771/1771/1771
f 1776/1776/1776 1774/1774/1774 1775/1775/1775
f 1777/1777/1777 1774/1774/1774 1776/1776/1776
f 1778/1778/1778 1774/1774/1774 1777/1777/1777
f 1779/1779/1779 1774/1774/1774 1778/1778/1778
f 1780/1780/1780 1774/1774/1774 1779/1779/1779
f 1781/1781/1781 1774/1774/1774 1780/1780/1780
f 1768/1768/1768 1772/1772/1772 1782/1782/1782
f 1773/1773/1773 1768/1768/1768 1782/1782/1782
f 1783/1783/1783 1774/1774/1774 1781/1781/1781
f 1784/1784/1784 1783/1783/1783 1781/1781/1781
f 1785/1785/1785 1783/1783/1783 1784/1784/1784
f 1786/1786/1786 1785/1785/1785 1784/1784/1784
f 1787/1787/1787 1785/1785/1785 1786/1786/1786
f 1788/1788/1788 1787/1787/1787 1786/1786/1786
f 1789/1789/1789 1787/1787/1787 1788/1788/1788
f 1790/1790/1790 1789/1789/1789 1788/1788/1788
f 1791/1791/1791 1789/1789/1789 1790/1790/1790
f 1792/1792/1792 1791/1791/1791 1790/1790/1790
f 1793/1793/1793 1791/1791/1791 1792/1792/1792
f 1794/1794/1794 1793/1793/1793 1792/1792/1792
f 1795/1795/1795 1793/1793/1793 1794/1794/1794
f 1796/1796/1796 1795/1795/1795 1794/1794/1794
f 1797/1797/1797 1795/1795/1795 1796/1796/1796
f 1798/1798/1798 1797/1797/1797 1796/1796/1796
f 1799/1799/1799 1797/1797/1797 1798/1798/1798
f 1800/1800/1800 1799/1799/1799 1798/1798/1798
f 1801/1801/1801 1799/1799/1799 1800/1800/1800
f 1802/1802/1802 1801/1801/1801 1800/1800/1800
f 1803/1803/1803 1801/1801/1801 1802/1802/1802
f 1804/1804/1804 1803/1803/1803 1802/1802/1802
f 1805/1805/1805 1803/1803/1803 1804/1804/1804
f 1806/1806/1806 1805/1805/1805 1804/1804/1804
f 1807/1807/1807 1805/1805/1805 1806/1806/1806
f 1808/1808/1808 1807/1807/1807 1806/1806/1806
f 1809/1809/1809 1807/1807/1807 1808/1808/1808
f 1810/1810/1810 1809/1809/1809 1808/1808/1808
f 1811/1811/1811 1809/1809/1809 1810/1810/1810
f 1812/1812/1812 1811/1811/1811 1810/1810/1810
f 1813/1813/1813 1811/1811/1811 1812/1812/1812
f 1814/1814/1814 1813/1813/1813 1812/1812/1812
f 1815/1815/1815 1813/1813/1813 1814/1814/1814
f 1816/1816/1816 1815/1815/1815 1814/1814/1814
f 1817/1817/1817 1815/1815/1815 1816/1816/1816
f 1818/1818/1818 1817/1817/1817 1816/1816/1816
f 1819/1819/1819 1817/1817/1817 1818/1818/1818
f 1820/1820/1820 1819/1819/1819 1818/1818/1818
f 1821/1821/1821 1819/1819/1819 1820/1820/1820
f 1822/1822/1822 1821/1821/1821 1820/1820/1820
f 1823/1823/1823 1821/1821/1821 1822/1822/1822
f 1824/1824/1824 1823/1823/1823 1822/1822/1822
f 1825/1825/1825 1823/1823/1823 1824/1824/1824
f 1826/1826/1826 1825/1825/1825 1824/1824/1824
f 1827/1827/1827 1825/1825/1825 1826/1826/1826
f 1828/1828/1828 1827/1827/1827 1826/1826/1826
f 1829/1829/1829 1827/1827/1827 1828/1828/1828
f 1830/1830/1830 1829/1829/1829 1828/1828/1828
f 1831/1831/1831 1829/1829/1829 1830/1830/1830
f 1832/1832/1832 1831/1831/1831 1830/1830/1830
f 1833/1833/1833 1831/1831/1831 1832/1832/1832
f 1834/1834/1834 1833/1833/1833 1832/1832/1832
f 1835/1835/1835 1833/1833/1833 1834/1834/1834
f 1836/1836/1836 1835/1835/1835 1834/1834/1834
f 1837/1837/1837 1835/1835/1835 1836/1836/1836
f 1838/1838/1838 1837/1837/1837 1836/1836/1836
f 1839/1839/1839 1837/1837/1837 1838/1838/1838
f 1840/1840/1840 1839/1839/1839 1838/1838/1838
f 1841/1841/1841 1839/1839/1839 1840/1840/1840
f 1842/1842/1842 1841/1841/1841 1840/1840/1840
f 1843/1843/1843 1841/1841/1841 1842/1842/1842
f 1844/1844/1844 1843/1843/1843 1842/1842/1842
f 1845/1845/1845 1843/1843/1843 1844/1844/1844
f 1846/1846/1846 1845/1845/1845 1844/1844/1844
f 1847/1847/1847 1845/1845/1845 1846/1846/1846
f 1848/1848/1848 1847/1847/1847 1846/1846/1846
f 1849/1849/1849 1847/1847/1847 1848/1848/1848
f 1850/1850/1850 1849/1849/1849 1848/1848/1848
f 1851/1851/1851 1849/1849/1849 1850/1850/1850
f 1852/1852/1852 1851/1851/1851 1850/1850/1850
f 1853/1853/1853 1851/1851/1851 1852/1852/1852
f 1854/1854/1854 1853/1853/1853 1852/1852/1852
f 1855/1855/1855 1853/1853/1853 1854/1854/1854
f 1856/1856/1856 1855/1855/1855 1854/1854/1854
f 1857/1857/1857 1855/1855/1855 1856/1856/1856
f 1858/1858/1858 1857/1857/1857 1856/1856/1856
f 1859/1859/1859 1857/1857/1857 1858/1858/1858
f 1860/1860/1860 1859/1859/1859 1858/1858/1858
f 1861/1861/1861 1859/1859/1859 1860/1860/1860
f 1862/1862/1862 1861/1861/1861 1860/1860/1860
f 1863/1863/1863 1861/1861/1861 1862/1862/1862
f 1864/1864/1864 1863/1863/1863 1862/1862/1862
f 1865/1865/1865 1863/1863/1863 1864/1864/1864
f 1866/1866/1866 1865/1865/1865 1864/1864/1864
f 1867/1867/1867 1865/1865/1865 1866/1866/1866
f 1868/1868/1868 1867/1867/1867 1866/1866/1866
f 1869/1869/1869 1867/1867/1867 1868/1868/1868
f 1870/1870/1870 1869/1869/1869 1868/1868/1868
f 1871/1871/1871 1869/1869/1869 1870/1870/1870
f 1872/1872/1872 1871/1871/1871 1870/1870/1870
f 1873/1873/1873 1871/1871/1871 1872/1872/1872
f 1874/1874/1874 1871/1871/1871 1873/1873/1873
f 1875/1875/1875 1871/1871/1871 1874/1874/1874
f 1876/1876/1876 1871/1871/1871 1875/1875/1875
f 1877/1877/1877 1871/1871/1871 1876/1876/1876
f 1878/1878/1878 1877/1877/1877 1876/1876/1876
f 1879/1879/1879 1877/1877/1877 1878/1878/1878
f 1880/1880/1880 1879/1879/1879 1878/1878/1878
f 1881/1881/1881 1879/1879/1879 1880/1880/1880
f 1882/1882/1882 1881/1881/1881 1880/1880/1880
f 1883/1883/1883 1881/1881/1881 1882/1882/1882
f 1884/1884/1884 1883/1883/1883 1882/1882/1882
f 1885/1885/1885 1883/1883/1883 1884/1884/1884
f 1886/1886/1886 1885/1885/1885 1884/1884/1884
f 1887/1887/1887 1885/1885/1885 1886/1886/1886
f 1888/1888/1888 1887/1887/1887 1886/1886/1886
f 1889/1889/1889 1887/1887/1887 1888/1888/1888
f 1890/1890/1890 1889/1889/1889 1888/1888/1888
f 1891/1891/1891 1889/1889/1889 1890/1890/1890
f 1892/1892/1892 1891/1891/1891 1890/1890/1890
f 1893/1893/1893 1891/1891/1891 1892/1892/1892
f 1894/1894/1894 1893/1893/1893 1892/1892/1892
f 1895/1895/1895 1893/1893/1893 1894/1894/1894
f 1896/1896/1896 1895/1895/1895 1894/1894/1894
f 1897/1897/1897 1895/1895/1895 1896/1896/1896
f 1898/1898/1898 1897/1897/1897 1896/1896/1896
f 1899/1899/1899 1897/1897/1897 1898/1898/1898
f 1900/1900/1900 1899/1899/1899 1898/1898/1898
f 1901/1901/1901 1899/1899/1899 1900/1900/1900
f 1902/1902/1902 1901/1901/1901 1900/1900/1900
f 1903/1903/1903 1901/1901/1901 1902/1902/1902
f 1904/1904/1904 1903/1903/1903 1902/1902/1902
f 1905/1905/1905 1903/1903/1903 1904/1904/1904
f 1906/1906/1906 1905/1905/1905 1904/1904/1904
f 1907/1907/1907 1905/1905/1905 1906/1906/1906
f 1908/1908/1908 1907/1907/1907 1906/1906/1906
f 1909/1909/1909 1907/1907/1907 1908/1908/1908
f 1910/1910/1910 1909/1909/1909 1908/1908/1908
f 1911/1911/1911 1909/1909/1909 1910/1910/1910
f 1912/1912/1912 1911/1911/1911 1910/1910/1910
f 1913/1913/1913 1911/1911/1911 1912/1912/1912
f 1914/1914/1914 1913/1913/1913 1912/1912/1912
f 1915/1915/1915 1913/1913/1913 1914/1914/1914
f 1916/1916/1916 1915/1915/1915 1914/1914/1914
f 1917/1917/1917 1915/1915/1915 1916/1916/1916
f 1918/1918/1918 1917/1917/1917 1916/1916/1916
f 1919/1919/1919 1917/1917/1917 1918/1918/1918
f 1920/1920/1920 1919/1919/1919 1918/1918/1918
f 1921/1921/1921 1919/1919/1919 1920/1920/1920
f 1922/1922/1922 1921/1921/1921 1920/1920/1920
f 1923/1923/1923 1921/1921/1921 1922/1922/1922
f 1924/1924/1924 1923/1923/1923 1922/1922/1922
f 1925/1925/1925 1923/1923/1923 1924/1924/1924
f 1926/1926/1926 1925/1925/1925 1924/1924/1924
f 1927/1927/1927 1925/1925/1925 1926/1926/1926
f 1928/1928/1928 1927/1927/1927 1926/1926/1926
f 1929/1929/1929 1927/1927/1927 1928/1928/1928
f 1930/1930/1930 1927/1927/1927 1929/1929/1929
f 1931/1931/1931 1927/1927/1927 1930/1930/1930
f 1932/1932/1932 1927/1927/1927 1931/1931/1931
f 1933/1933/1933 1927/1927/1927 1932/1932/1932
f 1934/1934/1934 1927/1927/1927 1933/1933/1933
f 1935/1935/1935 1934/1934/1934 1933/1933/1933
f 1936/1936/1936 1934/1934/1934 1935/1935/1935
f 1937/1937/1937 1936/1936/1936 1935/1935/1935
f 1938/1938/1938 1936/1936/1936 1937/1937/1937
f 1939/1939/1939 1938/1938/1938 1937/1937/1937
f 1940/1940/1940 1938/1938/1938 1939/1939/1939
f 1941/1941/1941 1940/1940/1940 1939/1939/1939
f 1942/1942/1942 1940/1940/1940 1941/1941/1941
f 1943/1943/1943 1942/1942/1942 1941/1941/1941
f 1944/1944/1944 1942/1942/1942 1943/1943/1943
f 1945/1945/1945 1944/1944/1944 1943/1943/1943
f 1946/1946/1946 1944/1944/1944 1945/1945/1945
f 1947/1947/1947 1946/1946/1946 1945/1945/1945
f 1948/1948/1948 1946/1946/1946 1947/1947/1947
f 1949/1949/1949 1948/1948/1948 1947/1947/1947
f 1950/1950/1950 1948/1948/1948 1949/1949/1949
f 1951/1951/1951 1950/1950/1950 1949/1949/1949
f 1952/1952/1952 1950/1950/1950 1951/1951/1951
f 1953/1953/1953 1952/1952/1952 1951/1951/1951
f 1954/1954/1954 1952/1952/1952 1953/1953/1953
f 1955/1955/1955 1954/1954/1954 1953/1953/1953
f 1956/1956/1956 1954/1954/1954 1955/1955/1955
f 1957/1957/1957 1956/1956/1956 1955/1955/1955
f 1958/1958/1958 1956/1956/1956 1957/1957/1957
f 1959/1959/1959 1958/1958/1958 1957/1957/1957
f 1960/1960/1960 1958/1958/1958 1959/1959/1959
f 1961/1961/1961 1960/1960/1960 1959/1959/1959
f 1962/1962/1962 1960/1960/1960 1961/1961/1961
f 1963/1963/1963 1962/1962/1962 1961/1961/1961
f 1964/1964/1964 1962/1962/1962 1963/1963/1963
f 1965/1965/1965 1964/1964/1964 1963/1963/1963
f 1966/1966/1966 1964/1964/1964 1965/1965/1965
f 1967/1967/1967 1966/1966/1966 1965/1965/1965
f 1968/1968/1968 1966/1966/1966 1967/1967/1967
f 1969/1969/1969 1968/1968/1968 1967/1967/1967
f 1970/1970/1970 1968/1968/1968 1969/1969/1969
f 1971/1971/1971 1970/1970/1970 1969/1969/1969
f 1972/1972/1972 1970/1970/1970 1971/1971/1971
f 1973/1973/1973 1970/1970/1970 1972/1972/1972
f 1974/1974/1974 1970/1970/1970 1973/1973/1973
f 1975/1975/1975 1970/1970/1970 1974/1974/1974
f 1976/1976/1976 1970/1970/1970 1975/1975/1975
f 1977/1977/1977 1970/1970/1970 1976/1976/1976
f 1978/1978/1978 1977/1977/1977 1976/1976/1976
f 1979/1979/1979 1977/1977/1977 1978/1978/1978
f 1980/1980/1980 1979/1979/1979 1978/1978/1978
f 1981/1981/1981 1979/1979/1979 1980/1980/1980
f 1982/1982/1982 1981/1981/1981 1980/1980/1980
f 1983/1983/1983 1981/1981/1981 1982/1982/1982
f 1984/1984/1984 1983/1983/1983 1982/1982/1982
f 1985/1985/1985 1983/1983/1983 1984/1984/1984
f 1986/1986/1986 1985/1985/1985 1984/1984/1984
f 1987/1987/1987 1985/1985/1985 1986/1986/1986
f 1988/1988/1988 1985/1985/1985 1987/1987/1987
f 1989/1989/1989 1985/1985/1985 1988/1988/1988
f 1990/1990/1990 1985/1985/1985 1989/1989/1989
f 1991/1991/1991 1985/1985/1985 1990/1990/1990
f 1992/1992/1992 1991/1991/1991 1990/1990/1990
f 1993/1993/1993 1991/1991/1991 1992/1992/1992
f 1994/1994/1994 1993/1993/1993 1992/1992/1992
f 1995/1995/1995 1993/1993/1993 1994/1994/1994
f 1996/1996/1996 1995/1995/1995 1994/1994/1994
f 1997/1997/1997 1995/1995/1995 1996/1996/1996
f 1998/1998/1998 1997/1997/1997 1996/1996/1996
f 1999/1999/1999 1997/1997/1997 1998/1998/1998
f 2000/2000/2000 1999/1999/1999 1998/1998/1998
f 2001/2001/2001 1999/1999/1999 2000/2000/2000
f 2002/2002/2002 2001/2001/2001 2000/2000/2000
f 2003/2003/2003 2001/2001/2001 2002/2002/2002
f 2004/2004/2004 2003/2003/2003 2002/2002/2002
f 2005/2005/2005 2003/2003/2003 2004/2004/2004
f 2006/2006/2006 2005/2005/2005 2004/2004/2004
f 2007/2007/2007 2005/2005/2005 2006/2006/2006
f 2008/2008/2008 2007/2007/2007 2006/2006/2006
f 2009/2009/2009 2007/2007/2007 2008/2008/2008
f 2010/2010/2010 2009/2009/2009 2008/2008/2008
f 2011/2011/2011 2009/2009/2009 2010/2010/2010
f 2012/2012/2012 2011/2011/2011 2010/2010/2010
f 2013/2013/2013 2011/2011/2011 2012/2012/2012
f 2014/2014/2014 2013/2013/2013 2012/2012/2012
f 2015/2015/2015 2013/2013/2013 2014/2014/2014
f 2016/2016/2016 2015/2015/2015 2014/2014/2014
f 2017/2017/2017 2015/2015/2015 2016/2016/2016
f 2018/2018/2018 2017/2017/2017 2016/2016/2016
f 2019/2019/2019 2017/2017/2017 2018/2018/2018
f 2020/2020/2020 2017/2017/2017 2019/2019/2019
f 2021/2021/2021 2017/2017/2017 2020/2020/2020
f 2022/2022/2022 2017/2017/2017 2021/2021/2021
f 2023/2023/2023 2017/2017/2017 2022/2022/2022
f 2024/2024/2024 2017/2017/2017 2023/2023/2023
f 2025/2025/2025 2024/2024/2024 2023/2023/2023
f 2026/2026/2026 2024/2024/2024 2025/2025/2025
f 2027/2027/2027 2026/2026/2026 2025/2025/2025
f 2028/2028/2028 2026/2026/2026 2027/2027/2027
f 2029/2029/2029 2028/2028/2028 2027/2027/2027
f 2030/2030/2030 2028/2028/2028 2029/2029/2029
f 2031/2031/2031 2030/2030/2030 2029/2029/2029
f 2032/2032/2032 2030/2030/2030 2031/2031/2031
f 2033/2033/2033 2032/2032/2032 2031/2031/2031
f 2034/2034/2034 2032/2032/2032 2033/2033/2033
f 2035/2035/2035 2034/2034/2034 2033/2033/2033
f 2036/2036/2036 2034/2034/2034 2035/2035/2035
f 2037/2037/2037 2036/2036/2036 2035/2035/2035
f 2038/2038/2038 2036/2036/2036 2037/2037/2037
f 2039/2039/2039 2038/2038/2038 2037/2037/2037
f 2040/2040/2040 2038/2038/2038 2039/2039/2039
f 2041/2041/2041 2040/2040/2040 2039/2039/2039
f 2042/2042/2042 2040/2040/2040 2041/2041/2041
f 2043/2043/2043 2040/2040/2040 2042/2042/2042
f 2044/2044/2044 2040/2040/2040 2043/2043/2043
f 2045/2045/2045 2040/2040/2040 2044/2044/2044
f 2046/2046/2046 2040/2040/2040 2045/2045/2045
f 2047/2047/2047 2040/2040/2040 2046/2046/2046
f 2048/2048/2048 2047/2047/2047 2046/2046/2046
f 2049/2049/2049 2047/2047/2047 2048/2048/2048
f 2050/2050/2050 2049/2049/2049 2048/2048/2048
f 2051/2051/2051 2049/2049/2049 2050/2050/2050
f 2052/2052/2052 2051/2051/2051 2050/2050/2050
f 2053/2053/2053 2051/2051/2051 2052/2052/2052
f 2054/2054/2054 2053/2053/2053 2052/2052/2052
f 2055/2055/2055 2053/2053/2053 2054/2054/2054
f 2056/2056/2056 2055/2055/2055 2054/2054/2054
f 2057/2057/2057 2055/2055/2055 2056/2056/2056
f 2058/2058/2058 2057/2057/2057 2056/2056/2056
f 2059/2059/2059 2057/2057/2057 2058/2058/2058
f 2060/2060/2060 2059/2059/2059 2058/2058/2058
f 2061/2061/2061 2059/2059/2059 2060/2060/2060
f 2062/2062/2062 2061/2061/2061 2060/2060/2060
f 2063/2063/2063 2061/2061/2061 2062/2062/2062
f 2064/2064/2064 2063/2063/2063 2062/2062/2062
f 2065/2065/2065 2063/2063/2063 2064/2064/2064
f 2066/2066/2066 2065/2065/2065 2064/2064/2064
f 2067/2067/2067 2065/2065/2065 2066/2066/2066
f 2068/2068/2068 2067/2067/2067 2066/2066/2066
f 2069/2069/2069 2067/2067/2067 2068/2068/2068
f 2070/2070/2070 2069/2069/2069 2068/2068/2068
f 2071/2071/2071 2069/2069/2069 2070/2070/2070
f 2072/2072/2072 2071/2071/2071 2070/2070/2070
f 2073/2073/2073 2071/2071/2071 2072/2072/2072
f 2074/2074/2074 2073/2073/2073 2072/2072/2072
f 2075/2075/2075 2073/2073/2073 2074/2074/2074
f 2076/2076/2076 2075/2075/2075 2074/2074/2074
f 2077/2077/2077 2075/2075/2075 2076/2076/2076
f 2078/2078/2078 2077/2077/2077 2076/2076/2076
f 2079/2079/2079 2077/2077/2077 2078/2078/2078
f 2080/2080/2080 2079/2079/2079 2078/2078/2078
f 2081/2081/2081 2079/2079/2079 2080/2080/2080
f 2082/2082/2082 2081/2081/2081 2080/2080/2080
f 2083/2083/2083 2081/2081/2081 2082/2082/2082
f 2084/2084/2084 2083/2083/2083 2082/2082/2082
f 2085/2085/2085 2083/2083/2083 2084/2084/2084
f 2086/2086/2086 2085/2085/2085 2084/2084/2084
f 2087/2087/2087 2085/2085/2085 2086/2086/2086
f 2088/2088/2088 2087/2087/2087 2086/2086/2086
f 2089/2089/2089 2087/2087/2087 2088/2088/2088
f 2090/2090/2090 2089/2089/2089 2088/2088/2088
f 2091/2091/2091 2089/2089/2089 2090/2090/2090
f 2092/2092/2092 2091/2091/2091 2090/2090/2090
f 2093/2093/2093 2091/2091/2091 2092/2092/2092
f 2094/2094/2094 2093/2093/2093 2092/2092/2092
f 2095/2095/2095 2093/2093/2093 2094/2094/2094
f 2096/2096/2096 2095/2095/2095 2094/2094/2094
f 2097/2097/2097 2095/2095/2095 2096/2096/2096
f 2098/2098/2098 2097/2097/2097 2096/2096/2096
f 2099/2099/2099 2097/2097/2097 2098/2098/2098
f 2100/2100/2100 2099/2099/2099 2098/2098/2098
f 2101/2101/2101 2099/2099/2099 2100/2100/2100
f 2102/2102/2102 2101/2101/2101 2100/2100/2100
f 2103/2103/2103 2101/2101/2101 2102/2102/2102
f 2104/2104/2104 2103/2103/2103 2102/2102/2102
f 2105/2105/2105 2103/2103/2103 2104/2104/2104
f 2106/2106/2106 2105/2105/2105 2104/2104/2104
f 2107/2107/2107 2105/2105/2105 2106/2106/2106
f 2108/2108/2108 2107/2107/2107 2106/2106/2106
f 2109/2109/2109 2107/2107/2107 2108/2108/2108
f 2110/2110/2110 2109/2109/2109 2108/2108/2108
f 2111/2111/2111 2109/2109/2109 2110/2110/2110
f 2112/2112/2112 2111/2111/2111 2110/2110/2110
f 2113/2113/2113 2111/2111/2111 2112/2112/2112
f 2114/2114/2114 2113/2113/2113 2112/2112/2112
f 2115/2115/2115 2113/2113/2113 2114/2114/2114
f 2116/2116/2116 2115/2115/2115 2114/2114/2114
f 2117/2117/2117 2115/2115/2115 2116/2116/2116
f 2118/2118/2118 2117/2117/2117 2116/2116/2116
f 2119/2119/2119 2117/2117/2117 2118/2118/2118
f 2120/2120/2120 2119/2119/2119 2118/2118/2118
f 2121/2121/2121 2119/2119/2119 2120/2120/2120
f 2122/2122/2122 2121/2121/2121 2120/2120/2120
f 2123/2123/2123 2121/2121/2121 2122/2122/2122
f 2124/2124/2124 2123/2123/2123 2122/2122/2122
f 2125/2125/2125 2123/2123/2123 2124/2124/2124
f 2126/2126/2126 2123/2123/2123 2125/2125/2125
f 2127/2127/2127 2123/2123/2123 2126/2126/2126
f 2128/2128/2128 2123/2123/2123 2127/2127/2127
f 2129/2129/2129 2123/2123/2123 2128/2128/2128
f 2130/2130/2130 2123/2123/2123 2129/2129/2129
f 2131/2131/2131 2123/2123/2123 2130/2130/2130
f 2132/2132/2132 2131/2131/2131 2130/2130/2130
f 2133/2133/2133 2131/2131/2131 2132/2132/2132
f 2134/2134/2134 2133/2133/2133 2132/2132/2132
f 2135/2135/2135 2133/2133/2133 2134/2134/2134
f 2136/2136/2136 2135/2135/2135 2134/2134/2134
f 2137/2137/2137 2135/2135/2135 2136/2136/2136
f 2138/2138/2138 2137/2137/2137 2136/2136/2136
f 2139/2139/2139 2137/2137/2137 2138/2138/2138
f 2140/2140/2140 2139/2139/2139 2138/2138/2138
f 2141/2141/2141 2139/2139/2139 2140/2140/2140
f 2142/2142/2142 2141/2141/2141 2140/2140/2140
f 2143/2143/2143 2141/2141/2141 2142/2142/2142
f 2144/2144/2144 2143/2143/2143 2142/2142/2142
f 2145/2145/2145 2143/2143/2143 2144/2144/2144
f 2146/2146/2146 2145/2145/2145 2144/2144/2144
f 2147/2147/2147 2145/2145/2145 2146/2146/2146
f 2148/2148/2148 2147/2147/2147 2146/2146/2146
f 2149/2149/2149 2147/2147/2147 2148/2148/2148
f 2150/2150/2150 2149/2149/2149 2148/2148/2148
f 2151/2151/2151 2149/2149/2149 2150/2150/2150
f 2152/2152/2152 2151/2151/2151 2150/2150/2150
f 2153/2153/2153 2151/2151/2151 2152/2152/2152
f 2154/2154/2154 2153/2153/2153 2152/2152/2152
f 2155/2155/2155 2153/2153/2153 2154/2154/2154
f 2156/2156/2156 2155/2155/2155 2154/2154/2154
f 2157/2157/2157 2155/2155/2155 2156/2156/2156
f 2158/2158/2158 2157/2157/2157 2156/2156/2156
f 2159/2159/2159 2157/2157/2157 2158/2158/2158
f 2160/2160/2160 2159/2159/2159 2158/2158/2158
f 2161/2161/2161 2159/2159/2159 2160/2160/2160
f 2162/2162/2162 2161/2161/2161 2160/2160/2160
f 2163/2163/2163 2161/2161/2161 2162/2162/2162
f 2164/2164/2164 2163/2163/2163 2162/2162/2162
f 2165/2165/2165 2163/2163/2163 2164/2164/2164
f 2166/2166/2166 2165/2165/2165 2164/2164/2164
f 2167/2167/2167 2165/2165/2165 2166/2166/2166
f 2168/2168/2168 2167/2167/2167 2166/2166/2166
f 2169/2169/2169 2167/2167/2167 2168/2168/2168
f 2170/2170/2170 2169/2169/2169 2168/2168/2168
f 2171/2171/2171 2169/2169/2169 2170/2170/2170
f 2172/2172/2172 2171/2171/2171 2170/2170/2170
f 2173/2173/2173 2171/2171/2171 2172/2172/2172
f 2174/2174/2174 2173/2173/2173 2172/2172/2172
f 2175/2175/2175 2173/2173/2173 2174/2174/2174
f 2176/2176/2176 2175/2175/2175 2174/2174/2174
f 2177/2177/2177 2175/2175/2175 2176/2176/2176
f 2178/2178/2178 2177/2177/2177 2176/2176/2176
f 2179/2179/2179 2177/2177/2177 2178/2178/2178
f 2180/2180/2180 2179/2179/2179 2178/2178/2178
f 2181/2181/2181 2179/2179/2179 2180/2180/2180
f 2182/2182/2182 2181/2181/2181 2180/2180/2180
f 2183/2183/2183 2181/2181/2181 2182/2182/2182
f 2184/2184/2184 2183/2183/2183 2182/2182/2182
f 2185/2185/2185 2183/2183/2183 2184/2184/2184
f 2186/2186/2186 2185/2185/2185 2184/2184/2184
f 2187/2187/2187 2185/2185/2185 2186/2186/2186
f 2188/2188/2188 2187/2187/2187 2186/2186/2186
f 2189/2189/2189 2187/2187/2187 2188/2188/2188
f 2190/2190/2190 2189/2189/2189 2188/2188/2188
f 2191/2191/2191 2189/2189/2189 2190/2190/2190
f 2192/2192/2192 2191/2191/2191 2190/2190/2190
f 2193/2193/2193 2191/2191/2191 2192/2192/2192
f 2194/2194/2194 2191/2191/2191 2193/2193/2193
f 2195/2195/2195 2194/2194/2194 2193/2193/2193
f 2196/2196/2196 2194/2194/2194 2195/2195/2195
f 2197/2197/2197 2196/2196/2196 2195/2195/2195
f 2198/2198/2198 2196/2196/2196 2197/2197/2197
f 2199/2199/2199 2198/2198/2198 2197/2197/2197
f 2200/2200/2200 2198/2198/2198 2199/2199/2199
f 2201/2201/2201 2200/2200/2200 2199/2199/2199
f 2202/2202/2202 2200/2200/2200 2201/2201/2201
f 2203/2203/2203 2202/2202/2202 2201/2201/2201
f 2204/2204/2204 2202/2202/2202 2203/2203/2203
f 2205/2205/2205 2204/2204/2204 2203/2203/2203
f 2206/2206/2206 2204/2204/2204 2205/2205/2205
f 2207/2207/2207 2206/2206/2206 2205/2205/2205
f 2208/2208/2208 2206/2206/2206 2207/2207/2207
f 2209/2209/2209 2208/2208/2208 2207/2207/2207
f 2210/2210/2210 2208/2208/2208 2209/2209/2209
f 2211/2211/2211 2210/2210/2210 2209/2209/2209
f 2212/2212/2212 2210/2210/2210 2211/2211/2211
f 2213/2213/2213 2212/2212/2212 2211/2211/2211
f 2214/2214/2214 2212/2212/2212 2213/2213/2213
f 2215/2215/2215 2214/2214/2214 2213/2213/2213
f 2216/2216/2216 2214/2214/2214 2215/2215/2215
f 2217/2217/2217 2216/2216/2216 2215/2215/2215
f 2218/2218/2218 2216/2216/2216 2217/2217/2217
f 2219/2219/2219 2218/2218/2218 2217/2217/2217
f 2220/2220/2220 2218/2218/2218 2219/2219/2219
f 2221/2221/2221 2220/2220/2220 2219/2219/2219
f 2222/2222/2222 2220/2220/2220 2221/2221/2221
f 2223/2223/2223 2222/2222/2222 2221/2221/2221
f 2224/2224/2224 2222/2222/2222 2223/2223/2223
f 2225/2225/2225 2224/2224/2224 2223/2223/2223
f 2226/2226/2226 2224/2224/2224 2225/2225/2225
f 2227/2227/2227 2226/2226/2226 2225/2225/2225
f 2228/2228/2228 2226/2226/2226 2227/2227/2227
f 2229/2229/2229 2228/2228/2228 2227/2227/2227
f 2230/2230/2230 2228/2228/2228 2229/2229/2229
f 2231/2231/2231 2230/2230/2230 2229/2229/2229
f 2232/2232/2232 2230/2230/2230 2231/2231/2231
f 2233/2233/2233 2232/2232/2232 2231/2231/2231
f 2234/2234/2234 2232/2232/2232 2233/2233/2233
f 2235/2235/2235 2234/2234/2234 2233/2233/2233
f 2236/2236/2236 2234/2234/2234 2235/2235/2235
f 2237/2237/2237 2236/2236/2236 2235/2235/2235
f 2238/2238/2238 2236/2236/2236 2237/2237/2237
f 2239/2239/2239 2238/2238/2238 2237/2237/2237
f 2240/2240/2240 2238/2238/2238 2239/2239/2239
f 2241/2241/2241 2240/2240/2240 2239/2239/2239
f 2242/2242/2242 2240/2240/2240 2241/2241/2241
f 2243/2243/2243 2242/2242/2242 2241/2241/2241
f 2244/2244/2244 2242/2242/2242 2243/2243/2243
f 2245/2245/2245 2244/2244/2244 2243/2243/2243
f 2246/2246/2246 2244/2244/2244 2245/2245/2245
f 2247/2247/2247 2246/2246/2246 2245/2245/2245
f 2248/2248/2248 2246/2246/2246 2247/2247/2247
f 2249/2249/2249 2248/2248/2248 2247/2247/2247
f 2250/2250/2250 2248/2248/2248 2249/2249/2249
f 2251/2251/2251 2250/2250/2250 2249/2249/2249
f 2252/2252/2252 2250/2250/2250 2251/2251/2251
f 2253/2253/2253 2252/2252/2252 2251/2251/2251
f 2254/2254/2254 2252/2252/2252 2253/2253/2253
f 2255/2255/2255 2254/2254/2254 2253/2253/2253
f 2256/2256/2256 2254/2254/2254 2255/2255/2255
f 2257/2257/2257 2256/2256/2256 2255/2255/2255
f 2258/2258/2258 2256/2256/2256 2257/2257/2257
f 2259/2259/2259 2258/2258/2258 2257/2257/2257
f 2260/2260/2260 2258/2258/2258 2259/2259/2259
f 2261/2261/2261 2260/2260/2260 2259/2259/2259
f 2262/2262/2262 2260/2260/2260 2261/2261/2261
f 2263/2263/2263 2260/2260/2260 2262/2262/2262
f 2264/2264/2264 2260/2260/2260 2263/2263/2263
f 2265/2265/2265 2260/2260/2260 2264/2264/2264
f 2266/2266/2266 2260/2260/2260 2265/2265/2265
f 2267/2267/2267 2260/2260/2260 2266/2266/2266
f 2268/2268/2268 2260/2260/2260 2267/2267/2267
f 2269/2269/2269 2260/2260/2260 2268/2268/2268
f 2270/2270/2270 2269/2269/2269 2268/2268/2268
f 2271/2271/2271 2269/2269/2269 2270/2270/2270
f 2272/2272/2272 2271/2271/2271 2270/2270/2270
f 2273/2273/2273 2271/2271/2271 2272/2272/2272
f 2274/2274/2274 2273/2273/2273 2272/2272/2272
f 2275/2275/2275 2273/2273/2273 2274/2274/2274
f 2276/2276/2276 2275/2275/2275 2274/2274/2274
f 2277/2277/2277 2275/2275/2275 2276/2276/2276
f 2278/2278/2278 2277/2277/2277 2276/2276/2276
f 2279/2279/2279 2277/2277/2277 2278/2278/2278
f 2280/2280/2280 2279/2279/2279 2278/2278/2278
f 2281/2281/2281 2279/2279/2279 2280/2280/2280
f 2282/2282/2282 2279/2279/2279 2281/2281/2281
f 2283/2283/2283 2279/2279/2279 2282/2282/2282
f 2284/2284/2284 2279/2279/2279 2283/2283/2283
f 2285/2285/2285 2284/2284/2284 2283/2283/2283
f 2286/2286/2286 2284/2284/2284 2285/2285/2285
f 2287/2287/2287 2286/2286/2286 2285/2285/2285
f 2288/2288/2288 2286/2286/2286 2287/2287/2287
f 2289/2289/2289 2288/2288/2288 2287/2287/2287
f 2290/2290/2290 2288/2288/2288 2289/2289/2289
f 2291/2291/2291 2290/2290/2290 2289/2289/2289
f 2292/2292/2292 2290/2290/2290 2291/2291/2291
f 2293/2293/2293 2292/2292/2292 2291/2291/2291
f 2294/2294/2294 2292/2292/2292 2293/2293/2293
f 2295/2295/2295 2294/2294/2294 2293/2293/2293
f 2296/2296/2296 2294/2294/2294 2295/2295/2295
f 2297/2297/2297 2296/2296/2296 2295/2295/2295
f 2298/2298/2298 2296/2296/2296 2297/2297/2297
f 2299/2299/2299 2298/2298/2298 2297/2297/2297
f 2300/2300/2300 2298/2298/2298 2299/2299/2299
f 2301/2301/2301 2300/2300/2300 2299/2299/2299
f 2302/2302/2302 2300/2300/2300 2301/2301/2301
f 2303/2303/2303 2302/2302/2302 2301/2301/2301
f 2304/2304/2304 2302/2302/2302 2303/2303/2303
f 2305/2305/2305 2304/2304/2304 2303/2303/2303
f 2306/2306/2306 2304/2304/2304 2305/2305/2305
f 2307/2307/2307 2306/2306/2306 2305/2305/2305
f 2308/2308/2308 2306/2306/2306 2307/2307/2307
f 2309/2309/2309 2308/2308/2308 2307/2307/2307
f 2310/2310/2310 2308/2308/2308 2309/2309/2309
f 2311/2311/2311 2310/2310/2310 2309/2309/2309
f 2312/2312/2312 2310/2310/2310 2311/2311/2311
f 2313/2313/2313 2312/2312/2312 2311/2311/2311
f 2314/2314/2314 2312/2312/2312 2313/2313/2313
f 2315/2315/2315 2314/2314/2314 2313/2313/2313
f 2316/2316/2316 2314/2314/2314 2315/2315/2315
f 2317/2317/2317 2316/2316/2316 2315/2315/2315
f 2318/2318/2318 2316/2316/2316 2317/2317/2317
f 2319/2319/2319 2318/2318/2318 2317/2317/2317
f 2320/2320/2320 2318/2318/2318 2319/2319/2319
f 2321/2321/2321 2320/2320/2320 2319/2319/2319
f 2322/2322/2322 2320/2320/2320 2321/2321/2321
f 2323/2323/2323 2322/2322/2322 2321/2321/2321
f 2324/2324/2324 2322/2322/2322 2323/2323/2323
f 2325/2325/2325 2324/2324/2324 2323/2323/2323
f 2326/2326/2326 2324/2324/2324 2325/2325/2325
f 2327/2327/2327 2326/2326/2326 2325/2325/2325
f 2328/2328/2328 2326/2326/2326 2327/2327/2327
f 2329/2329/2329 2328/2328/2328 2327/2327/2327
f 2330/2330/2330 2328/2328/2328 2329/2329/2329
f 2331/2331/2331 2330/2330/2330 2329/2329/2329
f 2332/2332/2332 2330/2330/2330 2331/2331/2331
f 2333/2333/2333 2332/2332/2332 2331/2331/2331
f 2334/2334/2334 2332/2332/2332 2333/2333/2333
f 2335/2335/2335 2334/2334/2334 2333/2333/2333
f 2336/2336/2336 2334/2334/2334 2335/2335/2335
f 2337/2337/2337 2336/2336/2336 2335/2335/2335
f 2338/2338/2338 2336/2336/2336 2337/2337/2337
f 2339/2339/2339 2338/2338/2338 2337/2337/2337
f 2340/2340/2340 2338/2338/2338 2339/2339/2339
f 2341/2341/2341 2340/2340/2340 2339/2339/2339
f 2342/2342/2342 2340/2340/2340 2341/2341/2341
f 2343/2343/2343 2342/2342/2342 2341/2341/2341
f 2344/2344/2344 2342/2342/2342 2343/2343/2343
f 2345/2345/2345 2344/2344/2344 2343/2343/2343
f 2346/2346/2346 2344/2344/2344 2345/2345/2345
f 2347/2347/2347 2346/2346/2346 2345/2345/2345
f 2348/2348/2348 2346/2346/2346 2347/2347/2347
f 838/838/838 2348/2348/2348 2347/2347/2347
f 837/837/837 2348/2348/2348 838/838/838
f 2348/2348/2348 837/837/837 853/853/853
f 2346/2346/2346 2348/2348/2348 2349/2349/2349
f 2349/2349/2349 2348/2348/2348 853/853/853
f 2344/2344/2344 2346/2346/2346 2350/2350/2350
f 2350/2350/2350 2346/2346/2346 2349/2349/2349
f 2342/2342/2342 2344/2344/2344 2351/2351/2351
f 2351/2351/2351 2344/2344/2344 2350/2350/2350
f 2340/2340/2340 2342/2342/2342 2352/2352/2352
f 2352/2352/2352 2342/2342/2342 2351/2351/2351
f 2349/2349/2349 853/853/853 2353/2353/2353
f 2353/2353/2353 853/853/853 852/852/852
f 2353/2353/2353 852/852/852 860/860/860
f 2350/2350/2350 2349/2349/2349 2354/2354/2354
f 2354/2354/2354 2349/2349/2349 2353/2353/2353
f 2355/2355/2355 2353/2353/2353 860/860/860
f 2354/2354/2354 2353/2353/2353 2355/2355/2355
f 2355/2355/2355 860/860/860 882/882/882
f 2351/2351/2351 2350/2350/2350 2356/2356/2356
f 2356/2356/2356 2350/2350/2350 2354/2354/2354
f 2357/2357/2357 2355/2355/2355 882/882/882
f 882/882/882 885/885/885 2357/2357/2357
f 885/885/885 894/894/894 2357/2357/2357
f 2358/2358/2358 2354/2354/2354 2355/2355/2355
f 2358/2358/2358 2355/2355/2355 2357/2357/2357
f 2356/2356/2356 2354/2354/2354 2358/2358/2358
f 2357/2357/2357 894/894/894 2359/2359/2359
f 2359/2359/2359 2358/2358/2358 2357/2357/2357
f 894/894/894 909/909/909 2359/2359/2359
f 2360/2360/2360 2351/2351/2351 2356/2356/2356
f 2352/2352/2352 2351/2351/2351 2360/2360/2360
f 2361/2361/2361 2356/2356/2356 2358/2358/2358
f 2361/2361/2361 2358/2358/2358 2359/2359/2359
f 2360/2360/2360 2356/2356/2356 2361/2361/2361
f 2359/2359/2359 909/909/909 2362/2362/2362
f 2362/2362/2362 2361/2361/2361 2359/2359/2359
f 909/909/909 915/915/915 2362/2362/2362
f 2363/2363/2363 2360/2360/2360 2361/2361/2361
f 2363/2363/2363 2361/2361/2361 2362/2362/2362
f 2362/2362/2362 915/915/915 2364/2364/2364
f 2364/2364/2364 2363/2363/2363 2362/2362/2362
f 915/915/915 921/921/921 2364/2364/2364
f 2365/2365/2365 2352/2352/2352 2360/2360/2360
f 2365/2365/2365 2360/2360/2360 2363/2363/2363
f 2364/2364/2364 921/921/921 2366/2366/2366
f 921/921/921 927/927/927 2366/2366/2366
f 2367/2367/2367 2363/2363/2363 2364/2364/2364
f 2367/2367/2367 2365/2365/2365 2363/2363/2363
f 2366/2366/2366 2367/2367/2367 2364/2364/2364
f 2368/2368/2368 2352/2352/2352 2365/2365/2365
f 2368/2368/2368 2340/2340/2340 2352/2352/2352
f 2338/2338/2338 2340/2340/2340 2368/2368/2368
f 2366/2366/2366 927/927/927 2369/2369/2369
f 927/927/927 933/933/933 2369/2369/2369
f 2370/2370/2370 2367/2367/2367 2366/2366/2366
f 2369/2369/2369 2370/2370/2370 2366/2366/2366
f 2371/2371/2371 2365/2365/2365 2367/2367/2367
f 2371/2371/2371 2368/2368/2368 2365/2365/2365
f 2370/2370/2370 2371/2371/2371 2367/2367/2367
f 2372/2372/2372 2338/2338/2338 2368/2368/2368
f 2372/2372/2372 2368/2368/2368 2371/2371/2371
f 2336/2336/2336 2338/2338/2338 2372/2372/2372
f 2369/2369/2369 933/933/933 2373/2373/2373
f 933/933/933 939/939/939 2373/2373/2373
f 2374/2374/2374 2370/2370/2370 2369/2369/2369
f 2373/2373/2373 2374/2374/2374 2369/2369/2369
f 2375/2375/2375 2371/2371/2371 2370/2370/2370
f 2375/2375/2375 2372/2372/2372 2371/2371/2371
f 2374/2374/2374 2375/2375/2375 2370/2370/2370
f 2376/2376/2376 2336/2336/2336 2372/2372/2372
f 2376/2376/2376 2372/2372/2372 2375/2375/2375
f 2334/2334/2334 2336/2336/2336 2376/2376/2376
f 2373/2373/2373 939/939/939 2377/2377/2377
f 939/939/939 945/945/945 2377/2377/2377
f 2378/2378/2378 2374/2374/2374 2373/2373/2373
f 2377/2377/2377 2378/2378/2378 2373/2373/2373
f 2379/2379/2379 2375/2375/2375 2374/2374/2374
f 2379/2379/2379 2376/2376/2376 2375/2375/2375
f 2378/2378/2378 2379/2379/2379 2374/2374/2374
f 2380/2380/2380 2334/2334/2334 2376/2376/2376
f 2380/2380/2380 2376/2376/2376 2379/2379/2379
f 2332/2332/2332 2334/2334/2334 2380/2380/2380
f 2377/2377/2377 945/945/945 2381/2381/2381
f 945/945/945 951/951/951 2381/2381/2381
f 2382/2382/2382 2378/2378/2378 2377/2377/2377
f 2381/2381/2381 2382/2382/2382 2377/2377/2377
f 2383/2383/2383 2379/2379/2379 2378/2378/2378
f 2383/2383/2383 2380/2380/2380 2379/2379/2379
f 2382/2382/2382 2383/2383/2383 2378/2378/2378
f 2384/2384/2384 2332/2332/2332 2380/2380/2380
f 2384/2384/2384 2380/2380/2380 2383/2383/2383
f 2330/2330/2330 2332/2332/2332 2384/2384/2384
f 2381/2381/2381 951/951/951 2385/2385/2385
f 951/951/951 957/957/957 2385/2385/2385
f 2386/2386/2386 2382/2382/2382 2381/2381/2381
f 2385/2385/2385 2386/2386/2386 2381/2381/2381
f 2387/2387/2387 2383/2383/2383 2382/2382/2382
f 2387/2387/2387 2384/2384/2384 2383/2383/2383
f 2386/2386/2386 2387/2387/2387 2382/2382/2382
f 2388/2388/2388 2330/2330/2330 2384/2384/2384
f 2388/2388/2388 2384/2384/2384 2387/2387/2387
f 2328/2328/2328 2330/2330/2330 2388/2388/2388
f 2385/2385/2385 957/957/957 2389/2389/2389
f 957/957/957 963/963/963 2389/2389/2389
f 2390/2390/2390 2386/2386/2386 2385/2385/2385
f 2389/2389/2389 2390/2390/2390 2385/2385/2385
f 2391/2391/2391 2387/2387/2387 2386/2386/2386
f 2391/2391/2391 2388/2388/2388 2387/2387/2387
f 2390/2390/2390 2391/2391/2391 2386/2386/2386
f 2392/2392/2392 2328/2328/2328 2388/2388/2388
f 2392/2392/2392 2388/2388/2388 2391/2391/2391
f 2326/2326/2326 2328/2328/2328 2392/2392/2392
f 2389/2389/2389 963/963/963 2393/2393/2393
f 963/963/963 969/969/969 2393/2393/2393
f 2394/2394/2394 2390/2390/2390 2389/2389/2389
f 2393/2393/2393 2394/2394/2394 2389/2389/2389
f 2395/2395/2395 2391/2391/2391 2390/2390/2390
f 2395/2395/2395 2392/2392/2392 2391/2391/2391
f 2394/2394/2394 2395/2395/2395 2390/2390/2390
f 2396/2396/2396 2326/2326/2326 2392/2392/2392
f 2396/2396/2396 2392/2392/2392 2395/2395/2395
f 2324/2324/2324 2326/2326/2326 2396/2396/2396
f 2393/2393/2393 969/969/969 2397/2397/2397
f 969/969/969 975/975/975 2397/2397/2397
f 2398/2398/2398 2394/2394/2394 2393/2393/2393
f 2397/2397/2397 2398/2398/2398 2393/2393/2393
f 2399/2399/2399 2395/2395/2395 2394/2394/2394
f 2399/2399/2399 2396/2396/2396 2395/2395/2395
f 2398/2398/2398 2399/2399/2399 2394/2394/2394
f 2400/2400/2400 2324/2324/2324 2396/2396/2396
f 2400/2400/2400 2396/2396/2396 2399/2399/2399
f 2322/2322/2322 2324/2324/2324 2400/2400/2400
f 2397/2397/2397 975/975/975 2401/2401/2401
f 975/975/975 981/981/981 2401/2401/2401
f 2402/2402/2402 2398/2398/2398 2397/2397/2397
f 2401/2401/2401 2402/2402/2402 2397/2397/2397
f 2403/2403/2403 2399/2399/2399 2398/2398/2398
f 2403/2403/2403 2400/2400/2400 2399/2399/2399
f 2402/2402/2402 2403/2403/2403 2398/2398/2398
f 2404/2404/2404 2322/2322/2322 2400/2400/2400
f 2404/2404/2404 2400/2400/2400 2403/2403/2403
f 2320/2320/2320 2322/2322/2322 2404/2404/2404
f 2401/2401/2401 981/981/981 2405/2405/2405
f 981/981/981 987/987/987 2405/2405/2405
f 2406/2406/2406 2402/2402/2402 2401/2401/2401
f 2405/2405/2405 2406/2406/2406 2401/2401/2401
f 2407/2407/2407 2403/2403/2403 2402/2402/2402
f 2407/2407/2407 2404/2404/2404 2403/2403/2403
f 2406/2406/2406 2407/2407/2407 2402/2402/2402
f 2408/2408/2408 2320/2320/2320 2404/2404/2404
f 2408/2408/2408 2404/2404/2404 2407/2407/2407
f 2318/2318/2318 2320/2320/2320 2408/2408/2408
f 2405/2405/2405 987/987/987 2409/2409/2409
f 987/987/987 993/993/993 2409/2409/2409
f 2410/2410/2410 2406/2406/2406 2405/2405/2405
f 2409/2409/2409 2410/2410/2410 2405/2405/2405
f 2411/2411/2411 2407/2407/2407 2406/2406/2406
f 2411/2411/2411 2408/2408/2408 2407/2407/2407
f 2410/2410/2410 2411/2411/2411 2406/2406/2406
f 2412/2412/2412 2318/2318/2318 2408/2408/2408
f 2412/2412/2412 2408/2408/2408 2411/2411/2411
f 2316/2316/2316 2318/2318/2318 2412/2412/2412
f 2409/2409/2409 993/993/993 2413/2413/2413
f 993/993/993 999/999/999 2413/2413/2413
f 2414/2414/2414 2410/2410/2410 2409/2409/2409
f 2413/2413/2413 2414/2414/2414 2409/2409/2409
f 2415/2415/2415 2411/2411/2411 2410/2410/2410
f 2415/2415/2415 2412/2412/2412 2411/2411/2411
f 2414/2414/2414 2415/2415/2415 2410/2410/2410
f 2416/2416/2416 2316/2316/2316 2412/2412/2412
f 2416/2416/2416 2412/2412/2412 2415/2415/2415
f 2314/2314/2314 2316/2316/2316 2416/2416/2416
f 2413/2413/2413 999/999/999 2417/2417/2417
f 999/999/999 1005/1005/1005 2417/2417/2417
f 2418/2418/2418 2414/2414/2414 2413/2413/2413
f 2417/2417/2417 2418/2418/2418 2413/2413/2413
f 2419/2419/2419 2415/2415/2415 2414/2414/2414
f 2419/2419/2419 2416/2416/2416 2415/2415/2415
f 2418/2418/2418 2419/2419/2419 2414/2414/2414
f 2420/2420/2420 2314/2314/2314 2416/2416/2416
f 2420/2420/2420 2416/2416/2416 2419/2419/2419
f 2312/2312/2312 2314/2314/2314 2420/2420/2420
f 2417/2417/2417 1005/1005/1005 2421/2421/2421
f 1005/1005/1005 1011/1011/1011 2421/2421/2421
f 2422/2422/2422 2418/2418/2418 2417/2417/2417
f 2421/2421/2421 2422/2422/2422 2417/2417/2417
f 2423/2423/2423 2419/2419/2419 2418/2418/2418
f 2423/2423/2423 2420/2420/2420 2419/2419/2419
f 2422/2422/2422 2423/2423/2423 2418/2418/2418
f 2424/2424/2424 2312/2312/2312 2420/2420/2420
f 2424/2424/2424 2420/2420/2420 2423/2423/2423
f 2310/2310/2310 2312/2312/2312 2424/2424/2424
f 2421/2421/2421 1011/1011/1011 2425/2425/2425
f 1011/1011/1011 1017/1017/1017 2425/2425/2425
f 2426/2426/2426 2422/2422/2422 2421/2421/2421
f 2425/2425/2425 2426/2426/2426 2421/2421/2421
f 2427/2427/2427 2423/2423/2423 2422/2422/2422
f 2427/2427/2427 2424/2424/2424 2423/2423/2423
f 2426/2426/2426 2427/2427/2427 2422/2422/2422
f 2428/2428/2428 2310/2310/2310 2424/2424/2424
f 2428/2428/2428 2424/2424/2424 2427/2427/2427
f 2308/2308/2308 2310/2310/2310 2428/2428/2428
f 2425/2425/2425 1017/1017/1017 2429/2429/2429
f 1017/1017/1017 1023/1023/1023 2429/2429/2429
f 2430/2430/2430 2426/2426/2426 2425/2425/2425
f 2429/2429/2429 2430/2430/2430 2425/2425/2425
f 2431/2431/2431 2427/2427/2427 2426/2426/2426
f 2431/2431/2431 2428/2428/2428 2427/2427/2427
f 2430/2430/2430 2431/2431/2431 2426/2426/2426
f 2432/2432/2432 2308/2308/2308 2428/2428/2428
f 2432/2432/2432 2428/2428/2428 2431/2431/2431
f 2306/2306/2306 2308/2308/2308 2432/2432/2432
f 2429/2429/2429 1023/1023/1023 2433/2433/2433
f 1023/1023/1023 1029/1029/1029 2433/2433/2433
f 2434/2434/2434 2430/2430/2430 2429/2429/2429
f 2433/2433/2433 2434/2434/2434 2429/2429/2429
f 2435/2435/2435 2431/2431/2431 2430/2430/2430
f 2435/2435/2435 2432/2432/2432 2431/2431/2431
f 2434/2434/2434 2435/2435/2435 2430/2430/2430
f 2436/2436/2436 2306/2306/2306 2432/2432/2432
f 2436/2436/2436 2432/2432/2432 2435/2435/2435
f 2304/2304/2304 2306/2306/2306 2436/2436/2436
f 2433/2433/2433 1029/1029/1029 2437/2437/2437
f 1029/1029/1029 1035/1035/1035 2437/2437/2437
f 2438/2438/2438 2434/2434/2434 2433/2433/2433
f 2437/2437/2437 2438/2438/2438 2433/2433/2433
f 2439/2439/2439 2435/2435/2435 2434/2434/2434
f 2439/2439/2439 2436/2436/2436 2435/2435/2435
f 2438/2438/2438 2439/2439/2439 2434/2434/2434
f 2440/2440/2440 2304/2304/2304 2436/2436/2436
f 2440/2440/2440 2436/2436/2436 2439/2439/2439
f 2302/2302/2302 2304/2304/2304 2440/2440/2440
f 2437/2437/2437 1035/1035/1035 2441/2441/2441
f 1035/1035/1035 1041/1041/1041 2441/2441/2441
f 2442/2442/2442 2438/2438/2438 2437/2437/2437
f 2441/2441/2441 2442/2442/2442 2437/2437/2437
f 2443/2443/2443 2439/2439/2439 2438/2438/2438
f 2443/2443/2443 2440/2440/2440 2439/2439/2439
f 2442/2442/2442 2443/2443/2443 2438/2438/2438
f 2444/2444/2444 2302/2302/2302 2440/2440/2440
f 2444/2444/2444 2440/2440/2440 2443/2443/2443
f 2300/2300/2300 2302/2302/2302 2444/2444/2444
f 2441/2441/2441 1041/1041/1041 2445/2445/2445
f 1041/1041/1041 1047/1047/1047 2445/2445/2445
f 2446/2446/2446 2442/2442/2442 2441/2441/2441
f 2445/2445/2445 2446/2446/2446 2441/2441/2441
f 2447/2447/2447 2443/2443/2443 2442/2442/2442
f 2447/2447/2447 2444/2444/2444 2443/2443/2443
f 2446/2446/2446 2447/2447/2447 2442/2442/2442
f 2448/2448/2448 2300/2300/2300 2444/2444/2444
f 2448/2448/2448 2444/2444/2444 2447/2447/2447
f 2298/2298/2298 2300/2300/2300 2448/2448/2448
f 2445/2445/2445 1047/1047/1047 2449/2449/2449
f 1047/1047/1047 1053/1053/1053 2449/2449/2449
f 2450/2450/2450 2446/2446/2446 2445/2445/2445
f 2449/2449/2449 2450/2450/2450 2445/2445/2445
f 2451/2451/2451 2447/2447/2447 2446/2446/2446
f 2451/2451/2451 2448/2448/2448 2447/2447/2447
f 2450/2450/2450 2451/2451/2451 2446/2446/2446
f 2452/2452/2452 2298/2298/2298 2448/2448/2448
f 2452/2452/2452 2448/2448/2448 2451/2451/2451
f 2296/2296/2296 2298/2298/2298 2452/2452/2452
f 2449/2449/2449 1053/1053/1053 2453/2453/2453
f 1053/1053/1053 1059/1059/1059 2453/2453/2453
f 2454/2454/2454 2450/2450/2450 2449/2449/2449
f 2453/2453/2453 2454/2454/2454 2449/2449/2449
f 2455/2455/2455 2451/2451/2451 2450/2450/2450
f 2455/2455/2455 2452/2452/2452 2451/2451/2451
f 2454/2454/2454 2455/2455/2455 2450/2450/2450
f 2456/2456/2456 2296/2296/2296 2452/2452/2452
f 2456/2456/2456 2452/2452/2452 2455/2455/2455
f 2294/2294/2294 2296/2296/2296 2456/2456/2456
f 2453/2453/2453 1059/1059/1059 2457/2457/2457
f 1059/1059/1059 1065/1065/1065 2457/2457/2457
f 2458/2458/2458 2454/2454/2454 2453/2453/2453
f 2457/2457/2457 2458/2458/2458 2453/2453/2453
f 2459/2459/2459 2455/2455/2455 2454/2454/2454
f 2459/2459/2459 2456/2456/2456 2455/2455/2455
f 2458/2458/2458 2459/2459/2459 2454/2454/2454
f 2460/2460/2460 2294/2294/2294 2456/2456/2456
f 2460/2460/2460 2456/2456/2456 2459/2459/2459
f 2292/2292/2292 2294/2294/2294 2460/2460/2460
f 2457/2457/2457 1065/1065/1065 2461/2461/2461
f 1065/1065/1065 1071/1071/1071 2461/2461/2461
f 2462/2462/2462 2458/2458/2458 2457/2457/2457
f 2461/2461/2461 2462/2462/2462 2457/2457/2457
f 2463/2463/2463 2459/2459/2459 2458/2458/2458
f 2463/2463/2463 2460/2460/2460 2459/2459/2459
f 2462/2462/2462 2463/2463/2463 2458/2458/2458
f 2464/2464/2464 2292/2292/2292 2460/2460/2460
f 2464/2464/2464 2460/2460/2460 2463/2463/2463
f 2290/2290/2290 2292/2292/2292 2464/2464/2464
f 2461/2461/2461 1071/1071/1071 2465/2465/2465
f 1071/1071/1071 1077/1077/1077 2465/2465/2465
f 2466/2466/2466 2462/2462/2462 2461/2461/2461
f 2465/2465/2465 2466/2466/2466 2461/2461/2461
f 2467/2467/2467 2463/2463/2463 2462/2462/2462
f 2467/2467/2467 2464/2464/2464 2463/2463/2463
f 2466/2466/2466 2467/2467/2467 2462/2462/2462
f 2468/2468/2468 2290/2290/2290 2464/2464/2464
f 2468/2468/2468 2464/2464/2464 2467/2467/2467
f 2288/2288/2288 2290/2290/2290 2468/2468/2468
f 2469/2469/2469 2467/2467/2467 2466/2466/2466
f 2469/2469/2469 2468/2468/2468 2467/2467/2467
f 2470/2470/2470 2288/2288/2288 2468/2468/2468
f 2470/2470/2470 2468/2468/2468 2469/2469/2469
f 2286/2286/2286 2288/2288/2288 2470/2470/2470
f 2471/2471/2471 2466/2466/2466 2465/2465/2465
f 2471/2471/2471 2469/2469/2469 2466/2466/2466
f 2465/2465/2465 1077/1077/1077 2472/2472/2472
f 2472/2472/2472 2471/2471/2471 2465/2465/2465
f 2473/2473/2473 2470/2470/2470 2469/2469/2469
f 2473/2473/2473 2469/2469/2469 2471/2471/2471
f 2474/2474/2474 2286/2286/2286 2470/2470/2470
f 2474/2474/2474 2470/2470/2470 2473/2473/2473
f 2284/2284/2284 2286/2286/2286 2474/2474/2474
f 2475/2475/2475 2473/2473/2473 2471/2471/2471
f 2475/2475/2475 2471/2471/2471 2472/2472/2472
f 1077/1077/1077 2476/2476/2476 2472/2472/2472
f 2476/2476/2476 1077/1077/1077 1072/1072/1072
f 1078/1078/1078 2476/2476/2476 1072/1072/1072
f 2477/2477/2477 2474/2474/2474 2473/2473/2473
f 2477/2477/2477 2473/2473/2473 2475/2475/2475
f 2478/2478/2478 2284/2284/2284 2474/2474/2474
f 2478/2478/2478 2474/2474/2474 2477/2477/2477
f 2279/2279/2279 2284/2284/2284 2478/2478/2478
f 2472/2472/2472 2476/2476/2476 2479/2479/2479
f 2479/2479/2479 2475/2475/2475 2472/2472/2472
f 2480/2480/2480 2476/2476/2476 1078/1078/1078
f 2476/2476/2476 2480/2480/2480 2479/2479/2479
f 2481/2481/2481 2477/2477/2477 2475/2475/2475
f 2481/2481/2481 2475/2475/2475 2479/2479/2479
f 2482/2482/2482 2478/2478/2478 2477/2477/2477
f 2482/2482/2482 2477/2477/2477 2481/2481/2481
f 2483/2483/2483 2279/2279/2279 2478/2478/2478
f 2483/2483/2483 2478/2478/2478 2482/2482/2482
f 2277/2277/2277 2279/2279/2279 2483/2483/2483
f 2484/2484/2484 2481/2481/2481 2479/2479/2479
f 2479/2479/2479 2480/2480/2480 2484/2484/2484
f 2485/2485/2485 2480/2480/2480 1078/1078/1078
f 2485/2485/2485 1078/1078/1078 1073/1073/1073
f 1079/1079/1079 2485/2485/2485 1073/1073/1073
f 2486/2486/2486 2482/2482/2482 2481/2481/2481
f 2486/2486/2486 2481/2481/2481 2484/2484/2484
f 2487/2487/2487 2483/2483/2483 2482/2482/2482
f 2487/2487/2487 2482/2482/2482 2486/2486/2486
f 2488/2488/2488 2277/2277/2277 2483/2483/2483
f 2488/2488/2488 2483/2483/2483 2487/2487/2487
f 2275/2275/2275 2277/2277/2277 2488/2488/2488
f 2480/2480/2480 2489/2489/2489 2484/2484/2484
f 2489/2489/2489 2480/2480/2480 2485/2485/2485
f 2490/2490/2490 2485/2485/2485 1079/1079/1079
f 2490/2490/2490 2489/2489/2489 2485/2485/2485
f 1089/1089/1089 2490/2490/2490 1079/1079/1079
f 2491/2491/2491 2486/2486/2486 2484/2484/2484
f 2484/2484/2484 2489/2489/2489 2491/2491/2491
f 2492/2492/2492 2487/2487/2487 2486/2486/2486
f 2492/2492/2492 2486/2486/2486 2491/2491/2491
f 2493/2493/2493 2275/2275/2275 2488/2488/2488
f 2273/2273/2273 2275/2275/2275 2493/2493/2493
f 2494/2494/2494 2488/2488/2488 2487/2487/2487
f 2494/2494/2494 2487/2487/2487 2492/2492/2492
f 2493/2493/2493 2488/2488/2488 2494/2494/2494
f 2495/2495/2495 2490/2490/2490 1089/1089/1089
f 1093/1093/1093 2495/2495/2495 1089/1089/1089
f 2496/2496/2496 2489/2489/2489 2490/2490/2490
f 2489/2489/2489 2496/2496/2496 2491/2491/2491
f 2495/2495/2495 2496/2496/2496 2490/2490/2490
f 2497/2497/2497 2273/2273/2273 2493/2493/2493
f 2271/2271/2271 2273/2273/2273 2497/2497/2497
f 2498/2498/2498 2492/2492/2492 2491/2491/2491
f 2491/2491/2491 2496/2496/2496 2498/2498/2498
f 2499/2499/2499 2493/2493/2493 2494/2494/2494
f 2497/2497/2497 2493/2493/2493 2499/2499/2499
f 2500/2500/2500 2494/2494/2494 2492/2492/2492
f 2500/2500/2500 2492/2492/2492 2498/2498/2498
f 2499/2499/2499 2494/2494/2494 2500/2500/2500
f 2501/2501/2501 2495/2495/2495 1093/1093/1093
f 1097/1097/1097 2501/2501/2501 1093/1093/1093
f 2502/2502/2502 2496/2496/2496 2495/2495/2495
f 2496/2496/2496 2502/2502/2502 2498/2498/2498
f 2501/2501/2501 2502/2502/2502 2495/2495/2495
f 2503/2503/2503 2271/2271/2271 2497/2497/2497
f 2269/2269/2269 2271/2271/2271 2503/2503/2503
f 2504/2504/2504 2500/2500/2500 2498/2498/2498
f 2498/2498/2498 2502/2502/2502 2504/2504/2504
f 2505/2505/2505 2499/2499/2499 2500/2500/2500
f 2505/2505/2505 2500/2500/2500 2504/2504/2504
f 2506/2506/2506 2497/2497/2497 2499/2499/2499
f 2503/2503/2503 2497/2497/2497 2506/2506/2506
f 2506/2506/2506 2499/2499/2499 2505/2505/2505
f 2507/2507/2507 2501/2501/2501 1097/1097/1097
f 1101/1101/1101 2507/2507/2507 1097/1097/1097
f 2508/2508/2508 2502/2502/2502 2501/2501/2501
f 2502/2502/2502 2508/2508/2508 2504/2504/2504
f 2507/2507/2507 2508/2508/2508 2501/2501/2501
f 2509/2509/2509 2269/2269/2269 2503/2503/2503
f 2260/2260/2260 2269/2269/2269 2509/2509/2509
f 2510/2510/2510 2505/2505/2505 2504/2504/2504
f 2504/2504/2504 2508/2508/2508 2510/2510/2510
f 2511/2511/2511 2506/2506/2506 2505/2505/2505
f 2511/2511/2511 2505/2505/2505 2510/2510/2510
f 2512/2512/2512 2503/2503/2503 2506/2506/2506
f 2509/2509/2509 2503/2503/2503 2512/2512/2512
f 2512/2512/2512 2506/2506/2506 2511/2511/2511
f 2513/2513/2513 2507/2507/2507 1101/1101/1101
f 1105/1105/1105 2513/2513/2513 1101/1101/1101
f 2514/2514/2514 2508/2508/2508 2507/2507/2507
f 2508/2508/2508 2514/2514/2514 2510/2510/2510
f 2513/2513/2513 2514/2514/2514 2507/2507/2507
f 2515/2515/2515 2260/2260/2260 2509/2509/2509
f 2258/2258/2258 2260/2260/2260 2515/2515/2515
f 2516/2516/2516 2511/2511/2511 2510/2510/2510
f 2510/2510/2510 2514/2514/2514 2516/2516/2516
f 2517/2517/2517 2512/2512/2512 2511/2511/2511
f 2517/2517/2517 2511/2511/2511 2516/2516/2516
f 2518/2518/2518 2509/2509/2509 2512/2512/2512
f 2515/2515/2515 2509/2509/2509 2518/2518/2518
f 2518/2518/2518 2512/2512/2512 2517/2517/2517
f 2519/2519/2519 2513/2513/2513 1105/1105/1105
f 1109/1109/1109 2519/2519/2519 1105/1105/1105
f 2520/2520/2520 2514/2514/2514 2513/2513/2513
f 2514/2514/2514 2520/2520/2520 2516/2516/2516
f 2519/2519/2519 2520/2520/2520 2513/2513/2513
f 2521/2521/2521 2258/2258/2258 2515/2515/2515
f 2256/2256/2256 2258/2258/2258 2521/2521/2521
f 2522/2522/2522 2515/2515/2515 2518/2518/2518
f 2521/2521/2521 2515/2515/2515 2523/2523/2523
f 2522/2522/2522 2518/2518/2518 2524/2524/2524
f 2524/2524/2524 2518/2518/2518 2517/2517/2517
f 2525/2525/2525 2522/2522/2522 2524/2524/2524
f 2526/2526/2526 2517/2517/2517 2516/2516/2516
f 2516/2516/2516 2520/2520/2520 2526/2526/2526
f 2524/2524/2524 2517/2517/2517 2526/2526/2526
f 2525/2525/2525 2524/2524/2524 2527/2527/2527
f 2527/2527/2527 2524/2524/2524 2526/2526/2526
f 2528/2528/2528 2525/2525/2525 2527/2527/2527
f 2520/2520/2520 2529/2529/2529 2526/2526/2526
f 2526/2526/2526 2529/2529/2529 2527/2527/2527
f 2529/2529/2529 2520/2520/2520 2519/2519/2519
f 2527/2527/2527 2530/2530/2530 2528/2528/2528
f 2529/2529/2529 2530/2530/2530 2527/2527/2527
f 2530/2530/2530 2531/2531/2531 2528/2528/2528
f 2532/2532/2532 2529/2529/2529 2519/2519/2519
f 2530/2530/2530 2529/2529/2529 2532/2532/2532
f 2532/2532/2532 2519/2519/2519 1109/1109/1109
f 1119/1119/1119 2532/2532/2532 1109/1109/1109
f 2531/2531/2531 2530/2530/2530 2533/2533/2533
f 2533/2533/2533 2530/2530/2530 2532/2532/2532
f 2533/2533/2533 2532/2532/2532 1119/1119/1119
f 2534/2534/2534 2531/2531/2531 2533/2533/2533
f 2535/2535/2535 2533/2533/2533 1119/1119/1119
f 2534/2534/2534 2533/2533/2533 2535/2535/2535
f 2535/2535/2535 1119/1119/1119 1108/1108/1108
f 2536/2536/2536 2534/2534/2534 2535/2535/2535
f 2537/2537/2537 2535/2535/2535 1108/1108/1108
f 2536/2536/2536 2535/2535/2535 2537/2537/2537
f 2537/2537/2537 1108/1108/1108 1102/1102/1102
f 1106/1106/1106 2537/2537/2537 1102/1102/1102
f 2538/2538/2538 2536/2536/2536 2537/2537/2537
f 2538/2538/2538 2537/2537/2537 1106/1106/1106
f 1110/1110/1110 2538/2538/2538 1106/1106/1106
f 2539/2539/2539 2538/2538/2538 1110/1110/1110
f 1120/1120/1120 2539/2539/2539 1110/1110/1110
f 2539/2539/2539 2540/2540/2540 2538/2538/2538
f 2540/2540/2540 2541/2541/2541 2538/2538/2538
f 2542/2542/2542 2539/2539/2539 1120/1120/1120
f 1122/1122/1122 2542/2542/2542 1120/1120/1120
f 2540/2540/2540 2543/2543/2543 2541/2541/2541
f 2543/2543/2543 2544/2544/2544 2541/2541/2541
f 2545/2545/2545 2540/2540/2540 2539/2539/2539
f 2542/2542/2542 2545/2545/2545 2539/2539/2539
f 2546/2546/2546 2542/2542/2542 1122/1122/1122
f 1124/1124/1124 2546/2546/2546 1122/1122/1122
f 2543/2543/2543 2547/2547/2547 2544/2544/2544
f 2547/2547/2547 2548/2548/2548 2544/2544/2544
f 2549/2549/2549 2543/2543/2543 2540/2540/2540
f 2545/2545/2545 2549/2549/2549 2540/2540/2540
f 2550/2550/2550 2545/2545/2545 2542/2542/2542
f 2546/2546/2546 2550/2550/2550 2542/2542/2542
f 2551/2551/2551 2546/2546/2546 1124/1124/1124
f 1126/1126/1126 2551/2551/2551 1124/1124/1124
f 2548/2548/2548 2547/2547/2547 2552/2552/2552
f 2553/2553/2553 2548/2548/2548 2552/2552/2552
f 2554/2554/2554 2547/2547/2547 2543/2543/2543
f 2549/2549/2549 2554/2554/2554 2543/2543/2543
f 2555/2555/2555 2549/2549/2549 2545/2545/2545
f 2550/2550/2550 2555/2555/2555 2545/2545/2545
f 2556/2556/2556 2550/2550/2550 2546/2546/2546
f 2551/2551/2551 2556/2556/2556 2546/2546/2546
f 2557/2557/2557 2551/2551/2551 1126/1126/1126
f 1128/1128/1128 2557/2557/2557 1126/1126/1126
f 2552/2552/2552 2547/2547/2547 2558/2558/2558
f 2547/2547/2547 2554/2554/2554 2558/2558/2558
f 2552/2552/2552 2559/2559/2559 2553/2553/2553
f 2559/2559/2559 2560/2560/2560 2553/2553/2553
f 2561/2561/2561 2555/2555/2555 2550/2550/2550
f 2556/2556/2556 2561/2561/2561 2550/2550/2550
f 2562/2562/2562 2556/2556/2556 2551/2551/2551
f 2557/2557/2557 2562/2562/2562 2551/2551/2551
f 2563/2563/2563 2557/2557/2557 1128/1128/1128
f 1130/1130/1130 2563/2563/2563 1128/1128/1128
f 2564/2564/2564 2559/2559/2559 2552/2552/2552
f 2558/2558/2558 2564/2564/2564 2552/2552/2552
f 2559/2559/2559 2565/2565/2565 2560/2560/2560
f 2565/2565/2565 2523/2523/2523 2560/2560/2560
f 2565/2565/2565 2521/2521/2521 2523/2523/2523
f 2566/2566/2566 2565/2565/2565 2559/2559/2559
f 2564/2564/2564 2566/2566/2566 2559/2559/2559
f 2567/2567/2567 2521/2521/2521 2565/2565/2565
f 2566/2566/2566 2567/2567/2567 2565/2565/2565
f 2567/2567/2567 2256/2256/2256 2521/2521/2521
f 2254/2254/2254 2256/2256/2256 2567/2567/2567
f 2568/2568/2568 2254/2254/2254 2567/2567/2567
f 2568/2568/2568 2567/2567/2567 2566/2566/2566
f 2252/2252/2252 2254/2254/2254 2568/2568/2568
f 2569/2569/2569 2566/2566/2566 2564/2564/2564
f 2569/2569/2569 2568/2568/2568 2566/2566/2566
f 2570/2570/2570 2252/2252/2252 2568/2568/2568
f 2570/2570/2570 2568/2568/2568 2569/2569/2569
f 2250/2250/2250 2252/2252/2252 2570/2570/2570
f 2571/2571/2571 2564/2564/2564 2558/2558/2558
f 2571/2571/2571 2569/2569/2569 2564/2564/2564
f 2572/2572/2572 2570/2570/2570 2569/2569/2569
f 2572/2572/2572 2569/2569/2569 2571/2571/2571
f 2573/2573/2573 2250/2250/2250 2570/2570/2570
f 2573/2573/2573 2570/2570/2570 2572/2572/2572
f 2248/2248/2248 2250/2250/2250 2573/2573/2573
f 2574/2574/2574 2571/2571/2571 2558/2558/2558
f 2558/2558/2558 2554/2554/2554 2574/2574/2574
f 2575/2575/2575 2572/2572/2572 2571/2571/2571
f 2575/2575/2575 2571/2571/2571 2574/2574/2574
f 2576/2576/2576 2573/2573/2573 2572/2572/2572
f 2576/2576/2576 2572/2572/2572 2575/2575/2575
f 2577/2577/2577 2248/2248/2248 2573/2573/2573
f 2577/2577/2577 2573/2573/2573 2576/2576/2576
f 2246/2246/2246 2248/2248/2248 2577/2577/2577
f 2554/2554/2554 2578/2578/2578 2574/2574/2574
f 2578/2578/2578 2554/2554/2554 2549/2549/2549
f 2555/2555/2555 2578/2578/2578 2549/2549/2549
f 2579/2579/2579 2575/2575/2575 2574/2574/2574
f 2574/2574/2574 2578/2578/2578 2579/2579/2579
f 2580/2580/2580 2578/2578/2578 2555/2555/2555
f 2578/2578/2578 2580/2580/2580 2579/2579/2579
f 2561/2561/2561 2580/2580/2580 2555/2555/2555
f 2581/2581/2581 2576/2576/2576 2575/2575/2575
f 2581/2581/2581 2575/2575/2575 2579/2579/2579
f 2582/2582/2582 2577/2577/2577 2576/2576/2576
f 2582/2582/2582 2576/2576/2576 2581/2581/2581
f 2583/2583/2583 2246/2246/2246 2577/2577/2577
f 2583/2583/2583 2577/2577/2577 2582/2582/2582
f 2244/2244/2244 2246/2246/2246 2583/2583/2583
f 2579/2579/2579 2580/2580/2580 2584/2584/2584
f 2584/2584/2584 2581/2581/2581 2579/2579/2579
f 2585/2585/2585 2580/2580/2580 2561/2561/2561
f 2580/2580/2580 2585/2585/2585 2584/2584/2584
f 2586/2586/2586 2582/2582/2582 2581/2581/2581
f 2586/2586/2586 2581/2581/2581 2584/2584/2584
f 2587/2587/2587 2583/2583/2583 2582/2582/2582
f 2587/2587/2587 2582/2582/2582 2586/2586/2586
f 2588/2588/2588 2244/2244/2244 2583/2583/2583
f 2588/2588/2588 2583/2583/2583 2587/2587/2587
f 2242/2242/2242 2244/2244/2244 2588/2588/2588
f 2589/2589/2589 2586/2586/2586 2584/2584/2584
f 2584/2584/2584 2585/2585/2585 2589/2589/2589
f 2590/2590/2590 2585/2585/2585 2561/2561/2561
f 2590/2590/2590 2561/2561/2561 2556/2556/2556
f 2562/2562/2562 2590/2590/2590 2556/2556/2556
f 2591/2591/2591 2587/2587/2587 2586/2586/2586
f 2591/2591/2591 2586/2586/2586 2589/2589/2589
f 2592/2592/2592 2588/2588/2588 2587/2587/2587
f 2592/2592/2592 2587/2587/2587 2591/2591/2591
f 2593/2593/2593 2242/2242/2242 2588/2588/2588
f 2593/2593/2593 2588/2588/2588 2592/2592/2592
f 2240/2240/2240 2242/2242/2242 2593/2593/2593
f 2585/2585/2585 2594/2594/2594 2589/2589/2589
f 2594/2594/2594 2585/2585/2585 2590/2590/2590
f 2595/2595/2595 2590/2590/2590 2562/2562/2562
f 2595/2595/2595 2594/2594/2594 2590/2590/2590
f 2596/2596/2596 2591/2591/2591 2589/2589/2589
f 2589/2589/2589 2594/2594/2594 2596/2596/2596
f 2597/2597/2597 2592/2592/2592 2591/2591/2591
f 2597/2597/2597 2591/2591/2591 2596/2596/2596
f 2598/2598/2598 2593/2593/2593 2592/2592/2592
f 2598/2598/2598 2592/2592/2592 2597/2597/2597
f 2599/2599/2599 2240/2240/2240 2593/2593/2593
f 2599/2599/2599 2593/2593/2593 2598/2598/2598
f 2238/2238/2238 2240/2240/2240 2599/2599/2599
f 2594/2594/2594 2600/2600/2600 2596/2596/2596
f 2600/2600/2600 2594/2594/2594 2595/2595/2595
f 2601/2601/2601 2595/2595/2595 2562/2562/2562
f 2601/2601/2601 2562/2562/2562 2557/2557/2557
f 2563/2563/2563 2601/2601/2601 2557/2557/2557
f 2602/2602/2602 2597/2597/2597 2596/2596/2596
f 2596/2596/2596 2600/2600/2600 2602/2602/2602
f 2603/2603/2603 2598/2598/2598 2597/2597/2597
f 2603/2603/2603 2597/2597/2597 2602/2602/2602
f 2604/2604/2604 2599/2599/2599 2598/2598/2598
f 2604/2604/2604 2598/2598/2598 2603/2603/2603
f 2605/2605/2605 2238/2238/2238 2599/2599/2599
f 2605/2605/2605 2599/2599/2599 2604/2604/2604
f 2236/2236/2236 2238/2238/2238 2605/2605/2605
f 2606/2606/2606 2595/2595/2595 2601/2601/2601
f 2606/2606/2606 2600/2600/2600 2595/2595/2595
f 2607/2607/2607 2601/2601/2601 2563/2563/2563
f 2607/2607/2607 2606/2606/2606 2601/2601/2601
f 2600/2600/2600 2608/2608/2608 2602/2602/2602
f 2608/2608/2608 2600/2600/2600 2606/2606/2606
f 2609/2609/2609 2603/2603/2603 2602/2602/2602
f 2602/2602/2602 2608/2608/2608 2609/2609/2609
f 2610/2610/2610 2604/2604/2604 2603/2603/2603
f 2610/2610/2610 2603/2603/2603 2609/2609/2609
f 2611/2611/2611 2605/2605/2605 2604/2604/2604
f 2611/2611/2611 2604/2604/2604 2610/2610/2610
f 2612/2612/2612 2236/2236/2236 2605/2605/2605
f 2612/2612/2612 2605/2605/2605 2611/2611/2611
f 2234/2234/2234 2236/2236/2236 2612/2612/2612
f 2613/2613/2613 2608/2608/2608 2606/2606/2606
f 2613/2613/2613 2606/2606/2606 2607/2607/2607
f 2608/2608/2608 2614/2614/2614 2609/2609/2609
f 2614/2614/2614 2608/2608/2608 2613/2613/2613
f 2615/2615/2615 2610/2610/2610 2609/2609/2609
f 2609/2609/2609 2614/2614/2614 2615/2615/2615
f 2616/2616/2616 2611/2611/2611 2610/2610/2610
f 2616/2616/2616 2610/2610/2610 2615/2615/2615
f 2617/2617/2617 2612/2612/2612 2611/2611/2611
f 2617/2617/2617 2611/2611/2611 2616/2616/2616
f 2618/2618/2618 2234/2234/2234 2612/2612/2612
f 2618/2618/2618 2612/2612/2612 2617/2617/2617
f 2232/2232/2232 2234/2234/2234 2618/2618/2618
f 2619/2619/2619 2232/2232/2232 2618/2618/2618
f 2230/2230/2230 2232/2232/2232 2619/2619/2619
f 2620/2620/2620 2618/2618/2618 2617/2617/2617
f 2619/2619/2619 2618/2618/2618 2620/2620/2620
f 2621/2621/2621 2617/2617/2617 2616/2616/2616
f 2620/2620/2620 2617/2617/2617 2621/2621/2621
f 2622/2622/2622 2616/2616/2616 2615/2615/2615
f 2621/2621/2621 2616/2616/2616 2622/2622/2622
f 2614/2614/2614 2623/2623/2623 2615/2615/2615
f 2615/2615/2615 2623/2623/2623 2622/2622/2622
f 2624/2624/2624 2230/2230/2230 2619/2619/2619
f 2228/2228/2228 2230/2230/2230 2624/2624/2624
f 2625/2625/2625 2619/2619/2619 2620/2620/2620
f 2624/2624/2624 2619/2619/2619 2625/2625/2625
f 2626/2626/2626 2620/2620/2620 2621/2621/2621
f 2625/2625/2625 2620/2620/2620 2626/2626/2626
f 2627/2627/2627 2621/2621/2621 2622/2622/2622
f 2626/2626/2626 2621/2621/2621 2627/2627/2627
f 2628/2628/2628 2228/2228/2228 2624/2624/2624
f 2226/2226/2226 2228/2228/2228 2628/2628/2628
f 2629/2629/2629 2624/2624/2624 2625/2625/2625
f 2628/2628/2628 2624/2624/2624 2629/2629/2629
f 2630/2630/2630 2625/2625/2625 2626/2626/2626
f 2629/2629/2629 2625/2625/2625 2630/2630/2630
f 2631/2631/2631 2226/2226/2226 2628/2628/2628
f 2224/2224/2224 2226/2226/2226 2631/2631/2631
f 2632/2632/2632 2628/2628/2628 2629/2629/2629
f 2631/2631/2631 2628/2628/2628 2632/2632/2632
f 2633/2633/2633 2224/2224/2224 2631/2631/2631
f 2222/2222/2222 2224/2224/2224 2633/2633/2633
f 2622/2622/2622 2634/2634/2634 2627/2627/2627
f 2623/2623/2623 2634/2634/2634 2622/2622/2622
f 2635/2635/2635 2626/2626/2626 2627/2627/2627
f 2630/2630/2630 2626/2626/2626 2635/2635/2635
f 2636/2636/2636 2629/2629/2629 2630/2630/2630
f 2632/2632/2632 2629/2629/2629 2636/2636/2636
f 2637/2637/2637 2631/2631/2631 2632/2632/2632
f 2633/2633/2633 2631/2631/2631 2637/2637/2637
f 2638/2638/2638 2222/2222/2222 2633/2633/2633
f 2220/2220/2220 2222/2222/2222 2638/2638/2638
f 2634/2634/2634 2639/2639/2639 2627/2627/2627
f 2627/2627/2627 2639/2639/2639 2635/2635/2635
f 2640/2640/2640 2630/2630/2630 2635/2635/2635
f 2636/2636/2636 2630/2630/2630 2640/2640/2640
f 2641/2641/2641 2632/2632/2632 2636/2636/2636
f 2637/2637/2637 2632/2632/2632 2641/2641/2641
f 2642/2642/2642 2633/2633/2633 2637/2637/2637
f 2638/2638/2638 2633/2633/2633 2642/2642/2642
f 2643/2643/2643 2220/2220/2220 2638/2638/2638
f 2218/2218/2218 2220/2220/2220 2643/2643/2643
f 2639/2639/2639 2644/2644/2644 2635/2635/2635
f 2635/2635/2635 2644/2644/2644 2640/2640/2640
f 2645/2645/2645 2636/2636/2636 2640/2640/2640
f 2641/2641/2641 2636/2636/2636 2645/2645/2645
f 2646/2646/2646 2637/2637/2637 2641/2641/2641
f 2642/2642/2642 2637/2637/2637 2646/2646/2646
f 2647/2647/2647 2638/2638/2638 2642/2642/2642
f 2643/2643/2643 2638/2638/2638 2647/2647/2647
f 2648/2648/2648 2218/2218/2218 2643/2643/2643
f 2216/2216/2216 2218/2218/2218 2648/2648/2648
f 2644/2644/2644 2649/2649/2649 2640/2640/2640
f 2640/2640/2640 2649/2649/2649 2645/2645/2645
f 2650/2650/2650 2641/2641/2641 2645/2645/2645
f 2646/2646/2646 2641/2641/2641 2650/2650/2650
f 2651/2651/2651 2642/2642/2642 2646/2646/2646
f 2647/2647/2647 2642/2642/2642 2651/2651/2651
f 2652/2652/2652 2643/2643/2643 2647/2647/2647
f 2648/2648/2648 2643/2643/2643 2652/2652/2652
f 2653/2653/2653 2216/2216/2216 2648/2648/2648
f 2214/2214/2214 2216/2216/2216 2653/2653/2653
f 2649/2649/2649 2654/2654/2654 2645/2645/2645
f 2645/2645/2645 2654/2654/2654 2650/2650/2650
f 2655/2655/2655 2646/2646/2646 2650/2650/2650
f 2651/2651/2651 2646/2646/2646 2655/2655/2655
f 2656/2656/2656 2647/2647/2647 2651/2651/2651
f 2652/2652/2652 2647/2647/2647 2656/2656/2656
f 2657/2657/2657 2648/2648/2648 2652/2652/2652
f 2653/2653/2653 2648/2648/2648 2657/2657/2657
f 2658/2658/2658 2214/2214/2214 2653/2653/2653
f 2212/2212/2212 2214/2214/2214 2658/2658/2658
f 2654/2654/2654 2659/2659/2659 2650/2650/2650
f 2650/2650/2650 2659/2659/2659 2655/2655/2655
f 2660/2660/2660 2651/2651/2651 2655/2655/2655
f 2656/2656/2656 2651/2651/2651 2660/2660/2660
f 2661/2661/2661 2652/2652/2652 2656/2656/2656
f 2657/2657/2657 2652/2652/2652 2661/2661/2661
f 2662/2662/2662 2653/2653/2653 2657/2657/2657
f 2658/2658/2658 2653/2653/2653 2662/2662/2662
f 2663/2663/2663 2212/2212/2212 2658/2658/2658
f 2210/2210/2210 2212/2212/2212 2663/2663/2663
f 2659/2659/2659 2664/2664/2664 2655/2655/2655
f 2655/2655/2655 2664/2664/2664 2660/2660/2660
f 2665/2665/2665 2656/2656/2656 2660/2660/2660
f 2661/2661/2661 2656/2656/2656 2665/2665/2665
f 2666/2666/2666 2657/2657/2657 2661/2661/2661
f 2662/2662/2662 2657/2657/2657 2666/2666/2666
f 2667/2667/2667 2658/2658/2658 2662/2662/2662
f 2663/2663/2663 2658/2658/2658 2667/2667/2667
f 2668/2668/2668 2210/2210/2210 2663/2663/2663
f 2208/2208/2208 2210/2210/2210 2668/2668/2668
f 2664/2664/2664 2669/2669/2669 2660/2660/2660
f 2660/2660/2660 2669/2669/2669 2665/2665/2665
f 2670/2670/2670 2661/2661/2661 2665/2665/2665
f 2666/2666/2666 2661/2661/2661 2670/2670/2670
f 2671/2671/2671 2662/2662/2662 2666/2666/2666
f 2667/2667/2667 2662/2662/2662 2671/2671/2671
f 2672/2672/2672 2663/2663/2663 2667/2667/2667
f 2668/2668/2668 2663/2663/2663 2672/2672/2672
f 2673/2673/2673 2208/2208/2208 2668/2668/2668
f 2206/2206/2206 2208/2208/2208 2673/2673/2673
f 2669/2669/2669 2674/2674/2674 2665/2665/2665
f 2665/2665/2665 2674/2674/2674 2670/2670/2670
f 2675/2675/2675 2666/2666/2666 2670/2670/2670
f 2671/2671/2671 2666/2666/2666 2675/2675/2675
f 2676/2676/2676 2667/2667/2667 2671/2671/2671
f 2672/2672/2672 2667/2667/2667 2676/2676/2676
f 2677/2677/2677 2668/2668/2668 2672/2672/2672
f 2673/2673/2673 2668/2668/2668 2677/2677/2677
f 2678/2678/2678 2206/2206/2206 2673/2673/2673
f 2204/2204/2204 2206/2206/2206 2678/2678/2678
f 2674/2674/2674 2679/2679/2679 2670/2670/2670
f 2670/2670/2670 2679/2679/2679 2675/2675/2675
f 2680/2680/2680 2671/2671/2671 2675/2675/2675
f 2676/2676/2676 2671/2671/2671 2680/2680/2680
f 2681/2681/2681 2672/2672/2672 2676/2676/2676
f 2677/2677/2677 2672/2672/2672 2681/2681/2681
f 2682/2682/2682 2673/2673/2673 2677/2677/2677
f 2678/2678/2678 2673/2673/2673 2682/2682/2682
f 2683/2683/2683 2204/2204/2204 2678/2678/2678
f 2202/2202/2202 2204/2204/2204 2683/2683/2683
f 2679/2679/2679 2684/2684/2684 2675/2675/2675
f 2675/2675/2675 2684/2684/2684 2680/2680/2680
f 2685/2685/2685 2676/2676/2676 2680/2680/2680
f 2681/2681/2681 2676/2676/2676 2685/2685/2685
f 2686/2686/2686 2677/2677/2677 2681/2681/2681
f 2682/2682/2682 2677/2677/2677 2686/2686/2686
f 2687/2687/2687 2678/2678/2678 2682/2682/2682
f 2683/2683/2683 2678/2678/2678 2687/2687/2687
f 2688/2688/2688 2202/2202/2202 2683/2683/2683
f 2200/2200/2200 2202/2202/2202 2688/2688/2688
f 2684/2684/2684 2689/2689/2689 2680/2680/2680
f 2680/2680/2680 2689/2689/2689 2685/2685/2685
f 2690/2690/2690 2681/2681/2681 2685/2685/2685
f 2686/2686/2686 2681/2681/2681 2690/2690/2690
f 2691/2691/2691 2682/2682/2682 2686/2686/2686
f 2687/2687/2687 2682/2682/2682 2691/2691/2691
f 2692/2692/2692 2683/2683/2683 2687/2687/2687
f 2688/2688/2688 2683/2683/2683 2692/2692/2692
f 2693/2693/2693 2200/2200/2200 2688/2688/2688
f 2198/2198/2198 2200/2200/2200 2693/2693/2693
f 2689/2689/2689 2694/2694/2694 2685/2685/2685
f 2685/2685/2685 2694/2694/2694 2690/2690/2690
f 2695/2695/2695 2686/2686/2686 2690/2690/2690
f 2691/2691/2691 2686/2686/2686 2695/2695/2695
f 2696/2696/2696 2687/2687/2687 2691/2691/2691
f 2692/2692/2692 2687/2687/2687 2696/2696/2696
f 2697/2697/2697 2688/2688/2688 2692/2692/2692
f 2693/2693/2693 2688/2688/2688 2697/2697/2697
f 2698/2698/2698 2198/2198/2198 2693/2693/2693
f 2196/2196/2196 2198/2198/2198 2698/2698/2698
f 2694/2694/2694 2699/2699/2699 2690/2690/2690
f 2690/2690/2690 2699/2699/2699 2695/2695/2695
f 2700/2700/2700 2691/2691/2691 2695/2695/2695
f 2696/2696/2696 2691/2691/2691 2700/2700/2700
f 2701/2701/2701 2692/2692/2692 2696/2696/2696
f 2697/2697/2697 2692/2692/2692 2701/2701/2701
f 2702/2702/2702 2693/2693/2693 2697/2697/2697
f 2698/2698/2698 2693/2693/2693 2702/2702/2702
f 2703/2703/2703 2196/2196/2196 2698/2698/2698
f 2194/2194/2194 2196/2196/2196 2703/2703/2703
f 2699/2699/2699 2704/2704/2704 2695/2695/2695
f 2695/2695/2695 2704/2704/2704 2700/2700/2700
f 2705/2705/2705 2696/2696/2696 2700/2700/2700
f 2701/2701/2701 2696/2696/2696 2705/2705/2705
f 2706/2706/2706 2697/2697/2697 2701/2701/2701
f 2702/2702/2702 2697/2697/2697 2706/2706/2706
f 2707/2707/2707 2698/2698/2698 2702/2702/2702
f 2703/2703/2703 2698/2698/2698 2707/2707/2707
f 2708/2708/2708 2194/2194/2194 2703/2703/2703
f 2191/2191/2191 2194/2194/2194 2708/2708/2708
f 2704/2704/2704 2709/2709/2709 2700/2700/2700
f 2700/2700/2700 2709/2709/2709 2705/2705/2705
f 2710/2710/2710 2701/2701/2701 2705/2705/2705
f 2706/2706/2706 2701/2701/2701 2710/2710/2710
f 2711/2711/2711 2702/2702/2702 2706/2706/2706
f 2707/2707/2707 2702/2702/2702 2711/2711/2711
f 2712/2712/2712 2703/2703/2703 2707/2707/2707
f 2708/2708/2708 2703/2703/2703 2712/2712/2712
f 2713/2713/2713 2191/2191/2191 2708/2708/2708
f 2189/2189/2189 2191/2191/2191 2713/2713/2713
f 2709/2709/2709 2714/2714/2714 2705/2705/2705
f 2705/2705/2705 2714/2714/2714 2710/2710/2710
f 2715/2715/2715 2706/2706/2706 2710/2710/2710
f 2711/2711/2711 2706/2706/2706 2715/2715/2715
f 2716/2716/2716 2707/2707/2707 2711/2711/2711
f 2712/2712/2712 2707/2707/2707 2716/2716/2716
f 2717/2717/2717 2708/2708/2708 2712/2712/2712
f 2713/2713/2713 2708/2708/2708 2717/2717/2717
f 2718/2718/2718 2189/2189/2189 2713/2713/2713
f 2187/2187/2187 2189/2189/2189 2718/2718/2718
f 2714/2714/2714 2719/2719/2719 2710/2710/2710
f 2710/2710/2710 2719/2719/2719 2715/2715/2715
f 2720/2720/2720 2711/2711/2711 2715/2715/2715
f 2716/2716/2716 2711/2711/2711 2720/2720/2720
f 2721/2721/2721 2712/2712/2712 2716/2716/2716
f 2717/2717/2717 2712/2712/2712 2721/2721/2721
f 2722/2722/2722 2713/2713/2713 2717/2717/2717
f 2718/2718/2718 2713/2713/2713 2722/2722/2722
f 2723/2723/2723 2187/2187/2187 2718/2718/2718
f 2185/2185/2185 2187/2187/2187 2723/2723/2723
f 2719/2719/2719 2724/2724/2724 2715/2715/2715
f 2715/2715/2715 2724/2724/2724 2720/2720/2720
f 2725/2725/2725 2716/2716/2716 2720/2720/2720
f 2721/2721/2721 2716/2716/2716 2725/2725/2725
f 2726/2726/2726 2717/2717/2717 2721/2721/2721
f 2722/2722/2722 2717/2717/2717 2726/2726/2726
f 2727/2727/2727 2718/2718/2718 2722/2722/2722
f 2723/2723/2723 2718/2718/2718 2727/2727/2727
f 2728/2728/2728 2185/2185/2185 2723/2723/2723
f 2183/2183/2183 2185/2185/2185 2728/2728/2728
f 2724/2724/2724 2729/2729/2729 2720/2720/2720
f 2720/2720/2720 2729/2729/2729 2725/2725/2725
f 2730/2730/2730 2721/2721/2721 2725/2725/2725
f 2726/2726/2726 2721/2721/2721 2730/2730/2730
f 2731/2731/2731 2722/2722/2722 2726/2726/2726
f 2727/2727/2727 2722/2722/2722 2731/2731/2731
f 2732/2732/2732 2723/2723/2723 2727/2727/2727
f 2728/2728/2728 2723/2723/2723 2732/2732/2732
f 2733/2733/2733 2183/2183/2183 2728/2728/2728
f 2181/2181/2181 2183/2183/2183 2733/2733/2733
f 2729/2729/2729 2734/2734/2734 2725/2725/2725
f 2725/2725/2725 2734/2734/2734 2730/2730/2730
f 2735/2735/2735 2726/2726/2726 2730/2730/2730
f 2731/2731/2731 2726/2726/2726 2735/2735/2735
f 2736/2736/2736 2727/2727/2727 2731/2731/2731
f 2732/2732/2732 2727/2727/2727 2736/2736/2736
f 2737/2737/2737 2728/2728/2728 2732/2732/2732
f 2733/2733/2733 2728/2728/2728 2737/2737/2737
f 2738/2738/2738 2181/2181/2181 2733/2733/2733
f 2179/2179/2179 2181/2181/2181 2738/2738/2738
f 2734/2734/2734 2739/2739/2739 2730/2730/2730
f 2730/2730/2730 2739/2739/2739 2735/2735/2735
f 2740/2740/2740 2731/2731/2731 2735/2735/2735
f 2736/2736/2736 2731/2731/2731 2740/2740/2740
f 2741/2741/2741 2732/2732/2732 2736/2736/2736
f 2737/2737/2737 2732/2732/2732 2741/2741/2741
f 2742/2742/2742 2733/2733/2733 2737/2737/2737
f 2738/2738/2738 2733/2733/2733 2742/2742/2742
f 2743/2743/2743 2179/2179/2179 2738/2738/2738
f 2177/2177/2177 2179/2179/2179 2743/2743/2743
f 2739/2739/2739 2744/2744/2744 2735/2735/2735
f 2735/2735/2735 2744/2744/2744 2740/2740/2740
f 2745/2745/2745 2736/2736/2736 2740/2740/2740
f 2741/2741/2741 2736/2736/2736 2745/2745/2745
f 2746/2746/2746 2737/2737/2737 2741/2741/2741
f 2742/2742/2742 2737/2737/2737 2746/2746/2746
f 2747/2747/2747 2738/2738/2738 2742/2742/2742
f 2743/2743/2743 2738/2738/2738 2747/2747/2747
f 2748/2748/2748 2177/2177/2177 2743/2743/2743
f 2175/2175/2175 2177/2177/2177 2748/2748/2748
f 2744/2744/2744 2749/2749/2749 2740/2740/2740
f 2740/2740/2740 2749/2749/2749 2745/2745/2745
f 2750/2750/2750 2741/2741/2741 2745/2745/2745
f 2746/2746/2746 2741/2741/2741 2750/2750/2750
f 2751/2751/2751 2742/2742/2742 2746/2746/2746
f 2747/2747/2747 2742/2742/2742 2751/2751/2751
f 2752/2752/2752 2743/2743/2743 2747/2747/2747
f 2748/2748/2748 2743/2743/2743 2752/2752/2752
f 2753/2753/2753 2175/2175/2175 2748/2748/2748
f 2173/2173/2173 2175/2175/2175 2753/2753/2753
f 2749/2749/2749 2754/2754/2754 2745/2745/2745
f 2745/2745/2745 2754/2754/2754 2750/2750/2750
f 2755/2755/2755 2746/2746/2746 2750/2750/2750
f 2751/2751/2751 2746/2746/2746 2755/2755/2755
f 2756/2756/2756 2747/2747/2747 2751/2751/2751
f 2752/2752/2752 2747/2747/2747 2756/2756/2756
f 2757/2757/2757 2748/2748/2748 2752/2752/2752
f 2753/2753/2753 2748/2748/2748 2757/2757/2757
f 2758/2758/2758 2173/2173/2173 2753/2753/2753
f 2171/2171/2171 2173/2173/2173 2758/2758/2758
f 2754/2754/2754 2759/2759/2759 2750/2750/2750
f 2750/2750/2750 2759/2759/2759 2755/2755/2755
f 2760/2760/2760 2751/2751/2751 2755/2755/2755
f 2756/2756/2756 2751/2751/2751 2760/2760/2760
f 2761/2761/2761 2752/2752/2752 2756/2756/2756
f 2757/2757/2757 2752/2752/2752 2761/2761/2761
f 2762/2762/2762 2753/2753/2753 2757/2757/2757
f 2758/2758/2758 2753/2753/2753 2762/2762/2762
f 2763/2763/2763 2171/2171/2171 2758/2758/2758
f 2169/2169/2169 2171/2171/2171 2763/2763/2763
f 2759/2759/2759 2764/2764/2764 2755/2755/2755
f 2755/2755/2755 2764/2764/2764 2760/2760/2760
f 2765/2765/2765 2756/2756/2756 2760/2760/2760
f 2761/2761/2761 2756/2756/2756 2765/2765/2765
f 2766/2766/2766 2757/2757/2757 2761/2761/2761
f 2762/2762/2762 2757/2757/2757 2766/2766/2766
f 2767/2767/2767 2758/2758/2758 2762/2762/2762
f 2763/2763/2763 2758/2758/2758 2767/2767/2767
f 2768/2768/2768 2169/2169/2169 2763/2763/2763
f 2167/2167/2167 2169/2169/2169 2768/2768/2768
f 2764/2764/2764 2769/2769/2769 2760/2760/2760
f 2760/2760/2760 2769/2769/2769 2765/2765/2765
f 2770/2770/2770 2761/2761/2761 2765/2765/2765
f 2766/2766/2766 2761/2761/2761 2770/2770/2770
f 2771/2771/2771 2762/2762/2762 2766/2766/2766
f 2767/2767/2767 2762/2762/2762 2771/2771/2771
f 2772/2772/2772 2763/2763/2763 2767/2767/2767
f 2768/2768/2768 2763/2763/2763 2772/2772/2772
f 2773/2773/2773 2167/2167/2167 2768/2768/2768
f 2165/2165/2165 2167/2167/2167 2773/2773/2773
f 2769/2769/2769 2774/2774/2774 2765/2765/2765
f 2765/2765/2765 2774/2774/2774 2770/2770/2770
f 2775/2775/2775 2766/2766/2766 2770/2770/2770
f 2771/2771/2771 2766/2766/2766 2775/2775/2775
f 2776/2776/2776 2767/2767/2767 2771/2771/2771
f 2772/2772/2772 2767/2767/2767 2776/2776/2776
f 2777/2777/2777 2768/2768/2768 2772/2772/2772
f 2773/2773/2773 2768/2768/2768 2777/2777/2777
f 2778/2778/2778 2165/2165/2165 2773/2773/2773
f 2163/2163/2163 2165/2165/2165 2778/2778/2778
f 2774/2774/2774 2779/2779/2779 2770/2770/2770
f 2770/2770/2770 2779/2779/2779 2775/2775/2775
f 2780/2780/2780 2771/2771/2771 2775/2775/2775
f 2776/2776/2776 2771/2771/2771 2780/2780/2780
f 2781/2781/2781 2772/2772/2772 2776/2776/2776
f 2777/2777/2777 2772/2772/2772 2781/2781/2781
f 2782/2782/2782 2773/2773/2773 2777/2777/2777
f 2778/2778/2778 2773/2773/2773 2782/2782/2782
f 2783/2783/2783 2163/2163/2163 2778/2778/2778
f 2161/2161/2161 2163/2163/2163 2783/2783/2783
f 2779/2779/2779 2784/2784/2784 2775/2775/2775
f 2775/2775/2775 2784/2784/2784 2780/2780/2780
f 2785/2785/2785 2776/2776/2776 2780/2780/2780
f 2781/2781/2781 2776/2776/2776 2785/2785/2785
f 2786/2786/2786 2777/2777/2777 2781/2781/2781
f 2782/2782/2782 2777/2777/2777 2786/2786/2786
f 2787/2787/2787 2778/2778/2778 2782/2782/2782
f 2783/2783/2783 2778/2778/2778 2787/2787/2787
f 2788/2788/2788 2161/2161/2161 2783/2783/2783
f 2159/2159/2159 2161/2161/2161 2788/2788/2788
f 2784/2784/2784 2789/2789/2789 2780/2780/2780
f 2780/2780/2780 2789/2789/2789 2785/2785/2785
f 2790/2790/2790 2781/2781/2781 2785/2785/2785
f 2786/2786/2786 2781/2781/2781 2790/2790/2790
f 2791/2791/2791 2782/2782/2782 2786/2786/2786
f 2787/2787/2787 2782/2782/2782 2791/2791/2791
f 2792/2792/2792 2783/2783/2783 2787/2787/2787
f 2788/2788/2788 2783/2783/2783 2792/2792/2792
f 2793/2793/2793 2159/2159/2159 2788/2788/2788
f 2157/2157/2157 2159/2159/2159 2793/2793/2793
f 2789/2789/2789 2794/2794/2794 2785/2785/2785
f 2785/2785/2785 2794/2794/2794 2790/2790/2790
f 2795/2795/2795 2786/2786/2786 2790/2790/2790
f 2791/2791/2791 2786/2786/2786 2795/2795/2795
f 2796/2796/2796 2787/2787/2787 2791/2791/2791
f 2792/2792/2792 2787/2787/2787 2796/2796/2796
f 2797/2797/2797 2788/2788/2788 2792/2792/2792
f 2793/2793/2793 2788/2788/2788 2797/2797/2797
f 2798/2798/2798 2157/2157/2157 2793/2793/2793
f 2155/2155/2155 2157/2157/2157 2798/2798/2798
f 2794/2794/2794 2799/2799/2799 2790/2790/2790
f 2790/2790/2790 2799/2799/2799 2795/2795/2795
f 2800/2800/2800 2791/2791/2791 2795/2795/2795
f 2796/2796/2796 2791/2791/2791 2800/2800/2800
f 2801/2801/2801 2792/2792/2792 2796/2796/2796
f 2797/2797/2797 2792/2792/2792 2801/2801/2801
f 2802/2802/2802 2793/2793/2793 2797/2797/2797
f 2798/2798/2798 2793/2793/2793 2802/2802/2802
f 2803/2803/2803 2155/2155/2155 2798/2798/2798
f 2153/2153/2153 2155/2155/2155 2803/2803/2803
f 2799/2799/2799 2804/2804/2804 2795/2795/2795
f 2795/2795/2795 2804/2804/2804 2800/2800/2800
f 2805/2805/2805 2796/2796/2796 2800/2800/2800
f 2801/2801/2801 2796/2796/2796 2805/2805/2805
f 2806/2806/2806 2797/2797/2797 2801/2801/2801
f 2802/2802/2802 2797/2797/2797 2806/2806/2806
f 2807/2807/2807 2798/2798/2798 2802/2802/2802
f 2803/2803/2803 2798/2798/2798 2807/2807/2807
f 2808/2808/2808 2153/2153/2153 2803/2803/2803
f 2151/2151/2151 2153/2153/2153 2808/2808/2808
f 2804/2804/2804 2809/2809/2809 2800/2800/2800
f 2800/2800/2800 2809/2809/2809 2805/2805/2805
f 2810/2810/2810 2801/2801/2801 2805/2805/2805
f 2806/2806/2806 2801/2801/2801 2810/2810/2810
f 2811/2811/2811 2802/2802/2802 2806/2806/2806
f 2807/2807/2807 2802/2802/2802 2811/2811/2811
f 2812/2812/2812 2803/2803/2803 2807/2807/2807
f 2808/2808/2808 2803/2803/2803 2812/2812/2812
f 2813/2813/2813 2151/2151/2151 2808/2808/2808
f 2149/2149/2149 2151/2151/2151 2813/2813/2813
f 2809/2809/2809 2814/2814/2814 2805/2805/2805
f 2805/2805/2805 2814/2814/2814 2810/2810/2810
f 2815/2815/2815 2806/2806/2806 2810/2810/2810
f 2811/2811/2811 2806/2806/2806 2815/2815/2815
f 2816/2816/2816 2807/2807/2807 2811/2811/2811
f 2812/2812/2812 2807/2807/2807 2816/2816/2816
f 2817/2817/2817 2808/2808/2808 2812/2812/2812
f 2813/2813/2813 2808/2808/2808 2817/2817/2817
f 2818/2818/2818 2149/2149/2149 2813/2813/2813
f 2147/2147/2147 2149/2149/2149 2818/2818/2818
f 2814/2814/2814 2819/2819/2819 2810/2810/2810
f 2810/2810/2810 2819/2819/2819 2815/2815/2815
f 2820/2820/2820 2811/2811/2811 2815/2815/2815
f 2816/2816/2816 2811/2811/2811 2820/2820/2820
f 2821/2821/2821 2812/2812/2812 2816/2816/2816
f 2817/2817/2817 2812/2812/2812 2821/2821/2821
f 2822/2822/2822 2813/2813/2813 2817/2817/2817
f 2818/2818/2818 2813/2813/2813 2822/2822/2822
f 2823/2823/2823 2147/2147/2147 2818/2818/2818
f 2145/2145/2145 2147/2147/2147 2823/2823/2823
f 2819/2819/2819 2824/2824/2824 2815/2815/2815
f 2815/2815/2815 2824/2824/2824 2820/2820/2820
f 2825/2825/2825 2816/2816/2816 2820/2820/2820
f 2821/2821/2821 2816/2816/2816 2825/2825/2825
f 2826/2826/2826 2817/2817/2817 2821/2821/2821
f 2822/2822/2822 2817/2817/2817 2826/2826/2826
f 2827/2827/2827 2818/2818/2818 2822/2822/2822
f 2823/2823/2823 2818/2818/2818 2827/2827/2827
f 2828/2828/2828 2145/2145/2145 2823/2823/2823
f 2143/2143/2143 2145/2145/2145 2828/2828/2828
f 2824/2824/2824 2829/2829/2829 2820/2820/2820
f 2820/2820/2820 2829/2829/2829 2825/2825/2825
f 2830/2830/2830 2821/2821/2821 2825/2825/2825
f 2826/2826/2826 2821/2821/2821 2830/2830/2830
f 2831/2831/2831 2822/2822/2822 2826/2826/2826
f 2827/2827/2827 2822/2822/2822 2831/2831/2831
f 2832/2832/2832 2823/2823/2823 2827/2827/2827
f 2828/2828/2828 2823/2823/2823 2832/2832/2832
f 2833/2833/2833 2143/2143/2143 2828/2828/2828
f 2141/2141/2141 2143/2143/2143 2833/2833/2833
f 2829/2829/2829 2834/2834/2834 2825/2825/2825
f 2825/2825/2825 2834/2834/2834 2830/2830/2830
f 2835/2835/2835 2826/2826/2826 2830/2830/2830
f 2831/2831/2831 2826/2826/2826 2835/2835/2835
f 2836/2836/2836 2827/2827/2827 2831/2831/2831
f 2832/2832/2832 2827/2827/2827 2836/2836/2836
f 2837/2837/2837 2828/2828/2828 2832/2832/2832
f 2833/2833/2833 2828/2828/2828 2837/2837/2837
f 2838/2838/2838 2141/2141/2141 2833/2833/2833
f 2139/2139/2139 2141/2141/2141 2838/2838/2838
f 2834/2834/2834 2839/2839/2839 2830/2830/2830
f 2830/2830/2830 2839/2839/2839 2835/2835/2835
f 2840/2840/2840 2831/2831/2831 2835/2835/2835
f 2836/2836/2836 2831/2831/2831 2840/2840/2840
f 2841/2841/2841 2832/2832/2832 2836/2836/2836
f 2837/2837/2837 2832/2832/2832 2841/2841/2841
f 2842/2842/2842 2833/2833/2833 2837/2837/2837
f 2838/2838/2838 2833/2833/2833 2842/2842/2842
f 2843/2843/2843 2139/2139/2139 2838/2838/2838
f 2137/2137/2137 2139/2139/2139 2843/2843/2843
f 2839/2839/2839 2844/2844/2844 2835/2835/2835
f 2835/2835/2835 2844/2844/2844 2840/2840/2840
f 2845/2845/2845 2836/2836/2836 2840/2840/2840
f 2841/2841/2841 2836/2836/2836 2845/2845/2845
f 2846/2846/2846 2837/2837/2837 2841/2841/2841
f 2842/2842/2842 2837/2837/2837 2846/2846/2846
f 2847/2847/2847 2838/2838/2838 2842/2842/2842
f 2843/2843/2843 2838/2838/2838 2847/2847/2847
f 2848/2848/2848 2137/2137/2137 2843/2843/2843
f 2135/2135/2135 2137/2137/2137 2848/2848/2848
f 2844/2844/2844 2849/2849/2849 2840/2840/2840
f 2840/2840/2840 2849/2849/2849 2845/2845/2845
f 2850/2850/2850 2841/2841/2841 2845/2845/2845
f 2846/2846/2846 2841/2841/2841 2850/2850/2850
f 2851/2851/2851 2842/2842/2842 2846/2846/2846
f 2847/2847/2847 2842/2842/2842 2851/2851/2851
f 2852/2852/2852 2843/2843/2843 2847/2847/2847
f 2848/2848/2848 2843/2843/2843 2852/2852/2852
f 2853/2853/2853 2135/2135/2135 2848/2848/2848
f 2133/2133/2133 2135/2135/2135 2853/2853/2853
f 2849/2849/2849 2854/2854/2854 2845/2845/2845
f 2845/2845/2845 2854/2854/2854 2850/2850/2850
f 2855/2855/2855 2846/2846/2846 2850/2850/2850
f 2851/2851/2851 2846/2846/2846 2855/2855/2855
f 2856/2856/2856 2847/2847/2847 2851/2851/2851
f 2852/2852/2852 2847/2847/2847 2856/2856/2856
f 2857/2857/2857 2848/2848/2848 2852/2852/2852
f 2853/2853/2853 2848/2848/2848 2857/2857/2857
f 2858/2858/2858 2133/2133/2133 2853/2853/2853
f 2131/2131/2131 2133/2133/2133 2858/2858/2858
f 2854/2854/2854 2859/2859/2859 2850/2850/2850
f 2850/2850/2850 2859/2859/2859 2855/2855/2855
f 2860/2860/2860 2851/2851/2851 2855/2855/2855
f 2856/2856/2856 2851/2851/2851 2860/2860/2860
f 2861/2861/2861 2852/2852/2852 2856/2856/2856
f 2857/2857/2857 2852/2852/2852 2861/2861/2861
f 2862/2862/2862 2853/2853/2853 2857/2857/2857
f 2858/2858/2858 2853/2853/2853 2862/2862/2862
f 2863/2863/2863 2131/2131/2131 2858/2858/2858
f 2123/2123/2123 2131/2131/2131 2863/2863/2863
f 2859/2859/2859 2864/2864/2864 2855/2855/2855
f 2855/2855/2855 2864/2864/2864 2860/2860/2860
f 2865/2865/2865 2856/2856/2856 2860/2860/2860
f 2861/2861/2861 2856/2856/2856 2865/2865/2865
f 2866/2866/2866 2857/2857/2857 2861/2861/2861
f 2862/2862/2862 2857/2857/2857 2866/2866/2866
f 2867/2867/2867 2858/2858/2858 2862/2862/2862
f 2863/2863/2863 2858/2858/2858 2867/2867/2867
f 2868/2868/2868 2123/2123/2123 2863/2863/2863
f 2121/2121/2121 2123/2123/2123 2868/2868/2868
f 2864/2864/2864 2869/2869/2869 2860/2860/2860
f 2860/2860/2860 2869/2869/2869 2865/2865/2865
f 2870/2870/2870 2861/2861/2861 2865/2865/2865
f 2866/2866/2866 2861/2861/2861 2870/2870/2870
f 2871/2871/2871 2862/2862/2862 2866/2866/2866
f 2867/2867/2867 2862/2862/2862 2871/2871/2871
f 2872/2872/2872 2863/2863/2863 2867/2867/2867
f 2868/2868/2868 2863/2863/2863 2872/2872/2872
f 2873/2873/2873 2121/2121/2121 2868/2868/2868
f 2119/2119/2119 2121/2121/2121 2873/2873/2873
f 2874/2874/2874 2868/2868/2868 2872/2872/2872
f 2873/2873/2873 2868/2868/2868 2875/2875/2875
f 2872/2872/2872 2867/2867/2867 2876/2876/2876
f 2876/2876/2876 2867/2867/2867 2871/2871/2871
f 2874/2874/2874 2872/2872/2872 2877/2877/2877
f 2877/2877/2877 2872/2872/2872 2876/2876/2876
f 2878/2878/2878 2874/2874/2874 2877/2877/2877
f 2871/2871/2871 2866/2866/2866 2879/2879/2879
f 2879/2879/2879 2866/2866/2866 2870/2870/2870
f 2880/2880/2880 2119/2119/2119 2873/2873/2873
f 2117/2117/2117 2119/2119/2119 2880/2880/2880
f 2881/2881/2881 2873/2873/2873 2875/2875/2875
f 2880/2880/2880 2873/2873/2873 2881/2881/2881
f 2881/2881/2881 2875/2875/2875 2882/2882/2882
f 2876/2876/2876 2871/2871/2871 2883/2883/2883
f 2883/2883/2883 2871/2871/2871 2879/2879/2879
f 2877/2877/2877 2876/2876/2876 2884/2884/2884
f 2884/2884/2884 2876/2876/2876 2883/2883/2883
f 2878/2878/2878 2877/2877/2877 2885/2885/2885
f 2885/2885/2885 2877/2877/2877 2884/2884/2884
f 2886/2886/2886 2878/2878/2878 2885/2885/2885
f 2887/2887/2887 2117/2117/2117 2880/2880/2880
f 2115/2115/2115 2117/2117/2117 2887/2887/2887
f 2888/2888/2888 2881/2881/2881 2882/2882/2882
f 2888/2888/2888 2882/2882/2882 2889/2889/2889
f 2890/2890/2890 2880/2880/2880 2881/2881/2881
f 2887/2887/2887 2880/2880/2880 2890/2890/2890
f 2890/2890/2890 2881/2881/2881 2888/2888/2888
f 2885/2885/2885 2891/2891/2891 2886/2886/2886
f 2891/2891/2891 2892/2892/2892 2886/2886/2886
f 2884/2884/2884 2893/2893/2893 2885/2885/2885
f 2893/2893/2893 2891/2891/2891 2885/2885/2885
f 2894/2894/2894 2115/2115/2115 2887/2887/2887
f 2113/2113/2113 2115/2115/2115 2894/2894/2894
f 2895/2895/2895 2888/2888/2888 2889/2889/2889
f 2889/2889/2889 2896/2896/2896 2895/2895/2895
f 2897/2897/2897 2890/2890/2890 2888/2888/2888
f 2897/2897/2897 2888/2888/2888 2895/2895/2895
f 2898/2898/2898 2887/2887/2887 2890/2890/2890
f 2894/2894/2894 2887/2887/2887 2898/2898/2898
f 2898/2898/2898 2890/2890/2890 2897/2897/2897
f 2892/2892/2892 2891/2891/2891 2899/2899/2899
f 2900/2900/2900 2892/2892/2892 2899/2899/2899
f 2901/2901/2901 2113/2113/2113 2894/2894/2894
f 2111/2111/2111 2113/2113/2113 2901/2901/2901
f 2896/2896/2896 2902/2902/2902 2895/2895/2895
f 2902/2902/2902 2896/2896/2896 2903/2903/2903
f 2904/2904/2904 2897/2897/2897 2895/2895/2895
f 2895/2895/2895 2902/2902/2902 2904/2904/2904
f 2905/2905/2905 2898/2898/2898 2897/2897/2897
f 2905/2905/2905 2897/2897/2897 2904/2904/2904
f 2906/2906/2906 2894/2894/2894 2898/2898/2898
f 2901/2901/2901 2894/2894/2894 2906/2906/2906
f 2906/2906/2906 2898/2898/2898 2905/2905/2905
f 2907/2907/2907 2111/2111/2111 2901/2901/2901
f 2109/2109/2109 2111/2111/2111 2907/2907/2907
f 2908/2908/2908 2902/2902/2902 2903/2903/2903
f 2908/2908/2908 2903/2903/2903 2909/2909/2909
f 2902/2902/2902 2910/2910/2910 2904/2904/2904
f 2910/2910/2910 2902/2902/2902 2908/2908/2908
f 2911/2911/2911 2905/2905/2905 2904/2904/2904
f 2904/2904/2904 2910/2910/2910 2911/2911/2911
f 2912/2912/2912 2906/2906/2906 2905/2905/2905
f 2912/2912/2912 2905/2905/2905 2911/2911/2911
f 2913/2913/2913 2901/2901/2901 2906/2906/2906
f 2907/2907/2907 2901/2901/2901 2913/2913/2913
f 2913/2913/2913 2906/2906/2906 2912/2912/2912
f 2914/2914/2914 2109/2109/2109 2907/2907/2907
f 2107/2107/2107 2109/2109/2109 2914/2914/2914
f 2915/2915/2915 2908/2908/2908 2909/2909/2909
f 2915/2915/2915 2909/2909/2909 2916/2916/2916
f 2917/2917/2917 2910/2910/2910 2908/2908/2908
f 2917/2917/2917 2908/2908/2908 2915/2915/2915
f 2910/2910/2910 2918/2918/2918 2911/2911/2911
f 2918/2918/2918 2910/2910/2910 2917/2917/2917
f 2919/2919/2919 2912/2912/2912 2911/2911/2911
f 2911/2911/2911 2918/2918/2918 2919/2919/2919
f 2920/2920/2920 2913/2913/2913 2912/2912/2912
f 2920/2920/2920 2912/2912/2912 2919/2919/2919
f 2921/2921/2921 2907/2907/2907 2913/2913/2913
f 2921/2921/2921 2913/2913/2913 2920/2920/2920
f 2914/2914/2914 2907/2907/2907 2921/2921/2921
f 2922/2922/2922 2107/2107/2107 2914/2914/2914
f 2105/2105/2105 2107/2107/2107 2922/2922/2922
f 2923/2923/2923 2914/2914/2914 2921/2921/2921
f 2922/2922/2922 2914/2914/2914 2923/2923/2923
f 2924/2924/2924 2921/2921/2921 2920/2920/2920
f 2923/2923/2923 2921/2921/2921 2924/2924/2924
f 2925/2925/2925 2920/2920/2920 2919/2919/2919
f 2924/2924/2924 2920/2920/2920 2925/2925/2925
f 2918/2918/2918 2926/2926/2926 2919/2919/2919
f 2919/2919/2919 2926/2926/2926 2925/2925/2925
f 2927/2927/2927 2105/2105/2105 2922/2922/2922
f 2103/2103/2103 2105/2105/2105 2927/2927/2927
f 2928/2928/2928 2922/2922/2922 2923/2923/2923
f 2927/2927/2927 2922/2922/2922 2928/2928/2928
f 2929/2929/2929 2923/2923/2923 2924/2924/2924
f 2928/2928/2928 2923/2923/2923 2929/2929/2929
f 2930/2930/2930 2924/2924/2924 2925/2925/2925
f 2929/2929/2929 2924/2924/2924 2930/2930/2930
f 2931/2931/2931 2103/2103/2103 2927/2927/2927
f 2101/2101/2101 2103/2103/2103 2931/2931/2931
f 2932/2932/2932 2927/2927/2927 2928/2928/2928
f 2931/2931/2931 2927/2927/2927 2932/2932/2932
f 2933/2933/2933 2928/2928/2928 2929/2929/2929
f 2932/2932/2932 2928/2928/2928 2933/2933/2933
f 2934/2934/2934 2101/2101/2101 2931/2931/2931
f 2099/2099/2099 2101/2101/2101 2934/2934/2934
f 2935/2935/2935 2931/2931/2931 2932/2932/2932
f 2934/2934/2934 2931/2931/2931 2935/2935/2935
f 2936/2936/2936 2099/2099/2099 2934/2934/2934
f 2097/2097/2097 2099/2099/2099 2936/2936/2936
f 2925/2925/2925 2937/2937/2937 2930/2930/2930
f 2926/2926/2926 2937/2937/2937 2925/2925/2925
f 2938/2938/2938 2929/2929/2929 2930/2930/2930
f 2933/2933/2933 2929/2929/2929 2938/2938/2938
f 2939/2939/2939 2932/2932/2932 2933/2933/2933
f 2935/2935/2935 2932/2932/2932 2939/2939/2939
f 2940/2940/2940 2934/2934/2934 2935/2935/2935
f 2936/2936/2936 2934/2934/2934 2940/2940/2940
f 2941/2941/2941 2097/2097/2097 2936/2936/2936
f 2095/2095/2095 2097/2097/2097 2941/2941/2941
f 2937/2937/2937 2942/2942/2942 2930/2930/2930
f 2930/2930/2930 2942/2942/2942 2938/2938/2938
f 2943/2943/2943 2933/2933/2933 2938/2938/2938
f 2939/2939/2939 2933/2933/2933 2943/2943/2943
f 2944/2944/2944 2935/2935/2935 2939/2939/2939
f 2940/2940/2940 2935/2935/2935 2944/2944/2944
f 2945/2945/2945 2936/2936/2936 2940/2940/2940
f 2941/2941/2941 2936/2936/2936 2945/2945/2945
f 2946/2946/2946 2095/2095/2095 2941/2941/2941
f 2093/2093/2093 2095/2095/2095 2946/2946/2946
f 2942/2942/2942 2947/2947/2947 2938/2938/2938
f 2938/2938/2938 2947/2947/2947 2943/2943/2943
f 2948/2948/2948 2939/2939/2939 2943/2943/2943
f 2944/2944/2944 2939/2939/2939 2948/2948/2948
f 2949/2949/2949 2940/2940/2940 2944/2944/2944
f 2945/2945/2945 2940/2940/2940 2949/2949/2949
f 2950/2950/2950 2941/2941/2941 2945/2945/2945
f 2946/2946/2946 2941/2941/2941 2950/2950/2950
f 2951/2951/2951 2093/2093/2093 2946/2946/2946
f 2091/2091/2091 2093/2093/2093 2951/2951/2951
f 2947/2947/2947 2952/2952/2952 2943/2943/2943
f 2943/2943/2943 2952/2952/2952 2948/2948/2948
f 2953/2953/2953 2944/2944/2944 2948/2948/2948
f 2949/2949/2949 2944/2944/2944 2953/2953/2953
f 2954/2954/2954 2945/2945/2945 2949/2949/2949
f 2950/2950/2950 2945/2945/2945 2954/2954/2954
f 2955/2955/2955 2946/2946/2946 2950/2950/2950
f 2951/2951/2951 2946/2946/2946 2955/2955/2955
f 2956/2956/2956 2091/2091/2091 2951/2951/2951
f 2089/2089/2089 2091/2091/2091 2956/2956/2956
f 2952/2952/2952 2957/2957/2957 2948/2948/2948
f 2948/2948/2948 2957/2957/2957 2953/2953/2953
f 2958/2958/2958 2949/2949/2949 2953/2953/2953
f 2954/2954/2954 2949/2949/2949 2958/2958/2958
f 2959/2959/2959 2950/2950/2950 2954/2954/2954
f 2955/2955/2955 2950/2950/2950 2959/2959/2959
f 2960/2960/2960 2951/2951/2951 2955/2955/2955
f 2956/2956/2956 2951/2951/2951 2960/2960/2960
f 2961/2961/2961 2089/2089/2089 2956/2956/2956
f 2087/2087/2087 2089/2089/2089 2961/2961/2961
f 2957/2957/2957 2962/2962/2962 2953/2953/2953
f 2953/2953/2953 2962/2962/2962 2958/2958/2958
f 2963/2963/2963 2954/2954/2954 2958/2958/2958
f 2959/2959/2959 2954/2954/2954 2963/2963/2963
f 2964/2964/2964 2955/2955/2955 2959/2959/2959
f 2960/2960/2960 2955/2955/2955 2964/2964/2964
f 2965/2965/2965 2956/2956/2956 2960/2960/2960
f 2961/2961/2961 2956/2956/2956 2965/2965/2965
f 2966/2966/2966 2087/2087/2087 2961/2961/2961
f 2085/2085/2085 2087/2087/2087 2966/2966/2966
f 2962/2962/2962 2967/2967/2967 2958/2958/2958
f 2958/2958/2958 2967/2967/2967 2963/2963/2963
f 2968/2968/2968 2959/2959/2959 2963/2963/2963
f 2964/2964/2964 2959/2959/2959 2968/2968/2968
f 2969/2969/2969 2960/2960/2960 2964/2964/2964
f 2965/2965/2965 2960/2960/2960 2969/2969/2969
f 2970/2970/2970 2961/2961/2961 2965/2965/2965
f 2966/2966/2966 2961/2961/2961 2970/2970/2970
f 2971/2971/2971 2085/2085/2085 2966/2966/2966
f 2083/2083/2083 2085/2085/2085 2971/2971/2971
f 2967/2967/2967 2972/2972/2972 2963/2963/2963
f 2963/2963/2963 2972/2972/2972 2968/2968/2968
f 2973/2973/2973 2964/2964/2964 2968/2968/2968
f 2969/2969/2969 2964/2964/2964 2973/2973/2973
f 2974/2974/2974 2965/2965/2965 2969/2969/2969
f 2970/2970/2970 2965/2965/2965 2974/2974/2974
f 2975/2975/2975 2966/2966/2966 2970/2970/2970
f 2971/2971/2971 2966/2966/2966 2975/2975/2975
f 2976/2976/2976 2083/2083/2083 2971/2971/2971
f 2081/2081/2081 2083/2083/2083 2976/2976/2976
f 2972/2972/2972 2977/2977/2977 2968/2968/2968
f 2968/2968/2968 2977/2977/2977 2973/2973/2973
f 2978/2978/2978 2969/2969/2969 2973/2973/2973
f 2974/2974/2974 2969/2969/2969 2978/2978/2978
f 2979/2979/2979 2970/2970/2970 2974/2974/2974
f 2975/2975/2975 2970/2970/2970 2979/2979/2979
f 2980/2980/2980 2971/2971/2971 2975/2975/2975
f 2976/2976/2976 2971/2971/2971 2980/2980/2980
f 2981/2981/2981 2081/2081/2081 2976/2976/2976
f 2079/2079/2079 2081/2081/2081 2981/2981/2981
f 2977/2977/2977 2982/2982/2982 2973/2973/2973
f 2973/2973/2973 2982/2982/2982 2978/2978/2978
f 2983/2983/2983 2974/2974/2974 2978/2978/2978
f 2979/2979/2979 2974/2974/2974 2983/2983/2983
f 2984/2984/2984 2975/2975/2975 2979/2979/2979
f 2980/2980/2980 2975/2975/2975 2984/2984/2984
f 2985/2985/2985 2976/2976/2976 2980/2980/2980
f 2981/2981/2981 2976/2976/2976 2985/2985/2985
f 2986/2986/2986 2079/2079/2079 2981/2981/2981
f 2077/2077/2077 2079/2079/2079 2986/2986/2986
f 2982/2982/2982 2987/2987/2987 2978/2978/2978
f 2978/2978/2978 2987/2987/2987 2983/2983/2983
f 2988/2988/2988 2979/2979/2979 2983/2983/2983
f 2984/2984/2984 2979/2979/2979 2988/2988/2988
f 2989/2989/2989 2980/2980/2980 2984/2984/2984
f 2985/2985/2985 2980/2980/2980 2989/2989/2989
f 2990/2990/2990 2981/2981/2981 2985/2985/2985
f 2986/2986/2986 2981/2981/2981 2990/2990/2990
f 2991/2991/2991 2077/2077/2077 2986/2986/2986
f 2075/2075/2075 2077/2077/2077 2991/2991/2991
f 2987/2987/2987 2992/2992/2992 2983/2983/2983
f 2983/2983/2983 2992/2992/2992 2988/2988/2988
f 2993/2993/2993 2984/2984/2984 2988/2988/2988
f 2989/2989/2989 2984/2984/2984 2993/2993/2993
f 2994/2994/2994 2985/2985/2985 2989/2989/2989
f 2990/2990/2990 2985/2985/2985 2994/2994/2994
f 2995/2995/2995 2986/2986/2986 2990/2990/2990
f 2991/2991/2991 2986/2986/2986 2995/2995/2995
f 2996/2996/2996 2075/2075/2075 2991/2991/2991
f 2073/2073/2073 2075/2075/2075 2996/2996/2996
f 2992/2992/2992 2997/2997/2997 2988/2988/2988
f 2988/2988/2988 2997/2997/2997 2993/2993/2993
f 2998/2998/2998 2989/2989/2989 2993/2993/2993
f 2994/2994/2994 2989/2989/2989 2998/2998/2998
f 2999/2999/2999 2990/2990/2990 2994/2994/2994
f 2995/2995/2995 2990/2990/2990 2999/2999/2999
f 3000/3000/3000 2991/2991/2991 2995/2995/2995
f 2996/2996/2996 2991/2991/2991 3000/3000/3000
f 3001/3001/3001 2073/2073/2073 2996/2996/2996
f 2071/2071/2071 2073/2073/2073 3001/3001/3001
f 2997/2997/2997 3002/3002/3002 2993/2993/2993
f 2993/2993/2993 3002/3002/3002 2998/2998/2998
f 3003/3003/3003 2994/2994/2994 2998/2998/2998
f 2999/2999/2999 2994/2994/2994 3003/3003/3003
f 3004/3004/3004 2995/2995/2995 2999/2999/2999
f 3000/3000/3000 2995/2995/2995 3004/3004/3004
f 3005/3005/3005 2996/2996/2996 3000/3000/3000
f 3001/3001/3001 2996/2996/2996 3005/3005/3005
f 3006/3006/3006 2071/2071/2071 3001/3001/3001
f 2069/2069/2069 2071/2071/2071 3006/3006/3006
f 3002/3002/3002 3007/3007/3007 2998/2998/2998
f 2998/2998/2998 3007/3007/3007 3003/3003/3003
f 3008/3008/3008 2999/2999/2999 3003/3003/3003
f 3004/3004/3004 2999/2999/2999 3008/3008/3008
f 3009/3009/3009 3000/3000/3000 3004/3004/3004
f 3005/3005/3005 3000/3000/3000 3009/3009/3009
f 3010/3010/3010 3001/3001/3001 3005/3005/3005
f 3006/3006/3006 3001/3001/3001 3010/3010/3010
f 3011/3011/3011 2069/2069/2069 3006/3006/3006
f 2067/2067/2067 2069/2069/2069 3011/3011/3011
f 3007/3007/3007 3012/3012/3012 3003/3003/3003
f 3003/3003/3003 3012/3012/3012 3008/3008/3008
f 3013/3013/3013 3004/3004/3004 3008/3008/3008
f 3009/3009/3009 3004/3004/3004 3013/3013/3013
f 3014/3014/3014 3005/3005/3005 3009/3009/3009
f 3010/3010/3010 3005/3005/3005 3014/3014/3014
f 3015/3015/3015 3006/3006/3006 3010/3010/3010
f 3011/3011/3011 3006/3006/3006 3015/3015/3015
f 3016/3016/3016 2067/2067/2067 3011/3011/3011
f 2065/2065/2065 2067/2067/2067 3016/3016/3016
f 3012/3012/3012 3017/3017/3017 3008/3008/3008
f 3008/3008/3008 3017/3017/3017 3013/3013/3013
f 3018/3018/3018 3009/3009/3009 3013/3013/3013
f 3014/3014/3014 3009/3009/3009 3018/3018/3018
f 3019/3019/3019 3010/3010/3010 3014/3014/3014
f 3015/3015/3015 3010/3010/3010 3019/3019/3019
f 3020/3020/3020 3011/3011/3011 3015/3015/3015
f 3016/3016/3016 3011/3011/3011 3020/3020/3020
f 3021/3021/3021 2065/2065/2065 3016/3016/3016
f 2063/2063/2063 2065/2065/2065 3021/3021/3021
f 3017/3017/3017 3022/3022/3022 3013/3013/3013
f 3013/3013/3013 3022/3022/3022 3018/3018/3018
f 3023/3023/3023 3014/3014/3014 3018/3018/3018
f 3019/3019/3019 3014/3014/3014 3023/3023/3023
f 3024/3024/3024 3015/3015/3015 3019/3019/3019
f 3020/3020/3020 3015/3015/3015 3024/3024/3024
f 3025/3025/3025 3016/3016/3016 3020/3020/3020
f 3021/3021/3021 3016/3016/3016 3025/3025/3025
f 3026/3026/3026 2063/2063/2063 3021/3021/3021
f 2061/2061/2061 2063/2063/2063 3026/3026/3026
f 3022/3022/3022 3027/3027/3027 3018/3018/3018
f 3018/3018/3018 3027/3027/3027 3023/3023/3023
f 3028/3028/3028 3019/3019/3019 3023/3023/3023
f 3024/3024/3024 3019/3019/3019 3028/3028/3028
f 3029/3029/3029 3020/3020/3020 3024/3024/3024
f 3025/3025/3025 3020/3020/3020 3029/3029/3029
f 3030/3030/3030 3021/3021/3021 3025/3025/3025
f 3026/3026/3026 3021/3021/3021 3030/3030/3030
f 3031/3031/3031 2061/2061/2061 3026/3026/3026
f 2059/2059/2059 2061/2061/2061 3031/3031/3031
f 3027/3027/3027 3032/3032/3032 3023/3023/3023
f 3023/3023/3023 3032/3032/3032 3028/3028/3028
f 3033/3033/3033 3024/3024/3024 3028/3028/3028
f 3029/3029/3029 3024/3024/3024 3033/3033/3033
f 3034/3034/3034 3025/3025/3025 3029/3029/3029
f 3030/3030/3030 3025/3025/3025 3034/3034/3034
f 3035/3035/3035 3026/3026/3026 3030/3030/3030
f 3031/3031/3031 3026/3026/3026 3035/3035/3035
f 3036/3036/3036 2059/2059/2059 3031/3031/3031
f 2057/2057/2057 2059/2059/2059 3036/3036/3036
f 3032/3032/3032 3037/3037/3037 3028/3028/3028
f 3028/3028/3028 3037/3037/3037 3033/3033/3033
f 3038/3038/3038 3029/3029/3029 3033/3033/3033
f 3034/3034/3034 3029/3029/3029 3038/3038/3038
f 3039/3039/3039 3030/3030/3030 3034/3034/3034
f 3035/3035/3035 3030/3030/3030 3039/3039/3039
f 3040/3040/3040 3031/3031/3031 3035/3035/3035
f 3036/3036/3036 3031/3031/3031 3040/3040/3040
f 3041/3041/3041 2057/2057/2057 3036/3036/3036
f 2055/2055/2055 2057/2057/2057 3041/3041/3041
f 3037/3037/3037 3042/3042/3042 3033/3033/3033
f 3033/3033/3033 3042/3042/3042 3038/3038/3038
f 3043/3043/3043 3034/3034/3034 3038/3038/3038
f 3039/3039/3039 3034/3034/3034 3043/3043/3043
f 3044/3044/3044 3035/3035/3035 3039/3039/3039
f 3040/3040/3040 3035/3035/3035 3044/3044/3044
f 3045/3045/3045 3036/3036/3036 3040/3040/3040
f 3041/3041/3041 3036/3036/3036 3045/3045/3045
f 3046/3046/3046 2055/2055/2055 3041/3041/3041
f 2053/2053/2053 2055/2055/2055 3046/3046/3046
f 3042/3042/3042 3047/3047/3047 3038/3038/3038
f 3038/3038/3038 3047/3047/3047 3043/3043/3043
f 3048/3048/3048 3039/3039/3039 3043/3043/3043
f 3044/3044/3044 3039/3039/3039 3048/3048/3048
f 3049/3049/3049 3040/3040/3040 3044/3044/3044
f 3045/3045/3045 3040/3040/3040 3049/3049/3049
f 3050/3050/3050 3041/3041/3041 3045/3045/3045
f 3046/3046/3046 3041/3041/3041 3050/3050/3050
f 3051/3051/3051 2053/2053/2053 3046/3046/3046
f 2051/2051/2051 2053/2053/2053 3051/3051/3051
f 3047/3047/3047 3052/3052/3052 3043/3043/3043
f 3043/3043/3043 3052/3052/3052 3048/3048/3048
f 3053/3053/3053 3044/3044/3044 3048/3048/3048
f 3049/3049/3049 3044/3044/3044 3053/3053/3053
f 3054/3054/3054 3045/3045/3045 3049/3049/3049
f 3050/3050/3050 3045/3045/3045 3054/3054/3054
f 3055/3055/3055 3046/3046/3046 3050/3050/3050
f 3051/3051/3051 3046/3046/3046 3055/3055/3055
f 3056/3056/3056 2051/2051/2051 3051/3051/3051
f 2049/2049/2049 2051/2051/2051 3056/3056/3056
f 3052/3052/3052 3057/3057/3057 3048/3048/3048
f 3048/3048/3048 3057/3057/3057 3053/3053/3053
f 3058/3058/3058 3049/3049/3049 3053/3053/3053
f 3054/3054/3054 3049/3049/3049 3058/3058/3058
f 3059/3059/3059 3050/3050/3050 3054/3054/3054
f 3055/3055/3055 3050/3050/3050 3059/3059/3059
f 3060/3060/3060 3051/3051/3051 3055/3055/3055
f 3056/3056/3056 3051/3051/3051 3060/3060/3060
f 3061/3061/3061 2049/2049/2049 3056/3056/3056
f 2047/2047/2047 2049/2049/2049 3061/3061/3061
f 3057/3057/3057 3062/3062/3062 3053/3053/3053
f 3053/3053/3053 3062/3062/3062 3058/3058/3058
f 3063/3063/3063 3054/3054/3054 3058/3058/3058
f 3059/3059/3059 3054/3054/3054 3063/3063/3063
f 3064/3064/3064 3055/3055/3055 3059/3059/3059
f 3060/3060/3060 3055/3055/3055 3064/3064/3064
f 3065/3065/3065 3056/3056/3056 3060/3060/3060
f 3061/3061/3061 3056/3056/3056 3065/3065/3065
f 3066/3066/3066 2047/2047/2047 3061/3061/3061
f 2040/2040/2040 2047/2047/2047 3066/3066/3066
f 3062/3062/3062 3067/3067/3067 3058/3058/3058
f 3058/3058/3058 3067/3067/3067 3063/3063/3063
f 3068/3068/3068 3059/3059/3059 3063/3063/3063
f 3064/3064/3064 3059/3059/3059 3068/3068/3068
f 3069/3069/3069 3060/3060/3060 3064/3064/3064
f 3065/3065/3065 3060/3060/3060 3069/3069/3069
f 3070/3070/3070 3061/3061/3061 3065/3065/3065
f 3066/3066/3066 3061/3061/3061 3070/3070/3070
f 3071/3071/3071 2040/2040/2040 3066/3066/3066
f 2038/2038/2038 2040/2040/2040 3071/3071/3071
f 3067/3067/3067 3072/3072/3072 3063/3063/3063
f 3063/3063/3063 3072/3072/3072 3068/3068/3068
f 3073/3073/3073 3064/3064/3064 3068/3068/3068
f 3069/3069/3069 3064/3064/3064 3073/3073/3073
f 3074/3074/3074 3065/3065/3065 3069/3069/3069
f 3070/3070/3070 3065/3065/3065 3074/3074/3074
f 3075/3075/3075 3066/3066/3066 3070/3070/3070
f 3071/3071/3071 3066/3066/3066 3075/3075/3075
f 3076/3076/3076 2038/2038/2038 3071/3071/3071
f 2036/2036/2036 2038/2038/2038 3076/3076/3076
f 3072/3072/3072 3077/3077/3077 3068/3068/3068
f 3068/3068/3068 3077/3077/3077 3073/3073/3073
f 3078/3078/3078 3069/3069/3069 3073/3073/3073
f 3074/3074/3074 3069/3069/3069 3078/3078/3078
f 3079/3079/3079 3070/3070/3070 3074/3074/3074
f 3075/3075/3075 3070/3070/3070 3079/3079/3079
f 3080/3080/3080 3071/3071/3071 3075/3075/3075
f 3076/3076/3076 3071/3071/3071 3080/3080/3080
f 3081/3081/3081 2036/2036/2036 3076/3076/3076
f 2034/2034/2034 2036/2036/2036 3081/3081/3081
f 3077/3077/3077 3082/3082/3082 3073/3073/3073
f 3073/3073/3073 3082/3082/3082 3078/3078/3078
f 3083/3083/3083 3074/3074/3074 3078/3078/3078
f 3079/3079/3079 3074/3074/3074 3083/3083/3083
f 3084/3084/3084 3075/3075/3075 3079/3079/3079
f 3080/3080/3080 3075/3075/3075 3084/3084/3084
f 3085/3085/3085 3076/3076/3076 3080/3080/3080
f 3081/3081/3081 3076/3076/3076 3085/3085/3085
f 3086/3086/3086 2034/2034/2034 3081/3081/3081
f 2032/2032/2032 2034/2034/2034 3086/3086/3086
f 3087/3087/3087 3080/3080/3080 3084/3084/3084
f 3085/3085/3085 3080/3080/3080 3088/3088/3088
f 3084/3084/3084 3079/3079/3079 3089/3089/3089
f 3089/3089/3089 3079/3079/3079 3083/3083/3083
f 3087/3087/3087 3084/3084/3084 3090/3090/3090
f 3090/3090/3090 3084/3084/3084 3089/3089/3089
f 3091/3091/3091 3087/3087/3087 3090/3090/3090
f 3092/3092/3092 3081/3081/3081 3085/3085/3085
f 3086/3086/3086 3081/3081/3081 3092/3092/3092
f 3093/3093/3093 3085/3085/3085 3088/3088/3088
f 3092/3092/3092 3085/3085/3085 3093/3093/3093
f 3093/3093/3093 3088/3088/3088 3094/3094/3094
f 3095/3095/3095 2032/2032/2032 3086/3086/3086
f 2030/2030/2030 2032/2032/2032 3095/3095/3095
f 3090/3090/3090 3096/3096/3096 3091/3091/3091
f 3096/3096/3096 3097/3097/3097 3091/3091/3091
f 3098/3098/3098 3086/3086/3086 3092/3092/3092
f 3095/3095/3095 3086/3086/3086 3098/3098/3098
f 3099/3099/3099 3093/3093/3093 3094/3094/3094
f 3094/3094/3094 3100/3100/3100 3099/3099/3099
f 3101/3101/3101 3092/3092/3092 3093/3093/3093
f 3098/3098/3098 3092/3092/3092 3101/3101/3101
f 3101/3101/3101 3093/3093/3093 3099/3099/3099
f 3102/3102/3102 2030/2030/2030 3095/3095/3095
f 2028/2028/2028 2030/2030/2030 3102/3102/3102
f 3100/3100/3100 3103/3103/3103 3099/3099/3099
f 3103/3103/3103 3100/3100/3100 3104/3104/3104
f 3105/3105/3105 3095/3095/3095 3098/3098/3098
f 3102/3102/3102 3095/3095/3095 3105/3105/3105
f 3106/3106/3106 3101/3101/3101 3099/3099/3099
f 3099/3099/3099 3103/3103/3103 3106/3106/3106
f 3107/3107/3107 3098/3098/3098 3101/3101/3101
f 3105/3105/3105 3098/3098/3098 3107/3107/3107
f 3107/3107/3107 3101/3101/3101 3106/3106/3106
f 3108/3108/3108 2028/2028/2028 3102/3102/3102
f 2026/2026/2026 2028/2028/2028 3108/3108/3108
f 3109/3109/3109 3103/3103/3103 3104/3104/3104
f 3109/3109/3109 3104/3104/3104 3110/3110/3110
f 3111/3111/3111 3102/3102/3102 3105/3105/3105
f 3108/3108/3108 3102/3102/3102 3111/3111/3111
f 3103/3103/3103 3112/3112/3112 3106/3106/3106
f 3112/3112/3112 3103/3103/3103 3109/3109/3109
f 3113/3113/3113 3107/3107/3107 3106/3106/3106
f 3106/3106/3106 3112/3112/3112 3113/3113/3113
f 3114/3114/3114 3105/3105/3105 3107/3107/3107
f 3111/3111/3111 3105/3105/3105 3114/3114/3114
f 3114/3114/3114 3107/3107/3107 3113/3113/3113
f 3115/3115/3115 2026/2026/2026 3108/3108/3108
f 2024/2024/2024 2026/2026/2026 3115/3115/3115
f 3116/3116/3116 3108/3108/3108 3111/3111/3111
f 3115/3115/3115 3108/3108/3108 3116/3116/3116
f 3117/3117/3117 3111/3111/3111 3114/3114/3114
f 3116/3116/3116 3111/3111/3111 3117/3117/3117
f 3118/3118/3118 3114/3114/3114 3113/3113/3113
f 3117/3117/3117 3114/3114/3114 3118/3118/3118
f 3112/3112/3112 3119/3119/3119 3113/3113/3113
f 3113/3113/3113 3119/3119/3119 3118/3118/3118
f 3120/3120/3120 2024/2024/2024 3115/3115/3115
f 2017/2017/2017 2024/2024/2024 3120/3120/3120
f 3121/3121/3121 3115/3115/3115 3116/3116/3116
f 3120/3120/3120 3115/3115/3115 3121/3121/3121
f 3122/3122/3122 3116/3116/3116 3117/3117/3117
f 3121/3121/3121 3116/3116/3116 3122/3122/3122
f 3123/3123/3123 3117/3117/3117 3118/3118/3118
f 3122/3122/3122 3117/3117/3117 3123/3123/3123
f 3124/3124/3124 2017/2017/2017 3120/3120/3120
f 2015/2015/2015 2017/2017/2017 3124/3124/3124
f 3125/3125/3125 3120/3120/3120 3121/3121/3121
f 3124/3124/3124 3120/3120/3120 3125/3125/3125
f 3126/3126/3126 3121/3121/3121 3122/3122/3122
f 3125/3125/3125 3121/3121/3121 3126/3126/3126
f 3127/3127/3127 2015/2015/2015 3124/3124/3124
f 2013/2013/2013 2015/2015/2015 3127/3127/3127
f 3128/3128/3128 3124/3124/3124 3125/3125/3125
f 3127/3127/3127 3124/3124/3124 3128/3128/3128
f 3129/3129/3129 2013/2013/2013 3127/3127/3127
f 2011/2011/2011 2013/2013/2013 3129/3129/3129
f 3118/3118/3118 3130/3130/3130 3123/3123/3123
f 3119/3119/3119 3130/3130/3130 3118/3118/3118
f 3131/3131/3131 3122/3122/3122 3123/3123/3123
f 3126/3126/3126 3122/3122/3122 3131/3131/3131
f 3132/3132/3132 3125/3125/3125 3126/3126/3126
f 3128/3128/3128 3125/3125/3125 3132/3132/3132
f 3133/3133/3133 3127/3127/3127 3128/3128/3128
f 3129/3129/3129 3127/3127/3127 3133/3133/3133
f 3134/3134/3134 2011/2011/2011 3129/3129/3129
f 2009/2009/2009 2011/2011/2011 3134/3134/3134
f 3135/3135/3135 3128/3128/3128 3132/3132/3132
f 3133/3133/3133 3128/3128/3128 3136/3136/3136
f 3132/3132/3132 3126/3126/3126 3137/3137/3137
f 3137/3137/3137 3126/3126/3126 3131/3131/3131
f 3135/3135/3135 3132/3132/3132 3138/3138/3138
f 3138/3138/3138 3132/3132/3132 3137/3137/3137
f 3139/3139/3139 3135/3135/3135 3138/3138/3138
f 3140/3140/3140 3129/3129/3129 3133/3133/3133
f 3134/3134/3134 3129/3129/3129 3140/3140/3140
f 3141/3141/3141 3133/3133/3133 3136/3136/3136
f 3140/3140/3140 3133/3133/3133 3141/3141/3141
f 3141/3141/3141 3136/3136/3136 3142/3142/3142
f 3143/3143/3143 2009/2009/2009 3134/3134/3134
f 2007/2007/2007 2009/2009/2009 3143/3143/3143
f 3138/3138/3138 3144/3144/3144 3139/3139/3139
f 3144/3144/3144 3145/3145/3145 3139/3139/3139
f 3146/3146/3146 3134/3134/3134 3140/3140/3140
f 3143/3143/3143 3134/3134/3134 3146/3146/3146
f 3147/3147/3147 3141/3141/3141 3142/3142/3142
f 3142/3142/3142 3148/3148/3148 3147/3147/3147
f 3149/3149/3149 3140/3140/3140 3141/3141/3141
f 3146/3146/3146 3140/3140/3140 3149/3149/3149
f 3149/3149/3149 3141/3141/3141 3147/3147/3147
f 3150/3150/3150 2007/2007/2007 3143/3143/3143
f 2005/2005/2005 2007/2007/2007 3150/3150/3150
f 3148/3148/3148 3151/3151/3151 3147/3147/3147
f 3151/3151/3151 3148/3148/3148 3152/3152/3152
f 3153/3153/3153 3143/3143/3143 3146/3146/3146
f 3150/3150/3150 3143/3143/3143 3153/3153/3153
f 3154/3154/3154 3149/3149/3149 3147/3147/3147
f 3147/3147/3147 3151/3151/3151 3154/3154/3154
f 3155/3155/3155 3146/3146/3146 3149/3149/3149
f 3153/3153/3153 3146/3146/3146 3155/3155/3155
f 3155/3155/3155 3149/3149/3149 3154/3154/3154
f 3156/3156/3156 2005/2005/2005 3150/3150/3150
f 2003/2003/2003 2005/2005/2005 3156/3156/3156
f 3157/3157/3157 3151/3151/3151 3152/3152/3152
f 3157/3157/3157 3152/3152/3152 3158/3158/3158
f 3159/3159/3159 3150/3150/3150 3153/3153/3153
f 3156/3156/3156 3150/3150/3150 3159/3159/3159
f 3151/3151/3151 3160/3160/3160 3154/3154/3154
f 3160/3160/3160 3151/3151/3151 3157/3157/3157
f 3161/3161/3161 3155/3155/3155 3154/3154/3154
f 3154/3154/3154 3160/3160/3160 3161/3161/3161
f 3162/3162/3162 3153/3153/3153 3155/3155/3155
f 3159/3159/3159 3153/3153/3153 3162/3162/3162
f 3162/3162/3162 3155/3155/3155 3161/3161/3161
f 3163/3163/3163 2003/2003/2003 3156/3156/3156
f 2001/2001/2001 2003/2003/2003 3163/3163/3163
f 3164/3164/3164 3156/3156/3156 3159/3159/3159
f 3163/3163/3163 3156/3156/3156 3164/3164/3164
f 3165/3165/3165 3159/3159/3159 3162/3162/3162
f 3164/3164/3164 3159/3159/3159 3165/3165/3165
f 3166/3166/3166 3162/3162/3162 3161/3161/3161
f 3165/3165/3165 3162/3162/3162 3166/3166/3166
f 3160/3160/3160 3167/3167/3167 3161/3161/3161
f 3161/3161/3161 3167/3167/3167 3166/3166/3166
f 3168/3168/3168 2001/2001/2001 3163/3163/3163
f 1999/1999/1999 2001/2001/2001 3168/3168/3168
f 3169/3169/3169 3163/3163/3163 3164/3164/3164
f 3168/3168/3168 3163/3163/3163 3169/3169/3169
f 3170/3170/3170 3164/3164/3164 3165/3165/3165
f 3169/3169/3169 3164/3164/3164 3170/3170/3170
f 3171/3171/3171 3165/3165/3165 3166/3166/3166
f 3170/3170/3170 3165/3165/3165 3171/3171/3171
f 3172/3172/3172 1999/1999/1999 3168/3168/3168
f 1997/1997/1997 1999/1999/1999 3172/3172/3172
f 3173/3173/3173 3168/3168/3168 3169/3169/3169
f 3172/3172/3172 3168/3168/3168 3173/3173/3173
f 3174/3174/3174 3169/3169/3169 3170/3170/3170
f 3173/3173/3173 3169/3169/3169 3174/3174/3174
f 3175/3175/3175 1997/1997/1997 3172/3172/3172
f 1995/1995/1995 1997/1997/1997 3175/3175/3175
f 3176/3176/3176 3172/3172/3172 3173/3173/3173
f 3175/3175/3175 3172/3172/3172 3176/3176/3176
f 3177/3177/3177 1995/1995/1995 3175/3175/3175
f 1993/1993/1993 1995/1995/1995 3177/3177/3177
f 3166/3166/3166 3178/3178/3178 3171/3171/3171
f 3167/3167/3167 3178/3178/3178 3166/3166/3166
f 3179/3179/3179 3170/3170/3170 3171/3171/3171
f 3174/3174/3174 3170/3170/3170 3179/3179/3179
f 3180/3180/3180 3173/3173/3173 3174/3174/3174
f 3176/3176/3176 3173/3173/3173 3180/3180/3180
f 3181/3181/3181 3175/3175/3175 3176/3176/3176
f 3177/3177/3177 3175/3175/3175 3181/3181/3181
f 3182/3182/3182 1993/1993/1993 3177/3177/3177
f 1991/1991/1991 1993/1993/1993 3182/3182/3182
f 3178/3178/3178 3183/3183/3183 3171/3171/3171
f 3171/3171/3171 3183/3183/3183 3179/3179/3179
f 3184/3184/3184 3174/3174/3174 3179/3179/3179
f 3180/3180/3180 3174/3174/3174 3184/3184/3184
f 3185/3185/3185 3176/3176/3176 3180/3180/3180
f 3181/3181/3181 3176/3176/3176 3185/3185/3185
f 3186/3186/3186 3177/3177/3177 3181/3181/3181
f 3182/3182/3182 3177/3177/3177 3186/3186/3186
f 3187/3187/3187 1991/1991/1991 3182/3182/3182
f 1985/1985/1985 1991/1991/1991 3187/3187/3187
f 3183/3183/3183 3188/3188/3188 3179/3179/3179
f 3179/3179/3179 3188/3188/3188 3184/3184/3184
f 3189/3189/3189 3180/3180/3180 3184/3184/3184
f 3185/3185/3185 3180/3180/3180 3189/3189/3189
f 3190/3190/3190 3181/3181/3181 3185/3185/3185
f 3186/3186/3186 3181/3181/3181 3190/3190/3190
f 3191/3191/3191 3182/3182/3182 3186/3186/3186
f 3187/3187/3187 3182/3182/3182 3191/3191/3191
f 3192/3192/3192 1985/1985/1985 3187/3187/3187
f 1983/1983/1983 1985/1985/1985 3192/3192/3192
f 3188/3188/3188 3193/3193/3193 3184/3184/3184
f 3184/3184/3184 3193/3193/3193 3189/3189/3189
f 3194/3194/3194 3185/3185/3185 3189/3189/3189
f 3190/3190/3190 3185/3185/3185 3194/3194/3194
f 3195/3195/3195 3186/3186/3186 3190/3190/3190
f 3191/3191/3191 3186/3186/3186 3195/3195/3195
f 3196/3196/3196 3187/3187/3187 3191/3191/3191
f 3192/3192/3192 3187/3187/3187 3196/3196/3196
f 3197/3197/3197 1983/1983/1983 3192/3192/3192
f 1981/1981/1981 1983/1983/1983 3197/3197/3197
f 3193/3193/3193 3198/3198/3198 3189/3189/3189
f 3189/3189/3189 3198/3198/3198 3194/3194/3194
f 3199/3199/3199 3190/3190/3190 3194/3194/3194
f 3195/3195/3195 3190/3190/3190 3199/3199/3199
f 3200/3200/3200 3191/3191/3191 3195/3195/3195
f 3196/3196/3196 3191/3191/3191 3200/3200/3200
f 3201/3201/3201 3192/3192/3192 3196/3196/3196
f 3197/3197/3197 3192/3192/3192 3201/3201/3201
f 3202/3202/3202 1981/1981/1981 3197/3197/3197
f 1979/1979/1979 1981/1981/1981 3202/3202/3202
f 3198/3198/3198 3203/3203/3203 3194/3194/3194
f 3194/3194/3194 3203/3203/3203 3199/3199/3199
f 3204/3204/3204 3195/3195/3195 3199/3199/3199
f 3200/3200/3200 3195/3195/3195 3204/3204/3204
f 3205/3205/3205 3196/3196/3196 3200/3200/3200
f 3201/3201/3201 3196/3196/3196 3205/3205/3205
f 3206/3206/3206 3197/3197/3197 3201/3201/3201
f 3202/3202/3202 3197/3197/3197 3206/3206/3206
f 3207/3207/3207 1979/1979/1979 3202/3202/3202
f 1977/1977/1977 1979/1979/1979 3207/3207/3207
f 3203/3203/3203 3208/3208/3208 3199/3199/3199
f 3199/3199/3199 3208/3208/3208 3204/3204/3204
f 3209/3209/3209 3200/3200/3200 3204/3204/3204
f 3205/3205/3205 3200/3200/3200 3209/3209/3209
f 3210/3210/3210 3201/3201/3201 3205/3205/3205
f 3206/3206/3206 3201/3201/3201 3210/3210/3210
f 3211/3211/3211 3202/3202/3202 3206/3206/3206
f 3207/3207/3207 3202/3202/3202 3211/3211/3211
f 3212/3212/3212 1977/1977/1977 3207/3207/3207
f 1970/1970/1970 1977/1977/1977 3212/3212/3212
f 3208/3208/3208 3213/3213/3213 3204/3204/3204
f 3204/3204/3204 3213/3213/3213 3209/3209/3209
f 3214/3214/3214 3205/3205/3205 3209/3209/3209
f 3210/3210/3210 3205/3205/3205 3214/3214/3214
f 3215/3215/3215 3206/3206/3206 3210/3210/3210
f 3211/3211/3211 3206/3206/3206 3215/3215/3215
f 3216/3216/3216 3207/3207/3207 3211/3211/3211
f 3212/3212/3212 3207/3207/3207 3216/3216/3216
f 3217/3217/3217 1970/1970/1970 3212/3212/3212
f 1968/1968/1968 1970/1970/1970 3217/3217/3217
f 3213/3213/3213 3218/3218/3218 3209/3209/3209
f 3209/3209/3209 3218/3218/3218 3214/3214/3214
f 3219/3219/3219 3210/3210/3210 3214/3214/3214
f 3215/3215/3215 3210/3210/3210 3219/3219/3219
f 3220/3220/3220 3211/3211/3211 3215/3215/3215
f 3216/3216/3216 3211/3211/3211 3220/3220/3220
f 3221/3221/3221 3212/3212/3212 3216/3216/3216
f 3217/3217/3217 3212/3212/3212 3221/3221/3221
f 3222/3222/3222 1968/1968/1968 3217/3217/3217
f 1966/1966/1966 1968/1968/1968 3222/3222/3222
f 3218/3218/3218 3223/3223/3223 3214/3214/3214
f 3214/3214/3214 3223/3223/3223 3219/3219/3219
f 3224/3224/3224 3215/3215/3215 3219/3219/3219
f 3220/3220/3220 3215/3215/3215 3224/3224/3224
f 3225/3225/3225 3216/3216/3216 3220/3220/3220
f 3221/3221/3221 3216/3216/3216 3225/3225/3225
f 3226/3226/3226 3217/3217/3217 3221/3221/3221
f 3222/3222/3222 3217/3217/3217 3226/3226/3226
f 3227/3227/3227 1966/1966/1966 3222/3222/3222
f 1964/1964/1964 1966/1966/1966 3227/3227/3227
f 3223/3223/3223 3228/3228/3228 3219/3219/3219
f 3219/3219/3219 3228/3228/3228 3224/3224/3224
f 3229/3229/3229 3220/3220/3220 3224/3224/3224
f 3225/3225/3225 3220/3220/3220 3229/3229/3229
f 3230/3230/3230 3221/3221/3221 3225/3225/3225
f 3226/3226/3226 3221/3221/3221 3230/3230/3230
f 3231/3231/3231 3222/3222/3222 3226/3226/3226
f 3227/3227/3227 3222/3222/3222 3231/3231/3231
f 3232/3232/3232 1964/1964/1964 3227/3227/3227
f 1962/1962/1962 1964/1964/1964 3232/3232/3232
f 3233/3233/3233 3226/3226/3226 3230/3230/3230
f 3231/3231/3231 3226/3226/3226 3234/3234/3234
f 3230/3230/3230 3225/3225/3225 3235/3235/3235
f 3235/3235/3235 3225/3225/3225 3229/3229/3229
f 3233/3233/3233 3230/3230/3230 3236/3236/3236
f 3236/3236/3236 3230/3230/3230 3235/3235/3235
f 3237/3237/3237 3233/3233/3233 3236/3236/3236
f 3238/3238/3238 3227/3227/3227 3231/3231/3231
f 3232/3232/3232 3227/3227/3227 3238/3238/3238
f 3239/3239/3239 3231/3231/3231 3234/3234/3234
f 3238/3238/3238 3231/3231/3231 3239/3239/3239
f 3239/3239/3239 3234/3234/3234 3240/3240/3240
f 3241/3241/3241 1962/1962/1962 3232/3232/3232
f 1960/1960/1960 1962/1962/1962 3241/3241/3241
f 3236/3236/3236 3242/3242/3242 3237/3237/3237
f 3242/3242/3242 3243/3243/3243 3237/3237/3237
f 3244/3244/3244 3232/3232/3232 3238/3238/3238
f 3241/3241/3241 3232/3232/3232 3244/3244/3244
f 3245/3245/3245 3239/3239/3239 3240/3240/3240
f 3240/3240/3240 3246/3246/3246 3245/3245/3245
f 3247/3247/3247 3238/3238/3238 3239/3239/3239
f 3244/3244/3244 3238/3238/3238 3247/3247/3247
f 3247/3247/3247 3239/3239/3239 3245/3245/3245
f 3248/3248/3248 1960/1960/1960 3241/3241/3241
f 1958/1958/1958 1960/1960/1960 3248/3248/3248
f 3246/3246/3246 3249/3249/3249 3245/3245/3245
f 3249/3249/3249 3246/3246/3246 3250/3250/3250
f 3251/3251/3251 3241/3241/3241 3244/3244/3244
f 3248/3248/3248 3241/3241/3241 3251/3251/3251
f 3252/3252/3252 3247/3247/3247 3245/3245/3245
f 3245/3245/3245 3249/3249/3249 3252/3252/3252
f 3253/3253/3253 3244/3244/3244 3247/3247/3247
f 3251/3251/3251 3244/3244/3244 3253/3253/3253
f 3253/3253/3253 3247/3247/3247 3252/3252/3252
f 3254/3254/3254 1958/1958/1958 3248/3248/3248
f 1956/1956/1956 1958/1958/1958 3254/3254/3254
f 3255/3255/3255 3249/3249/3249 3250/3250/3250
f 3255/3255/3255 3250/3250/3250 3256/3256/3256
f 3257/3257/3257 3248/3248/3248 3251/3251/3251
f 3254/3254/3254 3248/3248/3248 3257/3257/3257
f 3249/3249/3249 3258/3258/3258 3252/3252/3252
f 3258/3258/3258 3249/3249/3249 3255/3255/3255
f 3259/3259/3259 3253/3253/3253 3252/3252/3252
f 3252/3252/3252 3258/3258/3258 3259/3259/3259
f 3260/3260/3260 3251/3251/3251 3253/3253/3253
f 3257/3257/3257 3251/3251/3251 3260/3260/3260
f 3260/3260/3260 3253/3253/3253 3259/3259/3259
f 3261/3261/3261 1956/1956/1956 3254/3254/3254
f 1954/1954/1954 1956/1956/1956 3261/3261/3261
f 3262/3262/3262 3254/3254/3254 3257/3257/3257
f 3261/3261/3261 3254/3254/3254 3262/3262/3262
f 3263/3263/3263 3257/3257/3257 3260/3260/3260
f 3262/3262/3262 3257/3257/3257 3263/3263/3263
f 3264/3264/3264 3260/3260/3260 3259/3259/3259
f 3263/3263/3263 3260/3260/3260 3264/3264/3264
f 3258/3258/3258 3265/3265/3265 3259/3259/3259
f 3259/3259/3259 3265/3265/3265 3264/3264/3264
f 3266/3266/3266 1954/1954/1954 3261/3261/3261
f 1952/1952/1952 1954/1954/1954 3266/3266/3266
f 3267/3267/3267 3261/3261/3261 3262/3262/3262
f 3266/3266/3266 3261/3261/3261 3267/3267/3267
f 3268/3268/3268 3262/3262/3262 3263/3263/3263
f 3267/3267/3267 3262/3262/3262 3268/3268/3268
f 3269/3269/3269 3263/3263/3263 3264/3264/3264
f 3268/3268/3268 3263/3263/3263 3269/3269/3269
f 3270/3270/3270 1952/1952/1952 3266/3266/3266
f 1950/1950/1950 1952/1952/1952 3270/3270/3270
f 3271/3271/3271 3266/3266/3266 3267/3267/3267
f 3270/3270/3270 3266/3266/3266 3271/3271/3271
f 3272/3272/3272 3267/3267/3267 3268/3268/3268
f 3271/3271/3271 3267/3267/3267 3272/3272/3272
f 3273/3273/3273 1950/1950/1950 3270/3270/3270
f 1948/1948/1948 1950/1950/1950 3273/3273/3273
f 3274/3274/3274 3270/3270/3270 3271/3271/3271
f 3273/3273/3273 3270/3270/3270 3274/3274/3274
f 3275/3275/3275 1948/1948/1948 3273/3273/3273
f 1946/1946/1946 1948/1948/1948 3275/3275/3275
f 3264/3264/3264 3276/3276/3276 3269/3269/3269
f 3265/3265/3265 3276/3276/3276 3264/3264/3264
f 3277/3277/3277 3268/3268/3268 3269/3269/3269
f 3272/3272/3272 3268/3268/3268 3277/3277/3277
f 3278/3278/3278 3271/3271/3271 3272/3272/3272
f 3274/3274/3274 3271/3271/3271 3278/3278/3278
f 3279/3279/3279 3273/3273/3273 3274/3274/3274
f 3275/3275/3275 3273/3273/3273 3279/3279/3279
f 3280/3280/3280 1946/1946/1946 3275/3275/3275
f 1944/1944/1944 1946/1946/1946 3280/3280/3280
f 3276/3276/3276 3281/3281/3281 3269/3269/3269
f 3269/3269/3269 3281/3281/3281 3277/3277/3277
f 3282/3282/3282 3272/3272/3272 3277/3277/3277
f 3278/3278/3278 3272/3272/3272 3282/3282/3282
f 3283/3283/3283 3274/3274/3274 3278/3278/3278
f 3279/3279/3279 3274/3274/3274 3283/3283/3283
f 3284/3284/3284 3275/3275/3275 3279/3279/3279
f 3280/3280/3280 3275/3275/3275 3284/3284/3284
f 3285/3285/3285 1944/1944/1944 3280/3280/3280
f 1942/1942/1942 1944/1944/1944 3285/3285/3285
f 3281/3281/3281 3286/3286/3286 3277/3277/3277
f 3277/3277/3277 3286/3286/3286 3282/3282/3282
f 3287/3287/3287 3278/3278/3278 3282/3282/3282
f 3283/3283/3283 3278/3278/3278 3287/3287/3287
f 3288/3288/3288 3279/3279/3279 3283/3283/3283
f 3284/3284/3284 3279/3279/3279 3288/3288/3288
f 3289/3289/3289 3280/3280/3280 3284/3284/3284
f 3285/3285/3285 3280/3280/3280 3289/3289/3289
f 3290/3290/3290 1942/1942/1942 3285/3285/3285
f 1940/1940/1940 1942/1942/1942 3290/3290/3290
f 3286/3286/3286 3291/3291/3291 3282/3282/3282
f 3282/3282/3282 3291/3291/3291 3287/3287/3287
f 3292/3292/3292 3283/3283/3283 3287/3287/3287
f 3288/3288/3288 3283/3283/3283 3292/3292/3292
f 3293/3293/3293 3284/3284/3284 3288/3288/3288
f 3289/3289/3289 3284/3284/3284 3293/3293/3293
f 3294/3294/3294 3285/3285/3285 3289/3289/3289
f 3290/3290/3290 3285/3285/3285 3294/3294/3294
f 3295/3295/3295 1940/1940/1940 3290/3290/3290
f 1938/1938/1938 1940/1940/1940 3295/3295/3295
f 3291/3291/3291 3296/3296/3296 3287/3287/3287
f 3287/3287/3287 3296/3296/3296 3292/3292/3292
f 3297/3297/3297 3288/3288/3288 3292/3292/3292
f 3293/3293/3293 3288/3288/3288 3297/3297/3297
f 3298/3298/3298 3289/3289/3289 3293/3293/3293
f 3294/3294/3294 3289/3289/3289 3298/3298/3298
f 3299/3299/3299 3290/3290/3290 3294/3294/3294
f 3295/3295/3295 3290/3290/3290 3299/3299/3299
f 3300/3300/3300 1938/1938/1938 3295/3295/3295
f 1936/1936/1936 1938/1938/1938 3300/3300/3300
f 3296/3296/3296 3301/3301/3301 3292/3292/3292
f 3292/3292/3292 3301/3301/3301 3297/3297/3297
f 3302/3302/3302 3293/3293/3293 3297/3297/3297
f 3298/3298/3298 3293/3293/3293 3302/3302/3302
f 3303/3303/3303 3294/3294/3294 3298/3298/3298
f 3299/3299/3299 3294/3294/3294 3303/3303/3303
f 3304/3304/3304 3295/3295/3295 3299/3299/3299
f 3300/3300/3300 3295/3295/3295 3304/3304/3304
f 3305/3305/3305 1936/1936/1936 3300/3300/3300
f 1934/1934/1934 1936/1936/1936 3305/3305/3305
f 3301/3301/3301 3306/3306/3306 3297/3297/3297
f 3297/3297/3297 3306/3306/3306 3302/3302/3302
f 3307/3307/3307 3298/3298/3298 3302/3302/3302
f 3303/3303/3303 3298/3298/3298 3307/3307/3307
f 3308/3308/3308 3299/3299/3299 3303/3303/3303
f 3304/3304/3304 3299/3299/3299 3308/3308/3308
f 3309/3309/3309 3300/3300/3300 3304/3304/3304
f 3305/3305/3305 3300/3300/3300 3309/3309/3309
f 3310/3310/3310 1934/1934/1934 3305/3305/3305
f 1927/1927/1927 1934/1934/1934 3310/3310/3310
f 3306/3306/3306 3311/3311/3311 3302/3302/3302
f 3302/3302/3302 3311/3311/3311 3307/3307/3307
f 3312/3312/3312 3303/3303/3303 3307/3307/3307
f 3308/3308/3308 3303/3303/3303 3312/3312/3312
f 3313/3313/3313 3304/3304/3304 3308/3308/3308
f 3309/3309/3309 3304/3304/3304 3313/3313/3313
f 3314/3314/3314 3305/3305/3305 3309/3309/3309
f 3310/3310/3310 3305/3305/3305 3314/3314/3314
f 3315/3315/3315 1927/1927/1927 3310/3310/3310
f 1925/1925/1925 1927/1927/1927 3315/3315/3315
f 3311/3311/3311 3316/3316/3316 3307/3307/3307
f 3307/3307/3307 3316/3316/3316 3312/3312/3312
f 3317/3317/3317 3308/3308/3308 3312/3312/3312
f 3313/3313/3313 3308/3308/3308 3317/3317/3317
f 3318/3318/3318 3309/3309/3309 3313/3313/3313
f 3314/3314/3314 3309/3309/3309 3318/3318/3318
f 3319/3319/3319 3310/3310/3310 3314/3314/3314
f 3315/3315/3315 3310/3310/3310 3319/3319/3319
f 3320/3320/3320 1925/1925/1925 3315/3315/3315
f 1923/1923/1923 1925/1925/1925 3320/3320/3320
f 3316/3316/3316 3321/3321/3321 3312/3312/3312
f 3312/3312/3312 3321/3321/3321 3317/3317/3317
f 3322/3322/3322 3313/3313/3313 3317/3317/3317
f 3318/3318/3318 3313/3313/3313 3322/3322/3322
f 3323/3323/3323 3314/3314/3314 3318/3318/3318
f 3319/3319/3319 3314/3314/3314 3323/3323/3323
f 3324/3324/3324 3315/3315/3315 3319/3319/3319
f 3320/3320/3320 3315/3315/3315 3324/3324/3324
f 3325/3325/3325 1923/1923/1923 3320/3320/3320
f 1921/1921/1921 1923/1923/1923 3325/3325/3325
f 3321/3321/3321 3326/3326/3326 3317/3317/3317
f 3317/3317/3317 3326/3326/3326 3322/3322/3322
f 3327/3327/3327 3318/3318/3318 3322/3322/3322
f 3323/3323/3323 3318/3318/3318 3327/3327/3327
f 3328/3328/3328 3319/3319/3319 3323/3323/3323
f 3324/3324/3324 3319/3319/3319 3328/3328/3328
f 3329/3329/3329 3320/3320/3320 3324/3324/3324
f 3325/3325/3325 3320/3320/3320 3329/3329/3329
f 3330/3330/3330 1921/1921/1921 3325/3325/3325
f 1919/1919/1919 1921/1921/1921 3330/3330/3330
f 3331/3331/3331 3324/3324/3324 3328/3328/3328
f 3329/3329/3329 3324/3324/3324 3332/3332/3332
f 3328/3328/3328 3323/3323/3323 3333/3333/3333
f 3333/3333/3333 3323/3323/3323 3327/3327/3327
f 3331/3331/3331 3328/3328/3328 3334/3334/3334
f 3334/3334/3334 3328/3328/3328 3333/3333/3333
f 3335/3335/3335 3331/3331/3331 3334/3334/3334
f 3336/3336/3336 3325/3325/3325 3329/3329/3329
f 3330/3330/3330 3325/3325/3325 3336/3336/3336
f 3337/3337/3337 3329/3329/3329 3332/3332/3332
f 3336/3336/3336 3329/3329/3329 3337/3337/3337
f 3337/3337/3337 3332/3332/3332 3338/3338/3338
f 3339/3339/3339 1919/1919/1919 3330/3330/3330
f 1917/1917/1917 1919/1919/1919 3339/3339/3339
f 3334/3334/3334 3340/3340/3340 3335/3335/3335
f 3340/3340/3340 3341/3341/3341 3335/3335/3335
f 3342/3342/3342 3330/3330/3330 3336/3336/3336
f 3339/3339/3339 3330/3330/3330 3342/3342/3342
f 3343/3343/3343 3337/3337/3337 3338/3338/3338
f 3338/3338/3338 3344/3344/3344 3343/3343/3343
f 3345/3345/3345 3336/3336/3336 3337/3337/3337
f 3342/3342/3342 3336/3336/3336 3345/3345/3345
f 3345/3345/3345 3337/3337/3337 3343/3343/3343
f 3346/3346/3346 1917/1917/1917 3339/3339/3339
f 1915/1915/1915 1917/1917/1917 3346/3346/3346
f 3344/3344/3344 3347/3347/3347 3343/3343/3343
f 3347/3347/3347 3344/3344/3344 3348/3348/3348
f 3349/3349/3349 3339/3339/3339 3342/3342/3342
f 3346/3346/3346 3339/3339/3339 3349/3349/3349
f 3350/3350/3350 3345/3345/3345 3343/3343/3343
f 3343/3343/3343 3347/3347/3347 3350/3350/3350
f 3351/3351/3351 3342/3342/3342 3345/3345/3345
f 3349/3349/3349 3342/3342/3342 3351/3351/3351
f 3351/3351/3351 3345/3345/3345 3350/3350/3350
f 3352/3352/3352 1915/1915/1915 3346/3346/3346
f 1913/1913/1913 1915/1915/1915 3352/3352/3352
f 3353/3353/3353 3347/3347/3347 3348/3348/3348
f 3353/3353/3353 3348/3348/3348 3354/3354/3354
f 3355/3355/3355 3346/3346/3346 3349/3349/3349
f 3352/3352/3352 3346/3346/3346 3355/3355/3355
f 3347/3347/3347 3356/3356/3356 3350/3350/3350
f 3356/3356/3356 3347/3347/3347 3353/3353/3353
f 3357/3357/3357 3351/3351/3351 3350/3350/3350
f 3350/3350/3350 3356/3356/3356 3357/3357/3357
f 3358/3358/3358 3349/3349/3349 3351/3351/3351
f 3355/3355/3355 3349/3349/3349 3358/3358/3358
f 3358/3358/3358 3351/3351/3351 3357/3357/3357
f 3359/3359/3359 1913/1913/1913 3352/3352/3352
f 1911/1911/1911 1913/1913/1913 3359/3359/3359
f 3360/3360/3360 3352/3352/3352 3355/3355/3355
f 3359/3359/3359 3352/3352/3352 3360/3360/3360
f 3361/3361/3361 3355/3355/3355 3358/3358/3358
f 3360/3360/3360 3355/3355/3355 3361/3361/3361
f 3362/3362/3362 3358/3358/3358 3357/3357/3357
f 3361/3361/3361 3358/3358/3358 3362/3362/3362
f 3356/3356/3356 3363/3363/3363 3357/3357/3357
f 3357/3357/3357 3363/3363/3363 3362/3362/3362
f 3364/3364/3364 1911/1911/1911 3359/3359/3359
f 1909/1909/1909 1911/1911/1911 3364/3364/3364
f 3365/3365/3365 3359/3359/3359 3360/3360/3360
f 3364/3364/3364 3359/3359/3359 3365/3365/3365
f 3366/3366/3366 3360/3360/3360 3361/3361/3361
f 3365/3365/3365 3360/3360/3360 3366/3366/3366
f 3367/3367/3367 3361/3361/3361 3362/3362/3362
f 3366/3366/3366 3361/3361/3361 3367/3367/3367
f 3368/3368/3368 1909/1909/1909 3364/3364/3364
f 1907/1907/1907 1909/1909/1909 3368/3368/3368
f 3369/3369/3369 3364/3364/3364 3365/3365/3365
f 3368/3368/3368 3364/3364/3364 3369/3369/3369
f 3370/3370/3370 3365/3365/3365 3366/3366/3366
f 3369/3369/3369 3365/3365/3365 3370/3370/3370
f 3371/3371/3371 1907/1907/1907 3368/3368/3368
f 1905/1905/1905 1907/1907/1907 3371/3371/3371
f 3372/3372/3372 3368/3368/3368 3369/3369/3369
f 3371/3371/3371 3368/3368/3368 3372/3372/3372
f 3373/3373/3373 1905/1905/1905 3371/3371/3371
f 1903/1903/1903 1905/1905/1905 3373/3373/3373
f 3362/3362/3362 3374/3374/3374 3367/3367/3367
f 3363/3363/3363 3374/3374/3374 3362/3362/3362
f 3375/3375/3375 3366/3366/3366 3367/3367/3367
f 3370/3370/3370 3366/3366/3366 3375/3375/3375
f 3376/3376/3376 3369/3369/3369 3370/3370/3370
f 3372/3372/3372 3369/3369/3369 3376/3376/3376
f 3377/3377/3377 3371/3371/3371 3372/3372/3372
f 3373/3373/3373 3371/3371/3371 3377/3377/3377
f 3378/3378/3378 1903/1903/1903 3373/3373/3373
f 1901/1901/1901 1903/1903/1903 3378/3378/3378
f 3374/3374/3374 3379/3379/3379 3367/3367/3367
f 3367/3367/3367 3379/3379/3379 3375/3375/3375
f 3380/3380/3380 3370/3370/3370 3375/3375/3375
f 3376/3376/3376 3370/3370/3370 3380/3380/3380
f 3381/3381/3381 3372/3372/3372 3376/3376/3376
f 3377/3377/3377 3372/3372/3372 3381/3381/3381
f 3382/3382/3382 3373/3373/3373 3377/3377/3377
f 3378/3378/3378 3373/3373/3373 3382/3382/3382
f 3383/3383/3383 1901/1901/1901 3378/3378/3378
f 1899/1899/1899 1901/1901/1901 3383/3383/3383
f 3379/3379/3379 3384/3384/3384 3375/3375/3375
f 3375/3375/3375 3384/3384/3384 3380/3380/3380
f 3385/3385/3385 3376/3376/3376 3380/3380/3380
f 3381/3381/3381 3376/3376/3376 3385/3385/3385
f 3386/3386/3386 3377/3377/3377 3381/3381/3381
f 3382/3382/3382 3377/3377/3377 3386/3386/3386
f 3387/3387/3387 3378/3378/3378 3382/3382/3382
f 3383/3383/3383 3378/3378/3378 3387/3387/3387
f 3388/3388/3388 1899/1899/1899 3383/3383/3383
f 1897/1897/1897 1899/1899/1899 3388/3388/3388
f 3384/3384/3384 3389/3389/3389 3380/3380/3380
f 3380/3380/3380 3389/3389/3389 3385/3385/3385
f 3390/3390/3390 3381/3381/3381 3385/3385/3385
f 3386/3386/3386 3381/3381/3381 3390/3390/3390
f 3391/3391/3391 3382/3382/3382 3386/3386/3386
f 3387/3387/3387 3382/3382/3382 3391/3391/3391
f 3392/3392/3392 3383/3383/3383 3387/3387/3387
f 3388/3388/3388 3383/3383/3383 3392/3392/3392
f 3393/3393/3393 1897/1897/1897 3388/3388/3388
f 1895/1895/1895 1897/1897/1897 3393/3393/3393
f 3389/3389/3389 3394/3394/3394 3385/3385/3385
f 3385/3385/3385 3394/3394/3394 3390/3390/3390
f 3395/3395/3395 3386/3386/3386 3390/3390/3390
f 3391/3391/3391 3386/3386/3386 3395/3395/3395
f 3396/3396/3396 3387/3387/3387 3391/3391/3391
f 3392/3392/3392 3387/3387/3387 3396/3396/3396
f 3397/3397/3397 3388/3388/3388 3392/3392/3392
f 3393/3393/3393 3388/3388/3388 3397/3397/3397
f 3398/3398/3398 1895/1895/1895 3393/3393/3393
f 1893/1893/1893 1895/1895/1895 3398/3398/3398
f 3394/3394/3394 3399/3399/3399 3390/3390/3390
f 3390/3390/3390 3399/3399/3399 3395/3395/3395
f 3400/3400/3400 3391/3391/3391 3395/3395/3395
f 3396/3396/3396 3391/3391/3391 3400/3400/3400
f 3401/3401/3401 3392/3392/3392 3396/3396/3396
f 3397/3397/3397 3392/3392/3392 3401/3401/3401
f 3402/3402/3402 3393/3393/3393 3397/3397/3397
f 3398/3398/3398 3393/3393/3393 3402/3402/3402
f 3403/3403/3403 1893/1893/1893 3398/3398/3398
f 1891/1891/1891 1893/1893/1893 3403/3403/3403
f 3399/3399/3399 3404/3404/3404 3395/3395/3395
f 3395/3395/3395 3404/3404/3404 3400/3400/3400
f 3405/3405/3405 3396/3396/3396 3400/3400/3400
f 3401/3401/3401 3396/3396/3396 3405/3405/3405
f 3406/3406/3406 3397/3397/3397 3401/3401/3401
f 3402/3402/3402 3397/3397/3397 3406/3406/3406
f 3407/3407/3407 3398/3398/3398 3402/3402/3402
f 3403/3403/3403 3398/3398/3398 3407/3407/3407
f 3408/3408/3408 1891/1891/1891 3403/3403/3403
f 1889/1889/1889 1891/1891/1891 3408/3408/3408
f 3404/3404/3404 3409/3409/3409 3400/3400/3400
f 3400/3400/3400 3409/3409/3409 3405/3405/3405
f 3410/3410/3410 3401/3401/3401 3405/3405/3405
f 3406/3406/3406 3401/3401/3401 3410/3410/3410
f 3411/3411/3411 3402/3402/3402 3406/3406/3406
f 3407/3407/3407 3402/3402/3402 3411/3411/3411
f 3412/3412/3412 3403/3403/3403 3407/3407/3407
f 3408/3408/3408 3403/3403/3403 3412/3412/3412
f 3413/3413/3413 1889/1889/1889 3408/3408/3408
f 1887/1887/1887 1889/1889/1889 3413/3413/3413
f 3409/3409/3409 3414/3414/3414 3405/3405/3405
f 3405/3405/3405 3414/3414/3414 3410/3410/3410
f 3415/3415/3415 3406/3406/3406 3410/3410/3410
f 3411/3411/3411 3406/3406/3406 3415/3415/3415
f 3416/3416/3416 3407/3407/3407 3411/3411/3411
f 3412/3412/3412 3407/3407/3407 3416/3416/3416
f 3417/3417/3417 3408/3408/3408 3412/3412/3412
f 3413/3413/3413 3408/3408/3408 3417/3417/3417
f 3418/3418/3418 1887/1887/1887 3413/3413/3413
f 1885/1885/1885 1887/1887/1887 3418/3418/3418
f 3414/3414/3414 3419/3419/3419 3410/3410/3410
f 3410/3410/3410 3419/3419/3419 3415/3415/3415
f 3420/3420/3420 3411/3411/3411 3415/3415/3415
f 3416/3416/3416 3411/3411/3411 3420/3420/3420
f 3421/3421/3421 3412/3412/3412 3416/3416/3416
f 3417/3417/3417 3412/3412/3412 3421/3421/3421
f 3422/3422/3422 3413/3413/3413 3417/3417/3417
f 3418/3418/3418 3413/3413/3413 3422/3422/3422
f 3423/3423/3423 1885/1885/1885 3418/3418/3418
f 1883/1883/1883 1885/1885/1885 3423/3423/3423
f 3419/3419/3419 3424/3424/3424 3415/3415/3415
f 3415/3415/3415 3424/3424/3424 3420/3420/3420
f 3425/3425/3425 3416/3416/3416 3420/3420/3420
f 3421/3421/3421 3416/3416/3416 3425/3425/3425
f 3426/3426/3426 3417/3417/3417 3421/3421/3421
f 3422/3422/3422 3417/3417/3417 3426/3426/3426
f 3427/3427/3427 3418/3418/3418 3422/3422/3422
f 3423/3423/3423 3418/3418/3418 3427/3427/3427
f 3428/3428/3428 1883/1883/1883 3423/3423/3423
f 1881/1881/1881 1883/1883/1883 3428/3428/3428
f 3424/3424/3424 3429/3429/3429 3420/3420/3420
f 3420/3420/3420 3429/3429/3429 3425/3425/3425
f 3430/3430/3430 3421/3421/3421 3425/3425/3425
f 3426/3426/3426 3421/3421/3421 3430/3430/3430
f 3431/3431/3431 3422/3422/3422 3426/3426/3426
f 3427/3427/3427 3422/3422/3422 3431/3431/3431
f 3432/3432/3432 3423/3423/3423 3427/3427/3427
f 3428/3428/3428 3423/3423/3423 3432/3432/3432
f 3433/3433/3433 1881/1881/1881 3428/3428/3428
f 1879/1879/1879 1881/1881/1881 3433/3433/3433
f 3429/3429/3429 3434/3434/3434 3425/3425/3425
f 3425/3425/3425 3434/3434/3434 3430/3430/3430
f 3435/3435/3435 3426/3426/3426 3430/3430/3430
f 3431/3431/3431 3426/3426/3426 3435/3435/3435
f 3436/3436/3436 3427/3427/3427 3431/3431/3431
f 3432/3432/3432 3427/3427/3427 3436/3436/3436
f 3437/3437/3437 3428/3428/3428 3432/3432/3432
f 3433/3433/3433 3428/3428/3428 3437/3437/3437
f 3438/3438/3438 1879/1879/1879 3433/3433/3433
f 1877/1877/1877 1879/1879/1879 3438/3438/3438
f 3434/3434/3434 3439/3439/3439 3430/3430/3430
f 3430/3430/3430 3439/3439/3439 3435/3435/3435
f 3440/3440/3440 3431/3431/3431 3435/3435/3435
f 3436/3436/3436 3431/3431/3431 3440/3440/3440
f 3441/3441/3441 3432/3432/3432 3436/3436/3436
f 3437/3437/3437 3432/3432/3432 3441/3441/3441
f 3442/3442/3442 3433/3433/3433 3437/3437/3437
f 3438/3438/3438 3433/3433/3433 3442/3442/3442
f 3443/3443/3443 1877/1877/1877 3438/3438/3438
f 1871/1871/1871 1877/1877/1877 3443/3443/3443
f 3439/3439/3439 3444/3444/3444 3435/3435/3435
f 3435/3435/3435 3444/3444/3444 3440/3440/3440
f 3445/3445/3445 3436/3436/3436 3440/3440/3440
f 3441/3441/3441 3436/3436/3436 3445/3445/3445
f 3446/3446/3446 3437/3437/3437 3441/3441/3441
f 3442/3442/3442 3437/3437/3437 3446/3446/3446
f 3447/3447/3447 3438/3438/3438 3442/3442/3442
f 3443/3443/3443 3438/3438/3438 3447/3447/3447
f 3448/3448/3448 1871/1871/1871 3443/3443/3443
f 1869/1869/1869 1871/1871/1871 3448/3448/3448
f 3444/3444/3444 3449/3449/3449 3440/3440/3440
f 3440/3440/3440 3449/3449/3449 3445/3445/3445
f 3450/3450/3450 3441/3441/3441 3445/3445/3445
f 3446/3446/3446 3441/3441/3441 3450/3450/3450
f 3451/3451/3451 3442/3442/3442 3446/3446/3446
f 3447/3447/3447 3442/3442/3442 3451/3451/3451
f 3452/3452/3452 3443/3443/3443 3447/3447/3447
f 3448/3448/3448 3443/3443/3443 3452/3452/3452
f 3453/3453/3453 1869/1869/1869 3448/3448/3448
f 1867/1867/1867 1869/1869/1869 3453/3453/3453
f 3449/3449/3449 3454/3454/3454 3445/3445/3445
f 3445/3445/3445 3454/3454/3454 3450/3450/3450
f 3455/3455/3455 3446/3446/3446 3450/3450/3450
f 3451/3451/3451 3446/3446/3446 3455/3455/3455
f 3456/3456/3456 3447/3447/3447 3451/3451/3451
f 3452/3452/3452 3447/3447/3447 3456/3456/3456
f 3457/3457/3457 3448/3448/3448 3452/3452/3452
f 3453/3453/3453 3448/3448/3448 3457/3457/3457
f 3458/3458/3458 1867/1867/1867 3453/3453/3453
f 1865/1865/1865 1867/1867/1867 3458/3458/3458
f 3454/3454/3454 3459/3459/3459 3450/3450/3450
f 3450/3450/3450 3459/3459/3459 3455/3455/3455
f 3460/3460/3460 3451/3451/3451 3455/3455/3455
f 3456/3456/3456 3451/3451/3451 3460/3460/3460
f 3461/3461/3461 3452/3452/3452 3456/3456/3456
f 3457/3457/3457 3452/3452/3452 3461/3461/3461
f 3462/3462/3462 3453/3453/3453 3457/3457/3457
f 3458/3458/3458 3453/3453/3453 3462/3462/3462
f 3463/3463/3463 1865/1865/1865 3458/3458/3458
f 1863/1863/1863 1865/1865/1865 3463/3463/3463
f 3464/3464/3464 3457/3457/3457 3461/3461/3461
f 3462/3462/3462 3457/3457/3457 3465/3465/3465
f 3461/3461/3461 3456/3456/3456 3466/3466/3466
f 3466/3466/3466 3456/3456/3456 3460/3460/3460
f 3464/3464/3464 3461/3461/3461 3467/3467/3467
f 3467/3467/3467 3461/3461/3461 3466/3466/3466
f 3468/3468/3468 3464/3464/3464 3467/3467/3467
f 3469/3469/3469 3458/3458/3458 3462/3462/3462
f 3463/3463/3463 3458/3458/3458 3469/3469/3469
f 3470/3470/3470 3462/3462/3462 3465/3465/3465
f 3469/3469/3469 3462/3462/3462 3470/3470/3470
f 3470/3470/3470 3465/3465/3465 3471/3471/3471
f 3472/3472/3472 1863/1863/1863 3463/3463/3463
f 1861/1861/1861 1863/1863/1863 3472/3472/3472
f 3467/3467/3467 3473/3473/3473 3468/3468/3468
f 3473/3473/3473 3474/3474/3474 3468/3468/3468
f 3475/3475/3475 3463/3463/3463 3469/3469/3469
f 3472/3472/3472 3463/3463/3463 3475/3475/3475
f 3476/3476/3476 3470/3470/3470 3471/3471/3471
f 3471/3471/3471 3477/3477/3477 3476/3476/3476
f 3478/3478/3478 3469/3469/3469 3470/3470/3470
f 3475/3475/3475 3469/3469/3469 3478/3478/3478
f 3478/3478/3478 3470/3470/3470 3476/3476/3476
f 3479/3479/3479 1861/1861/1861 3472/3472/3472
f 1859/1859/1859 1861/1861/1861 3479/3479/3479
f 3477/3477/3477 3480/3480/3480 3476/3476/3476
f 3480/3480/3480 3477/3477/3477 3481/3481/3481
f 3482/3482/3482 3472/3472/3472 3475/3475/3475
f 3479/3479/3479 3472/3472/3472 3482/3482/3482
f 3483/3483/3483 3478/3478/3478 3476/3476/3476
f 3476/3476/3476 3480/3480/3480 3483/3483/3483
f 3484/3484/3484 3475/3475/3475 3478/3478/3478
f 3482/3482/3482 3475/3475/3475 3484/3484/3484
f 3484/3484/3484 3478/3478/3478 3483/3483/3483
f 3485/3485/3485 1859/1859/1859 3479/3479/3479
f 1857/1857/1857 1859/1859/1859 3485/3485/3485
f 3486/3486/3486 3480/3480/3480 3481/3481/3481
f 3486/3486/3486 3481/3481/3481 3487/3487/3487
f 3488/3488/3488 3479/3479/3479 3482/3482/3482
f 3485/3485/3485 3479/3479/3479 3488/3488/3488
f 3480/3480/3480 3489/3489/3489 3483/3483/3483
f 3489/3489/3489 3480/3480/3480 3486/3486/3486
f 3490/3490/3490 3484/3484/3484 3483/3483/3483
f 3483/3483/3483 3489/3489/3489 3490/3490/3490
f 3491/3491/3491 3482/3482/3482 3484/3484/3484
f 3488/3488/3488 3482/3482/3482 3491/3491/3491
f 3491/3491/3491 3484/3484/3484 3490/3490/3490
f 3492/3492/3492 1857/1857/1857 3485/3485/3485
f 1855/1855/1855 1857/1857/1857 3492/3492/3492
f 3493/3493/3493 3485/3485/3485 3488/3488/3488
f 3492/3492/3492 3485/3485/3485 3493/3493/3493
f 3494/3494/3494 3488/3488/3488 3491/3491/3491
f 3493/3493/3493 3488/3488/3488 3494/3494/3494
f 3495/3495/3495 3491/3491/3491 3490/3490/3490
f 3494/3494/3494 3491/3491/3491 3495/3495/3495
f 3489/3489/3489 3496/3496/3496 3490/3490/3490
f 3490/3490/3490 3496/3496/3496 3495/3495/3495
f 3497/3497/3497 1855/1855/1855 3492/3492/3492
f 1853/1853/1853 1855/1855/1855 3497/3497/3497
f 3498/3498/3498 3492/3492/3492 3493/3493/3493
f 3497/3497/3497 3492/3492/3492 3498/3498/3498
f 3499/3499/3499 3493/3493/3493 3494/3494/3494
f 3498/3498/3498 3493/3493/3493 3499/3499/3499
f 3500/3500/3500 3494/3494/3494 3495/3495/3495
f 3499/3499/3499 3494/3494/3494 3500/3500/3500
f 3501/3501/3501 1853/1853/1853 3497/3497/3497
f 1851/1851/1851 1853/1853/1853 3501/3501/3501
f 3502/3502/3502 3497/3497/3497 3498/3498/3498
f 3501/3501/3501 3497/3497/3497 3502/3502/3502
f 3503/3503/3503 3498/3498/3498 3499/3499/3499
f 3502/3502/3502 3498/3498/3498 3503/3503/3503
f 3504/3504/3504 1851/1851/1851 3501/3501/3501
f 1849/1849/1849 1851/1851/1851 3504/3504/3504
f 3505/3505/3505 3501/3501/3501 3502/3502/3502
f 3504/3504/3504 3501/3501/3501 3505/3505/3505
f 3506/3506/3506 1849/1849/1849 3504/3504/3504
f 1847/1847/1847 1849/1849/1849 3506/3506/3506
f 3495/3495/3495 3507/3507/3507 3500/3500/3500
f 3496/3496/3496 3507/3507/3507 3495/3495/3495
f 3508/3508/3508 3499/3499/3499 3500/3500/3500
f 3503/3503/3503 3499/3499/3499 3508/3508/3508
f 3509/3509/3509 3502/3502/3502 3503/3503/3503
f 3505/3505/3505 3502/3502/3502 3509/3509/3509
f 3510/3510/3510 3504/3504/3504 3505/3505/3505
f 3506/3506/3506 3504/3504/3504 3510/3510/3510
f 3511/3511/3511 1847/1847/1847 3506/3506/3506
f 1845/1845/1845 1847/1847/1847 3511/3511/3511
f 3507/3507/3507 3512/3512/3512 3500/3500/3500
f 3500/3500/3500 3512/3512/3512 3508/3508/3508
f 3513/3513/3513 3503/3503/3503 3508/3508/3508
f 3509/3509/3509 3503/3503/3503 3513/3513/3513
f 3514/3514/3514 3505/3505/3505 3509/3509/3509
f 3510/3510/3510 3505/3505/3505 3514/3514/3514
f 3515/3515/3515 3506/3506/3506 3510/3510/3510
f 3511/3511/3511 3506/3506/3506 3515/3515/3515
f 3516/3516/3516 1845/1845/1845 3511/3511/3511
f 1843/1843/1843 1845/1845/1845 3516/3516/3516
f 3512/3512/3512 3517/3517/3517 3508/3508/3508
f 3508/3508/3508 3517/3517/3517 3513/3513/3513
f 3518/3518/3518 3509/3509/3509 3513/3513/3513
f 3514/3514/3514 3509/3509/3509 3518/3518/3518
f 3519/3519/3519 3510/3510/3510 3514/3514/3514
f 3515/3515/3515 3510/3510/3510 3519/3519/3519
f 3520/3520/3520 3511/3511/3511 3515/3515/3515
f 3516/3516/3516 3511/3511/3511 3520/3520/3520
f 3521/3521/3521 1843/1843/1843 3516/3516/3516
f 1841/1841/1841 1843/1843/1843 3521/3521/3521
f 3517/3517/3517 3522/3522/3522 3513/3513/3513
f 3513/3513/3513 3522/3522/3522 3518/3518/3518
f 3523/3523/3523 3514/3514/3514 3518/3518/3518
f 3519/3519/3519 3514/3514/3514 3523/3523/3523
f 3524/3524/3524 3515/3515/3515 3519/3519/3519
f 3520/3520/3520 3515/3515/3515 3524/3524/3524
f 3525/3525/3525 3516/3516/3516 3520/3520/3520
f 3521/3521/3521 3516/3516/3516 3525/3525/3525
f 3526/3526/3526 1841/1841/1841 3521/3521/3521
f 1839/1839/1839 1841/1841/1841 3526/3526/3526
f 3522/3522/3522 3527/3527/3527 3518/3518/3518
f 3518/3518/3518 3527/3527/3527 3523/3523/3523
f 3528/3528/3528 3519/3519/3519 3523/3523/3523
f 3524/3524/3524 3519/3519/3519 3528/3528/3528
f 3529/3529/3529 3520/3520/3520 3524/3524/3524
f 3525/3525/3525 3520/3520/3520 3529/3529/3529
f 3530/3530/3530 3521/3521/3521 3525/3525/3525
f 3526/3526/3526 3521/3521/3521 3530/3530/3530
f 3531/3531/3531 1839/1839/1839 3526/3526/3526
f 1837/1837/1837 1839/1839/1839 3531/3531/3531
f 3527/3527/3527 3532/3532/3532 3523/3523/3523
f 3523/3523/3523 3532/3532/3532 3528/3528/3528
f 3533/3533/3533 3524/3524/3524 3528/3528/3528
f 3529/3529/3529 3524/3524/3524 3533/3533/3533
f 3534/3534/3534 3525/3525/3525 3529/3529/3529
f 3530/3530/3530 3525/3525/3525 3534/3534/3534
f 3535/3535/3535 3526/3526/3526 3530/3530/3530
f 3531/3531/3531 3526/3526/3526 3535/3535/3535
f 3536/3536/3536 1837/1837/1837 3531/3531/3531
f 1835/1835/1835 1837/1837/1837 3536/3536/3536
f 3532/3532/3532 3537/3537/3537 3528/3528/3528
f 3528/3528/3528 3537/3537/3537 3533/3533/3533
f 3538/3538/3538 3529/3529/3529 3533/3533/3533
f 3534/3534/3534 3529/3529/3529 3538/3538/3538
f 3539/3539/3539 3530/3530/3530 3534/3534/3534
f 3535/3535/3535 3530/3530/3530 3539/3539/3539
f 3540/3540/3540 3531/3531/3531 3535/3535/3535
f 3536/3536/3536 3531/3531/3531 3540/3540/3540
f 3541/3541/3541 1835/1835/1835 3536/3536/3536
f 1833/1833/1833 1835/1835/1835 3541/3541/3541
f 3537/3537/3537 3542/3542/3542 3533/3533/3533
f 3533/3533/3533 3542/3542/3542 3538/3538/3538
f 3543/3543/3543 3534/3534/3534 3538/3538/3538
f 3539/3539/3539 3534/3534/3534 3543/3543/3543
f 3544/3544/3544 3535/3535/3535 3539/3539/3539
f 3540/3540/3540 3535/3535/3535 3544/3544/3544
f 3545/3545/3545 3536/3536/3536 3540/3540/3540
f 3541/3541/3541 3536/3536/3536 3545/3545/3545
f 3546/3546/3546 1833/1833/1833 3541/3541/3541
f 1831/1831/1831 1833/1833/1833 3546/3546/3546
f 3542/3542/3542 3547/3547/3547 3538/3538/3538
f 3538/3538/3538 3547/3547/3547 3543/3543/3543
f 3548/3548/3548 3539/3539/3539 3543/3543/3543
f 3544/3544/3544 3539/3539/3539 3548/3548/3548
f 3549/3549/3549 3540/3540/3540 3544/3544/3544
f 3545/3545/3545 3540/3540/3540 3549/3549/3549
f 3550/3550/3550 3541/3541/3541 3545/3545/3545
f 3546/3546/3546 3541/3541/3541 3550/3550/3550
f 3551/3551/3551 1831/1831/1831 3546/3546/3546
f 1829/1829/1829 1831/1831/1831 3551/3551/3551
f 3547/3547/3547 3552/3552/3552 3543/3543/3543
f 3543/3543/3543 3552/3552/3552 3548/3548/3548
f 3553/3553/3553 3544/3544/3544 3548/3548/3548
f 3549/3549/3549 3544/3544/3544 3553/3553/3553
f 3554/3554/3554 3545/3545/3545 3549/3549/3549
f 3550/3550/3550 3545/3545/3545 3554/3554/3554
f 3555/3555/3555 3546/3546/3546 3550/3550/3550
f 3551/3551/3551 3546/3546/3546 3555/3555/3555
f 3556/3556/3556 1829/1829/1829 3551/3551/3551
f 1827/1827/1827 1829/1829/1829 3556/3556/3556
f 3552/3552/3552 3557/3557/3557 3548/3548/3548
f 3548/3548/3548 3557/3557/3557 3553/3553/3553
f 3558/3558/3558 3549/3549/3549 3553/3553/3553
f 3554/3554/3554 3549/3549/3549 3558/3558/3558
f 3559/3559/3559 3550/3550/3550 3554/3554/3554
f 3555/3555/3555 3550/3550/3550 3559/3559/3559
f 3560/3560/3560 3551/3551/3551 3555/3555/3555
f 3556/3556/3556 3551/3551/3551 3560/3560/3560
f 3561/3561/3561 1827/1827/1827 3556/3556/3556
f 1825/1825/1825 1827/1827/1827 3561/3561/3561
f 3557/3557/3557 3562/3562/3562 3553/3553/3553
f 3553/3553/3553 3562/3562/3562 3558/3558/3558
f 3563/3563/3563 3554/3554/3554 3558/3558/3558
f 3559/3559/3559 3554/3554/3554 3563/3563/3563
f 3564/3564/3564 3555/3555/3555 3559/3559/3559
f 3560/3560/3560 3555/3555/3555 3564/3564/3564
f 3565/3565/3565 3556/3556/3556 3560/3560/3560
f 3561/3561/3561 3556/3556/3556 3565/3565/3565
f 3566/3566/3566 1825/1825/1825 3561/3561/3561
f 1823/1823/1823 1825/1825/1825 3566/3566/3566
f 3562/3562/3562 3567/3567/3567 3558/3558/3558
f 3558/3558/3558 3567/3567/3567 3563/3563/3563
f 3568/3568/3568 3559/3559/3559 3563/3563/3563
f 3564/3564/3564 3559/3559/3559 3568/3568/3568
f 3569/3569/3569 3560/3560/3560 3564/3564/3564
f 3565/3565/3565 3560/3560/3560 3569/3569/3569
f 3570/3570/3570 3561/3561/3561 3565/3565/3565
f 3566/3566/3566 3561/3561/3561 3570/3570/3570
f 3571/3571/3571 1823/1823/1823 3566/3566/3566
f 1821/1821/1821 1823/1823/1823 3571/3571/3571
f 3567/3567/3567 3572/3572/3572 3563/3563/3563
f 3563/3563/3563 3572/3572/3572 3568/3568/3568
f 3573/3573/3573 3564/3564/3564 3568/3568/3568
f 3569/3569/3569 3564/3564/3564 3573/3573/3573
f 3574/3574/3574 3565/3565/3565 3569/3569/3569
f 3570/3570/3570 3565/3565/3565 3574/3574/3574
f 3575/3575/3575 3566/3566/3566 3570/3570/3570
f 3571/3571/3571 3566/3566/3566 3575/3575/3575
f 3576/3576/3576 1821/1821/1821 3571/3571/3571
f 1819/1819/1819 1821/1821/1821 3576/3576/3576
f 3572/3572/3572 3577/3577/3577 3568/3568/3568
f 3568/3568/3568 3577/3577/3577 3573/3573/3573
f 3578/3578/3578 3569/3569/3569 3573/3573/3573
f 3574/3574/3574 3569/3569/3569 3578/3578/3578
f 3579/3579/3579 3570/3570/3570 3574/3574/3574
f 3575/3575/3575 3570/3570/3570 3579/3579/3579
f 3580/3580/3580 3571/3571/3571 3575/3575/3575
f 3576/3576/3576 3571/3571/3571 3580/3580/3580
f 3581/3581/3581 1819/1819/1819 3576/3576/3576
f 1817/1817/1817 1819/1819/1819 3581/3581/3581
f 3577/3577/3577 3582/3582/3582 3573/3573/3573
f 3573/3573/3573 3582/3582/3582 3578/3578/3578
f 3583/3583/3583 3574/3574/3574 3578/3578/3578
f 3579/3579/3579 3574/3574/3574 3583/3583/3583
f 3584/3584/3584 3575/3575/3575 3579/3579/3579
f 3580/3580/3580 3575/3575/3575 3584/3584/3584
f 3585/3585/3585 3576/3576/3576 3580/3580/3580
f 3581/3581/3581 3576/3576/3576 3585/3585/3585
f 3586/3586/3586 1817/1817/1817 3581/3581/3581
f 1815/1815/1815 1817/1817/1817 3586/3586/3586
f 3582/3582/3582 3587/3587/3587 3578/3578/3578
f 3578/3578/3578 3587/3587/3587 3583/3583/3583
f 3588/3588/3588 3579/3579/3579 3583/3583/3583
f 3584/3584/3584 3579/3579/3579 3588/3588/3588
f 3589/3589/3589 3580/3580/3580 3584/3584/3584
f 3585/3585/3585 3580/3580/3580 3589/3589/3589
f 3590/3590/3590 3581/3581/3581 3585/3585/3585
f 3586/3586/3586 3581/3581/3581 3590/3590/3590
f 3591/3591/3591 1815/1815/1815 3586/3586/3586
f 1813/1813/1813 1815/1815/1815 3591/3591/3591
f 3587/3587/3587 3592/3592/3592 3583/3583/3583
f 3583/3583/3583 3592/3592/3592 3588/3588/3588
f 3593/3593/3593 3584/3584/3584 3588/3588/3588
f 3589/3589/3589 3584/3584/3584 3593/3593/3593
f 3594/3594/3594 3585/3585/3585 3589/3589/3589
f 3590/3590/3590 3585/3585/3585 3594/3594/3594
f 3595/3595/3595 3586/3586/3586 3590/3590/3590
f 3591/3591/3591 3586/3586/3586 3595/3595/3595
f 3596/3596/3596 1813/1813/1813 3591/3591/3591
f 1811/1811/1811 1813/1813/1813 3596/3596/3596
f 3592/3592/3592 3597/3597/3597 3588/3588/3588
f 3588/3588/3588 3597/3597/3597 3593/3593/3593
f 3598/3598/3598 3589/3589/3589 3593/3593/3593
f 3594/3594/3594 3589/3589/3589 3598/3598/3598
f 3599/3599/3599 3590/3590/3590 3594/3594/3594
f 3595/3595/3595 3590/3590/3590 3599/3599/3599
f 3600/3600/3600 3591/3591/3591 3595/3595/3595
f 3596/3596/3596 3591/3591/3591 3600/3600/3600
f 3601/3601/3601 1811/1811/1811 3596/3596/3596
f 1809/1809/1809 1811/1811/1811 3601/3601/3601
f 3597/3597/3597 3602/3602/3602 3593/3593/3593
f 3593/3593/3593 3602/3602/3602 3598/3598/3598
f 3603/3603/3603 3594/3594/3594 3598/3598/3598
f 3599/3599/3599 3594/3594/3594 3603/3603/3603
f 3604/3604/3604 3595/3595/3595 3599/3599/3599
f 3600/3600/3600 3595/3595/3595 3604/3604/3604
f 3605/3605/3605 3596/3596/3596 3600/3600/3600
f 3601/3601/3601 3596/3596/3596 3605/3605/3605
f 3606/3606/3606 1809/1809/1809 3601/3601/3601
f 1807/1807/1807 1809/1809/1809 3606/3606/3606
f 3602/3602/3602 3607/3607/3607 3598/3598/3598
f 3598/3598/3598 3607/3607/3607 3603/3603/3603
f 3608/3608/3608 3599/3599/3599 3603/3603/3603
f 3604/3604/3604 3599/3599/3599 3608/3608/3608
f 3609/3609/3609 3600/3600/3600 3604/3604/3604
f 3605/3605/3605 3600/3600/3600 3609/3609/3609
f 3610/3610/3610 3601/3601/3601 3605/3605/3605
f 3606/3606/3606 3601/3601/3601 3610/3610/3610
f 3611/3611/3611 1807/1807/1807 3606/3606/3606
f 1805/1805/1805 1807/1807/1807 3611/3611/3611
f 3607/3607/3607 3612/3612/3612 3603/3603/3603
f 3603/3603/3603 3612/3612/3612 3608/3608/3608
f 3613/3613/3613 3604/3604/3604 3608/3608/3608
f 3609/3609/3609 3604/3604/3604 3613/3613/3613
f 3614/3614/3614 3605/3605/3605 3609/3609/3609
f 3610/3610/3610 3605/3605/3605 3614/3614/3614
f 3615/3615/3615 3606/3606/3606 3610/3610/3610
f 3611/3611/3611 3606/3606/3606 3615/3615/3615
f 3616/3616/3616 1805/1805/1805 3611/3611/3611
f 1803/1803/1803 1805/1805/1805 3616/3616/3616
f 3612/3612/3612 3617/3617/3617 3608/3608/3608
f 3608/3608/3608 3617/3617/3617 3613/3613/3613
f 3618/3618/3618 3609/3609/3609 3613/3613/3613
f 3614/3614/3614 3609/3609/3609 3618/3618/3618
f 3619/3619/3619 3610/3610/3610 3614/3614/3614
f 3615/3615/3615 3610/3610/3610 3619/3619/3619
f 3620/3620/3620 3611/3611/3611 3615/3615/3615
f 3616/3616/3616 3611/3611/3611 3620/3620/3620
f 3621/3621/3621 1803/1803/1803 3616/3616/3616
f 1801/1801/1801 1803/1803/1803 3621/3621/3621
f 3617/3617/3617 3622/3622/3622 3613/3613/3613
f 3613/3613/3613 3622/3622/3622 3618/3618/3618
f 3623/3623/3623 3614/3614/3614 3618/3618/3618
f 3619/3619/3619 3614/3614/3614 3623/3623/3623
f 3624/3624/3624 3615/3615/3615 3619/3619/3619
f 3620/3620/3620 3615/3615/3615 3624/3624/3624
f 3625/3625/3625 3616/3616/3616 3620/3620/3620
f 3621/3621/3621 3616/3616/3616 3625/3625/3625
f 3626/3626/3626 1801/1801/1801 3621/3621/3621
f 1799/1799/1799 1801/1801/1801 3626/3626/3626
f 3622/3622/3622 3627/3627/3627 3618/3618/3618
f 3618/3618/3618 3627/3627/3627 3623/3623/3623
f 3628/3628/3628 3619/3619/3619 3623/3623/3623
f 3624/3624/3624 3619/3619/3619 3628/3628/3628
f 3629/3629/3629 3620/3620/3620 3624/3624/3624
f 3625/3625/3625 3620/3620/3620 3629/3629/3629
f 3630/3630/3630 3621/3621/3621 3625/3625/3625
f 3626/3626/3626 3621/3621/3621 3630/3630/3630
f 3631/3631/3631 1799/1799/1799 3626/3626/3626
f 1797/1797/1797 1799/1799/1799 3631/3631/3631
f 3627/3627/3627 3632/3632/3632 3623/3623/3623
f 3623/3623/3623 3632/3632/3632 3628/3628/3628
f 3633/3633/3633 3624/3624/3624 3628/3628/3628
f 3629/3629/3629 3624/3624/3624 3633/3633/3633
f 3634/3634/3634 3625/3625/3625 3629/3629/3629
f 3630/3630/3630 3625/3625/3625 3634/3634/3634
f 3635/3635/3635 3626/3626/3626 3630/3630/3630
f 3631/3631/3631 3626/3626/3626 3635/3635/3635
f 3636/3636/3636 1797/1797/1797 3631/3631/3631
f 1795/1795/1795 1797/1797/1797 3636/3636/3636
f 3632/3632/3632 3637/3637/3637 3628/3628/3628
f 3628/3628/3628 3637/3637/3637 3633/3633/3633
f 3638/3638/3638 3629/3629/3629 3633/3633/3633
f 3634/3634/3634 3629/3629/3629 3638/3638/3638
f 3639/3639/3639 3630/3630/3630 3634/3634/3634
f 3635/3635/3635 3630/3630/3630 3639/3639/3639
f 3640/3640/3640 3631/3631/3631 3635/3635/3635
f 3636/3636/3636 3631/3631/3631 3640/3640/3640
f 3641/3641/3641 1795/1795/1795 3636/3636/3636
f 1793/1793/1793 1795/1795/1795 3641/3641/3641
f 3637/3637/3637 3642/3642/3642 3633/3633/3633
f 3633/3633/3633 3642/3642/3642 3638/3638/3638
f 3643/3643/3643 3634/3634/3634 3638/3638/3638
f 3639/3639/3639 3634/3634/3634 3643/3643/3643
f 3644/3644/3644 3635/3635/3635 3639/3639/3639
f 3640/3640/3640 3635/3635/3635 3644/3644/3644
f 3645/3645/3645 3636/3636/3636 3640/3640/3640
f 3641/3641/3641 3636/3636/3636 3645/3645/3645
f 3646/3646/3646 1793/1793/1793 3641/3641/3641
f 1791/1791/1791 1793/1793/1793 3646/3646/3646
f 3642/3642/3642 3647/3647/3647 3638/3638/3638
f 3638/3638/3638 3647/3647/3647 3643/3643/3643
f 3648/3648/3648 3639/3639/3639 3643/3643/3643
f 3644/3644/3644 3639/3639/3639 3648/3648/3648
f 3649/3649/3649 3640/3640/3640 3644/3644/3644
f 3645/3645/3645 3640/3640/3640 3649/3649/3649
f 3650/3650/3650 3641/3641/3641 3645/3645/3645
f 3646/3646/3646 3641/3641/3641 3650/3650/3650
f 3651/3651/3651 1791/1791/1791 3646/3646/3646
f 1789/1789/1789 1791/1791/1791 3651/3651/3651
f 3647/3647/3647 3652/3652/3652 3643/3643/3643
f 3643/3643/3643 3652/3652/3652 3648/3648/3648
f 3653/3653/3653 3644/3644/3644 3648/3648/3648
f 3649/3649/3649 3644/3644/3644 3653/3653/3653
f 3654/3654/3654 3645/3645/3645 3649/3649/3649
f 3650/3650/3650 3645/3645/3645 3654/3654/3654
f 3655/3655/3655 3646/3646/3646 3650/3650/3650
f 3651/3651/3651 3646/3646/3646 3655/3655/3655
f 3656/3656/3656 1789/1789/1789 3651/3651/3651
f 1787/1787/1787 1789/1789/1789 3656/3656/3656
f 3652/3652/3652 3657/3657/3657 3648/3648/3648
f 3648/3648/3648 3657/3657/3657 3653/3653/3653
f 3658/3658/3658 3649/3649/3649 3653/3653/3653
f 3654/3654/3654 3649/3649/3649 3658/3658/3658
f 3659/3659/3659 3650/3650/3650 3654/3654/3654
f 3655/3655/3655 3650/3650/3650 3659/3659/3659
f 3660/3660/3660 3651/3651/3651 3655/3655/3655
f 3656/3656/3656 3651/3651/3651 3660/3660/3660
f 3661/3661/3661 1787/1787/1787 3656/3656/3656
f 1785/1785/1785 1787/1787/1787 3661/3661/3661
f 3657/3657/3657 3662/3662/3662 3653/3653/3653
f 3653/3653/3653 3662/3662/3662 3658/3658/3658
f 3663/3663/3663 3654/3654/3654 3658/3658/3658
f 3659/3659/3659 3654/3654/3654 3663/3663/3663
f 3664/3664/3664 3655/3655/3655 3659/3659/3659
f 3660/3660/3660 3655/3655/3655 3664/3664/3664
f 3665/3665/3665 3656/3656/3656 3660/3660/3660
f 3661/3661/3661 3656/3656/3656 3665/3665/3665
f 3666/3666/3666 1785/1785/1785 3661/3661/3661
f 1783/1783/1783 1785/1785/1785 3666/3666/3666
f 3662/3662/3662 3667/3667/3667 3658/3658/3658
f 3658/3658/3658 3667/3667/3667 3663/3663/3663
f 3668/3668/3668 3659/3659/3659 3663/3663/3663
f 3664/3664/3664 3659/3659/3659 3668/3668/3668
f 3669/3669/3669 3660/3660/3660 3664/3664/3664
f 3665/3665/3665 3660/3660/3660 3669/3669/3669
f 3670/3670/3670 3661/3661/3661 3665/3665/3665
f 3666/3666/3666 3661/3661/3661 3670/3670/3670
f 3671/3671/3671 1783/1783/1783 3666/3666/3666
f 1774/1774/1774 1783/1783/1783 3671/3671/3671
f 3667/3667/3667 3672/3672/3672 3663/3663/3663
f 3663/3663/3663 3672/3672/3672 3668/3668/3668
f 3673/3673/3673 3664/3664/3664 3668/3668/3668
f 3669/3669/3669 3664/3664/3664 3673/3673/3673
f 3674/3674/3674 3665/3665/3665 3669/3669/3669
f 3670/3670/3670 3665/3665/3665 3674/3674/3674
f 3675/3675/3675 3666/3666/3666 3670/3670/3670
f 3671/3671/3671 3666/3666/3666 3675/3675/3675
f 3676/3676/3676 1774/1774/1774 3671/3671/3671
f 1770/1770/1770 1774/1774/1774 3676/3676/3676
f 3672/3672/3672 3677/3677/3677 3668/3668/3668
f 3668/3668/3668 3677/3677/3677 3673/3673/3673
f 3678/3678/3678 3669/3669/3669 3673/3673/3673
f 3674/3674/3674 3669/3669/3669 3678/3678/3678
f 3679/3679/3679 3670/3670/3670 3674/3674/3674
f 3675/3675/3675 3670/3670/3670 3679/3679/3679
f 3680/3680/3680 3671/3671/3671 3675/3675/3675
f 3676/3676/3676 3671/3671/3671 3680/3680/3680
f 3681/3681/3681 1770/1770/1770 3676/3676/3676
f 1766/1766/1766 1770/1770/1770 3681/3681/3681
f 1772/1772/1772 1766/1766/1766 3681/3681/3681
f 3681/3681/3681 3676/3676/3676 3682/3682/3682
f 3682/3682/3682 3676/3676/3676 3680/3680/3680
f 1772/1772/1772 3681/3681/3681 3683/3683/3683
f 3683/3683/3683 3681/3681/3681 3682/3682/3682
f 1782/1782/1782 1772/1772/1772 3683/3683/3683
f 3680/3680/3680 3675/3675/3675 3684/3684/3684
f 3684/3684/3684 3675/3675/3675 3679/3679/3679
f 3679/3679/3679 3674/3674/3674 3685/3685/3685
f 3685/3685/3685 3674/3674/3674 3678/3678/3678
f 3682/3682/3682 3680/3680/3680 3686/3686/3686
f 3686/3686/3686 3680/3680/3680 3684/3684/3684
f 3683/3683/3683 3682/3682/3682 3687/3687/3687
f 3688/3688/3688 3682/3682/3682 3686/3686/3686
f 3689/3689/3689 3683/3683/3683 3687/3687/3687
f 1782/1782/1782 3683/3683/3683 3689/3689/3689
f 3689/3689/3689 3687/3687/3687 3690/3690/3690
f 3684/3684/3684 3679/3679/3679 3691/3691/3691
f 3691/3691/3691 3679/3679/3679 3685/3685/3685
f 3686/3686/3686 3684/3684/3684 3692/3692/3692
f 3692/3692/3692 3684/3684/3684 3691/3691/3691
f 3688/3688/3688 3686/3686/3686 3693/3693/3693
f 3693/3693/3693 3686/3686/3686 3692/3692/3692
f 3694/3694/3694 3688/3688/3688 3693/3693/3693
f 3695/3695/3695 1782/1782/1782 3689/3689/3689
f 1773/1773/1773 1782/1782/1782 3695/3695/3695
f 3696/3696/3696 3689/3689/3689 3690/3690/3690
f 3695/3695/3695 3689/3689/3689 3696/3696/3696
f 3690/3690/3690 3697/3697/3697 3696/3696/3696
f 3693/3693/3693 3698/3698/3698 3694/3694/3694
f 3698/3698/3698 3699/3699/3699 3694/3694/3694
f 3692/3692/3692 3700/3700/3700 3693/3693/3693
f 3700/3700/3700 3698/3698/3698 3693/3693/3693
f 3701/3701/3701 1773/1773/1773 3695/3695/3695
f 1769/1769/1769 1773/1773/1773 3701/3701/3701
f 3697/3697/3697 3702/3702/3702 3696/3696/3696
f 3702/3702/3702 3697/3697/3697 3703/3703/3703
f 3704/3704/3704 3695/3695/3695 3696/3696/3696
f 3701/3701/3701 3695/3695/3695 3704/3704/3704
f 3696/3696/3696 3702/3702/3702 3704/3704/3704
f 3699/3699/3699 3698/3698/3698 3705/3705/3705
f 3706/3706/3706 3699/3699/3699 3705/3705/3705
f 3707/3707/3707 1769/1769/1769 3701/3701/3701
f 1765/1765/1765 1769/1769/1769 3707/3707/3707
f 3708/3708/3708 3702/3702/3702 3703/3703/3703
f 3708/3708/3708 3703/3703/3703 3709/3709/3709
f 3702/3702/3702 3710/3710/3710 3704/3704/3704
f 3710/3710/3710 3702/3702/3702 3708/3708/3708
f 3711/3711/3711 3701/3701/3701 3704/3704/3704
f 3707/3707/3707 3701/3701/3701 3711/3711/3711
f 3704/3704/3704 3710/3710/3710 3711/3711/3711
f 3712/3712/3712 1765/1765/1765 3707/3707/3707
f 1761/1761/1761 1765/1765/1765 3712/3712/3712
f 3713/3713/3713 3707/3707/3707 3711/3711/3711
f 3712/3712/3712 3707/3707/3707 3713/3713/3713
f 3710/3710/3710 3714/3714/3714 3711/3711/3711
f 3711/3711/3711 3714/3714/3714 3713/3713/3713
f 3715/3715/3715 3710/3710/3710 3708/3708/3708
f 3714/3714/3714 3710/3710/3710 3715/3715/3715
f 3716/3716/3716 1761/1761/1761 3712/3712/3712
f 1757/1757/1757 1761/1761/1761 3716/3716/3716
f 3717/3717/3717 3712/3712/3712 3713/3713/3713
f 3716/3716/3716 3712/3712/3712 3717/3717/3717
f 3714/3714/3714 3718/3718/3718 3713/3713/3713
f 3713/3713/3713 3718/3718/3718 3717/3717/3717
f 3719/3719/3719 1757/1757/1757 3716/3716/3716
f 1753/1753/1753 1757/1757/1757 3719/3719/3719
f 3720/3720/3720 3716/3716/3716 3717/3717/3717
f 3719/3719/3719 3716/3716/3716 3720/3720/3720
f 3721/3721/3721 1753/1753/1753 3719/3719/3719
f 1749/1749/1749 1753/1753/1753 3721/3721/3721
f 3715/3715/3715 3708/3708/3708 3722/3722/3722
f 3722/3722/3722 3708/3708/3708 3709/3709/3709
f 3723/3723/3723 3714/3714/3714 3715/3715/3715
f 3718/3718/3718 3714/3714/3714 3723/3723/3723
f 3718/3718/3718 3724/3724/3724 3717/3717/3717
f 3717/3717/3717 3724/3724/3724 3720/3720/3720
f 3725/3725/3725 3719/3719/3719 3720/3720/3720
f 3721/3721/3721 3719/3719/3719 3725/3725/3725
f 3726/3726/3726 1749/1749/1749 3721/3721/3721
f 1745/1745/1745 1749/1749/1749 3726/3726/3726
f 3727/3727/3727 3715/3715/3715 3722/3722/3722
f 3723/3723/3723 3715/3715/3715 3727/3727/3727
f 3728/3728/3728 3718/3718/3718 3723/3723/3723
f 3724/3724/3724 3718/3718/3718 3728/3728/3728
f 3724/3724/3724 3729/3729/3729 3720/3720/3720
f 3720/3720/3720 3729/3729/3729 3725/3725/3725
f 3730/3730/3730 3721/3721/3721 3725/3725/3725
f 3726/3726/3726 3721/3721/3721 3730/3730/3730
f 3731/3731/3731 1745/1745/1745 3726/3726/3726
f 1741/1741/1741 1745/1745/1745 3731/3731/3731
f 3732/3732/3732 3723/3723/3723 3727/3727/3727
f 3728/3728/3728 3723/3723/3723 3732/3732/3732
f 3733/3733/3733 3724/3724/3724 3728/3728/3728
f 3729/3729/3729 3724/3724/3724 3733/3733/3733
f 3729/3729/3729 3734/3734/3734 3725/3725/3725
f 3725/3725/3725 3734/3734/3734 3730/3730/3730
f 3735/3735/3735 3726/3726/3726 3730/3730/3730
f 3731/3731/3731 3726/3726/3726 3735/3735/3735
f 3736/3736/3736 1741/1741/1741 3731/3731/3731
f 1737/1737/1737 1741/1741/1741 3736/3736/3736
f 3737/3737/3737 3728/3728/3728 3732/3732/3732
f 3733/3733/3733 3728/3728/3728 3737/3737/3737
f 3738/3738/3738 3729/3729/3729 3733/3733/3733
f 3734/3734/3734 3729/3729/3729 3738/3738/3738
f 3734/3734/3734 3739/3739/3739 3730/3730/3730
f 3730/3730/3730 3739/3739/3739 3735/3735/3735
f 3740/3740/3740 3731/3731/3731 3735/3735/3735
f 3736/3736/3736 3731/3731/3731 3740/3740/3740
f 3741/3741/3741 1737/1737/1737 3736/3736/3736
f 1726/1726/1726 1737/1737/1737 3741/3741/3741
f 3742/3742/3742 3733/3733/3733 3737/3737/3737
f 3738/3738/3738 3733/3733/3733 3742/3742/3742
f 3743/3743/3743 3734/3734/3734 3738/3738/3738
f 3739/3739/3739 3734/3734/3734 3743/3743/3743
f 3739/3739/3739 3744/3744/3744 3735/3735/3735
f 3735/3735/3735 3744/3744/3744 3740/3740/3740
f 3745/3745/3745 3736/3736/3736 3740/3740/3740
f 3741/3741/3741 3736/3736/3736 3745/3745/3745
f 3746/3746/3746 1726/1726/1726 3741/3741/3741
f 1721/1721/1721 1726/1726/1726 3746/3746/3746
f 1722/1722/1722 1721/1721/1721 3746/3746/3746
f 3746/3746/3746 3741/3741/3741 3747/3747/3747
f 3747/3747/3747 3741/3741/3741 3745/3745/3745
f 3740/3740/3740 3748/3748/3748 3745/3745/3745
f 3744/3744/3744 3748/3748/3748 3740/3740/3740
f 3744/3744/3744 3739/3739/3739 3749/3749/3749
f 3749/3749/3749 3739/3739/3739 3743/3743/3743
f 1722/1722/1722 3746/3746/3746 3750/3750/3750
f 3750/3750/3750 3746/3746/3746 3747/3747/3747
f 3745/3745/3745 3751/3751/3751 3747/3747/3747
f 3748/3748/3748 3751/3751/3751 3745/3745/3745
f 3748/3748/3748 3744/3744/3744 3752/3752/3752
f 3752/3752/3752 3744/3744/3744 3749/3749/3749
f 3753/3753/3753 1722/1722/1722 3750/3750/3750
f 1716/1716/1716 1722/1722/1722 3753/3753/3753
f 1717/1717/1717 1716/1716/1716 3753/3753/3753
f 3747/3747/3747 3754/3754/3754 3750/3750/3750
f 3751/3751/3751 3754/3754/3754 3747/3747/3747
f 3751/3751/3751 3748/3748/3748 3755/3755/3755
f 3755/3755/3755 3748/3748/3748 3752/3752/3752
f 3750/3750/3750 3756/3756/3756 3753/3753/3753
f 3754/3754/3754 3756/3756/3756 3750/3750/3750
f 3753/3753/3753 3757/3757/3757 1717/1717/1717
f 3756/3756/3756 3757/3757/3757 3753/3753/3753
f 3754/3754/3754 3751/3751/3751 3758/3758/3758
f 3758/3758/3758 3751/3751/3751 3755/3755/3755
f 3756/3756/3756 3754/3754/3754 3759/3759/3759
f 3759/3759/3759 3754/3754/3754 3758/3758/3758
f 3757/3757/3757 3760/3760/3760 1717/1717/1717
f 1717/1717/1717 3760/3760/3760 1706/1706/1706
f 3760/3760/3760 1690/1690/1690 1706/1706/1706
f 3757/3757/3757 3756/3756/3756 3761/3761/3761
f 3761/3761/3761 3756/3756/3756 3759/3759/3759
f 1690/1690/1690 3760/3760/3760 3762/3762/3762
f 1681/1681/1681 1690/1690/1690 3762/3762/3762
f 1681/1681/1681 3762/3762/3762 1680/1680/1680
f 3760/3760/3760 3757/3757/3757 3763/3763/3763
f 3762/3762/3762 3760/3760/3760 3763/3763/3763
f 3763/3763/3763 3757/3757/3757 3761/3761/3761
f 1680/1680/1680 3762/3762/3762 3764/3764/3764
f 3762/3762/3762 3763/3763/3763 3764/3764/3764
f 1680/1680/1680 3764/3764/3764 1677/1677/1677
f 3763/3763/3763 3761/3761/3761 3765/3765/3765
f 3764/3764/3764 3763/3763/3763 3765/3765/3765
f 1677/1677/1677 3764/3764/3764 3766/3766/3766
f 3764/3764/3764 3765/3765/3765 3766/3766/3766
f 1677/1677/1677 3766/3766/3766 1631/1631/1631
f 1631/1631/1631 3766/3766/3766 1629/1629/1629
f 3766/3766/3766 3767/3767/3767 1629/1629/1629
f 3766/3766/3766 3765/3765/3765 3767/3767/3767
f 1629/1629/1629 3767/3767/3767 1627/1627/1627
f 3765/3765/3765 3761/3761/3761 3768/3768/3768
f 3765/3765/3765 3768/3768/3768 3767/3767/3767
f 3761/3761/3761 3759/3759/3759 3768/3768/3768
f 3767/3767/3767 3769/3769/3769 1627/1627/1627
f 3767/3767/3767 3768/3768/3768 3769/3769/3769
f 1627/1627/1627 3769/3769/3769 1623/1623/1623
f 3768/3768/3768 3759/3759/3759 3770/3770/3770
f 3768/3768/3768 3770/3770/3770 3769/3769/3769
f 3759/3759/3759 3758/3758/3758 3770/3770/3770
f 3769/3769/3769 3771/3771/3771 1623/1623/1623
f 3769/3769/3769 3770/3770/3770 3771/3771/3771
f 1623/1623/1623 3771/3771/3771 1621/1621/1621
f 3770/3770/3770 3758/3758/3758 3772/3772/3772
f 3770/3770/3770 3772/3772/3772 3771/3771/3771
f 3758/3758/3758 3755/3755/3755 3772/3772/3772
f 3771/3771/3771 3773/3773/3773 1621/1621/1621
f 3771/3771/3771 3772/3772/3772 3773/3773/3773
f 1621/1621/1621 3773/3773/3773 1619/1619/1619
f 3772/3772/3772 3755/3755/3755 3774/3774/3774
f 3772/3772/3772 3774/3774/3774 3773/3773/3773
f 3755/3755/3755 3752/3752/3752 3774/3774/3774
f 3773/3773/3773 3775/3775/3775 1619/1619/1619
f 3773/3773/3773 3774/3774/3774 3775/3775/3775
f 1619/1619/1619 3775/3775/3775 1617/1617/1617
f 3774/3774/3774 3752/3752/3752 3776/3776/3776
f 3774/3774/3774 3776/3776/3776 3775/3775/3775
f 3752/3752/3752 3749/3749/3749 3776/3776/3776
f 3775/3775/3775 3777/3777/3777 1617/1617/1617
f 3775/3775/3775 3776/3776/3776 3777/3777/3777
f 1617/1617/1617 3777/3777/3777 1615/1615/1615
f 3776/3776/3776 3749/3749/3749 3778/3778/3778
f 3776/3776/3776 3778/3778/3778 3777/3777/3777
f 3749/3749/3749 3743/3743/3743 3778/3778/3778
f 3777/3777/3777 3779/3779/3779 1615/1615/1615
f 3777/3777/3777 3778/3778/3778 3779/3779/3779
f 1615/1615/1615 3779/3779/3779 1613/1613/1613
f 3778/3778/3778 3743/3743/3743 3780/3780/3780
f 3778/3778/3778 3780/3780/3780 3779/3779/3779
f 3743/3743/3743 3738/3738/3738 3780/3780/3780
f 3780/3780/3780 3738/3738/3738 3742/3742/3742
f 3779/3779/3779 3781/3781/3781 1613/1613/1613
f 3779/3779/3779 3780/3780/3780 3781/3781/3781
f 3780/3780/3780 3742/3742/3742 3781/3781/3781
f 1613/1613/1613 3781/3781/3781 1611/1611/1611
f 3781/3781/3781 3742/3742/3742 3782/3782/3782
f 3781/3781/3781 3782/3782/3782 1611/1611/1611
f 3742/3742/3742 3737/3737/3737 3782/3782/3782
f 1611/1611/1611 3782/3782/3782 1609/1609/1609
f 3782/3782/3782 3737/3737/3737 3783/3783/3783
f 3782/3782/3782 3783/3783/3783 1609/1609/1609
f 3737/3737/3737 3732/3732/3732 3783/3783/3783
f 1609/1609/1609 3783/3783/3783 1607/1607/1607
f 3783/3783/3783 3732/3732/3732 3784/3784/3784
f 3783/3783/3783 3784/3784/3784 1607/1607/1607
f 3732/3732/3732 3727/3727/3727 3784/3784/3784
f 1607/1607/1607 3784/3784/3784 1605/1605/1605
f 3784/3784/3784 3727/3727/3727 3785/3785/3785
f 3784/3784/3784 3785/3785/3785 1605/1605/1605
f 3727/3727/3727 3722/3722/3722 3785/3785/3785
f 1605/1605/1605 3785/3785/3785 1597/1597/1597
f 3785/3785/3785 3722/3722/3722 3786/3786/3786
f 3785/3785/3785 3786/3786/3786 1597/1597/1597
f 1597/1597/1597 3786/3786/3786 1595/1595/1595
f 3722/3722/3722 3709/3709/3709 3786/3786/3786
f 3786/3786/3786 3787/3787/3787 1595/1595/1595
f 3786/3786/3786 3709/3709/3709 3787/3787/3787
f 1595/1595/1595 3787/3787/3787 1593/1593/1593
f 3709/3709/3709 3788/3788/3788 3787/3787/3787
f 3709/3709/3709 3706/3706/3706 3788/3788/3788
f 3706/3706/3706 3705/3705/3705 3788/3788/3788
f 3787/3787/3787 3789/3789/3789 1593/1593/1593
f 3787/3787/3787 3788/3788/3788 3789/3789/3789
f 1593/1593/1593 3789/3789/3789 1591/1591/1591
f 3788/3788/3788 3705/3705/3705 3790/3790/3790
f 3788/3788/3788 3790/3790/3790 3789/3789/3789
f 3789/3789/3789 3791/3791/3791 1591/1591/1591
f 3789/3789/3789 3790/3790/3790 3791/3791/3791
f 1591/1591/1591 3791/3791/3791 1589/1589/1589
f 3705/3705/3705 3792/3792/3792 3790/3790/3790
f 3705/3705/3705 3698/3698/3698 3792/3792/3792
f 3698/3698/3698 3700/3700/3700 3792/3792/3792
f 3791/3791/3791 3793/3793/3793 1589/1589/1589
f 1589/1589/1589 3793/3793/3793 1587/1587/1587
f 3790/3790/3790 3794/3794/3794 3791/3791/3791
f 3790/3790/3790 3792/3792/3792 3794/3794/3794
f 3791/3791/3791 3794/3794/3794 3793/3793/3793
f 3792/3792/3792 3700/3700/3700 3795/3795/3795
f 3792/3792/3792 3795/3795/3795 3794/3794/3794
f 3793/3793/3793 3796/3796/3796 1587/1587/1587
f 1587/1587/1587 3796/3796/3796 1585/1585/1585
f 3794/3794/3794 3797/3797/3797 3793/3793/3793
f 3794/3794/3794 3795/3795/3795 3797/3797/3797
f 3793/3793/3793 3797/3797/3797 3796/3796/3796
f 3700/3700/3700 3798/3798/3798 3795/3795/3795
f 3798/3798/3798 3700/3700/3700 3692/3692/3692
f 3691/3691/3691 3798/3798/3798 3692/3692/3692
f 3796/3796/3796 3799/3799/3799 1585/1585/1585
f 1585/1585/1585 3799/3799/3799 1583/1583/1583
f 3797/3797/3797 3800/3800/3800 3796/3796/3796
f 3796/3796/3796 3800/3800/3800 3799/3799/3799
f 3795/3795/3795 3801/3801/3801 3797/3797/3797
f 3795/3795/3795 3798/3798/3798 3801/3801/3801
f 3797/3797/3797 3801/3801/3801 3800/3800/3800
f 3802/3802/3802 3798/3798/3798 3691/3691/3691
f 3798/3798/3798 3802/3802/3802 3801/3801/3801
f 3685/3685/3685 3802/3802/3802 3691/3691/3691
f 3799/3799/3799 3803/3803/3803 1583/1583/1583
f 1583/1583/1583 3803/3803/3803 1581/1581/1581
f 3800/3800/3800 3804/3804/3804 3799/3799/3799
f 3799/3799/3799 3804/3804/3804 3803/3803/3803
f 3801/3801/3801 3805/3805/3805 3800/3800/3800
f 3801/3801/3801 3802/3802/3802 3805/3805/3805
f 3800/3800/3800 3805/3805/3805 3804/3804/3804
f 3806/3806/3806 3802/3802/3802 3685/3685/3685
f 3802/3802/3802 3806/3806/3806 3805/3805/3805
f 3678/3678/3678 3806/3806/3806 3685/3685/3685
f 3803/3803/3803 3807/3807/3807 1581/1581/1581
f 1581/1581/1581 3807/3807/3807 1579/1579/1579
f 3804/3804/3804 3808/3808/3808 3803/3803/3803
f 3803/3803/3803 3808/3808/3808 3807/3807/3807
f 3805/3805/3805 3809/3809/3809 3804/3804/3804
f 3805/3805/3805 3806/3806/3806 3809/3809/3809
f 3804/3804/3804 3809/3809/3809 3808/3808/3808
f 3810/3810/3810 3806/3806/3806 3678/3678/3678
f 3806/3806/3806 3810/3810/3810 3809/3809/3809
f 3673/3673/3673 3810/3810/3810 3678/3678/3678
f 3677/3677/3677 3810/3810/3810 3673/3673/3673
f 3809/3809/3809 3810/3810/3810 3811/3811/3811
f 3809/3809/3809 3811/3811/3811 3808/3808/3808
f 3810/3810/3810 3677/3677/3677 3811/3811/3811
f 3807/3807/3807 3812/3812/3812 1579/1579/1579
f 1579/1579/1579 3812/3812/3812 1577/1577/1577
f 3808/3808/3808 3813/3813/3813 3807/3807/3807
f 3808/3808/3808 3811/3811/3811 3813/3813/3813
f 3807/3807/3807 3813/3813/3813 3812/3812/3812
f 3811/3811/3811 3677/3677/3677 3814/3814/3814
f 3811/3811/3811 3814/3814/3814 3813/3813/3813
f 3677/3677/3677 3672/3672/3672 3814/3814/3814
f 3812/3812/3812 3815/3815/3815 1577/1577/1577
f 1577/1577/1577 3815/3815/3815 1575/1575/1575
f 3813/3813/3813 3816/3816/3816 3812/3812/3812
f 3813/3813/3813 3814/3814/3814 3816/3816/3816
f 3812/3812/3812 3816/3816/3816 3815/3815/3815
f 3814/3814/3814 3672/3672/3672 3817/3817/3817
f 3814/3814/3814 3817/3817/3817 3816/3816/3816
f 3672/3672/3672 3667/3667/3667 3817/3817/3817
f 3815/3815/3815 3818/3818/3818 1575/1575/1575
f 1575/1575/1575 3818/3818/3818 1573/1573/1573
f 3816/3816/3816 3819/3819/3819 3815/3815/3815
f 3816/3816/3816 3817/3817/3817 3819/3819/3819
f 3815/3815/3815 3819/3819/3819 3818/3818/3818
f 3817/3817/3817 3667/3667/3667 3820/3820/3820
f 3817/3817/3817 3820/3820/3820 3819/3819/3819
f 3667/3667/3667 3662/3662/3662 3820/3820/3820
f 3818/3818/3818 3821/3821/3821 1573/1573/1573
f 1573/1573/1573 3821/3821/3821 1571/1571/1571
f 3819/3819/3819 3822/3822/3822 3818/3818/3818
f 3819/3819/3819 3820/3820/3820 3822/3822/3822
f 3818/3818/3818 3822/3822/3822 3821/3821/3821
f 3820/3820/3820 3662/3662/3662 3823/3823/3823
f 3820/3820/3820 3823/3823/3823 3822/3822/3822
f 3662/3662/3662 3657/3657/3657 3823/3823/3823
f 3821/3821/3821 3824/3824/3824 1571/1571/1571
f 1571/1571/1571 3824/3824/3824 1569/1569/1569
f 3822/3822/3822 3825/3825/3825 3821/3821/3821
f 3822/3822/3822 3823/3823/3823 3825/3825/3825
f 3821/3821/3821 3825/3825/3825 3824/3824/3824
f 3823/3823/3823 3657/3657/3657 3826/3826/3826
f 3823/3823/3823 3826/3826/3826 3825/3825/3825
f 3657/3657/3657 3652/3652/3652 3826/3826/3826
f 3824/3824/3824 3827/3827/3827 1569/1569/1569
f 1569/1569/1569 3827/3827/3827 1567/1567/1567
f 3825/3825/3825 3828/3828/3828 3824/3824/3824
f 3825/3825/3825 3826/3826/3826 3828/3828/3828
f 3824/3824/3824 3828/3828/3828 3827/3827/3827
f 3826/3826/3826 3652/3652/3652 3829/3829/3829
f 3826/3826/3826 3829/3829/3829 3828/3828/3828
f 3652/3652/3652 3647/3647/3647 3829/3829/3829
f 3827/3827/3827 3830/3830/3830 1567/1567/1567
f 1567/1567/1567 3830/3830/3830 1565/1565/1565
f 3828/3828/3828 3831/3831/3831 3827/3827/3827
f 3828/3828/3828 3829/3829/3829 3831/3831/3831
f 3827/3827/3827 3831/3831/3831 3830/3830/3830
f 3829/3829/3829 3647/3647/3647 3832/3832/3832
f 3829/3829/3829 3832/3832/3832 3831/3831/3831
f 3647/3647/3647 3642/3642/3642 3832/3832/3832
f 3830/3830/3830 3833/3833/3833 1565/1565/1565
f 1565/1565/1565 3833/3833/3833 1563/1563/1563
f 3831/3831/3831 3834/3834/3834 3830/3830/3830
f 3831/3831/3831 3832/3832/3832 3834/3834/3834
f 3830/3830/3830 3834/3834/3834 3833/3833/3833
f 3832/3832/3832 3642/3642/3642 3835/3835/3835
f 3832/3832/3832 3835/3835/3835 3834/3834/3834
f 3642/3642/3642 3637/3637/3637 3835/3835/3835
f 3833/3833/3833 3836/3836/3836 1563/1563/1563
f 1563/1563/1563 3836/3836/3836 1561/1561/1561
f 3834/3834/3834 3837/3837/3837 3833/3833/3833
f 3834/3834/3834 3835/3835/3835 3837/3837/3837
f 3833/3833/3833 3837/3837/3837 3836/3836/3836
f 3835/3835/3835 3637/3637/3637 3838/3838/3838
f 3835/3835/3835 3838/3838/3838 3837/3837/3837
f 3637/3637/3637 3632/3632/3632 3838/3838/3838
f 3836/3836/3836 3839/3839/3839 1561/1561/1561
f 1561/1561/1561 3839/3839/3839 1559/1559/1559
f 3837/3837/3837 3840/3840/3840 3836/3836/3836
f 3837/3837/3837 3838/3838/3838 3840/3840/3840
f 3836/3836/3836 3840/3840/3840 3839/3839/3839
f 3838/3838/3838 3632/3632/3632 3841/3841/3841
f 3838/3838/3838 3841/3841/3841 3840/3840/3840
f 3632/3632/3632 3627/3627/3627 3841/3841/3841
f 3839/3839/3839 3842/3842/3842 1559/1559/1559
f 1559/1559/1559 3842/3842/3842 1557/1557/1557
f 3840/3840/3840 3843/3843/3843 3839/3839/3839
f 3840/3840/3840 3841/3841/3841 3843/3843/3843
f 3839/3839/3839 3843/3843/3843 3842/3842/3842
f 3841/3841/3841 3627/3627/3627 3844/3844/3844
f 3841/3841/3841 3844/3844/3844 3843/3843/3843
f 3627/3627/3627 3622/3622/3622 3844/3844/3844
f 3842/3842/3842 3845/3845/3845 1557/1557/1557
f 1557/1557/1557 3845/3845/3845 1555/1555/1555
f 3843/3843/3843 3846/3846/3846 3842/3842/3842
f 3843/3843/3843 3844/3844/3844 3846/3846/3846
f 3842/3842/3842 3846/3846/3846 3845/3845/3845
f 3844/3844/3844 3622/3622/3622 3847/3847/3847
f 3844/3844/3844 3847/3847/3847 3846/3846/3846
f 3622/3622/3622 3617/3617/3617 3847/3847/3847
f 3845/3845/3845 3848/3848/3848 1555/1555/1555
f 1555/1555/1555 3848/3848/3848 1553/1553/1553
f 3846/3846/3846 3849/3849/3849 3845/3845/3845
f 3846/3846/3846 3847/3847/3847 3849/3849/3849
f 3845/3845/3845 3849/3849/3849 3848/3848/3848
f 3847/3847/3847 3617/3617/3617 3850/3850/3850
f 3847/3847/3847 3850/3850/3850 3849/3849/3849
f 3617/3617/3617 3612/3612/3612 3850/3850/3850
f 3848/3848/3848 3851/3851/3851 1553/1553/1553
f 1553/1553/1553 3851/3851/3851 1551/1551/1551
f 3849/3849/3849 3852/3852/3852 3848/3848/3848
f 3849/3849/3849 3850/3850/3850 3852/3852/3852
f 3848/3848/3848 3852/3852/3852 3851/3851/3851
f 3850/3850/3850 3612/3612/3612 3853/3853/3853
f 3850/3850/3850 3853/3853/3853 3852/3852/3852
f 3612/3612/3612 3607/3607/3607 3853/3853/3853
f 3851/3851/3851 3854/3854/3854 1551/1551/1551
f 1551/1551/1551 3854/3854/3854 1549/1549/1549
f 3852/3852/3852 3855/3855/3855 3851/3851/3851
f 3852/3852/3852 3853/3853/3853 3855/3855/3855
f 3851/3851/3851 3855/3855/3855 3854/3854/3854
f 3853/3853/3853 3607/3607/3607 3856/3856/3856
f 3853/3853/3853 3856/3856/3856 3855/3855/3855
f 3607/3607/3607 3602/3602/3602 3856/3856/3856
f 3854/3854/3854 3857/3857/3857 1549/1549/1549
f 1549/1549/1549 3857/3857/3857 1547/1547/1547
f 3855/3855/3855 3858/3858/3858 3854/3854/3854
f 3855/3855/3855 3856/3856/3856 3858/3858/3858
f 3854/3854/3854 3858/3858/3858 3857/3857/3857
f 3856/3856/3856 3602/3602/3602 3859/3859/3859
f 3856/3856/3856 3859/3859/3859 3858/3858/3858
f 3602/3602/3602 3597/3597/3597 3859/3859/3859
f 3857/3857/3857 3860/3860/3860 1547/1547/1547
f 1547/1547/1547 3860/3860/3860 1545/1545/1545
f 3858/3858/3858 3861/3861/3861 3857/3857/3857
f 3858/3858/3858 3859/3859/3859 3861/3861/3861
f 3857/3857/3857 3861/3861/3861 3860/3860/3860
f 3859/3859/3859 3597/3597/3597 3862/3862/3862
f 3859/3859/3859 3862/3862/3862 3861/3861/3861
f 3597/3597/3597 3592/3592/3592 3862/3862/3862
f 3860/3860/3860 3863/3863/3863 1545/1545/1545
f 1545/1545/1545 3863/3863/3863 1543/1543/1543
f 3861/3861/3861 3864/3864/3864 3860/3860/3860
f 3861/3861/3861 3862/3862/3862 3864/3864/3864
f 3860/3860/3860 3864/3864/3864 3863/3863/3863
f 3862/3862/3862 3592/3592/3592 3865/3865/3865
f 3862/3862/3862 3865/3865/3865 3864/3864/3864
f 3592/3592/3592 3587/3587/3587 3865/3865/3865
f 3863/3863/3863 3866/3866/3866 1543/1543/1543
f 1543/1543/1543 3866/3866/3866 1541/1541/1541
f 3864/3864/3864 3867/3867/3867 3863/3863/3863
f 3864/3864/3864 3865/3865/3865 3867/3867/3867
f 3863/3863/3863 3867/3867/3867 3866/3866/3866
f 3865/3865/3865 3587/3587/3587 3868/3868/3868
f 3865/3865/3865 3868/3868/3868 3867/3867/3867
f 3587/3587/3587 3582/3582/3582 3868/3868/3868
f 3866/3866/3866 3869/3869/3869 1541/1541/1541
f 1541/1541/1541 3869/3869/3869 1539/1539/1539
f 3867/3867/3867 3870/3870/3870 3866/3866/3866
f 3867/3867/3867 3868/3868/3868 3870/3870/3870
f 3866/3866/3866 3870/3870/3870 3869/3869/3869
f 3868/3868/3868 3582/3582/3582 3871/3871/3871
f 3868/3868/3868 3871/3871/3871 3870/3870/3870
f 3582/3582/3582 3577/3577/3577 3871/3871/3871
f 3869/3869/3869 3872/3872/3872 1539/1539/1539
f 1539/1539/1539 3872/3872/3872 1537/1537/1537
f 3870/3870/3870 3873/3873/3873 3869/3869/3869
f 3870/3870/3870 3871/3871/3871 3873/3873/3873
f 3869/3869/3869 3873/3873/3873 3872/3872/3872
f 3871/3871/3871 3577/3577/3577 3874/3874/3874
f 3871/3871/3871 3874/3874/3874 3873/3873/3873
f 3577/3577/3577 3572/3572/3572 3874/3874/3874
f 3872/3872/3872 3875/3875/3875 1537/1537/1537
f 1537/1537/1537 3875/3875/3875 1535/1535/1535
f 3873/3873/3873 3876/3876/3876 3872/3872/3872
f 3873/3873/3873 3874/3874/3874 3876/3876/3876
f 3872/3872/3872 3876/3876/3876 3875/3875/3875
f 3874/3874/3874 3572/3572/3572 3877/3877/3877
f 3874/3874/3874 3877/3877/3877 3876/3876/3876
f 3572/3572/3572 3567/3567/3567 3877/3877/3877
f 3875/3875/3875 3878/3878/3878 1535/1535/1535
f 1535/1535/1535 3878/3878/3878 1533/1533/1533
f 3876/3876/3876 3879/3879/3879 3875/3875/3875
f 3876/3876/3876 3877/3877/3877 3879/3879/3879
f 3875/3875/3875 3879/3879/3879 3878/3878/3878
f 3877/3877/3877 3567/3567/3567 3880/3880/3880
f 3877/3877/3877 3880/3880/3880 3879/3879/3879
f 3567/3567/3567 3562/3562/3562 3880/3880/3880
f 3878/3878/3878 3881/3881/3881 1533/1533/1533
f 1533/1533/1533 3881/3881/3881 1531/1531/1531
f 3879/3879/3879 3882/3882/3882 3878/3878/3878
f 3879/3879/3879 3880/3880/3880 3882/3882/3882
f 3878/3878/3878 3882/3882/3882 3881/3881/3881
f 3880/3880/3880 3562/3562/3562 3883/3883/3883
f 3880/3880/3880 3883/3883/3883 3882/3882/3882
f 3562/3562/3562 3557/3557/3557 3883/3883/3883
f 3881/3881/3881 3884/3884/3884 1531/1531/1531
f 1531/1531/1531 3884/3884/3884 1529/1529/1529
f 3882/3882/3882 3885/3885/3885 3881/3881/3881
f 3882/3882/3882 3883/3883/3883 3885/3885/3885
f 3881/3881/3881 3885/3885/3885 3884/3884/3884
f 3883/3883/3883 3557/3557/3557 3886/3886/3886
f 3883/3883/3883 3886/3886/3886 3885/3885/3885
f 3557/3557/3557 3552/3552/3552 3886/3886/3886
f 3884/3884/3884 3887/3887/3887 1529/1529/1529
f 1529/1529/1529 3887/3887/3887 1527/1527/1527
f 3885/3885/3885 3888/3888/3888 3884/3884/3884
f 3885/3885/3885 3886/3886/3886 3888/3888/3888
f 3884/3884/3884 3888/3888/3888 3887/3887/3887
f 3886/3886/3886 3552/3552/3552 3889/3889/3889
f 3886/3886/3886 3889/3889/3889 3888/3888/3888
f 3552/3552/3552 3547/3547/3547 3889/3889/3889
f 3887/3887/3887 3890/3890/3890 1527/1527/1527
f 1527/1527/1527 3890/3890/3890 1525/1525/1525
f 3888/3888/3888 3891/3891/3891 3887/3887/3887
f 3888/3888/3888 3889/3889/3889 3891/3891/3891
f 3887/3887/3887 3891/3891/3891 3890/3890/3890
f 3889/3889/3889 3547/3547/3547 3892/3892/3892
f 3889/3889/3889 3892/3892/3892 3891/3891/3891
f 3547/3547/3547 3542/3542/3542 3892/3892/3892
f 3890/3890/3890 3893/3893/3893 1525/1525/1525
f 1525/1525/1525 3893/3893/3893 1523/1523/1523
f 3891/3891/3891 3894/3894/3894 3890/3890/3890
f 3891/3891/3891 3892/3892/3892 3894/3894/3894
f 3890/3890/3890 3894/3894/3894 3893/3893/3893
f 3892/3892/3892 3542/3542/3542 3895/3895/3895
f 3892/3892/3892 3895/3895/3895 3894/3894/3894
f 3542/3542/3542 3537/3537/3537 3895/3895/3895
f 3893/3893/3893 3896/3896/3896 1523/1523/1523
f 1523/1523/1523 3896/3896/3896 1521/1521/1521
f 3894/3894/3894 3897/3897/3897 3893/3893/3893
f 3894/3894/3894 3895/3895/3895 3897/3897/3897
f 3893/3893/3893 3897/3897/3897 3896/3896/3896
f 3895/3895/3895 3537/3537/3537 3898/3898/3898
f 3895/3895/3895 3898/3898/3898 3897/3897/3897
f 3537/3537/3537 3532/3532/3532 3898/3898/3898
f 3896/3896/3896 3899/3899/3899 1521/1521/1521
f 1521/1521/1521 3899/3899/3899 1519/1519/1519
f 3897/3897/3897 3900/3900/3900 3896/3896/3896
f 3897/3897/3897 3898/3898/3898 3900/3900/3900
f 3896/3896/3896 3900/3900/3900 3899/3899/3899
f 3898/3898/3898 3532/3532/3532 3901/3901/3901
f 3898/3898/3898 3901/3901/3901 3900/3900/3900
f 3532/3532/3532 3527/3527/3527 3901/3901/3901
f 3899/3899/3899 3902/3902/3902 1519/1519/1519
f 1519/1519/1519 3902/3902/3902 1517/1517/1517
f 3900/3900/3900 3903/3903/3903 3899/3899/3899
f 3900/3900/3900 3901/3901/3901 3903/3903/3903
f 3899/3899/3899 3903/3903/3903 3902/3902/3902
f 3901/3901/3901 3527/3527/3527 3904/3904/3904
f 3901/3901/3901 3904/3904/3904 3903/3903/3903
f 3527/3527/3527 3522/3522/3522 3904/3904/3904
f 3902/3902/3902 3905/3905/3905 1517/1517/1517
f 1517/1517/1517 3905/3905/3905 1515/1515/1515
f 3903/3903/3903 3906/3906/3906 3902/3902/3902
f 3903/3903/3903 3904/3904/3904 3906/3906/3906
f 3902/3902/3902 3906/3906/3906 3905/3905/3905
f 3904/3904/3904 3522/3522/3522 3907/3907/3907
f 3904/3904/3904 3907/3907/3907 3906/3906/3906
f 3522/3522/3522 3517/3517/3517 3907/3907/3907
f 3905/3905/3905 3908/3908/3908 1515/1515/1515
f 1515/1515/1515 3908/3908/3908 1513/1513/1513
f 3906/3906/3906 3909/3909/3909 3905/3905/3905
f 3906/3906/3906 3907/3907/3907 3909/3909/3909
f 3905/3905/3905 3909/3909/3909 3908/3908/3908
f 3907/3907/3907 3517/3517/3517 3910/3910/3910
f 3907/3907/3907 3910/3910/3910 3909/3909/3909
f 3517/3517/3517 3512/3512/3512 3910/3910/3910
f 3908/3908/3908 3911/3911/3911 1513/1513/1513
f 1513/1513/1513 3911/3911/3911 1511/1511/1511
f 3909/3909/3909 3912/3912/3912 3908/3908/3908
f 3909/3909/3909 3910/3910/3910 3912/3912/3912
f 3908/3908/3908 3912/3912/3912 3911/3911/3911
f 3910/3910/3910 3512/3512/3512 3913/3913/3913
f 3910/3910/3910 3913/3913/3913 3912/3912/3912
f 3512/3512/3512 3507/3507/3507 3913/3913/3913
f 3911/3911/3911 3914/3914/3914 1511/1511/1511
f 1511/1511/1511 3914/3914/3914 1509/1509/1509
f 3912/3912/3912 3915/3915/3915 3911/3911/3911
f 3912/3912/3912 3913/3913/3913 3915/3915/3915
f 3911/3911/3911 3915/3915/3915 3914/3914/3914
f 3913/3913/3913 3507/3507/3507 3916/3916/3916
f 3913/3913/3913 3916/3916/3916 3915/3915/3915
f 3507/3507/3507 3496/3496/3496 3916/3916/3916
f 3914/3914/3914 3917/3917/3917 1509/1509/1509
f 1509/1509/1509 3917/3917/3917 1503/1503/1503
f 3915/3915/3915 3918/3918/3918 3914/3914/3914
f 3915/3915/3915 3916/3916/3916 3918/3918/3918
f 3914/3914/3914 3918/3918/3918 3917/3917/3917
f 3916/3916/3916 3496/3496/3496 3919/3919/3919
f 3916/3916/3916 3919/3919/3919 3918/3918/3918
f 3496/3496/3496 3489/3489/3489 3919/3919/3919
f 3919/3919/3919 3489/3489/3489 3486/3486/3486
f 3918/3918/3918 3919/3919/3919 3920/3920/3920
f 3919/3919/3919 3486/3486/3486 3920/3920/3920
f 3918/3918/3918 3920/3920/3920 3917/3917/3917
f 3920/3920/3920 3486/3486/3486 3487/3487/3487
f 3917/3917/3917 3921/3921/3921 1503/1503/1503
f 3917/3917/3917 3920/3920/3920 3921/3921/3921
f 3920/3920/3920 3487/3487/3487 3921/3921/3921
f 1503/1503/1503 3921/3921/3921 1501/1501/1501
f 3921/3921/3921 3922/3922/3922 1501/1501/1501
f 3921/3921/3921 3487/3487/3487 3922/3922/3922
f 1501/1501/1501 3922/3922/3922 1499/1499/1499
f 3487/3487/3487 3923/3923/3923 3922/3922/3922
f 3487/3487/3487 3924/3924/3924 3923/3923/3923
f 3922/3922/3922 3925/3925/3925 1499/1499/1499
f 3922/3922/3922 3923/3923/3923 3925/3925/3925
f 1499/1499/1499 3925/3925/3925 1497/1497/1497
f 3924/3924/3924 3926/3926/3926 3923/3923/3923
f 3924/3924/3924 3474/3474/3474 3926/3926/3926
f 3474/3474/3474 3473/3473/3473 3926/3926/3926
f 3925/3925/3925 3927/3927/3927 1497/1497/1497
f 1497/1497/1497 3927/3927/3927 1495/1495/1495
f 3923/3923/3923 3928/3928/3928 3925/3925/3925
f 3923/3923/3923 3926/3926/3926 3928/3928/3928
f 3925/3925/3925 3928/3928/3928 3927/3927/3927
f 3926/3926/3926 3473/3473/3473 3929/3929/3929
f 3926/3926/3926 3929/3929/3929 3928/3928/3928
f 3927/3927/3927 3930/3930/3930 1495/1495/1495
f 1495/1495/1495 3930/3930/3930 1493/1493/1493
f 3928/3928/3928 3931/3931/3931 3927/3927/3927
f 3928/3928/3928 3929/3929/3929 3931/3931/3931
f 3927/3927/3927 3931/3931/3931 3930/3930/3930
f 3473/3473/3473 3932/3932/3932 3929/3929/3929
f 3932/3932/3932 3473/3473/3473 3467/3467/3467
f 3466/3466/3466 3932/3932/3932 3467/3467/3467
f 3930/3930/3930 3933/3933/3933 1493/1493/1493
f 1493/1493/1493 3933/3933/3933 1491/1491/1491
f 3931/3931/3931 3934/3934/3934 3930/3930/3930
f 3930/3930/3930 3934/3934/3934 3933/3933/3933
f 3929/3929/3929 3935/3935/3935 3931/3931/3931
f 3929/3929/3929 3932/3932/3932 3935/3935/3935
f 3931/3931/3931 3935/3935/3935 3934/3934/3934
f 3936/3936/3936 3932/3932/3932 3466/3466/3466
f 3932/3932/3932 3936/3936/3936 3935/3935/3935
f 3460/3460/3460 3936/3936/3936 3466/3466/3466
f 3933/3933/3933 3937/3937/3937 1491/1491/1491
f 1491/1491/1491 3937/3937/3937 1489/1489/1489
f 3934/3934/3934 3938/3938/3938 3933/3933/3933
f 3933/3933/3933 3938/3938/3938 3937/3937/3937
f 3935/3935/3935 3939/3939/3939 3934/3934/3934
f 3935/3935/3935 3936/3936/3936 3939/3939/3939
f 3934/3934/3934 3939/3939/3939 3938/3938/3938
f 3940/3940/3940 3936/3936/3936 3460/3460/3460
f 3936/3936/3936 3940/3940/3940 3939/3939/3939
f 3455/3455/3455 3940/3940/3940 3460/3460/3460
f 3459/3459/3459 3940/3940/3940 3455/3455/3455
f 3939/3939/3939 3940/3940/3940 3941/3941/3941
f 3939/3939/3939 3941/3941/3941 3938/3938/3938
f 3940/3940/3940 3459/3459/3459 3941/3941/3941
f 3937/3937/3937 3942/3942/3942 1489/1489/1489
f 1489/1489/1489 3942/3942/3942 1487/1487/1487
f 3938/3938/3938 3943/3943/3943 3937/3937/3937
f 3938/3938/3938 3941/3941/3941 3943/3943/3943
f 3937/3937/3937 3943/3943/3943 3942/3942/3942
f 3941/3941/3941 3459/3459/3459 3944/3944/3944
f 3941/3941/3941 3944/3944/3944 3943/3943/3943
f 3459/3459/3459 3454/3454/3454 3944/3944/3944
f 3942/3942/3942 3945/3945/3945 1487/1487/1487
f 1487/1487/1487 3945/3945/3945 1485/1485/1485
f 3943/3943/3943 3946/3946/3946 3942/3942/3942
f 3943/3943/3943 3944/3944/3944 3946/3946/3946
f 3942/3942/3942 3946/3946/3946 3945/3945/3945
f 3944/3944/3944 3454/3454/3454 3947/3947/3947
f 3944/3944/3944 3947/3947/3947 3946/3946/3946
f 3454/3454/3454 3449/3449/3449 3947/3947/3947
f 3945/3945/3945 3948/3948/3948 1485/1485/1485
f 1485/1485/1485 3948/3948/3948 1483/1483/1483
f 3946/3946/3946 3949/3949/3949 3945/3945/3945
f 3946/3946/3946 3947/3947/3947 3949/3949/3949
f 3945/3945/3945 3949/3949/3949 3948/3948/3948
f 3947/3947/3947 3449/3449/3449 3950/3950/3950
f 3947/3947/3947 3950/3950/3950 3949/3949/3949
f 3449/3449/3449 3444/3444/3444 3950/3950/3950
f 3948/3948/3948 3951/3951/3951 1483/1483/1483
f 1483/1483/1483 3951/3951/3951 1481/1481/1481
f 3949/3949/3949 3952/3952/3952 3948/3948/3948
f 3949/3949/3949 3950/3950/3950 3952/3952/3952
f 3948/3948/3948 3952/3952/3952 3951/3951/3951
f 3950/3950/3950 3444/3444/3444 3953/3953/3953
f 3950/3950/3950 3953/3953/3953 3952/3952/3952
f 3444/3444/3444 3439/3439/3439 3953/3953/3953
f 3951/3951/3951 3954/3954/3954 1481/1481/1481
f 1481/1481/1481 3954/3954/3954 1479/1479/1479
f 3952/3952/3952 3955/3955/3955 3951/3951/3951
f 3952/3952/3952 3953/3953/3953 3955/3955/3955
f 3951/3951/3951 3955/3955/3955 3954/3954/3954
f 3953/3953/3953 3439/3439/3439 3956/3956/3956
f 3953/3953/3953 3956/3956/3956 3955/3955/3955
f 3439/3439/3439 3434/3434/3434 3956/3956/3956
f 3954/3954/3954 3957/3957/3957 1479/1479/1479
f 1479/1479/1479 3957/3957/3957 1477/1477/1477
f 3955/3955/3955 3958/3958/3958 3954/3954/3954
f 3955/3955/3955 3956/3956/3956 3958/3958/3958
f 3954/3954/3954 3958/3958/3958 3957/3957/3957
f 3956/3956/3956 3434/3434/3434 3959/3959/3959
f 3956/3956/3956 3959/3959/3959 3958/3958/3958
f 3434/3434/3434 3429/3429/3429 3959/3959/3959
f 3957/3957/3957 3960/3960/3960 1477/1477/1477
f 1477/1477/1477 3960/3960/3960 1475/1475/1475
f 3958/3958/3958 3961/3961/3961 3957/3957/3957
f 3958/3958/3958 3959/3959/3959 3961/3961/3961
f 3957/3957/3957 3961/3961/3961 3960/3960/3960
f 3959/3959/3959 3429/3429/3429 3962/3962/3962
f 3959/3959/3959 3962/3962/3962 3961/3961/3961
f 3429/3429/3429 3424/3424/3424 3962/3962/3962
f 3960/3960/3960 3963/3963/3963 1475/1475/1475
f 1475/1475/1475 3963/3963/3963 1473/1473/1473
f 3961/3961/3961 3964/3964/3964 3960/3960/3960
f 3961/3961/3961 3962/3962/3962 3964/3964/3964
f 3960/3960/3960 3964/3964/3964 3963/3963/3963
f 3962/3962/3962 3424/3424/3424 3965/3965/3965
f 3962/3962/3962 3965/3965/3965 3964/3964/3964
f 3424/3424/3424 3419/3419/3419 3965/3965/3965
f 3963/3963/3963 3966/3966/3966 1473/1473/1473
f 1473/1473/1473 3966/3966/3966 1471/1471/1471
f 3964/3964/3964 3967/3967/3967 3963/3963/3963
f 3964/3964/3964 3965/3965/3965 3967/3967/3967
f 3963/3963/3963 3967/3967/3967 3966/3966/3966
f 3965/3965/3965 3419/3419/3419 3968/3968/3968
f 3965/3965/3965 3968/3968/3968 3967/3967/3967
f 3419/3419/3419 3414/3414/3414 3968/3968/3968
f 3966/3966/3966 3969/3969/3969 1471/1471/1471
f 1471/1471/1471 3969/3969/3969 1469/1469/1469
f 3967/3967/3967 3970/3970/3970 3966/3966/3966
f 3967/3967/3967 3968/3968/3968 3970/3970/3970
f 3966/3966/3966 3970/3970/3970 3969/3969/3969
f 3968/3968/3968 3414/3414/3414 3971/3971/3971
f 3968/3968/3968 3971/3971/3971 3970/3970/3970
f 3414/3414/3414 3409/3409/3409 3971/3971/3971
f 3969/3969/3969 3972/3972/3972 1469/1469/1469
f 1469/1469/1469 3972/3972/3972 1467/1467/1467
f 3970/3970/3970 3973/3973/3973 3969/3969/3969
f 3970/3970/3970 3971/3971/3971 3973/3973/3973
f 3969/3969/3969 3973/3973/3973 3972/3972/3972
f 3971/3971/3971 3409/3409/3409 3974/3974/3974
f 3971/3971/3971 3974/3974/3974 3973/3973/3973
f 3409/3409/3409 3404/3404/3404 3974/3974/3974
f 3972/3972/3972 3975/3975/3975 1467/1467/1467
f 1467/1467/1467 3975/3975/3975 1465/1465/1465
f 3973/3973/3973 3976/3976/3976 3972/3972/3972
f 3973/3973/3973 3974/3974/3974 3976/3976/3976
f 3972/3972/3972 3976/3976/3976 3975/3975/3975
f 3974/3974/3974 3404/3404/3404 3977/3977/3977
f 3974/3974/3974 3977/3977/3977 3976/3976/3976
f 3404/3404/3404 3399/3399/3399 3977/3977/3977
f 3975/3975/3975 3978/3978/3978 1465/1465/1465
f 1465/1465/1465 3978/3978/3978 1463/1463/1463
f 3976/3976/3976 3979/3979/3979 3975/3975/3975
f 3976/3976/3976 3977/3977/3977 3979/3979/3979
f 3975/3975/3975 3979/3979/3979 3978/3978/3978
f 3977/3977/3977 3399/3399/3399 3980/3980/3980
f 3977/3977/3977 3980/3980/3980 3979/3979/3979
f 3399/3399/3399 3394/3394/3394 3980/3980/3980
f 3978/3978/3978 3981/3981/3981 1463/1463/1463
f 1463/1463/1463 3981/3981/3981 1461/1461/1461
f 3979/3979/3979 3982/3982/3982 3978/3978/3978
f 3979/3979/3979 3980/3980/3980 3982/3982/3982
f 3978/3978/3978 3982/3982/3982 3981/3981/3981
f 3980/3980/3980 3394/3394/3394 3983/3983/3983
f 3980/3980/3980 3983/3983/3983 3982/3982/3982
f 3394/3394/3394 3389/3389/3389 3983/3983/3983
f 3981/3981/3981 3984/3984/3984 1461/1461/1461
f 1461/1461/1461 3984/3984/3984 1459/1459/1459
f 3982/3982/3982 3985/3985/3985 3981/3981/3981
f 3982/3982/3982 3983/3983/3983 3985/3985/3985
f 3981/3981/3981 3985/3985/3985 3984/3984/3984
f 3983/3983/3983 3389/3389/3389 3986/3986/3986
f 3983/3983/3983 3986/3986/3986 3985/3985/3985
f 3389/3389/3389 3384/3384/3384 3986/3986/3986
f 3984/3984/3984 3987/3987/3987 1459/1459/1459
f 1459/1459/1459 3987/3987/3987 1457/1457/1457
f 3985/3985/3985 3988/3988/3988 3984/3984/3984
f 3985/3985/3985 3986/3986/3986 3988/3988/3988
f 3984/3984/3984 3988/3988/3988 3987/3987/3987
f 3986/3986/3986 3384/3384/3384 3989/3989/3989
f 3986/3986/3986 3989/3989/3989 3988/3988/3988
f 3384/3384/3384 3379/3379/3379 3989/3989/3989
f 3987/3987/3987 3990/3990/3990 1457/1457/1457
f 1457/1457/1457 3990/3990/3990 1455/1455/1455
f 3988/3988/3988 3991/3991/3991 3987/3987/3987
f 3988/3988/3988 3989/3989/3989 3991/3991/3991
f 3987/3987/3987 3991/3991/3991 3990/3990/3990
f 3989/3989/3989 3379/3379/3379 3992/3992/3992
f 3989/3989/3989 3992/3992/3992 3991/3991/3991
f 3379/3379/3379 3374/3374/3374 3992/3992/3992
f 3990/3990/3990 3993/3993/3993 1455/1455/1455
f 1455/1455/1455 3993/3993/3993 1453/1453/1453
f 3991/3991/3991 3994/3994/3994 3990/3990/3990
f 3991/3991/3991 3992/3992/3992 3994/3994/3994
f 3990/3990/3990 3994/3994/3994 3993/3993/3993
f 3992/3992/3992 3374/3374/3374 3995/3995/3995
f 3992/3992/3992 3995/3995/3995 3994/3994/3994
f 3374/3374/3374 3363/3363/3363 3995/3995/3995
f 3993/3993/3993 3996/3996/3996 1453/1453/1453
f 1453/1453/1453 3996/3996/3996 1446/1446/1446
f 3994/3994/3994 3997/3997/3997 3993/3993/3993
f 3994/3994/3994 3995/3995/3995 3997/3997/3997
f 3993/3993/3993 3997/3997/3997 3996/3996/3996
f 3995/3995/3995 3363/3363/3363 3998/3998/3998
f 3995/3995/3995 3998/3998/3998 3997/3997/3997
f 3363/3363/3363 3356/3356/3356 3998/3998/3998
f 3998/3998/3998 3356/3356/3356 3353/3353/3353
f 3997/3997/3997 3998/3998/3998 3999/3999/3999
f 3998/3998/3998 3353/3353/3353 3999/3999/3999
f 3997/3997/3997 3999/3999/3999 3996/3996/3996
f 3999/3999/3999 3353/3353/3353 3354/3354/3354
f 3996/3996/3996 4000/4000/4000 1446/1446/1446
f 3996/3996/3996 3999/3999/3999 4000/4000/4000
f 3999/3999/3999 3354/3354/3354 4000/4000/4000
f 1446/1446/1446 4000/4000/4000 1444/1444/1444
f 4000/4000/4000 4001/4001/4001 1444/1444/1444
f 4000/4000/4000 3354/3354/3354 4001/4001/4001
f 1444/1444/1444 4001/4001/4001 1442/1442/1442
f 3354/3354/3354 4002/4002/4002 4001/4001/4001
f 3354/3354/3354 4003/4003/4003 4002/4002/4002
f 4001/4001/4001 4004/4004/4004 1442/1442/1442
f 4001/4001/4001 4002/4002/4002 4004/4004/4004
f 1442/1442/1442 4004/4004/4004 1440/1440/1440
f 4003/4003/4003 4005/4005/4005 4002/4002/4002
f 4003/4003/4003 3341/3341/3341 4005/4005/4005
f 3341/3341/3341 3340/3340/3340 4005/4005/4005
f 4004/4004/4004 4006/4006/4006 1440/1440/1440
f 1440/1440/1440 4006/4006/4006 1438/1438/1438
f 4002/4002/4002 4007/4007/4007 4004/4004/4004
f 4002/4002/4002 4005/4005/4005 4007/4007/4007
f 4004/4004/4004 4007/4007/4007 4006/4006/4006
f 4005/4005/4005 3340/3340/3340 4008/4008/4008
f 4005/4005/4005 4008/4008/4008 4007/4007/4007
f 4006/4006/4006 4009/4009/4009 1438/1438/1438
f 1438/1438/1438 4009/4009/4009 1436/1436/1436
f 4007/4007/4007 4010/4010/4010 4006/4006/4006
f 4007/4007/4007 4008/4008/4008 4010/4010/4010
f 4006/4006/4006 4010/4010/4010 4009/4009/4009
f 3340/3340/3340 4011/4011/4011 4008/4008/4008
f 4011/4011/4011 3340/3340/3340 3334/3334/3334
f 3333/3333/3333 4011/4011/4011 3334/3334/3334
f 4009/4009/4009 4012/4012/4012 1436/1436/1436
f 1436/1436/1436 4012/4012/4012 1434/1434/1434
f 4010/4010/4010 4013/4013/4013 4009/4009/4009
f 4009/4009/4009 4013/4013/4013 4012/4012/4012
f 4008/4008/4008 4014/4014/4014 4010/4010/4010
f 4008/4008/4008 4011/4011/4011 4014/4014/4014
f 4010/4010/4010 4014/4014/4014 4013/4013/4013
f 4015/4015/4015 4011/4011/4011 3333/3333/3333
f 4011/4011/4011 4015/4015/4015 4014/4014/4014
f 3327/3327/3327 4015/4015/4015 3333/3333/3333
f 4012/4012/4012 4016/4016/4016 1434/1434/1434
f 1434/1434/1434 4016/4016/4016 1432/1432/1432
f 4013/4013/4013 4017/4017/4017 4012/4012/4012
f 4012/4012/4012 4017/4017/4017 4016/4016/4016
f 4014/4014/4014 4018/4018/4018 4013/4013/4013
f 4014/4014/4014 4015/4015/4015 4018/4018/4018
f 4013/4013/4013 4018/4018/4018 4017/4017/4017
f 4019/4019/4019 4015/4015/4015 3327/3327/3327
f 4015/4015/4015 4019/4019/4019 4018/4018/4018
f 3322/3322/3322 4019/4019/4019 3327/3327/3327
f 3326/3326/3326 4019/4019/4019 3322/3322/3322
f 4018/4018/4018 4019/4019/4019 4020/4020/4020
f 4018/4018/4018 4020/4020/4020 4017/4017/4017
f 4019/4019/4019 3326/3326/3326 4020/4020/4020
f 4016/4016/4016 4021/4021/4021 1432/1432/1432
f 1432/1432/1432 4021/4021/4021 1430/1430/1430
f 4017/4017/4017 4022/4022/4022 4016/4016/4016
f 4017/4017/4017 4020/4020/4020 4022/4022/4022
f 4016/4016/4016 4022/4022/4022 4021/4021/4021
f 4020/4020/4020 3326/3326/3326 4023/4023/4023
f 4020/4020/4020 4023/4023/4023 4022/4022/4022
f 3326/3326/3326 3321/3321/3321 4023/4023/4023
f 4021/4021/4021 4024/4024/4024 1430/1430/1430
f 1430/1430/1430 4024/4024/4024 1428/1428/1428
f 4022/4022/4022 4025/4025/4025 4021/4021/4021
f 4022/4022/4022 4023/4023/4023 4025/4025/4025
f 4021/4021/4021 4025/4025/4025 4024/4024/4024
f 4023/4023/4023 3321/3321/3321 4026/4026/4026
f 4023/4023/4023 4026/4026/4026 4025/4025/4025
f 3321/3321/3321 3316/3316/3316 4026/4026/4026
f 4024/4024/4024 4027/4027/4027 1428/1428/1428
f 1428/1428/1428 4027/4027/4027 1426/1426/1426
f 4025/4025/4025 4028/4028/4028 4024/4024/4024
f 4025/4025/4025 4026/4026/4026 4028/4028/4028
f 4024/4024/4024 4028/4028/4028 4027/4027/4027
f 4026/4026/4026 3316/3316/3316 4029/4029/4029
f 4026/4026/4026 4029/4029/4029 4028/4028/4028
f 3316/3316/3316 3311/3311/3311 4029/4029/4029
f 4027/4027/4027 4030/4030/4030 1426/1426/1426
f 1426/1426/1426 4030/4030/4030 1424/1424/1424
f 4028/4028/4028 4031/4031/4031 4027/4027/4027
f 4028/4028/4028 4029/4029/4029 4031/4031/4031
f 4027/4027/4027 4031/4031/4031 4030/4030/4030
f 4029/4029/4029 3311/3311/3311 4032/4032/4032
f 4029/4029/4029 4032/4032/4032 4031/4031/4031
f 3311/3311/3311 3306/3306/3306 4032/4032/4032
f 4030/4030/4030 4033/4033/4033 1424/1424/1424
f 1424/1424/1424 4033/4033/4033 1422/1422/1422
f 4031/4031/4031 4034/4034/4034 4030/4030/4030
f 4031/4031/4031 4032/4032/4032 4034/4034/4034
f 4030/4030/4030 4034/4034/4034 4033/4033/4033
f 4032/4032/4032 3306/3306/3306 4035/4035/4035
f 4032/4032/4032 4035/4035/4035 4034/4034/4034
f 3306/3306/3306 3301/3301/3301 4035/4035/4035
f 4033/4033/4033 4036/4036/4036 1422/1422/1422
f 1422/1422/1422 4036/4036/4036 1420/1420/1420
f 4034/4034/4034 4037/4037/4037 4033/4033/4033
f 4034/4034/4034 4035/4035/4035 4037/4037/4037
f 4033/4033/4033 4037/4037/4037 4036/4036/4036
f 4035/4035/4035 3301/3301/3301 4038/4038/4038
f 4035/4035/4035 4038/4038/4038 4037/4037/4037
f 3301/3301/3301 3296/3296/3296 4038/4038/4038
f 4036/4036/4036 4039/4039/4039 1420/1420/1420
f 1420/1420/1420 4039/4039/4039 1418/1418/1418
f 4037/4037/4037 4040/4040/4040 4036/4036/4036
f 4037/4037/4037 4038/4038/4038 4040/4040/4040
f 4036/4036/4036 4040/4040/4040 4039/4039/4039
f 4038/4038/4038 3296/3296/3296 4041/4041/4041
f 4038/4038/4038 4041/4041/4041 4040/4040/4040
f 3296/3296/3296 3291/3291/3291 4041/4041/4041
f 4039/4039/4039 4042/4042/4042 1418/1418/1418
f 1418/1418/1418 4042/4042/4042 1416/1416/1416
f 4040/4040/4040 4043/4043/4043 4039/4039/4039
f 4040/4040/4040 4041/4041/4041 4043/4043/4043
f 4039/4039/4039 4043/4043/4043 4042/4042/4042
f 4041/4041/4041 3291/3291/3291 4044/4044/4044
f 4041/4041/4041 4044/4044/4044 4043/4043/4043
f 3291/3291/3291 3286/3286/3286 4044/4044/4044
f 4042/4042/4042 4045/4045/4045 1416/1416/1416
f 1416/1416/1416 4045/4045/4045 1414/1414/1414
f 4043/4043/4043 4046/4046/4046 4042/4042/4042
f 4043/4043/4043 4044/4044/4044 4046/4046/4046
f 4042/4042/4042 4046/4046/4046 4045/4045/4045
f 4044/4044/4044 3286/3286/3286 4047/4047/4047
f 4044/4044/4044 4047/4047/4047 4046/4046/4046
f 3286/3286/3286 3281/3281/3281 4047/4047/4047
f 4045/4045/4045 4048/4048/4048 1414/1414/1414
f 1414/1414/1414 4048/4048/4048 1412/1412/1412
f 4046/4046/4046 4049/4049/4049 4045/4045/4045
f 4046/4046/4046 4047/4047/4047 4049/4049/4049
f 4045/4045/4045 4049/4049/4049 4048/4048/4048
f 4047/4047/4047 3281/3281/3281 4050/4050/4050
f 4047/4047/4047 4050/4050/4050 4049/4049/4049
f 3281/3281/3281 3276/3276/3276 4050/4050/4050
f 4048/4048/4048 4051/4051/4051 1412/1412/1412
f 1412/1412/1412 4051/4051/4051 1410/1410/1410
f 4049/4049/4049 4052/4052/4052 4048/4048/4048
f 4049/4049/4049 4050/4050/4050 4052/4052/4052
f 4048/4048/4048 4052/4052/4052 4051/4051/4051
f 4050/4050/4050 3276/3276/3276 4053/4053/4053
f 4050/4050/4050 4053/4053/4053 4052/4052/4052
f 3276/3276/3276 3265/3265/3265 4053/4053/4053
f 4051/4051/4051 4054/4054/4054 1410/1410/1410
f 1410/1410/1410 4054/4054/4054 1403/1403/1403
f 4052/4052/4052 4055/4055/4055 4051/4051/4051
f 4052/4052/4052 4053/4053/4053 4055/4055/4055
f 4051/4051/4051 4055/4055/4055 4054/4054/4054
f 4053/4053/4053 3265/3265/3265 4056/4056/4056
f 4053/4053/4053 4056/4056/4056 4055/4055/4055
f 3265/3265/3265 3258/3258/3258 4056/4056/4056
f 4056/4056/4056 3258/3258/3258 3255/3255/3255
f 4055/4055/4055 4056/4056/4056 4057/4057/4057
f 4056/4056/4056 3255/3255/3255 4057/4057/4057
f 4055/4055/4055 4057/4057/4057 4054/4054/4054
f 4057/4057/4057 3255/3255/3255 3256/3256/3256
f 4054/4054/4054 4058/4058/4058 1403/1403/1403
f 4054/4054/4054 4057/4057/4057 4058/4058/4058
f 4057/4057/4057 3256/3256/3256 4058/4058/4058
f 1403/1403/1403 4058/4058/4058 1401/1401/1401
f 4058/4058/4058 4059/4059/4059 1401/1401/1401
f 4058/4058/4058 3256/3256/3256 4059/4059/4059
f 1401/1401/1401 4059/4059/4059 1399/1399/1399
f 3256/3256/3256 4060/4060/4060 4059/4059/4059
f 3256/3256/3256 4061/4061/4061 4060/4060/4060
f 4059/4059/4059 4062/4062/4062 1399/1399/1399
f 4059/4059/4059 4060/4060/4060 4062/4062/4062
f 1399/1399/1399 4062/4062/4062 1397/1397/1397
f 4061/4061/4061 4063/4063/4063 4060/4060/4060
f 4061/4061/4061 3243/3243/3243 4063/4063/4063
f 3243/3243/3243 3242/3242/3242 4063/4063/4063
f 4062/4062/4062 4064/4064/4064 1397/1397/1397
f 1397/1397/1397 4064/4064/4064 1395/1395/1395
f 4060/4060/4060 4065/4065/4065 4062/4062/4062
f 4060/4060/4060 4063/4063/4063 4065/4065/4065
f 4062/4062/4062 4065/4065/4065 4064/4064/4064
f 4063/4063/4063 3242/3242/3242 4066/4066/4066
f 4063/4063/4063 4066/4066/4066 4065/4065/4065
f 4064/4064/4064 4067/4067/4067 1395/1395/1395
f 1395/1395/1395 4067/4067/4067 1389/1389/1389
f 4065/4065/4065 4068/4068/4068 4064/4064/4064
f 4065/4065/4065 4066/4066/4066 4068/4068/4068
f 4064/4064/4064 4068/4068/4068 4067/4067/4067
f 3242/3242/3242 4069/4069/4069 4066/4066/4066
f 4069/4069/4069 3242/3242/3242 3236/3236/3236
f 3235/3235/3235 4069/4069/4069 3236/3236/3236
f 4067/4067/4067 4070/4070/4070 1389/1389/1389
f 1389/1389/1389 4070/4070/4070 1387/1387/1387
f 4068/4068/4068 4071/4071/4071 4067/4067/4067
f 4067/4067/4067 4071/4071/4071 4070/4070/4070
f 4066/4066/4066 4072/4072/4072 4068/4068/4068
f 4066/4066/4066 4069/4069/4069 4072/4072/4072
f 4068/4068/4068 4072/4072/4072 4071/4071/4071
f 4073/4073/4073 4069/4069/4069 3235/3235/3235
f 4069/4069/4069 4073/4073/4073 4072/4072/4072
f 3229/3229/3229 4073/4073/4073 3235/3235/3235
f 4070/4070/4070 4074/4074/4074 1387/1387/1387
f 1387/1387/1387 4074/4074/4074 1385/1385/1385
f 4072/4072/4072 4075/4075/4075 4071/4071/4071
f 4072/4072/4072 4073/4073/4073 4075/4075/4075
f 4076/4076/4076 4073/4073/4073 3229/3229/3229
f 4073/4073/4073 4076/4076/4076 4075/4075/4075
f 3224/3224/3224 4076/4076/4076 3229/3229/3229
f 3228/3228/3228 4076/4076/4076 3224/3224/3224
f 4071/4071/4071 4077/4077/4077 4070/4070/4070
f 4071/4071/4071 4075/4075/4075 4077/4077/4077
f 4070/4070/4070 4077/4077/4077 4074/4074/4074
f 4075/4075/4075 4076/4076/4076 4078/4078/4078
f 4076/4076/4076 3228/3228/3228 4078/4078/4078
f 4075/4075/4075 4078/4078/4078 4077/4077/4077
f 4074/4074/4074 4079/4079/4079 1385/1385/1385
f 1385/1385/1385 4079/4079/4079 1383/1383/1383
f 4077/4077/4077 4080/4080/4080 4074/4074/4074
f 4077/4077/4077 4078/4078/4078 4080/4080/4080
f 4074/4074/4074 4080/4080/4080 4079/4079/4079
f 4078/4078/4078 3228/3228/3228 4081/4081/4081
f 4078/4078/4078 4081/4081/4081 4080/4080/4080
f 3228/3228/3228 3223/3223/3223 4081/4081/4081
f 4079/4079/4079 4082/4082/4082 1383/1383/1383
f 1383/1383/1383 4082/4082/4082 1381/1381/1381
f 4080/4080/4080 4083/4083/4083 4079/4079/4079
f 4080/4080/4080 4081/4081/4081 4083/4083/4083
f 4079/4079/4079 4083/4083/4083 4082/4082/4082
f 4081/4081/4081 3223/3223/3223 4084/4084/4084
f 4081/4081/4081 4084/4084/4084 4083/4083/4083
f 3223/3223/3223 3218/3218/3218 4084/4084/4084
f 4082/4082/4082 4085/4085/4085 1381/1381/1381
f 1381/1381/1381 4085/4085/4085 1379/1379/1379
f 4083/4083/4083 4086/4086/4086 4082/4082/4082
f 4083/4083/4083 4084/4084/4084 4086/4086/4086
f 4082/4082/4082 4086/4086/4086 4085/4085/4085
f 4084/4084/4084 3218/3218/3218 4087/4087/4087
f 4084/4084/4084 4087/4087/4087 4086/4086/4086
f 3218/3218/3218 3213/3213/3213 4087/4087/4087
f 4085/4085/4085 4088/4088/4088 1379/1379/1379
f 1379/1379/1379 4088/4088/4088 1377/1377/1377
f 4086/4086/4086 4089/4089/4089 4085/4085/4085
f 4086/4086/4086 4087/4087/4087 4089/4089/4089
f 4085/4085/4085 4089/4089/4089 4088/4088/4088
f 4087/4087/4087 3213/3213/3213 4090/4090/4090
f 4087/4087/4087 4090/4090/4090 4089/4089/4089
f 3213/3213/3213 3208/3208/3208 4090/4090/4090
f 4088/4088/4088 4091/4091/4091 1377/1377/1377
f 1377/1377/1377 4091/4091/4091 1375/1375/1375
f 4089/4089/4089 4092/4092/4092 4088/4088/4088
f 4089/4089/4089 4090/4090/4090 4092/4092/4092
f 4088/4088/4088 4092/4092/4092 4091/4091/4091
f 4090/4090/4090 3208/3208/3208 4093/4093/4093
f 4090/4090/4090 4093/4093/4093 4092/4092/4092
f 3208/3208/3208 3203/3203/3203 4093/4093/4093
f 4091/4091/4091 4094/4094/4094 1375/1375/1375
f 1375/1375/1375 4094/4094/4094 1373/1373/1373
f 4092/4092/4092 4095/4095/4095 4091/4091/4091
f 4092/4092/4092 4093/4093/4093 4095/4095/4095
f 4091/4091/4091 4095/4095/4095 4094/4094/4094
f 4093/4093/4093 3203/3203/3203 4096/4096/4096
f 4093/4093/4093 4096/4096/4096 4095/4095/4095
f 3203/3203/3203 3198/3198/3198 4096/4096/4096
f 4094/4094/4094 4097/4097/4097 1373/1373/1373
f 1373/1373/1373 4097/4097/4097 1371/1371/1371
f 4095/4095/4095 4098/4098/4098 4094/4094/4094
f 4095/4095/4095 4096/4096/4096 4098/4098/4098
f 4094/4094/4094 4098/4098/4098 4097/4097/4097
f 4096/4096/4096 3198/3198/3198 4099/4099/4099
f 4096/4096/4096 4099/4099/4099 4098/4098/4098
f 3198/3198/3198 3193/3193/3193 4099/4099/4099
f 4097/4097/4097 4100/4100/4100 1371/1371/1371
f 1371/1371/1371 4100/4100/4100 1369/1369/1369
f 4098/4098/4098 4101/4101/4101 4097/4097/4097
f 4098/4098/4098 4099/4099/4099 4101/4101/4101
f 4097/4097/4097 4101/4101/4101 4100/4100/4100
f 4099/4099/4099 3193/3193/3193 4102/4102/4102
f 4099/4099/4099 4102/4102/4102 4101/4101/4101
f 3193/3193/3193 3188/3188/3188 4102/4102/4102
f 4100/4100/4100 4103/4103/4103 1369/1369/1369
f 1369/1369/1369 4103/4103/4103 1367/1367/1367
f 4101/4101/4101 4104/4104/4104 4100/4100/4100
f 4101/4101/4101 4102/4102/4102 4104/4104/4104
f 4100/4100/4100 4104/4104/4104 4103/4103/4103
f 4102/4102/4102 3188/3188/3188 4105/4105/4105
f 4102/4102/4102 4105/4105/4105 4104/4104/4104
f 3188/3188/3188 3183/3183/3183 4105/4105/4105
f 4103/4103/4103 4106/4106/4106 1367/1367/1367
f 1367/1367/1367 4106/4106/4106 1365/1365/1365
f 4104/4104/4104 4107/4107/4107 4103/4103/4103
f 4104/4104/4104 4105/4105/4105 4107/4107/4107
f 4103/4103/4103 4107/4107/4107 4106/4106/4106
f 4105/4105/4105 3183/3183/3183 4108/4108/4108
f 4105/4105/4105 4108/4108/4108 4107/4107/4107
f 3183/3183/3183 3178/3178/3178 4108/4108/4108
f 4106/4106/4106 4109/4109/4109 1365/1365/1365
f 1365/1365/1365 4109/4109/4109 1363/1363/1363
f 4107/4107/4107 4110/4110/4110 4106/4106/4106
f 4107/4107/4107 4108/4108/4108 4110/4110/4110
f 4106/4106/4106 4110/4110/4110 4109/4109/4109
f 4108/4108/4108 3178/3178/3178 4111/4111/4111
f 4108/4108/4108 4111/4111/4111 4110/4110/4110
f 3178/3178/3178 3167/3167/3167 4111/4111/4111
f 4109/4109/4109 4112/4112/4112 1363/1363/1363
f 1363/1363/1363 4112/4112/4112 1356/1356/1356
f 4110/4110/4110 4113/4113/4113 4109/4109/4109
f 4110/4110/4110 4111/4111/4111 4113/4113/4113
f 4109/4109/4109 4113/4113/4113 4112/4112/4112
f 4111/4111/4111 3167/3167/3167 4114/4114/4114
f 4111/4111/4111 4114/4114/4114 4113/4113/4113
f 3167/3167/3167 3160/3160/3160 4114/4114/4114
f 4114/4114/4114 3160/3160/3160 3157/3157/3157
f 4113/4113/4113 4114/4114/4114 4115/4115/4115
f 4114/4114/4114 3157/3157/3157 4115/4115/4115
f 4113/4113/4113 4115/4115/4115 4112/4112/4112
f 4115/4115/4115 3157/3157/3157 3158/3158/3158
f 4112/4112/4112 4116/4116/4116 1356/1356/1356
f 4112/4112/4112 4115/4115/4115 4116/4116/4116
f 4115/4115/4115 3158/3158/3158 4116/4116/4116
f 1356/1356/1356 4116/4116/4116 1354/1354/1354
f 4116/4116/4116 4117/4117/4117 1354/1354/1354
f 4116/4116/4116 3158/3158/3158 4117/4117/4117
f 1354/1354/1354 4117/4117/4117 1352/1352/1352
f 3158/3158/3158 4118/4118/4118 4117/4117/4117
f 3158/3158/3158 4119/4119/4119 4118/4118/4118
f 4117/4117/4117 4120/4120/4120 1352/1352/1352
f 4117/4117/4117 4118/4118/4118 4120/4120/4120
f 1352/1352/1352 4120/4120/4120 1350/1350/1350
f 4119/4119/4119 4121/4121/4121 4118/4118/4118
f 4119/4119/4119 3145/3145/3145 4121/4121/4121
f 3145/3145/3145 3144/3144/3144 4121/4121/4121
f 4120/4120/4120 4122/4122/4122 1350/1350/1350
f 1350/1350/1350 4122/4122/4122 1348/1348/1348
f 4118/4118/4118 4123/4123/4123 4120/4120/4120
f 4118/4118/4118 4121/4121/4121 4123/4123/4123
f 4120/4120/4120 4123/4123/4123 4122/4122/4122
f 4121/4121/4121 3144/3144/3144 4124/4124/4124
f 4121/4121/4121 4124/4124/4124 4123/4123/4123
f 4122/4122/4122 4125/4125/4125 1348/1348/1348
f 1348/1348/1348 4125/4125/4125 1346/1346/1346
f 4123/4123/4123 4126/4126/4126 4122/4122/4122
f 4123/4123/4123 4124/4124/4124 4126/4126/4126
f 4122/4122/4122 4126/4126/4126 4125/4125/4125
f 3144/3144/3144 4127/4127/4127 4124/4124/4124
f 4127/4127/4127 3144/3144/3144 3138/3138/3138
f 3137/3137/3137 4127/4127/4127 3138/3138/3138
f 4125/4125/4125 4128/4128/4128 1346/1346/1346
f 1346/1346/1346 4128/4128/4128 1344/1344/1344
f 4126/4126/4126 4129/4129/4129 4125/4125/4125
f 4125/4125/4125 4129/4129/4129 4128/4128/4128
f 4124/4124/4124 4130/4130/4130 4126/4126/4126
f 4124/4124/4124 4127/4127/4127 4130/4130/4130
f 4126/4126/4126 4130/4130/4130 4129/4129/4129
f 4131/4131/4131 4127/4127/4127 3137/3137/3137
f 4127/4127/4127 4131/4131/4131 4130/4130/4130
f 3131/3131/3131 4131/4131/4131 3137/3137/3137
f 4128/4128/4128 4132/4132/4132 1344/1344/1344
f 1344/1344/1344 4132/4132/4132 1342/1342/1342
f 4129/4129/4129 4133/4133/4133 4128/4128/4128
f 4128/4128/4128 4133/4133/4133 4132/4132/4132
f 4130/4130/4130 4134/4134/4134 4129/4129/4129
f 4130/4130/4130 4131/4131/4131 4134/4134/4134
f 4129/4129/4129 4134/4134/4134 4133/4133/4133
f 4135/4135/4135 4131/4131/4131 3131/3131/3131
f 4131/4131/4131 4135/4135/4135 4134/4134/4134
f 3123/3123/3123 4135/4135/4135 3131/3131/3131
f 3130/3130/3130 4135/4135/4135 3123/3123/3123
f 4134/4134/4134 4135/4135/4135 4136/4136/4136
f 4134/4134/4134 4136/4136/4136 4133/4133/4133
f 4135/4135/4135 3130/3130/3130 4136/4136/4136
f 4132/4132/4132 4137/4137/4137 1342/1342/1342
f 1342/1342/1342 4137/4137/4137 1340/1340/1340
f 4133/4133/4133 4138/4138/4138 4132/4132/4132
f 4133/4133/4133 4136/4136/4136 4138/4138/4138
f 4132/4132/4132 4138/4138/4138 4137/4137/4137
f 4136/4136/4136 3130/3130/3130 4139/4139/4139
f 4136/4136/4136 4139/4139/4139 4138/4138/4138
f 3130/3130/3130 3119/3119/3119 4139/4139/4139
f 4137/4137/4137 4140/4140/4140 1340/1340/1340
f 1340/1340/1340 4140/4140/4140 1333/1333/1333
f 4138/4138/4138 4141/4141/4141 4137/4137/4137
f 4138/4138/4138 4139/4139/4139 4141/4141/4141
f 4137/4137/4137 4141/4141/4141 4140/4140/4140
f 4139/4139/4139 3119/3119/3119 4142/4142/4142
f 4139/4139/4139 4142/4142/4142 4141/4141/4141
f 3119/3119/3119 3112/3112/3112 4142/4142/4142
f 4142/4142/4142 3112/3112/3112 3109/3109/3109
f 4141/4141/4141 4142/4142/4142 4143/4143/4143
f 4142/4142/4142 3109/3109/3109 4143/4143/4143
f 4141/4141/4141 4143/4143/4143 4140/4140/4140
f 4143/4143/4143 3109/3109/3109 3110/3110/3110
f 4140/4140/4140 4144/4144/4144 1333/1333/1333
f 4140/4140/4140 4143/4143/4143 4144/4144/4144
f 4143/4143/4143 3110/3110/3110 4144/4144/4144
f 1333/1333/1333 4144/4144/4144 1331/1331/1331
f 4144/4144/4144 4145/4145/4145 1331/1331/1331
f 4144/4144/4144 3110/3110/3110 4145/4145/4145
f 1331/1331/1331 4145/4145/4145 1329/1329/1329
f 3110/3110/3110 4146/4146/4146 4145/4145/4145
f 3110/3110/3110 4147/4147/4147 4146/4146/4146
f 4145/4145/4145 4148/4148/4148 1329/1329/1329
f 4145/4145/4145 4146/4146/4146 4148/4148/4148
f 1329/1329/1329 4148/4148/4148 1327/1327/1327
f 4147/4147/4147 4149/4149/4149 4146/4146/4146
f 4147/4147/4147 3097/3097/3097 4149/4149/4149
f 3097/3097/3097 3096/3096/3096 4149/4149/4149
f 4148/4148/4148 4150/4150/4150 1327/1327/1327
f 1327/1327/1327 4150/4150/4150 1325/1325/1325
f 4146/4146/4146 4151/4151/4151 4148/4148/4148
f 4146/4146/4146 4149/4149/4149 4151/4151/4151
f 4148/4148/4148 4151/4151/4151 4150/4150/4150
f 4149/4149/4149 3096/3096/3096 4152/4152/4152
f 4149/4149/4149 4152/4152/4152 4151/4151/4151
f 4150/4150/4150 4153/4153/4153 1325/1325/1325
f 1325/1325/1325 4153/4153/4153 1323/1323/1323
f 4151/4151/4151 4154/4154/4154 4150/4150/4150
f 4151/4151/4151 4152/4152/4152 4154/4154/4154
f 4150/4150/4150 4154/4154/4154 4153/4153/4153
f 3096/3096/3096 4155/4155/4155 4152/4152/4152
f 4155/4155/4155 3096/3096/3096 3090/3090/3090
f 3089/3089/3089 4155/4155/4155 3090/3090/3090
f 4153/4153/4153 4156/4156/4156 1323/1323/1323
f 1323/1323/1323 4156/4156/4156 1321/1321/1321
f 4154/4154/4154 4157/4157/4157 4153/4153/4153
f 4153/4153/4153 4157/4157/4157 4156/4156/4156
f 4152/4152/4152 4158/4158/4158 4154/4154/4154
f 4152/4152/4152 4155/4155/4155 4158/4158/4158
f 4154/4154/4154 4158/4158/4158 4157/4157/4157
f 4159/4159/4159 4155/4155/4155 3089/3089/3089
f 4155/4155/4155 4159/4159/4159 4158/4158/4158
f 3083/3083/3083 4159/4159/4159 3089/3089/3089
f 4156/4156/4156 4160/4160/4160 1321/1321/1321
f 1321/1321/1321 4160/4160/4160 1319/1319/1319
f 4157/4157/4157 4161/4161/4161 4156/4156/4156
f 4156/4156/4156 4161/4161/4161 4160/4160/4160
f 4158/4158/4158 4162/4162/4162 4157/4157/4157
f 4158/4158/4158 4159/4159/4159 4162/4162/4162
f 4157/4157/4157 4162/4162/4162 4161/4161/4161
f 4163/4163/4163 4159/4159/4159 3083/3083/3083
f 4159/4159/4159 4163/4163/4163 4162/4162/4162
f 3078/3078/3078 4163/4163/4163 3083/3083/3083
f 3082/3082/3082 4163/4163/4163 3078/3078/3078
f 4162/4162/4162 4163/4163/4163 4164/4164/4164
f 4162/4162/4162 4164/4164/4164 4161/4161/4161
f 4163/4163/4163 3082/3082/3082 4164/4164/4164
f 4160/4160/4160 4165/4165/4165 1319/1319/1319
f 1319/1319/1319 4165/4165/4165 1317/1317/1317
f 4161/4161/4161 4166/4166/4166 4160/4160/4160
f 4161/4161/4161 4164/4164/4164 4166/4166/4166
f 4160/4160/4160 4166/4166/4166 4165/4165/4165
f 4164/4164/4164 3082/3082/3082 4167/4167/4167
f 4164/4164/4164 4167/4167/4167 4166/4166/4166
f 3082/3082/3082 3077/3077/3077 4167/4167/4167
f 4165/4165/4165 4168/4168/4168 1317/1317/1317
f 1317/1317/1317 4168/4168/4168 1315/1315/1315
f 4166/4166/4166 4169/4169/4169 4165/4165/4165
f 4166/4166/4166 4167/4167/4167 4169/4169/4169
f 4165/4165/4165 4169/4169/4169 4168/4168/4168
f 4167/4167/4167 3077/3077/3077 4170/4170/4170
f 4167/4167/4167 4170/4170/4170 4169/4169/4169
f 3077/3077/3077 3072/3072/3072 4170/4170/4170
f 4168/4168/4168 4171/4171/4171 1315/1315/1315
f 1315/1315/1315 4171/4171/4171 1313/1313/1313
f 4169/4169/4169 4172/4172/4172 4168/4168/4168
f 4169/4169/4169 4170/4170/4170 4172/4172/4172
f 4168/4168/4168 4172/4172/4172 4171/4171/4171
f 4170/4170/4170 3072/3072/3072 4173/4173/4173
f 4170/4170/4170 4173/4173/4173 4172/4172/4172
f 3072/3072/3072 3067/3067/3067 4173/4173/4173
f 4171/4171/4171 4174/4174/4174 1313/1313/1313
f 1313/1313/1313 4174/4174/4174 1311/1311/1311
f 4172/4172/4172 4175/4175/4175 4171/4171/4171
f 4172/4172/4172 4173/4173/4173 4175/4175/4175
f 4171/4171/4171 4175/4175/4175 4174/4174/4174
f 4173/4173/4173 3067/3067/3067 4176/4176/4176
f 4173/4173/4173 4176/4176/4176 4175/4175/4175
f 3067/3067/3067 3062/3062/3062 4176/4176/4176
f 4174/4174/4174 4177/4177/4177 1311/1311/1311
f 1311/1311/1311 4177/4177/4177 1309/1309/1309
f 4175/4175/4175 4178/4178/4178 4174/4174/4174
f 4175/4175/4175 4176/4176/4176 4178/4178/4178
f 4174/4174/4174 4178/4178/4178 4177/4177/4177
f 4176/4176/4176 3062/3062/3062 4179/4179/4179
f 4176/4176/4176 4179/4179/4179 4178/4178/4178
f 3062/3062/3062 3057/3057/3057 4179/4179/4179
f 4177/4177/4177 4180/4180/4180 1309/1309/1309
f 1309/1309/1309 4180/4180/4180 1307/1307/1307
f 4178/4178/4178 4181/4181/4181 4177/4177/4177
f 4178/4178/4178 4179/4179/4179 4181/4181/4181
f 4177/4177/4177 4181/4181/4181 4180/4180/4180
f 4179/4179/4179 3057/3057/3057 4182/4182/4182
f 4179/4179/4179 4182/4182/4182 4181/4181/4181
f 3057/3057/3057 3052/3052/3052 4182/4182/4182
f 4180/4180/4180 4183/4183/4183 1307/1307/1307
f 1307/1307/1307 4183/4183/4183 1305/1305/1305
f 4181/4181/4181 4184/4184/4184 4180/4180/4180
f 4181/4181/4181 4182/4182/4182 4184/4184/4184
f 4180/4180/4180 4184/4184/4184 4183/4183/4183
f 4182/4182/4182 3052/3052/3052 4185/4185/4185
f 4182/4182/4182 4185/4185/4185 4184/4184/4184
f 3052/3052/3052 3047/3047/3047 4185/4185/4185
f 4183/4183/4183 4186/4186/4186 1305/1305/1305
f 1305/1305/1305 4186/4186/4186 1303/1303/1303
f 4184/4184/4184 4187/4187/4187 4183/4183/4183
f 4184/4184/4184 4185/4185/4185 4187/4187/4187
f 4183/4183/4183 4187/4187/4187 4186/4186/4186
f 4185/4185/4185 3047/3047/3047 4188/4188/4188
f 4185/4185/4185 4188/4188/4188 4187/4187/4187
f 3047/3047/3047 3042/3042/3042 4188/4188/4188
f 4186/4186/4186 4189/4189/4189 1303/1303/1303
f 1303/1303/1303 4189/4189/4189 1301/1301/1301
f 4187/4187/4187 4190/4190/4190 4186/4186/4186
f 4187/4187/4187 4188/4188/4188 4190/4190/4190
f 4186/4186/4186 4190/4190/4190 4189/4189/4189
f 4188/4188/4188 3042/3042/3042 4191/4191/4191
f 4188/4188/4188 4191/4191/4191 4190/4190/4190
f 3042/3042/3042 3037/3037/3037 4191/4191/4191
f 4189/4189/4189 4192/4192/4192 1301/1301/1301
f 1301/1301/1301 4192/4192/4192 1299/1299/1299
f 4190/4190/4190 4193/4193/4193 4189/4189/4189
f 4190/4190/4190 4191/4191/4191 4193/4193/4193
f 4189/4189/4189 4193/4193/4193 4192/4192/4192
f 4191/4191/4191 3037/3037/3037 4194/4194/4194
f 4191/4191/4191 4194/4194/4194 4193/4193/4193
f 3037/3037/3037 3032/3032/3032 4194/4194/4194
f 4192/4192/4192 4195/4195/4195 1299/1299/1299
f 1299/1299/1299 4195/4195/4195 1297/1297/1297
f 4193/4193/4193 4196/4196/4196 4192/4192/4192
f 4193/4193/4193 4194/4194/4194 4196/4196/4196
f 4192/4192/4192 4196/4196/4196 4195/4195/4195
f 4194/4194/4194 3032/3032/3032 4197/4197/4197
f 4194/4194/4194 4197/4197/4197 4196/4196/4196
f 3032/3032/3032 3027/3027/3027 4197/4197/4197
f 4195/4195/4195 4198/4198/4198 1297/1297/1297
f 1297/1297/1297 4198/4198/4198 1295/1295/1295
f 4196/4196/4196 4199/4199/4199 4195/4195/4195
f 4196/4196/4196 4197/4197/4197 4199/4199/4199
f 4195/4195/4195 4199/4199/4199 4198/4198/4198
f 4197/4197/4197 3027/3027/3027 4200/4200/4200
f 4197/4197/4197 4200/4200/4200 4199/4199/4199
f 3027/3027/3027 3022/3022/3022 4200/4200/4200
f 4198/4198/4198 4201/4201/4201 1295/1295/1295
f 1295/1295/1295 4201/4201/4201 1293/1293/1293
f 4199/4199/4199 4202/4202/4202 4198/4198/4198
f 4199/4199/4199 4200/4200/4200 4202/4202/4202
f 4198/4198/4198 4202/4202/4202 4201/4201/4201
f 4200/4200/4200 3022/3022/3022 4203/4203/4203
f 4200/4200/4200 4203/4203/4203 4202/4202/4202
f 3022/3022/3022 3017/3017/3017 4203/4203/4203
f 4201/4201/4201 4204/4204/4204 1293/1293/1293
f 1293/1293/1293 4204/4204/4204 1291/1291/1291
f 4202/4202/4202 4205/4205/4205 4201/4201/4201
f 4202/4202/4202 4203/4203/4203 4205/4205/4205
f 4201/4201/4201 4205/4205/4205 4204/4204/4204
f 4203/4203/4203 3017/3017/3017 4206/4206/4206
f 4203/4203/4203 4206/4206/4206 4205/4205/4205
f 3017/3017/3017 3012/3012/3012 4206/4206/4206
f 4204/4204/4204 4207/4207/4207 1291/1291/1291
f 1291/1291/1291 4207/4207/4207 1289/1289/1289
f 4205/4205/4205 4208/4208/4208 4204/4204/4204
f 4205/4205/4205 4206/4206/4206 4208/4208/4208
f 4204/4204/4204 4208/4208/4208 4207/4207/4207
f 4206/4206/4206 3012/3012/3012 4209/4209/4209
f 4206/4206/4206 4209/4209/4209 4208/4208/4208
f 3012/3012/3012 3007/3007/3007 4209/4209/4209
f 4207/4207/4207 4210/4210/4210 1289/1289/1289
f 1289/1289/1289 4210/4210/4210 1287/1287/1287
f 4208/4208/4208 4211/4211/4211 4207/4207/4207
f 4208/4208/4208 4209/4209/4209 4211/4211/4211
f 4207/4207/4207 4211/4211/4211 4210/4210/4210
f 4209/4209/4209 3007/3007/3007 4212/4212/4212
f 4209/4209/4209 4212/4212/4212 4211/4211/4211
f 3007/3007/3007 3002/3002/3002 4212/4212/4212
f 4210/4210/4210 4213/4213/4213 1287/1287/1287
f 1287/1287/1287 4213/4213/4213 1285/1285/1285
f 4211/4211/4211 4214/4214/4214 4210/4210/4210
f 4211/4211/4211 4212/4212/4212 4214/4214/4214
f 4210/4210/4210 4214/4214/4214 4213/4213/4213
f 4212/4212/4212 3002/3002/3002 4215/4215/4215
f 4212/4212/4212 4215/4215/4215 4214/4214/4214
f 3002/3002/3002 2997/2997/2997 4215/4215/4215
f 4213/4213/4213 4216/4216/4216 1285/1285/1285
f 1285/1285/1285 4216/4216/4216 1283/1283/1283
f 4214/4214/4214 4217/4217/4217 4213/4213/4213
f 4214/4214/4214 4215/4215/4215 4217/4217/4217
f 4213/4213/4213 4217/4217/4217 4216/4216/4216
f 4215/4215/4215 2997/2997/2997 4218/4218/4218
f 4215/4215/4215 4218/4218/4218 4217/4217/4217
f 2997/2997/2997 2992/2992/2992 4218/4218/4218
f 4216/4216/4216 4219/4219/4219 1283/1283/1283
f 1283/1283/1283 4219/4219/4219 1281/1281/1281
f 4217/4217/4217 4220/4220/4220 4216/4216/4216
f 4217/4217/4217 4218/4218/4218 4220/4220/4220
f 4216/4216/4216 4220/4220/4220 4219/4219/4219
f 4218/4218/4218 2992/2992/2992 4221/4221/4221
f 4218/4218/4218 4221/4221/4221 4220/4220/4220
f 2992/2992/2992 2987/2987/2987 4221/4221/4221
f 4219/4219/4219 4222/4222/4222 1281/1281/1281
f 1281/1281/1281 4222/4222/4222 1279/1279/1279
f 4220/4220/4220 4223/4223/4223 4219/4219/4219
f 4220/4220/4220 4221/4221/4221 4223/4223/4223
f 4219/4219/4219 4223/4223/4223 4222/4222/4222
f 4221/4221/4221 2987/2987/2987 4224/4224/4224
f 4221/4221/4221 4224/4224/4224 4223/4223/4223
f 2987/2987/2987 2982/2982/2982 4224/4224/4224
f 4222/4222/4222 4225/4225/4225 1279/1279/1279
f 1279/1279/1279 4225/4225/4225 1277/1277/1277
f 4223/4223/4223 4226/4226/4226 4222/4222/4222
f 4223/4223/4223 4224/4224/4224 4226/4226/4226
f 4222/4222/4222 4226/4226/4226 4225/4225/4225
f 4224/4224/4224 2982/2982/2982 4227/4227/4227
f 4224/4224/4224 4227/4227/4227 4226/4226/4226
f 2982/2982/2982 2977/2977/2977 4227/4227/4227
f 4225/4225/4225 4228/4228/4228 1277/1277/1277
f 1277/1277/1277 4228/4228/4228 1275/1275/1275
f 4226/4226/4226 4229/4229/4229 4225/4225/4225
f 4226/4226/4226 4227/4227/4227 4229/4229/4229
f 4225/4225/4225 4229/4229/4229 4228/4228/4228
f 4227/4227/4227 2977/2977/2977 4230/4230/4230
f 4227/4227/4227 4230/4230/4230 4229/4229/4229
f 2977/2977/2977 2972/2972/2972 4230/4230/4230
f 4228/4228/4228 4231/4231/4231 1275/1275/1275
f 1275/1275/1275 4231/4231/4231 1273/1273/1273
f 4229/4229/4229 4232/4232/4232 4228/4228/4228
f 4229/4229/4229 4230/4230/4230 4232/4232/4232
f 4228/4228/4228 4232/4232/4232 4231/4231/4231
f 4230/4230/4230 2972/2972/2972 4233/4233/4233
f 4230/4230/4230 4233/4233/4233 4232/4232/4232
f 2972/2972/2972 2967/2967/2967 4233/4233/4233
f 4231/4231/4231 4234/4234/4234 1273/1273/1273
f 1273/1273/1273 4234/4234/4234 1271/1271/1271
f 4232/4232/4232 4235/4235/4235 4231/4231/4231
f 4232/4232/4232 4233/4233/4233 4235/4235/4235
f 4231/4231/4231 4235/4235/4235 4234/4234/4234
f 4233/4233/4233 2967/2967/2967 4236/4236/4236
f 4233/4233/4233 4236/4236/4236 4235/4235/4235
f 2967/2967/2967 2962/2962/2962 4236/4236/4236
f 4234/4234/4234 4237/4237/4237 1271/1271/1271
f 1271/1271/1271 4237/4237/4237 1269/1269/1269
f 4235/4235/4235 4238/4238/4238 4234/4234/4234
f 4235/4235/4235 4236/4236/4236 4238/4238/4238
f 4234/4234/4234 4238/4238/4238 4237/4237/4237
f 4236/4236/4236 2962/2962/2962 4239/4239/4239
f 4236/4236/4236 4239/4239/4239 4238/4238/4238
f 2962/2962/2962 2957/2957/2957 4239/4239/4239
f 4237/4237/4237 4240/4240/4240 1269/1269/1269
f 1269/1269/1269 4240/4240/4240 1267/1267/1267
f 4238/4238/4238 4241/4241/4241 4237/4237/4237
f 4238/4238/4238 4239/4239/4239 4241/4241/4241
f 4237/4237/4237 4241/4241/4241 4240/4240/4240
f 4239/4239/4239 2957/2957/2957 4242/4242/4242
f 4239/4239/4239 4242/4242/4242 4241/4241/4241
f 2957/2957/2957 2952/2952/2952 4242/4242/4242
f 4240/4240/4240 4243/4243/4243 1267/1267/1267
f 1267/1267/1267 4243/4243/4243 1265/1265/1265
f 4241/4241/4241 4244/4244/4244 4240/4240/4240
f 4241/4241/4241 4242/4242/4242 4244/4244/4244
f 4240/4240/4240 4244/4244/4244 4243/4243/4243
f 4242/4242/4242 2952/2952/2952 4245/4245/4245
f 4242/4242/4242 4245/4245/4245 4244/4244/4244
f 2952/2952/2952 2947/2947/2947 4245/4245/4245
f 4243/4243/4243 4246/4246/4246 1265/1265/1265
f 1265/1265/1265 4246/4246/4246 1263/1263/1263
f 4244/4244/4244 4247/4247/4247 4243/4243/4243
f 4244/4244/4244 4245/4245/4245 4247/4247/4247
f 4243/4243/4243 4247/4247/4247 4246/4246/4246
f 4245/4245/4245 2947/2947/2947 4248/4248/4248
f 4245/4245/4245 4248/4248/4248 4247/4247/4247
f 2947/2947/2947 2942/2942/2942 4248/4248/4248
f 4246/4246/4246 4249/4249/4249 1263/1263/1263
f 1263/1263/1263 4249/4249/4249 1261/1261/1261
f 4247/4247/4247 4250/4250/4250 4246/4246/4246
f 4247/4247/4247 4248/4248/4248 4250/4250/4250
f 4246/4246/4246 4250/4250/4250 4249/4249/4249
f 4248/4248/4248 2942/2942/2942 4251/4251/4251
f 4248/4248/4248 4251/4251/4251 4250/4250/4250
f 2942/2942/2942 2937/2937/2937 4251/4251/4251
f 4249/4249/4249 4252/4252/4252 1261/1261/1261
f 1261/1261/1261 4252/4252/4252 1259/1259/1259
f 4250/4250/4250 4253/4253/4253 4249/4249/4249
f 4250/4250/4250 4251/4251/4251 4253/4253/4253
f 4249/4249/4249 4253/4253/4253 4252/4252/4252
f 4251/4251/4251 2937/2937/2937 4254/4254/4254
f 4251/4251/4251 4254/4254/4254 4253/4253/4253
f 2937/2937/2937 2926/2926/2926 4254/4254/4254
f 4252/4252/4252 4255/4255/4255 1259/1259/1259
f 1259/1259/1259 4255/4255/4255 1257/1257/1257
f 4253/4253/4253 4256/4256/4256 4252/4252/4252
f 4253/4253/4253 4254/4254/4254 4256/4256/4256
f 4252/4252/4252 4256/4256/4256 4255/4255/4255
f 4254/4254/4254 2926/2926/2926 4257/4257/4257
f 4254/4254/4254 4257/4257/4257 4256/4256/4256
f 2926/2926/2926 2918/2918/2918 4257/4257/4257
f 4257/4257/4257 2918/2918/2918 2917/2917/2917
f 4256/4256/4256 4257/4257/4257 4258/4258/4258
f 4257/4257/4257 2917/2917/2917 4258/4258/4258
f 4256/4256/4256 4258/4258/4258 4255/4255/4255
f 4258/4258/4258 2917/2917/2917 2915/2915/2915
f 4255/4255/4255 4259/4259/4259 1257/1257/1257
f 4255/4255/4255 4258/4258/4258 4259/4259/4259
f 4258/4258/4258 2915/2915/2915 4259/4259/4259
f 1257/1257/1257 4259/4259/4259 1249/1249/1249
f 4259/4259/4259 2915/2915/2915 2916/2916/2916
f 4259/4259/4259 2916/2916/2916 1249/1249/1249
f 1249/1249/1249 2916/2916/2916 1247/1247/1247
f 2916/2916/2916 4260/4260/4260 1247/1247/1247
f 1247/1247/1247 4260/4260/4260 1245/1245/1245
f 2916/2916/2916 4261/4261/4261 4260/4260/4260
f 4260/4260/4260 4262/4262/4262 1245/1245/1245
f 1245/1245/1245 4262/4262/4262 1243/1243/1243
f 4261/4261/4261 4263/4263/4263 4260/4260/4260
f 4260/4260/4260 4263/4263/4263 4262/4262/4262
f 4261/4261/4261 2900/2900/2900 4263/4263/4263
f 2900/2900/2900 2899/2899/2899 4263/4263/4263
f 4262/4262/4262 4264/4264/4264 1243/1243/1243
f 1243/1243/1243 4264/4264/4264 1241/1241/1241
f 4263/4263/4263 4265/4265/4265 4262/4262/4262
f 4263/4263/4263 2899/2899/2899 4265/4265/4265
f 4262/4262/4262 4265/4265/4265 4264/4264/4264
f 4264/4264/4264 4266/4266/4266 1241/1241/1241
f 1241/1241/1241 4266/4266/4266 1239/1239/1239
f 2899/2899/2899 4267/4267/4267 4265/4265/4265
f 2899/2899/2899 2891/2891/2891 4267/4267/4267
f 2891/2891/2891 2893/2893/2893 4267/4267/4267
f 4265/4265/4265 4268/4268/4268 4264/4264/4264
f 4265/4265/4265 4267/4267/4267 4268/4268/4268
f 4264/4264/4264 4268/4268/4268 4266/4266/4266
f 4266/4266/4266 4269/4269/4269 1239/1239/1239
f 1239/1239/1239 4269/4269/4269 1237/1237/1237
f 4267/4267/4267 2893/2893/2893 4270/4270/4270
f 4267/4267/4267 4270/4270/4270 4268/4268/4268
f 4268/4268/4268 4271/4271/4271 4266/4266/4266
f 4266/4266/4266 4271/4271/4271 4269/4269/4269
f 4268/4268/4268 4270/4270/4270 4271/4271/4271
f 4269/4269/4269 4272/4272/4272 1237/1237/1237
f 1237/1237/1237 4272/4272/4272 1235/1235/1235
f 2893/2893/2893 4273/4273/4273 4270/4270/4270
f 4273/4273/4273 2893/2893/2893 2884/2884/2884
f 2883/2883/2883 4273/4273/4273 2884/2884/2884
f 4271/4271/4271 4274/4274/4274 4269/4269/4269
f 4269/4269/4269 4274/4274/4274 4272/4272/4272
f 4270/4270/4270 4275/4275/4275 4271/4271/4271
f 4270/4270/4270 4273/4273/4273 4275/4275/4275
f 4271/4271/4271 4275/4275/4275 4274/4274/4274
f 4276/4276/4276 4273/4273/4273 2883/2883/2883
f 4273/4273/4273 4276/4276/4276 4275/4275/4275
f 2879/2879/2879 4276/4276/4276 2883/2883/2883
f 4272/4272/4272 4277/4277/4277 1235/1235/1235
f 1235/1235/1235 4277/4277/4277 1233/1233/1233
f 4274/4274/4274 4278/4278/4278 4272/4272/4272
f 4272/4272/4272 4278/4278/4278 4277/4277/4277
f 4275/4275/4275 4279/4279/4279 4274/4274/4274
f 4275/4275/4275 4276/4276/4276 4279/4279/4279
f 4274/4274/4274 4279/4279/4279 4278/4278/4278
f 4280/4280/4280 4276/4276/4276 2879/2879/2879
f 4276/4276/4276 4280/4280/4280 4279/4279/4279
f 2870/2870/2870 4280/4280/4280 2879/2879/2879
f 4277/4277/4277 4281/4281/4281 1233/1233/1233
f 1233/1233/1233 4281/4281/4281 1231/1231/1231
f 4278/4278/4278 4282/4282/4282 4277/4277/4277
f 4277/4277/4277 4282/4282/4282 4281/4281/4281
f 4279/4279/4279 4283/4283/4283 4278/4278/4278
f 4279/4279/4279 4280/4280/4280 4283/4283/4283
f 4278/4278/4278 4283/4283/4283 4282/4282/4282
f 4284/4284/4284 4280/4280/4280 2870/2870/2870
f 4280/4280/4280 4284/4284/4284 4283/4283/4283
f 2865/2865/2865 4284/4284/4284 2870/2870/2870
f 2869/2869/2869 4284/4284/4284 2865/2865/2865
f 4283/4283/4283 4284/4284/4284 4285/4285/4285
f 4283/4283/4283 4285/4285/4285 4282/4282/4282
f 4284/4284/4284 2869/2869/2869 4285/4285/4285
f 4281/4281/4281 4286/4286/4286 1231/1231/1231
f 1231/1231/1231 4286/4286/4286 1229/1229/1229
f 4282/4282/4282 4287/4287/4287 4281/4281/4281
f 4282/4282/4282 4285/4285/4285 4287/4287/4287
f 4281/4281/4281 4287/4287/4287 4286/4286/4286
f 4285/4285/4285 2869/2869/2869 4288/4288/4288
f 4285/4285/4285 4288/4288/4288 4287/4287/4287
f 2869/2869/2869 2864/2864/2864 4288/4288/4288
f 4286/4286/4286 4289/4289/4289 1229/1229/1229
f 1229/1229/1229 4289/4289/4289 1227/1227/1227
f 4287/4287/4287 4290/4290/4290 4286/4286/4286
f 4287/4287/4287 4288/4288/4288 4290/4290/4290
f 4286/4286/4286 4290/4290/4290 4289/4289/4289
f 4288/4288/4288 2864/2864/2864 4291/4291/4291
f 4288/4288/4288 4291/4291/4291 4290/4290/4290
f 2864/2864/2864 2859/2859/2859 4291/4291/4291
f 4289/4289/4289 4292/4292/4292 1227/1227/1227
f 1227/1227/1227 4292/4292/4292 1225/1225/1225
f 4290/4290/4290 4293/4293/4293 4289/4289/4289
f 4290/4290/4290 4291/4291/4291 4293/4293/4293
f 4289/4289/4289 4293/4293/4293 4292/4292/4292
f 4291/4291/4291 2859/2859/2859 4294/4294/4294
f 4291/4291/4291 4294/4294/4294 4293/4293/4293
f 2859/2859/2859 2854/2854/2854 4294/4294/4294
f 4292/4292/4292 4295/4295/4295 1225/1225/1225
f 1225/1225/1225 4295/4295/4295 1223/1223/1223
f 4293/4293/4293 4296/4296/4296 4292/4292/4292
f 4293/4293/4293 4294/4294/4294 4296/4296/4296
f 4292/4292/4292 4296/4296/4296 4295/4295/4295
f 4294/4294/4294 2854/2854/2854 4297/4297/4297
f 4294/4294/4294 4297/4297/4297 4296/4296/4296
f 2854/2854/2854 2849/2849/2849 4297/4297/4297
f 4295/4295/4295 4298/4298/4298 1223/1223/1223
f 1223/1223/1223 4298/4298/4298 1221/1221/1221
f 4296/4296/4296 4299/4299/4299 4295/4295/4295
f 4296/4296/4296 4297/4297/4297 4299/4299/4299
f 4295/4295/4295 4299/4299/4299 4298/4298/4298
f 4297/4297/4297 2849/2849/2849 4300/4300/4300
f 4297/4297/4297 4300/4300/4300 4299/4299/4299
f 2849/2849/2849 2844/2844/2844 4300/4300/4300
f 4298/4298/4298 4301/4301/4301 1221/1221/1221
f 1221/1221/1221 4301/4301/4301 1219/1219/1219
f 4299/4299/4299 4302/4302/4302 4298/4298/4298
f 4299/4299/4299 4300/4300/4300 4302/4302/4302
f 4298/4298/4298 4302/4302/4302 4301/4301/4301
f 4300/4300/4300 2844/2844/2844 4303/4303/4303
f 4300/4300/4300 4303/4303/4303 4302/4302/4302
f 2844/2844/2844 2839/2839/2839 4303/4303/4303
f 4301/4301/4301 4304/4304/4304 1219/1219/1219
f 1219/1219/1219 4304/4304/4304 1217/1217/1217
f 4302/4302/4302 4305/4305/4305 4301/4301/4301
f 4302/4302/4302 4303/4303/4303 4305/4305/4305
f 4301/4301/4301 4305/4305/4305 4304/4304/4304
f 4303/4303/4303 2839/2839/2839 4306/4306/4306
f 4303/4303/4303 4306/4306/4306 4305/4305/4305
f 2839/2839/2839 2834/2834/2834 4306/4306/4306
f 4304/4304/4304 4307/4307/4307 1217/1217/1217
f 1217/1217/1217 4307/4307/4307 1215/1215/1215
f 4305/4305/4305 4308/4308/4308 4304/4304/4304
f 4305/4305/4305 4306/4306/4306 4308/4308/4308
f 4304/4304/4304 4308/4308/4308 4307/4307/4307
f 4306/4306/4306 2834/2834/2834 4309/4309/4309
f 4306/4306/4306 4309/4309/4309 4308/4308/4308
f 2834/2834/2834 2829/2829/2829 4309/4309/4309
f 4307/4307/4307 4310/4310/4310 1215/1215/1215
f 1215/1215/1215 4310/4310/4310 1213/1213/1213
f 4308/4308/4308 4311/4311/4311 4307/4307/4307
f 4308/4308/4308 4309/4309/4309 4311/4311/4311
f 4307/4307/4307 4311/4311/4311 4310/4310/4310
f 4309/4309/4309 2829/2829/2829 4312/4312/4312
f 4309/4309/4309 4312/4312/4312 4311/4311/4311
f 2829/2829/2829 2824/2824/2824 4312/4312/4312
f 4310/4310/4310 4313/4313/4313 1213/1213/1213
f 1213/1213/1213 4313/4313/4313 1211/1211/1211
f 4311/4311/4311 4314/4314/4314 4310/4310/4310
f 4311/4311/4311 4312/4312/4312 4314/4314/4314
f 4310/4310/4310 4314/4314/4314 4313/4313/4313
f 4312/4312/4312 2824/2824/2824 4315/4315/4315
f 4312/4312/4312 4315/4315/4315 4314/4314/4314
f 2824/2824/2824 2819/2819/2819 4315/4315/4315
f 4313/4313/4313 4316/4316/4316 1211/1211/1211
f 1211/1211/1211 4316/4316/4316 1209/1209/1209
f 4314/4314/4314 4317/4317/4317 4313/4313/4313
f 4314/4314/4314 4315/4315/4315 4317/4317/4317
f 4313/4313/4313 4317/4317/4317 4316/4316/4316
f 4315/4315/4315 2819/2819/2819 4318/4318/4318
f 4315/4315/4315 4318/4318/4318 4317/4317/4317
f 2819/2819/2819 2814/2814/2814 4318/4318/4318
f 4316/4316/4316 4319/4319/4319 1209/1209/1209
f 1209/1209/1209 4319/4319/4319 1207/1207/1207
f 4317/4317/4317 4320/4320/4320 4316/4316/4316
f 4317/4317/4317 4318/4318/4318 4320/4320/4320
f 4316/4316/4316 4320/4320/4320 4319/4319/4319
f 4318/4318/4318 2814/2814/2814 4321/4321/4321
f 4318/4318/4318 4321/4321/4321 4320/4320/4320
f 2814/2814/2814 2809/2809/2809 4321/4321/4321
f 4319/4319/4319 4322/4322/4322 1207/1207/1207
f 1207/1207/1207 4322/4322/4322 1205/1205/1205
f 4320/4320/4320 4323/4323/4323 4319/4319/4319
f 4320/4320/4320 4321/4321/4321 4323/4323/4323
f 4319/4319/4319 4323/4323/4323 4322/4322/4322
f 4321/4321/4321 2809/2809/2809 4324/4324/4324
f 4321/4321/4321 4324/4324/4324 4323/4323/4323
f 2809/2809/2809 2804/2804/2804 4324/4324/4324
f 4322/4322/4322 4325/4325/4325 1205/1205/1205
f 1205/1205/1205 4325/4325/4325 1203/1203/1203
f 4323/4323/4323 4326/4326/4326 4322/4322/4322
f 4323/4323/4323 4324/4324/4324 4326/4326/4326
f 4322/4322/4322 4326/4326/4326 4325/4325/4325
f 4324/4324/4324 2804/2804/2804 4327/4327/4327
f 4324/4324/4324 4327/4327/4327 4326/4326/4326
f 2804/2804/2804 2799/2799/2799 4327/4327/4327
f 4325/4325/4325 4328/4328/4328 1203/1203/1203
f 1203/1203/1203 4328/4328/4328 1201/1201/1201
f 4326/4326/4326 4329/4329/4329 4325/4325/4325
f 4326/4326/4326 4327/4327/4327 4329/4329/4329
f 4325/4325/4325 4329/4329/4329 4328/4328/4328
f 4327/4327/4327 2799/2799/2799 4330/4330/4330
f 4327/4327/4327 4330/4330/4330 4329/4329/4329
f 2799/2799/2799 2794/2794/2794 4330/4330/4330
f 4328/4328/4328 4331/4331/4331 1201/1201/1201
f 1201/1201/1201 4331/4331/4331 1199/1199/1199
f 4329/4329/4329 4332/4332/4332 4328/4328/4328
f 4329/4329/4329 4330/4330/4330 4332/4332/4332
f 4328/4328/4328 4332/4332/4332 4331/4331/4331
f 4330/4330/4330 2794/2794/2794 4333/4333/4333
f 4330/4330/4330 4333/4333/4333 4332/4332/4332
f 2794/2794/2794 2789/2789/2789 4333/4333/4333
f 4331/4331/4331 4334/4334/4334 1199/1199/1199
f 1199/1199/1199 4334/4334/4334 1197/1197/1197
f 4332/4332/4332 4335/4335/4335 4331/4331/4331
f 4332/4332/4332 4333/4333/4333 4335/4335/4335
f 4331/4331/4331 4335/4335/4335 4334/4334/4334
f 4333/4333/4333 2789/2789/2789 4336/4336/4336
f 4333/4333/4333 4336/4336/4336 4335/4335/4335
f 2789/2789/2789 2784/2784/2784 4336/4336/4336
f 4334/4334/4334 4337/4337/4337 1197/1197/1197
f 1197/1197/1197 4337/4337/4337 1195/1195/1195
f 4335/4335/4335 4338/4338/4338 4334/4334/4334
f 4335/4335/4335 4336/4336/4336 4338/4338/4338
f 4334/4334/4334 4338/4338/4338 4337/4337/4337
f 4336/4336/4336 2784/2784/2784 4339/4339/4339
f 4336/4336/4336 4339/4339/4339 4338/4338/4338
f 2784/2784/2784 2779/2779/2779 4339/4339/4339
f 4337/4337/4337 4340/4340/4340 1195/1195/1195
f 1195/1195/1195 4340/4340/4340 1193/1193/1193
f 4338/4338/4338 4341/4341/4341 4337/4337/4337
f 4338/4338/4338 4339/4339/4339 4341/4341/4341
f 4337/4337/4337 4341/4341/4341 4340/4340/4340
f 4339/4339/4339 2779/2779/2779 4342/4342/4342
f 4339/4339/4339 4342/4342/4342 4341/4341/4341
f 2779/2779/2779 2774/2774/2774 4342/4342/4342
f 4340/4340/4340 4343/4343/4343 1193/1193/1193
f 1193/1193/1193 4343/4343/4343 1191/1191/1191
f 4341/4341/4341 4344/4344/4344 4340/4340/4340
f 4341/4341/4341 4342/4342/4342 4344/4344/4344
f 4340/4340/4340 4344/4344/4344 4343/4343/4343
f 4342/4342/4342 2774/2774/2774 4345/4345/4345
f 4342/4342/4342 4345/4345/4345 4344/4344/4344
f 2774/2774/2774 2769/2769/2769 4345/4345/4345
f 4343/4343/4343 4346/4346/4346 1191/1191/1191
f 1191/1191/1191 4346/4346/4346 1189/1189/1189
f 4344/4344/4344 4347/4347/4347 4343/4343/4343
f 4344/4344/4344 4345/4345/4345 4347/4347/4347
f 4343/4343/4343 4347/4347/4347 4346/4346/4346
f 4345/4345/4345 2769/2769/2769 4348/4348/4348
f 4345/4345/4345 4348/4348/4348 4347/4347/4347
f 2769/2769/2769 2764/2764/2764 4348/4348/4348
f 4346/4346/4346 4349/4349/4349 1189/1189/1189
f 1189/1189/1189 4349/4349/4349 1186/1186/1186
f 4347/4347/4347 4350/4350/4350 4346/4346/4346
f 4347/4347/4347 4348/4348/4348 4350/4350/4350
f 4346/4346/4346 4350/4350/4350 4349/4349/4349
f 4348/4348/4348 2764/2764/2764 4351/4351/4351
f 4348/4348/4348 4351/4351/4351 4350/4350/4350
f 2764/2764/2764 2759/2759/2759 4351/4351/4351
f 4349/4349/4349 4352/4352/4352 1186/1186/1186
f 1186/1186/1186 4352/4352/4352 1184/1184/1184
f 4350/4350/4350 4353/4353/4353 4349/4349/4349
f 4350/4350/4350 4351/4351/4351 4353/4353/4353
f 4349/4349/4349 4353/4353/4353 4352/4352/4352
f 4351/4351/4351 2759/2759/2759 4354/4354/4354
f 4351/4351/4351 4354/4354/4354 4353/4353/4353
f 2759/2759/2759 2754/2754/2754 4354/4354/4354
f 4352/4352/4352 4355/4355/4355 1184/1184/1184
f 1184/1184/1184 4355/4355/4355 1182/1182/1182
f 4353/4353/4353 4356/4356/4356 4352/4352/4352
f 4353/4353/4353 4354/4354/4354 4356/4356/4356
f 4352/4352/4352 4356/4356/4356 4355/4355/4355
f 4354/4354/4354 2754/2754/2754 4357/4357/4357
f 4354/4354/4354 4357/4357/4357 4356/4356/4356
f 2754/2754/2754 2749/2749/2749 4357/4357/4357
f 4355/4355/4355 4358/4358/4358 1182/1182/1182
f 1182/1182/1182 4358/4358/4358 1180/1180/1180
f 4356/4356/4356 4359/4359/4359 4355/4355/4355
f 4356/4356/4356 4357/4357/4357 4359/4359/4359
f 4355/4355/4355 4359/4359/4359 4358/4358/4358
f 4357/4357/4357 2749/2749/2749 4360/4360/4360
f 4357/4357/4357 4360/4360/4360 4359/4359/4359
f 2749/2749/2749 2744/2744/2744 4360/4360/4360
f 4358/4358/4358 4361/4361/4361 1180/1180/1180
f 1180/1180/1180 4361/4361/4361 1178/1178/1178
f 4359/4359/4359 4362/4362/4362 4358/4358/4358
f 4359/4359/4359 4360/4360/4360 4362/4362/4362
f 4358/4358/4358 4362/4362/4362 4361/4361/4361
f 4360/4360/4360 2744/2744/2744 4363/4363/4363
f 4360/4360/4360 4363/4363/4363 4362/4362/4362
f 2744/2744/2744 2739/2739/2739 4363/4363/4363
f 4361/4361/4361 4364/4364/4364 1178/1178/1178
f 1178/1178/1178 4364/4364/4364 1176/1176/1176
f 4362/4362/4362 4365/4365/4365 4361/4361/4361
f 4362/4362/4362 4363/4363/4363 4365/4365/4365
f 4361/4361/4361 4365/4365/4365 4364/4364/4364
f 4363/4363/4363 2739/2739/2739 4366/4366/4366
f 4363/4363/4363 4366/4366/4366 4365/4365/4365
f 2739/2739/2739 2734/2734/2734 4366/4366/4366
f 4364/4364/4364 4367/4367/4367 1176/1176/1176
f 1176/1176/1176 4367/4367/4367 1174/1174/1174
f 4365/4365/4365 4368/4368/4368 4364/4364/4364
f 4365/4365/4365 4366/4366/4366 4368/4368/4368
f 4364/4364/4364 4368/4368/4368 4367/4367/4367
f 4366/4366/4366 2734/2734/2734 4369/4369/4369
f 4366/4366/4366 4369/4369/4369 4368/4368/4368
f 2734/2734/2734 2729/2729/2729 4369/4369/4369
f 4367/4367/4367 4370/4370/4370 1174/1174/1174
f 1174/1174/1174 4370/4370/4370 1172/1172/1172
f 4368/4368/4368 4371/4371/4371 4367/4367/4367
f 4368/4368/4368 4369/4369/4369 4371/4371/4371
f 4367/4367/4367 4371/4371/4371 4370/4370/4370
f 4369/4369/4369 2729/2729/2729 4372/4372/4372
f 4369/4369/4369 4372/4372/4372 4371/4371/4371
f 2729/2729/2729 2724/2724/2724 4372/4372/4372
f 4370/4370/4370 4373/4373/4373 1172/1172/1172
f 1172/1172/1172 4373/4373/4373 1170/1170/1170
f 4371/4371/4371 4374/4374/4374 4370/4370/4370
f 4371/4371/4371 4372/4372/4372 4374/4374/4374
f 4370/4370/4370 4374/4374/4374 4373/4373/4373
f 4372/4372/4372 2724/2724/2724 4375/4375/4375
f 4372/4372/4372 4375/4375/4375 4374/4374/4374
f 2724/2724/2724 2719/2719/2719 4375/4375/4375
f 4373/4373/4373 4376/4376/4376 1170/1170/1170
f 1170/1170/1170 4376/4376/4376 1168/1168/1168
f 4374/4374/4374 4377/4377/4377 4373/4373/4373
f 4374/4374/4374 4375/4375/4375 4377/4377/4377
f 4373/4373/4373 4377/4377/4377 4376/4376/4376
f 4375/4375/4375 2719/2719/2719 4378/4378/4378
f 4375/4375/4375 4378/4378/4378 4377/4377/4377
f 2719/2719/2719 2714/2714/2714 4378/4378/4378
f 4376/4376/4376 4379/4379/4379 1168/1168/1168
f 1168/1168/1168 4379/4379/4379 1166/1166/1166
f 4377/4377/4377 4380/4380/4380 4376/4376/4376
f 4377/4377/4377 4378/4378/4378 4380/4380/4380
f 4376/4376/4376 4380/4380/4380 4379/4379/4379
f 4378/4378/4378 2714/2714/2714 4381/4381/4381
f 4378/4378/4378 4381/4381/4381 4380/4380/4380
f 2714/2714/2714 2709/2709/2709 4381/4381/4381
f 4379/4379/4379 4382/4382/4382 1166/1166/1166
f 1166/1166/1166 4382/4382/4382 1164/1164/1164
f 4380/4380/4380 4383/4383/4383 4379/4379/4379
f 4380/4380/4380 4381/4381/4381 4383/4383/4383
f 4379/4379/4379 4383/4383/4383 4382/4382/4382
f 4381/4381/4381 2709/2709/2709 4384/4384/4384
f 4381/4381/4381 4384/4384/4384 4383/4383/4383
f 2709/2709/2709 2704/2704/2704 4384/4384/4384
f 4382/4382/4382 4385/4385/4385 1164/1164/1164
f 1164/1164/1164 4385/4385/4385 1162/1162/1162
f 4383/4383/4383 4386/4386/4386 4382/4382/4382
f 4383/4383/4383 4384/4384/4384 4386/4386/4386
f 4382/4382/4382 4386/4386/4386 4385/4385/4385
f 4384/4384/4384 2704/2704/2704 4387/4387/4387
f 4384/4384/4384 4387/4387/4387 4386/4386/4386
f 2704/2704/2704 2699/2699/2699 4387/4387/4387
f 4385/4385/4385 4388/4388/4388 1162/1162/1162
f 1162/1162/1162 4388/4388/4388 1160/1160/1160
f 4386/4386/4386 4389/4389/4389 4385/4385/4385
f 4386/4386/4386 4387/4387/4387 4389/4389/4389
f 4385/4385/4385 4389/4389/4389 4388/4388/4388
f 4387/4387/4387 2699/2699/2699 4390/4390/4390
f 4387/4387/4387 4390/4390/4390 4389/4389/4389
f 2699/2699/2699 2694/2694/2694 4390/4390/4390
f 4388/4388/4388 4391/4391/4391 1160/1160/1160
f 1160/1160/1160 4391/4391/4391 1158/1158/1158
f 4389/4389/4389 4392/4392/4392 4388/4388/4388
f 4389/4389/4389 4390/4390/4390 4392/4392/4392
f 4388/4388/4388 4392/4392/4392 4391/4391/4391
f 4390/4390/4390 2694/2694/2694 4393/4393/4393
f 4390/4390/4390 4393/4393/4393 4392/4392/4392
f 2694/2694/2694 2689/2689/2689 4393/4393/4393
f 4391/4391/4391 4394/4394/4394 1158/1158/1158
f 1158/1158/1158 4394/4394/4394 1156/1156/1156
f 4392/4392/4392 4395/4395/4395 4391/4391/4391
f 4392/4392/4392 4393/4393/4393 4395/4395/4395
f 4391/4391/4391 4395/4395/4395 4394/4394/4394
f 4393/4393/4393 2689/2689/2689 4396/4396/4396
f 4393/4393/4393 4396/4396/4396 4395/4395/4395
f 2689/2689/2689 2684/2684/2684 4396/4396/4396
f 4394/4394/4394 4397/4397/4397 1156/1156/1156
f 1156/1156/1156 4397/4397/4397 1154/1154/1154
f 4395/4395/4395 4398/4398/4398 4394/4394/4394
f 4395/4395/4395 4396/4396/4396 4398/4398/4398
f 4394/4394/4394 4398/4398/4398 4397/4397/4397
f 4396/4396/4396 2684/2684/2684 4399/4399/4399
f 4396/4396/4396 4399/4399/4399 4398/4398/4398
f 2684/2684/2684 2679/2679/2679 4399/4399/4399
f 4397/4397/4397 4400/4400/4400 1154/1154/1154
f 1154/1154/1154 4400/4400/4400 1152/1152/1152
f 4398/4398/4398 4401/4401/4401 4397/4397/4397
f 4398/4398/4398 4399/4399/4399 4401/4401/4401
f 4397/4397/4397 4401/4401/4401 4400/4400/4400
f 4399/4399/4399 2679/2679/2679 4402/4402/4402
f 4399/4399/4399 4402/4402/4402 4401/4401/4401
f 2679/2679/2679 2674/2674/2674 4402/4402/4402
f 4400/4400/4400 4403/4403/4403 1152/1152/1152
f 1152/1152/1152 4403/4403/4403 1150/1150/1150
f 4401/4401/4401 4404/4404/4404 4400/4400/4400
f 4401/4401/4401 4402/4402/4402 4404/4404/4404
f 4400/4400/4400 4404/4404/4404 4403/4403/4403
f 4402/4402/4402 2674/2674/2674 4405/4405/4405
f 4402/4402/4402 4405/4405/4405 4404/4404/4404
f 2674/2674/2674 2669/2669/2669 4405/4405/4405
f 4403/4403/4403 4406/4406/4406 1150/1150/1150
f 1150/1150/1150 4406/4406/4406 1148/1148/1148
f 4404/4404/4404 4407/4407/4407 4403/4403/4403
f 4404/4404/4404 4405/4405/4405 4407/4407/4407
f 4403/4403/4403 4407/4407/4407 4406/4406/4406
f 4405/4405/4405 2669/2669/2669 4408/4408/4408
f 4405/4405/4405 4408/4408/4408 4407/4407/4407
f 2669/2669/2669 2664/2664/2664 4408/4408/4408
f 4406/4406/4406 4409/4409/4409 1148/1148/1148
f 1148/1148/1148 4409/4409/4409 1146/1146/1146
f 4407/4407/4407 4410/4410/4410 4406/4406/4406
f 4407/4407/4407 4408/4408/4408 4410/4410/4410
f 4406/4406/4406 4410/4410/4410 4409/4409/4409
f 4408/4408/4408 2664/2664/2664 4411/4411/4411
f 4408/4408/4408 4411/4411/4411 4410/4410/4410
f 2664/2664/2664 2659/2659/2659 4411/4411/4411
f 4409/4409/4409 4412/4412/4412 1146/1146/1146
f 1146/1146/1146 4412/4412/4412 1144/1144/1144
f 4410/4410/4410 4413/4413/4413 4409/4409/4409
f 4410/4410/4410 4411/4411/4411 4413/4413/4413
f 4409/4409/4409 4413/4413/4413 4412/4412/4412
f 4411/4411/4411 2659/2659/2659 4414/4414/4414
f 4411/4411/4411 4414/4414/4414 4413/4413/4413
f 2659/2659/2659 2654/2654/2654 4414/4414/4414
f 4412/4412/4412 4415/4415/4415 1144/1144/1144
f 1144/1144/1144 4415/4415/4415 1142/1142/1142
f 4413/4413/4413 4416/4416/4416 4412/4412/4412
f 4413/4413/4413 4414/4414/4414 4416/4416/4416
f 4412/4412/4412 4416/4416/4416 4415/4415/4415
f 4414/4414/4414 2654/2654/2654 4417/4417/4417
f 4414/4414/4414 4417/4417/4417 4416/4416/4416
f 2654/2654/2654 2649/2649/2649 4417/4417/4417
f 4415/4415/4415 4418/4418/4418 1142/1142/1142
f 1142/1142/1142 4418/4418/4418 1140/1140/1140
f 4416/4416/4416 4419/4419/4419 4415/4415/4415
f 4416/4416/4416 4417/4417/4417 4419/4419/4419
f 4415/4415/4415 4419/4419/4419 4418/4418/4418
f 4417/4417/4417 2649/2649/2649 4420/4420/4420
f 4417/4417/4417 4420/4420/4420 4419/4419/4419
f 2649/2649/2649 2644/2644/2644 4420/4420/4420
f 4418/4418/4418 4421/4421/4421 1140/1140/1140
f 1140/1140/1140 4421/4421/4421 1138/1138/1138
f 4419/4419/4419 4422/4422/4422 4418/4418/4418
f 4419/4419/4419 4420/4420/4420 4422/4422/4422
f 4418/4418/4418 4422/4422/4422 4421/4421/4421
f 4420/4420/4420 2644/2644/2644 4423/4423/4423
f 4420/4420/4420 4423/4423/4423 4422/4422/4422
f 2644/2644/2644 2639/2639/2639 4423/4423/4423
f 4421/4421/4421 4424/4424/4424 1138/1138/1138
f 1138/1138/1138 4424/4424/4424 1136/1136/1136
f 4422/4422/4422 4425/4425/4425 4421/4421/4421
f 4422/4422/4422 4423/4423/4423 4425/4425/4425
f 4421/4421/4421 4425/4425/4425 4424/4424/4424
f 4423/4423/4423 2639/2639/2639 4426/4426/4426
f 4423/4423/4423 4426/4426/4426 4425/4425/4425
f 2639/2639/2639 2634/2634/2634 4426/4426/4426
f 4424/4424/4424 4427/4427/4427 1136/1136/1136
f 1136/1136/1136 4427/4427/4427 1134/1134/1134
f 4425/4425/4425 4428/4428/4428 4424/4424/4424
f 4425/4425/4425 4426/4426/4426 4428/4428/4428
f 4424/4424/4424 4428/4428/4428 4427/4427/4427
f 4426/4426/4426 2634/2634/2634 4429/4429/4429
f 4426/4426/4426 4429/4429/4429 4428/4428/4428
f 2634/2634/2634 2623/2623/2623 4429/4429/4429
f 4427/4427/4427 4430/4430/4430 1134/1134/1134
f 1134/1134/1134 4430/4430/4430 1132/1132/1132
f 4428/4428/4428 4431/4431/4431 4427/4427/4427
f 4428/4428/4428 4429/4429/4429 4431/4431/4431
f 4427/4427/4427 4431/4431/4431 4430/4430/4430
f 4429/4429/4429 2623/2623/2623 4432/4432/4432
f 4429/4429/4429 4432/4432/4432 4431/4431/4431
f 2623/2623/2623 2614/2614/2614 4432/4432/4432
f 4432/4432/4432 2614/2614/2614 2613/2613/2613
f 4431/4431/4431 4432/4432/4432 4433/4433/4433
f 4432/4432/4432 2613/2613/2613 4433/4433/4433
f 4431/4431/4431 4433/4433/4433 4430/4430/4430
f 4433/4433/4433 2613/2613/2613 2607/2607/2607
f 4430/4430/4430 4434/4434/4434 1132/1132/1132
f 4430/4430/4430 4433/4433/4433 4434/4434/4434
f 4433/4433/4433 2607/2607/2607 4434/4434/4434
f 1132/1132/1132 4434/4434/4434 1130/1130/1130
f 4434/4434/4434 2607/2607/2607 2563/2563/2563
f 4434/4434/4434 2563/2563/2563 1130/1130/1130
f 4437/4437/4437 4436/4436/4436 4435/4435/4435
f 4437/4437/4437 4435/4435/4435 4438/4438/4438
f 4439/4439/4439 4437/4437/4437 4438/4438/4438
f 4437/4437/4437 4439/4439/4439 4440/4440/4440
f 4440/4440/4440 4439/4439/4439 4441/4441/4441
f 4441/4441/4441 4439/4439/4439 4442/4442/4442
f 4442/4442/4442 4439/4439/4439 4443/4443/4443
f 4438/4438/4438 4444/4444/4444 4439/4439/4439
f 4443/4443/4443 4439/4439/4439 4444/4444/4444
f 4445/4445/4445 4444/4444/4444 4438/4438/4438
f 4446/4446/4446 4444/4444/4444 4445/4445/4445
f 4447/4447/4447 4444/4444/4444 4446/4446/4446
f 4448/4448/4448 4444/4444/4444 4447/4447/4447
f 4443/4443/4443 4444/4444/4444 4448/4448/4448
f 4449/4449/4449 4443/4443/4443 4448/4448/4448
f 4449/4449/4449 4448/4448/4448 4450/4450/4450
f 4451/4451/4451 4449/4449/4449 4450/4450/4450
f 4449/4449/4449 4451/4451/4451 4452/4452/4452
f 4452/4452/4452 4451/4451/4451 4453/4453/4453
f 4453/4453/4453 4451/4451/4451 4454/4454/4454
f 4454/4454/4454 4451/4451/4451 4455/4455/4455
f 4450/4450/4450 4456/4456/4456 4451/4451/4451
f 4455/4455/4455 4451/4451/4451 4456/4456/4456
f 4457/4457/4457 4456/4456/4456 4450/4450/4450
f 4458/4458/4458 4456/4456/4456 4457/4457/4457
f 4459/4459/4459 4456/4456/4456 4458/4458/4458
f 4460/4460/4460 4456/4456/4456 4459/4459/4459
f 4455/4455/4455 4456/4456/4456 4460/4460/4460
f 4461/4461/4461 4455/4455/4455 4460/4460/4460
f 4461/4461/4461 4460/4460/4460 4462/4462/4462
f 4463/4463/4463 4461/4461/4461 4462/4462/4462
f 4461/4461/4461 4463/4463/4463 4464/4464/4464
f 4464/4464/4464 4463/4463/4463 4465/4465/4465
f 4465/4465/4465 4463/4463/4463 4466/4466/4466
f 4466/4466/4466 4463/4463/4463 4467/4467/4467
f 4462/4462/4462 4468/4468/4468 4463/4463/4463
f 4467/4467/4467 4463/4463/4463 4468/4468/4468
f 4469/4469/4469 4468/4468/4468 4462/4462/4462
f 4470/4470/4470 4468/4468/4468 4469/4469/4469
f 4471/4471/4471 4468/4468/4468 4470/4470/4470
f 4472/4472/4472 4468/4468/4468 4471/4471/4471
f 4467/4467/4467 4468/4468/4468 4472/4472/4472
f 4467/4467/4467 4472/4472/4472 4473/4473/4473
f 4473/4473/4473 4474/4474/4474 4467/4467/4467
f 4477/4477/4477 4476/4476/4476 4475/4475/4475
f 4478/4478/4478 4477/4477/4477 4475/4475/4475
f 4477/4477/4477 4478/4478/4478 4479/4479/4479
f 4480/4480/4480 4477/4477/4477 4479/4479/4479
f 4480/4480/4480 4479/4479/4479 4481/4481/4481
f 4482/4482/4482 4480/4480/4480 4481/4481/4481
f 4482/4482/4482 4481/4481/4481 4483/4483/4483
f 4484/4484/4484 4482/4482/4482 4483/4483/4483
f 4484/4484/4484 4483/4483/4483 4485/4485/4485
f 4486/4486/4486 4484/4484/4484 4485/4485/4485
f 4486/4486/4486 4485/4485/4485 4487/4487/4487
f 4487/4487/4487 4488/4488/4488 4486/4486/4486
f 4491/4491/4491 4490/4490/4490 4489/4489/4489
f 4490/4490/4490 4492/4492/4492 4489/4489/4489
f 4489/4489/4489 4492/4492/4492 4493/4493/4493
f 4493/4493/4493 4494/4494/4494 4489/4489/4489
f 4493/4493/4493 4495/4495/4495 4494/4494/4494
f 4495/4495/4495 4496/4496/4496 4494/4494/4494
f 4495/4495/4495 4497/4497/4497 4496/4496/4496
f 4497/4497/4497 4498/4498/4498 4496/4496/4496
f 4497/4497/4497 4499/4499/4499 4498/4498/4498
f 4499/4499/4499 4500/4500/4500 4498/4498/4498
f 4499/4499/4499 4501/4501/4501 4500/4500/4500
f 4501/4501/4501 4502/4502/4502 4500/4500/4500
f 4505/4505/4505 4504/4504/4504 4503/4503/4503
f 4506/4506/4506 4505/4505/4505 4503/4503/4503
f 4505/4505/4505 4508/4508/4508 4507/4507/4507
f 4508/4508/4508 4509/4509/4509 4507/4507/4507
f 4512/4512/4512 4511/4511/4511 4510/4510/4510
f 4513/4513/4513 4512/4512/4512 4510/4510/4510
f 4516/4516/4516 4515/4515/4515 4514/4514/4514
f 4517/4517/4517 4516/4516/4516 4514/4514/4514
f 4520/4520/4520 4519/4519/4519 4518/4518/4518
f 4521/4521/4521 4520/4520/4520 4518/4518/4518
f 4524/4524/4524 4523/4523/4523 4522/4522/4522
f 4525/4525/4525 4524/4524/4524 4522/4522/4522
f 4528/4528/4528 4527/4527/4527 4526/4526/4526
f 4529/4529/4529 4528/4528/4528 4526/4526/4526
f 4532/4532/4532 4531/4531/4531 4530/4530/4530
f 4533/4533/4533 4532/4532/4532 4530/4530/4530
f 4536/4536/4536 4535/4535/4535 4534/4534/4534
f 4537/4537/4537 4536/4536/4536 4534/4534/4534
f 4538/4538/4538 4537/4537/4537 4534/4534/4534
f 4539/4539/4539 4538/4538/4538 4534/4534/4534
f 4536/4536/4536 4537/4537/4537 4540/4540/4540
f 4537/4537/4537 4538/4538/4538 4540/4540/4540
f 4541/4541/4541 4536/4536/4536 4540/4540/4540
f 4538/4538/4538 4542/4542/4542 4540/4540/4540
f 4545/4545/4545 4544/4544/4544 4543/4543/4543
f 4544/4544/4544 4546/4546/4546 4543/4543/4543
f 4544/4544/4544 4547/4547/4547 4546/4546/4546
f 4547/4547/4547 4548/4548/4548 4546/4546/4546
f 4551/4551/4551 4550/4550/4550 4549/4549/4549
f 4552/4552/4552 4551/4551/4551 4549/4549/4549
f 4555/4555/4555 4554/4554/4554 4553/4553/4553
f 4556/4556/4556 4555/4555/4555 4553/4553/4553
f 4559/4559/4559 4558/4558/4558 4557/4557/4557
f 4560/4560/4560 4559/4559/4559 4557/4557/4557
f 4563/4563/4563 4562/4562/4562 4561/4561/4561
f 4564/4564/4564 4563/4563/4563 4561/4561/4561
f 4567/4567/4567 4566/4566/4566 4565/4565/4565
f 4568/4568/4568 4567/4567/4567 4565/4565/4565
f 4571/4571/4571 4570/4570/4570 4569/4569/4569
f 4572/4572/4572 4571/4571/4571 4569/4569/4569
f 4575/4575/4575 4574/4574/4574 4573/4573/4573
f 4574/4574/4574 4576/4576/4576 4573/4573/4573
f 4574/4574/4574 4577/4577/4577 4576/4576/4576
f 4577/4577/4577 4578/4578/4578 4576/4576/4576
f 4581/4581/4581 4580/4580/4580 4579/4579/4579
f 4582/4582/4582 4581/4581/4581 4579/4579/4579
f 4585/4585/4585 4584/4584/4584 4583/4583/4583
f 4586/4586/4586 4585/4585/4585 4583/4583/4583
f 4589/4589/4589 4588/4588/4588 4587/4587/4587
f 4590/4590/4590 4589/4589/4589 4587/4587/4587
f 4593/4593/4593 4592/4592/4592 4591/4591/4591
f 4594/4594/4594 4593/4593/4593 4591/4591/4591
f 4597/4597/4597 4596/4596/4596 4595/4595/4595
f 4598/4598/4598 4597/4597/4597 4595/4595/4595
f 4601/4601/4601 4600/4600/4600 4599/4599/4599
f 4600/4600/4600 4602/4602/4602 4599/4599/4599
f 4602/4602/4602 4603/4603/4603 4599/4599/4599
f 4603/4603/4603 4604/4604/4604 4599/4599/4599
f 4602/4602/4602 4600/4600/4600 4605/4605/4605
f 4603/4603/4603 4602/4602/4602 4605/4605/4605
f 4600/4600/4600 4606/4606/4606 4605/4605/4605
f 4607/4607/4607 4603/4603/4603 4605/4605/4605
f 4610/4610/4610 4609/4609/4609 4608/4608/4608
f 4611/4611/4611 4610/4610/4610 4608/4608/4608
f 4614/4614/4614 4613/4613/4613 4612/4612/4612
f 4615/4615/4615 4614/4614/4614 4612/4612/4612
f 4614/4614/4614 4617/4617/4617 4616/4616/4616
f 4617/4617/4617 4618/4618/4618 4616/4616/4616
f 4621/4621/4621 4620/4620/4620 4619/4619/4619
f 4622/4622/4622 4621/4621/4621 4619/4619/4619
f 4625/4625/4625 4624/4624/4624 4623/4623/4623
f 4626/4626/4626 4625/4625/4625 4623/4623/4623
f 4629/4629/4629 4628/4628/4628 4627/4627/4627
f 4630/4630/4630 4629/4629/4629 4627/4627/4627
f 4633/4633/4633 4632/4632/4632 4631/4631/4631
f 4634/4634/4634 4633/4633/4633 4631/4631/4631
f 4637/4637/4637 4636/4636/4636 4635/4635/4635
f 4638/4638/4638 4637/4637/4637 4635/4635/4635
f 4641/4641/4641 4640/4640/4640 4639/4639/4639
f 4642/4642/4642 4641/4641/4641 4639/4639/4639
f 4645/4645/4645 4644/4644/4644 4643/4643/4643
f 4644/4644/4644 4646/4646/4646 4643/4643/4643
f 4644/4644/4644 4647/4647/4647 4646/4646/4646
f 4647/4647/4647 4648/4648/4648 4646/4646/4646
f 4651/4651/4651 4650/4650/4650 4649/4649/4649
f 4652/4652/4652 4651/4651/4651 4649/4649/4649
f 4655/4655/4655 4654/4654/4654 4653/4653/4653
f 4656/4656/4656 4655/4655/4655 4653/4653/4653
f 4659/4659/4659 4658/4658/4658 4657/4657/4657
f 4660/4660/4660 4659/4659/4659 4657/4657/4657
f 4663/4663/4663 4662/4662/4662 4661/4661/4661
f 4664/4664/4664 4663/4663/4663 4661/4661/4661
f 4667/4667/4667 4666/4666/4666 4665/4665/4665
f 4668/4668/4668 4667/4667/4667 4665/4665/4665
f 4671/4671/4671 4670/4670/4670 4669/4669/4669
f 4672/4672/4672 4671/4671/4671 4669/4669/4669
f 4675/4675/4675 4674/4674/4674 4673/4673/4673
f 4676/4676/4676 4675/4675/4675 4673/4673/4673
f 4675/4675/4675 4678/4678/4678 4677/4677/4677
f 4678/4678/4678 4679/4679/4679 4677/4677/4677
f 4682/4682/4682 4681/4681/4681 4680/4680/4680
f 4683/4683/4683 4682/4682/4682 4680/4680/4680
f 4686/4686/4686 4685/4685/4685 4684/4684/4684
f 4687/4687/4687 4686/4686/4686 4684/4684/4684
f 4690/4690/4690 4689/4689/4689 4688/4688/4688
f 4691/4691/4691 4690/4690/4690 4688/4688/4688
f 4694/4694/4694 4693/4693/4693 4692/4692/4692
f 4695/4695/4695 4694/4694/4694 4692/4692/4692
f 4698/4698/4698 4697/4697/4697 4696/4696/4696
f 4699/4699/4699 4698/4698/4698 4696/4696/4696
f 4702/4702/4702 4701/4701/4701 4700/4700/4700
f 4703/4703/4703 4702/4702/4702 4700/4700/4700
f 4706/4706/4706 4705/4705/4705 4704/4704/4704
f 4707/4707/4707 4706/4706/4706 4704/4704/4704
f 4706/4706/4706 4709/4709/4709 4708/4708/4708
f 4709/4709/4709 4710/4710/4710 4708/4708/4708
f 4713/4713/4713 4712/4712/4712 4711/4711/4711
f 4714/4714/4714 4713/4713/4713 4711/4711/4711
f 4717/4717/4717 4716/4716/4716 4715/4715/4715
f 4718/4718/4718 4717/4717/4717 4715/4715/4715
f 4721/4721/4721 4720/4720/4720 4719/4719/4719
f 4722/4722/4722 4721/4721/4721 4719/4719/4719
f 4725/4725/4725 4724/4724/4724 4723/4723/4723
f 4726/4726/4726 4725/4725/4725 4723/4723/4723
f 4729/4729/4729 4728/4728/4728 4727/4727/4727
f 4730/4730/4730 4729/4729/4729 4727/4727/4727
f 4733/4733/4733 4732/4732/4732 4731/4731/4731
f 4734/4734/4734 4733/4733/4733 4731/4731/4731
f 4737/4737/4737 4736/4736/4736 4735/4735/4735
f 4736/4736/4736 4738/4738/4738 4735/4735/4735
f 4736/4736/4736 4739/4739/4739 4738/4738/4738
f 4739/4739/4739 4740/4740/4740 4738/4738/4738
f 4743/4743/4743 4742/4742/4742 4741/4741/4741
f 4744/4744/4744 4743/4743/4743 4741/4741/4741
f 4747/4747/4747 4746/4746/4746 4745/4745/4745
f 4748/4748/4748 4747/4747/4747 4745/4745/4745
f 4751/4751/4751 4750/4750/4750 4749/4749/4749
f 4752/4752/4752 4751/4751/4751 4749/4749/4749
f 4755/4755/4755 4754/4754/4754 4753/4753/4753
f 4756/4756/4756 4755/4755/4755 4753/4753/4753
f 4759/4759/4759 4758/4758/4758 4757/4757/4757
f 4760/4760/4760 4759/4759/4759 4757/4757/4757
f 4763/4763/4763 4762/4762/4762 4761/4761/4761
f 4764/4764/4764 4763/4763/4763 4761/4761/4761