mtllib materials.mtl
g TitansPirate1
v -0.685079217 -0.0752163082 0.238433361
v 0.689719558 -0.0752165541 0.236827612
v 0.689719677 0.0801102147 0.236827612
v -0.684964418 -0.0832160786 0.240575314
v 0.689648151 -0.0832163244 0.238970757
v -0.684631467 -0.0904327706 0.246793747
v 0.689440608 -0.0904330164 0.245193243
v -0.689630508 -0.0961599723 0.257023335
v -0.691020608 -0.0904327706 0.247424841
v 0.706802607 -0.0961602181 0.256627321
v 0.708374262 -0.0904330164 0.24705863
v 0.704822183 -0.0998373106 0.268685102
v -0.69223392 -0.0998370573 0.269952536
v -0.695071816 -0.0961599723 0.258064508
v 0.68825841 -0.101104341 0.280634642
v 0.702627063 -0.101104356 0.282050133
v 0.720340133 -0.101104356 0.286481619
v 0.725003004 -0.0998373106 0.27376318
v -0.682735801 -0.101104096 0.282209635
v -0.685937285 -0.101104096 0.282525778
v -0.689087749 -0.101104096 0.283128738
v -0.698568344 -0.0998370573 0.271926165
v -0.693675756 -0.101104096 0.284558535
v 0.706802726 0.101053879 0.256627321
v 0.689440727 0.0953266844 0.245193243
v 0.708374381 0.0953266695 0.24705863
v -0.689630389 0.101054125 0.257023335
v 0.704822302 0.104730971 0.268685102
v -0.692233801 0.104731224 0.269952536
v -0.695071697 0.101054125 0.258064747
v -0.684631348 0.0953269303 0.246793747
v -0.691020489 0.0953269303 0.247424841
v 0.689648271 0.0881099775 0.238970757
v -0.684964299 0.0881102234 0.240575314
v 0.689719677 0.0801102147 0.236827612
v -0.685079098 0.0801104605 0.238433361
v -0.685079217 -0.0752163082 0.238433361
v 0.688258529 0.105998024 0.280634642
v 0.702627182 0.105998024 0.282050133
v 0.720340252 0.105998009 0.286481619
v 0.725003123 0.104730956 0.27376318
v -0.682735682 0.10599827 0.282209635
v -0.685937166 0.10599827 0.282525778
v -0.689087629 0.10599827 0.283128738
v -0.693675637 0.10599827 0.284558535
v -0.698568225 0.104731224 0.271926165
v 0.720340371 -0.101104364 0.286480427
v 0.724550128 -0.101104364 0.288478136
v 0.722912312 -0.101104364 0.287587404
v 0.726875186 -0.101104364 0.290032625
v 0.729022741 -0.101104364 0.291837454
v 0.735282421 -0.101104371 0.301024437
v 0.73316884 -0.101104371 0.296866894
v 0.730960131 -0.101104364 0.293866158
v 0.734527111 -0.101104371 0.299312115
v 0.739206672 -0.101104371 0.319965363
v 0.702627301 -0.101104364 0.282048941
v 0.688258767 -0.101104364 0.28063345
v 0.741907716 -0.101104371 0.343971491
v 0.745374441 -0.101104371 0.492604256
v 0.604004622 -0.101104364 0.958596587
v 0.715795159 -0.101104379 0.811622143
v 0.769059777 -0.101104379 0.651577234
v 0.739299893 -0.101104379 0.771355867
v 0.758467674 -0.101104379 0.725127935
v 0.765048623 -0.101104379 0.701334
v 0.768789172 -0.101104379 0.676871538
v -0.690579295 -0.101104125 0.646618605
v -0.682735562 -0.101104118 0.282208204
v 0.579648137 -0.101104356 1.00156796
v -0.712762117 -0.101104118 0.53818655
v -0.716848135 -0.101104118 0.489988089
v -0.690485477 -0.101104125 0.668052197
v -0.716292739 -0.101104103 0.315184116
v -0.561809778 -0.101104163 1.08125758
v -0.691609383 -0.101104125 0.678750992
v -0.696154356 -0.101104125 0.699696064
v -0.559774995 -0.101104163 1.08454609
v -0.629773736 -0.10110414 1.00968397
v -0.701518893 -0.101104125 0.71483016
v -0.721336842 -0.101104118 0.754969358
v -0.675846219 -0.101104133 0.973770618
v 0.567323089 -0.101104356 1.03204584
v -0.558090806 -0.101104163 1.08800447
v -0.556240559 -0.101104163 1.09345019
v -0.733637214 -0.101104118 0.795401812
v -0.692551494 -0.101104133 0.955980301
v -0.713231087 -0.101104125 0.927175045
v -0.736827016 -0.101104118 0.813316584
v -0.721330404 -0.101104125 0.912150145
v -0.7383219 -0.101104118 0.830820322
v 0.554962635 -0.101104356 1.07986915
v -0.727899194 -0.101104125 0.896711349
v -0.738149047 -0.101104118 0.847912312
v -0.736335993 -0.101104118 0.864591837
v -0.732910156 -0.101104125 0.88085866
v -0.555470109 -0.101104163 1.09721327
v 0.410686105 -0.101104334 1.41504335
v -0.555080891 -0.101104163 1.10104823
v -0.555080891 -0.101104163 1.10492039
v 0.535743475 -0.101104356 1.20895684
v -0.555470109 -0.101104163 1.10875535
v 0.47524026 -0.101104341 1.33840704
v 0.521205187 -0.101104356 1.25428474
v 0.501239061 -0.101104356 1.29750168
v 0.398940802 -0.101104334 1.43627262
v -0.556240559 -0.101104163 1.11251831
v 0.394661009 -0.101104334 1.44754219
v -0.558090806 -0.101104163 1.11796415
v 0.391648829 -0.101104334 1.45929646
v -0.559774995 -0.101104163 1.12142241
v 0.390059173 -0.101104334 1.47157407
v -0.561809778 -0.101104163 1.12471235
v 0.345665276 -0.101104334 1.65666914
v 0.390045673 -0.101104334 1.48441076
v 0.368993223 -0.101104334 1.61235046
v 0.384005249 -0.101104334 1.57140648
v 0.391762614 -0.101104334 1.49784279
v 0.395816118 -0.101104334 1.52244163
v 0.39596203 -0.101104334 1.51437449
v 0.396137536 -0.101104334 1.51965952
v 0.396203101 -0.101104334 1.51696491
v 0.343227118 -0.101104334 1.66363204
v -0.505318999 -0.101104185 1.90007555
v -0.569723368 -0.101104163 1.13335419
v 0.342419744 -0.101104334 1.66721499
v -0.614328742 -0.10110417 1.81785977
v -0.60880959 -0.101104148 1.16333199
v -0.50342077 -0.101104185 1.90196538
v -0.676160336 -0.10110414 1.23305809
v 0.341944724 -0.101104334 1.67087901
v 0.341845095 -0.101104334 1.67463684
v -0.660022974 -0.101104163 1.7758038
v 0.34216392 -0.101104334 1.67849874
v -0.501638293 -0.101104185 1.90467548
v -0.499996215 -0.101104185 1.90805793
v 0.34294492 -0.101104334 1.68247521
v -0.497231215 -0.101104185 1.91624463
v 0.344230533 -0.101104334 1.68657756
v -0.495322078 -0.101104185 1.92534029
v -0.700994968 -0.101104148 1.73051703
v -0.736530423 -0.10110414 1.6813606
v -0.765916109 -0.101104133 1.62769544
v 0.345572054 -0.101104334 1.68908572
v -0.494464576 -0.101104185 1.93415701
v -0.494491577 -0.101104185 1.93808973
v -0.772937536 -0.101104125 1.36370778
v 0.347563475 -0.101104334 1.69105661
v -0.788438678 -0.101104125 1.56888282
v -0.796903133 -0.101104125 1.53734696
v -0.802954197 -0.101104125 1.50280273
v -0.804564357 -0.101104125 1.46969831
v -0.788120151 -0.101104125 1.39257097
v -0.801575303 -0.101104125 1.43793225
v -0.793828011 -0.101104125 1.40740299
v -0.494855076 -0.101104185 1.94150686
v 0.272156864 -0.101104334 2.40120244
v -0.497220308 -0.101104185 1.94976175
v -0.499353439 -0.101104185 1.95509434
v -0.540886223 -0.101104185 2.03201222
v 0.350170016 -0.101104334 1.69248104
v 0.10645926 -0.101104319 2.59315634
v -0.581232727 -0.101104178 2.12674856
v -0.585010469 -0.101104178 2.13352776
v -0.591652274 -0.101104178 2.14308476
v -0.596702456 -0.101104178 2.14900637
v -0.608142972 -0.101104178 2.15957141
v -0.621055603 -0.101104178 2.16816568
v 0.225843221 -0.101104334 2.48807859
v 0.182884693 -0.101104327 2.53784561
v 0.206246078 -0.101104327 2.51493478
v 0.0977444649 -0.101104319 2.65013957
v 0.489086837 -0.101104371 2.25134969
v 0.367038459 -0.101104356 2.38245583
v 0.499397427 -0.101104371 2.23746252
v 0.447784811 -0.101104371 2.32428455
v 0.353357702 -0.101104334 1.69334626
v 0.511095166 -0.101104379 2.22495103
v 0.357091725 -0.101104334 1.6936394
v 0.524408937 -0.101104379 2.21404648
v 0.361336797 -0.101104334 1.69334877
v 0.434415191 -0.101104364 2.34090495
v 0.531743884 -0.101104379 2.20927048
v 0.382136643 -0.101104364 2.37716031
v 0.366058826 -0.101104334 1.69246304
v 0.410235494 -0.101104364 2.36185527
v 0.422907084 -0.101104364 2.35201645
v 0.396578491 -0.101104364 2.37027454
v 0.649404526 -0.101104394 2.1127677
v 0.371223122 -0.101104334 1.69096911
v 0.382739574 -0.101104334 1.68610704
v 0.593755722 -0.101104386 2.1724391
v 0.568680644 -0.101104386 2.19058275
v 0.581620932 -0.101104386 2.18205547
v 0.67441535 -0.101104409 2.09276247
v 0.395608485 -0.101104341 1.67866468
v 0.701712608 -0.101104409 2.07593513
v 0.496609598 -0.101104364 1.60676587
v 0.775713444 -0.101104416 2.02680564
v 0.733309627 -0.101104416 2.06055665
v 0.76623404 -0.101104416 2.03659177
v 0.744972587 -0.101104416 2.053514
v 0.586294055 -0.101104371 1.57299805
v 0.548640609 -0.101104371 1.58160269
v 0.530260324 -0.101104364 1.58810401
v 0.701877236 -0.101104394 1.55939889
v 0.94675231 -0.101104438 1.79712427
v 0.739611626 -0.101104394 1.55042922
v 0.963179827 -0.101104438 1.66375029
v 0.969026089 -0.101104438 1.69409192
v 0.970030785 -0.101104438 1.70919001
v 0.954315543 -0.101104438 1.78291321
v 0.960353374 -0.101104438 1.76848996
v 0.969704986 -0.101104438 1.72420466
v 0.968009233 -0.101104453 1.73910999
v 0.964905143 -0.101104438 1.75388026
v 0.836988568 -0.101104416 1.54190958
v 0.952478409 -0.101104438 1.63338435
v 0.945110679 -0.101104438 1.61820388
v 0.852323294 -0.101104423 1.54526758
v 0.866904616 -0.101104423 1.54985845
v 0.936725974 -0.101104431 1.60441828
v 0.880699873 -0.101104423 1.55570149
v 0.927357078 -0.101104431 1.59200704
v 0.893675447 -0.101104423 1.56281734
v 0.917036891 -0.101104431 1.58094954
v 0.905798674 -0.101104431 1.57122648
v 0.792515039 -0.101104409 1.53827131
v 0.758048534 -0.101104409 1.54367602
v 0.769355416 -0.101104409 1.54071653
v 0.780873775 -0.101104409 1.53891146
v -0.689087391 -0.101104118 0.283127546
v -0.685937047 -0.101104118 0.282524586
v -0.703370094 -0.101104103 0.290212393
v -0.693675399 -0.101104118 0.284557104
v -0.698040962 -0.101104103 0.28659749
v -0.700792551 -0.101104103 0.288287878
v -0.707937598 -0.101104103 0.294703245
v -0.705756187 -0.101104103 0.292355537
v -0.712406039 -0.101104103 0.301366329
v -0.71079576 -0.101104103 0.298574209
v -0.715921521 -0.101104103 0.311998367
v -0.714832306 -0.101104103 0.307318687
v -0.713756561 -0.101104103 0.304293871
v -0.702208638 -0.101104163 2.21516371
v -0.668255448 -0.10110417 2.18935513
v -0.686058521 -0.101104163 2.20120573
v -0.716512203 -0.101104163 2.23106265
v -0.658794641 -0.10110417 2.18427181
v -0.749155998 -0.101104148 2.28130555
v -0.766330719 -0.101104148 2.30239964
v -0.684667826 -0.101104185 2.98576617
v -0.687707901 -0.101104185 2.98432875
v -0.850098252 -0.10110414 2.38459373
v -0.691132069 -0.101104185 2.98351502
v -0.863730907 -0.101104133 2.39569998
v -0.694865823 -0.101104178 2.98337102
v -0.878274918 -0.101104133 2.4054873
v -0.698834181 -0.101104178 2.98394179
v -0.901589036 -0.101104133 2.41757989
v -0.682086945 -0.101104185 2.987782
v -0.702962279 -0.101104178 2.98527384
v 0.0731723458 -0.101104312 2.80572724
v -0.680039883 -0.101104185 2.99032998
v 0.0987099558 -0.101104319 2.70110846
v 0.0795383453 -0.101104319 2.79157925
v 0.0895995051 -0.101104319 2.76231623
v 0.0960214287 -0.101104319 2.7320466
v -0.134112686 -0.101104282 3.15757704
v -0.678601623 -0.101104185 2.99336529
v -0.677847028 -0.101104185 2.99684167
v -0.677850485 -0.101104185 3.00071383
v -0.174005687 -0.101104282 3.21196985
v -1.06315184 -0.101104103 2.53285503
v -0.950929403 -0.101104125 2.43335152
v -0.634959221 -0.101104192 3.17415643
v -0.203625098 -0.101104274 3.24533129
v -0.268766761 -0.101104267 3.3062396
v -0.627135634 -0.101104192 3.19780374
v -0.32790786 -0.101104259 3.35249043
v -0.347744465 -0.101104259 3.36498022
v -0.675532579 -0.101104185 3.08907485
v -0.361663401 -0.101104245 3.37202787
v -0.683166146 -0.101104185 3.02793026
v -0.680087805 -0.101104185 3.07415938
v -0.682885289 -0.101104185 3.05889273
v -0.683914781 -0.101104185 3.04343081
v -0.383434474 -0.101104245 3.38061047
v -0.413800836 -0.101104237 3.38819957
v -0.429305553 -0.101104237 3.39026928
v -0.452690095 -0.101104237 3.39119101
v -0.47603187 -0.10110423 3.38949919
v -0.61792171 -0.1011042 3.27467012
v -0.512468815 -0.101104222 3.38216233
v -0.56128335 -0.101104215 3.3585341
v -0.519008398 -0.101104222 3.38019776
v -0.537953138 -0.101104222 3.3725729
v -0.549925625 -0.101104222 3.36609101
v -0.605440021 -0.1011042 3.30721664
v -0.611217856 -0.1011042 3.2948606
v -0.571949363 -0.101104215 3.34993863
v -0.586353898 -0.101104215 3.33533025
v -0.594755411 -0.1011042 3.3246057
v -1.02754605 -0.101104103 2.48265719
v -0.979968667 -0.101104118 2.44596982
v -1.0054059 -0.101104118 2.46249247
v -1.04669321 -0.101104103 2.50619912
v -0.806094885 -0.101104163 3.0186224
v -0.73850441 -0.101104178 3.00302029
v -0.783051729 -0.10110417 3.01578379
v -0.760459423 -0.10110417 3.01056933
v -0.927019715 -0.10110414 3.01681876
v -1.01016629 -0.101104125 2.98326039
v -1.14843965 -0.101104088 2.71419859
v -0.968495607 -0.101104133 3.00698256
v -0.948075652 -0.101104133 3.01329494
v -0.992565989 -0.101104125 2.99533749
v -1.10941219 -0.101104103 2.89080739
v -1.12250543 -0.101104096 2.87531447
v -1.15390503 -0.101104088 2.73375392
v -1.13359606 -0.101104096 2.85927916
v -1.15724921 -0.101104088 2.75294924
v -1.14266884 -0.101104096 2.84272456
v -1.15848696 -0.101104088 2.77176166
v -1.14970922 -0.101104096 2.82567215
v -1.15763307 -0.101104096 2.79016757
v -1.15470219 -0.101104096 2.80814552
v -0.707937717 0.10599827 0.294703245
v -0.712406278 0.10599827 0.301366568
v -0.710795999 0.10599827 0.298574209
v -0.70079267 0.10599827 0.288287878
v -0.705756426 0.10599827 0.292355537
v -0.703370333 0.10599827 0.290212631
v -0.685937166 0.10599827 0.282524586
v -0.693675637 0.10599827 0.284557104
v -0.698041201 0.10599827 0.28659749
v -0.689087629 0.10599827 0.283127546
v -0.716292977 0.10599827 0.315184116
v -0.682735682 0.10599827 0.282208443
v -0.71592176 0.10599827 0.311998367
v -0.714832425 0.10599827 0.307318926
v -0.7137568 0.10599827 0.304293871
v -0.716848254 0.10599827 0.489988089
v -0.712762356 0.105998255 0.53818655
v -0.690579534 0.105998255 0.646618605
v 0.688258529 0.105998024 0.28063345
v 0.604004383 0.105998024 0.958596587
v 0.579648018 0.105998024 1.00156796
v -0.690485716 0.105998255 0.668052197
v -0.561810017 0.105998218 1.08125758
v -0.691609621 0.105998255 0.678750992
v -0.696154594 0.105998255 0.699696064
v -0.559775233 0.105998218 1.08454609
v -0.629773855 0.105998233 1.00968397
v -0.701519012 0.105998255 0.71483016
v -0.721336961 0.105998255 0.754969358
v -0.675846457 0.105998233 0.973770618
v 0.56732285 0.105998024 1.03204584
v -0.558091044 0.105998218 1.08800447
v -0.556240737 0.105998218 1.09345019
v -0.733637333 0.105998255 0.795401812
v -0.692551613 0.105998255 0.955980301
v -0.713231206 0.105998255 0.927175045
v -0.736827254 0.105998255 0.813316584
v 0.554962397 0.105998024 1.07986915
v -0.721330523 0.105998255 0.912150145
v -0.738322139 0.105998255 0.830820322
v -0.738149166 0.105998255 0.847912312
v -0.727899432 0.105998255 0.896711349
v -0.732910395 0.105998255 0.88085866
v -0.736336231 0.105998255 0.864591837
v -0.555470347 0.105998218 1.09721327
v 0.410685867 0.105998039 1.41504335
v -0.555081129 0.105998218 1.10104823
v -0.555081129 0.105998218 1.10492039
v 0.535743237 0.105998024 1.20895684
v -0.555470347 0.105998218 1.10875535
v 0.475240022 0.105998024 1.33840704
v 0.521204948 0.105998024 1.25428474
v 0.501238823 0.105998024 1.29750168
v 0.398940593 0.105998039 1.43627262
v -0.556240737 0.105998218 1.11251831
v 0.394660801 0.105998039 1.44754219
v -0.558091044 0.105998218 1.11796415
v 0.39164862 0.105998039 1.45929646
v -0.559775233 0.105998218 1.12142241
v 0.390058964 0.105998039 1.47157407
v -0.561810017 0.105998218 1.12471235
v 0.345665067 0.105998039 1.65666914
v 0.390045464 0.105998039 1.48441076
v 0.368993044 0.105998039 1.61235046
v 0.38400507 0.105998039 1.57140648
v 0.391762406 0.105998039 1.49784279
v 0.395815909 0.105998039 1.52244163
v 0.395961851 0.105998039 1.51437449
v 0.396137327 0.105998039 1.51965952
v 0.396202892 0.105998039 1.51696491
v 0.34322691 0.105998039 1.66363204
v -0.505319118 0.105998181 1.90007555
v 0.342419565 0.105998039 1.66721499
v -0.569723547 0.105998218 1.13335419
v -0.503420949 0.105998181 1.90196538
v -0.61432898 0.105998218 1.81785977
v -0.608809829 0.105998233 1.16333199
v 0.341944516 0.105998039 1.67087901
v 0.341844887 0.105998039 1.67463684
v -0.676160455 0.105998233 1.23305809
v 0.342163712 0.105998039 1.67849874
v -0.501638472 0.105998181 1.90467548
v -0.499996454 0.105998181 1.90805793
v 0.342944711 0.105998039 1.68247521
v -0.497231454 0.105998181 1.91624463
v 0.344230324 0.105998039 1.68657756
v -0.495322287 0.105998181 1.92534029
v -0.660023212 0.105998218 1.7758038
v 0.345571846 0.105998039 1.68908572
v -0.494464785 0.105998181 1.93415701
v -0.494491786 0.105998181 1.93808973
v -0.700995207 0.105998233 1.73051703
v -0.736530662 0.105998233 1.6813606
v -0.765916348 0.105998233 1.62769544
v 0.347563267 0.105998039 1.69105661
v -0.772937655 0.105998255 1.36370778
v -0.788438916 0.105998255 1.56888282
v -0.796903372 0.105998255 1.53734696
v -0.802954316 0.105998255 1.50280273
v -0.804564595 0.105998255 1.46969831
v -0.788120389 0.105998255 1.39257097
v -0.801575541 0.105998255 1.43793225
v -0.79382813 0.105998255 1.40740299
v -0.494855285 0.105998181 1.94150686
v 0.272156686 0.105998039 2.40120244
v -0.497220486 0.105998181 1.94976175
v -0.499353617 0.105998181 1.95509434
v -0.540886402 0.105998203 2.03201222
v 0.350169837 0.105998039 1.69248104
v 0.106459051 0.105998062 2.59315634
v -0.581232905 0.105998203 2.12674856
v -0.585010648 0.105998203 2.13352776
v -0.591652453 0.105998203 2.14308476
v -0.596702576 0.105998203 2.14900637
v -0.60814321 0.105998203 2.15957141
v -0.621055841 0.105998203 2.16816568
v 0.225843042 0.105998039 2.48807859
v 0.182884485 0.105998039 2.53784561
v 0.206245899 0.105998039 2.51493478
v 0.0977442414 0.105998062 2.65013957
v 0.489086658 0.105998009 2.25134969
v 0.36703828 0.105998024 2.38245583
v 0.499397188 0.105998009 2.23746252
v 0.447784632 0.105998009 2.32428455
v 0.353357494 0.105998039 1.69334626
v 0.511094928 0.105998009 2.22495103
v 0.357091546 0.105998039 1.6936394
v 0.524408698 0.105997987 2.21404648
v 0.361336619 0.105998039 1.69334877
v 0.434414953 0.105998009 2.34090495
v 0.531743765 0.105997987 2.20927048
v 0.382136434 0.105998024 2.37716031
v 0.366058648 0.105998039 1.69246304
v 0.410235256 0.105998009 2.36185527
v 0.396578282 0.105998024 2.37027454
v 0.422906846 0.105998009 2.35201645
v 0.649404287 0.105997972 2.1127677
v 0.371222913 0.105998039 1.69096911
v 0.382739365 0.105998039 1.68610704
v 0.593755603 0.105997987 2.1724391
v 0.568680406 0.105997987 2.19058275
v 0.581620693 0.105997987 2.18205547
v 0.674415112 0.105997972 2.09276247
v 0.395608306 0.105998039 1.67866468
v 0.70171237 0.105997972 2.07593513
v 0.49660936 0.105998024 1.60676587
v 0.775713205 0.10599795 2.02680564
v 0.733309388 0.105997972 2.06055665
v 0.766233802 0.10599795 2.03659177
v 0.744972467 0.10599795 2.053514
v 0.586293936 0.105998009 1.57299805
v 0.54864049 0.105998009 1.58160269
v 0.530260086 0.105998009 1.58810401
v 0.701876998 0.105997987 1.55939889
v 0.946752191 0.105997935 1.79712427
v 0.739611506 0.105997972 1.55042922
v 0.963179588 0.105997935 1.66375029
v 0.96902597 0.105997935 1.69409192
v 0.970030665 0.105997935 1.70919001
v 0.954315424 0.105997935 1.78291321
v 0.960353255 0.105997935 1.76848996
v 0.969704747 0.105997935 1.72420466
v 0.968008995 0.105997935 1.73910999
v 0.964904904 0.105997935 1.75388026
v 0.836988449 0.10599795 1.54190958
v 0.95247829 0.105997935 1.63338435
v 0.94511044 0.105997935 1.61820388
v 0.852323174 0.10599795 1.54526758
v 0.866904497 0.10599795 1.54985845
v 0.936725736 0.105997935 1.60441828
v 0.880699635 0.10599795 1.55570149
v 0.927356839 0.105997935 1.59200704
v 0.893675327 0.10599795 1.56281734
v 0.917036653 0.105997935 1.58094954
v 0.905798554 0.10599795 1.57122648
v 0.792514801 0.105997972 1.53827131
v 0.758048296 0.105997972 1.54367602
v 0.769355297 0.105997972 1.54071653
v 0.780873656 0.105997972 1.53891146
v 0.72454989 0.105998009 0.288478136
v 0.720340252 0.105998009 0.286480427
v 0.722912073 0.105998009 0.287587404
v 0.726874948 0.105998009 0.290032625
v 0.729022503 0.105998009 0.291837454
v 0.735282183 0.105998009 0.301024437
v 0.733168602 0.105998009 0.296866894
v 0.730960011 0.105998009 0.293866158
v 0.734526873 0.105998009 0.299312115
v 0.739206433 0.105998009 0.319965363
v 0.702627182 0.105998024 0.282048941
v 0.741907597 0.105998009 0.343971491
v 0.745374203 0.105998009 0.492604256
v 0.715794921 0.105998009 0.811622143
v 0.769059539 0.105997987 0.651577234
v 0.739299655 0.105997987 0.771355867
v 0.758467436 0.105997987 0.725127935
v 0.765048504 0.105997987 0.701334
v 0.768788934 0.105997987 0.676871538
v -0.668255568 0.105998218 2.18935513
v -0.702208757 0.105998218 2.21516371
v -0.68605864 0.105998218 2.20120573
v -0.716512442 0.105998218 2.23106265
v -0.65879488 0.105998218 2.18427181
v -0.749156237 0.105998218 2.28130555
v -0.766330957 0.105998218 2.30239964
v -0.684667945 0.105998203 2.98576617
v -0.687708139 0.105998203 2.98432875
v -0.850098491 0.105998233 2.38459373
v -0.691132307 0.105998203 2.98351502
v -0.863731027 0.105998233 2.39569998
v -0.694866061 0.105998203 2.98337102
v -0.878275156 0.105998233 2.4054873
v -0.698834419 0.105998203 2.98394179
v -0.901589274 0.105998255 2.41757989
v -0.682087183 0.105998203 2.987782
v -0.702962518 0.105998203 2.98527384
v 0.0731721371 0.105998062 2.80572724
v -0.680040121 0.105998203 2.99032998
v 0.0987097323 0.105998062 2.70110846
v 0.0795381367 0.105998062 2.79157925
v 0.0895992815 0.105998062 2.76231623
v 0.0960212052 0.105998062 2.7320466
v -0.134112909 0.105998091 3.15757704
v -0.678601861 0.105998203 2.99336529
v -0.677847147 0.105998203 2.99684167
v -0.677850723 0.105998203 3.00071383
v -0.174005926 0.105998091 3.21196985
v -1.06315207 0.10599827 2.53285503
v -0.950929523 0.105998255 2.43335152
v -0.63495934 0.105998181 3.17415643
v -0.203625321 0.105998091 3.24533129
v -0.268766999 0.105998114 3.3062396
v -0.627135873 0.105998181 3.19780374
v -0.327908099 0.105998114 3.35249043
v -0.347744644 0.105998129 3.36498022
v -0.675532818 0.105998181 3.08907485
v -0.36166358 0.105998129 3.37202787
v -0.683166385 0.105998203 3.02793026
v -0.680088043 0.105998181 3.07415938
v -0.682885528 0.105998181 3.05889273
v -0.6839149 0.105998203 3.04343081
v -0.383434683 0.105998129 3.38061047
v -0.413801044 0.105998129 3.38819957
v -0.429305762 0.105998129 3.39026928
v -0.452690303 0.105998144 3.39119101
v -0.476032078 0.105998144 3.38949919
v -0.617921829 0.105998166 3.27467012
v -0.512469053 0.105998144 3.38216233
v -0.561283529 0.105998166 3.3585341
v -0.519008636 0.105998144 3.38019776
v -0.537953317 0.105998166 3.3725729
v -0.549925804 0.105998166 3.36609101
v -0.605440259 0.105998166 3.30721664
v -0.611218095 0.105998166 3.2948606
v -0.571949601 0.105998166 3.34993863
v -0.586354136 0.105998166 3.33533025
v -0.59475553 0.105998166 3.3246057
v -0.979968786 0.105998255 2.44596982
v -1.02754629 0.10599827 2.48265719
v -1.00540614 0.10599827 2.46249247
v -1.04669344 0.10599827 2.50619912
v -0.806095123 0.105998218 3.0186224
v -0.738504648 0.105998203 3.00302029
v -0.783051848 0.105998218 3.01578379
v -0.760459661 0.105998203 3.01056933
v -0.927019835 0.105998233 3.01681876
v -1.01016641 0.105998255 2.98326039
v -1.14843988 0.105998285 2.71419859
v -0.968495727 0.105998233 3.00698256
v -0.948075891 0.105998233 3.01329494
v -0.992566228 0.105998255 2.99533749
v -1.10941243 0.10599827 2.89080739
v -1.12250566 0.10599827 2.87531447
v -1.15390527 0.105998285 2.73375392
v -1.13359618 0.10599827 2.85927916
v -1.15724945 0.105998285 2.75294924
v -1.14266908 0.10599827 2.84272456
v -1.1584872 0.105998285 2.77176166
v -1.14970934 0.105998285 2.82567215
v -1.15763319 0.105998285 2.79016757
v -1.15470231 0.105998285 2.80814552
v 0.377341717 0.0953267068 1.67363667
v 0.377337873 0.0953267068 1.67360961
v 0.36771962 0.101053894 1.67494667
v 0.383573055 0.0881099924 1.67347205
v 0.383556336 0.0881099924 1.67412126
v 0.385697514 0.080110237 1.67428708
v 0.385622323 0.080110237 1.67486691
v 0.38572067 0.080110237 1.67341292
v 0.383508146 0.0881099924 1.67449284
v 0.377371311 0.0953267068 1.67340648
v 0.383513927 0.0881099924 1.67275083
v 0.385641605 0.080110237 1.67245519
v 0.377341092 0.0953267068 1.67364693
v 0.377337873 0.0953267068 1.67360961
v 0.385487318 0.080110237 1.6716671
v 0.383404642 0.0881099924 1.67219675
v 0.382833838 0.0881099924 1.67037499
v 0.384820729 0.080110237 1.66954064
v 0.377068549 0.0953267068 1.67279458
v 0.377362311 0.0953267068 1.6737318
v 0.36795038 0.101053894 1.67612302
v 0.379362047 0.0881099924 1.66388273
v 0.381100833 0.080110237 1.66258681
v 0.374001712 0.080110237 1.65556097
v 0.374315411 0.0953267068 1.667647
v 0.372707754 0.0881099924 1.65729785
v 0.366645485 0.080110237 1.65154088
v 0.366455227 0.101053894 1.67351067
v 0.368088573 0.101053894 1.67656398
v 0.365839422 0.0881099924 1.65354383
v 0.360878259 0.080110237 1.64997506
v 0.368952513 0.0953267068 1.66234004
v 0.356550932 0.104730994 1.68089771
v 0.356773347 0.104730994 1.68131423
v 0.363103628 0.101053894 1.67019379
v 0.355733275 0.104730994 1.68008912
v 0.360509932 0.0881099924 1.65209758
v 0.357311338 0.080110237 1.6496948
v 0.363498956 0.0953267068 1.65935993
v 0.359854281 0.101053894 1.6684171
v 0.355260819 0.104730994 1.67983067
v 0.357778013 0.101053894 1.66785395
v 0.359441578 0.0953267068 1.6582582
v 0.357300401 0.0881099924 1.65184557
v 0.35578084 0.080110237 1.64980018
v 0.356052727 0.0881099924 1.65193176
v 0.357269555 0.0953267068 1.65808845
v 0.357220709 0.101053894 1.6678102
v 0.356842101 0.0953267068 1.65811682
v 0.110659748 0.0881100073 2.82399821
v 0.0515022576 0.0801102519 2.92239857
v -0.0992482454 0.0881100297 3.18043017
v 0.739415288 -0.0752166063 2.1063807
v 0.705871224 -0.0832163766 2.12182736
v 0.730354309 -0.0752166063 2.11053586
v -0.738455892 -0.0752163082 0.627803564
v -0.732145905 -0.0832160786 0.64982605
v -0.740257382 -0.0752163082 0.622236967
v -0.0992483273 -0.0832162499 3.18043017
v 0.0515021831 -0.0752165094 2.92239857
v 0.110659674 -0.0832162872 2.82399821
v -0.740257263 0.0801104605 0.622236967
v -0.732145786 0.0881102234 0.64982605
v -0.738455772 0.0801104605 0.627803564
v 0.383519053 0.0881099924 1.67444265
v 0.385592759 0.080110237 1.67499936
v 0.730354428 0.0801101625 2.11053586
v 0.705871344 0.0881099254 2.12182736
v 0.739415407 0.0801101476 2.1063807
v 0.142544389 0.0801102519 2.70221925
v 0.14244476 0.0801102519 2.68390465
v 0.142444685 -0.0752165169 2.68390465
v 0.142544314 -0.0752165169 2.70221925
v 0.14152202 0.0801102519 2.72043896
v 0.141521946 -0.0752165169 2.72043896
v 0.139390483 0.0801102519 2.73851204
v 0.139390409 -0.0752165169 2.73851204
v 0.136164501 -0.0752165169 2.75638819
v 0.136164576 0.0801102519 2.75638819
v 0.131857798 0.0801102519 2.77401781
v 0.131857723 -0.0752165169 2.77401781
v 0.126483887 -0.0752165169 2.79135156
v 0.126483962 0.0801102519 2.79135156
v 0.12005657 0.0801102519 2.80834222
v 0.120056495 -0.0752165169 2.80834222
v 0.112588733 -0.0752165169 2.82493806
v 0.112588808 0.0801102519 2.82493806
v 0.104094401 -0.0752165094 2.84109044
v 0.104094476 0.0801102519 2.84109044
v 0.0945886374 -0.0752165094 2.85674667
v 0.0945887119 0.0801102519 2.85674667
v 0.0734378397 -0.0752165094 2.88763452
v 0.0734379143 0.0801102519 2.88763452
v 0.0623350292 -0.0752165094 2.9048605
v 0.0623351038 0.0801102519 2.9048605
v 0.0515021831 -0.0752165094 2.92239857
v 0.0515022576 0.0801102519 2.92239857
v -0.0780538172 -0.0752164945 3.15019894
v -0.0780537426 0.0801102668 3.15019894
v -0.0874702409 -0.0752164945 3.16576004
v -0.0874701664 0.0801102668 3.16576004
v -0.0974539369 -0.0752164945 3.18160629
v -0.0974538624 0.0801102668 3.18160629
v -0.140210554 0.0801102892 3.23988938
v -0.140210629 -0.0752164871 3.23988938
v -0.171840012 0.0801102892 3.27551746
v -0.171840072 -0.0752164721 3.27551746
v -0.188406408 -0.0752164721 3.29240513
v -0.188406318 0.0801102892 3.29240513
v -0.205411106 -0.0752164721 3.30872083
v -0.205411047 0.0801102892 3.30872083
v -0.240557984 -0.0752164647 3.33978748
v -0.240557909 0.0801103041 3.33978748
v -0.302508712 0.0801103041 3.38821864
v -0.302508771 -0.0752164572 3.38821864
v -0.326501071 -0.0752164572 3.40332603
v -0.326501012 0.0801103041 3.40332603
v -0.343332231 -0.0752164498 3.41184831
v -0.343332171 0.080110319 3.41184831
v -0.35197562 0.080110319 3.41563296
v -0.351975709 -0.0752164498 3.41563296
v -0.360753179 -0.0752164498 3.41909266
v -0.360753089 0.080110319 3.41909266
v -0.369661689 0.080110319 3.4222281
v -0.369661778 -0.0752164498 3.4222281
v -0.378689945 -0.0752164423 3.42502952
v -0.378689855 0.080110319 3.42502952
v -0.387827307 0.080110319 3.42749667
v -0.387827396 -0.0752164423 3.42749667
v -0.406377107 -0.0752164423 3.43140364
v -0.406377017 0.080110319 3.43140364
v -0.425132722 0.080110319 3.43390656
v -0.425132811 -0.0752164423 3.43390656
v -0.434550434 0.080110319 3.43463039
v -0.434550524 -0.0752164423 3.43463039
v -0.453412831 0.0801103413 3.43502259
v -0.45341292 -0.0752164349 3.43502259
v -0.46284157 -0.0752164349 3.43469095
v -0.462841481 0.0801103413 3.43469095
v -0.490991741 0.0801103413 3.43159246
v -0.490991831 -0.07521642 3.43159246
v -0.524119854 0.0801103413 3.42442656
v -0.524119973 -0.07521642 3.42442656
v -0.549048126 0.0801103562 3.41568708
v -0.549048185 -0.0752164125 3.41568708
v -0.564883888 0.0801103562 3.40802097
v -0.564883947 -0.0752164125 3.40802097
v -0.579970181 0.0801103562 3.39894581
v -0.579970241 -0.0752164051 3.39894581
v -0.600987911 0.0801103562 3.38278317
v -0.60098803 -0.0752164051 3.38278317
v -0.613699317 0.0801103562 3.37046576
v -0.613699436 -0.0752164051 3.37046576
v -0.62519002 0.0801103562 3.35709691
v -0.625190139 -0.0752163976 3.35709691
v -0.630459189 -0.0752163976 3.35004663
v -0.63045907 0.0801103786 3.35004663
v -0.635400414 -0.0752163976 3.34276605
v -0.635400295 0.0801103786 3.34276605
v -0.640004516 -0.0752163976 3.33527374
v -0.640004396 0.0801103786 3.33527374
v -0.644266844 0.0801103786 3.32757425
v -0.644266963 -0.0752163976 3.32757425
v -0.648179412 -0.0752163976 3.31968045
v -0.648179293 0.0801103786 3.31968045
v -0.651733994 0.0801103786 3.31160569
v -0.651734114 -0.0752163976 3.31160569
v -0.654924631 -0.0752163902 3.30335712
v -0.654924512 0.0801103786 3.30335712
v -0.660526872 0.0801103786 3.28506684
v -0.660526991 -0.0752163902 3.28506684
v -0.669821501 0.0801103786 3.20785713
v -0.66982162 -0.0752163902 3.20785713
v -0.675577164 0.0801103786 3.19064426
v -0.675577283 -0.0752163902 3.19064426
v -0.716657043 0.0801103935 3.104285
v -0.716657162 -0.0752163753 3.104285
v -0.722690701 0.0801103935 3.08452773
v -0.722690821 -0.0752163678 3.08452773
v -0.726395845 0.0801103935 3.06430888
v -0.726395965 -0.0752163678 3.06430888
v -0.727759242 0.0801103935 3.04383302
v -0.727759361 -0.0752163678 3.04383302
v -0.726767778 0.0801103935 3.02330446
v -0.726767898 -0.0752163678 3.02330446
v -0.721448183 0.0801103935 2.99525642
v -0.721448302 -0.0752163678 2.99525642
v -0.7216748 0.0801103935 2.99640203
v -0.721674919 -0.0752163678 2.99640203
v -0.721679568 0.0801103935 3.00152516
v -0.721679688 -0.0752163678 3.00152516
v -0.720364094 0.0801103935 3.0075841
v -0.720364213 -0.0752163678 3.0075841
v -0.717438102 0.0801103935 3.0137589
v -0.717438221 -0.0752163678 3.0137589
v -0.713071465 0.0801103935 3.0191946
v -0.713071585 -0.0752163678 3.0191946
v -0.707806468 -0.0752163753 3.02330709
v -0.707806349 0.0801103935 3.02330709
v -0.702299118 0.0801103935 3.02591181
v -0.702299237 -0.0752163753 3.02591181
v -0.697100163 0.0801103935 3.02714729
v -0.697100282 -0.0752163753 3.02714729
v -0.692571521 0.0801103935 3.02732086
v -0.69257164 -0.0752163753 3.02732086
v -0.688914657 0.0801103935 3.02679491
v -0.688914776 -0.0752163753 3.02679491
v -0.686213613 0.0801103935 3.02592325
v -0.686213732 -0.0752163753 3.02592325
v -0.686461568 -0.0752163753 3.02604938
v -0.686461449 0.0801103935 3.02604938
v -0.696803808 0.0801103935 3.03189874
v -0.696803927 -0.0752163753 3.03189874
v -0.709316015 -0.0752163753 3.03812885
v -0.709315896 0.0801103935 3.03812885
v -0.735135794 0.0801103935 3.04854608
v -0.735135913 -0.0752163678 3.04854608
v -0.74838686 0.0801103935 3.05271792
v -0.748386979 -0.0752163678 3.05271792
v -0.761827946 -0.0752163678 3.05619168
v -0.761827826 0.0801103935 3.05619168
v -0.775430441 0.0801103935 3.05896091
v -0.77543056 -0.0752163678 3.05896091
v -0.803013444 0.0801104084 3.06235862
v -0.803013563 -0.0752163604 3.06235862
v -0.931347847 0.0801104307 3.06044054
v -0.931347966 -0.075216338 3.06044054
v -0.958186626 -0.075216338 3.05594873
v -0.958186507 0.0801104307 3.05594873
v -0.964787126 0.0801104307 3.05426574
v -0.964787245 -0.075216338 3.05426574
v -0.977804542 0.0801104307 3.05024195
v -0.977804661 -0.0752163231 3.05024195
v -0.98421514 0.0801104456 3.04790211
v -0.98421526 -0.0752163231 3.04790211
v -0.990549684 0.0801104456 3.04534626
v -0.990549803 -0.0752163231 3.04534626
v -0.996795893 -0.0752163231 3.04257965
v -0.996795774 0.0801104456 3.04257965
v -1.01489556 0.0801104456 3.03305984
v -1.01489568 -0.0752163157 3.03305984
v -1.03732824 -0.0752163157 3.01766586
v -1.03732812 0.0801104456 3.01766586
v -1.04260242 -0.0752163157 3.01335645
v -1.0426023 0.0801104456 3.01335645
v -1.04773355 -0.0752163157 3.00887108
v -1.04773343 0.0801104456 3.00887108
v -1.05271983 -0.0752163157 3.0042057
v -1.05271971 0.0801104456 3.0042057
v -1.05715322 -0.0752163157 2.99977016
v -1.05715311 0.0801104456 2.99977016
v -1.06246698 -0.0752163157 2.99436808
v -1.06246686 0.0801104456 2.99436808
v -1.06753218 -0.0752163082 2.98937869
v -1.06753206 0.0801104456 2.98937869
v -1.07273376 -0.0752163082 2.98438931
v -1.07273364 0.0801104605 2.98438931
v -1.07806063 0.0801104605 2.97939467
v -1.07806075 -0.0752163082 2.97939467
v -1.08350122 0.0801104605 2.97438598
v -1.08350134 -0.0752163082 2.97438598
v -1.08904541 0.0801104605 2.96935534
v -1.08904552 -0.0752163082 2.96935534
v -1.0946871 0.0801104605 2.96429014
v -1.09468722 -0.0752163082 2.96429014
v -1.10041285 0.0801104605 2.95917726
v -1.10041296 -0.0752163008 2.95917726
v -1.10620832 0.0801104605 2.95401287
v -1.10620844 -0.0752163008 2.95401287
v -1.11206615 0.0801104605 2.94878173
v -1.11206627 -0.0752163008 2.94878173
v -1.11797607 0.0801104605 2.94346976
v -1.11797619 -0.0752163008 2.94346976
v -1.12449741 0.0801104605 2.93754554
v -1.12449753 -0.0752163008 2.93754554
v -1.1416297 0.0801104605 2.9205873
v -1.14162982 -0.0752163008 2.9205873
v -1.15734756 -0.0752162933 2.90198827
v -1.15734744 0.0801104829 2.90198827
v -1.17093694 0.0801104829 2.88234043
v -1.17093706 -0.0752162933 2.88234043
v -1.18226099 0.0801104829 2.86167812
v -1.18226111 -0.0752162784 2.86167812
v -1.19117498 0.0801104829 2.84008646
v -1.1911751 -0.0752162784 2.84008646
v -1.19755006 0.0801104829 2.81770921
v -1.19755018 -0.0752162784 2.81770921
v -1.20129693 0.0801104829 2.79472518
v -1.20129704 -0.0752162784 2.79472518
v -1.20238197 0.0801104829 2.7713387
v -1.20238209 -0.0752162784 2.7713387
v -1.20082927 0.0801104829 2.74773622
v -1.20082939 -0.0752162784 2.74773622
v -1.1967063 0.0801104829 2.72407079
v -1.19670641 -0.0752162784 2.72407079
v -1.19010437 0.0801104829 2.70044899
v -1.19010448 -0.0752162784 2.70044899
v -1.18137372 -0.0752162784 2.67760253
v -1.1813736 0.0801104829 2.67760253
v -1.16368425 0.0801104829 2.63861537
v -1.16368437 -0.0752162784 2.63861537
v -1.10169744 0.0801104829 2.51196265
v -1.10169756 -0.0752162933 2.51196265
v -1.08249545 -0.0752163008 2.4808805
v -1.08249533 0.0801104605 2.4808805
v -1.0594753 -0.0752163008 2.45258951
v -1.05947518 0.0801104605 2.45258951
v -1.03225315 0.0801104605 2.42780423
v -1.03225327 -0.0752163008 2.42780423
v -1.00073552 0.0801104605 2.40733218
v -1.00073564 -0.0752163082 2.40733218
v -0.965129256 -0.0752163157 2.39185214
v -0.965129137 0.0801104456 2.39185214
v -0.946657658 -0.0752163157 2.38634205
v -0.946657538 0.0801104456 2.38634205
v -0.938233018 -0.0752163157 2.38419008
v -0.938232899 0.0801104456 2.38419008
v -0.93173039 -0.0752163157 2.38220763
v -0.93173027 0.0801104456 2.38220763
v -0.925339222 0.0801104456 2.37993455
v -0.925339341 -0.0752163157 2.37993455
v -0.919069171 -0.0752163157 2.37737751
v -0.919069052 0.0801104456 2.37737751
v -0.901069283 0.0801104456 2.36804152
v -0.901069403 -0.0752163231 2.36804152
v -0.889838934 -0.0752163231 2.36048341
v -0.889838815 0.0801104456 2.36048341
v -0.879314184 0.0801104456 2.35190964
v -0.879314303 -0.0752163231 2.35190964
v -0.874124408 -0.0752163231 2.34705138
v -0.874124289 0.0801104307 2.34705138
v -0.864741087 -0.075216338 2.33767796
v -0.864740968 0.0801104307 2.33767796
v -0.854521155 -0.075216338 2.32783151
v -0.854521036 0.0801104307 2.32783151
v -0.844458699 -0.075216338 2.31832719
v -0.84445858 0.0801104307 2.31832719
v -0.834632754 -0.075216338 2.30908227
v -0.834632635 0.0801104307 2.30908227
v -0.825120926 -0.075216338 2.30002522
v -0.825120807 0.0801104307 2.30002522
v -0.815993786 -0.075216338 2.29108906
v -0.815993667 0.0801104307 2.29108906
v -0.807313681 -0.075216338 2.28220797
v -0.807313561 0.0801104307 2.28220797
v -0.799138665 0.0801104307 2.2733283
v -0.799138784 -0.0752163455 2.2733283
v -0.784476042 0.0801104307 2.25533104
v -0.784476161 -0.0752163455 2.25533104
v -0.778046489 -0.0752163455 2.24608517
v -0.77804637 0.0801104307 2.24608517
v -0.771905422 -0.0752163455 2.23602509
v -0.771905303 0.0801104307 2.23602509
v -0.766308308 -0.0752163455 2.22606039
v -0.766308188 0.0801104307 2.22606039
v -0.758934259 0.0801104084 2.21468401
v -0.758934379 -0.0752163455 2.21468401
v -0.75088799 0.0801104084 2.20384121
v -0.750888109 -0.0752163529 2.20384121
v -0.742201567 -0.0752163529 2.19355392
v -0.742201447 0.0801104084 2.19355392
v -0.732903004 0.0801104084 2.18385005
v -0.732903123 -0.0752163529 2.18385005
v -0.712598205 -0.0752163529 2.1663003
v -0.712598085 0.0801104084 2.1663003
v -0.690214515 -0.0752163529 2.15140152
v -0.690214396 0.0801104084 2.15140152
v -0.665993571 0.0801104084 2.13935924
v -0.66599369 -0.0752163604 2.13935924
v -0.653840899 -0.0752163604 2.13469625
v -0.65384078 0.0801104084 2.13469625
v -0.650217891 0.0801103935 2.13345313
v -0.65021801 -0.0752163604 2.13345313
v -0.648198962 -0.0752163604 2.13267136
v -0.646226525 -0.0752163604 2.1318152
v -0.648198843 0.0801103935 2.13267136
v -0.646226406 0.0801103935 2.1318152
v -0.644289732 -0.0752163604 2.13088179
v -0.644289613 0.0801103935 2.13088179
v -0.642390847 0.0801103935 2.1298728
v -0.642390966 -0.0752163678 2.1298728
v -0.64053297 -0.0752163678 2.12878895
v -0.638718009 -0.0752163678 2.1276319
v -0.636952877 -0.0752163678 2.12640667
v -0.640532851 0.0801103935 2.12878895
v -0.63871789 0.0801103935 2.1276319
v -0.636952758 0.0801103935 2.12640667
v -0.633576155 -0.0752163678 2.12375069
v -0.633576035 0.0801103935 2.12375069
v -0.631959558 -0.0752163678 2.12231588
v -0.631959438 0.0801103935 2.12231588
v -0.630395889 -0.0752163678 2.12081432
v -0.63039577 0.0801103935 2.12081432
v -0.627471089 0.0801103935 2.11764908
v -0.627471209 -0.0752163678 2.11764908
v -0.626105547 -0.0752163678 2.11598182
v -0.624808669 -0.0752163678 2.11426425
v -0.623581886 -0.0752163678 2.112499
v -0.626105428 0.0801103935 2.11598182
v -0.62480855 0.0801103935 2.11426425
v -0.623581767 0.0801103935 2.112499
v -0.622429013 -0.0752163678 2.11069155
v -0.622428894 0.0801103935 2.11069155
v -0.620337963 -0.0752163678 2.10694003
v -0.620337844 0.0801103935 2.10694003
v -0.580351949 0.0801103935 2.01294947
v -0.580352068 -0.0752163678 2.01294947
v -0.573625445 -0.0752163678 1.99928701
v -0.573625386 0.0801103935 1.99928701
v -0.559558988 -0.0752163678 1.97227132
v -0.559558928 0.0801103935 1.97227132
v -0.552221 0.0801103935 1.95892298
v -0.55222106 -0.0752163753 1.95892298
v -0.538392067 0.0801103935 1.93501449
v -0.538392186 -0.0752163753 1.93501449
v -0.539153814 0.0801103935 1.93673074
v -0.539153874 -0.0752163753 1.93673074
v -0.539030433 -0.0752163753 1.93644154
v -0.539030313 0.0801103935 1.93644154
v -0.538918614 -0.0752163753 1.93616903
v -0.538918495 0.0801103935 1.93616903
v -0.538707674 0.0801103935 1.93561745
v -0.538610578 0.0801103935 1.93534625
v -0.538811207 -0.0752163753 1.93589389
v -0.538707733 -0.0752163753 1.93561745
v -0.538610697 -0.0752163753 1.93534625
v -0.538425207 -0.0752163753 1.93478572
v -0.538425148 0.0801103935 1.93478572
v -0.537994146 0.0801103935 1.93321979
v -0.537994266 -0.0752163753 1.93321979
v -0.538086057 0.0801103935 1.93356943
v -0.538086176 -0.0752163753 1.93356943
v -0.538303971 0.0801103935 1.93561614
v -0.53830409 -0.0752163753 1.93561614
v -0.53830266 0.0801103935 1.93545938
v -0.538302779 -0.0752163753 1.93545938
v -0.538653672 0.0801103935 1.93202674
v -0.538653731 -0.0752163753 1.93202674
v -0.539570332 0.0801103935 1.92764544
v -0.539570391 -0.0752163753 1.92764544
v -0.540289283 0.0801103935 1.92541742
v -0.540289402 -0.0752163753 1.92541742
v -0.539821625 0.0801103935 1.9263804
v -0.539821744 -0.0752163753 1.9263804
v -0.537551284 0.0801103935 1.92983222
v -0.537551343 -0.0752163753 1.92983222
v -0.533983111 0.0801103935 1.93338561
v -0.533983171 -0.0752163753 1.93338561
v -0.538317561 -0.0752163753 1.93017161
v -0.538317502 0.0801103935 1.93017161
v -0.587918401 0.0801103935 1.89440989
v -0.58791852 -0.0752163678 1.89440989
v -0.602554679 0.0801103935 1.88354015
v -0.602554798 -0.0752163678 1.88354015
v -0.617363453 -0.0752163604 1.87206483
v -0.617363334 0.0801104084 1.87206483
v -0.642746568 0.0801104084 1.8512367
v -0.642746687 -0.0752163529 1.8512367
v -0.691086054 0.0801104084 1.80674052
v -0.691086173 -0.0752163529 1.80674052
v -0.735010743 0.0801104307 1.75818193
v -0.735010862 -0.075216338 1.75818193
v -0.773560524 0.0801104307 1.70484734
v -0.773560643 -0.075216338 1.70484734
v -0.805695295 0.0801104456 1.64615548
v -0.805695415 -0.0752163231 1.64615548
v -0.830374718 0.0801104456 1.5817132
v -0.830374837 -0.0752163157 1.5817132
v -0.83957684 0.0801104456 1.54742992
v -0.83957696 -0.0752163157 1.54742992
v -0.846524239 0.0801104456 1.50774586
v -0.846524358 -0.0752163157 1.50774586
v -0.848410964 -0.0752163082 1.46877909
v -0.848410845 0.0801104456 1.46877909
v -0.844802499 0.0801104605 1.43050277
v -0.844802618 -0.0752163082 1.43050277
v -0.835356474 0.0801104456 1.39328706
v -0.835356593 -0.0752163082 1.39328706
v -0.828407168 0.0801104456 1.37522817
v -0.828407288 -0.0752163157 1.37522817
v -0.810130715 -0.0752163157 1.34046793
v -0.810130596 0.0801104456 1.34046793
v -0.79933095 -0.0752163157 1.32451355
v -0.799330831 0.0801104456 1.32451355
v -0.784723282 -0.0752163157 1.30433214
v -0.784723163 0.0801104456 1.30433214
v -0.77048552 -0.0752163157 1.28458393
v -0.770485401 0.0801104456 1.28458393
v -0.755998373 -0.0752163157 1.2646724
v -0.755998254 0.0801104456 1.2646724
v -0.741145968 0.0801104456 1.24470186
v -0.741146088 -0.0752163231 1.24470186
v -0.725807667 0.0801104456 1.2247839
v -0.725807786 -0.0752163231 1.2247839
v -0.709859252 -0.0752163231 1.20502925
v -0.709859133 0.0801104307 1.20502925
v -0.63740468 -0.075216338 1.13009775
v -0.637404561 0.0801104307 1.13009775
v -0.597768664 0.0801104084 1.09954536
v -0.597768784 -0.0752163455 1.09954536
v -0.599410057 0.0801104084 1.10110474
v -0.599410176 -0.0752163455 1.10110474
v -0.599114895 -0.0752163455 1.10081673
v -0.598808885 -0.0752163455 1.10051084
v -0.598510981 -0.0752163455 1.10020614
v -0.59792757 -0.0752163455 1.09958386
v -0.59821713 -0.0752163455 1.09989631
v -0.599114776 0.0801104084 1.10081673
v -0.597350359 -0.0752163455 1.09893847
v -0.598808765 0.0801104084 1.10051084
v -0.598510861 0.0801104084 1.10020614
v -0.59821701 0.0801104084 1.09989631
v -0.597927451 0.0801104084 1.09958386
v -0.597641468 0.0801104084 1.0992676
v -0.59735024 0.0801104084 1.09893847
v -0.597079277 0.0801104084 1.0986222
v -0.596815467 0.0801104084 1.09830725
v -0.596543908 0.0801104084 1.09797561
v -0.597079396 -0.0752163455 1.0986222
v -0.596815586 -0.0752163455 1.09830725
v -0.596544027 -0.0752163455 1.09797561
v -0.597376585 0.0801104084 1.09902203
v -0.597376704 -0.0752163455 1.09902203
v -0.598176241 0.0801104084 1.10027039
v -0.59817636 -0.0752163455 1.10027039
v -0.598422408 0.0801104084 1.1007756
v -0.598422527 -0.0752163455 1.1007756
v -0.598527551 0.0801104084 1.10104048
v -0.59852767 -0.0752163455 1.10104048
v -0.598618269 -0.0752163455 1.10130787
v -0.59861815 0.0801104084 1.10130787
v -0.598695278 0.0801104084 1.10157919
v -0.598695397 -0.0752163455 1.10157919
v -0.598809838 -0.0752163455 1.10213709
v -0.598809719 0.0801104084 1.10213709
v -0.59886694 0.0801104084 1.10270023
v -0.598867059 -0.0752163455 1.10270023
v -0.59886694 0.0801104084 1.10327101
v -0.598867059 -0.0752163455 1.10327101
v -0.598809719 0.0801104084 1.10383403
v -0.598809838 -0.0752163455 1.10383403
v -0.598759413 -0.0752163455 1.10411561
v -0.598759294 0.0801104084 1.10411561
v -0.598695278 0.0801104084 1.10439205
v -0.59861815 0.0801104084 1.10466325
v -0.598695397 -0.0752163455 1.10439205
v -0.598618269 -0.0752163455 1.10466325
v -0.598527551 0.0801104084 1.10493076
v -0.59852767 -0.0752163455 1.10493076
v -0.598422527 -0.0752163455 1.10519552
v -0.598422408 0.0801104084 1.10519552
v -0.598176241 0.0801104084 1.10570073
v -0.59817636 -0.0752163455 1.10570073
v -0.596679211 0.0801104084 1.10801482
v -0.59667933 -0.0752163455 1.10801482
v -0.625150204 0.0801104307 1.07653034
v -0.625150323 -0.0752163455 1.07653034
v -0.64544189 0.0801104307 1.05535257
v -0.645442009 -0.075216338 1.05535257
v -0.655433893 0.0801104307 1.04558587
v -0.655434012 -0.075216338 1.04558587
v -0.658624291 -0.075216338 1.04268932
v -0.658624172 0.0801104307 1.04268932
v -0.705507278 0.0801104456 1.00605214
v -0.705507398 -0.0752163231 1.00605214
v -0.726091504 0.0801104456 0.984243155
v -0.726091623 -0.0752163157 0.984243155
v -0.750905037 0.0801104456 0.949653864
v -0.750905156 -0.0752163157 0.949653864
v -0.760869145 -0.0752163157 0.93116951
v -0.760869026 0.0801104456 0.93116951
v -0.769053936 0.0801104456 0.911931634
v -0.769054055 -0.0752163082 0.911931634
v -0.77535212 0.0801104605 0.892007351
v -0.77535224 -0.0752163082 0.892007351
v -0.779672027 0.0801104605 0.871494055
v -0.779672146 -0.0752163082 0.871494055
v -0.781952977 0.0801104605 0.850509167
v -0.781953096 -0.0752163082 0.850509167
v -0.782168984 0.0801104605 0.829174519
v -0.782169104 -0.0752163082 0.829174519
v -0.780326366 0.0801104605 0.807599545
v -0.780326486 -0.0752163082 0.807599545
v -0.776457429 0.0801104605 0.785870314
v -0.776457548 -0.0752163082 0.785870314
v -0.771016479 -0.0752163082 0.765573025
v -0.771016359 0.0801104605 0.765573025
v -0.769813776 -0.0752163082 0.761214972
v -0.769813657 0.0801104605 0.761214972
v -0.768431783 -0.0752163082 0.756592989
v -0.768431664 0.0801104605 0.756592989
v -0.766952276 0.0801104605 0.752004862
v -0.766952395 -0.0752163082 0.752004862
v -0.765376091 0.0801104605 0.747451067
v -0.76537621 -0.0752163082 0.747451067
v -0.761935234 -0.0752163082 0.738450766
v -0.761935115 0.0801104605 0.738450766
v -0.741978645 0.0801104605 0.697962999
v -0.741978765 -0.0752163082 0.697962999
v -0.740592599 -0.0752163082 0.694459677
v -0.74059248 0.0801104605 0.694459677
v -0.739334226 0.0801104605 0.690910101
v -0.739334345 -0.0752163082 0.690910101
v -0.73720777 0.0801104605 0.683687687
v -0.73720789 -0.0752163082 0.683687687
v -0.735009432 0.0801104605 0.672590256
v -0.735009551 -0.0752163082 0.672590256
v -0.734545708 -0.0752163082 0.668833733
v -0.734545588 0.0801104605 0.668833733
v -0.734218955 -0.0752163082 0.665063143
v -0.734218836 0.0801104605 0.665063143
v -0.734029889 -0.0752163082 0.661291122
v -0.73402977 0.0801104605 0.661291122
v -0.733978152 -0.0752163082 0.657520533
v -0.733978033 0.0801104605 0.657520533
v -0.734063506 0.0801104605 0.653751135
v -0.734063625 -0.0752163082 0.653751135
v -0.734284997 0.0801104605 0.649990797
v -0.734285116 -0.0752163082 0.649990797
v -0.734642506 -0.0752163082 0.646243095
v -0.734642386 0.0801104605 0.646243095
v -0.735135794 0.0801104605 0.642509699
v -0.735135913 -0.0752163082 0.642509699
v -0.735764027 0.0801104605 0.638795614
v -0.735764146 -0.0752163082 0.638795614
v -0.736527205 -0.0752163082 0.635104656
v -0.736527085 0.0801104605 0.635104656
v -0.73742485 -0.0752163082 0.631439447
v -0.737424731 0.0801104605 0.631439447
v -0.738455772 0.0801104605 0.627803564
v -0.738455892 -0.0752163082 0.627803564
v -0.740257382 -0.0752163082 0.622236967
v -0.740257263 0.0801104605 0.622236967
v -0.747103214 -0.0752163082 0.595968246
v -0.747103095 0.0801104605 0.595968246
v -0.756255984 0.0801104605 0.543678761
v -0.756256104 -0.0752163008 0.543678761
v -0.760626078 0.0801104605 0.492192745
v -0.760626197 -0.0752163008 0.492192745
v -0.761511207 0.0801104605 0.466805935
v -0.761511326 -0.0752163008 0.466805935
v -0.761782765 0.0801104605 0.441674948
v -0.761782885 -0.0752163008 0.441674948
v -0.760141373 0.0801104605 0.320785522
v -0.760141492 -0.0752163008 0.320785522
v -0.760205984 0.0801104605 0.31926465
v -0.760206103 -0.0752163008 0.31926465
v -0.760195255 -0.0752163008 0.315668821
v -0.760195136 0.0801104605 0.315668821
v -0.760022283 -0.0752163008 0.312083244
v -0.760022163 0.0801104605 0.312083244
v -0.759193301 0.0801104605 0.304967403
v -0.75919342 -0.0752163008 0.304967403
v -0.758540154 0.0801104605 0.301452637
v -0.758540273 -0.0752163008 0.301452637
v -0.757729292 0.0801104605 0.297967196
v -0.757729411 -0.0752163008 0.297967196
v -0.756759763 -0.0752163008 0.294514179
v -0.756759644 0.0801104605 0.294514179
v -0.754356146 0.0801104605 0.287754297
v -0.754356265 -0.0752163008 0.287754297
v -0.75133574 -0.0752163008 0.281208038
v -0.751335621 0.0801104605 0.281208038
v -0.747745872 0.0801104605 0.274983168
v -0.747745991 -0.0752163008 0.274983168
v -0.741365314 -0.0752163008 0.266341448
v -0.741365194 0.0801104605 0.266341448
v -0.736492753 0.0801104605 0.261097431
v -0.736492872 -0.0752163008 0.261097431
v -0.731157422 0.0801104605 0.256305933
v -0.731157541 -0.0752163008 0.256305933
v -0.72540307 0.0801104605 0.252009392
v -0.72540319 -0.0752163008 0.252009392
v -0.719272733 -0.0752163008 0.248242617
v -0.719272614 0.0801104605 0.248242617
v -0.712816 0.0801104605 0.245045185
v -0.712816119 -0.0752163008 0.245045185
v -0.709508777 0.0801104605 0.243678808
v -0.709508896 -0.0752163008 0.243678808
v -0.706147075 -0.0752163008 0.242462397
v -0.706146955 0.0801104605 0.242462397
v -0.702736855 0.0801104605 0.241399288
v -0.702736974 -0.0752163082 0.241399288
v -0.699268699 -0.0752163082 0.240487814
v -0.699268579 0.0801104605 0.240487814
v -0.695761442 0.0801104605 0.239734411
v -0.695761561 -0.0752163082 0.239734411
v -0.692220688 -0.0752163082 0.239139318
v -0.692220569 0.0801104605 0.239139318
v -0.685079098 0.0801104605 0.238433361
v -0.685079217 -0.0752163082 0.238433361
v 0.0623351038 0.0801102519 2.9048605
v 0.0515022576 0.0801102519 2.92239857
v 0.110659748 0.0881100073 2.82399821
v 0.0734379143 0.0801102519 2.88763452
v 0.0945887119 0.0801102519 2.85674667
v 0.104094476 0.0801102519 2.84109044
v 0.112588808 0.0801102519 2.82493806
v 0.118073523 0.0881100073 2.80752206
v 0.12005657 0.0801102519 2.80834222
v 0.126483962 0.0801102519 2.79135156
v 0.10506095 0.0953267217 2.82127023
v -0.0992482454 0.0881100297 3.18043017
v 0.129789576 0.0881100073 2.77344561
v 0.131857798 0.0801102519 2.77401781
v 0.136164576 0.0801102519 2.75638819
v 0.12378709 0.0953267217 2.77178335
v 0.137267947 0.0881100073 2.73819566
v 0.139390483 0.0801102519 2.73851204
v 0.14152202 0.0801102519 2.72043896
v 0.131107658 0.0953267217 2.73727775
v 0.140399039 0.0881100073 2.70216537
v 0.142544389 0.0801102519 2.70221925
v 0.14244476 0.0801102519 2.68390465
v 0.139308527 0.0881100073 2.65338445
v 0.141122505 0.0801102519 2.6625905
v 0.141172007 0.0801102519 2.65826321
v 0.141447768 0.0801102519 2.65355015
v 0.134172857 0.0953267217 2.70200706
v 0.146896809 0.0881100073 2.6051445
v 0.149019033 0.0801102519 2.60545826
v 0.14073813 0.0953267217 2.60423446
v 0.133100986 0.0953267217 2.65289974
v 0.131145254 0.101053916 2.60281897
v 0.123432592 0.101053916 2.65214515
v 0.121513173 0.101053916 2.73584819
v 0.11905767 0.104731008 2.60103321
v 0.119073093 0.104731008 2.6009202
v 0.11848332 0.101053916 2.75263691
v 0.106525898 0.104731008 2.75010037
v 0.111249223 0.104731008 2.65119505
v 0.114438161 0.101053916 2.76919556
v 0.0853526145 0.104731008 2.8116641
v 0.0963406861 0.101053916 2.81701994
v -0.104455262 0.0953267366 3.17701674
v -0.11256519 0.101053946 3.17170215
v -0.163562611 0.104731046 3.22059894
v -0.154141694 0.101053946 3.22838068
v 0.0977442414 0.105998062 2.65014076
v 0.0987097323 0.105998062 2.70110989
v 0.106459051 0.105998062 2.59315753
v 0.0960212052 0.105998062 2.7320478
v 0.0895992815 0.105998062 2.76231742
v 0.0795381367 0.105998062 2.79158044
v 0.0731721371 0.105998062 2.80572867
v -0.134112909 0.105998091 3.15757847
v -0.174005926 0.105998091 3.21197104
v -0.203625321 0.105998091 3.24533272
v 0.182884485 0.105998039 2.53784704
v 0.216506004 0.104730994 2.52379537
v 0.206245899 0.105998039 2.51493621
v -0.268766999 0.105998114 3.3062408
v 0.225843042 0.105998039 2.48807979
v -0.333984494 0.104731061 3.37266684
v -0.327908099 0.105998114 3.35249186
v -0.347744644 0.105998129 3.36498141
v -0.36166358 0.105998129 3.37202907
v -0.379178703 0.104731083 3.39347172
v -0.383434683 0.105998129 3.3806119
v -0.413801044 0.105998129 3.38820076
v 0.199613094 0.101053894 2.55745363
v 0.13045232 0.101053916 2.60792279
v 0.139482737 0.0953267217 2.61348057
v 0.205909669 0.0953267068 2.56483316
v 0.145280808 0.0881100073 2.61704922
v -0.184942573 0.101053946 3.26307392
v -0.411506861 0.104731083 3.40155053
v -0.429305762 0.105998129 3.39027047
v 0.225761682 0.101053894 2.53178787
v 0.209951937 0.0881099924 2.56957197
v 0.147278637 0.0801102519 2.61827826
v 0.211344898 0.080110237 2.57120466
v 0.233107001 0.0953267068 2.538131
v 0.23782292 0.0881099924 2.54220271
v 0.239447922 0.080110237 2.54360652
v 0.262891918 0.080110237 2.51152921
v 0.261079222 0.0881099924 2.51038122
v 0.301549464 0.0801102147 2.44022179
v 0.300110877 0.0881099775 2.43831277
v 0.255816579 0.0953267068 2.50705147
v 0.295935869 0.0953266844 2.43277049
v 0.247620195 0.101053894 2.50186276
v 0.289433271 0.101053894 2.42413759
v 0.28123948 0.104730994 2.41326141
v 0.272156686 0.105998039 2.40120363
v 0.281308264 0.104730994 2.41324735
v 0.36703828 0.105998024 2.38245702
v 0.376389772 0.104730971 2.39373183
v 0.382136434 0.105998024 2.3771615
v 0.396578282 0.105998024 2.37027597
v 0.283608168 0.101053894 2.42524719
v 0.427306205 0.104730956 2.36599231
v 0.410235256 0.105998009 2.36185646
v 0.422906846 0.105998009 2.35201764
v 0.434414953 0.105998009 2.34090614
v 0.455516249 0.104730956 2.33672929
v 0.447784632 0.105998009 2.32428598
v 0.489086658 0.105998009 2.25135088
v 0.520380259 0.104730941 2.2348218
v 0.499397188 0.105998009 2.23746371
v 0.511094928 0.105998009 2.22495222
v 0.524408698 0.105997987 2.21404767
v 0.531743765 0.105997987 2.20927167
v 0.568680406 0.105997987 2.19058418
v 0.602625012 0.104730941 2.18268013
v 0.581620693 0.105997987 2.18205667
v 0.593755603 0.105997987 2.17244029
v 0.658496141 0.104730919 2.12281084
v 0.649404287 0.105997972 2.11276889
v 0.674415112 0.105997972 2.09276366
v 0.70171237 0.105997972 2.07593632
v 0.733309388 0.105997972 2.06055784
v 0.785839915 0.104730904 2.03580499
v 0.744972467 0.10599795 2.05351543
v 0.766233802 0.10599795 2.03659296
v 0.775713205 0.10599795 2.02680683
v 0.946752191 0.105997935 1.79712558
v 0.958422899 0.104730889 1.8040241
v 0.954315424 0.105997935 1.7829144
v 0.978026509 0.104730889 1.7572962
v 0.960353255 0.105997935 1.76849127
v 0.964904904 0.105997935 1.75388157
v 0.968008995 0.105997935 1.7391113
v 0.969704747 0.105997935 1.72420597
v 0.982501626 0.104730889 1.69262636
v 0.970030665 0.105997935 1.70919132
v 0.96902597 0.105997935 1.69409323
v 0.963179588 0.105997935 1.6637516
v 0.964895964 0.104730889 1.62795258
v 0.95247829 0.105997935 1.63338554
v 0.94511044 0.105997935 1.61820519
v 0.947944522 0.104730889 1.59680104
v 0.936725736 0.105997935 1.60441959
v 0.927356839 0.105997935 1.59200835
v 0.926444769 0.104730889 1.57118154
v 0.917036653 0.105997935 1.58095086
v 0.905798554 0.10599795 1.57122779
v 0.886612177 0.104730904 1.54349852
v 0.893675327 0.10599795 1.56281865
v 0.880699635 0.10599795 1.55570281
v 0.866904497 0.10599795 1.54985976
v 0.855812311 0.104730904 1.53216851
v 0.852323174 0.10599795 1.54526889
v 0.820933819 0.10599795 1.53976512
v 0.788108349 0.104730919 1.52481997
v 0.788625836 0.105997972 1.53835618
v 0.769355297 0.105997972 1.54071784
v 0.758048296 0.105997972 1.54367721
v 0.739611506 0.105997972 1.55043054
v 0.701876998 0.105997987 1.5594002
v 0.586293936 0.105998009 1.57299936
v 0.525068879 0.104730956 1.57557571
v 0.54864049 0.105998009 1.58160388
v 0.530260086 0.105998009 1.5881052
v 0.49660936 0.105998024 1.60676706
v 0.376675159 0.104730994 1.67399144
v 0.395608306 0.105998039 1.67866588
v 0.382739365 0.105998039 1.68610823
v 0.371222913 0.105998039 1.69097042
v 0.359619677 0.104730994 1.67989242
v 0.366058648 0.105998039 1.69246435
v 0.361336619 0.105998039 1.69335008
v 0.357091546 0.105998039 1.69364071
v 0.355733275 0.104730994 1.68008912
v 0.353357494 0.105998039 1.69334757
v 0.350169837 0.105998039 1.69248235
v 0.347563267 0.105998039 1.69105792
v 0.345571846 0.105998039 1.68908703
v 0.344230324 0.105998039 1.68657887
v 0.342944711 0.105998039 1.6824764
v 0.342163712 0.105998039 1.67850006
v 0.355598956 0.104730994 1.67663205
v 0.341844887 0.105998039 1.67463815
v 0.356550932 0.104730994 1.68089771
v 0.356773347 0.104730994 1.68131423
v 0.355681211 0.104730994 1.67994511
v 0.355260819 0.104730994 1.67983067
v 0.357778013 0.101053894 1.66785395
v 0.358071148 0.101053894 1.66775239
v 0.357220709 0.101053894 1.6678102
v 0.356842101 0.0953267068 1.65811682
v 0.363059282 0.101053894 1.6665144
v 0.371204257 0.101053894 1.66305995
v 0.359986693 0.0953267068 1.65730941
v 0.36795038 0.101053894 1.67612302
v 0.368088573 0.101053894 1.67656398
v 0.377068549 0.0953267068 1.67279458
v 0.356402427 0.0881099924 1.6518662
v 0.356052727 0.0881099924 1.65193176
v 0.35578084 0.080110237 1.64980018
v 0.355905533 0.080110237 1.64977705
v 0.358013928 0.0881099924 1.65139949
v 0.357334495 0.080110237 1.64936304
v 0.366862744 0.0953267068 1.65438461
v 0.364074916 0.0881099924 1.64881539
v 0.373024672 0.0881099924 1.64362025
v 0.363114566 0.080110237 1.646896
v 0.371862471 0.080110237 1.64181662
v 0.378114372 0.080110237 1.63759851
v 0.46350053 0.0801102147 1.57623529
v 0.473911375 0.0881099775 1.57180381
v 0.468095273 0.0801102147 1.5730803
v 0.472743362 0.0801102147 1.57000518
v 0.477443546 0.0801102147 1.567011
v 0.482195169 0.0801102147 1.56409907
v 0.491848141 0.0801102147 1.55852473
v 0.514283895 0.0881099775 1.54954219
v 0.496748239 0.0801102147 1.55586219
v 0.506679535 0.0801102147 1.55079699
v 0.513461709 0.0801102147 1.54755855
v 0.535725236 0.0801101997 1.53968287
v 0.477301508 0.0953266844 1.57702589
v 0.53635776 0.0881099552 1.5417347
v 0.579012275 0.0801101997 1.52976704
v 0.516669989 0.0953266844 1.55530167
v 0.520385981 0.101053864 1.56427264
v 0.579368949 0.0881099552 1.53188312
v 0.694306016 0.0801101848 1.51621675
v 0.538191676 0.0953266695 1.54768968
v 0.541048884 0.101053864 1.55696404
v 0.69467628 0.0881099403 1.51833022
v 0.72626102 0.0801101625 1.50864446
v 0.580403209 0.0953266695 1.53802311
v 0.697426915 0.101053841 1.53401721
v 0.695751667 0.0953266472 1.52446389
v 0.726914763 0.0881099254 1.51068985
v 0.762113452 0.0953266323 1.50600255
v 0.764093876 0.101053827 1.51549554
v 0.744914532 0.0881099254 1.50409734
v 0.744238973 0.0801101625 1.50205958
v 0.760404229 0.0801101625 1.49780679
v 0.760841966 0.0881099254 1.49990749
v 0.765667439 0.0801101625 1.4968015
v 0.770955205 0.0801101625 1.49597228
v 0.781758785 0.0881099254 1.49698794
v 0.776269197 0.0801101625 1.49532175
v 0.781605124 0.0801101625 1.49484742
v 0.787641644 0.101053827 1.51260924
v 0.787033558 0.0881099254 1.49669731
v 0.792311668 0.0801101625 1.49443853
v 0.79232192 0.0881099254 1.49658418
v 0.797680378 0.0801101625 1.49450409
v 0.803045869 0.0801101625 1.49475098
v 0.807181001 0.0801101625 1.49508011
v 0.7872715 0.0953266323 1.50291967
v 0.824298143 0.0953266174 1.50444186
v 0.823378325 0.101053804 1.51410186
v 0.824888945 0.088109903 1.49824011
v 0.825092673 0.0801101476 1.49610341
v 0.844592094 0.0801101476 1.49870932
v 0.858960032 0.101053804 1.52034998
v 0.844219923 0.088109903 1.50082409
v 0.861457944 0.0953266174 1.51097143
v 0.863061786 0.088109903 1.50494969
v 0.863614559 0.0801101476 1.50287473
v 0.881325126 0.088109903 1.51070023
v 0.882066965 0.0801101476 1.5086844
v 0.891945481 0.101053804 1.53248858
v 0.898896098 0.088109903 1.51814258
v 0.89983201 0.0801101476 1.51620901
v 0.896178365 0.0953266174 1.52375162
v 0.92161274 0.101053789 1.55084455
v 0.912355781 0.0953266174 1.53262365
v 0.915635347 0.088109903 1.52732182
v 0.916765332 0.0801101476 1.52549493
v 0.927564502 0.095326595 1.54317331
v 0.93138659 0.0881098881 1.53824818
v 0.932703018 0.0801101252 1.53654981
v 0.947481751 0.0801101252 1.54933655
v 0.941666961 0.095326595 1.55537367
v 0.945991755 0.0881098881 1.55088437
v 0.960958719 0.0801101252 1.56377637
v 0.959314466 0.0881098881 1.56515849
v 0.973029971 0.0801101252 1.57976675
v 0.934931636 0.101053789 1.56236863
v 0.971252561 0.0881098881 1.58097398
v 0.983634233 0.0801101252 1.59720218
v 0.954541683 0.095326595 1.56916821
v 0.958064795 0.101053789 1.58992946
v 0.981748343 0.0881098881 1.59822941
v 0.99266243 0.0801101252 1.6158036
v 0.966096044 0.095326595 1.58447599
v 0.976098061 0.101053789 1.62305188
v 0.984987974 0.095326595 1.61916161
v 0.990695477 0.0881098881 1.61666501
v 1.00548697 0.0801101103 1.6521914
v 0.988047123 0.101053789 1.65695715
v 1.00341654 0.0881098658 1.65275705
v 0.99740696 0.095326595 1.65440011
v 0.994658947 0.101053774 1.69130337
v 1.01050091 0.0881098658 1.68957818
v 1.01263499 0.0801101103 1.68934679
v 1.01389039 0.0801101103 1.70821047
v 1.0043062 0.0953265801 1.69025314
v 0.995434165 0.101053774 1.72594535
v 1.01133657 0.0881098658 1.72702014
v 1.01347899 0.0801101103 1.72716546
v 1.00511873 0.0953265801 1.72659969
v 1.00920367 0.0881098658 1.74576819
v 1.01132369 0.0801101103 1.74611008
v 1.00736785 0.0801101103 1.76493132
v 0.989864349 0.101053774 1.76037645
v 1.00528967 0.0881098658 1.76439142
v 1.00158131 0.0801101103 1.78350449
v 0.99925828 0.0953265801 1.76282167
v 0.999563575 0.0881098658 1.7827704
v 0.993959665 0.0801101103 1.80171251
v 0.984586239 0.101053774 1.77731562
v 0.993707657 0.0953265801 1.78063762
v 0.992018938 0.0881098658 1.8007921
v 0.984519362 0.0801101103 1.81945014
v 0.98267138 0.0881098658 1.81835735
v 0.973769188 0.0801101103 1.83590841
v 0.960636735 0.0801101252 1.85413063
v 0.935155392 0.0801101252 1.88888824
v 0.90946126 0.0801101252 1.9233284
v 0.806880832 0.088109903 2.05449891
v 0.819150567 0.0801101476 2.04283834
v 0.814139366 0.0801101476 2.04927683
v 0.808484554 0.0801101476 2.05592465
v 0.794903398 0.088109903 2.06686378
v 0.796378732 0.0801101476 2.06842208
v 0.78994298 0.0801101476 2.07425857
v 0.783267379 0.0801101476 2.0798111
v 0.977306485 0.0953265801 1.81518567
v 0.768040657 0.088109903 2.08824468
v 0.776358604 0.0801101476 2.08507061
v 0.769227982 0.0801101476 2.09003186
v 0.761881351 0.0801101476 2.09468699
v 0.754332304 0.0801101476 2.09902716
v 0.746588469 0.0801101476 2.10304475
v 0.739415407 0.0801101476 2.1063807
v 0.705871344 0.0881099254 2.12182736
v 0.76459527 0.0953266174 2.0830574
v 0.968951344 0.101053789 1.81024766
v 0.790621758 0.0953266174 2.0623436
v 0.80222559 0.0953266174 2.05036306
v 0.7949754 0.101053804 2.04392219
v 0.783952713 0.101053804 2.05530119
v 0.759229183 0.101053804 2.07497978
v 0.702496648 0.0953266323 2.11659503
v 0.697240472 0.101053827 2.10844421
v 0.694835663 0.0953266323 2.12175918
v 0.666697621 0.101053827 2.13187051
v 0.673206687 0.0953266323 2.13905954
v 0.69842124 0.0881099254 2.12685013
v 0.610625982 0.101053841 2.19191742
v 0.596727252 0.101053841 2.20293236
v 0.616975546 0.0953266472 2.19924784
v 0.539263248 0.101053841 2.23511624
v 0.70703423 0.0801101625 2.12362981
v 0.714616656 0.0801101625 2.11895537
v 0.722392082 0.0801101625 2.11458945
v 0.730354428 0.0801101625 2.11053586
v 0.685542107 0.0801101625 2.13942981
v 0.677385569 0.0881099254 2.14367628
v 0.678825378 0.0801101625 2.14526653
v 0.672346592 0.0801101625 2.15137696
v 0.660138488 0.0801101625 2.16439128
v 0.628146768 0.0881099254 2.19753289
v 0.643087506 0.0801101625 2.18519092
v 0.629621387 0.0801101625 2.19909239
v 0.621052861 0.0881099403 2.20395446
v 0.607321262 0.0801101848 2.2175715
v 0.606063366 0.0881099403 2.21583343
v 0.591180444 0.0801101848 2.22820878
v 0.60241282 0.0953266472 2.21078873
v 0.590078712 0.0881099403 2.22636652
v 0.578782082 0.0953266472 2.22562981
v 0.581740975 0.0881099403 2.23110914
v 0.553161263 0.0881099403 2.24506688
v 0.582760453 0.0801101848 2.23299623
v 0.574121833 0.0801101848 2.23741889
v 0.56605649 0.0801101848 2.24111104
v 0.559149623 0.0801101848 2.24423122
v 0.554262996 0.0801101848 2.24690914
v 0.549962044 0.0953266472 2.23972011
v 0.548443079 0.0881099403 2.24813819
v 0.549680471 0.0801101848 2.24989295
v 0.544853687 0.0953266472 2.24304724
v 0.539672732 0.0881099403 2.25532722
v 0.541143417 0.0801101848 2.25689054
v 0.528757215 0.101053841 2.24372602
v 0.535405159 0.0953266472 2.25079155
v 0.531487823 0.0881099403 2.26409125
v 0.533139229 0.0801101848 2.26546168
v 0.526695132 0.0953266472 2.26011491
v 0.510493875 0.101053864 2.26569438
v 0.523724794 0.0881099403 2.27455854
v 0.525507212 0.0801101848 2.27575302
v 0.521814942 0.0801101848 2.28154588
v 0.518201828 0.0801101848 2.28775549
v 0.514554501 0.0801101848 2.29456401
v 0.513029814 0.0801101848 2.29754925
v 0.50777936 0.0801101997 2.30794334
v 0.50591588 0.0801101997 2.31159687
v 0.518551469 0.0953266472 2.27109265
v 0.482058257 0.0881099552 2.34802079
v 0.503983617 0.0801101997 2.31533027
v 0.501974821 0.0801101997 2.3191371
v 0.499876767 0.0801101997 2.32301307
v 0.497681588 0.0801101997 2.32694721
v 0.495377153 0.0801101997 2.33093238
v 0.492948622 0.0801101997 2.33496809
v 0.490768224 0.0801101997 2.33843017
v 0.487664133 0.0801101997 2.34347486
v 0.483822078 0.0801101997 2.34924221
v 0.465305537 0.101053864 2.34404302
v 0.473075062 0.0953266695 2.34984756
v 0.4780626 0.0881099552 2.35357332
v 0.475548595 0.0801101997 2.36031771
v 0.448940367 0.101053864 2.362957
v 0.473876625 0.0881099552 2.3589716
v 0.471124798 0.0801101997 2.36561823
v 0.466514617 0.0801101997 2.37075806
v 0.455800384 0.0953266695 2.36981177
v 0.46020487 0.0881099552 2.3742125
v 0.461722523 0.0801101997 2.37572956
v 0.456754953 0.0801101997 2.38052487
v 0.451617032 0.0801101997 2.38514256
v 0.444964617 0.0881099552 2.38790679
v 0.446310669 0.0801101997 2.3895781
v 0.434973568 0.101053864 2.37550712
v 0.430441767 0.0953266695 2.39099979
v 0.433989435 0.0881099552 2.3961165
v 0.416516751 0.0881099552 2.40688872
v 0.435212046 0.0801101997 2.39788055
v 0.429446071 0.0801101997 2.40172577
v 0.42355606 0.0801101997 2.40535617
v 0.417542666 0.0801101997 2.40877342
v 0.424916238 0.101053864 2.38303041
v 0.403348893 0.101053864 2.39579916
v 0.413538665 0.0953266695 2.40142107
v 0.398027778 0.0881099552 2.41570401
v 0.398845434 0.0801101997 2.41768789
v 0.407678217 0.0953266695 2.40447688
v 0.380227923 0.101053879 2.40533447
v 0.395654559 0.0953266695 2.40994716
v 0.385228932 0.0881099775 2.42045188
v 0.385902584 0.0801102147 2.4224894
v 0.383273512 0.0953266844 2.41454053
v 0.370576859 0.0953266844 2.41824055
v 0.285433084 0.0953267068 2.43476963
v 0.286604941 0.0881099924 2.44088387
v 0.372103512 0.0881099775 2.42427659
v 0.37262997 0.0801102147 2.42635655
v 0.365888268 0.0801102147 2.42793417
v 0.359450579 0.0801102147 2.42919779
v 0.352518588 0.0801102147 2.43042302
v 0.346089929 0.0801102147 2.43159294
v 0.339634269 0.0801102147 2.43279362
v 0.333154798 0.0801102147 2.43402147
v 0.287009239 0.080110237 2.44299102
v 0.300110787 -0.0832163021 2.43831277
v 0.301549375 -0.0752165467 2.44022179
v 0.28700915 -0.0752165392 2.44299102
v 0.286604851 -0.0832163021 2.44088387
v 0.29593578 -0.0904329941 2.43277049
v 0.285432994 -0.0904329941 2.43476963
v 0.289433181 -0.0961601958 2.42413759
v 0.283608079 -0.0961601958 2.42524719
v 0.281239361 -0.0998372883 2.41326141
v 0.722391963 -0.0752166063 2.11458945
v 0.730354309 -0.0752166063 2.11053586
v 0.705871224 -0.0832163766 2.12182736
v 0.714616537 -0.0752166063 2.11895537
v 0.707034111 -0.0752166063 2.12362981
v 0.698421121 -0.0832163766 2.12685013
v 0.685541987 -0.0752165988 2.13942981
v 0.677385449 -0.0832163692 2.14367628
v 0.678825259 -0.0752165988 2.14526653
v 0.672346473 -0.0752165988 2.15137696
v 0.660138369 -0.0752165988 2.16439128
v 0.628146648 -0.0832163543 2.19753289
v 0.643087387 -0.0752165988 2.18519092
v 0.629621267 -0.0752165988 2.19909239
v 0.673206568 -0.0904330611 2.13905954
v 0.621052742 -0.0832163543 2.20395446
v 0.607321143 -0.0752165914 2.2175715
v 0.616975427 -0.0904330537 2.19924784
v 0.606063247 -0.0832163543 2.21583343
v 0.591180325 -0.0752165914 2.22820878
v 0.694835544 -0.0904330686 2.12175918
v 0.590078592 -0.0832163543 2.22636652
v 0.602412701 -0.0904330537 2.21078873
v 0.581740856 -0.0832163543 2.23110914
v 0.582760334 -0.0752165839 2.23299623
v 0.574121714 -0.0752165839 2.23741889
v 0.566056371 -0.0752165839 2.24111104
v 0.553161144 -0.0832163468 2.24506688
v 0.559149504 -0.0752165839 2.24423122
v 0.554262877 -0.0752165839 2.24690914
v 0.578781962 -0.0904330388 2.22562981
v 0.596727133 -0.0961602479 2.20293236
v 0.54844296 -0.0832163468 2.24813819
v 0.549680352 -0.0752165839 2.24989295
v 0.610625863 -0.0961602479 2.19191742
v 0.602624893 -0.0998373404 2.18268013
v 0.539263129 -0.0961602405 2.23511624
v 0.666697502 -0.0961602628 2.13187051
v 0.658496022 -0.0998373479 2.12281084
v 0.697240353 -0.0961602703 2.10844421
v 0.549961925 -0.0904330388 2.23972011
v 0.544853568 -0.0904330388 2.24304724
v 0.702496529 -0.0904330686 2.11659503
v 0.520380139 -0.099837333 2.2348218
v 0.528757095 -0.0961602405 2.24372602
v 0.568680286 -0.101104371 2.19058418
v 0.531743646 -0.101104371 2.20927167
v 0.581620574 -0.101104379 2.18205667
v 0.593755484 -0.101104379 2.17244029
v 0.524408579 -0.101104371 2.21404767
v 0.511094809 -0.101104364 2.22495222
v 0.649404168 -0.101104386 2.11276889
v 0.499397069 -0.101104364 2.23746371
v 0.674414992 -0.101104386 2.09276366
v 0.701712251 -0.101104394 2.07593632
v 0.733309269 -0.101104394 2.06055784
v 0.489086539 -0.101104364 2.25135088
v 0.45551613 -0.0998373181 2.33672929
v 0.447784513 -0.101104356 2.32428598
v 0.434414834 -0.101104356 2.34090614
v 0.785839796 -0.0998373628 2.03580499
v 0.744972348 -0.101104409 2.05351543
v 0.766233683 -0.101104409 2.03659296
v 0.775713086 -0.101104409 2.02680683
v 0.946752071 -0.101104431 1.79712558
v 0.427306086 -0.0998373106 2.36599231
v 0.422906727 -0.101104356 2.35201764
v 0.410235137 -0.101104356 2.36185646
v 0.396578163 -0.101104341 2.37027597
v 0.376389652 -0.0998373032 2.39373183
v 0.382136315 -0.101104341 2.3771615
v 0.367038161 -0.101104341 2.38245702
v 0.759229064 -0.0961602777 2.07497978
v 0.764595151 -0.090433076 2.0830574
v 0.768040538 -0.0832163841 2.08824468
v 0.739415288 -0.0752166063 2.1063807
v 0.746588349 -0.0752166137 2.10304475
v 0.754332185 -0.0752166137 2.09902716
v 0.761881232 -0.0752166137 2.09468699
v 0.769227862 -0.0752166137 2.09003186
v 0.776358485 -0.0752166137 2.08507061
v 0.78326726 -0.0752166137 2.0798111
v 0.794903278 -0.0832163841 2.06686378
v 0.789942861 -0.0752166137 2.07425857
v 0.796378613 -0.0752166137 2.06842208
v 0.808484435 -0.0752166137 2.05592465
v 0.806880713 -0.0832163915 2.05449891
v 0.814139247 -0.0752166286 2.04927683
v 0.819150448 -0.0752166286 2.04283834
v 0.909461141 -0.0752166361 1.9233284
v 0.982671261 -0.0832164064 1.81835735
v 0.935155272 -0.0752166435 1.88888824
v 0.960636616 -0.0752166435 1.85413063
v 0.973769069 -0.0752166435 1.83590841
v 0.984519243 -0.075216651 1.81945014
v 0.790621638 -0.090433076 2.0623436
v 0.802225471 -0.0904330835 2.05036306
v 0.783952594 -0.0961602777 2.05530119
v 0.992018819 -0.0832164064 1.8007921
v 0.993959546 -0.075216651 1.80171251
v 0.977306366 -0.0904331058 1.81518567
v 0.794975281 -0.0961602777 2.04392219
v 0.999563456 -0.0832164213 1.7827704
v 1.00158119 -0.075216651 1.78350449
v 0.968951225 -0.0961603075 1.81024766
v 0.95842278 -0.0998373926 1.8040241
v 0.954315305 -0.101104431 1.7829144
v 0.97802639 -0.0998374 1.7572962
v 0.960353136 -0.101104431 1.76849127
v 0.964904785 -0.101104431 1.75388157
v 0.968008876 -0.101104431 1.7391113
v 0.969704628 -0.101104431 1.72420597
v 0.982501507 -0.0998373926 1.69262636
v 0.970030546 -0.101104431 1.70919132
v 0.96902585 -0.101104431 1.69409323
v 0.963179469 -0.101104431 1.6637516
v 0.98458612 -0.0961603075 1.77731562
v 0.993707538 -0.0904331058 1.78063762
v 0.98986423 -0.096160315 1.76037645
v 0.999258161 -0.0904331133 1.76282167
v 0.995434046 -0.096160315 1.72594535
v 0.964895844 -0.0998373926 1.62795258
v 0.95247817 -0.101104431 1.63338554
v 0.945110321 -0.101104423 1.61820519
v 1.00528955 -0.0832164213 1.76439142
v 1.00736773 -0.075216651 1.76493132
v 1.00920355 -0.0832164213 1.74576819
v 1.01132357 -0.075216651 1.74611008
v 1.01347888 -0.075216651 1.72716546
v 1.00511861 -0.0904331133 1.72659969
v 1.01133645 -0.0832164213 1.72702014
v 1.01389027 -0.075216651 1.70821047
v 1.01050079 -0.0832164213 1.68957818
v 1.01263487 -0.075216651 1.68934679
v 1.00548685 -0.075216651 1.6521914
v 1.00430608 -0.0904331058 1.69025314
v 1.00341642 -0.0832164064 1.65275705
v 0.994658828 -0.0961603075 1.69130337
v 0.99740684 -0.0904331058 1.65440011
v 0.988047004 -0.0961603075 1.65695715
v 0.990695357 -0.0832164064 1.61666501
v 0.992662311 -0.0752166435 1.6158036
v 0.984987855 -0.0904331058 1.61916161
v 0.976097941 -0.0961603075 1.62305188
v 0.981748223 -0.0832164064 1.59822941
v 0.983634114 -0.0752166435 1.59720218
v 0.947944403 -0.0998373851 1.59680104
v 0.936725616 -0.101104423 1.60441959
v 0.92735672 -0.101104423 1.59200835
v 0.92644465 -0.0998373851 1.57118154
v 0.917036533 -0.101104423 1.58095086
v 0.905798435 -0.101104416 1.57122779
v 0.886612058 -0.0998373777 1.54349852
v 0.893675208 -0.101104416 1.56281865
v 0.880699515 -0.101104416 1.55570281
v 0.866904378 -0.101104416 1.54985976
v 0.958064675 -0.0961602926 1.58992946
v 0.855812192 -0.0998373628 1.53216851
v 0.852323055 -0.101104409 1.54526889
v 0.8209337 -0.101104409 1.53976512
v 0.966095924 -0.0904330909 1.58447599
v 0.971252441 -0.0832164064 1.58097398
v 0.973029852 -0.0752166361 1.57976675
v 0.954541564 -0.0904330909 1.56916821
v 0.959314346 -0.083216399 1.56515849
v 0.9609586 -0.0752166361 1.56377637
v 0.934931517 -0.0961602926 1.56236863
v 0.945991635 -0.083216399 1.55088437
v 0.947481632 -0.0752166361 1.54933655
v 0.941666842 -0.0904330909 1.55537367
v 0.92161262 -0.0961602926 1.55084455
v 0.931386471 -0.0832163915 1.53824818
v 0.932702899 -0.0752166361 1.53654981
v 0.916765213 -0.0752166286 1.52549493
v 0.927564383 -0.0904330835 1.54317331
v 0.915635228 -0.0832163915 1.52732182
v 0.899831891 -0.0752166286 1.51620901
v 0.912355661 -0.0904330835 1.53262365
v 0.898895979 -0.0832163915 1.51814258
v 0.882066846 -0.0752166137 1.5086844
v 0.891945362 -0.0961602852 1.53248858
v 0.881325006 -0.0832163915 1.51070023
v 0.86361444 -0.0752166137 1.50287473
v 0.896178246 -0.0904330835 1.52375162
v 0.858959913 -0.0961602777 1.52034998
v 0.861457825 -0.090433076 1.51097143
v 0.824298024 -0.0904330686 1.50444186
v 0.863061666 -0.0832163841 1.50494969
v 0.844591975 -0.0752166137 1.49870932
v 0.844219804 -0.0832163841 1.50082409
v 0.825092554 -0.0752166063 1.49610341
v 0.824888825 -0.0832163766 1.49824011
v 0.792321801 -0.0832163766 1.49658418
v 0.807180882 -0.0752166063 1.49508011
v 0.80304575 -0.0752166063 1.49475098
v 0.797680259 -0.0752166063 1.49450409
v 0.792311549 -0.0752165988 1.49443853
v 0.787033439 -0.0832163766 1.49669731
v 0.781605005 -0.0752165988 1.49484742
v 0.78727138 -0.0904330686 1.50291967
v 0.781758666 -0.0832163692 1.49698794
v 0.762113333 -0.0904330611 1.50600255
v 0.776269078 -0.0752165988 1.49532175
v 0.770955086 -0.0752165988 1.49597228
v 0.760841846 -0.0832163692 1.49990749
v 0.765667319 -0.0752165988 1.4968015
v 0.76040411 -0.0752165988 1.49780679
v 0.744914412 -0.0832163692 1.50409734
v 0.744238853 -0.0752165988 1.50205958
v 0.7262609 -0.0752165914 1.50864446
v 0.787641525 -0.0961602703 1.51260924
v 0.726914644 -0.0832163543 1.51068985
v 0.694676161 -0.0832163543 1.51833022
v 0.694305897 -0.0752165914 1.51621675
v 0.695751548 -0.0904330537 1.52446389
v 0.57936883 -0.0832163319 1.53188312
v 0.579012156 -0.0752165616 1.52976704
v 0.823378205 -0.0961602703 1.51410186
v 0.78810823 -0.0998373553 1.52481997
v 0.788625717 -0.101104394 1.53835618
v 0.769355178 -0.101104394 1.54071784
v 0.758048177 -0.101104386 1.54367721
v 0.739611387 -0.101104386 1.55043054
v 0.701876879 -0.101104379 1.5594002
v 0.586293817 -0.101104364 1.57299936
v 0.52506876 -0.0998373106 1.57557571
v 0.54864037 -0.101104356 1.58160388
v 0.530259967 -0.101104356 1.5881052
v 0.496609241 -0.101104341 1.60676706
v 0.37667504 -0.0998372883 1.67399144
v 0.395608187 -0.101104327 1.67866588
v 0.382739246 -0.101104327 1.68610823
v 0.371222794 -0.101104327 1.69097042
v 0.359619558 -0.0998372883 1.67989242
v 0.366058528 -0.101104327 1.69246435
v 0.361336499 -0.101104327 1.69335008
v 0.357091427 -0.101104327 1.69364071
v 0.355733156 -0.0998372883 1.68008912
v 0.353357375 -0.101104327 1.69334757
v 0.350169718 -0.101104319 1.69248235
v 0.347563148 -0.101104319 1.69105792
v 0.345571727 -0.101104319 1.68908703
v 0.344230205 -0.101104319 1.68657887
v 0.342944592 -0.101104319 1.6824764
v 0.342163593 -0.101104319 1.67850006
v 0.355598837 -0.0998372883 1.67663205
v 0.341844767 -0.101104319 1.67463815
v 0.356550813 -0.0998372883 1.68089771
v 0.356773227 -0.0998372883 1.68131423
v 0.355681092 -0.0998372883 1.67994511
v 0.3552607 -0.0998372883 1.67983067
v 0.359854192 -0.0961601883 1.6684171
v 0.357777923 -0.0961601883 1.66785395
v 0.358071059 -0.0961601883 1.66775239
v 0.35722062 -0.0961601883 1.6678102
v 0.357269466 -0.0904329866 1.65808845
v 0.363059193 -0.0961601958 1.6665144
v 0.356842011 -0.0904329866 1.65811682
v 0.371204168 -0.0961601958 1.66305995
v 0.359986603 -0.0904329866 1.65730941
v 0.356402338 -0.0832162946 1.6518662
v 0.356052637 -0.0832162946 1.65193176
v 0.355780751 -0.0752165318 1.64980018
v 0.355905443 -0.0752165318 1.64977705
v 0.358013839 -0.0832162946 1.65139949
v 0.357334405 -0.0752165318 1.64936304
v 0.366862655 -0.0904329941 1.65438461
v 0.364074826 -0.0832162946 1.64881539
v 0.373024583 -0.0832163021 1.64362025
v 0.363114476 -0.0752165318 1.646896
v 0.371862382 -0.0752165318 1.64181662
v 0.378114283 -0.0752165392 1.63759851
v 0.46350041 -0.0752165467 1.57623529
v 0.473911256 -0.0832163095 1.57180381
v 0.468095154 -0.0752165467 1.5730803
v 0.472743243 -0.0752165467 1.57000518
v 0.477443427 -0.0752165467 1.567011
v 0.48219505 -0.0752165467 1.56409907
v 0.491848022 -0.0752165541 1.55852473
v 0.514283776 -0.0832163244 1.54954219
v 0.49674812 -0.0752165541 1.55586219
v 0.506679416 -0.0752165541 1.55079699
v 0.51346159 -0.0752165541 1.54755855
v 0.535725117 -0.0752165616 1.53968287
v 0.477301389 -0.0904330164 1.57702589
v 0.536357641 -0.0832163319 1.5417347
v 0.516669869 -0.0904330164 1.55530167
v 0.520385861 -0.0961602181 1.56427264
v 0.538191557 -0.0904330239 1.54768968
v 0.541048765 -0.0961602256 1.55696404
v 0.58040309 -0.0904330313 1.53802311
v 0.697426796 -0.0961602479 1.53401721
v 0.764093757 -0.0961602628 1.51549554
v 0.383508056 -0.0832163021 1.67449284
v 0.385622233 -0.0752165392 1.67486691
v 0.385592669 -0.0752165392 1.67499936
v 0.383556247 -0.0832163021 1.67412126
v 0.377341628 -0.0904329941 1.67363667
v 0.385697424 -0.0752165392 1.67428708
v 0.383572966 -0.0832163021 1.67347205
v 0.385720581 -0.0752165392 1.67341292
v 0.377341002 -0.0904329941 1.67364693
v 0.383513838 -0.0832163021 1.67275083
v 0.385641515 -0.0752165392 1.67245519
v 0.385487229 -0.0752165392 1.6716671
v 0.377337784 -0.0904329941 1.67360961
v 0.367661655 -0.0961601958 1.67288327
v 0.383404553 -0.0832163021 1.67219675
v 0.377362221 -0.0904329941 1.6737318
v 0.382833749 -0.0832163021 1.67037499
v 0.38482064 -0.0752165392 1.66954064
v 0.37706846 -0.0904329941 1.67279458
v 0.368088484 -0.0961601958 1.67656398
v 0.379361957 -0.0832163021 1.66388273
v 0.381100744 -0.0752165392 1.66258681
v 0.374001622 -0.0752165318 1.65556097
v 0.374315321 -0.0904329941 1.667647
v 0.372707665 -0.0832163021 1.65729785
v 0.366645396 -0.0752165318 1.65154088
v 0.366455138 -0.0961601958 1.67351067
v 0.365839332 -0.0832162946 1.65354383
v 0.36087817 -0.0752165318 1.64997506
v 0.368952423 -0.0904329941 1.66234004
v 0.356550813 -0.0998372883 1.68089771
v 0.356773227 -0.0998372883 1.68131423
v 0.363103539 -0.0961601958 1.67019379
v 0.355733156 -0.0998372883 1.68008912
v 0.360509843 -0.0832162946 1.65209758
v 0.357311249 -0.0752165318 1.6496948
v 0.363498867 -0.0904329866 1.65935993
v 0.359854192 -0.0961601883 1.6684171
v 0.3552607 -0.0998372883 1.67983067
v 0.357300311 -0.0832162946 1.65184557
v 0.355780751 -0.0752165318 1.64980018
v 0.356052637 -0.0832162946 1.65193176
v 0.359441489 -0.0904329866 1.6582582
v 0.357269466 -0.0904329866 1.65808845
v 0.356842011 -0.0904329866 1.65811682
v 0.358071059 -0.0961601883 1.66775239
v 0.357777923 -0.0961601883 1.66785395
v 0.355681092 -0.0998372883 1.67994511
v 0.35722062 -0.0961601883 1.6678102
v -0.59497261 -0.0832161084 1.10670614
v -0.59667933 -0.0752163455 1.10801482
v -0.59817636 -0.0752163455 1.10570073
v -0.596296787 -0.0832161084 1.10466588
v -0.598422527 -0.0752163455 1.10519552
v -0.590842307 -0.0904328004 1.10166144
v -0.590019822 -0.0904328004 1.10290587
v -0.590912342 -0.0904328004 1.10154188
v -0.582305908 -0.096160017 1.0969857
v -0.582663894 -0.096160017 1.09643805
v -0.572585404 -0.099837102 1.08952653
v -0.596513748 -0.0832161084 1.10419023
v -0.590669751 -0.0904328004 1.10203934
v -0.59852767 -0.0752163455 1.10493076
v -0.598618269 -0.0752163455 1.10466325
v -0.596617579 -0.0832161084 1.10385728
v -0.590587437 -0.0904328004 1.10230291
v -0.598695397 -0.0752163455 1.10439205
v -0.598759413 -0.0752163455 1.10411561
v -0.596688628 -0.0832161084 1.10351014
v -0.598809838 -0.0752163455 1.10383403
v -0.596710801 -0.0832161084 1.10333657
v -0.598867059 -0.0752163455 1.10327101
v -0.590515137 -0.0904328004 1.10270786
v -0.596723914 -0.0832161084 1.103163
v -0.598867059 -0.0752163455 1.10270023
v -0.596723914 -0.0832161084 1.10280812
v -0.596710801 -0.0832161084 1.10263467
v -0.590515137 -0.0904328004 1.10326326
v -0.598809838 -0.0752163455 1.10213709
v -0.596688628 -0.0832161084 1.1024611
v -0.598695397 -0.0752163455 1.10157919
v -0.596617579 -0.0832161084 1.10211396
v -0.590587437 -0.0904328004 1.10366821
v -0.598618269 -0.0752163455 1.10130787
v -0.596513748 -0.0832161084 1.10178101
v -0.590669751 -0.0904328004 1.10393178
v -0.59852767 -0.0752163455 1.10104048
v -0.598422527 -0.0752163455 1.1007756
v -0.596296787 -0.0832161084 1.10130525
v -0.59817636 -0.0752163455 1.10027039
v -0.597376704 -0.0752163455 1.09902203
v -0.590842307 -0.0904328004 1.1043098
v -0.59563601 -0.0832161084 1.10027933
v -0.596544027 -0.0752163455 1.09797561
v -0.594874024 -0.0832161084 1.0993216
v -0.590026617 -0.0904328004 1.10322726
v -0.590915561 -0.0904328004 1.1044358
v -0.582666516 -0.096160017 1.10953701
v -0.582477212 -0.096160017 1.10931206
v -0.582715631 -0.096160017 1.10961163
v -0.572800756 -0.099837102 1.11677372
v 0.110659674 -0.0832162872 2.82399821
v 0.0515021831 -0.0752165094 2.92239857
v 0.0623350292 -0.0752165094 2.9048605
v 0.0734378397 -0.0752165094 2.88763452
v 0.0945886374 -0.0752165094 2.85674667
v 0.104094401 -0.0752165094 2.84109044
v 0.112588733 -0.0752165169 2.82493806
v 0.118073449 -0.0832162872 2.80752206
v 0.120056495 -0.0752165169 2.80834222
v 0.126483887 -0.0752165169 2.79135156
v 0.105060846 -0.0904329792 2.82127023
v -0.0992483273 -0.0832162499 3.18043017
v 0.129789501 -0.0832162872 2.77344561
v 0.131857723 -0.0752165169 2.77401781
v 0.136164501 -0.0752165169 2.75638819
v 0.123786986 -0.0904329792 2.77178335
v 0.137267873 -0.0832162872 2.73819566
v 0.139390409 -0.0752165169 2.73851204
v 0.141521946 -0.0752165169 2.72043896
v 0.131107554 -0.0904329792 2.73727775
v 0.140398964 -0.0832162872 2.70216537
v 0.142544314 -0.0752165169 2.70221925
v 0.142444685 -0.0752165169 2.68390465
v 0.139308453 -0.0832162872 2.65338445
v 0.141122431 -0.0752165169 2.6625905
v 0.141171932 -0.0752165169 2.65826321
v 0.141447693 -0.0752165169 2.65355015
v 0.134172752 -0.0904329792 2.70200706
v 0.146896735 -0.0832162872 2.6051445
v 0.149018958 -0.0752165169 2.60545826
v 0.140738025 -0.0904329792 2.60423446
v 0.133100882 -0.0904329792 2.65289974
v 0.131145149 -0.0961601809 2.60281897
v 0.123432487 -0.0961601809 2.65214515
v 0.119057566 -0.0998372659 2.60103321
v 0.121513069 -0.0961601809 2.73584819
v 0.111249119 -0.0998372659 2.65119505
v 0.106525794 -0.0998372659 2.75010037
v 0.118483216 -0.0961601809 2.75263691
v 0.114438057 -0.0961601809 2.76919556
v 0.0853525102 -0.0998372659 2.8116641
v 0.0963405818 -0.0961601734 2.81701994
v -0.104455359 -0.0904329419 3.17701674
v -0.112565286 -0.0961601436 3.17170215
v -0.163562715 -0.0998372361 3.22059894
v -0.154141784 -0.0961601436 3.22838068
v 0.098709628 -0.101104297 2.70110989
v 0.097744137 -0.101104297 2.65014076
v 0.0960211009 -0.101104297 2.7320478
v 0.0895991772 -0.101104297 2.76231742
v 0.0795380324 -0.101104297 2.79158044
v 0.0731720328 -0.101104297 2.80572867
v -0.134113014 -0.101104274 3.15757847
v -0.174006015 -0.101104267 3.21197104
v -0.203625426 -0.101104267 3.24533272
v 0.106458947 -0.101104297 2.59315753
v -0.268767089 -0.101104259 3.3062408
v -0.333984613 -0.0998372063 3.37266684
v -0.327908188 -0.101104245 3.35249186
v -0.347744763 -0.101104237 3.36498141
v -0.361663699 -0.101104237 3.37202907
v 0.119072989 -0.0998372659 2.6009202
v 0.182884365 -0.101104319 2.53784704
v 0.216505885 -0.0998372808 2.52379537
v 0.20624578 -0.101104319 2.51493621
v 0.130452216 -0.0961601809 2.60792279
v 0.225842923 -0.101104319 2.48807979
v 0.199613005 -0.0961601883 2.55745363
v 0.139482632 -0.0904329792 2.61348057
v 0.20590958 -0.0904329866 2.56483316
v 0.145280734 -0.0832162872 2.61704922
v -0.379178822 -0.0998371989 3.39347172
v -0.383434802 -0.101104237 3.3806119
v -0.413801163 -0.10110423 3.38820076
v 0.281239361 -0.0998372883 2.41326141
v 0.272156566 -0.101104327 2.40120363
v 0.225761592 -0.0961601883 2.53178787
v 0.209951848 -0.0832162946 2.56957197
v 0.147278562 -0.0752165169 2.61827826
v 0.211344808 -0.0752165318 2.57120466
v 0.233106911 -0.0904329866 2.538131
v 0.237822831 -0.0832163021 2.54220271
v 0.239447832 -0.0752165318 2.54360652
v 0.262891829 -0.0752165392 2.51152921
v 0.261079133 -0.0832163021 2.51038122
v 0.301549375 -0.0752165467 2.44022179
v 0.300110787 -0.0832163021 2.43831277
v 0.255816489 -0.0904329941 2.50705147
v 0.29593578 -0.0904329941 2.43277049
v 0.247620106 -0.0961601958 2.50186276
v 0.289433181 -0.0961601958 2.42413759
v 0.281308144 -0.0998372883 2.41324735
v 0.283608079 -0.0961601958 2.42524719
v 0.380227834 -0.0961602181 2.40533447
v 0.403348804 -0.0961602256 2.39579916
v 0.370576769 -0.0904330164 2.41824055
v 0.285432994 -0.0904329941 2.43476963
v 0.286604851 -0.0832163021 2.44088387
v 0.383273423 -0.0904330164 2.41454053
v 0.372103423 -0.0832163244 2.42427659
v 0.333154708 -0.0752165467 2.43402147
v 0.28700915 -0.0752165392 2.44299102
v 0.33963418 -0.0752165467 2.43279362
v 0.34608984 -0.0752165467 2.43159294
v 0.352518499 -0.0752165467 2.43042302
v 0.359450489 -0.0752165467 2.42919779
v 0.365888178 -0.0752165541 2.42793417
v 0.372629881 -0.0752165541 2.42635655
v 0.385902494 -0.0752165541 2.4224894
v 0.385228842 -0.0832163244 2.42045188
v 0.398845345 -0.0752165541 2.41768789
v 0.398027688 -0.0832163244 2.41570401
v 0.417542547 -0.0752165616 2.40877342
v 0.416516632 -0.0832163319 2.40688872
v 0.42355594 -0.0752165616 2.40535617
v 0.429445952 -0.0752165616 2.40172577
v 0.39565447 -0.0904330164 2.40994716
v 0.407678097 -0.0904330164 2.40447688
v 0.413538545 -0.0904330239 2.40142107
v 0.433989316 -0.0832163319 2.3961165
v 0.435211927 -0.0752165616 2.39788055
v 0.44631055 -0.0752165616 2.3895781
v 0.424916118 -0.0961602256 2.38303041
v 0.430441648 -0.0904330239 2.39099979
v 0.444964498 -0.0832163319 2.38790679
v 0.451616913 -0.0752165616 2.38514256
v 0.456754833 -0.0752165616 2.38052487
v 0.434973449 -0.0961602256 2.37550712
v 0.46020475 -0.0832163393 2.3742125
v 0.461722404 -0.0752165616 2.37572956
v 0.466514498 -0.0752165616 2.37075806
v 0.471124679 -0.075216569 2.36561823
v 0.455800265 -0.0904330239 2.36981177
v 0.448940247 -0.0961602256 2.362957
v 0.473876506 -0.0832163393 2.3589716
v 0.475548476 -0.075216569 2.36031771
v 0.473074943 -0.0904330313 2.34984756
v 0.478062481 -0.0832163393 2.35357332
v 0.483821958 -0.075216569 2.34924221
v 0.482058138 -0.0832163393 2.34802079
v 0.487664014 -0.075216569 2.34347486
v 0.490768105 -0.075216569 2.33843017
v 0.492948502 -0.075216569 2.33496809
v 0.495377034 -0.075216569 2.33093238
v 0.497681469 -0.075216569 2.32694721
v 0.499876648 -0.075216569 2.32301307
v 0.501974702 -0.075216569 2.3191371
v 0.503983498 -0.075216569 2.31533027
v 0.505915761 -0.075216569 2.31159687
v 0.523724675 -0.0832163393 2.27455854
v 0.514554381 -0.075216569 2.29456401
v 0.518201709 -0.0752165839 2.28775549
v 0.521814823 -0.0752165839 2.28154588
v 0.525507092 -0.0752165839 2.27575302
v 0.53313911 -0.0752165839 2.26546168
v 0.51855135 -0.0904330313 2.27109265
v 0.531487703 -0.0832163468 2.26409125
v 0.541143298 -0.0752165839 2.25689054
v 0.539672613 -0.0832163468 2.25532722
v 0.526695013 -0.0904330313 2.26011491
v 0.53540504 -0.0904330388 2.25079155
v 0.510493755 -0.096160233 2.26569438
v 0.465305418 -0.096160233 2.34404302
v -0.520243883 -0.0961600393 1.93663692
v -0.529936671 -0.0904328376 1.93608928
v -0.529829681 -0.0904328376 1.93508518
v -0.536159694 -0.0832161456 1.93573701
v -0.53597039 -0.0832161456 1.9339577
v -0.53830409 -0.0752163753 1.93561614
v -0.538086176 -0.0752163753 1.93356943
v -0.537994266 -0.0752163753 1.93321979
v -0.535918355 -0.0832161456 1.93375981
v -0.693118095 -0.0961600393 3.00916815
v -0.689412594 -0.0904328376 3.01816082
v -0.690809488 -0.0904328376 3.01861072
v -0.687033653 -0.0832161456 3.0239346
v -0.689400434 -0.0832161456 3.02469826
v -0.686213732 -0.0752163753 3.02592325
v -0.688914776 -0.0752163753 3.02679491
v -0.692684174 -0.0832161456 3.02517009
v -0.69257164 -0.0752163753 3.02732086
v -0.693010092 -0.0904328376 3.01892829
v -0.6968081 -0.0832161456 3.02501178
v -0.697100282 -0.0752163753 3.02714729
v -0.693517566 -0.0961600393 3.00920534
v -0.693004012 -0.0961600393 3.00913072
v -0.694640279 -0.0961600393 3.00916171
v -0.692976594 -0.0998371243 2.99699855
v -0.696284533 -0.0961600393 3.0087707
v -0.695960522 -0.0904328376 3.01881385
v -0.701585054 -0.0832161456 3.02387667
v -0.702299237 -0.0752163753 3.02591181
v -0.69951272 -0.0904328376 3.01796937
v -0.706673861 -0.0832161456 3.02147007
v -0.707806468 -0.0752163753 3.02330709
v -0.698268533 -0.0961600393 3.00783348
v -0.692217231 -0.0998371243 2.99717975
v -0.703387499 -0.0904328376 3.01613855
v -0.711555243 -0.0832161456 3.0176568
v -0.713071585 -0.0752163678 3.0191946
v -0.700299501 -0.0961600393 3.00624704
v -0.691818357 -0.0998371243 2.99736738
v -0.707154274 -0.0904328376 3.01319575
v -0.715607762 -0.0832161456 3.01261353
v -0.717438221 -0.0752163678 3.0137589
v -0.720364213 -0.0752163678 3.0075841
v -0.702022195 -0.0961600393 3.00410151
v -0.691662073 -0.0998371243 2.99748969
v -0.710296035 -0.0904328376 3.00928497
v -0.718320489 -0.0832161382 3.00688863
v -0.721679688 -0.0752163678 3.00152516
v -0.712388396 -0.0904328376 3.00486898
v -0.719534397 -0.0832161382 3.00129628
v -0.721674919 -0.0752163678 2.99640203
v -0.703149319 -0.0961600393 3.00172305
v -0.691596866 -0.0998371243 2.99757051
v -0.719529867 -0.0832161382 2.99661279
v -0.721448302 -0.0752163678 2.99525642
v -0.719355345 -0.0832161382 2.99573088
v -0.713308454 -0.0904328376 3.00063157
v -0.713305354 -0.0904328376 2.997226
v -0.713281512 -0.0904328376 2.99710655
v -0.703611135 -0.0961600393 2.9995954
v -0.69150722 -0.0998371243 2.99775958
v -0.703609943 -0.0961600393 2.99817991
v -0.691392183 -0.0998371243 2.99829054
v 0.119057566 -0.0998372659 2.60103321
v 0.131145149 -0.0961601809 2.60281897
v 0.130452216 -0.0961601809 2.60792279
v 0.140738025 -0.0904329792 2.60423446
v 0.139482632 -0.0904329792 2.61348057
v 0.146896735 -0.0832162872 2.6051445
v 0.145280734 -0.0832162872 2.61704922
v 0.149018958 -0.0752165169 2.60545826
v 0.147278562 -0.0752165169 2.61827826
v -0.578390241 -0.099837102 1.12290728
v -0.578407288 -0.099837102 1.12292409
v -0.586880684 -0.096160017 1.11412156
v -0.586208344 -0.096160017 1.11348259
v -0.593605042 -0.0904328004 1.10713553
v -0.59241271 -0.0904328004 1.10600293
v -0.597922444 -0.0832161084 1.10265005
v -0.596396089 -0.0832161084 1.10119987
v -0.599410176 -0.0752163455 1.10110474
v -0.597768784 -0.0752163455 1.09954536
v -0.514176786 -0.0998371392 1.9103694
v -0.522167444 -0.0961600393 1.91965532
v -0.523482323 -0.0961600393 1.91834533
v -0.528508723 -0.0904328376 1.92702317
v -0.531033039 -0.0904328376 1.92451108
v -0.532580256 -0.0832161456 1.93175554
v -0.535880685 -0.0832161456 1.92846823
v -0.533983171 -0.0752163753 1.93338561
v -0.537551343 -0.0752163753 1.92983222
v -0.539821744 -0.0752163753 1.9263804
v -0.537952781 -0.0832161456 1.92531848
v -0.540289402 -0.0752163753 1.92541742
v -0.538317561 -0.0832161456 1.9245677
v -0.532529473 -0.0904328376 1.92223561
v -0.532594383 -0.0904328376 1.92210186
v -0.524082065 -0.0961600393 1.91743386
v -0.513967872 -0.0998371392 1.91057765
v -0.511383474 -0.0998371392 1.94881415
v -0.522586942 -0.0961600393 1.94393921
v -0.522299886 -0.0961600393 1.9432925
v -0.531478167 -0.0904328376 1.94007075
v -0.530936599 -0.0904328376 1.93884945
v -0.537186861 -0.0832161456 1.93758702
v -0.53648138 -0.0832161456 1.93599677
v -0.539153874 -0.0752163753 1.93673074
v -0.538392186 -0.0752163753 1.93501449
v -0.700299382 0.101054057 3.00624704
v -0.691661954 0.10473115 2.99748969
v -0.691596746 0.10473115 2.99757051
v -0.680040121 0.105998203 2.99033141
v -0.682087183 0.105998203 2.98778319
v -0.684667945 0.105998203 2.98576736
v -0.691507101 0.10473115 2.99775958
v -0.702022076 0.101054057 3.00410151
v -0.678601861 0.105998203 2.99336672
v -0.691392064 0.10473115 2.99829054
v -0.703149199 0.101054057 3.00172305
v -0.677847147 0.105998203 2.99684286
v -0.677850723 0.105998203 3.00071526
v -0.691393018 0.10473115 2.99938202
v -0.703611016 0.101054057 2.9995954
v -0.683166385 0.105998203 3.02793145
v -0.696639895 0.10473115 3.02650189
v -0.6839149 0.105998203 3.043432
v -0.703609824 0.101054057 2.99817991
v -0.696331024 0.10473115 3.06056786
v -0.682885528 0.105998181 3.05889392
v -0.680088043 0.105998181 3.07416058
v -0.675532818 0.105998181 3.08907628
v -0.6403265 0.104731135 3.20091105
v -0.63495934 0.105998181 3.17415762
v -0.627135873 0.105998181 3.19780493
v -0.617921829 0.105998166 3.27467155
v -0.631087422 0.104731135 3.27788424
v -0.611218095 0.105998166 3.29486179
v -0.605788589 0.104731113 3.33246851
v -0.605440259 0.105998166 3.30721784
v -0.59475553 0.105998166 3.3246069
v -0.586354136 0.105998166 3.33533144
v -0.571949601 0.105998166 3.34993982
v -0.563190401 0.104731113 3.37372494
v -0.561283529 0.105998166 3.35853529
v -0.549925804 0.105998166 3.36609221
v -0.556909263 0.104731113 3.37770128
v -0.537953317 0.105998166 3.37257433
v -0.516069412 0.104731098 3.39522409
v -0.519008636 0.105998144 3.38019919
v -0.512469053 0.105998144 3.38216352
v -0.476032078 0.105998144 3.38950062
v -0.461214185 0.104731098 3.40444446
v -0.452690303 0.105998144 3.39119244
v -0.56995976 0.10105402 3.3839004
v -0.541921675 0.10105402 3.39907956
v -0.51931715 0.101053998 3.40700531
v -0.461870849 0.101053998 3.41664743
v -0.594916224 0.10105402 3.36378455
v -0.409437388 0.101053983 3.41359401
v -0.615741491 0.10105402 3.33955979
v -0.635032654 0.101054035 3.30470324
v -0.37533927 0.101053983 3.40507317
v -0.335257888 0.101053968 3.38751936
v -0.407795042 0.0953267887 3.42315245
v -0.435035735 0.0953267887 3.42627263
v -0.434674799 0.0881100819 3.43248868
v -0.462391824 0.0953268111 3.42633057
v -0.489611328 0.0953268111 3.42333508
v -0.37229237 0.0953267887 3.41427922
v -0.370335996 0.0881100819 3.42019057
v -0.406740516 0.0881100819 3.42928863
v -0.462726086 0.0881100968 3.432549
v -0.327668309 0.101053968 3.38312769
v -0.330558062 0.0953267738 3.39600182
v -0.307359606 0.0953267738 3.38139606
v -0.312978685 0.101053968 3.37349224
v -0.344229519 0.0881100819 3.40989923
v -0.327540755 0.0881100595 3.40144897
v -0.177910626 0.0953267589 3.26975274
v -0.141864806 0.0881100446 3.23852277
v -0.303751886 0.0881100595 3.38647032
v -0.241938651 0.0881100595 3.33814573
v -0.326501012 0.0801103041 3.40332603
v -0.343332171 0.080110319 3.41184831
v -0.302508712 0.0801103041 3.38821864
v -0.35197562 0.080110319 3.41563296
v -0.240557909 0.0801103041 3.33978748
v -0.360753089 0.080110319 3.41909266
v -0.369661689 0.080110319 3.4222281
v -0.378689855 0.080110319 3.42502952
v -0.387827307 0.080110319 3.42749667
v -0.406377017 0.080110319 3.43140364
v -0.425132722 0.080110319 3.43390656
v -0.434550434 0.080110319 3.43463039
v -0.453412831 0.0801103413 3.43502259
v -0.462841481 0.0801103413 3.43469095
v -0.490637898 0.0881100968 3.4294765
v -0.490991741 0.0801103413 3.43159246
v -0.523549736 0.0881100968 3.42235804
v -0.524119854 0.0801103413 3.42442656
v -0.521894813 0.0953268111 3.41635561
v -0.531908393 0.0881100968 3.41984725
v -0.549048126 0.0801103562 3.41568708
v -0.529981971 0.0953268111 3.41392565
v -0.545746326 0.095326826 3.4079926
v -0.548201859 0.0881101191 3.41371489
v -0.556119263 0.0881101191 3.41010237
v -0.564883888 0.0801103562 3.40802097
v -0.553406358 0.095326826 3.40449715
v -0.563862205 0.0881101191 3.40613508
v -0.575332344 0.095326826 3.3919754
v -0.578781605 0.0881101191 3.39715886
v -0.579970181 0.0801103562 3.39894581
v -0.595442057 0.095326826 3.37651086
v -0.599566579 0.0881101191 3.38117623
v -0.600987911 0.0801103562 3.38278317
v -0.613699317 0.0801103562 3.37046576
v -0.601665735 0.095326826 3.37074876
v -0.612137318 0.0881101191 3.36899376
v -0.62519002 0.0801103562 3.35709691
v -0.6185987 0.095326826 3.35193372
v -0.623500705 0.0881101191 3.35577393
v -0.63045907 0.0801103786 3.35004663
v -0.623640299 0.095326826 3.34518814
v -0.63359797 0.088110134 3.34160256
v -0.635400295 0.0801103786 3.34276605
v -0.640004396 0.0801103786 3.33527374
v -0.636851788 0.0953268409 3.32368636
v -0.642366767 0.088110134 3.3265779
v -0.649750948 0.088110134 3.31078672
v -0.644266844 0.0801103786 3.32757425
v -0.648179293 0.0801103786 3.31968045
v -0.651733994 0.0801103786 3.31160569
v -0.654924512 0.0801103786 3.30335712
v -0.643996239 0.0953268409 3.30840826
v -0.658441663 0.088110134 3.28455901
v -0.660526872 0.0801103786 3.28506684
v -0.669821501 0.0801103786 3.20785713
v -0.642964482 0.101054035 3.28078198
v -0.652389884 0.0953268409 3.28308177
v -0.667732358 0.088110134 3.2073648
v -0.652225971 0.101054035 3.20371366
v -0.661669493 0.0953268409 3.20593786
v -0.67358923 0.088110134 3.18983674
v -0.675577164 0.0801103786 3.19064426
v -0.667819738 0.0953268409 3.18749571
v -0.699705124 0.101054057 3.09801507
v -0.714644194 0.0881101489 3.10354066
v -0.716657043 0.0801103935 3.104285
v -0.722690701 0.0801103935 3.08452773
v -0.708802938 0.0953268632 3.10138083
v -0.714554429 0.0953268632 3.0825479
v -0.72060585 0.0881101489 3.0840199
v -0.726395845 0.0801103935 3.06430888
v -0.724266291 0.0881101489 3.06404424
v -0.725613236 0.0881101489 3.04381394
v -0.727759242 0.0801103935 3.04383302
v -0.705129385 0.101054057 3.08025432
v -0.718086004 0.0953268632 3.06327415
v -0.708460331 0.101054057 3.06207728
v -0.709685922 0.101054057 3.04366732
v -0.719385743 0.0953268632 3.0437572
v -0.724633574 0.0881101489 3.02353072
v -0.726767778 0.0801103935 3.02330446
v -0.721448183 0.0801103935 2.99525642
v -0.719355226 0.0881101489 2.99573088
v -0.718440533 0.0953268632 3.024189
v -0.708794594 0.101054057 3.02521253
v -0.715237498 0.0953268632 3.00476217
v -0.713281393 0.0953268632 2.99710655
v -0.713305235 0.0953268632 2.997226
v -0.698268414 0.101054057 3.00783348
v -0.691818237 0.10473115 2.99736738
v -0.692217112 0.10473115 2.99717975
v -0.696284413 0.101054057 3.0087707
v -0.687708139 0.105998203 2.98433018
v -0.691132307 0.105998203 2.98351645
v -0.692976475 0.10473115 2.99699855
v -0.69464016 0.101054057 3.00916171
v -0.695769191 0.10473115 2.99718499
v -0.694866061 0.105998203 2.98337245
v -0.698834419 0.105998203 2.98394322
v -0.702962518 0.105998203 2.98527503
v -0.738504648 0.105998203 3.00302148
v -0.756728768 0.10473115 3.02359509
v -0.760459661 0.105998203 3.01057053
v -0.783051848 0.105998218 3.01578498
v -0.806095123 0.105998218 3.01862359
v -0.928357244 0.104731187 3.03029966
v -0.927019835 0.105998233 3.01681995
v -0.948075891 0.105998233 3.01329613
v -0.9678967 0.104731187 3.02162051
v -0.968495727 0.105998233 3.00698376
v -0.984064102 0.104731202 3.01509595
v -0.97837019 0.105998255 3.00280547
v -0.9994663 0.104731202 3.00699544
v -0.992566228 0.105998255 2.99533868
v -1.01016641 0.105998255 2.98326182
v -1.10941243 0.10599827 2.89080882
v -1.14513516 0.104731224 2.86640668
v -1.12250566 0.10599827 2.8753159
v -1.13359618 0.10599827 2.85928059
v -1.14266908 0.10599827 2.84272575
v -1.16252303 0.104731239 2.83012819
v -1.14970934 0.105998285 2.82567358
v -1.15470231 0.105998285 2.80814672
v -1.17112601 0.104731239 2.79157662
v -1.15763319 0.105998285 2.79016876
v -1.1584872 0.105998285 2.77176285
v -1.17071617 0.104731239 2.75133967
v -1.15724945 0.105998285 2.75295067
v -1.15390527 0.105998285 2.73375511
v -1.16131485 0.104731239 2.70995092
v -1.17292964 0.101054139 2.70611715
v -1.05775666 0.104731224 2.49837637
v -1.14843988 0.105998285 2.71419978
v -1.06315207 0.10599827 2.53285623
v -1.04669344 0.10599827 2.50620055
v -1.02754629 0.10599827 2.48265839
v -1.1828649 0.101054139 2.7498858
v -1.01370215 0.104731224 2.45177436
v -1.00540614 0.10599827 2.46249366
v -0.979968786 0.105998255 2.44597101
v -0.986385942 0.104731202 2.43403029
v -0.950929523 0.105998255 2.43335295
v -0.885318995 0.104731187 2.39391685
v -0.901589274 0.105998255 2.41758108
v -0.878275156 0.105998233 2.40548873
v -0.863731027 0.105998233 2.39570141
v -0.850098491 0.105998233 2.38459492
v -0.766330957 0.105998218 2.30240107
v -0.749156237 0.105998218 2.28130674
v -0.716512442 0.105998218 2.23106408
v -0.684860468 0.104731165 2.18372798
v -0.702208757 0.105998218 2.2151649
v -0.68605864 0.105998218 2.20120716
v -0.668255568 0.105998218 2.18935633
v -0.65879488 0.105998218 2.184273
v -0.616516709 0.10473115 2.14892411
v -0.633596301 0.101054057 2.14565873
v -0.621055841 0.105998203 2.16816711
v -0.60814321 0.105998203 2.15957284
v -0.596702576 0.105998203 2.14900756
v -0.60665226 0.10473115 2.13981438
v -0.591652453 0.105998203 2.14308619
v -0.585010648 0.105998203 2.13352895
v -0.581232905 0.105998203 2.12674999
v -0.540886402 0.105998203 2.03201365
v -0.51141715 0.104731135 1.94889009
v -0.499353617 0.105998181 1.95509565
v -0.511383355 0.104731135 1.94881415
v -0.497220486 0.105998181 1.94976294
v -0.508214355 0.104731135 1.9390552
v -0.494855285 0.105998181 1.94150805
v -0.494491786 0.105998181 1.93809092
v -0.494464785 0.105998181 1.93415833
v -0.495322287 0.105998181 1.92534161
v -0.510314703 0.104731135 1.91976845
v -0.497231454 0.105998181 1.91624594
v -0.499996454 0.105998181 1.90805924
v -0.513437748 0.104731135 1.91138375
v -0.501638472 0.105998181 1.9046768
v -0.513967752 0.104731135 1.91057765
v -0.523482203 0.101054057 1.91834533
v -0.503420949 0.105998181 1.90196669
v -0.514176667 0.104731135 1.9103694
v -0.505319118 0.105998181 1.90007687
v -0.522167385 0.101054057 1.91965532
v -0.61432898 0.105998218 1.81786108
v -0.711506605 0.104731187 1.73906624
v -0.660023212 0.105998218 1.775805
v -0.700995207 0.105998233 1.73051822
v -0.736530662 0.105998233 1.68136179
v -0.778208733 0.104731202 1.63340104
v -0.765916348 0.105998233 1.62769675
v -0.788438916 0.105998255 1.56888413
v -0.816418171 0.104731202 1.50433123
v -0.796903372 0.105998255 1.53734827
v -0.802954316 0.105998255 1.50280392
v -0.804564595 0.105998255 1.46969962
v -0.631032467 0.101054072 1.83747947
v -0.528508663 0.0953268632 1.92702317
v -0.637319446 0.0953268781 1.8448627
v -0.532580137 0.0881101489 1.93175554
v -0.72098887 0.101054087 1.74677861
v -0.758296251 0.101054087 1.69516671
v -0.8149333 0.104731202 1.43563747
v -0.801575541 0.105998255 1.43793356
v -0.806661129 0.104731202 1.4030422
v -0.79382813 0.105998255 1.4074043
v -0.788120389 0.105998255 1.39257228
v -0.728514194 0.0953269005 1.7528981
v -0.784430981 0.104731202 1.35652769
v -0.772937655 0.105998255 1.36370909
v -0.676160455 0.105998233 1.23305941
v -0.617646098 0.104731187 1.15306246
v -0.608809829 0.105998233 1.16333318
v -0.578407168 0.104731165 1.12292409
v -0.569723547 0.105998218 1.1333555
v -0.578390121 0.104731165 1.12290728
v -0.586208224 0.101054072 1.11348259
v -0.577832162 0.104731165 1.12236357
v -0.586880624 0.101054072 1.11412156
v -0.561810017 0.105998218 1.12471366
v -0.625617146 0.101054087 1.14379716
v -0.592412591 0.0953268781 1.10600293
v -0.695967793 0.101054087 1.21658301
v -0.582477093 0.101054072 1.10931206
v -0.593604982 0.0953268781 1.10713553
v -0.590026498 0.0953268781 1.10322726
v -0.594873905 0.0881101713 1.0993216
v -0.572963893 0.104731165 1.11697936
v -0.597922325 0.0881101713 1.10265005
v -0.572800636 0.104731165 1.11677372
v -0.582715571 0.101054072 1.10961163
v -0.559775233 0.105998218 1.12142372
v -0.570097327 0.104731165 1.11150277
v -0.581797361 0.101054072 1.10786188
v -0.582666397 0.101054072 1.10953701
v -0.558091044 0.105998218 1.11796546
v -0.556240737 0.105998218 1.11251962
v -0.568862796 0.104731165 1.10671127
v -0.555470347 0.105998218 1.10875666
v -0.581054211 0.101054072 1.10547972
v -0.581567168 0.101054072 1.10728204
v -0.555081129 0.105998218 1.1049217
v -0.568611503 0.104731165 1.10173595
v -0.580801606 0.101054072 1.10298562
v -0.555081129 0.105998218 1.10104942
v -0.555470347 0.105998218 1.09721446
v -0.580944657 0.101054072 1.10486519
v -0.590625286 0.0953268781 1.10380197
v -0.569360018 0.104731165 1.09683263
v -0.581054211 0.101054072 1.10049152
v -0.556240737 0.105998218 1.0934515
v -0.557383001 0.105998218 1.08979011
v -0.570097327 0.104731165 1.09446847
v -0.559775233 0.105998218 1.0845474
v -0.580817699 0.101054072 1.1023556
v -0.590515018 0.0953268781 1.10270786
v -0.590504408 0.0953268781 1.10312438
v -0.590515018 0.0953268781 1.10326326
v -0.596723795 0.0881101713 1.103163
v -0.590500891 0.0953268781 1.10298562
v -0.590504408 0.0953268781 1.10284674
v -0.581194997 0.101054072 1.09988213
v -0.581797361 0.101054072 1.09810925
v -0.590625286 0.0953268781 1.10216928
v -0.572270632 0.104731165 1.09000742
v -0.561810017 0.105998218 1.08125889
v -0.572585285 0.104731165 1.08952653
v -0.629773855 0.105998233 1.00968528
v -0.675846457 0.105998233 0.973771811
v -0.582663834 0.101054072 1.09643805
v -0.582305789 0.101054072 1.0969857
v -0.724873066 0.104731202 0.934122562
v -0.692551613 0.105998255 0.955981731
v -0.713231206 0.105998255 0.927176356
v -0.721330523 0.105998255 0.912151456
v -0.727899432 0.105998255 0.896712542
v -0.646731615 0.101054087 1.02908385
v -0.590019763 0.0953268781 1.10290587
v -0.749727726 0.104731202 0.866725922
v -0.732910395 0.105998255 0.880859852
v -0.736336231 0.105998255 0.864593029
v -0.738149166 0.105998255 0.847913504
v -0.738322139 0.105998255 0.830821514
v -0.746869445 0.104731202 0.792457819
v -0.736827254 0.105998255 0.813318014
v -0.733637333 0.105998255 0.795403004
v -0.721336961 0.105998255 0.754970789
v -0.653114438 0.0953269005 1.03638601
v -0.594972491 0.0881101713 1.10670614
v -0.657212257 0.0881101862 1.04107332
v -0.693280578 0.10105411 0.992746115
v -0.625150204 0.0801104307 1.07653034
v -0.596679211 0.0801104084 1.10801482
v -0.64544189 0.0801104307 1.05535257
v -0.655433893 0.0801104307 1.04558587
v -0.658624172 0.0801104307 1.04268932
v -0.699842691 0.0953269154 0.999887705
v -0.704055548 0.0881102011 1.00447214
v -0.705507278 0.0801104456 1.00605214
v -0.726091504 0.0801104456 0.984243155
v -0.724450111 0.0881102011 0.98285985
v -0.719685912 0.0953269154 0.978844881
v -0.749061108 0.0881102011 0.948553443
v -0.750905037 0.0801104456 0.949653864
v -0.743710041 0.0953269154 0.945361257
v -0.758933902 0.0881102011 0.930238724
v -0.760869026 0.0801104456 0.93116951
v -0.71226573 0.10105411 0.97259295
v -0.735375524 0.10105411 0.94038856
v -0.752089381 0.10105411 0.905657887
v -0.767039657 0.0881102011 0.911187291
v -0.769053936 0.0801104456 0.911931634
v -0.761194348 0.0953269154 0.909024954
v -0.773274899 0.0881102234 0.891462088
v -0.77535212 0.0801104605 0.892007351
v -0.767246366 0.0953269303 0.889878273
v -0.761808515 0.10105411 0.868649244
v -0.777551055 0.0881102234 0.871155977
v -0.779672027 0.0801104605 0.871494055
v -0.781952977 0.0801104605 0.850509167
v -0.771395564 0.0953269303 0.870176554
v -0.779809237 0.0881102234 0.85038209
v -0.782168984 0.0801104605 0.829174519
v -0.76409471 0.101054125 0.829853296
v -0.773587227 0.0953269303 0.85001421
v -0.780022979 0.0881102234 0.829255581
v -0.780326366 0.0801104605 0.807599545
v -0.773794889 0.0953269303 0.82948947
v -0.778197408 0.0881102234 0.807879686
v -0.776457429 0.0801104605 0.785870314
v -0.768279314 0.0953269303 0.787690639
v -0.774361491 0.0881102234 0.786336899
v -0.771016359 0.0801104605 0.765573025
v -0.769813657 0.0801104605 0.761214972
v -0.759947896 0.0881102234 0.739259243
v -0.768431664 0.0801104605 0.756592989
v -0.766952276 0.0801104605 0.752004862
v -0.765376091 0.0801104605 0.747451067
v -0.761935115 0.0801104605 0.738450766
v -0.741978645 0.0801104605 0.697962999
v -0.738583446 0.0881102234 0.695213079
v -0.74059248 0.0801104605 0.694459677
v -0.739334226 0.0801104605 0.690910101
v -0.757495046 0.0953269303 0.750272989
v -0.748366237 0.101054125 0.753542423
v -0.754181623 0.0953269303 0.74160552
v -0.735128999 0.0881102011 0.684218645
v -0.73720777 0.0801104605 0.683687687
v -0.732753515 0.0953269154 0.697399855
v -0.730174541 0.0953269154 0.689682484
v -0.734244823 0.0881102011 0.680473566
v -0.735009432 0.0801104605 0.672590256
v -0.720871568 0.10105411 0.692420721
v -0.728160381 0.0953269154 0.681795359
v -0.732885242 0.0881102011 0.67289114
v -0.734545588 0.0801104605 0.668833733
v -0.732078195 0.0881102011 0.665209532
v -0.734218836 0.0801104605 0.665063143
v -0.73402977 0.0801104605 0.661291122
v -0.733978033 0.0801104605 0.657520533
v -0.732145786 0.0881102234 0.64982605
v -0.734063506 0.0801104605 0.653751135
v -0.734284997 0.0801104605 0.649990797
v -0.734642386 0.0801104605 0.646243095
v -0.735135794 0.0801104605 0.642509699
v -0.735764027 0.0801104605 0.638795614
v -0.736527085 0.0801104605 0.635104656
v -0.737424731 0.0801104605 0.631439447
v -0.738455772 0.0801104605 0.627803564
v -0.725866556 0.0953269154 0.665633917
v -0.725698471 0.0953269154 0.653410435
v -0.72672081 0.0953269154 0.673766613
v -0.717119575 0.10105411 0.675130606
v -0.716008782 0.10105411 0.653015614
v -0.709149122 0.104731202 0.695872545
v -0.725937843 0.0953269154 0.64934659
v -0.729599237 0.104731224 0.31201911
v -0.716848254 0.10599827 0.489989281
v -0.716292977 0.10599827 0.315185308
v -0.71592176 0.10599827 0.311999798
v -0.712762356 0.105998255 0.538187981
v -0.690579534 0.105998255 0.646619797
v -0.690485716 0.105998255 0.668053389
v -0.691609621 0.105998255 0.678752184
v -0.696154594 0.105998255 0.699697256
v -0.701519012 0.105998255 0.714831591
v -0.714832425 0.10599827 0.307320118
v -0.724435925 0.104731224 0.295137644
v -0.7137568 0.10599827 0.304295063
v -0.712406278 0.10599827 0.30136776
v -0.710795999 0.10599827 0.298575401
v -0.758806348 0.101054125 0.789798975
v -0.722214103 0.104731224 0.2912848
v -0.718267322 0.104731224 0.285939217
v -0.707937717 0.10599827 0.294704437
v -0.705756426 0.10599827 0.292356968
v -0.703370333 0.10599827 0.290213823
v -0.704602003 0.104731224 0.274746656
v -0.70079267 0.10599827 0.288289309
v -0.698041201 0.10599827 0.286598682
v -0.693675637 0.10599827 0.284558535
v -0.698568225 0.104731224 0.271926165
v -0.735288382 0.101054125 0.289518356
v -0.727586031 0.101054125 0.27803278
v -0.721806884 0.101054125 0.272088051
v -0.739476562 0.101054125 0.299792767
v -0.748752236 0.0953269303 0.296960592
v -0.741737962 0.101054125 0.310604811
v -0.7055372 0.101054125 0.261585951
v -0.697749376 0.101054125 0.258769274
v -0.692233801 0.104731224 0.269952536
v -0.695071697 0.101054125 0.258064747
v -0.70042634 0.0953269303 0.249447107
v -0.706484675 0.0953269303 0.251486063
v -0.708733916 0.0881102234 0.24567914
v -0.694187522 0.0953269303 0.24795723
v -0.689630389 0.101054125 0.257023335
v -0.691020489 0.0953269303 0.247424841
v -0.709443569 0.0953269303 0.252708673
v -0.718233585 0.0881102234 0.250120878
v -0.710520864 0.101054125 0.264054298
v -0.702144861 0.0881102234 0.243462801
v -0.695358157 0.0881102234 0.241841555
v -0.715217829 0.0953269303 0.255568027
v -0.71525836 0.101054125 0.266964912
v -0.720702887 0.0953269303 0.258937597
v -0.725850821 0.0953269303 0.26278162
v -0.728287578 0.0953269303 0.264873266
v -0.729797602 0.0881102234 0.257965565
v -0.684964299 0.0881102234 0.240575314
v -0.684631348 0.0953269303 0.246793747
v -0.692220569 0.0801104605 0.239139318
v -0.685079098 0.0801104605 0.238433361
v -0.695761442 0.0801104605 0.239734411
v -0.699268579 0.0801104605 0.240487814
v -0.702736855 0.0801104605 0.241399288
v -0.706146955 0.0801104605 0.242462397
v -0.709508777 0.0801104605 0.243678808
v -0.712816 0.0801104605 0.245045185
v -0.719272614 0.0801104605 0.248242617
v -0.72540307 0.0801104605 0.252009392
v -0.724198461 0.0881102234 0.253784895
v -0.731157422 0.0801104605 0.256305933
v -0.736492753 0.0801104605 0.261097431
v -0.73498857 0.0881102234 0.262627363
v -0.739729166 0.0881102234 0.267728567
v -0.741365194 0.0801104605 0.266341448
v -0.734981179 0.0953269303 0.271757603
v -0.745937347 0.0881102234 0.27613759
v -0.747745872 0.0801104605 0.274983168
v -0.751335621 0.0801104605 0.281208038
v -0.740689278 0.0953269303 0.279489279
v -0.749430418 0.0881102234 0.28219533
v -0.754356146 0.0801104605 0.287754297
v -0.743900657 0.0953269303 0.285058498
v -0.752368927 0.0881102234 0.288564444
v -0.756759644 0.0801104605 0.294514179
v -0.754707813 0.0881102234 0.295141459
v -0.757729292 0.0801104605 0.297967196
v -0.75707531 0.0881102234 0.305311918
v -0.758540154 0.0801104605 0.301452637
v -0.759193301 0.0801104605 0.304967403
v -0.751371384 0.0953269303 0.309482336
v -0.757556438 0.0881102234 0.308761358
v -0.760022163 0.0801104605 0.312083244
v -0.757881999 0.0881102234 0.312234879
v -0.760195136 0.0801104605 0.315668821
v -0.760205984 0.0801104605 0.31926465
v -0.760141373 0.0801104605 0.320785522
v -0.761782765 0.0801104605 0.441674948
v -0.754127026 0.0881102234 0.543410063
v -0.761511207 0.0801104605 0.466805935
v -0.760626078 0.0801104605 0.492192745
v -0.756255984 0.0801104605 0.543678761
v -0.747103095 0.0801104605 0.595968246
v -0.751670599 0.0953269303 0.312675953
v -0.740257263 0.0801104605 0.622236967
v -0.747949362 0.0953269303 0.542629719
v -0.738327265 0.101054125 0.541414738
v -0.741996408 0.101054125 0.31336236
v -0.531478047 0.0953268632 1.94007075
v -0.535918236 0.0881101489 1.93375981
v -0.53597033 0.0881101489 1.9339577
v -0.537994146 0.0801103935 1.93321979
v -0.538086057 0.0801103935 1.93356943
v -0.538303971 0.0801103935 1.93561614
v -0.536159635 0.0881101489 1.93573701
v -0.529829621 0.0953268632 1.93508518
v -0.529936612 0.0953268632 1.93608928
v -0.520265639 0.101054035 1.93684137
v -0.532529354 0.0953268632 1.92223561
v -0.524081945 0.101054057 1.91743386
v -0.52368021 0.101054057 1.91826177
v -0.522117555 0.101054057 1.92294657
v -0.532594323 0.0953268632 1.92210186
v -0.520791769 0.101054035 1.9292717
v -0.531484127 0.0953268632 1.92546892
v -0.538317502 0.0881101489 1.9245677
v -0.537498236 0.0881101489 1.92708743
v -0.540289283 0.0801103935 1.92541742
v -0.539570332 0.0801103935 1.92764544
v -0.530378222 0.0953268632 1.93075013
v -0.53653276 0.0881101489 1.93170023
v -0.538653672 0.0801103935 1.93202674
v -0.53830266 0.0801103935 1.93545938
v -0.53615737 0.0881101489 1.93539631
v -0.538303971 0.0801103935 1.93561614
v -0.536159635 0.0881101489 1.93573701
v -0.529930472 0.0953268632 1.93521118
v -0.529936612 0.0953268632 1.93608928
v -0.520243764 0.101054035 1.93663692
v -0.520265639 0.101054035 1.93684137
v -0.522586823 0.101054035 1.94393921
v -0.529829621 0.0953268632 1.93508518
v -0.531478047 0.0953268632 1.94007075
v -0.53597033 0.0881101489 1.9339577
v -0.607004523 0.101054057 2.12010598
v -0.522299767 0.101054035 1.9432925
v -0.615282536 0.0953268632 2.11505342
v -0.53093648 0.0953268632 1.93884945
v -0.578420699 0.0881101489 2.01388144
v -0.536481321 0.0881101489 1.93599677
v -0.615627766 0.101054057 2.13152218
v -0.619525313 0.0953268632 2.12115884
v -0.624070287 0.101054057 2.13931799
v -0.559558928 0.0801103935 1.97227132
v -0.552221 0.0801103935 1.95892298
v -0.538392067 0.0801103935 1.93501449
v -0.573625386 0.0801103935 1.99928701
v -0.580351949 0.0801103935 2.01294947
v -0.620337844 0.0801103935 2.10694003
v -0.618423939 0.0881101489 2.10790944
v -0.622428894 0.0801103935 2.11069155
v -0.620597601 0.0881101489 2.11180997
v -0.623581767 0.0801103935 2.112499
v -0.62480855 0.0801103935 2.11426425
v -0.624418974 0.0881101489 2.11730838
v -0.626105428 0.0801103935 2.11598182
v -0.625838637 0.0881101489 2.11904144
v -0.627471089 0.0801103935 2.11764908
v -0.62275064 0.0953268632 2.12493992
v -0.627324104 0.0881101489 2.12071538
v -0.63039577 0.0801103935 2.12081432
v -0.631959438 0.0801103935 2.12231588
v -0.628144026 0.0953268632 2.13012218
v -0.632184029 0.0881101489 2.12538338
v -0.633576035 0.0801103935 2.12375069
v -0.635694385 0.0881101489 2.12814355
v -0.636952758 0.0801103935 2.12640667
v -0.63871789 0.0801103935 2.1276319
v -0.640532851 0.0801103935 2.12878895
v -0.630064726 0.0953268632 2.13169432
v -0.632042646 0.0953268632 2.13318706
v -0.641346574 0.0881101489 2.13174701
v -0.642390847 0.0801103935 2.1298728
v -0.643320322 0.0881101489 2.13279605
v -0.644289613 0.0801103935 2.13088179
v -0.646226406 0.0801103935 2.1318152
v -0.648198843 0.0801103935 2.13267136
v -0.650217891 0.0801103935 2.13345313
v -0.65384078 0.0801104084 2.13469625
v -0.638316035 0.0953268632 2.13718653
v -0.66516149 0.0881101713 2.14133763
v -0.665993571 0.0801104084 2.13935924
v -0.690214396 0.0801104084 2.15140152
v -0.681162715 0.101054072 2.16704726
v -0.686020732 0.0953268781 2.15864968
v -0.689139605 0.0881101713 2.15325904
v -0.7112993 0.0881101713 2.1680088
v -0.712598085 0.0801104084 2.1663003
v -0.732903004 0.0801104084 2.18385005
v -0.691634059 0.101054072 2.17355251
v -0.731400728 0.0881101713 2.1853826
v -0.742201447 0.0801104084 2.19355392
v -0.749205709 0.0881101713 2.20517325
v -0.75088799 0.0801104084 2.20384121
v -0.758934259 0.0801104084 2.21468401
v -0.766308188 0.0801104307 2.22606039
v -0.782747149 0.0881101862 2.25660253
v -0.771905303 0.0801104307 2.23602509
v -0.77804637 0.0801104307 2.24608517
v -0.784476042 0.0801104307 2.25533104
v -0.707529545 0.0953268781 2.17296743
v -0.797532916 0.0881101862 2.27475142
v -0.799138665 0.0801104307 2.2733283
v -0.807313561 0.0801104307 2.28220797
v -0.815993667 0.0801104307 2.29108906
v -0.825120807 0.0801104307 2.30002522
v -0.834632635 0.0801104307 2.30908227
v -0.877884269 0.0881101862 2.35350895
v -0.84445858 0.0801104307 2.31832719
v -0.854521036 0.0801104307 2.32783151
v -0.864740968 0.0801104307 2.33767796
v -0.874124289 0.0801104307 2.34705138
v -0.879314184 0.0801104456 2.35190964
v -0.888560891 0.0881102011 2.36220741
v -0.889838815 0.0801104456 2.36048341
v -0.899953723 0.0881102011 2.36987352
v -0.901069283 0.0801104456 2.36804152
v -0.884852648 0.0953269154 2.36720967
v -0.873734713 0.0953269005 2.35815144
v -0.792872906 0.0953269005 2.27888083
v -0.911984086 0.0881102011 2.37646604
v -0.919069052 0.0801104456 2.37737751
v -0.918213487 0.0881102011 2.37934446
v -0.925339222 0.0801104456 2.37993455
v -0.93173027 0.0801104456 2.38220763
v -0.938232899 0.0801104456 2.38419008
v -0.909243464 0.0953269154 2.38205719
v -0.964434266 0.0881102011 2.39388347
v -0.946657538 0.0801104456 2.38634205
v -0.965129137 0.0801104456 2.39185214
v -0.867270947 0.101054087 2.36538291
v -0.896715879 0.0953269154 2.37519336
v -0.891673088 0.10105411 2.38347769
v -0.915730596 0.0953269154 2.3850553
v -0.982566714 0.0881102011 2.40090537
v -1.00073552 0.0801104605 2.40733218
v -0.911863565 0.10105411 2.39395022
v -0.980080366 0.0953269154 2.4066186
v -0.999718904 0.0881102234 2.40922332
v -1.03225315 0.0801104605 2.42780423
v -0.996769428 0.0953269303 2.41471171
v -1.03093922 0.0881102234 2.42950249
v -1.05947518 0.0801104605 2.45258951
v -0.785615087 0.101054087 2.28531265
v -0.992174983 0.101054125 2.4232595
v -1.05791259 0.0881102234 2.45406151
v -1.08249533 0.0801104605 2.4808805
v -1.02712584 0.0953269303 2.43443012
v -1.02118635 0.101054125 2.4421041
v -1.08074296 0.0881102234 2.48211861
v -1.10169744 0.0801104829 2.51196265
v -1.05337727 0.0953269303 2.4583323
v -1.04631352 0.101054125 2.46498513
v -1.09981084 0.0881102234 2.51298451
v -1.16368425 0.0801104829 2.63861537
v -1.07565784 0.0953269303 2.48571563
v -1.06773722 0.101054125 2.49131703
v -1.09433603 0.0953269303 2.51595306
v -1.18806517 0.0881102383 2.70112276
v -1.1813736 0.0801104829 2.67760253
v -1.19010437 0.0801104829 2.70044899
v -1.18214715 0.0953269526 2.70307541
v -1.18853211 0.0953269526 2.72592068
v -1.19461143 0.0881102383 2.724545
v -1.1967063 0.0801104829 2.72407079
v -1.19250631 0.0953269526 2.74873114
v -1.19869614 0.0881102383 2.74799061
v -1.20082927 0.0801104829 2.74773622
v -1.19399881 0.0953269526 2.77141953
v -1.2002337 0.0881102383 2.77135921
v -1.20238197 0.0801104829 2.7713387
v -1.18329811 0.101054139 2.79284668
v -1.19915986 0.0881102383 2.79450274
v -1.20129693 0.0801104829 2.79472518
v -1.19295788 0.0953269526 2.79385471
v -1.17408228 0.101054139 2.83414555
v -1.18936682 0.0953269526 2.81588221
v -1.19545281 0.0881102383 2.81724119
v -1.19755006 0.0801104829 2.81770921
v -1.19117498 0.0801104829 2.84008646
v -1.18914568 0.0881102383 2.83938193
v -1.18226099 0.0801104829 2.86167812
v -1.18325567 0.0953269526 2.83733392
v -1.18032324 0.0881102383 2.86074996
v -1.17093694 0.0801104829 2.88234043
v -1.1555444 0.101054139 2.87283468
v -1.17469966 0.0953269526 2.85805798
v -1.16910946 0.0881102383 2.88121176
v -1.15734744 0.0801104829 2.90198827
v -1.16380537 0.0953269526 2.87793589
v -1.15564215 0.0881102234 2.9006834
v -1.1416297 0.0801104605 2.9205873
v -1.1283493 0.101054125 2.90831232
v -1.13547671 0.0953269303 2.91489959
v -1.14005291 0.0881102234 2.91912937
v -1.12449741 0.0801104605 2.93754554
v -1.11797607 0.0801104605 2.94346976
v -1.11206615 0.0801104605 2.94878173
v -1.10620832 0.0801104605 2.95401287
v -1.10041285 0.0801104605 2.95917726
v -1.0946871 0.0801104605 2.96429014
v -1.08904541 0.0801104605 2.96935534
v -1.03599882 0.0881102011 3.0159831
v -1.08350122 0.0801104605 2.97438598
v -1.07806063 0.0801104605 2.97939467
v -1.07273364 0.0801104605 2.98438931
v -1.06753206 0.0801104456 2.98937869
v -1.06246686 0.0801104456 2.99436808
v -1.05715311 0.0801104456 2.99977016
v -1.05271971 0.0801104456 3.0042057
v -1.04773343 0.0801104456 3.00887108
v -1.0426023 0.0801104456 3.01335645
v -1.03732812 0.0801104456 3.01766586
v -1.01489556 0.0801104456 3.03305984
v -1.03214061 0.0953269154 3.01109529
v -1.01380277 0.0881102011 3.03121352
v -0.996795774 0.0801104456 3.04257965
v -0.983445764 0.0881102011 3.04589915
v -0.990549684 0.0801104456 3.04534626
v -0.98421514 0.0801104456 3.04790211
v -0.977804542 0.0801104307 3.05024195
v -0.957691908 0.0881101862 3.0538609
v -0.964787126 0.0801104307 3.05426574
v -0.958186507 0.0801104307 3.05594873
v -1.0106312 0.0953269154 3.0258553
v -1.02613175 0.10105411 3.00348449
v -1.00569093 0.10105411 3.01751041
v -0.994800925 0.10105411 3.02347422
v -0.999171019 0.0953269154 3.03213143
v -0.971893907 0.101054087 3.03316784
v -0.981212974 0.0953269154 3.04008818
v -0.962583899 0.0953269005 3.04618955
v -0.960031986 0.101054087 3.03683424
v -0.956255555 0.0953269005 3.04780173
v -0.929563761 0.101054087 3.04245877
v -0.93052125 0.0953269005 3.05210996
v -0.791377783 0.101054072 3.04308105
v -0.931136012 0.0881101862 3.05830526
v -0.931347847 0.0801104307 3.06044054
v -0.80360198 0.0953268781 3.0540061
v -0.803164244 0.0881101713 3.0602181
v -0.803013444 0.0801104084 3.06235862
v -0.775430441 0.0801103935 3.05896091
v -0.775803685 0.0881101489 3.05684733
v -0.761827826 0.0801103935 3.05619168
v -0.74838686 0.0801103935 3.05271792
v -0.790191531 0.0953268781 3.05270767
v -0.776886106 0.0953268632 3.05071497
v -0.735833168 0.0881101489 3.04651737
v -0.735135794 0.0801103935 3.04854608
v -0.709315896 0.0801103935 3.03812885
v -0.753363371 0.101054057 3.03534436
v -0.737858057 0.0953268632 3.04062819
v -0.741011977 0.101054057 3.03145528
v -0.710221648 0.0881101489 3.03618383
v -0.696803808 0.0801103935 3.03189874
v -0.71285069 0.0953268632 3.03053856
v -0.693117976 0.101054057 3.00916815
v -0.693003893 0.101054057 3.00913072
v -0.689412475 0.0953268632 3.01816082
v -0.687033534 0.0881101489 3.0239346
v -0.686461449 0.0801103935 3.02604938
v -0.686213613 0.0801103935 3.02592325
v -0.586880624 0.101054072 1.11412156
v -0.578407168 0.104731165 1.12292409
v -0.578390121 0.104731165 1.12290728
v -0.586208224 0.101054072 1.11348259
v -0.593604982 0.0953268781 1.10713553
v -0.592412591 0.0953268781 1.10600293
v -0.597922325 0.0881101713 1.10265005
v -0.596395969 0.0881101713 1.10119987
v -0.599410057 0.0801104084 1.10110474
v -0.597768664 0.0801104084 1.09954536
v -0.598176241 0.0801104084 1.10570073
v -0.596679211 0.0801104084 1.10801482
v -0.594972491 0.0881101713 1.10670614
v -0.596296668 0.0881101713 1.10466588
v -0.598422408 0.0801104084 1.10519552
v -0.590842247 0.0953268781 1.10166144
v -0.590019763 0.0953268781 1.10290587
v -0.590912282 0.0953268781 1.10154188
v -0.582305789 0.101054072 1.0969857
v -0.582663834 0.101054072 1.09643805
v -0.572270632 0.104731165 1.09000742
v -0.596513629 0.0881101713 1.10419023
v -0.598527551 0.0801104084 1.10493076
v -0.59861815 0.0801104084 1.10466325
v -0.598695278 0.0801104084 1.10439205
v -0.59661746 0.0881101713 1.10385728
v -0.590669632 0.0953268781 1.10203934
v -0.598759294 0.0801104084 1.10411561
v -0.598809719 0.0801104084 1.10383403
v -0.596688509 0.0881101713 1.10351014
v -0.590587378 0.0953268781 1.10230291
v -0.596710682 0.0881101713 1.10333657
v -0.590515018 0.0953268781 1.10270786
v -0.59886694 0.0801104084 1.10327101
v -0.596723795 0.0881101713 1.103163
v -0.59886694 0.0801104084 1.10270023
v -0.596723795 0.0881101713 1.10280812
v -0.590515018 0.0953268781 1.10326326
v -0.596710682 0.0881101713 1.10263467
v -0.598809719 0.0801104084 1.10213709
v -0.596688509 0.0881101713 1.1024611
v -0.598695278 0.0801104084 1.10157919
v -0.590587378 0.0953268781 1.10366821
v -0.59661746 0.0881101713 1.10211396
v -0.59861815 0.0801104084 1.10130787
v -0.598527551 0.0801104084 1.10104048
v -0.596513629 0.0881101713 1.10178101
v -0.598422408 0.0801104084 1.1007756
v -0.598176241 0.0801104084 1.10027039
v -0.596296668 0.0881101713 1.10130525
v -0.590669632 0.0953268781 1.10393178
v -0.597376585 0.0801104084 1.09902203
v -0.595635891 0.0881101713 1.10027933
v -0.596543908 0.0801104084 1.09797561
v -0.594873905 0.0881101713 1.0993216
v -0.590842247 0.0953268781 1.1043098
v -0.590026498 0.0953268781 1.10322726
v -0.590915501 0.0953268781 1.1044358
v -0.582666397 0.101054072 1.10953701
v -0.582477093 0.101054072 1.10931206
v -0.582715571 0.101054072 1.10961163
v -0.572963893 0.104731165 1.11697936
v 0.385622323 0.080110237 1.67486691
v 0.383508146 0.0881099924 1.67449284
v 0.383519053 0.0881099924 1.67444265
v 0.377371311 0.0953267068 1.67340648
v 0.377501786 0.0953267068 1.67282796
v 0.383688122 0.0881099924 1.67390144
v 0.378356069 0.0953267068 1.67043674
v 0.385592759 0.080110237 1.67499936
v 0.385714233 0.080110237 1.67461109
v 0.38607356 0.080110237 1.67368543
v 0.384095669 0.0881099924 1.6728524
v 0.38479504 0.0881099924 1.67131221
v 0.38672924 0.080110237 1.67224169
v 0.402671397 0.0881099924 1.63863599
v 0.404596567 0.080110237 1.63958347
v 0.406942219 0.0881099924 1.62960589
v 0.416658193 0.0801102147 1.61195838
v 0.418092281 0.0881099775 1.60181618
v 0.42011711 0.0801102147 1.60252333
v 0.426177412 0.0801102147 1.58335876
v 0.401274562 0.0953267068 1.62702954
v 0.437060744 0.0881099775 1.52863312
v 0.438192695 0.0801102147 1.53430653
v 0.439183265 0.0801102147 1.52895188
v 0.437762052 0.0881099775 1.52256501
v 0.439903885 0.0801102147 1.52271545
v 0.430900782 0.0953266844 1.52770877
v 0.412215143 0.0953267068 1.59976053
v 0.392446965 0.101053894 1.62301588
v 0.437932998 0.0881099775 1.51553786
v 0.440080613 0.0801102147 1.51546335
v 0.431700379 0.0953266844 1.51575136
v 0.421306938 0.101053894 1.52626884
v 0.409217089 0.104730994 1.52445364
v 0.409761518 0.104730994 1.51650214
v 0.421993464 0.101053894 1.516083
v 0.369416624 0.101053894 1.66667116
v 0.437185436 0.0881099775 1.50750542
v 0.439306706 0.0801102147 1.50715184
v 0.434892565 0.0801102147 1.48959696
v 0.431028694 0.0953266844 1.50853133
v 0.432781607 0.0881099775 1.49000061
v 0.433876306 0.0801102147 1.48164546
v 0.355465233 0.104730994 1.67193317
v 0.368129075 0.101053894 1.67031336
v 0.367661744 0.101053894 1.67288327
v 0.368993044 0.105998039 1.61235178
v 0.345665067 0.105998039 1.65667045
v 0.38400507 0.105998039 1.57140779
v 0.395815909 0.105998039 1.52244294
v 0.396137327 0.105998039 1.51966083
v 0.34322691 0.105998039 1.66363335
v 0.342419565 0.105998039 1.6672163
v 0.396202892 0.105998039 1.51696622
v 0.341944516 0.105998039 1.67088032
v 0.395961851 0.105998039 1.51437569
v 0.391762406 0.105998039 1.4978441
v 0.36771962 0.101053894 1.67494667
v 0.377341717 0.0953267068 1.67363667
v 0.383556336 0.0881099924 1.67412126
v 0.377337873 0.0953267068 1.67360961
v 0.377362311 0.0953267068 1.6737318
v 0.383404642 0.0881099924 1.67219675
v 0.403589994 0.104730994 1.48355722
v 0.390045464 0.105998039 1.48441207
v 0.390058964 0.105998039 1.47157538
v 0.415808409 0.101053894 1.48278582
v 0.404973924 0.104730994 1.46185744
v 0.39164862 0.105998039 1.45929778
v 0.394660801 0.105998039 1.4475435
v 0.411362737 0.104730994 1.44171202
v 0.398940593 0.105998039 1.43627381
v 0.410685867 0.105998039 1.41504467
v 0.475240022 0.105998024 1.33840835
v 0.513142228 0.104730971 1.30397987
v 0.501238823 0.105998024 1.29750299
v 0.521204948 0.105998024 1.25428605
v 0.415818661 0.101053894 1.4732492
v 0.42665568 0.0953267068 1.49117184
v 0.425505728 0.0953267068 1.4821738
v 0.431731254 0.0881099775 1.48178041
v 0.433883995 0.0801102147 1.47442424
v 0.416994363 0.101053894 1.46416771
v 0.425514072 0.0953267068 1.47388041
v 0.431739002 0.0881099924 1.47428405
v 0.432659477 0.0881099924 1.46717727
v 0.434769779 0.0801102147 1.46758223
v 0.426534206 0.0953267068 1.4659996
v 0.434458643 0.0881099775 1.46015656
v 0.436506659 0.0801102147 1.46080446
v 0.428514689 0.0953267068 1.45827186
v 0.437171966 0.0881099775 1.45301116
v 0.439139575 0.0801102147 1.45387256
v 0.445487231 0.0881099775 1.43803513
v 0.447278112 0.0801102147 1.43921924
v 0.452779859 0.0801102147 1.43150687
v 0.459153861 0.0801102147 1.42359269
v 0.493212789 0.0801102147 1.38632166
v 0.422568768 0.101053894 1.44661784
v 0.4314619 0.0953267068 1.45051193
v 0.432194084 0.101053894 1.42925322
v 0.440289527 0.0953266844 1.43460131
v 0.495994836 0.101053879 1.35369551
v 0.508821368 0.0881099775 1.36314344
v 0.510549903 0.0801102147 1.36441624
v 0.539758801 0.0801102147 1.31846094
v 0.503806233 0.0953266844 1.35944986
v 0.537873507 0.0881099775 1.31743503
v 0.562087893 0.0801101997 1.27013755
v 0.532401919 0.0953266844 1.31445885
v 0.560086846 0.0881099775 1.26936233
v 0.578172684 0.0801101997 1.22000408
v 0.523880243 0.101053879 1.30982161
v 0.576095819 0.0881099552 1.21946406
v 0.588769317 0.0801101997 1.16850913
v 0.592259765 0.0801101997 1.14235342
v 0.596030474 0.0881099552 1.08708906
v 0.594595671 0.0801101997 1.11685467
v 0.596049786 0.0801101997 1.10154319
v 0.598143339 0.0801101997 1.08746064
v 0.604516745 0.0801101997 1.05982518
v 0.554279804 0.0953266844 1.26711118
v 0.560682654 0.101053879 1.21545041
v 0.570069551 0.0953266695 1.21789432
v 0.59646821 0.0953266695 1.05751753
v 0.602453947 0.0881099552 1.05923378
v 0.606745362 0.0881099552 1.04563081
v 0.608774066 0.0801101997 1.04633021
v 0.613730669 0.0801101997 1.03308332
v 0.54885447 0.104730971 1.21237135
v 0.535743237 0.105998024 1.20895815
v 0.554962397 0.105998024 1.07987034
v 0.587144375 0.101053879 1.05484354
v 0.575395823 0.104730971 1.05147386
v 0.56732285 0.105998024 1.03204715
v 0.591924191 0.104730971 1.0073005
v 0.579648018 0.105998024 1.00156927
v 0.604004383 0.105998024 0.958597898
v 0.715794921 0.105998009 0.811623573
v 0.751415253 0.104730941 0.777421236
v 0.739299655 0.105997987 0.771357059
v 0.758467436 0.105997987 0.725129128
v 0.782293558 0.104730941 0.678007841
v 0.765048504 0.105997987 0.701335192
v 0.768788934 0.105997987 0.67687273
v 0.769059539 0.105997987 0.651578426
v 0.745374203 0.105998009 0.492605448
v 0.748197317 0.104730956 0.296801329
v 0.741907597 0.105998009 0.343972683
v 0.739206433 0.105998009 0.319966555
v 0.735282183 0.105998009 0.301025867
v 0.734526873 0.105998009 0.299313307
v 0.743029833 0.104730956 0.287299395
v 0.733168602 0.105998009 0.296868086
v 0.730960011 0.105998009 0.293867588
v 0.729022503 0.105998009 0.291838884
v 0.735007644 0.104730956 0.279201269
v 0.726874948 0.105998009 0.290033817
v 0.72454989 0.105998009 0.288479567
v 0.725003123 0.104730956 0.27376318
v 0.722912073 0.105998009 0.287588596
v 0.720340252 0.105998009 0.286481619
v 0.754976988 0.101053864 0.283146858
v 0.75053978 0.101053864 0.277118683
v 0.752871871 0.101053864 0.280056238
v 0.759848237 0.101053864 0.292990685
v 0.764626741 0.101053864 0.315778017
v 0.763185024 0.0953266695 0.277982473
v 0.766429901 0.0953266695 0.283825636
v 0.769094229 0.0953266695 0.289966822
v 0.774194241 0.0953266695 0.314201832
v 0.772030592 0.0881099552 0.28110528
v 0.760683179 0.0953266695 0.274308205
v 0.757909536 0.0953266695 0.270815372
v 0.768454671 0.0881099552 0.274665594
v 0.765697718 0.0881099552 0.270618677
v 0.76100719 0.0881099552 0.264927149
v 0.756427169 0.0953266695 0.26914525
v 0.745261073 0.101053864 0.271789789
v 0.751634479 0.0953266695 0.264481068
v 0.742344022 0.101053864 0.269428015
v 0.736051559 0.101053864 0.265384912
v 0.746355772 0.0953266695 0.260364532
v 0.767426133 0.0801101997 0.269347191
v 0.770270586 0.0801101997 0.273524046
v 0.764271259 0.0801101997 0.26537323
v 0.771574855 0.0801101997 0.275682688
v 0.762585282 0.0801101997 0.263474464
v 0.759026051 0.0801101997 0.259881258
v 0.773960948 0.0801101997 0.280169249
v 0.755726576 0.0881099552 0.259787321
v 0.757136226 0.0801101997 0.25817132
v 0.75519681 0.0801101997 0.256541252
v 0.775031209 0.0881099552 0.288025618
v 0.777076602 0.0801101997 0.2873559
v 0.751904368 0.0881099552 0.256694078
v 0.753192544 0.0801101997 0.254977942
v 0.780336857 0.0881099552 0.313190222
v 0.784085035 0.0801101997 0.324184656
v 0.749908566 0.0881099552 0.255251646
v 0.749041319 0.0801101997 0.252091646
v 0.781955481 0.0881099552 0.324446917
v 0.785249829 0.0801101997 0.335591793
v 0.745797753 0.0881099552 0.25261116
v 0.746891141 0.0801101997 0.250765085
v 0.777582526 0.0953266695 0.347374439
v 0.783802867 0.0881099552 0.347123623
v 0.785946608 0.0801101997 0.347037554
v 0.786177397 0.0801101997 0.358922958
v 0.784133315 0.0881099403 0.446161747
v 0.785306454 0.0801101848 0.403178692
v 0.785566688 0.0801101848 0.424631596
v 0.786277056 0.0801101848 0.44606781
v 0.787436008 0.0801101848 0.467479467
v 0.789044261 0.0801101848 0.488859177
v 0.791477323 0.0881099403 0.531771421
v 0.791101217 0.0801101848 0.510201693
v 0.79360497 0.0801101848 0.531497717
v 0.796556711 0.0801101848 0.552742243
v 0.799953938 0.0801101848 0.573926449
v 0.77791357 0.0953266695 0.446432829
v 0.810684919 0.0881099403 0.648851633
v 0.811105251 0.0801101848 0.632276297
v 0.812827349 0.0801101848 0.648711443
v 0.812490582 0.0801101848 0.680544376
v 0.804468393 0.0953266472 0.64925909
v 0.794476032 0.101053841 0.679031134
v 0.810351253 0.0881099403 0.68036437
v 0.807895184 0.0801101848 0.71064806
v 0.804144382 0.0953266472 0.679843664
v 0.805798292 0.0881099403 0.710191727
v 0.800097346 0.0801101848 0.738871098
v 0.78293705 0.101053841 0.733206749
v 0.7997123 0.0953266472 0.708868742
v 0.798059583 0.0881099403 0.738198757
v 0.795319319 0.0801101848 0.75230813
v 0.790112615 0.0801101848 0.765332699
v 0.776586771 0.0881099403 0.790022612
v 0.784583926 0.0801101848 0.777979136
v 0.778505564 0.0801101848 0.790982962
v 0.774128675 0.0801101848 0.799168587
v 0.765849352 0.0801101848 0.813852787
v 0.79214716 0.0953266472 0.736245871
v 0.74150002 0.0881099403 0.848199129
v 0.757134914 0.0801101848 0.828281164
v 0.752617955 0.0801101848 0.835394382
v 0.743267059 0.0801101848 0.849415064
v 0.733498454 0.0801101848 0.863154411
v 0.696953058 0.0801101997 0.911486864
v 0.638546109 0.0881099552 0.981954813
v 0.64860785 0.0801101997 0.971575975
v 0.6403234 0.0801101997 0.9831568
v 0.625695825 0.0801101997 1.00745344
v 0.771018147 0.0953266472 0.787234306
v 0.736373067 0.0953266472 0.844667435
v 0.762344241 0.101053841 0.782892704
v 0.609743953 0.101053864 0.998959422
v 0.63338697 0.0953266695 0.978466988
v 0.623802066 0.0881099552 1.00644553
v 0.602999091 0.101053864 1.01246989
v 0.618304849 0.0953266695 1.00351822
v 0.617430687 0.0881099552 1.01920772
v 0.61937511 0.0801101997 1.02011538
v 0.605968237 0.0953266695 1.02994382
v 0.6117419 0.0881099552 1.03227854
v 0.383573055 0.0881099924 1.67347205
v 0.377341092 0.0953267068 1.67364693
v 0.377341717 0.0953267068 1.67363667
v 0.377337873 0.0953267068 1.67360961
v 0.287009239 0.080110237 2.44299102
v 0.301549464 0.0801102147 2.44022179
v 0.300110877 0.0881099775 2.43831277
v 0.286604941 0.0881099924 2.44088387
v 0.295935869 0.0953266844 2.43277049
v 0.285433084 0.0953267068 2.43476963
v 0.289433271 0.101053894 2.42413759
v 0.283608168 0.101053894 2.42524719
v 0.281308264 0.104730994 2.41324735
v -0.682892919 -0.697442234 0.298454344
v -0.682892919 -0.247442439 0.298454374
v -0.457475781 -0.0737756267 0.298454344
v -0.23289305 -0.697442353 0.298454344
v -0.682892919 -0.247442439 0.298454374
v -0.457475752 0.00255768001 0.298454344
v -0.932892919 0.00255776942 0.298454344
v -0.23289305 -0.697442293 0.148454353
v -0.682892919 -0.697442234 0.148454353
v -0.682892919 -0.697442234 0.298454344
v -0.23289305 -0.697442353 0.298454344
v 0.0171069279 -0.947442353 0.148454368
v -0.23289305 -0.697442293 0.148454353
v -0.23289305 -0.697442353 0.298454344
v 0.0171069279 -0.947442353 0.298454344
v -0.23289305 -0.697442353 0.298454344
v -0.457475781 -0.0737756267 0.298454344
v 0.017107062 -0.0737757012 0.298454344
v 0.0171069279 -0.947442353 0.298454344
v -0.682892919 -0.697442234 0.148454353
v -0.682892919 -0.247442126 0.148454353
v -0.682892919 -0.247442439 0.298454374
v -0.682892919 -0.697442234 0.298454344
v -0.682892919 -0.247442126 0.148454353
v -0.932892919 0.00255775452 0.148454368
v -0.932892919 0.00255776942 0.298454344
v -0.682892919 -0.247442439 0.298454374
v -0.457475752 0.00255769491 0.148454368
v -0.457475781 -0.0737756267 0.148454353
v -0.457475781 -0.0737756267 0.298454344
v -0.457475752 0.00255768001 0.298454344
v 0.017107062 -0.0737757012 0.298454344
v -0.457475781 -0.0737756267 0.298454344
v -0.457475781 -0.0737756267 0.148454353
v 0.017107062 -0.0737757012 0.148454353
v 0.491689891 -0.0737757757 0.148454353
v 0.491689891 -0.0737757757 0.298454344
v 0.017107062 -0.0737757012 -0.00154560781
v -0.457475781 -0.0737756342 -0.00154560781
v 0.491689891 -0.0737757832 -0.00154560781
v 0.717106938 -0.697442472 0.298454344
v 0.26710698 -0.697442472 0.298454344
v 0.491689891 -0.0737757757 0.298454344
v 0.717107177 -0.247442663 0.298454374
v 0.717107177 -0.247442663 0.298454374
v 0.491689891 0.002557531 0.298454344
v 0.967107058 0.0025574863 0.298454344
v 0.26710698 -0.697442472 0.148454353
v 0.26710698 -0.697442472 0.298454344
v 0.717106938 -0.697442472 0.298454344
v 0.717106938 -0.697442472 0.148454353
v 0.0171069279 -0.947442353 0.148454368
v 0.0171069279 -0.947442353 0.298454344
v 0.26710698 -0.697442472 0.298454344
v 0.26710698 -0.697442472 0.148454353
v 0.26710698 -0.697442472 0.298454344
v 0.0171069279 -0.947442353 0.298454344
v 0.017107062 -0.0737757012 0.298454344
v 0.491689891 -0.0737757757 0.298454344
v 0.717106938 -0.697442472 0.148454353
v 0.717106938 -0.697442472 0.298454344
v 0.717107177 -0.247442663 0.298454374
v 0.717107177 -0.247442365 0.148454353
v 0.717107177 -0.247442365 0.148454353
v 0.717107177 -0.247442663 0.298454374
v 0.967107058 0.0025574863 0.298454344
v 0.967107058 0.00255745649 0.148454368
v 0.491689891 0.0025575459 0.148454368
v 0.491689891 0.002557531 0.298454344
v 0.491689891 -0.0737757757 0.298454344
v 0.491689891 -0.0737757757 0.148454353
v -0.68289268 0.702557743 0.298454344
v -0.232892826 0.702557623 0.298454344
v -0.457475722 0.0788909942 0.298454344
v -0.682892799 0.252557933 0.298454344
v -0.682892799 0.252557933 0.298454344
v -0.457475752 0.00255768001 0.298454344
v -0.932892919 0.00255776942 0.298454344
v -0.232892826 0.702557683 0.148454368
v -0.232892826 0.702557623 0.298454344
v -0.68289268 0.702557743 0.298454344
v -0.68289268 0.702557743 0.148454368
v 0.017107226 0.952557623 0.148454353
v 0.017107226 0.952557623 0.298454374
v -0.232892826 0.702557623 0.298454344
v -0.232892826 0.702557683 0.148454368
v -0.232892826 0.702557623 0.298454344
v 0.017107226 0.952557623 0.298454374
v 0.0171070844 0.0788909346 0.298454344
v -0.457475722 0.0788909942 0.298454344
v -0.68289268 0.702557743 0.148454368
v -0.68289268 0.702557743 0.298454344
v -0.682892799 0.252557933 0.298454344
v -0.682892799 0.252557576 0.148454353
v -0.682892799 0.252557576 0.148454353
v -0.682892799 0.252557933 0.298454344
v -0.932892919 0.00255776942 0.298454344
v -0.932892919 0.00255775452 0.148454368
v -0.457475752 0.00255769491 0.148454368
v -0.457475752 0.00255768001 0.298454344
v -0.457475722 0.0788909942 0.298454344
v -0.457475722 0.0788909942 0.148454368
v 0.0171070844 0.0788909346 0.298454344
v -0.457475722 0.0788909942 0.148454368
v -0.457475722 0.0788909942 0.298454344
v 0.0171070844 0.0788909644 0.148454368
v 0.491689891 0.078890875 0.148454368
v 0.491689891 0.078890875 0.298454344
v 0.0171070844 0.0788909346 -0.00154560804
v -0.457475722 0.078891024 -0.00154560804
v 0.491689891 0.078890875 -0.00154560804
v 0.717107177 0.702557445 0.298454344
v 0.717107296 0.252557695 0.298454344
v 0.491689891 0.078890875 0.298454344
v 0.267107189 0.702557504 0.298454344
v 0.717107296 0.252557695 0.298454344
v 0.491689891 0.002557531 0.298454344
v 0.967107058 0.0025574863 0.298454344
v 0.267107189 0.702557504 0.148454368
v 0.717107177 0.702557445 0.148454368
v 0.717107177 0.702557445 0.298454344
v 0.267107189 0.702557504 0.298454344
v 0.017107226 0.952557623 0.148454353
v 0.267107189 0.702557504 0.148454368
v 0.267107189 0.702557504 0.298454344
v 0.017107226 0.952557623 0.298454374
v 0.267107189 0.702557504 0.298454344
v 0.491689891 0.078890875 0.298454344
v 0.0171070844 0.0788909346 0.298454344
v 0.017107226 0.952557623 0.298454374
v 0.717107177 0.702557445 0.148454368
v 0.717107296 0.252557397 0.148454353
v 0.717107296 0.252557695 0.298454344
v 0.717107177 0.702557445 0.298454344
v 0.717107296 0.252557397 0.148454353
v 0.967107058 0.00255745649 0.148454368
v 0.967107058 0.0025574863 0.298454344
v 0.717107296 0.252557695 0.298454344
v 0.491689891 0.0025575459 0.148454368
v 0.491689891 0.078890875 0.148454368
v 0.491689891 0.078890875 0.298454344
v 0.491689891 0.002557531 0.298454344
v -0.682892919 -0.697442234 -0.00154560781
v -0.23289305 -0.697442293 -0.00154560781
v -0.457475781 -0.0737756342 -0.00154560781
v -0.682892919 -0.247442454 -0.00154560781
v -0.682892919 -0.247442454 -0.00154560781
v -0.457475752 0.00255768001 -0.00154560781
v -0.932892919 0.00255775452 -0.00154560781
v -0.23289305 -0.697442293 0.148454353
v -0.23289305 -0.697442293 -0.00154560781
v -0.682892919 -0.697442234 -0.00154560781
v -0.682892919 -0.697442234 0.148454353
v 0.0171069279 -0.947442353 0.148454368
v 0.0171069279 -0.947442353 -0.00154560781
v -0.23289305 -0.697442293 -0.00154560781
v -0.23289305 -0.697442293 0.148454353
v -0.23289305 -0.697442293 -0.00154560781
v 0.0171069279 -0.947442353 -0.00154560781
v 0.017107062 -0.0737757012 -0.00154560781
v -0.457475781 -0.0737756342 -0.00154560781
v -0.682892919 -0.697442234 0.148454353
v -0.682892919 -0.697442234 -0.00154560781
v -0.682892919 -0.247442454 -0.00154560781
v -0.682892919 -0.247442126 0.148454353
v -0.682892919 -0.247442126 0.148454353
v -0.682892919 -0.247442454 -0.00154560781
v -0.932892919 0.00255775452 -0.00154560781
v -0.932892919 0.00255775452 0.148454368
v -0.457475752 0.00255769491 0.148454368
v -0.457475752 0.00255768001 -0.00154560781
v -0.457475781 -0.0737756342 -0.00154560781
v -0.457475781 -0.0737756267 0.148454353
v 0.717106938 -0.697442472 -0.00154560781
v 0.717107177 -0.247442663 -0.00154560781
v 0.491689891 -0.0737757832 -0.00154560781
v 0.26710698 -0.697442472 -0.00154560781
v 0.717107177 -0.247442663 -0.00154560781
v 0.491689891 0.0025575459 -0.00154560781
v 0.967107058 0.00255745649 -0.00154560781
v 0.26710698 -0.697442472 0.148454353
v 0.717106938 -0.697442472 0.148454353
v 0.717106938 -0.697442472 -0.00154560781
v 0.26710698 -0.697442472 -0.00154560781
v 0.0171069279 -0.947442353 0.148454368
v 0.26710698 -0.697442472 0.148454353
v 0.26710698 -0.697442472 -0.00154560781
v 0.0171069279 -0.947442353 -0.00154560781
v 0.26710698 -0.697442472 -0.00154560781
v 0.491689891 -0.0737757832 -0.00154560781
v 0.017107062 -0.0737757012 -0.00154560781
v 0.0171069279 -0.947442353 -0.00154560781
v 0.717106938 -0.697442472 0.148454353
v 0.717107177 -0.247442365 0.148454353
v 0.717107177 -0.247442663 -0.00154560781
v 0.717106938 -0.697442472 -0.00154560781
v 0.717107177 -0.247442365 0.148454353
v 0.967107058 0.00255745649 0.148454368
v 0.967107058 0.00255745649 -0.00154560781
v 0.717107177 -0.247442663 -0.00154560781
v 0.491689891 0.0025575459 0.148454368
v 0.491689891 -0.0737757757 0.148454353
v 0.491689891 -0.0737757832 -0.00154560781
v 0.491689891 0.0025575459 -0.00154560781
v -0.68289268 0.702557743 -0.00154560781
v -0.682892799 0.252557874 -0.00154560804
v -0.457475722 0.078891024 -0.00154560804
v -0.232892826 0.702557683 -0.00154560781
v -0.682892799 0.252557874 -0.00154560804
v -0.457475752 0.00255768001 -0.00154560781
v -0.932892919 0.00255775452 -0.00154560781
v -0.232892826 0.702557683 0.148454368
v -0.68289268 0.702557743 0.148454368
v -0.68289268 0.702557743 -0.00154560781
v -0.232892826 0.702557683 -0.00154560781
v 0.017107226 0.952557623 0.148454353
v -0.232892826 0.702557683 0.148454368
v -0.232892826 0.702557683 -0.00154560781
v 0.017107226 0.952557623 -0.00154560804
v -0.232892826 0.702557683 -0.00154560781
v -0.457475722 0.078891024 -0.00154560804
v 0.0171070844 0.0788909346 -0.00154560804
v 0.017107226 0.952557623 -0.00154560804
v -0.68289268 0.702557743 0.148454368
v -0.682892799 0.252557576 0.148454353
v -0.682892799 0.252557874 -0.00154560804
v -0.68289268 0.702557743 -0.00154560781
v -0.682892799 0.252557576 0.148454353
v -0.932892919 0.00255775452 0.148454368
v -0.932892919 0.00255775452 -0.00154560781
v -0.682892799 0.252557874 -0.00154560804
v -0.457475752 0.00255769491 0.148454368
v -0.457475722 0.0788909942 0.148454368
v -0.457475722 0.078891024 -0.00154560804
v -0.457475752 0.00255768001 -0.00154560781
v 0.717107177 0.702557445 -0.00154560781
v 0.267107189 0.702557504 -0.00154560781
v 0.491689891 0.078890875 -0.00154560804
v 0.717107296 0.252557695 -0.00154560804
v 0.717107296 0.252557695 -0.00154560804
v 0.491689891 0.0025575459 -0.00154560781
v 0.967107058 0.00255745649 -0.00154560781
v 0.267107189 0.702557504 0.148454368
v 0.267107189 0.702557504 -0.00154560781
v 0.717107177 0.702557445 -0.00154560781
v 0.717107177 0.702557445 0.148454368
v 0.017107226 0.952557623 0.148454353
v 0.017107226 0.952557623 -0.00154560804
v 0.267107189 0.702557504 -0.00154560781
v 0.267107189 0.702557504 0.148454368
v 0.267107189 0.702557504 -0.00154560781
v 0.017107226 0.952557623 -0.00154560804
v 0.0171070844 0.0788909346 -0.00154560804
v 0.491689891 0.078890875 -0.00154560804
v 0.717107177 0.702557445 0.148454368
v 0.717107177 0.702557445 -0.00154560781
v 0.717107296 0.252557695 -0.00154560804
v 0.717107296 0.252557397 0.148454353
v 0.717107296 0.252557397 0.148454353
v 0.717107296 0.252557695 -0.00154560804
v 0.967107058 0.00255745649 -0.00154560781
v 0.967107058 0.00255745649 0.148454368
v 0.491689891 0.0025575459 0.148454368
v 0.491689891 0.0025575459 -0.00154560781
v 0.491689891 0.078890875 -0.00154560804
v 0.491689891 0.078890875 0.148454368
v 0.142444685 -0.0752165169 2.68390465
v 0.14244476 0.0801102519 2.68390465
v 0.141122431 -0.0752165169 2.6625905
v 0.141122505 0.0801102519 2.6625905
v 0.141172007 0.0801102519 2.65826321
v 0.141122431 -0.0752165169 2.6625905
v 0.141122505 0.0801102519 2.6625905
v 0.141171932 -0.0752165169 2.65826321
v 0.141447768 0.0801102519 2.65355015
v 0.141447693 -0.0752165169 2.65355015
v 0.149018958 -0.0752165169 2.60545826
v 0.149019033 0.0801102519 2.60545826
v 0.147278562 -0.0752165169 2.61827826
v 0.147278637 0.0801102519 2.61827826
v 0.211344808 -0.0752165318 2.57120466
v 0.211344898 0.080110237 2.57120466
v 0.239447832 -0.0752165318 2.54360652
v 0.239447922 0.080110237 2.54360652
v 0.262891918 0.080110237 2.51152921
v 0.262891829 -0.0752165392 2.51152921
v 0.301549464 0.0801102147 2.44022179
v 0.301549375 -0.0752165467 2.44022179
v 0.28700915 -0.0752165392 2.44299102
v 0.287009239 0.080110237 2.44299102
v 0.333154798 0.0801102147 2.43402147
v 0.333154708 -0.0752165467 2.43402147
v 0.339634269 0.0801102147 2.43279362
v 0.33963418 -0.0752165467 2.43279362
v 0.346089929 0.0801102147 2.43159294
v 0.34608984 -0.0752165467 2.43159294
v 0.352518588 0.0801102147 2.43042302
v 0.352518499 -0.0752165467 2.43042302
v 0.359450579 0.0801102147 2.42919779
v 0.359450489 -0.0752165467 2.42919779
v 0.365888268 0.0801102147 2.42793417
v 0.365888178 -0.0752165541 2.42793417
v 0.372629881 -0.0752165541 2.42635655
v 0.37262997 0.0801102147 2.42635655
v 0.385902494 -0.0752165541 2.4224894
v 0.385902584 0.0801102147 2.4224894
v 0.398845434 0.0801101997 2.41768789
v 0.398845345 -0.0752165541 2.41768789
v 0.417542547 -0.0752165616 2.40877342
v 0.417542666 0.0801101997 2.40877342
v 0.42355606 0.0801101997 2.40535617
v 0.42355594 -0.0752165616 2.40535617
v 0.429446071 0.0801101997 2.40172577
v 0.429445952 -0.0752165616 2.40172577
v 0.435212046 0.0801101997 2.39788055
v 0.435211927 -0.0752165616 2.39788055
v 0.446310669 0.0801101997 2.3895781
v 0.44631055 -0.0752165616 2.3895781
v 0.451616913 -0.0752165616 2.38514256
v 0.451617032 0.0801101997 2.38514256
v 0.456754953 0.0801101997 2.38052487
v 0.456754833 -0.0752165616 2.38052487
v 0.461722404 -0.0752165616 2.37572956
v 0.461722523 0.0801101997 2.37572956
v 0.466514498 -0.0752165616 2.37075806
v 0.466514617 0.0801101997 2.37075806
v 0.471124798 0.0801101997 2.36561823
v 0.471124679 -0.075216569 2.36561823
v 0.475548476 -0.075216569 2.36031771
v 0.475548595 0.0801101997 2.36031771
v 0.483821958 -0.075216569 2.34924221
v 0.483822078 0.0801101997 2.34924221
v 0.487664014 -0.075216569 2.34347486
v 0.487664133 0.0801101997 2.34347486
v 0.490768105 -0.075216569 2.33843017
v 0.490768224 0.0801101997 2.33843017
v 0.492948502 -0.075216569 2.33496809
v 0.492948622 0.0801101997 2.33496809
v 0.495377034 -0.075216569 2.33093238
v 0.495377153 0.0801101997 2.33093238
v 0.497681588 0.0801101997 2.32694721
v 0.497681469 -0.075216569 2.32694721
v 0.499876767 0.0801101997 2.32301307
v 0.499876648 -0.075216569 2.32301307
v 0.501974821 0.0801101997 2.3191371
v 0.501974702 -0.075216569 2.3191371
v 0.503983617 0.0801101997 2.31533027
v 0.503983498 -0.075216569 2.31533027
v 0.50591588 0.0801101997 2.31159687
v 0.505915761 -0.075216569 2.31159687
v 0.50777936 0.0801101997 2.30794334
v 0.514554381 -0.075216569 2.29456401
v 0.513029814 0.0801101848 2.29754925
v 0.514554501 0.0801101848 2.29456401
v 0.518201709 -0.0752165839 2.28775549
v 0.518201828 0.0801101848 2.28775549
v 0.521814823 -0.0752165839 2.28154588
v 0.521814942 0.0801101848 2.28154588
v 0.525507092 -0.0752165839 2.27575302
v 0.525507212 0.0801101848 2.27575302
v 0.53313911 -0.0752165839 2.26546168
v 0.533139229 0.0801101848 2.26546168
v 0.541143298 -0.0752165839 2.25689054
v 0.541143417 0.0801101848 2.25689054
v 0.549680352 -0.0752165839 2.24989295
v 0.549680471 0.0801101848 2.24989295
v 0.554262877 -0.0752165839 2.24690914
v 0.554262996 0.0801101848 2.24690914
v 0.559149623 0.0801101848 2.24423122
v 0.559149504 -0.0752165839 2.24423122
v 0.566056371 -0.0752165839 2.24111104
v 0.56605649 0.0801101848 2.24111104
v 0.574121833 0.0801101848 2.23741889
v 0.574121714 -0.0752165839 2.23741889
v 0.582760334 -0.0752165839 2.23299623
v 0.582760453 0.0801101848 2.23299623
v 0.591180444 0.0801101848 2.22820878
v 0.591180325 -0.0752165914 2.22820878
v 0.607321143 -0.0752165914 2.2175715
v 0.607321262 0.0801101848 2.2175715
v 0.629621267 -0.0752165988 2.19909239
v 0.629621387 0.0801101625 2.19909239
v 0.643087506 0.0801101625 2.18519092
v 0.643087387 -0.0752165988 2.18519092
v 0.660138369 -0.0752165988 2.16439128
v 0.660138488 0.0801101625 2.16439128
v 0.672346592 0.0801101625 2.15137696
v 0.672346473 -0.0752165988 2.15137696
v 0.678825378 0.0801101625 2.14526653
v 0.678825259 -0.0752165988 2.14526653
v 0.685541987 -0.0752165988 2.13942981
v 0.685542107 0.0801101625 2.13942981
v 0.707034111 -0.0752166063 2.12362981
v 0.70703423 0.0801101625 2.12362981
v 0.714616656 0.0801101625 2.11895537
v 0.714616537 -0.0752166063 2.11895537
v 0.722391963 -0.0752166063 2.11458945
v 0.722392082 0.0801101625 2.11458945
v 0.730354309 -0.0752166063 2.11053586
v 0.730354428 0.0801101625 2.11053586
v 0.739415288 -0.0752166063 2.1063807
v 0.739415407 0.0801101476 2.1063807
v 0.746588349 -0.0752166137 2.10304475
v 0.746588469 0.0801101476 2.10304475
v 0.754332185 -0.0752166137 2.09902716
v 0.754332304 0.0801101476 2.09902716
v 0.761881232 -0.0752166137 2.09468699
v 0.761881351 0.0801101476 2.09468699
v 0.769227982 0.0801101476 2.09003186
v 0.769227862 -0.0752166137 2.09003186
v 0.776358604 0.0801101476 2.08507061
v 0.776358485 -0.0752166137 2.08507061
v 0.783267379 0.0801101476 2.0798111
v 0.78326726 -0.0752166137 2.0798111
v 0.78994298 0.0801101476 2.07425857
v 0.789942861 -0.0752166137 2.07425857
v 0.796378732 0.0801101476 2.06842208
v 0.796378613 -0.0752166137 2.06842208
v 0.808484554 0.0801101476 2.05592465
v 0.808484435 -0.0752166137 2.05592465
v 0.814139247 -0.0752166286 2.04927683
v 0.814139366 0.0801101476 2.04927683
v 0.819150567 0.0801101476 2.04283834
v 0.819150448 -0.0752166286 2.04283834
v 0.909461141 -0.0752166361 1.9233284
v 0.90946126 0.0801101252 1.9233284
v 0.935155392 0.0801101252 1.88888824
v 0.935155272 -0.0752166435 1.88888824
v 0.960636735 0.0801101252 1.85413063
v 0.960636616 -0.0752166435 1.85413063
v 0.973769188 0.0801101103 1.83590841
v 0.973769069 -0.0752166435 1.83590841
v 0.984519362 0.0801101103 1.81945014
v 0.984519243 -0.075216651 1.81945014
v 0.993959546 -0.075216651 1.80171251
v 0.993959665 0.0801101103 1.80171251
v 1.00158119 -0.075216651 1.78350449
v 1.00158131 0.0801101103 1.78350449
v 1.00736773 -0.075216651 1.76493132
v 1.00736785 0.0801101103 1.76493132
v 1.01132357 -0.075216651 1.74611008
v 1.01132369 0.0801101103 1.74611008
v 1.01347888 -0.075216651 1.72716546
v 1.01347899 0.0801101103 1.72716546
v 1.01389027 -0.075216651 1.70821047
v 1.01389039 0.0801101103 1.70821047
v 1.01263487 -0.075216651 1.68934679
v 1.01263499 0.0801101103 1.68934679
v 1.00548685 -0.075216651 1.6521914
v 1.00548697 0.0801101103 1.6521914
v 0.992662311 -0.0752166435 1.6158036
v 0.99266243 0.0801101252 1.6158036
v 0.983634114 -0.0752166435 1.59720218
v 0.983634233 0.0801101252 1.59720218
v 0.973029852 -0.0752166361 1.57976675
v 0.973029971 0.0801101252 1.57976675
v 0.960958719 0.0801101252 1.56377637
v 0.9609586 -0.0752166361 1.56377637
v 0.947481632 -0.0752166361 1.54933655
v 0.947481751 0.0801101252 1.54933655
v 0.932702899 -0.0752166361 1.53654981
v 0.932703018 0.0801101252 1.53654981
v 0.916765213 -0.0752166286 1.52549493
v 0.916765332 0.0801101476 1.52549493
v 0.89983201 0.0801101476 1.51620901
v 0.899831891 -0.0752166286 1.51620901
v 0.882066846 -0.0752166137 1.5086844
v 0.882066965 0.0801101476 1.5086844
v 0.863614559 0.0801101476 1.50287473
v 0.86361444 -0.0752166137 1.50287473
v 0.844591975 -0.0752166137 1.49870932
v 0.844592094 0.0801101476 1.49870932
v 0.825092673 0.0801101476 1.49610341
v 0.825092554 -0.0752166063 1.49610341
v 0.807181001 0.0801101625 1.49508011
v 0.807180882 -0.0752166063 1.49508011
v 0.803045869 0.0801101625 1.49475098
v 0.80304575 -0.0752166063 1.49475098
v 0.797680378 0.0801101625 1.49450409
v 0.797680259 -0.0752166063 1.49450409
v 0.792311549 -0.0752165988 1.49443853
v 0.792311668 0.0801101625 1.49443853
v 0.781605124 0.0801101625 1.49484742
v 0.781605005 -0.0752165988 1.49484742
v 0.776269197 0.0801101625 1.49532175
v 0.776269078 -0.0752165988 1.49532175
v 0.770955205 0.0801101625 1.49597228
v 0.770955086 -0.0752165988 1.49597228
v 0.765667439 0.0801101625 1.4968015
v 0.765667319 -0.0752165988 1.4968015
v 0.76040411 -0.0752165988 1.49780679
v 0.760404229 0.0801101625 1.49780679
v 0.744238853 -0.0752165988 1.50205958
v 0.744238973 0.0801101625 1.50205958
v 0.72626102 0.0801101625 1.50864446
v 0.7262609 -0.0752165914 1.50864446
v 0.694306016 0.0801101848 1.51621675
v 0.694305897 -0.0752165914 1.51621675
v 0.579012275 0.0801101997 1.52976704
v 0.579012156 -0.0752165616 1.52976704
v 0.535725236 0.0801101997 1.53968287
v 0.535725117 -0.0752165616 1.53968287
v 0.51346159 -0.0752165541 1.54755855
v 0.513461709 0.0801102147 1.54755855
v 0.506679416 -0.0752165541 1.55079699
v 0.506679535 0.0801102147 1.55079699
v 0.496748239 0.0801102147 1.55586219
v 0.49674812 -0.0752165541 1.55586219
v 0.491848141 0.0801102147 1.55852473
v 0.491848022 -0.0752165541 1.55852473
v 0.482195169 0.0801102147 1.56409907
v 0.48219505 -0.0752165467 1.56409907
v 0.477443546 0.0801102147 1.567011
v 0.477443427 -0.0752165467 1.567011
v 0.472743243 -0.0752165467 1.57000518
v 0.472743362 0.0801102147 1.57000518
v 0.468095154 -0.0752165467 1.5730803
v 0.468095273 0.0801102147 1.5730803
v 0.46350053 0.0801102147 1.57623529
v 0.46350041 -0.0752165467 1.57623529
v 0.378114372 0.080110237 1.63759851
v 0.378114283 -0.0752165392 1.63759851
v 0.371862471 0.080110237 1.64181662
v 0.371862382 -0.0752165318 1.64181662
v 0.363114476 -0.0752165318 1.646896
v 0.363114566 0.080110237 1.646896
v 0.357334405 -0.0752165318 1.64936304
v 0.357334495 0.080110237 1.64936304
v 0.355905443 -0.0752165318 1.64977705
v 0.355905533 0.080110237 1.64977705
v 0.355780751 -0.0752165318 1.64980018
v 0.35578084 0.080110237 1.64980018
v 0.357311249 -0.0752165318 1.6496948
v 0.357311338 0.080110237 1.6496948
v 0.36087817 -0.0752165318 1.64997506
v 0.360878259 0.080110237 1.64997506
v 0.366645396 -0.0752165318 1.65154088
v 0.366645485 0.080110237 1.65154088
v 0.374001622 -0.0752165318 1.65556097
v 0.374001712 0.080110237 1.65556097
v 0.381100833 0.080110237 1.66258681
v 0.381100744 -0.0752165392 1.66258681
v 0.38482064 -0.0752165392 1.66954064
v 0.384820729 0.080110237 1.66954064
v 0.385487229 -0.0752165392 1.6716671
v 0.385487318 0.080110237 1.6716671
v 0.385641515 -0.0752165392 1.67245519
v 0.385641605 0.080110237 1.67245519
v 0.385720581 -0.0752165392 1.67341292
v 0.38572067 0.080110237 1.67341292
v 0.385697424 -0.0752165392 1.67428708
v 0.385697514 0.080110237 1.67428708
v 0.385622233 -0.0752165392 1.67486691
v 0.385622323 0.080110237 1.67486691
v 0.385592669 -0.0752165392 1.67499936
v 0.385592759 0.080110237 1.67499936
v 0.385714233 0.080110237 1.67461109
v 0.385714144 -0.0752165392 1.67461109
v 0.38607347 -0.0752165392 1.67368543
v 0.38607356 0.080110237 1.67368543
v 0.38672924 0.080110237 1.67224169
v 0.386729151 -0.0752165392 1.67224169
v 0.404596567 0.080110237 1.63958347
v 0.404596478 -0.0752165392 1.63958347
v 0.416658193 0.0801102147 1.61195838
v 0.416658074 -0.0752165392 1.61195838
v 0.420116991 -0.0752165467 1.60252333
v 0.42011711 0.0801102147 1.60252333
v 0.426177293 -0.0752165467 1.58335876
v 0.426177412 0.0801102147 1.58335876
v 0.438192695 0.0801102147 1.53430653
v 0.438192576 -0.0752165467 1.53430653
v 0.439183265 0.0801102147 1.52895188
v 0.439183146 -0.0752165467 1.52895188
v 0.439903766 -0.0752165467 1.52271545
v 0.439903885 0.0801102147 1.52271545
v 0.440080494 -0.0752165467 1.51546335
v 0.440080613 0.0801102147 1.51546335
v 0.439306587 -0.0752165467 1.50715184
v 0.439306706 0.0801102147 1.50715184
v 0.434892446 -0.0752165392 1.48959696
v 0.434892565 0.0801102147 1.48959696
v 0.433876187 -0.0752165392 1.48164546
v 0.433876306 0.0801102147 1.48164546
v 0.433883876 -0.0752165392 1.47442424
v 0.433883995 0.0801102147 1.47442424
v 0.43476966 -0.0752165392 1.46758223
v 0.434769779 0.0801102147 1.46758223
v 0.43650654 -0.0752165392 1.46080446
v 0.436506659 0.0801102147 1.46080446
v 0.439139456 -0.0752165392 1.45387256
v 0.439139575 0.0801102147 1.45387256
v 0.447277993 -0.0752165467 1.43921924
v 0.447278112 0.0801102147 1.43921924
v 0.452779859 0.0801102147 1.43150687
v 0.45277974 -0.0752165467 1.43150687
v 0.459153742 -0.0752165467 1.42359269
v 0.459153861 0.0801102147 1.42359269
v 0.493212789 0.0801102147 1.38632166
v 0.49321267 -0.0752165467 1.38632166
v 0.510549903 0.0801102147 1.36441624
v 0.510549784 -0.0752165467 1.36441624
v 0.539758682 -0.0752165541 1.31846094
v 0.539758801 0.0801102147 1.31846094
v 0.562087774 -0.0752165541 1.27013755
v 0.562087893 0.0801101997 1.27013755
v 0.578172565 -0.0752165616 1.22000408
v 0.578172684 0.0801101997 1.22000408
v 0.588769197 -0.0752165616 1.16850913
v 0.588769317 0.0801101997 1.16850913
v 0.592259645 -0.0752165616 1.14235342
v 0.592259765 0.0801101997 1.14235342
v 0.594595671 0.0801101997 1.11685467
v 0.594595551 -0.0752165616 1.11685467
v 0.596049786 0.0801101997 1.10154319
v 0.596049666 -0.0752165616 1.10154319
v 0.598143339 0.0801101997 1.08746064
v 0.59814322 -0.0752165616 1.08746064
v 0.604516625 -0.0752165616 1.05982518
v 0.604516745 0.0801101997 1.05982518
v 0.608773947 -0.0752165616 1.04633021
v 0.608774066 0.0801101997 1.04633021
v 0.613730669 0.0801101997 1.03308332
v 0.61373055 -0.0752165616 1.03308332
v 0.61937499 -0.0752165616 1.02011538
v 0.61937511 0.0801101997 1.02011538
v 0.625695825 0.0801101997 1.00745344
v 0.625695705 -0.0752165616 1.00745344
v 0.640323281 -0.0752165616 0.9831568
v 0.6403234 0.0801101997 0.9831568
v 0.648607731 -0.0752165616 0.971575975
v 0.64860785 0.0801101997 0.971575975
v 0.696952939 -0.075216569 0.911486864
v 0.696953058 0.0801101997 0.911486864
v 0.733498454 0.0801101848 0.863154411
v 0.733498335 -0.0752165839 0.863154411
v 0.743267059 0.0801101848 0.849415064
v 0.74326694 -0.0752165839 0.849415064
v 0.752617836 -0.0752165839 0.835394382
v 0.752617955 0.0801101848 0.835394382
v 0.757134914 0.0801101848 0.828281164
v 0.757134795 -0.0752165839 0.828281164
v 0.765849352 0.0801101848 0.813852787
v 0.765849233 -0.0752165839 0.813852787
v 0.774128675 0.0801101848 0.799168587
v 0.774128556 -0.0752165839 0.799168587
v 0.778505564 0.0801101848 0.790982962
v 0.778505445 -0.0752165839 0.790982962
v 0.784583807 -0.0752165839 0.777979136
v 0.784583926 0.0801101848 0.777979136
v 0.790112495 -0.0752165839 0.765332699
v 0.790112615 0.0801101848 0.765332699
v 0.7953192 -0.0752165839 0.75230813
v 0.795319319 0.0801101848 0.75230813
v 0.800097227 -0.0752165839 0.738871098
v 0.800097346 0.0801101848 0.738871098
v 0.807895064 -0.0752165914 0.71064806
v 0.807895184 0.0801101848 0.71064806
v 0.812490463 -0.0752165914 0.680544376
v 0.812490582 0.0801101848 0.680544376
v 0.812827229 -0.0752165839 0.648711443
v 0.812827349 0.0801101848 0.648711443
v 0.811105132 -0.0752165839 0.632276297
v 0.811105251 0.0801101848 0.632276297
v 0.799953938 0.0801101848 0.573926449
v 0.799953818 -0.0752165839 0.573926449
v 0.796556592 -0.0752165839 0.552742243
v 0.796556711 0.0801101848 0.552742243
v 0.793604851 -0.0752165839 0.531497717
v 0.79360497 0.0801101848 0.531497717
v 0.791101217 0.0801101848 0.510201693
v 0.791101098 -0.0752165839 0.510201693
v 0.789044261 0.0801101848 0.488859177
v 0.789044142 -0.0752165839 0.488859177
v 0.787436008 0.0801101848 0.467479467
v 0.787435889 -0.0752165839 0.467479467
v 0.786276937 -0.0752165839 0.44606781
v 0.786277056 0.0801101848 0.44606781
v 0.785566568 -0.075216569 0.424631596
v 0.785566688 0.0801101848 0.424631596
v 0.785306334 -0.075216569 0.403178692
v 0.785306454 0.0801101848 0.403178692
v 0.786177278 -0.075216569 0.358922958
v 0.786177397 0.0801101997 0.358922958
v 0.785946488 -0.075216569 0.347037554
v 0.785946608 0.0801101997 0.347037554
v 0.78524971 -0.075216569 0.335591793
v 0.785249829 0.0801101997 0.335591793
v 0.784085035 0.0801101997 0.324184656
v 0.784084916 -0.075216569 0.324184656
v 0.777076483 -0.075216569 0.2873559
v 0.777076602 0.0801101997 0.2873559
v 0.773960948 0.0801101997 0.280169249
v 0.773960829 -0.075216569 0.280169249
v 0.771574736 -0.0752165616 0.275682688
v 0.771574855 0.0801101997 0.275682688
v 0.770270467 -0.0752165616 0.273524046
v 0.770270586 0.0801101997 0.273524046
v 0.767426133 0.0801101997 0.269347191
v 0.767426014 -0.0752165616 0.269347191
v 0.76427114 -0.0752165616 0.26537323
v 0.764271259 0.0801101997 0.26537323
v 0.762585282 0.0801101997 0.263474464
v 0.762585163 -0.0752165616 0.263474464
v 0.759025931 -0.0752165616 0.259881258
v 0.759026051 0.0801101997 0.259881258
v 0.757136106 -0.0752165616 0.25817132
v 0.757136226 0.0801101997 0.25817132
v 0.75519681 0.0801101997 0.256541252
v 0.755196691 -0.0752165616 0.256541252
v 0.753192425 -0.0752165616 0.254977942
v 0.753192544 0.0801101997 0.254977942
v 0.749041319 0.0801101997 0.252091646
v 0.7490412 -0.0752165616 0.252091646
v 0.746891141 0.0801101997 0.250765085
v 0.746891022 -0.0752165616 0.250765085
v 0.742431283 -0.0752165616 0.248338938
v 0.742431402 0.0801101997 0.248338938
v 0.737803817 -0.0752165616 0.246246099
v 0.737803936 0.0801101997 0.246246099
v 0.735429883 -0.0752165616 0.245325565
v 0.735430002 0.0801101997 0.245325565
v 0.72544086 0.0801101997 0.242220879
v 0.725440741 -0.0752165616 0.242220879
v 0.717634559 -0.0752165616 0.240307808
v 0.717634678 0.0801101997 0.240307808
v 0.713695526 0.0801101997 0.239503145
v 0.713695407 -0.0752165541 0.239503145
v 0.709730744 0.0801101997 0.238798618
v 0.709730625 -0.0752165541 0.238798618
v 0.701764464 0.0801102147 0.237700701
v 0.701764345 -0.0752165541 0.237700701
v 0.69375968 0.0801102147 0.237015486
v 0.693759561 -0.0752165541 0.237015486
v 0.689719677 0.0801102147 0.236827612
v 0.689719558 -0.0752165541 0.236827612
v 0.0515022576 0.0801102519 2.92239857
v -0.0780537426 0.0801102668 3.15019894
v -0.0874701664 0.0801102668 3.16576004
v -0.0974538624 0.0801102668 3.18160629
v -0.140210554 0.0801102892 3.23988938
v -0.171840012 0.0801102892 3.27551746
v -0.173395902 0.0881100446 3.27404022
v -0.188406318 0.0801102892 3.29240513
v -0.205411047 0.0801102892 3.30872083
v 0.689648151 -0.0832163244 0.238970757
v 0.693759561 -0.0752165541 0.237015486
v 0.689719558 -0.0752165541 0.236827612
v 0.701764345 -0.0752165541 0.237700701
v 0.709382892 -0.0832163244 0.240914583
v 0.709730625 -0.0752165541 0.238798618
v 0.689440608 -0.0904330164 0.245193243
v 0.713695407 -0.0752165541 0.239503145
v 0.717634559 -0.0752165616 0.240307808
v 0.725440741 -0.0752165616 0.242220879
v 0.708374262 -0.0904330164 0.24705863
v 0.734691262 -0.0832163319 0.247340202
v 0.735429883 -0.0752165616 0.245325565
v 0.737803817 -0.0752165616 0.246246099
v 0.732548237 -0.0904330239 0.253185749
v 0.739246249 -0.0832163319 0.249201536
v 0.742431283 -0.0752165616 0.248338938
v 0.729209542 -0.0961602256 0.262290478
v 0.706802607 -0.0961602181 0.256627321
v 0.736680746 -0.0904330239 0.254874945
v 0.741476059 -0.0832163319 0.250259638
v 0.746891022 -0.0752165616 0.250765085
v 0.725003004 -0.0998373106 0.27376318
v 0.704822183 -0.0998373106 0.268685102
v 0.73605144 -0.0961602256 0.265384912
v 0.745797634 -0.0832163319 0.25261116
v 0.7490412 -0.0752165616 0.252091646
v 0.740685463 -0.0904330239 0.256866455
v 0.735007524 -0.0998373106 0.279201269
v 0.722911954 -0.101104356 0.287588596
v 0.72454977 -0.101104356 0.288479567
v 0.720340133 -0.101104356 0.286481619
v 0.726874828 -0.101104356 0.290033817
v 0.729022384 -0.101104356 0.291838884
v 0.743029714 -0.0998373181 0.287299395
v 0.730959892 -0.101104356 0.29386735
v 0.733168483 -0.101104356 0.296868086
v 0.734526753 -0.101104356 0.299313307
v 0.748197198 -0.0998373181 0.296801329
v 0.735282063 -0.101104356 0.301025629
v 0.739206314 -0.101104356 0.319966555
v 0.741907477 -0.101104356 0.343972683
v 0.745374084 -0.101104364 0.492605448
v 0.782293439 -0.099837333 0.678007841
v 0.76905942 -0.101104371 0.651578426
v 0.768788815 -0.101104371 0.67687273
v 0.765048385 -0.101104371 0.701335192
v 0.758467317 -0.101104371 0.725129128
v 0.751415133 -0.099837333 0.777421236
v 0.739299536 -0.101104371 0.771357059
v 0.715794802 -0.101104364 0.811623573
v 0.591924071 -0.0998373106 1.0073005
v 0.604004264 -0.101104341 0.958597898
v 0.579647899 -0.101104341 1.00156927
v 0.567322731 -0.101104341 1.03204715
v 0.575395703 -0.0998373032 1.05147386
v 0.554962277 -0.101104341 1.07987034
v 0.548854351 -0.0998373032 1.21237135
v 0.535743117 -0.101104341 1.20895815
v 0.521204829 -0.101104341 1.25428605
v 0.513142109 -0.0998373032 1.30397987
v 0.501238704 -0.101104334 1.29750299
v 0.475239903 -0.101104334 1.33840835
v 0.411362618 -0.0998372883 1.44171202
v 0.410685748 -0.101104327 1.41504467
v 0.398940474 -0.101104327 1.43627381
v 0.394660681 -0.101104327 1.4475435
v 0.587144256 -0.0961602181 1.05484354
v 0.560682535 -0.0961602181 1.21545041
v 0.404973805 -0.0998372883 1.46185744
v 0.391648501 -0.101104327 1.45929778
v 0.390058845 -0.101104327 1.47157538
v 0.403589875 -0.0998372883 1.48355722
v 0.390045345 -0.101104327 1.48441207
v 0.391762286 -0.101104327 1.4978441
v 0.409761399 -0.0998372883 1.51650214
v 0.395961732 -0.101104327 1.51437569
v 0.396202773 -0.101104327 1.51696622
v 0.396137208 -0.101104327 1.51966083
v 0.40921697 -0.0998372883 1.52445364
v 0.39581579 -0.101104327 1.52244294
v 0.384004951 -0.101104327 1.57140779
v 0.368992925 -0.101104327 1.61235178
v 0.355465114 -0.0998372883 1.67193317
v 0.345664948 -0.101104319 1.65667045
v 0.34322679 -0.101104319 1.66363335
v 0.342419446 -0.101104319 1.6672163
v 0.341944396 -0.101104319 1.67088032
v 0.421306819 -0.0961601958 1.52626884
v 0.392446876 -0.0961601958 1.62301588
v 0.367719531 -0.0961601958 1.67494667
v 0.36795029 -0.0961601958 1.67612302
v 0.368088484 -0.0961601958 1.67656398
v 0.377362221 -0.0904329941 1.6737318
v 0.377337784 -0.0904329941 1.67360961
v 0.383513838 -0.0832163021 1.67275083
v 0.367661655 -0.0961601958 1.67288327
v 0.421993345 -0.0961601958 1.516083
v 0.41580829 -0.0961601958 1.48278582
v 0.415818542 -0.0961601958 1.4732492
v 0.416994244 -0.0961601958 1.46416771
v 0.425505608 -0.0904329941 1.4821738
v 0.426655561 -0.0904329941 1.49117184
v 0.425513953 -0.0904329941 1.47388041
v 0.431731135 -0.0832163021 1.48178041
v 0.368128985 -0.0961601958 1.67031336
v 0.369416535 -0.0961601958 1.66667116
v 0.37835598 -0.0904329941 1.67043674
v 0.377501696 -0.0904329941 1.67282796
v 0.377371222 -0.0904329941 1.67340648
v 0.377341628 -0.0904329941 1.67363667
v 0.377341002 -0.0904329941 1.67364693
v 0.383556247 -0.0832163021 1.67412126
v 0.383508056 -0.0832163021 1.67449284
v 0.383518964 -0.0832163021 1.67444265
v 0.385592669 -0.0752165392 1.67499936
v 0.383688033 -0.0832163021 1.67390144
v 0.385714144 -0.0752165392 1.67461109
v 0.38607347 -0.0752165392 1.67368543
v 0.384095579 -0.0832163021 1.6728524
v 0.38479495 -0.0832163021 1.67131221
v 0.386729151 -0.0752165392 1.67224169
v 0.402671307 -0.0832163021 1.63863599
v 0.404596478 -0.0752165392 1.63958347
v 0.401274472 -0.0904329941 1.62702954
v 0.406942099 -0.0832163021 1.62960589
v 0.418092161 -0.0832163021 1.60181618
v 0.416658074 -0.0752165392 1.61195838
v 0.420116991 -0.0752165467 1.60252333
v 0.426177293 -0.0752165467 1.58335876
v 0.412215024 -0.0904329941 1.59976053
v 0.430900663 -0.0904329941 1.52770877
v 0.437060624 -0.0832163021 1.52863312
v 0.438192576 -0.0752165467 1.53430653
v 0.439183146 -0.0752165467 1.52895188
v 0.437761933 -0.0832163021 1.52256501
v 0.439903766 -0.0752165467 1.52271545
v 0.431700259 -0.0904329941 1.51575136
v 0.437932879 -0.0832163021 1.51553786
v 0.440080494 -0.0752165467 1.51546335
v 0.431028575 -0.0904329941 1.50853133
v 0.437185317 -0.0832163021 1.50750542
v 0.439306587 -0.0752165467 1.50715184
v 0.434892446 -0.0752165392 1.48959696
v 0.432781488 -0.0832163021 1.49000061
v 0.433876187 -0.0752165392 1.48164546
v 0.433883876 -0.0752165392 1.47442424
v 0.431738883 -0.0832163021 1.47428405
v 0.432659358 -0.0832163021 1.46717727
v 0.43476966 -0.0752165392 1.46758223
v 0.426534086 -0.0904329941 1.4659996
v 0.434458524 -0.0832163021 1.46015656
v 0.43650654 -0.0752165392 1.46080446
v 0.42851457 -0.0904329941 1.45827186
v 0.437171847 -0.0832163021 1.45301116
v 0.439139456 -0.0752165392 1.45387256
v 0.445487112 -0.0832163021 1.43803513
v 0.447277993 -0.0752165467 1.43921924
v 0.45277974 -0.0752165467 1.43150687
v 0.459153742 -0.0752165467 1.42359269
v 0.49321267 -0.0752165467 1.38632166
v 0.422568649 -0.0961601958 1.44661784
v 0.431461781 -0.0904329941 1.45051193
v 0.432193965 -0.0961601958 1.42925322
v 0.440289408 -0.0904329941 1.43460131
v 0.495994717 -0.0961602107 1.35369551
v 0.508821249 -0.0832163244 1.36314344
v 0.510549784 -0.0752165467 1.36441624
v 0.539758682 -0.0752165541 1.31846094
v 0.503806114 -0.090433009 1.35944986
v 0.537873387 -0.0832163244 1.31743503
v 0.562087774 -0.0752165541 1.27013755
v 0.523880124 -0.0961602181 1.30982161
v 0.5324018 -0.0904330164 1.31445885
v 0.560086727 -0.0832163244 1.26936233
v 0.578172565 -0.0752165616 1.22000408
v 0.554279685 -0.0904330164 1.26711118
v 0.5760957 -0.0832163244 1.21946406
v 0.588769197 -0.0752165616 1.16850913
v 0.592259645 -0.0752165616 1.14235342
v 0.596030354 -0.0832163244 1.08708906
v 0.594595551 -0.0752165616 1.11685467
v 0.596049666 -0.0752165616 1.10154319
v 0.59814322 -0.0752165616 1.08746064
v 0.604516625 -0.0752165616 1.05982518
v 0.570069432 -0.0904330164 1.21789432
v 0.596468091 -0.0904330164 1.05751753
v 0.602453828 -0.0832163244 1.05923378
v 0.606745243 -0.0832163244 1.04563081
v 0.608773947 -0.0752165616 1.04633021
v 0.61373055 -0.0752165616 1.03308332
v 0.605968118 -0.0904330164 1.02994382
v 0.611741781 -0.0832163319 1.03227854
v 0.617430568 -0.0832163319 1.01920772
v 0.61937499 -0.0752165616 1.02011538
v 0.625695705 -0.0752165616 1.00745344
v 0.602998972 -0.0961602256 1.01246989
v 0.618304729 -0.0904330239 1.00351822
v 0.609743834 -0.0961602256 0.998959422
v 0.623801947 -0.0832163319 1.00644553
v 0.63854599 -0.0832163319 0.981954813
v 0.640323281 -0.0752165616 0.9831568
v 0.648607731 -0.0752165616 0.971575975
v 0.696952939 -0.075216569 0.911486864
v 0.63338685 -0.0904330239 0.978466988
v 0.741499901 -0.0832163468 0.848199129
v 0.733498335 -0.0752165839 0.863154411
v 0.74326694 -0.0752165839 0.849415064
v 0.752617836 -0.0752165839 0.835394382
v 0.757134795 -0.0752165839 0.828281164
v 0.765849233 -0.0752165839 0.813852787
v 0.776586652 -0.0832163468 0.790022612
v 0.774128556 -0.0752165839 0.799168587
v 0.778505445 -0.0752165839 0.790982962
v 0.784583807 -0.0752165839 0.777979136
v 0.790112495 -0.0752165839 0.765332699
v 0.736372948 -0.0904330388 0.844667435
v 0.771018028 -0.0904330388 0.787234306
v 0.762344122 -0.0961602405 0.782892704
v 0.782936931 -0.0961602405 0.733206749
v 0.798059464 -0.0832163543 0.738198757
v 0.7953192 -0.0752165839 0.75230813
v 0.800097227 -0.0752165839 0.738871098
v 0.79214704 -0.0904330388 0.736245871
v 0.805798173 -0.0832163543 0.710191727
v 0.807895064 -0.0752165914 0.71064806
v 0.799712181 -0.0904330537 0.708868742
v 0.794475913 -0.0961602405 0.679031134
v 0.810351133 -0.0832163543 0.68036437
v 0.812490463 -0.0752165914 0.680544376
v 0.804144263 -0.0904330537 0.679843664
v 0.8106848 -0.0832163543 0.648851633
v 0.812827229 -0.0752165839 0.648711443
v 0.811105132 -0.0752165839 0.632276297
v 0.799953818 -0.0752165839 0.573926449
v 0.791477203 -0.0832163468 0.531771421
v 0.796556592 -0.0752165839 0.552742243
v 0.793604851 -0.0752165839 0.531497717
v 0.791101098 -0.0752165839 0.510201693
v 0.789044142 -0.0752165839 0.488859177
v 0.784133196 -0.0832163393 0.446161747
v 0.787435889 -0.0752165839 0.467479467
v 0.786276937 -0.0752165839 0.44606781
v 0.785566568 -0.075216569 0.424631596
v 0.785306334 -0.075216569 0.403178692
v 0.804468274 -0.0904330388 0.64925909
v 0.777913451 -0.0904330313 0.446432829
v 0.783802748 -0.0832163393 0.347123623
v 0.786177278 -0.075216569 0.358922958
v 0.785946488 -0.075216569 0.347037554
v 0.78524971 -0.075216569 0.335591793
v 0.764626622 -0.096160233 0.315778017
v 0.777582407 -0.0904330313 0.347374439
v 0.781955361 -0.0832163393 0.324446917
v 0.784084916 -0.075216569 0.324184656
v 0.774194121 -0.0904330313 0.314201832
v 0.780336738 -0.0832163393 0.313190222
v 0.777076483 -0.075216569 0.2873559
v 0.759848118 -0.096160233 0.292990685
v 0.77503109 -0.0832163393 0.288025618
v 0.773960829 -0.075216569 0.280169249
v 0.76909411 -0.0904330313 0.289966822
v 0.772030473 -0.0832163393 0.28110528
v 0.771574736 -0.0752165616 0.275682688
v 0.754976869 -0.0961602256 0.283146858
v 0.766429782 -0.0904330313 0.283825636
v 0.768454552 -0.0832163393 0.274665594
v 0.770270467 -0.0752165616 0.273524046
v 0.767426014 -0.0752165616 0.269347191
v 0.763184905 -0.0904330313 0.277982473
v 0.765697598 -0.0832163393 0.270618677
v 0.76427114 -0.0752165616 0.26537323
v 0.761007071 -0.0832163319 0.264927149
v 0.762585163 -0.0752165616 0.263474464
v 0.759025931 -0.0752165616 0.259881258
v 0.752871752 -0.0961602256 0.280056238
v 0.76068306 -0.0904330239 0.274308205
v 0.757909417 -0.0904330239 0.270815372
v 0.75053966 -0.0961602256 0.277118683
v 0.75642705 -0.0904330239 0.26914525
v 0.755726457 -0.0832163319 0.259787321
v 0.757136106 -0.0752165616 0.25817132
v 0.755196691 -0.0752165616 0.256541252
v 0.745260954 -0.0961602256 0.271789789
v 0.751634359 -0.0904330239 0.264481068
v 0.751904249 -0.0832163319 0.256694078
v 0.753192425 -0.0752165616 0.254977942
v 0.742343903 -0.0961602256 0.269428015
v 0.746355653 -0.0904330239 0.260364532
v 0.749908447 -0.0832163319 0.255251646
v -0.685079217 -0.0752163082 0.238433361
v -0.692220688 -0.0752163082 0.239139318
v -0.684964418 -0.0832160786 0.240575314
v -0.695358276 -0.0832160786 0.241841555
v -0.695761561 -0.0752163082 0.239734411
v -0.699268699 -0.0752163082 0.240487814
v -0.691020608 -0.0904327706 0.247424841
v -0.684631467 -0.0904327706 0.246793747
v -0.70214498 -0.0832160786 0.243462801
v -0.702736974 -0.0752163082 0.241399288
v -0.706147075 -0.0752163008 0.242462397
v -0.708734035 -0.0832160786 0.24567914
v -0.709508896 -0.0752163008 0.243678808
v -0.712816119 -0.0752163008 0.245045185
v -0.718233705 -0.0832160637 0.250120878
v -0.719272733 -0.0752163008 0.248242617
v -0.72540319 -0.0752163008 0.252009392
v -0.694187641 -0.0904327706 0.24795723
v -0.689630508 -0.0961599723 0.257023335
v -0.695071816 -0.0961599723 0.258064508
v -0.700426459 -0.0904327706 0.249447107
v -0.697749496 -0.0961599723 0.258769274
v -0.69223392 -0.0998370573 0.269952536
v -0.698568344 -0.0998370573 0.271926165
v -0.706484795 -0.0904327706 0.251486063
v -0.709443688 -0.0904327706 0.252708673
v -0.705537319 -0.0961599723 0.261585951
v -0.704602122 -0.0998370573 0.274746656
v -0.69804132 -0.101104096 0.286598682
v -0.693675756 -0.101104096 0.284558535
v -0.700792789 -0.101104096 0.288289309
v -0.703370452 -0.101104096 0.290213823
v -0.710520983 -0.0961599723 0.264054298
v -0.715217948 -0.0904327631 0.255568027
v -0.720703006 -0.0904327631 0.258937597
v -0.718267441 -0.0998370573 0.285939217
v -0.705756545 -0.101104096 0.292356968
v -0.707937837 -0.101104096 0.294704437
v -0.715258479 -0.0961599723 0.266964912
v -0.721807003 -0.0961599573 0.272088051
v -0.722214222 -0.0998370573 0.2912848
v -0.710796118 -0.101104096 0.298575401
v -0.724436045 -0.0998370573 0.295137644
v -0.712406397 -0.101104096 0.30136776
v -0.713756919 -0.101104096 0.304295063
v -0.714832544 -0.101104096 0.307320118
v -0.72758615 -0.0961599573 0.278032541
v -0.72585094 -0.0904327631 0.26278162
v -0.729599357 -0.0998370573 0.312018871
v -0.715921879 -0.101104096 0.311999559
v -0.716293097 -0.101104096 0.315185308
v -0.716848373 -0.101104096 0.489989281
v -0.735288501 -0.0961599573 0.289518356
v -0.728287697 -0.0904327631 0.264873266
v -0.729797721 -0.0832160637 0.257965565
v -0.709149241 -0.0998370647 0.695872545
v -0.712762475 -0.101104103 0.538187981
v -0.690579653 -0.101104103 0.646619797
v -0.690485835 -0.101104103 0.668053389
v -0.69160974 -0.101104103 0.678752184
v -0.696154714 -0.101104103 0.699697256
v -0.701519132 -0.101104103 0.714831591
v -0.72133708 -0.101104103 0.754970789
v -0.746869564 -0.0998370647 0.792457819
v -0.748366356 -0.0961599723 0.753542423
v -0.733637452 -0.101104103 0.795403004
v -0.736827374 -0.101104103 0.813318014
v -0.738322258 -0.101104103 0.830821514
v -0.749727845 -0.0998370647 0.866725922
v -0.738149285 -0.101104103 0.847913504
v -0.73633635 -0.101104103 0.864593029
v -0.732910514 -0.101104103 0.880859852
v -0.727899551 -0.101104103 0.896712542
v -0.724873185 -0.0998370722 0.934122562
v -0.721330643 -0.101104103 0.912151456
v -0.713231325 -0.101104118 0.927176356
v -0.692551732 -0.101104118 0.955981731
v -0.675846577 -0.101104125 0.973771811
v -0.572585404 -0.099837102 1.08952653
v -0.629773974 -0.101104133 1.00968528
v -0.561810136 -0.10110414 1.08125889
v -0.572270751 -0.099837102 1.09000742
v -0.559775352 -0.10110414 1.0845474
v -0.570097446 -0.099837102 1.09446847
v -0.55738312 -0.10110414 1.08979011
v -0.569360137 -0.099837102 1.09683263
v -0.556240857 -0.10110414 1.0934515
v -0.555470467 -0.10110414 1.09721446
v -0.568611622 -0.099837102 1.10173595
v -0.555081248 -0.10110414 1.10104942
v -0.555081248 -0.10110414 1.1049217
v -0.568862915 -0.099837102 1.10671127
v -0.580801725 -0.096160017 1.10298562
v -0.555470467 -0.10110414 1.10875666
v -0.556240857 -0.10110414 1.11251962
v -0.570097446 -0.099837102 1.11150277
v -0.558091164 -0.10110414 1.11796546
v -0.559775352 -0.10110414 1.12142372
v -0.58105433 -0.096160017 1.10049152
v -0.581195116 -0.096160017 1.09988213
v -0.580817819 -0.096160017 1.1023556
v -0.590515137 -0.0904328004 1.10270786
v -0.581797421 -0.096160017 1.09810925
v -0.572800756 -0.099837102 1.11677372
v -0.561810136 -0.10110414 1.12471366
v -0.590720177 -0.0904328004 1.10191214
v -0.582663894 -0.096160017 1.09643805
v -0.590842307 -0.0904328004 1.10166144
v -0.590912342 -0.0904328004 1.10154188
v -0.590777695 -0.0904328004 1.10178614
v -0.590669751 -0.0904328004 1.10203934
v -0.596296787 -0.0832161084 1.10466588
v -0.590625346 -0.0904328004 1.10216928
v -0.590587437 -0.0904328004 1.10230291
v -0.596513748 -0.0832161084 1.10419023
v -0.590556622 -0.0904328004 1.10243666
v -0.596688628 -0.0832161084 1.10351014
v -0.590515137 -0.0904328004 1.10326326
v -0.596723914 -0.0832161084 1.10280812
v -0.590504527 -0.0904328004 1.10312438
v -0.590504527 -0.0904328004 1.10284674
v -0.590500951 -0.0904328004 1.10298562
v -0.580944777 -0.096160017 1.10486519
v -0.58105433 -0.096160017 1.10547972
v -0.590556622 -0.0904328004 1.10353458
v -0.590587437 -0.0904328004 1.10366821
v -0.596688628 -0.0832161084 1.1024611
v -0.581567287 -0.096160017 1.10728204
v -0.581797421 -0.096160017 1.10786188
v -0.590625346 -0.0904328004 1.10380197
v -0.590669751 -0.0904328004 1.10393178
v -0.596617579 -0.0832161084 1.10211396
v -0.590720177 -0.0904328004 1.1040591
v -0.590777695 -0.0904328004 1.1041851
v -0.582666516 -0.096160017 1.10953701
v -0.582715631 -0.096160017 1.10961163
v -0.590842307 -0.0904328004 1.1043098
v -0.596513748 -0.0832161084 1.10178101
v -0.590915561 -0.0904328004 1.1044358
v -0.572964013 -0.099837102 1.11697936
v -0.582477212 -0.096160017 1.10931206
v -0.577832282 -0.099837102 1.12236357
v -0.569723666 -0.10110414 1.1333555
v -0.578407288 -0.099837102 1.12292409
v -0.608809948 -0.10110414 1.16333318
v -0.617646217 -0.0998370945 1.15306246
v -0.676160574 -0.101104125 1.23305941
v -0.586880684 -0.096160017 1.11412156
v -0.578390241 -0.099837102 1.12290728
v -0.593605042 -0.0904328004 1.10713553
v -0.590026617 -0.0904328004 1.10322726
v -0.594874024 -0.0832161084 1.0993216
v -0.586208344 -0.096160017 1.11348259
v -0.597922444 -0.0832161084 1.10265005
v -0.7844311 -0.0998370722 1.35652769
v -0.772937775 -0.101104118 1.36370909
v -0.788120508 -0.101104118 1.39257228
v -0.806661248 -0.0998370647 1.4030422
v -0.793828249 -0.101104103 1.4074043
v -0.801575661 -0.101104103 1.43793356
v -0.625617266 -0.0961600021 1.14379716
v -0.59241271 -0.0904328004 1.10600293
v -0.695967913 -0.0961599946 1.21658301
v -0.631943464 -0.0904328004 1.13644481
v -0.596396089 -0.0832161084 1.10119987
v -0.794799209 -0.0961599797 1.3500483
v -0.703423142 -0.0904327855 1.21038258
v -0.708209753 -0.0832160935 1.20640099
v -0.636005044 -0.0832161084 1.131724
v -0.597768784 -0.0752163455 1.09954536
v -0.63740468 -0.075216338 1.13009775
v -0.709859252 -0.0752163231 1.20502925
v -0.725807786 -0.0752163231 1.2247839
v -0.741146088 -0.0752163231 1.24470186
v -0.755998373 -0.0752163157 1.2646724
v -0.80831027 -0.083216086 1.34160566
v -0.77048552 -0.0752163157 1.28458393
v -0.784723282 -0.0752163157 1.30433214
v -0.79933095 -0.0752163157 1.32451355
v -0.810130715 -0.0752163157 1.34046793
v -0.803027391 -0.090432778 1.34490716
v -0.826435447 -0.0832160786 1.37607658
v -0.828407288 -0.0752163157 1.37522817
v -0.820713162 -0.090432778 1.37854111
v -0.833324075 -0.0832160786 1.3939774
v -0.835356593 -0.0752163082 1.39328706
v -0.844802618 -0.0752163082 1.43050277
v -0.818238139 -0.0961599797 1.39910567
v -0.827425361 -0.0904327706 1.39598298
v -0.842686772 -0.0832160786 1.4308666
v -0.848410964 -0.0752163082 1.46877909
v -0.836546779 -0.0904327706 1.43192208
v -0.846264958 -0.0832160786 1.46882415
v -0.846524358 -0.0752163157 1.50774586
v -0.82698369 -0.0961599797 1.43356514
v -0.844391823 -0.0832160786 1.50750411
v -0.83957696 -0.0752163157 1.54742992
v -0.840037107 -0.0904327706 1.46895528
v -0.814933419 -0.0998370647 1.43563747
v -0.804564714 -0.101104103 1.46969962
v -0.81641829 -0.0998370647 1.50433123
v -0.802954435 -0.101104118 1.50280392
v -0.796903491 -0.101104118 1.53734827
v -0.788439035 -0.101104118 1.56888413
v -0.778208852 -0.0998370871 1.63340104
v -0.765916467 -0.101104125 1.62769675
v -0.736530781 -0.101104125 1.68136179
v -0.711506724 -0.0998370945 1.73906624
v -0.700995326 -0.101104133 1.73051822
v -0.660023332 -0.10110414 1.775805
v -0.6143291 -0.101104148 1.81786108
v -0.830336928 -0.0961599797 1.46915841
v -0.838203192 -0.090432778 1.5068022
v -0.828564405 -0.0961599797 1.50570941
v -0.837488413 -0.083216086 1.54693627
v -0.813088298 -0.0961599797 1.57642555
v -0.82236588 -0.090432778 1.57926285
v -0.828322411 -0.083216086 1.5810858
v -0.830374837 -0.0752163157 1.5817132
v -0.805695415 -0.0752163231 1.64615548
v -0.803748608 -0.0832160935 1.64525175
v -0.773560643 -0.075216338 1.70484734
v -0.798098445 -0.0904327855 1.64263034
v -0.771748304 -0.0832160935 1.70369792
v -0.735010862 -0.075216338 1.75818193
v -0.789298177 -0.0961599872 1.63854599
v -0.733345985 -0.0832161084 1.75682819
v -0.691086173 -0.0752163529 1.80674052
v -0.766488552 -0.0904327929 1.70036185
v -0.758296371 -0.0961599946 1.69516671
v -0.689565659 -0.0832161084 1.80522609
v -0.642746687 -0.0752163529 1.8512367
v -0.728514314 -0.0904328004 1.7528981
v -0.641355753 -0.0832161307 1.84960401
v -0.617363453 -0.0752163604 1.87206483
v -0.602554798 -0.0752163678 1.88354015
v -0.58791852 -0.0752163678 1.89440989
v -0.720988989 -0.0961600021 1.74677861
v -0.637319565 -0.0904328227 1.8448627
v -0.532580256 -0.0832161456 1.93175554
v -0.538317561 -0.0752163753 1.93017161
v -0.533983171 -0.0752163753 1.93338561
v -0.528508723 -0.0904328376 1.92702317
v -0.631032586 -0.0961600244 1.83747947
v -0.522167444 -0.0961600393 1.91965532
v -0.514176786 -0.0998371392 1.9103694
v -0.505319238 -0.101104178 1.90007687
v -0.503421068 -0.101104178 1.90196669
v -0.513967872 -0.0998371392 1.91057765
v -0.523482323 -0.0961600393 1.91834533
v -0.501638591 -0.101104178 1.9046768
v -0.513437867 -0.0998371392 1.91138375
v -0.499996573 -0.101104178 1.90805924
v -0.510314822 -0.0998371392 1.91976845
v -0.497231573 -0.101104178 1.91624594
v -0.524082065 -0.0961600393 1.91743386
v -0.495322406 -0.101104178 1.92534161
v -0.523680329 -0.0961600393 1.91826177
v -0.532594383 -0.0904328376 1.92210186
v -0.508214474 -0.0998371392 1.9390552
v -0.494464904 -0.101104178 1.93415833
v -0.494491905 -0.101104178 1.93809092
v -0.494855404 -0.101104178 1.94150805
v -0.497220606 -0.101104178 1.94976294
v -0.522117615 -0.0961600393 1.92294657
v -0.531484246 -0.0904328376 1.92546892
v -0.538317561 -0.0832161456 1.9245677
v -0.520791888 -0.0961600393 1.9292717
v -0.537498355 -0.0832161456 1.92708743
v -0.540289402 -0.0752163753 1.92541742
v -0.539570391 -0.0752163753 1.92764544
v -0.530378342 -0.0904328376 1.93075013
v -0.536532879 -0.0832161456 1.93170023
v -0.538653731 -0.0752163753 1.93202674
v -0.538302779 -0.0752163753 1.93545938
v -0.536157429 -0.0832161456 1.93539631
v -0.53830409 -0.0752163753 1.93561614
v -0.536159694 -0.0832161456 1.93573701
v -0.529930592 -0.0904328376 1.93521118
v -0.529936671 -0.0904328376 1.93608928
v -0.520243883 -0.0961600393 1.93663692
v -0.520265698 -0.0961600393 1.93684137
v -0.529829681 -0.0904328376 1.93508518
v -0.511383474 -0.0998371392 1.94881415
v -0.499353737 -0.101104178 1.95509565
v -0.522586942 -0.0961600393 1.94393921
v -0.531478167 -0.0904328376 1.94007075
v -0.51141727 -0.0998371392 1.94889009
v -0.540886521 -0.10110417 2.03201365
v -0.606652379 -0.0998371243 2.13981438
v -0.581233025 -0.10110417 2.12674999
v -0.585010767 -0.10110417 2.13352895
v -0.591652572 -0.10110417 2.14308619
v -0.522299886 -0.0961600393 1.9432925
v -0.596702695 -0.10110417 2.14900756
v -0.616516829 -0.0998371169 2.14892411
v -0.60814333 -0.101104163 2.15957284
v -0.621055961 -0.101104163 2.16816711
v -0.658794999 -0.101104148 2.184273
v -0.536379218 -0.0832161456 1.93542981
v -0.537186861 -0.0832161456 1.93758702
v -0.607004642 -0.0961600319 2.12010598
v -0.615627885 -0.0961600319 2.13152218
v -0.615282655 -0.0904328302 2.11505342
v -0.530936599 -0.0904328376 1.93884945
v -0.578420758 -0.0832161382 2.01388144
v -0.53648138 -0.0832161456 1.93599677
v -0.684860587 -0.0998371094 2.18372798
v -0.668255687 -0.101104148 2.18935633
v -0.68605876 -0.101104148 2.20120716
v -0.702208877 -0.101104148 2.2151649
v -0.716512561 -0.10110414 2.23106408
v -0.885319114 -0.0998370871 2.39391685
v -0.63359642 -0.0961600319 2.14565873
v -0.749156356 -0.10110414 2.28130674
v -0.766331077 -0.10110414 2.30240107
v -0.85009861 -0.101104125 2.38459492
v -0.863731146 -0.101104125 2.39570141
v -0.878275275 -0.101104125 2.40548873
v -0.901589394 -0.101104118 2.41758108
v -0.950929642 -0.101104103 2.43335295
v -0.986386061 -0.0998370647 2.43403029
v -0.979968905 -0.101104103 2.44597101
v -1.00540626 -0.101104096 2.46249366
v -0.624070406 -0.0961600319 2.13931799
v -1.01370227 -0.0998370573 2.45177436
v -1.02754641 -0.101104096 2.48265839
v -1.05775678 -0.0998370498 2.49837637
v -1.04669356 -0.101104096 2.50620055
v -1.06315219 -0.101104088 2.53285623
v -1.16131496 -0.0998370424 2.70995092
v -1.17292976 -0.0961599424 2.70611715
v -1.14844 -0.101104081 2.71419978
v -1.15390539 -0.101104081 2.73375511
v -1.17071629 -0.0998370424 2.75133967
v -1.15724957 -0.101104081 2.75295067
v -1.15848732 -0.101104081 2.77176285
v -1.17112613 -0.0998370424 2.79157662
v -1.1576333 -0.101104081 2.79016876
v -1.15470243 -0.101104081 2.80814672
v -1.18286502 -0.0961599424 2.7498858
v -1.16252315 -0.0998370424 2.83012819
v -1.14970946 -0.101104081 2.82567358
v -1.1426692 -0.101104088 2.84272575
v -1.14513528 -0.0998370498 2.86640668
v -1.1335963 -0.101104088 2.85928059
v -1.12250578 -0.101104088 2.8753159
v -1.10941255 -0.101104088 2.89080882
v -0.999466419 -0.0998370722 3.00699544
v -1.01016653 -0.101104118 2.98326182
v -0.992566347 -0.101104118 2.99533868
v -0.978370309 -0.101104118 3.00280547
v -0.984064221 -0.0998370722 3.01509595
v -0.968495846 -0.101104125 3.00698376
v -0.967896819 -0.0998370871 3.02162051
v -0.94807601 -0.101104125 3.01329613
v -0.928357363 -0.0998370945 3.03029966
v -0.927019954 -0.101104125 3.01681995
v -0.806095243 -0.101104148 3.01862359
v -0.756728888 -0.0998371169 3.02359509
v -0.783051968 -0.101104148 3.01578498
v -0.760459781 -0.101104163 3.01057053
v -0.738504767 -0.101104163 3.00302148
v -0.69576931 -0.0998371243 2.99718499
v -0.702962637 -0.10110417 2.98527503
v -0.698834538 -0.10110417 2.98394322
v -0.69486618 -0.10110417 2.98337245
v -0.692976594 -0.0998371243 2.99699855
v -0.691132426 -0.10110417 2.98351645
v -0.687708259 -0.10110417 2.98433018
v -0.692217231 -0.0998371243 2.99717975
v -0.696284533 -0.0961600393 3.0087707
v -0.693004012 -0.0961600393 3.00913072
v -0.684668064 -0.10110417 2.98576736
v -0.693118095 -0.0961600393 3.00916815
v -0.690809488 -0.0904328376 3.01861072
v -0.691818357 -0.0998371243 2.99736738
v -0.698268533 -0.0961600393 3.00783348
v -0.691662073 -0.0998371243 2.99748969
v -0.700299501 -0.0961600393 3.00624704
v -0.682087302 -0.10110417 2.98778319
v -0.691596866 -0.0998371243 2.99757051
v -0.702022195 -0.0961600393 3.00410151
v -0.68004024 -0.10110417 2.99033141
v -0.69150722 -0.0998371243 2.99775958
v -0.703149319 -0.0961600393 3.00172305
v -0.67860198 -0.10110417 2.99336672
v -0.691392183 -0.0998371243 2.99829054
v -0.703611135 -0.0961600393 2.9995954
v -0.677847266 -0.10110417 2.99684286
v -0.677850842 -0.10110417 3.00071526
v -0.691393137 -0.0998371243 2.99938202
v -0.683166504 -0.10110417 3.02793145
v -0.703609943 -0.0961600393 2.99817991
v -0.696640015 -0.0998371243 3.02650189
v -0.683915019 -0.101104178 3.043432
v -0.696331143 -0.0998371243 3.06056786
v -0.682885647 -0.101104178 3.05889392
v -0.680088162 -0.101104178 3.07416058
v -0.675532937 -0.101104178 3.08907628
v -0.640326619 -0.0998371467 3.20091105
v -0.634959459 -0.101104185 3.17415762
v -0.627135992 -0.101104185 3.19780493
v -0.617921948 -0.101104192 3.27467155
v -0.631087542 -0.0998371467 3.27788424
v -0.611218214 -0.101104192 3.29486179
v -0.605788708 -0.0998371542 3.33246851
v -0.605440378 -0.101104192 3.30721784
v -0.59475565 -0.101104192 3.3246069
v -0.586354256 -0.101104192 3.33533144
v -0.57194972 -0.1011042 3.34993982
v -0.56319052 -0.0998371616 3.37372494
v -0.561283648 -0.1011042 3.35853529
v -0.549925923 -0.1011042 3.36609221
v -0.556909382 -0.0998371616 3.37770128
v -0.537953436 -0.1011042 3.37257433
v -0.516069531 -0.0998371691 3.39522409
v -0.519008756 -0.101104215 3.38019919
v -0.512469172 -0.101104215 3.38216352
v -0.476032197 -0.101104222 3.38950062
v -0.461214304 -0.099837184 3.40444446
v -0.452690423 -0.101104222 3.39119244
v -0.429305881 -0.10110423 3.39027047
v -0.411506981 -0.0998371914 3.40155053
v -0.569959879 -0.0961600766 3.3839004
v -0.541921735 -0.0961600766 3.39907956
v -0.519317269 -0.096160084 3.40700531
v -0.461870939 -0.0961600915 3.41664743
v -0.594916344 -0.0961600691 3.36378455
v -0.375339359 -0.0961601138 3.40507317
v -0.409437478 -0.0961600989 3.41359401
v -0.335258007 -0.0961601138 3.38751936
v -0.330558151 -0.0904329121 3.39600182
v -0.372292459 -0.0904329121 3.41427922
v -0.327668428 -0.0961601213 3.38312769
v -0.307359695 -0.0904329196 3.38139606
v -0.312978774 -0.0961601213 3.37349224
v -0.184942663 -0.0961601362 3.26307392
v -0.177910715 -0.0904329345 3.26975274
v -0.141864896 -0.0832162499 3.23852277
v -0.407795131 -0.0904328972 3.42315245
v -0.370336086 -0.0832162127 3.42019057
v -0.344229609 -0.0832162127 3.40989923
v -0.327540815 -0.0832162127 3.40144897
v -0.435035825 -0.0904328898 3.42627263
v -0.241938725 -0.083216235 3.33814573
v -0.303751945 -0.0832162276 3.38647032
v -0.173395991 -0.0832162425 3.27404022
v -0.326501071 -0.0752164572 3.40332603
v -0.343332231 -0.0752164498 3.41184831
v -0.302508771 -0.0752164572 3.38821864
v -0.351975709 -0.0752164498 3.41563296
v -0.240557984 -0.0752164647 3.33978748
v -0.205411106 -0.0752164721 3.30872083
v -0.188406408 -0.0752164721 3.29240513
v -0.171840072 -0.0752164721 3.27551746
v -0.140210629 -0.0752164871 3.23988938
v -0.0974539369 -0.0752164945 3.18160629
v -0.0874702409 -0.0752164945 3.16576004
v -0.0780538172 -0.0752164945 3.15019894
v 0.0515021831 -0.0752165094 2.92239857
v -0.360753179 -0.0752164498 3.41909266
v -0.369661778 -0.0752164498 3.4222281
v -0.378689945 -0.0752164423 3.42502952
v -0.387827396 -0.0752164423 3.42749667
v -0.406740606 -0.0832162052 3.42928863
v -0.406377107 -0.0752164423 3.43140364
v -0.425132811 -0.0752164423 3.43390656
v -0.434674889 -0.0832161978 3.43248868
v -0.434550524 -0.0752164423 3.43463039
v -0.45341292 -0.0752164349 3.43502259
v -0.462726176 -0.0832161978 3.432549
v -0.46284157 -0.0752164349 3.43469095
v -0.462391913 -0.0904328898 3.42633057
v -0.489611417 -0.0904328823 3.42333508
v -0.490637988 -0.0832161903 3.4294765
v -0.490991831 -0.07521642 3.43159246
v -0.521894932 -0.0904328823 3.41635561
v -0.523549795 -0.0832161903 3.42235804
v -0.524119973 -0.07521642 3.42442656
v -0.531908512 -0.0832161829 3.41984725
v -0.549048185 -0.0752164125 3.41568708
v -0.52998203 -0.0904328749 3.41392565
v -0.545746446 -0.0904328749 3.4079926
v -0.548201919 -0.0832161829 3.41371489
v -0.556119323 -0.0832161829 3.41010237
v -0.564883947 -0.0752164125 3.40802097
v -0.553406417 -0.0904328749 3.40449715
v -0.563862264 -0.0832161829 3.40613508
v -0.575332403 -0.0904328749 3.3919754
v -0.578781724 -0.0832161754 3.39715886
v -0.579970241 -0.0752164051 3.39894581
v -0.60098803 -0.0752164051 3.38278317
v -0.595442176 -0.0904328674 3.37651086
v -0.599566698 -0.0832161754 3.38117623
v -0.613699436 -0.0752164051 3.37046576
v -0.601665854 -0.0904328674 3.37074876
v -0.612137437 -0.0832161754 3.36899376
v -0.625190139 -0.0752163976 3.35709691
v -0.618598819 -0.09043286 3.35193372
v -0.623500824 -0.0832161605 3.35577393
v -0.630459189 -0.0752163976 3.35004663
v -0.615741611 -0.0961600691 3.33955979
v -0.633598089 -0.0832161605 3.34160256
v -0.635400414 -0.0752163976 3.34276605
v -0.640004516 -0.0752163976 3.33527374
v -0.623640418 -0.09043286 3.34518814
v -0.635032773 -0.0961600542 3.30470324
v -0.636851907 -0.09043286 3.32368636
v -0.642366886 -0.0832161605 3.3265779
v -0.649751067 -0.0832161605 3.31078672
v -0.644266963 -0.0752163976 3.32757425
v -0.648179412 -0.0752163976 3.31968045
v -0.651734114 -0.0752163976 3.31160569
v -0.654924631 -0.0752163902 3.30335712
v -0.643996358 -0.09043286 3.30840826
v -0.642964602 -0.0961600542 3.28078198
v -0.658441782 -0.0832161605 3.28455901
v -0.660526991 -0.0752163902 3.28506684
v -0.66982162 -0.0752163902 3.20785713
v -0.652390003 -0.09043286 3.28308177
v -0.65222609 -0.0961600468 3.20371366
v -0.667732477 -0.0832161531 3.2073648
v -0.661669612 -0.0904328451 3.20593786
v -0.699705243 -0.0961600393 3.09801507
v -0.667819858 -0.0904328451 3.18749571
v -0.673589349 -0.0832161531 3.18983674
v -0.675577283 -0.0752163902 3.19064426
v -0.708803058 -0.0904328376 3.10138083
v -0.714554548 -0.0904328376 3.0825479
v -0.714644313 -0.0832161456 3.10354066
v -0.716657162 -0.0752163753 3.104285
v -0.722690821 -0.0752163678 3.08452773
v -0.720605969 -0.0832161456 3.0840199
v -0.72426641 -0.0832161456 3.06404424
v -0.726395965 -0.0752163678 3.06430888
v -0.725613356 -0.0832161382 3.04381394
v -0.727759361 -0.0752163678 3.04383302
v -0.705129504 -0.0961600393 3.08025432
v -0.718086123 -0.0904328376 3.06327415
v -0.70846045 -0.0961600393 3.06207728
v -0.709686041 -0.0961600393 3.04366732
v -0.719385862 -0.0904328376 3.0437572
v -0.724633694 -0.0832161382 3.02353072
v -0.726767898 -0.0752163678 3.02330446
v -0.721448302 -0.0752163678 2.99525642
v -0.719355345 -0.0832161382 2.99573088
v -0.718440652 -0.0904328376 3.024189
v -0.708794713 -0.0961600393 3.02521253
v -0.715237617 -0.0904328376 3.00476217
v -0.713281512 -0.0904328376 2.99710655
v -0.713305354 -0.0904328376 2.997226
v -0.740257382 -0.0752163082 0.622236967
v -0.732145905 -0.0832160786 0.64982605
v -0.747103214 -0.0752163082 0.595968246
v -0.754127145 -0.0832160786 0.543410063
v -0.756256104 -0.0752163008 0.543678761
v -0.760626197 -0.0752163008 0.492192745
v -0.761511326 -0.0752163008 0.466805935
v -0.761782885 -0.0752163008 0.441674948
v -0.757882118 -0.0832160637 0.312234879
v -0.760141492 -0.0752163008 0.320785522
v -0.760206103 -0.0752163008 0.31926465
v -0.760195255 -0.0752163008 0.315668821
v -0.760022283 -0.0752163008 0.312083244
v -0.747949481 -0.0904327706 0.542629719
v -0.757556558 -0.0832160637 0.308761358
v -0.75919342 -0.0752163008 0.304967403
v -0.751670718 -0.0904327631 0.312675953
v -0.757075429 -0.0832160637 0.305311918
v -0.758540273 -0.0752163008 0.301452637
v -0.751371503 -0.0904327631 0.309482336
v -0.748752356 -0.0904327631 0.296960592
v -0.754707932 -0.0832160637 0.295141459
v -0.757729411 -0.0752163008 0.297967196
v -0.756759763 -0.0752163008 0.294514179
v -0.752369046 -0.0832160637 0.288564444
v -0.754356265 -0.0752163008 0.287754297
v -0.749430537 -0.0832160637 0.28219533
v -0.75133574 -0.0752163008 0.281208038
v -0.741738081 -0.0961599573 0.310604811
v -0.743900776 -0.0904327631 0.285058498
v -0.745937467 -0.0832160637 0.27613759
v -0.747745991 -0.0752163008 0.274983168
v -0.741365314 -0.0752163008 0.266341448
v -0.740689397 -0.0904327631 0.279489279
v -0.739729285 -0.0832160637 0.267728567
v -0.736492872 -0.0752163008 0.261097431
v -0.739476681 -0.0961599573 0.299792767
v -0.734981298 -0.0904327631 0.271757603
v -0.734988689 -0.0832160637 0.262627363
v -0.731157541 -0.0752163008 0.256305933
v -0.72419858 -0.0832160637 0.253784895
v -0.741996527 -0.0961599573 0.31336236
v -0.738327384 -0.0961599723 0.541414738
v -0.716008902 -0.0961599797 0.653015614
v -0.725937963 -0.0904327706 0.64934659
v -0.72569859 -0.0904327706 0.653410435
v -0.732078314 -0.0832160786 0.665209532
v -0.733978152 -0.0752163082 0.657520533
v -0.734063625 -0.0752163082 0.653751135
v -0.734029889 -0.0752163082 0.661291122
v -0.734285116 -0.0752163082 0.649990797
v -0.734218955 -0.0752163082 0.665063143
v -0.734642506 -0.0752163082 0.646243095
v -0.735135913 -0.0752163082 0.642509699
v -0.735764146 -0.0752163082 0.638795614
v -0.736527205 -0.0752163082 0.635104656
v -0.73742485 -0.0752163082 0.631439447
v -0.738455892 -0.0752163082 0.627803564
v -0.734545708 -0.0752163082 0.668833733
v -0.725866675 -0.0904327706 0.665633917
v -0.732885361 -0.0832160786 0.67289114
v -0.735009551 -0.0752163082 0.672590256
v -0.717119694 -0.0961599797 0.675130606
v -0.734244943 -0.0832160786 0.680473566
v -0.73720789 -0.0752163082 0.683687687
v -0.726720929 -0.0904327706 0.673766613
v -0.720871687 -0.0961599797 0.692420721
v -0.728160501 -0.0904327706 0.681795359
v -0.735129118 -0.0832160786 0.684218645
v -0.739334345 -0.0752163082 0.690910101
v -0.738583565 -0.0832160786 0.695213079
v -0.740592599 -0.0752163082 0.694459677
v -0.741978765 -0.0752163082 0.697962999
v -0.730174661 -0.0904327706 0.689682484
v -0.759948015 -0.0832160786 0.739259243
v -0.761935234 -0.0752163082 0.738450766
v -0.76537621 -0.0752163082 0.747451067
v -0.766952395 -0.0752163082 0.752004862
v -0.768431783 -0.0752163082 0.756592989
v -0.769813776 -0.0752163082 0.761214972
v -0.732753634 -0.0904327706 0.697399855
v -0.754181743 -0.0904327706 0.74160552
v -0.77436161 -0.0832160786 0.786336899
v -0.771016479 -0.0752163082 0.765573025
v -0.776457548 -0.0752163082 0.785870314
v -0.757495165 -0.0904327706 0.750272989
v -0.778197527 -0.0832160786 0.807879686
v -0.780326486 -0.0752163082 0.807599545
v -0.768279433 -0.0904327706 0.787690639
v -0.780023098 -0.0832160786 0.829255581
v -0.782169104 -0.0752163082 0.829174519
v -0.758806467 -0.0961599723 0.789798975
v -0.76409483 -0.0961599723 0.829853296
v -0.773795009 -0.0904327706 0.82948947
v -0.779809356 -0.0832160786 0.85038209
v -0.781953096 -0.0752163082 0.850509167
v -0.773587346 -0.0904327706 0.85001421
v -0.761808634 -0.0961599723 0.868649244
v -0.777551174 -0.0832160786 0.871155977
v -0.779672146 -0.0752163082 0.871494055
v -0.77535224 -0.0752163082 0.892007351
v -0.771395683 -0.0904327706 0.870176554
v -0.773275018 -0.0832160786 0.891462088
v -0.769054055 -0.0752163082 0.911931634
v -0.7520895 -0.0961599797 0.905657887
v -0.767246485 -0.0904327706 0.889878273
v -0.767039776 -0.0832160786 0.911187291
v -0.760869145 -0.0752163157 0.93116951
v -0.761194468 -0.0904327706 0.909024954
v -0.758934021 -0.0832160786 0.930238724
v -0.750905156 -0.0752163157 0.949653864
v -0.74371016 -0.090432778 0.945361257
v -0.749061227 -0.083216086 0.948553443
v -0.726091623 -0.0752163157 0.984243155
v -0.724450231 -0.083216086 0.98285985
v -0.735375643 -0.0961599797 0.94038856
v -0.719686031 -0.0904327855 0.978844881
v -0.704055667 -0.0832160935 1.00447214
v -0.705507398 -0.0752163231 1.00605214
v -0.658624291 -0.075216338 1.04268932
v -0.657212377 -0.0832161009 1.04107332
v -0.655434012 -0.075216338 1.04558587
v -0.645442009 -0.075216338 1.05535257
v -0.625150323 -0.0752163455 1.07653034
v -0.699842811 -0.0904327855 0.999887705
v -0.712265849 -0.0961599872 0.97259295
v -0.693280697 -0.0961599872 0.992746115
v -0.59497261 -0.0832161084 1.10670614
v -0.59667933 -0.0752163455 1.10801482
v -0.653114557 -0.0904327929 1.03638601
v -0.590019822 -0.0904328004 1.10290587
v -0.646731734 -0.0961599946 1.02908385
v -0.582305908 -0.096160017 1.0969857
v -0.596544027 -0.0752163455 1.09797561
v -0.596815586 -0.0752163455 1.09830725
v -0.597079396 -0.0752163455 1.0986222
v -0.597350359 -0.0752163455 1.09893847
v -0.59792757 -0.0752163455 1.09958386
v -0.59821713 -0.0752163455 1.09989631
v -0.598510981 -0.0752163455 1.10020614
v -0.598808885 -0.0752163455 1.10051084
v -0.599114895 -0.0752163455 1.10081673
v -0.599410176 -0.0752163455 1.10110474
v -0.539030433 -0.0752163753 1.93644154
v -0.539153874 -0.0752163753 1.93673074
v -0.538918614 -0.0752163753 1.93616903
v -0.538811207 -0.0752163753 1.93589389
v -0.538707733 -0.0752163753 1.93561745
v -0.538610697 -0.0752163753 1.93534625
v -0.538425207 -0.0752163753 1.93478572
v -0.536191463 -0.0832161456 1.9348011
v -0.537994266 -0.0752163753 1.93321979
v -0.535918355 -0.0832161456 1.93375981
v -0.53597039 -0.0832161456 1.9339577
v -0.538392186 -0.0752163753 1.93501449
v -0.55222106 -0.0752163753 1.95892298
v -0.559558988 -0.0752163678 1.97227132
v -0.573625445 -0.0752163678 1.99928701
v -0.580352068 -0.0752163678 2.01294947
v -0.620337963 -0.0752163678 2.10694003
v -0.618424058 -0.0832161382 2.10790944
v -0.622429013 -0.0752163678 2.11069155
v -0.62059772 -0.0832161382 2.11180997
v -0.623581886 -0.0752163678 2.112499
v -0.619525433 -0.0904328302 2.12115884
v -0.624419093 -0.0832161382 2.11730838
v -0.624808669 -0.0752163678 2.11426425
v -0.626105547 -0.0752163678 2.11598182
v -0.625838757 -0.0832161382 2.11904144
v -0.627471209 -0.0752163678 2.11764908
v -0.622750759 -0.0904328302 2.12493992
v -0.627324224 -0.0832161382 2.12071538
v -0.630395889 -0.0752163678 2.12081432
v -0.628144145 -0.0904328302 2.13012218
v -0.632184148 -0.0832161382 2.12538338
v -0.631959558 -0.0752163678 2.12231588
v -0.633576155 -0.0752163678 2.12375069
v -0.630064845 -0.0904328302 2.13169432
v -0.635694504 -0.0832161307 2.12814355
v -0.636952877 -0.0752163678 2.12640667
v -0.638718009 -0.0752163678 2.1276319
v -0.632042766 -0.0904328302 2.13318706
v -0.641346693 -0.0832161307 2.13174701
v -0.64053297 -0.0752163678 2.12878895
v -0.642390966 -0.0752163678 2.1298728
v -0.643320441 -0.0832161307 2.13279605
v -0.644289732 -0.0752163604 2.13088179
v -0.646226525 -0.0752163604 2.1318152
v -0.648198962 -0.0752163604 2.13267136
v -0.65021801 -0.0752163604 2.13345313
v -0.653840899 -0.0752163604 2.13469625
v -0.638316154 -0.0904328227 2.13718653
v -0.66516161 -0.0832161307 2.14133763
v -0.66599369 -0.0752163604 2.13935924
v -0.690214515 -0.0752163529 2.15140152
v -0.681162834 -0.0961600244 2.16704726
v -0.686020851 -0.0904328227 2.15864968
v -0.689139724 -0.0832161307 2.15325904
v -0.711299419 -0.0832161158 2.1680088
v -0.712598205 -0.0752163529 2.1663003
v -0.732903123 -0.0752163529 2.18385005
v -0.691634178 -0.0961600244 2.17355251
v -0.731400847 -0.0832161158 2.1853826
v -0.742201567 -0.0752163529 2.19355392
v -0.749205828 -0.0832161084 2.20517325
v -0.750888109 -0.0752163529 2.20384121
v -0.758934379 -0.0752163455 2.21468401
v -0.766308308 -0.0752163455 2.22606039
v -0.782747269 -0.0832161084 2.25660253
v -0.771905422 -0.0752163455 2.23602509
v -0.778046489 -0.0752163455 2.24608517
v -0.784476161 -0.0752163455 2.25533104
v -0.707529664 -0.0904328153 2.17296743
v -0.797533035 -0.0832161084 2.27475142
v -0.799138784 -0.0752163455 2.2733283
v -0.807313681 -0.075216338 2.28220797
v -0.815993786 -0.075216338 2.29108906
v -0.825120926 -0.075216338 2.30002522
v -0.834632754 -0.075216338 2.30908227
v -0.877884388 -0.0832160935 2.35350895
v -0.844458699 -0.075216338 2.31832719
v -0.854521155 -0.075216338 2.32783151
v -0.864741087 -0.075216338 2.33767796
v -0.874124408 -0.0752163231 2.34705138
v -0.879314303 -0.0752163231 2.35190964
v -0.88856101 -0.0832160935 2.36220741
v -0.889838934 -0.0752163231 2.36048341
v -0.899953842 -0.0832160935 2.36987352
v -0.901069403 -0.0752163231 2.36804152
v -0.884852767 -0.0904327855 2.36720967
v -0.873734832 -0.0904327855 2.35815144
v -0.792873025 -0.0904328004 2.27888083
v -0.911984205 -0.0832160935 2.37646604
v -0.919069171 -0.0752163157 2.37737751
v -0.918213606 -0.0832160935 2.37934446
v -0.925339341 -0.0752163157 2.37993455
v -0.93173039 -0.0752163157 2.38220763
v -0.938233018 -0.0752163157 2.38419008
v -0.909243584 -0.0904327855 2.38205719
v -0.964434385 -0.083216086 2.39388347
v -0.946657658 -0.0752163157 2.38634205
v -0.965129256 -0.0752163157 2.39185214
v -0.867271066 -0.0961599946 2.36538291
v -0.896715999 -0.0904327855 2.37519336
v -0.891673207 -0.0961599872 2.38347769
v -0.915730715 -0.0904327855 2.3850553
v -0.982566833 -0.0832160786 2.40090537
v -1.00073564 -0.0752163082 2.40733218
v -0.911863685 -0.0961599872 2.39395022
v -0.980080485 -0.0904327706 2.4066186
v -0.999719024 -0.0832160786 2.40922332
v -1.03225327 -0.0752163008 2.42780423
v -0.996769547 -0.0904327706 2.41471171
v -1.03093934 -0.0832160637 2.42950249
v -1.0594753 -0.0752163008 2.45258951
v -0.785615206 -0.0961600021 2.28531265
v -0.992175102 -0.0961599723 2.4232595
v -1.05791271 -0.0832160637 2.45406151
v -1.08249545 -0.0752163008 2.4808805
v -1.02712595 -0.0904327706 2.43443012
v -1.02118647 -0.0961599723 2.4421041
v -0.777730584 -0.0904328004 2.26029229
v -1.08074307 -0.0832160562 2.48211861
v -1.10169756 -0.0752162933 2.51196265
v -1.05337739 -0.0904327631 2.4583323
v -1.04631364 -0.0961599573 2.46498513
v -0.736718059 -0.096160017 2.21506214
v -0.744323134 -0.0904328153 2.2090404
v -0.727041006 -0.0904328153 2.18983078
v -0.720250487 -0.096160017 2.19675756
v -0.701658368 -0.096160017 2.18069005
v -1.06773734 -0.0961599573 2.49131703
v -1.07565796 -0.0904327631 2.48571563
v -1.09433615 -0.0904327482 2.51595306
v -1.09981096 -0.0832160562 2.51298451
v -1.16368437 -0.0752162784 2.63861537
v -1.18214726 -0.0904327407 2.70307541
v -1.18806529 -0.0832160488 2.70112276
v -1.18137372 -0.0752162784 2.67760253
v -1.19010448 -0.0752162784 2.70044899
v -1.18853223 -0.0904327407 2.72592068
v -1.19461155 -0.0832160488 2.724545
v -1.19670641 -0.0752162784 2.72407079
v -1.19250643 -0.0904327407 2.74873114
v -1.19869626 -0.0832160488 2.74799061
v -1.20082939 -0.0752162784 2.74773622
v -1.19399893 -0.0904327407 2.77141953
v -1.20023382 -0.0832160488 2.77135921
v -1.20238209 -0.0752162784 2.7713387
v -1.18329823 -0.0961599424 2.79284668
v -1.19915998 -0.0832160488 2.79450274
v -1.20129704 -0.0752162784 2.79472518
v -1.192958 -0.0904327407 2.79385471
v -1.1740824 -0.0961599499 2.83414555
v -1.18936694 -0.0904327407 2.81588221
v -1.19545293 -0.0832160488 2.81724119
v -1.19755018 -0.0752162784 2.81770921
v -1.1911751 -0.0752162784 2.84008646
v -1.1891458 -0.0832160488 2.83938193
v -1.18226111 -0.0752162784 2.86167812
v -1.18325579 -0.0904327482 2.83733392
v -1.18032336 -0.0832160562 2.86074996
v -1.17093706 -0.0752162933 2.88234043
v -1.15554452 -0.0961599499 2.87283468
v -1.17469978 -0.0904327482 2.85805798
v -1.16910958 -0.0832160562 2.88121176
v -1.15734756 -0.0752162933 2.90198827
v -1.16380548 -0.0904327482 2.87793589
v -1.15564227 -0.0832160562 2.9006834
v -1.14162982 -0.0752163008 2.9205873
v -1.12834942 -0.0961599573 2.90831232
v -1.13547683 -0.0904327631 2.91489959
v -1.14005303 -0.0832160637 2.91912937
v -1.12449753 -0.0752163008 2.93754554
v -1.11797619 -0.0752163008 2.94346976
v -1.11206627 -0.0752163008 2.94878173
v -1.10620844 -0.0752163008 2.95401287
v -1.10041296 -0.0752163008 2.95917726
v -1.09468722 -0.0752163082 2.96429014
v -1.08904552 -0.0752163082 2.96935534
v -1.03599894 -0.083216086 3.0159831
v -1.08350134 -0.0752163082 2.97438598
v -1.07806075 -0.0752163082 2.97939467
v -1.07273376 -0.0752163082 2.98438931
v -1.06753218 -0.0752163082 2.98937869
v -1.06246698 -0.0752163157 2.99436808
v -1.05715322 -0.0752163157 2.99977016
v -1.05271983 -0.0752163157 3.0042057
v -1.04773355 -0.0752163157 3.00887108
v -1.04260242 -0.0752163157 3.01335645
v -1.03732824 -0.0752163157 3.01766586
v -1.01489568 -0.0752163157 3.03305984
v -1.03214073 -0.090432778 3.01109529
v -1.01380289 -0.0832160935 3.03121352
v -0.996795893 -0.0752163231 3.04257965
v -1.01063132 -0.0904327855 3.0258553
v -1.02613187 -0.0961599797 3.00348449
v -1.00569105 -0.0961599872 3.01751041
v -0.989713907 -0.0832160935 3.04337025
v -0.990549803 -0.0752163231 3.04534626
v -0.98421526 -0.0752163231 3.04790211
v -0.999171138 -0.0904327855 3.03213143
v -0.994801044 -0.0961599872 3.02347422
v -0.983445883 -0.0832160935 3.04589915
v -0.977804661 -0.0752163231 3.05024195
v -0.957692027 -0.0832161009 3.0538609
v -0.964787245 -0.075216338 3.05426574
v -0.958186626 -0.075216338 3.05594873
v -0.987287641 -0.0904327855 3.03763652
v -0.971894026 -0.0961599946 3.03316784
v -0.962584019 -0.0904327929 3.04618955
v -0.960032105 -0.0961599946 3.03683424
v -0.956255674 -0.0904327929 3.04780173
v -0.931136131 -0.0832161009 3.05830526
v -0.931347966 -0.075216338 3.06044054
v -0.92956388 -0.0961599946 3.04245877
v -0.930521369 -0.0904327929 3.05210996
v -0.803164363 -0.0832161307 3.0602181
v -0.803013563 -0.0752163604 3.06235862
v -0.77543056 -0.0752163678 3.05896091
v -0.775803804 -0.0832161307 3.05684733
v -0.761827946 -0.0752163678 3.05619168
v -0.748386979 -0.0752163678 3.05271792
v -0.803602099 -0.0904328227 3.0540061
v -0.791377902 -0.0961600244 3.04308105
v -0.79019165 -0.0904328227 3.05270767
v -0.776886225 -0.0904328227 3.05071497
v -0.735833287 -0.0832161382 3.04651737
v -0.735135913 -0.0752163678 3.04854608
v -0.709316015 -0.0752163753 3.03812885
v -0.75336349 -0.0961600319 3.03534436
v -0.737858176 -0.0904328302 3.04062819
v -0.741012096 -0.0961600319 3.03145528
v -0.712850809 -0.0904328376 3.03053856
v -0.689412594 -0.0904328376 3.01816082
v -0.687033653 -0.0832161456 3.0239346
v -0.710221767 -0.0832161456 3.03618383
v -0.696803927 -0.0752163753 3.03189874
v -0.686461568 -0.0752163753 3.02604938
v -0.686213732 -0.0752163753 3.02592325
v -0.719355226 0.0881101489 2.99573088
v -0.713305235 0.0953268632 2.997226
v -0.713281393 0.0953268632 2.99710655
v -0.719529748 0.0881101489 2.99661279
v -0.721448183 0.0801103935 2.99525642
v -0.7216748 0.0801103935 2.99640203
v -0.719534278 0.0881101489 3.00129628
v -0.721679568 0.0801103935 3.00152516
v -0.713308334 0.0953268632 3.00063157
v -0.71832037 0.0881101489 3.00688863
v -0.720364094 0.0801103935 3.0075841
v -0.703611016 0.101054057 2.9995954
v -0.703609824 0.101054057 2.99817991
v -0.691393018 0.10473115 2.99938202
v -0.712388277 0.0953268632 3.00486898
v -0.703149199 0.101054057 3.00172305
v -0.691392064 0.10473115 2.99829054
v -0.715607643 0.0881101489 3.01261353
v -0.717438102 0.0801103935 3.0137589
v -0.713071465 0.0801103935 3.0191946
v -0.710295916 0.0953268632 3.00928497
v -0.702022076 0.101054057 3.00410151
v -0.691507101 0.10473115 2.99775958
v -0.711555123 0.0881101489 3.0176568
v -0.707806349 0.0801103935 3.02330709
v -0.707154155 0.0953268632 3.01319575
v -0.706673741 0.0881101489 3.02147007
v -0.702299118 0.0801103935 3.02591181
v -0.700299382 0.101054057 3.00624704
v -0.691596746 0.10473115 2.99757051
v -0.701584935 0.0881101489 3.02387667
v -0.697100163 0.0801103935 3.02714729
v -0.70338738 0.0953268632 3.01613855
v -0.696807981 0.0881101489 3.02501178
v -0.692571521 0.0801103935 3.02732086
v -0.698268414 0.101054057 3.00783348
v -0.691661954 0.10473115 2.99748969
v -0.699512601 0.0953268632 3.01796937
v -0.692684054 0.0881101489 3.02517009
v -0.688914657 0.0801103935 3.02679491
v -0.696284413 0.101054057 3.0087707
v -0.691818237 0.10473115 2.99736738
v -0.695960402 0.0953268632 3.01881385
v -0.689400315 0.0881101489 3.02469826
v -0.686213613 0.0801103935 3.02592325
v -0.687033534 0.0881101489 3.0239346
v -0.69464016 0.101054057 3.00916171
v -0.692217112 0.10473115 2.99717975
v -0.693009973 0.0953268632 3.01892829
v -0.690809369 0.0953268632 3.01861072
v -0.689412475 0.0953268632 3.01816082
v -0.693003893 0.101054057 3.00913072
v -0.695769191 0.10473115 2.99718499
v -0.693517447 0.101054057 3.00920534
v -0.522586823 0.101054035 1.94393921
v -0.51141715 0.104731135 1.94889009
v -0.522299767 0.101054035 1.9432925
v -0.531478047 0.0953268632 1.94007075
v -0.53093648 0.0953268632 1.93884945
v -0.537186801 0.0881101489 1.93758702
v -0.536481321 0.0881101489 1.93599677
v -0.539153814 0.0801103935 1.93673074
v -0.538392067 0.0801103935 1.93501449
v -0.539030313 0.0801103935 1.93644154
v -0.537186801 0.0881101489 1.93758702
v -0.539153814 0.0801103935 1.93673074
v -0.538918495 0.0801103935 1.93616903
v -0.538707674 0.0801103935 1.93561745
v -0.536379099 0.0881101489 1.93542981
v -0.538610578 0.0801103935 1.93534625
v -0.531478047 0.0953268632 1.94007075
v -0.538425148 0.0801103935 1.93478572
v -0.536191404 0.0881101489 1.9348011
v -0.535918236 0.0881101489 1.93375981
v -0.537994146 0.0801103935 1.93321979
v -0.532529354 0.0953268632 1.92223561
v -0.52368021 0.101054057 1.91826177
v -0.532594323 0.0953268632 1.92210186
v -0.538317502 0.0881101489 1.9245677
v -0.537952662 0.0881101489 1.92531848
v -0.540289283 0.0801103935 1.92541742
v -0.539821625 0.0801103935 1.9263804
v -0.535880625 0.0881101489 1.92846823
v -0.537551284 0.0801103935 1.92983222
v -0.533983111 0.0801103935 1.93338561
v -0.532580137 0.0881101489 1.93175554
v -0.53103292 0.0953268632 1.92451108
v -0.528508663 0.0953268632 1.92702317
v -0.523482203 0.101054057 1.91834533
v -0.524081945 0.101054057 1.91743386
v -0.513437748 0.104731135 1.91138375
v -0.522167385 0.101054057 1.91965532
v -0.513967752 0.104731135 1.91057765
v -0.538317502 0.0801103935 1.93017161
v -0.533983111 0.0801103935 1.93338561
v -0.587918401 0.0801103935 1.89440989
v -0.641355634 0.0881101713 1.84960401
v -0.602554679 0.0801103935 1.88354015
v -0.617363334 0.0801104084 1.87206483
v -0.642746568 0.0801104084 1.8512367
v -0.689565539 0.0881101713 1.80522609
v -0.691086054 0.0801104084 1.80674052
v -0.733345866 0.0881101862 1.75682819
v -0.735010743 0.0801104307 1.75818193
v -0.766488433 0.0953269005 1.70036185
v -0.771748185 0.0881101862 1.70369792
v -0.773560524 0.0801104307 1.70484734
v -0.789298058 0.10105411 1.63854599
v -0.803748488 0.0881102011 1.64525175
v -0.805695295 0.0801104456 1.64615548
v -0.798098326 0.0953269154 1.64263034
v -0.813088179 0.10105411 1.57642555
v -0.828322291 0.0881102011 1.5810858
v -0.830374718 0.0801104456 1.5817132
v -0.83957684 0.0801104456 1.54742992
v -0.822365761 0.0953269154 1.57926285
v -0.828564286 0.10105411 1.50570941
v -0.837488294 0.0881102011 1.54693627
v -0.830336809 0.10105411 1.46915841
v -0.838203073 0.0953269154 1.5068022
v -0.844391704 0.0881102011 1.50750411
v -0.846524239 0.0801104456 1.50774586
v -0.826983571 0.10105411 1.43356514
v -0.840036988 0.0953269154 1.46895528
v -0.846264839 0.0881102011 1.46882415
v -0.848410845 0.0801104456 1.46877909
v -0.836546659 0.0953269154 1.43192208
v -0.842686653 0.0881102011 1.4308666
v -0.844802499 0.0801104605 1.43050277
v -0.81823802 0.10105411 1.39910567
v -0.833323956 0.0881102011 1.3939774
v -0.835356474 0.0801104456 1.39328706
v -0.828407168 0.0801104456 1.37522817
v -0.827425241 0.0953269154 1.39598298
v -0.826435328 0.0881102011 1.37607658
v -0.810130596 0.0801104456 1.34046793
v -0.808310151 0.0881102011 1.34160566
v -0.799330831 0.0801104456 1.32451355
v -0.784723163 0.0801104456 1.30433214
v -0.770485401 0.0801104456 1.28458393
v -0.755998254 0.0801104456 1.2646724
v -0.708209634 0.0881101862 1.20640099
v -0.741145968 0.0801104456 1.24470186
v -0.725807667 0.0801104456 1.2247839
v -0.709859133 0.0801104307 1.20502925
v -0.820713043 0.0953269154 1.37854111
v -0.794799089 0.10105411 1.3500483
v -0.803027272 0.0953269154 1.34490716
v -0.703423023 0.0953269005 1.21038258
v -0.631943345 0.0953269005 1.13644481
v -0.596395969 0.0881101713 1.10119987
v -0.636004925 0.0881101862 1.131724
v -0.597768664 0.0801104084 1.09954536
v -0.637404561 0.0801104307 1.13009775
v -0.599114776 0.0801104084 1.10081673
v -0.599410057 0.0801104084 1.10110474
v -0.598808765 0.0801104084 1.10051084
v -0.598510861 0.0801104084 1.10020614
v -0.59821701 0.0801104084 1.09989631
v -0.597927451 0.0801104084 1.09958386
v -0.597641468 0.0801104084 1.0992676
v -0.59735024 0.0801104084 1.09893847
v -0.597079277 0.0801104084 1.0986222
v -0.596815467 0.0801104084 1.09830725
v -0.596543908 0.0801104084 1.09797561
v -0.590842247 0.0953268781 1.1043098
v -0.590915501 0.0953268781 1.1044358
v -0.590777636 0.0953268781 1.1041851
v -0.590669632 0.0953268781 1.10393178
v -0.596296668 0.0881101713 1.10130525
v -0.590720057 0.0953268781 1.1040591
v -0.590587378 0.0953268781 1.10366821
v -0.596513629 0.0881101713 1.10178101
v -0.590556502 0.0953268781 1.10353458
v -0.596710682 0.0881101713 1.10263467
v -0.590587378 0.0953268781 1.10230291
v -0.596688509 0.0881101713 1.10351014
v -0.590556502 0.0953268781 1.10243666
v -0.590669632 0.0953268781 1.10203934
v -0.59661746 0.0881101713 1.10385728
v -0.590720057 0.0953268781 1.10191214
v -0.590777636 0.0953268781 1.10178614
v -0.590842247 0.0953268781 1.10166144
v -0.596513629 0.0881101713 1.10419023
v -0.590912282 0.0953268781 1.10154188
v 0.706802726 0.101053879 0.256627321
v 0.704822302 0.104730971 0.268685102
v 0.729209661 0.101053864 0.262290478
v 0.708374381 0.0953266695 0.24705863
v 0.732548356 0.0953266695 0.253185749
v 0.709383011 0.0881099552 0.240914583
v 0.689440727 0.0953266844 0.245193243
v 0.689648271 0.0881099775 0.238970757
v 0.736680865 0.0953266695 0.254874945
v 0.734691381 0.0881099552 0.247340202
v 0.740685582 0.0953266695 0.256866455
v 0.741476178 0.0881099552 0.250259638
v 0.742431402 0.0801101997 0.248338938
v 0.739246368 0.0881099552 0.249201536
v 0.737803936 0.0801101997 0.246246099
v 0.735430002 0.0801101997 0.245325565
v 0.72544086 0.0801101997 0.242220879
v 0.717634678 0.0801101997 0.240307808
v 0.713695526 0.0801101997 0.239503145
v 0.709730744 0.0801101997 0.238798618
v 0.701764464 0.0801102147 0.237700701
v 0.69375968 0.0801102147 0.237015486
v 0.689719677 0.0801102147 0.236827612
v 0.131145254 0.101053916 2.60281897
v 0.119073093 0.104731008 2.6009202
v 0.13045232 0.101053916 2.60792279
v 0.14073813 0.0953267217 2.60423446
v 0.139482737 0.0953267217 2.61348057
v 0.146896809 0.0881100073 2.6051445
v 0.145280808 0.0881100073 2.61704922
v 0.149019033 0.0801102519 2.60545826
v 0.147278637 0.0801102519 2.61827826
v -0.777730465 0.0953269005 2.26029229
v -0.744323015 0.0953268781 2.2090404
v -0.736717939 0.101054072 2.21506214
v -0.727040887 0.0953268781 2.18983078
v -0.720250368 0.101054072 2.19675756
v -0.701658249 0.101054072 2.18069005
vt 0.242797852 0.00826263428
vt 0.868652344 0.00776290894
vt 0.868652344 0.00776290894
vt 0.242797852 0.008934021
vt 0.868652344 0.00843048096
vt 0.242919922 0.0108718872
vt 0.868652344 0.0103683472
vt 0.240722656 0.0140609741
vt 0.240112305 0.0110702515
vt 0.876464844 0.0139389038
vt 0.877441406 0.0109558105
vt 0.875488281 0.0177001953
vt 0.239501953 0.0180969238
vt 0.23828125 0.0143890381
vt 0.868164062 0.0214233398
vt 0.874511719 0.0218658447
vt 0.8828125 0.0232543945
vt 0.884765625 0.0192871094
vt 0.243896484 0.0219116211
vt 0.242431641 0.0220184326
vt 0.240966797 0.0222015381
vt 0.236572266 0.0187072754
vt 0.238891602 0.022644043
vt 0.876464844 0.0139389038
vt 0.868652344 0.0103683472
vt 0.877441406 0.0109558105
vt 0.240722656 0.0140609741
vt 0.875488281 0.0177001953
vt 0.239501953 0.0180969238
vt 0.23828125 0.0143890381
vt 0.242919922 0.0108718872
vt 0.240112305 0.0110702515
vt 0.868652344 0.00843048096
vt 0.242797852 0.008934021
vt 0.868652344 0.00776290894
vt 0.242797852 0.00826263428
vt 0.242797852 0.00826263428
vt 0.868164062 0.0214233398
vt 0.874511719 0.0218658447
vt 0.8828125 0.0232543945
vt 0.884765625 0.0192871094
vt 0.243896484 0.0219116211
vt 0.242431641 0.0220184326
vt 0.240966797 0.0222015381
vt 0.238891602 0.022644043
vt 0.236572266 0.0187072754
vt 0.8828125 0.0232543945
vt 0.884765625 0.0238647461
vt 0.883789062 0.0235900879
vt 0.885742188 0.0243530273
vt 0.88671875 0.0249176025
vt 0.889648438 0.0277862549
vt 0.888671875 0.0264892578
vt 0.887695312 0.0255432129
vt 0.889160156 0.0272521973
vt 0.891601562 0.0336914062
vt 0.874511719 0.0218658447
vt 0.868164062 0.0214233398
vt 0.892578125 0.0411682129
vt 0.894042969 0.0875244141
vt 0.829589844 0.232788086
vt 0.880859375 0.187011719
vt 0.904785156 0.137084961
vt 0.891601562 0.174438477
vt 0.900390625 0.16003418
vt 0.903320312 0.152587891
vt 0.904785156 0.145019531
vt 0.240234375 0.135498047
vt 0.243896484 0.0219116211
vt 0.818847656 0.24621582
vt 0.230224609 0.101745605
vt 0.228271484 0.086730957
vt 0.240356445 0.142211914
vt 0.228515625 0.0321960449
vt 0.298828125 0.270996094
vt 0.239746094 0.145629883
vt 0.237670898 0.152099609
vt 0.299804688 0.272216797
vt 0.268066406 0.248779297
vt 0.235229492 0.156860352
vt 0.226318359 0.169311523
vt 0.246948242 0.237548828
vt 0.812988281 0.255859375
vt 0.300537109 0.273193359
vt 0.301513672 0.274902344
vt 0.220703125 0.182006836
vt 0.239379883 0.232055664
vt 0.229980469 0.223022461
vt 0.219238281 0.1875
vt 0.226318359 0.218383789
vt 0.218505859 0.192993164
vt 0.807617188 0.270751953
vt 0.223266602 0.213500977
vt 0.21862793 0.198364258
vt 0.219482422 0.203491211
vt 0.220947266 0.208618164
vt 0.301757812 0.276123047
vt 0.741699219 0.375244141
vt 0.302001953 0.27734375
vt 0.302001953 0.278564453
vt 0.798828125 0.311035156
vt 0.301757812 0.279785156
vt 0.770996094 0.351318359
vt 0.791992188 0.324951172
vt 0.783203125 0.338623047
vt 0.736328125 0.381835938
vt 0.301513672 0.280761719
vt 0.734375 0.385253906
vt 0.300537109 0.282470703
vt 0.732910156 0.388916016
vt 0.299804688 0.283691406
vt 0.732421875 0.392822266
vt 0.298828125 0.284667969
vt 0.712402344 0.450439453
vt 0.732421875 0.396728516
vt 0.72265625 0.436767578
vt 0.729492188 0.424072266
vt 0.732910156 0.401123047
vt 0.734863281 0.408691406
vt 0.734863281 0.40625
vt 0.735351562 0.407714844
vt 0.735351562 0.406982422
vt 0.7109375 0.452636719
vt 0.324707031 0.526367188
vt 0.295410156 0.287353516
vt 0.710449219 0.453857422
vt 0.274902344 0.500976562
vt 0.277587891 0.296630859
vt 0.325439453 0.526855469
vt 0.246826172 0.318359375
vt 0.710449219 0.455078125
vt 0.710449219 0.456054688
vt 0.254150391 0.487792969
vt 0.710449219 0.457275391
vt 0.326416016 0.527832031
vt 0.327148438 0.528808594
vt 0.7109375 0.458496094
vt 0.328369141 0.53125
vt 0.711425781 0.459960938
vt 0.329101562 0.534179688
vt 0.235473633 0.473632812
vt 0.219360352 0.458251953
vt 0.205932617 0.44140625
vt 0.711914062 0.460693359
vt 0.329589844 0.537109375
vt 0.329589844 0.538085938
vt 0.202758789 0.359130859
vt 0.712890625 0.461181641
vt 0.195678711 0.423095703
vt 0.191894531 0.413330078
vt 0.189086914 0.402587891
vt 0.188354492 0.392333984
vt 0.195800781 0.368164062
vt 0.189697266 0.382324219
vt 0.193237305 0.372802734
vt 0.329345703 0.539550781
vt 0.678710938 0.682617188
vt 0.328369141 0.541992188
vt 0.327392578 0.543457031
vt 0.308349609 0.567382812
vt 0.714355469 0.461669922
vt 0.603027344 0.742675781
vt 0.290039062 0.597167969
vt 0.288330078 0.599121094
vt 0.285400391 0.602050781
vt 0.282958984 0.604003906
vt 0.277832031 0.607421875
vt 0.271972656 0.609863281
vt 0.657714844 0.709960938
vt 0.638183594 0.725097656
vt 0.6484375 0.718261719
vt 0.599121094 0.760253906
vt 0.77734375 0.636230469
vt 0.721679688 0.676757812
vt 0.782226562 0.631835938
vt 0.758789062 0.658691406
vt 0.715820312 0.461914062
vt 0.787597656 0.627929688
vt 0.717285156 0.462158203
vt 0.793457031 0.624511719
vt 0.719238281 0.461914062
vt 0.752441406 0.6640625
vt 0.796875 0.623046875
vt 0.729003906 0.675292969
vt 0.721679688 0.461669922
vt 0.741699219 0.670410156
vt 0.747558594 0.667480469
vt 0.735351562 0.672851562
vt 0.850585938 0.592773438
vt 0.723632812 0.461181641
vt 0.729003906 0.459716797
vt 0.825195312 0.611328125
vt 0.813476562 0.6171875
vt 0.819824219 0.614257812
vt 0.861816406 0.586425781
vt 0.734863281 0.457519531
vt 0.874511719 0.581054688
vt 0.780761719 0.435058594
vt 0.908203125 0.565917969
vt 0.888671875 0.576660156
vt 0.903808594 0.568847656
vt 0.894042969 0.57421875
vt 0.821777344 0.424560547
vt 0.8046875 0.427246094
vt 0.796386719 0.429199219
vt 0.874511719 0.420166016
vt 0.985839844 0.494384766
vt 0.891601562 0.417480469
vt 0.993164062 0.452636719
vt 0.99609375 0.462158203
vt 0.996582031 0.467041016
vt 0.989257812 0.489990234
vt 0.9921875 0.485351562
vt 0.996582031 0.471679688
vt 0.995605469 0.476318359
vt 0.994140625 0.480957031
vt 0.936035156 0.414794922
vt 0.98828125 0.443359375
vt 0.985351562 0.438476562
vt 0.942871094 0.415771484
vt 0.949707031 0.417236328
vt 0.981445312 0.434326172
vt 0.955566406 0.418945312
vt 0.977050781 0.430419922
vt 0.961914062 0.421386719
vt 0.972167969 0.427001953
vt 0.967285156 0.423828125
vt 0.915527344 0.413574219
vt 0.899902344 0.415283203
vt 0.905273438 0.414306641
vt 0.91015625 0.413818359
vt 0.240966797 0.0222015381
vt 0.242431641 0.0220184326
vt 0.23449707 0.0244140625
vt 0.238891602 0.022644043
vt 0.236816406 0.0232849121
vt 0.235595703 0.0238037109
vt 0.232421875 0.0258178711
vt 0.233398438 0.0250854492
vt 0.23034668 0.0278930664
vt 0.231079102 0.0270233154
vt 0.228759766 0.0312042236
vt 0.229248047 0.0297393799
vt 0.229736328 0.0288085938
vt 0.234985352 0.624511719
vt 0.250488281 0.616699219
vt 0.24230957 0.620117188
vt 0.228515625 0.629882812
vt 0.254638672 0.615234375
vt 0.213623047 0.645507812
vt 0.205810547 0.651855469
vt 0.242919922 0.865234375
vt 0.241577148 0.864746094
vt 0.167602539 0.677734375
vt 0.239990234 0.864257812
vt 0.161376953 0.681152344
vt 0.23828125 0.864257812
vt 0.154785156 0.684082031
vt 0.236450195 0.864257812
vt 0.144165039 0.687988281
vt 0.244140625 0.865722656
vt 0.234619141 0.864746094
vt 0.587890625 0.809082031
vt 0.245117188 0.866210938
vt 0.599609375 0.776367188
vt 0.590820312 0.8046875
vt 0.595703125 0.795410156
vt 0.598632812 0.786132812
vt 0.493652344 0.918457031
vt 0.245727539 0.8671875
vt 0.24609375 0.868652344
vt 0.24609375 0.869628906
vt 0.475585938 0.935546875
vt 0.0706176758 0.723632812
vt 0.121704102 0.692871094
vt 0.265625 0.923828125
vt 0.461914062 0.945800781
vt 0.432373047 0.96484375
vt 0.269042969 0.931152344
vt 0.405517578 0.979492188
vt 0.396484375 0.983398438
vt 0.247070312 0.897460938
vt 0.390136719 0.985351562
vt 0.243652344 0.878417969
vt 0.244995117 0.892578125
vt 0.243774414 0.887695312
vt 0.243286133 0.8828125
vt 0.380126953 0.98828125
vt 0.366210938 0.990722656
vt 0.359130859 0.991210938
vt 0.348632812 0.991699219
vt 0.337890625 0.990722656
vt 0.2734375 0.955078125
vt 0.321289062 0.988769531
vt 0.299072266 0.981445312
vt 0.318359375 0.987792969
vt 0.309814453 0.985839844
vt 0.304199219 0.983398438
vt 0.279052734 0.965332031
vt 0.276367188 0.961425781
vt 0.294189453 0.978515625
vt 0.287841797 0.974121094
vt 0.283935547 0.970703125
vt 0.0867919922 0.708007812
vt 0.108459473 0.696777344
vt 0.0969238281 0.701660156
vt 0.078125 0.715332031
vt 0.18762207 0.875488281
vt 0.218383789 0.870605469
vt 0.198120117 0.874511719
vt 0.208496094 0.872558594
vt 0.132568359 0.874511719
vt 0.0947265625 0.864257812
vt 0.0317687988 0.780273438
vt 0.113708496 0.871582031
vt 0.12298584 0.873535156
vt 0.102722168 0.868164062
vt 0.0495300293 0.835449219
vt 0.0435791016 0.830566406
vt 0.0292816162 0.786621094
vt 0.0385131836 0.825683594
vt 0.0277557373 0.792480469
vt 0.0343933105 0.8203125
vt 0.0271911621 0.798339844
vt 0.0311889648 0.814941406
vt 0.0275726318 0.804199219
vt 0.0289154053 0.809570312
vt 0.232421875 0.0258178711
vt 0.23034668 0.0278930664
vt 0.231079102 0.0270233154
vt 0.235595703 0.0238037109
vt 0.233398438 0.0250854492
vt 0.23449707 0.0244140625
vt 0.242431641 0.0220184326
vt 0.238891602 0.022644043
vt 0.236816406 0.0232849121
vt 0.240966797 0.0222015381
vt 0.228515625 0.0321960449
vt 0.243896484 0.0219116211
vt 0.228759766 0.0312042236
vt 0.229248047 0.0297393799
vt 0.229736328 0.0288085938
vt 0.228271484 0.086730957
vt 0.230224609 0.101745605
vt 0.240234375 0.135498047
vt 0.868164062 0.0214233398
vt 0.829589844 0.232788086
vt 0.818847656 0.24621582
vt 0.240356445 0.142211914
vt 0.298828125 0.270996094
vt 0.239746094 0.145629883
vt 0.237670898 0.152099609
vt 0.299804688 0.272216797
vt 0.268066406 0.248779297
vt 0.235229492 0.156860352
vt 0.226318359 0.169311523
vt 0.246948242 0.237548828
vt 0.812988281 0.255859375
vt 0.300537109 0.273193359
vt 0.301513672 0.274902344
vt 0.220703125 0.182006836
vt 0.239379883 0.232055664
vt 0.229980469 0.223022461
vt 0.219238281 0.1875
vt 0.807617188 0.270751953
vt 0.226318359 0.218383789
vt 0.218505859 0.192993164
vt 0.21862793 0.198364258
vt 0.223266602 0.213500977
vt 0.220947266 0.208618164
vt 0.219482422 0.203491211
vt 0.301757812 0.276123047
vt 0.741699219 0.375244141
vt 0.302001953 0.27734375
vt 0.302001953 0.278564453
vt 0.798828125 0.311035156
vt 0.301757812 0.279785156
vt 0.770996094 0.351318359
vt 0.791992188 0.324951172
vt 0.783203125 0.338623047
vt 0.736328125 0.381835938
vt 0.301513672 0.280761719
vt 0.734375 0.385253906
vt 0.300537109 0.282470703
vt 0.732910156 0.388916016
vt 0.299804688 0.283691406
vt 0.732421875 0.392822266
vt 0.298828125 0.284667969
vt 0.712402344 0.450439453
vt 0.732421875 0.396728516
vt 0.72265625 0.436767578
vt 0.729492188 0.424072266
vt 0.732910156 0.401123047
vt 0.734863281 0.408691406
vt 0.734863281 0.40625
vt 0.735351562 0.407714844
vt 0.735351562 0.406982422
vt 0.7109375 0.452636719
vt 0.324707031 0.526367188
vt 0.710449219 0.453857422
vt 0.295410156 0.287353516
vt 0.325439453 0.526855469
vt 0.274902344 0.500976562
vt 0.277587891 0.296630859
vt 0.710449219 0.455078125
vt 0.710449219 0.456054688
vt 0.246826172 0.318359375
vt 0.710449219 0.457275391
vt 0.326416016 0.527832031
vt 0.327148438 0.528808594
vt 0.7109375 0.458496094
vt 0.328369141 0.53125
vt 0.711425781 0.459960938
vt 0.329101562 0.534179688
vt 0.254150391 0.487792969
vt 0.711914062 0.460693359
vt 0.329589844 0.537109375
vt 0.329589844 0.538085938
vt 0.235473633 0.473632812
vt 0.219360352 0.458251953
vt 0.205932617 0.44140625
vt 0.712890625 0.461181641
vt 0.202758789 0.359130859
vt 0.195678711 0.423095703
vt 0.191894531 0.413330078
vt 0.189086914 0.402587891
vt 0.188354492 0.392333984
vt 0.195800781 0.368164062
vt 0.189697266 0.382324219
vt 0.193237305 0.372802734
vt 0.329345703 0.539550781
vt 0.678710938 0.682617188
vt 0.328369141 0.541992188
vt 0.327392578 0.543457031
vt 0.308349609 0.567382812
vt 0.714355469 0.461669922
vt 0.603027344 0.742675781
vt 0.290039062 0.597167969
vt 0.288330078 0.599121094
vt 0.285400391 0.602050781
vt 0.282958984 0.604003906
vt 0.277832031 0.607421875
vt 0.271972656 0.609863281
vt 0.657714844 0.709960938
vt 0.638183594 0.725097656
vt 0.6484375 0.718261719
vt 0.599121094 0.760253906
vt 0.77734375 0.636230469
vt 0.721679688 0.676757812
vt 0.782226562 0.631835938
vt 0.758789062 0.658691406
vt 0.715820312 0.461914062
vt 0.787597656 0.627929688
vt 0.717285156 0.462158203
vt 0.793457031 0.624511719
vt 0.719238281 0.461914062
vt 0.752441406 0.6640625
vt 0.796875 0.623046875
vt 0.729003906 0.675292969
vt 0.721679688 0.461669922
vt 0.741699219 0.670410156
vt 0.735351562 0.672851562
vt 0.747558594 0.667480469
vt 0.850585938 0.592773438
vt 0.723632812 0.461181641
vt 0.729003906 0.459716797
vt 0.825195312 0.611328125
vt 0.813476562 0.6171875
vt 0.819824219 0.614257812
vt 0.861816406 0.586425781
vt 0.734863281 0.457519531
vt 0.874511719 0.581054688
vt 0.780761719 0.435058594
vt 0.908203125 0.565917969
vt 0.888671875 0.576660156
vt 0.903808594 0.568847656
vt 0.894042969 0.57421875
vt 0.821777344 0.424560547
vt 0.8046875 0.427246094
vt 0.796386719 0.429199219
vt 0.874511719 0.420166016
vt 0.985839844 0.494384766
vt 0.891601562 0.417480469
vt 0.993164062 0.452636719
vt 0.99609375 0.462158203
vt 0.996582031 0.467041016
vt 0.989257812 0.489990234
vt 0.9921875 0.485351562
vt 0.996582031 0.471679688
vt 0.995605469 0.476318359
vt 0.994140625 0.480957031
vt 0.936035156 0.414794922
vt 0.98828125 0.443359375
vt 0.985351562 0.438476562
vt 0.942871094 0.415771484
vt 0.949707031 0.417236328
vt 0.981445312 0.434326172
vt 0.955566406 0.418945312
vt 0.977050781 0.430419922
vt 0.961914062 0.421386719
vt 0.972167969 0.427001953
vt 0.967285156 0.423828125
vt 0.915527344 0.413574219
vt 0.899902344 0.415283203
vt 0.905273438 0.414306641
vt 0.91015625 0.413818359
vt 0.884765625 0.0238647461
vt 0.8828125 0.0232543945
vt 0.883789062 0.0235900879
vt 0.885742188 0.0243530273
vt 0.88671875 0.0249176025
vt 0.889648438 0.0277862549
vt 0.888671875 0.0264892578
vt 0.887695312 0.0255432129
vt 0.889160156 0.0272521973
vt 0.891601562 0.0336914062
vt 0.874511719 0.0218658447
vt 0.892578125 0.0411682129
vt 0.894042969 0.0875244141
vt 0.880859375 0.187011719
vt 0.904785156 0.137084961
vt 0.891601562 0.174438477
vt 0.899902344 0.16003418
vt 0.903320312 0.152587891
vt 0.904785156 0.145019531
vt 0.250488281 0.616699219
vt 0.234985352 0.624511719
vt 0.24230957 0.620117188
vt 0.228515625 0.629882812
vt 0.254638672 0.615234375
vt 0.213623047 0.645507812
vt 0.205810547 0.651855469
vt 0.242919922 0.865234375
vt 0.241577148 0.864746094
vt 0.167602539 0.677734375
vt 0.239990234 0.864257812
vt 0.161376953 0.681152344
vt 0.23828125 0.864257812
vt 0.154785156 0.684082031
vt 0.236450195 0.864257812
vt 0.144165039 0.687988281
vt 0.244140625 0.865722656
vt 0.234619141 0.864746094
vt 0.587890625 0.809082031
vt 0.245117188 0.866210938
vt 0.599609375 0.776367188
vt 0.590820312 0.8046875
vt 0.595703125 0.795410156
vt 0.598632812 0.786132812
vt 0.493652344 0.918457031
vt 0.245727539 0.8671875
vt 0.24609375 0.868652344
vt 0.24609375 0.869628906
vt 0.475585938 0.935546875
vt 0.0706176758 0.723632812
vt 0.121704102 0.692871094
vt 0.265625 0.923828125
vt 0.461914062 0.945800781
vt 0.432373047 0.96484375
vt 0.269042969 0.931152344
vt 0.405517578 0.979492188
vt 0.396484375 0.983398438
vt 0.247070312 0.897460938
vt 0.390136719 0.985351562
vt 0.243652344 0.878417969
vt 0.244995117 0.892578125
vt 0.243774414 0.887695312
vt 0.243286133 0.8828125
vt 0.380126953 0.98828125
vt 0.366210938 0.990722656
vt 0.359130859 0.991210938
vt 0.348632812 0.991699219
vt 0.337890625 0.990722656
vt 0.2734375 0.955078125
vt 0.321289062 0.988769531
vt 0.299072266 0.981445312
vt 0.318359375 0.987792969
vt 0.309814453 0.985839844
vt 0.304199219 0.983398438
vt 0.279052734 0.965332031
vt 0.276367188 0.961425781
vt 0.294189453 0.978515625
vt 0.287841797 0.974121094
vt 0.283935547 0.970703125
vt 0.108459473 0.696777344
vt 0.0867919922 0.708007812
vt 0.0969238281 0.701660156
vt 0.078125 0.715332031
vt 0.18762207 0.875488281
vt 0.218383789 0.870605469
vt 0.198120117 0.874511719
vt 0.208496094 0.872558594
vt 0.132568359 0.874511719
vt 0.0947265625 0.864257812
vt 0.0317687988 0.780273438
vt 0.113708496 0.871582031
vt 0.12298584 0.873535156
vt 0.102722168 0.868164062
vt 0.0495300293 0.835449219
vt 0.0435791016 0.830566406
vt 0.0292816162 0.786621094
vt 0.0385131836 0.825683594
vt 0.0277557373 0.792480469
vt 0.0343933105 0.8203125
vt 0.0271911621 0.798339844
vt 0.0311889648 0.814941406
vt 0.0275726318 0.804199219
vt 0.0289154053 0.809570312
vt 0.285888672 0.585449219
vt 0.285888672 0.585449219
vt 0.285400391 0.585449219
vt 0.286132812 0.585449219
vt 0.286132812 0.585449219
vt 0.286132812 0.585449219
vt 0.286132812 0.585449219
vt 0.286132812 0.585449219
vt 0.286132812 0.585449219
vt 0.285888672 0.585449219
vt 0.286132812 0.585449219
vt 0.286132812 0.585449219
vt 0.285888672 0.585449219
vt 0.285888672 0.585449219
vt 0.286132812 0.585449219
vt 0.286132812 0.585449219
vt 0.286132812 0.585449219
vt 0.286132812 0.585449219
vt 0.285888672 0.585449219
vt 0.285888672 0.585449219
vt 0.285400391 0.585449219
vt 0.285888672 0.584960938
vt 0.285888672 0.584960938
vt 0.285644531 0.584960938
vt 0.285644531 0.585449219
vt 0.285644531 0.584960938
vt 0.285400391 0.584960938
vt 0.285400391 0.585449219
vt 0.285400391 0.585449219
vt 0.285400391 0.584960938
vt 0.28515625 0.584472656
vt 0.285400391 0.584960938
vt 0.284912109 0.585449219
vt 0.284912109 0.585449219
vt 0.28515625 0.585449219
vt 0.284912109 0.585449219
vt 0.28515625 0.584960938
vt 0.284912109 0.584472656
vt 0.28515625 0.584960938
vt 0.28515625 0.585449219
vt 0.284912109 0.585449219
vt 0.284912109 0.585449219
vt 0.284912109 0.584960938
vt 0.284912109 0.584960938
vt 0.284912109 0.584472656
vt 0.284912109 0.584960938
vt 0.284912109 0.584960938
vt 0.284912109 0.585449219
vt 0.284912109 0.584960938
vt 0.273925781 0.62109375
vt 0.271240234 0.624511719
vt 0.264404297 0.632324219
vt 0.302001953 0.599121094
vt 0.300537109 0.599609375
vt 0.301513672 0.599121094
vt 0.235961914 0.552734375
vt 0.236206055 0.553710938
vt 0.235839844 0.552734375
vt 0.264404297 0.632324219
vt 0.271240234 0.624511719
vt 0.273925781 0.62109375
vt 0.235839844 0.552734375
vt 0.236206055 0.553710938
vt 0.235961914 0.552734375
vt 0.286132812 0.585449219
vt 0.286132812 0.585449219
vt 0.301513672 0.599121094
vt 0.300537109 0.599609375
vt 0.302001953 0.599121094
vt 0.998046875 0.454589844
vt 0.999023438 0.454589844
vt 0.999023438 0.545410156
vt 0.998046875 0.545410156
vt 0.997070312 0.454589844
vt 0.997070312 0.545410156
vt 0.995605469 0.454589844
vt 0.995605469 0.545410156
vt 0.994628906 0.545410156
vt 0.994628906 0.454589844
vt 0.993652344 0.454589844
vt 0.993652344 0.545410156
vt 0.992675781 0.545410156
vt 0.992675781 0.454589844
vt 0.991699219 0.454589844
vt 0.991699219 0.545410156
vt 0.990722656 0.545410156
vt 0.990722656 0.454589844
vt 0.989746094 0.545410156
vt 0.989746094 0.454589844
vt 0.988769531 0.545410156
vt 0.988769531 0.454589844
vt 0.986328125 0.545410156
vt 0.986328125 0.454589844
vt 0.985351562 0.545410156
vt 0.985351562 0.454589844
vt 0.984375 0.545410156
vt 0.984375 0.454589844
vt 0.966796875 0.545410156
vt 0.966796875 0.454589844
vt 0.964355469 0.545410156
vt 0.964355469 0.454589844
vt 0.962402344 0.545410156
vt 0.962402344 0.454589844
vt 0.959472656 0.454589844
vt 0.959472656 0.545410156
vt 0.957519531 0.454589844
vt 0.957519531 0.545410156
vt 0.956054688 0.545410156
vt 0.956054688 0.454589844
vt 0.955078125 0.545410156
vt 0.955078125 0.454589844
vt 0.953125 0.545410156
vt 0.953125 0.454589844
vt 0.948730469 0.454589844
vt 0.948730469 0.545410156
vt 0.945800781 0.545410156
vt 0.945800781 0.454589844
vt 0.943847656 0.545410156
vt 0.943847656 0.454589844
vt 0.942871094 0.454589844
vt 0.942871094 0.545410156
vt 0.941894531 0.545410156
vt 0.941894531 0.454589844
vt 0.940429688 0.454589844
vt 0.940429688 0.545410156
vt 0.939453125 0.545410156
vt 0.939453125 0.454589844
vt 0.938476562 0.454589844
vt 0.938476562 0.545410156
vt 0.936523438 0.545410156
vt 0.936523438 0.454589844
vt 0.934570312 0.454589844
vt 0.934570312 0.545410156
vt 0.933105469 0.454589844
vt 0.933105469 0.545410156
vt 0.931152344 0.454589844
vt 0.931152344 0.545410156
vt 0.930175781 0.545410156
vt 0.930175781 0.454589844
vt 0.927246094 0.454589844
vt 0.927246094 0.545410156
vt 0.922851562 0.454589844
vt 0.922851562 0.545410156
vt 0.919921875 0.454589844
vt 0.919921875 0.545410156
vt 0.917480469 0.454589844
vt 0.917480469 0.545410156
vt 0.915527344 0.454589844
vt 0.915527344 0.545410156
vt 0.912597656 0.454589844
vt 0.912597656 0.545410156
vt 0.910644531 0.454589844
vt 0.910644531 0.545410156
vt 0.908203125 0.454589844
vt 0.908203125 0.545410156
vt 0.907226562 0.545410156
vt 0.907226562 0.454589844
vt 0.90625 0.545410156
vt 0.90625 0.454589844
vt 0.905273438 0.545410156
vt 0.905273438 0.454589844
vt 0.904296875 0.454589844
vt 0.904296875 0.545410156
vt 0.903320312 0.545410156
vt 0.903320312 0.454589844
vt 0.901855469 0.454589844
vt 0.901855469 0.545410156
vt 0.900878906 0.545410156
vt 0.900878906 0.454589844
vt 0.898925781 0.454589844
vt 0.898925781 0.545410156
vt 0.888671875 0.454589844
vt 0.888671875 0.545410156
vt 0.885253906 0.454589844
vt 0.885253906 0.545410156
vt 0.874023438 0.454589844
vt 0.874023438 0.545410156
vt 0.872070312 0.454589844
vt 0.872070312 0.545410156
vt 0.869628906 0.454589844
vt 0.869628906 0.545410156
vt 0.867675781 0.454589844
vt 0.867675781 0.545410156
vt 0.865722656 0.454589844
vt 0.865722656 0.545410156
vt 0.862304688 0.454589844
vt 0.862304688 0.545410156
vt 0.861328125 0.454589844
vt 0.861328125 0.545410156
vt 0.860351562 0.454589844
vt 0.860351562 0.545410156
vt 0.859375 0.454589844
vt 0.859375 0.545410156
vt 0.858398438 0.454589844
vt 0.858398438 0.545410156
vt 0.857421875 0.454589844
vt 0.857421875 0.545410156
vt 0.856445312 0.545410156
vt 0.856445312 0.454589844
vt 0.854980469 0.454589844
vt 0.854980469 0.545410156
vt 0.854003906 0.454589844
vt 0.854003906 0.545410156
vt 0.853027344 0.454589844
vt 0.853027344 0.545410156
vt 0.852050781 0.454589844
vt 0.852050781 0.545410156
vt 0.851074219 0.454589844
vt 0.851074219 0.545410156
vt 0.850097656 0.545410156
vt 0.850097656 0.454589844
vt 0.849121094 0.454589844
vt 0.849121094 0.545410156
vt 0.848144531 0.545410156
vt 0.848144531 0.454589844
vt 0.845703125 0.454589844
vt 0.845703125 0.545410156
vt 0.844726562 0.454589844
vt 0.844726562 0.545410156
vt 0.84375 0.545410156
vt 0.84375 0.454589844
vt 0.842773438 0.454589844
vt 0.842773438 0.545410156
vt 0.840820312 0.454589844
vt 0.840820312 0.545410156
vt 0.821777344 0.454589844
vt 0.821777344 0.545410156
vt 0.817871094 0.545410156
vt 0.817871094 0.454589844
vt 0.816894531 0.454589844
vt 0.816894531 0.545410156
vt 0.814453125 0.454589844
vt 0.814453125 0.545410156
vt 0.813476562 0.454589844
vt 0.813476562 0.545410156
vt 0.8125 0.454589844
vt 0.8125 0.545410156
vt 0.811523438 0.545410156
vt 0.811523438 0.454589844
vt 0.808105469 0.454589844
vt 0.808105469 0.545410156
vt 0.804199219 0.545410156
vt 0.804199219 0.454589844
vt 0.803222656 0.545410156
vt 0.803222656 0.454589844
vt 0.802246094 0.545410156
vt 0.802246094 0.454589844
vt 0.801269531 0.545410156
vt 0.801269531 0.454589844
vt 0.799804688 0.545410156
vt 0.799804688 0.454589844
vt 0.798828125 0.545410156
vt 0.798828125 0.454589844
vt 0.797851562 0.545410156
vt 0.797851562 0.454589844
vt 0.796875 0.545410156
vt 0.796875 0.454589844
vt 0.795898438 0.454589844
vt 0.795898438 0.545410156
vt 0.794921875 0.454589844
vt 0.794921875 0.545410156
vt 0.793945312 0.454589844
vt 0.793945312 0.545410156
vt 0.792480469 0.454589844
vt 0.792480469 0.545410156
vt 0.791503906 0.454589844
vt 0.791503906 0.545410156
vt 0.790527344 0.454589844
vt 0.790527344 0.545410156
vt 0.789550781 0.454589844
vt 0.789550781 0.545410156
vt 0.788574219 0.454589844
vt 0.788574219 0.545410156
vt 0.787597656 0.454589844
vt 0.787597656 0.545410156
vt 0.786621094 0.454589844
vt 0.786621094 0.545410156
vt 0.785644531 0.545410156
vt 0.785644531 0.454589844
vt 0.784179688 0.454589844
vt 0.784179688 0.545410156
vt 0.783203125 0.454589844
vt 0.783203125 0.545410156
vt 0.782226562 0.454589844
vt 0.782226562 0.545410156
vt 0.78125 0.454589844
vt 0.78125 0.545410156
vt 0.780273438 0.454589844
vt 0.780273438 0.545410156
vt 0.779296875 0.454589844
vt 0.779296875 0.545410156
vt 0.778320312 0.454589844
vt 0.778320312 0.545410156
vt 0.776855469 0.454589844
vt 0.776855469 0.545410156
vt 0.775878906 0.454589844
vt 0.775878906 0.545410156
vt 0.774902344 0.545410156
vt 0.774902344 0.454589844
vt 0.771972656 0.454589844
vt 0.771972656 0.545410156
vt 0.761230469 0.454589844
vt 0.761230469 0.545410156
vt 0.759277344 0.545410156
vt 0.759277344 0.454589844
vt 0.757324219 0.545410156
vt 0.757324219 0.454589844
vt 0.755371094 0.454589844
vt 0.755371094 0.545410156
vt 0.752929688 0.454589844
vt 0.752929688 0.545410156
vt 0.750976562 0.545410156
vt 0.750976562 0.454589844
vt 0.75 0.545410156
vt 0.75 0.454589844
vt 0.749023438 0.545410156
vt 0.749023438 0.454589844
vt 0.748046875 0.545410156
vt 0.748046875 0.454589844
vt 0.747070312 0.454589844
vt 0.747070312 0.545410156
vt 0.745605469 0.545410156
vt 0.745605469 0.454589844
vt 0.742675781 0.454589844
vt 0.742675781 0.545410156
vt 0.740722656 0.545410156
vt 0.740722656 0.454589844
vt 0.738769531 0.454589844
vt 0.738769531 0.545410156
vt 0.737304688 0.545410156
vt 0.737304688 0.454589844
vt 0.736328125 0.545410156
vt 0.736328125 0.454589844
vt 0.735351562 0.545410156
vt 0.735351562 0.454589844
vt 0.734375 0.545410156
vt 0.734375 0.454589844
vt 0.733398438 0.545410156
vt 0.733398438 0.454589844
vt 0.732421875 0.545410156
vt 0.732421875 0.454589844
vt 0.731445312 0.545410156
vt 0.731445312 0.454589844
vt 0.729980469 0.545410156
vt 0.729980469 0.454589844
vt 0.729003906 0.454589844
vt 0.729003906 0.545410156
vt 0.727050781 0.454589844
vt 0.727050781 0.545410156
vt 0.726074219 0.545410156
vt 0.726074219 0.454589844
vt 0.725097656 0.545410156
vt 0.725097656 0.454589844
vt 0.724121094 0.545410156
vt 0.724121094 0.454589844
vt 0.723144531 0.454589844
vt 0.723144531 0.545410156
vt 0.721679688 0.454589844
vt 0.721679688 0.545410156
vt 0.720703125 0.545410156
vt 0.720703125 0.454589844
vt 0.719726562 0.454589844
vt 0.719726562 0.545410156
vt 0.717773438 0.545410156
vt 0.717773438 0.454589844
vt 0.715820312 0.545410156
vt 0.715820312 0.454589844
vt 0.713378906 0.454589844
vt 0.713378906 0.545410156
vt 0.712402344 0.545410156
vt 0.712402344 0.454589844
vt 0.711425781 0.454589844
vt 0.711425781 0.545410156
vt 0.710449219 0.545410156
vt 0.709472656 0.545410156
vt 0.710449219 0.454589844
vt 0.709472656 0.454589844
vt 0.708496094 0.545410156
vt 0.708496094 0.454589844
vt 0.707519531 0.454589844
vt 0.707519531 0.545410156
vt 0.706054688 0.545410156
vt 0.705078125 0.545410156
vt 0.704101562 0.545410156
vt 0.706054688 0.454589844
vt 0.705078125 0.454589844
vt 0.704101562 0.454589844
vt 0.702148438 0.545410156
vt 0.702148438 0.454589844
vt 0.701171875 0.545410156
vt 0.701171875 0.454589844
vt 0.700195312 0.545410156
vt 0.700195312 0.454589844
vt 0.697753906 0.454589844
vt 0.697753906 0.545410156
vt 0.696777344 0.545410156
vt 0.695800781 0.545410156
vt 0.694824219 0.545410156
vt 0.696777344 0.454589844
vt 0.695800781 0.454589844
vt 0.694824219 0.454589844
vt 0.693847656 0.545410156
vt 0.693847656 0.454589844
vt 0.691894531 0.545410156
vt 0.691894531 0.454589844
vt 0.681152344 0.454589844
vt 0.681152344 0.545410156
vt 0.680175781 0.545410156
vt 0.680175781 0.454589844
vt 0.678222656 0.545410156
vt 0.678222656 0.454589844
vt 0.677246094 0.454589844
vt 0.677246094 0.545410156
vt 0.674804688 0.454589844
vt 0.674804688 0.545410156
vt 0.673828125 0.454589844
vt 0.673828125 0.545410156
vt 0.672851562 0.545410156
vt 0.672851562 0.454589844
vt 0.671875 0.545410156
vt 0.671875 0.454589844
vt 0.669921875 0.454589844
vt 0.668945312 0.454589844
vt 0.670898438 0.545410156
vt 0.669921875 0.545410156
vt 0.668945312 0.545410156
vt 0.666503906 0.545410156
vt 0.666503906 0.454589844
vt 0.662597656 0.454589844
vt 0.662597656 0.545410156
vt 0.661621094 0.454589844
vt 0.661621094 0.545410156
vt 0.660644531 0.454589844
vt 0.660644531 0.545410156
vt 0.659179688 0.454589844
vt 0.659179688 0.545410156
vt 0.657226562 0.454589844
vt 0.657226562 0.545410156
vt 0.655273438 0.454589844
vt 0.655273438 0.545410156
vt 0.653320312 0.454589844
vt 0.653320312 0.545410156
vt 0.651855469 0.454589844
vt 0.651855469 0.545410156
vt 0.650878906 0.454589844
vt 0.650878906 0.545410156
vt 0.649902344 0.454589844
vt 0.649902344 0.545410156
vt 0.648925781 0.545410156
vt 0.648925781 0.454589844
vt 0.641601562 0.454589844
vt 0.641601562 0.545410156
vt 0.639648438 0.454589844
vt 0.639648438 0.545410156
vt 0.637695312 0.545410156
vt 0.637695312 0.454589844
vt 0.636230469 0.454589844
vt 0.636230469 0.545410156
vt 0.634277344 0.454589844
vt 0.634277344 0.545410156
vt 0.632324219 0.454589844
vt 0.632324219 0.545410156
vt 0.630371094 0.454589844
vt 0.630371094 0.545410156
vt 0.627929688 0.454589844
vt 0.627929688 0.545410156
vt 0.625976562 0.454589844
vt 0.625976562 0.545410156
vt 0.625 0.454589844
vt 0.625 0.545410156
vt 0.623046875 0.454589844
vt 0.623046875 0.545410156
vt 0.620605469 0.545410156
vt 0.620605469 0.454589844
vt 0.618652344 0.454589844
vt 0.618652344 0.545410156
vt 0.616699219 0.454589844
vt 0.616699219 0.545410156
vt 0.615722656 0.454589844
vt 0.615722656 0.545410156
vt 0.613769531 0.545410156
vt 0.613769531 0.454589844
vt 0.612304688 0.545410156
vt 0.612304688 0.454589844
vt 0.611328125 0.545410156
vt 0.611328125 0.454589844
vt 0.610351562 0.545410156
vt 0.610351562 0.454589844
vt 0.609375 0.545410156
vt 0.609375 0.454589844
vt 0.608398438 0.454589844
vt 0.608398438 0.545410156
vt 0.607421875 0.454589844
vt 0.607421875 0.545410156
vt 0.606445312 0.545410156
vt 0.606445312 0.454589844
vt 0.602050781 0.545410156
vt 0.602050781 0.454589844
vt 0.600097656 0.454589844
vt 0.600097656 0.545410156
vt 0.599121094 0.454589844
vt 0.599121094 0.545410156
vt 0.598144531 0.545410156
vt 0.596679688 0.545410156
vt 0.595703125 0.545410156
vt 0.59375 0.545410156
vt 0.594726562 0.545410156
vt 0.598144531 0.454589844
vt 0.591796875 0.545410156
vt 0.596679688 0.454589844
vt 0.595703125 0.454589844
vt 0.594726562 0.454589844
vt 0.59375 0.454589844
vt 0.592773438 0.454589844
vt 0.591796875 0.454589844
vt 0.590820312 0.454589844
vt 0.589355469 0.454589844
vt 0.588378906 0.454589844
vt 0.590820312 0.545410156
vt 0.589355469 0.545410156
vt 0.588378906 0.545410156
vt 0.587402344 0.454589844
vt 0.587402344 0.545410156
vt 0.585449219 0.454589844
vt 0.585449219 0.545410156
vt 0.583496094 0.454589844
vt 0.583496094 0.545410156
vt 0.582519531 0.454589844
vt 0.582519531 0.545410156
vt 0.581054688 0.545410156
vt 0.581054688 0.454589844
vt 0.580078125 0.454589844
vt 0.580078125 0.545410156
vt 0.578125 0.545410156
vt 0.578125 0.454589844
vt 0.576171875 0.454589844
vt 0.576171875 0.545410156
vt 0.573730469 0.454589844
vt 0.573730469 0.545410156
vt 0.571777344 0.454589844
vt 0.571777344 0.545410156
vt 0.570800781 0.545410156
vt 0.570800781 0.454589844
vt 0.569824219 0.454589844
vt 0.568847656 0.454589844
vt 0.569824219 0.545410156
vt 0.568847656 0.545410156
vt 0.567871094 0.454589844
vt 0.567871094 0.545410156
vt 0.566894531 0.545410156
vt 0.566894531 0.454589844
vt 0.564453125 0.454589844
vt 0.564453125 0.545410156
vt 0.5625 0.454589844
vt 0.5625 0.545410156
vt 0.556152344 0.454589844
vt 0.556152344 0.545410156
vt 0.552246094 0.454589844
vt 0.552246094 0.545410156
vt 0.549804688 0.454589844
vt 0.549804688 0.545410156
vt 0.548828125 0.545410156
vt 0.548828125 0.454589844
vt 0.538574219 0.454589844
vt 0.538574219 0.545410156
vt 0.536621094 0.454589844
vt 0.536621094 0.545410156
vt 0.534179688 0.454589844
vt 0.534179688 0.545410156
vt 0.533203125 0.545410156
vt 0.533203125 0.454589844
vt 0.532226562 0.454589844
vt 0.532226562 0.545410156
vt 0.53125 0.454589844
vt 0.53125 0.545410156
vt 0.530273438 0.454589844
vt 0.530273438 0.545410156
vt 0.529296875 0.454589844
vt 0.529296875 0.545410156
vt 0.528320312 0.454589844
vt 0.528320312 0.545410156
vt 0.526855469 0.454589844
vt 0.526855469 0.545410156
vt 0.525878906 0.454589844
vt 0.525878906 0.545410156
vt 0.524902344 0.545410156
vt 0.524902344 0.454589844
vt 0.523925781 0.545410156
vt 0.523925781 0.454589844
vt 0.522949219 0.545410156
vt 0.522949219 0.454589844
vt 0.521972656 0.454589844
vt 0.521972656 0.545410156
vt 0.520996094 0.454589844
vt 0.520996094 0.545410156
vt 0.518554688 0.545410156
vt 0.518554688 0.454589844
vt 0.508300781 0.454589844
vt 0.508300781 0.545410156
vt 0.507324219 0.545410156
vt 0.507324219 0.454589844
vt 0.506347656 0.454589844
vt 0.506347656 0.545410156
vt 0.504394531 0.454589844
vt 0.504394531 0.545410156
vt 0.500976562 0.454589844
vt 0.500976562 0.545410156
vt 0.5 0.545410156
vt 0.5 0.454589844
vt 0.499023438 0.545410156
vt 0.499023438 0.454589844
vt 0.497802734 0.545410156
vt 0.497802734 0.454589844
vt 0.496826172 0.545410156
vt 0.496826172 0.454589844
vt 0.495849609 0.454589844
vt 0.495849609 0.545410156
vt 0.494873047 0.454589844
vt 0.494873047 0.545410156
vt 0.493652344 0.545410156
vt 0.493652344 0.454589844
vt 0.492675781 0.454589844
vt 0.492675781 0.545410156
vt 0.491699219 0.454589844
vt 0.491699219 0.545410156
vt 0.490722656 0.545410156
vt 0.490722656 0.454589844
vt 0.489501953 0.545410156
vt 0.489501953 0.454589844
vt 0.488525391 0.454589844
vt 0.488525391 0.545410156
vt 0.487548828 0.545410156
vt 0.487548828 0.454589844
vt 0.486572266 0.545410156
vt 0.486572266 0.454589844
vt 0.484375 0.454589844
vt 0.484375 0.545410156
vt 0.482177734 0.454589844
vt 0.482177734 0.545410156
vt 0.481201172 0.454589844
vt 0.481201172 0.545410156
vt 0.480224609 0.454589844
vt 0.480224609 0.545410156
vt 0.475097656 0.454589844
vt 0.475097656 0.545410156
vt 0.473876953 0.454589844
vt 0.473876953 0.545410156
vt 0.472900391 0.545410156
vt 0.472900391 0.454589844
vt 0.471923828 0.545410156
vt 0.471923828 0.454589844
vt 0.469726562 0.454589844
vt 0.469726562 0.545410156
vt 0.46875 0.454589844
vt 0.46875 0.545410156
vt 0.467773438 0.454589844
vt 0.467773438 0.545410156
vt 0.466552734 0.545410156
vt 0.466552734 0.454589844
vt 0.464599609 0.454589844
vt 0.464599609 0.545410156
vt 0.462402344 0.545410156
vt 0.462402344 0.454589844
vt 0.460449219 0.454589844
vt 0.460449219 0.545410156
vt 0.457275391 0.545410156
vt 0.457275391 0.454589844
vt 0.455322266 0.454589844
vt 0.455322266 0.545410156
vt 0.453125 0.454589844
vt 0.453125 0.545410156
vt 0.450927734 0.454589844
vt 0.450927734 0.545410156
vt 0.448974609 0.545410156
vt 0.448974609 0.454589844
vt 0.446777344 0.454589844
vt 0.446777344 0.545410156
vt 0.445800781 0.454589844
vt 0.445800781 0.545410156
vt 0.444824219 0.545410156
vt 0.444824219 0.454589844
vt 0.443847656 0.454589844
vt 0.443847656 0.545410156
vt 0.442626953 0.545410156
vt 0.442626953 0.454589844
vt 0.441650391 0.454589844
vt 0.441650391 0.545410156
vt 0.440673828 0.545410156
vt 0.440673828 0.454589844
vt 0.438476562 0.454589844
vt 0.438476562 0.545410156
vt 0.271728516 0.624023438
vt 0.271240234 0.624511719
vt 0.273925781 0.62109375
vt 0.272216797 0.623535156
vt 0.273193359 0.622558594
vt 0.273681641 0.622070312
vt 0.273925781 0.621582031
vt 0.274169922 0.620605469
vt 0.274414062 0.620605469
vt 0.274658203 0.620117188
vt 0.273681641 0.62109375
vt 0.264404297 0.632324219
vt 0.274658203 0.619628906
vt 0.274902344 0.619628906
vt 0.275146484 0.619140625
vt 0.274414062 0.619628906
vt 0.275146484 0.618652344
vt 0.275146484 0.618652344
vt 0.275390625 0.618164062
vt 0.274902344 0.618652344
vt 0.275146484 0.617675781
vt 0.275390625 0.617675781
vt 0.275390625 0.6171875
vt 0.275146484 0.616210938
vt 0.275146484 0.616210938
vt 0.275146484 0.616210938
vt 0.275390625 0.616210938
vt 0.274902344 0.617675781
vt 0.275634766 0.614746094
vt 0.275634766 0.614746094
vt 0.275146484 0.614257812
vt 0.274902344 0.616210938
vt 0.274902344 0.614257812
vt 0.274414062 0.616210938
vt 0.274414062 0.618652344
vt 0.274169922 0.614257812
vt 0.274169922 0.614257812
vt 0.274169922 0.619140625
vt 0.273681641 0.619140625
vt 0.273925781 0.615722656
vt 0.274169922 0.619628906
vt 0.272705078 0.62109375
vt 0.273193359 0.62109375
vt 0.264404297 0.632324219
vt 0.263916016 0.632324219
vt 0.26171875 0.633789062
vt 0.261962891 0.633789062
vt 0.2734375 0.615722656
vt 0.2734375 0.617675781
vt 0.273681641 0.614257812
vt 0.273193359 0.618652344
vt 0.272949219 0.619628906
vt 0.272460938 0.620117188
vt 0.272216797 0.620605469
vt 0.262939453 0.631835938
vt 0.261230469 0.633300781
vt 0.259765625 0.634277344
vt 0.277099609 0.612304688
vt 0.278564453 0.611816406
vt 0.278076172 0.611816406
vt 0.256835938 0.636230469
vt 0.279052734 0.610839844
vt 0.254150391 0.638671875
vt 0.254394531 0.637695312
vt 0.253417969 0.638183594
vt 0.252685547 0.638671875
vt 0.251953125 0.639160156
vt 0.251708984 0.638671875
vt 0.250488281 0.639160156
vt 0.277832031 0.612792969
vt 0.274902344 0.614746094
vt 0.275146484 0.614746094
vt 0.278076172 0.61328125
vt 0.275390625 0.614746094
vt 0.260742188 0.635253906
vt 0.250488281 0.639160156
vt 0.249755859 0.639160156
vt 0.279052734 0.612304688
vt 0.278320312 0.61328125
vt 0.275634766 0.614746094
vt 0.278320312 0.61328125
vt 0.279296875 0.612304688
vt 0.279541016 0.612304688
vt 0.279541016 0.612792969
vt 0.280761719 0.611816406
vt 0.280517578 0.611328125
vt 0.282470703 0.609375
vt 0.282470703 0.609375
vt 0.280273438 0.611328125
vt 0.282226562 0.608886719
vt 0.280029297 0.611328125
vt 0.281982422 0.608886719
vt 0.281494141 0.608398438
vt 0.281005859 0.607910156
vt 0.281494141 0.608398438
vt 0.285400391 0.607421875
vt 0.285888672 0.607910156
vt 0.286132812 0.607421875
vt 0.286621094 0.606933594
vt 0.281738281 0.608886719
vt 0.288085938 0.606933594
vt 0.287353516 0.606933594
vt 0.287841797 0.606445312
vt 0.288330078 0.606445312
vt 0.289306641 0.605957031
vt 0.2890625 0.605957031
vt 0.290771484 0.603515625
vt 0.292236328 0.603027344
vt 0.291259766 0.603027344
vt 0.291748047 0.602539062
vt 0.292480469 0.602539062
vt 0.292724609 0.602050781
vt 0.294433594 0.6015625
vt 0.295898438 0.601074219
vt 0.294921875 0.601074219
vt 0.295410156 0.601074219
vt 0.298339844 0.599609375
vt 0.298095703 0.599121094
vt 0.299072266 0.598632812
vt 0.300292969 0.598144531
vt 0.301757812 0.59765625
vt 0.304199219 0.596679688
vt 0.302246094 0.597167969
vt 0.303222656 0.596679688
vt 0.303710938 0.596679688
vt 0.311279297 0.589355469
vt 0.311767578 0.589355469
vt 0.311523438 0.588867188
vt 0.312744141 0.587890625
vt 0.311767578 0.588378906
vt 0.312011719 0.587890625
vt 0.312255859 0.587402344
vt 0.312255859 0.586914062
vt 0.312988281 0.5859375
vt 0.312255859 0.586425781
vt 0.312255859 0.5859375
vt 0.312011719 0.584960938
vt 0.312011719 0.583984375
vt 0.311523438 0.583984375
vt 0.311279297 0.583496094
vt 0.311279297 0.583007812
vt 0.310791016 0.583496094
vt 0.310302734 0.583007812
vt 0.310302734 0.58203125
vt 0.310058594 0.582519531
vt 0.309326172 0.58203125
vt 0.30859375 0.581542969
vt 0.308837891 0.58203125
vt 0.308349609 0.581542969
vt 0.307617188 0.581542969
vt 0.307128906 0.581054688
vt 0.307128906 0.581542969
vt 0.305664062 0.581054688
vt 0.304199219 0.580566406
vt 0.304199219 0.581054688
vt 0.303222656 0.581054688
vt 0.302734375 0.581542969
vt 0.302001953 0.581542969
vt 0.300292969 0.58203125
vt 0.295166016 0.582519531
vt 0.292480469 0.582519531
vt 0.293457031 0.582519531
vt 0.292724609 0.582519531
vt 0.291259766 0.583496094
vt 0.285888672 0.585449219
vt 0.286621094 0.585449219
vt 0.286132812 0.5859375
vt 0.285644531 0.5859375
vt 0.284912109 0.585449219
vt 0.285400391 0.5859375
vt 0.28515625 0.5859375
vt 0.284912109 0.5859375
vt 0.284912109 0.585449219
vt 0.284667969 0.5859375
vt 0.284667969 0.5859375
vt 0.284423828 0.5859375
vt 0.284423828 0.5859375
vt 0.284423828 0.5859375
vt 0.284179688 0.5859375
vt 0.284179688 0.585449219
vt 0.284912109 0.585449219
vt 0.284179688 0.585449219
vt 0.284912109 0.585449219
vt 0.284912109 0.585449219
vt 0.284912109 0.585449219
vt 0.284912109 0.585449219
vt 0.284912109 0.585449219
vt 0.284912109 0.585449219
vt 0.284912109 0.585449219
vt 0.284912109 0.584960938
vt 0.28515625 0.584960938
vt 0.285644531 0.584960938
vt 0.28515625 0.584960938
vt 0.285400391 0.585449219
vt 0.285400391 0.585449219
vt 0.285888672 0.585449219
vt 0.284912109 0.584960938
vt 0.284912109 0.584960938
vt 0.284912109 0.584472656
vt 0.284912109 0.584472656
vt 0.284912109 0.584960938
vt 0.284912109 0.584472656
vt 0.285400391 0.584960938
vt 0.28515625 0.584472656
vt 0.285644531 0.584472656
vt 0.28515625 0.584472656
vt 0.285644531 0.584472656
vt 0.285888672 0.584472656
vt 0.289550781 0.582519531
vt 0.290039062 0.58203125
vt 0.289794922 0.582519531
vt 0.290039062 0.58203125
vt 0.290283203 0.58203125
vt 0.290527344 0.58203125
vt 0.291015625 0.58203125
vt 0.291992188 0.581542969
vt 0.291259766 0.581542969
vt 0.291503906 0.581542969
vt 0.291992188 0.581542969
vt 0.29296875 0.581054688
vt 0.290283203 0.582519531
vt 0.29296875 0.581542969
vt 0.294921875 0.581054688
vt 0.291992188 0.581542969
vt 0.292236328 0.58203125
vt 0.294921875 0.581054688
vt 0.300048828 0.580566406
vt 0.29296875 0.581542969
vt 0.293212891 0.581542969
vt 0.300048828 0.580566406
vt 0.301513672 0.580078125
vt 0.294921875 0.581054688
vt 0.300048828 0.581054688
vt 0.300048828 0.580566406
vt 0.301513672 0.580566406
vt 0.302978516 0.580078125
vt 0.303222656 0.580566406
vt 0.302246094 0.580078125
vt 0.302246094 0.580078125
vt 0.302978516 0.580078125
vt 0.302978516 0.580078125
vt 0.303222656 0.580078125
vt 0.303466797 0.580078125
vt 0.303955078 0.580078125
vt 0.303710938 0.580078125
vt 0.303955078 0.580078125
vt 0.304199219 0.580566406
vt 0.304199219 0.580078125
vt 0.304443359 0.579589844
vt 0.304443359 0.580078125
vt 0.3046875 0.580078125
vt 0.304931641 0.580078125
vt 0.304931641 0.580078125
vt 0.304199219 0.580078125
vt 0.305908203 0.580078125
vt 0.305664062 0.580566406
vt 0.305908203 0.580078125
vt 0.305908203 0.580078125
vt 0.306640625 0.580078125
vt 0.307373047 0.580566406
vt 0.306640625 0.580078125
vt 0.307373047 0.580566406
vt 0.307617188 0.580078125
vt 0.307617188 0.580078125
vt 0.308349609 0.580566406
vt 0.308349609 0.580078125
vt 0.308837891 0.581054688
vt 0.309082031 0.580566406
vt 0.309082031 0.580566406
vt 0.309082031 0.580566406
vt 0.310058594 0.581542969
vt 0.309814453 0.581054688
vt 0.309814453 0.581054688
vt 0.309814453 0.580566406
vt 0.310302734 0.581542969
vt 0.310546875 0.581054688
vt 0.310546875 0.581054688
vt 0.311279297 0.581542969
vt 0.311035156 0.581542969
vt 0.311279297 0.581542969
vt 0.312011719 0.58203125
vt 0.311767578 0.58203125
vt 0.3125 0.582519531
vt 0.310791016 0.58203125
vt 0.312255859 0.582519531
vt 0.312988281 0.583007812
vt 0.311523438 0.58203125
vt 0.311767578 0.583007812
vt 0.312744141 0.583007812
vt 0.313232422 0.583496094
vt 0.312011719 0.582519531
vt 0.3125 0.583984375
vt 0.312988281 0.583496094
vt 0.313232422 0.583496094
vt 0.313964844 0.584960938
vt 0.313232422 0.584960938
vt 0.313720703 0.584960938
vt 0.313476562 0.584960938
vt 0.313476562 0.5859375
vt 0.314208984 0.5859375
vt 0.314208984 0.5859375
vt 0.314208984 0.586425781
vt 0.313720703 0.5859375
vt 0.313476562 0.586914062
vt 0.314208984 0.586914062
vt 0.314208984 0.586914062
vt 0.313964844 0.586914062
vt 0.313964844 0.587890625
vt 0.314208984 0.587890625
vt 0.313964844 0.588378906
vt 0.313232422 0.587890625
vt 0.313964844 0.588378906
vt 0.313720703 0.588867188
vt 0.313720703 0.588378906
vt 0.313720703 0.588867188
vt 0.313476562 0.589355469
vt 0.312988281 0.588867188
vt 0.313476562 0.588867188
vt 0.313232422 0.589355469
vt 0.312988281 0.58984375
vt 0.312988281 0.58984375
vt 0.3125 0.590332031
vt 0.312011719 0.590820312
vt 0.310791016 0.592285156
vt 0.309570312 0.593261719
vt 0.304931641 0.597167969
vt 0.305664062 0.597167969
vt 0.305419922 0.597167969
vt 0.305175781 0.597167969
vt 0.304443359 0.59765625
vt 0.304443359 0.59765625
vt 0.304199219 0.598144531
vt 0.303955078 0.598144531
vt 0.312744141 0.58984375
vt 0.303222656 0.598144531
vt 0.303710938 0.598144531
vt 0.303222656 0.598632812
vt 0.302978516 0.598632812
vt 0.302734375 0.598632812
vt 0.302246094 0.598632812
vt 0.302001953 0.599121094
vt 0.300537109 0.599609375
vt 0.303222656 0.598144531
vt 0.312255859 0.58984375
vt 0.304199219 0.59765625
vt 0.304931641 0.597167969
vt 0.304443359 0.597167969
vt 0.303955078 0.597167969
vt 0.302978516 0.598144531
vt 0.300292969 0.599121094
vt 0.300048828 0.599121094
vt 0.300048828 0.599609375
vt 0.298828125 0.599609375
vt 0.299072266 0.600097656
vt 0.300048828 0.599609375
vt 0.296142578 0.6015625
vt 0.295654297 0.602050781
vt 0.296630859 0.602050781
vt 0.29296875 0.603027344
vt 0.300537109 0.599609375
vt 0.30078125 0.599121094
vt 0.301269531 0.599121094
vt 0.301513672 0.599121094
vt 0.299560547 0.600097656
vt 0.299316406 0.600097656
vt 0.299316406 0.600097656
vt 0.299072266 0.600097656
vt 0.298339844 0.600585938
vt 0.297119141 0.6015625
vt 0.297607422 0.6015625
vt 0.297119141 0.602050781
vt 0.296630859 0.602050781
vt 0.296142578 0.602539062
vt 0.296142578 0.602539062
vt 0.295410156 0.602539062
vt 0.295898438 0.602050781
vt 0.295410156 0.602539062
vt 0.294921875 0.602539062
vt 0.294921875 0.603027344
vt 0.293701172 0.603027344
vt 0.294921875 0.603027344
vt 0.294677734 0.603027344
vt 0.294189453 0.603027344
vt 0.293945312 0.603027344
vt 0.293701172 0.603515625
vt 0.293457031 0.603027344
vt 0.293457031 0.603515625
vt 0.293457031 0.603515625
vt 0.293212891 0.603027344
vt 0.29296875 0.603515625
vt 0.293212891 0.603515625
vt 0.292480469 0.603027344
vt 0.29296875 0.603515625
vt 0.292724609 0.604003906
vt 0.292724609 0.604003906
vt 0.292480469 0.603515625
vt 0.291748047 0.604003906
vt 0.292480469 0.604003906
vt 0.292480469 0.604003906
vt 0.292236328 0.604492188
vt 0.292236328 0.604492188
vt 0.291992188 0.604980469
vt 0.291992188 0.604980469
vt 0.291748047 0.60546875
vt 0.291503906 0.60546875
vt 0.292236328 0.604003906
vt 0.290527344 0.606445312
vt 0.291503906 0.60546875
vt 0.291503906 0.60546875
vt 0.291259766 0.60546875
vt 0.291259766 0.605957031
vt 0.291015625 0.605957031
vt 0.291015625 0.605957031
vt 0.290771484 0.605957031
vt 0.290771484 0.606445312
vt 0.290527344 0.606445312
vt 0.289794922 0.606445312
vt 0.290039062 0.606445312
vt 0.290283203 0.606445312
vt 0.290283203 0.606933594
vt 0.2890625 0.606933594
vt 0.290039062 0.606933594
vt 0.290039062 0.606933594
vt 0.289794922 0.607421875
vt 0.289306641 0.606933594
vt 0.289550781 0.607421875
vt 0.289550781 0.607421875
vt 0.289306641 0.607421875
vt 0.2890625 0.607421875
vt 0.288818359 0.607910156
vt 0.288818359 0.607910156
vt 0.288330078 0.607421875
vt 0.288085938 0.607910156
vt 0.288330078 0.607910156
vt 0.287597656 0.608398438
vt 0.288330078 0.607910156
vt 0.288085938 0.608398438
vt 0.287841797 0.608398438
vt 0.287597656 0.608398438
vt 0.287841797 0.607421875
vt 0.286865234 0.607910156
vt 0.287353516 0.607910156
vt 0.286865234 0.608398438
vt 0.286865234 0.608886719
vt 0.287109375 0.608398438
vt 0.285888672 0.608398438
vt 0.286621094 0.608398438
vt 0.286132812 0.608886719
vt 0.286132812 0.608886719
vt 0.286132812 0.608398438
vt 0.285400391 0.608886719
vt 0.281738281 0.609375
vt 0.281738281 0.609375
vt 0.285644531 0.608886719
vt 0.285644531 0.608886719
vt 0.285400391 0.608886719
vt 0.284912109 0.608886719
vt 0.284667969 0.608886719
vt 0.284423828 0.608886719
vt 0.284179688 0.608886719
vt 0.283935547 0.609375
vt 0.281738281 0.609375
vt 0.282470703 0.609375
vt 0.282470703 0.609375
vt 0.281738281 0.609375
vt 0.281738281 0.609375
vt 0.282226562 0.608886719
vt 0.281738281 0.609375
vt 0.281982422 0.608886719
vt 0.281738281 0.608886719
vt 0.281494141 0.608398438
vt 0.301269531 0.599121094
vt 0.301513672 0.599121094
vt 0.300537109 0.599609375
vt 0.30078125 0.599121094
vt 0.300537109 0.599609375
vt 0.300048828 0.599609375
vt 0.299560547 0.600097656
vt 0.299316406 0.600097656
vt 0.299316406 0.600097656
vt 0.299072266 0.600097656
vt 0.298339844 0.600585938
vt 0.297119141 0.6015625
vt 0.297607422 0.6015625
vt 0.297119141 0.602050781
vt 0.299072266 0.600097656
vt 0.296630859 0.602050781
vt 0.296142578 0.602539062
vt 0.296630859 0.602050781
vt 0.296142578 0.602539062
vt 0.295410156 0.602539062
vt 0.300048828 0.599609375
vt 0.295410156 0.602539062
vt 0.295898438 0.602050781
vt 0.294921875 0.603027344
vt 0.294921875 0.603027344
vt 0.294677734 0.603027344
vt 0.294189453 0.603027344
vt 0.293701172 0.603027344
vt 0.293945312 0.603027344
vt 0.293701172 0.603515625
vt 0.294921875 0.602539062
vt 0.295654297 0.602050781
vt 0.293457031 0.603515625
vt 0.293457031 0.603515625
vt 0.296142578 0.6015625
vt 0.295898438 0.601074219
vt 0.29296875 0.603027344
vt 0.298828125 0.599609375
vt 0.298339844 0.599609375
vt 0.300048828 0.599121094
vt 0.293457031 0.603027344
vt 0.293212891 0.603027344
vt 0.300292969 0.599121094
vt 0.292236328 0.603027344
vt 0.292480469 0.603027344
vt 0.294433594 0.6015625
vt 0.292724609 0.602050781
vt 0.294921875 0.601074219
vt 0.295410156 0.601074219
vt 0.292480469 0.602539062
vt 0.291748047 0.602539062
vt 0.298095703 0.599121094
vt 0.291259766 0.603027344
vt 0.299072266 0.598632812
vt 0.300292969 0.598144531
vt 0.301757812 0.59765625
vt 0.290771484 0.603515625
vt 0.289306641 0.605957031
vt 0.2890625 0.605957031
vt 0.288330078 0.606445312
vt 0.304199219 0.596679688
vt 0.302246094 0.597167969
vt 0.303222656 0.596679688
vt 0.303710938 0.596679688
vt 0.311279297 0.589355469
vt 0.288085938 0.606933594
vt 0.287841797 0.606445312
vt 0.287353516 0.606933594
vt 0.286621094 0.606933594
vt 0.285888672 0.607910156
vt 0.286132812 0.607421875
vt 0.285400391 0.607421875
vt 0.302978516 0.598144531
vt 0.303222656 0.598144531
vt 0.303222656 0.598144531
vt 0.302001953 0.599121094
vt 0.302246094 0.598632812
vt 0.302734375 0.598632812
vt 0.302978516 0.598632812
vt 0.303222656 0.598632812
vt 0.303710938 0.598144531
vt 0.303955078 0.598144531
vt 0.304443359 0.59765625
vt 0.304199219 0.598144531
vt 0.304443359 0.59765625
vt 0.305175781 0.597167969
vt 0.304931641 0.597167969
vt 0.305419922 0.597167969
vt 0.305664062 0.597167969
vt 0.309570312 0.593261719
vt 0.312988281 0.58984375
vt 0.310791016 0.592285156
vt 0.312011719 0.590820312
vt 0.3125 0.590332031
vt 0.312988281 0.58984375
vt 0.304199219 0.59765625
vt 0.304931641 0.597167969
vt 0.303955078 0.597167969
vt 0.313232422 0.589355469
vt 0.313476562 0.589355469
vt 0.312744141 0.58984375
vt 0.304443359 0.597167969
vt 0.313720703 0.588867188
vt 0.313720703 0.588867188
vt 0.312255859 0.58984375
vt 0.311767578 0.589355469
vt 0.311523438 0.588867188
vt 0.312744141 0.587890625
vt 0.311767578 0.588378906
vt 0.312011719 0.587890625
vt 0.312255859 0.587402344
vt 0.312255859 0.586914062
vt 0.312988281 0.5859375
vt 0.312255859 0.586425781
vt 0.312255859 0.5859375
vt 0.312011719 0.584960938
vt 0.312988281 0.588867188
vt 0.313476562 0.588867188
vt 0.313232422 0.587890625
vt 0.313720703 0.588378906
vt 0.313476562 0.586914062
vt 0.312011719 0.583984375
vt 0.311523438 0.583984375
vt 0.311279297 0.583496094
vt 0.313964844 0.588378906
vt 0.313964844 0.588378906
vt 0.313964844 0.587890625
vt 0.314208984 0.587890625
vt 0.314208984 0.586914062
vt 0.313964844 0.586914062
vt 0.314208984 0.586914062
vt 0.314208984 0.586425781
vt 0.314208984 0.5859375
vt 0.314208984 0.5859375
vt 0.313964844 0.584960938
vt 0.313720703 0.5859375
vt 0.313720703 0.584960938
vt 0.313476562 0.5859375
vt 0.313476562 0.584960938
vt 0.313232422 0.584960938
vt 0.313232422 0.583496094
vt 0.313232422 0.583496094
vt 0.312988281 0.583496094
vt 0.3125 0.583984375
vt 0.312744141 0.583007812
vt 0.312988281 0.583007812
vt 0.311279297 0.583007812
vt 0.310791016 0.583496094
vt 0.310302734 0.583007812
vt 0.310302734 0.58203125
vt 0.310058594 0.582519531
vt 0.309326172 0.58203125
vt 0.30859375 0.581542969
vt 0.308837891 0.58203125
vt 0.308349609 0.581542969
vt 0.307617188 0.581542969
vt 0.311767578 0.583007812
vt 0.307128906 0.581054688
vt 0.307128906 0.581542969
vt 0.305664062 0.581054688
vt 0.312011719 0.582519531
vt 0.312255859 0.582519531
vt 0.3125 0.582519531
vt 0.311523438 0.58203125
vt 0.311767578 0.58203125
vt 0.312011719 0.58203125
vt 0.310791016 0.58203125
vt 0.311279297 0.581542969
vt 0.311279297 0.581542969
vt 0.311035156 0.581542969
vt 0.310058594 0.581542969
vt 0.310546875 0.581054688
vt 0.310546875 0.581054688
vt 0.309814453 0.580566406
vt 0.310302734 0.581542969
vt 0.309814453 0.581054688
vt 0.309082031 0.580566406
vt 0.309814453 0.581054688
vt 0.309082031 0.580566406
vt 0.308349609 0.580078125
vt 0.308837891 0.581054688
vt 0.308349609 0.580566406
vt 0.307617188 0.580078125
vt 0.309082031 0.580566406
vt 0.307373047 0.580566406
vt 0.307373047 0.580566406
vt 0.305908203 0.580078125
vt 0.307617188 0.580078125
vt 0.306640625 0.580078125
vt 0.306640625 0.580078125
vt 0.305908203 0.580078125
vt 0.305908203 0.580078125
vt 0.304443359 0.580078125
vt 0.304931641 0.580078125
vt 0.304931641 0.580078125
vt 0.3046875 0.580078125
vt 0.304443359 0.579589844
vt 0.304199219 0.580078125
vt 0.303955078 0.580078125
vt 0.304199219 0.580078125
vt 0.303955078 0.580078125
vt 0.302978516 0.580078125
vt 0.303710938 0.580078125
vt 0.303466797 0.580078125
vt 0.302978516 0.580078125
vt 0.303222656 0.580078125
vt 0.302978516 0.580078125
vt 0.302246094 0.580078125
vt 0.302246094 0.580078125
vt 0.301513672 0.580078125
vt 0.304199219 0.580566406
vt 0.301513672 0.580566406
vt 0.300048828 0.580566406
vt 0.300048828 0.580566406
vt 0.300048828 0.580566406
vt 0.294921875 0.581054688
vt 0.294921875 0.581054688
vt 0.305664062 0.580566406
vt 0.304199219 0.580566406
vt 0.304199219 0.581054688
vt 0.303222656 0.581054688
vt 0.302734375 0.581542969
vt 0.302001953 0.581542969
vt 0.300292969 0.58203125
vt 0.295166016 0.582519531
vt 0.292480469 0.582519531
vt 0.293457031 0.582519531
vt 0.292724609 0.582519531
vt 0.291259766 0.583496094
vt 0.285888672 0.585449219
vt 0.286621094 0.585449219
vt 0.286132812 0.5859375
vt 0.285644531 0.5859375
vt 0.284912109 0.585449219
vt 0.285400391 0.5859375
vt 0.28515625 0.5859375
vt 0.284912109 0.5859375
vt 0.284912109 0.585449219
vt 0.284667969 0.5859375
vt 0.284667969 0.5859375
vt 0.284423828 0.5859375
vt 0.284423828 0.5859375
vt 0.284423828 0.5859375
vt 0.284179688 0.5859375
vt 0.284179688 0.585449219
vt 0.284912109 0.585449219
vt 0.284179688 0.585449219
vt 0.284912109 0.585449219
vt 0.284912109 0.585449219
vt 0.284912109 0.585449219
vt 0.284912109 0.585449219
vt 0.28515625 0.585449219
vt 0.284912109 0.585449219
vt 0.284912109 0.585449219
vt 0.284912109 0.585449219
vt 0.284912109 0.584960938
vt 0.28515625 0.584960938
vt 0.284912109 0.584960938
vt 0.285644531 0.584960938
vt 0.28515625 0.584960938
vt 0.284912109 0.584960938
vt 0.284912109 0.584960938
vt 0.284912109 0.584472656
vt 0.284912109 0.584472656
vt 0.284912109 0.584960938
vt 0.284912109 0.584472656
vt 0.285400391 0.584960938
vt 0.28515625 0.584472656
vt 0.285644531 0.584472656
vt 0.28515625 0.584472656
vt 0.285644531 0.584472656
vt 0.285888672 0.584472656
vt 0.289550781 0.582519531
vt 0.290039062 0.58203125
vt 0.289794922 0.582519531
vt 0.290039062 0.58203125
vt 0.290283203 0.58203125
vt 0.290527344 0.58203125
vt 0.291015625 0.58203125
vt 0.291992188 0.581542969
vt 0.291259766 0.581542969
vt 0.291503906 0.581542969
vt 0.291992188 0.581542969
vt 0.29296875 0.581054688
vt 0.290283203 0.582519531
vt 0.29296875 0.581542969
vt 0.291992188 0.581542969
vt 0.292236328 0.58203125
vt 0.29296875 0.581542969
vt 0.293212891 0.581542969
vt 0.294921875 0.581054688
vt 0.300048828 0.581054688
vt 0.303222656 0.580566406
vt 0.286132812 0.585449219
vt 0.286132812 0.585449219
vt 0.286132812 0.585449219
vt 0.286132812 0.585449219
vt 0.285888672 0.585449219
vt 0.286132812 0.585449219
vt 0.286132812 0.585449219
vt 0.286132812 0.585449219
vt 0.285888672 0.585449219
vt 0.286132812 0.585449219
vt 0.286132812 0.585449219
vt 0.286132812 0.585449219
vt 0.285888672 0.585449219
vt 0.285400391 0.585449219
vt 0.286132812 0.585449219
vt 0.285888672 0.585449219
vt 0.286132812 0.585449219
vt 0.286132812 0.585449219
vt 0.285888672 0.585449219
vt 0.285400391 0.585449219
vt 0.285888672 0.584960938
vt 0.285888672 0.584960938
vt 0.285644531 0.584960938
vt 0.285644531 0.585449219
vt 0.285644531 0.584960938
vt 0.285400391 0.584960938
vt 0.285400391 0.585449219
vt 0.285400391 0.584960938
vt 0.28515625 0.584472656
vt 0.285400391 0.584960938
vt 0.284912109 0.585449219
vt 0.284912109 0.585449219
vt 0.28515625 0.585449219
vt 0.284912109 0.585449219
vt 0.28515625 0.584960938
vt 0.284912109 0.584472656
vt 0.28515625 0.584960938
vt 0.28515625 0.585449219
vt 0.284912109 0.585449219
vt 0.284912109 0.584960938
vt 0.284912109 0.584472656
vt 0.284912109 0.584960938
vt 0.284912109 0.584960938
vt 0.284912109 0.584960938
vt 0.284912109 0.584960938
vt 0.284912109 0.585449219
vt 0.284912109 0.585449219
vt 0.284912109 0.585449219
vt 0.284912109 0.585449219
vt 0.24230957 0.567871094
vt 0.24230957 0.567871094
vt 0.2421875 0.567871094
vt 0.24230957 0.567871094
vt 0.2421875 0.567871094
vt 0.242553711 0.567382812
vt 0.242553711 0.567382812
vt 0.242553711 0.567382812
vt 0.242919922 0.567382812
vt 0.242919922 0.567382812
vt 0.243408203 0.567382812
vt 0.24230957 0.567871094
vt 0.242553711 0.567382812
vt 0.2421875 0.567871094
vt 0.2421875 0.567871094
vt 0.24230957 0.567871094
vt 0.242553711 0.567382812
vt 0.2421875 0.567871094
vt 0.2421875 0.567871094
vt 0.24230957 0.567871094
vt 0.2421875 0.567871094
vt 0.24230957 0.567382812
vt 0.2421875 0.567382812
vt 0.242553711 0.567382812
vt 0.24230957 0.567382812
vt 0.2421875 0.567382812
vt 0.24230957 0.567382812
vt 0.24230957 0.567382812
vt 0.242553711 0.567382812
vt 0.2421875 0.567382812
vt 0.24230957 0.567382812
vt 0.2421875 0.567382812
vt 0.24230957 0.567382812
vt 0.242553711 0.567871094
vt 0.2421875 0.567382812
vt 0.24230957 0.567382812
vt 0.242553711 0.567871094
vt 0.2421875 0.567382812
vt 0.2421875 0.567382812
vt 0.24230957 0.567382812
vt 0.2421875 0.567382812
vt 0.24230957 0.567382812
vt 0.242553711 0.567871094
vt 0.24230957 0.567382812
vt 0.24230957 0.567382812
vt 0.242431641 0.567382812
vt 0.242553711 0.567382812
vt 0.242553711 0.567871094
vt 0.242919922 0.567871094
vt 0.242919922 0.567871094
vt 0.242919922 0.567871094
vt 0.243408203 0.567871094
vt 0.273925781 0.62109375
vt 0.271240234 0.624511719
vt 0.271728516 0.624023438
vt 0.272216797 0.623535156
vt 0.273193359 0.622558594
vt 0.273681641 0.622070312
vt 0.273925781 0.621582031
vt 0.274169922 0.620605469
vt 0.274414062 0.620605469
vt 0.274658203 0.620117188
vt 0.273681641 0.62109375
vt 0.264404297 0.632324219
vt 0.274658203 0.619628906
vt 0.274902344 0.619628906
vt 0.275146484 0.619140625
vt 0.274414062 0.619628906
vt 0.275146484 0.618652344
vt 0.275146484 0.618652344
vt 0.275390625 0.618164062
vt 0.274902344 0.618652344
vt 0.275146484 0.617675781
vt 0.275390625 0.617675781
vt 0.275390625 0.6171875
vt 0.275146484 0.616210938
vt 0.275146484 0.616210938
vt 0.275146484 0.616210938
vt 0.275390625 0.616210938
vt 0.274902344 0.617675781
vt 0.275634766 0.614746094
vt 0.275634766 0.614746094
vt 0.275146484 0.614257812
vt 0.274902344 0.616210938
vt 0.274902344 0.614257812
vt 0.274414062 0.616210938
vt 0.274169922 0.614257812
vt 0.274414062 0.618652344
vt 0.273925781 0.615722656
vt 0.273681641 0.619140625
vt 0.274169922 0.619140625
vt 0.274169922 0.619628906
vt 0.272705078 0.62109375
vt 0.273193359 0.62109375
vt 0.264404297 0.632324219
vt 0.263916016 0.632324219
vt 0.26171875 0.633789062
vt 0.261962891 0.633789062
vt 0.2734375 0.617675781
vt 0.2734375 0.615722656
vt 0.273193359 0.618652344
vt 0.272949219 0.619628906
vt 0.272460938 0.620117188
vt 0.272216797 0.620605469
vt 0.262939453 0.631835938
vt 0.261230469 0.633300781
vt 0.259765625 0.634277344
vt 0.273681641 0.614257812
vt 0.256835938 0.636230469
vt 0.254150391 0.638671875
vt 0.254394531 0.637695312
vt 0.253417969 0.638183594
vt 0.252685547 0.638671875
vt 0.274169922 0.614257812
vt 0.277099609 0.612304688
vt 0.278564453 0.611816406
vt 0.278076172 0.611816406
vt 0.274902344 0.614746094
vt 0.279052734 0.610839844
vt 0.277832031 0.612792969
vt 0.275146484 0.614746094
vt 0.278076172 0.61328125
vt 0.275390625 0.614746094
vt 0.251953125 0.639160156
vt 0.251708984 0.638671875
vt 0.250488281 0.639160156
vt 0.281494141 0.608398438
vt 0.281005859 0.607910156
vt 0.279052734 0.612304688
vt 0.278320312 0.61328125
vt 0.275634766 0.614746094
vt 0.278320312 0.61328125
vt 0.279296875 0.612304688
vt 0.279541016 0.612304688
vt 0.279541016 0.612792969
vt 0.280761719 0.611816406
vt 0.280517578 0.611328125
vt 0.282470703 0.609375
vt 0.282470703 0.609375
vt 0.280273438 0.611328125
vt 0.282226562 0.608886719
vt 0.280029297 0.611328125
vt 0.281982422 0.608886719
vt 0.281494141 0.608398438
vt 0.281738281 0.608886719
vt 0.285888672 0.608398438
vt 0.286865234 0.607910156
vt 0.285400391 0.608886719
vt 0.281738281 0.609375
vt 0.281738281 0.609375
vt 0.286132812 0.608398438
vt 0.285644531 0.608886719
vt 0.283935547 0.609375
vt 0.281738281 0.609375
vt 0.284179688 0.608886719
vt 0.284423828 0.608886719
vt 0.284667969 0.608886719
vt 0.284912109 0.608886719
vt 0.285400391 0.608886719
vt 0.285644531 0.608886719
vt 0.286132812 0.608886719
vt 0.286132812 0.608886719
vt 0.286865234 0.608886719
vt 0.286865234 0.608398438
vt 0.287597656 0.608398438
vt 0.287597656 0.608398438
vt 0.287841797 0.608398438
vt 0.288085938 0.608398438
vt 0.286621094 0.608398438
vt 0.287109375 0.608398438
vt 0.287353516 0.607910156
vt 0.288330078 0.607910156
vt 0.288330078 0.607910156
vt 0.288818359 0.607910156
vt 0.287841797 0.607421875
vt 0.288085938 0.607910156
vt 0.288818359 0.607910156
vt 0.2890625 0.607421875
vt 0.289306641 0.607421875
vt 0.288330078 0.607421875
vt 0.289550781 0.607421875
vt 0.289550781 0.607421875
vt 0.289794922 0.607421875
vt 0.290039062 0.606933594
vt 0.289306641 0.606933594
vt 0.2890625 0.606933594
vt 0.290039062 0.606933594
vt 0.290283203 0.606933594
vt 0.290039062 0.606445312
vt 0.290283203 0.606445312
vt 0.290527344 0.606445312
vt 0.290527344 0.606445312
vt 0.290771484 0.606445312
vt 0.290771484 0.605957031
vt 0.291015625 0.605957031
vt 0.291015625 0.605957031
vt 0.291259766 0.605957031
vt 0.291259766 0.60546875
vt 0.291503906 0.60546875
vt 0.291503906 0.60546875
vt 0.291503906 0.60546875
vt 0.292480469 0.604003906
vt 0.291992188 0.604980469
vt 0.292236328 0.604492188
vt 0.292236328 0.604492188
vt 0.292480469 0.604003906
vt 0.292724609 0.604003906
vt 0.292236328 0.604003906
vt 0.292724609 0.604003906
vt 0.293212891 0.603515625
vt 0.29296875 0.603515625
vt 0.292480469 0.603515625
vt 0.29296875 0.603515625
vt 0.291748047 0.604003906
vt 0.289794922 0.606445312
vt 0.245727539 0.59375
vt 0.245239258 0.59375
vt 0.245239258 0.59375
vt 0.244995117 0.59375
vt 0.244995117 0.59375
vt 0.244873047 0.59375
vt 0.244873047 0.59375
vt 0.244873047 0.59375
vt 0.244995117 0.59375
vt 0.238037109 0.626953125
vt 0.23815918 0.627441406
vt 0.238037109 0.627441406
vt 0.23828125 0.627441406
vt 0.23815918 0.627441406
vt 0.23828125 0.627441406
vt 0.23815918 0.627441406
vt 0.238037109 0.627441406
vt 0.238037109 0.627441406
vt 0.238037109 0.627441406
vt 0.237792969 0.627441406
vt 0.237792969 0.627441406
vt 0.237915039 0.626953125
vt 0.238037109 0.626953125
vt 0.237915039 0.626953125
vt 0.238037109 0.626953125
vt 0.237792969 0.626953125
vt 0.237792969 0.627441406
vt 0.237548828 0.627441406
vt 0.237548828 0.627441406
vt 0.237670898 0.627441406
vt 0.237426758 0.627441406
vt 0.237304688 0.627441406
vt 0.237792969 0.626953125
vt 0.238037109 0.626953125
vt 0.237548828 0.627441406
vt 0.237182617 0.627441406
vt 0.237060547 0.627441406
vt 0.237670898 0.626953125
vt 0.238037109 0.626953125
vt 0.237304688 0.627441406
vt 0.236938477 0.627441406
vt 0.236938477 0.627441406
vt 0.236816406 0.626953125
vt 0.237548828 0.626953125
vt 0.238037109 0.626953125
vt 0.237182617 0.626953125
vt 0.236816406 0.626953125
vt 0.236694336 0.626953125
vt 0.237060547 0.626953125
vt 0.236816406 0.626953125
vt 0.236694336 0.626953125
vt 0.237548828 0.626953125
vt 0.238037109 0.626953125
vt 0.236816406 0.626953125
vt 0.236694336 0.626464844
vt 0.236816406 0.626464844
vt 0.237060547 0.626953125
vt 0.237060547 0.626953125
vt 0.237060547 0.626953125
vt 0.237548828 0.626953125
vt 0.238037109 0.626953125
vt 0.237548828 0.626953125
vt 0.238037109 0.626953125
vt 0.274169922 0.614257812
vt 0.274902344 0.614257812
vt 0.274902344 0.614746094
vt 0.275146484 0.614257812
vt 0.275146484 0.614746094
vt 0.275634766 0.614746094
vt 0.275390625 0.614746094
vt 0.275634766 0.614746094
vt 0.275634766 0.614746094
vt 0.243164062 0.568359375
vt 0.243164062 0.568359375
vt 0.242675781 0.567871094
vt 0.242797852 0.567871094
vt 0.242431641 0.567871094
vt 0.242431641 0.567871094
vt 0.2421875 0.567382812
vt 0.24230957 0.567382812
vt 0.2421875 0.567382812
vt 0.2421875 0.567382812
vt 0.24597168 0.592773438
vt 0.245605469 0.593261719
vt 0.245605469 0.593261719
vt 0.245361328 0.593261719
vt 0.245239258 0.593261719
vt 0.245117188 0.593261719
vt 0.244995117 0.593261719
vt 0.245117188 0.59375
vt 0.244873047 0.593261719
vt 0.244873047 0.593261719
vt 0.244873047 0.593261719
vt 0.244750977 0.593261719
vt 0.244873047 0.593261719
vt 0.245117188 0.593261719
vt 0.245117188 0.593261719
vt 0.245483398 0.593261719
vt 0.24597168 0.592773438
vt 0.24609375 0.594238281
vt 0.245605469 0.59375
vt 0.245605469 0.59375
vt 0.245239258 0.59375
vt 0.245239258 0.59375
vt 0.244995117 0.59375
vt 0.244995117 0.59375
vt 0.244873047 0.59375
vt 0.244873047 0.59375
vt 0.237670898 0.626953125
vt 0.238037109 0.626953125
vt 0.238037109 0.626953125
vt 0.238525391 0.626464844
vt 0.238525391 0.626464844
vt 0.23840332 0.626464844
vt 0.238037109 0.626953125
vt 0.237548828 0.626953125
vt 0.238647461 0.626464844
vt 0.238037109 0.626953125
vt 0.237548828 0.626953125
vt 0.238647461 0.626953125
vt 0.238647461 0.626953125
vt 0.238037109 0.626953125
vt 0.237548828 0.626953125
vt 0.23840332 0.627929688
vt 0.237792969 0.627441406
vt 0.23840332 0.628417969
vt 0.237548828 0.626953125
vt 0.237792969 0.62890625
vt 0.23840332 0.62890625
vt 0.238525391 0.62890625
vt 0.238769531 0.629394531
vt 0.240356445 0.633300781
vt 0.240600586 0.632324219
vt 0.240966797 0.6328125
vt 0.241333008 0.635253906
vt 0.240722656 0.635742188
vt 0.241699219 0.636230469
vt 0.241943359 0.637207031
vt 0.241943359 0.636230469
vt 0.242431641 0.637207031
vt 0.242797852 0.637207031
vt 0.243408203 0.637695312
vt 0.243774414 0.638671875
vt 0.243896484 0.638183594
vt 0.244384766 0.638183594
vt 0.244018555 0.638671875
vt 0.244873047 0.638671875
vt 0.245849609 0.639160156
vt 0.245727539 0.638671875
vt 0.24609375 0.638671875
vt 0.247680664 0.639160156
vt 0.248291016 0.639648438
vt 0.248779297 0.639160156
vt 0.243530273 0.638671875
vt 0.244750977 0.639160156
vt 0.245727539 0.639648438
vt 0.248291016 0.639648438
vt 0.24230957 0.638183594
vt 0.250732422 0.639648438
vt 0.241455078 0.637207031
vt 0.240600586 0.636230469
vt 0.252197266 0.639648438
vt 0.25390625 0.639160156
vt 0.250732422 0.640136719
vt 0.249511719 0.640136719
vt 0.249511719 0.640136719
vt 0.248291016 0.640136719
vt 0.247070312 0.640136719
vt 0.252197266 0.639648438
vt 0.252441406 0.640136719
vt 0.250732422 0.640136719
vt 0.248291016 0.640136719
vt 0.254394531 0.638671875
vt 0.254150391 0.639160156
vt 0.255126953 0.638671875
vt 0.254882812 0.638671875
vt 0.253662109 0.639648438
vt 0.254394531 0.639160156
vt 0.260986328 0.635253906
vt 0.262695312 0.634277344
vt 0.255371094 0.638671875
vt 0.258056641 0.637207031
vt 0.254394531 0.639648438
vt 0.253662109 0.639648438
vt 0.255371094 0.639160156
vt 0.253173828 0.639648438
vt 0.258300781 0.637207031
vt 0.252929688 0.640136719
vt 0.252441406 0.640136719
vt 0.251953125 0.640136719
vt 0.251708984 0.640136719
vt 0.250732422 0.640136719
vt 0.25 0.640136719
vt 0.249511719 0.640625
vt 0.248657227 0.640625
vt 0.248291016 0.640625
vt 0.247070312 0.640136719
vt 0.247070312 0.640136719
vt 0.245605469 0.640136719
vt 0.245483398 0.640136719
vt 0.245605469 0.639648438
vt 0.245239258 0.640136719
vt 0.244384766 0.639648438
vt 0.245239258 0.639648438
vt 0.244506836 0.639648438
vt 0.244506836 0.639648438
vt 0.244140625 0.639648438
vt 0.243652344 0.639648438
vt 0.244262695 0.639648438
vt 0.243774414 0.639648438
vt 0.243286133 0.639160156
vt 0.243041992 0.639160156
vt 0.243041992 0.639160156
vt 0.24230957 0.638671875
vt 0.2421875 0.638671875
vt 0.24206543 0.638671875
vt 0.241577148 0.638183594
vt 0.24206543 0.638183594
vt 0.241577148 0.638183594
vt 0.240966797 0.638183594
vt 0.241333008 0.637695312
vt 0.241088867 0.637695312
vt 0.240722656 0.637695312
vt 0.241088867 0.637695312
vt 0.240600586 0.637695312
vt 0.240600586 0.637695312
vt 0.240356445 0.637207031
vt 0.240478516 0.63671875
vt 0.240234375 0.637207031
vt 0.239868164 0.63671875
vt 0.240112305 0.637207031
vt 0.239990234 0.63671875
vt 0.239868164 0.63671875
vt 0.239746094 0.636230469
vt 0.240234375 0.636230469
vt 0.239501953 0.635742188
vt 0.239379883 0.635742188
vt 0.239013672 0.633300781
vt 0.240234375 0.635742188
vt 0.239746094 0.635742188
vt 0.239135742 0.633300781
vt 0.239868164 0.633300781
vt 0.239379883 0.633300781
vt 0.238891602 0.6328125
vt 0.238769531 0.6328125
vt 0.239135742 0.6328125
vt 0.237670898 0.629882812
vt 0.237060547 0.629882812
vt 0.236938477 0.629882812
vt 0.236694336 0.629394531
vt 0.237304688 0.629882812
vt 0.237060547 0.629394531
vt 0.236694336 0.629394531
vt 0.236450195 0.62890625
vt 0.236572266 0.62890625
vt 0.236572266 0.628417969
vt 0.236450195 0.628417969
vt 0.237426758 0.629394531
vt 0.236816406 0.62890625
vt 0.237304688 0.62890625
vt 0.237182617 0.628417969
vt 0.236816406 0.628417969
vt 0.236572266 0.627441406
vt 0.236450195 0.627441406
vt 0.236694336 0.626464844
vt 0.236816406 0.626464844
vt 0.236816406 0.627441406
vt 0.237304688 0.627441406
vt 0.236938477 0.626953125
vt 0.237060547 0.626953125
vt 0.237060547 0.626953125
vt 0.237792969 0.626953125
vt 0.238037109 0.626953125
vt 0.238037109 0.626953125
vt 0.237792969 0.626953125
vt 0.23828125 0.626464844
vt 0.238037109 0.626464844
vt 0.238037109 0.626953125
vt 0.237915039 0.626953125
vt 0.237915039 0.626953125
vt 0.237915039 0.626464844
vt 0.237670898 0.626464844
vt 0.237548828 0.626464844
vt 0.235961914 0.626953125
vt 0.235107422 0.627441406
vt 0.234985352 0.626953125
vt 0.234008789 0.627441406
vt 0.232910156 0.627441406
vt 0.227416992 0.627929688
vt 0.227539062 0.627441406
vt 0.2265625 0.627441406
vt 0.225708008 0.627441406
vt 0.225708008 0.626953125
vt 0.224975586 0.627441406
vt 0.225219727 0.626953125
vt 0.224243164 0.626953125
vt 0.224609375 0.626464844
vt 0.223754883 0.626464844
vt 0.219360352 0.623535156
vt 0.217773438 0.622558594
vt 0.21875 0.623046875
vt 0.218261719 0.622558594
vt 0.217895508 0.622070312
vt 0.217041016 0.621582031
vt 0.217529297 0.621582031
vt 0.217407227 0.620605469
vt 0.216674805 0.620117188
vt 0.217163086 0.620117188
vt 0.217163086 0.619628906
vt 0.216674805 0.619140625
vt 0.217285156 0.619140625
vt 0.217407227 0.618652344
vt 0.217041016 0.617675781
vt 0.216552734 0.617675781
vt 0.221679688 0.611328125
vt 0.217651367 0.617675781
vt 0.221435547 0.612304688
vt 0.222167969 0.611328125
vt 0.223022461 0.610839844
vt 0.216064453 0.619140625
vt 0.223632812 0.609863281
vt 0.223999023 0.609863281
vt 0.225219727 0.609375
vt 0.224853516 0.609375
vt 0.22644043 0.609375
vt 0.229370117 0.607910156
vt 0.228637695 0.608886719
vt 0.229736328 0.608398438
vt 0.23034668 0.607910156
vt 0.230957031 0.607421875
vt 0.234741211 0.604980469
vt 0.235473633 0.604492188
vt 0.236938477 0.603027344
vt 0.23840332 0.6015625
vt 0.237548828 0.602539062
vt 0.23828125 0.602050781
vt 0.239135742 0.6015625
vt 0.239501953 0.6015625
vt 0.241455078 0.600097656
vt 0.240600586 0.600097656
vt 0.241210938 0.601074219
vt 0.241821289 0.600585938
vt 0.24230957 0.600097656
vt 0.241821289 0.600097656
vt 0.242553711 0.600097656
vt 0.242797852 0.599609375
vt 0.242919922 0.599609375
vt 0.244750977 0.596679688
vt 0.24609375 0.594238281
vt 0.246582031 0.594238281
vt 0.24609375 0.594238281
vt 0.246704102 0.594238281
vt 0.24621582 0.59375
vt 0.246826172 0.59375
vt 0.246826172 0.59375
vt 0.246826172 0.59375
vt 0.246826172 0.593261719
vt 0.24609375 0.593261719
vt 0.246704102 0.592773438
vt 0.246582031 0.592773438
vt 0.24597168 0.592773438
vt 0.246582031 0.592773438
vt 0.24597168 0.592773438
vt 0.245605469 0.593261719
vt 0.246459961 0.592773438
vt 0.24597168 0.592773438
vt 0.246337891 0.592285156
vt 0.245605469 0.593261719
vt 0.241455078 0.58984375
vt 0.237182617 0.587402344
vt 0.239501953 0.588378906
vt 0.237670898 0.587402344
vt 0.236083984 0.585449219
vt 0.234130859 0.583984375
vt 0.234741211 0.583984375
vt 0.233764648 0.58203125
vt 0.232421875 0.580078125
vt 0.233398438 0.581054688
vt 0.233032227 0.580078125
vt 0.233032227 0.579101562
vt 0.240722656 0.590332031
vt 0.245361328 0.593261719
vt 0.240478516 0.590820312
vt 0.245117188 0.593261719
vt 0.236694336 0.587890625
vt 0.235107422 0.5859375
vt 0.232543945 0.578125
vt 0.233154297 0.578125
vt 0.232910156 0.577148438
vt 0.233520508 0.577148438
vt 0.233764648 0.576660156
vt 0.236450195 0.587890625
vt 0.233886719 0.575683594
vt 0.234375 0.575683594
vt 0.238769531 0.571777344
vt 0.241333008 0.569335938
vt 0.241699219 0.569335938
vt 0.243164062 0.568359375
vt 0.243530273 0.568359375
vt 0.243164062 0.568359375
vt 0.242797852 0.567871094
vt 0.243164062 0.568359375
vt 0.242675781 0.567871094
vt 0.243896484 0.568359375
vt 0.240966797 0.568847656
vt 0.242431641 0.567871094
vt 0.237792969 0.571289062
vt 0.242919922 0.567871094
vt 0.242431641 0.567871094
vt 0.242553711 0.567382812
vt 0.242431641 0.567382812
vt 0.243408203 0.567871094
vt 0.2421875 0.567382812
vt 0.243408203 0.567871094
vt 0.242919922 0.567871094
vt 0.243896484 0.568359375
vt 0.243530273 0.567871094
vt 0.242919922 0.567871094
vt 0.242919922 0.567871094
vt 0.244018555 0.567871094
vt 0.244140625 0.567871094
vt 0.243530273 0.567871094
vt 0.244140625 0.567871094
vt 0.243041992 0.567871094
vt 0.242919922 0.567871094
vt 0.244140625 0.567871094
vt 0.243530273 0.567382812
vt 0.243041992 0.567382812
vt 0.244140625 0.567382812
vt 0.244140625 0.567382812
vt 0.243041992 0.567871094
vt 0.242553711 0.567871094
vt 0.243530273 0.567382812
vt 0.243041992 0.567382812
vt 0.244140625 0.567382812
vt 0.244018555 0.567382812
vt 0.243530273 0.567382812
vt 0.243896484 0.566894531
vt 0.243041992 0.567382812
vt 0.242553711 0.567382812
vt 0.242553711 0.567382812
vt 0.242553711 0.567382812
vt 0.24230957 0.567382812
vt 0.242553711 0.567382812
vt 0.242553711 0.567382812
vt 0.243041992 0.567382812
vt 0.242919922 0.567382812
vt 0.242553711 0.567382812
vt 0.243408203 0.567382812
vt 0.243896484 0.566894531
vt 0.243408203 0.567382812
vt 0.240844727 0.564941406
vt 0.238769531 0.563476562
vt 0.242919922 0.567382812
vt 0.242919922 0.567382812
vt 0.236572266 0.5625
vt 0.238037109 0.562988281
vt 0.237060547 0.562011719
vt 0.236694336 0.561523438
vt 0.236450195 0.561035156
vt 0.240112305 0.565429688
vt 0.242553711 0.567382812
vt 0.235473633 0.560058594
vt 0.236206055 0.560546875
vt 0.236083984 0.560058594
vt 0.235961914 0.559570312
vt 0.235961914 0.559082031
vt 0.235595703 0.558105469
vt 0.236083984 0.55859375
vt 0.236206055 0.558105469
vt 0.236694336 0.556640625
vt 0.239746094 0.565429688
vt 0.24230957 0.567871094
vt 0.239624023 0.565917969
vt 0.237915039 0.563964844
vt 0.240966797 0.566894531
vt 0.24230957 0.567871094
vt 0.240112305 0.565917969
vt 0.239624023 0.565917969
vt 0.239501953 0.565917969
vt 0.237670898 0.564453125
vt 0.237548828 0.564453125
vt 0.237426758 0.564453125
vt 0.236450195 0.563964844
vt 0.236572266 0.563964844
vt 0.236816406 0.563964844
vt 0.235473633 0.562988281
vt 0.235351562 0.562988281
vt 0.235717773 0.5625
vt 0.234985352 0.562011719
vt 0.234985352 0.562011719
vt 0.237182617 0.563476562
vt 0.236083984 0.5625
vt 0.235351562 0.561523438
vt 0.234619141 0.561523438
vt 0.234619141 0.561523438
vt 0.234985352 0.561523438
vt 0.234375 0.561035156
vt 0.23425293 0.561035156
vt 0.234619141 0.561035156
vt 0.234863281 0.560058594
vt 0.23425293 0.560546875
vt 0.234130859 0.560546875
vt 0.234008789 0.559570312
vt 0.23449707 0.560546875
vt 0.234130859 0.559570312
vt 0.234008789 0.559082031
vt 0.234863281 0.559082031
vt 0.234375 0.559570312
vt 0.234130859 0.559082031
vt 0.234130859 0.55859375
vt 0.234375 0.559082031
vt 0.234130859 0.55859375
vt 0.23425293 0.557617188
vt 0.234619141 0.557617188
vt 0.234375 0.557617188
vt 0.23449707 0.557128906
vt 0.23449707 0.557128906
vt 0.234985352 0.556152344
vt 0.234619141 0.556640625
vt 0.234619141 0.556640625
vt 0.234741211 0.556640625
vt 0.234863281 0.556152344
vt 0.235839844 0.555175781
vt 0.235961914 0.5546875
vt 0.235839844 0.5546875
vt 0.235961914 0.5546875
vt 0.235107422 0.556640625
vt 0.235473633 0.556640625
vt 0.235229492 0.556152344
vt 0.236083984 0.5546875
vt 0.235961914 0.5546875
vt 0.236206055 0.555175781
vt 0.236328125 0.5546875
vt 0.236083984 0.554199219
vt 0.236083984 0.554199219
vt 0.236694336 0.5546875
vt 0.236450195 0.5546875
vt 0.236206055 0.554199219
vt 0.236083984 0.554199219
vt 0.236206055 0.553710938
vt 0.236083984 0.553710938
vt 0.236206055 0.553710938
vt 0.236206055 0.553710938
vt 0.236206055 0.553710938
vt 0.236206055 0.553710938
vt 0.236083984 0.553710938
vt 0.236083984 0.553222656
vt 0.236083984 0.553222656
vt 0.236083984 0.553222656
vt 0.236083984 0.553222656
vt 0.235961914 0.552734375
vt 0.235961914 0.552734375
vt 0.236572266 0.554199219
vt 0.236572266 0.553710938
vt 0.236450195 0.554199219
vt 0.236938477 0.554199219
vt 0.236938477 0.553710938
vt 0.237304688 0.5546875
vt 0.236572266 0.553222656
vt 0.236328125 0.54296875
vt 0.236938477 0.548339844
vt 0.236938477 0.54296875
vt 0.236938477 0.54296875
vt 0.237060547 0.549804688
vt 0.238037109 0.553222656
vt 0.238037109 0.554199219
vt 0.238037109 0.554199219
vt 0.237792969 0.555175781
vt 0.237548828 0.555664062
vt 0.237060547 0.54296875
vt 0.236572266 0.542480469
vt 0.237060547 0.542480469
vt 0.237060547 0.542480469
vt 0.237182617 0.542480469
vt 0.234985352 0.557617188
vt 0.236694336 0.542480469
vt 0.236816406 0.541992188
vt 0.237304688 0.542480469
vt 0.237426758 0.542480469
vt 0.237548828 0.542480469
vt 0.237426758 0.541992188
vt 0.237670898 0.541992188
vt 0.237792969 0.541992188
vt 0.237915039 0.541992188
vt 0.237792969 0.541503906
vt 0.236083984 0.541992188
vt 0.236450195 0.541992188
vt 0.236694336 0.541503906
vt 0.235961914 0.542480469
vt 0.235473633 0.542480469
vt 0.235839844 0.54296875
vt 0.237426758 0.541503906
vt 0.237792969 0.541503906
vt 0.238037109 0.541503906
vt 0.237915039 0.541015625
vt 0.237670898 0.541015625
vt 0.237426758 0.541015625
vt 0.237304688 0.541015625
vt 0.237915039 0.541015625
vt 0.23815918 0.541015625
vt 0.238037109 0.541015625
vt 0.237304688 0.541015625
vt 0.236816406 0.541015625
vt 0.237182617 0.541503906
vt 0.237548828 0.541015625
vt 0.237915039 0.540527344
vt 0.236938477 0.541015625
vt 0.236938477 0.541503906
vt 0.236694336 0.541503906
vt 0.236572266 0.541503906
vt 0.236450195 0.541503906
vt 0.236328125 0.541015625
vt 0.23840332 0.540527344
vt 0.23840332 0.541015625
vt 0.238037109 0.540527344
vt 0.23828125 0.540527344
vt 0.237915039 0.540527344
vt 0.237670898 0.540527344
vt 0.237548828 0.540527344
vt 0.237426758 0.540527344
vt 0.237304688 0.541015625
vt 0.237060547 0.541015625
vt 0.236816406 0.541015625
vt 0.236572266 0.541015625
vt 0.236572266 0.541015625
vt 0.236328125 0.541015625
vt 0.236083984 0.541503906
vt 0.236083984 0.541503906
vt 0.235839844 0.541503906
vt 0.235839844 0.541503906
vt 0.236083984 0.541503906
vt 0.235595703 0.541992188
vt 0.235595703 0.541992188
vt 0.235351562 0.541992188
vt 0.235839844 0.541992188
vt 0.235473633 0.541992188
vt 0.235229492 0.541992188
vt 0.235717773 0.541992188
vt 0.235351562 0.541992188
vt 0.235107422 0.542480469
vt 0.235229492 0.542480469
vt 0.235107422 0.542480469
vt 0.235107422 0.542480469
vt 0.235107422 0.542480469
vt 0.234985352 0.542480469
vt 0.235351562 0.54296875
vt 0.235107422 0.54296875
vt 0.234985352 0.54296875
vt 0.235107422 0.54296875
vt 0.234985352 0.54296875
vt 0.234985352 0.54296875
vt 0.234985352 0.54296875
vt 0.234863281 0.546875
vt 0.235229492 0.550292969
vt 0.234863281 0.547851562
vt 0.234985352 0.548339844
vt 0.235107422 0.550292969
vt 0.235595703 0.551757812
vt 0.235351562 0.54296875
vt 0.235839844 0.552734375
vt 0.235473633 0.550292969
vt 0.235961914 0.550292969
vt 0.235839844 0.54296875
vt 0.245239258 0.59375
vt 0.244995117 0.59375
vt 0.244995117 0.59375
vt 0.244873047 0.59375
vt 0.244873047 0.59375
vt 0.244873047 0.59375
vt 0.244995117 0.59375
vt 0.245239258 0.59375
vt 0.245239258 0.59375
vt 0.245727539 0.59375
vt 0.245117188 0.593261719
vt 0.245483398 0.593261719
vt 0.245605469 0.593261719
vt 0.245605469 0.593261719
vt 0.245117188 0.593261719
vt 0.245727539 0.593261719
vt 0.245239258 0.593261719
vt 0.244873047 0.593261719
vt 0.244995117 0.593261719
vt 0.244750977 0.593261719
vt 0.244873047 0.593261719
vt 0.245239258 0.593261719
vt 0.244995117 0.593261719
vt 0.244873047 0.593261719
vt 0.244873047 0.59375
vt 0.244995117 0.59375
vt 0.244873047 0.59375
vt 0.244995117 0.59375
vt 0.245239258 0.59375
vt 0.245239258 0.59375
vt 0.245727539 0.59375
vt 0.245727539 0.59375
vt 0.245605469 0.59375
vt 0.245239258 0.59375
vt 0.245239258 0.59375
vt 0.244995117 0.59375
vt 0.241821289 0.599121094
vt 0.245605469 0.59375
vt 0.241455078 0.599121094
vt 0.245239258 0.59375
vt 0.243164062 0.596191406
vt 0.244995117 0.59375
vt 0.241455078 0.599609375
vt 0.241210938 0.599609375
vt 0.241088867 0.600097656
vt 0.243896484 0.594726562
vt 0.244262695 0.594238281
vt 0.244873047 0.59375
vt 0.243286133 0.595703125
vt 0.243041992 0.596191406
vt 0.241210938 0.599121094
vt 0.241333008 0.599121094
vt 0.241088867 0.599121094
vt 0.241210938 0.599121094
vt 0.241088867 0.599121094
vt 0.241088867 0.599121094
vt 0.241088867 0.599121094
vt 0.240966797 0.599121094
vt 0.240966797 0.599121094
vt 0.240966797 0.599121094
vt 0.241088867 0.599609375
vt 0.240966797 0.599609375
vt 0.240722656 0.599609375
vt 0.240722656 0.599609375
vt 0.240844727 0.599609375
vt 0.240722656 0.599609375
vt 0.240600586 0.599609375
vt 0.240600586 0.599609375
vt 0.240478516 0.599609375
vt 0.240356445 0.599609375
vt 0.240356445 0.599609375
vt 0.240844727 0.599609375
vt 0.240722656 0.599609375
vt 0.240234375 0.599609375
vt 0.240234375 0.599609375
vt 0.240234375 0.599609375
vt 0.240112305 0.599609375
vt 0.240112305 0.599609375
vt 0.239990234 0.599609375
vt 0.239868164 0.599609375
vt 0.239746094 0.599609375
vt 0.240478516 0.600097656
vt 0.239257812 0.600097656
vt 0.239135742 0.600097656
vt 0.23815918 0.600097656
vt 0.238525391 0.600585938
vt 0.23828125 0.600585938
vt 0.23815918 0.600585938
vt 0.237182617 0.601074219
vt 0.237060547 0.600585938
vt 0.236206055 0.6015625
vt 0.238037109 0.601074219
vt 0.236328125 0.6015625
vt 0.235839844 0.6015625
vt 0.235473633 0.602050781
vt 0.235351562 0.602050781
vt 0.234985352 0.602539062
vt 0.234741211 0.602539062
vt 0.234008789 0.603515625
vt 0.23449707 0.603027344
vt 0.234130859 0.603515625
vt 0.233886719 0.603515625
vt 0.237304688 0.601074219
vt 0.233276367 0.604003906
vt 0.233276367 0.604003906
vt 0.232910156 0.604492188
vt 0.232543945 0.604492188
vt 0.232055664 0.604980469
vt 0.231689453 0.60546875
vt 0.229736328 0.606445312
vt 0.231201172 0.60546875
vt 0.230712891 0.605957031
vt 0.23034668 0.605957031
vt 0.229858398 0.606445312
vt 0.229614258 0.606445312
vt 0.229248047 0.606933594
vt 0.229248047 0.606933594
vt 0.228759766 0.606933594
vt 0.228637695 0.606933594
vt 0.229370117 0.606933594
vt 0.229858398 0.606933594
vt 0.233520508 0.604492188
vt 0.228149414 0.607421875
vt 0.227905273 0.607421875
vt 0.227905273 0.607421875
vt 0.227661133 0.607421875
vt 0.227294922 0.607421875
vt 0.227050781 0.607421875
vt 0.228271484 0.607421875
vt 0.225830078 0.607910156
vt 0.22668457 0.607910156
vt 0.225830078 0.607910156
vt 0.230224609 0.606933594
vt 0.228881836 0.607421875
vt 0.229125977 0.607421875
vt 0.228027344 0.607421875
vt 0.225097656 0.607910156
vt 0.224243164 0.608398438
vt 0.228149414 0.607910156
vt 0.225097656 0.608398438
vt 0.224243164 0.608398438
vt 0.22277832 0.608886719
vt 0.224365234 0.608398438
vt 0.222900391 0.608886719
vt 0.221557617 0.609863281
vt 0.233886719 0.604492188
vt 0.224609375 0.608886719
vt 0.221679688 0.609863281
vt 0.220581055 0.610839844
vt 0.223022461 0.609375
vt 0.223266602 0.609375
vt 0.220703125 0.610839844
vt 0.219726562 0.611816406
vt 0.221923828 0.609863281
vt 0.222167969 0.610351562
vt 0.219848633 0.611816406
vt 0.216918945 0.615722656
vt 0.220825195 0.610839844
vt 0.221191406 0.610839844
vt 0.220092773 0.611816406
vt 0.215820312 0.617675781
vt 0.216186523 0.616699219
vt 0.215820312 0.617675781
vt 0.216064453 0.617675781
vt 0.215820312 0.618164062
vt 0.215576172 0.618164062
vt 0.215454102 0.618164062
vt 0.215698242 0.619140625
vt 0.215332031 0.619140625
vt 0.215332031 0.619140625
vt 0.215576172 0.619628906
vt 0.215332031 0.619628906
vt 0.215209961 0.619628906
vt 0.216064453 0.620605469
vt 0.215332031 0.620605469
vt 0.215209961 0.620605469
vt 0.215698242 0.620605469
vt 0.216430664 0.621582031
vt 0.215820312 0.62109375
vt 0.215576172 0.62109375
vt 0.215454102 0.62109375
vt 0.215698242 0.622070312
vt 0.215820312 0.621582031
vt 0.216064453 0.622558594
vt 0.216064453 0.621582031
vt 0.216186523 0.622558594
vt 0.216674805 0.623046875
vt 0.217285156 0.623046875
vt 0.216430664 0.622558594
vt 0.216674805 0.623046875
vt 0.217285156 0.623535156
vt 0.216918945 0.623046875
vt 0.217285156 0.623535156
vt 0.217895508 0.624511719
vt 0.218505859 0.624023438
vt 0.218261719 0.624023438
vt 0.218017578 0.624511719
vt 0.21875 0.625
vt 0.218994141 0.625
vt 0.219238281 0.625
vt 0.219482422 0.625488281
vt 0.219726562 0.625488281
vt 0.220092773 0.625488281
vt 0.220336914 0.625976562
vt 0.22265625 0.627441406
vt 0.220581055 0.625976562
vt 0.220825195 0.625976562
vt 0.221069336 0.626464844
vt 0.221191406 0.626464844
vt 0.221435547 0.626464844
vt 0.221679688 0.626953125
vt 0.221923828 0.626953125
vt 0.222167969 0.626953125
vt 0.222412109 0.627441406
vt 0.22265625 0.627441406
vt 0.223632812 0.627929688
vt 0.22277832 0.626953125
vt 0.223632812 0.627929688
vt 0.224365234 0.627929688
vt 0.224975586 0.628417969
vt 0.224731445 0.628417969
vt 0.224975586 0.628417969
vt 0.225219727 0.628417969
vt 0.226196289 0.628417969
vt 0.225830078 0.628417969
vt 0.226074219 0.628417969
vt 0.223754883 0.627441406
vt 0.223144531 0.626953125
vt 0.223999023 0.627441406
vt 0.224487305 0.627441406
vt 0.224243164 0.627929688
vt 0.225463867 0.627929688
vt 0.225097656 0.627929688
vt 0.225952148 0.628417969
vt 0.226074219 0.627929688
vt 0.226196289 0.628417969
vt 0.227416992 0.627929688
vt 0.227416992 0.628417969
vt 0.233642578 0.628417969
vt 0.227294922 0.628417969
vt 0.227294922 0.62890625
vt 0.233032227 0.628417969
vt 0.233032227 0.62890625
vt 0.233032227 0.62890625
vt 0.23425293 0.62890625
vt 0.23425293 0.628417969
vt 0.234863281 0.628417969
vt 0.235473633 0.628417969
vt 0.233642578 0.628417969
vt 0.23425293 0.628417969
vt 0.236083984 0.628417969
vt 0.236083984 0.628417969
vt 0.237304688 0.627929688
vt 0.235229492 0.627929688
vt 0.235961914 0.627929688
vt 0.235839844 0.627929688
vt 0.237182617 0.627929688
vt 0.237792969 0.627929688
vt 0.237060547 0.627929688
vt 0.238037109 0.626953125
vt 0.238037109 0.626953125
vt 0.23815918 0.627441406
vt 0.23828125 0.627441406
vt 0.23828125 0.627441406
vt 0.23828125 0.627441406
vt 0.242675781 0.567871094
vt 0.243164062 0.568359375
vt 0.243164062 0.568359375
vt 0.242797852 0.567871094
vt 0.242431641 0.567871094
vt 0.242431641 0.567871094
vt 0.2421875 0.567382812
vt 0.24230957 0.567382812
vt 0.2421875 0.567382812
vt 0.2421875 0.567382812
vt 0.2421875 0.567871094
vt 0.24230957 0.567871094
vt 0.24230957 0.567871094
vt 0.24230957 0.567871094
vt 0.2421875 0.567871094
vt 0.242553711 0.567382812
vt 0.242553711 0.567382812
vt 0.242553711 0.567382812
vt 0.242919922 0.567382812
vt 0.242919922 0.567382812
vt 0.243408203 0.567382812
vt 0.24230957 0.567871094
vt 0.2421875 0.567871094
vt 0.2421875 0.567871094
vt 0.2421875 0.567871094
vt 0.24230957 0.567871094
vt 0.242553711 0.567382812
vt 0.2421875 0.567871094
vt 0.2421875 0.567871094
vt 0.24230957 0.567871094
vt 0.242553711 0.567382812
vt 0.24230957 0.567382812
vt 0.242553711 0.567382812
vt 0.2421875 0.567382812
vt 0.24230957 0.567382812
vt 0.2421875 0.567382812
vt 0.24230957 0.567382812
vt 0.242553711 0.567382812
vt 0.24230957 0.567382812
vt 0.2421875 0.567382812
vt 0.24230957 0.567382812
vt 0.2421875 0.567382812
vt 0.242553711 0.567871094
vt 0.24230957 0.567382812
vt 0.2421875 0.567382812
vt 0.2421875 0.567382812
vt 0.24230957 0.567382812
vt 0.2421875 0.567382812
vt 0.2421875 0.567382812
vt 0.24230957 0.567382812
vt 0.242553711 0.567871094
vt 0.24230957 0.567382812
vt 0.24230957 0.567382812
vt 0.24230957 0.567382812
vt 0.242431641 0.567382812
vt 0.242553711 0.567871094
vt 0.242553711 0.567382812
vt 0.242553711 0.567871094
vt 0.242919922 0.567871094
vt 0.242919922 0.567871094
vt 0.242919922 0.567871094
vt 0.243408203 0.567871094
vt 0.286132812 0.585449219
vt 0.286132812 0.585449219
vt 0.286132812 0.585449219
vt 0.285888672 0.585449219
vt 0.285888672 0.585449219
vt 0.286132812 0.585449219
vt 0.285888672 0.585449219
vt 0.286132812 0.585449219
vt 0.286132812 0.585449219
vt 0.286132812 0.585449219
vt 0.286132812 0.585449219
vt 0.286132812 0.585449219
vt 0.286132812 0.585449219
vt 0.286865234 0.584472656
vt 0.287109375 0.584472656
vt 0.287109375 0.583984375
vt 0.287597656 0.583496094
vt 0.287597656 0.583007812
vt 0.287841797 0.583007812
vt 0.288085938 0.582519531
vt 0.286865234 0.583984375
vt 0.288574219 0.581054688
vt 0.288574219 0.581054688
vt 0.288574219 0.581054688
vt 0.288574219 0.580566406
vt 0.288574219 0.580566406
vt 0.288330078 0.581054688
vt 0.287353516 0.583007812
vt 0.286376953 0.583984375
vt 0.288574219 0.580566406
vt 0.288574219 0.580566406
vt 0.288330078 0.580566406
vt 0.287841797 0.581054688
vt 0.287353516 0.580566406
vt 0.287353516 0.580566406
vt 0.287841797 0.580566406
vt 0.285400391 0.585449219
vt 0.288574219 0.580078125
vt 0.288574219 0.580078125
vt 0.288330078 0.579589844
vt 0.288330078 0.580078125
vt 0.288330078 0.579589844
vt 0.288330078 0.579589844
vt 0.284912109 0.585449219
vt 0.285400391 0.585449219
vt 0.285400391 0.585449219
vt 0.285400391 0.583496094
vt 0.284423828 0.584960938
vt 0.286132812 0.58203125
vt 0.286621094 0.580566406
vt 0.286621094 0.580566406
vt 0.284179688 0.584960938
vt 0.284179688 0.585449219
vt 0.286621094 0.580566406
vt 0.284179688 0.585449219
vt 0.286621094 0.580566406
vt 0.286376953 0.580078125
vt 0.285400391 0.585449219
vt 0.285888672 0.585449219
vt 0.286132812 0.585449219
vt 0.285888672 0.585449219
vt 0.285888672 0.585449219
vt 0.286132812 0.585449219
vt 0.287109375 0.579589844
vt 0.286376953 0.579589844
vt 0.286376953 0.579101562
vt 0.287597656 0.579589844
vt 0.287109375 0.578613281
vt 0.286376953 0.578613281
vt 0.286621094 0.578613281
vt 0.287353516 0.578125
vt 0.286865234 0.578125
vt 0.287353516 0.577148438
vt 0.290283203 0.575195312
vt 0.291992188 0.573730469
vt 0.291259766 0.573730469
vt 0.292236328 0.572265625
vt 0.287597656 0.579101562
vt 0.288085938 0.579589844
vt 0.288085938 0.579589844
vt 0.288330078 0.579589844
vt 0.288330078 0.579101562
vt 0.287597656 0.579101562
vt 0.288085938 0.579101562
vt 0.288330078 0.579101562
vt 0.288330078 0.579101562
vt 0.288330078 0.579101562
vt 0.288085938 0.579101562
vt 0.288330078 0.578613281
vt 0.288574219 0.578613281
vt 0.288085938 0.578613281
vt 0.288574219 0.578613281
vt 0.288574219 0.578613281
vt 0.288818359 0.578125
vt 0.2890625 0.578125
vt 0.289306641 0.577636719
vt 0.289550781 0.577636719
vt 0.291015625 0.576660156
vt 0.287841797 0.578125
vt 0.288330078 0.578613281
vt 0.288330078 0.577636719
vt 0.288574219 0.578125
vt 0.291015625 0.575683594
vt 0.291748047 0.575683594
vt 0.291748047 0.575683594
vt 0.29296875 0.57421875
vt 0.291503906 0.575683594
vt 0.29296875 0.57421875
vt 0.294189453 0.572753906
vt 0.292724609 0.57421875
vt 0.293945312 0.572753906
vt 0.294677734 0.571289062
vt 0.292480469 0.57421875
vt 0.294677734 0.571289062
vt 0.295166016 0.569824219
vt 0.295410156 0.568847656
vt 0.295654297 0.566894531
vt 0.295410156 0.567871094
vt 0.295654297 0.567382812
vt 0.295654297 0.566894531
vt 0.295898438 0.56640625
vt 0.293701172 0.572753906
vt 0.293945312 0.571289062
vt 0.294433594 0.571289062
vt 0.295654297 0.56640625
vt 0.295898438 0.56640625
vt 0.296142578 0.565917969
vt 0.296142578 0.565917969
vt 0.296386719 0.565429688
vt 0.293457031 0.570800781
vt 0.29296875 0.570800781
vt 0.293701172 0.566894531
vt 0.295166016 0.565917969
vt 0.294677734 0.565917969
vt 0.294433594 0.565429688
vt 0.295410156 0.564453125
vt 0.294921875 0.564453125
vt 0.295898438 0.562988281
vt 0.301025391 0.55859375
vt 0.302490234 0.557617188
vt 0.302001953 0.557128906
vt 0.302734375 0.555664062
vt 0.303955078 0.554199219
vt 0.303222656 0.555175781
vt 0.303222656 0.554199219
vt 0.303222656 0.553710938
vt 0.302246094 0.548339844
vt 0.302490234 0.542480469
vt 0.302001953 0.543945312
vt 0.302001953 0.54296875
vt 0.301757812 0.542480469
vt 0.301757812 0.542480469
vt 0.302246094 0.541992188
vt 0.301757812 0.542480469
vt 0.301513672 0.542480469
vt 0.301513672 0.542480469
vt 0.301757812 0.541992188
vt 0.301513672 0.542480469
vt 0.301269531 0.541992188
vt 0.301269531 0.541503906
vt 0.301269531 0.541992188
vt 0.301269531 0.541992188
vt 0.302734375 0.541992188
vt 0.302490234 0.541992188
vt 0.302490234 0.541992188
vt 0.302978516 0.542480469
vt 0.303222656 0.54296875
vt 0.302978516 0.541992188
vt 0.303222656 0.541992188
vt 0.303222656 0.541992188
vt 0.303466797 0.54296875
vt 0.303466797 0.541992188
vt 0.302978516 0.541503906
vt 0.302734375 0.541503906
vt 0.303222656 0.541992188
vt 0.303222656 0.541503906
vt 0.302978516 0.541503906
vt 0.302734375 0.541503906
vt 0.302246094 0.541503906
vt 0.302490234 0.541503906
vt 0.302246094 0.541503906
vt 0.301757812 0.541503906
vt 0.302246094 0.541503906
vt 0.303222656 0.541503906
vt 0.303466797 0.541503906
vt 0.303222656 0.541503906
vt 0.303466797 0.541992188
vt 0.302978516 0.541503906
vt 0.302978516 0.541503906
vt 0.303466797 0.541992188
vt 0.302734375 0.541503906
vt 0.302734375 0.541015625
vt 0.302734375 0.541015625
vt 0.303710938 0.541992188
vt 0.303710938 0.541992188
vt 0.302490234 0.541015625
vt 0.302734375 0.541015625
vt 0.303710938 0.54296875
vt 0.303955078 0.543457031
vt 0.302490234 0.541015625
vt 0.302490234 0.541015625
vt 0.303955078 0.543457031
vt 0.303955078 0.543457031
vt 0.302246094 0.541015625
vt 0.302246094 0.541015625
vt 0.303710938 0.543945312
vt 0.303955078 0.543945312
vt 0.304199219 0.543945312
vt 0.304199219 0.544433594
vt 0.303955078 0.546875
vt 0.303955078 0.545898438
vt 0.303955078 0.546386719
vt 0.304199219 0.546875
vt 0.304199219 0.547851562
vt 0.304199219 0.548339844
vt 0.304443359 0.549804688
vt 0.304199219 0.549316406
vt 0.304443359 0.549804688
vt 0.304443359 0.550292969
vt 0.3046875 0.551269531
vt 0.303710938 0.546875
vt 0.305175781 0.553222656
vt 0.305175781 0.552734375
vt 0.305175781 0.553222656
vt 0.305175781 0.554199219
vt 0.304931641 0.553222656
vt 0.304443359 0.554199219
vt 0.305175781 0.554199219
vt 0.305175781 0.555175781
vt 0.304931641 0.554199219
vt 0.304931641 0.555175781
vt 0.3046875 0.556152344
vt 0.303955078 0.556152344
vt 0.3046875 0.555175781
vt 0.3046875 0.556152344
vt 0.304443359 0.556640625
vt 0.304199219 0.557128906
vt 0.303710938 0.557617188
vt 0.303955078 0.557617188
vt 0.303710938 0.558105469
vt 0.303466797 0.558105469
vt 0.303222656 0.55859375
vt 0.304443359 0.556152344
vt 0.302001953 0.559570312
vt 0.302734375 0.559082031
vt 0.302490234 0.559082031
vt 0.302246094 0.559570312
vt 0.301757812 0.560058594
vt 0.300048828 0.561523438
vt 0.297607422 0.563964844
vt 0.297851562 0.563476562
vt 0.297607422 0.563964844
vt 0.296875 0.564453125
vt 0.303466797 0.557617188
vt 0.301757812 0.559570312
vt 0.302978516 0.557617188
vt 0.296142578 0.564453125
vt 0.297363281 0.563964844
vt 0.296875 0.564453125
vt 0.295898438 0.564941406
vt 0.296630859 0.564453125
vt 0.296630859 0.564941406
vt 0.296630859 0.564941406
vt 0.296142578 0.565429688
vt 0.296386719 0.565429688
vt 0.286132812 0.585449219
vt 0.285888672 0.585449219
vt 0.285888672 0.585449219
vt 0.285888672 0.585449219
vt 0.281738281 0.609375
vt 0.282470703 0.609375
vt 0.282470703 0.609375
vt 0.281738281 0.609375
vt 0.282226562 0.608886719
vt 0.281738281 0.609375
vt 0.281982422 0.608886719
vt 0.281738281 0.608886719
vt 0.281494141 0.608398438
vt 0.625 0.5
vt 0.625 0.583496094
vt 0.6875 0.583496094
vt 0.6875 0.5
vt 0.625 0.583496094
vt 0.6875 0.625
vt 0.625 0.625
vt 0.375 0.4375
vt 0.375 0.5
vt 0.625 0.5
vt 0.625 0.4375
vt 0.375 0.375
vt 0.375 0.4375
vt 0.625 0.4375
vt 0.625 0.375
vt 0.6875 0.5
vt 0.6875 0.583496094
vt 0.75 0.583496094
vt 0.75 0.5
vt 0.375 0.5
vt 0.375 0.583496094
vt 0.625 0.583496094
vt 0.625 0.5
vt 0.375 0.583496094
vt 0.375 0.625
vt 0.625 0.625
vt 0.625 0.583496094
vt 0.3125 0.625
vt 0.3125 0.583496094
vt 0.6875 0.583496094
vt 0.6875 0.625
vt 0.75 0.583496094
vt 0.6875 0.583496094
vt 0.3125 0.583496094
vt 0.25 0.583496094
vt 0.3125 0.583496094
vt 0.6875 0.583496094
vt 0.75 0.583496094
vt 0.6875 0.583496094
vt 0.6875 0.583496094
vt 0.625 0.5
vt 0.6875 0.5
vt 0.6875 0.583496094
vt 0.625 0.583496094
vt 0.625 0.583496094
vt 0.6875 0.625
vt 0.625 0.625
vt 0.375 0.4375
vt 0.625 0.4375
vt 0.625 0.5
vt 0.375 0.5
vt 0.375 0.375
vt 0.625 0.375
vt 0.625 0.4375
vt 0.375 0.4375
vt 0.6875 0.5
vt 0.75 0.5
vt 0.75 0.583496094
vt 0.6875 0.583496094
vt 0.375 0.5
vt 0.625 0.5
vt 0.625 0.583496094
vt 0.375 0.583496094
vt 0.375 0.583496094
vt 0.625 0.583496094
vt 0.625 0.625
vt 0.375 0.625
vt 0.3125 0.625
vt 0.6875 0.625
vt 0.6875 0.583496094
vt 0.3125 0.583496094
vt 0.625 0.5
vt 0.6875 0.5
vt 0.6875 0.583496094
vt 0.625 0.583496094
vt 0.625 0.583496094
vt 0.6875 0.625
vt 0.625 0.625
vt 0.375 0.4375
vt 0.625 0.4375
vt 0.625 0.5
vt 0.375 0.5
vt 0.375 0.375
vt 0.625 0.375
vt 0.625 0.4375
vt 0.375 0.4375
vt 0.6875 0.5
vt 0.75 0.5
vt 0.75 0.583496094
vt 0.6875 0.583496094
vt 0.375 0.5
vt 0.625 0.5
vt 0.625 0.583496094
vt 0.375 0.583496094
vt 0.375 0.583496094
vt 0.625 0.583496094
vt 0.625 0.625
vt 0.375 0.625
vt 0.3125 0.625
vt 0.6875 0.625
vt 0.6875 0.583496094
vt 0.3125 0.583496094
vt 0.75 0.583496094
vt 0.3125 0.583496094
vt 0.6875 0.583496094
vt 0.25 0.583496094
vt 0.3125 0.583496094
vt 0.6875 0.583496094
vt 0.75 0.583496094
vt 0.6875 0.583496094
vt 0.6875 0.583496094
vt 0.625 0.5
vt 0.625 0.583496094
vt 0.6875 0.583496094
vt 0.6875 0.5
vt 0.625 0.583496094
vt 0.6875 0.625
vt 0.625 0.625
vt 0.375 0.4375
vt 0.375 0.5
vt 0.625 0.5
vt 0.625 0.4375
vt 0.375 0.375
vt 0.375 0.4375
vt 0.625 0.4375
vt 0.625 0.375
vt 0.6875 0.5
vt 0.6875 0.583496094
vt 0.75 0.583496094
vt 0.75 0.5
vt 0.375 0.5
vt 0.375 0.583496094
vt 0.625 0.583496094
vt 0.625 0.5
vt 0.375 0.583496094
vt 0.375 0.625
vt 0.625 0.625
vt 0.625 0.583496094
vt 0.3125 0.625
vt 0.3125 0.583496094
vt 0.6875 0.583496094
vt 0.6875 0.625
vt 0.625 0.5
vt 0.6875 0.5
vt 0.6875 0.583496094
vt 0.625 0.583496094
vt 0.625 0.583496094
vt 0.6875 0.625
vt 0.625 0.625
vt 0.375 0.4375
vt 0.625 0.4375
vt 0.625 0.5
vt 0.375 0.5
vt 0.375 0.375
vt 0.625 0.375
vt 0.625 0.4375
vt 0.375 0.4375
vt 0.6875 0.5
vt 0.75 0.5
vt 0.75 0.583496094
vt 0.6875 0.583496094
vt 0.375 0.5
vt 0.625 0.5
vt 0.625 0.583496094
vt 0.375 0.583496094
vt 0.375 0.583496094
vt 0.625 0.583496094
vt 0.625 0.625
vt 0.375 0.625
vt 0.3125 0.625
vt 0.6875 0.625
vt 0.6875 0.583496094
vt 0.3125 0.583496094
vt 0.625 0.5
vt 0.625 0.583496094
vt 0.6875 0.583496094
vt 0.6875 0.5
vt 0.625 0.583496094
vt 0.6875 0.625
vt 0.625 0.625
vt 0.375 0.4375
vt 0.375 0.5
vt 0.625 0.5
vt 0.625 0.4375
vt 0.375 0.375
vt 0.375 0.4375
vt 0.625 0.4375
vt 0.625 0.375
vt 0.6875 0.5
vt 0.6875 0.583496094
vt 0.75 0.583496094
vt 0.75 0.5
vt 0.375 0.5
vt 0.375 0.583496094
vt 0.625 0.583496094
vt 0.625 0.5
vt 0.375 0.583496094
vt 0.375 0.625
vt 0.625 0.625
vt 0.625 0.583496094
vt 0.3125 0.625
vt 0.3125 0.583496094
vt 0.6875 0.583496094
vt 0.6875 0.625
vt 0.625 0.5
vt 0.625 0.583496094
vt 0.6875 0.583496094
vt 0.6875 0.5
vt 0.625 0.583496094
vt 0.6875 0.625
vt 0.625 0.625
vt 0.375 0.4375
vt 0.375 0.5
vt 0.625 0.5
vt 0.625 0.4375
vt 0.375 0.375
vt 0.375 0.4375
vt 0.625 0.4375
vt 0.625 0.375
vt 0.6875 0.5
vt 0.6875 0.583496094
vt 0.75 0.583496094
vt 0.75 0.5
vt 0.375 0.5
vt 0.375 0.583496094
vt 0.625 0.583496094
vt 0.625 0.5
vt 0.375 0.583496094
vt 0.375 0.625
vt 0.625 0.625
vt 0.625 0.583496094
vt 0.3125 0.625
vt 0.3125 0.583496094
vt 0.6875 0.583496094
vt 0.6875 0.625
vt 0.625 0.5
vt 0.6875 0.5
vt 0.6875 0.583496094
vt 0.625 0.583496094
vt 0.625 0.583496094
vt 0.6875 0.625
vt 0.625 0.625
vt 0.375 0.4375
vt 0.625 0.4375
vt 0.625 0.5
vt 0.375 0.5
vt 0.375 0.375
vt 0.625 0.375
vt 0.625 0.4375
vt 0.375 0.4375
vt 0.6875 0.5
vt 0.75 0.5
vt 0.75 0.583496094
vt 0.6875 0.583496094
vt 0.375 0.5
vt 0.625 0.5
vt 0.625 0.583496094
vt 0.375 0.583496094
vt 0.375 0.583496094
vt 0.625 0.583496094
vt 0.625 0.625
vt 0.375 0.625
vt 0.3125 0.625
vt 0.6875 0.625
vt 0.6875 0.583496094
vt 0.3125 0.583496094
vt 0.999023438 0.545410156
vt 0.999023438 0.454589844
vt 0.00104141235 0.545410156
vt 0.00104141235 0.454589844
vt 0.00208282471 0.454589844
vt 0.00104141235 0.545410156
vt 0.00104141235 0.454589844
vt 0.00208282471 0.545410156
vt 0.00312423706 0.454589844
vt 0.00312423706 0.545410156
vt 0.0114593506 0.545410156
vt 0.0114593506 0.454589844
vt 0.0124969482 0.545410156
vt 0.0124969482 0.454589844
vt 0.0166625977 0.545410156
vt 0.0166625977 0.454589844
vt 0.0187530518 0.545410156
vt 0.0187530518 0.454589844
vt 0.0208282471 0.454589844
vt 0.0208282471 0.545410156
vt 0.0249938965 0.454589844
vt 0.0249938965 0.545410156
vt 0.0260467529 0.545410156
vt 0.0260467529 0.454589844
vt 0.0333251953 0.454589844
vt 0.0333251953 0.545410156
vt 0.034362793 0.454589844
vt 0.034362793 0.545410156
vt 0.0354309082 0.454589844
vt 0.0354309082 0.545410156
vt 0.0364685059 0.454589844
vt 0.0364685059 0.545410156
vt 0.0375061035 0.454589844
vt 0.0375061035 0.545410156
vt 0.0385437012 0.454589844
vt 0.0385437012 0.545410156
vt 0.0395812988 0.545410156
vt 0.0395812988 0.454589844
vt 0.0416564941 0.545410156
vt 0.0416564941 0.454589844
vt 0.043762207 0.454589844
vt 0.043762207 0.545410156
vt 0.046875 0.545410156
vt 0.046875 0.454589844
vt 0.0479125977 0.454589844
vt 0.0479125977 0.545410156
vt 0.0489501953 0.454589844
vt 0.0489501953 0.545410156
vt 0.049987793 0.454589844
vt 0.049987793 0.545410156
vt 0.0520935059 0.454589844
vt 0.0520935059 0.545410156
vt 0.0531311035 0.545410156
vt 0.0531311035 0.454589844
vt 0.0541687012 0.454589844
vt 0.0541687012 0.545410156
vt 0.0552062988 0.545410156
vt 0.0552062988 0.454589844
vt 0.0562438965 0.545410156
vt 0.0562438965 0.454589844
vt 0.0572814941 0.454589844
vt 0.0572814941 0.545410156
vt 0.0583190918 0.545410156
vt 0.0583190918 0.454589844
vt 0.0604248047 0.545410156
vt 0.0604248047 0.454589844
vt 0.0614624023 0.545410156
vt 0.0614624023 0.454589844
vt 0.0625 0.545410156
vt 0.0625 0.454589844
vt 0.0635375977 0.545410156
vt 0.0635375977 0.454589844
vt 0.0645751953 0.545410156
vt 0.0645751953 0.454589844
vt 0.065612793 0.454589844
vt 0.065612793 0.545410156
vt 0.0666503906 0.454589844
vt 0.0666503906 0.545410156
vt 0.0676879883 0.454589844
vt 0.0676879883 0.545410156
vt 0.0687255859 0.454589844
vt 0.0687255859 0.545410156
vt 0.0697631836 0.454589844
vt 0.0697631836 0.545410156
vt 0.0708618164 0.454589844
vt 0.075012207 0.545410156
vt 0.0739746094 0.454589844
vt 0.075012207 0.454589844
vt 0.0760498047 0.545410156
vt 0.0760498047 0.454589844
vt 0.0770874023 0.545410156
vt 0.0770874023 0.454589844
vt 0.078125 0.545410156
vt 0.078125 0.454589844
vt 0.0802001953 0.545410156
vt 0.0802001953 0.454589844
vt 0.0822753906 0.545410156
vt 0.0822753906 0.454589844
vt 0.0843505859 0.545410156
vt 0.0843505859 0.454589844
vt 0.0853881836 0.545410156
vt 0.0853881836 0.454589844
vt 0.0864868164 0.454589844
vt 0.0864868164 0.545410156
vt 0.0875244141 0.545410156
vt 0.0875244141 0.454589844
vt 0.0885620117 0.454589844
vt 0.0885620117 0.545410156
vt 0.0895996094 0.545410156
vt 0.0895996094 0.454589844
vt 0.090637207 0.454589844
vt 0.090637207 0.545410156
vt 0.0927124023 0.545410156
vt 0.0927124023 0.454589844
vt 0.0958251953 0.545410156
vt 0.0958251953 0.454589844
vt 0.0979003906 0.454589844
vt 0.0979003906 0.545410156
vt 0.101013184 0.545410156
vt 0.101013184 0.454589844
vt 0.103149414 0.454589844
vt 0.103149414 0.545410156
vt 0.104187012 0.454589844
vt 0.104187012 0.545410156
vt 0.105224609 0.545410156
vt 0.105224609 0.454589844
vt 0.108337402 0.545410156
vt 0.108337402 0.454589844
vt 0.109375 0.454589844
vt 0.109375 0.545410156
vt 0.110412598 0.545410156
vt 0.110412598 0.454589844
vt 0.111450195 0.545410156
vt 0.111450195 0.454589844
vt 0.112487793 0.545410156
vt 0.112487793 0.454589844
vt 0.113525391 0.545410156
vt 0.113525391 0.454589844
vt 0.114562988 0.545410156
vt 0.114562988 0.454589844
vt 0.115600586 0.545410156
vt 0.115600586 0.454589844
vt 0.116638184 0.454589844
vt 0.116638184 0.545410156
vt 0.117736816 0.454589844
vt 0.117736816 0.545410156
vt 0.118774414 0.454589844
vt 0.118774414 0.545410156
vt 0.119812012 0.454589844
vt 0.119812012 0.545410156
vt 0.120849609 0.454589844
vt 0.120849609 0.545410156
vt 0.122924805 0.454589844
vt 0.122924805 0.545410156
vt 0.123962402 0.545410156
vt 0.123962402 0.454589844
vt 0.125 0.454589844
vt 0.125 0.545410156
vt 0.132324219 0.545410156
vt 0.132324219 0.454589844
vt 0.134399414 0.454589844
vt 0.134399414 0.545410156
vt 0.136474609 0.454589844
vt 0.136474609 0.545410156
vt 0.137451172 0.454589844
vt 0.137451172 0.545410156
vt 0.138549805 0.454589844
vt 0.138549805 0.545410156
vt 0.139526367 0.545410156
vt 0.139526367 0.454589844
vt 0.140625 0.545410156
vt 0.140625 0.454589844
vt 0.141723633 0.545410156
vt 0.141723633 0.454589844
vt 0.142700195 0.545410156
vt 0.142700195 0.454589844
vt 0.143798828 0.545410156
vt 0.143798828 0.454589844
vt 0.144775391 0.545410156
vt 0.144775391 0.454589844
vt 0.145874023 0.545410156
vt 0.145874023 0.454589844
vt 0.147949219 0.545410156
vt 0.147949219 0.454589844
vt 0.150024414 0.545410156
vt 0.150024414 0.454589844
vt 0.151000977 0.545410156
vt 0.151000977 0.454589844
vt 0.152099609 0.545410156
vt 0.152099609 0.454589844
vt 0.153076172 0.454589844
vt 0.153076172 0.545410156
vt 0.154174805 0.545410156
vt 0.154174805 0.454589844
vt 0.155151367 0.545410156
vt 0.155151367 0.454589844
vt 0.15625 0.545410156
vt 0.15625 0.454589844
vt 0.157348633 0.454589844
vt 0.157348633 0.545410156
vt 0.158325195 0.545410156
vt 0.158325195 0.454589844
vt 0.159423828 0.454589844
vt 0.159423828 0.545410156
vt 0.160400391 0.545410156
vt 0.160400391 0.454589844
vt 0.161499023 0.454589844
vt 0.161499023 0.545410156
vt 0.162475586 0.454589844
vt 0.162475586 0.545410156
vt 0.163574219 0.454589844
vt 0.163574219 0.545410156
vt 0.164550781 0.454589844
vt 0.164550781 0.545410156
vt 0.165649414 0.545410156
vt 0.165649414 0.454589844
vt 0.167724609 0.454589844
vt 0.167724609 0.545410156
vt 0.168701172 0.454589844
vt 0.168701172 0.545410156
vt 0.169799805 0.454589844
vt 0.169799805 0.545410156
vt 0.170776367 0.454589844
vt 0.170776367 0.545410156
vt 0.171875 0.545410156
vt 0.171875 0.454589844
vt 0.175048828 0.545410156
vt 0.175048828 0.454589844
vt 0.176025391 0.454589844
vt 0.176025391 0.545410156
vt 0.178100586 0.454589844
vt 0.178100586 0.545410156
vt 0.184326172 0.454589844
vt 0.184326172 0.545410156
vt 0.186401367 0.454589844
vt 0.186401367 0.545410156
vt 0.1875 0.545410156
vt 0.1875 0.454589844
vt 0.188598633 0.545410156
vt 0.188598633 0.454589844
vt 0.190673828 0.454589844
vt 0.190673828 0.545410156
vt 0.191650391 0.454589844
vt 0.191650391 0.545410156
vt 0.193725586 0.454589844
vt 0.193725586 0.545410156
vt 0.194824219 0.454589844
vt 0.194824219 0.545410156
vt 0.195800781 0.545410156
vt 0.195800781 0.454589844
vt 0.196899414 0.545410156
vt 0.196899414 0.454589844
vt 0.197875977 0.454589844
vt 0.197875977 0.545410156
vt 0.211425781 0.454589844
vt 0.211425781 0.545410156
vt 0.212524414 0.454589844
vt 0.212524414 0.545410156
vt 0.214599609 0.545410156
vt 0.214599609 0.454589844
vt 0.216674805 0.545410156
vt 0.216674805 0.454589844
vt 0.217651367 0.545410156
vt 0.217651367 0.454589844
vt 0.21875 0.545410156
vt 0.21875 0.454589844
vt 0.219848633 0.545410156
vt 0.219848633 0.454589844
vt 0.220825195 0.545410156
vt 0.220825195 0.454589844
vt 0.221923828 0.545410156
vt 0.221923828 0.454589844
vt 0.222900391 0.545410156
vt 0.222900391 0.454589844
vt 0.223999023 0.454589844
vt 0.223999023 0.545410156
vt 0.224975586 0.545410156
vt 0.224975586 0.454589844
vt 0.226074219 0.545410156
vt 0.226074219 0.454589844
vt 0.227050781 0.545410156
vt 0.227050781 0.454589844
vt 0.228149414 0.545410156
vt 0.228149414 0.454589844
vt 0.229125977 0.545410156
vt 0.229125977 0.454589844
vt 0.230224609 0.545410156
vt 0.230224609 0.454589844
vt 0.231201172 0.545410156
vt 0.231201172 0.454589844
vt 0.232299805 0.454589844
vt 0.232299805 0.545410156
vt 0.233276367 0.545410156
vt 0.233276367 0.454589844
vt 0.234375 0.454589844
vt 0.234375 0.545410156
vt 0.240600586 0.454589844
vt 0.240600586 0.545410156
vt 0.243774414 0.454589844
vt 0.243774414 0.545410156
vt 0.244750977 0.545410156
vt 0.244750977 0.454589844
vt 0.246826172 0.545410156
vt 0.246826172 0.454589844
vt 0.257324219 0.454589844
vt 0.257324219 0.545410156
vt 0.258300781 0.454589844
vt 0.258300781 0.545410156
vt 0.259277344 0.545410156
vt 0.259277344 0.454589844
vt 0.260498047 0.545410156
vt 0.260498047 0.454589844
vt 0.261474609 0.545410156
vt 0.261474609 0.454589844
vt 0.263427734 0.545410156
vt 0.263427734 0.454589844
vt 0.264648438 0.545410156
vt 0.264648438 0.454589844
vt 0.265625 0.545410156
vt 0.265625 0.454589844
vt 0.266601562 0.545410156
vt 0.266601562 0.454589844
vt 0.267822266 0.545410156
vt 0.267822266 0.454589844
vt 0.268798828 0.545410156
vt 0.268798828 0.454589844
vt 0.270751953 0.545410156
vt 0.270751953 0.454589844
vt 0.271972656 0.454589844
vt 0.271972656 0.545410156
vt 0.272949219 0.545410156
vt 0.272949219 0.454589844
vt 0.276123047 0.454589844
vt 0.276123047 0.545410156
vt 0.277099609 0.454589844
vt 0.277099609 0.545410156
vt 0.279052734 0.545410156
vt 0.279052734 0.454589844
vt 0.28125 0.545410156
vt 0.28125 0.454589844
vt 0.283447266 0.545410156
vt 0.283447266 0.454589844
vt 0.285400391 0.545410156
vt 0.285400391 0.454589844
vt 0.286376953 0.545410156
vt 0.286376953 0.454589844
vt 0.287597656 0.454589844
vt 0.287597656 0.545410156
vt 0.288574219 0.454589844
vt 0.288574219 0.545410156
vt 0.289550781 0.454589844
vt 0.289550781 0.545410156
vt 0.291748047 0.545410156
vt 0.291748047 0.454589844
vt 0.292724609 0.545410156
vt 0.292724609 0.454589844
vt 0.293701172 0.454589844
vt 0.293701172 0.545410156
vt 0.294677734 0.545410156
vt 0.294677734 0.454589844
vt 0.295898438 0.454589844
vt 0.295898438 0.545410156
vt 0.297851562 0.545410156
vt 0.297851562 0.454589844
vt 0.299072266 0.545410156
vt 0.299072266 0.454589844
vt 0.307373047 0.545410156
vt 0.307373047 0.454589844
vt 0.314697266 0.454589844
vt 0.314697266 0.545410156
vt 0.316650391 0.454589844
vt 0.316650391 0.545410156
vt 0.318847656 0.545410156
vt 0.318847656 0.454589844
vt 0.319824219 0.454589844
vt 0.319824219 0.545410156
vt 0.321777344 0.454589844
vt 0.321777344 0.545410156
vt 0.323974609 0.454589844
vt 0.323974609 0.545410156
vt 0.324951172 0.454589844
vt 0.324951172 0.545410156
vt 0.325927734 0.545410156
vt 0.325927734 0.454589844
vt 0.327148438 0.545410156
vt 0.327148438 0.454589844
vt 0.328125 0.545410156
vt 0.328125 0.454589844
vt 0.329101562 0.545410156
vt 0.329101562 0.454589844
vt 0.331298828 0.545410156
vt 0.331298828 0.454589844
vt 0.333251953 0.545410156
vt 0.333251953 0.454589844
vt 0.335449219 0.545410156
vt 0.335449219 0.454589844
vt 0.336425781 0.545410156
vt 0.336425781 0.454589844
vt 0.339599609 0.454589844
vt 0.339599609 0.545410156
vt 0.340576172 0.545410156
vt 0.340576172 0.454589844
vt 0.341552734 0.545410156
vt 0.341552734 0.454589844
vt 0.342773438 0.454589844
vt 0.342773438 0.545410156
vt 0.34375 0.454589844
vt 0.34375 0.545410156
vt 0.344726562 0.454589844
vt 0.344726562 0.545410156
vt 0.345947266 0.545410156
vt 0.345947266 0.454589844
vt 0.346923828 0.545410156
vt 0.346923828 0.454589844
vt 0.347900391 0.545410156
vt 0.347900391 0.454589844
vt 0.350097656 0.545410156
vt 0.350097656 0.454589844
vt 0.352050781 0.545410156
vt 0.352050781 0.454589844
vt 0.354248047 0.545410156
vt 0.354248047 0.454589844
vt 0.356201172 0.454589844
vt 0.356201172 0.545410156
vt 0.362548828 0.545410156
vt 0.362548828 0.454589844
vt 0.364501953 0.454589844
vt 0.364501953 0.545410156
vt 0.366699219 0.545410156
vt 0.366699219 0.454589844
vt 0.367675781 0.545410156
vt 0.367675781 0.454589844
vt 0.369873047 0.454589844
vt 0.369873047 0.545410156
vt 0.371826172 0.545410156
vt 0.371826172 0.454589844
vt 0.372802734 0.454589844
vt 0.372802734 0.545410156
vt 0.375 0.545410156
vt 0.375 0.454589844
vt 0.375976562 0.545410156
vt 0.375976562 0.454589844
vt 0.377197266 0.454589844
vt 0.377197266 0.545410156
vt 0.378173828 0.545410156
vt 0.378173828 0.454589844
vt 0.380126953 0.454589844
vt 0.380126953 0.545410156
vt 0.381347656 0.454589844
vt 0.381347656 0.545410156
vt 0.383300781 0.545410156
vt 0.383300781 0.454589844
vt 0.385498047 0.545410156
vt 0.385498047 0.454589844
vt 0.386474609 0.545410156
vt 0.386474609 0.454589844
vt 0.389648438 0.454589844
vt 0.389648438 0.545410156
vt 0.391601562 0.545410156
vt 0.391601562 0.454589844
vt 0.392822266 0.454589844
vt 0.392822266 0.545410156
vt 0.393798828 0.454589844
vt 0.393798828 0.545410156
vt 0.395751953 0.454589844
vt 0.395751953 0.545410156
vt 0.397949219 0.454589844
vt 0.397949219 0.545410156
vt 0.398925781 0.454589844
vt 0.398925781 0.545410156
vt 0.271240234 0.624511719
vt 0.265380859 0.631347656
vt 0.265136719 0.631835938
vt 0.264648438 0.632324219
vt 0.262695312 0.634277344
vt 0.261230469 0.635253906
vt 0.261230469 0.635253906
vt 0.260498047 0.635742188
vt 0.259765625 0.636230469
vt 0.299804688 0.540527344
vt 0.300048828 0.540527344
vt 0.299804688 0.540527344
vt 0.300292969 0.540527344
vt 0.30078125 0.540527344
vt 0.30078125 0.540527344
vt 0.299804688 0.541015625
vt 0.30078125 0.540527344
vt 0.301025391 0.540527344
vt 0.301269531 0.540527344
vt 0.300537109 0.541015625
vt 0.301757812 0.541015625
vt 0.301757812 0.541015625
vt 0.302001953 0.541015625
vt 0.301757812 0.541015625
vt 0.302001953 0.541015625
vt 0.302246094 0.541015625
vt 0.301513672 0.541503906
vt 0.300537109 0.541015625
vt 0.302001953 0.541015625
vt 0.302001953 0.541015625
vt 0.302246094 0.541015625
vt 0.301269531 0.541503906
vt 0.300537109 0.541503906
vt 0.301757812 0.541503906
vt 0.302246094 0.541015625
vt 0.302490234 0.541015625
vt 0.302001953 0.541015625
vt 0.301757812 0.541992188
vt 0.301269531 0.541992188
vt 0.301269531 0.541992188
vt 0.301269531 0.541992188
vt 0.301513672 0.542480469
vt 0.301513672 0.542480469
vt 0.302246094 0.541992188
vt 0.301513672 0.542480469
vt 0.301757812 0.542480469
vt 0.301757812 0.542480469
vt 0.302490234 0.542480469
vt 0.301757812 0.542480469
vt 0.302001953 0.54296875
vt 0.302001953 0.543945312
vt 0.302246094 0.548339844
vt 0.303955078 0.554199219
vt 0.303222656 0.553710938
vt 0.303222656 0.554199219
vt 0.303222656 0.555175781
vt 0.302734375 0.555664062
vt 0.302490234 0.557617188
vt 0.302001953 0.557128906
vt 0.301025391 0.55859375
vt 0.295410156 0.564453125
vt 0.295898438 0.562988281
vt 0.294921875 0.564453125
vt 0.294433594 0.565429688
vt 0.294677734 0.565917969
vt 0.293701172 0.566894531
vt 0.293457031 0.570800781
vt 0.29296875 0.570800781
vt 0.292236328 0.572265625
vt 0.291992188 0.573730469
vt 0.291259766 0.573730469
vt 0.290283203 0.575195312
vt 0.287353516 0.578125
vt 0.287353516 0.577148438
vt 0.286865234 0.578125
vt 0.286621094 0.578613281
vt 0.295166016 0.565917969
vt 0.293945312 0.571289062
vt 0.287109375 0.578613281
vt 0.286376953 0.578613281
vt 0.286376953 0.579101562
vt 0.287109375 0.579589844
vt 0.286376953 0.579589844
vt 0.286376953 0.580078125
vt 0.287353516 0.580566406
vt 0.286621094 0.580566406
vt 0.286621094 0.580566406
vt 0.286621094 0.580566406
vt 0.287353516 0.580566406
vt 0.286621094 0.580566406
vt 0.286132812 0.58203125
vt 0.285400391 0.583496094
vt 0.284912109 0.585449219
vt 0.284423828 0.584960938
vt 0.284179688 0.584960938
vt 0.284179688 0.585449219
vt 0.284179688 0.585449219
vt 0.287841797 0.581054688
vt 0.286376953 0.583984375
vt 0.285400391 0.585449219
vt 0.285400391 0.585449219
vt 0.285400391 0.585449219
vt 0.285888672 0.585449219
vt 0.285888672 0.585449219
vt 0.286132812 0.585449219
vt 0.285400391 0.585449219
vt 0.287841797 0.580566406
vt 0.287597656 0.579589844
vt 0.287597656 0.579101562
vt 0.287597656 0.579101562
vt 0.288085938 0.579589844
vt 0.288085938 0.579589844
vt 0.288085938 0.579101562
vt 0.288330078 0.579589844
vt 0.285400391 0.585449219
vt 0.285400391 0.585449219
vt 0.285888672 0.585449219
vt 0.285888672 0.585449219
vt 0.285888672 0.585449219
vt 0.285888672 0.585449219
vt 0.285888672 0.585449219
vt 0.286132812 0.585449219
vt 0.286132812 0.585449219
vt 0.286132812 0.585449219
vt 0.286132812 0.585449219
vt 0.286132812 0.585449219
vt 0.286132812 0.585449219
vt 0.286132812 0.585449219
vt 0.286132812 0.585449219
vt 0.286132812 0.585449219
vt 0.286132812 0.585449219
vt 0.286865234 0.584472656
vt 0.287109375 0.584472656
vt 0.286865234 0.583984375
vt 0.287109375 0.583984375
vt 0.287597656 0.583007812
vt 0.287597656 0.583496094
vt 0.287841797 0.583007812
vt 0.288085938 0.582519531
vt 0.287353516 0.583007812
vt 0.288330078 0.581054688
vt 0.288574219 0.581054688
vt 0.288574219 0.581054688
vt 0.288574219 0.581054688
vt 0.288574219 0.580566406
vt 0.288574219 0.580566406
vt 0.288330078 0.580566406
vt 0.288574219 0.580566406
vt 0.288574219 0.580566406
vt 0.288330078 0.580078125
vt 0.288574219 0.580078125
vt 0.288574219 0.580078125
vt 0.288330078 0.579589844
vt 0.288330078 0.579589844
vt 0.288330078 0.579589844
vt 0.288330078 0.579101562
vt 0.288330078 0.579101562
vt 0.288330078 0.579101562
vt 0.288330078 0.579101562
vt 0.288085938 0.579101562
vt 0.288330078 0.578613281
vt 0.288574219 0.578613281
vt 0.288085938 0.578613281
vt 0.288574219 0.578613281
vt 0.288574219 0.578613281
vt 0.288818359 0.578125
vt 0.2890625 0.578125
vt 0.289306641 0.577636719
vt 0.289550781 0.577636719
vt 0.291015625 0.576660156
vt 0.287841797 0.578125
vt 0.288330078 0.578613281
vt 0.288330078 0.577636719
vt 0.288574219 0.578125
vt 0.291015625 0.575683594
vt 0.291748047 0.575683594
vt 0.291748047 0.575683594
vt 0.29296875 0.57421875
vt 0.291503906 0.575683594
vt 0.29296875 0.57421875
vt 0.294189453 0.572753906
vt 0.292480469 0.57421875
vt 0.292724609 0.57421875
vt 0.293945312 0.572753906
vt 0.294677734 0.571289062
vt 0.293701172 0.572753906
vt 0.294677734 0.571289062
vt 0.295166016 0.569824219
vt 0.295410156 0.568847656
vt 0.295654297 0.566894531
vt 0.295410156 0.567871094
vt 0.295654297 0.567382812
vt 0.295654297 0.566894531
vt 0.295898438 0.56640625
vt 0.294433594 0.571289062
vt 0.295654297 0.56640625
vt 0.295898438 0.56640625
vt 0.296142578 0.565917969
vt 0.296142578 0.565917969
vt 0.296386719 0.565429688
vt 0.296142578 0.565429688
vt 0.296386719 0.565429688
vt 0.296630859 0.564941406
vt 0.296630859 0.564941406
vt 0.296875 0.564453125
vt 0.295898438 0.564941406
vt 0.296630859 0.564453125
vt 0.296142578 0.564453125
vt 0.296875 0.564453125
vt 0.297607422 0.563964844
vt 0.297607422 0.563964844
vt 0.297851562 0.563476562
vt 0.300048828 0.561523438
vt 0.297363281 0.563964844
vt 0.302001953 0.559570312
vt 0.301757812 0.560058594
vt 0.302246094 0.559570312
vt 0.302490234 0.559082031
vt 0.302734375 0.559082031
vt 0.303222656 0.55859375
vt 0.303710938 0.557617188
vt 0.303466797 0.558105469
vt 0.303710938 0.558105469
vt 0.303955078 0.557617188
vt 0.304199219 0.557128906
vt 0.301757812 0.559570312
vt 0.303466797 0.557617188
vt 0.302978516 0.557617188
vt 0.303955078 0.556152344
vt 0.3046875 0.556152344
vt 0.304443359 0.556640625
vt 0.3046875 0.556152344
vt 0.304443359 0.556152344
vt 0.304931641 0.555175781
vt 0.305175781 0.555175781
vt 0.3046875 0.555175781
vt 0.304443359 0.554199219
vt 0.305175781 0.554199219
vt 0.305175781 0.554199219
vt 0.304931641 0.554199219
vt 0.305175781 0.553222656
vt 0.305175781 0.553222656
vt 0.305175781 0.552734375
vt 0.3046875 0.551269531
vt 0.304443359 0.549804688
vt 0.304443359 0.550292969
vt 0.304443359 0.549804688
vt 0.304199219 0.549316406
vt 0.304199219 0.548339844
vt 0.303955078 0.546875
vt 0.304199219 0.547851562
vt 0.304199219 0.546875
vt 0.303955078 0.546386719
vt 0.303955078 0.545898438
vt 0.304931641 0.553222656
vt 0.303710938 0.546875
vt 0.303955078 0.543945312
vt 0.304199219 0.544433594
vt 0.304199219 0.543945312
vt 0.303955078 0.543457031
vt 0.303222656 0.54296875
vt 0.303710938 0.543945312
vt 0.303955078 0.543457031
vt 0.303955078 0.543457031
vt 0.303466797 0.54296875
vt 0.303710938 0.54296875
vt 0.303710938 0.541992188
vt 0.302978516 0.542480469
vt 0.303710938 0.541992188
vt 0.303466797 0.541992188
vt 0.303222656 0.541992188
vt 0.303466797 0.541992188
vt 0.303466797 0.541992188
vt 0.302734375 0.541992188
vt 0.303222656 0.541992188
vt 0.303222656 0.541992188
vt 0.303466797 0.541503906
vt 0.303222656 0.541503906
vt 0.302978516 0.541992188
vt 0.303222656 0.541503906
vt 0.303222656 0.541503906
vt 0.302978516 0.541503906
vt 0.302978516 0.541503906
vt 0.302978516 0.541503906
vt 0.302490234 0.541992188
vt 0.302978516 0.541503906
vt 0.302734375 0.541503906
vt 0.302490234 0.541992188
vt 0.302734375 0.541503906
vt 0.302734375 0.541503906
vt 0.302734375 0.541015625
vt 0.302734375 0.541015625
vt 0.302246094 0.541503906
vt 0.302490234 0.541503906
vt 0.302490234 0.541015625
vt 0.302734375 0.541015625
vt 0.302246094 0.541503906
vt 0.302246094 0.541503906
vt 0.302490234 0.541015625
vt 0.23828125 0.540527344
vt 0.238037109 0.540527344
vt 0.23840332 0.540527344
vt 0.237915039 0.540527344
vt 0.237915039 0.540527344
vt 0.237670898 0.540527344
vt 0.238037109 0.541015625
vt 0.23840332 0.541015625
vt 0.237548828 0.541015625
vt 0.237548828 0.540527344
vt 0.237426758 0.540527344
vt 0.237304688 0.541015625
vt 0.237304688 0.541015625
vt 0.237060547 0.541015625
vt 0.236816406 0.541015625
vt 0.236816406 0.541015625
vt 0.236572266 0.541015625
vt 0.237915039 0.541015625
vt 0.23815918 0.541015625
vt 0.237915039 0.541015625
vt 0.237670898 0.541015625
vt 0.237792969 0.541503906
vt 0.238037109 0.541503906
vt 0.237792969 0.541503906
vt 0.237426758 0.541015625
vt 0.237304688 0.541015625
vt 0.237426758 0.541503906
vt 0.237426758 0.541992188
vt 0.237792969 0.541992188
vt 0.237915039 0.541992188
vt 0.237670898 0.541992188
vt 0.237548828 0.542480469
vt 0.237182617 0.541503906
vt 0.236938477 0.541015625
vt 0.236694336 0.541503906
vt 0.236816406 0.541992188
vt 0.237426758 0.542480469
vt 0.237304688 0.542480469
vt 0.236938477 0.541503906
vt 0.236694336 0.541503906
vt 0.236694336 0.542480469
vt 0.237182617 0.542480469
vt 0.236572266 0.542480469
vt 0.237060547 0.542480469
vt 0.237060547 0.542480469
vt 0.237060547 0.54296875
vt 0.236450195 0.541992188
vt 0.236572266 0.541503906
vt 0.236328125 0.54296875
vt 0.236938477 0.54296875
vt 0.236938477 0.54296875
vt 0.236938477 0.548339844
vt 0.236083984 0.541992188
vt 0.236450195 0.541503906
vt 0.236328125 0.541015625
vt 0.237304688 0.5546875
vt 0.237060547 0.549804688
vt 0.238037109 0.553222656
vt 0.238037109 0.554199219
vt 0.238037109 0.554199219
vt 0.237792969 0.555175781
vt 0.237548828 0.555664062
vt 0.236694336 0.556640625
vt 0.235595703 0.558105469
vt 0.235473633 0.556640625
vt 0.236206055 0.558105469
vt 0.236083984 0.55859375
vt 0.235961914 0.559082031
vt 0.235473633 0.560058594
vt 0.235961914 0.559570312
vt 0.236083984 0.560058594
vt 0.236206055 0.560546875
vt 0.236450195 0.561035156
vt 0.236572266 0.5625
vt 0.236694336 0.561523438
vt 0.237060547 0.562011719
vt 0.238037109 0.562988281
vt 0.238769531 0.563476562
vt 0.243408203 0.567382812
vt 0.240844727 0.564941406
vt 0.243896484 0.566894531
vt 0.243408203 0.567382812
vt 0.243896484 0.566894531
vt 0.243530273 0.567382812
vt 0.244018555 0.567382812
vt 0.243530273 0.567382812
vt 0.244140625 0.567382812
vt 0.244140625 0.567382812
vt 0.243530273 0.567382812
vt 0.244140625 0.567382812
vt 0.244140625 0.567871094
vt 0.243530273 0.567871094
vt 0.243041992 0.567382812
vt 0.244140625 0.567871094
vt 0.244140625 0.567871094
vt 0.243530273 0.567871094
vt 0.244018555 0.567871094
vt 0.243896484 0.568359375
vt 0.243041992 0.567382812
vt 0.243041992 0.567382812
vt 0.243041992 0.567382812
vt 0.242553711 0.567382812
vt 0.242919922 0.567382812
vt 0.243408203 0.567871094
vt 0.243896484 0.568359375
vt 0.242553711 0.567382812
vt 0.242919922 0.567382812
vt 0.242553711 0.567382812
vt 0.242553711 0.567382812
vt 0.242553711 0.567382812
vt 0.242553711 0.567382812
vt 0.24230957 0.567871094
vt 0.242553711 0.567382812
vt 0.242553711 0.567382812
vt 0.24230957 0.567871094
vt 0.242553711 0.567382812
vt 0.24230957 0.567871094
vt 0.242553711 0.567382812
vt 0.24230957 0.567382812
vt 0.242553711 0.567382812
vt 0.242553711 0.567382812
vt 0.242553711 0.567382812
vt 0.243041992 0.567871094
vt 0.243041992 0.567871094
vt 0.242553711 0.567871094
vt 0.242553711 0.567871094
vt 0.24230957 0.567382812
vt 0.242919922 0.567871094
vt 0.242919922 0.567871094
vt 0.242553711 0.567871094
vt 0.242553711 0.567871094
vt 0.24230957 0.567382812
vt 0.242553711 0.567871094
vt 0.242553711 0.567871094
vt 0.242919922 0.567871094
vt 0.242919922 0.567871094
vt 0.242553711 0.567871094
vt 0.24230957 0.567382812
vt 0.242553711 0.567871094
vt 0.243408203 0.567871094
vt 0.242919922 0.567871094
vt 0.243164062 0.568359375
vt 0.243530273 0.568359375
vt 0.243164062 0.568359375
vt 0.241699219 0.569335938
vt 0.241333008 0.569335938
vt 0.238769531 0.571777344
vt 0.242675781 0.567871094
vt 0.243164062 0.568359375
vt 0.242431641 0.567871094
vt 0.242553711 0.567382812
vt 0.242431641 0.567382812
vt 0.242797852 0.567871094
vt 0.2421875 0.567382812
vt 0.233886719 0.575683594
vt 0.234375 0.575683594
vt 0.233764648 0.576660156
vt 0.232910156 0.577148438
vt 0.233520508 0.577148438
vt 0.233154297 0.578125
vt 0.240966797 0.568847656
vt 0.242431641 0.567871094
vt 0.237792969 0.571289062
vt 0.240722656 0.568847656
vt 0.24230957 0.567382812
vt 0.233398438 0.575195312
vt 0.237548828 0.570800781
vt 0.237304688 0.570800781
vt 0.240478516 0.568359375
vt 0.2421875 0.567382812
vt 0.240478516 0.568359375
vt 0.237182617 0.570800781
vt 0.236572266 0.571289062
vt 0.235839844 0.572265625
vt 0.235229492 0.572753906
vt 0.232788086 0.575195312
vt 0.23449707 0.573242188
vt 0.233886719 0.573730469
vt 0.233276367 0.574707031
vt 0.232788086 0.575195312
vt 0.233032227 0.575195312
vt 0.232055664 0.576171875
vt 0.231933594 0.576171875
vt 0.232299805 0.576171875
vt 0.231689453 0.576660156
vt 0.231567383 0.576660156
vt 0.231201172 0.577636719
vt 0.232421875 0.576660156
vt 0.231933594 0.576660156
vt 0.231323242 0.577636719
vt 0.231079102 0.579101562
vt 0.231567383 0.578125
vt 0.231079102 0.579101562
vt 0.231079102 0.580078125
vt 0.232055664 0.578125
vt 0.231201172 0.580078125
vt 0.231445312 0.581542969
vt 0.231445312 0.579101562
vt 0.232543945 0.578125
vt 0.233032227 0.579101562
vt 0.232421875 0.580078125
vt 0.233032227 0.580078125
vt 0.233398438 0.581054688
vt 0.233764648 0.58203125
vt 0.234130859 0.583984375
vt 0.234741211 0.583984375
vt 0.236083984 0.585449219
vt 0.237182617 0.587402344
vt 0.237670898 0.587402344
vt 0.239501953 0.588378906
vt 0.241455078 0.58984375
vt 0.231811523 0.579101562
vt 0.231445312 0.580078125
vt 0.231933594 0.580078125
vt 0.231567383 0.581542969
vt 0.232666016 0.582519531
vt 0.232177734 0.582519531
vt 0.231933594 0.582519531
vt 0.231811523 0.582519531
vt 0.232910156 0.584472656
vt 0.233032227 0.584472656
vt 0.234375 0.586425781
vt 0.233276367 0.584472656
vt 0.23449707 0.586425781
vt 0.236083984 0.587890625
vt 0.233642578 0.584472656
vt 0.236206055 0.587890625
vt 0.238037109 0.589355469
vt 0.234741211 0.586425781
vt 0.235107422 0.5859375
vt 0.23815918 0.589355469
vt 0.240234375 0.590820312
vt 0.236450195 0.587890625
vt 0.240234375 0.590820312
vt 0.241333008 0.591796875
vt 0.24206543 0.591796875
vt 0.242675781 0.592285156
vt 0.236694336 0.587890625
vt 0.240478516 0.590820312
vt 0.245117188 0.593261719
vt 0.244873047 0.593261719
vt 0.245117188 0.59375
vt 0.245361328 0.593261719
vt 0.240722656 0.590332031
vt 0.245605469 0.593261719
vt 0.24597168 0.592773438
vt 0.246337891 0.592285156
vt 0.246459961 0.592773438
vt 0.24597168 0.592773438
vt 0.245605469 0.593261719
vt 0.246582031 0.592773438
vt 0.24597168 0.592773438
vt 0.246582031 0.592773438
vt 0.24609375 0.593261719
vt 0.246704102 0.592773438
vt 0.245483398 0.593261719
vt 0.246826172 0.593261719
vt 0.245605469 0.593261719
vt 0.245117188 0.593261719
vt 0.24621582 0.59375
vt 0.246826172 0.59375
vt 0.246826172 0.59375
vt 0.246826172 0.59375
vt 0.246704102 0.594238281
vt 0.245605469 0.593261719
vt 0.245239258 0.593261719
vt 0.244873047 0.593261719
vt 0.245727539 0.593261719
vt 0.244995117 0.593261719
vt 0.244750977 0.593261719
vt 0.244873047 0.593261719
vt 0.245239258 0.593261719
vt 0.244995117 0.593261719
vt 0.244873047 0.593261719
vt 0.244873047 0.59375
vt 0.244995117 0.59375
vt 0.244873047 0.59375
vt 0.244995117 0.59375
vt 0.245239258 0.59375
vt 0.245239258 0.59375
vt 0.245727539 0.59375
vt 0.245727539 0.59375
vt 0.245239258 0.59375
vt 0.24609375 0.594238281
vt 0.246582031 0.594238281
vt 0.245605469 0.59375
vt 0.245239258 0.59375
vt 0.24609375 0.594238281
vt 0.244750977 0.596679688
vt 0.241821289 0.600097656
vt 0.242919922 0.599609375
vt 0.242797852 0.599609375
vt 0.242553711 0.600097656
vt 0.245605469 0.59375
vt 0.24230957 0.600097656
vt 0.241455078 0.600097656
vt 0.241821289 0.600585938
vt 0.241210938 0.601074219
vt 0.239501953 0.6015625
vt 0.244995117 0.59375
vt 0.244995117 0.59375
vt 0.241821289 0.599121094
vt 0.241455078 0.599609375
vt 0.241455078 0.599121094
vt 0.245239258 0.59375
vt 0.243164062 0.596191406
vt 0.244995117 0.59375
vt 0.23840332 0.6015625
vt 0.239135742 0.6015625
vt 0.23828125 0.602050781
vt 0.237548828 0.602539062
vt 0.236938477 0.603027344
vt 0.229370117 0.607910156
vt 0.240600586 0.600097656
vt 0.235473633 0.604492188
vt 0.234741211 0.604980469
vt 0.230957031 0.607421875
vt 0.23034668 0.607910156
vt 0.229736328 0.608398438
vt 0.228637695 0.608886719
vt 0.22644043 0.609375
vt 0.224853516 0.609375
vt 0.225219727 0.609375
vt 0.223999023 0.609863281
vt 0.241088867 0.600097656
vt 0.223632812 0.609863281
vt 0.223022461 0.610839844
vt 0.221679688 0.611328125
vt 0.222167969 0.611328125
vt 0.221435547 0.612304688
vt 0.217041016 0.617675781
vt 0.216552734 0.617675781
vt 0.217651367 0.617675781
vt 0.217407227 0.618652344
vt 0.216674805 0.619140625
vt 0.217285156 0.619140625
vt 0.217163086 0.619628906
vt 0.216674805 0.620117188
vt 0.217163086 0.620117188
vt 0.217407227 0.620605469
vt 0.216064453 0.619140625
vt 0.217041016 0.621582031
vt 0.217529297 0.621582031
vt 0.217895508 0.622070312
vt 0.217773438 0.622558594
vt 0.218261719 0.622558594
vt 0.21875 0.623046875
vt 0.219360352 0.623535156
vt 0.224243164 0.626953125
vt 0.223754883 0.626464844
vt 0.224609375 0.626464844
vt 0.225219727 0.626953125
vt 0.224975586 0.627441406
vt 0.225708008 0.626953125
vt 0.225708008 0.627441406
vt 0.2265625 0.627441406
vt 0.227416992 0.627929688
vt 0.227539062 0.627441406
vt 0.232910156 0.627441406
vt 0.235107422 0.627441406
vt 0.234008789 0.627441406
vt 0.234985352 0.626953125
vt 0.235961914 0.626953125
vt 0.237915039 0.626953125
vt 0.237548828 0.626464844
vt 0.237670898 0.626464844
vt 0.237915039 0.626464844
vt 0.238037109 0.626953125
vt 0.238037109 0.626464844
vt 0.23828125 0.626464844
vt 0.238037109 0.626953125
vt 0.237792969 0.626953125
vt 0.238037109 0.626953125
vt 0.23840332 0.626464844
vt 0.238037109 0.626953125
vt 0.238037109 0.627441406
vt 0.238037109 0.626953125
vt 0.237792969 0.626953125
vt 0.238037109 0.626953125
vt 0.237670898 0.626953125
vt 0.238525391 0.626464844
vt 0.238037109 0.626953125
vt 0.237548828 0.626953125
vt 0.238525391 0.626464844
vt 0.238037109 0.626953125
vt 0.237548828 0.626953125
vt 0.238647461 0.626464844
vt 0.238037109 0.626953125
vt 0.237548828 0.626953125
vt 0.238647461 0.626953125
vt 0.238647461 0.626953125
vt 0.238037109 0.626953125
vt 0.23840332 0.627929688
vt 0.237548828 0.626953125
vt 0.237792969 0.627441406
vt 0.23840332 0.628417969
vt 0.237792969 0.62890625
vt 0.23840332 0.62890625
vt 0.238525391 0.62890625
vt 0.238769531 0.629394531
vt 0.240356445 0.633300781
vt 0.240600586 0.632324219
vt 0.240966797 0.6328125
vt 0.241333008 0.635253906
vt 0.240722656 0.635742188
vt 0.241699219 0.636230469
vt 0.241943359 0.637207031
vt 0.241943359 0.636230469
vt 0.242431641 0.637207031
vt 0.242797852 0.637207031
vt 0.243408203 0.637695312
vt 0.243774414 0.638671875
vt 0.243896484 0.638183594
vt 0.244384766 0.638183594
vt 0.244018555 0.638671875
vt 0.244873047 0.638671875
vt 0.245849609 0.639160156
vt 0.245727539 0.638671875
vt 0.24609375 0.638671875
vt 0.247680664 0.639160156
vt 0.248291016 0.639648438
vt 0.248779297 0.639160156
vt 0.249755859 0.639160156
vt 0.250488281 0.639160156
vt 0.243530273 0.638671875
vt 0.244750977 0.639160156
vt 0.245727539 0.639648438
vt 0.248291016 0.639648438
vt 0.24230957 0.638183594
vt 0.252197266 0.639648438
vt 0.250732422 0.639648438
vt 0.25390625 0.639160156
vt 0.254150391 0.639160156
vt 0.252197266 0.639648438
vt 0.254394531 0.638671875
vt 0.255126953 0.638671875
vt 0.254882812 0.638671875
vt 0.260742188 0.635253906
vt 0.260986328 0.635253906
vt 0.262695312 0.634277344
vt 0.250732422 0.640136719
vt 0.252441406 0.640136719
vt 0.253662109 0.639648438
vt 0.254394531 0.639160156
vt 0.249511719 0.640136719
vt 0.258056641 0.637207031
vt 0.255371094 0.638671875
vt 0.261230469 0.635253906
vt 0.254394531 0.639648438
vt 0.253662109 0.639648438
vt 0.255371094 0.639160156
vt 0.253173828 0.639648438
vt 0.258300781 0.637207031
vt 0.259765625 0.636230469
vt 0.260498047 0.635742188
vt 0.261230469 0.635253906
vt 0.262695312 0.634277344
vt 0.264648438 0.632324219
vt 0.265136719 0.631835938
vt 0.265380859 0.631347656
vt 0.271240234 0.624511719
vt 0.252929688 0.640136719
vt 0.252441406 0.640136719
vt 0.251953125 0.640136719
vt 0.251708984 0.640136719
vt 0.250732422 0.640136719
vt 0.250732422 0.640136719
vt 0.25 0.640136719
vt 0.249511719 0.640136719
vt 0.249511719 0.640625
vt 0.248657227 0.640625
vt 0.248291016 0.640136719
vt 0.248291016 0.640625
vt 0.248291016 0.640136719
vt 0.247070312 0.640136719
vt 0.247070312 0.640136719
vt 0.247070312 0.640136719
vt 0.245605469 0.639648438
vt 0.245605469 0.640136719
vt 0.245483398 0.640136719
vt 0.245239258 0.640136719
vt 0.244384766 0.639648438
vt 0.245239258 0.639648438
vt 0.244506836 0.639648438
vt 0.244506836 0.639648438
vt 0.244140625 0.639648438
vt 0.243652344 0.639648438
vt 0.244262695 0.639648438
vt 0.243774414 0.639648438
vt 0.243286133 0.639160156
vt 0.243041992 0.639160156
vt 0.243041992 0.639160156
vt 0.24206543 0.638671875
vt 0.24230957 0.638671875
vt 0.2421875 0.638671875
vt 0.241577148 0.638183594
vt 0.24206543 0.638183594
vt 0.241577148 0.638183594
vt 0.240966797 0.638183594
vt 0.241333008 0.637695312
vt 0.241088867 0.637695312
vt 0.240722656 0.637695312
vt 0.241455078 0.637207031
vt 0.240600586 0.637695312
vt 0.240600586 0.637695312
vt 0.240356445 0.637207031
vt 0.241088867 0.637695312
vt 0.240600586 0.636230469
vt 0.240478516 0.63671875
vt 0.240234375 0.637207031
vt 0.239868164 0.63671875
vt 0.240112305 0.637207031
vt 0.239990234 0.63671875
vt 0.239868164 0.63671875
vt 0.239746094 0.636230469
vt 0.240234375 0.636230469
vt 0.240234375 0.635742188
vt 0.239501953 0.635742188
vt 0.239379883 0.635742188
vt 0.239013672 0.633300781
vt 0.239746094 0.635742188
vt 0.239868164 0.633300781
vt 0.239135742 0.633300781
vt 0.239379883 0.633300781
vt 0.237670898 0.629882812
vt 0.239135742 0.6328125
vt 0.238891602 0.6328125
vt 0.238769531 0.6328125
vt 0.237304688 0.629882812
vt 0.237060547 0.629394531
vt 0.237060547 0.629882812
vt 0.236938477 0.629882812
vt 0.236694336 0.629394531
vt 0.236694336 0.629394531
vt 0.236572266 0.62890625
vt 0.236450195 0.62890625
vt 0.236572266 0.628417969
vt 0.236450195 0.628417969
vt 0.237426758 0.629394531
vt 0.236816406 0.62890625
vt 0.237304688 0.62890625
vt 0.237182617 0.628417969
vt 0.236816406 0.628417969
vt 0.236572266 0.627441406
vt 0.236450195 0.627441406
vt 0.236694336 0.626464844
vt 0.236816406 0.626464844
vt 0.236816406 0.627441406
vt 0.237304688 0.627441406
vt 0.236938477 0.626953125
vt 0.237060547 0.626953125
vt 0.237060547 0.626953125
vt 0.235839844 0.552734375
vt 0.236206055 0.553710938
vt 0.235595703 0.551757812
vt 0.235229492 0.550292969
vt 0.235107422 0.550292969
vt 0.234985352 0.548339844
vt 0.234863281 0.547851562
vt 0.234863281 0.546875
vt 0.235107422 0.54296875
vt 0.234985352 0.54296875
vt 0.234985352 0.54296875
vt 0.234985352 0.54296875
vt 0.234985352 0.54296875
vt 0.235473633 0.550292969
vt 0.235107422 0.54296875
vt 0.234985352 0.542480469
vt 0.235351562 0.54296875
vt 0.235107422 0.542480469
vt 0.235107422 0.542480469
vt 0.235351562 0.54296875
vt 0.235473633 0.542480469
vt 0.235229492 0.542480469
vt 0.235107422 0.542480469
vt 0.235107422 0.542480469
vt 0.235351562 0.541992188
vt 0.235229492 0.541992188
vt 0.235473633 0.541992188
vt 0.235351562 0.541992188
vt 0.235839844 0.54296875
vt 0.235717773 0.541992188
vt 0.235595703 0.541992188
vt 0.235595703 0.541992188
vt 0.235839844 0.541503906
vt 0.235839844 0.541992188
vt 0.235839844 0.541503906
vt 0.236083984 0.541503906
vt 0.235961914 0.542480469
vt 0.236083984 0.541503906
vt 0.236083984 0.541503906
vt 0.236328125 0.541015625
vt 0.236572266 0.541015625
vt 0.235839844 0.54296875
vt 0.235961914 0.550292969
vt 0.236938477 0.553710938
vt 0.236572266 0.553222656
vt 0.236572266 0.553710938
vt 0.236206055 0.553710938
vt 0.236206055 0.553710938
vt 0.236206055 0.553710938
vt 0.236206055 0.553710938
vt 0.236083984 0.553710938
vt 0.236083984 0.553710938
vt 0.236083984 0.553222656
vt 0.236083984 0.553222656
vt 0.236083984 0.553222656
vt 0.236083984 0.553222656
vt 0.235961914 0.552734375
vt 0.235961914 0.552734375
vt 0.236083984 0.554199219
vt 0.236572266 0.554199219
vt 0.236206055 0.554199219
vt 0.236083984 0.554199219
vt 0.236938477 0.554199219
vt 0.236083984 0.554199219
vt 0.235961914 0.5546875
vt 0.236450195 0.554199219
vt 0.236694336 0.5546875
vt 0.236450195 0.5546875
vt 0.236083984 0.5546875
vt 0.235961914 0.5546875
vt 0.235961914 0.5546875
vt 0.235839844 0.5546875
vt 0.235839844 0.555175781
vt 0.236328125 0.5546875
vt 0.234985352 0.556152344
vt 0.234863281 0.556152344
vt 0.234741211 0.556640625
vt 0.234619141 0.556640625
vt 0.234619141 0.556640625
vt 0.23449707 0.557128906
vt 0.236206055 0.555175781
vt 0.235229492 0.556152344
vt 0.234375 0.557617188
vt 0.23449707 0.557128906
vt 0.23425293 0.557617188
vt 0.235107422 0.556640625
vt 0.234130859 0.55859375
vt 0.234130859 0.55859375
vt 0.234619141 0.557617188
vt 0.234130859 0.559082031
vt 0.234008789 0.559082031
vt 0.234985352 0.557617188
vt 0.234863281 0.559082031
vt 0.234375 0.559082031
vt 0.234130859 0.559570312
vt 0.234008789 0.559570312
vt 0.234375 0.559570312
vt 0.234863281 0.560058594
vt 0.23425293 0.560546875
vt 0.234130859 0.560546875
vt 0.23425293 0.561035156
vt 0.23449707 0.560546875
vt 0.234375 0.561035156
vt 0.234619141 0.561523438
vt 0.235351562 0.561523438
vt 0.234619141 0.561035156
vt 0.234619141 0.561523438
vt 0.234985352 0.562011719
vt 0.234985352 0.561523438
vt 0.234985352 0.562011719
vt 0.235351562 0.562988281
vt 0.235717773 0.5625
vt 0.235473633 0.562988281
vt 0.236450195 0.563964844
vt 0.236572266 0.563964844
vt 0.236083984 0.5625
vt 0.236816406 0.563964844
vt 0.237548828 0.564453125
vt 0.237426758 0.564453125
vt 0.239501953 0.565917969
vt 0.239624023 0.565917969
vt 0.239624023 0.565917969
vt 0.240112305 0.565917969
vt 0.240966797 0.566894531
vt 0.237670898 0.564453125
vt 0.237182617 0.563476562
vt 0.237915039 0.563964844
vt 0.24230957 0.567871094
vt 0.24230957 0.567871094
vt 0.239746094 0.565429688
vt 0.242553711 0.567382812
vt 0.240112305 0.565429688
vt 0.242919922 0.567382812
vt 0.24230957 0.567382812
vt 0.24230957 0.567382812
vt 0.24230957 0.567382812
vt 0.24230957 0.567382812
vt 0.2421875 0.567382812
vt 0.2421875 0.567382812
vt 0.2421875 0.567382812
vt 0.2421875 0.567382812
vt 0.2421875 0.567382812
vt 0.2421875 0.567382812
vt 0.244873047 0.59375
vt 0.244873047 0.59375
vt 0.244873047 0.59375
vt 0.244873047 0.59375
vt 0.244873047 0.59375
vt 0.244873047 0.59375
vt 0.244873047 0.59375
vt 0.244995117 0.59375
vt 0.244873047 0.59375
vt 0.244995117 0.59375
vt 0.244995117 0.59375
vt 0.244873047 0.59375
vt 0.244262695 0.594238281
vt 0.243896484 0.594726562
vt 0.243286133 0.595703125
vt 0.243041992 0.596191406
vt 0.241210938 0.599121094
vt 0.241333008 0.599121094
vt 0.241088867 0.599121094
vt 0.241210938 0.599121094
vt 0.241088867 0.599121094
vt 0.241210938 0.599609375
vt 0.241088867 0.599121094
vt 0.241088867 0.599121094
vt 0.240966797 0.599121094
vt 0.240966797 0.599121094
vt 0.240966797 0.599121094
vt 0.241088867 0.599609375
vt 0.240966797 0.599609375
vt 0.240722656 0.599609375
vt 0.240844727 0.599609375
vt 0.240722656 0.599609375
vt 0.240722656 0.599609375
vt 0.240600586 0.599609375
vt 0.240844727 0.599609375
vt 0.240600586 0.599609375
vt 0.240478516 0.599609375
vt 0.240356445 0.599609375
vt 0.240722656 0.599609375
vt 0.240234375 0.599609375
vt 0.240356445 0.599609375
vt 0.240234375 0.599609375
vt 0.240234375 0.599609375
vt 0.240112305 0.599609375
vt 0.240112305 0.599609375
vt 0.239990234 0.599609375
vt 0.239868164 0.599609375
vt 0.239746094 0.599609375
vt 0.240478516 0.600097656
vt 0.239257812 0.600097656
vt 0.239135742 0.600097656
vt 0.23815918 0.600097656
vt 0.238525391 0.600585938
vt 0.23828125 0.600585938
vt 0.23815918 0.600585938
vt 0.237182617 0.601074219
vt 0.237060547 0.600585938
vt 0.236206055 0.6015625
vt 0.238037109 0.601074219
vt 0.236328125 0.6015625
vt 0.235839844 0.6015625
vt 0.235473633 0.602050781
vt 0.235351562 0.602050781
vt 0.234985352 0.602539062
vt 0.234741211 0.602539062
vt 0.234008789 0.603515625
vt 0.23449707 0.603027344
vt 0.234130859 0.603515625
vt 0.233886719 0.603515625
vt 0.237304688 0.601074219
vt 0.233276367 0.604003906
vt 0.233276367 0.604003906
vt 0.232910156 0.604492188
vt 0.232543945 0.604492188
vt 0.232055664 0.604980469
vt 0.231689453 0.60546875
vt 0.229736328 0.606445312
vt 0.231201172 0.60546875
vt 0.230712891 0.605957031
vt 0.23034668 0.605957031
vt 0.229858398 0.606445312
vt 0.229614258 0.606445312
vt 0.229248047 0.606933594
vt 0.229248047 0.606933594
vt 0.228759766 0.606933594
vt 0.228637695 0.606933594
vt 0.229370117 0.606933594
vt 0.229858398 0.606933594
vt 0.233520508 0.604492188
vt 0.228149414 0.607421875
vt 0.227905273 0.607421875
vt 0.227905273 0.607421875
vt 0.227661133 0.607421875
vt 0.227294922 0.607421875
vt 0.227050781 0.607421875
vt 0.228271484 0.607421875
vt 0.225830078 0.607910156
vt 0.22668457 0.607910156
vt 0.225830078 0.607910156
vt 0.230224609 0.606933594
vt 0.228881836 0.607421875
vt 0.229125977 0.607421875
vt 0.228027344 0.607421875
vt 0.225097656 0.607910156
vt 0.224243164 0.608398438
vt 0.228149414 0.607910156
vt 0.225097656 0.608398438
vt 0.224243164 0.608398438
vt 0.22277832 0.608886719
vt 0.224365234 0.608398438
vt 0.222900391 0.608886719
vt 0.221557617 0.609863281
vt 0.233886719 0.604492188
vt 0.224609375 0.608886719
vt 0.221679688 0.609863281
vt 0.220581055 0.610839844
vt 0.223022461 0.609375
vt 0.223266602 0.609375
vt 0.23425293 0.603515625
vt 0.220703125 0.610839844
vt 0.219726562 0.611816406
vt 0.221923828 0.609863281
vt 0.222167969 0.610351562
vt 0.236083984 0.602539062
vt 0.235717773 0.602050781
vt 0.236450195 0.6015625
vt 0.236816406 0.6015625
vt 0.237548828 0.601074219
vt 0.221191406 0.610839844
vt 0.220825195 0.610839844
vt 0.220092773 0.611816406
vt 0.219848633 0.611816406
vt 0.216918945 0.615722656
vt 0.216064453 0.617675781
vt 0.215820312 0.617675781
vt 0.216186523 0.616699219
vt 0.215820312 0.617675781
vt 0.215820312 0.618164062
vt 0.215576172 0.618164062
vt 0.215454102 0.618164062
vt 0.215698242 0.619140625
vt 0.215332031 0.619140625
vt 0.215332031 0.619140625
vt 0.215576172 0.619628906
vt 0.215332031 0.619628906
vt 0.215209961 0.619628906
vt 0.216064453 0.620605469
vt 0.215332031 0.620605469
vt 0.215209961 0.620605469
vt 0.215698242 0.620605469
vt 0.216430664 0.621582031
vt 0.215820312 0.62109375
vt 0.215576172 0.62109375
vt 0.215454102 0.62109375
vt 0.215698242 0.622070312
vt 0.215820312 0.621582031
vt 0.216064453 0.622558594
vt 0.216064453 0.621582031
vt 0.216186523 0.622558594
vt 0.216674805 0.623046875
vt 0.217285156 0.623046875
vt 0.216430664 0.622558594
vt 0.216674805 0.623046875
vt 0.217285156 0.623535156
vt 0.216918945 0.623046875
vt 0.217285156 0.623535156
vt 0.217895508 0.624511719
vt 0.218505859 0.624023438
vt 0.218261719 0.624023438
vt 0.218017578 0.624511719
vt 0.21875 0.625
vt 0.218994141 0.625
vt 0.219238281 0.625
vt 0.219482422 0.625488281
vt 0.219726562 0.625488281
vt 0.220092773 0.625488281
vt 0.220336914 0.625976562
vt 0.22265625 0.627441406
vt 0.220581055 0.625976562
vt 0.220825195 0.625976562
vt 0.221069336 0.626464844
vt 0.221191406 0.626464844
vt 0.221435547 0.626464844
vt 0.221679688 0.626953125
vt 0.221923828 0.626953125
vt 0.222167969 0.626953125
vt 0.222412109 0.627441406
vt 0.22265625 0.627441406
vt 0.223632812 0.627929688
vt 0.22277832 0.626953125
vt 0.223632812 0.627929688
vt 0.224365234 0.627929688
vt 0.223754883 0.627441406
vt 0.223144531 0.626953125
vt 0.223999023 0.627441406
vt 0.224731445 0.628417969
vt 0.224731445 0.628417969
vt 0.224975586 0.628417969
vt 0.224243164 0.627929688
vt 0.224487305 0.627441406
vt 0.224975586 0.628417969
vt 0.225219727 0.628417969
vt 0.226196289 0.628417969
vt 0.225830078 0.628417969
vt 0.226074219 0.628417969
vt 0.224853516 0.627929688
vt 0.225463867 0.627929688
vt 0.225952148 0.628417969
vt 0.226074219 0.627929688
vt 0.226196289 0.628417969
vt 0.227294922 0.628417969
vt 0.227294922 0.62890625
vt 0.227416992 0.627929688
vt 0.227416992 0.628417969
vt 0.233032227 0.62890625
vt 0.233032227 0.62890625
vt 0.23425293 0.62890625
vt 0.23425293 0.628417969
vt 0.234863281 0.628417969
vt 0.235473633 0.628417969
vt 0.233032227 0.628417969
vt 0.233642578 0.628417969
vt 0.233642578 0.628417969
vt 0.23425293 0.628417969
vt 0.236083984 0.628417969
vt 0.236083984 0.628417969
vt 0.237304688 0.627929688
vt 0.235229492 0.627929688
vt 0.235961914 0.627929688
vt 0.235839844 0.627929688
vt 0.237060547 0.627929688
vt 0.23815918 0.627441406
vt 0.23828125 0.627441406
vt 0.237182617 0.627929688
vt 0.237792969 0.627929688
vt 0.23828125 0.627441406
vt 0.23828125 0.627441406
vt 0.236816406 0.626464844
vt 0.237060547 0.626953125
vt 0.237060547 0.626953125
vt 0.236816406 0.626953125
vt 0.236694336 0.626464844
vt 0.236694336 0.626953125
vt 0.236816406 0.626953125
vt 0.236694336 0.626953125
vt 0.237060547 0.626953125
vt 0.236816406 0.626953125
vt 0.236816406 0.626953125
vt 0.237548828 0.626953125
vt 0.237548828 0.626953125
vt 0.238037109 0.626953125
vt 0.237060547 0.626953125
vt 0.237548828 0.626953125
vt 0.238037109 0.626953125
vt 0.236938477 0.627441406
vt 0.236938477 0.627441406
vt 0.237060547 0.627441406
vt 0.237182617 0.626953125
vt 0.237548828 0.626953125
vt 0.238037109 0.626953125
vt 0.237182617 0.627441406
vt 0.237304688 0.627441406
vt 0.237304688 0.627441406
vt 0.237426758 0.627441406
vt 0.237548828 0.627441406
vt 0.237670898 0.626953125
vt 0.238037109 0.626953125
vt 0.237548828 0.627441406
vt 0.237792969 0.627441406
vt 0.237548828 0.627441406
vt 0.237792969 0.627441406
vt 0.238037109 0.627441406
vt 0.237792969 0.626953125
vt 0.238037109 0.626953125
vt 0.237670898 0.627441406
vt 0.238037109 0.627441406
vt 0.23815918 0.627441406
vt 0.237792969 0.626953125
vt 0.238037109 0.626953125
vt 0.237792969 0.627441406
vt 0.23815918 0.627441406
vt 0.23828125 0.627441406
vt 0.23828125 0.627441406
vt 0.237915039 0.626953125
vt 0.238037109 0.626953125
vt 0.238037109 0.627441406
vt 0.238037109 0.627441406
vt 0.23815918 0.627441406
vt 0.238037109 0.626953125
vt 0.237915039 0.626953125
vt 0.237915039 0.626953125
vt 0.245605469 0.59375
vt 0.24609375 0.594238281
vt 0.245605469 0.59375
vt 0.245239258 0.59375
vt 0.245239258 0.59375
vt 0.244995117 0.59375
vt 0.244995117 0.59375
vt 0.244873047 0.59375
vt 0.244873047 0.59375
vt 0.244873047 0.59375
vt 0.244995117 0.59375
vt 0.244873047 0.59375
vt 0.244873047 0.59375
vt 0.244873047 0.59375
vt 0.244995117 0.59375
vt 0.244873047 0.59375
vt 0.245239258 0.59375
vt 0.244873047 0.59375
vt 0.244995117 0.59375
vt 0.244995117 0.59375
vt 0.244873047 0.59375
vt 0.245117188 0.593261719
vt 0.245605469 0.593261719
vt 0.245117188 0.593261719
vt 0.244873047 0.593261719
vt 0.244873047 0.593261719
vt 0.244750977 0.593261719
vt 0.244873047 0.593261719
vt 0.244995117 0.593261719
vt 0.244873047 0.593261719
vt 0.245117188 0.59375
vt 0.245117188 0.593261719
vt 0.245239258 0.593261719
vt 0.245361328 0.593261719
vt 0.245605469 0.593261719
vt 0.245483398 0.593261719
vt 0.24597168 0.592773438
vt 0.245605469 0.593261719
vt 0.24597168 0.592773438
vt 0.244873047 0.593261719
vt 0.245117188 0.59375
vt 0.242675781 0.592285156
vt 0.240234375 0.590820312
vt 0.24206543 0.591796875
vt 0.241333008 0.591796875
vt 0.240234375 0.590820312
vt 0.23815918 0.589355469
vt 0.238037109 0.589355469
vt 0.236206055 0.587890625
vt 0.236083984 0.587890625
vt 0.234741211 0.586425781
vt 0.23449707 0.586425781
vt 0.234375 0.586425781
vt 0.233642578 0.584472656
vt 0.233032227 0.584472656
vt 0.232910156 0.584472656
vt 0.233276367 0.584472656
vt 0.232666016 0.582519531
vt 0.231933594 0.582519531
vt 0.231811523 0.582519531
vt 0.231445312 0.581542969
vt 0.232177734 0.582519531
vt 0.231933594 0.580078125
vt 0.231567383 0.581542969
vt 0.231811523 0.579101562
vt 0.231445312 0.580078125
vt 0.231201172 0.580078125
vt 0.231079102 0.580078125
vt 0.232055664 0.578125
vt 0.231445312 0.579101562
vt 0.231079102 0.579101562
vt 0.231079102 0.579101562
vt 0.231567383 0.578125
vt 0.231323242 0.577636719
vt 0.231201172 0.577636719
vt 0.232421875 0.576660156
vt 0.231689453 0.576660156
vt 0.231567383 0.576660156
vt 0.231933594 0.576171875
vt 0.231933594 0.576660156
vt 0.232055664 0.576171875
vt 0.232788086 0.575195312
vt 0.232788086 0.575195312
vt 0.233276367 0.574707031
vt 0.233886719 0.573730469
vt 0.23449707 0.573242188
vt 0.235229492 0.572753906
vt 0.237304688 0.570800781
vt 0.235839844 0.572265625
vt 0.236572266 0.571289062
vt 0.237182617 0.570800781
vt 0.232299805 0.576171875
vt 0.233398438 0.575195312
vt 0.233032227 0.575195312
vt 0.237548828 0.570800781
vt 0.240722656 0.568847656
vt 0.24230957 0.567382812
vt 0.240478516 0.568359375
vt 0.2421875 0.567382812
vt 0.240478516 0.568359375
vt 0.2421875 0.567382812
vt 0.2421875 0.567382812
vt 0.2421875 0.567382812
vt 0.2421875 0.567382812
vt 0.2421875 0.567382812
vt 0.2421875 0.567382812
vt 0.2421875 0.567382812
vt 0.24230957 0.567382812
vt 0.24230957 0.567382812
vt 0.24230957 0.567382812
vt 0.24230957 0.567382812
vt 0.242553711 0.567871094
vt 0.242553711 0.567871094
vt 0.242553711 0.567871094
vt 0.242553711 0.567871094
vt 0.24230957 0.567382812
vt 0.242553711 0.567871094
vt 0.242553711 0.567871094
vt 0.24230957 0.567382812
vt 0.242553711 0.567871094
vt 0.24230957 0.567382812
vt 0.242553711 0.567382812
vt 0.24230957 0.567871094
vt 0.242553711 0.567382812
vt 0.242553711 0.567382812
vt 0.24230957 0.567871094
vt 0.242553711 0.567382812
vt 0.242553711 0.567382812
vt 0.242553711 0.567382812
vt 0.24230957 0.567871094
vt 0.242553711 0.567382812
vt 0.300537109 0.541015625
vt 0.300537109 0.541503906
vt 0.301513672 0.541503906
vt 0.300537109 0.541015625
vt 0.301757812 0.541015625
vt 0.30078125 0.540527344
vt 0.299804688 0.541015625
vt 0.299804688 0.540527344
vt 0.302001953 0.541015625
vt 0.301757812 0.541015625
vt 0.302001953 0.541015625
vt 0.302001953 0.541015625
vt 0.302246094 0.541015625
vt 0.302001953 0.541015625
vt 0.302001953 0.541015625
vt 0.301757812 0.541015625
vt 0.301269531 0.540527344
vt 0.301025391 0.540527344
vt 0.30078125 0.540527344
vt 0.30078125 0.540527344
vt 0.300292969 0.540527344
vt 0.300048828 0.540527344
vt 0.299804688 0.540527344
vt 0.274902344 0.614257812
vt 0.274169922 0.614257812
vt 0.274902344 0.614746094
vt 0.275146484 0.614257812
vt 0.275146484 0.614746094
vt 0.275634766 0.614746094
vt 0.275390625 0.614746094
vt 0.275634766 0.614746094
vt 0.275634766 0.614746094
vt 0.23425293 0.603515625
vt 0.235717773 0.602050781
vt 0.236083984 0.602539062
vt 0.236450195 0.6015625
vt 0.236816406 0.6015625
vt 0.237548828 0.601074219
vn -0.049407959 -0.130126953 -0.990234375
vn 0.0224609375 -0.130249023 -0.991210938
vn 0.0224609375 0.130249023 -0.991210938
vn -0.0498962402 -0.465087891 -0.883789062
vn 0.037902832 -0.469238281 -0.882324219
vn -0.0284729004 -0.76953125 -0.637695312
vn 0.0236816406 -0.782226562 -0.622558594
vn -0.0390014648 -0.917480469 -0.395751953
vn -0.0850219727 -0.764160156 -0.639160156
vn 0.0586242676 -0.915527344 -0.398193359
vn 0.11126709 -0.763671875 -0.636230469
vn 0.025177002 -0.979492188 -0.198730469
vn -0.0331726074 -0.98046875 -0.193969727
vn -0.0897216797 -0.915039062 -0.392822266
vn 0.001953125 -0.994628906 -0.102722168
vn 0.0159301758 -0.995605469 -0.091796875
vn 0.0296936035 -0.995605469 -0.0882568359
vn 0.0698242188 -0.98046875 -0.184570312
vn -0.00302124023 -0.995117188 -0.100524902
vn -0.0126647949 -0.995605469 -0.0939941406
vn -0.0226745605 -0.995605469 -0.0903320312
vn -0.0703125 -0.980957031 -0.181640625
vn -0.0336303711 -0.995605469 -0.0868530273
vn 0.0586242676 0.915527344 -0.398193359
vn 0.0236816406 0.782226562 -0.622558594
vn 0.111328125 0.763671875 -0.636230469
vn -0.0390014648 0.917480469 -0.395751953
vn 0.025177002 0.979492188 -0.198730469
vn -0.0331726074 0.98046875 -0.193969727
vn -0.0897216797 0.915039062 -0.392822266
vn -0.0284729004 0.76953125 -0.637695312
vn -0.0850219727 0.764160156 -0.639160156
vn 0.037902832 0.469238281 -0.882324219
vn -0.0498657227 0.465087891 -0.883789062
vn 0.0224609375 0.130249023 -0.991210938
vn -0.049407959 0.130126953 -0.990234375
vn -0.049407959 -0.130126953 -0.990234375
vn 0.001953125 0.994628906 -0.102722168
vn 0.0159301758 0.995605469 -0.091796875
vn 0.0297241211 0.995605469 -0.0882568359
vn 0.0698242188 0.98046875 -0.184570312
vn -0.00302124023 0.995117188 -0.100524902
vn -0.0126647949 0.995605469 -0.0939331055
vn -0.0226745605 0.995605469 -0.0903320312
vn -0.0336303711 0.995605469 -0.0868530273
vn -0.0703125 0.980957031 -0.181640625
vn -0 -1 0
vn -0 -1 6.0915947E-05
vn -0 -1 6.0915947E-05
vn -0 -1 0
vn -0 -1 0
vn -0 -1 0
vn 1.13248825E-05 -1 0
vn 1.13248825E-05 -1 0
vn -0 -1 0
vn -0 -1 0
vn -0 -1 0
vn -0 -1 0
vn -0 -1 0
vn -0 -1 0
vn -0 -1 0
vn -0 -1 0
vn -0 -1 0
vn -0 -1 0
vn -0 -1 0
vn -0 -1 0
vn -0 -1 0
vn -0 -1 0
vn -0 -1 0
vn -0 -1 0
vn -0 -1 0
vn -0 -1 0
vn -0 -1 0
vn -0 -1 0
vn -0 -1 0
vn -0 -1 0
vn -0 -1 0
vn -0 -1 0
vn -0 -1 0
vn -0 -1 0
vn -0 -1 0
vn -0 -1 0
vn -0 -1 0
vn -0 -1 0
vn -0 -1 0
vn -0 -1 0
vn -0 -1 0
vn -0 -1 0
vn -0 -1 0
vn -0 -1 0
vn -0 -1 0
vn -0 -1 0
vn -0 -1 0
vn -0 -1 0
vn -0 -1 0
vn -0 -1 0
vn -0 -1 0
vn -0 -1 0
vn -0 -1 0
vn -0 -1 0
vn -0 -1 0
vn -0 -1 0
vn -0 -1 0
vn -0 -1 0
vn -0 -1 0
vn -0 -1 0
vn -0 -1 0
vn -0 -1 0
vn -0 -1 0
vn -0 -1 0
vn -0 -1 0
vn -0 -1 0
vn -0 -1 0
vn -0 -1 0
vn -0 -1 0
vn -0 -1 0
vn -0 -1 0
vn -0 -1 0
vn -0 -1 0
vn -0 -1 0
vn -0 -1 0
vn -0 -1 0
vn -0 -1 0
vn -0 -1 0
vn -0 -1 0
vn -0 -1 0
vn -0 -1 0
vn -0 -1 0
vn -0 -1 0
vn -0 -1 0
vn -0 -1 0
vn -0 -1 0
vn -0 -1 0
vn -0 -1 0
vn -0 -1 0
vn -0 -1 0
vn -0 -1 0
vn -0 -1 0
vn -0 -1 0
vn -0 -1 0
vn -0 -1 0
vn -0 -1 0
vn -0 -1 0
vn -0 -1 0
vn -0 -1 0
vn -0 -1 0
vn -0 -1 0
vn -0 -1 0
vn -0 -1 0
vn -0 -1 0
vn -0 -1 0
vn -0 -1 0
vn -0 -1 0
vn -0 -1 0
vn -0 -1 0
vn -0 -1 0
vn -0 -1 0
vn -0 -1 0
vn -0 -1 0
vn -0 -1 0
vn -0 -1 0
vn -0 -1 0
vn -0 -1 0
vn -0 -1 0
vn -0 -1 0
vn -0 -1 0
vn -0 -1 0
vn -0 -1 0
vn -0 -1 0
vn -0 -1 0
vn -0 -1 0
vn -0 -1 0
vn -0 -1 0
vn -0 -1 0
vn -0 -1 0
vn -0 -1 0
vn -0 -1 0
vn -0 -1 0
vn -0 -1 0
vn -0 -1 0
vn -0 -1 0
vn -0 -1 0
vn -0 -1 0
vn -0 -1 0
vn -0 -1 0
vn -0 -1 0
vn -0 -1 0
vn -0 -1 0
vn -0 -1 0
vn -0 -1 0
vn -0 -1 0
vn -0 -1 0
vn -0 -1 0
vn -0 -1 0
vn -0 -1 0
vn -0 -1 0
vn -0 -1 0
vn -0 -1 0
vn -0 -1 0
vn -0 -1 0
vn -0 -1 0
vn -0 -1 0
vn -0 -1 0
vn -0 -1 0
vn -0 -1 0
vn -0 -1 0
vn -0 -1 0
vn -0 -1 0
vn -0 -1 0
vn -0 -1 0
vn -0 -1 0
vn -0 -1 0
vn -0 -1 0
vn -0 -1 0
vn -1.02519989E-05 -1 0
vn -0 -1 0
vn -0 -1 0
vn -0 -1 0
vn -0 -1 0
vn -0 -1 0
vn -0 -1 0
vn -0 -1 0
vn -0 -1 0
vn -0 -1 0
vn -0 -1 0
vn -0 -1 0
vn -0 -1 0
vn -0 -1 0
vn -0 -1 0
vn -0 -1 0
vn -0 -1 0
vn -0 -1 -6.23464584E-05
vn -0 -1 -6.23464584E-05
vn -1.09672546E-05 -1 -4.74452972E-05
vn -1.09672546E-05 -1 -4.74452972E-05
vn -1.09672546E-05 -1 -4.74452972E-05
vn -0 -1 0
vn -0 -1 0
vn -0 -1 0
vn -0 -1 3.33189964E-05
vn -0 -1 3.33189964E-05
vn -0 -1 0
vn -0 -1 0
vn -0 -1 0
vn -0 -1 0
vn -0 -1 0
vn -0 -1 0
vn -0 -1 0
vn -0 -1 0
vn -0 -1 0
vn -0 -1 0
vn -0 -1 0
vn -0 -1 0
vn -0 -1 0
vn -0 -1 0
vn -0 -1 0
vn -0 -1 0
vn -0 -1 0
vn -0 -1 0
vn -0 -1 0
vn -0 -1 0
vn -0 -1 0
vn -0 -1 0
vn -0 -1 0
vn -0 -1 0
vn -0 -1 0
vn -0 -1 0
vn -0 -1 0
vn -0 -1 0
vn -0 -1 0
vn -0 -1 0
vn -0 -1 0
vn -0 -1 0
vn -0 -1 0
vn -0 -1 0
vn -0 -1 0
vn -0 -1 0
vn -0 -1 0
vn -0 -1 0
vn -0 -1 0
vn -0 -1 0
vn -0 -1 0
vn -0 -1 0
vn -0 -1 0
vn -0 -1 0
vn -0 -1 0
vn -0 -1 0
vn -0 -1 0
vn -0 -1 0
vn -0 -1 0
vn -0 -1 0
vn -0 -1 0
vn -0 -1 0
vn -0 -1 0
vn -0 -1 0
vn -0 -1 0
vn -0 -1 0
vn -0 -1 0
vn -0 -1 0
vn -0 -1 0
vn -0 -1 0
vn -0 -1 0
vn -0 -1 0
vn -0 -1 0
vn -0 -1 0
vn -0 -1 0
vn -0 -1 0
vn -0 -1 0
vn -0 -1 0
vn -0 -1 0
vn -0 -1 0
vn -0 -1 0
vn -0 -1 0
vn -0 -1 0
vn -0 -1 0
vn -0 -1 0
vn -0 -1 0
vn -0 -1 0
vn -0 -1 0
vn -0 -1 0
vn -0 -1 0
vn -0 -1 0
vn -0 -1 0
vn -0 -1 0
vn -0 -1 0
vn -0 -1 0
vn -0 -1 0
vn -0 1 -1.66296959E-05
vn -0 1 -1.66296959E-05
vn -0 1 -1.66296959E-05
vn -0 1 4.18424606E-05
vn -0 1 4.18424606E-05
vn -0 1 -6.25252724E-05
vn -0 1 0
vn -0 1 3.29613686E-05
vn -0 1 3.29613686E-05
vn -0 1 -3.34978104E-05
vn -0 1 0
vn -0 1 0
vn -0 1 1.19805336E-05
vn -0 1 -3.10540199E-05
vn -0 1 -3.10540199E-05
vn -0 1 0
vn -0 1 0
vn -0 1 0
vn -0 1 0
vn -0 1 0
vn -0 1 0
vn -0 1 0
vn -0 1 0
vn -0 1 0
vn -0 1 0
vn -0 1 0
vn -0 1 0
vn -0 1 0
vn -0 1 0
vn -0 1 0
vn -0 1 0
vn -0 1 0
vn -0 1 0
vn -0 1 0
vn -0 1 0
vn -0 1 0
vn -0 1 0
vn -0 1 0
vn -0 1 0
vn -0 1 0
vn -0 1 0
vn -0 1 0
vn -0 1 0
vn -0 1 0
vn -0 1 0
vn -0 1 0
vn -0 1 0
vn -0 1 0
vn -0 1 0
vn -0 1 0
vn -0 1 0
vn -0 1 0
vn -0 1 0
vn -0 1 0
vn -0 1 0
vn -0 1 0
vn -0 1 0
vn -0 1 0
vn -0 1 0
vn -0 1 0
vn -0 1 0
vn -0 1 0
vn -0 1 0
vn -0 1 0
vn -0 1 0
vn -0 1 0
vn -0 1 0
vn -0 1 0
vn -0 1 0
vn -0 1 0
vn -0 1 0
vn -0 1 0
vn -0 1 0
vn -0 1 0
vn -0 1 0
vn -0 1 0
vn -0 1 0
vn -0 1 0
vn -0 1 0
vn -0 1 0
vn -0 1 0
vn -0 1 0
vn -0 1 0
vn -0 1 0
vn -0 1 0
vn -0 1 0
vn -0 1 0
vn -0 1 0
vn -0 1 0
vn -0 1 0
vn -0 1 0
vn -0 1 0
vn -0 1 0
vn -0 1 0
vn -0 1 0
vn -0 1 0
vn -0 1 0
vn -0 1 0
vn -0 1 0
vn -0 1 0
vn -0 1 0
vn -0 1 0
vn -0 1 0
vn -0 1 0
vn -0 1 0
vn -0 1 0
vn -0 1 0
vn -0 1 0
vn -0 1 0
vn -0 1 0
vn -0 1 0
vn -0 1 0
vn -0 1 0
vn -0 1 0
vn -0 1 0
vn -0 1 0
vn -0 1 0
vn -0 1 0
vn -0 1 0
vn -0 1 0
vn -0 1 0
vn -0 1 0
vn -0 1 0
vn -0 1 0
vn -0 1 0
vn -0 1 0
vn -0 1 0
vn -0 1 0
vn -0 1 0
vn -0 1 0
vn -0 1 0
vn -0 1 0
vn -0 1 0
vn -0 1 0
vn -0 1 0
vn -0 1 0
vn -0 1 0
vn -0 1 0
vn -0 1 0
vn -0 1 -2.22325325E-05
vn -0 1 -2.22325325E-05
vn -0 1 -2.22325325E-05
vn -0 1 0
vn -0 1 0
vn -0 1 0
vn -0 1 0
vn -0 1 0
vn -0 1 0
vn -0 1 0
vn -0 1 0
vn -0 1 0
vn -0 1 0
vn -0 1 0
vn -0 1 0
vn -0 1 0
vn -0 1 0
vn -0 1 0
vn -0 1 0
vn -0 1 0
vn -0 1 0
vn -0 1 0
vn -0 1 0
vn -0 1 0
vn -0 1 0
vn -0 1 0
vn -0 1 0
vn -0 1 0
vn -0 1 0
vn -0 1 0
vn -0 1 0
vn -0 1 0
vn -0 1 0
vn -0 1 1.99079514E-05
vn -0 1 1.99079514E-05
vn -0 1 1.99079514E-05
vn -0 1 0
vn -0 1 0
vn -0 1 0
vn -0 1 0
vn -0 1 0
vn -0 1 0
vn -0 1 0
vn -0 1 0
vn -0 1 0
vn -0 1 0
vn -0 1 -2.18153E-05
vn -0 1 -2.18153E-05
vn -0 1 0
vn -0 1 0
vn -0 1 0
vn -0 1 0
vn -0 1 0
vn -0 1 0
vn -0 1 0
vn -0 1 0
vn -0 1 0
vn -0 1 0
vn -0 1 0
vn -0 1 0
vn -0 1 0
vn -0 1 0
vn -0 1 0
vn -0 1 0
vn -0 1 0
vn -0 1 0
vn -0 1 0
vn -0 1 0
vn -0 1 0
vn -0 1 0
vn -0 1 0
vn -0 1 0
vn -0 1 0
vn -0 1 0
vn -0 1 0
vn -0 1 0
vn -0 1 0
vn -0 1 0
vn -0 1 0
vn -0 1 0
vn -0 1 0
vn -0 1 0
vn -0 1 0
vn -0 1 0
vn -0 1 0
vn -0 1 0
vn -0 1 0
vn -0 1 0
vn -0 1 0
vn -0 1 0
vn -0 1 0
vn -0 1 0
vn -0 1 0
vn -0 1 0
vn -0 1 0
vn -0 1 0
vn -0 1 0
vn -0 1 0
vn -0 1 0
vn -0 1 0
vn -0 1 0
vn 1.257658E-05 1 0
vn -0 1 0
vn -0 1 0
vn -0 1 0
vn -0 1 0
vn -0 1 0
vn -0 1 0
vn -0 1 0
vn -0 1 0
vn -0 1 0
vn -0 1 0
vn -0 1 0
vn -0 1 0
vn -0 1 0
vn -0 1 0
vn -0 1 0
vn -0 1 0
vn -0 1 0
vn -0 1 0
vn -0 1 0
vn -0 1 0
vn -0 1 0
vn -0 1 0
vn -0 1 0
vn -0 1 1.66296959E-05
vn -0 1 0
vn -0 1 0
vn -0 1 0
vn -0 1 0
vn -0 1 0
vn -0 1 0
vn -0 1 0
vn -0 1 0
vn -0 1 0
vn -0 1 0
vn -0 1 0
vn -0 1 0
vn -0 1 0
vn -0 1 0
vn -0 1 0
vn -0 1 0
vn 0.426513672 0.901367188 0.0761108398
vn -0.291748047 0.259765625 -0.920410156
vn 0.393066406 0.918457031 -0.0437927246
vn -0.884765625 -0.465332031 0.0247802734
vn -0.882324219 -0.465332031 -0.068359375
vn -0.98828125 -0.130249023 -0.076965332
vn -0.9765625 -0.130249023 -0.172119141
vn -0.991210938 -0.130249023 0.0276794434
vn -0.0748291016 0.125 0.989257812
vn 0.628417969 0.770019531 0.111022949
vn -0.876953125 -0.465087891 0.122009277
vn -0.981933594 -0.130249023 0.136230469
vn -0.37109375 0.441894531 0.81640625
vn -0.291748047 0.259765625 -0.920410156
vn -0.9609375 -0.130249023 0.243896484
vn -0.857910156 -0.465087891 0.218261719
vn -0.816894531 -0.463867188 0.342773438
vn -0.9140625 -0.130126953 0.383789062
vn -0.595214844 -0.763671875 0.249755859
vn 0.220581055 0.153442383 0.963378906
vn 0.385253906 0.917480469 -0.0978393555
vn -0.710449219 -0.462890625 0.529785156
vn -0.794921875 -0.130371094 0.592773438
vn -0.592285156 -0.130249023 0.794921875
vn -0.518066406 -0.763183594 0.386474609
vn -0.529296875 -0.462890625 0.7109375
vn -0.370117188 -0.130126953 0.919921875
vn -0.326416016 -0.913574219 0.243408203
vn 0.264404297 0.137329102 0.954589844
vn -0.330810547 -0.463378906 0.822265625
vn -0.169433594 -0.130126953 0.977050781
vn -0.385986328 -0.763183594 0.518066406
vn -0.791503906 0.159667969 0.590332031
vn -0.160522461 0.151733398 0.975097656
vn -0.243164062 -0.913574219 0.326416016
vn -0.0540161133 0.995117188 0.0822753906
vn -0.151367188 -0.463867188 0.873046875
vn -0.00479125977 -0.130126953 0.991699219
vn -0.241088867 -0.763183594 0.599121094
vn -0.151733398 -0.913574219 0.377197266
vn -0.975097656 0.154541016 0.159545898
vn -0.34375 0.261962891 0.901855469
vn -0.110229492 -0.763671875 0.635742188
vn -0.00411987305 -0.464599609 0.885742188
vn -0.999023438 0.0221252441 0.0433959961
vn -0.990722656 0.130493164 0.0373840332
vn -0.00375366211 -0.764160156 0.64453125
vn -0.846679688 0.272705078 0.456787109
vn -0.976074219 0.140991211 0.166748047
vn 0.786621094 0.470703125 0.399169922
vn 0.859375 -0.0588989258 0.5078125
vn 0.734375 0.46875 0.490478516
vn 0.438476562 -0.141723633 0.887695312
vn 0.464111328 -0.464355469 0.754394531
vn 0.427734375 -0.00268554688 0.903808594
vn -0.954101562 0.0427856445 0.296875
vn -0.881835938 -0.462646484 0.0914306641
vn -0.962402344 -0.0464782715 0.268310547
vn 0.734375 -0.46875 0.490478516
vn 0.859375 0.0588989258 0.5078125
vn 0.786621094 -0.470703125 0.399169922
vn -0.962402344 0.0464782715 0.268310547
vn -0.881835938 0.462646484 0.0914306641
vn -0.954101562 -0.042755127 0.296875
vn 0.853027344 0.470458984 0.225219727
vn -0.1796875 0.0227661133 0.983398438
vn 0.427734375 0.00268554688 0.903808594
vn 0.464111328 0.464355469 0.754394531
vn 0.438476562 0.141723633 0.887695312
vn 0.991210938 0.130371094 0.0250854492
vn 0.989746094 0.139648438 -0.0283508301
vn 0.989746094 -0.139648438 -0.0283508301
vn 0.991210938 -0.130371094 0.0250854492
vn 0.984375 0.153076172 0.0855712891
vn 0.984375 -0.153076172 0.0855712891
vn 0.98046875 0.130371094 0.146118164
vn 0.98046875 -0.130371094 0.146118164
vn 0.966796875 -0.152832031 0.205078125
vn 0.966796875 0.152832031 0.205078125
vn 0.955566406 0.130371094 0.264648438
vn 0.955566406 -0.130371094 0.264648438
vn 0.934570312 -0.152832031 0.321289062
vn 0.934570312 0.152832031 0.321289062
vn 0.916015625 0.130371094 0.37890625
vn 0.916015625 -0.130371094 0.37890625
vn 0.891113281 -0.130371094 0.434326172
vn 0.891113281 0.130371094 0.434326172
vn 0.850585938 -0.183227539 0.493164062
vn 0.850585938 0.183227539 0.493164062
vn 0.801757812 -0.277832031 0.529296875
vn 0.801757812 0.277832031 0.529296875
vn 0.820800781 -0.192871094 0.538085938
vn 0.820800781 0.192871094 0.538085938
vn 0.844726562 -0.0883178711 0.527832031
vn 0.844726562 0.0883789062 0.527832031
vn 0.859375 0.0588989258 0.5078125
vn 0.859375 -0.0588989258 0.5078125
vn 0.84765625 -0.199462891 0.491210938
vn 0.84765625 0.199462891 0.491210938
vn 0.843261719 -0.147216797 0.517089844
vn 0.843261719 0.147216797 0.517089844
vn 0.819824219 -0.130249023 0.557617188
vn 0.819824219 0.130249023 0.557617188
vn 0.771484375 0.130126953 0.623046875
vn 0.771484375 -0.130126953 0.623046875
vn 0.724609375 0.130371094 0.676269531
vn 0.724609375 -0.130371094 0.676269531
vn 0.689453125 -0.166259766 0.705078125
vn 0.689453125 0.166259766 0.705078125
vn 0.666503906 -0.196411133 0.719238281
vn 0.666503906 0.196411133 0.719238281
vn 0.633789062 -0.130249023 0.762207031
vn 0.633789062 0.130249023 0.762207031
vn 0.5703125 0.130126953 0.811035156
vn 0.5703125 -0.130126953 0.811035156
vn 0.488525391 -0.130126953 0.862792969
vn 0.488525391 0.130126953 0.862792969
vn 0.422851562 -0.130371094 0.896972656
vn 0.422851562 0.130371094 0.896972656
vn 0.375488281 0.145629883 0.915527344
vn 0.375488281 -0.145629883 0.915527344
vn 0.350097656 -0.145629883 0.925292969
vn 0.350097656 0.145629883 0.925292969
vn 0.311523438 0.130493164 0.94140625
vn 0.311523438 -0.130493164 0.94140625
vn 0.270996094 -0.145751953 0.951660156
vn 0.270996094 0.145751953 0.951660156
vn 0.233520508 0.161865234 0.958984375
vn 0.233520508 -0.161865234 0.958984375
vn 0.16784668 -0.130249023 0.977050781
vn 0.16784668 0.130249023 0.977050781
vn 0.104919434 0.142944336 0.984375
vn 0.104919434 -0.142944336 0.984375
vn 0.0483093262 0.130371094 0.990234375
vn 0.0483398438 -0.130371094 0.990234375
vn -0.0055847168 0.142944336 0.989746094
vn -0.00555419922 -0.142944336 0.989746094
vn -0.0716552734 -0.130249023 0.988769531
vn -0.0716552734 0.130249023 0.988769531
vn -0.159301758 0.130126953 0.978515625
vn -0.159301758 -0.130126953 0.978515625
vn -0.264160156 0.124511719 0.956542969
vn -0.264160156 -0.124511719 0.956542969
vn -0.382080078 0.124084473 0.916015625
vn -0.382080078 -0.124084473 0.916015625
vn -0.474609375 0.127319336 0.87109375
vn -0.474609375 -0.127441406 0.87109375
vn -0.55859375 0.130004883 0.819335938
vn -0.55859375 -0.130004883 0.819335938
vn -0.6484375 0.130004883 0.75
vn -0.6484375 -0.130004883 0.75
vn -0.721679688 0.130126953 0.6796875
vn -0.721679688 -0.130126953 0.6796875
vn -0.7734375 0.130249023 0.620117188
vn -0.7734375 -0.130249023 0.620117188
vn -0.806640625 -0.136230469 0.574707031
vn -0.806640625 0.136230469 0.574707031
vn -0.833007812 -0.130371094 0.538085938
vn -0.832519531 0.130371094 0.538085938
vn -0.85546875 -0.136230469 0.499267578
vn -0.85546875 0.136230469 0.499267578
vn -0.877929688 0.130371094 0.460449219
vn -0.877929688 -0.130371094 0.460449219
vn -0.897460938 -0.136230469 0.419677734
vn -0.897460938 0.136230469 0.419677734
vn -0.916503906 0.130371094 0.378662109
vn -0.916503906 -0.130371094 0.378662109
vn -0.935546875 -0.145507812 0.321533203
vn -0.935546875 0.145507812 0.321533203
vn -0.970214844 0.129638672 0.205444336
vn -0.970214844 -0.129638672 0.205444336
vn -0.967285156 0.131835938 0.217407227
vn -0.967285156 -0.131835938 0.217407227
vn -0.919433594 0.131347656 0.370849609
vn -0.919433594 -0.131347656 0.370849609
vn -0.924316406 0.129882812 0.358642578
vn -0.924316406 -0.129882812 0.358642578
vn -0.963378906 0.130004883 0.23449707
vn -0.963378906 -0.130004883 0.23449707
vn -0.983886719 0.130004883 0.122497559
vn -0.983886719 -0.130004883 0.122497559
vn -0.991699219 0.130004883 0.00903320312
vn -0.991699219 -0.130004883 0.00903320312
vn -0.984863281 0.129882812 -0.116516113
vn -0.984863281 -0.129882812 -0.116516113
vn -0.110778809 -0.0279541016 0.993652344
vn -0.109802246 0.0280761719 0.993652344
vn 0.986816406 -0.130126953 0.0971069336
vn 0.986816406 0.130126953 0.0971069336
vn 0.985839844 -0.130126953 -0.10534668
vn 0.985839844 0.130126953 -0.10534668
vn 0.938476562 -0.130126953 -0.319580078
vn 0.938476562 0.130126953 -0.319580078
vn 0.840332031 -0.130126953 -0.526367188
vn 0.840332031 0.130126953 -0.526367188
vn 0.696289062 -0.130249023 -0.706054688
vn 0.696289062 0.130249023 -0.706054688
vn 0.520507812 0.130126953 -0.844238281
vn 0.520507812 -0.130126953 -0.84375
vn 0.328369141 -0.130126953 -0.935546875
vn 0.328369141 0.130126953 -0.935546875
vn 0.134277344 -0.130126953 -0.982421875
vn 0.134277344 0.130126953 -0.982421875
vn -0.0518188477 -0.130126953 -0.990234375
vn -0.0518493652 0.130126953 -0.990234375
vn -0.223632812 -0.130126953 -0.965820312
vn -0.223632812 0.130126953 -0.965820312
vn 0.952148438 0.0218200684 -0.305175781
vn 0.952148438 -0.0213317871 -0.305175781
vn 0.469238281 -0.130126953 0.873535156
vn 0.469238281 0.130126953 0.873535156
vn 0.463867188 0.142211914 0.874511719
vn 0.463867188 -0.142211914 0.874511719
vn 0.406738281 -0.130249023 0.904296875
vn 0.406738281 0.130249023 0.904296875
vn 0.334472656 0.130249023 0.933105469
vn 0.334472656 -0.130249023 0.933105469
vn 0.263916016 0.163574219 0.950683594
vn 0.263916016 -0.163574219 0.950683594
vn 0.229736328 -0.163574219 0.959472656
vn 0.229736328 0.163574219 0.959472656
vn 0.159667969 0.130249023 0.978515625
vn 0.159667969 -0.130249023 0.978515625
vn 0.0534057617 0.129882812 0.990234375
vn 0.0534057617 -0.129882812 0.990234375
vn -0.0895385742 0.129882812 0.987304688
vn -0.0895385742 -0.129882812 0.987304688
vn -0.204589844 -0.130126953 0.970214844
vn -0.204589844 0.130126953 0.970214844
vn -0.2734375 0.144165039 0.951171875
vn -0.2734375 -0.144165039 0.951171875
vn -0.311035156 0.144165039 0.939453125
vn -0.310791016 -0.144165039 0.939453125
vn -0.35546875 0.130493164 0.925292969
vn -0.35546875 -0.130493164 0.925292969
vn -0.389160156 0.139770508 0.910644531
vn -0.386230469 -0.130493164 0.913085938
vn -0.433105469 -0.141723633 0.890136719
vn -0.429199219 0.159179688 0.889160156
vn -0.512207031 0.130004883 0.849121094
vn -0.512207031 -0.130004883 0.849121094
vn -0.594726562 -0.130126953 0.793457031
vn -0.594726562 0.130126953 0.793457031
vn -0.642089844 -0.139648438 0.75390625
vn -0.642089844 0.139648438 0.75390625
vn -0.665527344 -0.1640625 0.728027344
vn -0.665527344 0.1640625 0.728027344
vn -0.685546875 -0.199829102 0.700195312
vn -0.685546875 0.199829102 0.700195312
vn -0.694824219 -0.214355469 0.686523438
vn -0.694824219 0.214233398 0.686523438
vn -0.692382812 -0.190185547 0.696289062
vn -0.692382812 0.190185547 0.696289062
vn -0.686035156 -0.16015625 0.709960938
vn -0.686035156 0.16015625 0.709960938
vn -0.680664062 -0.128540039 0.721191406
vn -0.680664062 0.128540039 0.721191406
vn -0.67578125 0.0981445312 0.73046875
vn -0.67578125 -0.0982055664 0.73046875
vn -0.671875 0.0702514648 0.737304688
vn -0.671875 -0.0703125 0.737304688
vn -0.669921875 0.123718262 0.731933594
vn -0.669921875 -0.123657227 0.731933594
vn -0.654785156 0.194702148 0.73046875
vn -0.654785156 -0.194580078 0.73046875
vn -0.651855469 0.20324707 0.73046875
vn -0.651855469 -0.203369141 0.73046875
vn -0.651367188 0.205932617 0.73046875
vn -0.651367188 -0.205932617 0.73046875
vn -0.652832031 0.20300293 0.729980469
vn -0.652832031 -0.20300293 0.729980469
vn -0.656738281 0.195922852 0.728515625
vn -0.656738281 -0.195922852 0.728515625
vn -0.670898438 0.181152344 0.719238281
vn -0.670898438 -0.181152344 0.719238281
vn -0.728027344 0.130249023 0.672851562
vn -0.728027344 -0.130249023 0.672851562
vn -0.787109375 -0.130249023 0.602539062
vn -0.787109375 0.130249023 0.602539062
vn -0.84375 0.130249023 0.520996094
vn -0.84375 -0.130249023 0.520996094
vn -0.89453125 0.130249023 0.427978516
vn -0.89453125 -0.130249023 0.427978516
vn -0.936523438 0.130126953 0.325439453
vn -0.936523438 -0.130126953 0.325439453
vn -0.967773438 0.130249023 0.215942383
vn -0.967773438 -0.130249023 0.215942383
vn -0.986328125 0.130249023 0.102905273
vn -0.986328125 -0.130249023 0.102905273
vn -0.991210938 0.130249023 -0.00955200195
vn -0.991210938 -0.130249023 -0.00955200195
vn -0.984375 0.130249023 -0.117797852
vn -0.984375 -0.130249023 -0.117797852
vn -0.967285156 0.130249023 -0.21875
vn -0.967285156 -0.130249023 -0.21875
vn -0.94140625 0.130249023 -0.310791016
vn -0.94140625 -0.130249023 -0.310791016
vn -0.899414062 -0.202026367 -0.387451172
vn -0.899414062 0.202026367 -0.387451172
vn -0.876953125 0.247680664 -0.412353516
vn -0.876953125 -0.247680664 -0.412353516
vn -0.868164062 0.130126953 -0.479003906
vn -0.868164062 -0.130126953 -0.479003906
vn -0.808105469 -0.130004883 -0.574707031
vn -0.808105469 0.130004883 -0.574707031
vn -0.720214844 -0.129882812 -0.681152344
vn -0.720214844 0.129882812 -0.681152344
vn -0.605957031 0.129882812 -0.78515625
vn -0.605957031 -0.129882812 -0.78515625
vn -0.476074219 0.123901367 -0.870605469
vn -0.476074219 -0.123901367 -0.870605469
vn -0.333251953 -0.124267578 -0.934570312
vn -0.333251953 0.124267578 -0.934570312
vn -0.256347656 -0.167480469 -0.952148438
vn -0.256347656 0.167480469 -0.952148438
vn -0.280761719 -0.0927124023 -0.955078125
vn -0.280761719 0.0927124023 -0.955078125
vn -0.305175781 -0.0811767578 -0.948730469
vn -0.305175781 0.0811157227 -0.948730469
vn -0.349365234 0.117675781 -0.9296875
vn -0.349365234 -0.117675781 -0.9296875
vn -0.411132812 -0.136230469 -0.901367188
vn -0.411132812 0.136230469 -0.901367188
vn -0.508789062 0.134399414 -0.850585938
vn -0.508789062 -0.134399414 -0.850585938
vn -0.590332031 -0.131103516 -0.796386719
vn -0.590332031 0.131103516 -0.796386719
vn -0.65234375 0.130981445 -0.746582031
vn -0.65234375 -0.130981445 -0.746582031
vn -0.692871094 -0.120849609 -0.7109375
vn -0.692871094 0.120849609 -0.7109375
vn -0.69140625 -0.135742188 -0.709472656
vn -0.69140625 0.135742188 -0.709472656
vn -0.680175781 -0.15625 -0.716308594
vn -0.680175781 0.15625 -0.716308594
vn -0.676269531 -0.162719727 -0.718261719
vn -0.676269531 0.162719727 -0.718261719
vn -0.690429688 -0.0905761719 -0.717773438
vn -0.690429688 0.0905761719 -0.717773438
vn -0.691894531 -0.0470581055 -0.720703125
vn -0.691894531 0.0470581055 -0.720703125
vn -0.702148438 -0.0802612305 -0.707519531
vn -0.702148438 0.0802612305 -0.707519531
vn -0.717773438 -0.113586426 -0.687011719
vn -0.717773438 0.113586426 -0.687011719
vn -0.749511719 0.130981445 -0.648925781
vn -0.749511719 -0.130981445 -0.648925781
vn -0.791992188 0.131103516 -0.596679688
vn -0.791992188 -0.131103516 -0.596679688
vn -0.838378906 -0.098815918 -0.536132812
vn -0.838378906 0.098815918 -0.536132812
vn -0.865722656 -0.0444946289 -0.498779297
vn -0.865722656 0.0444946289 -0.498779297
vn -0.836914062 -0.1640625 -0.521972656
vn -0.836914062 0.1640625 -0.521972656
vn -0.814941406 0.169067383 -0.554199219
vn -0.814941406 -0.169067383 -0.554199219
vn -0.77734375 0.130371094 -0.615722656
vn -0.77734375 -0.130371094 -0.615722656
vn -0.735351562 -0.145629883 -0.661621094
vn -0.735351562 0.145629883 -0.661621094
vn -0.683105469 0.130126953 -0.71875
vn -0.683105469 -0.130126953 -0.71875
vn -0.600097656 -0.130004883 -0.789550781
vn -0.600097656 0.130004883 -0.789550781
vn -0.496337891 -0.130004883 -0.858398438
vn -0.496337891 0.130004883 -0.858398438
vn -0.398681641 0.130126953 -0.907714844
vn -0.398681641 -0.130126953 -0.907714844
vn -0.345458984 -0.121032715 -0.930664062
vn -0.345458984 0.121032715 -0.930664062
vn -0.337158203 0.104187012 -0.935546875
vn -0.337158203 -0.104064941 -0.935546875
vn -0.374267578 -0.11895752 -0.919921875
vn -0.411376953 -0.127929688 -0.90234375
vn -0.374023438 0.11895752 -0.919921875
vn -0.411376953 0.127807617 -0.90234375
vn -0.447998047 -0.130859375 -0.884277344
vn -0.447998047 0.130859375 -0.884277344
vn -0.482666016 0.131225586 -0.865722656
vn -0.482421875 -0.130859375 -0.866210938
vn -0.518066406 -0.128051758 -0.845703125
vn -0.548339844 -0.128417969 -0.826171875
vn -0.589355469 -0.131347656 -0.797363281
vn -0.517578125 0.128417969 -0.845703125
vn -0.547851562 0.127929688 -0.826660156
vn -0.589355469 0.130859375 -0.797363281
vn -0.635742188 -0.130981445 -0.760742188
vn -0.635742188 0.130981445 -0.760742188
vn -0.673828125 -0.127807617 -0.727539062
vn -0.673828125 0.127807617 -0.727539062
vn -0.706054688 -0.12902832 -0.696289062
vn -0.706054688 0.12902832 -0.696289062
vn -0.748535156 0.132446289 -0.649902344
vn -0.748046875 -0.132080078 -0.649902344
vn -0.779296875 -0.130981445 -0.612792969
vn -0.804199219 -0.128417969 -0.580566406
vn -0.82421875 -0.128295898 -0.551269531
vn -0.779296875 0.131347656 -0.612792969
vn -0.804199219 0.128051758 -0.580566406
vn -0.824707031 0.127929688 -0.551269531
vn -0.851074219 -0.130981445 -0.508300781
vn -0.851074219 0.130981445 -0.508300781
vn -0.890136719 -0.131225586 -0.435791016
vn -0.890136719 0.131225586 -0.436035156
vn -0.901367188 0.130249023 -0.413330078
vn -0.901367188 -0.130249023 -0.413330078
vn -0.880859375 -0.146850586 -0.450195312
vn -0.880859375 0.146850586 -0.450195312
vn -0.866699219 -0.181396484 -0.46484375
vn -0.866699219 0.181396484 -0.46484375
vn -0.861816406 0.161376953 -0.481201172
vn -0.861816406 -0.161376953 -0.481201172
vn 0.380371094 0.022064209 -0.924804688
vn 0.380371094 -0.022064209 -0.924804688
vn -0.471679688 0.0282897949 0.881347656
vn -0.470703125 -0.0281982422 0.881835938
vn -0.914550781 -0.130493164 -0.382568359
vn -0.914550781 0.130493164 -0.3828125
vn -0.920410156 -0.130126953 -0.368164062
vn -0.921875 0.130004883 -0.364990234
vn -0.9296875 0.129638672 -0.344238281
vn -0.9375 0.130249023 -0.322998047
vn -0.926269531 -0.129394531 -0.353759766
vn -0.931152344 -0.129394531 -0.341064453
vn -0.9375 -0.130249023 -0.322998047
vn -0.948730469 -0.131225586 -0.287597656
vn -0.948730469 0.131225586 -0.287597656
vn 0.192260742 0.0791625977 -0.978027344
vn 0.190673828 -0.0802001953 -0.978515625
vn 0.975097656 -0.130126953 0.178955078
vn 0.975097656 0.130126953 0.179077148
vn -0.137451172 0.0220031738 0.990234375
vn -0.137329102 -0.0221252441 0.990234375
vn -0.990234375 0.131347656 0.0463562012
vn -0.990234375 -0.131347656 0.0463562012
vn -0.979492188 0.131225586 0.152099609
vn -0.979492188 -0.131225586 0.152099609
vn -0.958007812 0.131225586 0.254150391
vn -0.958007812 -0.131225586 0.254150391
vn -0.446777344 0.0204772949 -0.89453125
vn -0.446777344 -0.0203857422 -0.89453125
vn 0.861816406 -0.130126953 -0.489990234
vn 0.861816406 0.130126953 -0.489990234
vn 0.768066406 -0.130126953 -0.626953125
vn 0.768066406 0.130126953 -0.626953125
vn 0.702636719 0.0216064453 0.711425781
vn 0.702636719 -0.0215454102 0.711425781
vn -0.584472656 -0.127685547 0.801269531
vn -0.584472656 0.127685547 0.801269531
vn -0.583007812 0.205078125 0.786132812
vn -0.583007812 -0.205078125 0.786132812
vn -0.584472656 0.231933594 0.77734375
vn -0.584472656 -0.231933594 0.77734375
vn -0.609375 -0.177246094 0.772949219
vn -0.609375 0.177246094 0.772949219
vn -0.650390625 0.130249023 0.748535156
vn -0.650390625 -0.130249023 0.748535156
vn -0.704101562 0.130126953 0.698242188
vn -0.704101562 -0.130126953 0.698242188
vn -0.770507812 0.130004883 0.624023438
vn -0.770507812 -0.130126953 0.624023438
vn -0.838378906 0.130004883 0.529296875
vn -0.838378906 -0.130004883 0.529296875
vn -0.899902344 0.130004883 0.416259766
vn -0.899902344 -0.130004883 0.416259766
vn -0.942871094 0.130126953 0.306152344
vn -0.942871094 -0.130126953 0.306152344
vn -0.968261719 0.130126953 0.214233398
vn -0.968261719 -0.130126953 0.214233398
vn -0.985351562 0.130004883 0.109680176
vn -0.985351562 -0.130004883 0.109680176
vn -0.991210938 -0.129882812 -0.0225830078
vn -0.991210938 0.129882812 -0.0225830078
vn -0.977050781 0.129882812 -0.168945312
vn -0.977050781 -0.129882812 -0.168945312
vn -0.944824219 0.130004883 -0.300537109
vn -0.944824219 -0.130004883 -0.300537109
vn -0.902832031 0.130004883 -0.409423828
vn -0.902832031 -0.130004883 -0.409423828
vn -0.850585938 -0.130126953 -0.509277344
vn -0.850585938 0.130126953 -0.509277344
vn -0.805664062 -0.16003418 -0.570800781
vn -0.805664062 0.16003418 -0.570800781
vn -0.800292969 -0.160400391 -0.577636719
vn -0.800292969 0.160400391 -0.577636719
vn -0.796875 -0.17565918 -0.578125
vn -0.796875 0.17565918 -0.578125
vn -0.786132812 -0.21496582 -0.579589844
vn -0.786132812 0.21496582 -0.579589844
vn -0.782226562 0.205810547 -0.587890625
vn -0.782226562 -0.205810547 -0.587890625
vn -0.777832031 0.16003418 -0.607910156
vn -0.777832031 -0.16003418 -0.607910156
vn -0.743164062 -0.130126953 -0.656738281
vn -0.743164062 0.130126953 -0.656738281
vn -0.660644531 -0.129882812 -0.739257812
vn -0.660644531 0.129882812 -0.739257812
vn 0.704589844 0.0232849121 -0.709472656
vn 0.704589844 -0.0233154297 -0.709472656
vn -0.773925781 0.0334777832 0.632324219
vn -0.773925781 -0.022857666 0.633300781
vn -0.696777344 -0.130493164 -0.705078125
vn -0.705078125 -0.130004883 -0.696777344
vn -0.715332031 -0.130126953 -0.686523438
vn -0.732421875 -0.128662109 -0.668945312
vn -0.447021484 -0.790527344 -0.418457031
vn -0.696777344 0.130737305 -0.705078125
vn -0.745605469 -0.12902832 -0.653320312
vn -0.705078125 0.130249023 -0.696777344
vn -0.714355469 0.129272461 -0.6875
vn -0.723632812 0.127929688 -0.678222656
vn -0.731445312 0.127319336 -0.669921875
vn -0.738769531 0.127929688 -0.661621094
vn -0.747558594 0.129150391 -0.651367188
vn -0.756347656 0.130126953 -0.641113281
vn -0.763671875 0.130493164 -0.632324219
vn 0.560058594 0.0174560547 -0.828125
vn -0.756347656 -0.130126953 -0.641113281
vn -0.763671875 -0.130493164 -0.632324219
vn 0.559570312 -0.0151367188 -0.828613281
vn 0.806152344 -0.130126953 0.577148438
vn 0.806152344 0.130126953 0.577148438
vn 0.864746094 -0.130371094 0.485107422
vn 0.864746094 0.130004883 0.485351562
vn 0.906738281 -0.130615234 0.400390625
vn 0.907226562 0.130249023 0.400390625
vn 0.930664062 -0.130615234 0.342041016
vn 0.930664062 0.130371094 0.342041016
vn 0.946777344 0.130371094 0.294677734
vn 0.946777344 -0.130615234 0.294921875
vn 0.963378906 -0.130249023 0.235351562
vn 0.963378906 0.130249023 0.235351562
vn 0.979980469 0.130004883 0.150024414
vn 0.979980469 -0.130004883 0.150024414
vn 0.990234375 -0.130004883 0.0500793457
vn 0.990234375 0.130004883 0.0500793457
vn 0.990234375 -0.130004883 -0.0500793457
vn 0.990234375 0.130004883 -0.0501098633
vn 0.981933594 -0.130249023 -0.137817383
vn 0.981933594 0.130126953 -0.137695312
vn 0.971191406 0.130371094 -0.19921875
vn 0.971191406 -0.130615234 -0.19909668
vn 0.959960938 -0.130615234 -0.247680664
vn 0.946777344 -0.130615234 -0.294433594
vn 0.959960938 0.130371094 -0.247558594
vn 0.946777344 0.130371094 -0.294677734
vn 0.930664062 -0.130371094 -0.342041016
vn 0.930664062 0.130371094 -0.342041016
vn 0.907226562 0.130249023 -0.400146484
vn 0.907226562 -0.130249023 -0.400390625
vn 0.86328125 -0.130126953 -0.487304688
vn 0.86328125 0.130126953 -0.487304688
vn 0.54296875 0.0216064453 0.839355469
vn 0.54296875 -0.0215454102 0.83984375
vn -0.727050781 0.0748291016 0.682617188
vn -0.727050781 -0.0748291016 0.682617188
vn -0.711914062 0.0902099609 0.696289062
vn -0.711914062 -0.0902099609 0.696289062
vn -0.682617188 0.124694824 0.720214844
vn -0.682617188 -0.124694824 0.720214844
vn -0.638671875 -0.130981445 0.758300781
vn -0.638671875 0.130981445 0.758300781
vn -0.667480469 0.129882812 0.732910156
vn -0.667480469 -0.129882812 0.732910156
vn -0.765136719 0.130004883 0.630859375
vn -0.765136719 -0.130004883 0.630859375
vn -0.840820312 0.130004883 0.525390625
vn -0.840820312 -0.130004883 0.525390625
vn -0.893554688 -0.130249023 0.4296875
vn -0.893554688 0.130249023 0.4296875
vn -0.930175781 0.130249023 0.343994141
vn -0.930175781 -0.130249023 0.343994141
vn -0.958984375 0.130249023 0.251953125
vn -0.958984375 -0.130249023 0.251953125
vn -0.979003906 0.130249023 0.155883789
vn -0.979003906 -0.130249023 0.155883789
vn -0.989746094 0.130249023 0.0586547852
vn -0.989746094 -0.130249023 0.0586547852
vn -0.990722656 0.130249023 -0.0372009277
vn -0.990722656 -0.130249023 -0.0372009277
vn -0.982910156 0.130249023 -0.129272461
vn -0.982910156 -0.130249023 -0.129272461
vn -0.967773438 0.130249023 -0.215454102
vn -0.967773438 -0.130249023 -0.215454102
vn -0.955078125 -0.138305664 -0.261230469
vn -0.955078125 0.138305664 -0.261230469
vn -0.944335938 -0.175537109 -0.278076172
vn -0.944335938 0.175537109 -0.278076172
vn -0.939941406 -0.183959961 -0.288085938
vn -0.939941406 0.183959961 -0.288085938
vn -0.937011719 0.161987305 -0.309570312
vn -0.937011719 -0.161987305 -0.309570312
vn -0.931152344 0.143920898 -0.334716797
vn -0.931152344 -0.143920898 -0.334716797
vn -0.908691406 -0.130126953 -0.396484375
vn -0.908691406 0.130126953 -0.396484375
vn -0.905761719 0.12121582 -0.405761719
vn -0.905761719 -0.12121582 -0.405761719
vn -0.928222656 -0.130859375 -0.348144531
vn -0.928222656 0.130859375 -0.348144531
vn -0.943359375 0.127929688 -0.305419922
vn -0.943359375 -0.127929688 -0.305419922
vn -0.961914062 0.134033203 -0.238891602
vn -0.961914062 -0.134033203 -0.238891602
vn -0.979003906 0.133178711 -0.155029297
vn -0.979003906 -0.133178711 -0.155029297
vn -0.986328125 -0.129760742 -0.10357666
vn -0.986328125 0.129760742 -0.10357666
vn -0.989257812 -0.130859375 -0.0676269531
vn -0.989257812 0.130859375 -0.0676269531
vn -0.991699219 -0.125610352 -0.0291442871
vn -0.991699219 0.125610352 -0.0291442871
vn -0.992675781 -0.118774414 0.00442504883
vn -0.992675781 0.118774414 0.00442504883
vn -0.991210938 0.125610352 0.0379333496
vn -0.991210938 -0.125610352 0.0379333496
vn -0.98828125 0.130859375 0.0762329102
vn -0.98828125 -0.130859375 0.0762329102
vn -0.985351562 -0.125610352 0.114562988
vn -0.985351562 0.125610352 0.114562988
vn -0.981933594 0.110595703 0.15222168
vn -0.981933594 -0.110595703 0.15222168
vn -0.978027344 0.0861206055 0.189331055
vn -0.978027344 -0.0861206055 0.189331055
vn -0.97265625 -0.0522460938 0.225952148
vn -0.97265625 0.0522460938 0.225952148
vn -0.96484375 -0.00936889648 0.261962891
vn -0.96484375 0.00933837891 0.261962891
vn -0.954101562 -0.042755127 0.296875
vn -0.954101562 0.0427856445 0.296875
vn -0.962402344 -0.0464782715 0.268310547
vn -0.962402344 0.0464782715 0.268310547
vn -0.957519531 -0.205078125 0.203613281
vn -0.957519531 0.205078125 0.203613281
vn -0.983398438 0.130126953 0.127563477
vn -0.983398438 -0.130126953 0.127563477
vn -0.965820312 0.255371094 0.0478515625
vn -0.965820312 -0.255371094 0.0478515625
vn -0.942871094 0.333007812 0.016998291
vn -0.942871094 -0.333007812 0.016998291
vn -0.949707031 0.312744141 0.00573730469
vn -0.949707031 -0.312744141 0.00573730469
vn -0.990234375 0.137573242 0.00732421875
vn -0.990234375 -0.137573242 0.00732421875
vn -0.987792969 0.15234375 0.0242919922
vn -0.987792969 -0.15234375 0.0242919922
vn -0.990234375 -0.136108398 -0.0225830078
vn -0.990234375 0.136108398 -0.0225830078
vn -0.98828125 -0.128540039 -0.0798950195
vn -0.98828125 0.128540039 -0.0798950195
vn -0.98046875 0.128540039 -0.149414062
vn -0.98046875 -0.128540039 -0.149414062
vn -0.969238281 0.135986328 -0.205444336
vn -0.969238281 -0.135986328 -0.205444336
vn -0.960449219 0.135986328 -0.243530273
vn -0.960449219 -0.136108398 -0.243530273
vn -0.944824219 -0.130249023 -0.300292969
vn -0.944824219 0.130249023 -0.300292969
vn -0.91796875 0.130126953 -0.374267578
vn -0.91796875 -0.130126953 -0.374267578
vn -0.880371094 -0.130126953 -0.455810547
vn -0.880371094 0.130126953 -0.455810547
vn -0.829589844 0.130004883 -0.54296875
vn -0.829589844 -0.130004883 -0.54296875
vn -0.763183594 -0.130004883 -0.6328125
vn -0.763183594 0.130004883 -0.6328125
vn -0.6953125 0.130126953 -0.70703125
vn -0.6953125 -0.130126953 -0.70703125
vn -0.628417969 0.130126953 -0.767089844
vn -0.628417969 -0.130126953 -0.767089844
vn -0.556640625 0.130126953 -0.8203125
vn -0.556640625 -0.130126953 -0.8203125
vn -0.479980469 -0.130249023 -0.867675781
vn -0.479980469 0.130249023 -0.867675781
vn -0.409667969 0.133422852 -0.90234375
vn -0.409667969 -0.133422852 -0.90234375
vn -0.358154297 0.130371094 -0.924316406
vn -0.358154297 -0.130371094 -0.924316406
vn -0.316162109 -0.131591797 -0.939453125
vn -0.316162109 0.131591797 -0.939453125
vn -0.273681641 0.130493164 -0.953125
vn -0.273681641 -0.130493164 -0.953125
vn -0.230102539 -0.131591797 -0.964355469
vn -0.230102539 0.131591797 -0.964355469
vn -0.186279297 0.130371094 -0.973632812
vn -0.186279297 -0.130371094 -0.973632812
vn -0.130615234 -0.133422852 -0.982421875
vn -0.130615234 0.133422852 -0.982421875
vn -0.049407959 0.130126953 -0.990234375
vn -0.049407959 -0.130126953 -0.990234375
vn 0.844726562 0.0883789062 0.527832031
vn 0.859375 -0.0588989258 0.5078125
vn 0.786621094 0.470703125 0.399169922
vn 0.820800781 0.192871094 0.538085938
vn 0.801757812 0.277832031 0.529296875
vn 0.850585938 0.183227539 0.493164062
vn 0.891113281 0.130371094 0.434326172
vn 0.806640625 0.495117188 0.322509766
vn 0.916015625 0.130371094 0.37890625
vn 0.934570312 0.152832031 0.321289062
vn 0.57421875 0.767578125 0.284912109
vn 0.734375 0.46875 0.490478516
vn 0.849609375 0.472167969 0.235229492
vn 0.955566406 0.130371094 0.264648438
vn 0.966796875 0.152832031 0.205078125
vn 0.619628906 0.764648438 0.178710938
vn 0.872070312 0.472167969 0.129882812
vn 0.98046875 0.130371094 0.146118164
vn 0.984375 0.153076172 0.0855712891
vn 0.639648438 0.762695312 0.092956543
vn 0.881835938 0.470947266 0.0257873535
vn 0.991210938 0.130371094 0.0250854492
vn 0.989746094 0.139648438 -0.0283508301
vn 0.881835938 0.466796875 0.0640869141
vn 0.995605469 0.0864868164 -0.0350036621
vn 0.9921875 0.122070312 0.0307617188
vn 0.985839844 0.131103516 0.106262207
vn 0.618164062 0.785644531 0.018737793
vn -0.23059082 -0.132568359 0.963867188
vn -0.224487305 -0.0212402344 0.974121094
vn -0.11126709 -0.159667969 0.980957031
vn 0.634277344 0.771972656 0.0424194336
vn -0.0105895996 -0.140136719 0.990234375
vn 0.392578125 0.919433594 0.0305175781
vn 0.385986328 0.921386719 0.0428161621
vn 0.190063477 0.981445312 0.0278015137
vn 0.131958008 0.98828125 0.0783691406
vn 0.401611328 0.911621094 0.0852050781
vn 0.189086914 0.980957031 0.0386657715
vn 0.1875 0.981933594 0.0159606934
vn 0.377441406 0.918457031 0.119018555
vn 0.177856445 0.98046875 0.0853271484
vn 0.366699219 0.913574219 0.17565918
vn 0.537597656 0.764648438 0.35546875
vn 0.307373047 0.930664062 0.198974609
vn 0.150634766 0.980957031 0.122802734
vn 0.362792969 0.885742188 0.289794922
vn 0.0928344727 0.995605469 0.00631713867
vn 0.119873047 0.992675781 0.00549316406
vn 0.0726928711 0.996582031 0.0444335938
vn 0.100646973 0.994628906 0.0112304688
vn 0.0965576172 0.994628906 0.0305480957
vn 0.0959472656 0.994628906 0.034942627
vn 0.0826416016 0.995605469 0.0428771973
vn 0.135742188 0.987304688 0.083190918
vn 0.0724487305 0.995605469 0.0584716797
vn 0.0902099609 0.991210938 0.0953369141
vn 0.0764160156 0.992675781 0.0949707031
vn 0.14831543 0.98046875 0.128417969
vn 0.0704345703 0.995605469 0.0608520508
vn 0.130737305 0.98046875 0.146850586
vn 0.103515625 0.992675781 0.0616760254
vn 0.101501465 0.980957031 0.165283203
vn 0.0604858398 0.995117188 0.0806884766
vn 0.0452270508 0.995605469 0.0831298828
vn 0.0419311523 0.995117188 0.091796875
vn 0.0635986328 0.98046875 0.186645508
vn 0.0283813477 0.995605469 0.088684082
vn 0.0175170898 0.995605469 0.0914916992
vn 0.245117188 0.924316406 0.292480469
vn -0.618164062 0.141235352 0.7734375
vn -0.538085938 0.165527344 0.826660156
vn 0.41796875 0.763671875 0.491699219
vn -0.433837891 0.144897461 0.889160156
vn 0.258056641 0.928222656 0.267822266
vn 0.0306091309 0.979980469 0.195800781
vn 0.00708007812 0.995117188 0.099609375
vn 0.307373047 0.913574219 0.265625
vn 0.57421875 0.463867188 0.674804688
vn -0.439697266 0.025604248 0.897949219
vn 0.642578125 0.129882812 0.755371094
vn 0.488769531 0.763183594 0.422363281
vn 0.670410156 0.463378906 0.579589844
vn 0.75 0.129882812 0.6484375
vn 0.837890625 0.129882812 0.529785156
vn 0.748535156 0.464111328 0.473388672
vn 0.852050781 0.025970459 -0.522949219
vn 0.84375 0.146362305 -0.516601562
vn 0.545410156 0.764160156 0.344482422
vn 0.771484375 0.165771484 -0.614257812
vn 0.32421875 0.924316406 0.201782227
vn 0.712402344 0.140625 -0.6875
vn 0.0881958008 0.988769531 0.11932373
vn 0.0498962402 0.996582031 0.0671386719
vn 0.0378417969 0.981445312 0.187011719
vn 0.0235290527 0.995605469 0.0921020508
vn 0.0612487793 0.98046875 0.188110352
vn 0.0398254395 0.995117188 0.0899047852
vn 0.0532836914 0.993652344 0.0978393555
vn 0.913574219 0.022857666 -0.406005859
vn 0.120727539 0.980957031 0.152587891
vn 0.0539245605 0.995117188 0.0822753906
vn 0.0628662109 0.995605469 0.0704345703
vn 0.0720825195 0.995117188 0.0678710938
vn 0.159912109 0.98046875 0.116394043
vn 0.0800170898 0.995605469 0.0516357422
vn 0.0628051758 0.997070312 0.0407104492
vn 0.126708984 0.982910156 0.132202148
vn 0.0667724609 0.996582031 0.0525817871
vn 0.063659668 0.995605469 0.0679321289
vn 0.0484619141 0.996582031 0.0701904297
vn 0.0347595215 0.997070312 0.0649414062
vn 0.0562744141 0.994628906 0.0894775391
vn 0.129150391 0.98046875 0.147949219
vn 0.0574951172 0.994628906 0.0840454102
vn 0.063293457 0.995605469 0.068359375
vn 0.124328613 0.982421875 0.138427734
vn 0.063293457 0.995605469 0.068359375
vn 0.0411682129 0.997070312 0.0638427734
vn 0.0251464844 0.998535156 0.0501708984
vn 0.0740356445 0.991210938 0.110107422
vn 0.143798828 0.980957031 0.132324219
vn 0.104248047 0.979980469 0.170410156
vn 0.0675048828 0.994628906 0.0803222656
vn 0.0709838867 0.995605469 0.0602722168
vn 0.0785522461 0.995605469 0.0499267578
vn 0.169799805 0.98046875 0.10144043
vn 0.0939941406 0.994628906 0.0413818359
vn 0.190429688 0.98046875 0.0468444824
vn 0.0952758789 0.994628906 0.0377807617
vn 0.0900268555 0.995605469 0.0234069824
vn 0.101379395 0.994628906 0.013458252
vn 0.11529541 0.993164062 0.00793457031
vn 0.195678711 0.98046875 -0.0207824707
vn 0.1015625 0.994628906 0.000366210938
vn 0.0922851562 0.995605469 -0.0119934082
vn 0.105041504 0.994140625 -0.0285339355
vn 0.180664062 0.98046875 -0.0780639648
vn 0.0859375 0.995605469 -0.0357666016
vn 0.0848388672 0.995117188 -0.0462036133
vn 0.1640625 0.979980469 -0.111877441
vn 0.076965332 0.995605469 -0.0522460938
vn 0.0739746094 0.995117188 -0.0621032715
vn 0.13684082 0.98046875 -0.141479492
vn 0.0645141602 0.995605469 -0.0670166016
vn 0.0608215332 0.994628906 -0.0837402344
vn 0.0881958008 0.979980469 -0.177734375
vn 0.0570678711 0.994628906 -0.0861206055
vn 0.0405273438 0.995605469 -0.0837402344
vn 0.0332336426 0.995605469 -0.0902709961
vn 0.049407959 0.98046875 -0.191040039
vn 0.0219726562 0.995605469 -0.0904541016
vn 0.0115356445 0.994140625 -0.106384277
vn -0.0105285645 0.98046875 -0.196044922
vn -0.0036315918 0.995605469 -0.0930786133
vn -0.0266418457 0.993652344 -0.110595703
vn -0.0556030273 0.986328125 -0.154907227
vn -0.0229492188 0.995605469 -0.0927124023
vn -0.0068359375 0.998535156 -0.0536193848
vn -0.0254211426 0.991210938 -0.131347656
vn -0.0833740234 0.979980469 -0.181762695
vn -0.0262451172 0.994140625 -0.106201172
vn -0.0383605957 0.995605469 -0.084777832
vn -0.0648803711 0.993164062 -0.0989990234
vn -0.0834350586 0.982910156 -0.164306641
vn -0.0487976074 0.99609375 -0.0723876953
vn -0.0414733887 0.995605469 -0.0833129883
vn -0.0297546387 0.99609375 -0.0855712891
vn -0.0300292969 0.983398438 -0.17956543
vn -0.0218505859 0.995605469 -0.0891723633
vn -0.0117492676 0.995605469 -0.0922241211
vn 0.000152587891 0.995605469 -0.0933227539
vn -0.0540161133 0.995117188 0.0822753906
vn 0.0160217285 0.995605469 -0.0922851562
vn 0.0349121094 0.995605469 -0.0861206055
vn 0.0550842285 0.995605469 -0.0739746094
vn 0.0743408203 0.995605469 -0.0562438965
vn 0.0883178711 0.995605469 -0.0377197266
vn 0.0941772461 0.995117188 -0.0237121582
vn 0.0938110352 0.995605469 -0.0119018555
vn 0.180664062 0.983398438 -0.0200500488
vn 0.0928955078 0.995605469 -0.00259399414
vn -0.791503906 0.159667969 0.590332031
vn -0.160522461 0.151733398 0.975097656
vn 0.0171203613 0.991210938 -0.131347656
vn -0.975097656 0.154541016 0.159545898
vn -0.34375 0.261962891 0.901855469
vn -0.077331543 0.922851562 -0.376953125
vn -0.846679688 0.272705078 0.456787109
vn -0.976074219 0.140991211 0.166748047
vn -0.126708984 0.916992188 -0.378662109
vn -0.188720703 0.919433594 -0.345458984
vn -0.204956055 0.770996094 -0.603027344
vn 0.385253906 0.917480469 -0.0978393555
vn 0.264404297 0.137329102 0.954589844
vn -0.595214844 -0.763671875 0.249755859
vn -0.204467773 0.470947266 -0.858398438
vn -0.990722656 0.130493164 0.0373840332
vn -0.999023438 0.0221252441 0.0433959961
vn -0.227905273 0.131347656 -0.96484375
vn -0.296142578 0.471679688 -0.830566406
vn -0.333251953 0.131347656 -0.93359375
vn -0.304443359 0.767578125 -0.564453125
vn -0.395019531 0.471679688 -0.788574219
vn -0.491210938 0.441162109 -0.750976562
vn -0.444335938 0.131347656 -0.886230469
vn -0.526367188 0.130981445 -0.83984375
vn -0.5703125 0.12109375 -0.8125
vn -0.569824219 0.143798828 -0.809082031
vn -0.472900391 0.475097656 -0.7421875
vn -0.555175781 0.134277344 -0.820800781
vn -0.540039062 0.130493164 -0.831542969
vn -0.523925781 0.134277344 -0.841308594
vn -0.502441406 0.149047852 -0.8515625
vn -0.479248047 0.172729492 -0.860351562
vn -0.352783203 0.470214844 -0.809082031
vn -0.463623047 0.164794922 -0.870605469
vn -0.440917969 0.138549805 -0.88671875
vn -0.379394531 0.130126953 -0.916015625
vn -0.276611328 0.130126953 -0.952148438
vn -0.323974609 0.796875 -0.509277344
vn -0.246948242 0.46484375 -0.850097656
vn -0.168823242 0.130126953 -0.977050781
vn -0.264648438 0.763183594 -0.589355469
vn -0.171386719 0.915039062 -0.364746094
vn -0.150756836 0.46484375 -0.872558594
vn -0.172485352 0.131225586 -0.976074219
vn -0.1796875 0.764648438 -0.619140625
vn -0.0933227539 0.926269531 -0.365234375
vn -0.153442383 0.471435547 -0.868652344
vn -0.28515625 0.131347656 -0.94921875
vn -0.0992431641 0.796386719 -0.596191406
vn -0.0863647461 0.893066406 -0.441162109
vn -0.117858887 0.768554688 -0.62890625
vn -0.252441406 0.433349609 -0.865234375
vn -0.12890625 0.765625 -0.630371094
vn -0.080078125 0.922851562 -0.376220703
vn -0.268798828 0.502929688 -0.821289062
vn -0.297119141 0.130249023 -0.945800781
vn -0.219238281 0.130249023 -0.966796875
vn -0.179199219 0.469482422 -0.864746094
vn -0.166748047 0.137329102 -0.9765625
vn -0.13671875 0.146362305 -0.979980469
vn -0.0811157227 0.476074219 -0.875488281
vn -0.106933594 0.137329102 -0.984863281
vn -0.0643310547 0.12878418 -0.989746094
vn -0.0163574219 0.913574219 -0.406005859
vn -0.0338134766 0.465332031 -0.884765625
vn -0.0113525391 0.12878418 -0.991699219
vn 0.0118713379 0.475097656 -0.879882812
vn 0.0317687988 0.137451172 -0.990234375
vn 0.0664672852 0.15637207 -0.985351562
vn 0.0617370605 0.140258789 -0.98828125
vn -0.0255126953 0.769042969 -0.638671875
vn 0.0645751953 0.767578125 -0.637207031
vn 0.042175293 0.920410156 -0.388427734
vn 0.0822753906 0.466552734 -0.880859375
vn 0.0939941406 0.130249023 -0.986816406
vn 0.171875 0.130249023 -0.9765625
vn 0.105834961 0.913574219 -0.392578125
vn 0.151733398 0.483642578 -0.862304688
vn 0.165405273 0.76953125 -0.616699219
vn 0.227783203 0.465576172 -0.854980469
vn 0.255126953 0.130249023 -0.958007812
vn 0.302001953 0.485351562 -0.8203125
vn 0.342529297 0.130249023 -0.930175781
vn 0.172485352 0.915039062 -0.364990234
vn 0.385986328 0.465332031 -0.796386719
vn 0.432128906 0.130249023 -0.892089844
vn 0.271972656 0.767089844 -0.580566406
vn 0.235107422 0.919921875 -0.314208984
vn 0.333984375 0.772460938 -0.540039062
vn 0.465576172 0.465332031 -0.752929688
vn 0.521484375 0.130249023 -0.843261719
vn 0.394775391 0.765136719 -0.508789062
vn 0.542480469 0.465332031 -0.69921875
vn 0.607910156 0.130249023 -0.783203125
vn 0.687988281 0.130249023 -0.714355469
vn 0.446777344 0.765136719 -0.463867188
vn 0.614257812 0.465332031 -0.637695312
vn 0.759277344 0.130249023 -0.637695312
vn 0.677734375 0.465332031 -0.569335938
vn 0.8203125 0.130249023 -0.557128906
vn 0.283203125 0.915527344 -0.285644531
vn 0.732421875 0.465332031 -0.497314453
vn 0.870605469 0.130249023 -0.474609375
vn 0.485839844 0.772949219 -0.408203125
vn 0.336181641 0.915039062 -0.223388672
vn 0.767089844 0.486816406 -0.41796875
vn 0.915039062 0.130126953 -0.381835938
vn 0.53515625 0.767578125 -0.353271484
vn 0.37109375 0.913574219 -0.165161133
vn 0.589355469 0.767089844 -0.254638672
vn 0.816894531 0.46484375 -0.341064453
vn 0.95703125 0.129882812 -0.259277344
vn 0.376464844 0.920898438 -0.101989746
vn 0.854980469 0.463867188 -0.231567383
vn 0.623046875 0.763671875 -0.168701172
vn 0.404052734 0.913574219 -0.0430603027
vn 0.877441406 0.468994141 -0.101928711
vn 0.983398438 0.130004883 -0.126708984
vn 0.986328125 0.16394043 -0.0220336914
vn 0.642578125 0.763183594 -0.0684814453
vn 0.387939453 0.921386719 0.0268249512
vn 0.881347656 0.469970703 0.0484924316
vn 0.989257812 0.130249023 0.0668334961
vn 0.641113281 0.766601562 0.0374755859
vn 0.86328125 0.484863281 0.139526367
vn 0.979003906 0.130249023 0.158203125
vn 0.959472656 0.130249023 0.249755859
vn 0.394775391 0.9140625 0.0928344727
vn 0.856445312 0.465332031 0.222900391
vn 0.931640625 0.130249023 0.339355469
vn 0.622558594 0.767578125 0.153442383
vn 0.831542969 0.465332031 0.302734375
vn 0.895996094 0.130249023 0.424804688
vn 0.368408203 0.91796875 0.145507812
vn 0.599609375 0.767578125 0.227172852
vn 0.790039062 0.485595703 0.374511719
vn 0.853515625 0.130249023 0.504394531
vn 0.751464844 0.471679688 0.461181641
vn 0.807128906 0.173828125 0.563964844
vn 0.791992188 0.197265625 0.577636719
vn 0.780761719 0.232910156 0.579589844
vn 0.779785156 0.22668457 0.583496094
vn 0.665039062 0.471679688 0.579101562
vn 0.784179688 0.163208008 0.598632812
vn 0.770507812 0.146606445 0.620117188
vn 0.733886719 0.130249023 0.666503906
vn 0.599609375 0.471435547 0.646484375
vn 0.689453125 0.130249023 0.712402344
vn 0.64453125 0.146240234 0.750488281
vn 0.614257812 0.165893555 0.771484375
vn 0.547363281 0.766113281 0.337402344
vn 0.484130859 0.478027344 0.732910156
vn 0.586425781 0.146240234 0.796875
vn 0.548828125 0.130371094 0.825683594
vn 0.506835938 0.146362305 0.849609375
vn 0.46484375 0.185913086 0.865722656
vn 0.421386719 0.241088867 0.874511719
vn 0.438476562 0.141723633 0.887695312
vn 0.464111328 0.464355469 0.754394531
vn 0.356445312 0.762695312 0.539550781
vn 0.348876953 0.913085938 0.209960938
vn 0.43359375 0.764160156 0.478027344
vn 0.491699219 0.764160156 0.41796875
vn 0.308837891 0.9140625 0.262695312
vn 0.260742188 0.919433594 0.293701172
vn 0.191772461 0.934570312 0.299804688
vn 0.330566406 0.76953125 0.546386719
vn 0.229492188 0.907714844 0.351806641
vn 0.383789062 0.763671875 0.519042969
vn 0.268310547 0.917480469 0.29296875
vn 0.433349609 0.771972656 0.465332031
vn 0.518554688 0.479003906 0.708496094
vn 0.275390625 0.913574219 0.298583984
vn 0.21472168 0.922851562 0.3203125
vn 0.427246094 0.768554688 0.476074219
vn 0.230102539 0.911132812 0.342041016
vn 0.549316406 0.136108398 0.82421875
vn 0.499267578 0.114379883 0.858886719
vn 0.464111328 0.0709838867 0.8828125
vn 0.427734375 0.00268554688 0.903808594
vn 0.621582031 0.120544434 0.773925781
vn 0.603515625 0.459716797 0.651855469
vn 0.665527344 0.130859375 0.734863281
vn 0.709960938 0.106079102 0.696289062
vn 0.742675781 0.0878295898 0.6640625
vn 0.617675781 0.486328125 0.618164062
vn 0.739746094 0.204345703 0.641113281
vn 0.678222656 0.124633789 0.724121094
vn 0.575195312 0.451660156 0.682128906
vn 0.586914062 0.126953125 0.799316406
vn 0.519042969 0.465332031 0.717285156
vn 0.518066406 0.130249023 0.845214844
vn 0.373535156 0.766113281 0.522949219
vn 0.461181641 0.474121094 0.75
vn 0.301513672 0.779296875 0.548828125
vn 0.413818359 0.467773438 0.780761719
vn 0.437744141 0.468505859 0.767578125
vn 0.470947266 0.130371094 0.872558594
vn 0.426025391 0.148803711 0.892578125
vn 0.418945312 0.127685547 0.898925781
vn 0.437011719 0.113098145 0.892578125
vn 0.509277344 0.131103516 0.850585938
vn 0.314453125 0.761230469 0.566894531
vn 0.520996094 0.471191406 0.711425781
vn 0.585449219 0.131347656 0.799804688
vn 0.376708984 0.770019531 0.514648438
vn 0.603027344 0.471923828 0.643066406
vn 0.677734375 0.131469727 0.723144531
vn 0.278076172 0.916992188 0.28515625
vn 0.435791016 0.770996094 0.46484375
vn 0.677734375 0.471435547 0.564453125
vn 0.76171875 0.131225586 0.634765625
vn 0.496826172 0.762695312 0.413818359
vn 0.374755859 0.893066406 0.248657227
vn 0.738769531 0.466552734 0.486083984
vn 0.81640625 0.130981445 0.562011719
vn 0.850097656 0.11895752 0.512695312
vn 0.872558594 0.0893554688 0.48046875
vn 0.886230469 0.0609436035 0.459228516
vn 0.890625 0.0517272949 0.451416016
vn 0.889648438 0.0593566895 0.452636719
vn 0.869140625 0.165649414 0.466064453
vn 0.533203125 0.770996094 0.348388672
vn 0.732421875 0.486816406 0.475585938
vn 0.858886719 0.249633789 0.447021484
vn 0.858398438 0.234619141 0.456298828
vn 0.856933594 0.216308594 0.468017578
vn 0.854003906 0.195922852 0.481933594
vn 0.849609375 0.174560547 0.497558594
vn 0.843261719 0.153564453 0.515136719
vn 0.83984375 0.138671875 0.524902344
vn 0.8359375 0.140625 0.530761719
vn 0.811523438 0.128417969 0.5703125
vn 0.33203125 0.913085938 0.235961914
vn 0.517089844 0.770507812 0.372314453
vn 0.709472656 0.464111328 0.530273438
vn 0.776855469 0.128417969 0.616210938
vn 0.284423828 0.917480469 0.278564453
vn 0.676757812 0.475830078 0.561523438
vn 0.74609375 0.14050293 0.650878906
vn 0.727539062 0.14050293 0.671386719
vn 0.454833984 0.765625 0.455078125
vn 0.623535156 0.471923828 0.623046875
vn 0.701171875 0.130493164 0.700683594
vn 0.671875 0.14050293 0.727050781
vn 0.651367188 0.14050293 0.745605469
vn 0.552734375 0.484130859 0.678222656
vn 0.615234375 0.130371094 0.77734375
vn 0.263183594 0.91015625 0.319580078
vn 0.368164062 0.765136719 0.528320312
vn 0.5 0.468994141 0.728027344
vn 0.421875 0.465820312 0.777832031
vn 0.572265625 0.130371094 0.809570312
vn 0.53125 0.14050293 0.835449219
vn 0.5078125 0.14050293 0.850097656
vn 0.458496094 0.130249023 0.87890625
vn 0.218017578 0.918457031 0.329589844
vn 0.174194336 0.922851562 0.343017578
vn 0.317138672 0.767578125 0.556640625
vn 0.343261719 0.463623047 0.816894531
vn 0.386230469 0.130126953 0.913085938
vn 0.282958984 0.762695312 0.581542969
vn 0.120300293 0.916503906 0.381347656
vn 0.243774414 0.768554688 0.591308594
vn 0.277832031 0.465820312 0.840332031
vn 0.311279297 0.130249023 0.94140625
vn 0.202026367 0.765625 0.610839844
vn 0.145385742 0.774414062 0.615722656
vn 0.975097656 -0.159545898 -0.154052734
vn 0.952636719 -0.146606445 -0.265869141
vn 0.211547852 0.468994141 0.857421875
vn 0.251708984 0.130371094 0.958984375
vn 0.204467773 0.140625 0.96875
vn 0.178222656 0.15625 0.971679688
vn 0.175292969 0.153930664 0.972167969
vn 0.1796875 0.147827148 0.97265625
vn 0.183349609 0.141357422 0.97265625
vn 0.187744141 0.130981445 0.973632812
vn 0.962890625 -0.0157165527 -0.268798828
vn 0.84375 -0.146362305 -0.516601562
vn 0.852050781 -0.025970459 -0.522949219
vn 0.962890625 0.0157775879 -0.269287109
vn 0.952636719 0.147094727 -0.266113281
vn 0.771484375 -0.165649414 -0.614257812
vn 0.975097656 0.16015625 -0.153564453
vn 0.712402344 -0.140625 -0.6875
vn 0.910644531 -0.0269775391 -0.412353516
vn 0.0889282227 -0.988769531 0.119506836
vn 0.464111328 -0.0709838867 0.8828125
vn 0.427734375 -0.00268554688 0.903808594
vn 0.464111328 -0.464355469 0.754394531
vn 0.499267578 -0.114379883 0.858886719
vn 0.549316406 -0.136108398 0.82421875
vn 0.518554688 -0.479003906 0.708496094
vn 0.621582031 -0.120544434 0.773925781
vn 0.603515625 -0.459716797 0.651855469
vn 0.665527344 -0.130859375 0.734863281
vn 0.709472656 -0.106079102 0.696289062
vn 0.742675781 -0.0878295898 0.6640625
vn 0.617675781 -0.486328125 0.618164062
vn 0.739746094 -0.204345703 0.641113281
vn 0.678222656 -0.124633789 0.724121094
vn 0.433349609 -0.771972656 0.465332031
vn 0.575195312 -0.451660156 0.682128906
vn 0.586914062 -0.126953125 0.799316406
vn 0.427246094 -0.768554688 0.476074219
vn 0.519042969 -0.465332031 0.717285156
vn 0.518066406 -0.130249023 0.845214844
vn 0.383789062 -0.763671875 0.519042969
vn 0.461181641 -0.474121094 0.75
vn 0.373535156 -0.766113281 0.522949219
vn 0.413818359 -0.467773438 0.780761719
vn 0.470947266 -0.130371094 0.872558594
vn 0.426025391 -0.148803711 0.892578125
vn 0.418945312 -0.127685547 0.898925781
vn 0.437744141 -0.468505859 0.767578125
vn 0.437011719 -0.113098145 0.892578125
vn 0.509277344 -0.131103516 0.850585938
vn 0.301513672 -0.779296875 0.548828125
vn 0.21472168 -0.922851562 0.3203125
vn 0.520996094 -0.471191406 0.711425781
vn 0.585449219 -0.131347656 0.799804688
vn 0.275390625 -0.913574219 0.298583984
vn 0.129150391 -0.98046875 0.147949219
vn 0.230102539 -0.911132812 0.342041016
vn 0.268310547 -0.917480469 0.29296875
vn 0.124328613 -0.982421875 0.138427734
vn 0.229492188 -0.907714844 0.351806641
vn 0.314453125 -0.761230469 0.566894531
vn 0.376708984 -0.770019531 0.514648438
vn 0.330566406 -0.76953125 0.546386719
vn 0.126708984 -0.982910156 0.132202148
vn 0.278076172 -0.916992188 0.28515625
vn 0.0562744141 -0.994628906 0.0894775391
vn 0.0347595215 -0.997070312 0.0649414062
vn 0.0574951172 -0.994628906 0.0840454102
vn 0.063293457 -0.995605469 0.068359375
vn 0.0484619141 -0.996582031 0.0701904297
vn 0.063659668 -0.995605469 0.0679321289
vn 0.063293457 -0.995605469 0.068359375
vn 0.0667724609 -0.996582031 0.0525817871
vn 0.0411682129 -0.997070312 0.0638427734
vn 0.0251464844 -0.998535156 0.0501708984
vn 0.0740356445 -0.991210938 0.110107422
vn 0.0628051758 -0.997070312 0.0407104492
vn 0.159912109 -0.98046875 0.116394043
vn 0.0800170898 -0.995605469 0.0516357422
vn 0.0720825195 -0.995117188 0.0678710938
vn 0.143798828 -0.980957031 0.132324219
vn 0.104248047 -0.979980469 0.170410156
vn 0.0675048828 -0.994628906 0.0803222656
vn 0.0709838867 -0.995605469 0.0602722168
vn 0.0785522461 -0.995605469 0.0499267578
vn 0.120727539 -0.980957031 0.152587891
vn 0.0628662109 -0.995605469 0.0704345703
vn 0.0539245605 -0.995117188 0.0822753906
vn 0.0532836914 -0.993652344 0.0978393555
vn 0.0612487793 -0.98046875 0.188110352
vn 0.0398254395 -0.995117188 0.0899047852
vn 0.0235290527 -0.995605469 0.0920410156
vn 0.191772461 -0.934570312 0.299804688
vn 0.356445312 -0.762695312 0.539550781
vn 0.484130859 -0.478027344 0.732910156
vn 0.438476562 -0.141723633 0.887695312
vn 0.421386719 -0.241088867 0.874511719
vn 0.46484375 -0.185913086 0.865722656
vn 0.506835938 -0.146362305 0.849609375
vn 0.548828125 -0.130371094 0.825683594
vn 0.586425781 -0.146240234 0.796875
vn 0.614257812 -0.165893555 0.771484375
vn 0.599609375 -0.471435547 0.646484375
vn 0.645019531 -0.146240234 0.750488281
vn 0.689453125 -0.130249023 0.712402344
vn 0.733886719 -0.130249023 0.666503906
vn 0.665039062 -0.471679688 0.579101562
vn 0.770507812 -0.146606445 0.620117188
vn 0.784179688 -0.163208008 0.598632812
vn 0.779785156 -0.22668457 0.583496094
vn 0.751464844 -0.471679688 0.461181641
vn 0.780761719 -0.232910156 0.579589844
vn 0.791992188 -0.197265625 0.577636719
vn 0.807128906 -0.173828125 0.563964844
vn 0.853515625 -0.130249023 0.504394531
vn 0.43359375 -0.764160156 0.478027344
vn 0.491699219 -0.764160156 0.41796875
vn 0.260742188 -0.919433594 0.293701172
vn 0.790039062 -0.485595703 0.374511719
vn 0.895996094 -0.130249023 0.424804688
vn 0.547363281 -0.766113281 0.337402344
vn 0.308837891 -0.9140625 0.262695312
vn 0.831542969 -0.465576172 0.302734375
vn 0.931640625 -0.130249023 0.339355469
vn 0.348876953 -0.913085938 0.209960938
vn 0.169799805 -0.98046875 0.10144043
vn 0.0939941406 -0.994628906 0.0413818359
vn 0.190429688 -0.98046875 0.0468444824
vn 0.0952758789 -0.994628906 0.0377807617
vn 0.0900268555 -0.995605469 0.0234069824
vn 0.101379395 -0.994628906 0.013458252
vn 0.11529541 -0.993164062 0.00793457031
vn 0.195678711 -0.98046875 -0.0207824707
vn 0.1015625 -0.994628906 0.000366210938
vn 0.0922851562 -0.995605469 -0.0119934082
vn 0.105041504 -0.994140625 -0.0285339355
vn 0.368408203 -0.91796875 0.145507812
vn 0.599609375 -0.767578125 0.227172852
vn 0.394775391 -0.9140625 0.0928344727
vn 0.622558594 -0.767578125 0.153442383
vn 0.387939453 -0.921386719 0.0268249512
vn 0.180664062 -0.98046875 -0.0780639648
vn 0.0859375 -0.995605469 -0.0357666016
vn 0.0848388672 -0.995117188 -0.0462036133
vn 0.856445312 -0.465332031 0.222900391
vn 0.959472656 -0.130249023 0.249755859
vn 0.86328125 -0.484863281 0.139526367
vn 0.979003906 -0.130249023 0.158203125
vn 0.989257812 -0.130249023 0.0668334961
vn 0.641113281 -0.766601562 0.0374755859
vn 0.881347656 -0.469970703 0.0484924316
vn 0.986328125 -0.16394043 -0.0220336914
vn 0.877441406 -0.468994141 -0.101928711
vn 0.983398438 -0.130004883 -0.126708984
vn 0.95703125 -0.129882812 -0.259277344
vn 0.642578125 -0.763183594 -0.0684814453
vn 0.854980469 -0.463867188 -0.231567383
vn 0.404052734 -0.913574219 -0.0430603027
vn 0.623046875 -0.763671875 -0.168701172
vn 0.376464844 -0.920898438 -0.101989746
vn 0.816894531 -0.46484375 -0.341064453
vn 0.915039062 -0.130126953 -0.381835938
vn 0.589355469 -0.767089844 -0.254638672
vn 0.37109375 -0.913574219 -0.165161133
vn 0.767089844 -0.486816406 -0.41796875
vn 0.870605469 -0.130249023 -0.474609375
vn 0.1640625 -0.979980469 -0.111877441
vn 0.076965332 -0.995605469 -0.0522460938
vn 0.0739746094 -0.995117188 -0.0621032715
vn 0.13684082 -0.98046875 -0.141479492
vn 0.0645141602 -0.995605469 -0.0670166016
vn 0.0608215332 -0.994628906 -0.0837402344
vn 0.0881958008 -0.979980469 -0.177734375
vn 0.0570678711 -0.994628906 -0.0861206055
vn 0.0405273438 -0.995605469 -0.0837402344
vn 0.0332336426 -0.995605469 -0.0902709961
vn 0.336181641 -0.915039062 -0.223388672
vn 0.049407959 -0.98046875 -0.191040039
vn 0.0219726562 -0.995605469 -0.0904541016
vn 0.0115356445 -0.994140625 -0.106384277
vn 0.53515625 -0.767578125 -0.353271484
vn 0.732421875 -0.465332031 -0.497314453
vn 0.8203125 -0.130249023 -0.557128906
vn 0.485839844 -0.772949219 -0.408203125
vn 0.677734375 -0.465332031 -0.569335938
vn 0.759277344 -0.130249023 -0.637695312
vn 0.283203125 -0.915527344 -0.285644531
vn 0.614257812 -0.465332031 -0.637695312
vn 0.687988281 -0.130249023 -0.714355469
vn 0.446777344 -0.765136719 -0.463867188
vn 0.235107422 -0.919921875 -0.314208984
vn 0.542480469 -0.465332031 -0.69921875
vn 0.607910156 -0.130249023 -0.783203125
vn 0.521484375 -0.130249023 -0.843261719
vn 0.394775391 -0.765136719 -0.508789062
vn 0.465576172 -0.465332031 -0.752929688
vn 0.432373047 -0.130249023 -0.892089844
vn 0.333984375 -0.772460938 -0.540039062
vn 0.385986328 -0.465332031 -0.796386719
vn 0.342529297 -0.130249023 -0.930175781
vn 0.172485352 -0.915039062 -0.364990234
vn 0.302001953 -0.485351562 -0.8203125
vn 0.255126953 -0.130249023 -0.958007812
vn 0.271972656 -0.767089844 -0.580566406
vn 0.105834961 -0.913574219 -0.392578125
vn 0.165405273 -0.76953125 -0.616699219
vn 0.0645751953 -0.767578125 -0.637207031
vn 0.227783203 -0.465576172 -0.854980469
vn 0.171875 -0.130249023 -0.9765625
vn 0.151733398 -0.483642578 -0.862304688
vn 0.0939941406 -0.130249023 -0.986816406
vn 0.0822753906 -0.466552734 -0.880859375
vn 0.0118713379 -0.475097656 -0.879882812
vn 0.0617370605 -0.140258789 -0.98828125
vn 0.0664672852 -0.15637207 -0.985351562
vn 0.0317382812 -0.137451172 -0.990234375
vn -0.0113525391 -0.12878418 -0.991699219
vn -0.0338134766 -0.465332031 -0.884765625
vn -0.0643310547 -0.12878418 -0.989746094
vn -0.0255126953 -0.769042969 -0.638671875
vn -0.0811157227 -0.476074219 -0.875488281
vn -0.12890625 -0.765625 -0.630371094
vn -0.106933594 -0.137329102 -0.984863281
vn -0.13671875 -0.146362305 -0.979980469
vn -0.179199219 -0.469482422 -0.864746094
vn -0.166870117 -0.137329102 -0.9765625
vn -0.219238281 -0.130249023 -0.966796875
vn -0.268798828 -0.502929688 -0.821289062
vn -0.297119141 -0.130249023 -0.945800781
vn -0.28515625 -0.131347656 -0.94921875
vn -0.0163574219 -0.913574219 -0.406005859
vn -0.252441406 -0.433349609 -0.865234375
vn -0.153442383 -0.471435547 -0.868652344
vn -0.172485352 -0.131225586 -0.976074219
vn -0.117858887 -0.768554688 -0.62890625
vn -0.150756836 -0.46484375 -0.872558594
vn -0.168823242 -0.130126953 -0.977050781
vn 0.042175293 -0.920410156 -0.388427734
vn -0.0105285645 -0.98046875 -0.196044922
vn -0.0036315918 -0.995605469 -0.0930786133
vn -0.0266418457 -0.993652344 -0.110595703
vn -0.0556030273 -0.986328125 -0.154907227
vn -0.0229492188 -0.995605469 -0.0927124023
vn -0.0068359375 -0.998535156 -0.0536193848
vn -0.0254211426 -0.991210938 -0.131347656
vn -0.0833740234 -0.979980469 -0.181762695
vn -0.0262451172 -0.994140625 -0.106201172
vn -0.0383605957 -0.995605469 -0.084777832
vn -0.0648803711 -0.993164062 -0.0989990234
vn -0.0834350586 -0.982910156 -0.164306641
vn -0.0487670898 -0.99609375 -0.0723876953
vn -0.0414733887 -0.995605469 -0.0833129883
vn -0.0297546387 -0.99609375 -0.0855712891
vn -0.0300292969 -0.983398438 -0.17956543
vn -0.0218505859 -0.995605469 -0.0891723633
vn -0.0117492676 -0.995605469 -0.0922241211
vn 0.000152587891 -0.995605469 -0.0933227539
vn -0.0540161133 -0.995117188 0.0822753906
vn 0.0160217285 -0.995605469 -0.0922851562
vn 0.0349121094 -0.995605469 -0.0861206055
vn 0.0550842285 -0.995605469 -0.0739746094
vn 0.0743408203 -0.995605469 -0.0562438965
vn 0.0883178711 -0.995605469 -0.0377197266
vn 0.0941772461 -0.995117188 -0.0237121582
vn 0.0938110352 -0.995605469 -0.0119018555
vn 0.180664062 -0.983398438 -0.0200500488
vn 0.0928955078 -0.995605469 -0.00259399414
vn -0.791503906 -0.159667969 0.58984375
vn -0.160400391 -0.151733398 0.975097656
vn 0.0171203613 -0.991210938 -0.131347656
vn -0.975097656 -0.154663086 0.159545898
vn -0.151733398 0.913574219 0.377197266
vn -0.34375 -0.261962891 0.901855469
vn -0.077331543 -0.922851562 -0.376953125
vn -0.846679688 -0.272705078 0.456787109
vn -0.00372314453 0.764160156 0.645019531
vn -0.126708984 -0.916992188 -0.378662109
vn -0.975585938 -0.141723633 0.167480469
vn -0.188720703 -0.919433594 -0.345458984
vn -0.204956055 -0.770996094 -0.603027344
vn -0.204467773 -0.470947266 -0.858398438
vn -0.990722656 -0.130249023 0.0369567871
vn -0.999023438 -0.0222473145 0.043548584
vn -0.227783203 -0.131347656 -0.96484375
vn -0.296142578 -0.471679688 -0.830566406
vn -0.333007812 -0.131347656 -0.93359375
vn -0.304443359 -0.767578125 -0.564453125
vn -0.395019531 -0.471679688 -0.788574219
vn -0.491210938 -0.441162109 -0.750976562
vn -0.444335938 -0.131347656 -0.886230469
vn -0.526367188 -0.130981445 -0.83984375
vn -0.5703125 -0.12109375 -0.8125
vn -0.569824219 -0.143798828 -0.809082031
vn -0.472900391 -0.475097656 -0.7421875
vn -0.555175781 -0.134277344 -0.820800781
vn -0.540039062 -0.130493164 -0.831542969
vn -0.523925781 -0.134277344 -0.841308594
vn -0.502441406 -0.149047852 -0.8515625
vn -0.479248047 -0.172729492 -0.860351562
vn -0.352783203 -0.470214844 -0.809082031
vn -0.463623047 -0.164672852 -0.870605469
vn -0.440917969 -0.138549805 -0.88671875
vn -0.379394531 -0.130126953 -0.916015625
vn -0.276611328 -0.130126953 -0.952148438
vn -0.323974609 -0.796875 -0.509277344
vn -0.246948242 -0.46484375 -0.850097656
vn -0.264648438 -0.763183594 -0.589355469
vn -0.171386719 -0.915039062 -0.364746094
vn -0.1796875 -0.764648438 -0.619140625
vn -0.0933227539 -0.926269531 -0.365234375
vn -0.0992431641 -0.796386719 -0.596191406
vn -0.0863647461 -0.893066406 -0.441162109
vn -0.080078125 -0.922851562 -0.376220703
vn -0.0770874023 -0.129760742 0.988769531
vn -0.9765625 0.130249023 -0.17175293
vn -0.180053711 -0.022857666 0.983398438
vn -0.8828125 0.465087891 -0.0684204102
vn 0.640136719 -0.765625 0.0600280762
vn -0.98828125 0.130249023 -0.076965332
vn -0.884765625 0.465087891 0.0247802734
vn -0.991210938 0.130249023 0.0276794434
vn 0.0327758789 -0.101928711 0.994140625
vn -0.876953125 0.465087891 0.122009277
vn -0.981933594 0.130249023 0.136230469
vn -0.9609375 0.130249023 0.243896484
vn -0.211791992 -0.1875 -0.958984375
vn 0.393066406 -0.918945312 0.0298461914
vn -0.857910156 0.465332031 0.218261719
vn 0.221923828 -0.151977539 0.963378906
vn -0.816894531 0.463867188 0.342773438
vn -0.9140625 0.130126953 0.383789062
vn -0.595214844 0.763671875 0.249755859
vn 0.262695312 -0.138305664 0.955078125
vn -0.710449219 0.462890625 0.529785156
vn -0.794921875 0.130371094 0.592773438
vn -0.592285156 0.130249023 0.794921875
vn -0.518066406 0.763183594 0.386474609
vn -0.529296875 0.462890625 0.7109375
vn -0.370117188 0.130126953 0.919921875
vn -0.326416016 0.913574219 0.243408203
vn -0.330810547 0.463378906 0.822265625
vn -0.169433594 0.130126953 0.977050781
vn -0.385986328 0.763183594 0.518066406
vn -0.791503906 -0.159667969 0.58984375
vn -0.160400391 -0.151733398 0.975097656
vn -0.243164062 0.913574219 0.326416016
vn -0.0540161133 -0.995117188 0.0822753906
vn -0.151367188 0.463867188 0.873046875
vn -0.00476074219 0.130126953 0.991699219
vn -0.241088867 0.763183594 0.599121094
vn -0.151733398 0.913574219 0.377197266
vn -0.975097656 -0.154663086 0.159545898
vn -0.00411987305 0.464599609 0.885742188
vn -0.999023438 -0.0222473145 0.043548584
vn -0.990722656 -0.130249023 0.0369567871
vn -0.110168457 0.763671875 0.635742188
vn -0.00372314453 0.764160156 0.645019531
vn -0.975585938 -0.141723633 0.167480469
vn -0.077331543 -0.922851562 -0.376953125
vn -0.34375 -0.261962891 0.901855469
vn 0.0171203613 -0.991210938 -0.131347656
vn -0.846679688 -0.272705078 0.456787109
vn 0.5234375 -0.0936279297 0.847167969
vn 0.54296875 -0.0215454102 0.83984375
vn 0.86328125 0.130126953 -0.487304688
vn 0.776367188 0.464111328 -0.426269531
vn 0.907226562 0.130249023 -0.400146484
vn -0.902832031 0.227050781 0.365234375
vn 0.625488281 -0.144165039 0.767089844
vn -0.839355469 0.275634766 -0.46875
vn 0.701171875 -0.1328125 0.700683594
vn -0.406982422 -0.128051758 -0.904296875
vn -0.145385742 -0.982421875 0.11529541
vn 0.827148438 0.46484375 -0.315917969
vn -0.594238281 -0.772460938 0.224609375
vn 0.930664062 0.130371094 -0.342041016
vn 0.946777344 0.130371094 -0.294677734
vn 0.856933594 0.465332031 -0.220703125
vn -0.613769531 -0.774414062 0.153442383
vn 0.959960938 0.130371094 -0.247558594
vn 0.971191406 0.130371094 -0.19921875
vn 0.873046875 0.465820312 -0.14465332
vn 0.981933594 0.130126953 -0.137695312
vn 0.879882812 0.466552734 -0.0893554688
vn 0.990234375 0.130004883 -0.0501098633
vn -0.626464844 -0.776855469 0.0621337891
vn 0.884277344 0.465576172 -0.0335388184
vn 0.990234375 0.130004883 0.0500793457
vn 0.884277344 0.465332031 0.0335388184
vn 0.879882812 0.466308594 0.0894165039
vn -0.626464844 -0.77734375 -0.0620117188
vn 0.979980469 0.130004883 0.150024414
vn 0.873046875 0.465820312 0.144897461
vn 0.963378906 0.130249023 0.235351562
vn 0.857421875 0.465087891 0.220703125
vn -0.613769531 -0.774414062 -0.153442383
vn 0.946777344 0.130371094 0.294677734
vn 0.827148438 0.46484375 0.315917969
vn -0.591796875 -0.774414062 -0.223022461
vn 0.930664062 0.130371094 0.342041016
vn 0.907226562 0.130249023 0.400390625
vn 0.77734375 0.464111328 0.424804688
vn 0.864746094 0.130004883 0.485351562
vn 0.806152344 0.130126953 0.577148438
vn -0.923828125 0.208374023 -0.320556641
vn 0.719238281 0.465087891 0.516113281
vn 0.559570312 -0.0151367188 -0.828613281
vn 0.555175781 -0.0706787109 -0.828613281
vn 0.624023438 -0.120605469 -0.771972656
vn -0.847167969 0.270996094 0.457275391
vn -0.944824219 0.0993652344 -0.311523438
vn 0.639160156 -0.0739135742 -0.765625
vn -0.912597656 0.155639648 0.378417969
vn -0.155395508 -0.982910156 -0.100891113
vn 0.786621094 -0.470703125 0.399169922
vn 0.859375 0.0588989258 0.5078125
vn 0.844726562 -0.0883178711 0.527832031
vn 0.820800781 -0.192871094 0.538085938
vn 0.801757812 -0.277832031 0.529296875
vn 0.850585938 -0.183227539 0.493164062
vn 0.891113281 -0.130371094 0.434326172
vn 0.806640625 -0.495117188 0.322509766
vn 0.916015625 -0.130371094 0.37890625
vn 0.934570312 -0.152832031 0.321289062
vn 0.57421875 -0.767578125 0.284912109
vn 0.734375 -0.46875 0.490478516
vn 0.849609375 -0.472167969 0.235229492
vn 0.955566406 -0.130371094 0.264648438
vn 0.966796875 -0.152832031 0.205078125
vn 0.619628906 -0.764648438 0.178710938
vn 0.872070312 -0.472167969 0.129882812
vn 0.98046875 -0.130371094 0.146118164
vn 0.984375 -0.153076172 0.0855712891
vn 0.639648438 -0.762695312 0.092956543
vn 0.881835938 -0.470947266 0.0257873535
vn 0.991210938 -0.130371094 0.0250854492
vn 0.989746094 -0.139648438 -0.0283508301
vn 0.881835938 -0.466796875 0.0640869141
vn 0.995605469 -0.0864868164 -0.0350036621
vn 0.9921875 -0.122070312 0.0307617188
vn 0.985839844 -0.131103516 0.106262207
vn 0.618164062 -0.785644531 0.018737793
vn -0.23059082 0.1328125 0.963867188
vn -0.224487305 0.0213317871 0.974121094
vn -0.11126709 0.159545898 0.980957031
vn 0.634277344 -0.771972656 0.0424194336
vn -0.00900268555 0.140869141 0.989746094
vn 0.392578125 -0.919433594 0.0305175781
vn 0.189697266 -0.981445312 0.0278015137
vn 0.385986328 -0.921386719 0.0428161621
vn 0.1875 -0.981933594 0.0159606934
vn 0.189086914 -0.980957031 0.0386657715
vn 0.401611328 -0.911621094 0.0852050781
vn 0.377441406 -0.918457031 0.119018555
vn 0.177856445 -0.98046875 0.0853271484
vn 0.366699219 -0.913574219 0.17565918
vn 0.537597656 -0.764648438 0.35546875
vn 0.307373047 -0.930664062 0.198974609
vn 0.150634766 -0.980957031 0.122802734
vn 0.362792969 -0.885742188 0.289794922
vn 0.119873047 -0.992675781 0.00549316406
vn 0.0928344727 -0.995605469 0.00631713867
vn 0.100646973 -0.994628906 0.0112304688
vn 0.0965576172 -0.994628906 0.0305480957
vn 0.0959472656 -0.994628906 0.034942627
vn 0.0826416016 -0.995605469 0.0428771973
vn 0.135742188 -0.987304688 0.083190918
vn 0.0724487305 -0.995605469 0.0584716797
vn 0.0902099609 -0.991210938 0.0953369141
vn 0.0726928711 -0.996582031 0.0444335938
vn 0.130737305 -0.98046875 0.146850586
vn 0.101501465 -0.980957031 0.165283203
vn 0.0604858398 -0.995117188 0.0806884766
vn 0.0452270508 -0.995605469 0.0831298828
vn 0.0419311523 -0.995117188 0.091796875
vn 0.131713867 -0.98828125 0.0783691406
vn 0.0764160156 -0.992675781 0.0949707031
vn 0.14831543 -0.98046875 0.128417969
vn 0.0704345703 -0.995605469 0.0608520508
vn -0.618164062 -0.141235352 0.7734375
vn 0.103515625 -0.992675781 0.0616760254
vn 0.245117188 -0.924316406 0.292480469
vn -0.538085938 -0.165527344 0.826660156
vn 0.41796875 -0.763671875 0.491699219
vn -0.433837891 -0.144897461 0.889160156
vn 0.0635986328 -0.98046875 0.186645508
vn 0.0283813477 -0.995605469 0.088684082
vn 0.0175170898 -0.995605469 0.0914916992
vn 0.0889282227 -0.988769531 0.119506836
vn 0.0498962402 -0.996582031 0.0671386719
vn 0.307373047 -0.913574219 0.265625
vn 0.57421875 -0.463867188 0.674804688
vn -0.439697266 -0.025604248 0.897949219
vn 0.642578125 -0.129882812 0.755371094
vn 0.488769531 -0.763183594 0.422363281
vn 0.670410156 -0.463378906 0.579589844
vn 0.75 -0.129882812 0.6484375
vn 0.837890625 -0.129882812 0.529785156
vn 0.748535156 -0.464111328 0.473388672
vn 0.852050781 -0.025970459 -0.522949219
vn 0.84375 -0.146362305 -0.516601562
vn 0.545410156 -0.764160156 0.344482422
vn 0.771484375 -0.165649414 -0.614257812
vn 0.32421875 -0.924316406 0.201782227
vn 0.712402344 -0.140625 -0.6875
vn 0.0383300781 -0.981445312 0.18762207
vn 0.910644531 -0.0269775391 -0.412353516
vn 0.120300293 -0.916503906 0.381347656
vn 0.174194336 -0.922851562 0.343017578
vn 0.145385742 -0.774414062 0.615722656
vn 0.975097656 0.16015625 -0.153564453
vn 0.952636719 0.147094727 -0.266113281
vn 0.202026367 -0.765625 0.610839844
vn 0.211547852 -0.468994141 0.857421875
vn 0.187744141 -0.130981445 0.973632812
vn 0.962890625 0.0157775879 -0.269287109
vn 0.183349609 -0.141357422 0.97265625
vn 0.1796875 -0.147827148 0.97265625
vn 0.175292969 -0.153930664 0.972167969
vn 0.178222656 -0.15625 0.971679688
vn 0.204467773 -0.140625 0.96875
vn 0.251708984 -0.130371094 0.958984375
vn 0.311279297 -0.130249023 0.94140625
vn 0.277832031 -0.465820312 0.840332031
vn 0.386230469 -0.130126953 0.913085938
vn 0.343261719 -0.463623047 0.816894531
vn 0.458740234 -0.130249023 0.87890625
vn 0.421875 -0.465820312 0.777832031
vn 0.5078125 -0.14050293 0.850097656
vn 0.53125 -0.14050293 0.835449219
vn 0.243774414 -0.768554688 0.591308594
vn 0.282958984 -0.762695312 0.581542969
vn 0.317138672 -0.767578125 0.556640625
vn 0.5 -0.468994141 0.728027344
vn 0.572265625 -0.130371094 0.809570312
vn 0.615234375 -0.130371094 0.777832031
vn 0.218017578 -0.918457031 0.329589844
vn 0.368164062 -0.765136719 0.528320312
vn 0.552734375 -0.484130859 0.678222656
vn 0.651367188 -0.14050293 0.745605469
vn 0.671875 -0.14050293 0.727050781
vn 0.263183594 -0.91015625 0.319580078
vn 0.623535156 -0.471923828 0.623046875
vn 0.701171875 -0.130493164 0.700683594
vn 0.727539062 -0.14050293 0.671386719
vn 0.74609375 -0.14050293 0.650878906
vn 0.454833984 -0.765625 0.455078125
vn 0.284423828 -0.917480469 0.278564453
vn 0.676757812 -0.475830078 0.561523438
vn 0.776855469 -0.128417969 0.616210938
vn 0.517089844 -0.770507812 0.372314453
vn 0.709472656 -0.464111328 0.530273438
vn 0.811523438 -0.128417969 0.5703125
vn 0.732421875 -0.486816406 0.475585938
vn 0.8359375 -0.140625 0.530761719
vn 0.83984375 -0.138671875 0.524902344
vn 0.843261719 -0.153564453 0.515136719
vn 0.849609375 -0.174438477 0.497558594
vn 0.854003906 -0.195922852 0.481933594
vn 0.856933594 -0.216186523 0.468017578
vn 0.858398438 -0.234619141 0.456298828
vn 0.858886719 -0.249633789 0.447021484
vn 0.869628906 -0.165405273 0.465332031
vn 0.738769531 -0.466552734 0.486083984
vn 0.887207031 -0.0575866699 0.457763672
vn 0.872558594 -0.0893554688 0.48046875
vn 0.850097656 -0.11895752 0.512695312
vn 0.816894531 -0.130981445 0.562011719
vn 0.76171875 -0.131225586 0.634765625
vn 0.533203125 -0.770996094 0.348388672
vn 0.677734375 -0.471435547 0.564453125
vn 0.677734375 -0.131469727 0.723144531
vn 0.603027344 -0.471923828 0.643066406
vn 0.496826172 -0.762695312 0.413818359
vn 0.435791016 -0.770996094 0.46484375
vn 0.374755859 -0.893066406 0.248657227
vn 0.33203125 -0.913085938 0.235961914
vn -0.397705078 -0.917480469 -0.0055847168
vn -0.0273742676 -0.156738281 0.987304688
vn 0.209594727 -0.132446289 -0.96875
vn -0.145996094 -0.129638672 0.980957031
vn 0.604492188 0.79296875 0.0769042969
vn -0.137329102 -0.0221252441 0.990234375
vn 0.975097656 0.130126953 0.179077148
vn 0.190673828 -0.0802001953 -0.978515625
vn -0.338378906 0.551757812 0.762207031
vn 0.149658203 -0.918945312 0.364990234
vn 0.901367188 -0.152709961 -0.405517578
vn -0.145507812 0.764160156 -0.628417969
vn 0.934082031 -0.162475586 -0.317626953
vn -0.199707031 0.464111328 -0.862792969
vn 0.952148438 -0.0213317871 -0.305175781
vn -0.223632812 0.130126953 -0.965820312
vn -0.0461425781 0.463867188 -0.884765625
vn -0.0518493652 0.130126953 -0.990234375
vn -0.0336914062 0.763671875 -0.64453125
vn 0.119934082 0.463867188 -0.877929688
vn 0.134277344 0.130126953 -0.982421875
vn -0.0146179199 0.9609375 -0.276367188
vn 0.979980469 -0.0781860352 -0.182128906
vn 0.0511779785 0.915039062 -0.400390625
vn -0.0156860352 -0.983398438 0.180053711
vn 0.134399414 0.913574219 -0.383300781
vn 0.0875244141 0.763671875 -0.639648438
vn 0.293457031 0.463623047 -0.8359375
vn 0.328369141 0.130126953 -0.935546875
vn 0.213745117 0.763671875 -0.609375
vn 0.465087891 0.463378906 -0.754394531
vn 0.520507812 0.130126953 -0.844238281
vn 0.213134766 0.913574219 -0.345947266
vn -0.0609130859 -0.982910156 0.174072266
vn 0.338867188 0.763671875 -0.549804688
vn 0.622070312 0.463378906 -0.630859375
vn 0.696289062 0.130249023 -0.706054688
vn 0.285400391 0.913574219 -0.289306641
vn -0.0961914062 -0.982910156 0.15637207
vn 0.453613281 0.763183594 -0.459716797
vn 0.750976562 0.463378906 -0.470458984
vn 0.840332031 0.130126953 -0.526367188
vn 0.938476562 0.130126953 -0.319580078
vn 0.344482422 0.913574219 -0.215820312
vn -0.128417969 -0.982910156 0.130737305
vn 0.547363281 0.763183594 -0.343017578
vn 0.838867188 0.463378906 -0.285644531
vn 0.985839844 0.130126953 -0.10534668
vn 0.611328125 0.763671875 -0.208129883
vn 0.880859375 0.463623047 -0.0941162109
vn 0.986816406 0.130126953 0.0971069336
vn 0.384765625 0.913574219 -0.130981445
vn -0.155029297 -0.982910156 0.0974121094
vn 0.881835938 0.463867188 0.0868530273
vn -0.109802246 0.0280761719 0.993652344
vn -0.468505859 0.779296875 -0.415771484
vn 0.642089844 0.763671875 -0.0686035156
vn 0.901855469 -0.432373047 0.0112915039
vn 0.524414062 -0.399169922 -0.752441406
vn 0.403808594 0.913574219 -0.0431518555
vn -0.173828125 -0.982910156 0.0590820312
vn 0.274414062 -0.161987305 -0.947753906
vn -0.182983398 -0.982910156 0.0195007324
vn 0.189697266 -0.981445312 0.0278015137
vn -0.00900268555 0.140869141 0.989746094
vn -0.618164062 -0.141235352 0.7734375
vn -0.11126709 0.159545898 0.980957031
vn -0.538085938 -0.165527344 0.826660156
vn -0.23059082 0.1328125 0.963867188
vn -0.433837891 -0.144897461 0.889160156
vn -0.224487305 0.0213317871 0.974121094
vn -0.439697266 -0.025604248 0.897949219
vn 0.976074219 -0.159179688 -0.149414062
vn -0.031036377 -0.999023438 -0.0363769531
vn -0.599121094 -0.135986328 0.7890625
vn 0.833984375 -0.142211914 -0.533203125
vn -0.684570312 -0.143188477 0.71484375
vn 0.772460938 -0.162353516 -0.614257812
vn -0.776855469 -0.0700683594 0.625488281
vn 0.693359375 -0.136230469 -0.707519531
vn -0.773925781 -0.022857666 0.633300781
vn 0.704589844 -0.0233154297 -0.709472656
vn -0.12286377 -0.982421875 0.140869141
vn 0.826660156 -0.139160156 0.545410156
vn 0.314697266 0.9140625 -0.256835938
vn 0.765136719 -0.157958984 0.624023438
vn 0.5 0.763671875 -0.408447266
vn 0.698242188 -0.155761719 0.698730469
vn 0.686523438 0.463623047 -0.560546875
vn 0.702636719 -0.0215454102 0.711425781
vn 0.768066406 0.130126953 -0.626953125
vn 0.861816406 0.130126953 -0.489990234
vn 0.76953125 0.46484375 -0.437744141
vn -0.446777344 -0.0203857422 -0.89453125
vn -0.454345703 -0.126586914 -0.881835938
vn 0.560058594 0.764648438 -0.318603516
vn -0.358398438 -0.143676758 -0.922363281
vn -0.374511719 -0.137939453 -0.916992188
vn -0.142944336 -0.982910156 0.116577148
vn -0.17565918 -0.981933594 -0.0678100586
vn -0.272460938 -0.120483398 0.954589844
vn 0.550292969 -0.149414062 -0.821289062
vn -0.383056641 -0.10723877 0.917480469
vn 0.6015625 -0.314697266 -0.734375
vn -0.470458984 -0.0978393555 0.876953125
vn 0.3984375 -0.224365234 -0.889160156
vn -0.470703125 -0.0281982422 0.881835938
vn 0.380371094 -0.022064209 -0.924804688
vn 0.285400391 -0.913574219 -0.289306641
vn -0.12902832 0.982910156 0.130615234
vn -0.155273438 0.982910156 0.0974121094
vn -0.0783691406 0.995605469 0.0491027832
vn -0.0650024414 0.995605469 0.0658569336
vn -0.0485534668 0.995605469 0.0787963867
vn -0.173706055 0.982910156 0.0590820312
vn 0.344482422 -0.913574219 -0.215820312
vn -0.0875854492 0.995605469 0.0298156738
vn -0.182983398 0.982910156 0.0195007324
vn 0.384765625 -0.913574219 -0.130981445
vn -0.0921020508 0.995605469 0.00982666016
vn -0.0922851562 0.995605469 -0.00897216797
vn -0.184204102 0.982910156 -0.0177612305
vn 0.404052734 -0.913574219 -0.0431518555
vn -0.0924072266 0.995605469 -0.0111694336
vn -0.194702148 0.98046875 -0.0210876465
vn -0.0972290039 0.995117188 0.000854492188
vn 0.274902344 0.162109375 -0.947753906
vn -0.192871094 0.980957031 0.028137207
vn -0.0924072266 0.995605469 0.0114746094
vn -0.101501465 0.994628906 0.0285949707
vn -0.127441406 0.990722656 0.0500793457
vn -0.174926758 0.983398438 0.0461425781
vn -0.0729980469 0.996582031 0.0325622559
vn -0.0908813477 0.995605469 0.0202941895
vn -0.0908813477 0.995605469 0.0201721191
vn -0.191894531 0.98046875 0.046295166
vn -0.102050781 0.993652344 0.0453796387
vn -0.162353516 0.979980469 0.114013672
vn -0.0993652344 0.993652344 0.0484924316
vn -0.0764770508 0.995605469 0.0531311035
vn -0.0752563477 0.994628906 0.0707397461
vn -0.076171875 0.993652344 0.0803833008
vn -0.115478516 0.980957031 0.157592773
vn -0.0574035645 0.995605469 0.0758056641
vn -0.0474853516 0.995605469 0.0796508789
vn -0.095703125 0.979980469 0.173339844
vn -0.0410766602 0.995117188 0.0914916992
vn -0.0516662598 0.98046875 0.190429688
vn -0.0333251953 0.995117188 0.0904541016
vn -0.0225219727 0.995605469 0.0903930664
vn -0.0148620605 0.995117188 0.0979614258
vn -0.0107727051 0.979980469 0.199462891
vn 0.000396728516 0.995605469 0.0954589844
vn -0.225830078 0.9140625 0.336669922
vn -0.156616211 0.919433594 0.360351562
vn -0.102294922 0.916015625 0.387695312
vn -0.0215454102 0.916503906 0.399658203
vn -0.269287109 0.922851562 0.275878906
vn 0.0665893555 0.915039062 0.397705078
vn -0.328613281 0.916015625 0.229492188
vn -0.356201172 0.922363281 0.150878906
vn 0.131347656 0.913574219 0.384765625
vn 0.17980957 0.916015625 0.358154297
vn 0.115234375 0.764160156 0.634765625
vn 0.0364685059 0.777832031 0.626953125
vn 0.0495605469 0.471191406 0.880859375
vn -0.0346069336 0.764648438 0.643554688
vn -0.101257324 0.778808594 0.619140625
vn 0.201904297 0.766113281 0.610351562
vn 0.271972656 0.474853516 0.836914062
vn 0.153930664 0.471191406 0.868652344
vn -0.0525512695 0.46875 0.881835938
vn 0.214111328 0.913574219 0.346191406
vn 0.306152344 0.766113281 0.564941406
vn 0.375976562 0.766601562 0.520996094
vn 0.239013672 0.920410156 0.309326172
vn 0.359375 0.493408203 0.791992188
vn 0.436279297 0.465332031 0.770019531
vn 0.457519531 0.767089844 0.449707031
vn 0.66015625 0.531738281 0.530273438
vn 0.509277344 0.46484375 0.724121094
vn 0.534667969 0.559570312 0.633300781
vn 0.488525391 0.130126953 0.862792969
vn 0.422851562 0.130371094 0.896972656
vn 0.5703125 0.130126953 0.811035156
vn 0.375488281 0.145629883 0.915527344
vn 0.633789062 0.130249023 0.762207031
vn 0.350097656 0.145629883 0.925292969
vn 0.311523438 0.130493164 0.94140625
vn 0.270996094 0.145751953 0.951660156
vn 0.233520508 0.161865234 0.958984375
vn 0.16784668 0.130249023 0.977050781
vn 0.104919434 0.142944336 0.984375
vn 0.0483093262 0.130371094 0.990234375
vn -0.0055847168 0.142944336 0.989746094
vn -0.0716552734 0.130249023 0.988769531
vn -0.142211914 0.46484375 0.874023438
vn -0.159301758 0.130126953 0.978515625
vn -0.221069336 0.465576172 0.856933594
vn -0.264160156 0.124511719 0.956542969
vn -0.160766602 0.765136719 0.623535156
vn -0.287109375 0.452880859 0.844238281
vn -0.382080078 0.124084473 0.916015625
vn -0.205444336 0.768066406 0.606445312
vn -0.246948242 0.765625 0.594238281
vn -0.339599609 0.466064453 0.816894531
vn -0.386474609 0.461181641 0.798828125
vn -0.474609375 0.127319336 0.87109375
vn -0.287353516 0.771972656 0.567382812
vn -0.428955078 0.473144531 0.76953125
vn -0.359130859 0.765625 0.533691406
vn -0.499023438 0.464599609 0.731445312
vn -0.55859375 0.130004883 0.819335938
vn -0.411376953 0.769042969 0.489257812
vn -0.578125 0.462890625 0.671875
vn -0.6484375 0.130004883 0.75
vn -0.721679688 0.130126953 0.6796875
vn -0.455322266 0.765136719 0.455078125
vn -0.644042969 0.470947266 0.602539062
vn -0.7734375 0.130249023 0.620117188
vn -0.493652344 0.770507812 0.402832031
vn -0.693359375 0.466064453 0.549316406
vn -0.806640625 0.136230469 0.574707031
vn -0.530273438 0.765136719 0.364990234
vn -0.740234375 0.475830078 0.474853516
vn -0.832519531 0.130371094 0.538085938
vn -0.85546875 0.136230469 0.499267578
vn -0.557128906 0.775390625 0.297607422
vn -0.781738281 0.470214844 0.409667969
vn -0.817871094 0.472412109 0.329101562
vn -0.877929688 0.130371094 0.460449219
vn -0.897460938 0.136230469 0.419677734
vn -0.916503906 0.130371094 0.378662109
vn -0.935546875 0.145507812 0.321533203
vn -0.599121094 0.764160156 0.23840332
vn -0.864746094 0.465087891 0.188964844
vn -0.970214844 0.129638672 0.205444336
vn -0.967285156 0.131835938 0.217407227
vn -0.397705078 0.913085938 0.0887451172
vn -0.631835938 0.762207031 0.140991211
vn -0.858886719 0.474121094 0.192871094
vn -0.385253906 0.917480469 0.0994262695
vn -0.619628906 0.772460938 0.139038086
vn -0.817871094 0.471435547 0.329833984
vn -0.919433594 0.131347656 0.370849609
vn -0.621582031 0.739257812 0.259033203
vn -0.350097656 0.926757812 0.135742188
vn -0.826171875 0.463623047 0.320556641
vn -0.924316406 0.129882812 0.358642578
vn -0.963378906 0.130004883 0.23449707
vn -0.602050781 0.763671875 0.233642578
vn -0.626464844 0.764648438 0.15246582
vn -0.860351562 0.464599609 0.209472656
vn -0.983886719 0.130004883 0.122497559
vn -0.87890625 0.464599609 0.109375
vn -0.885253906 0.464599609 0.00805664062
vn -0.991699219 0.130004883 0.00903320312
vn -0.379150391 0.920410156 0.0963745117
vn -0.639648438 0.764648438 0.0796508789
vn -0.401611328 0.914550781 0.049987793
vn -0.399414062 0.916503906 0.0036315918
vn -0.64453125 0.764648438 0.005859375
vn -0.881347656 0.461669922 -0.101135254
vn -0.984863281 0.129882812 -0.116516113
vn -0.110778809 -0.0279541016 0.993652344
vn -0.468017578 -0.779785156 -0.415771484
vn -0.641113281 0.764648438 -0.0681152344
vn -0.401367188 0.915039062 -0.0455322266
vn -0.635742188 0.760742188 -0.130249023
vn 0.524414062 0.399169922 -0.752441406
vn 0.901855469 0.432373047 0.0107116699
vn 0.213134766 -0.913574219 -0.345947266
vn -0.0963134766 0.982910156 0.15637207
vn -0.0609436035 0.982910156 0.174072266
vn 0.134521484 -0.913574219 -0.383300781
vn -0.030670166 0.995605469 0.0874023438
vn -0.0125427246 0.995605469 0.0918579102
vn -0.0159301758 0.983398438 0.180419922
vn 0.0516662598 -0.914550781 -0.400878906
vn 0.0443725586 0.983886719 0.173706055
vn 0.00482177734 0.995605469 0.092590332
vn 0.020904541 0.995605469 0.0904541016
vn 0.0352172852 0.995605469 0.0846557617
vn 0.0407714844 0.994628906 0.0957641602
vn 0.0506896973 0.980957031 0.188354492
vn 0.0256347656 0.995605469 0.0895385742
vn 0.0151062012 0.993652344 0.110229492
vn 0.00723266602 0.984863281 0.173095703
vn -0.0189819336 0.98046875 0.196411133
vn -0.00836181641 0.995605469 0.0927734375
vn -0.0218505859 0.995117188 0.0956420898
vn -0.0608520508 0.980957031 0.184570312
vn -0.032409668 0.995605469 0.0870361328
vn -0.0814208984 0.98046875 0.177856445
vn -0.039855957 0.995605469 0.0841674805
vn -0.105041504 0.980957031 0.163696289
vn -0.0481262207 0.995605469 0.0797119141
vn -0.0797119141 0.992675781 0.0889282227
vn -0.115905762 0.986328125 0.118835449
vn -0.167724609 0.979980469 0.106323242
vn -0.0821533203 0.994140625 0.0672607422
vn -0.0791625977 0.995605469 0.0488586426
vn -0.0885009766 0.995117188 0.0423583984
vn -0.188598633 0.979980469 0.0653076172
vn -0.0878295898 0.995605469 0.0305175781
vn -0.0958862305 0.995117188 0.0213928223
vn -0.198608398 0.979980469 0.0208435059
vn -0.0924682617 0.995605469 0.00964355469
vn -0.0982055664 0.995117188 -0.000946044922
vn -0.197753906 0.979980469 -0.0231933594
vn -0.0923461914 0.995605469 -0.0110473633
vn -0.0956420898 0.995117188 -0.0216369629
vn -0.187744141 0.979980469 -0.0668334961
vn -0.379882812 0.915039062 -0.137084961
vn -0.166748047 0.979980469 -0.109985352
vn -0.0872192383 0.995605469 -0.032623291
vn -0.10534668 0.993164062 -0.0527648926
vn -0.0758666992 0.995605469 -0.0539245605
vn -0.0784301758 0.994140625 -0.0741577148
vn -0.397460938 0.916503906 -0.0469970703
vn -0.121337891 0.98046875 -0.154296875
vn -0.056854248 0.995605469 -0.0736694336
vn -0.0440368652 0.995605469 -0.0819702148
vn -0.08984375 0.979980469 -0.177856445
vn -0.0361938477 0.995117188 -0.0912475586
vn -0.0975952148 0.982910156 -0.157104492
vn -0.0253601074 0.997070312 -0.0708618164
vn -0.0475158691 0.995605469 -0.080078125
vn -0.0528564453 0.99609375 -0.0678710938
vn -0.0496826172 0.997558594 -0.0521850586
vn -0.0292663574 0.999511719 -0.024230957
vn -0.0206298828 0.999511719 -0.0137023926
vn -0.089050293 0.992675781 -0.0842285156
vn -0.109313965 0.980957031 -0.16003418
vn -0.10925293 0.988769531 -0.100158691
vn -0.0617675781 0.995117188 -0.0763549805
vn -0.0476074219 0.995605469 -0.0835571289
vn -0.0450439453 0.995117188 -0.0888061523
vn -0.109924316 0.982421875 -0.149414062
vn -0.195556641 0.912597656 -0.359130859
vn -0.0363769531 0.996582031 -0.07421875
vn -0.0575561523 0.995605469 -0.0731811523
vn -0.067199707 0.995605469 -0.0645141602
vn -0.141113281 0.982910156 -0.117919922
vn -0.0723266602 0.99609375 -0.0541992188
vn -0.0703735352 0.996582031 -0.0414733887
vn -0.0648193359 0.997558594 -0.0293579102
vn -0.101928711 0.993652344 -0.05078125
vn -0.173217773 0.981445312 -0.081237793
vn -0.0842285156 0.995605469 -0.0395507812
vn -0.17565918 0.981933594 -0.0678710938
vn -0.087890625 0.995605469 -0.0300292969
vn -0.176269531 0.984375 -0.0206604004
vn -0.0911865234 0.995605469 -0.0177001953
vn -0.0922851562 0.995605469 -0.00485229492
vn -0.0900268555 0.99609375 0.0048828125
vn -0.0891723633 0.99609375 0.0124816895
vn -0.180175781 0.982421875 0.0448913574
vn -0.08984375 0.995605469 0.0244750977
vn -0.0858154297 0.995605469 0.03515625
vn -0.1640625 0.982910156 0.0841674805
vn -0.0808105469 0.995605469 0.0459289551
vn -0.142944336 0.982910156 0.116577148
vn 0.314697266 -0.913574219 -0.256835938
vn -0.0717773438 0.995605469 0.05859375
vn -0.122924805 0.982421875 0.140869141
vn -0.0608520508 0.995605469 0.0701904297
vn 0.827148438 0.139526367 0.544433594
vn -0.18359375 0.959960938 0.211669922
vn -0.150756836 0.98046875 0.126586914
vn -0.105529785 0.987792969 0.113830566
vn -0.0723876953 0.995605469 0.0585632324
vn -0.106018066 0.9921875 0.0669555664
vn -0.177490234 0.98046875 0.0819702148
vn -0.0844726562 0.995605469 0.0390625
vn -0.13671875 0.989746094 0.040802002
vn -0.19543457 0.98046875 0.0247802734
vn -0.115112305 0.992675781 0.0299377441
vn -0.0925292969 0.995605469 0.0102844238
vn -0.108581543 0.994140625 -0.00238037109
vn -0.233398438 0.935058594 0.267089844
vn 0.765136719 0.157836914 0.624511719
vn -0.415771484 0.767089844 0.488525391
vn 0.698242188 0.155639648 0.698730469
vn -0.309570312 0.913574219 0.262939453
vn -0.3203125 0.925292969 0.202392578
vn -0.193481445 0.98046875 -0.031829834
vn -0.0917358398 0.995605469 -0.015838623
vn -0.186767578 0.979980469 -0.0667724609
vn -0.0887451172 0.995605469 -0.028137207
vn -0.0905761719 0.995117188 -0.0420227051
vn -0.494873047 0.767089844 0.408691406
vn -0.169189453 0.98046875 -0.102600098
vn -0.0787963867 0.995605469 -0.0494995117
vn -0.16784668 0.976074219 -0.137817383
vn -0.131103516 0.98046875 -0.145629883
vn -0.0620422363 0.995605469 -0.0693969727
vn -0.0314941406 0.999023438 -0.0365905762
vn -0.0627441406 0.995605469 -0.0689086914
vn 0.978027344 0.163818359 -0.128540039
vn 0.833496094 0.141967773 -0.533691406
vn -0.13684082 0.981933594 -0.131713867
vn -0.600097656 0.135009766 0.788574219
vn -0.0744628906 0.995605469 -0.0560302734
vn -0.270507812 0.9140625 -0.302490234
vn 0.772460938 0.162231445 -0.614257812
vn -0.274414062 0.93359375 -0.231079102
vn 0.639160156 0.0740966797 -0.765625
vn -0.684570312 0.143310547 0.71484375
vn 0.624023438 0.120483398 -0.771972656
vn 0.555664062 0.0706787109 -0.828613281
vn -0.144775391 0.981933594 -0.122741699
vn -0.776855469 0.0700683594 0.625488281
vn -0.155395508 0.982910156 -0.100891113
vn -0.913085938 -0.15637207 0.376220703
vn -0.0812988281 0.995605469 -0.0445556641
vn -0.172729492 0.982910156 -0.0654296875
vn -0.362548828 0.916992188 -0.165771484
vn -0.945800781 -0.0994873047 -0.309082031
vn -0.0858154297 0.995605469 -0.0357055664
vn -0.0900268555 0.995605469 -0.0242004395
vn -0.183227539 0.982910156 -0.027923584
vn -0.0920410156 0.995605469 -0.0140380859
vn -0.387939453 0.917480469 -0.0892944336
vn -0.376708984 0.917480469 -0.128173828
vn -0.0928955078 0.995605469 -0.00469970703
vn -0.185058594 0.982910156 0.00933837891
vn -0.397949219 0.917480469 -0.00988769531
vn -0.0930175781 0.995605469 0.00469970703
vn -0.0919189453 0.995605469 0.0140380859
vn -0.394775391 0.917480469 -0.0502929688
vn -0.256347656 0.963378906 -0.0802001953
vn -0.182006836 0.982421875 0.0425109863
vn -0.391845703 0.917480469 0.0700683594
vn -0.0901489258 0.995605469 0.023223877
vn -0.0869750977 0.995605469 0.033203125
vn -0.173950195 0.982421875 0.0686035156
vn -0.0821533203 0.995605469 0.0438842773
vn -0.396972656 0.917480469 0.0300292969
vn -0.626464844 0.776855469 0.0621643066
vn -0.268066406 0.963378906 -0.0142211914
vn -0.627441406 0.776367188 -0.0616760254
vn 0.884277344 -0.465576172 -0.0335388184
vn -0.267333984 0.963378906 -3.05175781E-05
vn -0.267578125 0.963378906 0.0138244629
vn -0.382568359 0.917480469 0.108520508
vn -0.364501953 0.91796875 0.155639648
vn -0.256103516 0.963378906 0.0803833008
vn -0.163085938 0.982421875 0.0931396484
vn -0.0736083984 0.995605469 0.0567321777
vn -0.145507812 0.982421875 0.11529541
vn -0.0298156738 0.999023438 0.0372009277
vn -0.116882324 0.986328125 0.114807129
vn -0.406982422 0.127807617 -0.904296875
vn 0.701171875 0.1328125 0.700683594
vn -0.168212891 0.98046875 0.101989746
vn -0.102966309 0.990234375 0.094909668
vn -0.078918457 0.995605469 0.0493774414
vn -0.094543457 0.994628906 0.0421142578
vn -0.113342285 0.992675781 0.041809082
vn -0.281005859 0.912597656 0.296386719
vn 0.625488281 0.144165039 0.767089844
vn -0.195556641 0.979980469 0.0311279297
vn -0.0997924805 0.994628906 0.0295410156
vn -0.0918579102 0.995605469 0.0146179199
vn -0.104064941 0.994628906 0.00289916992
vn -0.121826172 0.992675781 -0.00463867188
vn -0.191772461 0.98046875 -0.0406188965
vn -0.103637695 0.994628906 -0.0104980469
vn -0.0904541016 0.995605469 -0.0217895508
vn -0.109863281 0.993164062 -0.042755127
vn -0.428222656 0.770996094 0.471435547
vn 0.5234375 0.0936889648 0.847167969
vn -0.588378906 0.464599609 0.661621094
vn -0.226074219 0.940429688 0.25390625
vn -0.727050781 0.0748291016 0.682617188
vn 0.54296875 0.0216064453 0.839355469
vn -0.711914062 0.0902099609 0.696289062
vn -0.682617188 0.124694824 0.720214844
vn -0.638671875 0.130981445 0.758300781
vn -0.434814453 0.763671875 0.477294922
vn -0.596679688 0.463623047 0.654785156
vn -0.667480469 0.129882812 0.732910156
vn -0.765136719 0.130004883 0.630859375
vn -0.68359375 0.464111328 0.563476562
vn -0.498046875 0.764160156 0.41015625
vn -0.750976562 0.464355469 0.469238281
vn -0.840820312 0.130004883 0.525390625
vn -0.548828125 0.766601562 0.333496094
vn -0.787109375 0.487060547 0.378662109
vn -0.893554688 0.130249023 0.4296875
vn -0.284667969 0.927734375 0.240966797
vn -0.349609375 0.913574219 0.207397461
vn -0.357666016 0.923828125 0.13671875
vn -0.830078125 0.465332031 0.306884766
vn -0.930175781 0.130249023 0.343994141
vn -0.598632812 0.767578125 0.229858398
vn -0.855957031 0.465332031 0.224853516
vn -0.958984375 0.130249023 0.251953125
vn -0.61328125 0.7734375 0.161132812
vn -0.395507812 0.916503906 0.0629882812
vn -0.874023438 0.465332031 0.139160156
vn -0.979003906 0.130249023 0.155883789
vn -0.989746094 0.130249023 0.0586547852
vn -0.635742188 0.765136719 0.101257324
vn -0.883789062 0.465332031 0.0523376465
vn -0.990722656 0.130249023 -0.0372009277
vn -0.381835938 0.923828125 -0.0186462402
vn -0.6328125 0.7734375 0.0374755859
vn -0.884277344 0.465576172 -0.033203125
vn -0.982910156 0.130249023 -0.129272461
vn -0.640625 0.767578125 -0.0319519043
vn -0.865234375 0.488037109 -0.113830566
vn -0.967773438 0.130249023 -0.215454102
vn -0.626464844 0.767089844 -0.137817383
vn -0.861328125 0.467529297 -0.197753906
vn -0.955078125 0.138305664 -0.261230469
vn -0.944335938 0.175537109 -0.278076172
vn -0.816894531 0.465087891 -0.340820312
vn -0.939941406 0.183959961 -0.288085938
vn -0.937011719 0.161987305 -0.309570312
vn -0.931152344 0.143920898 -0.334716797
vn -0.908691406 0.130126953 -0.396484375
vn -0.905761719 0.12121582 -0.405761719
vn -0.822753906 0.465820312 -0.325927734
vn -0.928222656 0.130859375 -0.348144531
vn -0.943359375 0.127929688 -0.305419922
vn -0.625488281 0.752929688 -0.204833984
vn -0.357910156 0.924316406 -0.130981445
vn -0.581542969 0.771972656 -0.256347656
vn -0.852539062 0.469482422 -0.230224609
vn -0.961914062 0.134033203 -0.238891602
vn -0.599121094 0.76171875 -0.246826172
vn -0.612304688 0.76953125 -0.181274414
vn -0.86328125 0.472167969 -0.178833008
vn -0.979003906 0.133178711 -0.155029297
vn -0.382080078 0.916015625 -0.122680664
vn -0.627929688 0.766601562 -0.135375977
vn -0.874511719 0.46875 -0.125366211
vn -0.986328125 0.129760742 -0.10357666
vn -0.8828125 0.467041016 -0.049621582
vn -0.989257812 0.130859375 -0.0676269531
vn -0.991699219 0.125610352 -0.0291442871
vn -0.992675781 0.118774414 0.00442504883
vn -0.881835938 0.462646484 0.0914306641
vn -0.991210938 0.125610352 0.0379333496
vn -0.98828125 0.130859375 0.0762329102
vn -0.985351562 0.125610352 0.114562988
vn -0.981933594 0.110595703 0.15222168
vn -0.978027344 0.0861206055 0.189331055
vn -0.97265625 0.0522460938 0.225952148
vn -0.96484375 0.00933837891 0.261962891
vn -0.954101562 -0.042755127 0.296875
vn -0.641601562 0.766113281 -0.0376281738
vn -0.63671875 0.770996094 0.0137634277
vn -0.6328125 0.769042969 -0.08984375
vn -0.434570312 0.899414062 -0.0475158691
vn -0.557617188 0.829589844 0.0317382812
vn -0.176025391 0.983398438 -0.0479431152
vn -0.638183594 0.764648438 0.0882568359
vn -0.195678711 0.98046875 -0.0253295898
vn -0.352050781 0.935546875 0.0186767578
vn -0.0936279297 0.995605469 -0.00494384766
vn -0.0922241211 0.995605469 -0.0166625977
vn -0.124145508 0.9921875 0.0108032227
vn -0.0470275879 0.999023438 0.00793457031
vn -0.0693969727 0.997558594 -0.00109863281
vn -0.0823364258 0.996582031 -0.0106201172
vn -0.0895996094 0.995605469 -0.0255126953
vn -0.0775756836 0.996582031 -0.0353393555
vn -0.092590332 0.995117188 -0.027557373
vn -0.178466797 0.98046875 -0.0812988281
vn -0.0881347656 0.995605469 -0.0349121094
vn -0.0827026367 0.995605469 -0.0427856445
vn -0.0778808594 0.995605469 -0.0510253906
vn -0.397216797 0.9140625 -0.0828857422
vn -0.164306641 0.98046875 -0.107666016
vn -0.14465332 0.98046875 -0.13269043
vn -0.0717163086 0.995605469 -0.059387207
vn -0.0657958984 0.995605469 -0.0682373047
vn -0.0614929199 0.995117188 -0.0750732422
vn -0.101745605 0.98046875 -0.167236328
vn -0.0539855957 0.995605469 -0.0779418945
vn -0.0440979004 0.995605469 -0.08203125
vn -0.0336303711 0.995605469 -0.0868530273
vn -0.0703125 0.980957031 -0.181640625
vn -0.360107422 0.9140625 -0.186889648
vn -0.312744141 0.9140625 -0.258056641
vn -0.267089844 0.916503906 -0.298095703
vn -0.386474609 0.914550781 -0.118103027
vn -0.614257812 0.766601562 -0.186401367
vn -0.400390625 0.914550781 -0.0605773926
vn -0.159790039 0.915039062 -0.370849609
vn -0.118835449 0.915039062 -0.385498047
vn -0.0331726074 0.98046875 -0.193969727
vn -0.0897216797 0.915039062 -0.392822266
vn -0.178222656 0.764648438 -0.619140625
vn -0.225341797 0.766113281 -0.602050781
vn -0.325683594 0.467285156 -0.821777344
vn -0.127807617 0.765136719 -0.630859375
vn -0.0390014648 0.917480469 -0.395751953
vn -0.0850219727 0.764160156 -0.639160156
vn -0.266601562 0.764160156 -0.587402344
vn -0.423583984 0.465332031 -0.77734375
vn -0.195678711 0.914550781 -0.353515625
vn -0.243774414 0.468505859 -0.849121094
vn -0.159667969 0.467285156 -0.869628906
vn -0.311767578 0.765136719 -0.563476562
vn -0.229248047 0.916015625 -0.328857422
vn -0.361572266 0.765136719 -0.532714844
vn -0.401855469 0.766113281 -0.501953125
vn -0.438720703 0.766113281 -0.469726562
vn -0.560546875 0.464355469 -0.685546875
vn -0.0498657227 0.465087891 -0.883789062
vn -0.0284729004 0.76953125 -0.637695312
vn -0.130615234 0.133422852 -0.982421875
vn -0.049407959 0.130126953 -0.990234375
vn -0.186279297 0.130371094 -0.973632812
vn -0.230102539 0.131591797 -0.964355469
vn -0.273681641 0.130493164 -0.953125
vn -0.316162109 0.131591797 -0.939453125
vn -0.358154297 0.130371094 -0.924316406
vn -0.409667969 0.133422852 -0.90234375
vn -0.479980469 0.130249023 -0.867675781
vn -0.556640625 0.130126953 -0.8203125
vn -0.496826172 0.465332031 -0.732421875
vn -0.628417969 0.130126953 -0.767089844
vn -0.6953125 0.130126953 -0.70703125
vn -0.62109375 0.465820312 -0.630371094
vn -0.681640625 0.464599609 -0.565429688
vn -0.763183594 0.130004883 -0.6328125
vn -0.4921875 0.765136719 -0.415039062
vn -0.740722656 0.464599609 -0.484863281
vn -0.829589844 0.130004883 -0.54296875
vn -0.880371094 0.130126953 -0.455810547
vn -0.537597656 0.766113281 -0.352050781
vn -0.786132812 0.465332031 -0.406982422
vn -0.91796875 0.130126953 -0.374267578
vn -0.575195312 0.766113281 -0.285644531
vn -0.817871094 0.468994141 -0.333251953
vn -0.944824219 0.130249023 -0.300292969
vn -0.847167969 0.467773438 -0.251464844
vn -0.960449219 0.135986328 -0.243530273
vn -0.867675781 0.470947266 -0.158569336
vn -0.969238281 0.135986328 -0.205444336
vn -0.98046875 0.128540039 -0.149414062
vn -0.635253906 0.766601562 -0.0928344727
vn -0.87890625 0.465576172 -0.102416992
vn -0.98828125 0.128540039 -0.0798950195
vn -0.881347656 0.470214844 -0.0423278809
vn -0.990234375 0.136108398 -0.0225830078
vn -0.987792969 0.15234375 0.0242919922
vn -0.990234375 0.137573242 0.00732421875
vn -0.949707031 0.312744141 0.00573730469
vn -0.873046875 0.475830078 0.105407715
vn -0.942871094 0.333007812 0.016998291
vn -0.965820312 0.255371094 0.0478515625
vn -0.983398438 0.130126953 0.127563477
vn -0.957519531 0.205078125 0.203613281
vn -0.64453125 0.764160156 -0.024810791
vn -0.962402344 0.0464782715 0.268310547
vn -0.643066406 0.762695312 0.0708618164
vn -0.30859375 0.950683594 0.0363464355
vn -0.403320312 0.915039062 -0.0146789551
vn -0.364501953 0.124328613 0.922851562
vn -0.353271484 -0.379394531 0.854980469
vn 0.875488281 -0.456787109 0.157226562
vn 0.192260742 0.0791625977 -0.978027344
vn 0.975097656 -0.130126953 0.178955078
vn -0.137451172 0.0220031738 0.990234375
vn -0.14440918 0.131713867 0.980957031
vn 0.221801758 0.144042969 -0.964355469
vn -0.0280456543 0.156005859 0.987304688
vn -0.384765625 0.919433594 -0.0824584961
vn 0.560546875 -0.764648438 -0.318603516
vn -0.375 0.137817383 -0.916992188
vn -0.367919922 0.917480469 0.149902344
vn -0.383789062 0.917480469 0.103759766
vn -0.352050781 0.149414062 -0.923828125
vn -0.398681641 0.915527344 0.0555725098
vn -0.616210938 0.770019531 0.165405273
vn -0.454589844 0.126220703 -0.881835938
vn -0.852539062 0.471191406 0.226928711
vn -0.446777344 0.0204772949 -0.89453125
vn -0.958007812 0.131225586 0.254150391
vn -0.630371094 0.770019531 0.0974121094
vn -0.871582031 0.470947266 0.135131836
vn -0.979492188 0.131225586 0.152099609
vn -0.990234375 0.131347656 0.0463562012
vn -0.880859375 0.471191406 0.0416870117
vn -0.137451172 0.0220031738 0.990234375
vn -0.14440918 0.131713867 0.980957031
vn -0.637695312 0.76953125 0.0296936035
vn -0.0280456543 0.156005859 0.987304688
vn -0.397705078 0.917480469 -0.00564575195
vn -0.384765625 0.919433594 -0.0824584961
vn -0.272460938 0.120239258 0.954589844
vn 0.221801758 0.144042969 -0.964355469
vn -0.364501953 0.124328613 0.922851562
vn 0.875488281 -0.456787109 0.157226562
vn -0.373535156 0.902832031 -0.213745117
vn 0.55078125 0.149902344 -0.821289062
vn -0.551757812 0.770507812 -0.318603516
vn 0.6015625 0.314697266 -0.734375
vn -0.744628906 0.568847656 -0.349365234
vn 0.3984375 0.224243164 -0.889648438
vn -0.294677734 0.916992188 -0.268310547
vn -0.508300781 0.767578125 -0.390869141
vn -0.246459961 0.916992188 -0.313476562
vn -0.866699219 0.181396484 -0.46484375
vn -0.861816406 0.161376953 -0.481201172
vn 0.380371094 0.022064209 -0.924804688
vn -0.880859375 0.146850586 -0.450195312
vn -0.901367188 0.130249023 -0.413330078
vn -0.890136719 0.131225586 -0.436035156
vn -0.801269531 0.458251953 -0.384765625
vn -0.851074219 0.130981445 -0.508300781
vn -0.75 0.468994141 -0.466308594
vn -0.824707031 0.127929688 -0.551269531
vn -0.804199219 0.128051758 -0.580566406
vn -0.704101562 0.468505859 -0.533691406
vn -0.779296875 0.131347656 -0.612792969
vn -0.672363281 0.46875 -0.573242188
vn -0.748535156 0.132446289 -0.649902344
vn -0.464599609 0.76953125 -0.438476562
vn -0.637695312 0.46875 -0.611328125
vn -0.706054688 0.12902832 -0.696289062
vn -0.673828125 0.127807617 -0.727539062
vn -0.424804688 0.768554688 -0.478515625
vn -0.578613281 0.469726562 -0.666503906
vn -0.635742188 0.130981445 -0.760742188
vn -0.511230469 0.469726562 -0.719726562
vn -0.589355469 0.130859375 -0.797363281
vn -0.547851562 0.127929688 -0.826660156
vn -0.517578125 0.128417969 -0.845703125
vn -0.395507812 0.768554688 -0.502929688
vn -0.364746094 0.768554688 -0.525390625
vn -0.443847656 0.468505859 -0.764160156
vn -0.482666016 0.131225586 -0.865722656
vn -0.369140625 0.461181641 -0.807128906
vn -0.447998047 0.130859375 -0.884277344
vn -0.411376953 0.127807617 -0.90234375
vn -0.374023438 0.11895752 -0.919921875
vn -0.337158203 0.104187012 -0.935546875
vn -0.345458984 0.121032715 -0.930664062
vn -0.298828125 0.771972656 -0.561035156
vn -0.354003906 0.48828125 -0.797363281
vn -0.398681641 0.130126953 -0.907714844
vn -0.496337891 0.130004883 -0.858398438
vn -0.182495117 0.918457031 -0.351074219
vn -0.315429688 0.764648438 -0.562011719
vn -0.443359375 0.464355469 -0.766601562
vn -0.536132812 0.464355469 -0.705078125
vn -0.600097656 0.130004883 -0.789550781
vn -0.683105469 0.130126953 -0.71875
vn -0.226074219 0.913085938 -0.339599609
vn -0.614746094 0.468261719 -0.634765625
vn -0.735351562 0.145629883 -0.661621094
vn -0.694824219 0.474609375 -0.540039062
vn -0.77734375 0.130371094 -0.615722656
vn -0.814941406 0.169067383 -0.554199219
vn -0.836914062 0.1640625 -0.521972656
vn -0.712402344 0.468261719 -0.522460938
vn -0.865722656 0.0444946289 -0.498779297
vn -0.838378906 0.098815918 -0.536132812
vn -0.791992188 0.131103516 -0.596679688
vn -0.392822266 0.762695312 -0.513671875
vn -0.659667969 0.46484375 -0.590332031
vn -0.749511719 0.130981445 -0.648925781
vn -0.717773438 0.113586426 -0.687011719
vn -0.702148438 0.0802612305 -0.707519531
vn -0.691894531 0.0470581055 -0.720703125
vn -0.690429688 0.0905761719 -0.717773438
vn -0.586914062 0.468505859 -0.66015625
vn -0.676269531 0.162719727 -0.718261719
vn -0.680175781 0.15625 -0.716308594
vn -0.69140625 0.135742188 -0.709472656
vn -0.692871094 0.120849609 -0.7109375
vn -0.65234375 0.130981445 -0.746582031
vn -0.525390625 0.470703125 -0.708984375
vn -0.590332031 0.131103516 -0.796386719
vn -0.458740234 0.470703125 -0.75390625
vn -0.508789062 0.134399414 -0.850585938
vn -0.384765625 0.763183594 -0.519042969
vn -0.425537109 0.76953125 -0.476074219
vn -0.471435547 0.770019531 -0.429931641
vn -0.396484375 0.478271484 -0.783691406
vn -0.411132812 0.136230469 -0.901367188
vn -0.329101562 0.462646484 -0.823242188
vn -0.349365234 0.117675781 -0.9296875
vn -0.305175781 0.0811157227 -0.948730469
vn -0.280761719 0.0927124023 -0.955078125
vn -0.289550781 0.766601562 -0.573242188
vn -0.282714844 0.486572266 -0.826660156
vn -0.256347656 0.167480469 -0.952148438
vn -0.333251953 0.124267578 -0.934570312
vn -0.311767578 0.88671875 -0.341064453
vn -0.33203125 0.76953125 -0.545410156
vn -0.210693359 0.916503906 -0.340332031
vn -0.232299805 0.771484375 -0.592773438
vn -0.359375 0.434082031 -0.826171875
vn -0.476074219 0.123901367 -0.870605469
vn -0.161865234 0.90625 -0.390869141
vn -0.236572266 0.784179688 -0.573730469
vn -0.435058594 0.464355469 -0.771484375
vn -0.605957031 0.129882812 -0.78515625
vn -0.316894531 0.764160156 -0.561523438
vn -0.541503906 0.463378906 -0.701660156
vn -0.720214844 0.129882812 -0.681152344
vn -0.481445312 0.75390625 -0.447021484
vn -0.18737793 0.916015625 -0.354736328
vn -0.643554688 0.463867188 -0.608886719
vn -0.808105469 0.130004883 -0.574707031
vn -0.394775391 0.763183594 -0.511230469
vn -0.248168945 0.913574219 -0.321533203
vn -0.721679688 0.464355469 -0.513183594
vn -0.868164062 0.130126953 -0.479003906
vn -0.468994141 0.763671875 -0.443603516
vn -0.283935547 0.920410156 -0.268554688
vn -0.775878906 0.466796875 -0.424316406
vn -0.876953125 0.247680664 -0.412353516
vn -0.525878906 0.764160156 -0.373779297
vn -0.33203125 0.916015625 -0.225341797
vn -0.534667969 0.796386719 -0.282714844
vn -0.831054688 0.472900391 -0.291992188
vn -0.899414062 0.202026367 -0.387451172
vn -0.94140625 0.130249023 -0.310791016
vn -0.605957031 0.763183594 -0.225097656
vn -0.616210938 0.775390625 -0.139404297
vn -0.86328125 0.465332031 -0.1953125
vn -0.967285156 0.130249023 -0.21875
vn -0.639648438 0.765136719 -0.0765380859
vn -0.87890625 0.465332031 -0.105163574
vn -0.984375 0.130249023 -0.117797852
vn -0.631347656 0.775390625 -0.0061340332
vn -0.885253906 0.465087891 -0.00854492188
vn -0.991210938 0.130249023 -0.00955200195
vn -0.397949219 0.916503906 0.0416564941
vn -0.880371094 0.465087891 0.0919189453
vn -0.986328125 0.130249023 0.102905273
vn -0.640625 0.764648438 0.0668945312
vn -0.377929688 0.916503906 0.131103516
vn -0.616210938 0.775390625 0.137451172
vn -0.864257812 0.465087891 0.192871094
vn -0.967773438 0.130249023 0.215942383
vn -0.936523438 0.130126953 0.325439453
vn -0.836425781 0.465087891 0.290771484
vn -0.89453125 0.130249023 0.427978516
vn -0.608398438 0.764648438 0.211547852
vn -0.798339844 0.465087891 0.382080078
vn -0.84375 0.130249023 0.520996094
vn -0.341064453 0.915039062 0.215820312
vn -0.569824219 0.775390625 0.272705078
vn -0.752929688 0.465332031 0.465087891
vn -0.787109375 0.130249023 0.602539062
vn -0.541015625 0.767578125 0.34375
vn -0.69140625 0.4921875 0.529296875
vn -0.728027344 0.130249023 0.672851562
vn -0.270019531 0.9296875 0.251220703
vn -0.469970703 0.767089844 0.437011719
vn -0.643554688 0.46875 0.60546875
vn -0.670898438 0.181152344 0.719238281
vn -0.656738281 0.195922852 0.728515625
vn -0.652832031 0.20300293 0.729980469
vn -0.651367188 0.205932617 0.73046875
vn -0.651855469 0.20324707 0.73046875
vn -0.654785156 0.194702148 0.73046875
vn -0.669921875 0.123718262 0.731933594
vn -0.545898438 0.470458984 0.693359375
vn -0.671875 0.0702514648 0.737304688
vn -0.67578125 0.0981445312 0.73046875
vn -0.680664062 0.128540039 0.721191406
vn -0.686035156 0.16015625 0.709960938
vn -0.692382812 0.190185547 0.696289062
vn -0.694824219 0.214233398 0.686523438
vn -0.685546875 0.199829102 0.700195312
vn -0.665527344 0.1640625 0.728027344
vn -0.642089844 0.139648438 0.75390625
vn -0.594726562 0.130126953 0.793457031
vn -0.512207031 0.130004883 0.849121094
vn -0.403808594 0.763671875 0.50390625
vn -0.455322266 0.463378906 0.760253906
vn -0.429199219 0.159179688 0.889160156
vn -0.317626953 0.470947266 0.822753906
vn -0.389160156 0.139770508 0.910644531
vn -0.35546875 0.130493164 0.925292969
vn -0.311035156 0.144165039 0.939453125
vn -0.1953125 0.465576172 0.86328125
vn -0.2734375 0.144165039 0.951171875
vn -0.204589844 0.130126953 0.970214844
vn -0.337402344 0.764648438 0.548828125
vn -0.243896484 0.923339844 0.295898438
vn -0.211914062 0.914550781 0.344482422
vn -0.178100586 0.915039062 0.362304688
vn -0.290527344 0.752441406 0.590820312
vn -0.135742188 0.914550781 0.381347656
vn -0.232421875 0.765625 0.599609375
vn -0.182006836 0.759765625 0.624023438
vn -0.0966796875 0.91796875 0.384521484
vn -0.130859375 0.768066406 0.626953125
vn -0.0374145508 0.914550781 0.403320312
vn -0.0582580566 0.763671875 0.643066406
vn 0.0354309082 0.931640625 0.361816406
vn -0.0800170898 0.463623047 0.882324219
vn -0.0895385742 0.129882812 0.987304688
vn 0.0205688477 0.776367188 0.629882812
vn 0.0448303223 0.461425781 0.886230469
vn 0.0534057617 0.129882812 0.990234375
vn 0.159667969 0.130249023 0.978515625
vn 0.159179688 0.468261719 0.869140625
vn 0.229736328 0.163574219 0.959472656
vn 0.263916016 0.163574219 0.950683594
vn 0.0794677734 0.760253906 0.645019531
vn 0.126342773 0.769042969 0.626464844
vn 0.284423828 0.470458984 0.835449219
vn 0.334472656 0.130249023 0.933105469
vn 0.406738281 0.130249023 0.904296875
vn 0.104675293 0.910644531 0.399414062
vn 0.205932617 0.76171875 0.614257812
vn 0.139404297 0.918945312 0.368652344
vn 0.368652344 0.468017578 0.803222656
vn 0.463867188 0.142211914 0.874511719
vn 0.264892578 0.77734375 0.5703125
vn 0.150268555 0.918945312 0.364990234
vn 0.9765625 0.0814819336 -0.200317383
vn 0.900878906 0.153076172 -0.405761719
vn 0.934082031 0.162475586 -0.317626953
vn 0.469238281 0.130126953 0.873535156
vn 0.952148438 0.0218200684 -0.305175781
vn -0.600097656 0.135009766 0.788574219
vn -0.0314941406 0.999023438 -0.0365905762
vn 0.978027344 0.163818359 -0.128540039
vn 0.833496094 0.141967773 -0.533691406
vn -0.684570312 0.143310547 0.71484375
vn 0.772460938 0.162231445 -0.614257812
vn -0.776855469 0.0700683594 0.625488281
vn 0.693359375 0.136108398 -0.707519531
vn -0.773925781 0.0334777832 0.632324219
vn 0.704589844 0.0232849121 -0.709472656
vn 0.86328125 -0.130126953 -0.487304688
vn 0.54296875 0.0216064453 0.839355469
vn 0.5234375 0.0936889648 0.847167969
vn 0.776367188 -0.463867188 -0.426269531
vn 0.907226562 -0.130249023 -0.400390625
vn -0.902832031 -0.227539062 0.364990234
vn 0.625488281 0.144165039 0.767089844
vn -0.836914062 -0.272949219 -0.474121094
vn 0.701171875 0.1328125 0.700683594
vn -0.406982422 0.127807617 -0.904296875
vn -0.163085938 0.982421875 0.0931396484
vn 0.827148438 -0.464599609 -0.315917969
vn 0.930664062 -0.130371094 -0.342041016
vn 0.946777344 -0.130615234 -0.294433594
vn 0.959960938 -0.130615234 -0.247680664
vn 0.857421875 -0.465087891 -0.220825195
vn -0.592285156 0.773925781 0.22277832
vn 0.971191406 -0.130615234 -0.19909668
vn 0.981933594 -0.130249023 -0.137817383
vn 0.873046875 -0.465820312 -0.144897461
vn -0.613769531 0.774414062 0.153442383
vn 0.879882812 -0.466552734 -0.0894165039
vn -0.626464844 0.776855469 0.0621643066
vn 0.990234375 -0.130004883 -0.0500793457
vn 0.884277344 -0.465576172 -0.0335388184
vn 0.990234375 -0.130004883 0.0500793457
vn 0.884277344 -0.465576172 0.0335693359
vn -0.627441406 0.776367188 -0.0616760254
vn 0.880371094 -0.466308594 0.0891723633
vn 0.979980469 -0.130004883 0.150024414
vn 0.873046875 -0.465332031 0.145141602
vn 0.963378906 -0.130249023 0.235351562
vn -0.614257812 0.774414062 -0.153564453
vn 0.857421875 -0.465087891 0.220825195
vn 0.946777344 -0.130615234 0.294921875
vn 0.930664062 -0.130615234 0.342041016
vn 0.827148438 -0.464111328 0.316162109
vn 0.906738281 -0.130615234 0.400390625
vn 0.864746094 -0.130371094 0.485107422
vn 0.77734375 -0.463867188 0.424804688
vn -0.592285156 0.773925781 -0.22277832
vn 0.806152344 -0.130126953 0.577148438
vn 0.719238281 -0.465087891 0.516113281
vn 0.560058594 0.0174560547 -0.828125
vn 0.555664062 0.0706787109 -0.828613281
vn -0.923828125 -0.208496094 -0.320556641
vn 0.624023438 0.120483398 -0.771972656
vn -0.847167969 -0.271240234 0.456542969
vn -0.945800781 -0.0994873047 -0.309082031
vn 0.639160156 0.0740966797 -0.765625
vn -0.913085938 -0.15637207 0.376220703
vn -0.144775391 0.981933594 -0.122741699
vn -0.9765625 -0.130249023 -0.172119141
vn -0.0748291016 0.125 0.989257812
vn 0.853027344 0.470458984 0.225219727
vn 0.628417969 0.770019531 0.111022949
vn 0.612304688 0.770507812 0.177368164
vn 0.833007812 0.469970703 0.291503906
vn 0.583007812 0.770507812 0.2578125
vn -0.1796875 0.0227661133 0.983398438
vn 0.935546875 0.131103516 0.327636719
vn 0.913574219 0.130981445 0.384521484
vn 0.813964844 0.469726562 0.342529297
vn 0.790039062 0.467041016 0.396972656
vn 0.88671875 0.131103516 0.443115234
vn 0.783203125 0.475585938 0.400878906
vn 0.888671875 0.126342773 0.440673828
vn 0.814453125 0.457519531 0.357177734
vn 0.919433594 0.139282227 0.367431641
vn 0.834472656 0.474365234 0.280517578
vn 0.938476562 0.130371094 0.320068359
vn 0.94921875 0.179077148 0.259277344
vn 0.583496094 0.767578125 0.265380859
vn 0.868652344 0.470703125 0.153198242
vn 0.966796875 0.142211914 0.212768555
vn 0.98046875 0.130371094 0.147216797
vn 0.881347656 0.46875 0.0614013672
vn 0.989257812 0.130249023 0.0690307617
vn 0.635253906 0.765136719 0.106384277
vn 0.585449219 0.788574219 0.188354492
vn 0.337158203 0.930175781 0.144775391
vn 0.884765625 0.465087891 -0.0302734375
vn 0.990722656 0.130249023 -0.0339355469
vn 0.642578125 0.766113281 -0.0118408203
vn 0.399902344 0.9140625 0.0676269531
vn 0.195922852 0.979980469 0.0355224609
vn 0.198486328 0.979980469 -0.0122680664
vn 0.404785156 0.9140625 -0.0224304199
vn 0.383056641 0.907226562 0.174682617
vn 0.873046875 0.464355469 -0.149536133
vn 0.977050781 0.130126953 -0.167358398
vn 0.974121094 0.131469727 -0.184082031
vn 0.625488281 0.771972656 -0.112487793
vn 0.866210938 0.471923828 -0.163696289
vn 0.989257812 0.131591797 -0.0624084473
vn 0.175048828 0.983886719 0.0305175781
vn 0.387451172 0.915527344 0.106506348
vn 0.393066406 0.918945312 0.0298156738
vn 0.146240234 0.987792969 0.0542297363
vn 0.0746459961 0.996582031 0.0347900391
vn 0.151123047 0.986816406 0.054473877
vn 0.0916748047 0.995605469 0.0163879395
vn 0.0930175781 0.995605469 0.00646972656
vn 0.0857543945 0.99609375 0.025604248
vn 0.0907592773 0.995605469 0.0165100098
vn 0.092956543 0.995605469 -0.00317382812
vn 0.0927124023 0.995605469 0.00720214844
vn 0.0941772461 0.995605469 -0.0178833008
vn 0.08984375 0.995605469 -0.016418457
vn 0.393066406 0.918457031 -0.0437927246
vn 0.426513672 0.901367188 0.0761108398
vn -0.882324219 -0.465332031 -0.068359375
vn -0.291748047 0.259765625 -0.920410156
vn 0.220581055 0.153442383 0.963378906
vn -0.857910156 -0.465087891 0.218261719
vn 0.18359375 0.982910156 -0.0127563477
vn 0.0927734375 0.995605469 -0.00582885742
vn 0.0908203125 0.995605469 0.00588989258
vn 0.396240234 0.917480469 -0.0335083008
vn 0.180786133 0.982910156 0.0356750488
vn 0.0913085938 0.995605469 0.0175170898
vn 0.087097168 0.995605469 0.0275878906
vn 0.165649414 0.982910156 0.0784301758
vn 0.0844726562 0.995605469 0.0390319824
vn 0.0595092773 0.997070312 0.0458374023
vn 0.0969848633 0.992675781 0.0712890625
vn 0.176025391 0.979980469 0.0913085938
vn 0.0817260742 0.995605469 0.0445861816
vn 0.107116699 0.993164062 0.0417480469
vn 0.399169922 0.916503906 0.0259094238
vn 0.630371094 0.767578125 -0.116699219
vn 0.635253906 0.770996094 -0.0401000977
vn 0.879882812 0.472412109 -0.0555114746
vn 0.989257812 0.131591797 0.0642700195
vn 0.388916016 0.917480469 0.0834960938
vn 0.635253906 0.770996094 0.0412597656
vn 0.879394531 0.472412109 0.0571594238
vn 0.865722656 0.472167969 0.166381836
vn 0.973632812 0.131469727 0.187011719
vn 0.625488281 0.770996094 0.120178223
vn 0.840332031 0.471679688 0.266357422
vn 0.944824219 0.131347656 0.299560547
vn 0.611328125 0.767089844 0.193847656
vn 0.799316406 0.472412109 0.371337891
vn 0.898925781 0.131591797 0.417724609
vn 0.734375 0.464599609 0.494873047
vn 0.838378906 0.131347656 0.529296875
vn 0.787597656 0.10534668 0.607421875
vn 0.750976562 0.031036377 0.659667969
vn 0.751953125 0.170166016 0.63671875
vn 0.363769531 0.91796875 0.159545898
vn 0.577148438 0.770996094 0.268066406
vn 0.36328125 0.892089844 0.26953125
vn 0.522949219 0.772460938 0.360839844
vn 0.308105469 0.924316406 0.226196289
vn 0.715820312 0.468261719 0.518066406
vn 0.808105469 0.130126953 0.57421875
vn 0.870605469 0.130004883 0.474853516
vn 0.520019531 0.764160156 0.382324219
vn 0.77734375 0.464111328 0.424316406
vn 0.923828125 0.130004883 0.360107422
vn 0.56640625 0.764160156 0.309082031
vn 0.825195312 0.464355469 0.321533203
vn 0.958984375 0.130126953 0.251708984
vn 0.355957031 0.915039062 0.188476562
vn 0.856445312 0.470458984 0.213134766
vn 0.942871094 0.298828125 0.146362305
vn 0.9609375 0.247192383 0.123413086
vn 0.900878906 0.404052734 0.159179688
vn 0.992675781 0.0801391602 0.0919189453
vn 0.989257812 0.0933227539 0.111572266
vn 0.974121094 0.130981445 0.184448242
vn 0.956542969 0.131103516 0.260742188
vn 0.566894531 0.793457031 0.220947266
vn 0.390869141 0.915039062 0.0994262695
vn 0.629394531 0.762695312 0.149047852
vn 0.622558594 0.765136719 0.163574219
vn 0.8515625 0.470214844 0.232055664
vn 0.839355469 0.460693359 0.2890625
vn 0.9375 0.130981445 0.322998047
vn 0.918945312 0.130981445 0.371582031
vn 0.191772461 0.979980469 0.0512695312
vn 0.0907592773 0.995605469 0.0209960938
vn 0.0825805664 0.996582031 0.0146484375
vn 0.384033203 0.91796875 0.100097656
vn 0.17980957 0.982421875 0.0482788086
vn 0.0858154297 0.99609375 0.0300598145
vn 0.168945312 0.982421875 0.0809326172
vn 0.0838623047 0.995605469 0.040435791
vn 0.0534362793 0.997558594 0.0391845703
vn 0.102111816 0.9921875 0.0701904297
vn 0.17590332 0.979980469 0.0941162109
vn 0.0834350586 0.995605469 0.0413818359
vn 0.131225586 0.990722656 0.041229248
vn 0.201416016 0.979492188 0.0142211914
vn 0.112915039 0.993164062 0.029510498
vn 0.0927734375 0.995605469 0.0075378418
vn 0.12902832 0.991699219 -0.0170593262
vn 0.0647583008 0.998046875 -0.00576782227
vn 0.187866211 0.979980469 -0.0634155273
vn 0.164428711 0.986328125 -0.00454711914
vn 0.105529785 0.994140625 -0.0133972168
vn 0.0884399414 0.995605469 -0.0282592773
vn 0.0842285156 0.995605469 -0.0424804688
vn 0.158081055 0.98046875 -0.117370605
vn 0.0794067383 0.995605469 -0.049987793
vn 0.0713500977 0.995605469 -0.0609436035
vn 0.0650634766 0.995605469 -0.0684204102
vn 0.118591309 0.98046875 -0.157226562
vn 0.0559082031 0.995605469 -0.0744628906
vn 0.048248291 0.995605469 -0.0815429688
vn 0.0698242188 0.98046875 -0.184570312
vn 0.042175293 0.995605469 -0.0848388672
vn 0.0297241211 0.995605469 -0.0882568359
vn 0.346923828 0.915039062 -0.205078125
vn 0.300537109 0.915527344 -0.266845703
vn 0.324951172 0.915039062 -0.239257812
vn 0.384277344 0.9140625 -0.130493164
vn 0.383544922 0.921875 -0.0521850586
vn 0.548339844 0.765136719 -0.337890625
vn 0.576660156 0.766113281 -0.284423828
vn 0.615722656 0.763183594 -0.196166992
vn 0.6328125 0.767089844 -0.103210449
vn 0.793945312 0.466552734 -0.389648438
vn 0.518066406 0.765625 -0.381347656
vn 0.492919922 0.765136719 -0.413818359
vn 0.751953125 0.467285156 -0.465576172
vn 0.709472656 0.465820312 -0.528808594
vn 0.649902344 0.467041016 -0.599609375
vn 0.465087891 0.765625 -0.444335938
vn 0.270019531 0.915527344 -0.298095703
vn 0.424560547 0.765136719 -0.484375
vn 0.237304688 0.914550781 -0.326904297
vn 0.192626953 0.915527344 -0.353515625
vn 0.366455078 0.766113281 -0.527832031
vn 0.798339844 0.130249023 -0.587890625
vn 0.834472656 0.130249023 -0.535644531
vn 0.759277344 0.131713867 -0.637207031
vn 0.862304688 0.131713867 -0.489257812
vn 0.723144531 0.130249023 -0.678222656
vn 0.685058594 0.131591797 -0.716308594
vn 0.893066406 0.130249023 -0.430419922
vn 0.5859375 0.468261719 -0.661132812
vn 0.651855469 0.130371094 -0.747070312
vn 0.624023438 0.130859375 -0.770507812
vn 0.844238281 0.463134766 -0.269042969
vn 0.946777344 0.126953125 -0.295410156
vn 0.536621094 0.467773438 -0.702636719
vn 0.588867188 0.129272461 -0.797851562
vn 0.880371094 0.446533203 -0.158813477
vn 0.982910156 0.124267578 -0.13671875
vn 0.498779297 0.466796875 -0.729980469
vn 0.54296875 0.129760742 -0.829589844
vn 0.872558594 0.478271484 -0.0999145508
vn 0.987304688 0.138427734 -0.0803833008
vn 0.450439453 0.466796875 -0.761230469
vn 0.497314453 0.130371094 -0.857910156
vn 0.603515625 0.797363281 -0.0211486816
vn 0.882324219 0.469482422 -0.0350036621
vn 0.990722656 0.130371094 -0.0397338867
vn 0.98828125 0.151489258 0.00579833984
vn 0.885742188 0.462158203 -0.0390319824
vn 0.99609375 0.0864868164 0.00048828125
vn 0.994140625 0.10736084 -0.0185241699
vn 0.990234375 0.130737305 -0.043182373
vn 0.991699219 0.10736084 -0.0681152344
vn 0.993164062 0.0803222656 -0.0852050781
vn 0.94921875 0.2890625 -0.122558594
vn 0.988769531 0.10736084 -0.101806641
vn 0.983398438 0.130737305 -0.126098633
vn 0.982910156 0.10736084 -0.151000977
vn 0.980957031 0.0996704102 -0.166992188
vn 0.837402344 0.543457031 -0.0548706055
vn 0.880859375 0.470214844 -0.0579528809
vn 0.968261719 0.193969727 -0.156738281
vn 0.990234375 0.130126953 -0.0465698242
vn 0.98828125 0.130004883 0.0802612305
vn 0.600097656 0.798339844 -0.0520019531
vn 0.3984375 0.916992188 0.0280151367
vn 0.8828125 0.463867188 0.0717163086
vn 0.969726562 0.130004883 0.20715332
vn 0.643066406 0.763671875 0.0522155762
vn 0.866210938 0.464599609 0.185058594
vn 0.9453125 0.130249023 0.298339844
vn 0.354980469 0.927734375 0.116821289
vn 0.612304688 0.779296875 0.130859375
vn 0.837402344 0.470703125 0.278076172
vn 0.921875 0.15612793 0.354492188
vn 0.908691406 0.176025391 0.378662109
vn 0.785644531 0.475585938 0.395996094
vn 0.902832031 0.147460938 0.403808594
vn 0.88671875 0.130371094 0.443847656
vn 0.866699219 0.139526367 0.479248047
vn 0.846679688 0.179931641 0.500488281
vn 0.609863281 0.764160156 0.209716797
vn 0.725585938 0.475341797 0.497558594
vn 0.838378906 0.1796875 0.514648438
vn 0.831054688 0.148803711 0.536132812
vn 0.81640625 0.130493164 0.5625
vn 0.793945312 0.154296875 0.588378906
vn 0.775878906 0.189819336 0.6015625
vn 0.732421875 0.467285156 0.494873047
vn 0.787597656 0.0906982422 0.609375
vn 0.828613281 0.131103516 0.544433594
vn 0.868652344 0.131103516 0.477539062
vn 0.576171875 0.763671875 0.291259766
vn 0.486572266 0.806640625 0.334960938
vn 0.357177734 0.915039062 0.186645508
vn 0.363525391 0.905273438 0.21887207
vn 0.576171875 0.706054688 0.412353516
vn 0.7734375 0.470214844 0.425048828
vn 0.362304688 0.91796875 0.161621094
vn 0.561523438 0.76953125 0.3046875
vn 0.804199219 0.460693359 0.375488281
vn 0.8984375 0.130981445 0.419433594
vn 0.604980469 0.759277344 0.240600586
vn 0.818359375 0.469482422 0.331054688
vn -0.884765625 -0.465332031 0.0247802734
vn -0.37109375 0.441894531 0.81640625
vn 0.426513672 0.901367188 0.0761108398
vn -0.291748047 0.259765625 -0.920410156
vn 0.962890625 -0.0157165527 -0.268798828
vn 0.852050781 0.025970459 -0.522949219
vn 0.84375 0.146362305 -0.516601562
vn 0.952636719 -0.146606445 -0.265869141
vn 0.771484375 0.165771484 -0.614257812
vn 0.975097656 -0.159545898 -0.154052734
vn 0.712402344 0.140625 -0.6875
vn 0.913574219 0.022857666 -0.406005859
vn 0.0378417969 0.981445312 0.187011719
vn -0 0 1
vn -0 0 1
vn -0 0 1
vn -0 0 1
vn -0 0 1
vn -0 0 1
vn -0 0 1
vn -0 -1 0
vn -0 -1 0
vn -0 -1 0
vn -0 -1 0
vn -0.70703125 -0.70703125 0
vn -0.70703125 -0.70703125 0
vn -0.70703125 -0.70703125 0
vn -0.70703125 -0.70703125 0
vn -0 0 1
vn -0 0 1
vn -0 0 1
vn -0 0 1
vn -1 0 0
vn -1 0 0
vn -1 0 0
vn -1 0 0
vn -0.70703125 -0.70703125 0
vn -0.70703125 -0.70703125 0
vn -0.70703125 -0.70703125 0
vn -0.70703125 -0.70703125 0
vn 1 0 0
vn 1 0 0
vn 1 0 0
vn 1 0 0
vn -0 1 0
vn -0 1 0
vn -0 1 0
vn -0 1 0
vn -0 1 0
vn -0 1 0
vn -0 1 0
vn -0 1 0
vn -0 1 0
vn -0 0 1
vn -0 0 1
vn -0 0 1
vn -0 0 1
vn -0 0 1
vn -0 0 1
vn -0 0 1
vn -0 -1 0
vn -0 -1 0
vn -0 -1 0
vn -0 -1 0
vn 0.70703125 -0.70703125 0
vn 0.70703125 -0.70703125 0
vn 0.70703125 -0.70703125 0
vn 0.70703125 -0.70703125 0
vn -0 0 1
vn -0 0 1
vn -0 0 1
vn -0 0 1
vn 1 0 0
vn 1 0 0
vn 1 0 0
vn 1 0 0
vn 0.70703125 -0.70703125 0
vn 0.70703125 -0.70703125 0
vn 0.70703125 -0.70703125 0
vn 0.70703125 -0.70703125 0
vn -1 0 0
vn -1 0 0
vn -1 0 0
vn -1 0 0
vn -0 0 1
vn -0 0 1
vn -0 0 1
vn -0 0 1
vn -0 0 1
vn -0 0 1
vn -0 0 1
vn -0 1 0
vn -0 1 0
vn -0 1 0
vn -0 1 0
vn -0.70703125 0.70703125 0
vn -0.70703125 0.70703125 0
vn -0.70703125 0.70703125 0
vn -0.70703125 0.70703125 0
vn -0 0 1
vn -0 0 1
vn -0 0 1
vn -0 0 1
vn -1 0 0
vn -1 0 0
vn -1 0 0
vn -1 0 0
vn -0.70703125 0.70703125 0
vn -0.70703125 0.70703125 0
vn -0.70703125 0.70703125 0
vn -0.70703125 0.70703125 0
vn 1 0 0
vn 1 0 0
vn 1 0 0
vn 1 0 0
vn -0 -1 0
vn -0 -1 0
vn -0 -1 0
vn -0 -1 0
vn -0 -1 0
vn -0 -1 0
vn -0 -1 0
vn -0 -1 0
vn -0 -1 0
vn -0 0 1
vn -0 0 1
vn -0 0 1
vn -0 0 1
vn -0 0 1
vn -0 0 1
vn -0 0 1
vn -0 1 0
vn -0 1 0
vn -0 1 0
vn -0 1 0
vn 0.70703125 0.70703125 0
vn 0.70703125 0.70703125 0
vn 0.70703125 0.70703125 0
vn 0.70703125 0.70703125 0
vn -0 0 1
vn -0 0 1
vn -0 0 1
vn -0 0 1
vn 1 0 0
vn 1 0 0
vn 1 0 0
vn 1 0 0
vn 0.70703125 0.70703125 0
vn 0.70703125 0.70703125 0
vn 0.70703125 0.70703125 0
vn 0.70703125 0.70703125 0
vn -1 0 0
vn -1 0 0
vn -1 0 0
vn -1 0 0
vn -0 0 -1
vn -0 0 -1
vn -0 0 -1
vn -0 0 -1
vn -0 0 -1
vn -0 0 -1
vn -0 0 -1
vn -0 -1 0
vn -0 -1 0
vn -0 -1 0
vn -0 -1 0
vn -0.70703125 -0.70703125 0
vn -0.70703125 -0.70703125 0
vn -0.70703125 -0.70703125 0
vn -0.70703125 -0.70703125 0
vn -0 0 -1
vn -0 0 -1
vn -0 0 -1
vn -0 0 -1
vn -1 0 0
vn -1 0 0
vn -1 0 0
vn -1 0 0
vn -0.70703125 -0.70703125 0
vn -0.70703125 -0.70703125 0
vn -0.70703125 -0.70703125 0
vn -0.70703125 -0.70703125 0
vn 1 0 0
vn 1 0 0
vn 1 0 0
vn 1 0 0
vn -0 0 -1
vn -0 0 -1
vn -0 0 -1
vn -0 0 -1
vn -0 0 -1
vn -0 0 -1
vn -0 0 -1
vn -0 -1 0
vn -0 -1 0
vn -0 -1 0
vn -0 -1 0
vn 0.70703125 -0.70703125 0
vn 0.70703125 -0.70703125 0
vn 0.70703125 -0.70703125 0
vn 0.70703125 -0.70703125 0
vn -0 0 -1
vn -0 0 -1
vn -0 0 -1
vn -0 0 -1
vn 1 0 0
vn 1 0 0
vn 1 0 0
vn 1 0 0
vn 0.70703125 -0.70703125 0
vn 0.70703125 -0.70703125 0
vn 0.70703125 -0.70703125 0
vn 0.70703125 -0.70703125 0
vn -1 0 0
vn -1 0 0
vn -1 0 0
vn -1 0 0
vn -0 0 -1
vn -0 0 -1
vn -0 0 -1
vn -0 0 -1
vn -0 0 -1
vn -0 0 -1
vn -0 0 -1
vn -0 1 0
vn -0 1 0
vn -0 1 0
vn -0 1 0
vn -0.70703125 0.70703125 0
vn -0.70703125 0.70703125 0
vn -0.70703125 0.70703125 0
vn -0.70703125 0.70703125 0
vn -0 0 -1
vn -0 0 -1
vn -0 0 -1
vn -0 0 -1
vn -1 0 0
vn -1 0 0
vn -1 0 0
vn -1 0 0
vn -0.70703125 0.70703125 0
vn -0.70703125 0.70703125 0
vn -0.70703125 0.70703125 0
vn -0.70703125 0.70703125 0
vn 1 0 0
vn 1 0 0
vn 1 0 0
vn 1 0 0
vn -0 0 -1
vn -0 0 -1
vn -0 0 -1
vn -0 0 -1
vn -0 0 -1
vn -0 0 -1
vn -0 0 -1
vn -0 1 0
vn -0 1 0
vn -0 1 0
vn -0 1 0
vn 0.70703125 0.70703125 0
vn 0.70703125 0.70703125 0
vn 0.70703125 0.70703125 0
vn 0.70703125 0.70703125 0
vn -0 0 -1
vn -0 0 -1
vn -0 0 -1
vn -0 0 -1
vn 1 0 0
vn 1 0 0
vn 1 0 0
vn 1 0 0
vn 0.70703125 0.70703125 0
vn 0.70703125 0.70703125 0
vn 0.70703125 0.70703125 0
vn 0.70703125 0.70703125 0
vn -1 0 0
vn -1 0 0
vn -1 0 0
vn -1 0 0
vn 0.989746094 -0.139648438 -0.0283508301
vn 0.989746094 0.139648438 -0.0283508301
vn 0.995605469 -0.0864868164 -0.0350036621
vn 0.995605469 0.0864868164 -0.0350036621
vn 0.9921875 0.122070312 0.0307617188
vn 0.995605469 -0.0864868164 -0.0350036621
vn 0.995605469 0.0864868164 -0.0350036621
vn 0.9921875 -0.122070312 0.0307617188
vn 0.985839844 0.131103516 0.106262207
vn 0.985839844 -0.131103516 0.106262207
vn -0.224487305 0.0213317871 0.974121094
vn -0.224487305 -0.0212402344 0.974121094
vn -0.439697266 -0.025604248 0.897949219
vn -0.439697266 0.025604248 0.897949219
vn 0.642578125 -0.129882812 0.755371094
vn 0.642578125 0.129882812 0.755371094
vn 0.75 -0.129882812 0.6484375
vn 0.75 0.129882812 0.6484375
vn 0.837890625 0.129882812 0.529785156
vn 0.837890625 -0.129882812 0.529785156
vn 0.852050781 0.025970459 -0.522949219
vn 0.852050781 -0.025970459 -0.522949219
vn 0.962890625 0.0157775879 -0.269287109
vn 0.962890625 -0.0157165527 -0.268798828
vn 0.187744141 0.130981445 0.973632812
vn 0.187744141 -0.130981445 0.973632812
vn 0.183349609 0.141357422 0.97265625
vn 0.183349609 -0.141357422 0.97265625
vn 0.1796875 0.147827148 0.97265625
vn 0.1796875 -0.147827148 0.97265625
vn 0.175292969 0.153930664 0.972167969
vn 0.175292969 -0.153930664 0.972167969
vn 0.178222656 0.15625 0.971679688
vn 0.178222656 -0.15625 0.971679688
vn 0.204467773 0.140625 0.96875
vn 0.204467773 -0.140625 0.96875
vn 0.251708984 -0.130371094 0.958984375
vn 0.251708984 0.130371094 0.958984375
vn 0.311279297 -0.130249023 0.94140625
vn 0.311279297 0.130249023 0.94140625
vn 0.386230469 0.130126953 0.913085938
vn 0.386230469 -0.130126953 0.913085938
vn 0.458740234 -0.130249023 0.87890625
vn 0.458496094 0.130249023 0.87890625
vn 0.5078125 0.14050293 0.850097656
vn 0.5078125 -0.14050293 0.850097656
vn 0.53125 0.14050293 0.835449219
vn 0.53125 -0.14050293 0.835449219
vn 0.572265625 0.130371094 0.809570312
vn 0.572265625 -0.130371094 0.809570312
vn 0.615234375 0.130371094 0.77734375
vn 0.615234375 -0.130371094 0.777832031
vn 0.651367188 -0.14050293 0.745605469
vn 0.651367188 0.14050293 0.745605469
vn 0.671875 0.14050293 0.727050781
vn 0.671875 -0.14050293 0.727050781
vn 0.701171875 -0.130493164 0.700683594
vn 0.701171875 0.130493164 0.700683594
vn 0.727539062 -0.14050293 0.671386719
vn 0.727539062 0.14050293 0.671386719
vn 0.74609375 0.14050293 0.650878906
vn 0.74609375 -0.14050293 0.650878906
vn 0.776855469 -0.128417969 0.616210938
vn 0.776855469 0.128417969 0.616210938
vn 0.811523438 -0.128417969 0.5703125
vn 0.811523438 0.128417969 0.5703125
vn 0.8359375 -0.140625 0.530761719
vn 0.8359375 0.140625 0.530761719
vn 0.83984375 -0.138671875 0.524902344
vn 0.83984375 0.138671875 0.524902344
vn 0.843261719 -0.153564453 0.515136719
vn 0.843261719 0.153564453 0.515136719
vn 0.849609375 -0.174438477 0.497558594
vn 0.849609375 0.174560547 0.497558594
vn 0.854003906 0.195922852 0.481933594
vn 0.854003906 -0.195922852 0.481933594
vn 0.856933594 0.216308594 0.468017578
vn 0.856933594 -0.216186523 0.468017578
vn 0.858398438 0.234619141 0.456298828
vn 0.858398438 -0.234619141 0.456298828
vn 0.858886719 0.249633789 0.447021484
vn 0.858886719 -0.249633789 0.447021484
vn 0.869140625 0.165649414 0.466064453
vn 0.869628906 -0.165405273 0.465332031
vn 0.889648438 0.0593566895 0.452636719
vn 0.887207031 -0.0575866699 0.457763672
vn 0.890625 0.0517272949 0.451416016
vn 0.886230469 0.0609436035 0.459228516
vn 0.872558594 -0.0893554688 0.48046875
vn 0.872558594 0.0893554688 0.48046875
vn 0.850097656 -0.11895752 0.512695312
vn 0.850097656 0.11895752 0.512695312
vn 0.816894531 -0.130981445 0.562011719
vn 0.81640625 0.130981445 0.562011719
vn 0.76171875 -0.131225586 0.634765625
vn 0.76171875 0.131225586 0.634765625
vn 0.677734375 -0.131469727 0.723144531
vn 0.677734375 0.131469727 0.723144531
vn 0.585449219 -0.131347656 0.799804688
vn 0.585449219 0.131347656 0.799804688
vn 0.509277344 -0.131103516 0.850585938
vn 0.509277344 0.131103516 0.850585938
vn 0.437011719 0.113098145 0.892578125
vn 0.437011719 -0.113098145 0.892578125
vn 0.418945312 -0.127685547 0.898925781
vn 0.418945312 0.127685547 0.898925781
vn 0.426025391 0.148803711 0.892578125
vn 0.426025391 -0.148803711 0.892578125
vn 0.470947266 -0.130371094 0.872558594
vn 0.470947266 0.130371094 0.872558594
vn 0.518066406 0.130249023 0.845214844
vn 0.518066406 -0.130249023 0.845214844
vn 0.586914062 -0.126953125 0.799316406
vn 0.586914062 0.126953125 0.799316406
vn 0.678222656 -0.124633789 0.724121094
vn 0.678222656 0.124633789 0.724121094
vn 0.739746094 0.204345703 0.641113281
vn 0.739746094 -0.204345703 0.641113281
vn 0.742675781 -0.0878295898 0.6640625
vn 0.742675781 0.0878295898 0.6640625
vn 0.709960938 0.106079102 0.696289062
vn 0.709472656 -0.106079102 0.696289062
vn 0.665527344 0.130859375 0.734863281
vn 0.665527344 -0.130859375 0.734863281
vn 0.621582031 -0.120544434 0.773925781
vn 0.621582031 0.120544434 0.773925781
vn 0.549316406 -0.136108398 0.82421875
vn 0.549316406 0.136108398 0.82421875
vn 0.499267578 0.114379883 0.858886719
vn 0.499267578 -0.114379883 0.858886719
vn 0.464111328 -0.0709838867 0.8828125
vn 0.464111328 0.0709838867 0.8828125
vn 0.427734375 -0.00268554688 0.903808594
vn 0.427734375 0.00268554688 0.903808594
vn 0.438476562 -0.141723633 0.887695312
vn 0.438476562 0.141723633 0.887695312
vn 0.421386719 -0.241088867 0.874511719
vn 0.421386719 0.241088867 0.874511719
vn 0.46484375 -0.185913086 0.865722656
vn 0.46484375 0.185913086 0.865722656
vn 0.506835938 -0.146362305 0.849609375
vn 0.506835938 0.146362305 0.849609375
vn 0.548828125 0.130371094 0.825683594
vn 0.548828125 -0.130371094 0.825683594
vn 0.586425781 0.146240234 0.796875
vn 0.586425781 -0.146240234 0.796875
vn 0.614257812 0.165893555 0.771484375
vn 0.614257812 -0.165893555 0.771484375
vn 0.64453125 0.146240234 0.750488281
vn 0.645019531 -0.146240234 0.750488281
vn 0.689453125 0.130249023 0.712402344
vn 0.689453125 -0.130249023 0.712402344
vn 0.733886719 0.130249023 0.666503906
vn 0.733886719 -0.130249023 0.666503906
vn 0.770507812 -0.146606445 0.620117188
vn 0.770507812 0.146606445 0.620117188
vn 0.784179688 0.163208008 0.598632812
vn 0.784179688 -0.163208008 0.598632812
vn 0.779785156 -0.22668457 0.583496094
vn 0.779785156 0.22668457 0.583496094
vn 0.780761719 0.232910156 0.579589844
vn 0.780761719 -0.232910156 0.579589844
vn 0.791992188 0.197265625 0.577636719
vn 0.791992188 -0.197265625 0.577636719
vn 0.807128906 0.173828125 0.563964844
vn 0.807128906 -0.173828125 0.563964844
vn 0.853515625 0.130249023 0.504394531
vn 0.853515625 -0.130249023 0.504394531
vn 0.895996094 -0.130249023 0.424804688
vn 0.895996094 0.130249023 0.424804688
vn 0.931640625 -0.130249023 0.339355469
vn 0.931640625 0.130249023 0.339355469
vn 0.959472656 -0.130249023 0.249755859
vn 0.959472656 0.130249023 0.249755859
vn 0.979003906 -0.130249023 0.158203125
vn 0.979003906 0.130249023 0.158203125
vn 0.989257812 -0.130249023 0.0668334961
vn 0.989257812 0.130249023 0.0668334961
vn 0.986328125 -0.16394043 -0.0220336914
vn 0.986328125 0.16394043 -0.0220336914
vn 0.983398438 -0.130004883 -0.126708984
vn 0.983398438 0.130004883 -0.126708984
vn 0.95703125 -0.129882812 -0.259277344
vn 0.95703125 0.129882812 -0.259277344
vn 0.915039062 -0.130126953 -0.381835938
vn 0.915039062 0.130126953 -0.381835938
vn 0.870605469 -0.130249023 -0.474609375
vn 0.870605469 0.130249023 -0.474609375
vn 0.8203125 -0.130249023 -0.557128906
vn 0.8203125 0.130249023 -0.557128906
vn 0.759277344 0.130249023 -0.637695312
vn 0.759277344 -0.130249023 -0.637695312
vn 0.687988281 -0.130249023 -0.714355469
vn 0.687988281 0.130249023 -0.714355469
vn 0.607910156 -0.130249023 -0.783203125
vn 0.607910156 0.130249023 -0.783203125
vn 0.521484375 -0.130249023 -0.843261719
vn 0.521484375 0.130249023 -0.843261719
vn 0.432128906 0.130249023 -0.892089844
vn 0.432373047 -0.130249023 -0.892089844
vn 0.342529297 -0.130249023 -0.930175781
vn 0.342529297 0.130249023 -0.930175781
vn 0.255126953 0.130249023 -0.958007812
vn 0.255126953 -0.130249023 -0.958007812
vn 0.171875 -0.130249023 -0.9765625
vn 0.171875 0.130249023 -0.9765625
vn 0.0939941406 0.130249023 -0.986816406
vn 0.0939941406 -0.130249023 -0.986816406
vn 0.0617370605 0.140258789 -0.98828125
vn 0.0617370605 -0.140258789 -0.98828125
vn 0.0664672852 0.15637207 -0.985351562
vn 0.0664672852 -0.15637207 -0.985351562
vn 0.0317687988 0.137451172 -0.990234375
vn 0.0317382812 -0.137451172 -0.990234375
vn -0.0113525391 -0.12878418 -0.991699219
vn -0.0113525391 0.12878418 -0.991699219
vn -0.0643310547 0.12878418 -0.989746094
vn -0.0643310547 -0.12878418 -0.989746094
vn -0.106933594 0.137329102 -0.984863281
vn -0.106933594 -0.137329102 -0.984863281
vn -0.13671875 0.146362305 -0.979980469
vn -0.13671875 -0.146362305 -0.979980469
vn -0.166748047 0.137329102 -0.9765625
vn -0.166870117 -0.137329102 -0.9765625
vn -0.219238281 -0.130249023 -0.966796875
vn -0.219238281 0.130249023 -0.966796875
vn -0.297119141 -0.130249023 -0.945800781
vn -0.297119141 0.130249023 -0.945800781
vn -0.28515625 0.131347656 -0.94921875
vn -0.28515625 -0.131347656 -0.94921875
vn -0.172485352 0.131225586 -0.976074219
vn -0.172485352 -0.131225586 -0.976074219
vn -0.168823242 0.130126953 -0.977050781
vn -0.168823242 -0.130126953 -0.977050781
vn -0.276611328 0.130126953 -0.952148438
vn -0.276611328 -0.130126953 -0.952148438
vn -0.379394531 -0.130126953 -0.916015625
vn -0.379394531 0.130126953 -0.916015625
vn -0.440917969 -0.138549805 -0.88671875
vn -0.440917969 0.138549805 -0.88671875
vn -0.463623047 0.164794922 -0.870605469
vn -0.463623047 -0.164672852 -0.870605469
vn -0.479248047 0.172729492 -0.860351562
vn -0.479248047 -0.172729492 -0.860351562
vn -0.502441406 0.149047852 -0.8515625
vn -0.502441406 -0.149047852 -0.8515625
vn -0.523925781 0.134277344 -0.841308594
vn -0.523925781 -0.134277344 -0.841308594
vn -0.540039062 -0.130493164 -0.831542969
vn -0.540039062 0.130493164 -0.831542969
vn -0.555175781 -0.134277344 -0.820800781
vn -0.555175781 0.134277344 -0.820800781
vn -0.569824219 0.143798828 -0.809082031
vn -0.569824219 -0.143798828 -0.809082031
vn -0.5703125 0.12109375 -0.8125
vn -0.5703125 -0.12109375 -0.8125
vn -0.526367188 0.130981445 -0.83984375
vn -0.526367188 -0.130981445 -0.83984375
vn -0.444335938 -0.131347656 -0.886230469
vn -0.444335938 0.131347656 -0.886230469
vn -0.333007812 -0.131347656 -0.93359375
vn -0.333251953 0.131347656 -0.93359375
vn -0.227783203 -0.131347656 -0.96484375
vn -0.227905273 0.131347656 -0.96484375
vn -0.999023438 -0.0222473145 0.043548584
vn -0.999023438 0.0221252441 0.0433959961
vn -0.00476074219 0.130126953 0.991699219
vn -0.00479125977 -0.130126953 0.991699219
vn -0.169433594 0.130126953 0.977050781
vn -0.169433594 -0.130126953 0.977050781
vn -0.370117188 0.130126953 0.919921875
vn -0.370117188 -0.130126953 0.919921875
vn -0.592285156 0.130249023 0.794921875
vn -0.592285156 -0.130249023 0.794921875
vn -0.794921875 -0.130371094 0.592773438
vn -0.794921875 0.130371094 0.592773438
vn -0.9140625 0.130126953 0.383789062
vn -0.9140625 -0.130126953 0.383789062
vn -0.9609375 0.130249023 0.243896484
vn -0.9609375 -0.130249023 0.243896484
vn -0.981933594 0.130249023 0.136230469
vn -0.981933594 -0.130249023 0.136230469
vn -0.991210938 0.130249023 0.0276794434
vn -0.991210938 -0.130249023 0.0276794434
vn -0.98828125 0.130249023 -0.076965332
vn -0.98828125 -0.130249023 -0.076965332
vn -0.9765625 0.130249023 -0.17175293
vn -0.9765625 -0.130249023 -0.172119141
vn -0.180053711 -0.022857666 0.983398438
vn -0.1796875 0.0227661133 0.983398438
vn 0.935546875 0.131103516 0.327636719
vn 0.935546875 -0.131103516 0.327636719
vn 0.913574219 -0.130981445 0.384521484
vn 0.913574219 0.130981445 0.384521484
vn 0.88671875 0.131103516 0.443115234
vn 0.88671875 -0.131103516 0.443115234
vn 0.888671875 0.126342773 0.440673828
vn 0.888671875 -0.126342773 0.440673828
vn 0.919433594 0.139282227 0.367431641
vn 0.919433594 -0.139282227 0.367431641
vn 0.938476562 -0.130371094 0.320068359
vn 0.938476562 0.130371094 0.320068359
vn 0.94921875 -0.179077148 0.259277344
vn 0.94921875 0.179077148 0.259277344
vn 0.966796875 0.142211914 0.212768555
vn 0.966796875 -0.142211914 0.212768555
vn 0.98046875 0.130371094 0.147216797
vn 0.98046875 -0.130371094 0.147216797
vn 0.989257812 -0.130249023 0.0690307617
vn 0.989257812 0.130249023 0.0690307617
vn 0.990722656 -0.130249023 -0.0339355469
vn 0.990722656 0.130249023 -0.0339355469
vn 0.977050781 -0.130126953 -0.167358398
vn 0.977050781 0.130126953 -0.167358398
vn 0.974121094 -0.131469727 -0.184082031
vn 0.974121094 0.131469727 -0.184082031
vn 0.989257812 -0.131591797 -0.0624084473
vn 0.989257812 0.131591797 -0.0624084473
vn 0.989257812 -0.131591797 0.0642700195
vn 0.989257812 0.131591797 0.0642700195
vn 0.973632812 -0.131469727 0.187011719
vn 0.973632812 0.131469727 0.187011719
vn 0.944824219 -0.131347656 0.299560547
vn 0.944824219 0.131347656 0.299560547
vn 0.898925781 -0.131591797 0.417724609
vn 0.898925781 0.131591797 0.417724609
vn 0.838378906 -0.131347656 0.529296875
vn 0.838378906 0.131347656 0.529296875
vn 0.787597656 0.10534668 0.607421875
vn 0.787597656 -0.10534668 0.607421875
vn 0.750976562 -0.031036377 0.659667969
vn 0.750976562 0.031036377 0.659667969
vn 0.751953125 0.170166016 0.63671875
vn 0.751953125 -0.170166016 0.63671875
vn 0.808105469 0.130126953 0.57421875
vn 0.808105469 -0.130126953 0.57421875
vn 0.870605469 -0.130004883 0.474853516
vn 0.870605469 0.130004883 0.474853516
vn 0.923828125 -0.130004883 0.360107422
vn 0.923828125 0.130004883 0.360107422
vn 0.958984375 -0.130126953 0.251708984
vn 0.958984375 0.130126953 0.251708984
vn 0.942871094 -0.298828125 0.146362305
vn 0.942871094 0.298828125 0.146362305
vn 0.9609375 -0.247192383 0.123413086
vn 0.9609375 0.247192383 0.123413086
vn 0.992675781 0.0801391602 0.0919189453
vn 0.992675781 -0.0801391602 0.0919189453
vn 0.989257812 0.0933227539 0.111572266
vn 0.989257812 -0.0933227539 0.111572266
vn 0.974121094 0.130981445 0.184448242
vn 0.974121094 -0.130981445 0.184448242
vn 0.956542969 -0.131103516 0.260742188
vn 0.956542969 0.131103516 0.260742188
vn 0.9375 -0.130981445 0.322998047
vn 0.9375 0.130981445 0.322998047
vn 0.918945312 0.130981445 0.371582031
vn 0.918945312 -0.130981445 0.371582031
vn 0.8984375 -0.130981445 0.419433594
vn 0.8984375 0.130981445 0.419433594
vn 0.868652344 0.131103516 0.477539062
vn 0.868652344 -0.131103516 0.477539062
vn 0.828613281 -0.131103516 0.544433594
vn 0.828613281 0.131103516 0.544433594
vn 0.787597656 -0.0906982422 0.609375
vn 0.787597656 0.0906982422 0.609375
vn 0.775878906 -0.189819336 0.6015625
vn 0.775878906 0.189819336 0.6015625
vn 0.793945312 0.154296875 0.588378906
vn 0.793945312 -0.154296875 0.588378906
vn 0.81640625 0.130493164 0.5625
vn 0.81640625 -0.130493164 0.5625
vn 0.831054688 -0.148803711 0.536132812
vn 0.831054688 0.148803711 0.536132812
vn 0.838378906 0.1796875 0.514648438
vn 0.838378906 -0.1796875 0.514648438
vn 0.846679688 0.179931641 0.500488281
vn 0.846679688 -0.179931641 0.500488281
vn 0.866699219 0.139526367 0.479248047
vn 0.866699219 -0.139526367 0.479248047
vn 0.88671875 0.130371094 0.443847656
vn 0.88671875 -0.130371094 0.443847656
vn 0.902832031 -0.147460938 0.403808594
vn 0.902832031 0.147460938 0.403808594
vn 0.908691406 -0.176025391 0.378662109
vn 0.908691406 0.176025391 0.378662109
vn 0.921875 -0.15612793 0.354492188
vn 0.921875 0.15612793 0.354492188
vn 0.9453125 -0.130249023 0.298339844
vn 0.9453125 0.130249023 0.298339844
vn 0.969726562 -0.130004883 0.20715332
vn 0.969726562 0.130004883 0.20715332
vn 0.98828125 -0.130004883 0.0802612305
vn 0.98828125 0.130004883 0.0802612305
vn 0.990234375 -0.130126953 -0.0465698242
vn 0.990234375 0.130126953 -0.0465698242
vn 0.968261719 -0.193969727 -0.156738281
vn 0.968261719 0.193969727 -0.156738281
vn 0.980957031 0.0996704102 -0.166992188
vn 0.980957031 -0.0996704102 -0.166992188
vn 0.982910156 -0.10736084 -0.151000977
vn 0.982910156 0.10736084 -0.151000977
vn 0.983398438 -0.130737305 -0.126098633
vn 0.983398438 0.130737305 -0.126098633
vn 0.988769531 0.10736084 -0.101806641
vn 0.988769531 -0.10736084 -0.101806641
vn 0.993164062 0.0803222656 -0.0852050781
vn 0.993164062 -0.0803222656 -0.0852050781
vn 0.991699219 0.10736084 -0.0681152344
vn 0.991699219 -0.10736084 -0.0681152344
vn 0.990234375 -0.130737305 -0.043182373
vn 0.990234375 0.130737305 -0.043182373
vn 0.994140625 -0.10736084 -0.0185241699
vn 0.994140625 0.10736084 -0.0185241699
vn 0.99609375 -0.0864868164 0.00048828125
vn 0.99609375 0.0864868164 0.00048828125
vn 0.98828125 -0.151489258 0.00579833984
vn 0.98828125 0.151489258 0.00579833984
vn 0.990722656 -0.130371094 -0.0397338867
vn 0.990722656 0.130371094 -0.0397338867
vn 0.987304688 -0.138427734 -0.0803833008
vn 0.987304688 0.138427734 -0.0803833008
vn 0.982910156 0.124267578 -0.13671875
vn 0.982910156 -0.124267578 -0.13671875
vn 0.946777344 -0.126953125 -0.295410156
vn 0.946777344 0.126953125 -0.295410156
vn 0.893066406 0.130249023 -0.430419922
vn 0.893066406 -0.130249023 -0.430419922
vn 0.862304688 -0.131713867 -0.489257812
vn 0.862304688 0.131713867 -0.489257812
vn 0.834472656 -0.130249023 -0.535644531
vn 0.834472656 0.130249023 -0.535644531
vn 0.798339844 0.130249023 -0.587890625
vn 0.798339844 -0.130249023 -0.587890625
vn 0.759277344 -0.131713867 -0.637207031
vn 0.759277344 0.131713867 -0.637207031
vn 0.723144531 0.130249023 -0.678222656
vn 0.723144531 -0.130249023 -0.678222656
vn 0.685058594 -0.131591797 -0.716308594
vn 0.685058594 0.131591797 -0.716308594
vn 0.651855469 -0.130371094 -0.747070312
vn 0.651855469 0.130371094 -0.747070312
vn 0.624023438 0.130859375 -0.770507812
vn 0.624023438 -0.130859375 -0.770507812
vn 0.588867188 -0.129272461 -0.797851562
vn 0.588867188 0.129272461 -0.797851562
vn 0.54296875 0.129760742 -0.829589844
vn 0.54296875 -0.129760742 -0.829589844
vn 0.497314453 0.130371094 -0.857910156
vn 0.497314453 -0.130371094 -0.857910156
vn 0.442382812 -0.129150391 -0.887695312
vn 0.442382812 0.129150391 -0.887695312
vn 0.3828125 -0.129760742 -0.914550781
vn 0.3828125 0.129760742 -0.914550781
vn 0.326660156 -0.130249023 -0.936035156
vn 0.326660156 0.130249023 -0.936035156
vn 0.258789062 0.153076172 -0.953613281
vn 0.258789062 -0.153076172 -0.953613281
vn 0.221069336 -0.149169922 -0.963867188
vn 0.221069336 0.149169922 -0.963867188
vn 0.18762207 0.134155273 -0.973144531
vn 0.18762207 -0.134155273 -0.973144531
vn 0.154418945 0.130371094 -0.979492188
vn 0.154418945 -0.130371094 -0.979492188
vn 0.107177734 0.141601562 -0.983886719
vn 0.107177734 -0.141601562 -0.983886719
vn 0.0679321289 0.136108398 -0.98828125
vn 0.0679321289 -0.136108398 -0.98828125
vn 0.0224609375 0.130249023 -0.991210938
vn 0.0224609375 -0.130249023 -0.991210938
vn 0.859375 -0.0588989258 0.5078125
vn 0.84765625 0.199462891 0.491210938
vn 0.843261719 0.147216797 0.517089844
vn 0.819824219 0.130249023 0.557617188
vn 0.771484375 0.130126953 0.623046875
vn 0.724609375 0.130371094 0.676269531
vn 0.638183594 0.470947266 0.609375
vn 0.689453125 0.166259766 0.705078125
vn 0.666503906 0.196411133 0.719238281
vn 0.037902832 -0.469238281 -0.882324219
vn 0.0679321289 -0.136108398 -0.98828125
vn 0.0224609375 -0.130249023 -0.991210938
vn 0.107177734 -0.141601562 -0.983886719
vn 0.1484375 -0.474609375 -0.867675781
vn 0.154418945 -0.130371094 -0.979492188
vn 0.0236816406 -0.782226562 -0.622558594
vn 0.18762207 -0.134155273 -0.973144531
vn 0.221069336 -0.149169922 -0.963867188
vn 0.258789062 -0.153076172 -0.953613281
vn 0.11126709 -0.763671875 -0.636230469
vn 0.282714844 -0.470947266 -0.835449219
vn 0.326660156 -0.130249023 -0.936035156
vn 0.3828125 -0.129760742 -0.914550781
vn 0.201904297 -0.763671875 -0.61328125
vn 0.357666016 -0.466796875 -0.80859375
vn 0.442382812 -0.129150391 -0.887695312
vn 0.132568359 -0.9140625 -0.383300781
vn 0.0586242676 -0.915527344 -0.398193359
vn 0.264160156 -0.766113281 -0.585449219
vn 0.400878906 -0.465820312 -0.7890625
vn 0.497314453 -0.130371094 -0.857910156
vn 0.0698242188 -0.98046875 -0.184570312
vn 0.025177002 -0.979492188 -0.198730469
vn 0.192626953 -0.915527344 -0.353515625
vn 0.450439453 -0.466796875 -0.761230469
vn 0.54296875 -0.129760742 -0.829589844
vn 0.311523438 -0.766113281 -0.562011719
vn 0.118591309 -0.98046875 -0.157226562
vn 0.042175293 -0.995605469 -0.0848388672
vn 0.0482788086 -0.995605469 -0.0815429688
vn 0.0296936035 -0.995605469 -0.0882568359
vn 0.0559082031 -0.995605469 -0.0744628906
vn 0.0650634766 -0.995605469 -0.0684814453
vn 0.158081055 -0.98046875 -0.117370605
vn 0.0713500977 -0.995605469 -0.0609436035
vn 0.0794067383 -0.995605469 -0.049987793
vn 0.0842285156 -0.995605469 -0.0425109863
vn 0.187866211 -0.979980469 -0.0634155273
vn 0.0884399414 -0.995605469 -0.0282592773
vn 0.105529785 -0.994140625 -0.0133972168
vn 0.164428711 -0.986328125 -0.00454711914
vn 0.0647583008 -0.998046875 -0.00576782227
vn 0.201416016 -0.979492188 0.0142211914
vn 0.12902832 -0.991699219 -0.0170593262
vn 0.0927734375 -0.995605469 0.0075378418
vn 0.112915039 -0.993164062 0.029510498
vn 0.131225586 -0.990722656 0.041229248
vn 0.17590332 -0.979980469 0.0941162109
vn 0.0834350586 -0.995605469 0.0413818359
vn 0.102111816 -0.9921875 0.0701904297
vn 0.168945312 -0.982421875 0.0809326172
vn 0.0534362793 -0.997558594 0.0391845703
vn 0.0838623047 -0.995605469 0.040435791
vn 0.0858154297 -0.99609375 0.0300598145
vn 0.17980957 -0.982421875 0.0482788086
vn 0.0825805664 -0.996582031 0.0146484375
vn 0.191772461 -0.979980469 0.0512695312
vn 0.0907592773 -0.995605469 0.0209960938
vn 0.107116699 -0.993164062 0.0417480469
vn 0.176025391 -0.979980469 0.0913085938
vn 0.0817260742 -0.995605469 0.0445861816
vn 0.0969848633 -0.992675781 0.0712890625
vn 0.165649414 -0.982910156 0.0784301758
vn 0.0595092773 -0.997070312 0.0458374023
vn 0.0844726562 -0.995605469 0.0390319824
vn 0.087097168 -0.995605469 0.0275878906
vn 0.384033203 -0.91796875 0.100097656
vn 0.390869141 -0.915039062 0.0994262695
vn 0.180786133 -0.982910156 0.0356750488
vn 0.0913085938 -0.995605469 0.0175170898
vn 0.0908203125 -0.995605469 0.00588989258
vn 0.18359375 -0.982910156 -0.0127563477
vn 0.0927734375 -0.995605469 -0.00582885742
vn 0.08984375 -0.995605469 -0.016418457
vn 0.198486328 -0.979980469 -0.0122680664
vn 0.0941772461 -0.995605469 -0.0178833008
vn 0.092956543 -0.995605469 -0.00317382812
vn 0.0930175781 -0.995605469 0.00646972656
vn 0.195922852 -0.979980469 0.0355224609
vn 0.0916748047 -0.995605469 0.0163879395
vn 0.151123047 -0.986816406 0.054473877
vn 0.146240234 -0.987792969 0.0542297363
vn 0.175048828 -0.983886719 0.0305175781
vn 0.0746459961 -0.996582031 0.0347900391
vn 0.0857543945 -0.99609375 0.025604248
vn 0.0907592773 -0.995605469 0.0165100098
vn 0.0927124023 -0.995605469 0.00720214844
vn 0.399902344 -0.9140625 0.0676269531
vn 0.337158203 -0.930175781 0.144775391
vn 0.393066406 -0.918457031 -0.0438232422
vn 0.385253906 -0.917480469 -0.0978393555
vn 0.262695312 -0.138305664 0.955078125
vn 0.221923828 -0.151977539 0.963378906
vn -0.211791992 -0.1875 -0.958984375
vn -0.876953125 0.465087891 0.122009277
vn 0.393066406 -0.918945312 0.0298461914
vn 0.404785156 -0.9140625 -0.0224304199
vn 0.396240234 -0.917480469 -0.0335083008
vn 0.399169922 -0.916503906 0.0259094238
vn 0.388916016 -0.917480469 0.0834960938
vn 0.635253906 -0.770996094 -0.0401000977
vn 0.630371094 -0.767578125 -0.116699219
vn 0.635253906 -0.770996094 0.0412597656
vn 0.879882812 -0.472412109 -0.0555114746
vn 0.387451172 -0.915527344 0.106506348
vn 0.383056641 -0.907226562 0.174682617
vn 0.583007812 -0.770507812 0.2578125
vn 0.612304688 -0.770507812 0.177368164
vn 0.628417969 -0.770019531 0.111022949
vn 0.640136719 -0.765625 0.0600280762
vn 0.0327758789 -0.101928711 0.994140625
vn -0.8828125 0.465087891 -0.0684204102
vn -0.0770874023 -0.129760742 0.988769531
vn 0.853027344 -0.470703125 0.225463867
vn -0.180053711 -0.022857666 0.983398438
vn 0.833007812 -0.469970703 0.291503906
vn 0.935546875 -0.131103516 0.327636719
vn 0.913574219 -0.130981445 0.384521484
vn 0.813964844 -0.469726562 0.342529297
vn 0.790039062 -0.467041016 0.396972656
vn 0.88671875 -0.131103516 0.443115234
vn 0.783203125 -0.475585938 0.400878906
vn 0.888671875 -0.126342773 0.440673828
vn 0.583496094 -0.767578125 0.265380859
vn 0.814453125 -0.457519531 0.357177734
vn 0.834472656 -0.474365234 0.280517578
vn 0.919433594 -0.139282227 0.367431641
vn 0.938476562 -0.130371094 0.320068359
vn 0.94921875 -0.179077148 0.259277344
vn 0.585449219 -0.788574219 0.188354492
vn 0.635253906 -0.765136719 0.106384277
vn 0.868652344 -0.470703125 0.153198242
vn 0.966796875 -0.142211914 0.212768555
vn 0.98046875 -0.130371094 0.147216797
vn 0.881347656 -0.46875 0.0614013672
vn 0.989257812 -0.130249023 0.0690307617
vn 0.642578125 -0.766113281 -0.0118408203
vn 0.884765625 -0.465087891 -0.0302734375
vn 0.990722656 -0.130249023 -0.0339355469
vn 0.625488281 -0.771972656 -0.112487793
vn 0.873046875 -0.464355469 -0.149536133
vn 0.977050781 -0.130126953 -0.167358398
vn 0.974121094 -0.131469727 -0.184082031
vn 0.866210938 -0.471923828 -0.163696289
vn 0.989257812 -0.131591797 -0.0624084473
vn 0.989257812 -0.131591797 0.0642700195
vn 0.879394531 -0.472412109 0.0571594238
vn 0.865722656 -0.472167969 0.166381836
vn 0.973632812 -0.131469727 0.187011719
vn 0.625488281 -0.770996094 0.120178223
vn 0.840332031 -0.471679688 0.266357422
vn 0.944824219 -0.131347656 0.299560547
vn 0.611328125 -0.767089844 0.193847656
vn 0.799316406 -0.472412109 0.371337891
vn 0.898925781 -0.131591797 0.417724609
vn 0.734375 -0.464599609 0.494873047
vn 0.838378906 -0.131347656 0.529296875
vn 0.787597656 -0.10534668 0.607421875
vn 0.750976562 -0.031036377 0.659667969
vn 0.751953125 -0.170166016 0.63671875
vn 0.363769531 -0.91796875 0.159545898
vn 0.577148438 -0.770996094 0.268066406
vn 0.36328125 -0.892089844 0.26953125
vn 0.522949219 -0.772460938 0.360839844
vn 0.308105469 -0.924316406 0.226196289
vn 0.715820312 -0.468261719 0.518066406
vn 0.808105469 -0.130126953 0.57421875
vn 0.870605469 -0.130004883 0.474853516
vn 0.520019531 -0.764160156 0.382324219
vn 0.77734375 -0.464111328 0.424316406
vn 0.923828125 -0.130004883 0.360107422
vn 0.355957031 -0.915039062 0.188476562
vn 0.56640625 -0.764160156 0.309082031
vn 0.825195312 -0.464355469 0.321533203
vn 0.958984375 -0.130126953 0.251708984
vn 0.566894531 -0.793457031 0.220947266
vn 0.856445312 -0.470458984 0.213134766
vn 0.942871094 -0.298828125 0.146362305
vn 0.9609375 -0.247192383 0.123413086
vn 0.900878906 -0.404052734 0.159179688
vn 0.992675781 -0.0801391602 0.0919189453
vn 0.989257812 -0.0933227539 0.111572266
vn 0.974121094 -0.130981445 0.184448242
vn 0.956542969 -0.131103516 0.260742188
vn 0.629394531 -0.762695312 0.149047852
vn 0.622558594 -0.765136719 0.163574219
vn 0.8515625 -0.470214844 0.232055664
vn 0.839355469 -0.460693359 0.2890625
vn 0.9375 -0.130981445 0.322998047
vn 0.918945312 -0.130981445 0.371582031
vn 0.604980469 -0.759277344 0.240600586
vn 0.818359375 -0.469482422 0.331054688
vn 0.804199219 -0.460693359 0.375488281
vn 0.8984375 -0.130981445 0.419433594
vn 0.868652344 -0.131103516 0.477539062
vn 0.362304688 -0.91796875 0.161621094
vn 0.561523438 -0.76953125 0.3046875
vn 0.363525391 -0.905273438 0.21887207
vn 0.7734375 -0.470214844 0.425048828
vn 0.732421875 -0.467285156 0.494873047
vn 0.828613281 -0.131103516 0.544433594
vn 0.787597656 -0.0906982422 0.609375
vn 0.775878906 -0.189819336 0.6015625
vn 0.576171875 -0.706054688 0.412353516
vn 0.725585938 -0.475341797 0.497558594
vn 0.793945312 -0.154296875 0.588378906
vn 0.81640625 -0.130493164 0.5625
vn 0.831054688 -0.148803711 0.536132812
vn 0.838378906 -0.1796875 0.514648438
vn 0.846679688 -0.179931641 0.500488281
vn 0.785644531 -0.475585938 0.395996094
vn 0.866699219 -0.139526367 0.479248047
vn 0.88671875 -0.130371094 0.443847656
vn 0.902832031 -0.147460938 0.403808594
vn 0.908691406 -0.176025391 0.378662109
vn 0.486572266 -0.806640625 0.334960938
vn 0.576171875 -0.763671875 0.291259766
vn 0.357177734 -0.915039062 0.186645508
vn 0.354980469 -0.927734375 0.116821289
vn 0.837402344 -0.470703125 0.278076172
vn 0.921875 -0.15612793 0.354492188
vn 0.9453125 -0.130249023 0.298339844
vn 0.609863281 -0.764160156 0.209716797
vn 0.866210938 -0.464599609 0.185058594
vn 0.969726562 -0.130004883 0.20715332
vn 0.612304688 -0.779296875 0.130859375
vn 0.3984375 -0.916992188 0.0280151367
vn 0.8828125 -0.463867188 0.0717163086
vn 0.98828125 -0.130004883 0.0802612305
vn 0.643066406 -0.763671875 0.0522155762
vn 0.880859375 -0.470214844 -0.0579528809
vn 0.990234375 -0.130126953 -0.0465698242
vn 0.968261719 -0.193969727 -0.156738281
vn 0.980957031 -0.0996704102 -0.166992188
vn 0.94921875 -0.2890625 -0.122558594
vn 0.982910156 -0.10736084 -0.151000977
vn 0.983398438 -0.130737305 -0.126098633
vn 0.988769531 -0.10736084 -0.101806641
vn 0.993164062 -0.0803222656 -0.0852050781
vn 0.885742188 -0.462158203 -0.0390319824
vn 0.991699219 -0.10736084 -0.0681152344
vn 0.990234375 -0.130737305 -0.043182373
vn 0.994140625 -0.10736084 -0.0185241699
vn 0.99609375 -0.0864868164 0.00048828125
vn 0.600097656 -0.798339844 -0.0520019531
vn 0.837402344 -0.543457031 -0.0548400879
vn 0.882324219 -0.469482422 -0.0350036621
vn 0.98828125 -0.151489258 0.00579833984
vn 0.990722656 -0.130371094 -0.0397338867
vn 0.987304688 -0.138427734 -0.0803833008
vn 0.383544922 -0.921875 -0.0521850586
vn 0.603515625 -0.797363281 -0.0211486816
vn 0.872558594 -0.478271484 -0.0999145508
vn 0.982910156 -0.124267578 -0.13671875
vn 0.6328125 -0.767089844 -0.103210449
vn 0.880371094 -0.446533203 -0.158813477
vn 0.946777344 -0.126953125 -0.295410156
vn 0.384277344 -0.9140625 -0.130493164
vn 0.844238281 -0.463134766 -0.269042969
vn 0.893066406 -0.130249023 -0.430419922
vn 0.615722656 -0.763183594 -0.196166992
vn 0.793945312 -0.466552734 -0.389648438
vn 0.862304688 -0.131713867 -0.489257812
vn 0.346923828 -0.915039062 -0.205078125
vn 0.576660156 -0.766113281 -0.284423828
vn 0.751464844 -0.467285156 -0.465576172
vn 0.834472656 -0.130249023 -0.535644531
vn 0.798339844 -0.130249023 -0.587890625
vn 0.548339844 -0.765136719 -0.337890625
vn 0.709472656 -0.465820312 -0.528808594
vn 0.759277344 -0.131713867 -0.637207031
vn 0.649902344 -0.467041016 -0.599609375
vn 0.723144531 -0.130249023 -0.678222656
vn 0.685058594 -0.131591797 -0.716308594
vn 0.324951172 -0.915039062 -0.239257812
vn 0.518066406 -0.765625 -0.381347656
vn 0.492919922 -0.765136719 -0.413818359
vn 0.300537109 -0.915527344 -0.266845703
vn 0.465087891 -0.765625 -0.444335938
vn 0.5859375 -0.468261719 -0.661132812
vn 0.651855469 -0.130371094 -0.747070312
vn 0.624023438 -0.130859375 -0.770507812
vn 0.270019531 -0.915527344 -0.298095703
vn 0.424560547 -0.765136719 -0.484375
vn 0.536621094 -0.467773438 -0.702636719
vn 0.588867188 -0.129272461 -0.797851562
vn 0.237304688 -0.914550781 -0.326904297
vn 0.366455078 -0.766113281 -0.527832031
vn 0.498779297 -0.466796875 -0.729980469
vn -0.049407959 -0.130126953 -0.990234375
vn -0.130615234 -0.133422852 -0.982421875
vn -0.0498962402 -0.465087891 -0.883789062
vn -0.159667969 -0.467285156 -0.869628906
vn -0.186279297 -0.130371094 -0.973632812
vn -0.230102539 -0.131591797 -0.964355469
vn -0.0850219727 -0.764160156 -0.639160156
vn -0.0284729004 -0.76953125 -0.637695312
vn -0.243774414 -0.468505859 -0.849121094
vn -0.273681641 -0.130493164 -0.953125
vn -0.316162109 -0.131591797 -0.939453125
vn -0.325683594 -0.467285156 -0.821777344
vn -0.358154297 -0.130371094 -0.924316406
vn -0.409667969 -0.133422852 -0.90234375
vn -0.423583984 -0.465332031 -0.77734375
vn -0.479980469 -0.130249023 -0.867675781
vn -0.556640625 -0.130126953 -0.8203125
vn -0.127807617 -0.765136719 -0.630859375
vn -0.0390014648 -0.917480469 -0.395751953
vn -0.0897216797 -0.915039062 -0.392822266
vn -0.178222656 -0.764648438 -0.619140625
vn -0.118835449 -0.915039062 -0.385498047
vn -0.0331726074 -0.98046875 -0.193969727
vn -0.0703125 -0.980957031 -0.181640625
vn -0.225341797 -0.766113281 -0.602050781
vn -0.266601562 -0.764160156 -0.587402344
vn -0.159790039 -0.915039062 -0.370849609
vn -0.101745605 -0.98046875 -0.167236328
vn -0.0440979004 -0.995605469 -0.08203125
vn -0.0336303711 -0.995605469 -0.0868530273
vn -0.0539855957 -0.995605469 -0.0779418945
vn -0.0614929199 -0.995117188 -0.0750732422
vn -0.195678711 -0.914550781 -0.353515625
vn -0.311767578 -0.765136719 -0.563476562
vn -0.361572266 -0.765136719 -0.532714844
vn -0.14465332 -0.98046875 -0.13269043
vn -0.0657958984 -0.995605469 -0.0682373047
vn -0.0717163086 -0.995605469 -0.0594177246
vn -0.229248047 -0.916015625 -0.328857422
vn -0.267089844 -0.916503906 -0.298095703
vn -0.164306641 -0.98046875 -0.107666016
vn -0.0778808594 -0.995605469 -0.0510253906
vn -0.178466797 -0.98046875 -0.0812988281
vn -0.0827026367 -0.995605469 -0.0427856445
vn -0.0881347656 -0.995605469 -0.0349121094
vn -0.092590332 -0.995117188 -0.027557373
vn -0.312744141 -0.9140625 -0.258056641
vn -0.401855469 -0.766113281 -0.501953125
vn -0.195678711 -0.98046875 -0.0253295898
vn -0.0922241211 -0.995605469 -0.0166625977
vn -0.0936279297 -0.995605469 -0.00494384766
vn -0.352050781 -0.935546875 0.0186767578
vn -0.360107422 -0.9140625 -0.186889648
vn -0.438720703 -0.766113281 -0.469726562
vn -0.560546875 -0.464355469 -0.685546875
vn -0.176025391 -0.983398438 -0.0479431152
vn -0.124206543 -0.9921875 0.0108032227
vn -0.0470275879 -0.999023438 0.00793457031
vn -0.0693969727 -0.997558594 -0.00109863281
vn -0.0823364258 -0.996582031 -0.0106201172
vn -0.0895385742 -0.995605469 -0.0255126953
vn -0.0775756836 -0.996582031 -0.0353393555
vn -0.109863281 -0.993164062 -0.042755127
vn -0.191772461 -0.98046875 -0.0406188965
vn -0.357910156 -0.924316406 -0.130981445
vn -0.0904541016 -0.995605469 -0.0217895508
vn -0.103637695 -0.994628906 -0.0104980469
vn -0.121826172 -0.992675781 -0.00463867188
vn -0.195556641 -0.979980469 0.0311279297
vn -0.104064941 -0.994628906 0.00289916992
vn -0.0918579102 -0.995605469 0.0146179199
vn -0.0997924805 -0.994628906 0.0295410156
vn -0.113342285 -0.992675781 0.041809082
vn -0.168212891 -0.98046875 0.101989746
vn -0.094543457 -0.994628906 0.0420837402
vn -0.078918457 -0.995605469 0.0493774414
vn -0.102966309 -0.990234375 0.094909668
vn -0.116882324 -0.986328125 0.114807129
vn -0.145385742 -0.982421875 0.11529541
vn -0.0298156738 -0.999023438 0.0372009277
vn -0.0736083984 -0.995605469 0.0567321777
vn -0.163085938 -0.982421875 0.0931396484
vn -0.0821533203 -0.995605469 0.0438842773
vn -0.173950195 -0.982421875 0.0686035156
vn -0.0869750977 -0.995605469 0.033203125
vn -0.182006836 -0.982421875 0.0425109863
vn -0.0901489258 -0.995605469 0.023223877
vn -0.0919189453 -0.995605469 0.0140380859
vn -0.185058594 -0.982910156 0.00933837891
vn -0.0930175781 -0.995605469 0.00469970703
vn -0.0928955078 -0.995605469 -0.00469970703
vn -0.183105469 -0.982910156 -0.027923584
vn -0.397949219 -0.917480469 -0.00988769531
vn -0.0920410156 -0.995605469 -0.0140380859
vn -0.0900268555 -0.995605469 -0.0242004395
vn -0.172729492 -0.982910156 -0.0654296875
vn -0.0858154297 -0.995605469 -0.0357055664
vn -0.0812988281 -0.995605469 -0.0445556641
vn -0.391601562 -0.917480469 0.0702514648
vn -0.382324219 -0.917480469 0.108215332
vn -0.396972656 -0.917480469 0.0299987793
vn -0.626464844 -0.776855469 0.0621337891
vn -0.364257812 -0.91796875 0.155517578
vn -0.155395508 -0.982910156 -0.100891113
vn -0.0744628906 -0.995605469 -0.0560302734
vn -0.248168945 -0.962890625 0.104248047
vn -0.406982422 -0.128051758 -0.904296875
vn -0.902832031 0.227050781 0.365234375
vn -0.839355469 0.275634766 -0.46875
vn -0.240478516 -0.963378906 0.117431641
vn -0.594238281 -0.772460938 0.224609375
vn 0.776367188 0.464111328 -0.426269531
vn -0.256835938 -0.962890625 0.0807495117
vn -0.613769531 -0.774414062 0.153442383
vn 0.827148438 0.46484375 -0.315917969
vn -0.264404297 -0.962890625 0.0507202148
vn 0.873046875 0.465820312 -0.14465332
vn -0.626464844 -0.77734375 -0.0620117188
vn 0.884277344 0.465332031 0.0335388184
vn -0.267333984 -0.963378906 -0.0139160156
vn -0.267578125 -0.963378906 0.013885498
vn -0.267333984 -0.963378906 0
vn -0.395019531 -0.917480469 -0.0501708984
vn -0.388183594 -0.917480469 -0.0894775391
vn -0.264160156 -0.962890625 -0.0508117676
vn -0.613769531 -0.774414062 -0.153442383
vn 0.873046875 0.465820312 0.144897461
vn -0.376953125 -0.917480469 -0.128173828
vn -0.362548828 -0.916992188 -0.165771484
vn -0.255859375 -0.963378906 -0.0797119141
vn -0.591796875 -0.774414062 -0.223022461
vn 0.857421875 0.465087891 0.220703125
vn -0.24621582 -0.963378906 -0.104797363
vn -0.240600586 -0.963378906 -0.117431641
vn -0.944824219 0.0993652344 -0.311523438
vn -0.912597656 0.155639648 0.378417969
vn -0.923828125 0.208374023 -0.320556641
vn 0.827148438 0.46484375 0.315917969
vn -0.847167969 0.270996094 0.457275391
vn -0.144775391 -0.981933594 -0.122741699
vn 0.639160156 -0.0739135742 -0.765625
vn -0.13684082 -0.981933594 -0.131713867
vn -0.0627441406 -0.995605469 -0.0689086914
vn -0.031036377 -0.999023438 -0.0363769531
vn -0.0620422363 -0.995605469 -0.0693969727
vn -0.131103516 -0.98046875 -0.145629883
vn -0.16784668 -0.976074219 -0.137817383
vn -0.599121094 -0.135986328 0.7890625
vn 0.976074219 -0.159179688 -0.149414062
vn -0.684570312 -0.143188477 0.71484375
vn 0.624023438 -0.120605469 -0.771972656
vn 0.555175781 -0.0706787109 -0.828613281
vn 0.833984375 -0.142211914 -0.533203125
vn -0.776855469 -0.0700683594 0.625488281
vn -0.169189453 -0.98046875 -0.102600098
vn -0.0787963867 -0.995605469 -0.0494995117
vn -0.0905761719 -0.995117188 -0.0420227051
vn -0.186767578 -0.979980469 -0.0667724609
vn -0.0887451172 -0.995605469 -0.028137207
vn -0.0917358398 -0.995605469 -0.015838623
vn -0.270507812 -0.9140625 -0.302490234
vn 0.772460938 -0.162353516 -0.614257812
vn -0.274414062 -0.93359375 -0.231079102
vn -0.430175781 -0.763671875 -0.481445312
vn 0.693359375 -0.136230469 -0.707519531
vn -0.344238281 -0.914550781 -0.212158203
vn -0.492431641 -0.764160156 -0.417236328
vn -0.66796875 -0.469482422 -0.577636719
vn -0.590332031 -0.463623047 -0.660644531
vn 0.704589844 -0.0233154297 -0.709472656
vn -0.660644531 -0.129882812 -0.739257812
vn -0.743164062 -0.130126953 -0.656738281
vn -0.777832031 -0.16003418 -0.607910156
vn -0.782226562 -0.205810547 -0.587890625
vn -0.786132812 -0.21496582 -0.579589844
vn -0.752441406 -0.469238281 -0.462402344
vn -0.796875 -0.17565918 -0.578125
vn -0.800292969 -0.160400391 -0.577636719
vn -0.805664062 -0.16003418 -0.570800781
vn -0.850585938 -0.130126953 -0.509277344
vn -0.546875 -0.763671875 -0.343505859
vn -0.806640625 -0.464599609 -0.365478516
vn -0.902832031 -0.130004883 -0.409423828
vn -0.572265625 -0.77734375 -0.261962891
vn -0.84375 -0.464599609 -0.268554688
vn -0.944824219 -0.130004883 -0.300537109
vn -0.977050781 -0.129882812 -0.168945312
vn -0.380371094 -0.915527344 -0.130004883
vn -0.614257812 -0.764648438 -0.19543457
vn -0.873046875 -0.463623047 -0.151000977
vn -0.991210938 -0.129882812 -0.0225830078
vn -0.636230469 -0.763671875 -0.110046387
vn -0.885742188 -0.463867188 -0.0201721191
vn -0.985351562 -0.130004883 0.109680176
vn -0.400146484 -0.9140625 -0.0692138672
vn -0.880371094 -0.464355469 0.0979614258
vn -0.968261719 -0.130126953 0.214233398
vn -0.645019531 -0.763671875 -0.0146789551
vn -0.193481445 -0.98046875 -0.031829834
vn -0.108581543 -0.994140625 -0.00238037109
vn -0.19543457 -0.98046875 0.0247802734
vn -0.0925292969 -0.995605469 0.0102844238
vn -0.115112305 -0.992675781 0.0299377441
vn -0.13671875 -0.989746094 0.040802002
vn -0.177490234 -0.98046875 0.0819702148
vn -0.0844726562 -0.995605469 0.0390625
vn -0.106018066 -0.9921875 0.0669555664
vn -0.150756836 -0.98046875 0.126586914
vn -0.0723876953 -0.995605469 0.0585632324
vn -0.105529785 -0.987792969 0.113830566
vn -0.18359375 -0.959960938 0.211669922
vn -0.389648438 -0.920898438 -0.0087890625
vn -0.637695312 -0.766601562 0.0772094727
vn -0.403076172 -0.913574219 0.0535583496
vn -0.841308594 -0.507324219 0.185546875
vn -0.358642578 -0.927246094 0.106933594
vn -0.612304688 -0.767089844 0.19128418
vn -0.842285156 -0.465087891 0.2734375
vn -0.942871094 -0.130126953 0.306152344
vn -0.899902344 -0.130004883 0.416259766
vn -0.803710938 -0.464111328 0.371826172
vn -0.838378906 -0.130004883 0.529296875
vn -0.585449219 -0.764160156 0.270996094
vn -0.748535156 -0.464355469 0.472900391
vn -0.770507812 -0.130126953 0.624023438
vn -0.367919922 -0.9140625 0.170288086
vn -0.687988281 -0.46484375 0.557128906
vn -0.704101562 -0.130126953 0.698242188
vn -0.545410156 -0.764160156 0.344482422
vn -0.3203125 -0.925292969 0.202392578
vn -0.598144531 -0.539550781 0.592773438
vn -0.650390625 -0.130249023 0.748535156
vn -0.494873047 -0.767089844 0.408691406
vn -0.572265625 -0.470458984 0.671875
vn -0.609375 -0.177246094 0.772949219
vn -0.584472656 -0.231933594 0.77734375
vn -0.583007812 -0.205078125 0.786132812
vn -0.309570312 -0.913574219 0.262939453
vn -0.415771484 -0.767089844 0.488525391
vn 0.698242188 -0.155761719 0.698730469
vn -0.584472656 -0.127685547 0.801269531
vn 0.702636719 -0.0215454102 0.711425781
vn 0.765136719 -0.157958984 0.624023438
vn -0.233398438 -0.935058594 0.267089844
vn 0.826660156 -0.139160156 0.545410156
vn -0.12286377 -0.982421875 0.140869141
vn -0.0608520508 -0.995605469 0.0701904297
vn -0.0717773438 -0.995605469 0.05859375
vn -0.142944336 -0.982910156 0.116577148
vn 0.314697266 0.9140625 -0.256835938
vn -0.0808105469 -0.995605469 0.0459289551
vn -0.1640625 -0.982910156 0.0841674805
vn -0.0858154297 -0.995605469 0.03515625
vn -0.180175781 -0.982421875 0.0448913574
vn -0.08984375 -0.995605469 0.0244750977
vn -0.374511719 -0.137939453 -0.916992188
vn -0.0891723633 -0.99609375 0.0124816895
vn -0.367919922 -0.917480469 0.149902344
vn -0.358398438 -0.143676758 -0.922363281
vn -0.176269531 -0.984375 -0.0206604004
vn -0.0900268555 -0.99609375 0.0048828125
vn -0.0922851562 -0.995605469 -0.00485229492
vn -0.0911865234 -0.995605469 -0.0177001953
vn -0.087890625 -0.995605469 -0.0299987793
vn -0.383789062 -0.917480469 0.103759766
vn -0.616210938 -0.770019531 0.165405273
vn -0.454345703 -0.126586914 -0.881835938
vn -0.398681641 -0.915527344 0.0555725098
vn -0.852539062 -0.471191406 0.226928711
vn -0.446777344 -0.0203857422 -0.89453125
vn -0.958007812 -0.131225586 0.254150391
vn -0.630371094 -0.770019531 0.0974121094
vn -0.871582031 -0.470947266 0.135131836
vn -0.979492188 -0.131225586 0.152099609
vn -0.990234375 -0.131347656 0.0463562012
vn -0.880859375 -0.471191406 0.0416870117
vn -0.137329102 -0.0221252441 0.990234375
vn -0.145996094 -0.129638672 0.980957031
vn -0.637695312 -0.770019531 0.0296936035
vn -0.0273742676 -0.156738281 0.987304688
vn -0.397705078 -0.917480469 -0.0055847168
vn -0.384765625 -0.919433594 -0.0823974609
vn 0.209594727 -0.132446289 -0.96875
vn -0.17565918 -0.981933594 -0.0678100586
vn -0.0842285156 -0.995605469 -0.0395507812
vn -0.272460938 -0.120483398 0.954589844
vn -0.383056641 -0.10723877 0.917480469
vn -0.173217773 -0.981445312 -0.081237793
vn -0.101928711 -0.993652344 -0.05078125
vn -0.141113281 -0.982910156 -0.117919922
vn -0.0648193359 -0.997558594 -0.0293579102
vn -0.0703735352 -0.996582031 -0.0414733887
vn -0.0723266602 -0.99609375 -0.0541992188
vn 0.550292969 -0.149414062 -0.821289062
vn -0.067199707 -0.995605469 -0.0645141602
vn -0.109924316 -0.982421875 -0.149414062
vn -0.0575561523 -0.995605469 -0.0731811523
vn -0.0363769531 -0.996582031 -0.07421875
vn -0.0450439453 -0.995117188 -0.0888061523
vn -0.837890625 -0.467773438 -0.280517578
vn -0.470458984 -0.0978393555 0.876953125
vn -0.373535156 -0.902832031 -0.213745117
vn -0.294677734 -0.916992188 -0.268310547
vn -0.551757812 -0.770507812 -0.318603516
vn 0.6015625 -0.314697266 -0.734375
vn -0.744628906 -0.568847656 -0.349365234
vn 0.3984375 -0.224365234 -0.889160156
vn -0.109313965 -0.980957031 -0.16003418
vn -0.0476074219 -0.995605469 -0.0835571289
vn -0.0617675781 -0.995117188 -0.0763549805
vn -0.10925293 -0.988769531 -0.100158691
vn -0.089050293 -0.992675781 -0.0842285156
vn -0.0975952148 -0.982910156 -0.157104492
vn -0.195556641 -0.912597656 -0.359130859
vn -0.0206298828 -0.999511719 -0.0137023926
vn -0.0292663574 -0.999511719 -0.024230957
vn -0.0496826172 -0.997558594 -0.0521850586
vn -0.0528564453 -0.99609375 -0.0678710938
vn -0.0475158691 -0.995605469 -0.080078125
vn -0.0253601074 -0.997070312 -0.0708618164
vn -0.0361938477 -0.995117188 -0.0912475586
vn -0.08984375 -0.979980469 -0.177856445
vn -0.0440368652 -0.995605469 -0.0819702148
vn -0.056854248 -0.995605469 -0.0736694336
vn -0.246459961 -0.916992188 -0.313476562
vn -0.121337891 -0.98046875 -0.154296875
vn -0.0784301758 -0.994140625 -0.0741577148
vn -0.166748047 -0.979980469 -0.109985352
vn -0.0758666992 -0.995605469 -0.0539245605
vn -0.10534668 -0.993164062 -0.0527648926
vn -0.187744141 -0.979980469 -0.0668334961
vn -0.379882812 -0.915039062 -0.137084961
vn -0.0872192383 -0.995605469 -0.032623291
vn -0.0955810547 -0.995117188 -0.0216369629
vn -0.197753906 -0.979980469 -0.0231933594
vn -0.0923461914 -0.995605469 -0.0110473633
vn -0.0982055664 -0.995117188 -0.000946044922
vn -0.198608398 -0.979980469 0.0208435059
vn -0.0924682617 -0.995605469 0.00964355469
vn -0.0958862305 -0.995117188 0.0213928223
vn -0.397460938 -0.916503906 -0.0469970703
vn -0.188598633 -0.979980469 0.0653076172
vn -0.0878295898 -0.995605469 0.0305175781
vn -0.0885009766 -0.995117188 0.0423583984
vn -0.167724609 -0.979980469 0.106323242
vn -0.0791625977 -0.995605469 0.0488586426
vn -0.0821533203 -0.994140625 0.0672607422
vn -0.115905762 -0.986328125 0.118835449
vn -0.105041504 -0.980957031 0.163696289
vn -0.0797119141 -0.992675781 0.0889282227
vn -0.0481262207 -0.995605469 0.0797119141
vn -0.039855957 -0.995605469 0.0841674805
vn -0.0814208984 -0.98046875 0.177856445
vn -0.0324401855 -0.995605469 0.0870361328
vn -0.0608520508 -0.980957031 0.184570312
vn -0.0218505859 -0.995117188 0.0956420898
vn -0.0189819336 -0.98046875 0.196411133
vn -0.00836181641 -0.995605469 0.0927734375
vn 0.00723266602 -0.984863281 0.173095703
vn 0.0506896973 -0.980957031 0.188354492
vn 0.0151062012 -0.993652344 0.110229492
vn 0.0256347656 -0.995605469 0.0895385742
vn 0.0407714844 -0.994628906 0.0957641602
vn 0.0440673828 -0.983886719 0.173339844
vn 0.0352172852 -0.995605469 0.0846557617
vn 0.020904541 -0.995605469 0.0904541016
vn 0.00482177734 -0.995605469 0.092590332
vn -0.0156860352 -0.983398438 0.180053711
vn -0.0125427246 -0.995605469 0.0918579102
vn -0.030670166 -0.995605469 0.0874023438
vn -0.0609130859 -0.982910156 0.174072266
vn 0.134399414 0.913574219 -0.383300781
vn 0.979980469 -0.0781860352 -0.182128906
vn -0.0485534668 -0.995605469 0.0787963867
vn 0.149658203 -0.918945312 0.364990234
vn -0.145507812 0.764160156 -0.628417969
vn -0.0961914062 -0.982910156 0.15637207
vn 0.213134766 0.913574219 -0.345947266
vn -0.128417969 -0.982910156 0.130737305
vn 0.285400391 0.913574219 -0.289306641
vn -0.0650024414 -0.995605469 0.0658569336
vn -0.155029297 -0.982910156 0.0974121094
vn 0.344482422 0.913574219 -0.215820312
vn -0.0783691406 -0.995605469 0.0491027832
vn -0.173828125 -0.982910156 0.0590820312
vn 0.384765625 0.913574219 -0.130981445
vn -0.0875854492 -0.995605469 0.0298156738
vn -0.182983398 -0.982910156 0.0195007324
vn 0.403808594 0.913574219 -0.0431518555
vn -0.0921020508 -0.995605469 0.00982666016
vn -0.0922851562 -0.995605469 -0.00897216797
vn -0.184204102 -0.982910156 -0.0177612305
vn -0.0924072266 -0.995605469 -0.0111694336
vn 0.274414062 -0.161987305 -0.947753906
vn -0.194702148 -0.98046875 -0.0210876465
vn -0.0972290039 -0.995117188 0.000854492188
vn -0.192871094 -0.980957031 0.028137207
vn -0.0924072266 -0.995605469 0.0114746094
vn -0.101501465 -0.994628906 0.0285949707
vn -0.127441406 -0.990722656 0.0500793457
vn -0.174926758 -0.983398438 0.0461425781
vn -0.0729980469 -0.996582031 0.0325622559
vn -0.0908203125 -0.995605469 0.0202941895
vn -0.0908813477 -0.995605469 0.0201721191
vn -0.191894531 -0.98046875 0.046295166
vn -0.102050781 -0.993652344 0.0453796387
vn -0.162353516 -0.979980469 0.114013672
vn -0.0993652344 -0.993652344 0.0484924316
vn -0.0764770508 -0.995605469 0.0531311035
vn -0.0752563477 -0.994628906 0.0707397461
vn -0.076171875 -0.993652344 0.0803833008
vn -0.115478516 -0.980957031 0.157592773
vn -0.0574035645 -0.995605469 0.0758056641
vn -0.0474853516 -0.995605469 0.0796508789
vn -0.095703125 -0.979980469 0.173339844
vn -0.0410766602 -0.995117188 0.0914916992
vn -0.0516662598 -0.98046875 0.190429688
vn -0.0333251953 -0.995117188 0.0904541016
vn -0.0225219727 -0.995605469 0.0903930664
vn -0.0148620605 -0.995117188 0.0979614258
vn -0.0107727051 -0.979980469 0.199462891
vn 0.000396728516 -0.995605469 0.0954589844
vn 0.00708007812 -0.995117188 0.099609375
vn 0.0306091309 -0.979980469 0.195800781
vn -0.225830078 -0.9140625 0.336669922
vn -0.156616211 -0.919433594 0.360351562
vn -0.102294922 -0.916015625 0.387695312
vn -0.0215454102 -0.916503906 0.399658203
vn -0.269287109 -0.922851562 0.275878906
vn 0.131347656 -0.913574219 0.384765625
vn 0.0665893555 -0.915039062 0.397705078
vn 0.17980957 -0.916015625 0.358154297
vn 0.306152344 -0.766113281 0.564941406
vn 0.201904297 -0.766113281 0.610351562
vn 0.214111328 -0.913574219 0.346191406
vn 0.375976562 -0.766601562 0.520996094
vn 0.239013672 -0.920410156 0.309326172
vn 0.258056641 -0.928222656 0.267822266
vn 0.457519531 -0.767089844 0.449707031
vn 0.66015625 -0.531738281 0.530273438
vn 0.115234375 -0.764160156 0.634765625
vn 0.271972656 -0.474853516 0.836914062
vn 0.359375 -0.493408203 0.791992188
vn 0.436279297 -0.465332031 0.770019531
vn 0.0364685059 -0.778320312 0.626953125
vn 0.534667969 -0.559570312 0.633300781
vn 0.509277344 -0.46484375 0.724121094
vn 0.638183594 -0.470947266 0.609375
vn 0.488525391 -0.130126953 0.862792969
vn 0.422851562 -0.130371094 0.896972656
vn 0.5703125 -0.130126953 0.811035156
vn 0.375488281 -0.145629883 0.915527344
vn 0.633789062 -0.130249023 0.762207031
vn 0.666503906 -0.196411133 0.719238281
vn 0.689453125 -0.166259766 0.705078125
vn 0.724609375 -0.130371094 0.676269531
vn 0.771484375 -0.130126953 0.623046875
vn 0.819824219 -0.130249023 0.557617188
vn 0.843261719 -0.147216797 0.517089844
vn 0.84765625 -0.199462891 0.491210938
vn 0.859375 0.0588989258 0.5078125
vn 0.350097656 -0.145629883 0.925292969
vn 0.311523438 -0.130493164 0.94140625
vn 0.270996094 -0.145751953 0.951660156
vn 0.233520508 -0.161865234 0.958984375
vn 0.153930664 -0.471191406 0.868652344
vn 0.16784668 -0.130249023 0.977050781
vn 0.104919434 -0.142944336 0.984375
vn 0.0495605469 -0.471191406 0.880859375
vn 0.0483398438 -0.130371094 0.990234375
vn -0.00555419922 -0.142944336 0.989746094
vn -0.0525512695 -0.46875 0.881835938
vn -0.0716552734 -0.130249023 0.988769531
vn -0.0346069336 -0.764648438 0.643554688
vn -0.101257324 -0.778808594 0.619140625
vn -0.142211914 -0.46484375 0.874023438
vn -0.159301758 -0.130126953 0.978515625
vn -0.160766602 -0.765136719 0.623535156
vn -0.221069336 -0.465576172 0.856933594
vn -0.264160156 -0.124511719 0.956542969
vn -0.287109375 -0.452880859 0.844238281
vn -0.382080078 -0.124084473 0.916015625
vn -0.205444336 -0.768066406 0.606445312
vn -0.246948242 -0.765625 0.594238281
vn -0.339599609 -0.466064453 0.816894531
vn -0.386474609 -0.461181641 0.798828125
vn -0.474609375 -0.127441406 0.87109375
vn -0.287353516 -0.771972656 0.567382812
vn -0.429199219 -0.473144531 0.76953125
vn -0.359130859 -0.765625 0.533691406
vn -0.499023438 -0.464599609 0.731445312
vn -0.55859375 -0.130004883 0.819335938
vn -0.6484375 -0.130004883 0.75
vn -0.411376953 -0.769042969 0.489257812
vn -0.578125 -0.462890625 0.671875
vn -0.721679688 -0.130126953 0.6796875
vn -0.455322266 -0.765136719 0.455078125
vn -0.644042969 -0.470947266 0.602539062
vn -0.7734375 -0.130249023 0.620117188
vn -0.493652344 -0.770507812 0.402832031
vn -0.693359375 -0.466064453 0.549316406
vn -0.806640625 -0.136230469 0.574707031
vn -0.328613281 -0.916015625 0.229492188
vn -0.740234375 -0.475830078 0.474853516
vn -0.833007812 -0.130371094 0.538085938
vn -0.85546875 -0.136230469 0.499267578
vn -0.530273438 -0.765136719 0.364990234
vn -0.356201172 -0.922363281 0.150878906
vn -0.557128906 -0.775390625 0.297607422
vn -0.781738281 -0.470214844 0.409667969
vn -0.817871094 -0.472412109 0.329101562
vn -0.877929688 -0.130371094 0.460449219
vn -0.897460938 -0.136230469 0.419677734
vn -0.916503906 -0.130371094 0.378662109
vn -0.935546875 -0.145507812 0.321533203
vn -0.599121094 -0.764160156 0.23840332
vn -0.397705078 -0.913085938 0.0887451172
vn -0.864746094 -0.465087891 0.188964844
vn -0.970214844 -0.129638672 0.205444336
vn -0.967285156 -0.131835938 0.217407227
vn -0.631835938 -0.762207031 0.140991211
vn -0.385253906 -0.917480469 0.0994262695
vn -0.858886719 -0.474121094 0.192871094
vn -0.619628906 -0.772460938 0.139038086
vn -0.350097656 -0.926757812 0.135742188
vn -0.621582031 -0.739257812 0.259033203
vn -0.817871094 -0.471435547 0.329833984
vn -0.919433594 -0.131347656 0.370849609
vn -0.602050781 -0.763671875 0.233642578
vn -0.626464844 -0.764648438 0.15246582
vn -0.826171875 -0.463623047 0.320556641
vn -0.924316406 -0.129882812 0.358642578
vn -0.963378906 -0.130004883 0.23449707
vn -0.860351562 -0.464599609 0.209472656
vn -0.87890625 -0.464599609 0.109375
vn -0.983886719 -0.130004883 0.122497559
vn -0.885253906 -0.464599609 0.00805664062
vn -0.991699219 -0.130004883 0.00903320312
vn -0.379150391 -0.920410156 0.0963745117
vn -0.639648438 -0.764648438 0.0796508789
vn -0.401611328 -0.914550781 0.049987793
vn -0.399414062 -0.916503906 0.0036315918
vn -0.64453125 -0.764648438 0.005859375
vn -0.881347656 -0.461669922 -0.101135254
vn -0.984863281 -0.129882812 -0.116516113
vn -0.109802246 0.0280761719 0.993652344
vn -0.468505859 0.779296875 -0.415771484
vn -0.641113281 -0.764648438 -0.0681152344
vn -0.401367188 -0.915039062 -0.0455322266
vn -0.635742188 -0.760742188 -0.130249023
vn 0.524414062 -0.399169922 -0.752441406
vn 0.901855469 -0.432373047 0.0112915039
vn -0.962402344 -0.0464782715 0.268310547
vn -0.881835938 -0.462646484 0.0914306641
vn -0.957519531 -0.205078125 0.203613281
vn -0.873046875 -0.475830078 0.105407715
vn -0.983398438 -0.130126953 0.127563477
vn -0.965820312 -0.255371094 0.0478515625
vn -0.942871094 -0.333007812 0.016998291
vn -0.949707031 -0.312744141 0.00573730469
vn -0.881347656 -0.470214844 -0.0423278809
vn -0.990234375 -0.137573242 0.00732421875
vn -0.987792969 -0.15234375 0.0242919922
vn -0.990234375 -0.136108398 -0.0225830078
vn -0.98828125 -0.128540039 -0.0798950195
vn -0.643066406 -0.762695312 0.0708618164
vn -0.87890625 -0.465576172 -0.102416992
vn -0.98046875 -0.128540039 -0.149414062
vn -0.64453125 -0.764160156 -0.024810791
vn -0.867675781 -0.470947266 -0.158569336
vn -0.969238281 -0.135986328 -0.205444336
vn -0.635253906 -0.766601562 -0.0928344727
vn -0.614257812 -0.766601562 -0.186401367
vn -0.847167969 -0.467773438 -0.251464844
vn -0.960449219 -0.136108398 -0.243530273
vn -0.944824219 -0.130249023 -0.300292969
vn -0.817871094 -0.468994141 -0.333251953
vn -0.91796875 -0.130126953 -0.374267578
vn -0.786132812 -0.465332031 -0.406982422
vn -0.880371094 -0.130126953 -0.455810547
vn -0.400390625 -0.914550781 -0.0605773926
vn -0.575195312 -0.766113281 -0.285644531
vn -0.740722656 -0.464599609 -0.484863281
vn -0.829589844 -0.130004883 -0.54296875
vn -0.763183594 -0.130004883 -0.6328125
vn -0.537597656 -0.766113281 -0.352050781
vn -0.681640625 -0.464599609 -0.565429688
vn -0.6953125 -0.130126953 -0.70703125
vn -0.386474609 -0.914550781 -0.118103027
vn -0.4921875 -0.765136719 -0.415039062
vn -0.62109375 -0.465820312 -0.630371094
vn -0.628417969 -0.130126953 -0.767089844
vn -0.496826172 -0.465332031 -0.732421875
vn -0.403320312 -0.915039062 -0.0146789551
vn -0.30859375 -0.950683594 0.0363464355
vn -0.557617188 -0.829589844 0.0317382812
vn -0.638183594 -0.764648438 0.0882568359
vn -0.63671875 -0.770996094 0.0137634277
vn -0.8828125 -0.467041016 -0.049621582
vn -0.992675781 -0.118774414 0.00442504883
vn -0.991210938 -0.125610352 0.0379333496
vn -0.991699219 -0.125610352 -0.0291442871
vn -0.98828125 -0.130859375 0.0762329102
vn -0.989257812 -0.130859375 -0.0676269531
vn -0.985351562 -0.125610352 0.114562988
vn -0.981933594 -0.110595703 0.15222168
vn -0.978027344 -0.0861206055 0.189331055
vn -0.97265625 -0.0522460938 0.225952148
vn -0.96484375 -0.00936889648 0.261962891
vn -0.954101562 0.0427856445 0.296875
vn -0.986328125 -0.129760742 -0.10357666
vn -0.641601562 -0.766113281 -0.0376281738
vn -0.874511719 -0.46875 -0.125366211
vn -0.979003906 -0.133178711 -0.155029297
vn -0.434570312 -0.899414062 -0.0475158691
vn -0.86328125 -0.472167969 -0.178833008
vn -0.961914062 -0.134033203 -0.238891602
vn -0.6328125 -0.769042969 -0.08984375
vn -0.382080078 -0.916015625 -0.122680664
vn -0.627929688 -0.766601562 -0.135375977
vn -0.852539062 -0.469482422 -0.230224609
vn -0.943359375 -0.127929688 -0.305419922
vn -0.822753906 -0.465820312 -0.325927734
vn -0.928222656 -0.130859375 -0.348144531
vn -0.905761719 -0.12121582 -0.405761719
vn -0.612304688 -0.76953125 -0.181274414
vn -0.816894531 -0.465087891 -0.340820312
vn -0.908691406 -0.130126953 -0.396484375
vn -0.931152344 -0.143920898 -0.334716797
vn -0.937011719 -0.161987305 -0.309570312
vn -0.939941406 -0.183959961 -0.288085938
vn -0.944335938 -0.175537109 -0.278076172
vn -0.599121094 -0.76171875 -0.246826172
vn -0.581542969 -0.771972656 -0.256347656
vn -0.861328125 -0.467529297 -0.197753906
vn -0.955078125 -0.138305664 -0.261230469
vn -0.967773438 -0.130249023 -0.215454102
vn -0.625488281 -0.752929688 -0.204833984
vn -0.865234375 -0.488037109 -0.113830566
vn -0.982910156 -0.130249023 -0.129272461
vn -0.626464844 -0.767089844 -0.137817383
vn -0.884277344 -0.465576172 -0.033203125
vn -0.990722656 -0.130249023 -0.0372009277
vn -0.397216797 -0.9140625 -0.0828857422
vn -0.381835938 -0.923828125 -0.0186462402
vn -0.640625 -0.767578125 -0.0319519043
vn -0.883789062 -0.465332031 0.0523376465
vn -0.989746094 -0.130249023 0.0586547852
vn -0.6328125 -0.7734375 0.0374755859
vn -0.395507812 -0.916503906 0.0629882812
vn -0.874023438 -0.465332031 0.139160156
vn -0.979003906 -0.130249023 0.155883789
vn -0.958984375 -0.130249023 0.251953125
vn -0.635742188 -0.765136719 0.101257324
vn -0.855957031 -0.465332031 0.224853516
vn -0.930175781 -0.130249023 0.343994141
vn -0.357666016 -0.923828125 0.13671875
vn -0.61328125 -0.7734375 0.161132812
vn -0.830078125 -0.465332031 0.306884766
vn -0.893554688 -0.130249023 0.4296875
vn -0.598632812 -0.767578125 0.229858398
vn -0.787109375 -0.487060547 0.378662109
vn -0.840820312 -0.130004883 0.525390625
vn -0.548828125 -0.766601562 0.333496094
vn -0.750976562 -0.464355469 0.468994141
vn -0.765136719 -0.130004883 0.630859375
vn -0.68359375 -0.464111328 0.563476562
vn -0.349609375 -0.913574219 0.207397461
vn -0.498046875 -0.764160156 0.41015625
vn -0.596679688 -0.463623047 0.654785156
vn -0.667480469 -0.129882812 0.732910156
vn -0.638671875 -0.130981445 0.758300781
vn -0.588378906 -0.464599609 0.661621094
vn -0.682617188 -0.124694824 0.720214844
vn -0.711914062 -0.0902099609 0.696289062
vn -0.727050781 -0.0748291016 0.682617188
vn -0.434814453 -0.763671875 0.477294922
vn -0.284667969 -0.927734375 0.240966797
vn -0.226074219 -0.940429688 0.25390625
vn 0.5234375 -0.0936279297 0.847167969
vn 0.54296875 -0.0215454102 0.83984375
vn -0.428222656 -0.770996094 0.471435547
vn 0.625488281 -0.144165039 0.767089844
vn -0.281005859 -0.912597656 0.296386719
vn 0.701171875 -0.1328125 0.700683594
vn 0.559570312 -0.0151367188 -0.828613281
vn -0.763671875 -0.130493164 -0.632324219
vn -0.756347656 -0.130126953 -0.641113281
vn -0.745605469 -0.12902832 -0.653320312
vn -0.732421875 -0.128662109 -0.668945312
vn -0.447021484 -0.790527344 -0.418457031
vn -0.715332031 -0.130126953 -0.686523438
vn -0.705078125 -0.130004883 -0.696777344
vn -0.696777344 -0.130493164 -0.705078125
vn -0.773925781 -0.022857666 0.633300781
vn -0.914550781 -0.130493164 -0.382568359
vn -0.470703125 -0.0281982422 0.881835938
vn -0.920410156 -0.130126953 -0.368164062
vn -0.926269531 -0.129394531 -0.353759766
vn -0.931152344 -0.129394531 -0.341064453
vn -0.9375 -0.130249023 -0.322998047
vn -0.948730469 -0.131225586 -0.287597656
vn -0.850585938 -0.468017578 -0.239135742
vn 0.190673828 -0.0802001953 -0.978515625
vn -0.338378906 0.551757812 0.762207031
vn 0.604492188 0.79296875 0.0769042969
vn 0.380371094 -0.022064209 -0.924804688
vn -0.861816406 -0.161376953 -0.481201172
vn -0.866699219 -0.181396484 -0.46484375
vn -0.880859375 -0.146850586 -0.450195312
vn -0.901367188 -0.130249023 -0.413330078
vn -0.890136719 -0.131225586 -0.435791016
vn -0.801269531 -0.458251953 -0.384765625
vn -0.851074219 -0.130981445 -0.508300781
vn -0.75 -0.468994141 -0.466308594
vn -0.82421875 -0.128295898 -0.551269531
vn -0.508300781 -0.767578125 -0.390869141
vn -0.704101562 -0.468505859 -0.533691406
vn -0.804199219 -0.128417969 -0.580566406
vn -0.779296875 -0.130981445 -0.612792969
vn -0.672363281 -0.46875 -0.573242188
vn -0.748046875 -0.132080078 -0.649902344
vn -0.464599609 -0.76953125 -0.438476562
vn -0.637695312 -0.46875 -0.611328125
vn -0.706054688 -0.12902832 -0.696289062
vn -0.424804688 -0.768554688 -0.478515625
vn -0.578613281 -0.469726562 -0.666503906
vn -0.673828125 -0.127807617 -0.727539062
vn -0.635742188 -0.130981445 -0.760742188
vn -0.395507812 -0.768554688 -0.502929688
vn -0.511230469 -0.469726562 -0.719726562
vn -0.589355469 -0.131347656 -0.797363281
vn -0.548339844 -0.128417969 -0.826171875
vn -0.364746094 -0.768554688 -0.525390625
vn -0.443847656 -0.468505859 -0.764160156
vn -0.518066406 -0.128051758 -0.845703125
vn -0.482421875 -0.130859375 -0.866210938
vn -0.369140625 -0.461181641 -0.807128906
vn -0.447998047 -0.130859375 -0.884277344
vn -0.411376953 -0.127929688 -0.90234375
vn -0.374267578 -0.11895752 -0.919921875
vn -0.337158203 -0.104064941 -0.935546875
vn -0.345458984 -0.121032715 -0.930664062
vn -0.298828125 -0.771972656 -0.561035156
vn -0.354003906 -0.48828125 -0.797363281
vn -0.398681641 -0.130126953 -0.907714844
vn -0.496337891 -0.130004883 -0.858398438
vn -0.182495117 -0.918457031 -0.351074219
vn -0.315429688 -0.764648438 -0.562011719
vn -0.443359375 -0.464355469 -0.766601562
vn -0.536132812 -0.464355469 -0.705078125
vn -0.600097656 -0.130004883 -0.789550781
vn -0.683105469 -0.130126953 -0.71875
vn -0.226074219 -0.913085938 -0.339599609
vn -0.614746094 -0.468261719 -0.634765625
vn -0.735351562 -0.145629883 -0.661621094
vn -0.694824219 -0.474609375 -0.540039062
vn -0.77734375 -0.130371094 -0.615722656
vn -0.814941406 -0.169067383 -0.554199219
vn -0.836914062 -0.1640625 -0.521972656
vn -0.712402344 -0.468261719 -0.522460938
vn -0.865722656 -0.0444946289 -0.498779297
vn -0.838378906 -0.098815918 -0.536132812
vn -0.791992188 -0.131103516 -0.596679688
vn -0.392822266 -0.762695312 -0.513671875
vn -0.659667969 -0.46484375 -0.590332031
vn -0.749511719 -0.130981445 -0.648925781
vn -0.717773438 -0.113586426 -0.687011719
vn -0.702148438 -0.0802612305 -0.707519531
vn -0.691894531 -0.0470581055 -0.720703125
vn -0.690429688 -0.0905761719 -0.717773438
vn -0.586914062 -0.468505859 -0.66015625
vn -0.676269531 -0.162719727 -0.718261719
vn -0.680175781 -0.15625 -0.716308594
vn -0.69140625 -0.135742188 -0.709472656
vn -0.692871094 -0.120849609 -0.7109375
vn -0.65234375 -0.130981445 -0.746582031
vn -0.525390625 -0.470703125 -0.708984375
vn -0.590332031 -0.131103516 -0.796386719
vn -0.458740234 -0.470703125 -0.75390625
vn -0.508789062 -0.134399414 -0.850585938
vn -0.384765625 -0.763183594 -0.519042969
vn -0.425537109 -0.76953125 -0.476074219
vn -0.471435547 -0.770019531 -0.429931641
vn -0.396484375 -0.478271484 -0.783691406
vn -0.411132812 -0.136230469 -0.901367188
vn -0.329101562 -0.462646484 -0.823242188
vn -0.349365234 -0.117675781 -0.9296875
vn -0.305175781 -0.0811767578 -0.948730469
vn -0.280761719 -0.0927124023 -0.955078125
vn -0.289550781 -0.766601562 -0.573242188
vn -0.282714844 -0.486572266 -0.826660156
vn -0.256347656 -0.167480469 -0.952148438
vn -0.333251953 -0.124267578 -0.934570312
vn -0.311767578 -0.88671875 -0.341064453
vn -0.33203125 -0.76953125 -0.545410156
vn -0.210693359 -0.916503906 -0.340332031
vn -0.232299805 -0.771484375 -0.592773438
vn -0.359375 -0.434082031 -0.826171875
vn -0.476074219 -0.123901367 -0.870605469
vn -0.161865234 -0.90625 -0.390869141
vn -0.236572266 -0.784179688 -0.573730469
vn -0.435058594 -0.464355469 -0.771484375
vn -0.605957031 -0.129882812 -0.78515625
vn -0.316894531 -0.764160156 -0.561523438
vn -0.541503906 -0.463378906 -0.701660156
vn -0.720214844 -0.129882812 -0.681152344
vn -0.481445312 -0.75390625 -0.447021484
vn -0.18737793 -0.916015625 -0.354736328
vn -0.643554688 -0.463867188 -0.608886719
vn -0.808105469 -0.130004883 -0.574707031
vn -0.394775391 -0.763183594 -0.511230469
vn -0.248168945 -0.913574219 -0.321533203
vn -0.54296875 -0.743164062 -0.390869141
vn -0.721679688 -0.464111328 -0.513183594
vn -0.868164062 -0.130126953 -0.479003906
vn -0.468994141 -0.763671875 -0.443603516
vn -0.283935547 -0.920410156 -0.268554688
vn -0.275390625 -0.938476562 -0.208984375
vn -0.512207031 -0.763671875 -0.393554688
vn -0.451416016 -0.764160156 -0.460449219
vn -0.262451172 -0.928710938 -0.261230469
vn -0.247314453 -0.91796875 -0.310302734
vn -0.33203125 -0.916015625 -0.225341797
vn -0.525878906 -0.764160156 -0.373779297
vn -0.534667969 -0.796386719 -0.282714844
vn -0.775878906 -0.466796875 -0.424316406
vn -0.876953125 -0.247680664 -0.412353516
vn -0.605957031 -0.763183594 -0.225097656
vn -0.831054688 -0.472900391 -0.291992188
vn -0.899414062 -0.202026367 -0.387451172
vn -0.94140625 -0.130249023 -0.310791016
vn -0.616210938 -0.775390625 -0.139526367
vn -0.86328125 -0.465332031 -0.1953125
vn -0.967285156 -0.130249023 -0.21875
vn -0.639648438 -0.765136719 -0.0765380859
vn -0.87890625 -0.465332031 -0.105163574
vn -0.984375 -0.130249023 -0.117797852
vn -0.631347656 -0.775390625 -0.0061340332
vn -0.885253906 -0.465087891 -0.00854492188
vn -0.991210938 -0.130249023 -0.00955200195
vn -0.397949219 -0.916503906 0.0416564941
vn -0.880371094 -0.465087891 0.0919189453
vn -0.986328125 -0.130249023 0.102905273
vn -0.640625 -0.764648438 0.0668945312
vn -0.377929688 -0.916503906 0.131103516
vn -0.616210938 -0.775390625 0.137451172
vn -0.864257812 -0.465087891 0.192871094
vn -0.967773438 -0.130249023 0.215942383
vn -0.936523438 -0.130126953 0.325439453
vn -0.836425781 -0.465087891 0.290771484
vn -0.89453125 -0.130249023 0.427978516
vn -0.608398438 -0.764648438 0.211547852
vn -0.798339844 -0.465087891 0.382080078
vn -0.84375 -0.130249023 0.520996094
vn -0.341064453 -0.915039062 0.215820312
vn -0.569824219 -0.775390625 0.272705078
vn -0.752929688 -0.465332031 0.465087891
vn -0.787109375 -0.130249023 0.602539062
vn -0.541015625 -0.767578125 0.34375
vn -0.69140625 -0.4921875 0.529296875
vn -0.728027344 -0.130249023 0.672851562
vn -0.270019531 -0.9296875 0.251220703
vn -0.469970703 -0.767089844 0.437011719
vn -0.643554688 -0.46875 0.60546875
vn -0.670898438 -0.181152344 0.719238281
vn -0.656738281 -0.195922852 0.728515625
vn -0.652832031 -0.20300293 0.729980469
vn -0.651367188 -0.205932617 0.73046875
vn -0.651855469 -0.203369141 0.73046875
vn -0.654785156 -0.194580078 0.73046875
vn -0.669921875 -0.123657227 0.731933594
vn -0.545898438 -0.470458984 0.693359375
vn -0.671875 -0.0703125 0.737304688
vn -0.67578125 -0.0982055664 0.73046875
vn -0.680664062 -0.128540039 0.721191406
vn -0.686035156 -0.16015625 0.709960938
vn -0.692382812 -0.190185547 0.696289062
vn -0.694824219 -0.214355469 0.686523438
vn -0.685546875 -0.199829102 0.700195312
vn -0.665527344 -0.1640625 0.728027344
vn -0.642089844 -0.139648438 0.75390625
vn -0.594726562 -0.130126953 0.793457031
vn -0.512207031 -0.130004883 0.849121094
vn -0.403808594 -0.763671875 0.50390625
vn -0.457275391 -0.463134766 0.759277344
vn -0.433105469 -0.141723633 0.890136719
vn -0.337402344 -0.764648438 0.548828125
vn -0.243896484 -0.923339844 0.295898438
vn -0.211914062 -0.914550781 0.344482422
vn -0.356201172 -0.467285156 0.809082031
vn -0.386230469 -0.130493164 0.913085938
vn -0.35546875 -0.130493164 0.925292969
vn -0.293701172 -0.758300781 0.58203125
vn -0.178466797 -0.915527344 0.361083984
vn -0.301025391 -0.474853516 0.827148438
vn -0.310791016 -0.144165039 0.939453125
vn -0.1953125 -0.465576172 0.86328125
vn -0.2734375 -0.144165039 0.951171875
vn -0.204589844 -0.130126953 0.970214844
vn -0.244750977 -0.769042969 0.590332031
vn -0.136962891 -0.913085938 0.384521484
vn -0.18371582 -0.759765625 0.623535156
vn -0.0966796875 -0.91796875 0.384521484
vn -0.130859375 -0.768066406 0.626953125
vn -0.0800170898 -0.463623047 0.882324219
vn -0.0895385742 -0.129882812 0.987304688
vn -0.0374145508 -0.914550781 0.403320312
vn -0.0582580566 -0.763671875 0.643066406
vn 0.0448303223 -0.461425781 0.886230469
vn 0.0534057617 -0.129882812 0.990234375
vn 0.159667969 -0.130249023 0.978515625
vn 0.159179688 -0.468261719 0.869140625
vn 0.229736328 -0.163574219 0.959472656
vn 0.263916016 -0.163574219 0.950683594
vn 0.0205688477 -0.776367188 0.629882812
vn 0.0354309082 -0.931640625 0.361816406
vn 0.0794677734 -0.760253906 0.645019531
vn 0.126342773 -0.769042969 0.626464844
vn 0.284423828 -0.470458984 0.835449219
vn 0.334472656 -0.130249023 0.933105469
vn 0.406738281 -0.130249023 0.904296875
vn 0.104675293 -0.910644531 0.399414062
vn 0.205810547 -0.76171875 0.614257812
vn 0.139404297 -0.918945312 0.368652344
vn 0.264892578 -0.77734375 0.5703125
vn 0.901367188 -0.152709961 -0.405517578
vn 0.934082031 -0.162475586 -0.317626953
vn 0.368652344 -0.468017578 0.803222656
vn 0.463867188 -0.142211914 0.874511719
vn 0.469238281 -0.130126953 0.873535156
vn 0.952148438 -0.0213317871 -0.305175781
vn -0.468017578 -0.779785156 -0.415771484
vn 0.901855469 0.432373047 0.0107116699
vn 0.524414062 0.399169922 -0.752441406
vn 0.881835938 -0.463867188 0.0868530273
vn -0.110778809 -0.0279541016 0.993652344
vn 0.986816406 -0.130126953 0.0971069336
vn 0.880859375 -0.463623047 -0.0941162109
vn 0.985839844 -0.130126953 -0.10534668
vn 0.642089844 -0.763671875 -0.0686035156
vn 0.838867188 -0.463378906 -0.285644531
vn 0.938476562 -0.130126953 -0.319580078
vn 0.404052734 -0.913574219 -0.0431518555
vn 0.274902344 0.162109375 -0.947753906
vn -0.184204102 0.982910156 -0.0177612305
vn 0.611328125 -0.763671875 -0.208129883
vn 0.384765625 -0.913574219 -0.130981445
vn -0.182983398 0.982910156 0.0195007324
vn 0.750976562 -0.463378906 -0.470458984
vn 0.840332031 -0.130126953 -0.526367188
vn 0.696289062 -0.130249023 -0.706054688
vn 0.547363281 -0.763183594 -0.343017578
vn 0.344482422 -0.913574219 -0.215820312
vn -0.173706055 0.982910156 0.0590820312
vn 0.622070312 -0.463378906 -0.630859375
vn 0.520507812 -0.130126953 -0.84375
vn 0.453613281 -0.763183594 -0.459716797
vn 0.465087891 -0.463378906 -0.754394531
vn 0.328369141 -0.130126953 -0.935546875
vn 0.285400391 -0.913574219 -0.289306641
vn -0.155273438 0.982910156 0.0974121094
vn 0.293457031 -0.463623047 -0.8359375
vn 0.134277344 -0.130126953 -0.982421875
vn 0.338867188 -0.763671875 -0.549804688
vn 0.119995117 -0.463867188 -0.877929688
vn -0.0518188477 -0.130126953 -0.990234375
vn 0.213134766 -0.913574219 -0.345947266
vn -0.12902832 0.982910156 0.130615234
vn 0.213745117 -0.763671875 -0.609375
vn -0.0461425781 -0.463867188 -0.884765625
vn -0.223632812 -0.130126953 -0.965820312
vn 0.134521484 -0.913574219 -0.383300781
vn -0.0963134766 0.982910156 0.15637207
vn 0.0875244141 -0.763671875 -0.639648438
vn -0.199707031 -0.464111328 -0.862792969
vn 0.952148438 0.0218200684 -0.305175781
vn 0.934082031 0.162475586 -0.317626953
vn 0.0516662598 -0.914550781 -0.400878906
vn -0.0609436035 0.982910156 0.174072266
vn -0.0336914062 -0.763671875 -0.64453125
vn -0.145507812 -0.764160156 -0.628417969
vn 0.900878906 0.153076172 -0.405761719
vn 0.9765625 0.0814819336 -0.200317383
vn 0.0443725586 0.983886719 0.173706055
vn -0.0146179199 -0.9609375 -0.276367188
vn -0.272460938 0.120239258 0.954589844
vn -0.173217773 0.981445312 -0.081237793
vn 0.55078125 0.149902344 -0.821289062
vn -0.364501953 0.124328613 0.922851562
vn 0.6015625 0.314697266 -0.734375
vn -0.470947266 0.0971679688 0.876953125
vn 0.3984375 0.224243164 -0.889648438
vn -0.471679688 0.0282897949 0.881347656
vn 0.380371094 0.022064209 -0.924804688
vn -0.914550781 0.130493164 -0.3828125
vn -0.470947266 0.0971679688 0.876953125
vn -0.471679688 0.0282897949 0.881347656
vn -0.921875 0.130004883 -0.364990234
vn -0.9296875 0.129638672 -0.344238281
vn -0.840332031 0.46484375 -0.279052734
vn -0.9375 0.130249023 -0.322998047
vn -0.364501953 0.124328613 0.922851562
vn -0.948730469 0.131225586 -0.287597656
vn -0.855957031 0.458740234 -0.23828125
vn -0.353271484 -0.379394531 0.854980469
vn 0.192260742 0.0791625977 -0.978027344
vn 0.560546875 -0.764648438 -0.318603516
vn -0.367919922 0.917480469 0.149902344
vn -0.352050781 0.149414062 -0.923828125
vn -0.454589844 0.126220703 -0.881835938
vn 0.76953125 -0.46484375 -0.437744141
vn -0.446777344 0.0204772949 -0.89453125
vn 0.861816406 -0.130126953 -0.489990234
vn 0.686523438 -0.463623047 -0.560546875
vn 0.768066406 -0.130126953 -0.626953125
vn 0.702636719 0.0216064453 0.711425781
vn 0.698242188 0.155639648 0.698730469
vn 0.5 -0.763671875 -0.408447266
vn 0.765136719 0.157836914 0.624511719
vn 0.314697266 -0.913574219 -0.256835938
vn -0.375 0.137817383 -0.916992188
vn -0.1640625 0.982910156 0.0841674805
vn 0.827148438 0.139526367 0.544433594
vn -0.142944336 0.982910156 0.116577148
vn -0.584472656 0.127685547 0.801269531
vn 0.702636719 0.0216064453 0.711425781
vn -0.583007812 0.205078125 0.786132812
vn -0.572265625 0.470458984 0.671875
vn -0.584472656 0.231933594 0.77734375
vn -0.609375 0.177246094 0.772949219
vn -0.650390625 0.130249023 0.748535156
vn -0.598144531 0.539550781 0.592773438
vn -0.704101562 0.130126953 0.698242188
vn -0.687988281 0.46484375 0.557128906
vn -0.770507812 0.130004883 0.624023438
vn -0.545410156 0.764160156 0.344482422
vn -0.748535156 0.464355469 0.472900391
vn -0.838378906 0.130004883 0.529296875
vn -0.367919922 0.9140625 0.170288086
vn -0.803710938 0.464111328 0.371826172
vn -0.899902344 0.130004883 0.416259766
vn -0.585449219 0.764160156 0.270996094
vn -0.358642578 0.927246094 0.106933594
vn -0.842285156 0.465087891 0.2734375
vn -0.942871094 0.130126953 0.306152344
vn -0.968261719 0.130126953 0.214233398
vn -0.612304688 0.767089844 0.19128418
vn -0.403076172 0.913574219 0.0535583496
vn -0.841308594 0.507324219 0.185546875
vn -0.389648438 0.920898438 -0.0087890625
vn -0.637695312 0.766601562 0.0772094727
vn -0.880371094 0.464355469 0.0979614258
vn -0.985351562 0.130004883 0.109680176
vn -0.400146484 0.9140625 -0.0692138672
vn -0.645019531 0.763671875 -0.0146789551
vn -0.885742188 0.463867188 -0.0201721191
vn -0.991210938 0.129882812 -0.0225830078
vn -0.636230469 0.763671875 -0.110046387
vn -0.873046875 0.463623047 -0.151000977
vn -0.977050781 0.129882812 -0.168945312
vn -0.380371094 0.915527344 -0.130004883
vn -0.84375 0.464599609 -0.268554688
vn -0.944824219 0.130004883 -0.300537109
vn -0.902832031 0.130004883 -0.409423828
vn -0.614257812 0.764648438 -0.19543457
vn -0.806640625 0.464599609 -0.365478516
vn -0.850585938 0.130126953 -0.509277344
vn -0.752441406 0.469238281 -0.462402344
vn -0.805664062 0.16003418 -0.570800781
vn -0.800292969 0.160400391 -0.577636719
vn -0.796875 0.17565918 -0.578125
vn -0.786132812 0.21496582 -0.579589844
vn -0.66796875 0.469482422 -0.577636719
vn -0.782226562 0.205810547 -0.587890625
vn -0.777832031 0.16003418 -0.607910156
vn -0.743164062 0.130126953 -0.656738281
vn -0.572265625 0.77734375 -0.261962891
vn -0.344238281 0.914550781 -0.212158203
vn -0.546875 0.763671875 -0.343505859
vn -0.492431641 0.764160156 -0.417236328
vn -0.430175781 0.763671875 -0.481445312
vn 0.693359375 0.136108398 -0.707519531
vn -0.590332031 0.463623047 -0.660644531
vn 0.704589844 0.0232849121 -0.709472656
vn -0.660644531 0.129882812 -0.739257812
vn -0.696777344 0.130737305 -0.705078125
vn -0.773925781 0.0334777832 0.632324219
vn -0.705078125 0.130249023 -0.696777344
vn -0.714355469 0.129272461 -0.6875
vn -0.723632812 0.127929688 -0.678222656
vn -0.731445312 0.127319336 -0.669921875
vn -0.738769531 0.127929688 -0.661621094
vn -0.747558594 0.129150391 -0.651367188
vn -0.756347656 0.130126953 -0.641113281
vn -0.763671875 0.130493164 -0.632324219
vn 0.560058594 0.0174560547 -0.828125
vn -0.923828125 -0.208496094 -0.320556641
vn -0.847167969 -0.271240234 0.456542969
vn -0.240600586 0.963378906 -0.1171875
vn -0.592285156 0.773925781 -0.22277832
vn 0.77734375 -0.463867188 0.424804688
vn -0.246337891 0.963378906 -0.104919434
vn -0.614257812 0.774414062 -0.153564453
vn 0.827148438 -0.464111328 0.316162109
vn -0.264404297 0.962890625 -0.0506286621
vn 0.880371094 -0.466308594 0.0891723633
vn -0.613769531 0.774414062 0.153442383
vn 0.873046875 -0.465820312 -0.144897461
vn -0.264404297 0.962890625 0.0505371094
vn -0.592285156 0.773925781 0.22277832
vn 0.857421875 -0.465087891 -0.220825195
vn -0.24609375 0.963378906 0.104919434
vn -0.240478516 0.963378906 0.1171875
vn -0.902832031 -0.227539062 0.364990234
vn 0.827148438 -0.464599609 -0.315917969
vn -0.836914062 -0.272949219 -0.474121094
vn 0.0586242676 0.915527344 -0.398193359
vn 0.025177002 0.979492188 -0.198730469
vn 0.132568359 0.9140625 -0.383300781
vn 0.111328125 0.763671875 -0.636230469
vn 0.201904297 0.763671875 -0.61328125
vn 0.1484375 0.474609375 -0.867675781
vn 0.0236816406 0.782226562 -0.622558594
vn 0.037902832 0.469238281 -0.882324219
vn 0.264160156 0.766113281 -0.585449219
vn 0.282714844 0.470947266 -0.835449219
vn 0.311523438 0.766113281 -0.562011719
vn 0.400878906 0.465820312 -0.7890625
vn 0.442382812 0.129150391 -0.887695312
vn 0.357666016 0.466796875 -0.80859375
vn 0.3828125 0.129760742 -0.914550781
vn 0.326660156 0.130249023 -0.936035156
vn 0.258789062 0.153076172 -0.953613281
vn 0.221069336 0.149169922 -0.963867188
vn 0.18762207 0.134155273 -0.973144531
vn 0.154418945 0.130371094 -0.979492188
vn 0.107177734 0.141601562 -0.983886719
vn 0.0679321289 0.136108398 -0.98828125
vn 0.0224609375 0.130249023 -0.991210938
vn -0.0105895996 -0.140136719 0.990234375
vn 0.131958008 0.98828125 0.0783691406
vn -0.618164062 0.141235352 0.7734375
vn -0.11126709 -0.159667969 0.980957031
vn -0.538085938 0.165527344 0.826660156
vn -0.23059082 -0.132568359 0.963867188
vn -0.433837891 0.144897461 0.889160156
vn -0.224487305 -0.0212402344 0.974121094
vn -0.439697266 0.025604248 0.897949219
vn -0.54296875 0.743164062 -0.390869141
vn -0.512207031 0.763671875 -0.393554688
vn -0.275390625 0.938476562 -0.208984375
vn -0.451416016 0.764160156 -0.460449219
vn -0.262451172 0.928710938 -0.261230469
vn -0.247314453 0.91796875 -0.310302734
g TitansPirate1_0
usemtl Pirates_Raiders-_4_
f 3/3/3 2/2/2 1/1/1
f 1/1/1 2/2/2 4/4/4
f 2/2/2 5/5/5 4/4/4
f 4/4/4 5/5/5 6/6/6
f 5/5/5 7/7/7 6/6/6
f 7/7/7 8/8/8 6/6/6
f 9/9/9 6/6/6 8/8/8
f 8/8/8 7/7/7 10/10/10
f 10/10/10 7/7/7 11/11/11
f 12/12/12 8/8/8 10/10/10
f 13/13/13 8/8/8 12/12/12
f 14/14/14 8/8/8 13/13/13
f 12/12/12 15/15/15 13/13/13
f 16/16/16 15/15/15 12/12/12
f 17/17/17 16/16/16 12/12/12
f 18/18/18 17/17/17 12/12/12
f 19/19/19 13/13/13 15/15/15
f 20/20/20 13/13/13 19/19/19
f 21/21/21 13/13/13 20/20/20
f 13/13/13 21/21/21 22/22/22
f 23/23/23 22/22/22 21/21/21
f 26/26/26 25/25/25 24/24/24
f 24/24/24 25/25/25 27/27/27
f 24/24/24 27/27/27 28/28/28
f 29/29/29 28/28/28 27/27/27
f 30/30/30 29/29/29 27/27/27
f 31/31/31 27/27/27 25/25/25
f 32/32/32 27/27/27 31/31/31
f 31/31/31 25/25/25 33/33/33
f 34/34/34 31/31/31 33/33/33
f 34/34/34 33/33/33 35/35/35
f 36/36/36 34/34/34 35/35/35
f 36/36/36 35/35/35 37/37/37
f 29/29/29 38/38/38 28/28/28
f 39/39/39 28/28/28 38/38/38
f 40/40/40 28/28/28 39/39/39
f 28/28/28 40/40/40 41/41/41
f 38/38/38 29/29/29 42/42/42
f 43/43/43 42/42/42 29/29/29
f 44/44/44 43/43/43 29/29/29
f 45/45/45 44/44/44 29/29/29
f 46/46/46 45/45/45 29/29/29
f 49/49/49 48/48/48 47/47/47
f 50/50/50 47/47/47 48/48/48
f 51/51/51 47/47/47 50/50/50
f 51/51/51 52/52/52 47/47/47
f 53/53/53 52/52/52 51/51/51
f 54/54/54 53/53/53 51/51/51
f 55/55/55 52/52/52 53/53/53
f 56/56/56 47/47/47 52/52/52
f 47/47/47 56/56/56 57/57/57
f 57/57/57 56/56/56 58/58/58
f 59/59/59 58/58/58 56/56/56
f 60/60/60 58/58/58 59/59/59
f 60/60/60 61/61/61 58/58/58
f 61/61/61 60/60/60 62/62/62
f 63/63/63 62/62/62 60/60/60
f 63/63/63 64/64/64 62/62/62
f 65/65/65 64/64/64 63/63/63
f 66/66/66 65/65/65 63/63/63
f 67/67/67 66/66/66 63/63/63
f 58/58/58 61/61/61 68/68/68
f 58/58/58 68/68/68 69/69/69
f 61/61/61 70/70/70 68/68/68
f 71/71/71 69/69/69 68/68/68
f 72/72/72 69/69/69 71/71/71
f 68/68/68 70/70/70 73/73/73
f 74/74/74 69/69/69 72/72/72
f 70/70/70 75/75/75 73/73/73
f 73/73/73 75/75/75 76/76/76
f 76/76/76 75/75/75 77/77/77
f 70/70/70 78/78/78 75/75/75
f 75/75/75 79/79/79 77/77/77
f 77/77/77 79/79/79 80/80/80
f 80/80/80 79/79/79 81/81/81
f 79/79/79 82/82/82 81/81/81
f 83/83/83 78/78/78 70/70/70
f 83/83/83 84/84/84 78/78/78
f 83/83/83 85/85/85 84/84/84
f 81/81/81 82/82/82 86/86/86
f 87/87/87 86/86/86 82/82/82
f 88/88/88 86/86/86 87/87/87
f 86/86/86 88/88/88 89/89/89
f 90/90/90 89/89/89 88/88/88
f 89/89/89 90/90/90 91/91/91
f 92/92/92 85/85/85 83/83/83
f 93/93/93 91/91/91 90/90/90
f 91/91/91 93/93/93 94/94/94
f 94/94/94 93/93/93 95/95/95
f 96/96/96 95/95/95 93/93/93
f 92/92/92 97/97/97 85/85/85
f 98/98/98 97/97/97 92/92/92
f 98/98/98 99/99/99 97/97/97
f 98/98/98 100/100/100 99/99/99
f 101/101/101 98/98/98 92/92/92
f 98/98/98 102/102/102 100/100/100
f 98/98/98 101/101/101 103/103/103
f 104/104/104 103/103/103 101/101/101
f 104/104/104 105/105/105 103/103/103
f 106/106/106 102/102/102 98/98/98
f 106/106/106 107/107/107 102/102/102
f 108/108/108 107/107/107 106/106/106
f 108/108/108 109/109/109 107/107/107
f 110/110/110 109/109/109 108/108/108
f 110/110/110 111/111/111 109/109/109
f 112/112/112 111/111/111 110/110/110
f 112/112/112 113/113/113 111/111/111
f 114/114/114 113/113/113 112/112/112
f 115/115/115 114/114/114 112/112/112
f 114/114/114 115/115/115 116/116/116
f 116/116/116 115/115/115 117/117/117
f 118/118/118 117/117/117 115/115/115
f 117/117/117 118/118/118 119/119/119
f 120/120/120 119/119/119 118/118/118
f 121/121/121 119/119/119 120/120/120
f 122/122/122 121/121/121 120/120/120
f 123/123/123 113/113/113 114/114/114
f 123/123/123 124/124/124 113/113/113
f 113/113/113 124/124/124 125/125/125
f 126/126/126 124/124/124 123/123/123
f 127/127/127 125/125/125 124/124/124
f 125/125/125 127/127/127 128/128/128
f 129/129/129 124/124/124 126/126/126
f 128/128/128 127/127/127 130/130/130
f 131/131/131 129/129/129 126/126/126
f 132/132/132 129/129/129 131/131/131
f 133/133/133 130/130/130 127/127/127
f 134/134/134 129/129/129 132/132/132
f 134/134/134 135/135/135 129/129/129
f 134/134/134 136/136/136 135/135/135
f 137/137/137 136/136/136 134/134/134
f 137/137/137 138/138/138 136/136/136
f 139/139/139 138/138/138 137/137/137
f 139/139/139 140/140/140 138/138/138
f 141/141/141 130/130/130 133/133/133
f 142/142/142 130/130/130 141/141/141
f 143/143/143 130/130/130 142/142/142
f 144/144/144 140/140/140 139/139/139
f 144/144/144 145/145/145 140/140/140
f 144/144/144 146/146/146 145/145/145
f 130/130/130 143/143/143 147/147/147
f 148/148/148 146/146/146 144/144/144
f 149/149/149 147/147/147 143/143/143
f 150/150/150 147/147/147 149/149/149
f 151/151/151 147/147/147 150/150/150
f 152/152/152 147/147/147 151/151/151
f 147/147/147 152/152/152 153/153/153
f 154/154/154 153/153/153 152/152/152
f 153/153/153 154/154/154 155/155/155
f 148/148/148 156/156/156 146/146/146
f 148/148/148 157/157/157 156/156/156
f 156/156/156 157/157/157 158/158/158
f 158/158/158 157/157/157 159/159/159
f 159/159/159 157/157/157 160/160/160
f 161/161/161 157/157/157 148/148/148
f 157/157/157 162/162/162 160/160/160
f 160/160/160 162/162/162 163/163/163
f 163/163/163 162/162/162 164/164/164
f 164/164/164 162/162/162 165/165/165
f 165/165/165 162/162/162 166/166/166
f 166/166/166 162/162/162 167/167/167
f 167/167/167 162/162/162 168/168/168
f 169/169/169 162/162/162 157/157/157
f 169/169/169 170/170/170 162/162/162
f 171/171/171 170/170/170 169/169/169
f 168/168/168 162/162/162 172/172/172
f 161/161/161 173/173/173 157/157/157
f 174/174/174 157/157/157 173/173/173
f 161/161/161 175/175/175 173/173/173
f 176/176/176 174/174/174 173/173/173
f 177/177/177 175/175/175 161/161/161
f 177/177/177 178/178/178 175/175/175
f 179/179/179 178/178/178 177/177/177
f 180/180/180 178/178/178 179/179/179
f 181/181/181 180/180/180 179/179/179
f 182/182/182 174/174/174 176/176/176
f 183/183/183 180/180/180 181/181/181
f 174/174/174 182/182/182 184/184/184
f 185/185/185 183/183/183 181/181/181
f 184/184/184 182/182/182 186/186/186
f 187/187/187 186/186/186 182/182/182
f 188/188/188 184/184/184 186/186/186
f 189/189/189 183/183/183 185/185/185
f 190/190/190 189/189/189 185/185/185
f 191/191/191 189/189/189 190/190/190
f 192/192/192 183/183/183 189/189/189
f 193/193/193 183/183/183 192/192/192
f 194/194/194 193/193/193 192/192/192
f 195/195/195 189/189/189 191/191/191
f 195/195/195 191/191/191 196/196/196
f 196/196/196 197/197/197 195/195/195
f 198/198/198 197/197/197 196/196/196
f 198/198/198 199/199/199 197/197/197
f 197/197/197 199/199/199 200/200/200
f 201/201/201 200/200/200 199/199/199
f 202/202/202 200/200/200 201/201/201
f 203/203/203 199/199/199 198/198/198
f 204/204/204 203/203/203 198/198/198
f 205/205/205 204/204/204 198/198/198
f 206/206/206 199/199/199 203/203/203
f 199/199/199 206/206/206 207/207/207
f 208/208/208 207/207/207 206/206/206
f 208/208/208 209/209/209 207/207/207
f 210/210/210 207/207/207 209/209/209
f 211/211/211 207/207/207 210/210/210
f 207/207/207 211/211/211 212/212/212
f 212/212/212 211/211/211 213/213/213
f 214/214/214 213/213/213 211/211/211
f 215/215/215 213/213/213 214/214/214
f 216/216/216 213/213/213 215/215/215
f 209/209/209 208/208/208 217/217/217
f 209/209/209 217/217/217 218/218/218
f 218/218/218 217/217/217 219/219/219
f 220/220/220 219/219/219 217/217/217
f 221/221/221 219/219/219 220/220/220
f 221/221/221 222/222/222 219/219/219
f 223/223/223 222/222/222 221/221/221
f 222/222/222 223/223/223 224/224/224
f 225/225/225 224/224/224 223/223/223
f 225/225/225 226/226/226 224/224/224
f 227/227/227 226/226/226 225/225/225
f 217/217/217 208/208/208 228/228/228
f 229/229/229 228/228/228 208/208/208
f 230/230/230 228/228/228 229/229/229
f 231/231/231 228/228/228 230/230/230
f 233/233/233 69/69/69 232/232/232
f 74/74/74 232/232/232 69/69/69
f 74/74/74 234/234/234 232/232/232
f 232/232/232 234/234/234 235/235/235
f 235/235/235 234/234/234 236/236/236
f 237/237/237 236/236/236 234/234/234
f 234/234/234 74/74/74 238/238/238
f 239/239/239 234/234/234 238/238/238
f 238/238/238 74/74/74 240/240/240
f 241/241/241 238/238/238 240/240/240
f 242/242/242 240/240/240 74/74/74
f 243/243/243 240/240/240 242/242/242
f 244/244/244 240/240/240 243/243/243
f 247/247/247 246/246/246 245/245/245
f 245/245/245 246/246/246 248/248/248
f 249/249/249 248/248/248 246/246/246
f 168/168/168 248/248/248 249/249/249
f 168/168/168 250/250/250 248/248/248
f 168/168/168 172/172/172 250/250/250
f 250/250/250 172/172/172 251/251/251
f 251/251/251 172/172/172 252/252/252
f 252/252/252 253/253/253 251/251/251
f 251/251/251 253/253/253 254/254/254
f 255/255/255 254/254/254 253/253/253
f 254/254/254 255/255/255 256/256/256
f 257/257/257 256/256/256 255/255/255
f 256/256/256 257/257/257 258/258/258
f 259/259/259 258/258/258 257/257/257
f 258/258/258 259/259/259 260/260/260
f 261/261/261 252/252/252 172/172/172
f 262/262/262 260/260/260 259/259/259
f 263/263/263 261/261/261 172/172/172
f 264/264/264 261/261/261 263/263/263
f 265/265/265 263/263/263 172/172/172
f 266/266/266 263/263/263 265/265/265
f 267/267/267 266/266/266 265/265/265
f 268/268/268 267/267/267 265/265/265
f 269/269/269 264/264/264 263/263/263
f 270/270/270 264/264/264 269/269/269
f 271/271/271 270/270/270 269/269/269
f 269/269/269 272/272/272 271/271/271
f 273/273/273 272/272/272 269/269/269
f 274/274/274 260/260/260 262/262/262
f 260/260/260 274/274/274 275/275/275
f 276/276/276 272/272/272 273/273/273
f 277/277/277 276/276/276 273/273/273
f 278/278/278 276/276/276 277/277/277
f 278/278/278 279/279/279 276/276/276
f 280/280/280 279/279/279 278/278/278
f 281/281/281 279/279/279 280/280/280
f 282/282/282 272/272/272 276/276/276
f 283/283/283 279/279/279 281/281/281
f 282/282/282 284/284/284 272/272/272
f 285/285/285 284/284/284 282/282/282
f 286/286/286 284/284/284 285/285/285
f 287/287/287 284/284/284 286/286/286
f 288/288/288 279/279/279 283/283/283
f 289/289/289 279/279/279 288/288/288
f 290/290/290 279/279/279 289/289/289
f 291/291/291 279/279/279 290/290/290
f 292/292/292 279/279/279 291/291/291
f 292/292/292 293/293/293 279/279/279
f 294/294/294 293/293/293 292/292/292
f 293/293/293 294/294/294 295/295/295
f 296/296/296 295/295/295 294/294/294
f 297/297/297 295/295/295 296/296/296
f 298/298/298 295/295/295 297/297/297
f 293/293/293 295/295/295 299/299/299
f 300/300/300 293/293/293 299/299/299
f 301/301/301 299/299/299 295/295/295
f 302/302/302 299/299/299 301/301/301
f 303/303/303 299/299/299 302/302/302
f 306/306/306 305/305/305 304/304/304
f 275/275/275 304/304/304 305/305/305
f 275/275/275 307/307/307 304/304/304
f 274/274/274 307/307/307 275/275/275
f 308/308/308 274/274/274 262/262/262
f 309/309/309 308/308/308 262/262/262
f 308/308/308 309/309/309 310/310/310
f 311/311/311 310/310/310 309/309/309
f 312/312/312 274/274/274 308/308/308
f 274/274/274 312/312/312 313/313/313
f 274/274/274 313/313/313 314/314/314
f 315/315/315 313/313/313 312/312/312
f 316/316/316 315/315/315 312/312/312
f 317/317/317 313/313/313 315/315/315
f 318/318/318 314/314/314 313/313/313
f 319/319/319 314/314/314 318/318/318
f 314/314/314 319/319/319 320/320/320
f 321/321/321 320/320/320 319/319/319
f 320/320/320 321/321/321 322/322/322
f 322/322/322 321/321/321 323/323/323
f 322/322/322 323/323/323 324/324/324
f 325/325/325 324/324/324 323/323/323
f 324/324/324 325/325/325 326/326/326
f 326/326/326 325/325/325 327/327/327
f 330/330/330 329/329/329 328/328/328
f 329/329/329 331/331/331 328/328/328
f 328/328/328 331/331/331 332/332/332
f 333/333/333 332/332/332 331/331/331
f 329/329/329 334/334/334 331/331/331
f 335/335/335 331/331/331 334/334/334
f 336/336/336 331/331/331 335/335/335
f 337/337/337 335/335/335 334/334/334
f 338/338/338 334/334/334 329/329/329
f 339/339/339 334/334/334 338/338/338
f 338/338/338 329/329/329 340/340/340
f 340/340/340 329/329/329 341/341/341
f 342/342/342 341/341/341 329/329/329
f 343/343/343 339/339/339 338/338/338
f 344/344/344 339/339/339 343/343/343
f 345/345/345 339/339/339 344/344/344
f 339/339/339 345/345/345 346/346/346
f 345/345/345 347/347/347 346/346/346
f 345/345/345 348/348/348 347/347/347
f 349/349/349 348/348/348 345/345/345
f 349/349/349 350/350/350 348/348/348
f 351/351/351 350/350/350 349/349/349
f 352/352/352 350/350/350 351/351/351
f 348/348/348 350/350/350 353/353/353
f 350/350/350 352/352/352 354/354/354
f 355/355/355 354/354/354 352/352/352
f 356/356/356 354/354/354 355/355/355
f 354/354/354 356/356/356 357/357/357
f 353/353/353 358/358/358 348/348/348
f 353/353/353 359/359/359 358/358/358
f 359/359/359 360/360/360 358/358/358
f 361/361/361 357/357/357 356/356/356
f 361/361/361 362/362/362 357/357/357
f 361/361/361 363/363/363 362/362/362
f 364/364/364 363/363/363 361/361/361
f 358/358/358 360/360/360 365/365/365
f 363/363/363 364/364/364 366/366/366
f 367/367/367 366/366/366 364/364/364
f 368/368/368 366/366/366 367/367/367
f 366/366/366 368/368/368 369/369/369
f 369/369/369 368/368/368 370/370/370
f 371/371/371 370/370/370 368/368/368
f 360/360/360 372/372/372 365/365/365
f 365/365/365 372/372/372 373/373/373
f 372/372/372 374/374/374 373/373/373
f 374/374/374 375/375/375 373/373/373
f 365/365/365 373/373/373 376/376/376
f 375/375/375 377/377/377 373/373/373
f 378/378/378 376/376/376 373/373/373
f 376/376/376 378/378/378 379/379/379
f 380/380/380 379/379/379 378/378/378
f 373/373/373 377/377/377 381/381/381
f 377/377/377 382/382/382 381/381/381
f 381/381/381 382/382/382 383/383/383
f 382/382/382 384/384/384 383/383/383
f 383/383/383 384/384/384 385/385/385
f 384/384/384 386/386/386 385/385/385
f 385/385/385 386/386/386 387/387/387
f 386/386/386 388/388/388 387/387/387
f 387/387/387 388/388/388 389/389/389
f 387/387/387 389/389/389 390/390/390
f 391/391/391 390/390/390 389/389/389
f 392/392/392 390/390/390 391/391/391
f 390/390/390 392/392/392 393/393/393
f 394/394/394 393/393/393 392/392/392
f 393/393/393 394/394/394 395/395/395
f 395/395/395 394/394/394 396/396/396
f 395/395/395 396/396/396 397/397/397
f 389/389/389 388/388/388 398/398/398
f 388/388/388 399/399/399 398/398/398
f 398/398/398 399/399/399 400/400/400
f 399/399/399 388/388/388 401/401/401
f 400/400/400 399/399/399 402/402/402
f 401/401/401 403/403/403 399/399/399
f 404/404/404 403/403/403 401/401/401
f 400/400/400 402/402/402 405/405/405
f 405/405/405 402/402/402 406/406/406
f 407/407/407 403/403/403 404/404/404
f 406/406/406 402/402/402 408/408/408
f 402/402/402 409/409/409 408/408/408
f 409/409/409 410/410/410 408/408/408
f 408/408/408 410/410/410 411/411/411
f 410/410/410 412/412/412 411/411/411
f 411/411/411 412/412/412 413/413/413
f 412/412/412 414/414/414 413/413/413
f 403/403/403 407/407/407 415/415/415
f 413/413/413 414/414/414 416/416/416
f 414/414/414 417/417/417 416/416/416
f 417/417/417 418/418/418 416/416/416
f 415/415/415 407/407/407 419/419/419
f 419/419/419 407/407/407 420/420/420
f 420/420/420 407/407/407 421/421/421
f 416/416/416 418/418/418 422/422/422
f 423/423/423 421/421/421 407/407/407
f 423/423/423 424/424/424 421/421/421
f 424/424/424 423/423/423 425/425/425
f 425/425/425 423/423/423 426/426/426
f 426/426/426 423/423/423 427/427/427
f 428/428/428 427/427/427 423/423/423
f 428/428/428 429/429/429 427/427/427
f 430/430/430 429/429/429 428/428/428
f 418/418/418 431/431/431 422/422/422
f 431/431/431 432/432/432 422/422/422
f 433/433/433 432/432/432 431/431/431
f 434/434/434 432/432/432 433/433/433
f 435/435/435 432/432/432 434/434/434
f 422/422/422 432/432/432 436/436/436
f 435/435/435 437/437/437 432/432/432
f 438/438/438 437/437/437 435/435/435
f 439/439/439 437/437/437 438/438/438
f 440/440/440 437/437/437 439/439/439
f 441/441/441 437/437/437 440/440/440
f 442/442/442 437/437/437 441/441/441
f 443/443/443 437/437/437 442/442/442
f 432/432/432 437/437/437 444/444/444
f 445/445/445 444/444/444 437/437/437
f 444/444/444 445/445/445 446/446/446
f 447/447/447 437/437/437 443/443/443
f 432/432/432 448/448/448 436/436/436
f 448/448/448 432/432/432 449/449/449
f 448/448/448 450/450/450 436/436/436
f 448/448/448 449/449/449 451/451/451
f 436/436/436 450/450/450 452/452/452
f 450/450/450 453/453/453 452/452/452
f 452/452/452 453/453/453 454/454/454
f 454/454/454 453/453/453 455/455/455
f 454/454/454 455/455/455 456/456/456
f 451/451/451 449/449/449 457/457/457
f 456/456/456 455/455/455 458/458/458
f 459/459/459 457/457/457 449/449/449
f 456/456/456 458/458/458 460/460/460
f 461/461/461 457/457/457 459/459/459
f 462/462/462 461/461/461 459/459/459
f 463/463/463 457/457/457 461/461/461
f 460/460/460 458/458/458 464/464/464
f 460/460/460 464/464/464 465/465/465
f 465/465/465 464/464/464 466/466/466
f 464/464/464 458/458/458 467/467/467
f 467/467/467 458/458/458 468/468/468
f 467/467/467 468/468/468 469/469/469
f 466/466/466 464/464/464 470/470/470
f 471/471/471 466/466/466 470/470/470
f 470/470/470 472/472/472 471/471/471
f 471/471/471 472/472/472 473/473/473
f 472/472/472 474/474/474 473/473/473
f 475/475/475 474/474/474 472/472/472
f 474/474/474 475/475/475 476/476/476
f 477/477/477 476/476/476 475/475/475
f 473/473/473 474/474/474 478/478/478
f 473/473/473 478/478/478 479/479/479
f 473/473/473 479/479/479 480/480/480
f 478/478/478 474/474/474 481/481/481
f 482/482/482 481/481/481 474/474/474
f 481/481/481 482/482/482 483/483/483
f 482/482/482 484/484/484 483/483/483
f 484/484/484 482/482/482 485/485/485
f 485/485/485 482/482/482 486/486/486
f 487/487/487 486/486/486 482/482/482
f 488/488/488 486/486/486 487/487/487
f 486/486/486 488/488/488 489/489/489
f 489/489/489 488/488/488 490/490/490
f 491/491/491 490/490/490 488/488/488
f 492/492/492 483/483/483 484/484/484
f 493/493/493 492/492/492 484/484/484
f 492/492/492 493/493/493 494/494/494
f 492/492/492 494/494/494 495/495/495
f 495/495/495 494/494/494 496/496/496
f 497/497/497 496/496/496 494/494/494
f 496/496/496 497/497/497 498/498/498
f 499/499/499 498/498/498 497/497/497
f 498/498/498 499/499/499 500/500/500
f 501/501/501 500/500/500 499/499/499
f 500/500/500 501/501/501 502/502/502
f 503/503/503 483/483/483 492/492/492
f 483/483/483 503/503/503 504/504/504
f 504/504/504 503/503/503 505/505/505
f 506/506/506 505/505/505 503/503/503
f 509/509/509 508/508/508 507/507/507
f 507/507/507 508/508/508 510/510/510
f 510/510/510 508/508/508 511/511/511
f 511/511/511 508/508/508 512/512/512
f 513/513/513 511/511/511 512/512/512
f 514/514/514 511/511/511 513/513/513
f 515/515/515 513/513/513 512/512/512
f 512/512/512 508/508/508 516/516/516
f 517/517/517 516/516/516 508/508/508
f 346/346/346 516/516/516 517/517/517
f 516/516/516 346/346/346 518/518/518
f 518/518/518 346/346/346 519/519/519
f 346/346/346 347/347/347 519/519/519
f 520/520/520 519/519/519 347/347/347
f 519/519/519 520/520/520 521/521/521
f 520/520/520 522/522/522 521/521/521
f 523/523/523 521/521/521 522/522/522
f 521/521/521 523/523/523 524/524/524
f 521/521/521 524/524/524 525/525/525
f 528/528/528 527/527/527 526/526/526
f 529/529/529 526/526/526 527/527/527
f 526/526/526 529/529/529 530/530/530
f 530/530/530 529/529/529 443/443/443
f 529/529/529 531/531/531 443/443/443
f 531/531/531 447/447/447 443/443/443
f 532/532/532 447/447/447 531/531/531
f 533/533/533 447/447/447 532/532/532
f 532/532/532 534/534/534 533/533/533
f 535/535/535 534/534/534 532/532/532
f 534/534/534 535/535/535 536/536/536
f 537/537/537 536/536/536 535/535/535
f 536/536/536 537/537/537 538/538/538
f 539/539/539 538/538/538 537/537/537
f 538/538/538 539/539/539 540/540/540
f 541/541/541 540/540/540 539/539/539
f 447/447/447 533/533/533 542/542/542
f 540/540/540 541/541/541 543/543/543
f 447/447/447 542/542/542 544/544/544
f 544/544/544 542/542/542 545/545/545
f 447/447/447 544/544/544 546/546/546
f 546/546/546 544/544/544 547/547/547
f 546/546/546 547/547/547 548/548/548
f 546/546/546 548/548/548 549/549/549
f 544/544/544 545/545/545 550/550/550
f 550/550/550 545/545/545 551/551/551
f 550/550/550 551/551/551 552/552/552
f 552/552/552 553/553/553 550/550/550
f 550/550/550 553/553/553 554/554/554
f 543/543/543 541/541/541 555/555/555
f 556/556/556 555/555/555 541/541/541
f 554/554/554 553/553/553 557/557/557
f 554/554/554 557/557/557 558/558/558
f 558/558/558 557/557/557 559/559/559
f 557/557/557 560/560/560 559/559/559
f 559/559/559 560/560/560 561/561/561
f 561/561/561 560/560/560 562/562/562
f 557/557/557 553/553/553 563/563/563
f 562/562/562 560/560/560 564/564/564
f 553/553/553 565/565/565 563/563/563
f 563/563/563 565/565/565 566/566/566
f 566/566/566 565/565/565 567/567/567
f 567/567/567 565/565/565 568/568/568
f 564/564/564 560/560/560 569/569/569
f 569/569/569 560/560/560 570/570/570
f 570/570/570 560/560/560 571/571/571
f 571/571/571 560/560/560 572/572/572
f 572/572/572 560/560/560 573/573/573
f 574/574/574 573/573/573 560/560/560
f 573/573/573 574/574/574 575/575/575
f 575/575/575 574/574/574 576/576/576
f 575/575/575 576/576/576 577/577/577
f 577/577/577 576/576/576 578/578/578
f 579/579/579 578/578/578 576/576/576
f 580/580/580 576/576/576 574/574/574
f 581/581/581 580/580/580 574/574/574
f 576/576/576 580/580/580 582/582/582
f 582/582/582 580/580/580 583/583/583
f 584/584/584 583/583/583 580/580/580
f 587/587/587 586/586/586 585/585/585
f 585/585/585 586/586/586 556/556/556
f 586/586/586 588/588/588 556/556/556
f 556/556/556 588/588/588 555/555/555
f 543/543/543 555/555/555 589/589/589
f 589/589/589 590/590/590 543/543/543
f 591/591/591 590/590/590 589/589/589
f 592/592/592 590/590/590 591/591/591
f 589/589/589 555/555/555 593/593/593
f 594/594/594 593/593/593 555/555/555
f 595/595/595 594/594/594 555/555/555
f 593/593/593 594/594/594 596/596/596
f 597/597/597 593/593/593 596/596/596
f 598/598/598 596/596/596 594/594/594
f 594/594/594 595/595/595 599/599/599
f 599/599/599 595/595/595 600/600/600
f 601/601/601 600/600/600 595/595/595
f 600/600/600 601/601/601 602/602/602
f 603/603/603 602/602/602 601/601/601
f 602/602/602 603/603/603 604/604/604
f 605/605/605 604/604/604 603/603/603
f 604/604/604 605/605/605 606/606/606
f 607/607/607 606/606/606 605/605/605
f 608/608/608 606/606/606 607/607/607
g TitansPirate1_1
usemtl Material.200
f 611/611/611 610/610/610 609/609/609
f 613/613/613 609/609/609 612/612/612
f 613/613/613 612/612/612 614/614/614
f 613/613/613 614/614/614 615/615/615
f 612/612/612 616/616/616 614/614/614
f 617/617/617 613/613/613 615/615/615
f 617/617/617 618/618/618 613/613/613
f 612/612/612 619/619/619 616/616/616
f 619/619/619 620/620/620 616/616/616
f 612/612/612 621/621/621 619/619/619
f 621/621/621 622/622/622 619/619/619
f 620/620/620 619/619/619 623/623/623
f 619/619/619 622/622/622 624/624/624
f 619/619/619 624/624/624 623/623/623
f 624/624/624 625/625/625 623/623/623
f 625/625/625 626/626/626 623/623/623
f 627/627/627 625/625/625 624/624/624
f 628/628/628 627/627/627 624/624/624
f 628/628/628 629/629/629 627/627/627
f 625/625/625 630/630/630 626/626/626
f 630/630/630 631/631/631 626/626/626
f 631/631/631 630/630/630 632/632/632
f 627/627/627 633/633/633 625/625/625
f 633/633/633 630/630/630 625/625/625
f 630/630/630 634/634/634 632/632/632
f 630/630/630 633/633/633 634/634/634
f 632/632/632 634/634/634 635/635/635
f 636/636/636 633/633/633 627/627/627
f 637/637/637 636/636/636 627/627/627
f 634/634/634 638/638/638 635/635/635
f 635/635/635 638/638/638 639/639/639
f 633/633/633 640/640/640 634/634/634
f 633/633/633 636/636/636 640/640/640
f 634/634/634 640/640/640 638/638/638
f 641/641/641 636/636/636 637/637/637
f 642/642/642 641/641/641 637/637/637
f 636/636/636 641/641/641 643/643/643
f 636/636/636 643/643/643 640/640/640
f 641/641/641 644/644/644 643/643/643
f 638/638/638 645/645/645 639/639/639
f 639/639/639 645/645/645 646/646/646
f 640/640/640 647/647/647 638/638/638
f 640/640/640 643/643/643 647/647/647
f 638/638/638 647/647/647 645/645/645
f 643/643/643 644/644/644 648/648/648
f 643/643/643 648/648/648 647/647/647
f 644/644/644 649/649/649 648/648/648
f 648/648/648 649/649/649 650/650/650
f 647/647/647 648/648/648 651/651/651
f 647/647/647 651/651/651 645/645/645
f 648/648/648 650/650/650 651/651/651
f 645/645/645 652/652/652 646/646/646
f 645/645/645 651/651/651 652/652/652
f 646/646/646 652/652/652 653/653/653
f 652/652/652 654/654/654 653/653/653
f 651/651/651 650/650/650 655/655/655
f 651/651/651 655/655/655 652/652/652
f 652/652/652 655/655/655 654/654/654
f 650/650/650 656/656/656 655/655/655
f 655/655/655 657/657/657 654/654/654
f 655/655/655 656/656/656 657/657/657
f 660/660/660 659/659/659 658/658/658
f 663/663/663 662/662/662 661/661/661
f 666/666/666 665/665/665 664/664/664
f 669/669/669 668/668/668 667/667/667
f 672/672/672 671/671/671 670/670/670
f 674/674/674 673/673/673 615/615/615
f 677/677/677 676/676/676 675/675/675
f 680/680/680 679/679/679 678/678/678
f 680/680/680 678/678/678 681/681/681
f 678/678/678 682/682/682 681/681/681
f 681/681/681 682/682/682 683/683/683
f 682/682/682 684/684/684 683/683/683
f 683/683/683 684/684/684 685/685/685
f 685/685/685 684/684/684 686/686/686
f 687/687/687 686/686/686 684/684/684
f 687/687/687 688/688/688 686/686/686
f 686/686/686 688/688/688 689/689/689
f 689/689/689 688/688/688 690/690/690
f 691/691/691 690/690/690 688/688/688
f 691/691/691 692/692/692 690/690/690
f 690/690/690 692/692/692 693/693/693
f 693/693/693 692/692/692 694/694/694
f 695/695/695 694/694/694 692/692/692
f 694/694/694 695/695/695 696/696/696
f 695/695/695 697/697/697 696/696/696
f 696/696/696 697/697/697 698/698/698
f 697/697/697 699/699/699 698/698/698
f 698/698/698 699/699/699 700/700/700
f 700/700/700 699/699/699 701/701/701
f 700/700/700 701/701/701 702/702/702
f 701/701/701 703/703/703 702/702/702
f 702/702/702 703/703/703 704/704/704
f 704/704/704 703/703/703 705/705/705
f 704/704/704 705/705/705 706/706/706
f 707/707/707 706/706/706 705/705/705
f 706/706/706 707/707/707 708/708/708
f 709/709/709 708/708/708 707/707/707
f 708/708/708 709/709/709 710/710/710
f 711/711/711 710/710/710 709/709/709
f 711/711/711 712/712/712 710/710/710
f 712/712/712 713/713/713 710/710/710
f 712/712/712 714/714/714 713/713/713
f 714/714/714 715/715/715 713/713/713
f 715/715/715 714/714/714 716/716/716
f 717/717/717 716/716/716 714/714/714
f 716/716/716 717/717/717 718/718/718
f 719/719/719 718/718/718 717/717/717
f 720/720/720 718/718/718 719/719/719
f 721/721/721 720/720/720 719/719/719
f 721/721/721 722/722/722 720/720/720
f 722/722/722 723/723/723 720/720/720
f 723/723/723 722/722/722 724/724/724
f 722/722/722 725/725/725 724/724/724
f 724/724/724 725/725/725 726/726/726
f 725/725/725 727/727/727 726/726/726
f 727/727/727 728/728/728 726/726/726
f 726/726/726 728/728/728 729/729/729
f 729/729/729 728/728/728 730/730/730
f 731/731/731 730/730/730 728/728/728
f 732/732/732 730/730/730 731/731/731
f 733/733/733 730/730/730 732/732/732
f 733/733/733 732/732/732 734/734/734
f 732/732/732 735/735/735 734/734/734
f 735/735/735 736/736/736 734/734/734
f 734/734/734 736/736/736 737/737/737
f 737/737/737 736/736/736 738/738/738
f 739/739/739 738/738/738 736/736/736
f 739/739/739 740/740/740 738/738/738
f 740/740/740 741/741/741 738/738/738
f 740/740/740 742/742/742 741/741/741
f 741/741/741 742/742/742 743/743/743
f 744/744/744 743/743/743 742/742/742
f 745/745/745 743/743/743 744/744/744
f 745/745/745 744/744/744 746/746/746
f 747/747/747 746/746/746 744/744/744
f 748/748/748 746/746/746 747/747/747
f 749/749/749 746/746/746 748/748/748
f 748/748/748 750/750/750 749/749/749
f 750/750/750 751/751/751 749/749/749
f 750/750/750 752/752/752 751/751/751
f 752/752/752 753/753/753 751/751/751
f 752/752/752 754/754/754 753/753/753
f 754/754/754 755/755/755 753/753/753
f 754/754/754 756/756/756 755/755/755
f 756/756/756 757/757/757 755/755/755
f 756/756/756 758/758/758 757/757/757
f 758/758/758 759/759/759 757/757/757
f 758/758/758 760/760/760 759/759/759
f 760/760/760 761/761/761 759/759/759
f 760/760/760 762/762/762 761/761/761
f 762/762/762 763/763/763 761/761/761
f 763/763/763 762/762/762 764/764/764
f 764/764/764 762/762/762 765/765/765
f 764/764/764 765/765/765 766/766/766
f 767/767/767 766/766/766 765/765/765
f 766/766/766 767/767/767 768/768/768
f 769/769/769 768/768/768 767/767/767
f 769/769/769 770/770/770 768/768/768
f 768/768/768 770/770/770 771/771/771
f 771/771/771 770/770/770 772/772/772
f 773/773/773 772/772/772 770/770/770
f 773/773/773 774/774/774 772/772/772
f 772/772/772 774/774/774 775/775/775
f 775/775/775 774/774/774 776/776/776
f 777/777/777 776/776/776 774/774/774
f 777/777/777 778/778/778 776/776/776
f 778/778/778 779/779/779 776/776/776
f 778/778/778 780/780/780 779/779/779
f 780/780/780 781/781/781 779/779/779
f 780/780/780 782/782/782 781/781/781
f 782/782/782 783/783/783 781/781/781
f 782/782/782 784/784/784 783/783/783
f 784/784/784 785/785/785 783/783/783
f 784/784/784 786/786/786 785/785/785
f 786/786/786 787/787/787 785/785/785
f 786/786/786 788/788/788 787/787/787
f 788/788/788 789/789/789 787/787/787
f 788/788/788 790/790/790 789/789/789
f 790/790/790 791/791/791 789/789/789
f 790/790/790 792/792/792 791/791/791
f 792/792/792 793/793/793 791/791/791
f 792/792/792 794/794/794 793/793/793
f 794/794/794 795/795/795 793/793/793
f 794/794/794 796/796/796 795/795/795
f 796/796/796 797/797/797 795/795/795
f 796/796/796 798/798/798 797/797/797
f 798/798/798 799/799/799 797/797/797
f 798/798/798 800/800/800 799/799/799
f 800/800/800 801/801/801 799/799/799
f 800/800/800 802/802/802 801/801/801
f 802/802/802 803/803/803 801/801/801
f 802/802/802 804/804/804 803/803/803
f 804/804/804 805/805/805 803/803/803
f 805/805/805 804/804/804 806/806/806
f 804/804/804 807/807/807 806/806/806
f 807/807/807 808/808/808 806/806/806
f 808/808/808 809/809/809 806/806/806
f 808/808/808 810/810/810 809/809/809
f 810/810/810 811/811/811 809/809/809
f 810/810/810 812/812/812 811/811/811
f 812/812/812 813/813/813 811/811/811
f 812/812/812 814/814/814 813/813/813
f 814/814/814 815/815/815 813/813/813
f 814/814/814 816/816/816 815/815/815
f 816/816/816 817/817/817 815/815/815
f 817/817/817 816/816/816 818/818/818
f 819/819/819 818/818/818 816/816/816
f 820/820/820 818/818/818 819/819/819
f 818/818/818 820/820/820 821/821/821
f 821/821/821 820/820/820 822/822/822
f 823/823/823 822/822/822 820/820/820
f 823/823/823 824/824/824 822/822/822
f 824/824/824 825/825/825 822/822/822
f 824/824/824 826/826/826 825/825/825
f 825/825/825 826/826/826 827/827/827
f 827/827/827 826/826/826 828/828/828
f 829/829/829 828/828/828 826/826/826
f 830/830/830 828/828/828 829/829/829
f 831/831/831 828/828/828 830/830/830
f 830/830/830 832/832/832 831/831/831
f 832/832/832 833/833/833 831/831/831
f 832/832/832 834/834/834 833/833/833
f 834/834/834 835/835/835 833/833/833
f 835/835/835 834/834/834 836/836/836
f 837/837/837 836/836/836 834/834/834
f 838/838/838 836/836/836 837/837/837
f 839/839/839 836/836/836 838/838/838
f 838/838/838 840/840/840 839/839/839
f 839/839/839 840/840/840 841/841/841
f 842/842/842 841/841/841 840/840/840
f 841/841/841 842/842/842 843/843/843
f 842/842/842 844/844/844 843/843/843
f 845/845/845 843/843/843 844/844/844
f 846/846/846 845/845/845 844/844/844
f 847/847/847 846/846/846 844/844/844
f 847/847/847 848/848/848 846/846/846
f 848/848/848 849/849/849 846/846/846
f 849/849/849 848/848/848 850/850/850
f 848/848/848 851/851/851 850/850/850
f 850/850/850 851/851/851 852/852/852
f 852/852/852 851/851/851 853/853/853
f 854/854/854 852/852/852 853/853/853
f 853/853/853 855/855/855 854/854/854
f 854/854/854 855/855/855 856/856/856
f 855/855/855 857/857/857 856/856/856
f 856/856/856 857/857/857 858/858/858
f 858/858/858 857/857/857 859/859/859
f 858/858/858 859/859/859 860/860/860
f 861/861/861 860/860/860 859/859/859
f 860/860/860 861/861/861 862/862/862
f 861/861/861 863/863/863 862/862/862
f 862/862/862 863/863/863 864/864/864
f 865/865/865 864/864/864 863/863/863
f 866/866/866 864/864/864 865/865/865
f 864/864/864 866/866/866 867/867/867
f 867/867/867 866/866/866 868/868/868
f 867/867/867 868/868/868 869/869/869
f 870/870/870 869/869/869 868/868/868
f 869/869/869 870/870/870 871/871/871
f 871/871/871 870/870/870 872/872/872
f 873/873/873 871/871/871 872/872/872
f 872/872/872 874/874/874 873/873/873
f 873/873/873 874/874/874 875/875/875
f 874/874/874 876/876/876 875/875/875
f 875/875/875 876/876/876 877/877/877
f 878/878/878 877/877/877 876/876/876
f 877/877/877 878/878/878 879/879/879
f 878/878/878 880/880/880 879/879/879
f 879/879/879 880/880/880 881/881/881
f 881/881/881 880/880/880 882/882/882
f 881/881/881 882/882/882 883/883/883
f 884/884/884 883/883/883 882/882/882
f 885/885/885 883/883/883 884/884/884
f 885/885/885 884/884/884 886/886/886
f 884/884/884 887/887/887 886/886/886
f 887/887/887 888/888/888 886/886/886
f 888/888/888 889/889/889 886/886/886
f 888/888/888 890/890/890 889/889/889
f 890/890/890 891/891/891 889/889/889
f 890/890/890 892/892/892 891/891/891
f 892/892/892 893/893/893 891/891/891
f 892/892/892 894/894/894 893/893/893
f 894/894/894 895/895/895 893/893/893
f 894/894/894 896/896/896 895/895/895
f 896/896/896 897/897/897 895/895/895
f 896/896/896 898/898/898 897/897/897
f 898/898/898 899/899/899 897/897/897
f 898/898/898 900/900/900 899/899/899
f 900/900/900 901/901/901 899/899/899
f 900/900/900 902/902/902 901/901/901
f 902/902/902 903/903/903 901/901/901
f 902/902/902 904/904/904 903/903/903
f 904/904/904 905/905/905 903/903/903
f 905/905/905 904/904/904 906/906/906
f 907/907/907 906/906/906 904/904/904
f 908/908/908 906/906/906 907/907/907
f 906/906/906 908/908/908 909/909/909
f 909/909/909 908/908/908 910/910/910
f 911/911/911 909/909/909 910/910/910
f 911/911/911 910/910/910 912/912/912
f 910/910/910 913/913/913 912/912/912
f 912/912/912 913/913/913 914/914/914
f 913/913/913 915/915/915 914/914/914
f 915/915/915 916/916/916 914/914/914
f 916/916/916 917/917/917 914/914/914
f 916/916/916 918/918/918 917/917/917
f 918/918/918 919/919/919 917/917/917
f 919/919/919 918/918/918 920/920/920
f 918/918/918 921/921/921 920/920/920
f 920/920/920 921/921/921 922/922/922
f 923/923/923 922/922/922 921/921/921
f 922/922/922 923/923/923 924/924/924
f 925/925/925 924/924/924 923/923/923
f 924/924/924 925/925/925 926/926/926
f 927/927/927 926/926/926 925/925/925
f 928/928/928 926/926/926 927/927/927
f 926/926/926 928/928/928 929/929/929
f 929/929/929 928/928/928 930/930/930
f 931/931/931 930/930/930 928/928/928
f 931/931/931 932/932/932 930/930/930
f 932/932/932 933/933/933 930/930/930
f 933/933/933 932/932/932 934/934/934
f 932/932/932 935/935/935 934/934/934
f 935/935/935 936/936/936 934/934/934
f 936/936/936 937/937/937 934/934/934
f 937/937/937 936/936/936 938/938/938
f 936/936/936 939/939/939 938/938/938
f 938/938/938 939/939/939 940/940/940
f 940/940/940 939/939/939 941/941/941
f 940/940/940 941/941/941 942/942/942
f 943/943/943 942/942/942 941/941/941
f 942/942/942 943/943/943 944/944/944
f 945/945/945 944/944/944 943/943/943
f 944/944/944 945/945/945 946/946/946
f 945/945/945 947/947/947 946/946/946
f 948/948/948 946/946/946 947/947/947
f 947/947/947 949/949/949 948/948/948
f 948/948/948 949/949/949 950/950/950
f 951/951/951 950/950/950 949/949/949
f 950/950/950 951/951/951 952/952/952
f 953/953/953 952/952/952 951/951/951
f 954/954/954 952/952/952 953/953/953
f 955/955/955 952/952/952 954/954/954
f 954/954/954 956/956/956 955/955/955
f 956/956/956 957/957/957 955/955/955
f 957/957/957 956/956/956 958/958/958
f 958/958/958 956/956/956 959/959/959
f 958/958/958 959/959/959 960/960/960
f 961/961/961 960/960/960 959/959/959
f 960/960/960 961/961/961 962/962/962
f 963/963/963 962/962/962 961/961/961
f 964/964/964 962/962/962 963/963/963
f 965/965/965 962/962/962 964/964/964
f 964/964/964 966/966/966 965/965/965
f 965/965/965 966/966/966 967/967/967
f 967/967/967 966/966/966 968/968/968
f 969/969/969 968/968/968 966/966/966
f 969/969/969 970/970/970 968/968/968
f 970/970/970 971/971/971 968/968/968
f 971/971/971 970/970/970 972/972/972
f 970/970/970 973/973/973 972/972/972
f 972/972/972 973/973/973 974/974/974
f 973/973/973 975/975/975 974/974/974
f 975/975/975 976/976/976 974/974/974
f 976/976/976 977/977/977 974/974/974
f 977/977/977 976/976/976 978/978/978
f 979/979/979 978/978/978 976/976/976
f 980/980/980 978/978/978 979/979/979
f 978/978/978 980/980/980 981/981/981
f 981/981/981 980/980/980 982/982/982
f 982/982/982 980/980/980 983/983/983
f 984/984/984 983/983/983 980/980/980
f 985/985/985 983/983/983 984/984/984
f 983/983/983 985/985/985 986/986/986
f 985/985/985 987/987/987 986/986/986
f 988/988/988 986/986/986 987/987/987
f 989/989/989 986/986/986 988/988/988
f 989/989/989 988/988/988 990/990/990
f 990/990/990 988/988/988 991/991/991
f 991/991/991 988/988/988 992/992/992
f 993/993/993 992/992/992 988/988/988
f 994/994/994 992/992/992 993/993/993
f 995/995/995 992/992/992 994/994/994
f 992/992/992 995/995/995 996/996/996
f 997/997/997 996/996/996 995/995/995
f 996/996/996 997/997/997 998/998/998
f 999/999/999 998/998/998 997/997/997
f 1000/1000/1000 998/998/998 999/999/999
f 1001/1001/1001 1000/1000/1000 999/999/999
f 1001/1001/1001 1002/1002/1002 1000/1000/1000
f 1002/1002/1002 1003/1003/1003 1000/1000/1000
f 1003/1003/1003 1002/1002/1002 1004/1004/1004
f 1004/1004/1004 1002/1002/1002 1005/1005/1005
f 1005/1005/1005 1002/1002/1002 1006/1006/1006
f 1007/1007/1007 1006/1006/1006 1002/1002/1002
f 1008/1008/1008 1006/1006/1006 1007/1007/1007
f 1009/1009/1009 1006/1006/1006 1008/1008/1008
f 1006/1006/1006 1009/1009/1009 1010/1010/1010
f 1009/1009/1009 1011/1011/1011 1010/1010/1010
f 1010/1010/1010 1011/1011/1011 1012/1012/1012
f 1012/1012/1012 1011/1011/1011 1013/1013/1013
f 1013/1013/1013 1014/1014/1014 1012/1012/1012
f 1012/1012/1012 1014/1014/1014 1015/1015/1015
f 1015/1015/1015 1014/1014/1014 1016/1016/1016
f 1017/1017/1017 1016/1016/1016 1014/1014/1014
f 1016/1016/1016 1017/1017/1017 1018/1018/1018
f 1019/1019/1019 1018/1018/1018 1017/1017/1017
f 1020/1020/1020 1018/1018/1018 1019/1019/1019
f 1018/1018/1018 1020/1020/1020 1021/1021/1021
f 1021/1021/1021 1020/1020/1020 1022/1022/1022
f 1023/1023/1023 1021/1021/1021 1022/1022/1022
f 1022/1022/1022 1024/1024/1024 1023/1023/1023
f 1024/1024/1024 1025/1025/1025 1023/1023/1023
f 1025/1025/1025 1024/1024/1024 1026/1026/1026
f 1024/1024/1024 1027/1027/1027 1026/1026/1026
f 1026/1026/1026 1027/1027/1027 1028/1028/1028
f 1029/1029/1029 1028/1028/1028 1027/1027/1027
f 1030/1030/1030 1028/1028/1028 1029/1029/1029
f 1030/1030/1030 1031/1031/1031 1028/1028/1028
f 1028/1028/1028 1031/1031/1031 1032/1032/1032
f 1032/1032/1032 1031/1031/1031 1033/1033/1033
f 1033/1033/1033 1031/1031/1031 1034/1034/1034
f 1034/1034/1034 1031/1031/1031 1035/1035/1035
f 1031/1031/1031 1036/1036/1036 1035/1035/1035
f 1037/1037/1037 1035/1035/1035 1036/1036/1036
f 1038/1038/1038 1035/1035/1035 1037/1037/1037
f 1037/1037/1037 1039/1039/1039 1038/1038/1038
f 1039/1039/1039 1040/1040/1040 1038/1038/1038
f 1039/1039/1039 1041/1041/1041 1040/1040/1040
f 1041/1041/1041 1042/1042/1042 1040/1040/1040
f 1041/1041/1041 1043/1043/1043 1042/1042/1042
f 1043/1043/1043 1044/1044/1044 1042/1042/1042
f 1043/1043/1043 1045/1045/1045 1044/1044/1044
f 1045/1045/1045 1046/1046/1046 1044/1044/1044
f 1045/1045/1045 1047/1047/1047 1046/1046/1046
f 1047/1047/1047 1048/1048/1048 1046/1046/1046
f 1047/1047/1047 1049/1049/1049 1048/1048/1048
f 1049/1049/1049 1050/1050/1050 1048/1048/1048
f 1049/1049/1049 1051/1051/1051 1050/1050/1050
f 1051/1051/1051 1052/1052/1052 1050/1050/1050
f 1051/1051/1051 1053/1053/1053 1052/1052/1052
f 1053/1053/1053 1054/1054/1054 1052/1052/1052
f 1053/1053/1053 1055/1055/1055 1054/1054/1054
f 1055/1055/1055 1056/1056/1056 1054/1054/1054
f 1056/1056/1056 1055/1055/1055 1057/1057/1057
f 1055/1055/1055 1058/1058/1058 1057/1057/1057
f 1059/1059/1059 1057/1057/1057 1058/1058/1058
f 1057/1057/1057 1059/1059/1059 1060/1060/1060
f 1060/1060/1060 1059/1059/1059 1061/1061/1061
f 1060/1060/1060 1061/1061/1061 1062/1062/1062
f 1062/1062/1062 1061/1061/1061 1063/1063/1063
f 1064/1064/1064 1063/1063/1063 1061/1061/1061
f 1065/1065/1065 1063/1063/1063 1064/1064/1064
f 1066/1066/1066 1063/1063/1063 1065/1065/1065
f 1065/1065/1065 1067/1067/1067 1066/1066/1066
f 1067/1067/1067 1068/1068/1068 1066/1066/1066
f 1067/1067/1067 1069/1069/1069 1068/1068/1068
f 1069/1069/1069 1070/1070/1070 1068/1068/1068
f 1069/1069/1069 1071/1071/1071 1070/1070/1070
f 1071/1071/1071 1072/1072/1072 1070/1070/1070
f 1071/1071/1071 1073/1073/1073 1072/1072/1072
f 1073/1073/1073 1074/1074/1074 1072/1072/1072
f 1073/1073/1073 1075/1075/1075 1074/1074/1074
f 1075/1075/1075 1076/1076/1076 1074/1074/1074
f 1075/1075/1075 1077/1077/1077 1076/1076/1076
f 1077/1077/1077 1078/1078/1078 1076/1076/1076
f 1077/1077/1077 1079/1079/1079 1078/1078/1078
f 1079/1079/1079 1080/1080/1080 1078/1078/1078
f 1080/1080/1080 1079/1079/1079 1081/1081/1081
f 1079/1079/1079 1082/1082/1082 1081/1081/1081
f 1082/1082/1082 1083/1083/1083 1081/1081/1081
f 1083/1083/1083 1084/1084/1084 1081/1081/1081
f 1083/1083/1083 1085/1085/1085 1084/1084/1084
f 1085/1085/1085 1086/1086/1086 1084/1084/1084
f 1085/1085/1085 1087/1087/1087 1086/1086/1086
f 1087/1087/1087 1088/1088/1088 1086/1086/1086
f 1088/1088/1088 1087/1087/1087 1089/1089/1089
f 1087/1087/1087 1090/1090/1090 1089/1089/1089
f 1089/1089/1089 1090/1090/1090 1091/1091/1091
f 1091/1091/1091 1090/1090/1090 1092/1092/1092
f 1091/1091/1091 1092/1092/1092 1093/1093/1093
f 1094/1094/1094 1093/1093/1093 1092/1092/1092
f 1093/1093/1093 1094/1094/1094 1095/1095/1095
f 1096/1096/1096 1095/1095/1095 1094/1094/1094
f 1096/1096/1096 1097/1097/1097 1095/1095/1095
f 1098/1098/1098 1097/1097/1097 1096/1096/1096
f 1099/1099/1099 1097/1097/1097 1098/1098/1098
f 1097/1097/1097 1099/1099/1099 1100/1100/1100
f 1100/1100/1100 1099/1099/1099 1101/1101/1101
f 1100/1100/1100 1101/1101/1101 1102/1102/1102
f 1102/1102/1102 1101/1101/1101 1103/1103/1103
f 1104/1104/1104 1103/1103/1103 1101/1101/1101
f 1103/1103/1103 1104/1104/1104 1105/1105/1105
f 1104/1104/1104 1106/1106/1106 1105/1105/1105
f 1106/1106/1106 1107/1107/1107 1105/1105/1105
f 1107/1107/1107 1108/1108/1108 1105/1105/1105
f 1107/1107/1107 1109/1109/1109 1108/1108/1108
f 1109/1109/1109 1110/1110/1110 1108/1108/1108
f 1110/1110/1110 1109/1109/1109 1111/1111/1111
f 1111/1111/1111 1109/1109/1109 1112/1112/1112
f 1109/1109/1109 1113/1113/1113 1112/1112/1112
f 1113/1113/1113 1109/1109/1109 1114/1114/1114
f 1115/1115/1115 1113/1113/1113 1114/1114/1114
f 1109/1109/1109 1116/1116/1116 1114/1114/1114
f 1114/1114/1114 1116/1116/1116 1117/1117/1117
f 1118/1118/1118 1117/1117/1117 1116/1116/1116
f 1119/1119/1119 1117/1117/1117 1118/1118/1118
f 1119/1119/1119 1120/1120/1120 1117/1117/1117
f 1121/1121/1121 1117/1117/1117 1120/1120/1120
f 1122/1122/1122 1117/1117/1117 1121/1121/1121
f 1123/1123/1123 1117/1117/1117 1122/1122/1122
f 1124/1124/1124 1117/1117/1117 1123/1123/1123
f 1125/1125/1125 1117/1117/1117 1124/1124/1124
f 1126/1126/1126 1117/1117/1117 1125/1125/1125
f 1117/1117/1117 1126/1126/1126 1127/1127/1127
f 1127/1127/1127 1126/1126/1126 1128/1128/1128
f 1128/1128/1128 1126/1126/1126 1129/1129/1129
f 1126/1126/1126 1130/1130/1130 1129/1129/1129
f 1130/1130/1130 1131/1131/1131 1129/1129/1129
f 1130/1130/1130 1132/1132/1132 1131/1131/1131
f 1132/1132/1132 1133/1133/1133 1131/1131/1131
f 1132/1132/1132 1134/1134/1134 1133/1133/1133
f 1134/1134/1134 1135/1135/1135 1133/1133/1133
f 1134/1134/1134 1136/1136/1136 1135/1135/1135
f 1135/1135/1135 1136/1136/1136 1137/1137/1137
f 1137/1137/1137 1136/1136/1136 1138/1138/1138
f 1139/1139/1139 1138/1138/1138 1136/1136/1136
f 1139/1139/1139 1140/1140/1140 1138/1138/1138
f 1138/1138/1138 1140/1140/1140 1141/1141/1141
f 1141/1141/1141 1140/1140/1140 1142/1142/1142
f 1143/1143/1143 1142/1142/1142 1140/1140/1140
f 1143/1143/1143 1144/1144/1144 1142/1142/1142
f 1144/1144/1144 1145/1145/1145 1142/1142/1142
f 1144/1144/1144 1146/1146/1146 1145/1145/1145
f 1146/1146/1146 1147/1147/1147 1145/1145/1145
f 1146/1146/1146 1148/1148/1148 1147/1147/1147
f 1148/1148/1148 1149/1149/1149 1147/1147/1147
f 1149/1149/1149 1148/1148/1148 1150/1150/1150
f 1148/1148/1148 1151/1151/1151 1150/1150/1150
f 1152/1152/1152 1150/1150/1150 1151/1151/1151
f 1153/1153/1153 1150/1150/1150 1152/1152/1152
f 1150/1150/1150 1153/1153/1153 1154/1154/1154
f 1154/1154/1154 1153/1153/1153 1155/1155/1155
f 1153/1153/1153 1156/1156/1156 1155/1155/1155
f 1155/1155/1155 1156/1156/1156 1157/1157/1157
f 1157/1157/1157 1156/1156/1156 1158/1158/1158
f 1159/1159/1159 1158/1158/1158 1156/1156/1156
f 1159/1159/1159 1160/1160/1160 1158/1158/1158
f 1160/1160/1160 1161/1161/1161 1158/1158/1158
f 1160/1160/1160 1162/1162/1162 1161/1161/1161
f 1162/1162/1162 1163/1163/1163 1161/1161/1161
f 1162/1162/1162 1164/1164/1164 1163/1163/1163
f 1163/1163/1163 1164/1164/1164 1165/1165/1165
f 1166/1166/1166 1165/1165/1165 1164/1164/1164
f 1165/1165/1165 1166/1166/1166 1167/1167/1167
f 1166/1166/1166 1168/1168/1168 1167/1167/1167
f 1167/1167/1167 1168/1168/1168 1169/1169/1169
f 1169/1169/1169 1168/1168/1168 1170/1170/1170
f 1171/1171/1171 1170/1170/1170 1168/1168/1168
f 1171/1171/1171 1172/1172/1172 1170/1170/1170
f 1172/1172/1172 1173/1173/1173 1170/1170/1170
f 1172/1172/1172 1174/1174/1174 1173/1173/1173
f 1174/1174/1174 1175/1175/1175 1173/1173/1173
f 1174/1174/1174 1176/1176/1176 1175/1175/1175
f 1176/1176/1176 1177/1177/1177 1175/1175/1175
f 1177/1177/1177 1176/1176/1176 1178/1178/1178
f 1176/1176/1176 1179/1179/1179 1178/1178/1178
f 1179/1179/1179 1180/1180/1180 1178/1178/1178
f 1180/1180/1180 1181/1181/1181 1178/1178/1178
f 1180/1180/1180 1182/1182/1182 1181/1181/1181
f 1182/1182/1182 1183/1183/1183 1181/1181/1181
f 1182/1182/1182 1184/1184/1184 1183/1183/1183
f 1184/1184/1184 1185/1185/1185 1183/1183/1183
f 1184/1184/1184 1186/1186/1186 1185/1185/1185
f 1186/1186/1186 1187/1187/1187 1185/1185/1185
f 1186/1186/1186 1188/1188/1188 1187/1187/1187
f 1188/1188/1188 1189/1189/1189 1187/1187/1187
f 1188/1188/1188 1190/1190/1190 1189/1189/1189
f 1190/1190/1190 1191/1191/1191 1189/1189/1189
f 1190/1190/1190 1192/1192/1192 1191/1191/1191
f 1192/1192/1192 1193/1193/1193 1191/1191/1191
f 1193/1193/1193 1192/1192/1192 1194/1194/1194
f 1195/1195/1195 1194/1194/1194 1192/1192/1192
f 1194/1194/1194 1195/1195/1195 1196/1196/1196
f 1197/1197/1197 1196/1196/1196 1195/1195/1195
f 1197/1197/1197 1198/1198/1198 1196/1196/1196
f 1198/1198/1198 1197/1197/1197 1199/1199/1199
f 1200/1200/1200 1198/1198/1198 1199/1199/1199
f 1198/1198/1198 1200/1200/1200 1201/1201/1201
f 1202/1202/1202 1201/1201/1201 1200/1200/1200
f 1201/1201/1201 1202/1202/1202 1203/1203/1203
f 1203/1203/1203 1202/1202/1202 1204/1204/1204
f 1205/1205/1205 1204/1204/1204 1202/1202/1202
f 1206/1206/1206 1204/1204/1204 1205/1205/1205
f 1207/1207/1207 1204/1204/1204 1206/1206/1206
f 1207/1207/1207 1206/1206/1206 1208/1208/1208
f 1209/1209/1209 1208/1208/1208 1206/1206/1206
f 1210/1210/1210 1208/1208/1208 1209/1209/1209
f 1208/1208/1208 1210/1210/1210 1211/1211/1211
f 1211/1211/1211 1210/1210/1210 1212/1212/1212
f 1213/1213/1213 1211/1211/1211 1212/1212/1212
f 1212/1212/1212 1214/1214/1214 1213/1213/1213
f 1214/1214/1214 1215/1215/1215 1213/1213/1213
f 1215/1215/1215 1214/1214/1214 1216/1216/1216
f 1217/1217/1217 1216/1216/1216 1214/1214/1214
f 1216/1216/1216 1217/1217/1217 1218/1218/1218
f 1219/1219/1219 1218/1218/1218 1217/1217/1217
f 1219/1219/1219 1220/1220/1220 1218/1218/1218
f 1221/1221/1221 1220/1220/1220 1219/1219/1219
f 1222/1222/1222 1220/1220/1220 1221/1221/1221
f 1223/1223/1223 1222/1222/1222 1221/1221/1221
f 1223/1223/1223 1224/1224/1224 1222/1222/1222
f 1222/1222/1222 1224/1224/1224 1225/1225/1225
f 1225/1225/1225 1224/1224/1224 1226/1226/1226
f 1225/1225/1225 1226/1226/1226 1227/1227/1227
f 1228/1228/1228 1227/1227/1227 1226/1226/1226
f 1229/1229/1229 1228/1228/1228 1226/1226/1226
f 1229/1229/1229 1230/1230/1230 1228/1228/1228
f 1228/1228/1228 1230/1230/1230 1231/1231/1231
f 1231/1231/1231 1230/1230/1230 1232/1232/1232
f 1231/1231/1231 1232/1232/1232 1233/1233/1233
f 1234/1234/1234 1233/1233/1233 1232/1232/1232
f 1235/1235/1235 1234/1234/1234 1232/1232/1232
f 1234/1234/1234 1235/1235/1235 1236/1236/1236
f 1237/1237/1237 1236/1236/1236 1235/1235/1235
f 1238/1238/1238 1236/1236/1236 1237/1237/1237
f 1236/1236/1236 1238/1238/1238 1239/1239/1239
f 1239/1239/1239 1238/1238/1238 1240/1240/1240
f 1241/1241/1241 1240/1240/1240 1238/1238/1238
f 1242/1242/1242 1240/1240/1240 1241/1241/1241
f 1243/1243/1243 1242/1242/1242 1241/1241/1241
f 1243/1243/1243 1244/1244/1244 1242/1242/1242
f 1244/1244/1244 1245/1245/1245 1242/1242/1242
f 1244/1244/1244 1246/1246/1246 1245/1245/1245
f 1246/1246/1246 1247/1247/1247 1245/1245/1245
f 1246/1246/1246 1248/1248/1248 1247/1247/1247
f 1247/1247/1247 1248/1248/1248 1249/1249/1249
f 1249/1249/1249 1248/1248/1248 1250/1250/1250
f 1249/1249/1249 1250/1250/1250 1251/1251/1251
f 1252/1252/1252 1251/1251/1251 1250/1250/1250
f 1252/1252/1252 1253/1253/1253 1251/1251/1251
f 1254/1254/1254 1253/1253/1253 1252/1252/1252
f 1253/1253/1253 1254/1254/1254 1255/1255/1255
f 1255/1255/1255 1254/1254/1254 1256/1256/1256
f 1257/1257/1257 1256/1256/1256 1254/1254/1254
f 1256/1256/1256 1257/1257/1257 1258/1258/1258
f 1259/1259/1259 1258/1258/1258 1257/1257/1257
f 1259/1259/1259 1260/1260/1260 1258/1258/1258
f 1260/1260/1260 1261/1261/1261 1258/1258/1258
f 1260/1260/1260 1262/1262/1262 1261/1261/1261
f 1261/1261/1261 1262/1262/1262 1263/1263/1263
f 1263/1263/1263 1262/1262/1262 1264/1264/1264
f 1263/1263/1263 1264/1264/1264 1265/1265/1265
f 1266/1266/1266 1265/1265/1265 1264/1264/1264
f 1267/1267/1267 1266/1266/1266 1264/1264/1264
f 1267/1267/1267 1268/1268/1268 1266/1266/1266
f 1268/1268/1268 1269/1269/1269 1266/1266/1266
f 1269/1269/1269 1268/1268/1268 1270/1270/1270
f 1268/1268/1268 1271/1271/1271 1270/1270/1270
f 1271/1271/1271 1272/1272/1272 1270/1270/1270
f 1272/1272/1272 1273/1273/1273 1270/1270/1270
f 1273/1273/1273 1272/1272/1272 1274/1274/1274
f 1272/1272/1272 1275/1275/1275 1274/1274/1274
f 1275/1275/1275 1276/1276/1276 1274/1274/1274
f 1276/1276/1276 1277/1277/1277 1274/1274/1274
f 1276/1276/1276 1278/1278/1278 1277/1277/1277
f 1278/1278/1278 1279/1279/1279 1277/1277/1277
f 1278/1278/1278 1280/1280/1280 1279/1279/1279
f 1280/1280/1280 1281/1281/1281 1279/1279/1279
f 1281/1281/1281 1280/1280/1280 1282/1282/1282
f 1280/1280/1280 1283/1283/1283 1282/1282/1282
f 1283/1283/1283 1284/1284/1284 1282/1282/1282
f 1284/1284/1284 1285/1285/1285 1282/1282/1282
f 1284/1284/1284 1286/1286/1286 1285/1285/1285
f 1285/1285/1285 1286/1286/1286 1287/1287/1287
f 1287/1287/1287 1286/1286/1286 1288/1288/1288
f 1289/1289/1289 1288/1288/1288 1286/1286/1286
f 1289/1289/1289 1290/1290/1290 1288/1288/1288
f 1288/1288/1288 1290/1290/1290 1291/1291/1291
f 1291/1291/1291 1290/1290/1290 1292/1292/1292
f 1293/1293/1293 1292/1292/1292 1290/1290/1290
f 1293/1293/1293 1294/1294/1294 1292/1292/1292
f 1292/1292/1292 1294/1294/1294 1295/1295/1295
f 1295/1295/1295 1294/1294/1294 1296/1296/1296
f 1297/1297/1297 1296/1296/1296 1294/1294/1294
f 1297/1297/1297 1298/1298/1298 1296/1296/1296
f 1298/1298/1298 1299/1299/1299 1296/1296/1296
f 1302/1302/1302 1301/1301/1301 1300/1300/1300
f 1303/1303/1303 1302/1302/1302 1300/1300/1300
f 1304/1304/1304 1302/1302/1302 1303/1303/1303
f 1305/1305/1305 1302/1302/1302 1304/1304/1304
f 1306/1306/1306 1302/1302/1302 1305/1305/1305
f 1307/1307/1307 1302/1302/1302 1306/1306/1306
f 1308/1308/1308 1307/1307/1307 1306/1306/1306
f 1309/1309/1309 1307/1307/1307 1308/1308/1308
f 1307/1307/1307 1310/1310/1310 1302/1302/1302
f 1302/1302/1302 1310/1310/1310 1311/1311/1311
f 1309/1309/1309 1312/1312/1312 1307/1307/1307
f 1313/1313/1313 1312/1312/1312 1309/1309/1309
f 1314/1314/1314 1312/1312/1312 1313/1313/1313
f 1307/1307/1307 1315/1315/1315 1310/1310/1310
f 1312/1312/1312 1315/1315/1315 1307/1307/1307
f 1314/1314/1314 1316/1316/1316 1312/1312/1312
f 1317/1317/1317 1316/1316/1316 1314/1314/1314
f 1318/1318/1318 1316/1316/1316 1317/1317/1317
f 1319/1319/1319 1315/1315/1315 1312/1312/1312
f 1316/1316/1316 1319/1319/1319 1312/1312/1312
f 1318/1318/1318 1320/1320/1320 1316/1316/1316
f 1321/1321/1321 1320/1320/1320 1318/1318/1318
f 1322/1322/1322 1320/1320/1320 1321/1321/1321
f 1322/1322/1322 1323/1323/1323 1320/1320/1320
f 1324/1324/1324 1323/1323/1323 1322/1322/1322
f 1325/1325/1325 1323/1323/1323 1324/1324/1324
f 1326/1326/1326 1323/1323/1323 1325/1325/1325
f 1320/1320/1320 1327/1327/1327 1316/1316/1316
f 1327/1327/1327 1319/1319/1319 1316/1316/1316
f 1327/1327/1327 1320/1320/1320 1323/1323/1323
f 1328/1328/1328 1323/1323/1323 1326/1326/1326
f 1329/1329/1329 1328/1328/1328 1326/1326/1326
f 1328/1328/1328 1330/1330/1330 1323/1323/1323
f 1330/1330/1330 1331/1331/1331 1323/1323/1323
f 1331/1331/1331 1327/1327/1327 1323/1323/1323
f 1330/1330/1330 1332/1332/1332 1331/1331/1331
f 1331/1331/1331 1333/1333/1333 1327/1327/1327
f 1332/1332/1332 1333/1333/1333 1331/1331/1331
f 1327/1327/1327 1334/1334/1334 1319/1319/1319
f 1327/1327/1327 1333/1333/1333 1334/1334/1334
f 1332/1332/1332 1335/1335/1335 1333/1333/1333
f 1336/1336/1336 1335/1335/1335 1332/1332/1332
f 1334/1334/1334 1337/1337/1337 1319/1319/1319
f 1334/1334/1334 1338/1338/1338 1337/1337/1337
f 1334/1334/1334 1339/1339/1339 1338/1338/1338
f 1333/1333/1333 1339/1339/1339 1334/1334/1334
f 1339/1339/1339 1333/1333/1333 1335/1335/1335
f 1319/1319/1319 1337/1337/1337 1315/1315/1315
f 1315/1315/1315 1337/1337/1337 1340/1340/1340
f 1337/1337/1337 1338/1338/1338 1340/1340/1340
f 1338/1338/1338 1341/1341/1341 1340/1340/1340
f 1340/1340/1340 1342/1342/1342 1315/1315/1315
f 1342/1342/1342 1340/1340/1340 1341/1341/1341
f 1342/1342/1342 1310/1310/1310 1315/1315/1315
f 1310/1310/1310 1342/1342/1342 1343/1343/1343
f 1310/1310/1310 1343/1343/1343 1311/1311/1311
f 1342/1342/1342 1341/1341/1341 1344/1344/1344
f 1342/1342/1342 1344/1344/1344 1343/1343/1343
f 1341/1341/1341 1345/1345/1345 1344/1344/1344
f 1346/1346/1346 1344/1344/1344 1345/1345/1345
f 1344/1344/1344 1346/1346/1346 1343/1343/1343
f 1335/1335/1335 1347/1347/1347 1339/1339/1339
f 1348/1348/1348 1339/1339/1339 1347/1347/1347
f 1339/1339/1339 1348/1348/1348 1338/1338/1338
f 1335/1335/1335 1349/1349/1349 1347/1347/1347
f 1338/1338/1338 1348/1348/1348 1350/1350/1350
f 1350/1350/1350 1351/1351/1351 1338/1338/1338
f 1352/1352/1352 1338/1338/1338 1351/1351/1351
f 1338/1338/1338 1352/1352/1352 1341/1341/1341
f 1353/1353/1353 1341/1341/1341 1352/1352/1352
f 1354/1354/1354 1341/1341/1341 1353/1353/1353
f 1345/1345/1345 1341/1341/1341 1354/1354/1354
f 1336/1336/1336 1349/1349/1349 1335/1335/1335
f 1355/1355/1355 1345/1345/1345 1354/1354/1354
f 1356/1356/1356 1345/1345/1345 1355/1355/1355
f 1349/1349/1349 1336/1336/1336 1357/1357/1357
f 1336/1336/1336 1358/1358/1358 1357/1357/1357
f 1359/1359/1359 1357/1357/1357 1358/1358/1358
f 1360/1360/1360 1345/1345/1345 1356/1356/1356
f 1361/1361/1361 1359/1359/1359 1358/1358/1358
f 1362/1362/1362 1345/1345/1345 1360/1360/1360
f 1363/1363/1363 1362/1362/1362 1360/1360/1360
f 1364/1364/1364 1362/1362/1362 1363/1363/1363
f 1365/1365/1365 1362/1362/1362 1364/1364/1364
f 1362/1362/1362 1365/1365/1365 1366/1366/1366
f 1366/1366/1366 1365/1365/1365 1367/1367/1367
f 1367/1367/1367 1368/1368/1368 1366/1366/1366
f 1369/1369/1369 1358/1358/1358 1336/1336/1336
f 1369/1369/1369 1336/1336/1336 1370/1370/1370
f 1369/1369/1369 1370/1370/1370 1371/1371/1371
f 1372/1372/1372 1369/1369/1369 1371/1371/1371
f 1372/1372/1372 1371/1371/1371 1373/1373/1373
f 1362/1362/1362 1374/1374/1374 1345/1345/1345
f 1346/1346/1346 1345/1345/1345 1374/1374/1374
f 1366/1366/1366 1368/1368/1368 1375/1375/1375
f 1368/1368/1368 1376/1376/1376 1375/1375/1375
f 1377/1377/1377 1358/1358/1358 1369/1369/1369
f 1377/1377/1377 1369/1369/1369 1372/1372/1372
f 1378/1378/1378 1372/1372/1372 1373/1373/1373
f 1378/1378/1378 1373/1373/1373 1379/1379/1379
f 1380/1380/1380 1378/1378/1378 1379/1379/1379
f 1381/1381/1381 1372/1372/1372 1378/1378/1378
f 1381/1381/1381 1377/1377/1377 1372/1372/1372
f 1382/1382/1382 1378/1378/1378 1380/1380/1380
f 1382/1382/1382 1381/1381/1381 1378/1378/1378
f 1383/1383/1383 1382/1382/1382 1380/1380/1380
f 1382/1382/1382 1383/1383/1383 1384/1384/1384
f 1385/1385/1385 1382/1382/1382 1384/1384/1384
f 1381/1381/1381 1382/1382/1382 1385/1385/1385
f 1385/1385/1385 1384/1384/1384 1386/1386/1386
f 1387/1387/1387 1385/1385/1385 1386/1386/1386
f 1388/1388/1388 1381/1381/1381 1385/1385/1385
f 1388/1388/1388 1385/1385/1385 1387/1387/1387
f 1377/1377/1377 1381/1381/1381 1388/1388/1388
f 1389/1389/1389 1388/1388/1388 1387/1387/1387
f 1390/1390/1390 1377/1377/1377 1388/1388/1388
f 1390/1390/1390 1388/1388/1388 1389/1389/1389
f 1377/1377/1377 1390/1390/1390 1358/1358/1358
f 1391/1391/1391 1390/1390/1390 1389/1389/1389
f 1392/1392/1392 1358/1358/1358 1390/1390/1390
f 1391/1391/1391 1392/1392/1392 1390/1390/1390
f 1392/1392/1392 1361/1361/1361 1358/1358/1358
f 1393/1393/1393 1361/1361/1361 1392/1392/1392
f 1394/1394/1394 1392/1392/1392 1391/1391/1391
f 1394/1394/1394 1393/1393/1393 1392/1392/1392
f 1395/1395/1395 1393/1393/1393 1394/1394/1394
f 1396/1396/1396 1395/1395/1395 1394/1394/1394
f 1396/1396/1396 1397/1397/1397 1395/1395/1395
f 1397/1397/1397 1396/1396/1396 1398/1398/1398
f 1396/1396/1396 1394/1394/1394 1399/1399/1399
f 1400/1400/1400 1398/1398/1398 1396/1396/1396
f 1401/1401/1401 1398/1398/1398 1400/1400/1400
f 1402/1402/1402 1401/1401/1401 1400/1400/1400
f 1403/1403/1403 1402/1402/1402 1400/1400/1400
f 1404/1404/1404 1403/1403/1403 1400/1400/1400
f 1405/1405/1405 1403/1403/1403 1404/1404/1404
f 1404/1404/1404 1406/1406/1406 1405/1405/1405
f 1407/1407/1407 1406/1406/1406 1404/1404/1404
f 1406/1406/1406 1407/1407/1407 1408/1408/1408
f 1408/1408/1408 1407/1407/1407 1409/1409/1409
f 1409/1409/1409 1407/1407/1407 1410/1410/1410
f 1410/1410/1410 1407/1407/1407 1411/1411/1411
f 1411/1411/1411 1407/1407/1407 1412/1412/1412
f 1413/1413/1413 1412/1412/1412 1407/1407/1407
f 1414/1414/1414 1412/1412/1412 1413/1413/1413
f 1415/1415/1415 1414/1414/1414 1413/1413/1413
f 1416/1416/1416 1415/1415/1415 1413/1413/1413
f 1415/1415/1415 1416/1416/1416 1417/1417/1417
f 1417/1417/1417 1416/1416/1416 1418/1418/1418
f 1418/1418/1418 1416/1416/1416 1419/1419/1419
f 1419/1419/1419 1416/1416/1416 1420/1420/1420
f 1421/1421/1421 1420/1420/1420 1416/1416/1416
f 1422/1422/1422 1420/1420/1420 1421/1421/1421
f 1423/1423/1423 1422/1422/1422 1421/1421/1421
f 1424/1424/1424 1423/1423/1423 1421/1421/1421
f 1424/1424/1424 1421/1421/1421 1425/1425/1425
f 1426/1426/1426 1425/1425/1425 1421/1421/1421
f 1426/1426/1426 1427/1427/1427 1425/1425/1425
f 1428/1428/1428 1427/1427/1427 1426/1426/1426
f 1429/1429/1429 1427/1427/1427 1428/1428/1428
f 1430/1430/1430 1429/1429/1429 1428/1428/1428
f 1428/1428/1428 1431/1431/1431 1430/1430/1430
f 1428/1428/1428 1432/1432/1432 1431/1431/1431
f 1433/1433/1433 1432/1432/1432 1428/1428/1428
f 1432/1432/1432 1433/1433/1433 1434/1434/1434
f 1434/1434/1434 1433/1433/1433 1435/1435/1435
f 1435/1435/1435 1433/1433/1433 1436/1436/1436
f 1437/1437/1437 1436/1436/1436 1433/1433/1433
f 1438/1438/1438 1436/1436/1436 1437/1437/1437
f 1437/1437/1437 1439/1439/1439 1438/1438/1438
f 1440/1440/1440 1439/1439/1439 1437/1437/1437
f 1440/1440/1440 1441/1441/1441 1439/1439/1439
f 1441/1441/1441 1440/1440/1440 1442/1442/1442
f 1443/1443/1443 1442/1442/1442 1440/1440/1440
f 1444/1444/1444 1442/1442/1442 1443/1443/1443
f 1443/1443/1443 1445/1445/1445 1444/1444/1444
f 1446/1446/1446 1445/1445/1445 1443/1443/1443
f 1445/1445/1445 1446/1446/1446 1447/1447/1447
f 1447/1447/1447 1446/1446/1446 1448/1448/1448
f 1449/1449/1449 1448/1448/1448 1446/1446/1446
f 1450/1450/1450 1449/1449/1449 1446/1446/1446
f 1451/1451/1451 1449/1449/1449 1450/1450/1450
f 1450/1450/1450 1452/1452/1452 1451/1451/1451
f 1453/1453/1453 1452/1452/1452 1450/1450/1450
f 1454/1454/1454 1452/1452/1452 1453/1453/1453
f 1454/1454/1454 1453/1453/1453 1455/1455/1455
f 1455/1455/1455 1453/1453/1453 1456/1456/1456
f 1456/1456/1456 1453/1453/1453 1457/1457/1457
f 1457/1457/1457 1453/1453/1453 1458/1458/1458
f 1458/1458/1458 1453/1453/1453 1459/1459/1459
f 1460/1460/1460 1459/1459/1459 1453/1453/1453
f 1459/1459/1459 1460/1460/1460 1461/1461/1461
f 1462/1462/1462 1461/1461/1461 1460/1460/1460
f 1463/1463/1463 1462/1462/1462 1460/1460/1460
f 1464/1464/1464 1463/1463/1463 1460/1460/1460
f 1463/1463/1463 1464/1464/1464 1465/1465/1465
f 1465/1465/1465 1464/1464/1464 1466/1466/1466
f 1466/1466/1466 1464/1464/1464 1467/1467/1467
f 1464/1464/1464 1468/1468/1468 1467/1467/1467
f 1467/1467/1467 1468/1468/1468 1469/1469/1469
f 1469/1469/1469 1468/1468/1468 1470/1470/1470
f 1470/1470/1470 1468/1468/1468 1471/1471/1471
f 1468/1468/1468 1472/1472/1472 1471/1471/1471
f 1471/1471/1471 1472/1472/1472 1473/1473/1473
f 1473/1473/1473 1472/1472/1472 1474/1474/1474
f 1475/1475/1475 1474/1474/1474 1472/1472/1472
f 1475/1475/1475 1472/1472/1472 1476/1476/1476
f 1472/1472/1472 1477/1477/1477 1476/1476/1476
f 1477/1477/1477 1472/1472/1472 1478/1478/1478
f 1472/1472/1472 1479/1479/1479 1478/1478/1478
f 1480/1480/1480 1479/1479/1479 1472/1472/1472
f 1479/1479/1479 1480/1480/1480 1481/1481/1481
f 1482/1482/1482 1480/1480/1480 1472/1472/1472
f 1483/1483/1483 1480/1480/1480 1482/1482/1482
f 1484/1484/1484 1472/1472/1472 1468/1468/1468
f 1485/1485/1485 1472/1472/1472 1484/1484/1484
f 1485/1485/1485 1484/1484/1484 1486/1486/1486
f 1484/1484/1484 1468/1468/1468 1486/1486/1486
f 1468/1468/1468 1487/1487/1487 1486/1486/1486
f 1488/1488/1488 1486/1486/1486 1487/1487/1487
f 1488/1488/1488 1487/1487/1487 1489/1489/1489
f 1487/1487/1487 1468/1468/1468 1490/1490/1490
f 1487/1487/1487 1490/1490/1490 1489/1489/1489
f 1464/1464/1464 1490/1490/1490 1468/1468/1468
f 1491/1491/1491 1490/1490/1490 1464/1464/1464
f 1464/1464/1464 1460/1460/1460 1491/1491/1491
f 1490/1490/1490 1492/1492/1492 1489/1489/1489
f 1490/1490/1490 1491/1491/1491 1492/1492/1492
f 1483/1483/1483 1493/1493/1493 1480/1480/1480
f 1494/1494/1494 1493/1493/1493 1483/1483/1483
f 1493/1493/1493 1494/1494/1494 1495/1495/1495
f 1492/1492/1492 1496/1496/1496 1489/1489/1489
f 1497/1497/1497 1489/1489/1489 1496/1496/1496
f 1497/1497/1497 1496/1496/1496 1498/1498/1498
f 1496/1496/1496 1499/1499/1499 1498/1498/1498
f 1496/1496/1496 1500/1500/1500 1499/1499/1499
f 1500/1500/1500 1496/1496/1496 1492/1492/1492
f 1500/1500/1500 1501/1501/1501 1499/1499/1499
f 1492/1492/1492 1502/1502/1502 1500/1500/1500
f 1491/1491/1491 1502/1502/1502 1492/1492/1492
f 1500/1500/1500 1503/1503/1503 1501/1501/1501
f 1502/1502/1502 1503/1503/1503 1500/1500/1500
f 1503/1503/1503 1502/1502/1502 1504/1504/1504
f 1503/1503/1503 1505/1505/1505 1501/1501/1501
f 1503/1503/1503 1504/1504/1504 1505/1505/1505
f 1504/1504/1504 1506/1506/1506 1505/1505/1505
f 1506/1506/1506 1504/1504/1504 1507/1507/1507
f 1507/1507/1507 1504/1504/1504 1508/1508/1508
f 1508/1508/1508 1504/1504/1504 1509/1509/1509
f 1508/1508/1508 1509/1509/1509 1510/1510/1510
f 1511/1511/1511 1510/1510/1510 1509/1509/1509
f 1511/1511/1511 1509/1509/1509 1512/1512/1512
f 1512/1512/1512 1509/1509/1509 1513/1513/1513
f 1513/1513/1513 1509/1509/1509 1514/1514/1514
f 1515/1515/1515 1514/1514/1514 1509/1509/1509
f 1514/1514/1514 1515/1515/1515 1516/1516/1516
f 1516/1516/1516 1515/1515/1515 1517/1517/1517
f 1518/1518/1518 1517/1517/1517 1515/1515/1515
f 1518/1518/1518 1515/1515/1515 1519/1519/1519
f 1509/1509/1509 1504/1504/1504 1520/1520/1520
f 1520/1520/1520 1504/1504/1504 1502/1502/1502
f 1502/1502/1502 1491/1491/1491 1520/1520/1520
f 1515/1515/1515 1521/1521/1521 1519/1519/1519
f 1519/1519/1519 1521/1521/1521 1522/1522/1522
f 1523/1523/1523 1515/1515/1515 1509/1509/1509
f 1520/1520/1520 1523/1523/1523 1509/1509/1509
f 1515/1515/1515 1523/1523/1523 1521/1521/1521
f 1520/1520/1520 1491/1491/1491 1524/1524/1524
f 1520/1520/1520 1524/1524/1524 1523/1523/1523
f 1460/1460/1460 1524/1524/1524 1491/1491/1491
f 1521/1521/1521 1525/1525/1525 1522/1522/1522
f 1522/1522/1522 1525/1525/1525 1526/1526/1526
f 1523/1523/1523 1527/1527/1527 1521/1521/1521
f 1523/1523/1523 1524/1524/1524 1527/1527/1527
f 1521/1521/1521 1527/1527/1527 1525/1525/1525
f 1524/1524/1524 1460/1460/1460 1528/1528/1528
f 1524/1524/1524 1528/1528/1528 1527/1527/1527
f 1525/1525/1525 1529/1529/1529 1526/1526/1526
f 1526/1526/1526 1529/1529/1529 1530/1530/1530
f 1527/1527/1527 1531/1531/1531 1525/1525/1525
f 1527/1527/1527 1528/1528/1528 1531/1531/1531
f 1525/1525/1525 1531/1531/1531 1529/1529/1529
f 1528/1528/1528 1460/1460/1460 1532/1532/1532
f 1531/1531/1531 1528/1528/1528 1532/1532/1532
f 1453/1453/1453 1532/1532/1532 1460/1460/1460
f 1531/1531/1531 1533/1533/1533 1529/1529/1529
f 1531/1531/1531 1532/1532/1532 1533/1533/1533
f 1529/1529/1529 1534/1534/1534 1530/1530/1530
f 1529/1529/1529 1533/1533/1533 1534/1534/1534
f 1533/1533/1533 1535/1535/1535 1534/1534/1534
f 1532/1532/1532 1536/1536/1536 1533/1533/1533
f 1453/1453/1453 1536/1536/1536 1532/1532/1532
f 1536/1536/1536 1535/1535/1535 1533/1533/1533
f 1534/1534/1534 1537/1537/1537 1530/1530/1530
f 1537/1537/1537 1534/1534/1534 1535/1535/1535
f 1537/1537/1537 1538/1538/1538 1530/1530/1530
f 1538/1538/1538 1537/1537/1537 1539/1539/1539
f 1537/1537/1537 1540/1540/1540 1539/1539/1539
f 1540/1540/1540 1537/1537/1537 1535/1535/1535
f 1539/1539/1539 1540/1540/1540 1541/1541/1541
f 1541/1541/1541 1540/1540/1540 1542/1542/1542
f 1543/1543/1543 1542/1542/1542 1540/1540/1540
f 1540/1540/1540 1535/1535/1535 1543/1543/1543
f 1542/1542/1542 1543/1543/1543 1544/1544/1544
f 1544/1544/1544 1543/1543/1543 1545/1545/1545
f 1546/1546/1546 1536/1536/1536 1453/1453/1453
f 1536/1536/1536 1546/1546/1546 1535/1535/1535
f 1543/1543/1543 1547/1547/1547 1545/1545/1545
f 1545/1545/1545 1547/1547/1547 1548/1548/1548
f 1548/1548/1548 1547/1547/1547 1549/1549/1549
f 1548/1548/1548 1549/1549/1549 1550/1550/1550
f 1550/1550/1550 1549/1549/1549 1551/1551/1551
f 1551/1551/1551 1549/1549/1549 1552/1552/1552
f 1543/1543/1543 1535/1535/1535 1553/1553/1553
f 1543/1543/1543 1553/1553/1553 1547/1547/1547
f 1546/1546/1546 1553/1553/1553 1535/1535/1535
f 1547/1547/1547 1553/1553/1553 1549/1549/1549
f 1553/1553/1553 1546/1546/1546 1554/1554/1554
f 1549/1549/1549 1553/1553/1553 1554/1554/1554
f 1546/1546/1546 1453/1453/1453 1555/1555/1555
f 1546/1546/1546 1555/1555/1555 1554/1554/1554
f 1453/1453/1453 1450/1450/1450 1555/1555/1555
f 1556/1556/1556 1552/1552/1552 1549/1549/1549
f 1549/1549/1549 1554/1554/1554 1556/1556/1556
f 1552/1552/1552 1556/1556/1556 1557/1557/1557
f 1557/1557/1557 1556/1556/1556 1558/1558/1558
f 1559/1559/1559 1555/1555/1555 1450/1450/1450
f 1555/1555/1555 1559/1559/1559 1554/1554/1554
f 1450/1450/1450 1446/1446/1446 1559/1559/1559
f 1560/1560/1560 1558/1558/1558 1556/1556/1556
f 1556/1556/1556 1554/1554/1554 1560/1560/1560
f 1559/1559/1559 1561/1561/1561 1554/1554/1554
f 1560/1560/1560 1554/1554/1554 1561/1561/1561
f 1560/1560/1560 1562/1562/1562 1558/1558/1558
f 1560/1560/1560 1561/1561/1561 1562/1562/1562
f 1562/1562/1562 1563/1563/1563 1558/1558/1558
f 1562/1562/1562 1564/1564/1564 1563/1563/1563
f 1562/1562/1562 1561/1561/1561 1564/1564/1564
f 1564/1564/1564 1565/1565/1565 1563/1563/1563
f 1446/1446/1446 1566/1566/1566 1559/1559/1559
f 1559/1559/1559 1566/1566/1566 1561/1561/1561
f 1564/1564/1564 1567/1567/1567 1565/1565/1565
f 1567/1567/1567 1568/1568/1568 1565/1565/1565
f 1564/1564/1564 1561/1561/1561 1569/1569/1569
f 1566/1566/1566 1569/1569/1569 1561/1561/1561
f 1564/1564/1564 1569/1569/1569 1567/1567/1567
f 1566/1566/1566 1446/1446/1446 1570/1570/1570
f 1570/1570/1570 1446/1446/1446 1443/1443/1443
f 1569/1569/1569 1566/1566/1566 1571/1571/1571
f 1569/1569/1569 1571/1571/1571 1567/1567/1567
f 1571/1571/1571 1566/1566/1566 1570/1570/1570
f 1567/1567/1567 1572/1572/1572 1568/1568/1568
f 1571/1571/1571 1572/1572/1572 1567/1567/1567
f 1572/1572/1572 1573/1573/1573 1568/1568/1568
f 1571/1571/1571 1574/1574/1574 1572/1572/1572
f 1571/1571/1571 1570/1570/1570 1574/1574/1574
f 1572/1572/1572 1575/1575/1575 1573/1573/1573
f 1574/1574/1574 1575/1575/1575 1572/1572/1572
f 1575/1575/1575 1576/1576/1576 1573/1573/1573
f 1576/1576/1576 1575/1575/1575 1577/1577/1577
f 1574/1574/1574 1570/1570/1570 1578/1578/1578
f 1574/1574/1574 1578/1578/1578 1575/1575/1575
f 1575/1575/1575 1579/1579/1579 1577/1577/1577
f 1578/1578/1578 1579/1579/1579 1575/1575/1575
f 1577/1577/1577 1579/1579/1579 1580/1580/1580
f 1579/1579/1579 1581/1581/1581 1580/1580/1580
f 1579/1579/1579 1578/1578/1578 1581/1581/1581
f 1580/1580/1580 1581/1581/1581 1582/1582/1582
f 1570/1570/1570 1583/1583/1583 1578/1578/1578
f 1570/1570/1570 1443/1443/1443 1583/1583/1583
f 1581/1581/1581 1584/1584/1584 1582/1582/1582
f 1582/1582/1582 1584/1584/1584 1585/1585/1585
f 1578/1578/1578 1586/1586/1586 1581/1581/1581
f 1578/1578/1578 1583/1583/1583 1586/1586/1586
f 1581/1581/1581 1586/1586/1586 1584/1584/1584
f 1583/1583/1583 1443/1443/1443 1587/1587/1587
f 1586/1586/1586 1583/1583/1583 1587/1587/1587
f 1443/1443/1443 1440/1440/1440 1587/1587/1587
f 1584/1584/1584 1588/1588/1588 1585/1585/1585
f 1585/1585/1585 1588/1588/1588 1589/1589/1589
f 1586/1586/1586 1590/1590/1590 1584/1584/1584
f 1586/1586/1586 1587/1587/1587 1590/1590/1590
f 1584/1584/1584 1590/1590/1590 1588/1588/1588
f 1587/1587/1587 1440/1440/1440 1591/1591/1591
f 1440/1440/1440 1437/1437/1437 1591/1591/1591
f 1590/1590/1590 1587/1587/1587 1592/1592/1592
f 1588/1588/1588 1590/1590/1590 1592/1592/1592
f 1587/1587/1587 1591/1591/1591 1592/1592/1592
f 1588/1588/1588 1593/1593/1593 1589/1589/1589
f 1588/1588/1588 1592/1592/1592 1593/1593/1593
f 1589/1589/1589 1593/1593/1593 1594/1594/1594
f 1591/1591/1591 1437/1437/1437 1595/1595/1595
f 1437/1437/1437 1433/1433/1433 1595/1595/1595
f 1593/1593/1593 1592/1592/1592 1596/1596/1596
f 1593/1593/1593 1596/1596/1596 1594/1594/1594
f 1592/1592/1592 1591/1591/1591 1597/1597/1597
f 1591/1591/1591 1595/1595/1595 1597/1597/1597
f 1592/1592/1592 1597/1597/1597 1596/1596/1596
f 1598/1598/1598 1595/1595/1595 1433/1433/1433
f 1595/1595/1595 1598/1598/1598 1597/1597/1597
f 1596/1596/1596 1599/1599/1599 1594/1594/1594
f 1599/1599/1599 1600/1600/1600 1594/1594/1594
f 1600/1600/1600 1599/1599/1599 1601/1601/1601
f 1597/1597/1597 1602/1602/1602 1596/1596/1596
f 1598/1598/1598 1602/1602/1602 1597/1597/1597
f 1602/1602/1602 1599/1599/1599 1596/1596/1596
f 1598/1598/1598 1433/1433/1433 1603/1603/1603
f 1598/1598/1598 1603/1603/1603 1602/1602/1602
f 1433/1433/1433 1428/1428/1428 1603/1603/1603
f 1601/1601/1601 1599/1599/1599 1604/1604/1604
f 1601/1601/1601 1604/1604/1604 1605/1605/1605
f 1602/1602/1602 1606/1606/1606 1599/1599/1599
f 1603/1603/1603 1606/1606/1606 1602/1602/1602
f 1606/1606/1606 1604/1604/1604 1599/1599/1599
f 1604/1604/1604 1607/1607/1607 1605/1605/1605
f 1604/1604/1604 1606/1606/1606 1607/1607/1607
f 1607/1607/1607 1608/1608/1608 1605/1605/1605
f 1608/1608/1608 1607/1607/1607 1609/1609/1609
f 1610/1610/1610 1603/1603/1603 1428/1428/1428
f 1603/1603/1603 1610/1610/1610 1606/1606/1606
f 1607/1607/1607 1611/1611/1611 1609/1609/1609
f 1609/1609/1609 1611/1611/1611 1612/1612/1612
f 1607/1607/1607 1606/1606/1606 1613/1613/1613
f 1607/1607/1607 1613/1613/1613 1611/1611/1611
f 1610/1610/1610 1613/1613/1613 1606/1606/1606
f 1611/1611/1611 1614/1614/1614 1612/1612/1612
f 1611/1611/1611 1613/1613/1613 1614/1614/1614
f 1612/1612/1612 1614/1614/1614 1615/1615/1615
f 1610/1610/1610 1428/1428/1428 1616/1616/1616
f 1428/1428/1428 1426/1426/1426 1616/1616/1616
f 1613/1613/1613 1610/1610/1610 1617/1617/1617
f 1613/1613/1613 1617/1617/1617 1614/1614/1614
f 1610/1610/1610 1616/1616/1616 1617/1617/1617
f 1614/1614/1614 1618/1618/1618 1615/1615/1615
f 1614/1614/1614 1617/1617/1617 1618/1618/1618
f 1615/1615/1615 1618/1618/1618 1619/1619/1619
f 1618/1618/1618 1620/1620/1620 1619/1619/1619
f 1619/1619/1619 1620/1620/1620 1621/1621/1621
f 1621/1621/1621 1620/1620/1620 1622/1622/1622
f 1622/1622/1622 1620/1620/1620 1623/1623/1623
f 1623/1623/1623 1620/1620/1620 1624/1624/1624
f 1624/1624/1624 1620/1620/1620 1625/1625/1625
f 1624/1624/1624 1625/1625/1625 1626/1626/1626
f 1626/1626/1626 1625/1625/1625 1627/1627/1627
f 1628/1628/1628 1627/1627/1627 1625/1625/1625
f 1625/1625/1625 1629/1629/1629 1628/1628/1628
f 1629/1629/1629 1630/1630/1630 1628/1628/1628
f 1630/1630/1630 1629/1629/1629 1631/1631/1631
f 1631/1631/1631 1629/1629/1629 1632/1632/1632
f 1618/1618/1618 1633/1633/1633 1620/1620/1620
f 1620/1620/1620 1633/1633/1633 1625/1625/1625
f 1618/1618/1618 1617/1617/1617 1633/1633/1633
f 1617/1617/1617 1616/1616/1616 1633/1633/1633
f 1634/1634/1634 1632/1632/1632 1629/1629/1629
f 1632/1632/1632 1634/1634/1634 1635/1635/1635
f 1635/1635/1635 1634/1634/1634 1636/1636/1636
f 1636/1636/1636 1634/1634/1634 1637/1637/1637
f 1637/1637/1637 1634/1634/1634 1638/1638/1638
f 1638/1638/1638 1634/1634/1634 1639/1639/1639
f 1639/1639/1639 1634/1634/1634 1640/1640/1640
f 1641/1641/1641 1640/1640/1640 1634/1634/1634
f 1634/1634/1634 1642/1642/1642 1641/1641/1641
f 1616/1616/1616 1643/1643/1643 1633/1633/1633
f 1643/1643/1643 1616/1616/1616 1426/1426/1426
f 1629/1629/1629 1644/1644/1644 1634/1634/1634
f 1644/1644/1644 1642/1642/1642 1634/1634/1634
f 1633/1633/1633 1643/1643/1643 1645/1645/1645
f 1645/1645/1645 1644/1644/1644 1629/1629/1629
f 1633/1633/1633 1645/1645/1645 1625/1625/1625
f 1625/1625/1625 1645/1645/1645 1629/1629/1629
f 1643/1643/1643 1426/1426/1426 1646/1646/1646
f 1643/1643/1643 1646/1646/1646 1645/1645/1645
f 1426/1426/1426 1421/1421/1421 1646/1646/1646
f 1647/1647/1647 1644/1644/1644 1645/1645/1645
f 1646/1646/1646 1647/1647/1647 1645/1645/1645
f 1644/1644/1644 1647/1647/1647 1642/1642/1642
f 1646/1646/1646 1421/1421/1421 1647/1647/1647
f 1647/1647/1647 1648/1648/1648 1642/1642/1642
f 1647/1647/1647 1421/1421/1421 1648/1648/1648
f 1642/1642/1642 1648/1648/1648 1649/1649/1649
f 1649/1649/1649 1641/1641/1641 1642/1642/1642
f 1648/1648/1648 1421/1421/1421 1650/1650/1650
f 1648/1648/1648 1650/1650/1650 1649/1649/1649
f 1416/1416/1416 1650/1650/1650 1421/1421/1421
f 1649/1649/1649 1650/1650/1650 1651/1651/1651
f 1651/1651/1651 1641/1641/1641 1649/1649/1649
f 1652/1652/1652 1650/1650/1650 1416/1416/1416
f 1652/1652/1652 1651/1651/1651 1650/1650/1650
f 1416/1416/1416 1413/1413/1413 1652/1652/1652
f 1653/1653/1653 1651/1651/1651 1652/1652/1652
f 1654/1654/1654 1641/1641/1641 1651/1651/1651
f 1651/1651/1651 1653/1653/1653 1654/1654/1654
f 1413/1413/1413 1655/1655/1655 1652/1652/1652
f 1652/1652/1652 1655/1655/1655 1653/1653/1653
f 1655/1655/1655 1413/1413/1413 1656/1656/1656
f 1655/1655/1655 1657/1657/1657 1653/1653/1653
f 1655/1655/1655 1656/1656/1656 1657/1657/1657
f 1656/1656/1656 1413/1413/1413 1658/1658/1658
f 1407/1407/1407 1658/1658/1658 1413/1413/1413
f 1641/1641/1641 1654/1654/1654 1659/1659/1659
f 1659/1659/1659 1660/1660/1660 1641/1641/1641
f 1660/1660/1660 1661/1661/1661 1641/1641/1641
f 1661/1661/1661 1662/1662/1662 1641/1641/1641
f 1659/1659/1659 1654/1654/1654 1663/1663/1663
f 1664/1664/1664 1663/1663/1663 1654/1654/1654
f 1653/1653/1653 1664/1664/1664 1654/1654/1654
f 1665/1665/1665 1663/1663/1663 1664/1664/1664
f 1665/1665/1665 1664/1664/1664 1666/1666/1666
f 1666/1666/1666 1664/1664/1664 1667/1667/1667
f 1664/1664/1664 1653/1653/1653 1668/1668/1668
f 1664/1664/1664 1668/1668/1668 1667/1667/1667
f 1667/1667/1667 1668/1668/1668 1669/1669/1669
f 1669/1669/1669 1668/1668/1668 1670/1670/1670
f 1668/1668/1668 1653/1653/1653 1657/1657/1657
f 1668/1668/1668 1671/1671/1671 1670/1670/1670
f 1668/1668/1668 1657/1657/1657 1671/1671/1671
f 1670/1670/1670 1671/1671/1671 1672/1672/1672
f 1672/1672/1672 1671/1671/1671 1673/1673/1673
f 1671/1671/1671 1657/1657/1657 1673/1673/1673
f 1672/1672/1672 1673/1673/1673 1674/1674/1674
f 1657/1657/1657 1675/1675/1675 1673/1673/1673
f 1656/1656/1656 1675/1675/1675 1657/1657/1657
f 1673/1673/1673 1676/1676/1676 1674/1674/1674
f 1673/1673/1673 1675/1675/1675 1676/1676/1676
f 1675/1675/1675 1656/1656/1656 1677/1677/1677
f 1676/1676/1676 1675/1675/1675 1677/1677/1677
f 1677/1677/1677 1656/1656/1656 1658/1658/1658
f 1676/1676/1676 1678/1678/1678 1674/1674/1674
f 1676/1676/1676 1677/1677/1677 1678/1678/1678
f 1678/1678/1678 1677/1677/1677 1679/1679/1679
f 1674/1674/1674 1678/1678/1678 1680/1680/1680
f 1680/1680/1680 1678/1678/1678 1681/1681/1681
f 1681/1681/1681 1678/1678/1678 1682/1682/1682
f 1679/1679/1679 1682/1682/1682 1678/1678/1678
f 1682/1682/1682 1679/1679/1679 1683/1683/1683
f 1684/1684/1684 1683/1683/1683 1679/1679/1679
f 1677/1677/1677 1658/1658/1658 1685/1685/1685
f 1677/1677/1677 1685/1685/1685 1679/1679/1679
f 1679/1679/1679 1686/1686/1686 1684/1684/1684
f 1686/1686/1686 1687/1687/1687 1684/1684/1684
f 1685/1685/1685 1688/1688/1688 1679/1679/1679
f 1688/1688/1688 1685/1685/1685 1658/1658/1658
f 1688/1688/1688 1686/1686/1686 1679/1679/1679
f 1686/1686/1686 1689/1689/1689 1687/1687/1687
f 1689/1689/1689 1690/1690/1690 1687/1687/1687
f 1658/1658/1658 1691/1691/1691 1688/1688/1688
f 1691/1691/1691 1658/1658/1658 1407/1407/1407
f 1688/1688/1688 1692/1692/1692 1686/1686/1686
f 1692/1692/1692 1689/1689/1689 1686/1686/1686
f 1691/1691/1691 1692/1692/1692 1688/1688/1688
f 1689/1689/1689 1693/1693/1693 1690/1690/1690
f 1693/1693/1693 1694/1694/1694 1690/1690/1690
f 1692/1692/1692 1695/1695/1695 1689/1689/1689
f 1692/1692/1692 1691/1691/1691 1695/1695/1695
f 1695/1695/1695 1693/1693/1693 1689/1689/1689
f 1691/1691/1691 1407/1407/1407 1696/1696/1696
f 1696/1696/1696 1695/1695/1695 1691/1691/1691
f 1404/1404/1404 1696/1696/1696 1407/1407/1407
f 1693/1693/1693 1697/1697/1697 1694/1694/1694
f 1697/1697/1697 1698/1698/1698 1694/1694/1694
f 1698/1698/1698 1697/1697/1697 1699/1699/1699
f 1699/1699/1699 1697/1697/1697 1700/1700/1700
f 1700/1700/1700 1697/1697/1697 1701/1701/1701
f 1701/1701/1701 1697/1697/1697 1702/1702/1702
f 1702/1702/1702 1697/1697/1697 1703/1703/1703
f 1703/1703/1703 1697/1697/1697 1704/1704/1704
f 1695/1695/1695 1705/1705/1705 1693/1693/1693
f 1705/1705/1705 1695/1695/1695 1696/1696/1696
f 1705/1705/1705 1697/1697/1697 1693/1693/1693
f 1706/1706/1706 1704/1704/1704 1697/1697/1697
f 1697/1697/1697 1705/1705/1705 1706/1706/1706
f 1704/1704/1704 1706/1706/1706 1707/1707/1707
f 1707/1707/1707 1706/1706/1706 1708/1708/1708
f 1708/1708/1708 1706/1706/1706 1709/1709/1709
f 1709/1709/1709 1706/1706/1706 1710/1710/1710
f 1710/1710/1710 1706/1706/1706 1711/1711/1711
f 1706/1706/1706 1712/1712/1712 1711/1711/1711
f 1712/1712/1712 1706/1706/1706 1713/1713/1713
f 1713/1713/1713 1706/1706/1706 1714/1714/1714
f 1715/1715/1715 1714/1714/1714 1706/1706/1706
f 1696/1696/1696 1716/1716/1716 1705/1705/1705
f 1716/1716/1716 1696/1696/1696 1404/1404/1404
f 1706/1706/1706 1705/1705/1705 1717/1717/1717
f 1716/1716/1716 1717/1717/1717 1705/1705/1705
f 1706/1706/1706 1718/1718/1718 1715/1715/1715
f 1706/1706/1706 1717/1717/1717 1718/1718/1718
f 1715/1715/1715 1718/1718/1718 1719/1719/1719
f 1716/1716/1716 1404/1404/1404 1720/1720/1720
f 1716/1716/1716 1720/1720/1720 1717/1717/1717
f 1720/1720/1720 1404/1404/1404 1400/1400/1400
f 1719/1719/1719 1718/1718/1718 1721/1721/1721
f 1718/1718/1718 1717/1717/1717 1721/1721/1721
f 1719/1719/1719 1721/1721/1721 1722/1722/1722
f 1722/1722/1722 1721/1721/1721 1723/1723/1723
f 1720/1720/1720 1724/1724/1724 1717/1717/1717
f 1717/1717/1717 1724/1724/1724 1721/1721/1721
f 1725/1725/1725 1723/1723/1723 1721/1721/1721
f 1725/1725/1725 1721/1721/1721 1724/1724/1724
f 1726/1726/1726 1723/1723/1723 1725/1725/1725
f 1726/1726/1726 1725/1725/1725 1727/1727/1727
f 1727/1727/1727 1725/1725/1725 1728/1728/1728
f 1729/1729/1729 1728/1728/1728 1725/1725/1725
f 1725/1725/1725 1724/1724/1724 1729/1729/1729
f 1730/1730/1730 1728/1728/1728 1729/1729/1729
f 1720/1720/1720 1731/1731/1731 1724/1724/1724
f 1720/1720/1720 1400/1400/1400 1731/1731/1731
f 1729/1729/1729 1724/1724/1724 1732/1732/1732
f 1724/1724/1724 1731/1731/1731 1732/1732/1732
f 1729/1729/1729 1733/1733/1733 1730/1730/1730
f 1729/1729/1729 1732/1732/1732 1733/1733/1733
f 1733/1733/1733 1732/1732/1732 1734/1734/1734
f 1733/1733/1733 1735/1735/1735 1730/1730/1730
f 1735/1735/1735 1733/1733/1733 1736/1736/1736
f 1734/1734/1734 1736/1736/1736 1733/1733/1733
f 1736/1736/1736 1734/1734/1734 1737/1737/1737
f 1737/1737/1737 1734/1734/1734 1738/1738/1738
f 1731/1731/1731 1400/1400/1400 1739/1739/1739
f 1732/1732/1732 1731/1731/1731 1739/1739/1739
f 1739/1739/1739 1400/1400/1400 1740/1740/1740
f 1396/1396/1396 1740/1740/1740 1400/1400/1400
f 1732/1732/1732 1739/1739/1739 1741/1741/1741
f 1732/1732/1732 1741/1741/1741 1734/1734/1734
f 1741/1741/1741 1739/1739/1739 1740/1740/1740
f 1734/1734/1734 1742/1742/1742 1738/1738/1738
f 1742/1742/1742 1743/1743/1743 1738/1738/1738
f 1741/1741/1741 1744/1744/1744 1734/1734/1734
f 1741/1741/1741 1740/1740/1740 1744/1744/1744
f 1734/1734/1734 1744/1744/1744 1742/1742/1742
f 1745/1745/1745 1740/1740/1740 1396/1396/1396
f 1745/1745/1745 1396/1396/1396 1399/1399/1399
f 1744/1744/1744 1740/1740/1740 1746/1746/1746
f 1742/1742/1742 1744/1744/1744 1746/1746/1746
f 1746/1746/1746 1740/1740/1740 1745/1745/1745
f 1742/1742/1742 1747/1747/1747 1743/1743/1743
f 1747/1747/1747 1748/1748/1748 1743/1743/1743
f 1746/1746/1746 1749/1749/1749 1742/1742/1742
f 1746/1746/1746 1745/1745/1745 1749/1749/1749
f 1742/1742/1742 1749/1749/1749 1747/1747/1747
f 1745/1745/1745 1399/1399/1399 1750/1750/1750
f 1749/1749/1749 1745/1745/1745 1750/1750/1750
f 1751/1751/1751 1750/1750/1750 1399/1399/1399
f 1750/1750/1750 1751/1751/1751 1752/1752/1752
f 1747/1747/1747 1753/1753/1753 1748/1748/1748
f 1747/1747/1747 1749/1749/1749 1753/1753/1753
f 1753/1753/1753 1749/1749/1749 1750/1750/1750
f 1753/1753/1753 1750/1750/1750 1752/1752/1752
f 1748/1748/1748 1753/1753/1753 1754/1754/1754
f 1754/1754/1754 1753/1753/1753 1755/1755/1755
f 1755/1755/1755 1753/1753/1753 1756/1756/1756
f 1756/1756/1756 1753/1753/1753 1757/1757/1757
f 1757/1757/1757 1753/1753/1753 1758/1758/1758
f 1759/1759/1759 1758/1758/1758 1753/1753/1753
f 1760/1760/1760 1759/1759/1759 1753/1753/1753
f 1752/1752/1752 1760/1760/1760 1753/1753/1753
f 1761/1761/1761 1760/1760/1760 1752/1752/1752
f 1764/1764/1764 1763/1763/1763 1762/1762/1762
f 1765/1765/1765 1764/1764/1764 1762/1762/1762
f 1765/1765/1765 1762/1762/1762 1766/1766/1766
f 1767/1767/1767 1765/1765/1765 1766/1766/1766
f 1767/1767/1767 1766/1766/1766 1768/1768/1768
f 1769/1769/1769 1767/1767/1767 1768/1768/1768
f 1769/1769/1769 1768/1768/1768 1770/1770/1770
f 1773/1773/1773 1772/1772/1772 1771/1771/1771
f 1773/1773/1773 1771/1771/1771 1774/1774/1774
f 1773/1773/1773 1774/1774/1774 1775/1775/1775
f 1773/1773/1773 1775/1775/1775 1776/1776/1776
f 1775/1775/1775 1777/1777/1777 1776/1776/1776
f 1776/1776/1776 1777/1777/1777 1778/1778/1778
f 1778/1778/1778 1777/1777/1777 1779/1779/1779
f 1779/1779/1779 1780/1780/1780 1778/1778/1778
f 1780/1780/1780 1781/1781/1781 1778/1778/1778
f 1778/1778/1778 1781/1781/1781 1782/1782/1782
f 1783/1783/1783 1782/1782/1782 1781/1781/1781
f 1782/1782/1782 1783/1783/1783 1784/1784/1784
f 1776/1776/1776 1778/1778/1778 1785/1785/1785
f 1778/1778/1778 1782/1782/1782 1785/1785/1785
f 1782/1782/1782 1784/1784/1784 1786/1786/1786
f 1784/1784/1784 1787/1787/1787 1786/1786/1786
f 1788/1788/1788 1782/1782/1782 1786/1786/1786
f 1785/1785/1785 1782/1782/1782 1788/1788/1788
f 1789/1789/1789 1786/1786/1786 1787/1787/1787
f 1786/1786/1786 1789/1789/1789 1788/1788/1788
f 1787/1787/1787 1790/1790/1790 1789/1789/1789
f 1791/1791/1791 1776/1776/1776 1785/1785/1785
f 1776/1776/1776 1791/1791/1791 1773/1773/1773
f 1790/1790/1790 1792/1792/1792 1789/1789/1789
f 1789/1789/1789 1793/1793/1793 1788/1788/1788
f 1789/1789/1789 1792/1792/1792 1793/1793/1793
f 1792/1792/1792 1790/1790/1790 1794/1794/1794
f 1795/1795/1795 1794/1794/1794 1790/1790/1790
f 1796/1796/1796 1794/1794/1794 1795/1795/1795
f 1797/1797/1797 1794/1794/1794 1796/1796/1796
f 1797/1797/1797 1798/1798/1798 1794/1794/1794
f 1799/1799/1799 1798/1798/1798 1797/1797/1797
f 1800/1800/1800 1798/1798/1798 1799/1799/1799
f 1801/1801/1801 1792/1792/1792 1794/1794/1794
f 1793/1793/1793 1792/1792/1792 1801/1801/1801
f 1794/1794/1794 1798/1798/1798 1801/1801/1801
f 1788/1788/1788 1793/1793/1793 1802/1802/1802
f 1793/1793/1793 1801/1801/1801 1802/1802/1802
f 1798/1798/1798 1800/1800/1800 1803/1803/1803
f 1800/1800/1800 1804/1804/1804 1803/1803/1803
f 1805/1805/1805 1788/1788/1788 1802/1802/1802
f 1805/1805/1805 1802/1802/1802 1806/1806/1806
f 1802/1802/1802 1807/1807/1807 1806/1806/1806
f 1802/1802/1802 1801/1801/1801 1807/1807/1807
f 1785/1785/1785 1788/1788/1788 1805/1805/1805
f 1808/1808/1808 1785/1785/1785 1805/1805/1805
f 1808/1808/1808 1805/1805/1805 1806/1806/1806
f 1808/1808/1808 1791/1791/1791 1785/1785/1785
f 1809/1809/1809 1808/1808/1808 1806/1806/1806
f 1809/1809/1809 1810/1810/1810 1808/1808/1808
f 1810/1810/1810 1791/1791/1791 1808/1808/1808
f 1798/1798/1798 1811/1811/1811 1801/1801/1801
f 1807/1807/1807 1801/1801/1801 1811/1811/1811
f 1811/1811/1811 1798/1798/1798 1812/1812/1812
f 1807/1807/1807 1811/1811/1811 1812/1812/1812
f 1798/1798/1798 1803/1803/1803 1812/1812/1812
f 1813/1813/1813 1791/1791/1791 1810/1810/1810
f 1813/1813/1813 1773/1773/1773 1791/1791/1791
f 1806/1806/1806 1807/1807/1807 1814/1814/1814
f 1814/1814/1814 1807/1807/1807 1815/1815/1815
f 1807/1807/1807 1812/1812/1812 1815/1815/1815
f 1814/1814/1814 1816/1816/1816 1806/1806/1806
f 1816/1816/1816 1814/1814/1814 1817/1817/1817
f 1806/1806/1806 1816/1816/1816 1818/1818/1818
f 1806/1806/1806 1818/1818/1818 1819/1819/1819
f 1817/1817/1817 1814/1814/1814 1820/1820/1820
f 1806/1806/1806 1819/1819/1819 1809/1809/1809
f 1820/1820/1820 1814/1814/1814 1821/1821/1821
f 1822/1822/1822 1809/1809/1809 1819/1819/1819
f 1821/1821/1821 1814/1814/1814 1823/1823/1823
f 1824/1824/1824 1809/1809/1809 1822/1822/1822
f 1825/1825/1825 1809/1809/1809 1824/1824/1824
f 1826/1826/1826 1809/1809/1809 1825/1825/1825
f 1823/1823/1823 1814/1814/1814 1827/1827/1827
f 1828/1828/1828 1827/1827/1827 1814/1814/1814
f 1827/1827/1827 1828/1828/1828 1829/1829/1829
f 1828/1828/1828 1830/1830/1830 1829/1829/1829
f 1809/1809/1809 1826/1826/1826 1831/1831/1831
f 1831/1831/1831 1826/1826/1826 1832/1832/1832
f 1833/1833/1833 1831/1831/1831 1832/1832/1832
f 1834/1834/1834 1831/1831/1831 1833/1833/1833
f 1831/1831/1831 1810/1810/1810 1809/1809/1809
f 1835/1835/1835 1831/1831/1831 1834/1834/1834
f 1836/1836/1836 1830/1830/1830 1828/1828/1828
f 1830/1830/1830 1836/1836/1836 1837/1837/1837
f 1837/1837/1837 1836/1836/1836 1838/1838/1838
f 1838/1838/1838 1836/1836/1836 1839/1839/1839
f 1840/1840/1840 1839/1839/1839 1836/1836/1836
f 1839/1839/1839 1840/1840/1840 1841/1841/1841
f 1842/1842/1842 1841/1841/1841 1840/1840/1840
f 1810/1810/1810 1831/1831/1831 1843/1843/1843
f 1813/1813/1813 1810/1810/1810 1843/1843/1843
f 1844/1844/1844 1813/1813/1813 1843/1843/1843
f 1844/1844/1844 1773/1773/1773 1813/1813/1813
f 1845/1845/1845 1773/1773/1773 1844/1844/1844
f 1845/1845/1845 1846/1846/1846 1773/1773/1773
f 1846/1846/1846 1845/1845/1845 1847/1847/1847
f 1847/1847/1847 1845/1845/1845 1848/1848/1848
f 1848/1848/1848 1845/1845/1845 1849/1849/1849
f 1850/1850/1850 1849/1849/1849 1845/1845/1845
f 1845/1845/1845 1851/1851/1851 1850/1850/1850
f 1845/1845/1845 1852/1852/1852 1851/1851/1851
f 1853/1853/1853 1852/1852/1852 1845/1845/1845
f 1852/1852/1852 1853/1853/1853 1854/1854/1854
f 1855/1855/1855 1854/1854/1854 1853/1853/1853
f 1856/1856/1856 1855/1855/1855 1853/1853/1853
f 1857/1857/1857 1856/1856/1856 1853/1853/1853
f 1857/1857/1857 1858/1858/1858 1856/1856/1856
f 1858/1858/1858 1857/1857/1857 1859/1859/1859
f 1859/1859/1859 1857/1857/1857 1860/1860/1860
f 1861/1861/1861 1860/1860/1860 1857/1857/1857
f 1860/1860/1860 1861/1861/1861 1862/1862/1862
f 1861/1861/1861 1863/1863/1863 1862/1862/1862
f 1863/1863/1863 1861/1861/1861 1864/1864/1864
f 1865/1865/1865 1864/1864/1864 1861/1861/1861
f 1853/1853/1853 1845/1845/1845 1866/1866/1866
f 1845/1845/1845 1844/1844/1844 1866/1866/1866
f 1857/1857/1857 1853/1853/1853 1867/1867/1867
f 1853/1853/1853 1866/1866/1866 1867/1867/1867
f 1866/1866/1866 1844/1844/1844 1868/1868/1868
f 1867/1867/1867 1866/1866/1866 1868/1868/1868
f 1844/1844/1844 1843/1843/1843 1868/1868/1868
f 1843/1843/1843 1831/1831/1831 1868/1868/1868
f 1865/1865/1865 1861/1861/1861 1869/1869/1869
f 1870/1870/1870 1865/1865/1865 1869/1869/1869
f 1861/1861/1861 1857/1857/1857 1871/1871/1871
f 1857/1857/1857 1867/1867/1867 1871/1871/1871
f 1871/1871/1871 1869/1869/1869 1861/1861/1861
f 1872/1872/1872 1867/1867/1867 1868/1868/1868
f 1872/1872/1872 1868/1868/1868 1831/1831/1831
f 1870/1870/1870 1869/1869/1869 1873/1873/1873
f 1874/1874/1874 1870/1870/1870 1873/1873/1873
f 1867/1867/1867 1872/1872/1872 1875/1875/1875
f 1871/1871/1871 1867/1867/1867 1875/1875/1875
f 1872/1872/1872 1831/1831/1831 1876/1876/1876
f 1875/1875/1875 1872/1872/1872 1876/1876/1876
f 1831/1831/1831 1835/1835/1835 1876/1876/1876
f 1877/1877/1877 1876/1876/1876 1835/1835/1835
f 1876/1876/1876 1877/1877/1877 1878/1878/1878
f 1879/1879/1879 1878/1878/1878 1877/1877/1877
f 1880/1880/1880 1878/1878/1878 1879/1879/1879
f 1880/1880/1880 1881/1881/1881 1878/1878/1878
f 1881/1881/1881 1882/1882/1882 1878/1878/1878
f 1878/1878/1878 1882/1882/1882 1883/1883/1883
f 1884/1884/1884 1883/1883/1883 1882/1882/1882
f 1883/1883/1883 1884/1884/1884 1885/1885/1885
f 1885/1885/1885 1886/1886/1886 1883/1883/1883
f 1876/1876/1876 1887/1887/1887 1875/1875/1875
f 1878/1878/1878 1887/1887/1887 1876/1876/1876
f 1871/1871/1871 1875/1875/1875 1887/1887/1887
f 1888/1888/1888 1871/1871/1871 1887/1887/1887
f 1888/1888/1888 1869/1869/1869 1871/1871/1871
f 1873/1873/1873 1869/1869/1869 1888/1888/1888
f 1889/1889/1889 1887/1887/1887 1878/1878/1878
f 1888/1888/1888 1887/1887/1887 1889/1889/1889
f 1873/1873/1873 1888/1888/1888 1890/1890/1890
f 1890/1890/1890 1888/1888/1888 1889/1889/1889
f 1878/1878/1878 1891/1891/1891 1889/1889/1889
f 1883/1883/1883 1891/1891/1891 1878/1878/1878
f 1883/1883/1883 1886/1886/1886 1892/1892/1892
f 1893/1893/1893 1892/1892/1892 1886/1886/1886
f 1894/1894/1894 1892/1892/1892 1893/1893/1893
f 1895/1895/1895 1873/1873/1873 1890/1890/1890
f 1874/1874/1874 1873/1873/1873 1895/1895/1895
f 1896/1896/1896 1874/1874/1874 1895/1895/1895
f 1896/1896/1896 1895/1895/1895 1897/1897/1897
f 1890/1890/1890 1897/1897/1897 1895/1895/1895
f 1898/1898/1898 1896/1896/1896 1897/1897/1897
f 1899/1899/1899 1898/1898/1898 1897/1897/1897
f 1900/1900/1900 1890/1890/1890 1889/1889/1889
f 1900/1900/1900 1897/1897/1897 1890/1890/1890
f 1891/1891/1891 1900/1900/1900 1889/1889/1889
f 1901/1901/1901 1899/1899/1899 1897/1897/1897
f 1901/1901/1901 1897/1897/1897 1900/1900/1900
f 1901/1901/1901 1902/1902/1902 1899/1899/1899
f 1903/1903/1903 1902/1902/1902 1901/1901/1901
f 1903/1903/1903 1901/1901/1901 1900/1900/1900
f 1904/1904/1904 1902/1902/1902 1903/1903/1903
f 1905/1905/1905 1904/1904/1904 1903/1903/1903
f 1906/1906/1906 1900/1900/1900 1891/1891/1891
f 1906/1906/1906 1903/1903/1903 1900/1900/1900
f 1907/1907/1907 1905/1905/1905 1903/1903/1903
f 1907/1907/1907 1903/1903/1903 1906/1906/1906
f 1908/1908/1908 1906/1906/1906 1891/1891/1891
f 1908/1908/1908 1891/1891/1891 1883/1883/1883
f 1909/1909/1909 1906/1906/1906 1908/1908/1908
f 1909/1909/1909 1907/1907/1907 1906/1906/1906
f 1883/1883/1883 1910/1910/1910 1908/1908/1908
f 1910/1910/1910 1909/1909/1909 1908/1908/1908
f 1892/1892/1892 1910/1910/1910 1883/1883/1883
f 1905/1905/1905 1907/1907/1907 1911/1911/1911
f 1912/1912/1912 1905/1905/1905 1911/1911/1911
f 1907/1907/1907 1909/1909/1909 1913/1913/1913
f 1911/1911/1911 1907/1907/1907 1913/1913/1913
f 1909/1909/1909 1910/1910/1910 1914/1914/1914
f 1914/1914/1914 1910/1910/1910 1892/1892/1892
f 1913/1913/1913 1909/1909/1909 1914/1914/1914
f 1912/1912/1912 1911/1911/1911 1915/1915/1915
f 1913/1913/1913 1915/1915/1915 1911/1911/1911
f 1916/1916/1916 1912/1912/1912 1915/1915/1915
f 1914/1914/1914 1892/1892/1892 1917/1917/1917
f 1892/1892/1892 1894/1894/1894 1917/1917/1917
f 1917/1917/1917 1894/1894/1894 1918/1918/1918
f 1917/1917/1917 1918/1918/1918 1919/1919/1919
f 1917/1917/1917 1919/1919/1919 1920/1920/1920
f 1921/1921/1921 1920/1920/1920 1919/1919/1919
f 1921/1921/1921 1922/1922/1922 1920/1920/1920
f 1920/1920/1920 1922/1922/1922 1923/1923/1923
f 1922/1922/1922 1924/1924/1924 1923/1923/1923
f 1924/1924/1924 1925/1925/1925 1923/1923/1923
f 1925/1925/1925 1926/1926/1926 1923/1923/1923
f 1927/1927/1927 1914/1914/1914 1917/1917/1917
f 1927/1927/1927 1917/1917/1917 1920/1920/1920
f 1913/1913/1913 1914/1914/1914 1927/1927/1927
f 1923/1923/1923 1926/1926/1926 1928/1928/1928
f 1928/1928/1928 1926/1926/1926 1929/1929/1929
f 1928/1928/1928 1929/1929/1929 1930/1930/1930
f 1931/1931/1931 1913/1913/1913 1927/1927/1927
f 1931/1931/1931 1915/1915/1915 1913/1913/1913
f 1932/1932/1932 1915/1915/1915 1931/1931/1931
f 1916/1916/1916 1915/1915/1915 1932/1932/1932
f 1933/1933/1933 1916/1916/1916 1932/1932/1932
f 1927/1927/1927 1934/1934/1934 1931/1931/1931
f 1932/1932/1932 1931/1931/1931 1934/1934/1934
f 1933/1933/1933 1932/1932/1932 1935/1935/1935
f 1935/1935/1935 1932/1932/1932 1934/1934/1934
f 1936/1936/1936 1933/1933/1933 1935/1935/1935
f 1937/1937/1937 1934/1934/1934 1927/1927/1927
f 1937/1937/1937 1927/1927/1927 1920/1920/1920
f 1936/1936/1936 1935/1935/1935 1938/1938/1938
f 1939/1939/1939 1936/1936/1936 1938/1938/1938
f 1935/1935/1935 1934/1934/1934 1940/1940/1940
f 1940/1940/1940 1934/1934/1934 1937/1937/1937
f 1938/1938/1938 1935/1935/1935 1940/1940/1940
f 1920/1920/1920 1941/1941/1941 1937/1937/1937
f 1940/1940/1940 1937/1937/1937 1941/1941/1941
f 1923/1923/1923 1941/1941/1941 1920/1920/1920
f 1939/1939/1939 1938/1938/1938 1942/1942/1942
f 1942/1942/1942 1938/1938/1938 1940/1940/1940
f 1943/1943/1943 1939/1939/1939 1942/1942/1942
f 1944/1944/1944 1943/1943/1943 1942/1942/1942
f 1945/1945/1945 1942/1942/1942 1940/1940/1940
f 1945/1945/1945 1940/1940/1940 1941/1941/1941
f 1946/1946/1946 1944/1944/1944 1942/1942/1942
f 1946/1946/1946 1942/1942/1942 1945/1945/1945
f 1947/1947/1947 1944/1944/1944 1946/1946/1946
f 1941/1941/1941 1948/1948/1948 1945/1945/1945
f 1948/1948/1948 1946/1946/1946 1945/1945/1945
f 1949/1949/1949 1947/1947/1947 1946/1946/1946
f 1949/1949/1949 1946/1946/1946 1948/1948/1948
f 1950/1950/1950 1947/1947/1947 1949/1949/1949
f 1951/1951/1951 1941/1941/1941 1923/1923/1923
f 1951/1951/1951 1948/1948/1948 1941/1941/1941
f 1952/1952/1952 1950/1950/1950 1949/1949/1949
f 1953/1953/1953 1950/1950/1950 1952/1952/1952
f 1954/1954/1954 1949/1949/1949 1948/1948/1948
f 1954/1954/1954 1948/1948/1948 1951/1951/1951
f 1954/1954/1954 1952/1952/1952 1949/1949/1949
f 1955/1955/1955 1951/1951/1951 1923/1923/1923
f 1928/1928/1928 1955/1955/1955 1923/1923/1923
f 1956/1956/1956 1954/1954/1954 1951/1951/1951
f 1956/1956/1956 1952/1952/1952 1954/1954/1954
f 1955/1955/1955 1956/1956/1956 1951/1951/1951
f 1957/1957/1957 1956/1956/1956 1955/1955/1955
f 1958/1958/1958 1953/1953/1953 1952/1952/1952
f 1958/1958/1958 1952/1952/1952 1956/1956/1956
f 1959/1959/1959 1953/1953/1953 1958/1958/1958
f 1956/1956/1956 1960/1960/1960 1958/1958/1958
f 1960/1960/1960 1959/1959/1959 1958/1958/1958
f 1957/1957/1957 1960/1960/1960 1956/1956/1956
f 1959/1959/1959 1960/1960/1960 1961/1961/1961
f 1962/1962/1962 1961/1961/1961 1960/1960/1960
f 1962/1962/1962 1960/1960/1960 1957/1957/1957
f 1957/1957/1957 1963/1963/1963 1962/1962/1962
f 1961/1961/1961 1962/1962/1962 1964/1964/1964
f 1963/1963/1963 1964/1964/1964 1962/1962/1962
f 1963/1963/1963 1965/1965/1965 1964/1964/1964
f 1965/1965/1965 1963/1963/1963 1966/1966/1966
f 1967/1967/1967 1966/1966/1966 1963/1963/1963
f 1963/1963/1963 1968/1968/1968 1967/1967/1967
f 1967/1967/1967 1968/1968/1968 1969/1969/1969
f 1968/1968/1968 1963/1963/1963 1970/1970/1970
f 1970/1970/1970 1963/1963/1963 1957/1957/1957
f 1971/1971/1971 1969/1969/1969 1968/1968/1968
f 1970/1970/1970 1971/1971/1971 1968/1968/1968
f 1972/1972/1972 1971/1971/1971 1970/1970/1970
f 1971/1971/1971 1973/1973/1973 1969/1969/1969
f 1971/1971/1971 1974/1974/1974 1973/1973/1973
f 1975/1975/1975 1974/1974/1974 1971/1971/1971
f 1975/1975/1975 1971/1971/1971 1972/1972/1972
f 1974/1974/1974 1975/1975/1975 1976/1976/1976
f 1977/1977/1977 1976/1976/1976 1975/1975/1975
f 1977/1977/1977 1975/1975/1975 1978/1978/1978
f 1972/1972/1972 1978/1978/1978 1975/1975/1975
f 1979/1979/1979 1977/1977/1977 1978/1978/1978
f 1980/1980/1980 1979/1979/1979 1978/1978/1978
f 1970/1970/1970 1957/1957/1957 1981/1981/1981
f 1972/1972/1972 1970/1970/1970 1981/1981/1981
f 1982/1982/1982 1980/1980/1980 1978/1978/1978
f 1978/1978/1978 1972/1972/1972 1982/1982/1982
f 1980/1980/1980 1982/1982/1982 1983/1983/1983
f 1984/1984/1984 1980/1980/1980 1983/1983/1983
f 1985/1985/1985 1982/1982/1982 1972/1972/1972
f 1983/1983/1983 1982/1982/1982 1985/1985/1985
f 1984/1984/1984 1983/1983/1983 1986/1986/1986
f 1987/1987/1987 1984/1984/1984 1986/1986/1986
f 1957/1957/1957 1988/1988/1988 1981/1981/1981
f 1988/1988/1988 1957/1957/1957 1955/1955/1955
f 1928/1928/1928 1988/1988/1988 1955/1955/1955
f 1989/1989/1989 1988/1988/1988 1928/1928/1928
f 1981/1981/1981 1988/1988/1988 1989/1989/1989
f 1928/1928/1928 1930/1930/1930 1989/1989/1989
f 1990/1990/1990 1989/1989/1989 1930/1930/1930
f 1990/1990/1990 1991/1991/1991 1989/1989/1989
f 1991/1991/1991 1992/1992/1992 1989/1989/1989
f 1993/1993/1993 1989/1989/1989 1992/1992/1992
f 1994/1994/1994 1989/1989/1989 1993/1993/1993
f 1989/1989/1989 1994/1994/1994 1995/1995/1995
f 1989/1989/1989 1995/1995/1995 1996/1996/1996
f 1995/1995/1995 1997/1997/1997 1996/1996/1996
f 1997/1997/1997 1998/1998/1998 1996/1996/1996
f 1999/1999/1999 1996/1996/1996 1998/1998/1998
f 1996/1996/1996 1999/1999/1999 2000/2000/2000
f 2001/2001/2001 2000/2000/2000 1999/1999/1999
f 2002/2002/2002 2000/2000/2000 2001/2001/2001
f 2003/2003/2003 2000/2000/2000 2002/2002/2002
f 2004/2004/2004 2000/2000/2000 2003/2003/2003
f 2005/2005/2005 2004/2004/2004 2003/2003/2003
f 2006/2006/2006 2004/2004/2004 2005/2005/2005
f 2007/2007/2007 2004/2004/2004 2006/2006/2006
f 2008/2008/2008 2004/2004/2004 2007/2007/2007
f 2009/2009/2009 2008/2008/2008 2007/2007/2007
f 2010/2010/2010 2008/2008/2008 2009/2009/2009
f 2011/2011/2011 2008/2008/2008 2010/2010/2010
f 2012/2012/2012 2008/2008/2008 2011/2011/2011
f 2013/2013/2013 2008/2008/2008 2012/2012/2012
f 2014/2014/2014 2008/2008/2008 2013/2013/2013
f 2015/2015/2015 2008/2008/2008 2014/2014/2014
f 2015/2015/2015 2016/2016/2016 2008/2008/2008
f 2017/2017/2017 2016/2016/2016 2015/2015/2015
f 2018/2018/2018 2008/2008/2008 2016/2016/2016
f 2019/2019/2019 2018/2018/2018 2016/2016/2016
f 2020/2020/2020 2004/2004/2004 2008/2008/2008
f 2021/2021/2021 2020/2020/2020 2008/2008/2008
f 2021/2021/2021 2022/2022/2022 2020/2020/2020
f 2020/2020/2020 2023/2023/2023 2004/2004/2004
f 2004/2004/2004 2023/2023/2023 2024/2024/2024
f 2025/2025/2025 2024/2024/2024 2023/2023/2023
f 2025/2025/2025 2026/2026/2026 2024/2024/2024
f 2024/2024/2024 2027/2027/2027 2004/2004/2004
f 2004/2004/2004 2027/2027/2027 2000/2000/2000
f 2024/2024/2024 2028/2028/2028 2027/2027/2027
f 2000/2000/2000 2027/2027/2027 2029/2029/2029
f 2000/2000/2000 2029/2029/2029 1996/1996/1996
f 2028/2028/2028 2030/2030/2030 2027/2027/2027
f 2027/2027/2027 2030/2030/2030 2029/2029/2029
f 2028/2028/2028 2031/2031/2031 2030/2030/2030
f 2032/2032/2032 2031/2031/2031 2028/2028/2028
f 2032/2032/2032 2033/2033/2033 2031/2031/2031
f 2033/2033/2033 2034/2034/2034 2031/2031/2031
f 2031/2031/2031 2034/2034/2034 2035/2035/2035
f 2030/2030/2030 2031/2031/2031 2035/2035/2035
f 2034/2034/2034 2036/2036/2036 2035/2035/2035
f 2030/2030/2030 2035/2035/2035 2037/2037/2037
f 2030/2030/2030 2037/2037/2037 2029/2029/2029
f 2035/2035/2035 2036/2036/2036 2038/2038/2038
f 2035/2035/2035 2038/2038/2038 2037/2037/2037
f 2038/2038/2038 2039/2039/2039 2037/2037/2037
f 2036/2036/2036 2040/2040/2040 2038/2038/2038
f 2038/2038/2038 2040/2040/2040 2039/2039/2039
f 2040/2040/2040 2041/2041/2041 2039/2039/2039
f 2041/2041/2041 2042/2042/2042 2039/2039/2039
f 2043/2043/2043 2039/2039/2039 2042/2042/2042
f 2039/2039/2039 2043/2043/2043 2044/2044/2044
f 2044/2044/2044 2043/2043/2043 2045/2045/2045
f 2044/2044/2044 2045/2045/2045 2046/2046/2046
f 2046/2046/2046 2047/2047/2047 2044/2044/2044
f 2048/2048/2048 2044/2044/2044 2047/2047/2047
f 2049/2049/2049 2044/2044/2044 2048/2048/2048
f 2044/2044/2044 2049/2049/2049 2050/2050/2050
f 2051/2051/2051 2050/2050/2050 2049/2049/2049
f 2050/2050/2050 2051/2051/2051 2052/2052/2052
f 2050/2050/2050 2052/2052/2052 2053/2053/2053
f 2053/2053/2053 2054/2054/2054 2050/2050/2050
f 2055/2055/2055 2039/2039/2039 2044/2044/2044
f 2037/2037/2037 2039/2039/2039 2055/2055/2055
f 2037/2037/2037 2055/2055/2055 2029/2029/2029
f 2054/2054/2054 2056/2056/2056 2050/2050/2050
f 2054/2054/2054 1987/1987/1987 2056/2056/2056
f 1987/1987/1987 1986/1986/1986 2056/2056/2056
f 2044/2044/2044 2050/2050/2050 2057/2057/2057
f 2055/2055/2055 2044/2044/2044 2057/2057/2057
f 2050/2050/2050 2056/2056/2056 2057/2057/2057
f 2029/2029/2029 2055/2055/2055 2058/2058/2058
f 2058/2058/2058 2055/2055/2055 2057/2057/2057
f 2029/2029/2029 2058/2058/2058 1996/1996/1996
f 2056/2056/2056 2059/2059/2059 2057/2057/2057
f 2056/2056/2056 1986/1986/1986 2059/2059/2059
f 2057/2057/2057 2059/2059/2059 2058/2058/2058
f 2058/2058/2058 2060/2060/2060 1996/1996/1996
f 2059/2059/2059 2060/2060/2060 2058/2058/2058
f 1986/1986/1986 2061/2061/2061 2059/2059/2059
f 2059/2059/2059 2061/2061/2061 2060/2060/2060
f 1986/1986/1986 1983/1983/1983 2061/2061/2061
f 1983/1983/1983 1985/1985/1985 2061/2061/2061
f 2060/2060/2060 2062/2062/2062 1996/1996/1996
f 2060/2060/2060 2061/2061/2061 2062/2062/2062
f 2062/2062/2062 2061/2061/2061 1985/1985/1985
f 1996/1996/1996 2062/2062/2062 1989/1989/1989
f 2062/2062/2062 1985/1985/1985 2063/2063/2063
f 2063/2063/2063 1989/1989/1989 2062/2062/2062
f 1985/1985/1985 1972/1972/1972 2063/2063/2063
f 1989/1989/1989 2063/2063/2063 1981/1981/1981
f 2063/2063/2063 1972/1972/1972 1981/1981/1981
f 2066/2066/2066 2065/2065/2065 2064/2064/2064
f 2064/2064/2064 2065/2065/2065 2067/2067/2067
f 2064/2064/2064 2067/2067/2067 2068/2068/2068
f 2065/2065/2065 2069/2069/2069 2067/2067/2067
f 2067/2067/2067 2069/2069/2069 2070/2070/2070
f 2069/2069/2069 2071/2071/2071 2070/2070/2070
f 2067/2067/2067 2070/2070/2070 2072/2072/2072
f 2070/2070/2070 2071/2071/2071 2073/2073/2073
f 2070/2070/2070 2073/2073/2073 2072/2072/2072
f 2071/2071/2071 2074/2074/2074 2073/2073/2073
f 2074/2074/2074 2075/2075/2075 2073/2073/2073
f 2073/2073/2073 2076/2076/2076 2072/2072/2072
f 2072/2072/2072 2076/2076/2076 2077/2077/2077
f 2075/2075/2075 2078/2078/2078 2073/2073/2073
f 2073/2073/2073 2078/2078/2078 2079/2079/2079
f 2078/2078/2078 2075/2075/2075 2080/2080/2080
f 2075/2075/2075 2081/2081/2081 2080/2080/2080
f 2079/2079/2079 2078/2078/2078 2082/2082/2082
f 2078/2078/2078 2080/2080/2080 2082/2082/2082
f 2079/2079/2079 2082/2082/2082 2083/2083/2083
f 2080/2080/2080 2081/2081/2081 2084/2084/2084
f 2081/2081/2081 2085/2085/2085 2084/2084/2084
f 2085/2085/2085 2086/2086/2086 2084/2084/2084
f 2082/2082/2082 2080/2080/2080 2087/2087/2087
f 2080/2080/2080 2084/2084/2084 2087/2087/2087
f 2086/2086/2086 2088/2088/2088 2084/2084/2084
f 2084/2084/2084 2088/2088/2088 2087/2087/2087
f 2086/2086/2086 2089/2089/2089 2088/2088/2088
f 2083/2083/2083 2082/2082/2082 2090/2090/2090
f 2082/2082/2082 2087/2087/2087 2090/2090/2090
f 2089/2089/2089 2091/2091/2091 2088/2088/2088
f 2089/2089/2089 2092/2092/2092 2091/2091/2091
f 2088/2088/2088 2093/2093/2093 2087/2087/2087
f 2087/2087/2087 2093/2093/2093 2090/2090/2090
f 2088/2088/2088 2091/2091/2091 2093/2093/2093
f 2083/2083/2083 2090/2090/2090 2094/2094/2094
f 2095/2095/2095 2083/2083/2083 2094/2094/2094
f 2090/2090/2090 2096/2096/2096 2094/2094/2094
f 2093/2093/2093 2096/2096/2096 2090/2090/2090
f 2096/2096/2096 2097/2097/2097 2094/2094/2094
f 2092/2092/2092 2098/2098/2098 2091/2091/2091
f 2092/2092/2092 2099/2099/2099 2098/2098/2098
f 2091/2091/2091 2100/2100/2100 2093/2093/2093
f 2093/2093/2093 2100/2100/2100 2096/2096/2096
f 2091/2091/2091 2098/2098/2098 2100/2100/2100
f 2096/2096/2096 2101/2101/2101 2097/2097/2097
f 2100/2100/2100 2101/2101/2101 2096/2096/2096
f 2101/2101/2101 2102/2102/2102 2097/2097/2097
f 2099/2099/2099 2103/2103/2103 2098/2098/2098
f 2099/2099/2099 2104/2104/2104 2103/2103/2103
f 2104/2104/2104 2105/2105/2105 2103/2103/2103
f 2098/2098/2098 2106/2106/2106 2100/2100/2100
f 2100/2100/2100 2106/2106/2106 2101/2101/2101
f 2098/2098/2098 2103/2103/2103 2106/2106/2106
f 2103/2103/2103 2105/2105/2105 2107/2107/2107
f 2103/2103/2103 2107/2107/2107 2106/2106/2106
f 2105/2105/2105 2108/2108/2108 2107/2107/2107
f 2107/2107/2107 2108/2108/2108 2109/2109/2109
f 2106/2106/2106 2110/2110/2110 2101/2101/2101
f 2106/2106/2106 2107/2107/2107 2110/2110/2110
f 2101/2101/2101 2110/2110/2110 2111/2111/2111
f 2107/2107/2107 2112/2112/2112 2110/2110/2110
f 2115/2115/2115 2114/2114/2114 2113/2113/2113
f 2116/2116/2116 2115/2115/2115 2113/2113/2113
f 2116/2116/2116 2117/2117/2117 2115/2115/2115
f 2116/2116/2116 2113/2113/2113 2118/2118/2118
f 2113/2113/2113 2119/2119/2119 2118/2118/2118
f 2120/2120/2120 2118/2118/2118 2119/2119/2119
f 2120/2120/2120 2119/2119/2119 2121/2121/2121
f 2122/2122/2122 2120/2120/2120 2121/2121/2121
f 2122/2122/2122 2121/2121/2121 2123/2123/2123
f 2124/2124/2124 2117/2117/2117 2116/2116/2116
f 2124/2124/2124 2116/2116/2116 2125/2125/2125
f 2126/2126/2126 2117/2117/2117 2124/2124/2124
f 2124/2124/2124 2127/2127/2127 2126/2126/2126
f 2128/2128/2128 2127/2127/2127 2124/2124/2124
f 2128/2128/2128 2124/2124/2124 2129/2129/2129
f 2130/2130/2130 2127/2127/2127 2128/2128/2128
f 2128/2128/2128 2131/2131/2131 2130/2130/2130
f 2128/2128/2128 2129/2129/2129 2132/2132/2132
f 2132/2132/2132 2131/2131/2131 2128/2128/2128
f 2133/2133/2133 2131/2131/2131 2132/2132/2132
f 2132/2132/2132 2134/2134/2134 2133/2133/2133
f 2133/2133/2133 2134/2134/2134 2135/2135/2135
f 2134/2134/2134 2132/2132/2132 2136/2136/2136
f 2137/2137/2137 2135/2135/2135 2134/2134/2134
f 2134/2134/2134 2136/2136/2136 2137/2137/2137
f 2138/2138/2138 2135/2135/2135 2137/2137/2137
f 2137/2137/2137 2136/2136/2136 2139/2139/2139
f 2139/2139/2139 2138/2138/2138 2137/2137/2137
f 2139/2139/2139 2140/2140/2140 2138/2138/2138
f 2140/2140/2140 2139/2139/2139 2141/2141/2141
f 2138/2138/2138 2140/2140/2140 2142/2142/2142
f 2140/2140/2140 2141/2141/2141 2143/2143/2143
f 2143/2143/2143 2142/2142/2142 2140/2140/2140
f 2144/2144/2144 2142/2142/2142 2143/2143/2143
f 2145/2145/2145 2144/2144/2144 2143/2143/2143
f 2145/2145/2145 2143/2143/2143 2146/2146/2146
f 2145/2145/2145 2147/2147/2147 2144/2144/2144
f 2148/2148/2148 2147/2147/2147 2145/2145/2145
f 2148/2148/2148 2145/2145/2145 2149/2149/2149
f 2150/2150/2150 2147/2147/2147 2148/2148/2148
f 2148/2148/2148 2151/2151/2151 2150/2150/2150
f 2152/2152/2152 2151/2151/2151 2148/2148/2148
f 2153/2153/2153 2151/2151/2151 2152/2152/2152
f 2154/2154/2154 2153/2153/2153 2152/2152/2152
f 2152/2152/2152 2148/2148/2148 2155/2155/2155
f 2156/2156/2156 2154/2154/2154 2152/2152/2152
f 2152/2152/2152 2155/2155/2155 2156/2156/2156
f 2157/2157/2157 2154/2154/2154 2156/2156/2156
f 2158/2158/2158 2157/2157/2157 2156/2156/2156
f 2158/2158/2158 2156/2156/2156 2159/2159/2159
f 2156/2156/2156 2155/2155/2155 2159/2159/2159
f 2160/2160/2160 2159/2159/2159 2155/2155/2155
f 2160/2160/2160 2161/2161/2161 2159/2159/2159
f 2159/2159/2159 2161/2161/2161 2162/2162/2162
f 2163/2163/2163 2162/2162/2162 2161/2161/2161
f 2162/2162/2162 2163/2163/2163 2164/2164/2164
f 2167/2167/2167 2166/2166/2166 2165/2165/2165
f 2168/2168/2168 2167/2167/2167 2165/2165/2165
f 2168/2168/2168 2165/2165/2165 2169/2169/2169
f 2169/2169/2169 2165/2165/2165 2170/2170/2170
f 2171/2171/2171 2170/2170/2170 2165/2165/2165
f 2171/2171/2171 2165/2165/2165 2172/2172/2172
f 2173/2173/2173 2171/2171/2171 2172/2172/2172
f 2172/2172/2172 2174/2174/2174 2173/2173/2173
f 2175/2175/2175 2172/2172/2172 2165/2165/2165
f 2165/2165/2165 2176/2176/2176 2175/2175/2175
f 2177/2177/2177 2174/2174/2174 2172/2172/2172
f 2178/2178/2178 2174/2174/2174 2177/2177/2177
f 2177/2177/2177 2179/2179/2179 2178/2178/2178
f 2180/2180/2180 2172/2172/2172 2175/2175/2175
f 2177/2177/2177 2172/2172/2172 2180/2180/2180
f 2181/2181/2181 2179/2179/2179 2177/2177/2177
f 2182/2182/2182 2179/2179/2179 2181/2181/2181
f 2181/2181/2181 2183/2183/2183 2182/2182/2182
f 2177/2177/2177 2180/2180/2180 2184/2184/2184
f 2181/2181/2181 2177/2177/2177 2184/2184/2184
f 2185/2185/2185 2183/2183/2183 2181/2181/2181
f 2186/2186/2186 2183/2183/2183 2185/2185/2185
f 2185/2185/2185 2187/2187/2187 2186/2186/2186
f 2188/2188/2188 2187/2187/2187 2185/2185/2185
f 2187/2187/2187 2188/2188/2188 2189/2189/2189
f 2190/2190/2190 2189/2189/2189 2188/2188/2188
f 2191/2191/2191 2190/2190/2190 2188/2188/2188
f 2185/2185/2185 2181/2181/2181 2192/2192/2192
f 2181/2181/2181 2184/2184/2184 2192/2192/2192
f 2188/2188/2188 2185/2185/2185 2192/2192/2192
f 2191/2191/2191 2188/2188/2188 2193/2193/2193
f 2194/2194/2194 2191/2191/2191 2193/2193/2193
f 2193/2193/2193 2188/2188/2188 2195/2195/2195
f 2188/2188/2188 2196/2196/2196 2195/2195/2195
f 2196/2196/2196 2188/2188/2188 2192/2192/2192
f 2195/2195/2195 2196/2196/2196 2197/2197/2197
f 2196/2196/2196 2198/2198/2198 2197/2197/2197
f 2196/2196/2196 2192/2192/2192 2198/2198/2198
f 2197/2197/2197 2198/2198/2198 2199/2199/2199
f 2200/2200/2200 2192/2192/2192 2184/2184/2184
f 2198/2198/2198 2192/2192/2192 2200/2200/2200
f 2199/2199/2199 2198/2198/2198 2201/2201/2201
f 2200/2200/2200 2201/2201/2201 2198/2198/2198
f 2201/2201/2201 2200/2200/2200 2202/2202/2202
f 2202/2202/2202 2200/2200/2200 2203/2203/2203
f 2200/2200/2200 2184/2184/2184 2203/2203/2203
f 2180/2180/2180 2203/2203/2203 2184/2184/2184
f 2204/2204/2204 2203/2203/2203 2180/2180/2180
f 2203/2203/2203 2204/2204/2204 2202/2202/2202
f 2202/2202/2202 2204/2204/2204 2205/2205/2205
f 2204/2204/2204 2180/2180/2180 2206/2206/2206
f 2205/2205/2205 2204/2204/2204 2206/2206/2206
f 2180/2180/2180 2175/2175/2175 2206/2206/2206
f 2175/2175/2175 2207/2207/2207 2206/2206/2206
f 2176/2176/2176 2207/2207/2207 2175/2175/2175
f 2206/2206/2206 2208/2208/2208 2205/2205/2205
f 2207/2207/2207 2208/2208/2208 2206/2206/2206
f 2205/2205/2205 2208/2208/2208 2209/2209/2209
f 2209/2209/2209 2208/2208/2208 2210/2210/2210
f 2208/2208/2208 2207/2207/2207 2210/2210/2210
f 2202/2202/2202 2211/2211/2211 2201/2201/2201
f 2212/2212/2212 2201/2201/2201 2211/2211/2211
f 2213/2213/2213 2211/2211/2211 2202/2202/2202
f 2202/2202/2202 2214/2214/2214 2213/2213/2213
f 2202/2202/2202 2215/2215/2215 2214/2214/2214
f 2205/2205/2205 2215/2215/2215 2202/2202/2202
f 2216/2216/2216 2215/2215/2215 2205/2205/2205
f 2217/2217/2217 2216/2216/2216 2205/2205/2205
f 2209/2209/2209 2217/2217/2217 2205/2205/2205
f 2201/2201/2201 2212/2212/2212 2199/2199/2199
f 2218/2218/2218 2217/2217/2217 2209/2209/2209
f 2219/2219/2219 2218/2218/2218 2209/2209/2209
f 2212/2212/2212 2220/2220/2220 2199/2199/2199
f 2219/2219/2219 2209/2209/2209 2221/2221/2221
f 2221/2221/2221 2209/2209/2209 2222/2222/2222
f 2223/2223/2223 2221/2221/2221 2222/2222/2222
f 2224/2224/2224 2223/2223/2223 2222/2222/2222
f 2225/2225/2225 2224/2224/2224 2222/2222/2222
f 2199/2199/2199 2220/2220/2220 2226/2226/2226
f 2227/2227/2227 2226/2226/2226 2220/2220/2220
f 2228/2228/2228 2226/2226/2226 2227/2227/2227
f 2229/2229/2229 2228/2228/2228 2227/2227/2227
f 2226/2226/2226 2230/2230/2230 2199/2199/2199
f 2231/2231/2231 2228/2228/2228 2229/2229/2229
f 2226/2226/2226 2232/2232/2232 2230/2230/2230
f 2228/2228/2228 2232/2232/2232 2226/2226/2226
f 2233/2233/2233 2230/2230/2230 2232/2232/2232
f 2234/2234/2234 2233/2233/2233 2232/2232/2232
f 2235/2235/2235 2233/2233/2233 2234/2234/2234
f 2236/2236/2236 2225/2225/2225 2222/2222/2222
f 2237/2237/2237 2225/2225/2225 2236/2236/2236
f 2237/2237/2237 2236/2236/2236 2238/2238/2238
f 2228/2228/2228 2231/2231/2231 2239/2239/2239
f 2239/2239/2239 2231/2231/2231 2240/2240/2240
f 2241/2241/2241 2232/2232/2232 2228/2228/2228
f 2234/2234/2234 2232/2232/2232 2241/2241/2241
f 2242/2242/2242 2235/2235/2235 2234/2234/2234
f 2243/2243/2243 2235/2235/2235 2242/2242/2242
f 2244/2244/2244 2243/2243/2243 2242/2242/2242
f 2242/2242/2242 2234/2234/2234 2245/2245/2245
f 2245/2245/2245 2234/2234/2234 2241/2241/2241
f 2244/2244/2244 2242/2242/2242 2246/2246/2246
f 2246/2246/2246 2242/2242/2242 2245/2245/2245
f 2247/2247/2247 2244/2244/2244 2246/2246/2246
f 2248/2248/2248 2247/2247/2247 2246/2246/2246
f 2249/2249/2249 2248/2248/2248 2246/2246/2246
f 2249/2249/2249 2246/2246/2246 2245/2245/2245
f 2250/2250/2250 2248/2248/2248 2249/2249/2249
f 2251/2251/2251 2250/2250/2250 2249/2249/2249
f 2252/2252/2252 2249/2249/2249 2245/2245/2245
f 2251/2251/2251 2249/2249/2249 2252/2252/2252
f 2252/2252/2252 2245/2245/2245 2241/2241/2241
f 2253/2253/2253 2251/2251/2251 2252/2252/2252
f 2254/2254/2254 2252/2252/2252 2241/2241/2241
f 2253/2253/2253 2252/2252/2252 2254/2254/2254
f 2228/2228/2228 2254/2254/2254 2241/2241/2241
f 2255/2255/2255 2253/2253/2253 2254/2254/2254
f 2239/2239/2239 2254/2254/2254 2228/2228/2228
f 2255/2255/2255 2254/2254/2254 2239/2239/2239
f 2239/2239/2239 2240/2240/2240 2256/2256/2256
f 2256/2256/2256 2240/2240/2240 1842/1842/1842
f 2256/2256/2256 2257/2257/2257 2239/2239/2239
f 2256/2256/2256 1842/1842/1842 1840/1840/1840
f 2257/2257/2257 2256/2256/2256 1840/1840/1840
f 2258/2258/2258 2257/2257/2257 1840/1840/1840
f 1840/1840/1840 2259/2259/2259 2258/2258/2258
f 1836/1836/1836 2259/2259/2259 1840/1840/1840
f 2258/2258/2258 2260/2260/2260 2257/2257/2257
f 2257/2257/2257 2260/2260/2260 2261/2261/2261
f 2262/2262/2262 2261/2261/2261 2260/2260/2260
f 2263/2263/2263 2260/2260/2260 2258/2258/2258
f 2264/2264/2264 2262/2262/2262 2260/2260/2260
f 2260/2260/2260 2263/2263/2263 2264/2264/2264
f 2264/2264/2264 2265/2265/2265 2262/2262/2262
f 2262/2262/2262 2265/2265/2265 2266/2266/2266
f 2265/2265/2265 2264/2264/2264 2267/2267/2267
f 2268/2268/2268 2267/2267/2267 2264/2264/2264
f 2268/2268/2268 2264/2264/2264 2269/2269/2269
f 2269/2269/2269 2264/2264/2264 2270/2270/2270
f 2270/2270/2270 2264/2264/2264 2271/2271/2271
f 2271/2271/2271 2264/2264/2264 2272/2272/2272
f 2272/2272/2272 2264/2264/2264 2273/2273/2273
f 2274/2274/2274 2273/2273/2273 2264/2264/2264
f 2264/2264/2264 2263/2263/2263 2274/2274/2274
f 2275/2275/2275 2273/2273/2273 2274/2274/2274
f 2276/2276/2276 2275/2275/2275 2274/2274/2274
f 2274/2274/2274 2263/2263/2263 2276/2276/2276
f 2277/2277/2277 2275/2275/2275 2276/2276/2276
f 2278/2278/2278 2277/2277/2277 2276/2276/2276
f 2278/2278/2278 2279/2279/2279 2277/2277/2277
f 2279/2279/2279 2278/2278/2278 2280/2280/2280
f 2281/2281/2281 2276/2276/2276 2263/2263/2263
f 2258/2258/2258 2281/2281/2281 2263/2263/2263
f 2259/2259/2259 2281/2281/2281 2258/2258/2258
f 2281/2281/2281 2282/2282/2282 2276/2276/2276
f 2278/2278/2278 2276/2276/2276 2282/2282/2282
f 2282/2282/2282 2281/2281/2281 2259/2259/2259
f 2259/2259/2259 2283/2283/2283 2282/2282/2282
f 2283/2283/2283 2278/2278/2278 2282/2282/2282
f 2284/2284/2284 2280/2280/2280 2278/2278/2278
f 2285/2285/2285 2280/2280/2280 2284/2284/2284
f 2286/2286/2286 2285/2285/2285 2284/2284/2284
f 2287/2287/2287 2283/2283/2283 2259/2259/2259
f 2259/2259/2259 1836/1836/1836 2287/2287/2287
f 2278/2278/2278 2283/2283/2283 2288/2288/2288
f 2284/2284/2284 2278/2278/2278 2288/2288/2288
f 2288/2288/2288 2283/2283/2283 2287/2287/2287
f 2289/2289/2289 2286/2286/2286 2284/2284/2284
f 2288/2288/2288 2289/2289/2289 2284/2284/2284
f 2289/2289/2289 2290/2290/2290 2286/2286/2286
f 2290/2290/2290 2289/2289/2289 2291/2291/2291
f 2292/2292/2292 2287/2287/2287 1836/1836/1836
f 2287/2287/2287 2292/2292/2292 2288/2288/2288
f 2293/2293/2293 2291/2291/2291 2289/2289/2289
f 2294/2294/2294 2291/2291/2291 2293/2293/2293
f 2293/2293/2293 2295/2295/2295 2294/2294/2294
f 2295/2295/2295 2293/2293/2293 2296/2296/2296
f 2297/2297/2297 2289/2289/2289 2288/2288/2288
f 2288/2288/2288 2292/2292/2292 2297/2297/2297
f 2293/2293/2293 2289/2289/2289 2297/2297/2297
f 1836/1836/1836 2298/2298/2298 2292/2292/2292
f 2298/2298/2298 2297/2297/2297 2292/2292/2292
f 1828/1828/1828 2298/2298/2298 1836/1836/1836
f 2299/2299/2299 2296/2296/2296 2293/2293/2293
f 2297/2297/2297 2299/2299/2299 2293/2293/2293
f 2300/2300/2300 2296/2296/2296 2299/2299/2299
f 2301/2301/2301 2297/2297/2297 2298/2298/2298
f 2301/2301/2301 2299/2299/2299 2297/2297/2297
f 2299/2299/2299 2302/2302/2302 2300/2300/2300
f 2302/2302/2302 2299/2299/2299 2301/2301/2301
f 2300/2300/2300 2302/2302/2302 2303/2303/2303
f 2304/2304/2304 2303/2303/2303 2302/2302/2302
f 2301/2301/2301 2304/2304/2304 2302/2302/2302
f 2304/2304/2304 2305/2305/2305 2303/2303/2303
f 2304/2304/2304 2306/2306/2306 2305/2305/2305
f 2304/2304/2304 2307/2307/2307 2306/2306/2306
f 2307/2307/2307 2304/2304/2304 2308/2308/2308
f 2304/2304/2304 2309/2309/2309 2308/2308/2308
f 2309/2309/2309 2304/2304/2304 2310/2310/2310
f 2310/2310/2310 2304/2304/2304 2311/2311/2311
f 2311/2311/2311 2304/2304/2304 2312/2312/2312
f 2312/2312/2312 2304/2304/2304 2313/2313/2313
f 2314/2314/2314 2313/2313/2313 2304/2304/2304
f 2313/2313/2313 2314/2314/2314 2315/2315/2315
f 2316/2316/2316 2315/2315/2315 2314/2314/2314
f 2317/2317/2317 2316/2316/2316 2314/2314/2314
f 2318/2318/2318 2317/2317/2317 2314/2314/2314
f 2319/2319/2319 2318/2318/2318 2314/2314/2314
f 2314/2314/2314 2304/2304/2304 2320/2320/2320
f 2320/2320/2320 2304/2304/2304 2301/2301/2301
f 2321/2321/2321 2319/2319/2319 2314/2314/2314
f 2321/2321/2321 2314/2314/2314 2320/2320/2320
f 2322/2322/2322 2319/2319/2319 2321/2321/2321
f 2323/2323/2323 2322/2322/2322 2321/2321/2321
f 1804/1804/1804 2322/2322/2322 2323/2323/2323
f 1803/1803/1803 1804/1804/1804 2323/2323/2323
f 2323/2323/2323 2321/2321/2321 2324/2324/2324
f 2324/2324/2324 2321/2321/2321 2320/2320/2320
f 1803/1803/1803 2323/2323/2323 2325/2325/2325
f 2325/2325/2325 2323/2323/2323 2324/2324/2324
f 1812/1812/1812 1803/1803/1803 2325/2325/2325
f 1812/1812/1812 2325/2325/2325 1815/1815/1815
f 2325/2325/2325 2324/2324/2324 1815/1815/1815
f 1815/1815/1815 2324/2324/2324 2326/2326/2326
f 2326/2326/2326 2324/2324/2324 2320/2320/2320
f 1815/1815/1815 2326/2326/2326 1814/1814/1814
f 1814/1814/1814 2326/2326/2326 1828/1828/1828
f 2326/2326/2326 2320/2320/2320 2327/2327/2327
f 1828/1828/1828 2326/2326/2326 2327/2327/2327
f 2320/2320/2320 2301/2301/2301 2327/2327/2327
f 2327/2327/2327 2298/2298/2298 1828/1828/1828
f 2327/2327/2327 2301/2301/2301 2298/2298/2298
f 2330/2330/2330 2329/2329/2329 2328/2328/2328
f 2331/2331/2331 2329/2329/2329 2330/2330/2330
f 2332/2332/2332 2331/2331/2331 2330/2330/2330
f 2333/2333/2333 2331/2331/2331 2332/2332/2332
f 2334/2334/2334 2333/2333/2333 2332/2332/2332
f 2335/2335/2335 2334/2334/2334 2332/2332/2332
f 2336/2336/2336 2335/2335/2335 2332/2332/2332
f 2339/2339/2339 2338/2338/2338 2337/2337/2337
f 2340/2340/2340 2338/2338/2338 2339/2339/2339
f 2341/2341/2341 2340/2340/2340 2339/2339/2339
f 2342/2342/2342 2340/2340/2340 2341/2341/2341
f 2343/2343/2343 2342/2342/2342 2341/2341/2341
f 2343/2343/2343 2341/2341/2341 2344/2344/2344
f 2345/2345/2345 2343/2343/2343 2344/2344/2344
f 2341/2341/2341 2339/2339/2339 2346/2346/2346
f 2344/2344/2344 2341/2341/2341 2346/2346/2346
f 2345/2345/2345 2344/2344/2344 2347/2347/2347
f 2348/2348/2348 2345/2345/2345 2347/2347/2347
f 2346/2346/2346 2339/2339/2339 2349/2349/2349
f 2339/2339/2339 2350/2350/2350 2349/2349/2349
f 2349/2349/2349 2350/2350/2350 2351/2351/2351
f 2346/2346/2346 2349/2349/2349 2351/2351/2351
f 2352/2352/2352 2351/2351/2351 2350/2350/2350
f 2353/2353/2353 2351/2351/2351 2352/2352/2352
f 2344/2344/2344 2346/2346/2346 2354/2354/2354
f 2354/2354/2354 2346/2346/2346 2351/2351/2351
f 2347/2347/2347 2344/2344/2344 2354/2354/2354
f 2354/2354/2354 2351/2351/2351 2353/2353/2353
f 2348/2348/2348 2347/2347/2347 2355/2355/2355
f 2356/2356/2356 2348/2348/2348 2355/2355/2355
f 2347/2347/2347 2354/2354/2354 2357/2357/2357
f 2357/2357/2357 2354/2354/2354 2353/2353/2353
f 2355/2355/2355 2347/2347/2347 2357/2357/2357
f 2356/2356/2356 2355/2355/2355 2358/2358/2358
f 2359/2359/2359 2356/2356/2356 2358/2358/2358
f 2357/2357/2357 2353/2353/2353 2360/2360/2360
f 2360/2360/2360 2353/2353/2353 2361/2361/2361
f 2355/2355/2355 2357/2357/2357 2362/2362/2362
f 2362/2362/2362 2357/2357/2357 2360/2360/2360
f 2358/2358/2358 2355/2355/2355 2362/2362/2362
f 2359/2359/2359 2358/2358/2358 2363/2363/2363
f 2364/2364/2364 2359/2359/2359 2363/2363/2363
f 2362/2362/2362 2360/2360/2360 2365/2365/2365
f 2365/2365/2365 2360/2360/2360 2366/2366/2366
f 2358/2358/2358 2362/2362/2362 2367/2367/2367
f 2367/2367/2367 2362/2362/2362 2365/2365/2365
f 2363/2363/2363 2358/2358/2358 2367/2367/2367
f 2364/2364/2364 2363/2363/2363 2368/2368/2368
f 2369/2369/2369 2364/2364/2364 2368/2368/2368
f 2370/2370/2370 2369/2369/2369 2368/2368/2368
f 2367/2367/2367 2365/2365/2365 2371/2371/2371
f 2371/2371/2371 2365/2365/2365 2372/2372/2372
f 2363/2363/2363 2367/2367/2367 2373/2373/2373
f 2368/2368/2368 2363/2363/2363 2373/2373/2373
f 2373/2373/2373 2367/2367/2367 2371/2371/2371
f 2374/2374/2374 2370/2370/2370 2368/2368/2368
f 2374/2374/2374 2368/2368/2368 2373/2373/2373
f 2375/2375/2375 2370/2370/2370 2374/2374/2374
f 2376/2376/2376 2373/2373/2373 2371/2371/2371
f 2376/2376/2376 2374/2374/2374 2373/2373/2373
f 2377/2377/2377 2375/2375/2375 2374/2374/2374
f 2377/2377/2377 2374/2374/2374 2376/2376/2376
f 2378/2378/2378 2375/2375/2375 2377/2377/2377
f 2379/2379/2379 2376/2376/2376 2371/2371/2371
f 2379/2379/2379 2371/2371/2371 2380/2380/2380
f 2381/2381/2381 2378/2378/2378 2377/2377/2377
f 2382/2382/2382 2378/2378/2378 2381/2381/2381
f 2383/2383/2383 2382/2382/2382 2381/2381/2381
f 2384/2384/2384 2377/2377/2377 2376/2376/2376
f 2384/2384/2384 2376/2376/2376 2379/2379/2379
f 2381/2381/2381 2377/2377/2377 2384/2384/2384
f 2383/2383/2383 2381/2381/2381 2385/2385/2385
f 2385/2385/2385 2381/2381/2381 2384/2384/2384
f 2386/2386/2386 2383/2383/2383 2385/2385/2385
f 2387/2387/2387 2384/2384/2384 2379/2379/2379
f 2385/2385/2385 2384/2384/2384 2387/2387/2387
f 2387/2387/2387 2379/2379/2379 2388/2388/2388
f 2389/2389/2389 2385/2385/2385 2387/2387/2387
f 2389/2389/2389 2387/2387/2387 2390/2390/2390
f 2393/2393/2393 2392/2392/2392 2391/2391/2391
f 2394/2394/2394 2392/2392/2392 2393/2393/2393
f 2395/2395/2395 2394/2394/2394 2393/2393/2393
f 2396/2396/2396 2394/2394/2394 2395/2395/2395
f 2397/2397/2397 2396/2396/2396 2395/2395/2395
f 2398/2398/2398 2396/2396/2396 2397/2397/2397
f 2399/2399/2399 2398/2398/2398 2397/2397/2397
f 2402/2402/2402 2401/2401/2401 2400/2400/2400
f 2403/2403/2403 2402/2402/2402 2400/2400/2400
f 2404/2404/2404 2402/2402/2402 2403/2403/2403
f 2405/2405/2405 2404/2404/2404 2403/2403/2403
f 2406/2406/2406 2404/2404/2404 2405/2405/2405
f 2407/2407/2407 2406/2406/2406 2405/2405/2405
f 2408/2408/2408 2406/2406/2406 2407/2407/2407
f 2409/2409/2409 2408/2408/2408 2407/2407/2407
f 2412/2412/2412 2411/2411/2411 2410/2410/2410
f 2413/2413/2413 2411/2411/2411 2412/2412/2412
f 2414/2414/2414 2413/2413/2413 2412/2412/2412
f 2415/2415/2415 2413/2413/2413 2414/2414/2414
f 2416/2416/2416 2415/2415/2415 2414/2414/2414
f 2417/2417/2417 2415/2415/2415 2416/2416/2416
f 2418/2418/2418 2417/2417/2417 2416/2416/2416
f 2419/2419/2419 2418/2418/2418 2416/2416/2416
f 2420/2420/2420 2419/2419/2419 2416/2416/2416
f 2420/2420/2420 2416/2416/2416 2414/2414/2414
f 2421/2421/2421 2419/2419/2419 2420/2420/2420
f 2422/2422/2422 2421/2421/2421 2420/2420/2420
f 2423/2423/2423 2420/2420/2420 2414/2414/2414
f 2422/2422/2422 2420/2420/2420 2423/2423/2423
f 2423/2423/2423 2414/2414/2414 2412/2412/2412
f 2424/2424/2424 2422/2422/2422 2423/2423/2423
f 2424/2424/2424 2423/2423/2423 2425/2425/2425
f 2425/2425/2425 2423/2423/2423 2412/2412/2412
f 2425/2425/2425 2412/2412/2412 2426/2426/2426
f 2429/2429/2429 2428/2428/2428 2427/2427/2427
f 2430/2430/2430 2428/2428/2428 2429/2429/2429
f 2431/2431/2431 2430/2430/2430 2429/2429/2429
f 2432/2432/2432 2430/2430/2430 2431/2431/2431
f 2433/2433/2433 2432/2432/2432 2431/2431/2431
f 2434/2434/2434 2432/2432/2432 2433/2433/2433
f 2435/2435/2435 2434/2434/2434 2433/2433/2433
f 2438/2438/2438 2437/2437/2437 2436/2436/2436
f 2437/2437/2437 2438/2438/2438 2439/2439/2439
f 2440/2440/2440 2437/2437/2437 2439/2439/2439
f 2441/2441/2441 2437/2437/2437 2440/2440/2440
f 2438/2438/2438 2442/2442/2442 2439/2439/2439
f 2442/2442/2442 2438/2438/2438 2443/2443/2443
f 2439/2439/2439 2442/2442/2442 2444/2444/2444
f 2444/2444/2444 2442/2442/2442 2445/2445/2445
f 2445/2445/2445 2442/2442/2442 2446/2446/2446
f 2444/2444/2444 2445/2445/2445 2447/2447/2447
f 2447/2447/2447 2445/2445/2445 2448/2448/2448
f 2445/2445/2445 2449/2449/2449 2448/2448/2448
f 2449/2449/2449 2445/2445/2445 2450/2450/2450
f 2448/2448/2448 2449/2449/2449 2451/2451/2451
f 2449/2449/2449 2452/2452/2452 2451/2451/2451
f 2451/2451/2451 2452/2452/2452 2453/2453/2453
f 2452/2452/2452 2449/2449/2449 2454/2454/2454
f 2455/2455/2455 2453/2453/2453 2452/2452/2452
f 2453/2453/2453 2455/2455/2455 2456/2456/2456
f 2456/2456/2456 2455/2455/2455 2457/2457/2457
f 2458/2458/2458 2457/2457/2457 2455/2455/2455
f 2459/2459/2459 2458/2458/2458 2455/2455/2455
f 2460/2460/2460 2458/2458/2458 2459/2459/2459
f 2460/2460/2460 2459/2459/2459 2461/2461/2461
f 2461/2461/2461 2459/2459/2459 2462/2462/2462
f 2463/2463/2463 2462/2462/2462 2459/2459/2459
f 2463/2463/2463 2464/2464/2464 2462/2462/2462
f 2465/2465/2465 2464/2464/2464 2463/2463/2463
f 2466/2466/2466 2464/2464/2464 2465/2465/2465
f 2467/2467/2467 2466/2466/2466 2465/2465/2465
f 2468/2468/2468 2467/2467/2467 2465/2465/2465
f 2469/2469/2469 2468/2468/2468 2465/2465/2465
f 2470/2470/2470 2469/2469/2469 2465/2465/2465
f 2470/2470/2470 2471/2471/2471 2469/2469/2469
f 2471/2471/2471 2470/2470/2470 2472/2472/2472
f 2473/2473/2473 2472/2472/2472 2470/2470/2470
f 2473/2473/2473 2474/2474/2474 2472/2472/2472
f 2475/2475/2475 2474/2474/2474 2473/2473/2473
f 2474/2474/2474 2475/2475/2475 2476/2476/2476
f 2476/2476/2476 2475/2475/2475 2477/2477/2477
f 2477/2477/2477 2475/2475/2475 2478/2478/2478
f 2479/2479/2479 2478/2478/2478 2475/2475/2475
f 2479/2479/2479 2480/2480/2480 2478/2478/2478
f 2480/2480/2480 2479/2479/2479 1376/1376/1376
f 1375/1375/1375 1376/1376/1376 2479/2479/2479
f 2470/2470/2470 2481/2481/2481 2473/2473/2473
f 2482/2482/2482 2475/2475/2475 2473/2473/2473
f 2482/2482/2482 2473/2473/2473 2481/2481/2481
f 2479/2479/2479 2475/2475/2475 2483/2483/2483
f 2483/2483/2483 2475/2475/2475 2482/2482/2482
f 1375/1375/1375 2479/2479/2479 2484/2484/2484
f 2484/2484/2484 2479/2479/2479 2483/2483/2483
f 2481/2481/2481 2470/2470/2470 2485/2485/2485
f 2485/2485/2485 2470/2470/2470 2465/2465/2465
f 2486/2486/2486 1375/1375/1375 2484/2484/2484
f 1375/1375/1375 2486/2486/2486 1366/1366/1366
f 2485/2485/2485 2465/2465/2465 2487/2487/2487
f 2487/2487/2487 2465/2465/2465 2488/2488/2488
f 2488/2488/2488 2465/2465/2465 2463/2463/2463
f 2489/2489/2489 1366/1366/1366 2486/2486/2486
f 2490/2490/2490 1366/1366/1366 2489/2489/2489
f 1362/1362/1362 1366/1366/1366 2490/2490/2490
f 2489/2489/2489 2486/2486/2486 2491/2491/2491
f 2492/2492/2492 2486/2486/2486 2484/2484/2484
f 2491/2491/2491 2486/2486/2486 2492/2492/2492
f 2491/2491/2491 2492/2492/2492 2493/2493/2493
f 2492/2492/2492 2484/2484/2484 2494/2494/2494
f 2492/2492/2492 2494/2494/2494 2493/2493/2493
f 2494/2494/2494 2484/2484/2484 2495/2495/2495
f 2495/2495/2495 2484/2484/2484 2483/2483/2483
f 2490/2490/2490 2489/2489/2489 2496/2496/2496
f 2496/2496/2496 2489/2489/2489 2491/2491/2491
f 2496/2496/2496 2491/2491/2491 2497/2497/2497
f 2491/2491/2491 2498/2498/2498 2497/2497/2497
f 2498/2498/2498 2491/2491/2491 2493/2493/2493
f 2494/2494/2494 2499/2499/2499 2493/2493/2493
f 2494/2494/2494 2495/2495/2495 2499/2499/2499
f 2500/2500/2500 1362/1362/1362 2490/2490/2490
f 2501/2501/2501 2490/2490/2490 2496/2496/2496
f 2501/2501/2501 2500/2500/2500 2490/2490/2490
f 2502/2502/2502 2500/2500/2500 2501/2501/2501
f 2503/2503/2503 1362/1362/1362 2500/2500/2500
f 2503/2503/2503 2500/2500/2500 2502/2502/2502
f 1374/1374/1374 1362/1362/1362 2503/2503/2503
f 1374/1374/1374 2503/2503/2503 2502/2502/2502
f 2501/2501/2501 2496/2496/2496 2504/2504/2504
f 2497/2497/2497 2504/2504/2504 2496/2496/2496
f 2502/2502/2502 2501/2501/2501 2505/2505/2505
f 2505/2505/2505 2501/2501/2501 2504/2504/2504
f 2506/2506/2506 1374/1374/1374 2502/2502/2502
f 2506/2506/2506 1346/1346/1346 1374/1374/1374
f 1343/1343/1343 1346/1346/1346 2506/2506/2506
f 2507/2507/2507 1343/1343/1343 2506/2506/2506
f 1311/1311/1311 1343/1343/1343 2507/2507/2507
f 2508/2508/2508 2502/2502/2502 2505/2505/2505
f 2509/2509/2509 2506/2506/2506 2502/2502/2502
f 2509/2509/2509 2502/2502/2502 2508/2508/2508
f 2505/2505/2505 2504/2504/2504 2510/2510/2510
f 2508/2508/2508 2505/2505/2505 2510/2510/2510
f 2504/2504/2504 2511/2511/2511 2510/2510/2510
f 2512/2512/2512 2508/2508/2508 2510/2510/2510
f 2511/2511/2511 2504/2504/2504 2513/2513/2513
f 2508/2508/2508 2512/2512/2512 2514/2514/2514
f 2509/2509/2509 2508/2508/2508 2514/2514/2514
f 2497/2497/2497 2513/2513/2513 2504/2504/2504
f 2513/2513/2513 2497/2497/2497 2515/2515/2515
f 2515/2515/2515 2497/2497/2497 2516/2516/2516
f 2516/2516/2516 2497/2497/2497 2517/2517/2517
f 2517/2517/2517 2497/2497/2497 2518/2518/2518
f 2498/2498/2498 2518/2518/2518 2497/2497/2497
f 2519/2519/2519 2518/2518/2518 2498/2498/2498
f 2519/2519/2519 2498/2498/2498 2520/2520/2520
f 2520/2520/2520 2498/2498/2498 2493/2493/2493
f 2520/2520/2520 2493/2493/2493 2521/2521/2521
f 2521/2521/2521 2493/2493/2493 2522/2522/2522
f 2522/2522/2522 2493/2493/2493 2499/2499/2499
f 2522/2522/2522 2499/2499/2499 2523/2523/2523
f 2499/2499/2499 2524/2524/2524 2523/2523/2523
f 2524/2524/2524 2525/2525/2525 2523/2523/2523
f 2495/2495/2495 2524/2524/2524 2499/2499/2499
f 2524/2524/2524 2526/2526/2526 2525/2525/2525
f 2526/2526/2526 2527/2527/2527 2525/2525/2525
f 2495/2495/2495 2528/2528/2528 2524/2524/2524
f 2524/2524/2524 2528/2528/2528 2526/2526/2526
f 2495/2495/2495 2483/2483/2483 2528/2528/2528
f 2526/2526/2526 2529/2529/2529 2527/2527/2527
f 2526/2526/2526 2528/2528/2528 2529/2529/2529
f 2527/2527/2527 2529/2529/2529 2530/2530/2530
f 2528/2528/2528 2483/2483/2483 2531/2531/2531
f 2531/2531/2531 2529/2529/2529 2528/2528/2528
f 2483/2483/2483 2482/2482/2482 2531/2531/2531
f 2531/2531/2531 2532/2532/2532 2529/2529/2529
f 2532/2532/2532 2531/2531/2531 2482/2482/2482
f 2530/2530/2530 2529/2529/2529 2533/2533/2533
f 2529/2529/2529 2532/2532/2532 2533/2533/2533
f 2533/2533/2533 2534/2534/2534 2530/2530/2530
f 2533/2533/2533 2532/2532/2532 2534/2534/2534
f 2530/2530/2530 2534/2534/2534 2535/2535/2535
f 2532/2532/2532 2482/2482/2482 2536/2536/2536
f 2536/2536/2536 2534/2534/2534 2532/2532/2532
f 2482/2482/2482 2481/2481/2481 2536/2536/2536
f 2535/2535/2535 2534/2534/2534 2537/2537/2537
f 2534/2534/2534 2536/2536/2536 2537/2537/2537
f 2538/2538/2538 2536/2536/2536 2481/2481/2481
f 2537/2537/2537 2536/2536/2536 2538/2538/2538
f 2537/2537/2537 2539/2539/2539 2535/2535/2535
f 2537/2537/2537 2538/2538/2538 2539/2539/2539
f 2539/2539/2539 2540/2540/2540 2535/2535/2535
f 2538/2538/2538 2481/2481/2481 2541/2541/2541
f 2538/2538/2538 2541/2541/2541 2539/2539/2539
f 2541/2541/2541 2481/2481/2481 2485/2485/2485
f 2539/2539/2539 2542/2542/2542 2540/2540/2540
f 2541/2541/2541 2542/2542/2542 2539/2539/2539
f 2542/2542/2542 2543/2543/2543 2540/2540/2540
f 2543/2543/2543 2542/2542/2542 2544/2544/2544
f 2541/2541/2541 2485/2485/2485 2545/2545/2545
f 2541/2541/2541 2545/2545/2545 2542/2542/2542
f 2542/2542/2542 2546/2546/2546 2544/2544/2544
f 2542/2542/2542 2545/2545/2545 2546/2546/2546
f 2544/2544/2544 2546/2546/2546 2547/2547/2547
f 2545/2545/2545 2485/2485/2485 2548/2548/2548
f 2548/2548/2548 2546/2546/2546 2545/2545/2545
f 2548/2548/2548 2485/2485/2485 2487/2487/2487
f 2546/2546/2546 2549/2549/2549 2547/2547/2547
f 2546/2546/2546 2548/2548/2548 2549/2549/2549
f 2547/2547/2547 2549/2549/2549 2550/2550/2550
f 2548/2548/2548 2487/2487/2487 2551/2551/2551
f 2548/2548/2548 2551/2551/2551 2549/2549/2549
f 2550/2550/2550 2549/2549/2549 2552/2552/2552
f 2549/2549/2549 2551/2551/2551 2552/2552/2552
f 2550/2550/2550 2552/2552/2552 2553/2553/2553
f 2553/2553/2553 2552/2552/2552 2554/2554/2554
f 2551/2551/2551 2487/2487/2487 2555/2555/2555
f 2555/2555/2555 2552/2552/2552 2551/2551/2551
f 2555/2555/2555 2487/2487/2487 2488/2488/2488
f 2554/2554/2554 2552/2552/2552 2556/2556/2556
f 2552/2552/2552 2555/2555/2555 2556/2556/2556
f 2556/2556/2556 2555/2555/2555 2557/2557/2557
f 2554/2554/2554 2556/2556/2556 2558/2558/2558
f 2558/2558/2558 2556/2556/2556 2559/2559/2559
f 2559/2559/2559 2556/2556/2556 2557/2557/2557
f 2559/2559/2559 2557/2557/2557 2560/2560/2560
f 2560/2560/2560 2557/2557/2557 2561/2561/2561
f 2555/2555/2555 2488/2488/2488 2562/2562/2562
f 2555/2555/2555 2562/2562/2562 2557/2557/2557
f 2561/2561/2561 2557/2557/2557 2563/2563/2563
f 2561/2561/2561 2563/2563/2563 2564/2564/2564
f 2564/2564/2564 2563/2563/2563 2565/2565/2565
f 2488/2488/2488 2566/2566/2566 2562/2562/2562
f 2488/2488/2488 2463/2463/2463 2566/2566/2566
f 2562/2562/2562 2567/2567/2567 2557/2557/2557
f 2567/2567/2567 2563/2563/2563 2557/2557/2557
f 2566/2566/2566 2567/2567/2567 2562/2562/2562
f 2563/2563/2563 2568/2568/2568 2565/2565/2565
f 2563/2563/2563 2567/2567/2567 2568/2568/2568
f 2566/2566/2566 2463/2463/2463 2569/2569/2569
f 2463/2463/2463 2459/2459/2459 2569/2569/2569
f 2567/2567/2567 2566/2566/2566 2570/2570/2570
f 2567/2567/2567 2570/2570/2570 2568/2568/2568
f 2566/2566/2566 2569/2569/2569 2570/2570/2570
f 2568/2568/2568 2571/2571/2571 2565/2565/2565
f 2571/2571/2571 2572/2572/2572 2565/2565/2565
f 2570/2570/2570 2573/2573/2573 2568/2568/2568
f 2570/2570/2570 2569/2569/2569 2573/2573/2573
f 2573/2573/2573 2571/2571/2571 2568/2568/2568
f 2569/2569/2569 2459/2459/2459 2574/2574/2574
f 2574/2574/2574 2573/2573/2573 2569/2569/2569
f 2574/2574/2574 2459/2459/2459 2455/2455/2455
f 2571/2571/2571 2575/2575/2575 2572/2572/2572
f 2575/2575/2575 2576/2576/2576 2572/2572/2572
f 2576/2576/2576 2575/2575/2575 2577/2577/2577
f 2573/2573/2573 2578/2578/2578 2571/2571/2571
f 2578/2578/2578 2573/2573/2573 2574/2574/2574
f 2578/2578/2578 2575/2575/2575 2571/2571/2571
f 2578/2578/2578 2574/2574/2574 2579/2579/2579
f 2578/2578/2578 2579/2579/2579 2575/2575/2575
f 2575/2575/2575 2580/2580/2580 2577/2577/2577
f 2579/2579/2579 2580/2580/2580 2575/2575/2575
f 2577/2577/2577 2580/2580/2580 2581/2581/2581
f 2580/2580/2580 2582/2582/2582 2581/2581/2581
f 2580/2580/2580 2579/2579/2579 2582/2582/2582
f 2582/2582/2582 2583/2583/2583 2581/2581/2581
f 2583/2583/2583 2584/2584/2584 2581/2581/2581
f 2574/2574/2574 2455/2455/2455 2585/2585/2585
f 2574/2574/2574 2585/2585/2585 2579/2579/2579
f 2579/2579/2579 2586/2586/2586 2582/2582/2582
f 2582/2582/2582 2586/2586/2586 2583/2583/2583
f 2585/2585/2585 2587/2587/2587 2579/2579/2579
f 2587/2587/2587 2585/2585/2585 2455/2455/2455
f 2579/2579/2579 2587/2587/2587 2586/2586/2586
f 2587/2587/2587 2455/2455/2455 2588/2588/2588
f 2455/2455/2455 2452/2452/2452 2588/2588/2588
f 2586/2586/2586 2587/2587/2587 2589/2589/2589
f 2586/2586/2586 2589/2589/2589 2583/2583/2583
f 2588/2588/2588 2589/2589/2589 2587/2587/2587
f 2583/2583/2583 2590/2590/2590 2584/2584/2584
f 2590/2590/2590 2591/2591/2591 2584/2584/2584
f 2591/2591/2591 2590/2590/2590 2592/2592/2592
f 2590/2590/2590 2593/2593/2593 2592/2592/2592
f 2589/2589/2589 2594/2594/2594 2583/2583/2583
f 2589/2589/2589 2588/2588/2588 2594/2594/2594
f 2594/2594/2594 2590/2590/2590 2583/2583/2583
f 2595/2595/2595 2588/2588/2588 2452/2452/2452
f 2588/2588/2588 2595/2595/2595 2594/2594/2594
f 2595/2595/2595 2452/2452/2452 2454/2454/2454
f 2590/2590/2590 2596/2596/2596 2593/2593/2593
f 2594/2594/2594 2596/2596/2596 2590/2590/2590
f 2594/2594/2594 2595/2595/2595 2596/2596/2596
f 2454/2454/2454 2596/2596/2596 2595/2595/2595
f 2593/2593/2593 2596/2596/2596 2597/2597/2597
f 2598/2598/2598 2596/2596/2596 2454/2454/2454
f 2597/2597/2597 2596/2596/2596 2598/2598/2598
f 2437/2437/2437 2600/2600/2600 2599/2599/2599
f 2600/2600/2600 2437/2437/2437 2441/2441/2441
f 2600/2600/2600 2441/2441/2441 2601/2601/2601
f 2600/2600/2600 2601/2601/2601 2602/2602/2602
f 2603/2603/2603 2601/2601/2601 2441/2441/2441
f 2604/2604/2604 2601/2601/2601 2603/2603/2603
f 2601/2601/2601 2604/2604/2604 2605/2605/2605
f 2601/2601/2601 2605/2605/2605 2606/2606/2606
f 2605/2605/2605 2607/2607/2607 2606/2606/2606
f 2607/2607/2607 2605/2605/2605 2608/2608/2608
f 2608/2608/2608 2605/2605/2605 2604/2604/2604
f 2609/2609/2609 2607/2607/2607 2608/2608/2608
f 2610/2610/2610 2607/2607/2607 2609/2609/2609
f 2611/2611/2611 2607/2607/2607 2610/2610/2610
f 2607/2607/2607 2611/2611/2611 2612/2612/2612
f 2611/2611/2611 2613/2613/2613 2612/2612/2612
f 2613/2613/2613 2614/2614/2614 2612/2612/2612
f 2614/2614/2614 2615/2615/2615 2612/2612/2612
f 2612/2612/2612 2615/2615/2615 2616/2616/2616
f 2616/2616/2616 2615/2615/2615 2617/2617/2617
f 2618/2618/2618 2616/2616/2616 2617/2617/2617
f 2616/2616/2616 2618/2618/2618 2619/2619/2619
f 2620/2620/2620 2619/2619/2619 2618/2618/2618
f 2619/2619/2619 2620/2620/2620 2621/2621/2621
f 2621/2621/2621 2620/2620/2620 2622/2622/2622
f 2621/2621/2621 2622/2622/2622 2623/2623/2623
f 2624/2624/2624 2623/2623/2623 2622/2622/2622
f 2625/2625/2625 2623/2623/2623 2624/2624/2624
f 2623/2623/2623 2625/2625/2625 2626/2626/2626
f 2623/2623/2623 2626/2626/2626 2627/2627/2627
f 2628/2628/2628 2627/2627/2627 2626/2626/2626
f 2629/2629/2629 2627/2627/2627 2628/2628/2628
f 2629/2629/2629 2630/2630/2630 2627/2627/2627
f 2627/2627/2627 2630/2630/2630 2631/2631/2631
f 2630/2630/2630 2632/2632/2632 2631/2631/2631
f 2632/2632/2632 2633/2633/2633 2631/2631/2631
f 2631/2631/2631 2633/2633/2633 2634/2634/2634
f 2634/2634/2634 2633/2633/2633 2635/2635/2635
f 2634/2634/2634 2635/2635/2635 2636/2636/2636
f 2634/2634/2634 2636/2636/2636 2637/2637/2637
f 2637/2637/2637 2636/2636/2636 2638/2638/2638
f 2639/2639/2639 2637/2637/2637 2638/2638/2638
f 2637/2637/2637 2639/2639/2639 2640/2640/2640
f 2637/2637/2637 2640/2640/2640 2641/2641/2641
f 2640/2640/2640 2642/2642/2642 2641/2641/2641
f 2643/2643/2643 2640/2640/2640 2639/2639/2639
f 2643/2643/2643 2644/2644/2644 2640/2640/2640
f 2640/2640/2640 2644/2644/2644 2642/2642/2642
f 2644/2644/2644 2645/2645/2645 2642/2642/2642
f 2645/2645/2645 2646/2646/2646 2642/2642/2642
f 2634/2634/2634 2637/2637/2637 2647/2647/2647
f 2647/2647/2647 2637/2637/2637 2641/2641/2641
f 2642/2642/2642 2646/2646/2646 2648/2648/2648
f 2646/2646/2646 2649/2649/2649 2648/2648/2648
f 2649/2649/2649 2650/2650/2650 2648/2648/2648
f 2648/2648/2648 2650/2650/2650 2651/2651/2651
f 2651/2651/2651 2650/2650/2650 2652/2652/2652
f 2651/2651/2651 2652/2652/2652 2653/2653/2653
f 2654/2654/2654 2653/2653/2653 2652/2652/2652
f 2655/2655/2655 2653/2653/2653 2654/2654/2654
f 2656/2656/2656 2653/2653/2653 2655/2655/2655
f 2657/2657/2657 2653/2653/2653 2656/2656/2656
f 2658/2658/2658 2653/2653/2653 2657/2657/2657
f 2659/2659/2659 2653/2653/2653 2658/2658/2658
f 2660/2660/2660 2653/2653/2653 2659/2659/2659
f 2653/2653/2653 2660/2660/2660 2661/2661/2661
f 2660/2660/2660 2662/2662/2662 2661/2661/2661
f 2662/2662/2662 2663/2663/2663 2661/2661/2661
f 2664/2664/2664 2661/2661/2661 2663/2663/2663
f 2665/2665/2665 2661/2661/2661 2664/2664/2664
f 2661/2661/2661 2665/2665/2665 2666/2666/2666
f 2666/2666/2666 2667/2667/2667 2661/2661/2661
f 2668/2668/2668 2666/2666/2666 2665/2665/2665
f 2669/2669/2669 2666/2666/2666 2668/2668/2668
f 2670/2670/2670 2666/2666/2666 2669/2669/2669
f 2670/2670/2670 2671/2671/2671 2666/2666/2666
f 2672/2672/2672 2671/2671/2671 2670/2670/2670
f 2673/2673/2673 2671/2671/2671 2672/2672/2672
f 2674/2674/2674 2671/2671/2671 2673/2673/2673
f 2675/2675/2675 2671/2671/2671 2674/2674/2674
f 2671/2671/2671 2675/2675/2675 2676/2676/2676
f 2677/2677/2677 2676/2676/2676 2675/2675/2675
f 2678/2678/2678 2676/2676/2676 2677/2677/2677
f 2679/2679/2679 2678/2678/2678 2677/2677/2677
f 2678/2678/2678 2679/2679/2679 2680/2680/2680
f 2680/2680/2680 2679/2679/2679 2681/2681/2681
f 2681/2681/2681 2682/2682/2682 2680/2680/2680
f 2680/2680/2680 2682/2682/2682 2683/2683/2683
f 2684/2684/2684 2680/2680/2680 2683/2683/2683
f 2680/2680/2680 2684/2684/2684 2685/2685/2685
f 2686/2686/2686 2685/2685/2685 2684/2684/2684
f 2687/2687/2687 2685/2685/2685 2686/2686/2686
f 2687/2687/2687 2688/2688/2688 2685/2685/2685
f 2689/2689/2689 2688/2688/2688 2687/2687/2687
f 2689/2689/2689 2690/2690/2690 2688/2688/2688
f 2688/2688/2688 2690/2690/2690 2691/2691/2691
f 2692/2692/2692 2690/2690/2690 2689/2689/2689
f 2693/2693/2693 2690/2690/2690 2692/2692/2692
f 2694/2694/2694 2693/2693/2693 2692/2692/2692
f 2690/2690/2690 2693/2693/2693 2695/2695/2695
f 2696/2696/2696 2693/2693/2693 2694/2694/2694
f 2696/2696/2696 2697/2697/2697 2693/2693/2693
f 2698/2698/2698 2697/2697/2697 2696/2696/2696
f 2698/2698/2698 2699/2699/2699 2697/2697/2697
f 2700/2700/2700 2697/2697/2697 2699/2699/2699
f 2697/2697/2697 2700/2700/2700 2701/2701/2701
f 2701/2701/2701 2700/2700/2700 2702/2702/2702
f 2703/2703/2703 2701/2701/2701 2702/2702/2702
f 2704/2704/2704 2701/2701/2701 2703/2703/2703
f 2705/2705/2705 2704/2704/2704 2703/2703/2703
f 2706/2706/2706 2704/2704/2704 2705/2705/2705
f 2706/2706/2706 2707/2707/2707 2704/2704/2704
f 2695/2695/2695 2693/2693/2693 2708/2708/2708
f 2693/2693/2693 2697/2697/2697 2708/2708/2708
f 2695/2695/2695 2708/2708/2708 2709/2709/2709
f 2708/2708/2708 2710/2710/2710 2709/2709/2709
f 2709/2709/2709 2710/2710/2710 2711/2711/2711
f 2712/2712/2712 2708/2708/2708 2697/2697/2697
f 2708/2708/2708 2712/2712/2712 2710/2710/2710
f 2712/2712/2712 2697/2697/2697 2713/2713/2713
f 2697/2697/2697 2701/2701/2701 2713/2713/2713
f 2704/2704/2704 2707/2707/2707 2714/2714/2714
f 2714/2714/2714 2707/2707/2707 2715/2715/2715
f 2714/2714/2714 2715/2715/2715 2716/2716/2716
f 2715/2715/2715 2717/2717/2717 2716/2716/2716
f 2717/2717/2717 2718/2718/2718 2716/2716/2716
f 2712/2712/2712 2719/2719/2719 2710/2710/2710
f 2712/2712/2712 2713/2713/2713 2719/2719/2719
f 2716/2716/2716 2718/2718/2718 2720/2720/2720
f 2720/2720/2720 2718/2718/2718 2721/2721/2721
f 2722/2722/2722 2720/2720/2720 2721/2721/2721
f 2720/2720/2720 2722/2722/2722 2723/2723/2723
f 2724/2724/2724 2723/2723/2723 2722/2722/2722
f 2725/2725/2725 2723/2723/2723 2724/2724/2724
f 2726/2726/2726 2725/2725/2725 2724/2724/2724
f 2727/2727/2727 2723/2723/2723 2725/2725/2725
f 2723/2723/2723 2727/2727/2727 2728/2728/2728
f 2729/2729/2729 2725/2725/2725 2726/2726/2726
f 2725/2725/2725 2729/2729/2729 2730/2730/2730
f 2731/2731/2731 2729/2729/2729 2726/2726/2726
f 2732/2732/2732 2723/2723/2723 2728/2728/2728
f 2732/2732/2732 2728/2728/2728 2733/2733/2733
f 2720/2720/2720 2723/2723/2723 2734/2734/2734
f 2732/2732/2732 2734/2734/2734 2723/2723/2723
f 2730/2730/2730 2729/2729/2729 2735/2735/2735
f 2730/2730/2730 2735/2735/2735 2736/2736/2736
f 2735/2735/2735 2737/2737/2737 2736/2736/2736
f 2736/2736/2736 2737/2737/2737 2738/2738/2738
f 2735/2735/2735 2729/2729/2729 2739/2739/2739
f 2739/2739/2739 2729/2729/2729 2731/2731/2731
f 2740/2740/2740 2736/2736/2736 2738/2738/2738
f 2731/2731/2731 2741/2741/2741 2739/2739/2739
f 2739/2739/2739 2741/2741/2741 2742/2742/2742
f 2743/2743/2743 2741/2741/2741 2731/2731/2731
f 2744/2744/2744 2741/2741/2741 2743/2743/2743
f 2744/2744/2744 2745/2745/2745 2741/2741/2741
f 2742/2742/2742 2741/2741/2741 2746/2746/2746
f 2746/2746/2746 2741/2741/2741 2745/2745/2745
f 2747/2747/2747 2744/2744/2744 2743/2743/2743
f 2748/2748/2748 2744/2744/2744 2747/2747/2747
f 2749/2749/2749 2744/2744/2744 2748/2748/2748
f 2750/2750/2750 2749/2749/2749 2748/2748/2748
f 2749/2749/2749 2751/2751/2751 2744/2744/2744
f 2752/2752/2752 2744/2744/2744 2751/2751/2751
f 2752/2752/2752 2745/2745/2745 2744/2744/2744
f 2753/2753/2753 2749/2749/2749 2750/2750/2750
f 2749/2749/2749 2753/2753/2753 2754/2754/2754
f 2754/2754/2754 2755/2755/2755 2749/2749/2749
f 2756/2756/2756 2754/2754/2754 2753/2753/2753
f 2757/2757/2757 2754/2754/2754 2756/2756/2756
f 2758/2758/2758 2751/2751/2751 2749/2749/2749
f 2758/2758/2758 2749/2749/2749 2755/2755/2755
f 2752/2752/2752 2759/2759/2759 2745/2745/2745
f 2751/2751/2751 2759/2759/2759 2752/2752/2752
f 2757/2757/2757 2760/2760/2760 2754/2754/2754
f 2760/2760/2760 2761/2761/2761 2754/2754/2754
f 2762/2762/2762 2760/2760/2760 2757/2757/2757
f 2763/2763/2763 2760/2760/2760 2762/2762/2762
f 2764/2764/2764 2760/2760/2760 2763/2763/2763
f 2763/2763/2763 2765/2765/2765 2764/2764/2764
f 2766/2766/2766 2755/2755/2755 2754/2754/2754
f 2766/2766/2766 2754/2754/2754 2761/2761/2761
f 2766/2766/2766 2767/2767/2767 2755/2755/2755
f 2761/2761/2761 2767/2767/2767 2766/2766/2766
f 2758/2758/2758 2768/2768/2768 2751/2751/2751
f 2755/2755/2755 2768/2768/2768 2758/2758/2758
f 2769/2769/2769 2751/2751/2751 2768/2768/2768
f 2770/2770/2770 2769/2769/2769 2767/2767/2767
f 2771/2771/2771 2768/2768/2768 2755/2755/2755
f 2771/2771/2771 2769/2769/2769 2768/2768/2768
f 2771/2771/2771 2755/2755/2755 2772/2772/2772
f 2772/2772/2772 2755/2755/2755 2767/2767/2767
f 2772/2772/2772 2769/2769/2769 2771/2771/2771
f 2767/2767/2767 2769/2769/2769 2772/2772/2772
f 2773/2773/2773 2761/2761/2761 2760/2760/2760
f 2760/2760/2760 2764/2764/2764 2773/2773/2773
f 2773/2773/2773 2764/2764/2764 2774/2774/2774
f 2774/2774/2774 2775/2775/2775 2773/2773/2773
f 2773/2773/2773 2775/2775/2775 2761/2761/2761
f 2776/2776/2776 2774/2774/2774 2764/2764/2764
f 2764/2764/2764 2765/2765/2765 2776/2776/2776
f 2777/2777/2777 2776/2776/2776 2765/2765/2765
f 2777/2777/2777 2778/2778/2778 2776/2776/2776
f 2779/2779/2779 2778/2778/2778 2777/2777/2777
f 2780/2780/2780 2778/2778/2778 2779/2779/2779
f 2781/2781/2781 2774/2774/2774 2776/2776/2776
f 2776/2776/2776 2778/2778/2778 2782/2782/2782
f 2783/2783/2783 2778/2778/2778 2780/2780/2780
f 2784/2784/2784 2783/2783/2783 2780/2780/2780
f 2785/2785/2785 2783/2783/2783 2784/2784/2784
f 2785/2785/2785 2786/2786/2786 2783/2783/2783
f 2786/2786/2786 2787/2787/2787 2783/2783/2783
f 2782/2782/2782 2778/2778/2778 2788/2788/2788
f 2783/2783/2783 2788/2788/2788 2778/2778/2778
f 2782/2782/2782 2788/2788/2788 2789/2789/2789
f 2783/2783/2783 2787/2787/2787 2790/2790/2790
f 2787/2787/2787 2791/2791/2791 2790/2790/2790
f 2791/2791/2791 2792/2792/2792 2790/2790/2790
f 2792/2792/2792 2793/2793/2793 2790/2790/2790
f 2793/2793/2793 2794/2794/2794 2790/2790/2790
f 2790/2790/2790 2794/2794/2794 2795/2795/2795
f 2794/2794/2794 2796/2796/2796 2795/2795/2795
f 2797/2797/2797 2795/2795/2795 2796/2796/2796
f 2798/2798/2798 2795/2795/2795 2797/2797/2797
f 2788/2788/2788 2799/2799/2799 2789/2789/2789
f 2789/2789/2789 2799/2799/2799 2800/2800/2800
f 2799/2799/2799 2801/2801/2801 2800/2800/2800
f 2788/2788/2788 2802/2802/2802 2799/2799/2799
f 2783/2783/2783 2802/2802/2802 2788/2788/2788
f 2801/2801/2801 2803/2803/2803 2800/2800/2800
f 2804/2804/2804 2800/2800/2800 2803/2803/2803
f 2803/2803/2803 2801/2801/2801 2805/2805/2805
f 2806/2806/2806 2805/2805/2805 2801/2801/2801
f 2807/2807/2807 2806/2806/2806 2801/2801/2801
f 2799/2799/2799 2808/2808/2808 2801/2801/2801
f 2802/2802/2802 2808/2808/2808 2799/2799/2799
f 2801/2801/2801 2809/2809/2809 2807/2807/2807
f 2808/2808/2808 2809/2809/2809 2801/2801/2801
f 2809/2809/2809 2810/2810/2810 2807/2807/2807
f 2810/2810/2810 2809/2809/2809 2811/2811/2811
f 2809/2809/2809 2808/2808/2808 2812/2812/2812
f 2809/2809/2809 2812/2812/2812 2811/2811/2811
f 2808/2808/2808 2802/2802/2802 2813/2813/2813
f 2808/2808/2808 2813/2813/2813 2812/2812/2812
f 2812/2812/2812 2814/2814/2814 2811/2811/2811
f 2814/2814/2814 2815/2815/2815 2811/2811/2811
f 2816/2816/2816 2814/2814/2814 2812/2812/2812
f 2813/2813/2813 2816/2816/2816 2812/2812/2812
f 2814/2814/2814 2817/2817/2817 2815/2815/2815
f 2814/2814/2814 2816/2816/2816 2817/2817/2817
f 2817/2817/2817 2818/2818/2818 2815/2815/2815
f 2802/2802/2802 2819/2819/2819 2813/2813/2813
f 2802/2802/2802 2783/2783/2783 2819/2819/2819
f 2819/2819/2819 2820/2820/2820 2813/2813/2813
f 2820/2820/2820 2819/2819/2819 2783/2783/2783
f 2820/2820/2820 2816/2816/2816 2813/2813/2813
f 2820/2820/2820 2783/2783/2783 2821/2821/2821
f 2820/2820/2820 2821/2821/2821 2816/2816/2816
f 2783/2783/2783 2790/2790/2790 2821/2821/2821
f 2817/2817/2817 2822/2822/2822 2818/2818/2818
f 2822/2822/2822 2823/2823/2823 2818/2818/2818
f 2817/2817/2817 2816/2816/2816 2824/2824/2824
f 2821/2821/2821 2824/2824/2824 2816/2816/2816
f 2817/2817/2817 2824/2824/2824 2822/2822/2822
f 2822/2822/2822 2825/2825/2825 2823/2823/2823
f 2825/2825/2825 2826/2826/2826 2823/2823/2823
f 2824/2824/2824 2827/2827/2827 2822/2822/2822
f 2824/2824/2824 2821/2821/2821 2827/2827/2827
f 2827/2827/2827 2825/2825/2825 2822/2822/2822
f 2828/2828/2828 2821/2821/2821 2790/2790/2790
f 2827/2827/2827 2821/2821/2821 2828/2828/2828
f 2825/2825/2825 2829/2829/2829 2826/2826/2826
f 2829/2829/2829 2830/2830/2830 2826/2826/2826
f 2830/2830/2830 2829/2829/2829 2831/2831/2831
f 2827/2827/2827 2832/2832/2832 2825/2825/2825
f 2832/2832/2832 2829/2829/2829 2825/2825/2825
f 2827/2827/2827 2828/2828/2828 2832/2832/2832
f 2829/2829/2829 2833/2833/2833 2831/2831/2831
f 2829/2829/2829 2832/2832/2832 2833/2833/2833
f 2831/2831/2831 2833/2833/2833 2834/2834/2834
f 2828/2828/2828 2790/2790/2790 2835/2835/2835
f 2835/2835/2835 2790/2790/2790 2795/2795/2795
f 2832/2832/2832 2828/2828/2828 2836/2836/2836
f 2832/2832/2832 2836/2836/2836 2833/2833/2833
f 2836/2836/2836 2828/2828/2828 2835/2835/2835
f 2833/2833/2833 2837/2837/2837 2834/2834/2834
f 2833/2833/2833 2836/2836/2836 2837/2837/2837
f 2834/2834/2834 2837/2837/2837 2838/2838/2838
f 2836/2836/2836 2839/2839/2839 2837/2837/2837
f 2836/2836/2836 2835/2835/2835 2839/2839/2839
f 2837/2837/2837 2840/2840/2840 2838/2838/2838
f 2837/2837/2837 2839/2839/2839 2840/2840/2840
f 2838/2838/2838 2840/2840/2840 2841/2841/2841
f 2839/2839/2839 2835/2835/2835 2842/2842/2842
f 2840/2840/2840 2839/2839/2839 2842/2842/2842
f 2840/2840/2840 2843/2843/2843 2841/2841/2841
f 2840/2840/2840 2842/2842/2842 2843/2843/2843
f 2841/2841/2841 2843/2843/2843 2844/2844/2844
f 2844/2844/2844 2843/2843/2843 2845/2845/2845
f 2846/2846/2846 2845/2845/2845 2843/2843/2843
f 2845/2845/2845 2846/2846/2846 2847/2847/2847
f 2847/2847/2847 2846/2846/2846 2848/2848/2848
f 2848/2848/2848 2846/2846/2846 2849/2849/2849
f 2850/2850/2850 2849/2849/2849 2846/2846/2846
f 2850/2850/2850 2846/2846/2846 2851/2851/2851
f 2852/2852/2852 2851/2851/2851 2846/2846/2846
f 2853/2853/2853 2851/2851/2851 2852/2852/2852
f 2853/2853/2853 2852/2852/2852 2854/2854/2854
f 2843/2843/2843 2855/2855/2855 2846/2846/2846
f 2842/2842/2842 2855/2855/2855 2843/2843/2843
f 2856/2856/2856 2855/2855/2855 2842/2842/2842
f 2846/2846/2846 2855/2855/2855 2857/2857/2857
f 2846/2846/2846 2857/2857/2857 2852/2852/2852
f 2855/2855/2855 2856/2856/2856 2857/2857/2857
f 2858/2858/2858 2854/2854/2854 2852/2852/2852
f 2859/2859/2859 2854/2854/2854 2858/2858/2858
f 2857/2857/2857 2860/2860/2860 2852/2852/2852
f 2857/2857/2857 2856/2856/2856 2860/2860/2860
f 2860/2860/2860 2861/2861/2861 2852/2852/2852
f 2852/2852/2852 2861/2861/2861 2858/2858/2858
f 2858/2858/2858 2862/2862/2862 2859/2859/2859
f 2859/2859/2859 2862/2862/2862 2863/2863/2863
f 2861/2861/2861 2860/2860/2860 2864/2864/2864
f 2864/2864/2864 2860/2860/2860 2856/2856/2856
f 2865/2865/2865 2858/2858/2858 2861/2861/2861
f 2862/2862/2862 2858/2858/2858 2865/2865/2865
f 2861/2861/2861 2864/2864/2864 2865/2865/2865
f 2863/2863/2863 2862/2862/2862 2866/2866/2866
f 2862/2862/2862 2865/2865/2865 2866/2866/2866
f 2863/2863/2863 2866/2866/2866 2867/2867/2867
f 2868/2868/2868 2867/2867/2867 2866/2866/2866
f 2869/2869/2869 2867/2867/2867 2868/2868/2868
f 2869/2869/2869 2868/2868/2868 2870/2870/2870
f 2870/2870/2870 2868/2868/2868 2871/2871/2871
f 2872/2872/2872 2871/2871/2871 2868/2868/2868
f 2873/2873/2873 2871/2871/2871 2872/2872/2872
f 2874/2874/2874 2873/2873/2873 2872/2872/2872
f 2872/2872/2872 2875/2875/2875 2874/2874/2874
f 2872/2872/2872 2876/2876/2876 2875/2875/2875
f 2872/2872/2872 2877/2877/2877 2876/2876/2876
f 2872/2872/2872 2878/2878/2878 2877/2877/2877
f 2878/2878/2878 2872/2872/2872 2879/2879/2879
f 2879/2879/2879 2872/2872/2872 2880/2880/2880
f 2868/2868/2868 2866/2866/2866 2881/2881/2881
f 2868/2868/2868 2882/2882/2882 2872/2872/2872
f 2881/2881/2881 2882/2882/2882 2868/2868/2868
f 2881/2881/2881 2866/2866/2866 2883/2883/2883
f 2883/2883/2883 2866/2866/2866 2865/2865/2865
f 2883/2883/2883 2865/2865/2865 2884/2884/2884
f 2883/2883/2883 2884/2884/2884 2881/2881/2881
f 2864/2864/2864 2884/2884/2884 2865/2865/2865
f 2882/2882/2882 2881/2881/2881 2885/2885/2885
f 2884/2884/2884 2885/2885/2885 2881/2881/2881
f 2864/2864/2864 2886/2886/2886 2884/2884/2884
f 2884/2884/2884 2886/2886/2886 2885/2885/2885
f 2864/2864/2864 2856/2856/2856 2886/2886/2886
f 2872/2872/2872 2882/2882/2882 2887/2887/2887
f 2882/2882/2882 2885/2885/2885 2887/2887/2887
f 2888/2888/2888 2885/2885/2885 2886/2886/2886
f 2886/2886/2886 2889/2889/2889 2888/2888/2888
f 2890/2890/2890 2888/2888/2888 2889/2889/2889
f 2891/2891/2891 2888/2888/2888 2890/2890/2890
f 2889/2889/2889 2886/2886/2886 2892/2892/2892
f 2892/2892/2892 2886/2886/2886 2893/2893/2893
f 2893/2893/2893 2886/2886/2886 2894/2894/2894
f 2894/2894/2894 2886/2886/2886 2895/2895/2895
f 2895/2895/2895 2886/2886/2886 2896/2896/2896
f 2896/2896/2896 2886/2886/2886 2897/2897/2897
f 2897/2897/2897 2886/2886/2886 2798/2798/2798
f 2795/2795/2795 2798/2798/2798 2886/2886/2886
f 2795/2795/2795 2886/2886/2886 2856/2856/2856
f 2898/2898/2898 2888/2888/2888 2891/2891/2891
f 2888/2888/2888 2898/2898/2898 2899/2899/2899
f 2900/2900/2900 2899/2899/2899 2898/2898/2898
f 2901/2901/2901 2899/2899/2899 2900/2900/2900
f 2902/2902/2902 2899/2899/2899 2901/2901/2901
f 2903/2903/2903 2795/2795/2795 2856/2856/2856
f 2903/2903/2903 2856/2856/2856 2842/2842/2842
f 2835/2835/2835 2795/2795/2795 2903/2903/2903
f 2835/2835/2835 2903/2903/2903 2842/2842/2842
f 2904/2904/2904 2899/2899/2899 2902/2902/2902
f 2904/2904/2904 2902/2902/2902 2905/2905/2905
f 2902/2902/2902 2906/2906/2906 2905/2905/2905
f 2906/2906/2906 2907/2907/2907 2905/2905/2905
f 2907/2907/2907 2908/2908/2908 2905/2905/2905
f 2905/2905/2905 2908/2908/2908 2909/2909/2909
f 2909/2909/2909 2908/2908/2908 2910/2910/2910
f 2909/2909/2909 2910/2910/2910 2911/2911/2911
f 2909/2909/2909 2911/2911/2911 2912/2912/2912
f 2909/2909/2909 2912/2912/2912 2913/2913/2913
f 2899/2899/2899 2904/2904/2904 2914/2914/2914
f 2915/2915/2915 2904/2904/2904 2905/2905/2905
f 2914/2914/2914 2904/2904/2904 2915/2915/2915
f 2909/2909/2909 2916/2916/2916 2905/2905/2905
f 2915/2915/2915 2905/2905/2905 2916/2916/2916
f 2914/2914/2914 2917/2917/2917 2899/2899/2899
f 2917/2917/2917 2914/2914/2914 2918/2918/2918
f 2888/2888/2888 2899/2899/2899 2917/2917/2917
f 2918/2918/2918 2919/2919/2919 2917/2917/2917
f 2919/2919/2919 2888/2888/2888 2917/2917/2917
f 2920/2920/2920 2909/2909/2909 2913/2913/2913
f 2920/2920/2920 2913/2913/2913 2921/2921/2921
f 2922/2922/2922 2921/2921/2921 2913/2913/2913
f 2923/2923/2923 2921/2921/2921 2922/2922/2922
f 2921/2921/2921 2923/2923/2923 2924/2924/2924
f 2920/2920/2920 2921/2921/2921 2925/2925/2925
f 2924/2924/2924 2925/2925/2925 2921/2921/2921
f 2925/2925/2925 2924/2924/2924 2926/2926/2926
f 2924/2924/2924 2923/2923/2923 2927/2927/2927
f 2928/2928/2928 2927/2927/2927 2923/2923/2923
f 2927/2927/2927 2928/2928/2928 2929/2929/2929
f 2930/2930/2930 2920/2920/2920 2925/2925/2925
f 2926/2926/2926 2930/2930/2930 2925/2925/2925
f 2931/2931/2931 2930/2930/2930 2926/2926/2926
f 2932/2932/2932 2909/2909/2909 2920/2920/2920
f 2930/2930/2930 2932/2932/2932 2920/2920/2920
f 2927/2927/2927 2933/2933/2933 2924/2924/2924
f 2926/2926/2926 2924/2924/2924 2933/2933/2933
f 2927/2927/2927 2929/2929/2929 2934/2934/2934
f 2934/2934/2934 2933/2933/2933 2927/2927/2927
f 2935/2935/2935 2930/2930/2930 2931/2931/2931
f 2935/2935/2935 2932/2932/2932 2930/2930/2930
f 2936/2936/2936 2909/2909/2909 2932/2932/2932
f 2916/2916/2916 2909/2909/2909 2936/2936/2936
f 2937/2937/2937 2932/2932/2932 2935/2935/2935
f 2936/2936/2936 2932/2932/2932 2937/2937/2937
f 2935/2935/2935 2931/2931/2931 2937/2937/2937
f 2916/2916/2916 2936/2936/2936 2938/2938/2938
f 2937/2937/2937 2938/2938/2938 2936/2936/2936
f 2939/2939/2939 2916/2916/2916 2938/2938/2938
f 2915/2915/2915 2916/2916/2916 2939/2939/2939
f 2938/2938/2938 2937/2937/2937 2940/2940/2940
f 2938/2938/2938 2940/2940/2940 2939/2939/2939
f 2934/2934/2934 2929/2929/2929 2941/2941/2941
f 2941/2941/2941 2929/2929/2929 2942/2942/2942
f 2943/2943/2943 2934/2934/2934 2941/2941/2941
f 2943/2943/2943 2941/2941/2941 2944/2944/2944
f 2945/2945/2945 2934/2934/2934 2943/2943/2943
f 2946/2946/2946 2934/2934/2934 2945/2945/2945
f 2946/2946/2946 2933/2933/2933 2934/2934/2934
f 2947/2947/2947 2933/2933/2933 2946/2946/2946
f 2948/2948/2948 2933/2933/2933 2947/2947/2947
f 2948/2948/2948 2926/2926/2926 2933/2933/2933
f 2949/2949/2949 2926/2926/2926 2948/2948/2948
f 2950/2950/2950 2926/2926/2926 2949/2949/2949
f 2950/2950/2950 2931/2931/2931 2926/2926/2926
f 2951/2951/2951 2931/2931/2931 2950/2950/2950
f 2931/2931/2931 2951/2951/2951 2952/2952/2952
f 2953/2953/2953 2931/2931/2931 2952/2952/2952
f 2953/2953/2953 2937/2937/2937 2931/2931/2931
f 2953/2953/2953 2952/2952/2952 2954/2954/2954
f 2940/2940/2940 2937/2937/2937 2953/2953/2953
f 2940/2940/2940 2953/2953/2953 2954/2954/2954
f 2940/2940/2940 2954/2954/2954 2955/2955/2955
f 2956/2956/2956 2940/2940/2940 2955/2955/2955
f 2956/2956/2956 2939/2939/2939 2940/2940/2940
f 2957/2957/2957 2956/2956/2956 2955/2955/2955
f 2958/2958/2958 2957/2957/2957 2955/2955/2955
f 2956/2956/2956 2959/2959/2959 2939/2939/2939
f 2957/2957/2957 2959/2959/2959 2956/2956/2956
f 2959/2959/2959 2915/2915/2915 2939/2939/2939
f 2960/2960/2960 2957/2957/2957 2958/2958/2958
f 2959/2959/2959 2957/2957/2957 2960/2960/2960
f 2961/2961/2961 2960/2960/2960 2958/2958/2958
f 2960/2960/2960 2961/2961/2961 2962/2962/2962
f 2959/2959/2959 2963/2963/2963 2915/2915/2915
f 2963/2963/2963 2959/2959/2959 2960/2960/2960
f 2914/2914/2914 2915/2915/2915 2963/2963/2963
f 2964/2964/2964 2960/2960/2960 2962/2962/2962
f 2963/2963/2963 2960/2960/2960 2964/2964/2964
f 2964/2964/2964 2962/2962/2962 2965/2965/2965
f 2966/2966/2966 2914/2914/2914 2963/2963/2963
f 2966/2966/2966 2963/2963/2963 2964/2964/2964
f 2914/2914/2914 2966/2966/2966 2918/2918/2918
f 2967/2967/2967 2964/2964/2964 2965/2965/2965
f 2964/2964/2964 2967/2967/2967 2966/2966/2966
f 2918/2918/2918 2966/2966/2966 2967/2967/2967
f 2967/2967/2967 2965/2965/2965 2968/2968/2968
f 2969/2969/2969 2967/2967/2967 2968/2968/2968
f 2969/2969/2969 2918/2918/2918 2967/2967/2967
f 2968/2968/2968 2970/2970/2970 2969/2969/2969
f 2969/2969/2969 2970/2970/2970 2971/2971/2971
f 2969/2969/2969 2971/2971/2971 2918/2918/2918
f 2972/2972/2972 2971/2971/2971 2970/2970/2970
f 2973/2973/2973 2971/2971/2971 2972/2972/2972
f 2974/2974/2974 2918/2918/2918 2971/2971/2971
f 2974/2974/2974 2919/2919/2919 2918/2918/2918
f 2973/2973/2973 2975/2975/2975 2971/2971/2971
f 2975/2975/2975 2974/2974/2974 2971/2971/2971
f 2976/2976/2976 2975/2975/2975 2973/2973/2973
f 2977/2977/2977 2975/2975/2975 2976/2976/2976
f 2976/2976/2976 2978/2978/2978 2977/2977/2977
f 2979/2979/2979 2977/2977/2977 2978/2978/2978
f 2980/2980/2980 2977/2977/2977 2979/2979/2979
f 2981/2981/2981 2977/2977/2977 2980/2980/2980
f 2977/2977/2977 2981/2981/2981 2982/2982/2982
f 2983/2983/2983 2982/2982/2982 2981/2981/2981
f 2984/2984/2984 2982/2982/2982 2983/2983/2983
f 2985/2985/2985 2982/2982/2982 2984/2984/2984
f 2985/2985/2985 2986/2986/2986 2982/2982/2982
f 2974/2974/2974 2975/2975/2975 2987/2987/2987
f 2977/2977/2977 2987/2987/2987 2975/2975/2975
f 2987/2987/2987 2919/2919/2919 2974/2974/2974
f 2982/2982/2982 2986/2986/2986 2872/2872/2872
f 2988/2988/2988 2872/2872/2872 2986/2986/2986
f 2982/2982/2982 2989/2989/2989 2977/2977/2977
f 2989/2989/2989 2982/2982/2982 2872/2872/2872
f 2977/2977/2977 2989/2989/2989 2987/2987/2987
f 2887/2887/2887 2989/2989/2989 2872/2872/2872
f 2989/2989/2989 2887/2887/2887 2990/2990/2990
f 2989/2989/2989 2990/2990/2990 2987/2987/2987
f 2885/2885/2885 2990/2990/2990 2887/2887/2887
f 2885/2885/2885 2888/2888/2888 2990/2990/2990
f 2991/2991/2991 2919/2919/2919 2987/2987/2987
f 2990/2990/2990 2991/2991/2991 2987/2987/2987
f 2991/2991/2991 2888/2888/2888 2919/2919/2919
f 2990/2990/2990 2888/2888/2888 2991/2991/2991
f 2994/2994/2994 2993/2993/2993 2992/2992/2992
f 2993/2993/2993 2994/2994/2994 2995/2995/2995
f 2994/2994/2994 2996/2996/2996 2995/2995/2995
f 2996/2996/2996 2994/2994/2994 2997/2997/2997
f 2994/2994/2994 2998/2998/2998 2997/2997/2997
f 2994/2994/2994 2999/2999/2999 2998/2998/2998
f 2999/2999/2999 3000/3000/3000 2998/2998/2998
f 2999/2999/2999 3001/3001/3001 3000/3000/3000
f 3004/3004/3004 3003/3003/3003 3002/3002/3002
f 3003/3003/3003 3004/3004/3004 2688/2688/2688
f 2688/2688/2688 3004/3004/3004 2685/2685/2685
f 3005/3005/3005 2685/2685/2685 3004/3004/3004
f 3006/3006/3006 3005/3005/3005 3004/3004/3004
f 3005/3005/3005 3007/3007/3007 2685/2685/2685
f 2685/2685/2685 3007/3007/3007 2680/2680/2680
f 3008/3008/3008 3005/3005/3005 3006/3006/3006
f 3005/3005/3005 3008/3008/3008 3007/3007/3007
f 3008/3008/3008 3006/3006/3006 3009/3009/3009
f 3010/3010/3010 3008/3008/3008 3009/3009/3009
f 3010/3010/3010 3009/3009/3009 3011/3011/3011
f 3012/3012/3012 3010/3010/3010 3011/3011/3011
f 3013/3013/3013 3008/3008/3008 3010/3010/3010
f 3013/3013/3013 3007/3007/3007 3008/3008/3008
f 3014/3014/3014 3010/3010/3010 3012/3012/3012
f 3014/3014/3014 3013/3013/3013 3010/3010/3010
f 3015/3015/3015 3014/3014/3014 3012/3012/3012
f 3014/3014/3014 3015/3015/3015 3016/3016/3016
f 3017/3017/3017 3014/3014/3014 3016/3016/3016
f 3013/3013/3013 3014/3014/3014 3017/3017/3017
f 3017/3017/3017 3016/3016/3016 3018/3018/3018
f 3019/3019/3019 3017/3017/3017 3018/3018/3018
f 3020/3020/3020 3013/3013/3013 3017/3017/3017
f 3020/3020/3020 3017/3017/3017 3019/3019/3019
f 3013/3013/3013 3020/3020/3020 3007/3007/3007
f 3021/3021/3021 3020/3020/3020 3019/3019/3019
f 3022/3022/3022 3007/3007/3007 3020/3020/3020
f 3021/3021/3021 3022/3022/3022 3020/3020/3020
f 3022/3022/3022 2680/2680/2680 3007/3007/3007
f 3023/3023/3023 3022/3022/3022 3021/3021/3021
f 3023/3023/3023 2680/2680/2680 3022/3022/3022
f 2678/2678/2678 2680/2680/2680 3023/3023/3023
f 3024/3024/3024 2678/2678/2678 3023/3023/3023
f 3024/3024/3024 3023/3023/3023 3025/3025/3025
f 2676/2676/2676 2678/2678/2678 3024/3024/3024
f 3026/3026/3026 3024/3024/3024 3025/3025/3025
f 3025/3025/3025 3027/3027/3027 3026/3026/3026
f 3029/3029/3029 3028/3028/3028 2676/2676/2676
f 2676/2676/2676 3028/3028/3028 2671/2671/2671
f 3028/3028/3028 3029/3029/3029 3030/3030/3030
f 3029/3029/3029 3031/3031/3031 3030/3030/3030
f 3031/3031/3031 3032/3032/3032 3030/3030/3030
f 3032/3032/3032 3031/3031/3031 3033/3033/3033
f 3034/3034/3034 2671/2671/2671 3028/3028/3028
f 2666/2666/2666 2671/2671/2671 3034/3034/3034
f 3030/3030/3030 3035/3035/3035 3028/3028/3028
f 3034/3034/3034 3028/3028/3028 3035/3035/3035
f 3036/3036/3036 2666/2666/2666 3034/3034/3034
f 3036/3036/3036 2667/2667/2667 2666/2666/2666
f 3033/3033/3033 3037/3037/3037 3032/3032/3032
f 3037/3037/3037 3033/3033/3033 3038/3038/3038
f 3038/3038/3038 3033/3033/3033 3039/3039/3039
f 3040/3040/3040 3032/3032/3032 3037/3037/3037
f 3041/3041/3041 3032/3032/3032 3040/3040/3040
f 3032/3032/3032 3041/3041/3041 3042/3042/3042
f 3043/3043/3043 3032/3032/3032 3042/3042/3042
f 3043/3043/3043 3030/3030/3030 3032/3032/3032
f 3043/3043/3043 3042/3042/3042 3044/3044/3044
f 3045/3045/3045 3030/3030/3030 3043/3043/3043
f 3045/3045/3045 3043/3043/3043 3044/3044/3044
f 3044/3044/3044 3046/3046/3046 3045/3045/3045
f 3046/3046/3046 3047/3047/3047 3045/3045/3045
f 3035/3035/3035 3030/3030/3030 3045/3045/3045
f 3045/3045/3045 3047/3047/3047 3048/3048/3048
f 3048/3048/3048 3035/3035/3035 3045/3045/3045
f 3049/3049/3049 3048/3048/3048 3047/3047/3047
f 3048/3048/3048 3049/3049/3049 3050/3050/3050
f 3048/3048/3048 3050/3050/3050 3035/3035/3035
f 3051/3051/3051 3050/3050/3050 3049/3049/3049
f 3035/3035/3035 3050/3050/3050 3052/3052/3052
f 3052/3052/3052 3034/3034/3034 3035/3035/3035
f 3051/3051/3051 3053/3053/3053 3050/3050/3050
f 3053/3053/3053 3052/3052/3052 3050/3050/3050
f 3054/3054/3054 3053/3053/3053 3051/3051/3051
f 3055/3055/3055 3053/3053/3053 3054/3054/3054
f 3052/3052/3052 3056/3056/3056 3034/3034/3034
f 3056/3056/3056 3052/3052/3052 3053/3053/3053
f 3034/3034/3034 3056/3056/3056 3036/3036/3036
f 3053/3053/3053 3055/3055/3055 3057/3057/3057
f 3057/3057/3057 3056/3056/3056 3053/3053/3053
f 3058/3058/3058 3057/3057/3057 3055/3055/3055
f 3059/3059/3059 3057/3057/3057 3058/3058/3058
f 3060/3060/3060 3059/3059/3059 3058/3058/3058
f 3060/3060/3060 3061/3061/3061 3059/3059/3059
f 3061/3061/3061 3062/3062/3062 3059/3059/3059
f 3057/3057/3057 3063/3063/3063 3056/3056/3056
f 3063/3063/3063 3036/3036/3036 3056/3056/3056
f 3059/3059/3059 3063/3063/3063 3057/3057/3057
f 3063/3063/3063 3064/3064/3064 3036/3036/3036
f 3064/3064/3064 3063/3063/3063 3059/3059/3059
f 3036/3036/3036 3064/3064/3064 2667/2667/2667
f 3059/3059/3059 3062/3062/3062 3065/3065/3065
f 3064/3064/3064 3059/3059/3059 3065/3065/3065
f 3066/3066/3066 3065/3065/3065 3062/3062/3062
f 3065/3065/3065 3066/3066/3066 3067/3067/3067
f 3068/3068/3068 3067/3067/3067 3066/3066/3066
f 3068/3068/3068 3069/3069/3069 3067/3067/3067
f 3069/3069/3069 3070/3070/3070 3067/3067/3067
f 3071/3071/3071 3067/3067/3067 3070/3070/3070
f 3072/3072/3072 3067/3067/3067 3071/3071/3071
f 3073/3073/3073 3064/3064/3064 3065/3065/3065
f 3073/3073/3073 2667/2667/2667 3064/3064/3064
f 3065/3065/3065 3067/3067/3067 3073/3073/3073
f 3067/3067/3067 3072/3072/3072 3074/3074/3074
f 3074/3074/3074 3073/3073/3073 3067/3067/3067
f 3075/3075/3075 3074/3074/3074 3072/3072/3072
f 3074/3074/3074 3075/3075/3075 3076/3076/3076
f 3077/3077/3077 2667/2667/2667 3073/3073/3073
f 3077/3077/3077 2661/2661/2661 2667/2667/2667
f 3074/3074/3074 3078/3078/3078 3073/3073/3073
f 3078/3078/3078 3077/3077/3077 3073/3073/3073
f 3079/3079/3079 3074/3074/3074 3076/3076/3076
f 3079/3079/3079 3078/3078/3078 3074/3074/3074
f 3080/3080/3080 3079/3079/3079 3076/3076/3076
f 3078/3078/3078 3079/3079/3079 3080/3080/3080
f 3081/3081/3081 3080/3080/3080 3076/3076/3076
f 3080/3080/3080 3081/3081/3081 3082/3082/3082
f 3078/3078/3078 3083/3083/3083 3077/3077/3077
f 3083/3083/3083 2661/2661/2661 3077/3077/3077
f 3084/3084/3084 3080/3080/3080 3082/3082/3082
f 3085/3085/3085 3084/3084/3084 3082/3082/3082
f 3085/3085/3085 3086/3086/3086 3084/3084/3084
f 3087/3087/3087 3086/3086/3086 3085/3085/3085
f 3087/3087/3087 3088/3088/3088 3086/3086/3086
f 3089/3089/3089 3086/3086/3086 3088/3088/3088
f 3086/3086/3086 3089/3089/3089 3090/3090/3090
f 3089/3089/3089 3091/3091/3091 3090/3090/3090
f 3092/3092/3092 3090/3090/3090 3091/3091/3091
f 3093/3093/3093 3090/3090/3090 3092/3092/3092
f 3094/3094/3094 3078/3078/3078 3080/3080/3080
f 3094/3094/3094 3083/3083/3083 3078/3078/3078
f 3094/3094/3094 3080/3080/3080 3084/3084/3084
f 3095/3095/3095 3090/3090/3090 3093/3093/3093
f 3096/3096/3096 3095/3095/3095 3093/3093/3093
f 3096/3096/3096 3097/3097/3097 3095/3095/3095
f 3097/3097/3097 3098/3098/3098 3095/3095/3095
f 3098/3098/3098 3099/3099/3099 3095/3095/3095
f 3100/3100/3100 3095/3095/3095 3099/3099/3099
f 3095/3095/3095 3100/3100/3100 3101/3101/3101
f 3102/3102/3102 3101/3101/3101 3100/3100/3100
f 3103/3103/3103 3101/3101/3101 3102/3102/3102
f 3104/3104/3104 3101/3101/3101 3103/3103/3103
f 3105/3105/3105 3101/3101/3101 3104/3104/3104
f 3106/3106/3106 3101/3101/3101 3105/3105/3105
f 3107/3107/3107 3101/3101/3101 3106/3106/3106
f 3108/3108/3108 3107/3107/3107 3106/3106/3106
f 3109/3109/3109 3107/3107/3107 3108/3108/3108
f 3110/3110/3110 3109/3109/3109 3108/3108/3108
f 3107/3107/3107 3111/3111/3111 3101/3101/3101
f 3107/3107/3107 3109/3109/3109 3111/3111/3111
f 3101/3101/3101 3112/3112/3112 3095/3095/3095
f 3112/3112/3112 3101/3101/3101 3111/3111/3111
f 3095/3095/3095 3112/3112/3112 3113/3113/3113
f 3095/3095/3095 3113/3113/3113 3090/3090/3090
f 3110/3110/3110 3114/3114/3114 3109/3109/3109
f 3115/3115/3115 3114/3114/3114 3110/3110/3110
f 3116/3116/3116 3114/3114/3114 3115/3115/3115
f 3115/3115/3115 3117/3117/3117 3116/3116/3116
f 3117/3117/3117 3118/3118/3118 3116/3116/3116
f 3119/3119/3119 3116/3116/3116 3118/3118/3118
f 3114/3114/3114 3120/3120/3120 3109/3109/3109
f 3114/3114/3114 3116/3116/3116 3120/3120/3120
f 3116/3116/3116 3119/3119/3119 3121/3121/3121
f 3122/3122/3122 3121/3121/3121 3119/3119/3119
f 3123/3123/3123 3121/3121/3121 3122/3122/3122
f 3112/3112/3112 3124/3124/3124 3113/3113/3113
f 3112/3112/3112 3111/3111/3111 3124/3124/3124
f 3111/3111/3111 3109/3109/3109 3125/3125/3125
f 3125/3125/3125 3109/3109/3109 3120/3120/3120
f 3125/3125/3125 3126/3126/3126 3111/3111/3111
f 3126/3126/3126 3124/3124/3124 3111/3111/3111
f 3125/3125/3125 3120/3120/3120 3126/3126/3126
f 3120/3120/3120 3116/3116/3116 3127/3127/3127
f 3121/3121/3121 3127/3127/3127 3116/3116/3116
f 3123/3123/3123 3128/3128/3128 3121/3121/3121
f 3129/3129/3129 3128/3128/3128 3123/3123/3123
f 3130/3130/3130 3126/3126/3126 3120/3120/3120
f 3127/3127/3127 3130/3130/3130 3120/3120/3120
f 3121/3121/3121 3131/3131/3131 3127/3127/3127
f 3128/3128/3128 3131/3131/3131 3121/3121/3121
f 3127/3127/3127 3131/3131/3131 3130/3130/3130
f 3126/3126/3126 2653/2653/2653 3124/3124/3124
f 3126/3126/3126 3130/3130/3130 2653/2653/2653
f 3132/3132/3132 3128/3128/3128 3129/3129/3129
f 3132/3132/3132 3129/3129/3129 3133/3133/3133
f 3134/3134/3134 3131/3131/3131 3128/3128/3128
f 3132/3132/3132 3134/3134/3134 3128/3128/3128
f 3135/3135/3135 3132/3132/3132 3133/3133/3133
f 3134/3134/3134 3132/3132/3132 3135/3135/3135
f 3135/3135/3135 3133/3133/3133 3136/3136/3136
f 3124/3124/3124 2653/2653/2653 3137/3137/3137
f 3124/3124/3124 3137/3137/3137 3113/3113/3113
f 3138/3138/3138 3130/3130/3130 3131/3131/3131
f 3134/3134/3134 3138/3138/3138 3131/3131/3131
f 2653/2653/2653 3130/3130/3130 2651/2651/2651
f 3138/3138/3138 2651/2651/2651 3130/3130/3130
f 2653/2653/2653 2661/2661/2661 3137/3137/3137
f 3139/3139/3139 3135/3135/3135 3136/3136/3136
f 3139/3139/3139 3136/3136/3136 3140/3140/3140
f 3141/3141/3141 3134/3134/3134 3135/3135/3135
f 3138/3138/3138 3134/3134/3134 3141/3141/3141
f 3141/3141/3141 3135/3135/3135 3139/3139/3139
f 2651/2651/2651 3138/3138/3138 3142/3142/3142
f 3142/3142/3142 3138/3138/3138 3141/3141/3141
f 2648/2648/2648 2651/2651/2651 3142/3142/3142
f 3143/3143/3143 3139/3139/3139 3140/3140/3140
f 3143/3143/3143 3140/3140/3140 3144/3144/3144
f 3145/3145/3145 3141/3141/3141 3139/3139/3139
f 3142/3142/3142 3141/3141/3141 3145/3145/3145
f 3145/3145/3145 3139/3139/3139 3143/3143/3143
f 3142/3142/3142 3146/3146/3146 2648/2648/2648
f 3146/3146/3146 3142/3142/3142 3145/3145/3145
f 2642/2642/2642 2648/2648/2648 3146/3146/3146
f 3147/3147/3147 3143/3143/3143 3144/3144/3144
f 3144/3144/3144 3148/3148/3148 3147/3147/3147
f 3149/3149/3149 3145/3145/3145 3143/3143/3143
f 3146/3146/3146 3145/3145/3145 3149/3149/3149
f 3149/3149/3149 3143/3143/3143 3147/3147/3147
f 3150/3150/3150 2642/2642/2642 3146/3146/3146
f 3150/3150/3150 3146/3146/3146 3149/3149/3149
f 2642/2642/2642 3150/3150/3150 2641/2641/2641
f 3151/3151/3151 3150/3150/3150 3149/3149/3149
f 3151/3151/3151 3149/3149/3149 3147/3147/3147
f 3151/3151/3151 2641/2641/2641 3150/3150/3150
f 3147/3147/3147 3148/3148/3148 3152/3152/3152
f 3153/3153/3153 3152/3152/3152 3148/3148/3148
f 3154/3154/3154 3152/3152/3152 3153/3153/3153
f 3155/3155/3155 3151/3151/3151 3147/3147/3147
f 3155/3155/3155 2641/2641/2641 3151/3151/3151
f 3152/3152/3152 3155/3155/3155 3147/3147/3147
f 3156/3156/3156 2641/2641/2641 3155/3155/3155
f 3156/3156/3156 3155/3155/3155 3152/3152/3152
f 3156/3156/3156 2647/2647/2647 2641/2641/2641
f 3157/3157/3157 3152/3152/3152 3154/3154/3154
f 3157/3157/3157 3156/3156/3156 3152/3152/3152
f 3158/3158/3158 3157/3157/3157 3154/3154/3154
f 3159/3159/3159 3156/3156/3156 3157/3157/3157
f 3159/3159/3159 2647/2647/2647 3156/3156/3156
f 3160/3160/3160 3157/3157/3157 3158/3158/3158
f 3160/3160/3160 3159/3159/3159 3157/3157/3157
f 3161/3161/3161 3160/3160/3160 3158/3158/3158
f 3162/3162/3162 2647/2647/2647 3159/3159/3159
f 3162/3162/3162 3159/3159/3159 3160/3160/3160
f 3163/3163/3163 3160/3160/3160 3161/3161/3161
f 3163/3163/3163 3162/3162/3162 3160/3160/3160
f 3164/3164/3164 3163/3163/3163 3161/3161/3161
f 3162/3162/3162 3165/3165/3165 2647/2647/2647
f 3165/3165/3165 2634/2634/2634 2647/2647/2647
f 3166/3166/3166 3163/3163/3163 3164/3164/3164
f 3167/3167/3167 3166/3166/3166 3164/3164/3164
f 3168/3168/3168 3162/3162/3162 3163/3163/3163
f 3168/3168/3168 3165/3165/3165 3162/3162/3162
f 3166/3166/3166 3168/3168/3168 3163/3163/3163
f 2634/2634/2634 3165/3165/3165 3169/3169/3169
f 2631/2631/2631 2634/2634/2634 3169/3169/3169
f 3170/3170/3170 3165/3165/3165 3168/3168/3168
f 3170/3170/3170 3168/3168/3168 3166/3166/3166
f 3170/3170/3170 3169/3169/3169 3165/3165/3165
f 3171/3171/3171 3166/3166/3166 3167/3167/3167
f 3171/3171/3171 3170/3170/3170 3166/3166/3166
f 3172/3172/3172 3171/3171/3171 3167/3167/3167
f 3171/3171/3171 3172/3172/3172 3173/3173/3173
f 3174/3174/3174 3171/3171/3171 3173/3173/3173
f 3170/3170/3170 3171/3171/3171 3174/3174/3174
f 3174/3174/3174 3173/3173/3173 3175/3175/3175
f 3176/3176/3176 3170/3170/3170 3174/3174/3174
f 3176/3176/3176 3169/3169/3169 3170/3170/3170
f 3177/3177/3177 3174/3174/3174 3175/3175/3175
f 3176/3176/3176 3174/3174/3174 3177/3177/3177
f 3177/3177/3177 3175/3175/3175 3178/3178/3178
f 2631/2631/2631 3169/3169/3169 3179/3179/3179
f 2627/2627/2627 2631/2631/2631 3179/3179/3179
f 3180/3180/3180 3169/3169/3169 3176/3176/3176
f 3180/3180/3180 3176/3176/3176 3177/3177/3177
f 3180/3180/3180 3179/3179/3179 3169/3169/3169
f 3181/3181/3181 3177/3177/3177 3178/3178/3178
f 3180/3180/3180 3177/3177/3177 3181/3181/3181
f 3181/3181/3181 3178/3178/3178 3182/3182/3182
f 3183/3183/3183 3180/3180/3180 3181/3181/3181
f 3183/3183/3183 3179/3179/3179 3180/3180/3180
f 3184/3184/3184 3181/3181/3181 3182/3182/3182
f 3184/3184/3184 3183/3183/3183 3181/3181/3181
f 3184/3184/3184 3182/3182/3182 3185/3185/3185
f 3179/3179/3179 3186/3186/3186 2627/2627/2627
f 2627/2627/2627 3186/3186/3186 2623/2623/2623
f 3179/3179/3179 3183/3183/3183 3187/3187/3187
f 3184/3184/3184 3187/3187/3187 3183/3183/3183
f 3186/3186/3186 3179/3179/3179 3187/3187/3187
f 3188/3188/3188 3184/3184/3184 3185/3185/3185
f 3188/3188/3188 3187/3187/3187 3184/3184/3184
f 3185/3185/3185 3189/3189/3189 3188/3188/3188
f 3188/3188/3188 3189/3189/3189 3190/3190/3190
f 3191/3191/3191 3188/3188/3188 3190/3190/3190
f 3192/3192/3192 3188/3188/3188 3191/3191/3191
f 3193/3193/3193 3188/3188/3188 3192/3192/3192
f 3193/3193/3193 3194/3194/3194 3188/3188/3188
f 3194/3194/3194 3195/3195/3195 3188/3188/3188
f 3188/3188/3188 3195/3195/3195 3196/3196/3196
f 3195/3195/3195 3197/3197/3197 3196/3196/3196
f 3197/3197/3197 3198/3198/3198 3196/3196/3196
f 3199/3199/3199 3196/3196/3196 3198/3198/3198
f 3200/3200/3200 3196/3196/3196 3199/3199/3199
f 3201/3201/3201 3196/3196/3196 3200/3200/3200
f 3202/3202/3202 3196/3196/3196 3201/3201/3201
f 3203/3203/3203 3196/3196/3196 3202/3202/3202
f 3204/3204/3204 3196/3196/3196 3203/3203/3203
f 3205/3205/3205 3196/3196/3196 3204/3204/3204
f 3206/3206/3206 3196/3196/3196 3205/3205/3205
f 3196/3196/3196 3206/3206/3206 3207/3207/3207
f 3196/3196/3196 3208/3208/3208 3188/3188/3188
f 3208/3208/3208 3187/3187/3187 3188/3188/3188
f 3209/3209/3209 3196/3196/3196 3207/3207/3207
f 3207/3207/3207 3210/3210/3210 3209/3209/3209
f 3209/3209/3209 3210/3210/3210 3211/3211/3211
f 3212/3212/3212 3211/3211/3211 3210/3210/3210
f 3213/3213/3213 3211/3211/3211 3212/3212/3212
f 3214/3214/3214 3211/3211/3211 3213/3213/3213
f 3214/3214/3214 3215/3215/3215 3211/3211/3211
f 3216/3216/3216 3215/3215/3215 3214/3214/3214
f 3217/3217/3217 3215/3215/3215 3216/3216/3216
f 3209/3209/3209 3218/3218/3218 3196/3196/3196
f 3218/3218/3218 3208/3208/3208 3196/3196/3196
f 3208/3208/3208 3219/3219/3219 3187/3187/3187
f 3219/3219/3219 3186/3186/3186 3187/3187/3187
f 3219/3219/3219 2623/2623/2623 3186/3186/3186
f 3208/3208/3208 3220/3220/3220 3219/3219/3219
f 3220/3220/3220 2623/2623/2623 3219/3219/3219
f 3218/3218/3218 3220/3220/3220 3208/3208/3208
f 3220/3220/3220 3221/3221/3221 2623/2623/2623
f 3221/3221/3221 3220/3220/3220 3218/3218/3218
f 2623/2623/2623 3221/3221/3221 2621/2621/2621
f 3209/3209/3209 3222/3222/3222 3218/3218/3218
f 3222/3222/3222 3221/3221/3221 3218/3218/3218
f 3211/3211/3211 3222/3222/3222 3209/3209/3209
f 3223/3223/3223 2621/2621/2621 3221/3221/3221
f 2619/2619/2619 2621/2621/2621 3223/3223/3223
f 3222/3222/3222 3224/3224/3224 3221/3221/3221
f 3224/3224/3224 3222/3222/3222 3211/3211/3211
f 3221/3221/3221 3224/3224/3224 3223/3223/3223
f 3211/3211/3211 3225/3225/3225 3224/3224/3224
f 3225/3225/3225 3223/3223/3223 3224/3224/3224
f 3215/3215/3215 3225/3225/3225 3211/3211/3211
f 3226/3226/3226 2619/2619/2619 3223/3223/3223
f 3226/3226/3226 3223/3223/3223 3225/3225/3225
f 3226/3226/3226 2616/2616/2616 2619/2619/2619
f 3227/3227/3227 3226/3226/3226 3225/3225/3225
f 3227/3227/3227 3225/3225/3225 3215/3215/3215
f 3228/3228/3228 2616/2616/2616 3226/3226/3226
f 3227/3227/3227 3228/3228/3228 3226/3226/3226
f 3229/3229/3229 3227/3227/3227 3215/3215/3215
f 3229/3229/3229 3228/3228/3228 3227/3227/3227
f 3230/3230/3230 2616/2616/2616 3228/3228/3228
f 3230/3230/3230 2612/2612/2612 2616/2616/2616
f 3231/3231/3231 3229/3229/3229 3215/3215/3215
f 3231/3231/3231 3215/3215/3215 3217/3217/3217
f 3232/3232/3232 3231/3231/3231 3217/3217/3217
f 3233/3233/3233 3228/3228/3228 3229/3229/3229
f 3233/3233/3233 3229/3229/3229 3231/3231/3231
f 3233/3233/3233 3230/3230/3230 3228/3228/3228
f 3234/3234/3234 3231/3231/3231 3232/3232/3232
f 3234/3234/3234 3233/3233/3233 3231/3231/3231
f 3235/3235/3235 3234/3234/3234 3232/3232/3232
f 3234/3234/3234 3235/3235/3235 3236/3236/3236
f 3237/3237/3237 3234/3234/3234 3236/3236/3236
f 3238/3238/3238 3237/3237/3237 3236/3236/3236
f 3239/3239/3239 3237/3237/3237 3238/3238/3238
f 3234/3234/3234 3240/3240/3240 3233/3233/3233
f 3240/3240/3240 3230/3230/3230 3233/3233/3233
f 3237/3237/3237 3240/3240/3240 3234/3234/3234
f 3241/3241/3241 3230/3230/3230 3240/3240/3240
f 3241/3241/3241 3240/3240/3240 3237/3237/3237
f 3237/3237/3237 3239/3239/3239 3242/3242/3242
f 3243/3243/3243 3242/3242/3242 3239/3239/3239
f 3242/3242/3242 3243/3243/3243 3244/3244/3244
f 3230/3230/3230 3241/3241/3241 3245/3245/3245
f 3245/3245/3245 2612/2612/2612 3230/3230/3230
f 3246/3246/3246 3241/3241/3241 3237/3237/3237
f 3246/3246/3246 3245/3245/3245 3241/3241/3241
f 3242/3242/3242 3246/3246/3246 3237/3237/3237
f 3247/3247/3247 2612/2612/2612 3245/3245/3245
f 3247/3247/3247 3245/3245/3245 3246/3246/3246
f 2612/2612/2612 3247/3247/3247 2607/2607/2607
f 3248/3248/3248 3242/3242/3242 3244/3244/3244
f 3244/3244/3244 3249/3249/3249 3248/3248/3248
f 3250/3250/3250 3246/3246/3246 3242/3242/3242
f 3246/3246/3246 3250/3250/3250 3247/3247/3247
f 3248/3248/3248 3250/3250/3250 3242/3242/3242
f 3251/3251/3251 2607/2607/2607 3247/3247/3247
f 3251/3251/3251 3247/3247/3247 3250/3250/3250
f 3252/3252/3252 2607/2607/2607 3251/3251/3251
f 3252/3252/3252 3251/3251/3251 3253/3253/3253
f 3253/3253/3253 3251/3251/3251 3250/3250/3250
f 3253/3253/3253 3250/3250/3250 3254/3254/3254
f 3250/3250/3250 3248/3248/3248 3254/3254/3254
f 3248/3248/3248 3249/3249/3249 3254/3254/3254
f 3255/3255/3255 3254/3254/3254 3249/3249/3249
f 3256/3256/3256 3254/3254/3254 3255/3255/3255
f 3259/3259/3259 3258/3258/3258 3257/3257/3257
f 3260/3260/3260 3259/3259/3259 3257/3257/3257
f 3260/3260/3260 3257/3257/3257 3261/3261/3261
f 3262/3262/3262 3260/3260/3260 3261/3261/3261
f 3262/3262/3262 3261/3261/3261 3263/3263/3263
f 3264/3264/3264 3262/3262/3262 3263/3263/3263
f 3264/3264/3264 3263/3263/3263 3265/3265/3265
f 3266/3266/3266 3264/3264/3264 3265/3265/3265
f 3269/3269/3269 3268/3268/3268 3267/3267/3267
f 3270/3270/3270 3269/3269/3269 3267/3267/3267
f 3267/3267/3267 3271/3271/3271 3270/3270/3270
f 3270/3270/3270 3272/3272/3272 3269/3269/3269
f 3269/3269/3269 3272/3272/3272 3273/3273/3273
f 3274/3274/3274 3273/3273/3273 3272/3272/3272
f 3275/3275/3275 3273/3273/3273 3274/3274/3274
f 3276/3276/3276 3275/3275/3275 3274/3274/3274
f 3276/3276/3276 3277/3277/3277 3275/3275/3275
f 3270/3270/3270 3278/3278/3278 3272/3272/3272
f 3278/3278/3278 3270/3270/3270 3271/3271/3271
f 3279/3279/3279 3278/3278/3278 3271/3271/3271
f 3280/3280/3280 3278/3278/3278 3279/3279/3279
f 3281/3281/3281 3278/3278/3278 3280/3280/3280
f 3282/3282/3282 3278/3278/3278 3281/3281/3281
f 3278/3278/3278 3282/3282/3282 3283/3283/3283
f 3284/3284/3284 3282/3282/3282 3281/3281/3281
f 3285/3285/3285 3282/3282/3282 3284/3284/3284
f 3286/3286/3286 3282/3282/3282 3285/3285/3285
f 3282/3282/3282 3286/3286/3286 3287/3287/3287
f 3285/3285/3285 3288/3288/3288 3286/3286/3286
f 3288/3288/3288 3289/3289/3289 3286/3286/3286
f 3290/3290/3290 3288/3288/3288 3285/3285/3285
f 3288/3288/3288 3291/3291/3291 3289/3289/3289
f 3291/3291/3291 3288/3288/3288 3290/3290/3290
f 3291/3291/3291 3290/3290/3290 3292/3292/3292
f 3293/3293/3293 3291/3291/3291 3292/3292/3292
f 3293/3293/3293 3294/3294/3294 3291/3291/3291
f 3295/3295/3295 3294/3294/3294 3293/3293/3293
f 3292/3292/3292 3295/3295/3295 3293/3293/3293
f 3296/3296/3296 3295/3295/3295 3292/3292/3292
f 3297/3297/3297 3295/3295/3295 3296/3296/3296
f 3297/3297/3297 3296/3296/3296 3298/3298/3298
f 3297/3297/3297 3299/3299/3299 3295/3295/3295
f 3300/3300/3300 3297/3297/3297 3298/3298/3298
f 3300/3300/3300 3299/3299/3299 3297/3297/3297
f 3301/3301/3301 3300/3300/3300 3298/3298/3298
f 3302/3302/3302 3300/3300/3300 3301/3301/3301
f 3300/3300/3300 3303/3303/3303 3299/3299/3299
f 3303/3303/3303 3300/3300/3300 3302/3302/3302
f 3304/3304/3304 3303/3303/3303 3302/3302/3302
f 3305/3305/3305 3303/3303/3303 3304/3304/3304
f 3306/3306/3306 3303/3303/3303 3305/3305/3305
f 3303/3303/3303 3306/3306/3306 3307/3307/3307
f 3306/3306/3306 3305/3305/3305 3308/3308/3308
f 3309/3309/3309 3306/3306/3306 3308/3308/3308
f 3309/3309/3309 3308/3308/3308 3310/3310/3310
f 3311/3311/3311 3309/3309/3309 3310/3310/3310
f 3306/3306/3306 3309/3309/3309 3312/3312/3312
f 3311/3311/3311 3313/3313/3313 3309/3309/3309
f 3313/3313/3313 3312/3312/3312 3309/3309/3309
f 3314/3314/3314 3312/3312/3312 3313/3313/3313
f 3314/3314/3314 3313/3313/3313 3315/3315/3315
f 3316/3316/3316 3315/3315/3315 3313/3313/3313
f 3317/3317/3317 3315/3315/3315 3316/3316/3316
f 3316/3316/3316 3318/3318/3318 3317/3317/3317
f 3321/3321/3321 3320/3320/3320 3319/3319/3319
f 3322/3322/3322 3320/3320/3320 3321/3321/3321
f 3323/3323/3323 3322/3322/3322 3321/3321/3321
f 3321/3321/3321 3324/3324/3324 3323/3323/3323
f 3323/3323/3323 3324/3324/3324 3325/3325/3325
f 3324/3324/3324 3321/3321/3321 3326/3326/3326
f 3327/3327/3327 3324/3324/3324 3326/3326/3326
f 3327/3327/3327 3328/3328/3328 3324/3324/3324
f 3324/3324/3324 3328/3328/3328 3329/3329/3329
f 3329/3329/3329 3325/3325/3325 3324/3324/3324
f 3329/3329/3329 3328/3328/3328 3330/3330/3330
f 3329/3329/3329 3330/3330/3330 3325/3325/3325
f 3331/3331/3331 3330/3330/3330 3328/3328/3328
f 3332/3332/3332 3330/3330/3330 3331/3331/3331
f 3332/3332/3332 3325/3325/3325 3330/3330/3330
f 3333/3333/3333 3332/3332/3332 3331/3331/3331
f 3332/3332/3332 3333/3333/3333 3334/3334/3334
f 3335/3335/3335 3334/3334/3334 3333/3333/3333
f 3335/3335/3335 3336/3336/3336 3334/3334/3334
f 3337/3337/3337 3336/3336/3336 3335/3335/3335
f 3338/3338/3338 3336/3336/3336 3337/3337/3337
f 3334/3334/3334 3339/3339/3339 3332/3332/3332
f 3332/3332/3332 3339/3339/3339 3325/3325/3325
f 3339/3339/3339 3334/3334/3334 3336/3336/3336
f 3336/3336/3336 3338/3338/3338 3340/3340/3340
f 3341/3341/3341 3340/3340/3340 3338/3338/3338
f 3342/3342/3342 3340/3340/3340 3341/3341/3341
f 3343/3343/3343 3340/3340/3340 3342/3342/3342
f 3344/3344/3344 3343/3343/3343 3342/3342/3342
f 3340/3340/3340 3345/3345/3345 3336/3336/3336
f 3343/3343/3343 3345/3345/3345 3340/3340/3340
f 3346/3346/3346 3339/3339/3339 3336/3336/3336
f 3345/3345/3345 3346/3346/3346 3336/3336/3336
f 3339/3339/3339 3347/3347/3347 3325/3325/3325
f 3346/3346/3346 3347/3347/3347 3339/3339/3339
f 3348/3348/3348 3343/3343/3343 3344/3344/3344
f 3349/3349/3349 3348/3348/3348 3344/3344/3344
f 3343/3343/3343 3350/3350/3350 3345/3345/3345
f 3348/3348/3348 3350/3350/3350 3343/3343/3343
f 3345/3345/3345 3351/3351/3351 3346/3346/3346
f 3346/3346/3346 3351/3351/3351 3347/3347/3347
f 3351/3351/3351 3352/3352/3352 3347/3347/3347
f 3353/3353/3353 3352/3352/3352 3351/3351/3351
f 3354/3354/3354 3353/3353/3353 3351/3351/3351
f 3354/3354/3354 3351/3351/3351 3345/3345/3345
f 3350/3350/3350 3354/3354/3354 3345/3345/3345
f 3347/3347/3347 3355/3355/3355 3325/3325/3325
f 3325/3325/3325 3355/3355/3355 3323/3323/3323
f 3356/3356/3356 3348/3348/3348 3349/3349/3349
f 3357/3357/3357 3356/3356/3356 3349/3349/3349
f 3356/3356/3356 3357/3357/3357 3358/3358/3358
f 3359/3359/3359 3350/3350/3350 3348/3348/3348
f 3356/3356/3356 3359/3359/3359 3348/3348/3348
f 3359/3359/3359 3354/3354/3354 3350/3350/3350
f 3360/3360/3360 3356/3356/3356 3358/3358/3358
f 3359/3359/3359 3356/3356/3356 3360/3360/3360
f 3360/3360/3360 3358/3358/3358 3361/3361/3361
f 3347/3347/3347 3362/3362/3362 3355/3355/3355
f 3347/3347/3347 3352/3352/3352 3362/3362/3362
f 3355/3355/3355 3363/3363/3363 3323/3323/3323
f 3355/3355/3355 3362/3362/3362 3363/3363/3363
f 3323/3323/3323 3363/3363/3363 3322/3322/3322
f 3364/3364/3364 3363/3363/3363 3362/3362/3362
f 3364/3364/3364 3322/3322/3322 3363/3363/3363
f 3362/3362/3362 3352/3352/3352 3365/3365/3365
f 3366/3366/3366 3362/3362/3362 3365/3365/3365
f 3365/3365/3365 3352/3352/3352 3367/3367/3367
f 3367/3367/3367 3352/3352/3352 3368/3368/3368
f 3368/3368/3368 3352/3352/3352 3369/3369/3369
f 3370/3370/3370 3362/3362/3362 3366/3366/3366
f 3353/3353/3353 3369/3369/3369 3352/3352/3352
f 3371/3371/3371 3362/3362/3362 3370/3370/3370
f 3353/3353/3353 3372/3372/3372 3369/3369/3369
f 3373/3373/3373 3362/3362/3362 3371/3371/3371
f 3353/3353/3353 3374/3374/3374 3372/3372/3372
f 1481/1481/1481 3362/3362/3362 3373/3373/3373
f 1481/1481/1481 1480/1480/1480 3362/3362/3362
f 3353/3353/3353 3375/3375/3375 3374/3374/3374
f 3362/3362/3362 1480/1480/1480 3376/3376/3376
f 3364/3364/3364 3362/3362/3362 3376/3376/3376
f 3376/3376/3376 1480/1480/1480 1493/1493/1493
f 3364/3364/3364 3376/3376/3376 3377/3377/3377
f 3377/3377/3377 3322/3322/3322 3364/3364/3364
f 3322/3322/3322 3377/3377/3377 3378/3378/3378
f 3376/3376/3376 1493/1493/1493 3379/3379/3379
f 1493/1493/1493 3380/3380/3380 3379/3379/3379
f 3379/3379/3379 3380/3380/3380 3381/3381/3381
f 3382/3382/3382 3375/3375/3375 3353/3353/3353
f 3375/3375/3375 3382/3382/3382 3383/3383/3383
f 3382/3382/3382 3384/3384/3384 3383/3383/3383
f 3382/3382/3382 3353/3353/3353 3385/3385/3385
f 3353/3353/3353 3354/3354/3354 3385/3385/3385
f 3386/3386/3386 3384/3384/3384 3382/3382/3382
f 3384/3384/3384 3386/3386/3386 3387/3387/3387
f 3387/3387/3387 3386/3386/3386 3388/3388/3388
f 3388/3388/3388 3386/3386/3386 3389/3389/3389
f 3388/3388/3388 3389/3389/3389 3390/3390/3390
f 3390/3390/3390 3389/3389/3389 3391/3391/3391
f 3391/3391/3391 3389/3389/3389 3392/3392/3392
f 3389/3389/3389 3393/3393/3393 3392/3392/3392
f 3392/3392/3392 3393/3393/3393 3394/3394/3394
f 3394/3394/3394 3393/3393/3393 3395/3395/3395
f 3382/3382/3382 3396/3396/3396 3386/3386/3386
f 3385/3385/3385 3396/3396/3396 3382/3382/3382
f 3354/3354/3354 3397/3397/3397 3385/3385/3385
f 3397/3397/3397 3354/3354/3354 3359/3359/3359
f 3397/3397/3397 3359/3359/3359 3360/3360/3360
f 3398/3398/3398 3385/3385/3385 3397/3397/3397
f 3396/3396/3396 3385/3385/3385 3398/3398/3398
f 3397/3397/3397 3360/3360/3360 3399/3399/3399
f 3398/3398/3398 3397/3397/3397 3399/3399/3399
f 3399/3399/3399 3360/3360/3360 3361/3361/3361
f 3399/3399/3399 3361/3361/3361 3400/3400/3400
f 3401/3401/3401 3386/3386/3386 3396/3396/3396
f 3389/3389/3389 3386/3386/3386 3401/3401/3401
f 3402/3402/3402 3396/3396/3396 3398/3398/3398
f 3402/3402/3402 3398/3398/3398 3399/3399/3399
f 3401/3401/3401 3396/3396/3396 3402/3402/3402
f 3403/3403/3403 3399/3399/3399 3400/3400/3400
f 3403/3403/3403 3402/3402/3402 3399/3399/3399
f 3404/3404/3404 3403/3403/3403 3400/3400/3400
f 3405/3405/3405 3404/3404/3404 3400/3400/3400
f 3406/3406/3406 3402/3402/3402 3403/3403/3403
f 3406/3406/3406 3401/3401/3401 3402/3402/3402
f 3404/3404/3404 3406/3406/3406 3403/3403/3403
f 3407/3407/3407 3404/3404/3404 3405/3405/3405
f 3408/3408/3408 3407/3407/3407 3405/3405/3405
f 3409/3409/3409 3406/3406/3406 3404/3404/3404
f 3406/3406/3406 3409/3409/3409 3401/3401/3401
f 3407/3407/3407 3409/3409/3409 3404/3404/3404
f 3410/3410/3410 3407/3407/3407 3408/3408/3408
f 3411/3411/3411 3410/3410/3410 3408/3408/3408
f 3412/3412/3412 3410/3410/3410 3411/3411/3411
f 3413/3413/3413 3412/3412/3412 3411/3411/3411
f 3413/3413/3413 3414/3414/3414 3412/3412/3412
f 3412/3412/3412 3414/3414/3414 3415/3415/3415
f 3416/3416/3416 3412/3412/3412 3415/3415/3415
f 3401/3401/3401 3409/3409/3409 3417/3417/3417
f 3417/3417/3417 3389/3389/3389 3401/3401/3401
f 3418/3418/3418 3409/3409/3409 3407/3407/3407
f 3410/3410/3410 3418/3418/3418 3407/3407/3407
f 3418/3418/3418 3417/3417/3417 3409/3409/3409
f 3417/3417/3417 3419/3419/3419 3389/3389/3389
f 3419/3419/3419 3417/3417/3417 3418/3418/3418
f 3420/3420/3420 3418/3418/3418 3410/3410/3410
f 3420/3420/3420 3419/3419/3419 3418/3418/3418
f 3412/3412/3412 3420/3420/3420 3410/3410/3410
f 3421/3421/3421 3389/3389/3389 3419/3419/3419
f 3421/3421/3421 3419/3419/3419 3420/3420/3420
f 3389/3389/3389 3421/3421/3421 3393/3393/3393
f 3412/3412/3412 3416/3416/3416 3422/3422/3422
f 3423/3423/3423 3422/3422/3422 3416/3416/3416
f 3422/3422/3422 3423/3423/3423 3424/3424/3424
f 3425/3425/3425 3420/3420/3420 3412/3412/3412
f 3422/3422/3422 3425/3425/3425 3412/3412/3412
f 3425/3425/3425 3421/3421/3421 3420/3420/3420
f 3426/3426/3426 3422/3422/3422 3424/3424/3424
f 3425/3425/3425 3422/3422/3422 3426/3426/3426
f 3426/3426/3426 3424/3424/3424 3427/3427/3427
f 3421/3421/3421 3425/3425/3425 3428/3428/3428
f 3428/3428/3428 3425/3425/3425 3426/3426/3426
f 3429/3429/3429 3426/3426/3426 3427/3427/3427
f 3428/3428/3428 3426/3426/3426 3429/3429/3429
f 3429/3429/3429 3427/3427/3427 3430/3430/3430
f 3431/3431/3431 3421/3421/3421 3428/3428/3428
f 3431/3431/3431 3393/3393/3393 3421/3421/3421
f 3432/3432/3432 3429/3429/3429 3430/3430/3430
f 3430/3430/3430 3433/3433/3433 3432/3432/3432
f 3434/3434/3434 3432/3432/3432 3433/3433/3433
f 3435/3435/3435 3432/3432/3432 3434/3434/3434
f 3436/3436/3436 3435/3435/3435 3434/3434/3434
f 3437/3437/3437 3435/3435/3435 3436/3436/3436
f 3438/3438/3438 3435/3435/3435 3437/3437/3437
f 3438/3438/3438 3439/3439/3439 3435/3435/3435
f 3440/3440/3440 3428/3428/3428 3429/3429/3429
f 3428/3428/3428 3440/3440/3440 3431/3431/3431
f 3440/3440/3440 3429/3429/3429 3432/3432/3432
f 3393/3393/3393 3431/3431/3431 3441/3441/3441
f 3441/3441/3441 3431/3431/3431 3440/3440/3440
f 3442/3442/3442 3440/3440/3440 3432/3432/3432
f 3432/3432/3432 3435/3435/3435 3442/3442/3442
f 3442/3442/3442 3441/3441/3441 3440/3440/3440
f 3443/3443/3443 3442/3442/3442 3435/3435/3435
f 3441/3441/3441 3442/3442/3442 3443/3443/3443
f 3435/3435/3435 3439/3439/3439 3444/3444/3444
f 3444/3444/3444 3443/3443/3443 3435/3435/3435
f 3444/3444/3444 3439/3439/3439 3445/3445/3445
f 3444/3444/3444 3445/3445/3445 3443/3443/3443
f 3446/3446/3446 3445/3445/3445 3439/3439/3439
f 3446/3446/3446 3447/3447/3447 3445/3445/3445
f 3448/3448/3448 3393/3393/3393 3441/3441/3441
f 3448/3448/3448 3395/3395/3395 3393/3393/3393
f 3395/3395/3395 3448/3448/3448 3449/3449/3449
f 3448/3448/3448 3450/3450/3450 3449/3449/3449
f 3451/3451/3451 3441/3441/3441 3443/3443/3443
f 3448/3448/3448 3441/3441/3441 3451/3451/3451
f 3452/3452/3452 3450/3450/3450 3448/3448/3448
f 3452/3452/3452 3448/3448/3448 3451/3451/3451
f 3450/3450/3450 3452/3452/3452 3453/3453/3453
f 3452/3452/3452 3454/3454/3454 3453/3453/3453
f 3454/3454/3454 3452/3452/3452 3451/3451/3451
f 3453/3453/3453 3454/3454/3454 3455/3455/3455
f 3455/3455/3455 3454/3454/3454 3456/3456/3456
f 3456/3456/3456 3454/3454/3454 3457/3457/3457
f 3454/3454/3454 3458/3458/3458 3457/3457/3457
f 3457/3457/3457 3458/3458/3458 3459/3459/3459
f 3458/3458/3458 3460/3460/3460 3459/3459/3459
f 3461/3461/3461 3460/3460/3460 3458/3458/3458
f 3462/3462/3462 3460/3460/3460 3461/3461/3461
f 3463/3463/3463 3462/3462/3462 3461/3461/3461
f 3464/3464/3464 3463/3463/3463 3461/3461/3461
f 3464/3464/3464 3461/3461/3461 3465/3465/3465
f 3466/3466/3466 3465/3465/3465 3461/3461/3461
f 3465/3465/3465 3466/3466/3466 3467/3467/3467
f 3468/3468/3468 3467/3467/3467 3466/3466/3466
f 3469/3469/3469 3468/3468/3468 3466/3466/3466
f 3469/3469/3469 3466/3466/3466 3470/3470/3470
f 3471/3471/3471 3470/3470/3470 3466/3466/3466
f 3470/3470/3470 3471/3471/3471 3472/3472/3472
f 3472/3472/3472 3471/3471/3471 3473/3473/3473
f 3474/3474/3474 3473/3473/3473 3471/3471/3471
f 3475/3475/3475 3474/3474/3474 3471/3471/3471
f 3476/3476/3476 3474/3474/3474 3475/3475/3475
f 3477/3477/3477 3476/3476/3476 3475/3475/3475
f 3478/3478/3478 3477/3477/3477 3475/3475/3475
f 3479/3479/3479 3477/3477/3477 3478/3478/3478
f 3480/3480/3480 3479/3479/3479 3478/3478/3478
f 3471/3471/3471 3466/3466/3466 3481/3481/3481
f 3471/3471/3471 3482/3482/3482 3475/3475/3475
f 3483/3483/3483 3471/3471/3471 3481/3481/3481
f 3482/3482/3482 3471/3471/3471 3483/3483/3483
f 3484/3484/3484 3481/3481/3481 3466/3466/3466
f 3484/3484/3484 3466/3466/3466 3485/3485/3485
f 3466/3466/3466 3461/3461/3461 3485/3485/3485
f 3486/3486/3486 3483/3483/3483 3481/3481/3481
f 3487/3487/3487 3481/3481/3481 3484/3484/3484
f 3486/3486/3486 3481/3481/3481 3487/3487/3487
f 3487/3487/3487 3484/3484/3484 3488/3488/3488
f 3484/3484/3484 3485/3485/3485 3489/3489/3489
f 3488/3488/3488 3484/3484/3484 3489/3489/3489
f 3490/3490/3490 3486/3486/3486 3487/3487/3487
f 3487/3487/3487 3488/3488/3488 3490/3490/3490
f 3491/3491/3491 3483/3483/3483 3486/3486/3486
f 3482/3482/3482 3483/3483/3483 3492/3492/3492
f 3492/3492/3492 3483/3483/3483 3491/3491/3491
f 3491/3491/3491 3486/3486/3486 3493/3493/3493
f 3493/3493/3493 3486/3486/3486 3490/3490/3490
f 3494/3494/3494 3492/3492/3492 3491/3491/3491
f 3494/3494/3494 3491/3491/3491 3493/3493/3493
f 3495/3495/3495 3492/3492/3492 3494/3494/3494
f 3496/3496/3496 3482/3482/3482 3492/3492/3492
f 3496/3496/3496 3492/3492/3492 3495/3495/3495
f 3496/3496/3496 3497/3497/3497 3482/3482/3482
f 3497/3497/3497 3475/3475/3475 3482/3482/3482
f 3498/3498/3498 3497/3497/3497 3496/3496/3496
f 3498/3498/3498 3496/3496/3496 3495/3495/3495
f 3499/3499/3499 3475/3475/3475 3497/3497/3497
f 3498/3498/3498 3499/3499/3499 3497/3497/3497
f 3500/3500/3500 3475/3475/3475 3499/3499/3499
f 3500/3500/3500 3478/3478/3478 3475/3475/3475
f 3501/3501/3501 3499/3499/3499 3498/3498/3498
f 3500/3500/3500 3499/3499/3499 3501/3501/3501
f 3494/3494/3494 3493/3493/3493 3502/3502/3502
f 3493/3493/3493 3503/3503/3503 3502/3502/3502
f 3502/3502/3502 3504/3504/3504 3494/3494/3494
f 3495/3495/3495 3494/3494/3494 3504/3504/3504
f 3503/3503/3503 3493/3493/3493 3505/3505/3505
f 3506/3506/3506 3495/3495/3495 3504/3504/3504
f 3505/3505/3505 3493/3493/3493 3490/3490/3490
f 3506/3506/3506 3507/3507/3507 3495/3495/3495
f 3505/3505/3505 3490/3490/3490 3508/3508/3508
f 3509/3509/3509 3495/3495/3495 3507/3507/3507
f 3509/3509/3509 3498/3498/3498 3495/3495/3495
f 3510/3510/3510 3509/3509/3509 3507/3507/3507
f 3511/3511/3511 3509/3509/3509 3510/3510/3510
f 3490/3490/3490 3512/3512/3512 3508/3508/3508
f 3512/3512/3512 3513/3513/3513 3508/3508/3508
f 3488/3488/3488 3512/3512/3512 3490/3490/3490
f 3509/3509/3509 3514/3514/3514 3498/3498/3498
f 3511/3511/3511 3514/3514/3514 3509/3509/3509
f 3515/3515/3515 3514/3514/3514 3511/3511/3511
f 3501/3501/3501 3498/3498/3498 3514/3514/3514
f 3512/3512/3512 3516/3516/3516 3513/3513/3513
f 3512/3512/3512 3488/3488/3488 3516/3516/3516
f 3513/3513/3513 3516/3516/3516 3517/3517/3517
f 3488/3488/3488 3489/3489/3489 3516/3516/3516
f 3515/3515/3515 3518/3518/3518 3514/3514/3514
f 3518/3518/3518 3501/3501/3501 3514/3514/3514
f 3519/3519/3519 3518/3518/3518 3515/3515/3515
f 3517/3517/3517 3516/3516/3516 3520/3520/3520
f 3516/3516/3516 3489/3489/3489 3520/3520/3520
f 3517/3517/3517 3520/3520/3520 3521/3521/3521
f 3522/3522/3522 3518/3518/3518 3519/3519/3519
f 3522/3522/3522 3501/3501/3501 3518/3518/3518
f 3523/3523/3523 3522/3522/3522 3519/3519/3519
f 3489/3489/3489 3524/3524/3524 3520/3520/3520
f 3489/3489/3489 3485/3485/3485 3524/3524/3524
f 3521/3521/3521 3520/3520/3520 3525/3525/3525
f 3525/3525/3525 3520/3520/3520 3524/3524/3524
f 3521/3521/3521 3525/3525/3525 3526/3526/3526
f 3526/3526/3526 3525/3525/3525 3527/3527/3527
f 3525/3525/3525 3524/3524/3524 3528/3528/3528
f 3528/3528/3528 3529/3529/3529 3525/3525/3525
f 3527/3527/3527 3525/3525/3525 3529/3529/3529
f 3530/3530/3530 3529/3529/3529 3528/3528/3528
f 3528/3528/3528 3531/3531/3531 3530/3530/3530
f 3531/3531/3531 3528/3528/3528 3532/3532/3532
f 3532/3532/3532 3528/3528/3528 3533/3533/3533
f 3534/3534/3534 3533/3533/3533 3528/3528/3528
f 3535/3535/3535 3533/3533/3533 3534/3534/3534
f 3536/3536/3536 3535/3535/3535 3534/3534/3534
f 3536/3536/3536 3534/3534/3534 3537/3537/3537
f 3537/3537/3537 3534/3534/3534 3538/3538/3538
f 3524/3524/3524 3539/3539/3539 3528/3528/3528
f 3528/3528/3528 3539/3539/3539 3534/3534/3534
f 3524/3524/3524 3485/3485/3485 3539/3539/3539
f 3540/3540/3540 3538/3538/3538 3534/3534/3534
f 3540/3540/3540 3541/3541/3541 3538/3538/3538
f 3542/3542/3542 3541/3541/3541 3540/3540/3540
f 3542/3542/3542 3540/3540/3540 3543/3543/3543
f 3539/3539/3539 3544/3544/3544 3534/3534/3534
f 3540/3540/3540 3534/3534/3534 3544/3544/3544
f 3545/3545/3545 3539/3539/3539 3485/3485/3485
f 3545/3545/3545 3544/3544/3544 3539/3539/3539
f 3545/3545/3545 3485/3485/3485 3461/3461/3461
f 3540/3540/3540 3546/3546/3546 3543/3543/3543
f 3540/3540/3540 3544/3544/3544 3546/3546/3546
f 3543/3543/3543 3546/3546/3546 3547/3547/3547
f 3544/3544/3544 3548/3548/3548 3546/3546/3546
f 3548/3548/3548 3544/3544/3544 3545/3545/3545
f 3546/3546/3546 3549/3549/3549 3547/3547/3547
f 3546/3546/3546 3548/3548/3548 3549/3549/3549
f 3547/3547/3547 3549/3549/3549 3550/3550/3550
f 3545/3545/3545 3461/3461/3461 3551/3551/3551
f 3551/3551/3551 3461/3461/3461 3458/3458/3458
f 3548/3548/3548 3545/3545/3545 3552/3552/3552
f 3548/3548/3548 3552/3552/3552 3549/3549/3549
f 3552/3552/3552 3545/3545/3545 3551/3551/3551
f 3549/3549/3549 3553/3553/3553 3550/3550/3550
f 3549/3549/3549 3552/3552/3552 3553/3553/3553
f 3550/3550/3550 3553/3553/3553 3554/3554/3554
f 3554/3554/3554 3553/3553/3553 3555/3555/3555
f 3556/3556/3556 3555/3555/3555 3553/3553/3553
f 3555/3555/3555 3556/3556/3556 3557/3557/3557
f 3558/3558/3558 3557/3557/3557 3556/3556/3556
f 3558/3558/3558 3556/3556/3556 3559/3559/3559
f 3559/3559/3559 3556/3556/3556 3560/3560/3560
f 3552/3552/3552 3561/3561/3561 3553/3553/3553
f 3552/3552/3552 3551/3551/3551 3561/3561/3561
f 3553/3553/3553 3561/3561/3561 3556/3556/3556
f 3562/3562/3562 3560/3560/3560 3556/3556/3556
f 3560/3560/3560 3562/3562/3562 3563/3563/3563
f 3563/3563/3563 3562/3562/3562 3564/3564/3564
f 3564/3564/3564 3562/3562/3562 3565/3565/3565
f 3565/3565/3565 3562/3562/3562 3566/3566/3566
f 3566/3566/3566 3562/3562/3562 3567/3567/3567
f 3568/3568/3568 3567/3567/3567 3562/3562/3562
f 3567/3567/3567 3568/3568/3568 3569/3569/3569
f 3570/3570/3570 3569/3569/3569 3568/3568/3568
f 3570/3570/3570 3568/3568/3568 3571/3571/3571
f 3561/3561/3561 3572/3572/3572 3556/3556/3556
f 3556/3556/3556 3572/3572/3572 3562/3562/3562
f 3561/3561/3561 3551/3551/3551 3572/3572/3572
f 3572/3572/3572 3573/3573/3573 3562/3562/3562
f 3562/3562/3562 3573/3573/3573 3568/3568/3568
f 3551/3551/3551 3574/3574/3574 3572/3572/3572
f 3572/3572/3572 3574/3574/3574 3573/3573/3573
f 3551/3551/3551 3458/3458/3458 3574/3574/3574
f 3574/3574/3574 3458/3458/3458 3575/3575/3575
f 3575/3575/3575 3573/3573/3573 3574/3574/3574
f 3458/3458/3458 3454/3454/3454 3575/3575/3575
f 3573/3573/3573 3576/3576/3576 3568/3568/3568
f 3573/3573/3573 3575/3575/3575 3576/3576/3576
f 3577/3577/3577 3571/3571/3571 3568/3568/3568
f 3568/3568/3568 3576/3576/3576 3577/3577/3577
f 3578/3578/3578 3575/3575/3575 3454/3454/3454
f 3578/3578/3578 3454/3454/3454 3451/3451/3451
f 3579/3579/3579 3576/3576/3576 3575/3575/3575
f 3576/3576/3576 3579/3579/3579 3577/3577/3577
f 3575/3575/3575 3578/3578/3578 3579/3579/3579
f 3580/3580/3580 3571/3571/3571 3577/3577/3577
f 3577/3577/3577 3579/3579/3579 3580/3580/3580
f 3581/3581/3581 3571/3571/3571 3580/3580/3580
f 3581/3581/3581 3580/3580/3580 3447/3447/3447
f 3451/3451/3451 3582/3582/3582 3578/3578/3578
f 3579/3579/3579 3578/3578/3578 3582/3582/3582
f 3582/3582/3582 3580/3580/3580 3579/3579/3579
f 3443/3443/3443 3582/3582/3582 3451/3451/3451
f 3443/3443/3443 3445/3445/3445 3582/3582/3582
f 3583/3583/3583 3447/3447/3447 3580/3580/3580
f 3583/3583/3583 3580/3580/3580 3582/3582/3582
f 3583/3583/3583 3582/3582/3582 3445/3445/3445
f 3445/3445/3445 3447/3447/3447 3583/3583/3583
f 3586/3586/3586 3585/3585/3585 3584/3584/3584
f 3585/3585/3585 3586/3586/3586 3587/3587/3587
f 3590/3590/3590 3589/3589/3589 3588/3588/3588
f 3591/3591/3591 3590/3590/3590 3588/3588/3588
f 3592/3592/3592 3590/3590/3590 3591/3591/3591
f 3593/3593/3593 3592/3592/3592 3591/3591/3591
f 3594/3594/3594 3592/3592/3592 3593/3593/3593
f 3595/3595/3595 3594/3594/3594 3593/3593/3593
f 3595/3595/3595 3596/3596/3596 3594/3594/3594
f 3599/3599/3599 3598/3598/3598 3597/3597/3597
f 3600/3600/3600 3599/3599/3599 3597/3597/3597
f 3599/3599/3599 3602/3602/3602 3601/3601/3601
f 3602/3602/3602 3603/3603/3603 3601/3601/3601
f 3606/3606/3606 3605/3605/3605 3604/3604/3604
f 3607/3607/3607 3606/3606/3606 3604/3604/3604
f 3610/3610/3610 3609/3609/3609 3608/3608/3608
f 3611/3611/3611 3610/3610/3610 3608/3608/3608
f 3614/3614/3614 3613/3613/3613 3612/3612/3612
f 3615/3615/3615 3614/3614/3614 3612/3612/3612
f 3618/3618/3618 3617/3617/3617 3616/3616/3616
f 3619/3619/3619 3618/3618/3618 3616/3616/3616
f 3622/3622/3622 3621/3621/3621 3620/3620/3620
f 3623/3623/3623 3622/3622/3622 3620/3620/3620
f 3626/3626/3626 3625/3625/3625 3624/3624/3624
f 3627/3627/3627 3626/3626/3626 3624/3624/3624
f 3630/3630/3630 3629/3629/3629 3628/3628/3628
f 3631/3631/3631 3630/3630/3630 3628/3628/3628
f 3632/3632/3632 3631/3631/3631 3628/3628/3628
f 3633/3633/3633 3632/3632/3632 3628/3628/3628
f 3630/3630/3630 3631/3631/3631 3634/3634/3634
f 3631/3631/3631 3632/3632/3632 3634/3634/3634
f 3635/3635/3635 3630/3630/3630 3634/3634/3634
f 3632/3632/3632 3636/3636/3636 3634/3634/3634
f 3639/3639/3639 3638/3638/3638 3637/3637/3637
f 3640/3640/3640 3639/3639/3639 3637/3637/3637
f 3642/3642/3642 3639/3639/3639 3641/3641/3641
f 3643/3643/3643 3642/3642/3642 3641/3641/3641
f 3646/3646/3646 3645/3645/3645 3644/3644/3644
f 3647/3647/3647 3646/3646/3646 3644/3644/3644
f 3650/3650/3650 3649/3649/3649 3648/3648/3648
f 3651/3651/3651 3650/3650/3650 3648/3648/3648
f 3654/3654/3654 3653/3653/3653 3652/3652/3652
f 3655/3655/3655 3654/3654/3654 3652/3652/3652
f 3658/3658/3658 3657/3657/3657 3656/3656/3656
f 3659/3659/3659 3658/3658/3658 3656/3656/3656
f 3662/3662/3662 3661/3661/3661 3660/3660/3660
f 3663/3663/3663 3662/3662/3662 3660/3660/3660
f 3666/3666/3666 3665/3665/3665 3664/3664/3664
f 3667/3667/3667 3666/3666/3666 3664/3664/3664
f 3670/3670/3670 3669/3669/3669 3668/3668/3668
f 3671/3671/3671 3670/3670/3670 3668/3668/3668
f 3673/3673/3673 3670/3670/3670 3672/3672/3672
f 3674/3674/3674 3673/3673/3673 3672/3672/3672
f 3677/3677/3677 3676/3676/3676 3675/3675/3675
f 3678/3678/3678 3677/3677/3677 3675/3675/3675
f 3681/3681/3681 3680/3680/3680 3679/3679/3679
f 3682/3682/3682 3681/3681/3681 3679/3679/3679
f 3685/3685/3685 3684/3684/3684 3683/3683/3683
f 3686/3686/3686 3685/3685/3685 3683/3683/3683
f 3689/3689/3689 3688/3688/3688 3687/3687/3687
f 3690/3690/3690 3689/3689/3689 3687/3687/3687
f 3693/3693/3693 3692/3692/3692 3691/3691/3691
f 3694/3694/3694 3693/3693/3693 3691/3691/3691
f 3697/3697/3697 3696/3696/3696 3695/3695/3695
f 3698/3698/3698 3697/3697/3697 3695/3695/3695
f 3701/3701/3701 3700/3700/3700 3699/3699/3699
f 3700/3700/3700 3702/3702/3702 3699/3699/3699
f 3702/3702/3702 3703/3703/3703 3699/3699/3699
f 3703/3703/3703 3704/3704/3704 3699/3699/3699
f 3702/3702/3702 3700/3700/3700 3705/3705/3705
f 3703/3703/3703 3702/3702/3702 3705/3705/3705
f 3700/3700/3700 3706/3706/3706 3705/3705/3705
f 3707/3707/3707 3703/3703/3703 3705/3705/3705
f 3710/3710/3710 3709/3709/3709 3708/3708/3708
f 3711/3711/3711 3710/3710/3710 3708/3708/3708
f 3710/3710/3710 3713/3713/3713 3712/3712/3712
f 3713/3713/3713 3714/3714/3714 3712/3712/3712
f 3717/3717/3717 3716/3716/3716 3715/3715/3715
f 3718/3718/3718 3717/3717/3717 3715/3715/3715
f 3721/3721/3721 3720/3720/3720 3719/3719/3719
f 3722/3722/3722 3721/3721/3721 3719/3719/3719
f 3725/3725/3725 3724/3724/3724 3723/3723/3723
f 3726/3726/3726 3725/3725/3725 3723/3723/3723
f 3729/3729/3729 3728/3728/3728 3727/3727/3727
f 3730/3730/3730 3729/3729/3729 3727/3727/3727
f 3733/3733/3733 3732/3732/3732 3731/3731/3731
f 3734/3734/3734 3733/3733/3733 3731/3731/3731
f 3737/3737/3737 3736/3736/3736 3735/3735/3735
f 3738/3738/3738 3737/3737/3737 3735/3735/3735
f 3741/3741/3741 3740/3740/3740 3739/3739/3739
f 3742/3742/3742 3741/3741/3741 3739/3739/3739
f 3744/3744/3744 3741/3741/3741 3743/3743/3743
f 3745/3745/3745 3744/3744/3744 3743/3743/3743
f 3748/3748/3748 3747/3747/3747 3746/3746/3746
f 3749/3749/3749 3748/3748/3748 3746/3746/3746
f 3752/3752/3752 3751/3751/3751 3750/3750/3750
f 3753/3753/3753 3752/3752/3752 3750/3750/3750
f 3756/3756/3756 3755/3755/3755 3754/3754/3754
f 3757/3757/3757 3756/3756/3756 3754/3754/3754
f 3760/3760/3760 3759/3759/3759 3758/3758/3758
f 3761/3761/3761 3760/3760/3760 3758/3758/3758
f 3764/3764/3764 3763/3763/3763 3762/3762/3762
f 3765/3765/3765 3764/3764/3764 3762/3762/3762
f 3768/3768/3768 3767/3767/3767 3766/3766/3766
f 3769/3769/3769 3768/3768/3768 3766/3766/3766
f 3772/3772/3772 3771/3771/3771 3770/3770/3770
f 3773/3773/3773 3772/3772/3772 3770/3770/3770
f 3772/3772/3772 3775/3775/3775 3774/3774/3774
f 3775/3775/3775 3776/3776/3776 3774/3774/3774
f 3779/3779/3779 3778/3778/3778 3777/3777/3777
f 3780/3780/3780 3779/3779/3779 3777/3777/3777
f 3783/3783/3783 3782/3782/3782 3781/3781/3781
f 3784/3784/3784 3783/3783/3783 3781/3781/3781
f 3787/3787/3787 3786/3786/3786 3785/3785/3785
f 3788/3788/3788 3787/3787/3787 3785/3785/3785
f 3791/3791/3791 3790/3790/3790 3789/3789/3789
f 3792/3792/3792 3791/3791/3791 3789/3789/3789
f 3795/3795/3795 3794/3794/3794 3793/3793/3793
f 3796/3796/3796 3795/3795/3795 3793/3793/3793
f 3799/3799/3799 3798/3798/3798 3797/3797/3797
f 3800/3800/3800 3799/3799/3799 3797/3797/3797
f 3803/3803/3803 3802/3802/3802 3801/3801/3801
f 3804/3804/3804 3803/3803/3803 3801/3801/3801
f 3803/3803/3803 3806/3806/3806 3805/3805/3805
f 3806/3806/3806 3807/3807/3807 3805/3805/3805
f 3810/3810/3810 3809/3809/3809 3808/3808/3808
f 3811/3811/3811 3810/3810/3810 3808/3808/3808
f 3814/3814/3814 3813/3813/3813 3812/3812/3812
f 3815/3815/3815 3814/3814/3814 3812/3812/3812
f 3818/3818/3818 3817/3817/3817 3816/3816/3816
f 3819/3819/3819 3818/3818/3818 3816/3816/3816
f 3822/3822/3822 3821/3821/3821 3820/3820/3820
f 3823/3823/3823 3822/3822/3822 3820/3820/3820
f 3826/3826/3826 3825/3825/3825 3824/3824/3824
f 3827/3827/3827 3826/3826/3826 3824/3824/3824
f 3830/3830/3830 3829/3829/3829 3828/3828/3828
f 3831/3831/3831 3830/3830/3830 3828/3828/3828
f 3834/3834/3834 3833/3833/3833 3832/3832/3832
f 3835/3835/3835 3834/3834/3834 3832/3832/3832
f 3837/3837/3837 3834/3834/3834 3836/3836/3836
f 3838/3838/3838 3837/3837/3837 3836/3836/3836
f 3841/3841/3841 3840/3840/3840 3839/3839/3839
f 3842/3842/3842 3841/3841/3841 3839/3839/3839
f 3845/3845/3845 3844/3844/3844 3843/3843/3843
f 3846/3846/3846 3845/3845/3845 3843/3843/3843
f 3849/3849/3849 3848/3848/3848 3847/3847/3847
f 3850/3850/3850 3849/3849/3849 3847/3847/3847
f 3853/3853/3853 3852/3852/3852 3851/3851/3851
f 3854/3854/3854 3853/3853/3853 3851/3851/3851
f 3857/3857/3857 3856/3856/3856 3855/3855/3855
f 3858/3858/3858 3857/3857/3857 3855/3855/3855
f 3861/3861/3861 3860/3860/3860 3859/3859/3859
f 3862/3862/3862 3861/3861/3861 3859/3859/3859
f 3865/3865/3865 3864/3864/3864 3863/3863/3863
f 3864/3864/3864 3865/3865/3865 3866/3866/3866
f 3869/3869/3869 3868/3868/3868 3867/3867/3867
f 3870/3870/3870 3867/3867/3867 3868/3868/3868
f 3871/3871/3871 3867/3867/3867 3870/3870/3870
f 3872/3872/3872 3871/3871/3871 3870/3870/3870
f 3871/3871/3871 3872/3872/3872 3873/3873/3873
f 3874/3874/3874 3871/3871/3871 3873/3873/3873
f 3874/3874/3874 3873/3873/3873 3875/3875/3875
f 3876/3876/3876 3874/3874/3874 3875/3875/3875
f 3876/3876/3876 3875/3875/3875 3877/3877/3877
f 3878/3878/3878 3876/3876/3876 3877/3877/3877
f 3878/3878/3878 3877/3877/3877 3879/3879/3879
f 3880/3880/3880 3878/3878/3878 3879/3879/3879
f 3881/3881/3881 3880/3880/3880 3879/3879/3879
f 3882/3882/3882 3881/3881/3881 3879/3879/3879
f 3883/3883/3883 3881/3881/3881 3882/3882/3882
f 3884/3884/3884 3883/3883/3883 3882/3882/3882
f 3883/3883/3883 3884/3884/3884 3885/3885/3885
f 3886/3886/3886 3883/3883/3883 3885/3885/3885
f 3886/3886/3886 3885/3885/3885 3887/3887/3887
f 3888/3888/3888 3887/3887/3887 3885/3885/3885
f 3887/3887/3887 3888/3888/3888 3889/3889/3889
f 3890/3890/3890 3889/3889/3889 3888/3888/3888
f 3890/3890/3890 3891/3891/3891 3889/3889/3889
f 3892/3892/3892 3891/3891/3891 3890/3890/3890
f 3891/3891/3891 3892/3892/3892 3893/3893/3893
f 3894/3894/3894 3893/3893/3893 3892/3892/3892
f 3895/3895/3895 3893/3893/3893 3894/3894/3894
f 3894/3894/3894 3896/3896/3896 3895/3895/3895
f 3896/3896/3896 3897/3897/3897 3895/3895/3895
f 3898/3898/3898 3897/3897/3897 3896/3896/3896
f 3899/3899/3899 3897/3897/3897 3898/3898/3898
f 3900/3900/3900 3897/3897/3897 3899/3899/3899
f 3899/3899/3899 3901/3901/3901 3900/3900/3900
f 3900/3900/3900 3901/3901/3901 3902/3902/3902
f 3902/3902/3902 3901/3901/3901 3903/3903/3903
f 3904/3904/3904 3903/3903/3903 3901/3901/3901
f 3903/3903/3903 3904/3904/3904 3905/3905/3905
f 3906/3906/3906 3903/3903/3903 3905/3905/3905
f 3906/3906/3906 3905/3905/3905 3907/3907/3907
f 3908/3908/3908 3907/3907/3907 3905/3905/3905
f 3907/3907/3907 3908/3908/3908 3909/3909/3909
f 3910/3910/3910 3909/3909/3909 3908/3908/3908
f 3910/3910/3910 3911/3911/3911 3909/3909/3909
f 3912/3912/3912 3911/3911/3911 3910/3910/3910
f 3913/3913/3913 3911/3911/3911 3912/3912/3912
f 3914/3914/3914 3913/3913/3913 3912/3912/3912
f 3914/3914/3914 3915/3915/3915 3913/3913/3913
f 3913/3913/3913 3915/3915/3915 3916/3916/3916
f 3916/3916/3916 3915/3915/3915 3917/3917/3917
f 3918/3918/3918 3917/3917/3917 3915/3915/3915
f 3919/3919/3919 3917/3917/3917 3918/3918/3918
f 3920/3920/3920 3917/3917/3917 3919/3919/3919
f 3919/3919/3919 3921/3921/3921 3920/3920/3920
f 3920/3920/3920 3921/3921/3921 3922/3922/3922
f 3922/3922/3922 3921/3921/3921 3923/3923/3923
f 3924/3924/3924 3923/3923/3923 3921/3921/3921
f 3925/3925/3925 3923/3923/3923 3924/3924/3924
f 3926/3926/3926 3923/3923/3923 3925/3925/3925
f 3926/3926/3926 3925/3925/3925 3927/3927/3927
f 3928/3928/3928 3926/3926/3926 3927/3927/3927
f 3927/3927/3927 3929/3929/3929 3928/3928/3928
f 3930/3930/3930 3928/3928/3928 3929/3929/3929
f 3930/3930/3930 3929/3929/3929 3931/3931/3931
f 3931/3931/3931 3932/3932/3932 3930/3930/3930
f 3933/3933/3933 3932/3932/3932 3931/3931/3931
f 3933/3933/3933 3934/3934/3934 3932/3932/3932
f 3935/3935/3935 3934/3934/3934 3933/3933/3933
f 3936/3936/3936 3934/3934/3934 3935/3935/3935
f 3936/3936/3936 3935/3935/3935 3937/3937/3937
f 3938/3938/3938 3937/3937/3937 3935/3935/3935
f 3937/3937/3937 3938/3938/3938 3939/3939/3939
f 3940/3940/3940 3939/3939/3939 3938/3938/3938
f 3940/3940/3940 3941/3941/3941 3939/3939/3939
f 3942/3942/3942 3941/3941/3941 3940/3940/3940
f 3942/3942/3942 3943/3943/3943 3941/3941/3941
f 3943/3943/3943 3942/3942/3942 3944/3944/3944
f 3945/3945/3945 3943/3943/3943 3944/3944/3944
f 3944/3944/3944 3946/3946/3946 3945/3945/3945
f 3945/3945/3945 3946/3946/3946 3947/3947/3947
f 3948/3948/3948 3947/3947/3947 3946/3946/3946
f 3947/3947/3947 3948/3948/3948 3949/3949/3949
f 3949/3949/3949 3948/3948/3948 3950/3950/3950
f 3950/3950/3950 3948/3948/3948 3951/3951/3951
f 3950/3950/3950 3951/3951/3951 3952/3952/3952
f 3953/3953/3953 3952/3952/3952 3951/3951/3951
f 3952/3952/3952 3953/3953/3953 3954/3954/3954
f 3955/3955/3955 3954/3954/3954 3953/3953/3953
f 3956/3956/3956 3954/3954/3954 3955/3955/3955
f 3956/3956/3956 3955/3955/3955 3957/3957/3957
f 3958/3958/3958 3956/3956/3956 3957/3957/3957
f 3958/3958/3958 3957/3957/3957 3959/3959/3959
f 3960/3960/3960 3958/3958/3958 3959/3959/3959
f 3960/3960/3960 3959/3959/3959 3961/3961/3961
f 3962/3962/3962 3960/3960/3960 3961/3961/3961
f 3962/3962/3962 3961/3961/3961 3963/3963/3963
f 3964/3964/3964 3962/3962/3962 3963/3963/3963
f 3964/3964/3964 3963/3963/3963 3965/3965/3965
f 3966/3966/3966 3965/3965/3965 3963/3963/3963
f 3967/3967/3967 3965/3965/3965 3966/3966/3966
f 3965/3965/3965 3967/3967/3967 3968/3968/3968
f 3968/3968/3968 3967/3967/3967 3969/3969/3969
f 3970/3970/3970 3969/3969/3969 3967/3967/3967
f 3971/3971/3971 3969/3969/3969 3970/3970/3970
f 3972/3972/3972 3969/3969/3969 3971/3971/3971
f 3973/3973/3973 3972/3972/3972 3971/3971/3971
f 3974/3974/3974 3973/3973/3973 3971/3971/3971
f 3973/3973/3973 3974/3974/3974 3975/3975/3975
f 3976/3976/3976 3973/3973/3973 3975/3975/3975
f 3976/3976/3976 3975/3975/3975 3977/3977/3977
f 3978/3978/3978 3976/3976/3976 3977/3977/3977
f 3978/3978/3978 3977/3977/3977 3979/3979/3979
f 3980/3980/3980 3979/3979/3979 3977/3977/3977
f 3981/3981/3981 3979/3979/3979 3980/3980/3980
f 3979/3979/3979 3981/3981/3981 3982/3982/3982
f 3982/3982/3982 3981/3981/3981 3983/3983/3983
f 3984/3984/3984 3983/3983/3983 3981/3981/3981
f 3983/3983/3983 3984/3984/3984 3985/3985/3985
f 3986/3986/3986 3985/3985/3985 3984/3984/3984
f 3987/3987/3987 3985/3985/3985 3986/3986/3986
f 3988/3988/3988 3985/3985/3985 3987/3987/3987
f 3988/3988/3988 3987/3987/3987 3989/3989/3989
f 3990/3990/3990 3988/3988/3988 3989/3989/3989
f 3990/3990/3990 3989/3989/3989 3991/3991/3991
f 3992/3992/3992 3991/3991/3991 3989/3989/3989
f 3993/3993/3993 3991/3991/3991 3992/3992/3992
f 3993/3993/3993 3994/3994/3994 3991/3991/3991
f 3995/3995/3995 3994/3994/3994 3993/3993/3993
f 3994/3994/3994 3995/3995/3995 3996/3996/3996
f 3996/3996/3996 3995/3995/3995 3997/3997/3997
f 3997/3997/3997 3998/3998/3998 3996/3996/3996
f 3999/3999/3999 3998/3998/3998 3997/3997/3997
f 3998/3998/3998 3999/3999/3999 4000/4000/4000
f 4001/4001/4001 4000/4000/4000 3999/3999/3999
f 4000/4000/4000 4001/4001/4001 4002/4002/4002
f 4001/4001/4001 4003/4003/4003 4002/4002/4002
f 4004/4004/4004 4002/4002/4002 4003/4003/4003
f 4005/4005/4005 4004/4004/4004 4003/4003/4003
f 4006/4006/4006 4005/4005/4005 4003/4003/4003
f 4005/4005/4005 4006/4006/4006 4007/4007/4007
f 4007/4007/4007 4006/4006/4006 4008/4008/4008
f 4009/4009/4009 4007/4007/4007 4008/4008/4008
f 4008/4008/4008 4010/4010/4010 4009/4009/4009
f 4009/4009/4009 4010/4010/4010 4011/4011/4011
f 4012/4012/4012 4011/4011/4011 4010/4010/4010
f 4011/4011/4011 4012/4012/4012 4013/4013/4013
f 4014/4014/4014 4013/4013/4013 4012/4012/4012
f 4015/4015/4015 4013/4013/4013 4014/4014/4014
f 4016/4016/4016 4015/4015/4015 4014/4014/4014
f 4016/4016/4016 4017/4017/4017 4015/4015/4015
f 4015/4015/4015 4017/4017/4017 4018/4018/4018
f 4018/4018/4018 4017/4017/4017 4019/4019/4019
f 4020/4020/4020 4019/4019/4019 4017/4017/4017
f 4021/4021/4021 4019/4019/4019 4020/4020/4020
f 4019/4019/4019 4021/4021/4021 4022/4022/4022
f 4022/4022/4022 4021/4021/4021 4023/4023/4023
f 4024/4024/4024 4023/4023/4023 4021/4021/4021
f 4023/4023/4023 4024/4024/4024 4025/4025/4025
f 4026/4026/4026 4025/4025/4025 4024/4024/4024
f 4027/4027/4027 4025/4025/4025 4026/4026/4026
f 4026/4026/4026 4028/4028/4028 4027/4027/4027
f 4028/4028/4028 4029/4029/4029 4027/4027/4027
f 4030/4030/4030 4029/4029/4029 4028/4028/4028
f 4029/4029/4029 4030/4030/4030 4031/4031/4031
f 4032/4032/4032 4029/4029/4029 4031/4031/4031
f 4032/4032/4032 4031/4031/4031 4033/4033/4033
f 4034/4034/4034 4032/4032/4032 4033/4033/4033
f 4034/4034/4034 4033/4033/4033 4035/4035/4035
f 4036/4036/4036 4034/4034/4034 4035/4035/4035
f 4036/4036/4036 4035/4035/4035 4037/4037/4037
f 4038/4038/4038 4036/4036/4036 4037/4037/4037
f 4038/4038/4038 4037/4037/4037 4039/4039/4039
f 4040/4040/4040 4038/4038/4038 4039/4039/4039
f 4040/4040/4040 4039/4039/4039 4041/4041/4041
f 4042/4042/4042 4040/4040/4040 4041/4041/4041
f 4042/4042/4042 4041/4041/4041 4043/4043/4043
f 4044/4044/4044 4042/4042/4042 4043/4043/4043
f 4044/4044/4044 4043/4043/4043 4045/4045/4045
f 4046/4046/4046 4044/4044/4044 4045/4045/4045
f 4046/4046/4046 4045/4045/4045 4047/4047/4047
f 4048/4048/4048 4046/4046/4046 4047/4047/4047
f 4048/4048/4048 4047/4047/4047 4049/4049/4049
f 4050/4050/4050 4048/4048/4048 4049/4049/4049
f 4050/4050/4050 4049/4049/4049 4051/4051/4051
f 4052/4052/4052 4050/4050/4050 4051/4051/4051
f 4053/4053/4053 4052/4052/4052 4051/4051/4051
f 4054/4054/4054 4053/4053/4053 4051/4051/4051
f 4053/4053/4053 4054/4054/4054 4055/4055/4055
f 4056/4056/4056 4053/4053/4053 4055/4055/4055
f 4056/4056/4056 4055/4055/4055 4057/4057/4057
f 4058/4058/4058 4056/4056/4056 4057/4057/4057
f 4058/4058/4058 4057/4057/4057 4059/4059/4059
f 4060/4060/4060 4058/4058/4058 4059/4059/4059
f 4061/4061/4061 4060/4060/4060 4059/4059/4059
f 4062/4062/4062 4061/4061/4061 4059/4059/4059
f 4061/4061/4061 4062/4062/4062 4063/4063/4063
f 4064/4064/4064 4061/4061/4061 4063/4063/4063
f 4065/4065/4065 4064/4064/4064 4063/4063/4063
f 4066/4066/4066 4065/4065/4065 4063/4063/4063
f 4065/4065/4065 4066/4066/4066 4067/4067/4067
f 4068/4068/4068 4065/4065/4065 4067/4067/4067
f 4068/4068/4068 4067/4067/4067 4069/4069/4069
f 4067/4067/4067 4070/4070/4070 4069/4069/4069
f 4069/4069/4069 4070/4070/4070 4071/4071/4071
f 4072/4072/4072 4071/4071/4071 4070/4070/4070
f 4071/4071/4071 4072/4072/4072 4073/4073/4073
f 4074/4074/4074 4073/4073/4073 4072/4072/4072
f 4074/4074/4074 4075/4075/4075 4073/4073/4073
f 4076/4076/4076 4075/4075/4075 4074/4074/4074
f 4077/4077/4077 4075/4075/4075 4076/4076/4076
f 4078/4078/4078 4075/4075/4075 4077/4077/4077
f 4079/4079/4079 4078/4078/4078 4077/4077/4077
f 4080/4080/4080 4079/4079/4079 4077/4077/4077
f 4079/4079/4079 4080/4080/4080 4081/4081/4081
f 4081/4081/4081 4080/4080/4080 4082/4082/4082
f 4081/4081/4081 4082/4082/4082 4083/4083/4083
f 4084/4084/4084 4083/4083/4083 4082/4082/4082
f 4083/4083/4083 4084/4084/4084 4085/4085/4085
f 4086/4086/4086 4085/4085/4085 4084/4084/4084
f 4087/4087/4087 4085/4085/4085 4086/4086/4086
f 4088/4088/4088 4085/4085/4085 4087/4087/4087
f 4088/4088/4088 4087/4087/4087 4089/4089/4089
f 4090/4090/4090 4088/4088/4088 4089/4089/4089
f 4091/4091/4091 4090/4090/4090 4089/4089/4089
f 4092/4092/4092 4091/4091/4091 4089/4089/4089
f 4093/4093/4093 4091/4091/4091 4092/4092/4092
f 4094/4094/4094 4093/4093/4093 4092/4092/4092
f 4095/4095/4095 4093/4093/4093 4094/4094/4094
f 4096/4096/4096 4095/4095/4095 4094/4094/4094
f 4097/4097/4097 4095/4095/4095 4096/4096/4096
f 4098/4098/4098 4097/4097/4097 4096/4096/4096
f 4097/4097/4097 4098/4098/4098 4099/4099/4099
f 4100/4100/4100 4097/4097/4097 4099/4099/4099
f 4099/4099/4099 4101/4101/4101 4100/4100/4100
f 4100/4100/4100 4101/4101/4101 4102/4102/4102
f 4102/4102/4102 4101/4101/4101 4103/4103/4103
f 4103/4103/4103 4101/4101/4101 4104/4104/4104
f 4105/4105/4105 4103/4103/4103 4104/4104/4104
f 4106/4106/4106 4105/4105/4105 4104/4104/4104
f 4107/4107/4107 4105/4105/4105 4106/4106/4106
f 4108/4108/4108 4107/4107/4107 4106/4106/4106
f 4107/4107/4107 4108/4108/4108 4109/4109/4109
f 4110/4110/4110 4109/4109/4109 4108/4108/4108
f 4111/4111/4111 4109/4109/4109 4110/4110/4110
f 4112/4112/4112 4109/4109/4109 4111/4111/4111
f 4111/4111/4111 4113/4113/4113 4112/4112/4112
f 4112/4112/4112 4113/4113/4113 4114/4114/4114
f 4114/4114/4114 4113/4113/4113 4115/4115/4115
f 4116/4116/4116 4115/4115/4115 4113/4113/4113
f 4115/4115/4115 4116/4116/4116 4117/4117/4117
f 4118/4118/4118 4117/4117/4117 4116/4116/4116
f 4117/4117/4117 4118/4118/4118 4119/4119/4119
f 4120/4120/4120 4119/4119/4119 4118/4118/4118
f 4119/4119/4119 4120/4120/4120 4121/4121/4121
f 4122/4122/4122 4119/4119/4119 4121/4121/4121
f 4122/4122/4122 4121/4121/4121 4123/4123/4123
f 4124/4124/4124 4122/4122/4122 4123/4123/4123
f 4124/4124/4124 4123/4123/4123 4125/4125/4125
f 4126/4126/4126 4124/4124/4124 4125/4125/4125
f 4126/4126/4126 4125/4125/4125 4127/4127/4127
f 4128/4128/4128 4126/4126/4126 4127/4127/4127
f 4128/4128/4128 4127/4127/4127 4129/4129/4129
f 4130/4130/4130 4128/4128/4128 4129/4129/4129
f 4130/4130/4130 4129/4129/4129 4131/4131/4131
f 4132/4132/4132 4130/4130/4130 4131/4131/4131
f 4132/4132/4132 4131/4131/4131 4133/4133/4133
f 4134/4134/4134 4132/4132/4132 4133/4133/4133
f 4134/4134/4134 4133/4133/4133 4135/4135/4135
f 4136/4136/4136 4134/4134/4134 4135/4135/4135
f 4137/4137/4137 4136/4136/4136 4135/4135/4135
f 4138/4138/4138 4137/4137/4137 4135/4135/4135
f 4137/4137/4137 4138/4138/4138 4139/4139/4139
f 4140/4140/4140 4137/4137/4137 4139/4139/4139
f 4140/4140/4140 4139/4139/4139 4141/4141/4141
f 4142/4142/4142 4140/4140/4140 4141/4141/4141
f 4142/4142/4142 4141/4141/4141 4143/4143/4143
f 4144/4144/4144 4142/4142/4142 4143/4143/4143
f 4144/4144/4144 4143/4143/4143 4145/4145/4145
f 4146/4146/4146 4144/4144/4144 4145/4145/4145
f 4146/4146/4146 4145/4145/4145 4147/4147/4147
f 4148/4148/4148 4146/4146/4146 4147/4147/4147
f 4148/4148/4148 4147/4147/4147 4149/4149/4149
f 4150/4150/4150 4148/4148/4148 4149/4149/4149
f 4150/4150/4150 4149/4149/4149 4151/4151/4151
f 4152/4152/4152 4150/4150/4150 4151/4151/4151
f 4152/4152/4152 4151/4151/4151 4153/4153/4153
f 4154/4154/4154 4153/4153/4153 4151/4151/4151
f 4155/4155/4155 4153/4153/4153 4154/4154/4154
f 4156/4156/4156 4153/4153/4153 4155/4155/4155
f 4156/4156/4156 4155/4155/4155 4157/4157/4157
f 4158/4158/4158 4157/4157/4157 4155/4155/4155
f 4157/4157/4157 4158/4158/4158 4159/4159/4159
f 4160/4160/4160 4159/4159/4159 4158/4158/4158
f 4159/4159/4159 4160/4160/4160 4161/4161/4161
f 4162/4162/4162 4161/4161/4161 4160/4160/4160
f 4162/4162/4162 4163/4163/4163 4161/4161/4161
f 4161/4161/4161 4163/4163/4163 4164/4164/4164
f 4164/4164/4164 4163/4163/4163 4165/4165/4165
f 4164/4164/4164 4165/4165/4165 4166/4166/4166
f 4166/4166/4166 4165/4165/4165 4167/4167/4167
f 4168/4168/4168 4167/4167/4167 4165/4165/4165
f 4167/4167/4167 4168/4168/4168 4169/4169/4169
f 4170/4170/4170 4169/4169/4169 4168/4168/4168
f 4169/4169/4169 4170/4170/4170 4171/4171/4171
f 4172/4172/4172 4169/4169/4169 4171/4171/4171
f 4172/4172/4172 4171/4171/4171 4173/4173/4173
f 4174/4174/4174 4172/4172/4172 4173/4173/4173
f 4174/4174/4174 4173/4173/4173 4175/4175/4175
f 4176/4176/4176 4174/4174/4174 4175/4175/4175
f 4176/4176/4176 4175/4175/4175 4177/4177/4177
f 4178/4178/4178 4176/4176/4176 4177/4177/4177
f 4178/4178/4178 4177/4177/4177 4179/4179/4179
f 4180/4180/4180 4178/4178/4178 4179/4179/4179
f 4180/4180/4180 4179/4179/4179 4181/4181/4181
f 4182/4182/4182 4180/4180/4180 4181/4181/4181
f 4182/4182/4182 4181/4181/4181 4183/4183/4183
f 4184/4184/4184 4182/4182/4182 4183/4183/4183
f 4184/4184/4184 4183/4183/4183 4185/4185/4185
f 4186/4186/4186 4184/4184/4184 4185/4185/4185
f 4186/4186/4186 4185/4185/4185 4187/4187/4187
f 4188/4188/4188 4186/4186/4186 4187/4187/4187
f 4188/4188/4188 4187/4187/4187 4189/4189/4189
f 4190/4190/4190 4188/4188/4188 4189/4189/4189
f 4190/4190/4190 4189/4189/4189 4191/4191/4191
f 4192/4192/4192 4191/4191/4191 4189/4189/4189
f 4193/4193/4193 4191/4191/4191 4192/4192/4192
f 4191/4191/4191 4193/4193/4193 4194/4194/4194
f 4194/4194/4194 4193/4193/4193 4195/4195/4195
f 4193/4193/4193 4196/4196/4196 4195/4195/4195
f 4195/4195/4195 4196/4196/4196 4197/4197/4197
f 4198/4198/4198 4197/4197/4197 4196/4196/4196
f 4197/4197/4197 4198/4198/4198 4199/4199/4199
f 4200/4200/4200 4197/4197/4197 4199/4199/4199
f 4200/4200/4200 4199/4199/4199 4201/4201/4201
f 4202/4202/4202 4200/4200/4200 4201/4201/4201
f 4202/4202/4202 4201/4201/4201 4203/4203/4203
f 4204/4204/4204 4202/4202/4202 4203/4203/4203
f 4204/4204/4204 4203/4203/4203 4205/4205/4205
f 4206/4206/4206 4204/4204/4204 4205/4205/4205
f 4205/4205/4205 4207/4207/4207 4206/4206/4206
f 4206/4206/4206 4207/4207/4207 4208/4208/4208
f 4208/4208/4208 4207/4207/4207 4209/4209/4209
f 4210/4210/4210 4209/4209/4209 4207/4207/4207
f 4209/4209/4209 4210/4210/4210 4211/4211/4211
f 4212/4212/4212 4211/4211/4211 4210/4210/4210
f 4213/4213/4213 4211/4211/4211 4212/4212/4212
f 4214/4214/4214 4213/4213/4213 4212/4212/4212
f 4213/4213/4213 4214/4214/4214 4215/4215/4215
f 4216/4216/4216 4213/4213/4213 4215/4215/4215
f 4215/4215/4215 4217/4217/4217 4216/4216/4216
f 4216/4216/4216 4217/4217/4217 4218/4218/4218
f 4218/4218/4218 4217/4217/4217 4219/4219/4219
f 4220/4220/4220 4219/4219/4219 4217/4217/4217
f 4220/4220/4220 4221/4221/4221 4219/4219/4219
f 4219/4219/4219 4221/4221/4221 4222/4222/4222
f 4222/4222/4222 4221/4221/4221 4223/4223/4223
f 4224/4224/4224 4223/4223/4223 4221/4221/4221
f 4223/4223/4223 4224/4224/4224 4225/4225/4225
f 4226/4226/4226 4223/4223/4223 4225/4225/4225
f 4225/4225/4225 4227/4227/4227 4226/4226/4226
f 4226/4226/4226 4227/4227/4227 4228/4228/4228
f 4228/4228/4228 4227/4227/4227 4229/4229/4229
f 4228/4228/4228 4229/4229/4229 4230/4230/4230
f 4230/4230/4230 4229/4229/4229 4231/4231/4231
f 4232/4232/4232 4231/4231/4231 4229/4229/4229
f 4231/4231/4231 4232/4232/4232 4233/4233/4233
f 4234/4234/4234 4233/4233/4233 4232/4232/4232
f 4234/4234/4234 4235/4235/4235 4233/4233/4233
f 4233/4233/4233 4235/4235/4235 4236/4236/4236
f 4236/4236/4236 4235/4235/4235 4237/4237/4237
f 4238/4238/4238 4237/4237/4237 4235/4235/4235
f 4239/4239/4239 4237/4237/4237 4238/4238/4238
f 4240/4240/4240 4239/4239/4239 4238/4238/4238
f 4239/4239/4239 4240/4240/4240 4241/4241/4241
f 4242/4242/4242 4241/4241/4241 4240/4240/4240
f 4242/4242/4242 4243/4243/4243 4241/4241/4241
f 4244/4244/4244 4243/4243/4243 4242/4242/4242
f 4244/4244/4244 4245/4245/4245 4243/4243/4243
f 4243/4243/4243 4245/4245/4245 4246/4246/4246
f 4246/4246/4246 4245/4245/4245 4247/4247/4247
f 4246/4246/4246 4247/4247/4247 4248/4248/4248
f 4249/4249/4249 4248/4248/4248 4247/4247/4247
f 4249/4249/4249 4250/4250/4250 4248/4248/4248
f 4251/4251/4251 4250/4250/4250 4249/4249/4249
f 4252/4252/4252 4250/4250/4250 4251/4251/4251
f 4252/4252/4252 4251/4251/4251 4253/4253/4253
f 4254/4254/4254 4252/4252/4252 4253/4253/4253
f 4254/4254/4254 4253/4253/4253 4255/4255/4255
f 4256/4256/4256 4254/4254/4254 4255/4255/4255
f 4256/4256/4256 4255/4255/4255 4257/4257/4257
f 4258/4258/4258 4256/4256/4256 4257/4257/4257
f 4257/4257/4257 4259/4259/4259 4258/4258/4258
f 4258/4258/4258 4259/4259/4259 4260/4260/4260
f 4260/4260/4260 4259/4259/4259 4261/4261/4261
f 4261/4261/4261 4259/4259/4259 4262/4262/4262
f 4263/4263/4263 4261/4261/4261 4262/4262/4262
f 4263/4263/4263 4264/4264/4264 4261/4261/4261
f 4265/4265/4265 4264/4264/4264 4263/4263/4263
f 4264/4264/4264 4265/4265/4265 4266/4266/4266
f 4267/4267/4267 4266/4266/4266 4265/4265/4265
f 4268/4268/4268 4267/4267/4267 4265/4265/4265
f 4267/4267/4267 4268/4268/4268 4269/4269/4269
f 4270/4270/4270 4269/4269/4269 4268/4268/4268
f 4270/4270/4270 4271/4271/4271 4269/4269/4269
f 4272/4272/4272 4271/4271/4271 4270/4270/4270
f 4273/4273/4273 4271/4271/4271 4272/4272/4272
f 4273/4273/4273 4274/4274/4274 4271/4271/4271
f 4275/4275/4275 4274/4274/4274 4273/4273/4273
f 4276/4276/4276 4274/4274/4274 4275/4275/4275
f 4277/4277/4277 4276/4276/4276 4275/4275/4275
f 4278/4278/4278 4276/4276/4276 4277/4277/4277
f 4279/4279/4279 4278/4278/4278 4277/4277/4277
f 4280/4280/4280 4278/4278/4278 4279/4279/4279
f 4281/4281/4281 4280/4280/4280 4279/4279/4279
f 4280/4280/4280 4281/4281/4281 4282/4282/4282
f 4283/4283/4283 4282/4282/4282 4281/4281/4281
f 4282/4282/4282 4283/4283/4283 4284/4284/4284
f 4285/4285/4285 4284/4284/4284 4283/4283/4283
f 4286/4286/4286 4285/4285/4285 4283/4283/4283
f 4285/4285/4285 4286/4286/4286 4287/4287/4287
f 4288/4288/4288 4285/4285/4285 4287/4287/4287
f 4288/4288/4288 4287/4287/4287 4289/4289/4289
f 4290/4290/4290 4289/4289/4289 4287/4287/4287
f 4291/4291/4291 4289/4289/4289 4290/4290/4290
f 4292/4292/4292 4289/4289/4289 4291/4291/4291
f 4291/4291/4291 4293/4293/4293 4292/4292/4292
f 4292/4292/4292 4293/4293/4293 4294/4294/4294
f 4294/4294/4294 4293/4293/4293 4295/4295/4295
f 4296/4296/4296 4295/4295/4295 4293/4293/4293
f 4295/4295/4295 4296/4296/4296 4297/4297/4297
f 4298/4298/4298 4295/4295/4295 4297/4297/4297
f 4298/4298/4298 4297/4297/4297 4299/4299/4299
f 4300/4300/4300 4299/4299/4299 4297/4297/4297
f 4301/4301/4301 4299/4299/4299 4300/4300/4300
f 4302/4302/4302 4299/4299/4299 4301/4301/4301
f 4301/4301/4301 4303/4303/4303 4302/4302/4302
f 4302/4302/4302 4303/4303/4303 4304/4304/4304
f 4304/4304/4304 4303/4303/4303 4305/4305/4305
f 4306/4306/4306 4305/4305/4305 4303/4303/4303
f 4307/4307/4307 4305/4305/4305 4306/4306/4306
f 4308/4308/4308 4305/4305/4305 4307/4307/4307
f 4309/4309/4309 4308/4308/4308 4307/4307/4307
f 4310/4310/4310 4309/4309/4309 4307/4307/4307
f 4309/4309/4309 4310/4310/4310 4311/4311/4311
f 4312/4312/4312 4311/4311/4311 4310/4310/4310
f 4313/4313/4313 4311/4311/4311 4312/4312/4312
f 4314/4314/4314 4311/4311/4311 4313/4313/4313
f 4314/4314/4314 4313/4313/4313 4315/4315/4315
f 4316/4316/4316 4314/4314/4314 4315/4315/4315
f 4315/4315/4315 4317/4317/4317 4316/4316/4316
f 4316/4316/4316 4317/4317/4317 4318/4318/4318
f 4318/4318/4318 4317/4317/4317 4319/4319/4319
f 4320/4320/4320 4319/4319/4319 4317/4317/4317
f 4320/4320/4320 4321/4321/4321 4319/4319/4319
f 4319/4319/4319 4321/4321/4321 4322/4322/4322
f 4322/4322/4322 4321/4321/4321 4323/4323/4323
f 4324/4324/4324 4323/4323/4323 4321/4321/4321
f 4323/4323/4323 4324/4324/4324 4325/4325/4325
f 4326/4326/4326 4325/4325/4325 4324/4324/4324
f 4325/4325/4325 4326/4326/4326 4327/4327/4327
f 4326/4326/4326 4328/4328/4328 4327/4327/4327
f 4327/4327/4327 4328/4328/4328 4329/4329/4329
f 4330/4330/4330 4329/4329/4329 4328/4328/4328
f 4329/4329/4329 4330/4330/4330 4331/4331/4331
f 4332/4332/4332 4331/4331/4331 4330/4330/4330
f 1311/1311/1311 4334/4334/4334 4333/4333/4333
f 4334/4334/4334 1311/1311/1311 4335/4335/4335
f 4336/4336/4336 4335/4335/4335 1311/1311/1311
f 1311/1311/1311 2507/2507/2507 4336/4336/4336
f 2507/2507/2507 4337/4337/4337 4336/4336/4336
f 4337/4337/4337 2507/2507/2507 4338/4338/4338
f 2507/2507/2507 4339/4339/4339 4338/4338/4338
f 4338/4338/4338 4339/4339/4339 4340/4340/4340
f 2507/2507/2507 2506/2506/2506 4339/4339/4339
f 4340/4340/4340 4339/4339/4339 4341/4341/4341
f 4339/4339/4339 2506/2506/2506 2509/2509/2509
f 2509/2509/2509 4341/4341/4341 4339/4339/4339
f 2514/2514/2514 4341/4341/4341 2509/2509/2509
f 4344/4344/4344 4343/4343/4343 4342/4342/4342
f 4345/4345/4345 4342/4342/4342 4343/4343/4343
f 4342/4342/4342 4345/4345/4345 4346/4346/4346
f 4346/4346/4346 4345/4345/4345 4347/4347/4347
f 4342/4342/4342 4346/4346/4346 4348/4348/4348
f 4347/4347/4347 4349/4349/4349 4346/4346/4346
f 4350/4350/4350 4346/4346/4346 4349/4349/4349
f 4351/4351/4351 4346/4346/4346 4350/4350/4350
f 4346/4346/4346 4352/4352/4352 4348/4348/4348
f 4346/4346/4346 4351/4351/4351 4353/4353/4353
f 4353/4353/4353 4351/4351/4351 4354/4354/4354
f 4354/4354/4354 4355/4355/4355 4353/4353/4353
f 4352/4352/4352 4346/4346/4346 4356/4356/4356
f 4346/4346/4346 4353/4353/4353 4356/4356/4356
f 4353/4353/4353 4355/4355/4355 4357/4357/4357
f 4358/4358/4358 4357/4357/4357 4355/4355/4355
f 4352/4352/4352 4356/4356/4356 4359/4359/4359
f 4360/4360/4360 4352/4352/4352 4359/4359/4359
f 4356/4356/4356 4353/4353/4353 4361/4361/4361
f 4353/4353/4353 4357/4357/4357 4361/4361/4361
f 4356/4356/4356 4361/4361/4361 4359/4359/4359
f 4362/4362/4362 4357/4357/4357 4358/4358/4358
f 4357/4357/4357 4362/4362/4362 4361/4361/4361
f 4358/4358/4358 4363/4363/4363 4362/4362/4362
f 4360/4360/4360 4359/4359/4359 4364/4364/4364
f 4365/4365/4365 4360/4360/4360 4364/4364/4364
f 4359/4359/4359 4361/4361/4361 4366/4366/4366
f 4359/4359/4359 4366/4366/4366 4364/4364/4364
f 4363/4363/4363 4367/4367/4367 4362/4362/4362
f 4363/4363/4363 4368/4368/4368 4367/4367/4367
f 4361/4361/4361 4362/4362/4362 4369/4369/4369
f 4366/4366/4366 4361/4361/4361 4369/4369/4369
f 4367/4367/4367 4369/4369/4369 4362/4362/4362
f 4364/4364/4364 4366/4366/4366 4370/4370/4370
f 4370/4370/4370 4371/4371/4371 4364/4364/4364
f 4370/4370/4370 4372/4372/4372 4371/4371/4371
f 4373/4373/4373 4364/4364/4364 4371/4371/4371
f 4370/4370/4370 4374/4374/4374 4372/4372/4372
f 4370/4370/4370 4375/4375/4375 4374/4374/4374
f 4376/4376/4376 4375/4375/4375 4370/4370/4370
f 4377/4377/4377 4375/4375/4375 4376/4376/4376
f 4378/4378/4378 4377/4377/4377 4376/4376/4376
f 4379/4379/4379 4378/4378/4378 4376/4376/4376
f 4380/4380/4380 4379/4379/4379 4376/4376/4376
f 4381/4381/4381 4379/4379/4379 4380/4380/4380
f 4381/4381/4381 4380/4380/4380 4382/4382/4382
f 4382/4382/4382 4380/4380/4380 4383/4383/4383
f 4383/4383/4383 4380/4380/4380 4384/4384/4384
f 4384/4384/4384 4380/4380/4380 4385/4385/4385
f 4384/4384/4384 4385/4385/4385 4386/4386/4386
f 4386/4386/4386 4385/4385/4385 4387/4387/4387
f 4387/4387/4387 4385/4385/4385 4388/4388/4388
f 4385/4385/4385 4389/4389/4389 4388/4388/4388
f 4390/4390/4390 4389/4389/4389 4385/4385/4385
f 4389/4389/4389 4390/4390/4390 4391/4391/4391
f 4391/4391/4391 4390/4390/4390 4392/4392/4392
f 4393/4393/4393 4392/4392/4392 4390/4390/4390
f 4392/4392/4392 4393/4393/4393 4394/4394/4394
f 4394/4394/4394 4393/4393/4393 4395/4395/4395
f 4395/4395/4395 4393/4393/4393 4396/4396/4396
f 4397/4397/4397 4396/4396/4396 4393/4393/4393
f 4396/4396/4396 4397/4397/4397 4398/4398/4398
f 4399/4399/4399 4398/4398/4398 4397/4397/4397
f 4398/4398/4398 4399/4399/4399 4400/4400/4400
f 4399/4399/4399 4401/4401/4401 4400/4400/4400
f 4402/4402/4402 4401/4401/4401 4399/4399/4399
f 4403/4403/4403 4401/4401/4401 4402/4402/4402
f 4404/4404/4404 4403/4403/4403 4402/4402/4402
f 4405/4405/4405 4404/4404/4404 4402/4402/4402
f 4404/4404/4404 4405/4405/4405 4406/4406/4406
f 4406/4406/4406 4405/4405/4405 4407/4407/4407
f 4407/4407/4407 4405/4405/4405 4408/4408/4408
f 4397/4397/4397 4409/4409/4409 4399/4399/4399
f 4409/4409/4409 4397/4397/4397 4393/4393/4393
f 4399/4399/4399 4410/4410/4410 4402/4402/4402
f 4409/4409/4409 4410/4410/4410 4399/4399/4399
f 4405/4405/4405 4411/4411/4411 4408/4408/4408
f 4408/4408/4408 4411/4411/4411 4412/4412/4412
f 4412/4412/4412 4411/4411/4411 4413/4413/4413
f 4413/4413/4413 4411/4411/4411 4414/4414/4414
f 4413/4413/4413 4414/4414/4414 4415/4415/4415
f 4415/4415/4415 4414/4414/4414 4416/4416/4416
f 4414/4414/4414 4417/4417/4417 4416/4416/4416
f 4416/4416/4416 4417/4417/4417 4418/4418/4418
f 4418/4418/4418 4417/4417/4417 4419/4419/4419
f 4420/4420/4420 4419/4419/4419 4417/4417/4417
f 4421/4421/4421 4420/4420/4420 4417/4417/4417
f 4422/4422/4422 4420/4420/4420 4421/4421/4421
f 4423/4423/4423 4422/4422/4422 4421/4421/4421
f 4423/4423/4423 4421/4421/4421 4424/4424/4424
f 4424/4424/4424 4421/4421/4421 4425/4425/4425
f 4424/4424/4424 4425/4425/4425 4426/4426/4426
f 4426/4426/4426 4425/4425/4425 4427/4427/4427
f 4427/4427/4427 4425/4425/4425 4428/4428/4428
f 4428/4428/4428 4425/4425/4425 4429/4429/4429
f 4429/4429/4429 4425/4425/4425 2017/2017/2017
f 4425/4425/4425 2016/2016/2016 2017/2017/2017
f 4430/4430/4430 4421/4421/4421 4417/4417/4417
f 4421/4421/4421 4431/4431/4431 4425/4425/4425
f 4430/4430/4430 4431/4431/4431 4421/4421/4421
f 4432/4432/4432 2016/2016/2016 4425/4425/4425
f 4432/4432/4432 4433/4433/4433 2016/2016/2016
f 2016/2016/2016 4433/4433/4433 2019/2019/2019
f 2019/2019/2019 4433/4433/4433 4434/4434/4434
f 4433/4433/4433 4435/4435/4435 4434/4434/4434
f 4436/4436/4436 4435/4435/4435 4433/4433/4433
f 4432/4432/4432 4436/4436/4436 4433/4433/4433
f 4436/4436/4436 4437/4437/4437 4435/4435/4435
f 4432/4432/4432 4438/4438/4438 4436/4436/4436
f 4438/4438/4438 4432/4432/4432 4425/4425/4425
f 4439/4439/4439 4430/4430/4430 4417/4417/4417
f 4440/4440/4440 4439/4439/4439 4417/4417/4417
f 4414/4414/4414 4440/4440/4440 4417/4417/4417
f 4414/4414/4414 4441/4441/4441 4440/4440/4440
f 4411/4411/4411 4441/4441/4441 4414/4414/4414
f 4442/4442/4442 4441/4441/4441 4411/4411/4411
f 4442/4442/4442 4411/4411/4411 4405/4405/4405
f 4443/4443/4443 4440/4440/4440 4441/4441/4441
f 4440/4440/4440 4444/4444/4444 4439/4439/4439
f 4443/4443/4443 4444/4444/4444 4440/4440/4440
f 4445/4445/4445 4443/4443/4443 4441/4441/4441
f 4445/4445/4445 4441/4441/4441 4442/4442/4442
f 4443/4443/4443 4446/4446/4446 4444/4444/4444
f 4446/4446/4446 4443/4443/4443 4445/4445/4445
f 4438/4438/4438 4425/4425/4425 4447/4447/4447
f 4448/4448/4448 4447/4447/4447 4425/4425/4425
f 4448/4448/4448 4425/4425/4425 4431/4431/4431
f 4449/4449/4449 4448/4448/4448 4431/4431/4431
f 4450/4450/4450 4447/4447/4447 4448/4448/4448
f 4449/4449/4449 4450/4450/4450 4448/4448/4448
f 4447/4447/4447 4451/4451/4451 4438/4438/4438
f 4450/4450/4450 4451/4451/4451 4447/4447/4447
f 4438/4438/4438 4451/4451/4451 4452/4452/4452
f 4452/4452/4452 4453/4453/4453 4438/4438/4438
f 4452/4452/4452 4454/4454/4454 4453/4453/4453
f 4451/4451/4451 4455/4455/4455 4452/4452/4452
f 4456/4456/4456 4455/4455/4455 4451/4451/4451
f 4450/4450/4450 4456/4456/4456 4451/4451/4451
f 4456/4456/4456 4457/4457/4457 4455/4455/4455
f 4450/4450/4450 4458/4458/4458 4456/4456/4456
f 4457/4457/4457 4456/4456/4456 4458/4458/4458
f 4449/4449/4449 4458/4458/4458 4450/4450/4450
f 4459/4459/4459 4457/4457/4457 4458/4458/4458
f 4459/4459/4459 4458/4458/4458 4460/4460/4460
f 4461/4461/4461 4460/4460/4460 4458/4458/4458
f 4461/4461/4461 4458/4458/4458 4449/4449/4449
f 4462/4462/4462 4460/4460/4460 4461/4461/4461
f 4449/4449/4449 4462/4462/4462 4461/4461/4461
f 4463/4463/4463 4460/4460/4460 4462/4462/4462
f 4463/4463/4463 4462/4462/4462 4464/4464/4464
f 4449/4449/4449 4464/4464/4464 4462/4462/4462
f 4465/4465/4465 4463/4463/4463 4464/4464/4464
f 4466/4466/4466 4464/4464/4464 4449/4449/4449
f 4466/4466/4466 4449/4449/4449 4431/4431/4431
f 4464/4464/4464 4467/4467/4467 4465/4465/4465
f 4467/4467/4467 4464/4464/4464 4466/4466/4466
f 4468/4468/4468 4467/4467/4467 4466/4466/4466
f 4465/4465/4465 4467/4467/4467 4469/4469/4469
f 4468/4468/4468 4469/4469/4469 4467/4467/4467
f 4470/4470/4470 4469/4469/4469 4468/4468/4468
f 4468/4468/4468 4471/4471/4471 4470/4470/4470
f 4431/4431/4431 4472/4472/4472 4466/4466/4466
f 4472/4472/4472 4468/4468/4468 4466/4466/4466
f 4430/4430/4430 4472/4472/4472 4431/4431/4431
f 4473/4473/4473 4472/4472/4472 4430/4430/4430
f 4468/4468/4468 4472/4472/4472 4473/4473/4473
f 4473/4473/4473 4430/4430/4430 4439/4439/4439
f 4474/4474/4474 4471/4471/4471 4468/4468/4468
f 4474/4474/4474 4468/4468/4468 4473/4473/4473
f 4471/4471/4471 4474/4474/4474 4475/4475/4475
f 4476/4476/4476 4475/4475/4475 4474/4474/4474
f 4476/4476/4476 4474/4474/4474 4477/4477/4477
f 4473/4473/4473 4477/4477/4477 4474/4474/4474
f 4478/4478/4478 4476/4476/4476 4477/4477/4477
f 4479/4479/4479 4473/4473/4473 4439/4439/4439
f 4479/4479/4479 4477/4477/4477 4473/4473/4473
f 4478/4478/4478 4477/4477/4477 4480/4480/4480
f 4480/4480/4480 4477/4477/4477 4479/4479/4479
f 4481/4481/4481 4478/4478/4478 4480/4480/4480
f 4439/4439/4439 4482/4482/4482 4479/4479/4479
f 4480/4480/4480 4479/4479/4479 4482/4482/4482
f 4482/4482/4482 4439/4439/4439 4444/4444/4444
f 4481/4481/4481 4480/4480/4480 4483/4483/4483
f 4483/4483/4483 4480/4480/4480 4482/4482/4482
f 4484/4484/4484 4481/4481/4481 4483/4483/4483
f 4485/4485/4485 4484/4484/4484 4483/4483/4483
f 4444/4444/4444 4486/4486/4486 4482/4482/4482
f 4486/4486/4486 4483/4483/4483 4482/4482/4482
f 4486/4486/4486 4485/4485/4485 4483/4483/4483
f 4487/4487/4487 4485/4485/4485 4486/4486/4486
f 4446/4446/4446 4486/4486/4486 4444/4444/4444
f 4446/4446/4446 4487/4487/4487 4486/4486/4486
f 4488/4488/4488 4487/4487/4487 4446/4446/4446
f 4489/4489/4489 4488/4488/4488 4446/4446/4446
f 4489/4489/4489 4446/4446/4446 4445/4445/4445
f 4488/4488/4488 4489/4489/4489 4490/4490/4490
f 4491/4491/4491 4488/4488/4488 4490/4490/4490
f 4489/4489/4489 4445/4445/4445 4492/4492/4492
f 4490/4490/4490 4489/4489/4489 4492/4492/4492
f 4492/4492/4492 4445/4445/4445 4442/4442/4442
f 4491/4491/4491 4490/4490/4490 4493/4493/4493
f 4494/4494/4494 4491/4491/4491 4493/4493/4493
f 4490/4490/4490 4492/4492/4492 4495/4495/4495
f 4442/4442/4442 4495/4495/4495 4492/4492/4492
f 4493/4493/4493 4490/4490/4490 4495/4495/4495
f 4494/4494/4494 4493/4493/4493 4496/4496/4496
f 4497/4497/4497 4494/4494/4494 4496/4496/4496
f 4497/4497/4497 4496/4496/4496 4498/4498/4498
f 4499/4499/4499 4497/4497/4497 4498/4498/4498
f 4498/4498/4498 4500/4500/4500 4499/4499/4499
f 4498/4498/4498 4501/4501/4501 4500/4500/4500
f 4501/4501/4501 4498/4498/4498 4502/4502/4502
f 4503/4503/4503 4495/4495/4495 4442/4442/4442
f 4503/4503/4503 4442/4442/4442 4405/4405/4405
f 4493/4493/4493 4495/4495/4495 4504/4504/4504
f 4496/4496/4496 4493/4493/4493 4504/4504/4504
f 4504/4504/4504 4495/4495/4495 4503/4503/4503
f 4503/4503/4503 4405/4405/4405 4505/4505/4505
f 4504/4504/4504 4503/4503/4503 4505/4505/4505
f 4496/4496/4496 4504/4504/4504 4506/4506/4506
f 4506/4506/4506 4504/4504/4504 4505/4505/4505
f 4498/4498/4498 4496/4496/4496 4506/4506/4506
f 4507/4507/4507 4505/4505/4505 4405/4405/4405
f 4506/4506/4506 4505/4505/4505 4507/4507/4507
f 4402/4402/4402 4507/4507/4507 4405/4405/4405
f 4508/4508/4508 4502/4502/4502 4498/4498/4498
f 4509/4509/4509 4502/4502/4502 4508/4508/4508
f 4510/4510/4510 4509/4509/4509 4508/4508/4508
f 4498/4498/4498 4506/4506/4506 4511/4511/4511
f 4508/4508/4508 4498/4498/4498 4511/4511/4511
f 4511/4511/4511 4506/4506/4506 4507/4507/4507
f 4512/4512/4512 4510/4510/4510 4508/4508/4508
f 4512/4512/4512 4508/4508/4508 4511/4511/4511
f 4513/4513/4513 4510/4510/4510 4512/4512/4512
f 4514/4514/4514 4507/4507/4507 4402/4402/4402
f 4410/4410/4410 4514/4514/4514 4402/4402/4402
f 4515/4515/4515 4511/4511/4511 4507/4507/4507
f 4515/4515/4515 4512/4512/4512 4511/4511/4511
f 4514/4514/4514 4515/4515/4515 4507/4507/4507
f 4516/4516/4516 4513/4513/4513 4512/4512/4512
f 4516/4516/4516 4512/4512/4512 4515/4515/4515
f 4517/4517/4517 4513/4513/4513 4516/4516/4516
f 4514/4514/4514 4518/4518/4518 4515/4515/4515
f 4518/4518/4518 4516/4516/4516 4515/4515/4515
f 4410/4410/4410 4518/4518/4518 4514/4514/4514
f 4519/4519/4519 4517/4517/4517 4516/4516/4516
f 4519/4519/4519 4516/4516/4516 4518/4518/4518
f 4519/4519/4519 4520/4520/4520 4517/4517/4517
f 4519/4519/4519 4521/4521/4521 4520/4520/4520
f 4522/4522/4522 4521/4521/4521 4519/4519/4519
f 4521/4521/4521 4522/4522/4522 4523/4523/4523
f 4524/4524/4524 4523/4523/4523 4522/4522/4522
f 4525/4525/4525 4524/4524/4524 4522/4522/4522
f 4525/4525/4525 4522/4522/4522 4526/4526/4526
f 4527/4527/4527 4519/4519/4519 4518/4518/4518
f 4527/4527/4527 4518/4518/4518 4410/4410/4410
f 4527/4527/4527 4522/4522/4522 4519/4519/4519
f 4528/4528/4528 4527/4527/4527 4410/4410/4410
f 4528/4528/4528 4522/4522/4522 4527/4527/4527
f 4409/4409/4409 4528/4528/4528 4410/4410/4410
f 4529/4529/4529 4526/4526/4526 4522/4522/4522
f 4529/4529/4529 4522/4522/4522 4528/4528/4528
f 4530/4530/4530 4526/4526/4526 4529/4529/4529
f 4528/4528/4528 4530/4530/4530 4529/4529/4529
f 4531/4531/4531 4526/4526/4526 4530/4530/4530
f 4531/4531/4531 4530/4530/4530 4532/4532/4532
f 4528/4528/4528 4409/4409/4409 4533/4533/4533
f 4533/4533/4533 4530/4530/4530 4528/4528/4528
f 4534/4534/4534 4532/4532/4532 4530/4530/4530
f 4534/4534/4534 4530/4530/4530 4533/4533/4533
f 4535/4535/4535 4532/4532/4532 4534/4534/4534
f 4533/4533/4533 4535/4535/4535 4534/4534/4534
f 4536/4536/4536 4532/4532/4532 4535/4535/4535
f 4536/4536/4536 4535/4535/4535 4537/4537/4537
f 4538/4538/4538 4533/4533/4533 4409/4409/4409
f 4538/4538/4538 4409/4409/4409 4393/4393/4393
f 4539/4539/4539 4535/4535/4535 4533/4533/4533
f 4538/4538/4538 4539/4539/4539 4533/4533/4533
f 4538/4538/4538 4393/4393/4393 4540/4540/4540
f 4540/4540/4540 4539/4539/4539 4538/4538/4538
f 4390/4390/4390 4540/4540/4540 4393/4393/4393
f 4541/4541/4541 4537/4537/4537 4535/4535/4535
f 4541/4541/4541 4535/4535/4535 4539/4539/4539
f 4542/4542/4542 4537/4537/4537 4541/4541/4541
f 4543/4543/4543 4537/4537/4537 4542/4542/4542
f 4542/4542/4542 4544/4544/4544 4543/4543/4543
f 4542/4542/4542 4545/4545/4545 4544/4544/4544
f 4541/4541/4541 4539/4539/4539 4546/4546/4546
f 4539/4539/4539 4540/4540/4540 4546/4546/4546
f 4542/4542/4542 4541/4541/4541 4546/4546/4546
f 4547/4547/4547 4545/4545/4545 4542/4542/4542
f 4545/4545/4545 4547/4547/4547 4548/4548/4548
f 4549/4549/4549 4548/4548/4548 4547/4547/4547
f 4547/4547/4547 4550/4550/4550 4549/4549/4549
f 4550/4550/4550 4547/4547/4547 4551/4551/4551
f 4547/4547/4547 4552/4552/4552 4551/4551/4551
f 4553/4553/4553 4552/4552/4552 4547/4547/4547
f 4552/4552/4552 4553/4553/4553 4554/4554/4554
f 4555/4555/4555 4554/4554/4554 4553/4553/4553
f 4553/4553/4553 4556/4556/4556 4555/4555/4555
f 4553/4553/4553 4557/4557/4557 4556/4556/4556
f 4542/4542/4542 4546/4546/4546 4558/4558/4558
f 4547/4547/4547 4542/4542/4542 4558/4558/4558
f 4558/4558/4558 4546/4546/4546 4540/4540/4540
f 4547/4547/4547 4558/4558/4558 4559/4559/4559
f 4553/4553/4553 4547/4547/4547 4559/4559/4559
f 4560/4560/4560 4558/4558/4558 4540/4540/4540
f 4559/4559/4559 4558/4558/4558 4560/4560/4560
f 4560/4560/4560 4540/4540/4540 4390/4390/4390
f 4390/4390/4390 4561/4561/4561 4560/4560/4560
f 4559/4559/4559 4560/4560/4560 4561/4561/4561
f 4385/4385/4385 4561/4561/4561 4390/4390/4390
f 4562/4562/4562 4557/4557/4557 4553/4553/4553
f 4557/4557/4557 4562/4562/4562 4563/4563/4563
f 4564/4564/4564 4563/4563/4563 4562/4562/4562
f 4553/4553/4553 4559/4559/4559 4565/4565/4565
f 4565/4565/4565 4559/4559/4559 4561/4561/4561
f 4562/4562/4562 4553/4553/4553 4565/4565/4565
f 4564/4564/4564 4562/4562/4562 4566/4566/4566
f 4567/4567/4567 4564/4564/4564 4566/4566/4566
f 4562/4562/4562 4565/4565/4565 4568/4568/4568
f 4561/4561/4561 4568/4568/4568 4565/4565/4565
f 4566/4566/4566 4562/4562/4562 4568/4568/4568
f 4569/4569/4569 4561/4561/4561 4385/4385/4385
f 4569/4569/4569 4568/4568/4568 4561/4561/4561
f 4567/4567/4567 4566/4566/4566 4570/4570/4570
f 4571/4571/4571 4567/4567/4567 4570/4570/4570
f 4566/4566/4566 4568/4568/4568 4572/4572/4572
f 4572/4572/4572 4568/4568/4568 4569/4569/4569
f 4570/4570/4570 4566/4566/4566 4572/4572/4572
f 4571/4571/4571 4570/4570/4570 4573/4573/4573
f 4574/4574/4574 4571/4571/4571 4573/4573/4573
f 4573/4573/4573 4575/4575/4575 4574/4574/4574
f 4575/4575/4575 4573/4573/4573 4576/4576/4576
f 4577/4577/4577 4576/4576/4576 4573/4573/4573
f 4578/4578/4578 4576/4576/4576 4577/4577/4577
f 4579/4579/4579 4578/4578/4578 4577/4577/4577
f 4579/4579/4579 4577/4577/4577 4580/4580/4580
f 4580/4580/4580 4577/4577/4577 4581/4581/4581
f 4582/4582/4582 4581/4581/4581 4577/4577/4577
f 4581/4581/4581 4582/4582/4582 4583/4583/4583
f 4584/4584/4584 4583/4583/4583 4582/4582/4582
f 4585/4585/4585 4584/4584/4584 4582/4582/4582
f 4586/4586/4586 4585/4585/4585 4582/4582/4582
f 4573/4573/4573 4570/4570/4570 4587/4587/4587
f 4587/4587/4587 4577/4577/4577 4573/4573/4573
f 4570/4570/4570 4572/4572/4572 4587/4587/4587
f 4569/4569/4569 4587/4587/4587 4572/4572/4572
f 4588/4588/4588 4577/4577/4577 4587/4587/4587
f 4587/4587/4587 4569/4569/4569 4588/4588/4588
f 4582/4582/4582 4577/4577/4577 4588/4588/4588
f 4589/4589/4589 4586/4586/4586 4582/4582/4582
f 4586/4586/4586 4589/4589/4589 4590/4590/4590
f 4590/4590/4590 4589/4589/4589 4591/4591/4591
f 4591/4591/4591 4589/4589/4589 4592/4592/4592
f 4593/4593/4593 4588/4588/4588 4569/4569/4569
f 4385/4385/4385 4593/4593/4593 4569/4569/4569
f 4380/4380/4380 4593/4593/4593 4385/4385/4385
f 4582/4582/4582 4588/4588/4588 4594/4594/4594
f 4589/4589/4589 4582/4582/4582 4594/4594/4594
f 4594/4594/4594 4588/4588/4588 4593/4593/4593
f 4595/4595/4595 4592/4592/4592 4589/4589/4589
f 4594/4594/4594 4595/4595/4595 4589/4589/4589
f 4596/4596/4596 4592/4592/4592 4595/4595/4595
f 4597/4597/4597 4594/4594/4594 4593/4593/4593
f 4597/4597/4597 4595/4595/4595 4594/4594/4594
f 4595/4595/4595 4598/4598/4598 4596/4596/4596
f 4598/4598/4598 4595/4595/4595 4597/4597/4597
f 4596/4596/4596 4598/4598/4598 4599/4599/4599
f 4600/4600/4600 4593/4593/4593 4380/4380/4380
f 4597/4597/4597 4593/4593/4593 4600/4600/4600
f 4601/4601/4601 4599/4599/4599 4598/4598/4598
f 4602/4602/4602 4599/4599/4599 4601/4601/4601
f 4598/4598/4598 4597/4597/4597 4603/4603/4603
f 4601/4601/4601 4598/4598/4598 4603/4603/4603
f 4603/4603/4603 4597/4597/4597 4600/4600/4600
f 4604/4604/4604 4602/4602/4602 4601/4601/4601
f 4604/4604/4604 4601/4601/4601 4603/4603/4603
f 4604/4604/4604 4605/4605/4605 4602/4602/4602
f 4380/4380/4380 4606/4606/4606 4600/4600/4600
f 4376/4376/4376 4606/4606/4606 4380/4380/4380
f 4600/4600/4600 4607/4607/4607 4603/4603/4603
f 4607/4607/4607 4604/4604/4604 4603/4603/4603
f 4606/4606/4606 4607/4607/4607 4600/4600/4600
f 4608/4608/4608 4605/4605/4605 4604/4604/4604
f 4609/4609/4609 4605/4605/4605 4608/4608/4608
f 4610/4610/4610 4609/4609/4609 4608/4608/4608
f 4607/4607/4607 4611/4611/4611 4604/4604/4604
f 4611/4611/4611 4607/4607/4607 4606/4606/4606
f 4604/4604/4604 4611/4611/4611 4608/4608/4608
f 4612/4612/4612 4610/4610/4610 4608/4608/4608
f 4608/4608/4608 4611/4611/4611 4612/4612/4612
f 4612/4612/4612 4613/4613/4613 4610/4610/4610
f 4614/4614/4614 4613/4613/4613 4612/4612/4612
f 4615/4615/4615 4613/4613/4613 4614/4614/4614
f 4614/4614/4614 4616/4616/4616 4615/4615/4615
f 4617/4617/4617 4606/4606/4606 4376/4376/4376
f 4606/4606/4606 4617/4617/4617 4611/4611/4611
f 4618/4618/4618 4612/4612/4612 4611/4611/4611
f 4611/4611/4611 4617/4617/4617 4618/4618/4618
f 4618/4618/4618 4619/4619/4619 4612/4612/4612
f 4618/4618/4618 4617/4617/4617 4619/4619/4619
f 4614/4614/4614 4612/4612/4612 4619/4619/4619
f 4376/4376/4376 4620/4620/4620 4617/4617/4617
f 4620/4620/4620 4619/4619/4619 4617/4617/4617
f 4370/4370/4370 4620/4620/4620 4376/4376/4376
f 4620/4620/4620 4621/4621/4621 4619/4619/4619
f 4621/4621/4621 4614/4614/4614 4619/4619/4619
f 4622/4622/4622 4616/4616/4616 4614/4614/4614
f 4623/4623/4623 4616/4616/4616 4622/4622/4622
f 4622/4622/4622 4624/4624/4624 4623/4623/4623
f 4620/4620/4620 4370/4370/4370 4625/4625/4625
f 4625/4625/4625 4621/4621/4621 4620/4620/4620
f 4614/4614/4614 4621/4621/4621 4626/4626/4626
f 4622/4622/4622 4614/4614/4614 4626/4626/4626
f 4626/4626/4626 4621/4621/4621 4625/4625/4625
f 4627/4627/4627 4624/4624/4624 4622/4622/4622
f 4626/4626/4626 4627/4627/4627 4622/4622/4622
f 4628/4628/4628 4624/4624/4624 4627/4627/4627
f 4629/4629/4629 4625/4625/4625 4370/4370/4370
f 4625/4625/4625 4629/4629/4629 4626/4626/4626
f 4370/4370/4370 4366/4366/4366 4629/4629/4629
f 4626/4626/4626 4629/4629/4629 4630/4630/4630
f 4366/4366/4366 4630/4630/4630 4629/4629/4629
f 4630/4630/4630 4627/4627/4627 4626/4626/4626
f 4369/4369/4369 4630/4630/4630 4366/4366/4366
f 4369/4369/4369 4367/4367/4367 4630/4630/4630
f 4627/4627/4627 4631/4631/4631 4628/4628/4628
f 4631/4631/4631 4627/4627/4627 4630/4630/4630
f 4631/4631/4631 4630/4630/4630 4367/4367/4367
f 4628/4628/4628 4631/4631/4631 4368/4368/4368
f 4367/4367/4367 4368/4368/4368 4631/4631/4631
f 4634/4634/4634 4633/4633/4633 4632/4632/4632
f 4635/4635/4635 4633/4633/4633 4634/4634/4634
f 4636/4636/4636 4633/4633/4633 4635/4635/4635
f 4635/4635/4635 4637/4637/4637 4636/4636/4636
f 4635/4635/4635 4634/4634/4634 4638/4638/4638
f 4639/4639/4639 4638/4638/4638 4634/4634/4634
f 4640/4640/4640 4637/4637/4637 4635/4635/4635
f 4641/4641/4641 4637/4637/4637 4640/4640/4640
f 4640/4640/4640 4642/4642/4642 4641/4641/4641
f 4643/4643/4643 4642/4642/4642 4640/4640/4640
f 4644/4644/4644 4642/4642/4642 4643/4643/4643
f 4643/4643/4643 4645/4645/4645 4644/4644/4644
f 4646/4646/4646 4645/4645/4645 4643/4643/4643
f 4647/4647/4647 4645/4645/4645 4646/4646/4646
f 4648/4648/4648 4647/4647/4647 4646/4646/4646
f 4649/4649/4649 4635/4635/4635 4638/4638/4638
f 4650/4650/4650 4649/4649/4649 4638/4638/4638
f 4651/4651/4651 4649/4649/4649 4650/4650/4650
f 4635/4635/4635 4652/4652/4652 4640/4640/4640
f 4649/4649/4649 4652/4652/4652 4635/4635/4635
f 4649/4649/4649 4651/4651/4651 4652/4652/4652
f 4640/4640/4640 4652/4652/4652 4643/4643/4643
f 4653/4653/4653 4652/4652/4652 4651/4651/4651
f 4651/4651/4651 4654/4654/4654 4653/4653/4653
f 4655/4655/4655 4653/4653/4653 4654/4654/4654
f 4656/4656/4656 4643/4643/4643 4652/4652/4652
f 4653/4653/4653 4656/4656/4656 4652/4652/4652
f 4656/4656/4656 4657/4657/4657 4643/4643/4643
f 4643/4643/4643 4657/4657/4657 4646/4646/4646
f 4658/4658/4658 4656/4656/4656 4653/4653/4653
f 4653/4653/4653 4655/4655/4655 4658/4658/4658
f 4657/4657/4657 4656/4656/4656 4658/4658/4658
f 4659/4659/4659 4658/4658/4658 4655/4655/4655
f 4655/4655/4655 4660/4660/4660 4659/4659/4659
f 4661/4661/4661 4660/4660/4660 4655/4655/4655
f 4660/4660/4660 4662/4662/4662 4659/4659/4659
f 4663/4663/4663 4659/4659/4659 4662/4662/4662
f 4658/4658/4658 4664/4664/4664 4657/4657/4657
f 4664/4664/4664 4658/4658/4658 4659/4659/4659
f 4665/4665/4665 4646/4646/4646 4657/4657/4657
f 4657/4657/4657 4664/4664/4664 4665/4665/4665
f 4665/4665/4665 4666/4666/4666 4646/4646/4646
f 4665/4665/4665 4664/4664/4664 4666/4666/4666
f 4659/4659/4659 4663/4663/4663 4667/4667/4667
f 4667/4667/4667 4663/4663/4663 4668/4668/4668
f 4667/4667/4667 4668/4668/4668 4669/4669/4669
f 4659/4659/4659 4670/4670/4670 4664/4664/4664
f 4670/4670/4670 4666/4666/4666 4664/4664/4664
f 4670/4670/4670 4659/4659/4659 4671/4671/4671
f 4667/4667/4667 4671/4671/4671 4659/4659/4659
f 4667/4667/4667 4669/4669/4669 4672/4672/4672
f 4673/4673/4673 4672/4672/4672 4669/4669/4669
f 4672/4672/4672 4673/4673/4673 4674/4674/4674
f 4673/4673/4673 4675/4675/4675 4674/4674/4674
f 4675/4675/4675 4676/4676/4676 4674/4674/4674
f 4676/4676/4676 4677/4677/4677 4674/4674/4674
f 4667/4667/4667 4672/4672/4672 4678/4678/4678
f 4678/4678/4678 4671/4671/4671 4667/4667/4667
f 4671/4671/4671 4679/4679/4679 4670/4670/4670
f 4670/4670/4670 4679/4679/4679 4666/4666/4666
f 4674/4674/4674 4677/4677/4677 4680/4680/4680
f 4681/4681/4681 4680/4680/4680 4677/4677/4677
f 4682/4682/4682 4680/4680/4680 4681/4681/4681
f 4680/4680/4680 4682/4682/4682 4683/4683/4683
f 4674/4674/4674 4684/4684/4684 4672/4672/4672
f 4684/4684/4684 4678/4678/4678 4672/4672/4672
f 4685/4685/4685 4679/4679/4679 4671/4671/4671
f 4685/4685/4685 4671/4671/4671 4678/4678/4678
f 4679/4679/4679 4686/4686/4686 4666/4666/4666
f 4679/4679/4679 4685/4685/4685 4686/4686/4686
f 4680/4680/4680 4683/4683/4683 4687/4687/4687
f 4683/4683/4683 4688/4688/4688 4687/4687/4687
f 4689/4689/4689 4687/4687/4687 4688/4688/4688
f 4690/4690/4690 4687/4687/4687 4689/4689/4689
f 4691/4691/4691 4687/4687/4687 4690/4690/4690
f 4692/4692/4692 4687/4687/4687 4691/4691/4691
f 4693/4693/4693 4687/4687/4687 4692/4692/4692
f 4694/4694/4694 4687/4687/4687 4693/4693/4693
f 4687/4687/4687 4694/4694/4694 4695/4695/4695
f 4695/4695/4695 4696/4696/4696 4687/4687/4687
f 4694/4694/4694 4697/4697/4697 4695/4695/4695
f 4697/4697/4697 4698/4698/4698 4695/4695/4695
f 4698/4698/4698 4699/4699/4699 4695/4695/4695
f 4695/4695/4695 4699/4699/4699 4700/4700/4700
f 4700/4700/4700 4699/4699/4699 4701/4701/4701
f 4700/4700/4700 4701/4701/4701 4702/4702/4702
f 4703/4703/4703 4700/4700/4700 4702/4702/4702
f 4704/4704/4704 4700/4700/4700 4703/4703/4703
f 4700/4700/4700 4704/4704/4704 4705/4705/4705
f 4705/4705/4705 4704/4704/4704 4706/4706/4706
f 4707/4707/4707 4705/4705/4705 4706/4706/4706
f 4707/4707/4707 4708/4708/4708 4705/4705/4705
f 4708/4708/4708 4709/4709/4709 4705/4705/4705
f 4705/4705/4705 4709/4709/4709 4710/4710/4710
f 4711/4711/4711 4710/4710/4710 4709/4709/4709
f 4712/4712/4712 4710/4710/4710 4711/4711/4711
f 4713/4713/4713 4710/4710/4710 4712/4712/4712
f 4714/4714/4714 4713/4713/4713 4712/4712/4712
f 4713/4713/4713 4714/4714/4714 4715/4715/4715
f 4716/4716/4716 4715/4715/4715 4714/4714/4714
f 4715/4715/4715 4716/4716/4716 4717/4717/4717
f 4718/4718/4718 4717/4717/4717 4716/4716/4716
f 4719/4719/4719 4717/4717/4717 4718/4718/4718
f 4717/4717/4717 4719/4719/4719 4720/4720/4720
f 4721/4721/4721 4720/4720/4720 4719/4719/4719
f 4722/4722/4722 4720/4720/4720 4721/4721/4721
f 4720/4720/4720 4722/4722/4722 4723/4723/4723
f 4723/4723/4723 4724/4724/4724 4720/4720/4720
f 4725/4725/4725 4723/4723/4723 4722/4722/4722
f 4726/4726/4726 4723/4723/4723 4725/4725/4725
f 4726/4726/4726 4727/4727/4727 4723/4723/4723
f 4728/4728/4728 4727/4727/4727 4726/4726/4726
f 4729/4729/4729 4727/4727/4727 4728/4728/4728
f 4720/4720/4720 4730/4730/4730 4717/4717/4717
f 4717/4717/4717 4730/4730/4730 4731/4731/4731
f 4732/4732/4732 4730/4730/4730 4720/4720/4720
f 4720/4720/4720 4724/4724/4724 4732/4732/4732
f 4732/4732/4732 4733/4733/4733 4730/4730/4730
f 4724/4724/4724 4733/4733/4733 4732/4732/4732
f 4717/4717/4717 4731/4731/4731 4715/4715/4715
f 4715/4715/4715 4731/4731/4731 4734/4734/4734
f 4715/4715/4715 4734/4734/4734 4713/4713/4713
f 4727/4727/4727 4729/4729/4729 4735/4735/4735
f 4736/4736/4736 4735/4735/4735 4729/4729/4729
f 4730/4730/4730 4737/4737/4737 4731/4731/4731
f 4731/4731/4731 4737/4737/4737 4734/4734/4734
f 4738/4738/4738 4713/4713/4713 4734/4734/4734
f 4713/4713/4713 4738/4738/4738 4710/4710/4710
f 4734/4734/4734 4739/4739/4739 4738/4738/4738
f 4738/4738/4738 4739/4739/4739 4740/4740/4740
f 4737/4737/4737 4741/4741/4741 4734/4734/4734
f 4741/4741/4741 4739/4739/4739 4734/4734/4734
f 4737/4737/4737 4742/4742/4742 4741/4741/4741
f 4741/4741/4741 4742/4742/4742 4739/4739/4739
f 4742/4742/4742 4737/4737/4737 4730/4730/4730
f 4743/4743/4743 4739/4739/4739 4742/4742/4742
f 4744/4744/4744 4742/4742/4742 4730/4730/4730
f 4745/4745/4745 4742/4742/4742 4744/4744/4744
f 4745/4745/4745 4744/4744/4744 4730/4730/4730
f 4746/4746/4746 4742/4742/4742 4745/4745/4745
f 4747/4747/4747 4745/4745/4745 4730/4730/4730
f 4747/4747/4747 4730/4730/4730 4733/4733/4733
f 4733/4733/4733 4745/4745/4745 4747/4747/4747
f 4748/4748/4748 4745/4745/4745 4733/4733/4733
f 4750/4750/4750 4733/4733/4733 4749/4749/4749
f 4749/4749/4749 4733/4733/4733 4751/4751/4751
f 4733/4733/4733 4752/4752/4752 4751/4751/4751
f 4752/4752/4752 4733/4733/4733 4724/4724/4724
f 4753/4753/4753 4751/4751/4751 4752/4752/4752
f 4753/4753/4753 4752/4752/4752 4724/4724/4724
f 4724/4724/4724 4751/4751/4751 4753/4753/4753
f 4754/4754/4754 4751/4751/4751 4724/4724/4724
f 4749/4749/4749 4751/4751/4751 4754/4754/4754
f 4754/4754/4754 4724/4724/4724 4723/4723/4723
f 4723/4723/4723 4755/4755/4755 4754/4754/4754
f 4727/4727/4727 4755/4755/4755 4723/4723/4723
f 4756/4756/4756 4749/4749/4749 4754/4754/4754
f 4755/4755/4755 4756/4756/4756 4754/4754/4754
f 4757/4757/4757 4749/4749/4749 4756/4756/4756
f 4755/4755/4755 4757/4757/4757 4756/4756/4756
f 4758/4758/4758 4749/4749/4749 4757/4757/4757
f 4759/4759/4759 4755/4755/4755 4727/4727/4727
f 4759/4759/4759 4757/4757/4757 4755/4755/4755
f 4727/4727/4727 4760/4760/4760 4759/4759/4759
f 4735/4735/4735 4760/4760/4760 4727/4727/4727
f 4761/4761/4761 4757/4757/4757 4759/4759/4759
f 4762/4762/4762 4757/4757/4757 4761/4761/4761
f 4762/4762/4762 4761/4761/4761 4759/4759/4759
f 4763/4763/4763 4757/4757/4757 4762/4762/4762
f 4760/4760/4760 4764/4764/4764 4759/4759/4759
f 4764/4764/4764 4762/4762/4762 4759/4759/4759
f 4760/4760/4760 4765/4765/4765 4764/4764/4764
f 4764/4764/4764 4765/4765/4765 4762/4762/4762
f 4766/4766/4766 4765/4765/4765 4760/4760/4760
f 4766/4766/4766 4760/4760/4760 4735/4735/4735
f 4767/4767/4767 4766/4766/4766 4735/4735/4735
f 4768/4768/4768 4762/4762/4762 4765/4765/4765
f 4768/4768/4768 4765/4765/4765 4766/4766/4766
f 4769/4769/4769 4762/4762/4762 4768/4768/4768
f 4770/4770/4770 4768/4768/4768 4766/4766/4766
f 4771/4771/4771 4735/4735/4735 4736/4736/4736
f 4771/4771/4771 4772/4772/4772 4735/4735/4735
f 4736/4736/4736 4773/4773/4773 4771/4771/4771
f 4773/4773/4773 4772/4772/4772 4771/4771/4771
f 4774/4774/4774 4773/4773/4773 4736/4736/4736
f 4774/4774/4774 4775/4775/4775 4773/4773/4773
f 4776/4776/4776 4775/4775/4775 4774/4774/4774
f 4776/4776/4776 4777/4777/4777 4775/4775/4775
f 4778/4778/4778 4777/4777/4777 4776/4776/4776
f 4775/4775/4775 4779/4779/4779 4773/4773/4773
f 4773/4773/4773 4779/4779/4779 4772/4772/4772
f 4780/4780/4780 4775/4775/4775 4777/4777/4777
f 4779/4779/4779 4781/4781/4781 4772/4772/4772
f 4781/4781/4781 4782/4782/4782 4772/4772/4772
f 4783/4783/4783 4782/4782/4782 4781/4781/4781
f 4784/4784/4784 4780/4780/4780 4777/4777/4777
f 4785/4785/4785 4783/4783/4783 4781/4781/4781
f 4777/4777/4777 4778/4778/4778 4786/4786/4786
f 4778/4778/4778 4787/4787/4787 4786/4786/4786
f 4788/4788/4788 4786/4786/4786 4787/4787/4787
f 4786/4786/4786 4788/4788/4788 4789/4789/4789
f 4790/4790/4790 4789/4789/4789 4788/4788/4788
f 4791/4791/4791 4789/4789/4789 4790/4790/4790
f 4792/4792/4792 4784/4784/4784 4777/4777/4777
f 4793/4793/4793 4784/4784/4784 4792/4792/4792
f 4786/4786/4786 4794/4794/4794 4777/4777/4777
f 4777/4777/4777 4794/4794/4794 4792/4792/4792
f 4795/4795/4795 4793/4793/4793 4792/4792/4792
f 4796/4796/4796 4793/4793/4793 4795/4795/4795
f 4797/4797/4797 4794/4794/4794 4786/4786/4786
f 4797/4797/4797 4786/4786/4786 4789/4789/4789
f 4794/4794/4794 4798/4798/4798 4792/4792/4792
f 4798/4798/4798 4795/4795/4795 4792/4792/4792
f 4798/4798/4798 4794/4794/4794 4797/4797/4797
f 4798/4798/4798 4799/4799/4799 4795/4795/4795
f 4799/4799/4799 4800/4800/4800 4795/4795/4795
f 4800/4800/4800 4796/4796/4796 4795/4795/4795
f 4801/4801/4801 4796/4796/4796 4800/4800/4800
f 4802/4802/4802 4801/4801/4801 4800/4800/4800
f 4803/4803/4803 4802/4802/4802 4800/4800/4800
f 4799/4799/4799 4803/4803/4803 4800/4800/4800
f 4799/4799/4799 4804/4804/4804 4803/4803/4803
f 4799/4799/4799 4805/4805/4805 4804/4804/4804
f 4805/4805/4805 4799/4799/4799 4806/4806/4806
f 4807/4807/4807 4806/4806/4806 4799/4799/4799
f 4806/4806/4806 4807/4807/4807 4808/4808/4808
f 4808/4808/4808 4807/4807/4807 4809/4809/4809
f 4810/4810/4810 4809/4809/4809 4807/4807/4807
f 4811/4811/4811 4810/4810/4810 4807/4807/4807
f 4799/4799/4799 4798/4798/4798 4812/4812/4812
f 4807/4807/4807 4799/4799/4799 4812/4812/4812
f 4812/4812/4812 4798/4798/4798 4797/4797/4797
f 4811/4811/4811 4807/4807/4807 4813/4813/4813
f 4814/4814/4814 4811/4811/4811 4813/4813/4813
f 4807/4807/4807 4812/4812/4812 4815/4815/4815
f 4797/4797/4797 4815/4815/4815 4812/4812/4812
f 4813/4813/4813 4807/4807/4807 4815/4815/4815
f 4814/4814/4814 4813/4813/4813 4816/4816/4816
f 4817/4817/4817 4814/4814/4814 4816/4816/4816
f 4818/4818/4818 4817/4817/4817 4816/4816/4816
f 4819/4819/4819 4815/4815/4815 4797/4797/4797
f 4819/4819/4819 4797/4797/4797 4789/4789/4789
f 4813/4813/4813 4815/4815/4815 4820/4820/4820
f 4816/4816/4816 4813/4813/4813 4820/4820/4820
f 4820/4820/4820 4815/4815/4815 4819/4819/4819
f 4821/4821/4821 4818/4818/4818 4816/4816/4816
f 4821/4821/4821 4816/4816/4816 4820/4820/4820
f 4822/4822/4822 4818/4818/4818 4821/4821/4821
f 4823/4823/4823 4820/4820/4820 4819/4819/4819
f 4823/4823/4823 4821/4821/4821 4820/4820/4820
f 4824/4824/4824 4822/4822/4822 4821/4821/4821
f 4824/4824/4824 4821/4821/4821 4823/4823/4823
f 4825/4825/4825 4822/4822/4822 4824/4824/4824
f 4826/4826/4826 4819/4819/4819 4789/4789/4789
f 4826/4826/4826 4823/4823/4823 4819/4819/4819
f 4827/4827/4827 4825/4825/4825 4824/4824/4824
f 4828/4828/4828 4825/4825/4825 4827/4827/4827
f 4829/4829/4829 4824/4824/4824 4823/4823/4823
f 4829/4829/4829 4823/4823/4823 4826/4826/4826
f 4827/4827/4827 4824/4824/4824 4829/4829/4829
f 4830/4830/4830 4826/4826/4826 4789/4789/4789
f 4789/4789/4789 4791/4791/4791 4830/4830/4830
f 4830/4830/4830 4791/4791/4791 4831/4831/4831
f 4830/4830/4830 4831/4831/4831 4832/4832/4832
f 4833/4833/4833 4832/4832/4832 4831/4831/4831
f 4833/4833/4833 4834/4834/4834 4832/4832/4832
f 4834/4834/4834 4835/4835/4835 4832/4832/4832
f 4835/4835/4835 4836/4836/4836 4832/4832/4832
f 4837/4837/4837 4836/4836/4836 4835/4835/4835
f 4837/4837/4837 4838/4838/4838 4836/4836/4836
f 4836/4836/4836 4838/4838/4838 4839/4839/4839
f 4838/4838/4838 4840/4840/4840 4839/4839/4839
f 4841/4841/4841 4839/4839/4839 4840/4840/4840
f 4842/4842/4842 4839/4839/4839 4841/4841/4841
f 4830/4830/4830 4843/4843/4843 4826/4826/4826
f 4832/4832/4832 4843/4843/4843 4830/4830/4830
f 4843/4843/4843 4829/4829/4829 4826/4826/4826
f 4844/4844/4844 4829/4829/4829 4843/4843/4843
f 4844/4844/4844 4827/4827/4827 4829/4829/4829
f 4845/4845/4845 4843/4843/4843 4832/4832/4832
f 4845/4845/4845 4844/4844/4844 4843/4843/4843
f 4844/4844/4844 4846/4846/4846 4827/4827/4827
f 4846/4846/4846 4828/4828/4828 4827/4827/4827
f 4832/4832/4832 4847/4847/4847 4845/4845/4845
f 4836/4836/4836 4847/4847/4847 4832/4832/4832
f 4848/4848/4848 4844/4844/4844 4845/4845/4845
f 4848/4848/4848 4846/4846/4846 4844/4844/4844
f 4847/4847/4847 4848/4848/4848 4845/4845/4845
f 4828/4828/4828 4846/4846/4846 4849/4849/4849
f 4849/4849/4849 4846/4846/4846 4848/4848/4848
f 4850/4850/4850 4828/4828/4828 4849/4849/4849
f 4851/4851/4851 4850/4850/4850 4849/4849/4849
f 4852/4852/4852 4851/4851/4851 4849/4849/4849
f 4852/4852/4852 4849/4849/4849 4848/4848/4848
f 4853/4853/4853 4851/4851/4851 4852/4852/4852
f 4854/4854/4854 4848/4848/4848 4847/4847/4847
f 4854/4854/4854 4852/4852/4852 4848/4848/4848
f 4855/4855/4855 4853/4853/4853 4852/4852/4852
f 4855/4855/4855 4852/4852/4852 4854/4854/4854
f 4856/4856/4856 4853/4853/4853 4855/4855/4855
f 4857/4857/4857 4847/4847/4847 4836/4836/4836
f 4857/4857/4857 4854/4854/4854 4847/4847/4847
f 4858/4858/4858 4856/4856/4856 4855/4855/4855
f 4859/4859/4859 4856/4856/4856 4858/4858/4858
f 4860/4860/4860 4855/4855/4855 4854/4854/4854
f 4860/4860/4860 4854/4854/4854 4857/4857/4857
f 4858/4858/4858 4855/4855/4855 4860/4860/4860
f 4836/4836/4836 4861/4861/4861 4857/4857/4857
f 4861/4861/4861 4860/4860/4860 4857/4857/4857
f 4839/4839/4839 4861/4861/4861 4836/4836/4836
f 4862/4862/4862 4859/4859/4859 4858/4858/4858
f 4863/4863/4863 4859/4859/4859 4862/4862/4862
f 4864/4864/4864 4858/4858/4858 4860/4860/4860
f 4864/4864/4864 4860/4860/4860 4861/4861/4861
f 4864/4864/4864 4862/4862/4862 4858/4858/4858
f 4865/4865/4865 4863/4863/4863 4862/4862/4862
f 4865/4865/4865 4866/4866/4866 4863/4863/4863
f 4866/4866/4866 4865/4865/4865 4867/4867/4867
f 4865/4865/4865 4868/4868/4868 4867/4867/4867
f 4869/4869/4869 4864/4864/4864 4861/4861/4861
f 4869/4869/4869 4861/4861/4861 4839/4839/4839
f 4870/4870/4870 4862/4862/4862 4864/4864/4864
f 4865/4865/4865 4862/4862/4862 4870/4870/4870
f 4870/4870/4870 4864/4864/4864 4869/4869/4869
f 4871/4871/4871 4868/4868/4868 4865/4865/4865
f 4871/4871/4871 4865/4865/4865 4870/4870/4870
f 4868/4868/4868 4871/4871/4871 4872/4872/4872
f 4873/4873/4873 4872/4872/4872 4871/4871/4871
f 4874/4874/4874 4871/4871/4871 4870/4870/4870
f 4875/4875/4875 4870/4870/4870 4869/4869/4869
f 4874/4874/4874 4870/4870/4870 4875/4875/4875
f 4839/4839/4839 4875/4875/4875 4869/4869/4869
f 4876/4876/4876 4874/4874/4874 4875/4875/4875
f 4876/4876/4876 4875/4875/4875 4877/4877/4877
f 4877/4877/4877 4875/4875/4875 4839/4839/4839
f 4877/4877/4877 4839/4839/4839 4842/4842/4842
f 4878/4878/4878 4877/4877/4877 4842/4842/4842
f 4879/4879/4879 4877/4877/4877 4878/4878/4878
f 4879/4879/4879 4880/4880/4880 4877/4877/4877
f 4880/4880/4880 4881/4881/4881 4877/4877/4877
f 4882/4882/4882 4880/4880/4880 4879/4879/4879
f 4883/4883/4883 4880/4880/4880 4882/4882/4882
f 4884/4884/4884 4883/4883/4883 4882/4882/4882
f 4885/4885/4885 4883/4883/4883 4884/4884/4884
f 4884/4884/4884 4886/4886/4886 4885/4885/4885
f 4883/4883/4883 4887/4887/4887 4880/4880/4880
f 4888/4888/4888 4885/4885/4885 4886/4886/4886
f 4883/4883/4883 4889/4889/4889 4887/4887/4887
f 4885/4885/4885 4889/4889/4889 4883/4883/4883
f 4889/4889/4889 4890/4890/4890 4887/4887/4887
f 4885/4885/4885 4888/4888/4888 4891/4891/4891
f 4891/4891/4891 4888/4888/4888 4892/4892/4892
f 4893/4893/4893 4891/4891/4891 4892/4892/4892
f 4891/4891/4891 4893/4893/4893 4894/4894/4894
f 4895/4895/4895 4891/4891/4891 4894/4894/4894
f 4889/4889/4889 4896/4896/4896 4890/4890/4890
f 4896/4896/4896 4889/4889/4889 4885/4885/4885
f 4890/4890/4890 4896/4896/4896 4897/4897/4897
f 4898/4898/4898 4890/4890/4890 4897/4897/4897
f 4885/4885/4885 4899/4899/4899 4896/4896/4896
f 4891/4891/4891 4899/4899/4899 4885/4885/4885
f 4899/4899/4899 4897/4897/4897 4896/4896/4896
f 4900/4900/4900 4898/4898/4898 4897/4897/4897
f 4901/4901/4901 4898/4898/4898 4900/4900/4900
f 4902/4902/4902 4901/4901/4901 4900/4900/4900
f 4900/4900/4900 4897/4897/4897 4903/4903/4903
f 4903/4903/4903 4897/4897/4897 4899/4899/4899
f 4902/4902/4902 4900/4900/4900 4904/4904/4904
f 4904/4904/4904 4900/4900/4900 4903/4903/4903
f 4905/4905/4905 4902/4902/4902 4904/4904/4904
f 4906/4906/4906 4905/4905/4905 4904/4904/4904
f 4907/4907/4907 4906/4906/4906 4904/4904/4904
f 4907/4907/4907 4904/4904/4904 4903/4903/4903
f 4908/4908/4908 4906/4906/4906 4907/4907/4907
f 4909/4909/4909 4908/4908/4908 4907/4907/4907
f 4910/4910/4910 4907/4907/4907 4903/4903/4903
f 4909/4909/4909 4907/4907/4907 4910/4910/4910
f 4899/4899/4899 4910/4910/4910 4903/4903/4903
f 4911/4911/4911 4909/4909/4909 4910/4910/4910
f 4911/4911/4911 4910/4910/4910 4912/4912/4912
f 4912/4912/4912 4910/4910/4910 4899/4899/4899
f 4912/4912/4912 4899/4899/4899 4891/4891/4891
f 4913/4913/4913 4912/4912/4912 4891/4891/4891
f 4913/4913/4913 4914/4914/4914 4912/4912/4912
f 4913/4913/4913 4891/4891/4891 4915/4915/4915
f 4891/4891/4891 4895/4895/4895 4915/4915/4915
f 4916/4916/4916 4915/4915/4915 4895/4895/4895
f 4917/4917/4917 4913/4913/4913 4915/4915/4915
f 4914/4914/4914 4913/4913/4913 4917/4917/4917
f 4918/4918/4918 4914/4914/4914 4917/4917/4917
f 4919/4919/4919 4915/4915/4915 4916/4916/4916
f 4920/4920/4920 4919/4919/4919 4916/4916/4916
f 4919/4919/4919 4920/4920/4920 4921/4921/4921
f 4922/4922/4922 4921/4921/4921 4920/4920/4920
f 4923/4923/4923 4921/4921/4921 4922/4922/4922
f 4924/4924/4924 4921/4921/4921 4923/4923/4923
f 4919/4919/4919 4925/4925/4925 4915/4915/4915
f 4926/4926/4926 4921/4921/4921 4924/4924/4924
f 4921/4921/4921 4926/4926/4926 4927/4927/4927
f 4928/4928/4928 4927/4927/4927 4926/4926/4926
f 4929/4929/4929 4927/4927/4927 4928/4928/4928
f 4930/4930/4930 4927/4927/4927 4929/4929/4929
f 4918/4918/4918 4931/4931/4931 4914/4914/4914
f 4932/4932/4932 4931/4931/4931 4918/4918/4918
f 4919/4919/4919 4933/4933/4933 4925/4925/4925
f 4921/4921/4921 4933/4933/4933 4919/4919/4919
f 4934/4934/4934 4921/4921/4921 4927/4927/4927
f 4934/4934/4934 4933/4933/4933 4921/4921/4921
f 4933/4933/4933 4935/4935/4935 4925/4925/4925
f 4935/4935/4935 4936/4936/4936 4925/4925/4925
f 4935/4935/4935 4937/4937/4937 4936/4936/4936
f 4936/4936/4936 4937/4937/4937 4938/4938/4938
f 4927/4927/4927 4930/4930/4930 4939/4939/4939
f 4940/4940/4940 4939/4939/4939 4930/4930/4930
f 4940/4940/4940 4941/4941/4941 4939/4939/4939
f 4941/4941/4941 4942/4942/4942 4939/4939/4939
f 4942/4942/4942 4943/4943/4943 4939/4939/4939
f 4939/4939/4939 4943/4943/4943 4944/4944/4944
f 4939/4939/4939 4945/4945/4945 4927/4927/4927
f 4946/4946/4946 4944/4944/4944 4943/4943/4943
f 4947/4947/4947 4944/4944/4944 4946/4946/4946
f 4948/4948/4948 4944/4944/4944 4947/4947/4947
f 4949/4949/4949 4944/4944/4944 4948/4948/4948
f 4950/4950/4950 4944/4944/4944 4949/4949/4949
f 4951/4951/4951 4944/4944/4944 4950/4950/4950
f 4952/4952/4952 4944/4944/4944 4951/4951/4951
f 4944/4944/4944 4952/4952/4952 4953/4953/4953
f 4953/4953/4953 4952/4952/4952 4954/4954/4954
f 4955/4955/4955 4953/4953/4953 4954/4954/4954
f 4927/4927/4927 4945/4945/4945 4956/4956/4956
f 4956/4956/4956 4934/4934/4934 4927/4927/4927
f 4953/4953/4953 4955/4955/4955 4957/4957/4957
f 4958/4958/4958 4957/4957/4957 4955/4955/4955
f 4957/4957/4957 4958/4958/4958 4959/4959/4959
f 4960/4960/4960 4959/4959/4959 4958/4958/4958
f 4961/4961/4961 4959/4959/4959 4960/4960/4960
f 4962/4962/4962 4959/4959/4959 4961/4961/4961
f 4962/4962/4962 4963/4963/4963 4959/4959/4959
f 4964/4964/4964 4962/4962/4962 4961/4961/4961
f 4964/4964/4964 4965/4965/4965 4962/4962/4962
f 4962/4962/4962 4965/4965/4965 4966/4966/4966
f 4963/4963/4963 4962/4962/4962 4966/4966/4966
f 4966/4966/4966 4965/4965/4965 4967/4967/4967
f 4967/4967/4967 4968/4968/4968 4966/4966/4966
f 4966/4966/4966 4968/4968/4968 4969/4969/4969
f 4968/4968/4968 4970/4970/4970 4969/4969/4969
f 4969/4969/4969 4970/4970/4970 4971/4971/4971
f 4972/4972/4972 4963/4963/4963 4966/4966/4966
f 4972/4972/4972 4966/4966/4966 4969/4969/4969
f 4969/4969/4969 4971/4971/4971 4973/4973/4973
f 4973/4973/4973 4971/4971/4971 4974/4974/4974
f 4973/4973/4973 4974/4974/4974 4975/4975/4975
f 4973/4973/4973 4975/4975/4975 4976/4976/4976
f 4977/4977/4977 4976/4976/4976 4975/4975/4975
f 4977/4977/4977 4978/4978/4978 4976/4976/4976
f 4978/4978/4978 4979/4979/4979 4976/4976/4976
f 4976/4976/4976 4979/4979/4979 4980/4980/4980
f 4980/4980/4980 4979/4979/4979 4981/4981/4981
f 4982/4982/4982 4980/4980/4980 4981/4981/4981
f 4983/4983/4983 4980/4980/4980 4982/4982/4982
f 4984/4984/4984 4980/4980/4980 4983/4983/4983
f 4983/4983/4983 4985/4985/4985 4984/4984/4984
f 4984/4984/4984 4985/4985/4985 4986/4986/4986
f 4985/4985/4985 4987/4987/4987 4986/4986/4986
f 4986/4986/4986 4987/4987/4987 4988/4988/4988
f 4989/4989/4989 4988/4988/4988 4987/4987/4987
f 4988/4988/4988 4989/4989/4989 4990/4990/4990
f 4988/4988/4988 4990/4990/4990 4991/4991/4991
f 4992/4992/4992 4991/4991/4991 4990/4990/4990
f 4993/4993/4993 4991/4991/4991 4992/4992/4992
f 4994/4994/4994 4991/4991/4991 4993/4993/4993
f 4991/4991/4991 4994/4994/4994 4995/4995/4995
f 4996/4996/4996 4995/4995/4995 4994/4994/4994
f 4997/4997/4997 4995/4995/4995 4996/4996/4996
f 4998/4998/4998 4995/4995/4995 4997/4997/4997
f 4998/4998/4998 4999/4999/4999 4995/4995/4995
f 5000/5000/5000 4999/4999/4999 4998/4998/4998
f 5001/5001/5001 4999/4999/4999 5000/5000/5000
f 5001/5001/5001 5002/5002/5002 4999/4999/4999
f 5002/5002/5002 5003/5003/5003 4999/4999/4999
f 4995/4995/4995 4999/4999/4999 5004/5004/5004
f 5005/5005/5005 5002/5002/5002 5001/5001/5001
f 5004/5004/5004 5006/5006/5006 4995/4995/4995
f 5004/5004/5004 5007/5007/5007 5006/5006/5006
f 5008/5008/5008 5002/5002/5002 5005/5005/5005
f 5008/5008/5008 5009/5009/5009 5002/5002/5002
f 5008/5008/5008 5005/5005/5005 5010/5010/5010
f 5010/5010/5010 5011/5011/5011 5008/5008/5008
f 5012/5012/5012 5010/5010/5010 5005/5005/5005
f 5010/5010/5010 5012/5012/5012 5013/5013/5013
f 5013/5013/5013 5014/5014/5014 5010/5010/5010
f 5015/5015/5015 5013/5013/5013 5012/5012/5012
f 5016/5016/5016 5013/5013/5013 5015/5015/5015
f 5016/5016/5016 5017/5017/5017 5013/5013/5013
f 5018/5018/5018 5016/5016/5016 5015/5015/5015
f 5019/5019/5019 5016/5016/5016 5018/5018/5018
f 5019/5019/5019 5020/5020/5020 5016/5016/5016
f 5021/5021/5021 5019/5019/5019 5018/5018/5018
f 5022/5022/5022 5019/5019/5019 5021/5021/5021
f 5022/5022/5022 5023/5023/5023 5019/5019/5019
f 5024/5024/5024 5023/5023/5023 5022/5022/5022
f 5023/5023/5023 5025/5025/5025 5019/5019/5019
f 5024/5024/5024 5026/5026/5026 5023/5023/5023
f 5025/5025/5025 5023/5023/5023 5026/5026/5026
f 5027/5027/5027 5026/5026/5026 5024/5024/5024
f 5026/5026/5026 5027/5027/5027 5028/5028/5028
f 5029/5029/5029 5028/5028/5028 5027/5027/5027
f 5029/5029/5029 5030/5030/5030 5028/5028/5028
f 5030/5030/5030 5031/5031/5031 5028/5028/5028
f 5028/5028/5028 5031/5031/5031 5032/5032/5032
f 5033/5033/5033 5032/5032/5032 5031/5031/5031
f 5034/5034/5034 5032/5032/5032 5033/5033/5033
f 5034/5034/5034 5035/5035/5035 5032/5032/5032
f 5032/5032/5032 5035/5035/5035 5036/5036/5036
f 5035/5035/5035 5037/5037/5037 5036/5036/5036
f 5036/5036/5036 5037/5037/5037 5038/5038/5038
f 5039/5039/5039 5038/5038/5038 5037/5037/5037
f 5040/5040/5040 5038/5038/5038 5039/5039/5039
f 5041/5041/5041 5038/5038/5038 5040/5040/5040
f 5042/5042/5042 5038/5038/5038 5041/5041/5041
f 5038/5038/5038 5042/5042/5042 5043/5043/5043
f 5044/5044/5044 5043/5043/5043 5042/5042/5042
f 5045/5045/5045 5043/5043/5043 5044/5044/5044
f 5043/5043/5043 5045/5045/5045 5046/5046/5046
f 5045/5045/5045 5047/5047/5047 5046/5046/5046
f 5046/5046/5046 5047/5047/5047 5048/5048/5048
f 5048/5048/5048 5047/5047/5047 5049/5049/5049
f 5049/5049/5049 5050/5050/5050 5048/5048/5048
f 5050/5050/5050 5051/5051/5051 5048/5048/5048
f 5048/5048/5048 5051/5051/5051 5052/5052/5052
f 5053/5053/5053 5052/5052/5052 5051/5051/5051
f 5054/5054/5054 5052/5052/5052 5053/5053/5053
f 5052/5052/5052 5054/5054/5054 5055/5055/5055
f 5055/5055/5055 5054/5054/5054 2238/2238/2238
f 5055/5055/5055 2238/2238/2238 2236/2236/2236
f 5043/5043/5043 5046/5046/5046 5056/5056/5056
f 5048/5048/5048 5057/5057/5057 5046/5046/5046
f 5056/5056/5056 5046/5046/5046 5057/5057/5057
f 5058/5058/5058 5048/5048/5048 5052/5052/5052
f 5058/5058/5058 5057/5057/5057 5048/5048/5048
f 5059/5059/5059 5052/5052/5052 5055/5055/5055
f 5059/5059/5059 5058/5058/5058 5052/5052/5052
f 5056/5056/5056 5060/5060/5060 5043/5043/5043
f 5043/5043/5043 5060/5060/5060 5038/5038/5038
f 2236/2236/2236 5061/5061/5061 5055/5055/5055
f 5062/5062/5062 5059/5059/5059 5055/5055/5055
f 5062/5062/5062 5055/5055/5055 5061/5061/5061
f 5061/5061/5061 2236/2236/2236 5063/5063/5063
f 2222/2222/2222 5063/5063/5063 2236/2236/2236
f 5063/5063/5063 5064/5064/5064 5061/5061/5061
f 5061/5061/5061 5065/5065/5065 5062/5062/5062
f 5064/5064/5064 5065/5065/5065 5061/5061/5061
f 5066/5066/5066 5063/5063/5063 2222/2222/2222
f 5063/5063/5063 5066/5066/5066 5064/5064/5064
f 5064/5064/5064 5066/5066/5066 5067/5067/5067
f 2222/2222/2222 5068/5068/5068 5066/5066/5066
f 5068/5068/5068 5067/5067/5067 5066/5066/5066
f 5068/5068/5068 2222/2222/2222 5069/5069/5069
f 5067/5067/5067 5068/5068/5068 5069/5069/5069
f 2209/2209/2209 5069/5069/5069 2222/2222/2222
f 2210/2210/2210 5069/5069/5069 2209/2209/2209
f 5069/5069/5069 2210/2210/2210 5070/5070/5070
f 5070/5070/5070 5067/5067/5067 5069/5069/5069
f 5070/5070/5070 2210/2210/2210 2207/2207/2207
f 2207/2207/2207 5071/5071/5071 5070/5070/5070
f 2176/2176/2176 5071/5071/5071 2207/2207/2207
f 5065/5065/5065 5072/5072/5072 5062/5062/5062
f 5065/5065/5065 5073/5073/5073 5072/5072/5072
f 5065/5065/5065 5074/5074/5074 5073/5073/5073
f 5064/5064/5064 5074/5074/5074 5065/5065/5065
f 5075/5075/5075 5064/5064/5064 5067/5067/5067
f 5075/5075/5075 5074/5074/5074 5064/5064/5064
f 5072/5072/5072 5076/5076/5076 5062/5062/5062
f 5062/5062/5062 5076/5076/5076 5059/5059/5059
f 5070/5070/5070 5077/5077/5077 5067/5067/5067
f 5078/5078/5078 5075/5075/5075 5067/5067/5067
f 5067/5067/5067 5077/5077/5077 5078/5078/5078
f 5070/5070/5070 5071/5071/5071 5079/5079/5079
f 5079/5079/5079 5077/5077/5077 5070/5070/5070
f 5075/5075/5075 5080/5080/5080 5074/5074/5074
f 5080/5080/5080 5075/5075/5075 5078/5078/5078
f 5080/5080/5080 5081/5081/5081 5074/5074/5074
f 5082/5082/5082 5080/5080/5080 5078/5078/5078
f 5081/5081/5081 5083/5083/5083 5074/5074/5074
f 5084/5084/5084 5082/5082/5082 5078/5078/5078
f 5077/5077/5077 5084/5084/5084 5078/5078/5078
f 5077/5077/5077 5085/5085/5085 5084/5084/5084
f 5079/5079/5079 5085/5085/5085 5077/5077/5077
f 5085/5085/5085 5079/5079/5079 5086/5086/5086
f 5087/5087/5087 5086/5086/5086 5079/5079/5079
f 5087/5087/5087 5079/5079/5079 5071/5071/5071
f 5088/5088/5088 5087/5087/5087 5071/5071/5071
f 5089/5089/5089 5088/5088/5088 5071/5071/5071
f 5074/5074/5074 5083/5083/5083 5073/5073/5073
f 2176/2176/2176 5089/5089/5089 5071/5071/5071
f 2176/2176/2176 5090/5090/5090 5089/5089/5089
f 2176/2176/2176 5091/5091/5091 5090/5090/5090
f 5091/5091/5091 2176/2176/2176 5092/5092/5092
f 5093/5093/5093 5073/5073/5073 5083/5083/5083
f 5073/5073/5073 5093/5093/5093 5094/5094/5094
f 5094/5094/5094 5095/5095/5095 5073/5073/5073
f 5096/5096/5096 5073/5073/5073 5095/5095/5095
f 5073/5073/5073 5096/5096/5096 5097/5097/5097
f 5097/5097/5097 5096/5096/5096 5098/5098/5098
f 5073/5073/5073 5097/5097/5097 5072/5072/5072
f 5098/5098/5098 5099/5099/5099 5097/5097/5097
f 5097/5097/5097 5100/5100/5100 5072/5072/5072
f 5097/5097/5097 5099/5099/5099 5100/5100/5100
f 5100/5100/5100 5099/5099/5099 5101/5101/5101
f 5101/5101/5101 5102/5102/5102 5100/5100/5100
f 5100/5100/5100 5076/5076/5076 5072/5072/5072
f 5100/5100/5100 5102/5102/5102 5103/5103/5103
f 5100/5100/5100 5103/5103/5103 5076/5076/5076
f 5103/5103/5103 5102/5102/5102 5104/5104/5104
f 5103/5103/5103 5105/5105/5105 5076/5076/5076
f 5059/5059/5059 5076/5076/5076 5105/5105/5105
f 5105/5105/5105 5106/5106/5106 5059/5059/5059
f 5105/5105/5105 5103/5103/5103 5106/5106/5106
f 5059/5059/5059 5106/5106/5106 5058/5058/5058
f 5103/5103/5103 5104/5104/5104 5107/5107/5107
f 5103/5103/5103 5107/5107/5107 5106/5106/5106
f 5104/5104/5104 5108/5108/5108 5107/5107/5107
f 5058/5058/5058 5106/5106/5106 5109/5109/5109
f 5106/5106/5106 5107/5107/5107 5109/5109/5109
f 5107/5107/5107 5108/5108/5108 5110/5110/5110
f 5110/5110/5110 5109/5109/5109 5107/5107/5107
f 5108/5108/5108 5111/5111/5111 5110/5110/5110
f 5110/5110/5110 5111/5111/5111 5112/5112/5112
f 5112/5112/5112 5109/5109/5109 5110/5110/5110
f 5111/5111/5111 5113/5113/5113 5112/5112/5112
f 5109/5109/5109 5114/5114/5114 5058/5058/5058
f 5114/5114/5114 5109/5109/5109 5112/5112/5112
f 5058/5058/5058 5114/5114/5114 5057/5057/5057
f 5114/5114/5114 5112/5112/5112 5115/5115/5115
f 5057/5057/5057 5114/5114/5114 5115/5115/5115
f 5116/5116/5116 5112/5112/5112 5113/5113/5113
f 5116/5116/5116 5115/5115/5115 5112/5112/5112
f 5116/5116/5116 5113/5113/5113 5117/5117/5117
f 5117/5117/5117 5115/5115/5115 5116/5116/5116
f 5118/5118/5118 5117/5117/5117 5113/5113/5113
f 5115/5115/5115 5119/5119/5119 5057/5057/5057
f 5119/5119/5119 5115/5115/5115 5117/5117/5117
f 5057/5057/5057 5119/5119/5119 5056/5056/5056
f 5120/5120/5120 5117/5117/5117 5118/5118/5118
f 5117/5117/5117 5120/5120/5120 5119/5119/5119
f 5056/5056/5056 5119/5119/5119 5121/5121/5121
f 5119/5119/5119 5120/5120/5120 5121/5121/5121
f 5120/5120/5120 5118/5118/5118 5122/5122/5122
f 5121/5121/5121 5120/5120/5120 5122/5122/5122
f 5118/5118/5118 5123/5123/5123 5122/5122/5122
f 5123/5123/5123 5124/5124/5124 5122/5122/5122
f 5121/5121/5121 5125/5125/5125 5056/5056/5056
f 5121/5121/5121 5122/5122/5122 5125/5125/5125
f 5056/5056/5056 5125/5125/5125 5060/5060/5060
f 5124/5124/5124 5126/5126/5126 5122/5122/5122
f 5122/5122/5122 5126/5126/5126 5125/5125/5125
f 5124/5124/5124 5127/5127/5127 5126/5126/5126
f 5125/5125/5125 5126/5126/5126 5128/5128/5128
f 5060/5060/5060 5125/5125/5125 5128/5128/5128
f 5127/5127/5127 5129/5129/5129 5126/5126/5126
f 5129/5129/5129 5128/5128/5128 5126/5126/5126
f 5127/5127/5127 5130/5130/5130 5129/5129/5129
f 5128/5128/5128 5131/5131/5131 5060/5060/5060
f 5129/5129/5129 5131/5131/5131 5128/5128/5128
f 5130/5130/5130 5132/5132/5132 5129/5129/5129
f 5132/5132/5132 5131/5131/5131 5129/5129/5129
f 5130/5130/5130 5133/5133/5133 5132/5132/5132
f 5060/5060/5060 5131/5131/5131 5134/5134/5134
f 5038/5038/5038 5060/5060/5060 5134/5134/5134
f 5132/5132/5132 5133/5133/5133 5135/5135/5135
f 5135/5135/5135 5133/5133/5133 5136/5136/5136
f 5136/5136/5136 5137/5137/5137 5135/5135/5135
f 5131/5131/5131 5132/5132/5132 5138/5138/5138
f 5134/5134/5134 5131/5131/5131 5138/5138/5138
f 5135/5135/5135 5138/5138/5138 5132/5132/5132
f 5134/5134/5134 5139/5139/5139 5038/5038/5038
f 5038/5038/5038 5139/5139/5139 5036/5036/5036
f 5138/5138/5138 5140/5140/5140 5134/5134/5134
f 5135/5135/5135 5140/5140/5140 5138/5138/5138
f 5134/5134/5134 5140/5140/5140 5139/5139/5139
f 5135/5135/5135 5137/5137/5137 5141/5141/5141
f 5141/5141/5141 5140/5140/5140 5135/5135/5135
f 5141/5141/5141 5142/5142/5142 5140/5140/5140
f 5141/5141/5141 5137/5137/5137 5143/5143/5143
f 5143/5143/5143 5144/5144/5144 5141/5141/5141
f 5141/5141/5141 5144/5144/5144 5142/5142/5142
f 5142/5142/5142 5144/5144/5144 5145/5145/5145
f 5145/5145/5145 5146/5146/5146 5142/5142/5142
f 5139/5139/5139 5140/5140/5140 5147/5147/5147
f 5142/5142/5142 5147/5147/5147 5140/5140/5140
f 5036/5036/5036 5139/5139/5139 5148/5148/5148
f 5139/5139/5139 5147/5147/5147 5148/5148/5148
f 5142/5142/5142 5146/5146/5146 5149/5149/5149
f 5149/5149/5149 5146/5146/5146 5150/5150/5150
f 5150/5150/5150 5151/5151/5151 5149/5149/5149
f 5147/5147/5147 5142/5142/5142 5152/5152/5152
f 5142/5142/5142 5149/5149/5149 5152/5152/5152
f 5147/5147/5147 5152/5152/5152 5148/5148/5148
f 5148/5148/5148 5153/5153/5153 5036/5036/5036
f 5153/5153/5153 5032/5032/5032 5036/5036/5036
f 5151/5151/5151 5154/5154/5154 5149/5149/5149
f 5149/5149/5149 5154/5154/5154 5152/5152/5152
f 5152/5152/5152 5155/5155/5155 5148/5148/5148
f 5155/5155/5155 5153/5153/5153 5148/5148/5148
f 5154/5154/5154 5155/5155/5155 5152/5152/5152
f 5153/5153/5153 5156/5156/5156 5032/5032/5032
f 5032/5032/5032 5156/5156/5156 5028/5028/5028
f 5155/5155/5155 5157/5157/5157 5153/5153/5153
f 5155/5155/5155 5154/5154/5154 5157/5157/5157
f 5153/5153/5153 5157/5157/5157 5156/5156/5156
f 5154/5154/5154 5151/5151/5151 5158/5158/5158
f 5154/5154/5154 5158/5158/5158 5157/5157/5157
f 5151/5151/5151 5159/5159/5159 5158/5158/5158
f 5157/5157/5157 5158/5158/5158 5160/5160/5160
f 5156/5156/5156 5157/5157/5157 5160/5160/5160
f 5160/5160/5160 5161/5161/5161 5156/5156/5156
f 5158/5158/5158 5159/5159/5159 5162/5162/5162
f 5158/5158/5158 5162/5162/5162 5160/5160/5160
f 5160/5160/5160 5162/5162/5162 5161/5161/5161
f 5159/5159/5159 5163/5163/5163 5162/5162/5162
f 5163/5163/5163 5164/5164/5164 5162/5162/5162
f 5164/5164/5164 5165/5165/5165 5162/5162/5162
f 5162/5162/5162 5165/5165/5165 5161/5161/5161
f 5165/5165/5165 5164/5164/5164 5166/5166/5166
f 5165/5165/5165 5166/5166/5166 5161/5161/5161
f 5164/5164/5164 5167/5167/5167 5166/5166/5166
f 5166/5166/5166 5167/5167/5167 5168/5168/5168
f 5167/5167/5167 5169/5169/5169 5168/5168/5168
f 5161/5161/5161 5170/5170/5170 5156/5156/5156
f 5170/5170/5170 5028/5028/5028 5156/5156/5156
f 5166/5166/5166 5171/5171/5171 5161/5161/5161
f 5166/5166/5166 5168/5168/5168 5171/5171/5171
f 5170/5170/5170 5161/5161/5161 5172/5172/5172
f 5028/5028/5028 5170/5170/5170 5172/5172/5172
f 5171/5171/5171 5172/5172/5172 5161/5161/5161
f 5172/5172/5172 5173/5173/5173 5028/5028/5028
f 5028/5028/5028 5173/5173/5173 5026/5026/5026
f 5174/5174/5174 5172/5172/5172 5171/5171/5171
f 5168/5168/5168 5174/5174/5174 5171/5171/5171
f 5173/5173/5173 5172/5172/5172 5174/5174/5174
f 5168/5168/5168 5169/5169/5169 5175/5175/5175
f 5169/5169/5169 5176/5176/5176 5175/5175/5175
f 5176/5176/5176 5177/5177/5177 5175/5175/5175
f 5177/5177/5177 5178/5178/5178 5175/5175/5175
f 5174/5174/5174 5168/5168/5168 5179/5179/5179
f 5174/5174/5174 5179/5179/5179 5173/5173/5173
f 5168/5168/5168 5175/5175/5175 5179/5179/5179
f 5026/5026/5026 5173/5173/5173 5180/5180/5180
f 5179/5179/5179 5180/5180/5180 5173/5173/5173
f 5180/5180/5180 5025/5025/5025 5026/5026/5026
f 5178/5178/5178 5181/5181/5181 5175/5175/5175
f 5179/5179/5179 5175/5175/5175 5181/5181/5181
f 5179/5179/5179 5181/5181/5181 5180/5180/5180
f 5180/5180/5180 5181/5181/5181 5025/5025/5025
f 5182/5182/5182 5181/5181/5181 5178/5178/5178
f 5025/5025/5025 5181/5181/5181 5183/5183/5183
f 5182/5182/5182 5183/5183/5183 5181/5181/5181
f 5186/5186/5186 5185/5185/5185 5184/5184/5184
f 5185/5185/5185 5186/5186/5186 5187/5187/5187
f 5187/5187/5187 5186/5186/5186 5188/5188/5188
f 5188/5188/5188 5189/5189/5189 5187/5187/5187
f 5190/5190/5190 5187/5187/5187 5189/5189/5189
f 5187/5187/5187 5190/5190/5190 5191/5191/5191
f 5187/5187/5187 5191/5191/5191 5192/5192/5192
f 5193/5193/5193 5192/5192/5192 5191/5191/5191
f 5194/5194/5194 5192/5192/5192 5193/5193/5193
f 5195/5195/5195 5192/5192/5192 5194/5194/5194
f 5192/5192/5192 5195/5195/5195 5196/5196/5196
f 5185/5185/5185 5187/5187/5187 5197/5197/5197
f 5187/5187/5187 5192/5192/5192 5197/5197/5197
f 5192/5192/5192 5196/5196/5196 5198/5198/5198
f 5199/5199/5199 5198/5198/5198 5196/5196/5196
f 5197/5197/5197 5192/5192/5192 5200/5200/5200
f 5198/5198/5198 5200/5200/5200 5192/5192/5192
f 5201/5201/5201 5198/5198/5198 5199/5199/5199
f 5199/5199/5199 5202/5202/5202 5201/5201/5201
f 5203/5203/5203 5200/5200/5200 5198/5198/5198
f 5198/5198/5198 5201/5201/5201 5203/5203/5203
f 5203/5203/5203 5201/5201/5201 5204/5204/5204
f 5201/5201/5201 5202/5202/5202 5205/5205/5205
f 5204/5204/5204 5201/5201/5201 5205/5205/5205
f 5206/5206/5206 5205/5205/5205 5202/5202/5202
f 5205/5205/5205 5206/5206/5206 5207/5207/5207
f 5205/5205/5205 5207/5207/5207 5208/5208/5208
f 5205/5205/5205 5208/5208/5208 5204/5204/5204
f 5207/5207/5207 5209/5209/5209 5208/5208/5208
f 5208/5208/5208 5209/5209/5209 5210/5210/5210
f 5209/5209/5209 5211/5211/5211 5210/5210/5210
f 5203/5203/5203 5212/5212/5212 5200/5200/5200
f 5204/5204/5204 5212/5212/5212 5203/5203/5203
f 5213/5213/5213 5208/5208/5208 5210/5210/5210
f 5204/5204/5204 5208/5208/5208 5213/5213/5213
f 5210/5210/5210 5211/5211/5211 5214/5214/5214
f 5211/5211/5211 5215/5215/5215 5214/5214/5214
f 5215/5215/5215 5216/5216/5216 5214/5214/5214
f 5213/5213/5213 5210/5210/5210 5217/5217/5217
f 5210/5210/5210 5214/5214/5214 5217/5217/5217
f 5204/5204/5204 5213/5213/5213 4684/4684/4684
f 5213/5213/5213 5217/5217/5217 4684/4684/4684
f 5216/5216/5216 5218/5218/5218 5214/5214/5214
f 5216/5216/5216 5219/5219/5219 5218/5218/5218
f 5220/5220/5220 5204/5204/5204 4684/4684/4684
f 5220/5220/5220 5212/5212/5212 5204/5204/5204
f 4674/4674/4674 5220/5220/5220 4684/4684/4684
f 4680/4680/4680 5220/5220/5220 4674/4674/4674
f 5212/5212/5212 5220/5220/5220 4680/4680/4680
f 4684/4684/4684 5217/5217/5217 4678/4678/4678
f 5217/5217/5217 5214/5214/5214 5221/5221/5221
f 4678/4678/4678 5217/5217/5217 5221/5221/5221
f 5214/5214/5214 5218/5218/5218 5221/5221/5221
f 5221/5221/5221 4685/4685/4685 4678/4678/4678
f 5218/5218/5218 5222/5222/5222 5221/5221/5221
f 5221/5221/5221 5222/5222/5222 4685/4685/4685
f 5219/5219/5219 5222/5222/5222 5218/5218/5218
f 4686/4686/4686 4685/4685/4685 5222/5222/5222
f 5222/5222/5222 5219/5219/5219 4686/4686/4686
f 5219/5219/5219 5223/5223/5223 4686/4686/4686
f 4686/4686/4686 5223/5223/5223 5224/5224/5224
f 5223/5223/5223 4648/4648/4648 5224/5224/5224
f 5224/5224/5224 4666/4666/4666 4686/4686/4686
f 5224/5224/5224 4648/4648/4648 4646/4646/4646
f 4646/4646/4646 4666/4666/4666 5224/5224/5224
f 5225/5225/5225 5200/5200/5200 5212/5212/5212
f 4680/4680/4680 5225/5225/5225 5212/5212/5212
f 5200/5200/5200 5225/5225/5225 5226/5226/5226
f 4680/4680/4680 5226/5226/5226 5225/5225/5225
f 5197/5197/5197 5200/5200/5200 5226/5226/5226
f 5226/5226/5226 4680/4680/4680 5227/5227/5227
f 4687/4687/4687 5227/5227/5227 4680/4680/4680
f 5226/5226/5226 5228/5228/5228 5197/5197/5197
f 5227/5227/5227 5228/5228/5228 5226/5226/5226
f 5228/5228/5228 5185/5185/5185 5197/5197/5197
f 5229/5229/5229 5185/5185/5185 5228/5228/5228
f 5229/5229/5229 5228/5228/5228 5227/5227/5227
f 5229/5229/5229 5230/5230/5230 5185/5185/5185
f 5230/5230/5230 5231/5231/5231 5185/5185/5185
f 5185/5185/5185 5231/5231/5231 5232/5232/5232
f 5233/5233/5233 5231/5231/5231 5230/5230/5230
f 5185/5185/5185 5232/5232/5232 5234/5234/5234
f 5235/5235/5235 5233/5233/5233 5230/5230/5230
f 5234/5234/5234 5236/5236/5236 5185/5185/5185
f 5236/5236/5236 5237/5237/5237 5185/5185/5185
f 5237/5237/5237 5238/5238/5238 5185/5185/5185
f 5238/5238/5238 5239/5239/5239 5185/5185/5185
f 5239/5239/5239 5240/5240/5240 5185/5185/5185
f 5241/5241/5241 5185/5185/5185 5240/5240/5240
f 5230/5230/5230 5242/5242/5242 5235/5235/5235
f 5243/5243/5243 5230/5230/5230 5229/5229/5229
f 5227/5227/5227 5243/5243/5243 5229/5229/5229
f 5244/5244/5244 5242/5242/5242 5230/5230/5230
f 5243/5243/5243 5244/5244/5244 5230/5230/5230
f 5245/5245/5245 5242/5242/5242 5244/5244/5244
f 5246/5246/5246 5243/5243/5243 5227/5227/5227
f 5246/5246/5246 5227/5227/5227 4687/4687/4687
f 5247/5247/5247 5245/5245/5245 5244/5244/5244
f 5247/5247/5247 5248/5248/5248 5245/5245/5245
f 5249/5249/5249 5244/5244/5244 5243/5243/5243
f 5249/5249/5249 5243/5243/5243 5246/5246/5246
f 5247/5247/5247 5244/5244/5244 5249/5249/5249
f 5250/5250/5250 5246/5246/5246 4687/4687/4687
f 4687/4687/4687 4696/4696/4696 5250/5250/5250
f 5246/5246/5246 5251/5251/5251 5249/5249/5249
f 5251/5251/5251 5247/5247/5247 5249/5249/5249
f 5250/5250/5250 5251/5251/5251 5246/5246/5246
f 5252/5252/5252 5248/5248/5248 5247/5247/5247
f 5251/5251/5251 5252/5252/5252 5247/5247/5247
f 5252/5252/5252 5253/5253/5253 5248/5248/5248
f 5254/5254/5254 5253/5253/5253 5252/5252/5252
f 5255/5255/5255 5253/5253/5253 5254/5254/5254
f 5254/5254/5254 5256/5256/5256 5255/5255/5255
f 5257/5257/5257 5252/5252/5252 5251/5251/5251
f 5257/5257/5257 5251/5251/5251 5250/5250/5250
f 5254/5254/5254 5252/5252/5252 5257/5257/5257
f 5258/5258/5258 5256/5256/5256 5254/5254/5254
f 5259/5259/5259 5256/5256/5256 5258/5258/5258
f 5258/5258/5258 5260/5260/5260 5259/5259/5259
f 5258/5258/5258 5261/5261/5261 5260/5260/5260
f 5261/5261/5261 5258/5258/5258 5262/5262/5262
f 5262/5262/5262 5258/5258/5258 5263/5263/5263
f 5250/5250/5250 5264/5264/5264 5257/5257/5257
f 5264/5264/5264 5254/5254/5254 5257/5257/5257
f 4696/4696/4696 5264/5264/5264 5250/5250/5250
f 5254/5254/5254 5264/5264/5264 5265/5265/5265
f 5258/5258/5258 5254/5254/5254 5265/5265/5265
f 5265/5265/5265 5264/5264/5264 4696/4696/4696
f 5266/5266/5266 5263/5263/5263 5258/5258/5258
f 5263/5263/5263 5266/5266/5266 5267/5267/5267
f 5268/5268/5268 5267/5267/5267 5266/5266/5266
f 5265/5265/5265 5269/5269/5269 5258/5258/5258
f 5269/5269/5269 5265/5265/5265 4696/4696/4696
f 5258/5258/5258 5269/5269/5269 5266/5266/5266
f 5268/5268/5268 5266/5266/5266 5270/5270/5270
f 5271/5271/5271 5268/5268/5268 5270/5270/5270
f 5272/5272/5272 5266/5266/5266 5269/5269/5269
f 5272/5272/5272 5269/5269/5269 4696/4696/4696
f 5272/5272/5272 5270/5270/5270 5266/5266/5266
f 5271/5271/5271 5270/5270/5270 5273/5273/5273
f 5274/5274/5274 5271/5271/5271 5273/5273/5273
f 5275/5275/5275 5272/5272/5272 4696/4696/4696
f 5275/5275/5275 4696/4696/4696 4695/4695/4695
f 4695/4695/4695 5276/5276/5276 5275/5275/5275
f 5272/5272/5272 5275/5275/5275 5276/5276/5276
f 4700/4700/4700 5276/5276/5276 4695/4695/4695
f 5277/5277/5277 5270/5270/5270 5272/5272/5272
f 5273/5273/5273 5270/5270/5270 5277/5277/5277
f 5277/5277/5277 5272/5272/5272 5276/5276/5276
f 5274/5274/5274 5273/5273/5273 5278/5278/5278
f 5279/5279/5279 5274/5274/5274 5278/5278/5278
f 5273/5273/5273 5277/5277/5277 5280/5280/5280
f 5276/5276/5276 5280/5280/5280 5277/5277/5277
f 5278/5278/5278 5273/5273/5273 5280/5280/5280
f 5281/5281/5281 5276/5276/5276 4700/4700/4700
f 5281/5281/5281 5280/5280/5280 5276/5276/5276
f 5279/5279/5279 5278/5278/5278 5282/5282/5282
f 5283/5283/5283 5279/5279/5279 5282/5282/5282
f 5284/5284/5284 5283/5283/5283 5282/5282/5282
f 5278/5278/5278 5280/5280/5280 5285/5285/5285
f 5282/5282/5282 5278/5278/5278 5285/5285/5285
f 5285/5285/5285 5280/5280/5280 5281/5281/5281
f 5286/5286/5286 5284/5284/5284 5282/5282/5282
f 5286/5286/5286 5282/5282/5282 5285/5285/5285
f 5287/5287/5287 5284/5284/5284 5286/5286/5286
f 4700/4700/4700 5288/5288/5288 5281/5281/5281
f 4705/4705/4705 5288/5288/5288 4700/4700/4700
f 5281/5281/5281 5289/5289/5289 5285/5285/5285
f 5289/5289/5289 5286/5286/5286 5285/5285/5285
f 5288/5288/5288 5289/5289/5289 5281/5281/5281
f 5290/5290/5290 5287/5287/5287 5286/5286/5286
f 5290/5290/5290 5286/5286/5286 5289/5289/5289
f 5291/5291/5291 5287/5287/5287 5290/5290/5290
f 5292/5292/5292 5290/5290/5290 5289/5289/5289
f 5292/5292/5292 5289/5289/5289 5288/5288/5288
f 5293/5293/5293 5291/5291/5291 5290/5290/5290
f 5292/5292/5292 5293/5293/5293 5290/5290/5290
f 5294/5294/5294 5291/5291/5291 5293/5293/5293
f 5295/5295/5295 5292/5292/5292 5288/5288/5288
f 5295/5295/5295 5293/5293/5293 5292/5292/5292
f 5296/5296/5296 5294/5294/5294 5293/5293/5293
f 5296/5296/5296 5293/5293/5293 5295/5295/5295
f 5297/5297/5297 5294/5294/5294 5296/5296/5296
f 5298/5298/5298 5297/5297/5297 5296/5296/5296
f 5298/5298/5298 5296/5296/5296 5295/5295/5295
f 5299/5299/5299 5295/5295/5295 5288/5288/5288
f 5299/5299/5299 5288/5288/5288 4705/4705/4705
f 5300/5300/5300 5295/5295/5295 5299/5299/5299
f 5300/5300/5300 5298/5298/5298 5295/5295/5295
f 5297/5297/5297 5298/5298/5298 5301/5301/5301
f 5302/5302/5302 5297/5297/5297 5301/5301/5301
f 5303/5303/5303 5302/5302/5302 5301/5301/5301
f 5304/5304/5304 5303/5303/5303 5301/5301/5301
f 5304/5304/5304 5305/5305/5305 5303/5303/5303
f 5304/5304/5304 5306/5306/5306 5305/5305/5305
f 5306/5306/5306 5304/5304/5304 5307/5307/5307
f 5301/5301/5301 5298/5298/5298 5308/5308/5308
f 5298/5298/5298 5300/5300/5300 5308/5308/5308
f 5304/5304/5304 5301/5301/5301 5308/5308/5308
f 5309/5309/5309 5300/5300/5300 5299/5299/5299
f 4705/4705/4705 5309/5309/5309 5299/5299/5299
f 5300/5300/5300 5309/5309/5309 5310/5310/5310
f 5308/5308/5308 5300/5300/5300 5310/5310/5310
f 4705/4705/4705 5310/5310/5310 5309/5309/5309
f 5311/5311/5311 5307/5307/5307 5304/5304/5304
f 5312/5312/5312 5307/5307/5307 5311/5311/5311
f 5313/5313/5313 5304/5304/5304 5308/5308/5308
f 5311/5311/5311 5304/5304/5304 5313/5313/5313
f 5313/5313/5313 5308/5308/5308 5310/5310/5310
f 5314/5314/5314 5311/5311/5311 5313/5313/5313
f 5310/5310/5310 4705/4705/4705 5315/5315/5315
f 5315/5315/5315 5313/5313/5313 5310/5310/5310
f 5314/5314/5314 5313/5313/5313 5315/5315/5315
f 4710/4710/4710 5315/5315/5315 4705/4705/4705
f 5316/5316/5316 5314/5314/5314 5315/5315/5315
f 5316/5316/5316 5315/5315/5315 4710/4710/4710
f 4783/4783/4783 5318/5318/5318 5317/5317/5317
f 4783/4783/4783 5319/5319/5319 5318/5318/5318
f 4783/4783/4783 5320/5320/5320 5319/5319/5319
f 4783/4783/4783 5321/5321/5321 5320/5320/5320
f 4785/4785/4785 5321/5321/5321 4783/4783/4783
f 5322/5322/5322 5321/5321/5321 4785/4785/4785
f 5323/5323/5323 5322/5322/5322 4785/4785/4785
f 5324/5324/5324 5323/5323/5323 4785/4785/4785
f 5325/5325/5325 5324/5324/5324 4785/4785/4785
f 5326/5326/5326 5325/5325/5325 4785/4785/4785
f 5328/5328/5328 5327/5327/5327 4932/4932/4932
f 5327/5327/5327 5329/5329/5329 4932/4932/4932
f 5329/5329/5329 5330/5330/5330 4932/4932/4932
f 5330/5330/5330 5331/5331/5331 4932/4932/4932
f 4932/4932/4932 5331/5331/5331 4931/4931/4931
f 4931/4931/4931 5331/5331/5331 5332/5332/5332
f 4931/4931/4931 5332/5332/5332 5333/5333/5333
f 4931/4931/4931 5333/5333/5333 5334/5334/5334
f 5334/5334/5334 5333/5333/5333 5335/5335/5335
f 4914/4914/4914 4931/4931/4931 5334/5334/5334
f 5334/5334/5334 5335/5335/5335 5336/5336/5336
f 4914/4914/4914 5334/5334/5334 5337/5337/5337
f 5336/5336/5336 5337/5337/5337 5334/5334/5334
f 4938/4938/4938 5339/5339/5339 5338/5338/5338
f 4938/4938/4938 5340/5340/5340 5339/5339/5339
f 4937/4937/4937 5340/5340/5340 4938/4938/4938
f 5340/5340/5340 4937/4937/4937 5341/5341/5341
f 5342/5342/5342 5341/5341/5341 4937/4937/4937
f 5343/5343/5343 5342/5342/5342 4937/4937/4937
f 5344/5344/5344 5343/5343/5343 4937/4937/4937
f 5345/5345/5345 5343/5343/5343 5344/5344/5344
f 4937/4937/4937 4935/4935/4935 5344/5344/5344
f 5346/5346/5346 5345/5345/5345 5344/5344/5344
f 5346/5346/5346 5344/5344/5344 4935/4935/4935
f 5347/5347/5347 5345/5345/5345 5346/5346/5346
f 5346/5346/5346 4935/4935/4935 5348/5348/5348
f 4933/4933/4933 5348/5348/5348 4935/4935/4935
f 4934/4934/4934 5348/5348/5348 4933/4933/4933
f 5349/5349/5349 5347/5347/5347 5346/5346/5346
f 5349/5349/5349 5346/5346/5346 5348/5348/5348
f 5349/5349/5349 5350/5350/5350 5347/5347/5347
f 5350/5350/5350 5349/5349/5349 5351/5351/5351
f 5352/5352/5352 5351/5351/5351 5349/5349/5349
f 5348/5348/5348 5352/5352/5352 5349/5349/5349
f 5353/5353/5353 5351/5351/5351 5352/5352/5352
f 5354/5354/5354 5348/5348/5348 4934/4934/4934
f 5354/5354/5354 5352/5352/5352 5348/5348/5348
f 5355/5355/5355 5353/5353/5353 5352/5352/5352
f 5355/5355/5355 5352/5352/5352 5354/5354/5354
f 5353/5353/5353 5355/5355/5355 5356/5356/5356
f 4934/4934/4934 5357/5357/5357 5354/5354/5354
f 5355/5355/5355 5354/5354/5354 5357/5357/5357
f 4956/4956/4956 5357/5357/5357 4934/4934/4934
f 5358/5358/5358 5356/5356/5356 5355/5355/5355
f 5358/5358/5358 5355/5355/5355 5357/5357/5357
f 5359/5359/5359 5356/5356/5356 5358/5358/5358
f 5360/5360/5360 5359/5359/5359 5358/5358/5358
f 5361/5361/5361 5357/5357/5357 4956/4956/4956
f 5361/5361/5361 5358/5358/5358 5357/5357/5357
f 5360/5360/5360 5358/5358/5358 5362/5362/5362
f 5361/5361/5361 5362/5362/5362 5358/5358/5358
f 5363/5363/5363 5360/5360/5360 5362/5362/5362
f 5364/5364/5364 5363/5363/5363 5362/5362/5362
f 4956/4956/4956 5365/5365/5365 5361/5361/5361
f 5365/5365/5365 5362/5362/5362 5361/5361/5361
f 4945/4945/4945 5365/5365/5365 4956/4956/4956
f 5366/5366/5366 5364/5364/5364 5362/5362/5362
f 5366/5366/5366 5362/5362/5362 5365/5365/5365
f 5366/5366/5366 5367/5367/5367 5364/5364/5364
f 5367/5367/5367 5366/5366/5366 5368/5368/5368
f 5369/5369/5369 5368/5368/5368 5366/5366/5366
f 5370/5370/5370 5368/5368/5368 5369/5369/5369
f 5369/5369/5369 5371/5371/5371 5370/5370/5370
f 5369/5369/5369 5372/5372/5372 5371/5371/5371
f 5369/5369/5369 5373/5373/5373 5372/5372/5372
f 5373/5373/5373 5369/5369/5369 5374/5374/5374
f 5375/5375/5375 5366/5366/5366 5365/5365/5365
f 5375/5375/5375 5365/5365/5365 4945/4945/4945
f 5375/5375/5375 5369/5369/5369 5366/5366/5366
f 5376/5376/5376 5374/5374/5374 5369/5369/5369
f 5375/5375/5375 5376/5376/5376 5369/5369/5369
f 5377/5377/5377 5374/5374/5374 5376/5376/5376
f 5378/5378/5378 5377/5377/5377 5376/5376/5376
f 5375/5375/5375 4945/4945/4945 5379/5379/5379
f 5379/5379/5379 4945/4945/4945 4939/4939/4939
f 5380/5380/5380 5376/5376/5376 5375/5375/5375
f 5380/5380/5380 5375/5375/5375 5379/5379/5379
f 5381/5381/5381 5378/5378/5378 5376/5376/5376
f 5381/5381/5381 5376/5376/5376 5380/5380/5380
f 5378/5378/5378 5381/5381/5381 5382/5382/5382
f 5382/5382/5382 5381/5381/5381 5380/5380/5380
f 5383/5383/5383 5378/5378/5378 5382/5382/5382
f 5384/5384/5384 5383/5383/5383 5382/5382/5382
f 5379/5379/5379 5385/5385/5385 5380/5380/5380
f 5385/5385/5385 5379/5379/5379 4939/4939/4939
f 5386/5386/5386 5384/5384/5384 5382/5382/5382
f 5386/5386/5386 5387/5387/5387 5384/5384/5384
f 5388/5388/5388 5387/5387/5387 5386/5386/5386
f 5389/5389/5389 5387/5387/5387 5388/5388/5388
f 5388/5388/5388 5390/5390/5390 5389/5389/5389
f 5388/5388/5388 5391/5391/5391 5390/5390/5390
f 5392/5392/5392 5391/5391/5391 5388/5388/5388
f 5391/5391/5391 5392/5392/5392 5393/5393/5393
f 5394/5394/5394 5393/5393/5393 5392/5392/5392
f 5395/5395/5395 5394/5394/5394 5392/5392/5392
f 5396/5396/5396 5382/5382/5382 5380/5380/5380
f 5380/5380/5380 5385/5385/5385 5396/5396/5396
f 5386/5386/5386 5382/5382/5382 5396/5396/5396
f 5395/5395/5395 5392/5392/5392 5397/5397/5397
f 5398/5398/5398 5395/5395/5395 5397/5397/5397
f 5397/5397/5397 5399/5399/5399 5398/5398/5398
f 5397/5397/5397 5400/5400/5400 5399/5399/5399
f 5397/5397/5397 5401/5401/5401 5400/5400/5400
f 5397/5397/5397 5402/5402/5402 5401/5401/5401
f 5403/5403/5403 5402/5402/5402 5397/5397/5397
f 5402/5402/5402 5403/5403/5403 5404/5404/5404
f 5404/5404/5404 5403/5403/5403 5405/5405/5405
f 5405/5405/5405 5403/5403/5403 5406/5406/5406
f 5406/5406/5406 5403/5403/5403 5407/5407/5407
f 5408/5408/5408 5407/5407/5407 5403/5403/5403
f 5408/5408/5408 5403/5403/5403 5409/5409/5409
f 5410/5410/5410 5408/5408/5408 5409/5409/5409
f 5410/5410/5410 5409/5409/5409 5411/5411/5411
f 5412/5412/5412 5410/5410/5410 5411/5411/5411
f 5409/5409/5409 5403/5403/5403 5413/5413/5413
f 5413/5413/5413 5411/5411/5411 5409/5409/5409
f 5397/5397/5397 5414/5414/5414 5403/5403/5403
f 5413/5413/5413 5403/5403/5403 5414/5414/5414
f 5415/5415/5415 5414/5414/5414 5397/5397/5397
f 5397/5397/5397 5392/5392/5392 5415/5415/5415
f 5411/5411/5411 5416/5416/5416 5412/5412/5412
f 5417/5417/5417 5412/5412/5412 5416/5416/5416
f 5418/5418/5418 5417/5417/5417 5416/5416/5416
f 5418/5418/5418 5419/5419/5419 5417/5417/5417
f 5418/5418/5418 5420/5420/5420 5419/5419/5419
f 5418/5418/5418 5421/5421/5421 5420/5420/5420
f 5416/5416/5416 5411/5411/5411 5422/5422/5422
f 5416/5416/5416 5422/5422/5422 5418/5418/5418
f 5423/5423/5423 5421/5421/5421 5418/5418/5418
f 5424/5424/5424 5421/5421/5421 5423/5423/5423
f 5425/5425/5425 5424/5424/5424 5423/5423/5423
f 5414/5414/5414 5415/5415/5415 5426/5426/5426
f 5426/5426/5426 5413/5413/5413 5414/5414/5414
f 5427/5427/5427 5411/5411/5411 5413/5413/5413
f 5422/5422/5422 5411/5411/5411 5427/5427/5427
f 5427/5427/5427 5413/5413/5413 5428/5428/5428
f 5428/5428/5428 5413/5413/5413 5426/5426/5426
f 5428/5428/5428 5422/5422/5422 5427/5427/5427
f 5429/5429/5429 5418/5418/5418 5422/5422/5422
f 5429/5429/5429 5423/5423/5423 5418/5418/5418
f 5423/5423/5423 5430/5430/5430 5425/5425/5425
f 5425/5425/5425 5430/5430/5430 5431/5431/5431
f 5432/5432/5432 5422/5422/5422 5428/5428/5428
f 5429/5429/5429 5422/5422/5422 5432/5432/5432
f 5433/5433/5433 5423/5423/5423 5429/5429/5429
f 5430/5430/5430 5423/5423/5423 5433/5433/5433
f 5432/5432/5432 5433/5433/5433 5429/5429/5429
f 5428/5428/5428 5426/5426/5426 4944/4944/4944
f 4944/4944/4944 5432/5432/5432 5428/5428/5428
f 5434/5434/5434 5431/5431/5431 5430/5430/5430
f 5435/5435/5435 5431/5431/5431 5434/5434/5434
f 5430/5430/5430 5433/5433/5433 5436/5436/5436
f 5434/5434/5434 5430/5430/5430 5436/5436/5436
f 5437/5437/5437 5435/5435/5435 5434/5434/5434
f 5437/5437/5437 5434/5434/5434 5436/5436/5436
f 5438/5438/5438 5435/5435/5435 5437/5437/5437
f 5426/5426/5426 5439/5439/5439 4944/4944/4944
f 5415/5415/5415 5439/5439/5439 5426/5426/5426
f 5440/5440/5440 5433/5433/5433 5432/5432/5432
f 5436/5436/5436 5433/5433/5433 5440/5440/5440
f 4953/4953/4953 5432/5432/5432 4944/4944/4944
f 5440/5440/5440 5432/5432/5432 4953/4953/4953
f 4944/4944/4944 5439/5439/5439 4939/4939/4939
f 5441/5441/5441 5438/5438/5438 5437/5437/5437
f 5442/5442/5442 5438/5438/5438 5441/5441/5441
f 5443/5443/5443 5437/5437/5437 5436/5436/5436
f 5443/5443/5443 5436/5436/5436 5440/5440/5440
f 5441/5441/5441 5437/5437/5437 5443/5443/5443
f 5444/5444/5444 5440/5440/5440 4953/4953/4953
f 5444/5444/5444 5443/5443/5443 5440/5440/5440
f 4957/4957/4957 5444/5444/5444 4953/4953/4953
f 5415/5415/5415 5445/5445/5445 5439/5439/5439
f 5392/5392/5392 5445/5445/5445 5415/5415/5415
f 5446/5446/5446 5442/5442/5442 5441/5441/5441
f 5447/5447/5447 5442/5442/5442 5446/5446/5446
f 5448/5448/5448 5441/5441/5441 5443/5443/5443
f 5448/5448/5448 5443/5443/5443 5444/5444/5444
f 5446/5446/5446 5441/5441/5441 5448/5448/5448
f 4957/4957/4957 5449/5449/5449 5444/5444/5444
f 5449/5449/5449 5448/5448/5448 5444/5444/5444
f 4959/4959/4959 5449/5449/5449 4957/4957/4957
f 5439/5439/5439 5445/5445/5445 5450/5450/5450
f 5450/5450/5450 4939/4939/4939 5439/5439/5439
f 5445/5445/5445 5392/5392/5392 5451/5451/5451
f 5450/5450/5450 5445/5445/5445 5451/5451/5451
f 5392/5392/5392 5388/5388/5388 5451/5451/5451
f 5451/5451/5451 5388/5388/5388 5452/5452/5452
f 5451/5451/5451 5452/5452/5452 5450/5450/5450
f 5388/5388/5388 5386/5386/5386 5452/5452/5452
f 5452/5452/5452 5386/5386/5386 5396/5396/5396
f 5452/5452/5452 5453/5453/5453 5450/5450/5450
f 5453/5453/5453 4939/4939/4939 5450/5450/5450
f 5452/5452/5452 5396/5396/5396 5453/5453/5453
f 5454/5454/5454 4939/4939/4939 5453/5453/5453
f 5396/5396/5396 5454/5454/5454 5453/5453/5453
f 5385/5385/5385 4939/4939/4939 5454/5454/5454
f 5454/5454/5454 5396/5396/5396 5385/5385/5385
f 5455/5455/5455 5449/5449/5449 4959/4959/4959
f 4963/4963/4963 5455/5455/5455 4959/4959/4959
f 5455/5455/5455 5456/5456/5456 5449/5449/5449
f 5456/5456/5456 5448/5448/5448 5449/5449/5449
f 5456/5456/5456 5446/5446/5446 5448/5448/5448
f 5455/5455/5455 5457/5457/5457 5456/5456/5456
f 4963/4963/4963 5457/5457/5457 5455/5455/5455
f 5458/5458/5458 5446/5446/5446 5456/5456/5456
f 5457/5457/5457 5458/5458/5458 5456/5456/5456
f 5458/5458/5458 5447/5447/5447 5446/5446/5446
f 5458/5458/5458 5459/5459/5459 5447/5447/5447
f 5460/5460/5460 5457/5457/5457 4963/4963/4963
f 5458/5458/5458 5457/5457/5457 5460/5460/5460
f 5461/5461/5461 5459/5459/5459 5458/5458/5458
f 5461/5461/5461 5458/5458/5458 5460/5460/5460
f 5459/5459/5459 5461/5461/5461 5462/5462/5462
f 5463/5463/5463 5462/5462/5462 5461/5461/5461
f 4963/4963/4963 5464/5464/5464 5460/5460/5460
f 5461/5461/5461 5460/5460/5460 5464/5464/5464
f 4972/4972/4972 5464/5464/5464 4963/4963/4963
f 5463/5463/5463 5461/5461/5461 5465/5465/5465
f 5465/5465/5465 5461/5461/5461 5464/5464/5464
f 5466/5466/5466 5463/5463/5463 5465/5465/5465
f 5465/5465/5465 5464/5464/5464 5467/5467/5467
f 5467/5467/5467 5464/5464/5464 4972/4972/4972
f 5466/5466/5466 5465/5465/5465 5468/5468/5468
f 5468/5468/5468 5465/5465/5465 5467/5467/5467
f 5469/5469/5469 5466/5466/5466 5468/5468/5468
f 4972/4972/4972 5470/5470/5470 5467/5467/5467
f 5468/5468/5468 5467/5467/5467 5470/5470/5470
f 5469/5469/5469 5468/5468/5468 5471/5471/5471
f 5471/5471/5471 5468/5468/5468 5470/5470/5470
f 5472/5472/5472 5469/5469/5469 5471/5471/5471
f 5473/5473/5473 5470/5470/5470 4972/4972/4972
f 5473/5473/5473 4972/4972/4972 4969/4969/4969
f 5472/5472/5472 5471/5471/5471 5474/5474/5474
f 5475/5475/5475 5472/5472/5472 5474/5474/5474
f 5471/5471/5471 5470/5470/5470 5476/5476/5476
f 5476/5476/5476 5470/5470/5470 5473/5473/5473
f 5474/5474/5474 5471/5471/5471 5476/5476/5476
f 5477/5477/5477 5473/5473/5473 4969/4969/4969
f 4973/4973/4973 5477/5477/5477 4969/4969/4969
f 5473/5473/5473 5478/5478/5478 5476/5476/5476
f 5474/5474/5474 5476/5476/5476 5478/5478/5478
f 5477/5477/5477 5478/5478/5478 5473/5473/5473
f 5475/5475/5475 5474/5474/5474 5479/5479/5479
f 5479/5479/5479 5474/5474/5474 5478/5478/5478
f 5480/5480/5480 5475/5475/5475 5479/5479/5479
f 5481/5481/5481 5480/5480/5480 5479/5479/5479
f 5482/5482/5482 5481/5481/5481 5479/5479/5479
f 5482/5482/5482 5479/5479/5479 5478/5478/5478
f 5483/5483/5483 5481/5481/5481 5482/5482/5482
f 5484/5484/5484 5482/5482/5482 5478/5478/5478
f 5484/5484/5484 5478/5478/5478 5477/5477/5477
f 5485/5485/5485 5483/5483/5483 5482/5482/5482
f 5485/5485/5485 5482/5482/5482 5484/5484/5484
f 5486/5486/5486 5483/5483/5483 5485/5485/5485
f 5487/5487/5487 5477/5477/5477 4973/4973/4973
f 4976/4976/4976 5487/5487/5487 4973/4973/4973
f 5477/5477/5477 5488/5488/5488 5484/5484/5484
f 5488/5488/5488 5485/5485/5485 5484/5484/5484
f 5487/5487/5487 5488/5488/5488 5477/5477/5477
f 5489/5489/5489 5486/5486/5486 5485/5485/5485
f 5489/5489/5489 5485/5485/5485 5488/5488/5488
f 5490/5490/5490 5486/5486/5486 5489/5489/5489
f 5491/5491/5491 5489/5489/5489 5488/5488/5488
f 5491/5491/5491 5488/5488/5488 5487/5487/5487
f 5492/5492/5492 5490/5490/5490 5489/5489/5489
f 5491/5491/5491 5492/5492/5492 5489/5489/5489
f 5493/5493/5493 5490/5490/5490 5492/5492/5492
f 4976/4976/4976 5494/5494/5494 5487/5487/5487
f 4980/4980/4980 5494/5494/5494 4976/4976/4976
f 5495/5495/5495 5491/5491/5491 5487/5487/5487
f 5495/5495/5495 5492/5492/5492 5491/5491/5491
f 5494/5494/5494 5495/5495/5495 5487/5487/5487
f 5496/5496/5496 5493/5493/5493 5492/5492/5492
f 5496/5496/5496 5492/5492/5492 5495/5495/5495
f 5496/5496/5496 5497/5497/5497 5493/5493/5493
f 5496/5496/5496 5498/5498/5498 5497/5497/5497
f 5498/5498/5498 5496/5496/5496 5499/5499/5499
f 5499/5499/5499 5496/5496/5496 5500/5500/5500
f 5500/5500/5500 5496/5496/5496 5501/5501/5501
f 5496/5496/5496 5502/5502/5502 5501/5501/5501
f 5496/5496/5496 5503/5503/5503 5502/5502/5502
f 5504/5504/5504 5503/5503/5503 5496/5496/5496
f 5505/5505/5505 5503/5503/5503 5504/5504/5504
f 5506/5506/5506 5505/5505/5505 5504/5504/5504
f 5507/5507/5507 5506/5506/5506 5504/5504/5504
f 5508/5508/5508 5507/5507/5507 5504/5504/5504
f 5509/5509/5509 5508/5508/5508 5504/5504/5504
f 5509/5509/5509 5504/5504/5504 5510/5510/5510
f 5510/5510/5510 5504/5504/5504 5511/5511/5511
f 5511/5511/5511 5504/5504/5504 5512/5512/5512
f 5512/5512/5512 5504/5504/5504 5513/5513/5513
f 5514/5514/5514 5513/5513/5513 5504/5504/5504
f 5515/5515/5515 5514/5514/5514 5504/5504/5504
f 5504/5504/5504 5496/5496/5496 5516/5516/5516
f 5496/5496/5496 5495/5495/5495 5516/5516/5516
f 5517/5517/5517 5515/5515/5515 5504/5504/5504
f 5517/5517/5517 5518/5518/5518 5515/5515/5515
f 5504/5504/5504 5516/5516/5516 5519/5519/5519
f 5517/5517/5517 5504/5504/5504 5519/5519/5519
f 5516/5516/5516 5495/5495/5495 5520/5520/5520
f 5495/5495/5495 5494/5494/5494 5520/5520/5520
f 5494/5494/5494 4980/4980/4980 5520/5520/5520
f 5520/5520/5520 5521/5521/5521 5516/5516/5516
f 5516/5516/5516 5521/5521/5521 5519/5519/5519
f 5521/5521/5521 5520/5520/5520 4980/4980/4980
f 5522/5522/5522 5518/5518/5518 5517/5517/5517
f 5518/5518/5518 5522/5522/5522 5523/5523/5523
f 5523/5523/5523 5522/5522/5522 5524/5524/5524
f 5519/5519/5519 5525/5525/5525 5517/5517/5517
f 5519/5519/5519 5521/5521/5521 5525/5525/5525
f 5517/5517/5517 5525/5525/5525 5522/5522/5522
f 4980/4980/4980 5526/5526/5526 5521/5521/5521
f 5526/5526/5526 5525/5525/5525 5521/5521/5521
f 4984/4984/4984 5526/5526/5526 4980/4980/4980
f 5527/5527/5527 5524/5524/5524 5522/5522/5522
f 5527/5527/5527 5528/5528/5528 5524/5524/5524
f 5529/5529/5529 5528/5528/5528 5527/5527/5527
f 5529/5529/5529 5530/5530/5530 5528/5528/5528
f 5531/5531/5531 5530/5530/5530 5529/5529/5529
f 5532/5532/5532 5522/5522/5522 5525/5525/5525
f 5526/5526/5526 5532/5532/5532 5525/5525/5525
f 5532/5532/5532 5527/5527/5527 5522/5522/5522
f 5526/5526/5526 4984/4984/4984 5533/5533/5533
f 5533/5533/5533 5532/5532/5532 5526/5526/5526
f 4986/4986/4986 5533/5533/5533 4984/4984/4984
f 5534/5534/5534 5527/5527/5527 5532/5532/5532
f 5532/5532/5532 5533/5533/5533 5534/5534/5534
f 5527/5527/5527 5534/5534/5534 5529/5529/5529
f 4986/4986/4986 5535/5535/5535 5533/5533/5533
f 5535/5535/5535 5534/5534/5534 5533/5533/5533
f 4988/4988/4988 5535/5535/5535 4986/4986/4986
f 5535/5535/5535 5536/5536/5536 5534/5534/5534
f 5536/5536/5536 5529/5529/5529 5534/5534/5534
f 5531/5531/5531 5529/5529/5529 5537/5537/5537
f 5538/5538/5538 5531/5531/5531 5537/5537/5537
f 5539/5539/5539 5535/5535/5535 4988/4988/4988
f 5539/5539/5539 5536/5536/5536 5535/5535/5535
f 5529/5529/5529 5536/5536/5536 5540/5540/5540
f 5537/5537/5537 5529/5529/5529 5540/5540/5540
f 5540/5540/5540 5536/5536/5536 5539/5539/5539
f 5538/5538/5538 5537/5537/5537 5541/5541/5541
f 5542/5542/5542 5538/5538/5538 5541/5541/5541
f 5543/5543/5543 5542/5542/5542 5541/5541/5541
f 5544/5544/5544 5543/5543/5543 5541/5541/5541
f 5544/5544/5544 5545/5545/5545 5543/5543/5543
f 5545/5545/5545 5544/5544/5544 5546/5546/5546
f 5537/5537/5537 5540/5540/5540 5547/5547/5547
f 5539/5539/5539 5547/5547/5547 5540/5540/5540
f 5541/5541/5541 5537/5537/5537 5547/5547/5547
f 4988/4988/4988 5548/5548/5548 5539/5539/5539
f 5548/5548/5548 5547/5547/5547 5539/5539/5539
f 4991/4991/4991 5548/5548/5548 4988/4988/4988
f 5547/5547/5547 5549/5549/5549 5541/5541/5541
f 5541/5541/5541 5549/5549/5549 5544/5544/5544
f 5549/5549/5549 5547/5547/5547 5548/5548/5548
f 5548/5548/5548 5550/5550/5550 5549/5549/5549
f 5550/5550/5550 5544/5544/5544 5549/5549/5549
f 5551/5551/5551 5546/5546/5546 5544/5544/5544
f 5552/5552/5552 5546/5546/5546 5551/5551/5551
f 5553/5553/5553 5552/5552/5552 5551/5551/5551
f 5554/5554/5554 5548/5548/5548 4991/4991/4991
f 5554/5554/5554 5550/5550/5550 5548/5548/5548
f 5544/5544/5544 5550/5550/5550 5555/5555/5555
f 5550/5550/5550 5554/5554/5554 5555/5555/5555
f 5551/5551/5551 5544/5544/5544 5555/5555/5555
f 4991/4991/4991 5556/5556/5556 5554/5554/5554
f 5556/5556/5556 5555/5555/5555 5554/5554/5554
f 4995/4995/4995 5556/5556/5556 4991/4991/4991
f 5556/5556/5556 4995/4995/4995 5006/5006/5006
f 5556/5556/5556 5557/5557/5557 5555/5555/5555
f 5006/5006/5006 5557/5557/5557 5556/5556/5556
f 5551/5551/5551 5555/5555/5555 5557/5557/5557
f 5558/5558/5558 5557/5557/5557 5006/5006/5006
f 5558/5558/5558 5559/5559/5559 5557/5557/5557
f 5560/5560/5560 5553/5553/5553 5551/5551/5551
f 5560/5560/5560 5551/5551/5551 5557/5557/5557
f 5559/5559/5559 5560/5560/5560 5557/5557/5557
f 5560/5560/5560 5561/5561/5561 5553/5553/5553
f 5559/5559/5559 5561/5561/5561 5560/5560/5560
f 5561/5561/5561 5559/5559/5559 5562/5562/5562
f 5563/5563/5563 5562/5562/5562 5559/5559/5559
f 5566/5566/5566 5565/5565/5565 5564/5564/5564
f 5565/5565/5565 5567/5567/5567 5564/5564/5564
f 5564/5564/5564 5567/5567/5567 5568/5568/5568
f 5567/5567/5567 5569/5569/5569 5568/5568/5568
f 5567/5567/5567 5570/5570/5570 5569/5569/5569
f 5570/5570/5570 5571/5571/5571 5569/5569/5569
f 5565/5565/5565 5572/5572/5572 5567/5567/5567
f 5572/5572/5572 5570/5570/5570 5567/5567/5567
f 5570/5570/5570 5573/5573/5573 5571/5571/5571
f 5573/5573/5573 5574/5574/5574 5571/5571/5571
f 5575/5575/5575 5572/5572/5572 5565/5565/5565
f 5576/5576/5576 5575/5575/5575 5565/5565/5565
f 5576/5576/5576 5577/5577/5577 5575/5575/5575
f 5572/5572/5572 5578/5578/5578 5570/5570/5570
f 5578/5578/5578 5573/5573/5573 5570/5570/5570
f 5575/5575/5575 5579/5579/5579 5572/5572/5572
f 5579/5579/5579 5578/5578/5578 5572/5572/5572
f 5575/5575/5575 5580/5580/5580 5579/5579/5579
f 5573/5573/5573 5581/5581/5581 5574/5574/5574
f 5581/5581/5581 5582/5582/5582 5574/5574/5574
f 5582/5582/5582 5581/5581/5581 5583/5583/5583
f 5578/5578/5578 5584/5584/5584 5573/5573/5573
f 5584/5584/5584 5581/5581/5581 5573/5573/5573
f 5579/5579/5579 5585/5585/5585 5578/5578/5578
f 5585/5585/5585 5584/5584/5584 5578/5578/5578
f 5579/5579/5579 5586/5586/5586 5585/5585/5585
f 5581/5581/5581 5587/5587/5587 5583/5583/5583
f 5581/5581/5581 5584/5584/5584 5587/5587/5587
f 5583/5583/5583 5587/5587/5587 5588/5588/5588
f 5584/5584/5584 5585/5585/5585 5589/5589/5589
f 5584/5584/5584 5589/5589/5589 5587/5587/5587
f 5587/5587/5587 5590/5590/5590 5588/5588/5588
f 5587/5587/5587 5589/5589/5589 5590/5590/5590
f 5588/5588/5588 5590/5590/5590 5591/5591/5591
f 5585/5585/5585 5592/5592/5592 5589/5589/5589
f 5585/5585/5585 5593/5593/5593 5592/5592/5592
f 5590/5590/5590 5594/5594/5594 5591/5591/5591
f 5591/5591/5591 5594/5594/5594 5595/5595/5595
f 5589/5589/5589 5596/5596/5596 5590/5590/5590
f 5589/5589/5589 5592/5592/5592 5596/5596/5596
f 5590/5590/5590 5596/5596/5596 5594/5594/5594
f 5594/5594/5594 5597/5597/5597 5595/5595/5595
f 5595/5595/5595 5597/5597/5597 5598/5598/5598
f 5592/5592/5592 5599/5599/5599 5596/5596/5596
f 5592/5592/5592 5600/5600/5600 5599/5599/5599
f 5596/5596/5596 5601/5601/5601 5594/5594/5594
f 5596/5596/5596 5599/5599/5599 5601/5601/5601
f 5594/5594/5594 5601/5601/5601 5597/5597/5597
f 5597/5597/5597 5602/5602/5602 5598/5598/5598
f 5598/5598/5598 5602/5602/5602 5603/5603/5603
f 5599/5599/5599 5604/5604/5604 5601/5601/5601
f 5599/5599/5599 5605/5605/5605 5604/5604/5604
f 5601/5601/5601 5606/5606/5606 5597/5597/5597
f 5601/5601/5601 5604/5604/5604 5606/5606/5606
f 5597/5597/5597 5606/5606/5606 5602/5602/5602
f 5602/5602/5602 5607/5607/5607 5603/5603/5603
f 5603/5603/5603 5607/5607/5607 5608/5608/5608
f 5607/5607/5607 5609/5609/5609 5608/5608/5608
f 5604/5604/5604 5610/5610/5610 5606/5606/5606
f 5604/5604/5604 5611/5611/5611 5610/5610/5610
f 5606/5606/5606 5612/5612/5612 5602/5602/5602
f 5602/5602/5602 5612/5612/5612 5607/5607/5607
f 5606/5606/5606 5610/5610/5610 5612/5612/5612
f 5607/5607/5607 5613/5613/5613 5609/5609/5609
f 5612/5612/5612 5613/5613/5613 5607/5607/5607
f 5613/5613/5613 5614/5614/5614 5609/5609/5609
f 5613/5613/5613 5615/5615/5615 5614/5614/5614
f 5616/5616/5616 5615/5615/5615 5610/5610/5610
f 5610/5610/5610 5617/5617/5617 5612/5612/5612
f 5612/5612/5612 5617/5617/5617 5613/5613/5613
f 5610/5610/5610 5615/5615/5615 5617/5617/5617
f 5617/5617/5617 5615/5615/5615 5613/5613/5613
f 5620/5620/5620 5619/5619/5619 5618/5618/5618
f 5620/5620/5620 5618/5618/5618 5621/5621/5621
f 5622/5622/5622 5620/5620/5620 5621/5621/5621
f 5622/5622/5622 5621/5621/5621 5623/5623/5623
f 5624/5624/5624 5622/5622/5622 5623/5623/5623
f 5624/5624/5624 5623/5623/5623 5625/5625/5625
f 5626/5626/5626 5624/5624/5624 5625/5625/5625
f 5629/5629/5629 5628/5628/5628 5627/5627/5627
f 5627/5627/5627 5628/5628/5628 5630/5630/5630
f 5631/5631/5631 5630/5630/5630 5628/5628/5628
f 5632/5632/5632 5631/5631/5631 5628/5628/5628
f 5633/5633/5633 5631/5631/5631 5632/5632/5632
f 5628/5628/5628 5634/5634/5634 5632/5632/5632
f 5635/5635/5635 5633/5633/5633 5632/5632/5632
f 5632/5632/5632 5634/5634/5634 5636/5636/5636
f 5632/5632/5632 5636/5636/5636 5635/5635/5635
f 5636/5636/5636 5634/5634/5634 5637/5637/5637
f 5635/5635/5635 5636/5636/5636 5638/5638/5638
f 5638/5638/5638 5636/5636/5636 5637/5637/5637
f 5641/5641/5641 5640/5640/5640 5639/5639/5639
f 5641/5641/5641 5639/5639/5639 5642/5642/5642
f 5639/5639/5639 5643/5643/5643 5642/5642/5642
f 5642/5642/5642 5643/5643/5643 5644/5644/5644
f 5643/5643/5643 5645/5645/5645 5644/5644/5644
f 5643/5643/5643 5646/5646/5646 5645/5645/5645
f 5646/5646/5646 5647/5647/5647 5645/5645/5645
f 5647/5647/5647 5646/5646/5646 5648/5648/5648
f 5646/5646/5646 5649/5649/5649 5648/5648/5648
f 5650/5650/5650 5646/5646/5646 5643/5643/5643
f 5646/5646/5646 5650/5650/5650 5649/5649/5649
f 5639/5639/5639 5650/5650/5650 5643/5643/5643
f 5650/5650/5650 5651/5651/5651 5649/5649/5649
f 5652/5652/5652 5650/5650/5650 5639/5639/5639
f 5650/5650/5650 5652/5652/5652 5651/5651/5651
f 5653/5653/5653 5652/5652/5652 5639/5639/5639
f 5653/5653/5653 5654/5654/5654 5652/5652/5652
f 5652/5652/5652 5655/5655/5655 5651/5651/5651
f 5652/5652/5652 5656/5656/5656 5655/5655/5655
f 5658/5658/5658 2711/2711/2711 5657/5657/5657
f 5657/5657/5657 2711/2711/2711 5659/5659/5659
f 5660/5660/5660 5659/5659/5659 2711/2711/2711
f 5659/5659/5659 5660/5660/5660 5661/5661/5661
f 5661/5661/5661 5660/5660/5660 5662/5662/5662
f 2710/2710/2710 5660/5660/5660 2711/2711/2711
f 5662/5662/5662 5660/5660/5660 5663/5663/5663
f 5660/5660/5660 2710/2710/2710 5664/5664/5664
f 5660/5660/5660 5664/5664/5664 5663/5663/5663
f 5664/5664/5664 5665/5665/5665 5663/5663/5663
f 2710/2710/2710 2719/2719/2719 5664/5664/5664
f 5664/5664/5664 5666/5666/5666 5665/5665/5665
f 5666/5666/5666 5664/5664/5664 2719/2719/2719
f 5666/5666/5666 5667/5667/5667 5665/5665/5665
f 2719/2719/2719 5668/5668/5668 5666/5666/5666
f 2713/2713/2713 5668/5668/5668 2719/2719/2719
f 5666/5666/5666 5669/5669/5669 5667/5667/5667
f 5668/5668/5668 5669/5669/5669 5666/5666/5666
f 5669/5669/5669 5670/5670/5670 5667/5667/5667
f 2713/2713/2713 5671/5671/5671 5668/5668/5668
f 5671/5671/5671 2713/2713/2713 2701/2701/2701
f 5669/5669/5669 5672/5672/5672 5670/5670/5670
f 5672/5672/5672 5673/5673/5673 5670/5670/5670
f 5668/5668/5668 5674/5674/5674 5669/5669/5669
f 5671/5671/5671 5674/5674/5674 5668/5668/5668
f 5674/5674/5674 5672/5672/5672 5669/5669/5669
f 5671/5671/5671 2701/2701/2701 5675/5675/5675
f 5671/5671/5671 5675/5675/5675 5674/5674/5674
f 2701/2701/2701 2704/2704/2704 5675/5675/5675
f 5672/5672/5672 5676/5676/5676 5673/5673/5673
f 5676/5676/5676 5677/5677/5677 5673/5673/5673
f 5677/5677/5677 5676/5676/5676 5678/5678/5678
f 5674/5674/5674 5679/5679/5679 5672/5672/5672
f 5675/5675/5675 5679/5679/5679 5674/5674/5674
f 5679/5679/5679 5676/5676/5676 5672/5672/5672
f 5680/5680/5680 5675/5675/5675 2704/2704/2704
f 5675/5675/5675 5680/5680/5680 5679/5679/5679
f 5676/5676/5676 5681/5681/5681 5678/5678/5678
f 5676/5676/5676 5679/5679/5679 5681/5681/5681
f 5680/5680/5680 2704/2704/2704 5682/5682/5682
f 2704/2704/2704 2714/2714/2714 5682/5682/5682
f 5680/5680/5680 5683/5683/5683 5679/5679/5679
f 5679/5679/5679 5683/5683/5683 5681/5681/5681
f 5680/5680/5680 5682/5682/5682 5683/5683/5683
f 5681/5681/5681 5684/5684/5684 5678/5678/5678
f 5684/5684/5684 5681/5681/5681 5683/5683/5683
f 5684/5684/5684 5685/5685/5685 5678/5678/5678
f 5686/5686/5686 5682/5682/5682 2714/2714/2714
f 2714/2714/2714 2716/2716/2716 5686/5686/5686
f 5682/5682/5682 5687/5687/5687 5683/5683/5683
f 5683/5683/5683 5687/5687/5687 5684/5684/5684
f 5682/5682/5682 5686/5686/5686 5687/5687/5687
f 5684/5684/5684 5688/5688/5688 5685/5685/5685
f 5687/5687/5687 5688/5688/5688 5684/5684/5684
f 5688/5688/5688 5689/5689/5689 5685/5685/5685
f 5686/5686/5686 5690/5690/5690 5687/5687/5687
f 5687/5687/5687 5690/5690/5690 5688/5688/5688
f 5688/5688/5688 5691/5691/5691 5689/5689/5689
f 5690/5690/5690 5691/5691/5691 5688/5688/5688
f 5691/5691/5691 5692/5692/5692 5689/5689/5689
f 2716/2716/2716 5693/5693/5693 5686/5686/5686
f 5686/5686/5686 5693/5693/5693 5690/5690/5690
f 5691/5691/5691 5694/5694/5694 5692/5692/5692
f 5694/5694/5694 5695/5695/5695 5692/5692/5692
f 5695/5695/5695 5694/5694/5694 5696/5696/5696
f 5690/5690/5690 5697/5697/5697 5691/5691/5691
f 5697/5697/5697 5694/5694/5694 5691/5691/5691
f 5693/5693/5693 5697/5697/5697 5690/5690/5690
f 5694/5694/5694 5698/5698/5698 5696/5696/5696
f 5694/5694/5694 5697/5697/5697 5698/5698/5698
f 5696/5696/5696 5698/5698/5698 5699/5699/5699
f 5698/5698/5698 5700/5700/5700 5699/5699/5699
f 5699/5699/5699 5700/5700/5700 5701/5701/5701
f 5701/5701/5701 5700/5700/5700 5702/5702/5702
f 5700/5700/5700 5703/5703/5703 5702/5702/5702
f 5703/5703/5703 5700/5700/5700 5704/5704/5704
f 5705/5705/5705 5704/5704/5704 5700/5700/5700
f 5704/5704/5704 5705/5705/5705 5706/5706/5706
f 5706/5706/5706 5705/5705/5705 5707/5707/5707
f 5708/5708/5708 5707/5707/5707 5705/5705/5705
f 5697/5697/5697 5709/5709/5709 5698/5698/5698
f 5697/5697/5697 5693/5693/5693 5709/5709/5709
f 5698/5698/5698 5709/5709/5709 5700/5700/5700
f 5693/5693/5693 5710/5710/5710 5709/5709/5709
f 5693/5693/5693 2716/2716/2716 5710/5710/5710
f 2716/2716/2716 2720/2720/2720 5710/5710/5710
f 5710/5710/5710 2720/2720/2720 2734/2734/2734
f 5709/5709/5709 5711/5711/5711 5700/5700/5700
f 5711/5711/5711 5709/5709/5709 5710/5710/5710
f 5700/5700/5700 5711/5711/5711 5705/5705/5705
f 5710/5710/5710 2734/2734/2734 5712/5712/5712
f 5711/5711/5711 5710/5710/5710 5712/5712/5712
f 5711/5711/5711 5712/5712/5712 5705/5705/5705
f 2734/2734/2734 2732/2732/2732 5712/5712/5712
f 2732/2732/2732 5713/5713/5713 5712/5712/5712
f 5712/5712/5712 5713/5713/5713 5705/5705/5705
f 5713/5713/5713 2732/2732/2732 2733/2733/2733
f 5713/5713/5713 2733/2733/2733 5714/5714/5714
f 5713/5713/5713 5715/5715/5715 5705/5705/5705
f 5715/5715/5715 5713/5713/5713 5714/5714/5714
f 5705/5705/5705 5715/5715/5715 5708/5708/5708
f 5715/5715/5715 5714/5714/5714 5716/5716/5716
f 5715/5715/5715 5717/5717/5717 5708/5708/5708
f 5717/5717/5717 5715/5715/5715 5716/5716/5716
f 5719/5719/5719 2740/2740/2740 5718/5718/5718
f 5718/5718/5718 2740/2740/2740 5720/5720/5720
f 5720/5720/5720 2740/2740/2740 5721/5721/5721
f 5721/5721/5721 2740/2740/2740 5722/5722/5722
f 5722/5722/5722 2740/2740/2740 5723/5723/5723
f 2738/2738/2738 5723/5723/5723 2740/2740/2740
f 5724/5724/5724 5723/5723/5723 2738/2738/2738
f 5725/5725/5725 5724/5724/5724 2738/2738/2738
f 5726/5726/5726 5725/5725/5725 2738/2738/2738
f 5727/5727/5727 5726/5726/5726 2738/2738/2738
f 5728/5728/5728 5727/5727/5727 2738/2738/2738
f 5730/5730/5730 2746/2746/2746 5729/5729/5729
f 5729/5729/5729 2746/2746/2746 5731/5731/5731
f 2745/2745/2745 5731/5731/5731 2746/2746/2746
f 5731/5731/5731 5732/5732/5732 5729/5729/5729
f 5733/5733/5733 5729/5729/5729 5732/5732/5732
f 5734/5734/5734 5731/5731/5731 2745/2745/2745
f 5734/5734/5734 5732/5732/5732 5731/5731/5731
f 5734/5734/5734 2745/2745/2745 5732/5732/5732
f 5732/5732/5732 2745/2745/2745 2759/2759/2759
f 2759/2759/2759 5735/5735/5735 5732/5732/5732
f 5736/5736/5736 5732/5732/5732 5735/5735/5735
f 5735/5735/5735 2759/2759/2759 2751/2751/2751
f 5737/5737/5737 5735/5735/5735 2751/2751/2751
f 5737/5737/5737 2751/2751/2751 2769/2769/2769
f 5737/5737/5737 2769/2769/2769 5735/5735/5735
f 5738/5738/5738 5735/5735/5735 2769/2769/2769
f 5740/5740/5740 2767/2767/2767 5739/5739/5739
f 5741/5741/5741 5739/5739/5739 2767/2767/2767
f 5741/5741/5741 2767/2767/2767 2761/2761/2761
f 5741/5741/5741 2761/2761/2761 5739/5739/5739
f 5739/5739/5739 2761/2761/2761 2775/2775/2775
f 2775/2775/2775 5742/5742/5742 5739/5739/5739
f 5743/5743/5743 5739/5739/5739 5742/5742/5742
f 5742/5742/5742 2775/2775/2775 2774/2774/2774
f 5744/5744/5744 5742/5742/5742 2774/2774/2774
f 5744/5744/5744 2774/2774/2774 5745/5745/5745
f 5744/5744/5744 5745/5745/5745 5742/5742/5742
f 5745/5745/5745 2774/2774/2774 5746/5746/5746
f 5745/5745/5745 5746/5746/5746 5742/5742/5742
f 5747/5747/5747 5742/5742/5742 5746/5746/5746
f 2781/2781/2781 5746/5746/5746 2774/2774/2774
f 5748/5748/5748 5746/5746/5746 2781/2781/2781
f 5750/5750/5750 3478/3478/3478 5749/5749/5749
f 3478/3478/3478 5751/5751/5751 5749/5749/5749
f 5749/5749/5749 5751/5751/5751 5752/5752/5752
f 5751/5751/5751 3478/3478/3478 3500/3500/3500
f 5751/5751/5751 5753/5753/5753 5752/5752/5752
f 5752/5752/5752 5753/5753/5753 5754/5754/5754
f 5755/5755/5755 5752/5752/5752 5754/5754/5754
f 5756/5756/5756 5755/5755/5755 5754/5754/5754
f 5751/5751/5751 3500/3500/3500 5757/5757/5757
f 5753/5753/5753 5751/5751/5751 5757/5757/5757
f 5753/5753/5753 5758/5758/5758 5754/5754/5754
f 5753/5753/5753 5757/5757/5757 5758/5758/5758
f 5759/5759/5759 5757/5757/5757 3500/3500/3500
f 5759/5759/5759 3500/3500/3500 3501/3501/3501
f 3501/3501/3501 3522/3522/3522 5759/5759/5759
f 5760/5760/5760 5759/5759/5759 3522/3522/3522
f 5757/5757/5757 5759/5759/5759 5760/5760/5760
f 5760/5760/5760 3522/3522/3522 3523/3523/3523
f 5761/5761/5761 5760/5760/5760 3523/3523/3523
f 5762/5762/5762 5757/5757/5757 5760/5760/5760
f 5760/5760/5760 5761/5761/5761 5762/5762/5762
f 5757/5757/5757 5762/5762/5762 5758/5758/5758
f 5763/5763/5763 5762/5762/5762 5761/5761/5761
f 5763/5763/5763 5758/5758/5758 5762/5762/5762
f 5764/5764/5764 5758/5758/5758 5763/5763/5763
f 5764/5764/5764 5765/5765/5765 5758/5758/5758
f 5758/5758/5758 5765/5765/5765 5754/5754/5754
f 5766/5766/5766 5754/5754/5754 5765/5765/5765
f 5767/5767/5767 5754/5754/5754 5766/5766/5766
f 5768/5768/5768 5754/5754/5754 5767/5767/5767
f 5769/5769/5769 5754/5754/5754 5768/5768/5768
f 5754/5754/5754 5769/5769/5769 5756/5756/5756
f 5770/5770/5770 5756/5756/5756 5769/5769/5769
f 5771/5771/5771 5756/5756/5756 5770/5770/5770
f 5774/5774/5774 5773/5773/5773 5772/5772/5772
f 5774/5774/5774 5772/5772/5772 5775/5775/5775
f 5776/5776/5776 5774/5774/5774 5775/5775/5775
f 5776/5776/5776 5775/5775/5775 5777/5777/5777
f 5778/5778/5778 5776/5776/5776 5777/5777/5777
f 5778/5778/5778 5777/5777/5777 5779/5779/5779
f 5780/5780/5780 5778/5778/5778 5779/5779/5779
f 3113/3113/3113 5781/5781/5781 3090/3090/3090
f 3113/3113/3113 3137/3137/3137 5781/5781/5781
f 5781/5781/5781 5782/5782/5782 3090/3090/3090
f 5782/5782/5782 3086/3086/3086 3090/3090/3090
f 3137/3137/3137 5783/5783/5783 5781/5781/5781
f 5782/5782/5782 5781/5781/5781 5783/5783/5783
f 3137/3137/3137 2661/2661/2661 5783/5783/5783
f 5782/5782/5782 5784/5784/5784 3086/3086/3086
f 5782/5782/5782 5783/5783/5783 5784/5784/5784
f 5784/5784/5784 3084/3084/3084 3086/3086/3086
f 5784/5784/5784 3094/3094/3094 3084/3084/3084
f 5783/5783/5783 5785/5785/5785 5784/5784/5784
f 5783/5783/5783 2661/2661/2661 5785/5785/5785
f 5784/5784/5784 5785/5785/5785 3094/3094/3094
f 5785/5785/5785 2661/2661/2661 5786/5786/5786
f 5785/5785/5785 5786/5786/5786 3094/3094/3094
f 3083/3083/3083 5786/5786/5786 2661/2661/2661
f 5786/5786/5786 3083/3083/3083 3094/3094/3094